algorithm,solution_id,truck_id,makespan,carbon,truck_route,drone_customers
PFG_MOEA,1,1,104.19,1056.66,0 19 18 91 21 22 33 37 68 56 39 84 23 82 86 67 72 70 54 36 3 0,33 39
PFG_MOEA,1,2,104.19,1056.66,0 50 77 58 48 62 92 43 2 1 16 40 71 35 31 17 0,40
PFG_MOEA,1,3,104.19,1056.66,0 13 27 12 73 15 98 85 88 63 74 78 64 30 41 99 34 25 0,15
PFG_MOEA,1,4,104.19,1056.66,0 4 80 53 66 94 45 24 55 9 76 42 14 11 83 95 57 96 89 10 0,95
PFG_MOEA,1,5,104.19,1056.66,0 26 59 44 38 47 69 28 46 7 8 93 100 81 75 97 61 60 52 87 6 0,28
PFG_MOEA,1,6,104.19,1056.66,0 5 29 65 90 79 32 49 51 20 0,
PFG_MOEA,2,1,104.19,1056.66,0 19 18 91 21 22 33 37 68 56 39 84 23 82 86 67 72 70 54 36 3 0,33 39
PFG_MOEA,2,2,104.19,1056.66,0 50 77 58 48 62 92 43 2 1 16 40 71 35 31 17 0,40
PFG_MOEA,2,3,104.19,1056.66,0 13 27 12 73 15 98 85 88 63 74 78 64 30 41 99 34 25 0,15
PFG_MOEA,2,4,104.19,1056.66,0 4 80 53 66 94 45 24 55 9 76 42 14 11 83 95 57 96 89 10 0,95
PFG_MOEA,2,5,104.19,1056.66,0 26 59 44 38 47 69 28 46 7 8 93 100 81 75 97 61 60 52 87 6 0,28
PFG_MOEA,2,6,104.19,1056.66,0 5 29 65 90 79 32 49 51 20 0,
PFG_MOEA,3,1,104.19,1056.66,0 19 18 91 21 22 33 37 68 56 39 84 23 82 86 67 72 70 54 36 3 0,33 39
PFG_MOEA,3,2,104.19,1056.66,0 50 77 58 48 62 92 43 2 1 16 40 71 35 31 17 0,40
PFG_MOEA,3,3,104.19,1056.66,0 13 27 12 73 15 98 85 88 63 74 78 64 30 41 99 34 25 0,15
PFG_MOEA,3,4,104.19,1056.66,0 4 80 53 66 94 45 24 55 9 76 42 14 11 83 95 57 96 89 10 0,95
PFG_MOEA,3,5,104.19,1056.66,0 26 59 44 38 47 69 28 46 7 8 93 100 81 75 97 61 60 52 87 6 0,28
PFG_MOEA,3,6,104.19,1056.66,0 5 29 65 90 79 32 49 51 20 0,
PFG_MOEA,4,1,104.19,1056.66,0 19 18 91 21 22 33 37 68 56 39 84 23 82 86 67 72 70 54 36 3 0,33 39
PFG_MOEA,4,2,104.19,1056.66,0 50 77 58 48 62 92 43 2 1 16 40 71 35 31 17 0,40
PFG_MOEA,4,3,104.19,1056.66,0 13 27 12 73 15 98 85 88 63 74 78 64 30 41 99 34 25 0,15
PFG_MOEA,4,4,104.19,1056.66,0 4 80 53 66 94 45 24 55 9 76 42 14 11 83 95 57 96 89 10 0,95
PFG_MOEA,4,5,104.19,1056.66,0 26 59 44 38 47 69 28 46 7 8 93 100 81 75 97 61 60 52 87 6 0,28
PFG_MOEA,4,6,104.19,1056.66,0 5 29 65 90 79 32 49 51 20 0,
PFG_MOEA,5,1,104.19,1056.66,0 19 18 91 21 22 33 37 68 56 39 84 23 82 86 67 72 70 54 36 3 0,33 39
PFG_MOEA,5,2,104.19,1056.66,0 50 77 58 48 62 92 43 2 1 16 40 71 35 31 17 0,40
PFG_MOEA,5,3,104.19,1056.66,0 13 27 12 73 15 98 85 88 63 74 78 64 30 41 99 34 25 0,15
PFG_MOEA,5,4,104.19,1056.66,0 4 80 53 66 94 45 24 55 9 76 42 14 11 83 95 57 96 89 10 0,95
PFG_MOEA,5,5,104.19,1056.66,0 26 59 44 38 47 69 28 46 7 8 93 100 81 75 97 61 60 52 87 6 0,28
PFG_MOEA,5,6,104.19,1056.66,0 5 29 65 90 79 32 49 51 20 0,
PFG_MOEA,6,1,104.19,1056.66,0 19 18 91 21 22 33 37 68 56 39 84 23 82 86 67 72 70 54 36 3 0,33 39
PFG_MOEA,6,2,104.19,1056.66,0 50 77 58 48 62 92 43 2 1 16 40 71 35 31 17 0,40
PFG_MOEA,6,3,104.19,1056.66,0 13 27 12 73 15 98 85 88 63 74 78 64 30 41 99 34 25 0,15
PFG_MOEA,6,4,104.19,1056.66,0 4 80 53 66 94 45 24 55 9 76 42 14 11 83 95 57 96 89 10 0,95
PFG_MOEA,6,5,104.19,1056.66,0 26 59 44 38 47 69 28 46 7 8 93 100 81 75 97 61 60 52 87 6 0,28
PFG_MOEA,6,6,104.19,1056.66,0 5 29 65 90 79 32 49 51 20 0,
PFG_MOEA,7,1,104.19,1056.66,0 19 18 91 21 22 33 37 68 56 39 84 23 82 86 67 72 70 54 36 3 0,33 39
PFG_MOEA,7,2,104.19,1056.66,0 50 77 58 48 62 92 43 2 1 16 40 71 35 31 17 0,40
PFG_MOEA,7,3,104.19,1056.66,0 13 27 12 73 15 98 85 88 63 74 78 64 30 41 99 34 25 0,15
PFG_MOEA,7,4,104.19,1056.66,0 4 80 53 66 94 45 24 55 9 76 42 14 11 83 95 57 96 89 10 0,95
PFG_MOEA,7,5,104.19,1056.66,0 26 59 44 38 47 69 28 46 7 8 93 100 81 75 97 61 60 52 87 6 0,28
PFG_MOEA,7,6,104.19,1056.66,0 5 29 65 90 79 32 49 51 20 0,
PFG_MOEA,8,1,104.19,1056.66,0 19 18 91 21 22 33 37 68 56 39 84 23 82 86 67 72 70 54 36 3 0,33 39
PFG_MOEA,8,2,104.19,1056.66,0 50 77 58 48 62 92 43 2 1 16 40 71 35 31 17 0,40
PFG_MOEA,8,3,104.19,1056.66,0 13 27 12 73 15 98 85 88 63 74 78 64 30 41 99 34 25 0,15
PFG_MOEA,8,4,104.19,1056.66,0 4 80 53 66 94 45 24 55 9 76 42 14 11 83 95 57 96 89 10 0,95
PFG_MOEA,8,5,104.19,1056.66,0 26 59 44 38 47 69 28 46 7 8 93 100 81 75 97 61 60 52 87 6 0,28
PFG_MOEA,8,6,104.19,1056.66,0 5 29 65 90 79 32 49 51 20 0,
PFG_MOEA,9,1,104.19,1056.66,0 19 18 91 21 22 33 37 68 56 39 84 23 82 86 67 72 70 54 36 3 0,33 39
PFG_MOEA,9,2,104.19,1056.66,0 50 77 58 48 62 92 43 2 1 16 40 71 35 31 17 0,40
PFG_MOEA,9,3,104.19,1056.66,0 13 27 12 73 15 98 85 88 63 74 78 64 30 41 99 34 25 0,15
PFG_MOEA,9,4,104.19,1056.66,0 4 80 53 66 94 45 24 55 9 76 42 14 11 83 95 57 96 89 10 0,95
PFG_MOEA,9,5,104.19,1056.66,0 26 59 44 38 47 69 28 46 7 8 93 100 81 75 97 61 60 52 87 6 0,28
PFG_MOEA,9,6,104.19,1056.66,0 5 29 65 90 79 32 49 51 20 0,
PFG_MOEA,10,1,104.19,1056.66,0 19 18 91 21 22 33 37 68 56 39 84 23 82 86 67 72 70 54 36 3 0,33 39
PFG_MOEA,10,2,104.19,1056.66,0 50 77 58 48 62 92 43 2 1 16 40 71 35 31 17 0,40
PFG_MOEA,10,3,104.19,1056.66,0 13 27 12 73 15 98 85 88 63 74 78 64 30 41 99 34 25 0,15
PFG_MOEA,10,4,104.19,1056.66,0 4 80 53 66 94 45 24 55 9 76 42 14 11 83 95 57 96 89 10 0,95
PFG_MOEA,10,5,104.19,1056.66,0 26 59 44 38 47 69 28 46 7 8 93 100 81 75 97 61 60 52 87 6 0,28
PFG_MOEA,10,6,104.19,1056.66,0 5 29 65 90 79 32 49 51 20 0,
PFG_MOEA,11,1,104.19,1056.66,0 19 18 91 21 22 33 37 68 56 39 84 23 82 86 67 72 70 54 36 3 0,33 39
PFG_MOEA,11,2,104.19,1056.66,0 50 77 58 48 62 92 43 2 1 16 40 71 35 31 17 0,40
PFG_MOEA,11,3,104.19,1056.66,0 13 27 12 73 15 98 85 88 63 74 78 64 30 41 99 34 25 0,15
PFG_MOEA,11,4,104.19,1056.66,0 4 80 53 66 94 45 24 55 9 76 42 14 11 83 95 57 96 89 10 0,95
PFG_MOEA,11,5,104.19,1056.66,0 26 59 44 38 47 69 28 46 7 8 93 100 81 75 97 61 60 52 87 6 0,28
PFG_MOEA,11,6,104.19,1056.66,0 5 29 65 90 79 32 49 51 20 0,
PFG_MOEA,12,1,104.19,1056.66,0 19 18 91 21 22 33 37 68 56 39 84 23 82 86 67 72 70 54 36 3 0,33 39
PFG_MOEA,12,2,104.19,1056.66,0 50 77 58 48 62 92 43 2 1 16 40 71 35 31 17 0,40
PFG_MOEA,12,3,104.19,1056.66,0 13 27 12 73 15 98 85 88 63 74 78 64 30 41 99 34 25 0,15
PFG_MOEA,12,4,104.19,1056.66,0 4 80 53 66 94 45 24 55 9 76 42 14 11 83 95 57 96 89 10 0,95
PFG_MOEA,12,5,104.19,1056.66,0 26 59 44 38 47 69 28 46 7 8 93 100 81 75 97 61 60 52 87 6 0,28
PFG_MOEA,12,6,104.19,1056.66,0 5 29 65 90 79 32 49 51 20 0,
PFG_MOEA,13,1,104.19,1056.66,0 19 18 91 21 22 33 37 68 56 39 84 23 82 86 67 72 70 54 36 3 0,33 39
PFG_MOEA,13,2,104.19,1056.66,0 50 77 58 48 62 92 43 2 1 16 40 71 35 31 17 0,40
PFG_MOEA,13,3,104.19,1056.66,0 13 27 12 73 15 98 85 88 63 74 78 64 30 41 99 34 25 0,15
PFG_MOEA,13,4,104.19,1056.66,0 4 80 53 66 94 45 24 55 9 76 42 14 11 83 95 57 96 89 10 0,95
PFG_MOEA,13,5,104.19,1056.66,0 26 59 44 38 47 69 28 46 7 8 93 100 81 75 97 61 60 52 87 6 0,28
PFG_MOEA,13,6,104.19,1056.66,0 5 29 65 90 79 32 49 51 20 0,
PFG_MOEA,14,1,104.19,1056.66,0 19 18 91 21 22 33 37 68 56 39 84 23 82 86 67 72 70 54 36 3 0,33 39
PFG_MOEA,14,2,104.19,1056.66,0 50 77 58 48 62 92 43 2 1 16 40 71 35 31 17 0,40
PFG_MOEA,14,3,104.19,1056.66,0 13 27 12 73 15 98 85 88 63 74 78 64 30 41 99 34 25 0,15
PFG_MOEA,14,4,104.19,1056.66,0 4 80 53 66 94 45 24 55 9 76 42 14 11 83 95 57 96 89 10 0,95
PFG_MOEA,14,5,104.19,1056.66,0 26 59 44 38 47 69 28 46 7 8 93 100 81 75 97 61 60 52 87 6 0,28
PFG_MOEA,14,6,104.19,1056.66,0 5 29 65 90 79 32 49 51 20 0,
PFG_MOEA,15,1,104.19,1056.66,0 19 18 91 21 22 33 37 68 56 39 84 23 82 86 67 72 70 54 36 3 0,33 39
PFG_MOEA,15,2,104.19,1056.66,0 50 77 58 48 62 92 43 2 1 16 40 71 35 31 17 0,40
PFG_MOEA,15,3,104.19,1056.66,0 13 27 12 73 15 98 85 88 63 74 78 64 30 41 99 34 25 0,15
PFG_MOEA,15,4,104.19,1056.66,0 4 80 53 66 94 45 24 55 9 76 42 14 11 83 95 57 96 89 10 0,95
PFG_MOEA,15,5,104.19,1056.66,0 26 59 44 38 47 69 28 46 7 8 93 100 81 75 97 61 60 52 87 6 0,28
PFG_MOEA,15,6,104.19,1056.66,0 5 29 65 90 79 32 49 51 20 0,
PFG_MOEA,16,1,104.19,1056.66,0 19 18 91 21 22 33 37 68 56 39 84 23 82 86 67 72 70 54 36 3 0,33 39
PFG_MOEA,16,2,104.19,1056.66,0 50 77 58 48 62 92 43 2 1 16 40 71 35 31 17 0,40
PFG_MOEA,16,3,104.19,1056.66,0 13 27 12 73 15 98 85 88 63 74 78 64 30 41 99 34 25 0,15
PFG_MOEA,16,4,104.19,1056.66,0 4 80 53 66 94 45 24 55 9 76 42 14 11 83 95 57 96 89 10 0,95
PFG_MOEA,16,5,104.19,1056.66,0 26 59 44 38 47 69 28 46 7 8 93 100 81 75 97 61 60 52 87 6 0,28
PFG_MOEA,16,6,104.19,1056.66,0 5 29 65 90 79 32 49 51 20 0,
PFG_MOEA,17,1,104.19,1056.66,0 19 18 91 21 22 33 37 68 56 39 84 23 82 86 67 72 70 54 36 3 0,33 39
PFG_MOEA,17,2,104.19,1056.66,0 50 77 58 48 62 92 43 2 1 16 40 71 35 31 17 0,40
PFG_MOEA,17,3,104.19,1056.66,0 13 27 12 73 15 98 85 88 63 74 78 64 30 41 99 34 25 0,15
PFG_MOEA,17,4,104.19,1056.66,0 4 80 53 66 94 45 24 55 9 76 42 14 11 83 95 57 96 89 10 0,95
PFG_MOEA,17,5,104.19,1056.66,0 26 59 44 38 47 69 28 46 7 8 93 100 81 75 97 61 60 52 87 6 0,28
PFG_MOEA,17,6,104.19,1056.66,0 5 29 65 90 79 32 49 51 20 0,
PFG_MOEA,18,1,98.88,1134.43,0 23 84 39 56 68 37 33 22 21 91 19 18 16 40 35 31 17 20 0,35
PFG_MOEA,18,2,98.88,1134.43,0 15 30 64 78 74 63 98 71 99 2 25 50 77 58 82 86 0,
PFG_MOEA,18,3,98.88,1134.43,0 92 43 1 34 88 85 14 11 83 0,92
PFG_MOEA,18,4,98.88,1134.43,0 4 24 45 94 66 53 80 76 9 55 96 57 95 73 41 12 27 13 0,55 76
PFG_MOEA,18,5,98.88,1134.43,0 89 10 26 59 44 38 47 69 28 42 46 7 8 93 60 61 97 75 81 100 0,47 59
PFG_MOEA,18,6,98.88,1134.43,0 5 29 52 87 6 65 90 79 51 49 32 67 72 70 54 36 3 62 48 0,32 51 54 72
PFG_MOEA,19,1,104.19,1056.66,0 19 18 91 21 22 33 37 68 56 39 84 23 82 86 67 72 70 54 36 3 0,33 39
PFG_MOEA,19,2,104.19,1056.66,0 50 77 58 48 62 92 43 2 1 16 40 71 35 31 17 0,40
PFG_MOEA,19,3,104.19,1056.66,0 13 27 12 73 15 98 85 88 63 74 78 64 30 41 99 34 25 0,15
PFG_MOEA,19,4,104.19,1056.66,0 4 80 53 66 94 45 24 55 9 76 42 14 11 83 95 57 96 89 10 0,95
PFG_MOEA,19,5,104.19,1056.66,0 26 59 44 38 47 69 28 46 7 8 93 100 81 75 97 61 60 52 87 6 0,28
PFG_MOEA,19,6,104.19,1056.66,0 5 29 65 90 79 32 49 51 20 0,
PFG_MOEA,20,1,98.88,1134.43,0 23 84 39 56 68 37 33 22 21 91 19 18 16 40 35 31 17 20 0,35
PFG_MOEA,20,2,98.88,1134.43,0 15 30 64 78 74 63 98 71 99 2 25 50 77 58 82 86 0,
PFG_MOEA,20,3,98.88,1134.43,0 92 43 1 34 88 85 14 11 83 0,92
PFG_MOEA,20,4,98.88,1134.43,0 4 24 45 94 66 53 80 76 9 55 96 57 95 73 41 12 27 13 0,55 76
PFG_MOEA,20,5,98.88,1134.43,0 89 10 26 59 44 38 47 69 28 42 46 7 8 93 60 61 97 75 81 100 0,47 59
PFG_MOEA,20,6,98.88,1134.43,0 5 29 52 87 6 65 90 79 51 49 32 67 72 70 54 36 3 62 48 0,32 51 54 72
PFG_MOEA,21,1,104.19,1056.66,0 19 18 91 21 22 33 37 68 56 39 84 23 82 86 67 72 70 54 36 3 0,33 39
PFG_MOEA,21,2,104.19,1056.66,0 50 77 58 48 62 92 43 2 1 16 40 71 35 31 17 0,40
PFG_MOEA,21,3,104.19,1056.66,0 13 27 12 73 15 98 85 88 63 74 78 64 30 41 99 34 25 0,15
PFG_MOEA,21,4,104.19,1056.66,0 4 80 53 66 94 45 24 55 9 76 42 14 11 83 95 57 96 89 10 0,95
PFG_MOEA,21,5,104.19,1056.66,0 26 59 44 38 47 69 28 46 7 8 93 100 81 75 97 61 60 52 87 6 0,28
PFG_MOEA,21,6,104.19,1056.66,0 5 29 65 90 79 32 49 51 20 0,
PFG_MOEA,22,1,98.88,1134.43,0 23 84 39 56 68 37 33 22 21 91 19 18 16 40 35 31 17 20 0,35
PFG_MOEA,22,2,98.88,1134.43,0 15 30 64 78 74 63 98 71 99 2 25 50 77 58 82 86 0,
PFG_MOEA,22,3,98.88,1134.43,0 92 43 1 34 88 85 14 11 83 0,92
PFG_MOEA,22,4,98.88,1134.43,0 4 24 45 94 66 53 80 76 9 55 96 57 95 73 41 12 27 13 0,55 76
PFG_MOEA,22,5,98.88,1134.43,0 89 10 26 59 44 38 47 69 28 42 46 7 8 93 60 61 97 75 81 100 0,47 59
PFG_MOEA,22,6,98.88,1134.43,0 5 29 52 87 6 65 90 79 51 49 32 67 72 70 54 36 3 62 48 0,32 51 54 72
PFG_MOEA,23,1,104.19,1056.66,0 19 18 91 21 22 33 37 68 56 39 84 23 82 86 67 72 70 54 36 3 0,33 39
PFG_MOEA,23,2,104.19,1056.66,0 50 77 58 48 62 92 43 2 1 16 40 71 35 31 17 0,40
PFG_MOEA,23,3,104.19,1056.66,0 13 27 12 73 15 98 85 88 63 74 78 64 30 41 99 34 25 0,15
PFG_MOEA,23,4,104.19,1056.66,0 4 80 53 66 94 45 24 55 9 76 42 14 11 83 95 57 96 89 10 0,95
PFG_MOEA,23,5,104.19,1056.66,0 26 59 44 38 47 69 28 46 7 8 93 100 81 75 97 61 60 52 87 6 0,28
PFG_MOEA,23,6,104.19,1056.66,0 5 29 65 90 79 32 49 51 20 0,
PFG_MOEA,24,1,98.88,1134.43,0 23 84 39 56 68 37 33 22 21 91 19 18 16 40 35 31 17 20 0,35
PFG_MOEA,24,2,98.88,1134.43,0 15 30 64 78 74 63 98 71 99 2 25 50 77 58 82 86 0,
PFG_MOEA,24,3,98.88,1134.43,0 92 43 1 34 88 85 14 11 83 0,92
PFG_MOEA,24,4,98.88,1134.43,0 4 24 45 94 66 53 80 76 9 55 96 57 95 73 41 12 27 13 0,55 76
PFG_MOEA,24,5,98.88,1134.43,0 89 10 26 59 44 38 47 69 28 42 46 7 8 93 60 61 97 75 81 100 0,47 59
PFG_MOEA,24,6,98.88,1134.43,0 5 29 52 87 6 65 90 79 51 49 32 67 72 70 54 36 3 62 48 0,32 51 54 72
PFG_MOEA,25,1,104.19,1056.66,0 19 18 91 21 22 33 37 68 56 39 84 23 82 86 67 72 70 54 36 3 0,33 39
PFG_MOEA,25,2,104.19,1056.66,0 50 77 58 48 62 92 43 2 1 16 40 71 35 31 17 0,40
PFG_MOEA,25,3,104.19,1056.66,0 13 27 12 73 15 98 85 88 63 74 78 64 30 41 99 34 25 0,15
PFG_MOEA,25,4,104.19,1056.66,0 4 80 53 66 94 45 24 55 9 76 42 14 11 83 95 57 96 89 10 0,95
PFG_MOEA,25,5,104.19,1056.66,0 26 59 44 38 47 69 28 46 7 8 93 100 81 75 97 61 60 52 87 6 0,28
PFG_MOEA,25,6,104.19,1056.66,0 5 29 65 90 79 32 49 51 20 0,
PFG_MOEA,26,1,98.88,1134.43,0 23 84 39 56 68 37 33 22 21 91 19 18 16 40 35 31 17 20 0,35
PFG_MOEA,26,2,98.88,1134.43,0 15 30 64 78 74 63 98 71 99 2 25 50 77 58 82 86 0,
PFG_MOEA,26,3,98.88,1134.43,0 92 43 1 34 88 85 14 11 83 0,92
PFG_MOEA,26,4,98.88,1134.43,0 4 24 45 94 66 53 80 76 9 55 96 57 95 73 41 12 27 13 0,55 76
PFG_MOEA,26,5,98.88,1134.43,0 89 10 26 59 44 38 47 69 28 42 46 7 8 93 60 61 97 75 81 100 0,47 59
PFG_MOEA,26,6,98.88,1134.43,0 5 29 52 87 6 65 90 79 51 49 32 67 72 70 54 36 3 62 48 0,32 51 54 72
PFG_MOEA,27,1,104.19,1056.66,0 19 18 91 21 22 33 37 68 56 39 84 23 82 86 67 72 70 54 36 3 0,33 39
PFG_MOEA,27,2,104.19,1056.66,0 50 77 58 48 62 92 43 2 1 16 40 71 35 31 17 0,40
PFG_MOEA,27,3,104.19,1056.66,0 13 27 12 73 15 98 85 88 63 74 78 64 30 41 99 34 25 0,15
PFG_MOEA,27,4,104.19,1056.66,0 4 80 53 66 94 45 24 55 9 76 42 14 11 83 95 57 96 89 10 0,95
PFG_MOEA,27,5,104.19,1056.66,0 26 59 44 38 47 69 28 46 7 8 93 100 81 75 97 61 60 52 87 6 0,28
PFG_MOEA,27,6,104.19,1056.66,0 5 29 65 90 79 32 49 51 20 0,
PFG_MOEA,28,1,98.88,1134.43,0 23 84 39 56 68 37 33 22 21 91 19 18 16 40 35 31 17 20 0,35
PFG_MOEA,28,2,98.88,1134.43,0 15 30 64 78 74 63 98 71 99 2 25 50 77 58 82 86 0,
PFG_MOEA,28,3,98.88,1134.43,0 92 43 1 34 88 85 14 11 83 0,92
PFG_MOEA,28,4,98.88,1134.43,0 4 24 45 94 66 53 80 76 9 55 96 57 95 73 41 12 27 13 0,55 76
PFG_MOEA,28,5,98.88,1134.43,0 89 10 26 59 44 38 47 69 28 42 46 7 8 93 60 61 97 75 81 100 0,47 59
PFG_MOEA,28,6,98.88,1134.43,0 5 29 52 87 6 65 90 79 51 49 32 67 72 70 54 36 3 62 48 0,32 51 54 72
PFG_MOEA,29,1,104.19,1056.66,0 19 18 91 21 22 33 37 68 56 39 84 23 82 86 67 72 70 54 36 3 0,33 39
PFG_MOEA,29,2,104.19,1056.66,0 50 77 58 48 62 92 43 2 1 16 40 71 35 31 17 0,40
PFG_MOEA,29,3,104.19,1056.66,0 13 27 12 73 15 98 85 88 63 74 78 64 30 41 99 34 25 0,15
PFG_MOEA,29,4,104.19,1056.66,0 4 80 53 66 94 45 24 55 9 76 42 14 11 83 95 57 96 89 10 0,95
PFG_MOEA,29,5,104.19,1056.66,0 26 59 44 38 47 69 28 46 7 8 93 100 81 75 97 61 60 52 87 6 0,28
PFG_MOEA,29,6,104.19,1056.66,0 5 29 65 90 79 32 49 51 20 0,
PFG_MOEA,30,1,98.88,1134.43,0 23 84 39 56 68 37 33 22 21 91 19 18 16 40 35 31 17 20 0,35
PFG_MOEA,30,2,98.88,1134.43,0 15 30 64 78 74 63 98 71 99 2 25 50 77 58 82 86 0,
PFG_MOEA,30,3,98.88,1134.43,0 92 43 1 34 88 85 14 11 83 0,92
PFG_MOEA,30,4,98.88,1134.43,0 4 24 45 94 66 53 80 76 9 55 96 57 95 73 41 12 27 13 0,55 76
PFG_MOEA,30,5,98.88,1134.43,0 89 10 26 59 44 38 47 69 28 42 46 7 8 93 60 61 97 75 81 100 0,47 59
PFG_MOEA,30,6,98.88,1134.43,0 5 29 52 87 6 65 90 79 51 49 32 67 72 70 54 36 3 62 48 0,32 51 54 72
PFG_MOEA,31,1,104.19,1056.66,0 19 18 91 21 22 33 37 68 56 39 84 23 82 86 67 72 70 54 36 3 0,33 39
PFG_MOEA,31,2,104.19,1056.66,0 50 77 58 48 62 92 43 2 1 16 40 71 35 31 17 0,40
PFG_MOEA,31,3,104.19,1056.66,0 13 27 12 73 15 98 85 88 63 74 78 64 30 41 99 34 25 0,15
PFG_MOEA,31,4,104.19,1056.66,0 4 80 53 66 94 45 24 55 9 76 42 14 11 83 95 57 96 89 10 0,95
PFG_MOEA,31,5,104.19,1056.66,0 26 59 44 38 47 69 28 46 7 8 93 100 81 75 97 61 60 52 87 6 0,28
PFG_MOEA,31,6,104.19,1056.66,0 5 29 65 90 79 32 49 51 20 0,
PFG_MOEA,32,1,98.88,1134.43,0 23 84 39 56 68 37 33 22 21 91 19 18 16 40 35 31 17 20 0,35
PFG_MOEA,32,2,98.88,1134.43,0 15 30 64 78 74 63 98 71 99 2 25 50 77 58 82 86 0,
PFG_MOEA,32,3,98.88,1134.43,0 92 43 1 34 88 85 14 11 83 0,92
PFG_MOEA,32,4,98.88,1134.43,0 4 24 45 94 66 53 80 76 9 55 96 57 95 73 41 12 27 13 0,55 76
PFG_MOEA,32,5,98.88,1134.43,0 89 10 26 59 44 38 47 69 28 42 46 7 8 93 60 61 97 75 81 100 0,47 59
PFG_MOEA,32,6,98.88,1134.43,0 5 29 52 87 6 65 90 79 51 49 32 67 72 70 54 36 3 62 48 0,32 51 54 72
PFG_MOEA,33,1,104.19,1056.66,0 19 18 91 21 22 33 37 68 56 39 84 23 82 86 67 72 70 54 36 3 0,33 39
PFG_MOEA,33,2,104.19,1056.66,0 50 77 58 48 62 92 43 2 1 16 40 71 35 31 17 0,40
PFG_MOEA,33,3,104.19,1056.66,0 13 27 12 73 15 98 85 88 63 74 78 64 30 41 99 34 25 0,15
PFG_MOEA,33,4,104.19,1056.66,0 4 80 53 66 94 45 24 55 9 76 42 14 11 83 95 57 96 89 10 0,95
PFG_MOEA,33,5,104.19,1056.66,0 26 59 44 38 47 69 28 46 7 8 93 100 81 75 97 61 60 52 87 6 0,28
PFG_MOEA,33,6,104.19,1056.66,0 5 29 65 90 79 32 49 51 20 0,
PFG_MOEA,34,1,98.88,1134.43,0 23 84 39 56 68 37 33 22 21 91 19 18 16 40 35 31 17 20 0,35
PFG_MOEA,34,2,98.88,1134.43,0 15 30 64 78 74 63 98 71 99 2 25 50 77 58 82 86 0,
PFG_MOEA,34,3,98.88,1134.43,0 92 43 1 34 88 85 14 11 83 0,92
PFG_MOEA,34,4,98.88,1134.43,0 4 24 45 94 66 53 80 76 9 55 96 57 95 73 41 12 27 13 0,55 76
PFG_MOEA,34,5,98.88,1134.43,0 89 10 26 59 44 38 47 69 28 42 46 7 8 93 60 61 97 75 81 100 0,47 59
PFG_MOEA,34,6,98.88,1134.43,0 5 29 52 87 6 65 90 79 51 49 32 67 72 70 54 36 3 62 48 0,32 51 54 72
PFG_MOEA,35,1,104.19,1056.66,0 19 18 91 21 22 33 37 68 56 39 84 23 82 86 67 72 70 54 36 3 0,33 39
PFG_MOEA,35,2,104.19,1056.66,0 50 77 58 48 62 92 43 2 1 16 40 71 35 31 17 0,40
PFG_MOEA,35,3,104.19,1056.66,0 13 27 12 73 15 98 85 88 63 74 78 64 30 41 99 34 25 0,15
PFG_MOEA,35,4,104.19,1056.66,0 4 80 53 66 94 45 24 55 9 76 42 14 11 83 95 57 96 89 10 0,95
PFG_MOEA,35,5,104.19,1056.66,0 26 59 44 38 47 69 28 46 7 8 93 100 81 75 97 61 60 52 87 6 0,28
PFG_MOEA,35,6,104.19,1056.66,0 5 29 65 90 79 32 49 51 20 0,
PFG_MOEA,36,1,98.88,1134.43,0 23 84 39 56 68 37 33 22 21 91 19 18 16 40 35 31 17 20 0,35
PFG_MOEA,36,2,98.88,1134.43,0 15 30 64 78 74 63 98 71 99 2 25 50 77 58 82 86 0,
PFG_MOEA,36,3,98.88,1134.43,0 92 43 1 34 88 85 14 11 83 0,92
PFG_MOEA,36,4,98.88,1134.43,0 4 24 45 94 66 53 80 76 9 55 96 57 95 73 41 12 27 13 0,55 76
PFG_MOEA,36,5,98.88,1134.43,0 89 10 26 59 44 38 47 69 28 42 46 7 8 93 60 61 97 75 81 100 0,47 59
PFG_MOEA,36,6,98.88,1134.43,0 5 29 52 87 6 65 90 79 51 49 32 67 72 70 54 36 3 62 48 0,32 51 54 72
PFG_MOEA,37,1,104.19,1056.66,0 19 18 91 21 22 33 37 68 56 39 84 23 82 86 67 72 70 54 36 3 0,33 39
PFG_MOEA,37,2,104.19,1056.66,0 50 77 58 48 62 92 43 2 1 16 40 71 35 31 17 0,40
PFG_MOEA,37,3,104.19,1056.66,0 13 27 12 73 15 98 85 88 63 74 78 64 30 41 99 34 25 0,15
PFG_MOEA,37,4,104.19,1056.66,0 4 80 53 66 94 45 24 55 9 76 42 14 11 83 95 57 96 89 10 0,95
PFG_MOEA,37,5,104.19,1056.66,0 26 59 44 38 47 69 28 46 7 8 93 100 81 75 97 61 60 52 87 6 0,28
PFG_MOEA,37,6,104.19,1056.66,0 5 29 65 90 79 32 49 51 20 0,
PFG_MOEA,38,1,98.88,1134.43,0 23 84 39 56 68 37 33 22 21 91 19 18 16 40 35 31 17 20 0,35
PFG_MOEA,38,2,98.88,1134.43,0 15 30 64 78 74 63 98 71 99 2 25 50 77 58 82 86 0,
PFG_MOEA,38,3,98.88,1134.43,0 92 43 1 34 88 85 14 11 83 0,92
PFG_MOEA,38,4,98.88,1134.43,0 4 24 45 94 66 53 80 76 9 55 96 57 95 73 41 12 27 13 0,55 76
PFG_MOEA,38,5,98.88,1134.43,0 89 10 26 59 44 38 47 69 28 42 46 7 8 93 60 61 97 75 81 100 0,47 59
PFG_MOEA,38,6,98.88,1134.43,0 5 29 52 87 6 65 90 79 51 49 32 67 72 70 54 36 3 62 48 0,32 51 54 72
PFG_MOEA,39,1,104.19,1056.66,0 19 18 91 21 22 33 37 68 56 39 84 23 82 86 67 72 70 54 36 3 0,33 39
PFG_MOEA,39,2,104.19,1056.66,0 50 77 58 48 62 92 43 2 1 16 40 71 35 31 17 0,40
PFG_MOEA,39,3,104.19,1056.66,0 13 27 12 73 15 98 85 88 63 74 78 64 30 41 99 34 25 0,15
PFG_MOEA,39,4,104.19,1056.66,0 4 80 53 66 94 45 24 55 9 76 42 14 11 83 95 57 96 89 10 0,95
PFG_MOEA,39,5,104.19,1056.66,0 26 59 44 38 47 69 28 46 7 8 93 100 81 75 97 61 60 52 87 6 0,28
PFG_MOEA,39,6,104.19,1056.66,0 5 29 65 90 79 32 49 51 20 0,
PFG_MOEA,40,1,98.88,1134.43,0 23 84 39 56 68 37 33 22 21 91 19 18 16 40 35 31 17 20 0,35
PFG_MOEA,40,2,98.88,1134.43,0 15 30 64 78 74 63 98 71 99 2 25 50 77 58 82 86 0,
PFG_MOEA,40,3,98.88,1134.43,0 92 43 1 34 88 85 14 11 83 0,92
PFG_MOEA,40,4,98.88,1134.43,0 4 24 45 94 66 53 80 76 9 55 96 57 95 73 41 12 27 13 0,55 76
PFG_MOEA,40,5,98.88,1134.43,0 89 10 26 59 44 38 47 69 28 42 46 7 8 93 60 61 97 75 81 100 0,47 59
PFG_MOEA,40,6,98.88,1134.43,0 5 29 52 87 6 65 90 79 51 49 32 67 72 70 54 36 3 62 48 0,32 51 54 72
PFG_MOEA,41,1,104.19,1056.66,0 19 18 91 21 22 33 37 68 56 39 84 23 82 86 67 72 70 54 36 3 0,33 39
PFG_MOEA,41,2,104.19,1056.66,0 50 77 58 48 62 92 43 2 1 16 40 71 35 31 17 0,40
PFG_MOEA,41,3,104.19,1056.66,0 13 27 12 73 15 98 85 88 63 74 78 64 30 41 99 34 25 0,15
PFG_MOEA,41,4,104.19,1056.66,0 4 80 53 66 94 45 24 55 9 76 42 14 11 83 95 57 96 89 10 0,95
PFG_MOEA,41,5,104.19,1056.66,0 26 59 44 38 47 69 28 46 7 8 93 100 81 75 97 61 60 52 87 6 0,28
PFG_MOEA,41,6,104.19,1056.66,0 5 29 65 90 79 32 49 51 20 0,
PFG_MOEA,42,1,98.88,1134.43,0 23 84 39 56 68 37 33 22 21 91 19 18 16 40 35 31 17 20 0,35
PFG_MOEA,42,2,98.88,1134.43,0 15 30 64 78 74 63 98 71 99 2 25 50 77 58 82 86 0,
PFG_MOEA,42,3,98.88,1134.43,0 92 43 1 34 88 85 14 11 83 0,92
PFG_MOEA,42,4,98.88,1134.43,0 4 24 45 94 66 53 80 76 9 55 96 57 95 73 41 12 27 13 0,55 76
PFG_MOEA,42,5,98.88,1134.43,0 89 10 26 59 44 38 47 69 28 42 46 7 8 93 60 61 97 75 81 100 0,47 59
PFG_MOEA,42,6,98.88,1134.43,0 5 29 52 87 6 65 90 79 51 49 32 67 72 70 54 36 3 62 48 0,32 51 54 72
PFG_MOEA,43,1,104.19,1056.66,0 19 18 91 21 22 33 37 68 56 39 84 23 82 86 67 72 70 54 36 3 0,33 39
PFG_MOEA,43,2,104.19,1056.66,0 50 77 58 48 62 92 43 2 1 16 40 71 35 31 17 0,40
PFG_MOEA,43,3,104.19,1056.66,0 13 27 12 73 15 98 85 88 63 74 78 64 30 41 99 34 25 0,15
PFG_MOEA,43,4,104.19,1056.66,0 4 80 53 66 94 45 24 55 9 76 42 14 11 83 95 57 96 89 10 0,95
PFG_MOEA,43,5,104.19,1056.66,0 26 59 44 38 47 69 28 46 7 8 93 100 81 75 97 61 60 52 87 6 0,28
PFG_MOEA,43,6,104.19,1056.66,0 5 29 65 90 79 32 49 51 20 0,
PFG_MOEA,44,1,98.88,1134.43,0 23 84 39 56 68 37 33 22 21 91 19 18 16 40 35 31 17 20 0,35
PFG_MOEA,44,2,98.88,1134.43,0 15 30 64 78 74 63 98 71 99 2 25 50 77 58 82 86 0,
PFG_MOEA,44,3,98.88,1134.43,0 92 43 1 34 88 85 14 11 83 0,92
PFG_MOEA,44,4,98.88,1134.43,0 4 24 45 94 66 53 80 76 9 55 96 57 95 73 41 12 27 13 0,55 76
PFG_MOEA,44,5,98.88,1134.43,0 89 10 26 59 44 38 47 69 28 42 46 7 8 93 60 61 97 75 81 100 0,47 59
PFG_MOEA,44,6,98.88,1134.43,0 5 29 52 87 6 65 90 79 51 49 32 67 72 70 54 36 3 62 48 0,32 51 54 72
PFG_MOEA,45,1,104.19,1056.66,0 19 18 91 21 22 33 37 68 56 39 84 23 82 86 67 72 70 54 36 3 0,33 39
PFG_MOEA,45,2,104.19,1056.66,0 50 77 58 48 62 92 43 2 1 16 40 71 35 31 17 0,40
PFG_MOEA,45,3,104.19,1056.66,0 13 27 12 73 15 98 85 88 63 74 78 64 30 41 99 34 25 0,15
PFG_MOEA,45,4,104.19,1056.66,0 4 80 53 66 94 45 24 55 9 76 42 14 11 83 95 57 96 89 10 0,95
PFG_MOEA,45,5,104.19,1056.66,0 26 59 44 38 47 69 28 46 7 8 93 100 81 75 97 61 60 52 87 6 0,28
PFG_MOEA,45,6,104.19,1056.66,0 5 29 65 90 79 32 49 51 20 0,
PFG_MOEA,46,1,98.88,1134.43,0 23 84 39 56 68 37 33 22 21 91 19 18 16 40 35 31 17 20 0,35
PFG_MOEA,46,2,98.88,1134.43,0 15 30 64 78 74 63 98 71 99 2 25 50 77 58 82 86 0,
PFG_MOEA,46,3,98.88,1134.43,0 92 43 1 34 88 85 14 11 83 0,92
PFG_MOEA,46,4,98.88,1134.43,0 4 24 45 94 66 53 80 76 9 55 96 57 95 73 41 12 27 13 0,55 76
PFG_MOEA,46,5,98.88,1134.43,0 89 10 26 59 44 38 47 69 28 42 46 7 8 93 60 61 97 75 81 100 0,47 59
PFG_MOEA,46,6,98.88,1134.43,0 5 29 52 87 6 65 90 79 51 49 32 67 72 70 54 36 3 62 48 0,32 51 54 72
PFG_MOEA,47,1,104.19,1056.66,0 19 18 91 21 22 33 37 68 56 39 84 23 82 86 67 72 70 54 36 3 0,33 39
PFG_MOEA,47,2,104.19,1056.66,0 50 77 58 48 62 92 43 2 1 16 40 71 35 31 17 0,40
PFG_MOEA,47,3,104.19,1056.66,0 13 27 12 73 15 98 85 88 63 74 78 64 30 41 99 34 25 0,15
PFG_MOEA,47,4,104.19,1056.66,0 4 80 53 66 94 45 24 55 9 76 42 14 11 83 95 57 96 89 10 0,95
PFG_MOEA,47,5,104.19,1056.66,0 26 59 44 38 47 69 28 46 7 8 93 100 81 75 97 61 60 52 87 6 0,28
PFG_MOEA,47,6,104.19,1056.66,0 5 29 65 90 79 32 49 51 20 0,
PFG_MOEA,48,1,98.88,1134.43,0 23 84 39 56 68 37 33 22 21 91 19 18 16 40 35 31 17 20 0,35
PFG_MOEA,48,2,98.88,1134.43,0 15 30 64 78 74 63 98 71 99 2 25 50 77 58 82 86 0,
PFG_MOEA,48,3,98.88,1134.43,0 92 43 1 34 88 85 14 11 83 0,92
PFG_MOEA,48,4,98.88,1134.43,0 4 24 45 94 66 53 80 76 9 55 96 57 95 73 41 12 27 13 0,55 76
PFG_MOEA,48,5,98.88,1134.43,0 89 10 26 59 44 38 47 69 28 42 46 7 8 93 60 61 97 75 81 100 0,47 59
PFG_MOEA,48,6,98.88,1134.43,0 5 29 52 87 6 65 90 79 51 49 32 67 72 70 54 36 3 62 48 0,32 51 54 72
PFG_MOEA,49,1,104.19,1056.66,0 19 18 91 21 22 33 37 68 56 39 84 23 82 86 67 72 70 54 36 3 0,33 39
PFG_MOEA,49,2,104.19,1056.66,0 50 77 58 48 62 92 43 2 1 16 40 71 35 31 17 0,40
PFG_MOEA,49,3,104.19,1056.66,0 13 27 12 73 15 98 85 88 63 74 78 64 30 41 99 34 25 0,15
PFG_MOEA,49,4,104.19,1056.66,0 4 80 53 66 94 45 24 55 9 76 42 14 11 83 95 57 96 89 10 0,95
PFG_MOEA,49,5,104.19,1056.66,0 26 59 44 38 47 69 28 46 7 8 93 100 81 75 97 61 60 52 87 6 0,28
PFG_MOEA,49,6,104.19,1056.66,0 5 29 65 90 79 32 49 51 20 0,
PFG_MOEA,50,1,98.88,1134.43,0 23 84 39 56 68 37 33 22 21 91 19 18 16 40 35 31 17 20 0,35
PFG_MOEA,50,2,98.88,1134.43,0 15 30 64 78 74 63 98 71 99 2 25 50 77 58 82 86 0,
PFG_MOEA,50,3,98.88,1134.43,0 92 43 1 34 88 85 14 11 83 0,92
PFG_MOEA,50,4,98.88,1134.43,0 4 24 45 94 66 53 80 76 9 55 96 57 95 73 41 12 27 13 0,55 76
PFG_MOEA,50,5,98.88,1134.43,0 89 10 26 59 44 38 47 69 28 42 46 7 8 93 60 61 97 75 81 100 0,47 59
PFG_MOEA,50,6,98.88,1134.43,0 5 29 52 87 6 65 90 79 51 49 32 67 72 70 54 36 3 62 48 0,32 51 54 72
PFG_MOEA,51,1,104.19,1056.66,0 19 18 91 21 22 33 37 68 56 39 84 23 82 86 67 72 70 54 36 3 0,33 39
PFG_MOEA,51,2,104.19,1056.66,0 50 77 58 48 62 92 43 2 1 16 40 71 35 31 17 0,40
PFG_MOEA,51,3,104.19,1056.66,0 13 27 12 73 15 98 85 88 63 74 78 64 30 41 99 34 25 0,15
PFG_MOEA,51,4,104.19,1056.66,0 4 80 53 66 94 45 24 55 9 76 42 14 11 83 95 57 96 89 10 0,95
PFG_MOEA,51,5,104.19,1056.66,0 26 59 44 38 47 69 28 46 7 8 93 100 81 75 97 61 60 52 87 6 0,28
PFG_MOEA,51,6,104.19,1056.66,0 5 29 65 90 79 32 49 51 20 0,
PFG_MOEA,52,1,98.88,1134.43,0 23 84 39 56 68 37 33 22 21 91 19 18 16 40 35 31 17 20 0,35
PFG_MOEA,52,2,98.88,1134.43,0 15 30 64 78 74 63 98 71 99 2 25 50 77 58 82 86 0,
PFG_MOEA,52,3,98.88,1134.43,0 92 43 1 34 88 85 14 11 83 0,92
PFG_MOEA,52,4,98.88,1134.43,0 4 24 45 94 66 53 80 76 9 55 96 57 95 73 41 12 27 13 0,55 76
PFG_MOEA,52,5,98.88,1134.43,0 89 10 26 59 44 38 47 69 28 42 46 7 8 93 60 61 97 75 81 100 0,47 59
PFG_MOEA,52,6,98.88,1134.43,0 5 29 52 87 6 65 90 79 51 49 32 67 72 70 54 36 3 62 48 0,32 51 54 72
PFG_MOEA,53,1,104.19,1056.66,0 19 18 91 21 22 33 37 68 56 39 84 23 82 86 67 72 70 54 36 3 0,33 39
PFG_MOEA,53,2,104.19,1056.66,0 50 77 58 48 62 92 43 2 1 16 40 71 35 31 17 0,40
PFG_MOEA,53,3,104.19,1056.66,0 13 27 12 73 15 98 85 88 63 74 78 64 30 41 99 34 25 0,15
PFG_MOEA,53,4,104.19,1056.66,0 4 80 53 66 94 45 24 55 9 76 42 14 11 83 95 57 96 89 10 0,95
PFG_MOEA,53,5,104.19,1056.66,0 26 59 44 38 47 69 28 46 7 8 93 100 81 75 97 61 60 52 87 6 0,28
PFG_MOEA,53,6,104.19,1056.66,0 5 29 65 90 79 32 49 51 20 0,
PFG_MOEA,54,1,98.88,1134.43,0 23 84 39 56 68 37 33 22 21 91 19 18 16 40 35 31 17 20 0,35
PFG_MOEA,54,2,98.88,1134.43,0 15 30 64 78 74 63 98 71 99 2 25 50 77 58 82 86 0,
PFG_MOEA,54,3,98.88,1134.43,0 92 43 1 34 88 85 14 11 83 0,92
PFG_MOEA,54,4,98.88,1134.43,0 4 24 45 94 66 53 80 76 9 55 96 57 95 73 41 12 27 13 0,55 76
PFG_MOEA,54,5,98.88,1134.43,0 89 10 26 59 44 38 47 69 28 42 46 7 8 93 60 61 97 75 81 100 0,47 59
PFG_MOEA,54,6,98.88,1134.43,0 5 29 52 87 6 65 90 79 51 49 32 67 72 70 54 36 3 62 48 0,32 51 54 72
PFG_MOEA,55,1,104.19,1056.66,0 19 18 91 21 22 33 37 68 56 39 84 23 82 86 67 72 70 54 36 3 0,33 39
PFG_MOEA,55,2,104.19,1056.66,0 50 77 58 48 62 92 43 2 1 16 40 71 35 31 17 0,40
PFG_MOEA,55,3,104.19,1056.66,0 13 27 12 73 15 98 85 88 63 74 78 64 30 41 99 34 25 0,15
PFG_MOEA,55,4,104.19,1056.66,0 4 80 53 66 94 45 24 55 9 76 42 14 11 83 95 57 96 89 10 0,95
PFG_MOEA,55,5,104.19,1056.66,0 26 59 44 38 47 69 28 46 7 8 93 100 81 75 97 61 60 52 87 6 0,28
PFG_MOEA,55,6,104.19,1056.66,0 5 29 65 90 79 32 49 51 20 0,
PFG_MOEA,56,1,98.88,1134.43,0 23 84 39 56 68 37 33 22 21 91 19 18 16 40 35 31 17 20 0,35
PFG_MOEA,56,2,98.88,1134.43,0 15 30 64 78 74 63 98 71 99 2 25 50 77 58 82 86 0,
PFG_MOEA,56,3,98.88,1134.43,0 92 43 1 34 88 85 14 11 83 0,92
PFG_MOEA,56,4,98.88,1134.43,0 4 24 45 94 66 53 80 76 9 55 96 57 95 73 41 12 27 13 0,55 76
PFG_MOEA,56,5,98.88,1134.43,0 89 10 26 59 44 38 47 69 28 42 46 7 8 93 60 61 97 75 81 100 0,47 59
PFG_MOEA,56,6,98.88,1134.43,0 5 29 52 87 6 65 90 79 51 49 32 67 72 70 54 36 3 62 48 0,32 51 54 72
PFG_MOEA,57,1,104.19,1056.66,0 19 18 91 21 22 33 37 68 56 39 84 23 82 86 67 72 70 54 36 3 0,33 39
PFG_MOEA,57,2,104.19,1056.66,0 50 77 58 48 62 92 43 2 1 16 40 71 35 31 17 0,40
PFG_MOEA,57,3,104.19,1056.66,0 13 27 12 73 15 98 85 88 63 74 78 64 30 41 99 34 25 0,15
PFG_MOEA,57,4,104.19,1056.66,0 4 80 53 66 94 45 24 55 9 76 42 14 11 83 95 57 96 89 10 0,95
PFG_MOEA,57,5,104.19,1056.66,0 26 59 44 38 47 69 28 46 7 8 93 100 81 75 97 61 60 52 87 6 0,28
PFG_MOEA,57,6,104.19,1056.66,0 5 29 65 90 79 32 49 51 20 0,
PFG_MOEA,58,1,98.88,1134.43,0 23 84 39 56 68 37 33 22 21 91 19 18 16 40 35 31 17 20 0,35
PFG_MOEA,58,2,98.88,1134.43,0 15 30 64 78 74 63 98 71 99 2 25 50 77 58 82 86 0,
PFG_MOEA,58,3,98.88,1134.43,0 92 43 1 34 88 85 14 11 83 0,92
PFG_MOEA,58,4,98.88,1134.43,0 4 24 45 94 66 53 80 76 9 55 96 57 95 73 41 12 27 13 0,55 76
PFG_MOEA,58,5,98.88,1134.43,0 89 10 26 59 44 38 47 69 28 42 46 7 8 93 60 61 97 75 81 100 0,47 59
PFG_MOEA,58,6,98.88,1134.43,0 5 29 52 87 6 65 90 79 51 49 32 67 72 70 54 36 3 62 48 0,32 51 54 72
PFG_MOEA,59,1,104.19,1056.66,0 19 18 91 21 22 33 37 68 56 39 84 23 82 86 67 72 70 54 36 3 0,33 39
PFG_MOEA,59,2,104.19,1056.66,0 50 77 58 48 62 92 43 2 1 16 40 71 35 31 17 0,40
PFG_MOEA,59,3,104.19,1056.66,0 13 27 12 73 15 98 85 88 63 74 78 64 30 41 99 34 25 0,15
PFG_MOEA,59,4,104.19,1056.66,0 4 80 53 66 94 45 24 55 9 76 42 14 11 83 95 57 96 89 10 0,95
PFG_MOEA,59,5,104.19,1056.66,0 26 59 44 38 47 69 28 46 7 8 93 100 81 75 97 61 60 52 87 6 0,28
PFG_MOEA,59,6,104.19,1056.66,0 5 29 65 90 79 32 49 51 20 0,
PFG_MOEA,60,1,98.88,1134.43,0 23 84 39 56 68 37 33 22 21 91 19 18 16 40 35 31 17 20 0,35
PFG_MOEA,60,2,98.88,1134.43,0 15 30 64 78 74 63 98 71 99 2 25 50 77 58 82 86 0,
PFG_MOEA,60,3,98.88,1134.43,0 92 43 1 34 88 85 14 11 83 0,92
PFG_MOEA,60,4,98.88,1134.43,0 4 24 45 94 66 53 80 76 9 55 96 57 95 73 41 12 27 13 0,55 76
PFG_MOEA,60,5,98.88,1134.43,0 89 10 26 59 44 38 47 69 28 42 46 7 8 93 60 61 97 75 81 100 0,47 59
PFG_MOEA,60,6,98.88,1134.43,0 5 29 52 87 6 65 90 79 51 49 32 67 72 70 54 36 3 62 48 0,32 51 54 72
PFG_MOEA,61,1,104.19,1056.66,0 19 18 91 21 22 33 37 68 56 39 84 23 82 86 67 72 70 54 36 3 0,33 39
PFG_MOEA,61,2,104.19,1056.66,0 50 77 58 48 62 92 43 2 1 16 40 71 35 31 17 0,40
PFG_MOEA,61,3,104.19,1056.66,0 13 27 12 73 15 98 85 88 63 74 78 64 30 41 99 34 25 0,15
PFG_MOEA,61,4,104.19,1056.66,0 4 80 53 66 94 45 24 55 9 76 42 14 11 83 95 57 96 89 10 0,95
PFG_MOEA,61,5,104.19,1056.66,0 26 59 44 38 47 69 28 46 7 8 93 100 81 75 97 61 60 52 87 6 0,28
PFG_MOEA,61,6,104.19,1056.66,0 5 29 65 90 79 32 49 51 20 0,
PFG_MOEA,62,1,98.88,1134.43,0 23 84 39 56 68 37 33 22 21 91 19 18 16 40 35 31 17 20 0,35
PFG_MOEA,62,2,98.88,1134.43,0 15 30 64 78 74 63 98 71 99 2 25 50 77 58 82 86 0,
PFG_MOEA,62,3,98.88,1134.43,0 92 43 1 34 88 85 14 11 83 0,92
PFG_MOEA,62,4,98.88,1134.43,0 4 24 45 94 66 53 80 76 9 55 96 57 95 73 41 12 27 13 0,55 76
PFG_MOEA,62,5,98.88,1134.43,0 89 10 26 59 44 38 47 69 28 42 46 7 8 93 60 61 97 75 81 100 0,47 59
PFG_MOEA,62,6,98.88,1134.43,0 5 29 52 87 6 65 90 79 51 49 32 67 72 70 54 36 3 62 48 0,32 51 54 72
PFG_MOEA,63,1,104.19,1056.66,0 19 18 91 21 22 33 37 68 56 39 84 23 82 86 67 72 70 54 36 3 0,33 39
PFG_MOEA,63,2,104.19,1056.66,0 50 77 58 48 62 92 43 2 1 16 40 71 35 31 17 0,40
PFG_MOEA,63,3,104.19,1056.66,0 13 27 12 73 15 98 85 88 63 74 78 64 30 41 99 34 25 0,15
PFG_MOEA,63,4,104.19,1056.66,0 4 80 53 66 94 45 24 55 9 76 42 14 11 83 95 57 96 89 10 0,95
PFG_MOEA,63,5,104.19,1056.66,0 26 59 44 38 47 69 28 46 7 8 93 100 81 75 97 61 60 52 87 6 0,28
PFG_MOEA,63,6,104.19,1056.66,0 5 29 65 90 79 32 49 51 20 0,
PFG_MOEA,64,1,98.88,1134.43,0 23 84 39 56 68 37 33 22 21 91 19 18 16 40 35 31 17 20 0,35
PFG_MOEA,64,2,98.88,1134.43,0 15 30 64 78 74 63 98 71 99 2 25 50 77 58 82 86 0,
PFG_MOEA,64,3,98.88,1134.43,0 92 43 1 34 88 85 14 11 83 0,92
PFG_MOEA,64,4,98.88,1134.43,0 4 24 45 94 66 53 80 76 9 55 96 57 95 73 41 12 27 13 0,55 76
PFG_MOEA,64,5,98.88,1134.43,0 89 10 26 59 44 38 47 69 28 42 46 7 8 93 60 61 97 75 81 100 0,47 59
PFG_MOEA,64,6,98.88,1134.43,0 5 29 52 87 6 65 90 79 51 49 32 67 72 70 54 36 3 62 48 0,32 51 54 72
PFG_MOEA,65,1,104.19,1056.66,0 19 18 91 21 22 33 37 68 56 39 84 23 82 86 67 72 70 54 36 3 0,33 39
PFG_MOEA,65,2,104.19,1056.66,0 50 77 58 48 62 92 43 2 1 16 40 71 35 31 17 0,40
PFG_MOEA,65,3,104.19,1056.66,0 13 27 12 73 15 98 85 88 63 74 78 64 30 41 99 34 25 0,15
PFG_MOEA,65,4,104.19,1056.66,0 4 80 53 66 94 45 24 55 9 76 42 14 11 83 95 57 96 89 10 0,95
PFG_MOEA,65,5,104.19,1056.66,0 26 59 44 38 47 69 28 46 7 8 93 100 81 75 97 61 60 52 87 6 0,28
PFG_MOEA,65,6,104.19,1056.66,0 5 29 65 90 79 32 49 51 20 0,
PFG_MOEA,66,1,98.88,1134.43,0 23 84 39 56 68 37 33 22 21 91 19 18 16 40 35 31 17 20 0,35
PFG_MOEA,66,2,98.88,1134.43,0 15 30 64 78 74 63 98 71 99 2 25 50 77 58 82 86 0,
PFG_MOEA,66,3,98.88,1134.43,0 92 43 1 34 88 85 14 11 83 0,92
PFG_MOEA,66,4,98.88,1134.43,0 4 24 45 94 66 53 80 76 9 55 96 57 95 73 41 12 27 13 0,55 76
PFG_MOEA,66,5,98.88,1134.43,0 89 10 26 59 44 38 47 69 28 42 46 7 8 93 60 61 97 75 81 100 0,47 59
PFG_MOEA,66,6,98.88,1134.43,0 5 29 52 87 6 65 90 79 51 49 32 67 72 70 54 36 3 62 48 0,32 51 54 72
PFG_MOEA,67,1,104.19,1056.66,0 19 18 91 21 22 33 37 68 56 39 84 23 82 86 67 72 70 54 36 3 0,33 39
PFG_MOEA,67,2,104.19,1056.66,0 50 77 58 48 62 92 43 2 1 16 40 71 35 31 17 0,40
PFG_MOEA,67,3,104.19,1056.66,0 13 27 12 73 15 98 85 88 63 74 78 64 30 41 99 34 25 0,15
PFG_MOEA,67,4,104.19,1056.66,0 4 80 53 66 94 45 24 55 9 76 42 14 11 83 95 57 96 89 10 0,95
PFG_MOEA,67,5,104.19,1056.66,0 26 59 44 38 47 69 28 46 7 8 93 100 81 75 97 61 60 52 87 6 0,28
PFG_MOEA,67,6,104.19,1056.66,0 5 29 65 90 79 32 49 51 20 0,
PFG_MOEA,68,1,98.88,1134.43,0 23 84 39 56 68 37 33 22 21 91 19 18 16 40 35 31 17 20 0,35
PFG_MOEA,68,2,98.88,1134.43,0 15 30 64 78 74 63 98 71 99 2 25 50 77 58 82 86 0,
PFG_MOEA,68,3,98.88,1134.43,0 92 43 1 34 88 85 14 11 83 0,92
PFG_MOEA,68,4,98.88,1134.43,0 4 24 45 94 66 53 80 76 9 55 96 57 95 73 41 12 27 13 0,55 76
PFG_MOEA,68,5,98.88,1134.43,0 89 10 26 59 44 38 47 69 28 42 46 7 8 93 60 61 97 75 81 100 0,47 59
PFG_MOEA,68,6,98.88,1134.43,0 5 29 52 87 6 65 90 79 51 49 32 67 72 70 54 36 3 62 48 0,32 51 54 72
PFG_MOEA,69,1,104.19,1056.66,0 19 18 91 21 22 33 37 68 56 39 84 23 82 86 67 72 70 54 36 3 0,33 39
PFG_MOEA,69,2,104.19,1056.66,0 50 77 58 48 62 92 43 2 1 16 40 71 35 31 17 0,40
PFG_MOEA,69,3,104.19,1056.66,0 13 27 12 73 15 98 85 88 63 74 78 64 30 41 99 34 25 0,15
PFG_MOEA,69,4,104.19,1056.66,0 4 80 53 66 94 45 24 55 9 76 42 14 11 83 95 57 96 89 10 0,95
PFG_MOEA,69,5,104.19,1056.66,0 26 59 44 38 47 69 28 46 7 8 93 100 81 75 97 61 60 52 87 6 0,28
PFG_MOEA,69,6,104.19,1056.66,0 5 29 65 90 79 32 49 51 20 0,
PFG_MOEA,70,1,98.88,1134.43,0 23 84 39 56 68 37 33 22 21 91 19 18 16 40 35 31 17 20 0,35
PFG_MOEA,70,2,98.88,1134.43,0 15 30 64 78 74 63 98 71 99 2 25 50 77 58 82 86 0,
PFG_MOEA,70,3,98.88,1134.43,0 92 43 1 34 88 85 14 11 83 0,92
PFG_MOEA,70,4,98.88,1134.43,0 4 24 45 94 66 53 80 76 9 55 96 57 95 73 41 12 27 13 0,55 76
PFG_MOEA,70,5,98.88,1134.43,0 89 10 26 59 44 38 47 69 28 42 46 7 8 93 60 61 97 75 81 100 0,47 59
PFG_MOEA,70,6,98.88,1134.43,0 5 29 52 87 6 65 90 79 51 49 32 67 72 70 54 36 3 62 48 0,32 51 54 72
PFG_MOEA,71,1,104.19,1056.66,0 19 18 91 21 22 33 37 68 56 39 84 23 82 86 67 72 70 54 36 3 0,33 39
PFG_MOEA,71,2,104.19,1056.66,0 50 77 58 48 62 92 43 2 1 16 40 71 35 31 17 0,40
PFG_MOEA,71,3,104.19,1056.66,0 13 27 12 73 15 98 85 88 63 74 78 64 30 41 99 34 25 0,15
PFG_MOEA,71,4,104.19,1056.66,0 4 80 53 66 94 45 24 55 9 76 42 14 11 83 95 57 96 89 10 0,95
PFG_MOEA,71,5,104.19,1056.66,0 26 59 44 38 47 69 28 46 7 8 93 100 81 75 97 61 60 52 87 6 0,28
PFG_MOEA,71,6,104.19,1056.66,0 5 29 65 90 79 32 49 51 20 0,
PFG_MOEA,72,1,98.88,1134.43,0 23 84 39 56 68 37 33 22 21 91 19 18 16 40 35 31 17 20 0,35
PFG_MOEA,72,2,98.88,1134.43,0 15 30 64 78 74 63 98 71 99 2 25 50 77 58 82 86 0,
PFG_MOEA,72,3,98.88,1134.43,0 92 43 1 34 88 85 14 11 83 0,92
PFG_MOEA,72,4,98.88,1134.43,0 4 24 45 94 66 53 80 76 9 55 96 57 95 73 41 12 27 13 0,55 76
PFG_MOEA,72,5,98.88,1134.43,0 89 10 26 59 44 38 47 69 28 42 46 7 8 93 60 61 97 75 81 100 0,47 59
PFG_MOEA,72,6,98.88,1134.43,0 5 29 52 87 6 65 90 79 51 49 32 67 72 70 54 36 3 62 48 0,32 51 54 72
PFG_MOEA,73,1,104.19,1056.66,0 19 18 91 21 22 33 37 68 56 39 84 23 82 86 67 72 70 54 36 3 0,33 39
PFG_MOEA,73,2,104.19,1056.66,0 50 77 58 48 62 92 43 2 1 16 40 71 35 31 17 0,40
PFG_MOEA,73,3,104.19,1056.66,0 13 27 12 73 15 98 85 88 63 74 78 64 30 41 99 34 25 0,15
PFG_MOEA,73,4,104.19,1056.66,0 4 80 53 66 94 45 24 55 9 76 42 14 11 83 95 57 96 89 10 0,95
PFG_MOEA,73,5,104.19,1056.66,0 26 59 44 38 47 69 28 46 7 8 93 100 81 75 97 61 60 52 87 6 0,28
PFG_MOEA,73,6,104.19,1056.66,0 5 29 65 90 79 32 49 51 20 0,
PFG_MOEA,74,1,98.88,1134.43,0 23 84 39 56 68 37 33 22 21 91 19 18 16 40 35 31 17 20 0,35
PFG_MOEA,74,2,98.88,1134.43,0 15 30 64 78 74 63 98 71 99 2 25 50 77 58 82 86 0,
PFG_MOEA,74,3,98.88,1134.43,0 92 43 1 34 88 85 14 11 83 0,92
PFG_MOEA,74,4,98.88,1134.43,0 4 24 45 94 66 53 80 76 9 55 96 57 95 73 41 12 27 13 0,55 76
PFG_MOEA,74,5,98.88,1134.43,0 89 10 26 59 44 38 47 69 28 42 46 7 8 93 60 61 97 75 81 100 0,47 59
PFG_MOEA,74,6,98.88,1134.43,0 5 29 52 87 6 65 90 79 51 49 32 67 72 70 54 36 3 62 48 0,32 51 54 72
PFG_MOEA,75,1,104.19,1056.66,0 19 18 91 21 22 33 37 68 56 39 84 23 82 86 67 72 70 54 36 3 0,33 39
PFG_MOEA,75,2,104.19,1056.66,0 50 77 58 48 62 92 43 2 1 16 40 71 35 31 17 0,40
PFG_MOEA,75,3,104.19,1056.66,0 13 27 12 73 15 98 85 88 63 74 78 64 30 41 99 34 25 0,15
PFG_MOEA,75,4,104.19,1056.66,0 4 80 53 66 94 45 24 55 9 76 42 14 11 83 95 57 96 89 10 0,95
PFG_MOEA,75,5,104.19,1056.66,0 26 59 44 38 47 69 28 46 7 8 93 100 81 75 97 61 60 52 87 6 0,28
PFG_MOEA,75,6,104.19,1056.66,0 5 29 65 90 79 32 49 51 20 0,
PFG_MOEA,76,1,98.88,1134.43,0 23 84 39 56 68 37 33 22 21 91 19 18 16 40 35 31 17 20 0,35
PFG_MOEA,76,2,98.88,1134.43,0 15 30 64 78 74 63 98 71 99 2 25 50 77 58 82 86 0,
PFG_MOEA,76,3,98.88,1134.43,0 92 43 1 34 88 85 14 11 83 0,92
PFG_MOEA,76,4,98.88,1134.43,0 4 24 45 94 66 53 80 76 9 55 96 57 95 73 41 12 27 13 0,55 76
PFG_MOEA,76,5,98.88,1134.43,0 89 10 26 59 44 38 47 69 28 42 46 7 8 93 60 61 97 75 81 100 0,47 59
PFG_MOEA,76,6,98.88,1134.43,0 5 29 52 87 6 65 90 79 51 49 32 67 72 70 54 36 3 62 48 0,32 51 54 72
PFG_MOEA,77,1,104.19,1056.66,0 19 18 91 21 22 33 37 68 56 39 84 23 82 86 67 72 70 54 36 3 0,33 39
PFG_MOEA,77,2,104.19,1056.66,0 50 77 58 48 62 92 43 2 1 16 40 71 35 31 17 0,40
PFG_MOEA,77,3,104.19,1056.66,0 13 27 12 73 15 98 85 88 63 74 78 64 30 41 99 34 25 0,15
PFG_MOEA,77,4,104.19,1056.66,0 4 80 53 66 94 45 24 55 9 76 42 14 11 83 95 57 96 89 10 0,95
PFG_MOEA,77,5,104.19,1056.66,0 26 59 44 38 47 69 28 46 7 8 93 100 81 75 97 61 60 52 87 6 0,28
PFG_MOEA,77,6,104.19,1056.66,0 5 29 65 90 79 32 49 51 20 0,
PFG_MOEA,78,1,98.88,1134.43,0 23 84 39 56 68 37 33 22 21 91 19 18 16 40 35 31 17 20 0,35
PFG_MOEA,78,2,98.88,1134.43,0 15 30 64 78 74 63 98 71 99 2 25 50 77 58 82 86 0,
PFG_MOEA,78,3,98.88,1134.43,0 92 43 1 34 88 85 14 11 83 0,92
PFG_MOEA,78,4,98.88,1134.43,0 4 24 45 94 66 53 80 76 9 55 96 57 95 73 41 12 27 13 0,55 76
PFG_MOEA,78,5,98.88,1134.43,0 89 10 26 59 44 38 47 69 28 42 46 7 8 93 60 61 97 75 81 100 0,47 59
PFG_MOEA,78,6,98.88,1134.43,0 5 29 52 87 6 65 90 79 51 49 32 67 72 70 54 36 3 62 48 0,32 51 54 72
PFG_MOEA,79,1,104.19,1056.66,0 19 18 91 21 22 33 37 68 56 39 84 23 82 86 67 72 70 54 36 3 0,33 39
PFG_MOEA,79,2,104.19,1056.66,0 50 77 58 48 62 92 43 2 1 16 40 71 35 31 17 0,40
PFG_MOEA,79,3,104.19,1056.66,0 13 27 12 73 15 98 85 88 63 74 78 64 30 41 99 34 25 0,15
PFG_MOEA,79,4,104.19,1056.66,0 4 80 53 66 94 45 24 55 9 76 42 14 11 83 95 57 96 89 10 0,95
PFG_MOEA,79,5,104.19,1056.66,0 26 59 44 38 47 69 28 46 7 8 93 100 81 75 97 61 60 52 87 6 0,28
PFG_MOEA,79,6,104.19,1056.66,0 5 29 65 90 79 32 49 51 20 0,
PFG_MOEA,80,1,98.88,1134.43,0 23 84 39 56 68 37 33 22 21 91 19 18 16 40 35 31 17 20 0,35
PFG_MOEA,80,2,98.88,1134.43,0 15 30 64 78 74 63 98 71 99 2 25 50 77 58 82 86 0,
PFG_MOEA,80,3,98.88,1134.43,0 92 43 1 34 88 85 14 11 83 0,92
PFG_MOEA,80,4,98.88,1134.43,0 4 24 45 94 66 53 80 76 9 55 96 57 95 73 41 12 27 13 0,55 76
PFG_MOEA,80,5,98.88,1134.43,0 89 10 26 59 44 38 47 69 28 42 46 7 8 93 60 61 97 75 81 100 0,47 59
PFG_MOEA,80,6,98.88,1134.43,0 5 29 52 87 6 65 90 79 51 49 32 67 72 70 54 36 3 62 48 0,32 51 54 72
PFG_MOEA,81,1,104.19,1056.66,0 19 18 91 21 22 33 37 68 56 39 84 23 82 86 67 72 70 54 36 3 0,33 39
PFG_MOEA,81,2,104.19,1056.66,0 50 77 58 48 62 92 43 2 1 16 40 71 35 31 17 0,40
PFG_MOEA,81,3,104.19,1056.66,0 13 27 12 73 15 98 85 88 63 74 78 64 30 41 99 34 25 0,15
PFG_MOEA,81,4,104.19,1056.66,0 4 80 53 66 94 45 24 55 9 76 42 14 11 83 95 57 96 89 10 0,95
PFG_MOEA,81,5,104.19,1056.66,0 26 59 44 38 47 69 28 46 7 8 93 100 81 75 97 61 60 52 87 6 0,28
PFG_MOEA,81,6,104.19,1056.66,0 5 29 65 90 79 32 49 51 20 0,
PFG_MOEA,82,1,98.88,1134.43,0 23 84 39 56 68 37 33 22 21 91 19 18 16 40 35 31 17 20 0,35
PFG_MOEA,82,2,98.88,1134.43,0 15 30 64 78 74 63 98 71 99 2 25 50 77 58 82 86 0,
PFG_MOEA,82,3,98.88,1134.43,0 92 43 1 34 88 85 14 11 83 0,92
PFG_MOEA,82,4,98.88,1134.43,0 4 24 45 94 66 53 80 76 9 55 96 57 95 73 41 12 27 13 0,55 76
PFG_MOEA,82,5,98.88,1134.43,0 89 10 26 59 44 38 47 69 28 42 46 7 8 93 60 61 97 75 81 100 0,47 59
PFG_MOEA,82,6,98.88,1134.43,0 5 29 52 87 6 65 90 79 51 49 32 67 72 70 54 36 3 62 48 0,32 51 54 72
PFG_MOEA,83,1,104.19,1056.66,0 19 18 91 21 22 33 37 68 56 39 84 23 82 86 67 72 70 54 36 3 0,33 39
PFG_MOEA,83,2,104.19,1056.66,0 50 77 58 48 62 92 43 2 1 16 40 71 35 31 17 0,40
PFG_MOEA,83,3,104.19,1056.66,0 13 27 12 73 15 98 85 88 63 74 78 64 30 41 99 34 25 0,15
PFG_MOEA,83,4,104.19,1056.66,0 4 80 53 66 94 45 24 55 9 76 42 14 11 83 95 57 96 89 10 0,95
PFG_MOEA,83,5,104.19,1056.66,0 26 59 44 38 47 69 28 46 7 8 93 100 81 75 97 61 60 52 87 6 0,28
PFG_MOEA,83,6,104.19,1056.66,0 5 29 65 90 79 32 49 51 20 0,
PFG_MOEA,84,1,98.88,1134.43,0 23 84 39 56 68 37 33 22 21 91 19 18 16 40 35 31 17 20 0,35
PFG_MOEA,84,2,98.88,1134.43,0 15 30 64 78 74 63 98 71 99 2 25 50 77 58 82 86 0,
PFG_MOEA,84,3,98.88,1134.43,0 92 43 1 34 88 85 14 11 83 0,92
PFG_MOEA,84,4,98.88,1134.43,0 4 24 45 94 66 53 80 76 9 55 96 57 95 73 41 12 27 13 0,55 76
PFG_MOEA,84,5,98.88,1134.43,0 89 10 26 59 44 38 47 69 28 42 46 7 8 93 60 61 97 75 81 100 0,47 59
PFG_MOEA,84,6,98.88,1134.43,0 5 29 52 87 6 65 90 79 51 49 32 67 72 70 54 36 3 62 48 0,32 51 54 72
PFG_MOEA,85,1,104.19,1056.66,0 19 18 91 21 22 33 37 68 56 39 84 23 82 86 67 72 70 54 36 3 0,33 39
PFG_MOEA,85,2,104.19,1056.66,0 50 77 58 48 62 92 43 2 1 16 40 71 35 31 17 0,40
PFG_MOEA,85,3,104.19,1056.66,0 13 27 12 73 15 98 85 88 63 74 78 64 30 41 99 34 25 0,15
PFG_MOEA,85,4,104.19,1056.66,0 4 80 53 66 94 45 24 55 9 76 42 14 11 83 95 57 96 89 10 0,95
PFG_MOEA,85,5,104.19,1056.66,0 26 59 44 38 47 69 28 46 7 8 93 100 81 75 97 61 60 52 87 6 0,28
PFG_MOEA,85,6,104.19,1056.66,0 5 29 65 90 79 32 49 51 20 0,
PFG_MOEA,86,1,98.88,1134.43,0 23 84 39 56 68 37 33 22 21 91 19 18 16 40 35 31 17 20 0,35
PFG_MOEA,86,2,98.88,1134.43,0 15 30 64 78 74 63 98 71 99 2 25 50 77 58 82 86 0,
PFG_MOEA,86,3,98.88,1134.43,0 92 43 1 34 88 85 14 11 83 0,92
PFG_MOEA,86,4,98.88,1134.43,0 4 24 45 94 66 53 80 76 9 55 96 57 95 73 41 12 27 13 0,55 76
PFG_MOEA,86,5,98.88,1134.43,0 89 10 26 59 44 38 47 69 28 42 46 7 8 93 60 61 97 75 81 100 0,47 59
PFG_MOEA,86,6,98.88,1134.43,0 5 29 52 87 6 65 90 79 51 49 32 67 72 70 54 36 3 62 48 0,32 51 54 72
PFG_MOEA,87,1,104.19,1056.66,0 19 18 91 21 22 33 37 68 56 39 84 23 82 86 67 72 70 54 36 3 0,33 39
PFG_MOEA,87,2,104.19,1056.66,0 50 77 58 48 62 92 43 2 1 16 40 71 35 31 17 0,40
PFG_MOEA,87,3,104.19,1056.66,0 13 27 12 73 15 98 85 88 63 74 78 64 30 41 99 34 25 0,15
PFG_MOEA,87,4,104.19,1056.66,0 4 80 53 66 94 45 24 55 9 76 42 14 11 83 95 57 96 89 10 0,95
PFG_MOEA,87,5,104.19,1056.66,0 26 59 44 38 47 69 28 46 7 8 93 100 81 75 97 61 60 52 87 6 0,28
PFG_MOEA,87,6,104.19,1056.66,0 5 29 65 90 79 32 49 51 20 0,
PFG_MOEA,88,1,98.88,1134.43,0 23 84 39 56 68 37 33 22 21 91 19 18 16 40 35 31 17 20 0,35
PFG_MOEA,88,2,98.88,1134.43,0 15 30 64 78 74 63 98 71 99 2 25 50 77 58 82 86 0,
PFG_MOEA,88,3,98.88,1134.43,0 92 43 1 34 88 85 14 11 83 0,92
PFG_MOEA,88,4,98.88,1134.43,0 4 24 45 94 66 53 80 76 9 55 96 57 95 73 41 12 27 13 0,55 76
PFG_MOEA,88,5,98.88,1134.43,0 89 10 26 59 44 38 47 69 28 42 46 7 8 93 60 61 97 75 81 100 0,47 59
PFG_MOEA,88,6,98.88,1134.43,0 5 29 52 87 6 65 90 79 51 49 32 67 72 70 54 36 3 62 48 0,32 51 54 72
PFG_MOEA,89,1,104.19,1056.66,0 19 18 91 21 22 33 37 68 56 39 84 23 82 86 67 72 70 54 36 3 0,33 39
PFG_MOEA,89,2,104.19,1056.66,0 50 77 58 48 62 92 43 2 1 16 40 71 35 31 17 0,40
PFG_MOEA,89,3,104.19,1056.66,0 13 27 12 73 15 98 85 88 63 74 78 64 30 41 99 34 25 0,15
PFG_MOEA,89,4,104.19,1056.66,0 4 80 53 66 94 45 24 55 9 76 42 14 11 83 95 57 96 89 10 0,95
PFG_MOEA,89,5,104.19,1056.66,0 26 59 44 38 47 69 28 46 7 8 93 100 81 75 97 61 60 52 87 6 0,28
PFG_MOEA,89,6,104.19,1056.66,0 5 29 65 90 79 32 49 51 20 0,
PFG_MOEA,90,1,98.88,1134.43,0 23 84 39 56 68 37 33 22 21 91 19 18 16 40 35 31 17 20 0,35
PFG_MOEA,90,2,98.88,1134.43,0 15 30 64 78 74 63 98 71 99 2 25 50 77 58 82 86 0,
PFG_MOEA,90,3,98.88,1134.43,0 92 43 1 34 88 85 14 11 83 0,92
PFG_MOEA,90,4,98.88,1134.43,0 4 24 45 94 66 53 80 76 9 55 96 57 95 73 41 12 27 13 0,55 76
PFG_MOEA,90,5,98.88,1134.43,0 89 10 26 59 44 38 47 69 28 42 46 7 8 93 60 61 97 75 81 100 0,47 59
PFG_MOEA,90,6,98.88,1134.43,0 5 29 52 87 6 65 90 79 51 49 32 67 72 70 54 36 3 62 48 0,32 51 54 72
PFG_MOEA,91,1,104.19,1056.66,0 19 18 91 21 22 33 37 68 56 39 84 23 82 86 67 72 70 54 36 3 0,33 39
PFG_MOEA,91,2,104.19,1056.66,0 50 77 58 48 62 92 43 2 1 16 40 71 35 31 17 0,40
PFG_MOEA,91,3,104.19,1056.66,0 13 27 12 73 15 98 85 88 63 74 78 64 30 41 99 34 25 0,15
PFG_MOEA,91,4,104.19,1056.66,0 4 80 53 66 94 45 24 55 9 76 42 14 11 83 95 57 96 89 10 0,95
PFG_MOEA,91,5,104.19,1056.66,0 26 59 44 38 47 69 28 46 7 8 93 100 81 75 97 61 60 52 87 6 0,28
PFG_MOEA,91,6,104.19,1056.66,0 5 29 65 90 79 32 49 51 20 0,
PFG_MOEA,92,1,98.88,1134.43,0 23 84 39 56 68 37 33 22 21 91 19 18 16 40 35 31 17 20 0,35
PFG_MOEA,92,2,98.88,1134.43,0 15 30 64 78 74 63 98 71 99 2 25 50 77 58 82 86 0,
PFG_MOEA,92,3,98.88,1134.43,0 92 43 1 34 88 85 14 11 83 0,92
PFG_MOEA,92,4,98.88,1134.43,0 4 24 45 94 66 53 80 76 9 55 96 57 95 73 41 12 27 13 0,55 76
PFG_MOEA,92,5,98.88,1134.43,0 89 10 26 59 44 38 47 69 28 42 46 7 8 93 60 61 97 75 81 100 0,47 59
PFG_MOEA,92,6,98.88,1134.43,0 5 29 52 87 6 65 90 79 51 49 32 67 72 70 54 36 3 62 48 0,32 51 54 72
PFG_MOEA,93,1,104.19,1056.66,0 19 18 91 21 22 33 37 68 56 39 84 23 82 86 67 72 70 54 36 3 0,33 39
PFG_MOEA,93,2,104.19,1056.66,0 50 77 58 48 62 92 43 2 1 16 40 71 35 31 17 0,40
PFG_MOEA,93,3,104.19,1056.66,0 13 27 12 73 15 98 85 88 63 74 78 64 30 41 99 34 25 0,15
PFG_MOEA,93,4,104.19,1056.66,0 4 80 53 66 94 45 24 55 9 76 42 14 11 83 95 57 96 89 10 0,95
PFG_MOEA,93,5,104.19,1056.66,0 26 59 44 38 47 69 28 46 7 8 93 100 81 75 97 61 60 52 87 6 0,28
PFG_MOEA,93,6,104.19,1056.66,0 5 29 65 90 79 32 49 51 20 0,
PFG_MOEA,94,1,98.88,1134.43,0 23 84 39 56 68 37 33 22 21 91 19 18 16 40 35 31 17 20 0,35
PFG_MOEA,94,2,98.88,1134.43,0 15 30 64 78 74 63 98 71 99 2 25 50 77 58 82 86 0,
PFG_MOEA,94,3,98.88,1134.43,0 92 43 1 34 88 85 14 11 83 0,92
PFG_MOEA,94,4,98.88,1134.43,0 4 24 45 94 66 53 80 76 9 55 96 57 95 73 41 12 27 13 0,55 76
PFG_MOEA,94,5,98.88,1134.43,0 89 10 26 59 44 38 47 69 28 42 46 7 8 93 60 61 97 75 81 100 0,47 59
PFG_MOEA,94,6,98.88,1134.43,0 5 29 52 87 6 65 90 79 51 49 32 67 72 70 54 36 3 62 48 0,32 51 54 72
PFG_MOEA,95,1,104.19,1056.66,0 19 18 91 21 22 33 37 68 56 39 84 23 82 86 67 72 70 54 36 3 0,33 39
PFG_MOEA,95,2,104.19,1056.66,0 50 77 58 48 62 92 43 2 1 16 40 71 35 31 17 0,40
PFG_MOEA,95,3,104.19,1056.66,0 13 27 12 73 15 98 85 88 63 74 78 64 30 41 99 34 25 0,15
PFG_MOEA,95,4,104.19,1056.66,0 4 80 53 66 94 45 24 55 9 76 42 14 11 83 95 57 96 89 10 0,95
PFG_MOEA,95,5,104.19,1056.66,0 26 59 44 38 47 69 28 46 7 8 93 100 81 75 97 61 60 52 87 6 0,28
PFG_MOEA,95,6,104.19,1056.66,0 5 29 65 90 79 32 49 51 20 0,
PFG_MOEA,96,1,98.88,1134.43,0 23 84 39 56 68 37 33 22 21 91 19 18 16 40 35 31 17 20 0,35
PFG_MOEA,96,2,98.88,1134.43,0 15 30 64 78 74 63 98 71 99 2 25 50 77 58 82 86 0,
PFG_MOEA,96,3,98.88,1134.43,0 92 43 1 34 88 85 14 11 83 0,92
PFG_MOEA,96,4,98.88,1134.43,0 4 24 45 94 66 53 80 76 9 55 96 57 95 73 41 12 27 13 0,55 76
PFG_MOEA,96,5,98.88,1134.43,0 89 10 26 59 44 38 47 69 28 42 46 7 8 93 60 61 97 75 81 100 0,47 59
PFG_MOEA,96,6,98.88,1134.43,0 5 29 52 87 6 65 90 79 51 49 32 67 72 70 54 36 3 62 48 0,32 51 54 72
PFG_MOEA,97,1,104.19,1056.66,0 19 18 91 21 22 33 37 68 56 39 84 23 82 86 67 72 70 54 36 3 0,33 39
PFG_MOEA,97,2,104.19,1056.66,0 50 77 58 48 62 92 43 2 1 16 40 71 35 31 17 0,40
PFG_MOEA,97,3,104.19,1056.66,0 13 27 12 73 15 98 85 88 63 74 78 64 30 41 99 34 25 0,15
PFG_MOEA,97,4,104.19,1056.66,0 4 80 53 66 94 45 24 55 9 76 42 14 11 83 95 57 96 89 10 0,95
PFG_MOEA,97,5,104.19,1056.66,0 26 59 44 38 47 69 28 46 7 8 93 100 81 75 97 61 60 52 87 6 0,28
PFG_MOEA,97,6,104.19,1056.66,0 5 29 65 90 79 32 49 51 20 0,
PFG_MOEA,98,1,98.88,1134.43,0 23 84 39 56 68 37 33 22 21 91 19 18 16 40 35 31 17 20 0,35
PFG_MOEA,98,2,98.88,1134.43,0 15 30 64 78 74 63 98 71 99 2 25 50 77 58 82 86 0,
PFG_MOEA,98,3,98.88,1134.43,0 92 43 1 34 88 85 14 11 83 0,92
PFG_MOEA,98,4,98.88,1134.43,0 4 24 45 94 66 53 80 76 9 55 96 57 95 73 41 12 27 13 0,55 76
PFG_MOEA,98,5,98.88,1134.43,0 89 10 26 59 44 38 47 69 28 42 46 7 8 93 60 61 97 75 81 100 0,47 59
PFG_MOEA,98,6,98.88,1134.43,0 5 29 52 87 6 65 90 79 51 49 32 67 72 70 54 36 3 62 48 0,32 51 54 72
PFG_MOEA,99,1,104.19,1056.66,0 19 18 91 21 22 33 37 68 56 39 84 23 82 86 67 72 70 54 36 3 0,33 39
PFG_MOEA,99,2,104.19,1056.66,0 50 77 58 48 62 92 43 2 1 16 40 71 35 31 17 0,40
PFG_MOEA,99,3,104.19,1056.66,0 13 27 12 73 15 98 85 88 63 74 78 64 30 41 99 34 25 0,15
PFG_MOEA,99,4,104.19,1056.66,0 4 80 53 66 94 45 24 55 9 76 42 14 11 83 95 57 96 89 10 0,95
PFG_MOEA,99,5,104.19,1056.66,0 26 59 44 38 47 69 28 46 7 8 93 100 81 75 97 61 60 52 87 6 0,28
PFG_MOEA,99,6,104.19,1056.66,0 5 29 65 90 79 32 49 51 20 0,
PFG_MOEA,100,1,98.88,1134.43,0 23 84 39 56 68 37 33 22 21 91 19 18 16 40 35 31 17 20 0,35
PFG_MOEA,100,2,98.88,1134.43,0 15 30 64 78 74 63 98 71 99 2 25 50 77 58 82 86 0,
PFG_MOEA,100,3,98.88,1134.43,0 92 43 1 34 88 85 14 11 83 0,92
PFG_MOEA,100,4,98.88,1134.43,0 4 24 45 94 66 53 80 76 9 55 96 57 95 73 41 12 27 13 0,55 76
PFG_MOEA,100,5,98.88,1134.43,0 89 10 26 59 44 38 47 69 28 42 46 7 8 93 60 61 97 75 81 100 0,47 59
PFG_MOEA,100,6,98.88,1134.43,0 5 29 52 87 6 65 90 79 51 49 32 67 72 70 54 36 3 62 48 0,32 51 54 72
PFG_MOEA,101,1,104.19,1056.66,0 19 18 91 21 22 33 37 68 56 39 84 23 82 86 67 72 70 54 36 3 0,33 39
PFG_MOEA,101,2,104.19,1056.66,0 50 77 58 48 62 92 43 2 1 16 40 71 35 31 17 0,40
PFG_MOEA,101,3,104.19,1056.66,0 13 27 12 73 15 98 85 88 63 74 78 64 30 41 99 34 25 0,15
PFG_MOEA,101,4,104.19,1056.66,0 4 80 53 66 94 45 24 55 9 76 42 14 11 83 95 57 96 89 10 0,95
PFG_MOEA,101,5,104.19,1056.66,0 26 59 44 38 47 69 28 46 7 8 93 100 81 75 97 61 60 52 87 6 0,28
PFG_MOEA,101,6,104.19,1056.66,0 5 29 65 90 79 32 49 51 20 0,
PFG_MOEA,102,1,98.88,1134.43,0 23 84 39 56 68 37 33 22 21 91 19 18 16 40 35 31 17 20 0,35
PFG_MOEA,102,2,98.88,1134.43,0 15 30 64 78 74 63 98 71 99 2 25 50 77 58 82 86 0,
PFG_MOEA,102,3,98.88,1134.43,0 92 43 1 34 88 85 14 11 83 0,92
PFG_MOEA,102,4,98.88,1134.43,0 4 24 45 94 66 53 80 76 9 55 96 57 95 73 41 12 27 13 0,55 76
PFG_MOEA,102,5,98.88,1134.43,0 89 10 26 59 44 38 47 69 28 42 46 7 8 93 60 61 97 75 81 100 0,47 59
PFG_MOEA,102,6,98.88,1134.43,0 5 29 52 87 6 65 90 79 51 49 32 67 72 70 54 36 3 62 48 0,32 51 54 72
PFG_MOEA,103,1,104.19,1056.66,0 19 18 91 21 22 33 37 68 56 39 84 23 82 86 67 72 70 54 36 3 0,33 39
PFG_MOEA,103,2,104.19,1056.66,0 50 77 58 48 62 92 43 2 1 16 40 71 35 31 17 0,40
PFG_MOEA,103,3,104.19,1056.66,0 13 27 12 73 15 98 85 88 63 74 78 64 30 41 99 34 25 0,15
PFG_MOEA,103,4,104.19,1056.66,0 4 80 53 66 94 45 24 55 9 76 42 14 11 83 95 57 96 89 10 0,95
PFG_MOEA,103,5,104.19,1056.66,0 26 59 44 38 47 69 28 46 7 8 93 100 81 75 97 61 60 52 87 6 0,28
PFG_MOEA,103,6,104.19,1056.66,0 5 29 65 90 79 32 49 51 20 0,
PFG_MOEA,104,1,98.88,1134.43,0 23 84 39 56 68 37 33 22 21 91 19 18 16 40 35 31 17 20 0,35
PFG_MOEA,104,2,98.88,1134.43,0 15 30 64 78 74 63 98 71 99 2 25 50 77 58 82 86 0,
PFG_MOEA,104,3,98.88,1134.43,0 92 43 1 34 88 85 14 11 83 0,92
PFG_MOEA,104,4,98.88,1134.43,0 4 24 45 94 66 53 80 76 9 55 96 57 95 73 41 12 27 13 0,55 76
PFG_MOEA,104,5,98.88,1134.43,0 89 10 26 59 44 38 47 69 28 42 46 7 8 93 60 61 97 75 81 100 0,47 59
PFG_MOEA,104,6,98.88,1134.43,0 5 29 52 87 6 65 90 79 51 49 32 67 72 70 54 36 3 62 48 0,32 51 54 72
PFG_MOEA,105,1,104.19,1056.66,0 19 18 91 21 22 33 37 68 56 39 84 23 82 86 67 72 70 54 36 3 0,33 39
PFG_MOEA,105,2,104.19,1056.66,0 50 77 58 48 62 92 43 2 1 16 40 71 35 31 17 0,40
PFG_MOEA,105,3,104.19,1056.66,0 13 27 12 73 15 98 85 88 63 74 78 64 30 41 99 34 25 0,15
PFG_MOEA,105,4,104.19,1056.66,0 4 80 53 66 94 45 24 55 9 76 42 14 11 83 95 57 96 89 10 0,95
PFG_MOEA,105,5,104.19,1056.66,0 26 59 44 38 47 69 28 46 7 8 93 100 81 75 97 61 60 52 87 6 0,28
PFG_MOEA,105,6,104.19,1056.66,0 5 29 65 90 79 32 49 51 20 0,
PFG_MOEA,106,1,98.88,1134.43,0 23 84 39 56 68 37 33 22 21 91 19 18 16 40 35 31 17 20 0,35
PFG_MOEA,106,2,98.88,1134.43,0 15 30 64 78 74 63 98 71 99 2 25 50 77 58 82 86 0,
PFG_MOEA,106,3,98.88,1134.43,0 92 43 1 34 88 85 14 11 83 0,92
PFG_MOEA,106,4,98.88,1134.43,0 4 24 45 94 66 53 80 76 9 55 96 57 95 73 41 12 27 13 0,55 76
PFG_MOEA,106,5,98.88,1134.43,0 89 10 26 59 44 38 47 69 28 42 46 7 8 93 60 61 97 75 81 100 0,47 59
PFG_MOEA,106,6,98.88,1134.43,0 5 29 52 87 6 65 90 79 51 49 32 67 72 70 54 36 3 62 48 0,32 51 54 72
PFG_MOEA,107,1,104.19,1056.66,0 19 18 91 21 22 33 37 68 56 39 84 23 82 86 67 72 70 54 36 3 0,33 39
PFG_MOEA,107,2,104.19,1056.66,0 50 77 58 48 62 92 43 2 1 16 40 71 35 31 17 0,40
PFG_MOEA,107,3,104.19,1056.66,0 13 27 12 73 15 98 85 88 63 74 78 64 30 41 99 34 25 0,15
PFG_MOEA,107,4,104.19,1056.66,0 4 80 53 66 94 45 24 55 9 76 42 14 11 83 95 57 96 89 10 0,95
PFG_MOEA,107,5,104.19,1056.66,0 26 59 44 38 47 69 28 46 7 8 93 100 81 75 97 61 60 52 87 6 0,28
PFG_MOEA,107,6,104.19,1056.66,0 5 29 65 90 79 32 49 51 20 0,
PFG_MOEA,108,1,98.88,1134.43,0 23 84 39 56 68 37 33 22 21 91 19 18 16 40 35 31 17 20 0,35
PFG_MOEA,108,2,98.88,1134.43,0 15 30 64 78 74 63 98 71 99 2 25 50 77 58 82 86 0,
PFG_MOEA,108,3,98.88,1134.43,0 92 43 1 34 88 85 14 11 83 0,92
PFG_MOEA,108,4,98.88,1134.43,0 4 24 45 94 66 53 80 76 9 55 96 57 95 73 41 12 27 13 0,55 76
PFG_MOEA,108,5,98.88,1134.43,0 89 10 26 59 44 38 47 69 28 42 46 7 8 93 60 61 97 75 81 100 0,47 59
PFG_MOEA,108,6,98.88,1134.43,0 5 29 52 87 6 65 90 79 51 49 32 67 72 70 54 36 3 62 48 0,32 51 54 72
PFG_MOEA,109,1,104.19,1056.66,0 19 18 91 21 22 33 37 68 56 39 84 23 82 86 67 72 70 54 36 3 0,33 39
PFG_MOEA,109,2,104.19,1056.66,0 50 77 58 48 62 92 43 2 1 16 40 71 35 31 17 0,40
PFG_MOEA,109,3,104.19,1056.66,0 13 27 12 73 15 98 85 88 63 74 78 64 30 41 99 34 25 0,15
PFG_MOEA,109,4,104.19,1056.66,0 4 80 53 66 94 45 24 55 9 76 42 14 11 83 95 57 96 89 10 0,95
PFG_MOEA,109,5,104.19,1056.66,0 26 59 44 38 47 69 28 46 7 8 93 100 81 75 97 61 60 52 87 6 0,28
PFG_MOEA,109,6,104.19,1056.66,0 5 29 65 90 79 32 49 51 20 0,
PFG_MOEA,110,1,98.88,1134.43,0 23 84 39 56 68 37 33 22 21 91 19 18 16 40 35 31 17 20 0,35
PFG_MOEA,110,2,98.88,1134.43,0 15 30 64 78 74 63 98 71 99 2 25 50 77 58 82 86 0,
PFG_MOEA,110,3,98.88,1134.43,0 92 43 1 34 88 85 14 11 83 0,92
PFG_MOEA,110,4,98.88,1134.43,0 4 24 45 94 66 53 80 76 9 55 96 57 95 73 41 12 27 13 0,55 76
PFG_MOEA,110,5,98.88,1134.43,0 89 10 26 59 44 38 47 69 28 42 46 7 8 93 60 61 97 75 81 100 0,47 59
PFG_MOEA,110,6,98.88,1134.43,0 5 29 52 87 6 65 90 79 51 49 32 67 72 70 54 36 3 62 48 0,32 51 54 72
PFG_MOEA,111,1,104.19,1056.66,0 19 18 91 21 22 33 37 68 56 39 84 23 82 86 67 72 70 54 36 3 0,33 39
PFG_MOEA,111,2,104.19,1056.66,0 50 77 58 48 62 92 43 2 1 16 40 71 35 31 17 0,40
PFG_MOEA,111,3,104.19,1056.66,0 13 27 12 73 15 98 85 88 63 74 78 64 30 41 99 34 25 0,15
PFG_MOEA,111,4,104.19,1056.66,0 4 80 53 66 94 45 24 55 9 76 42 14 11 83 95 57 96 89 10 0,95
PFG_MOEA,111,5,104.19,1056.66,0 26 59 44 38 47 69 28 46 7 8 93 100 81 75 97 61 60 52 87 6 0,28
PFG_MOEA,111,6,104.19,1056.66,0 5 29 65 90 79 32 49 51 20 0,
PFG_MOEA,112,1,98.88,1134.43,0 23 84 39 56 68 37 33 22 21 91 19 18 16 40 35 31 17 20 0,35
PFG_MOEA,112,2,98.88,1134.43,0 15 30 64 78 74 63 98 71 99 2 25 50 77 58 82 86 0,
PFG_MOEA,112,3,98.88,1134.43,0 92 43 1 34 88 85 14 11 83 0,92
PFG_MOEA,112,4,98.88,1134.43,0 4 24 45 94 66 53 80 76 9 55 96 57 95 73 41 12 27 13 0,55 76
PFG_MOEA,112,5,98.88,1134.43,0 89 10 26 59 44 38 47 69 28 42 46 7 8 93 60 61 97 75 81 100 0,47 59
PFG_MOEA,112,6,98.88,1134.43,0 5 29 52 87 6 65 90 79 51 49 32 67 72 70 54 36 3 62 48 0,32 51 54 72
PFG_MOEA,113,1,104.19,1056.66,0 19 18 91 21 22 33 37 68 56 39 84 23 82 86 67 72 70 54 36 3 0,33 39
PFG_MOEA,113,2,104.19,1056.66,0 50 77 58 48 62 92 43 2 1 16 40 71 35 31 17 0,40
PFG_MOEA,113,3,104.19,1056.66,0 13 27 12 73 15 98 85 88 63 74 78 64 30 41 99 34 25 0,15
PFG_MOEA,113,4,104.19,1056.66,0 4 80 53 66 94 45 24 55 9 76 42 14 11 83 95 57 96 89 10 0,95
PFG_MOEA,113,5,104.19,1056.66,0 26 59 44 38 47 69 28 46 7 8 93 100 81 75 97 61 60 52 87 6 0,28
PFG_MOEA,113,6,104.19,1056.66,0 5 29 65 90 79 32 49 51 20 0,
PFG_MOEA,114,1,98.88,1134.43,0 23 84 39 56 68 37 33 22 21 91 19 18 16 40 35 31 17 20 0,35
PFG_MOEA,114,2,98.88,1134.43,0 15 30 64 78 74 63 98 71 99 2 25 50 77 58 82 86 0,
PFG_MOEA,114,3,98.88,1134.43,0 92 43 1 34 88 85 14 11 83 0,92
PFG_MOEA,114,4,98.88,1134.43,0 4 24 45 94 66 53 80 76 9 55 96 57 95 73 41 12 27 13 0,55 76
PFG_MOEA,114,5,98.88,1134.43,0 89 10 26 59 44 38 47 69 28 42 46 7 8 93 60 61 97 75 81 100 0,47 59
PFG_MOEA,114,6,98.88,1134.43,0 5 29 52 87 6 65 90 79 51 49 32 67 72 70 54 36 3 62 48 0,32 51 54 72
PFG_MOEA,115,1,104.19,1056.66,0 19 18 91 21 22 33 37 68 56 39 84 23 82 86 67 72 70 54 36 3 0,33 39
PFG_MOEA,115,2,104.19,1056.66,0 50 77 58 48 62 92 43 2 1 16 40 71 35 31 17 0,40
PFG_MOEA,115,3,104.19,1056.66,0 13 27 12 73 15 98 85 88 63 74 78 64 30 41 99 34 25 0,15
PFG_MOEA,115,4,104.19,1056.66,0 4 80 53 66 94 45 24 55 9 76 42 14 11 83 95 57 96 89 10 0,95
PFG_MOEA,115,5,104.19,1056.66,0 26 59 44 38 47 69 28 46 7 8 93 100 81 75 97 61 60 52 87 6 0,28
PFG_MOEA,115,6,104.19,1056.66,0 5 29 65 90 79 32 49 51 20 0,
PFG_MOEA,116,1,98.88,1134.43,0 23 84 39 56 68 37 33 22 21 91 19 18 16 40 35 31 17 20 0,35
PFG_MOEA,116,2,98.88,1134.43,0 15 30 64 78 74 63 98 71 99 2 25 50 77 58 82 86 0,
PFG_MOEA,116,3,98.88,1134.43,0 92 43 1 34 88 85 14 11 83 0,92
PFG_MOEA,116,4,98.88,1134.43,0 4 24 45 94 66 53 80 76 9 55 96 57 95 73 41 12 27 13 0,55 76
PFG_MOEA,116,5,98.88,1134.43,0 89 10 26 59 44 38 47 69 28 42 46 7 8 93 60 61 97 75 81 100 0,47 59
PFG_MOEA,116,6,98.88,1134.43,0 5 29 52 87 6 65 90 79 51 49 32 67 72 70 54 36 3 62 48 0,32 51 54 72
PFG_MOEA,117,1,104.19,1056.66,0 19 18 91 21 22 33 37 68 56 39 84 23 82 86 67 72 70 54 36 3 0,33 39
PFG_MOEA,117,2,104.19,1056.66,0 50 77 58 48 62 92 43 2 1 16 40 71 35 31 17 0,40
PFG_MOEA,117,3,104.19,1056.66,0 13 27 12 73 15 98 85 88 63 74 78 64 30 41 99 34 25 0,15
PFG_MOEA,117,4,104.19,1056.66,0 4 80 53 66 94 45 24 55 9 76 42 14 11 83 95 57 96 89 10 0,95
PFG_MOEA,117,5,104.19,1056.66,0 26 59 44 38 47 69 28 46 7 8 93 100 81 75 97 61 60 52 87 6 0,28
PFG_MOEA,117,6,104.19,1056.66,0 5 29 65 90 79 32 49 51 20 0,
PFG_MOEA,118,1,98.88,1134.43,0 23 84 39 56 68 37 33 22 21 91 19 18 16 40 35 31 17 20 0,35
PFG_MOEA,118,2,98.88,1134.43,0 15 30 64 78 74 63 98 71 99 2 25 50 77 58 82 86 0,
PFG_MOEA,118,3,98.88,1134.43,0 92 43 1 34 88 85 14 11 83 0,92
PFG_MOEA,118,4,98.88,1134.43,0 4 24 45 94 66 53 80 76 9 55 96 57 95 73 41 12 27 13 0,55 76
PFG_MOEA,118,5,98.88,1134.43,0 89 10 26 59 44 38 47 69 28 42 46 7 8 93 60 61 97 75 81 100 0,47 59
PFG_MOEA,118,6,98.88,1134.43,0 5 29 52 87 6 65 90 79 51 49 32 67 72 70 54 36 3 62 48 0,32 51 54 72
PFG_MOEA,119,1,104.19,1056.66,0 19 18 91 21 22 33 37 68 56 39 84 23 82 86 67 72 70 54 36 3 0,33 39
PFG_MOEA,119,2,104.19,1056.66,0 50 77 58 48 62 92 43 2 1 16 40 71 35 31 17 0,40
PFG_MOEA,119,3,104.19,1056.66,0 13 27 12 73 15 98 85 88 63 74 78 64 30 41 99 34 25 0,15
PFG_MOEA,119,4,104.19,1056.66,0 4 80 53 66 94 45 24 55 9 76 42 14 11 83 95 57 96 89 10 0,95
PFG_MOEA,119,5,104.19,1056.66,0 26 59 44 38 47 69 28 46 7 8 93 100 81 75 97 61 60 52 87 6 0,28
PFG_MOEA,119,6,104.19,1056.66,0 5 29 65 90 79 32 49 51 20 0,
PFG_MOEA,120,1,98.88,1134.43,0 23 84 39 56 68 37 33 22 21 91 19 18 16 40 35 31 17 20 0,35
PFG_MOEA,120,2,98.88,1134.43,0 15 30 64 78 74 63 98 71 99 2 25 50 77 58 82 86 0,
PFG_MOEA,120,3,98.88,1134.43,0 92 43 1 34 88 85 14 11 83 0,92
PFG_MOEA,120,4,98.88,1134.43,0 4 24 45 94 66 53 80 76 9 55 96 57 95 73 41 12 27 13 0,55 76
PFG_MOEA,120,5,98.88,1134.43,0 89 10 26 59 44 38 47 69 28 42 46 7 8 93 60 61 97 75 81 100 0,47 59
PFG_MOEA,120,6,98.88,1134.43,0 5 29 52 87 6 65 90 79 51 49 32 67 72 70 54 36 3 62 48 0,32 51 54 72
PFG_MOEA,121,1,104.19,1056.66,0 19 18 91 21 22 33 37 68 56 39 84 23 82 86 67 72 70 54 36 3 0,33 39
PFG_MOEA,121,2,104.19,1056.66,0 50 77 58 48 62 92 43 2 1 16 40 71 35 31 17 0,40
PFG_MOEA,121,3,104.19,1056.66,0 13 27 12 73 15 98 85 88 63 74 78 64 30 41 99 34 25 0,15
PFG_MOEA,121,4,104.19,1056.66,0 4 80 53 66 94 45 24 55 9 76 42 14 11 83 95 57 96 89 10 0,95
PFG_MOEA,121,5,104.19,1056.66,0 26 59 44 38 47 69 28 46 7 8 93 100 81 75 97 61 60 52 87 6 0,28
PFG_MOEA,121,6,104.19,1056.66,0 5 29 65 90 79 32 49 51 20 0,
PFG_MOEA,122,1,98.88,1134.43,0 23 84 39 56 68 37 33 22 21 91 19 18 16 40 35 31 17 20 0,35
PFG_MOEA,122,2,98.88,1134.43,0 15 30 64 78 74 63 98 71 99 2 25 50 77 58 82 86 0,
PFG_MOEA,122,3,98.88,1134.43,0 92 43 1 34 88 85 14 11 83 0,92
PFG_MOEA,122,4,98.88,1134.43,0 4 24 45 94 66 53 80 76 9 55 96 57 95 73 41 12 27 13 0,55 76
PFG_MOEA,122,5,98.88,1134.43,0 89 10 26 59 44 38 47 69 28 42 46 7 8 93 60 61 97 75 81 100 0,47 59
PFG_MOEA,122,6,98.88,1134.43,0 5 29 52 87 6 65 90 79 51 49 32 67 72 70 54 36 3 62 48 0,32 51 54 72
PFG_MOEA,123,1,104.19,1056.66,0 19 18 91 21 22 33 37 68 56 39 84 23 82 86 67 72 70 54 36 3 0,33 39
PFG_MOEA,123,2,104.19,1056.66,0 50 77 58 48 62 92 43 2 1 16 40 71 35 31 17 0,40
PFG_MOEA,123,3,104.19,1056.66,0 13 27 12 73 15 98 85 88 63 74 78 64 30 41 99 34 25 0,15
PFG_MOEA,123,4,104.19,1056.66,0 4 80 53 66 94 45 24 55 9 76 42 14 11 83 95 57 96 89 10 0,95
PFG_MOEA,123,5,104.19,1056.66,0 26 59 44 38 47 69 28 46 7 8 93 100 81 75 97 61 60 52 87 6 0,28
PFG_MOEA,123,6,104.19,1056.66,0 5 29 65 90 79 32 49 51 20 0,
PFG_MOEA,124,1,98.88,1134.43,0 23 84 39 56 68 37 33 22 21 91 19 18 16 40 35 31 17 20 0,35
PFG_MOEA,124,2,98.88,1134.43,0 15 30 64 78 74 63 98 71 99 2 25 50 77 58 82 86 0,
PFG_MOEA,124,3,98.88,1134.43,0 92 43 1 34 88 85 14 11 83 0,92
PFG_MOEA,124,4,98.88,1134.43,0 4 24 45 94 66 53 80 76 9 55 96 57 95 73 41 12 27 13 0,55 76
PFG_MOEA,124,5,98.88,1134.43,0 89 10 26 59 44 38 47 69 28 42 46 7 8 93 60 61 97 75 81 100 0,47 59
PFG_MOEA,124,6,98.88,1134.43,0 5 29 52 87 6 65 90 79 51 49 32 67 72 70 54 36 3 62 48 0,32 51 54 72
PFG_MOEA,125,1,104.19,1056.66,0 19 18 91 21 22 33 37 68 56 39 84 23 82 86 67 72 70 54 36 3 0,33 39
PFG_MOEA,125,2,104.19,1056.66,0 50 77 58 48 62 92 43 2 1 16 40 71 35 31 17 0,40
PFG_MOEA,125,3,104.19,1056.66,0 13 27 12 73 15 98 85 88 63 74 78 64 30 41 99 34 25 0,15
PFG_MOEA,125,4,104.19,1056.66,0 4 80 53 66 94 45 24 55 9 76 42 14 11 83 95 57 96 89 10 0,95
PFG_MOEA,125,5,104.19,1056.66,0 26 59 44 38 47 69 28 46 7 8 93 100 81 75 97 61 60 52 87 6 0,28
PFG_MOEA,125,6,104.19,1056.66,0 5 29 65 90 79 32 49 51 20 0,
PFG_MOEA,126,1,98.88,1134.43,0 23 84 39 56 68 37 33 22 21 91 19 18 16 40 35 31 17 20 0,35
PFG_MOEA,126,2,98.88,1134.43,0 15 30 64 78 74 63 98 71 99 2 25 50 77 58 82 86 0,
PFG_MOEA,126,3,98.88,1134.43,0 92 43 1 34 88 85 14 11 83 0,92
PFG_MOEA,126,4,98.88,1134.43,0 4 24 45 94 66 53 80 76 9 55 96 57 95 73 41 12 27 13 0,55 76
PFG_MOEA,126,5,98.88,1134.43,0 89 10 26 59 44 38 47 69 28 42 46 7 8 93 60 61 97 75 81 100 0,47 59
PFG_MOEA,126,6,98.88,1134.43,0 5 29 52 87 6 65 90 79 51 49 32 67 72 70 54 36 3 62 48 0,32 51 54 72
PFG_MOEA,127,1,104.19,1056.66,0 19 18 91 21 22 33 37 68 56 39 84 23 82 86 67 72 70 54 36 3 0,33 39
PFG_MOEA,127,2,104.19,1056.66,0 50 77 58 48 62 92 43 2 1 16 40 71 35 31 17 0,40
PFG_MOEA,127,3,104.19,1056.66,0 13 27 12 73 15 98 85 88 63 74 78 64 30 41 99 34 25 0,15
PFG_MOEA,127,4,104.19,1056.66,0 4 80 53 66 94 45 24 55 9 76 42 14 11 83 95 57 96 89 10 0,95
PFG_MOEA,127,5,104.19,1056.66,0 26 59 44 38 47 69 28 46 7 8 93 100 81 75 97 61 60 52 87 6 0,28
PFG_MOEA,127,6,104.19,1056.66,0 5 29 65 90 79 32 49 51 20 0,
PFG_MOEA,128,1,98.88,1134.43,0 23 84 39 56 68 37 33 22 21 91 19 18 16 40 35 31 17 20 0,35
PFG_MOEA,128,2,98.88,1134.43,0 15 30 64 78 74 63 98 71 99 2 25 50 77 58 82 86 0,
PFG_MOEA,128,3,98.88,1134.43,0 92 43 1 34 88 85 14 11 83 0,92
PFG_MOEA,128,4,98.88,1134.43,0 4 24 45 94 66 53 80 76 9 55 96 57 95 73 41 12 27 13 0,55 76
PFG_MOEA,128,5,98.88,1134.43,0 89 10 26 59 44 38 47 69 28 42 46 7 8 93 60 61 97 75 81 100 0,47 59
PFG_MOEA,128,6,98.88,1134.43,0 5 29 52 87 6 65 90 79 51 49 32 67 72 70 54 36 3 62 48 0,32 51 54 72
PFG_MOEA,129,1,104.19,1056.66,0 19 18 91 21 22 33 37 68 56 39 84 23 82 86 67 72 70 54 36 3 0,33 39
PFG_MOEA,129,2,104.19,1056.66,0 50 77 58 48 62 92 43 2 1 16 40 71 35 31 17 0,40
PFG_MOEA,129,3,104.19,1056.66,0 13 27 12 73 15 98 85 88 63 74 78 64 30 41 99 34 25 0,15
PFG_MOEA,129,4,104.19,1056.66,0 4 80 53 66 94 45 24 55 9 76 42 14 11 83 95 57 96 89 10 0,95
PFG_MOEA,129,5,104.19,1056.66,0 26 59 44 38 47 69 28 46 7 8 93 100 81 75 97 61 60 52 87 6 0,28
PFG_MOEA,129,6,104.19,1056.66,0 5 29 65 90 79 32 49 51 20 0,
PFG_MOEA,130,1,98.88,1134.43,0 23 84 39 56 68 37 33 22 21 91 19 18 16 40 35 31 17 20 0,35
PFG_MOEA,130,2,98.88,1134.43,0 15 30 64 78 74 63 98 71 99 2 25 50 77 58 82 86 0,
PFG_MOEA,130,3,98.88,1134.43,0 92 43 1 34 88 85 14 11 83 0,92
PFG_MOEA,130,4,98.88,1134.43,0 4 24 45 94 66 53 80 76 9 55 96 57 95 73 41 12 27 13 0,55 76
PFG_MOEA,130,5,98.88,1134.43,0 89 10 26 59 44 38 47 69 28 42 46 7 8 93 60 61 97 75 81 100 0,47 59
PFG_MOEA,130,6,98.88,1134.43,0 5 29 52 87 6 65 90 79 51 49 32 67 72 70 54 36 3 62 48 0,32 51 54 72
PFG_MOEA,131,1,104.19,1056.66,0 19 18 91 21 22 33 37 68 56 39 84 23 82 86 67 72 70 54 36 3 0,33 39
PFG_MOEA,131,2,104.19,1056.66,0 50 77 58 48 62 92 43 2 1 16 40 71 35 31 17 0,40
PFG_MOEA,131,3,104.19,1056.66,0 13 27 12 73 15 98 85 88 63 74 78 64 30 41 99 34 25 0,15
PFG_MOEA,131,4,104.19,1056.66,0 4 80 53 66 94 45 24 55 9 76 42 14 11 83 95 57 96 89 10 0,95
PFG_MOEA,131,5,104.19,1056.66,0 26 59 44 38 47 69 28 46 7 8 93 100 81 75 97 61 60 52 87 6 0,28
PFG_MOEA,131,6,104.19,1056.66,0 5 29 65 90 79 32 49 51 20 0,
PFG_MOEA,132,1,98.88,1134.43,0 23 84 39 56 68 37 33 22 21 91 19 18 16 40 35 31 17 20 0,35
PFG_MOEA,132,2,98.88,1134.43,0 15 30 64 78 74 63 98 71 99 2 25 50 77 58 82 86 0,
PFG_MOEA,132,3,98.88,1134.43,0 92 43 1 34 88 85 14 11 83 0,92
PFG_MOEA,132,4,98.88,1134.43,0 4 24 45 94 66 53 80 76 9 55 96 57 95 73 41 12 27 13 0,55 76
PFG_MOEA,132,5,98.88,1134.43,0 89 10 26 59 44 38 47 69 28 42 46 7 8 93 60 61 97 75 81 100 0,47 59
PFG_MOEA,132,6,98.88,1134.43,0 5 29 52 87 6 65 90 79 51 49 32 67 72 70 54 36 3 62 48 0,32 51 54 72
PFG_MOEA,133,1,104.19,1056.66,0 19 18 91 21 22 33 37 68 56 39 84 23 82 86 67 72 70 54 36 3 0,33 39
PFG_MOEA,133,2,104.19,1056.66,0 50 77 58 48 62 92 43 2 1 16 40 71 35 31 17 0,40
PFG_MOEA,133,3,104.19,1056.66,0 13 27 12 73 15 98 85 88 63 74 78 64 30 41 99 34 25 0,15
PFG_MOEA,133,4,104.19,1056.66,0 4 80 53 66 94 45 24 55 9 76 42 14 11 83 95 57 96 89 10 0,95
PFG_MOEA,133,5,104.19,1056.66,0 26 59 44 38 47 69 28 46 7 8 93 100 81 75 97 61 60 52 87 6 0,28
PFG_MOEA,133,6,104.19,1056.66,0 5 29 65 90 79 32 49 51 20 0,
PFG_MOEA,134,1,98.88,1134.43,0 23 84 39 56 68 37 33 22 21 91 19 18 16 40 35 31 17 20 0,35
PFG_MOEA,134,2,98.88,1134.43,0 15 30 64 78 74 63 98 71 99 2 25 50 77 58 82 86 0,
PFG_MOEA,134,3,98.88,1134.43,0 92 43 1 34 88 85 14 11 83 0,92
PFG_MOEA,134,4,98.88,1134.43,0 4 24 45 94 66 53 80 76 9 55 96 57 95 73 41 12 27 13 0,55 76
PFG_MOEA,134,5,98.88,1134.43,0 89 10 26 59 44 38 47 69 28 42 46 7 8 93 60 61 97 75 81 100 0,47 59
PFG_MOEA,134,6,98.88,1134.43,0 5 29 52 87 6 65 90 79 51 49 32 67 72 70 54 36 3 62 48 0,32 51 54 72
PFG_MOEA,135,1,104.19,1056.66,0 19 18 91 21 22 33 37 68 56 39 84 23 82 86 67 72 70 54 36 3 0,33 39
PFG_MOEA,135,2,104.19,1056.66,0 50 77 58 48 62 92 43 2 1 16 40 71 35 31 17 0,40
PFG_MOEA,135,3,104.19,1056.66,0 13 27 12 73 15 98 85 88 63 74 78 64 30 41 99 34 25 0,15
PFG_MOEA,135,4,104.19,1056.66,0 4 80 53 66 94 45 24 55 9 76 42 14 11 83 95 57 96 89 10 0,95
PFG_MOEA,135,5,104.19,1056.66,0 26 59 44 38 47 69 28 46 7 8 93 100 81 75 97 61 60 52 87 6 0,28
PFG_MOEA,135,6,104.19,1056.66,0 5 29 65 90 79 32 49 51 20 0,
PFG_MOEA,136,1,98.88,1134.43,0 23 84 39 56 68 37 33 22 21 91 19 18 16 40 35 31 17 20 0,35
PFG_MOEA,136,2,98.88,1134.43,0 15 30 64 78 74 63 98 71 99 2 25 50 77 58 82 86 0,
PFG_MOEA,136,3,98.88,1134.43,0 92 43 1 34 88 85 14 11 83 0,92
PFG_MOEA,136,4,98.88,1134.43,0 4 24 45 94 66 53 80 76 9 55 96 57 95 73 41 12 27 13 0,55 76
PFG_MOEA,136,5,98.88,1134.43,0 89 10 26 59 44 38 47 69 28 42 46 7 8 93 60 61 97 75 81 100 0,47 59
PFG_MOEA,136,6,98.88,1134.43,0 5 29 52 87 6 65 90 79 51 49 32 67 72 70 54 36 3 62 48 0,32 51 54 72
PFG_MOEA,137,1,104.19,1056.66,0 19 18 91 21 22 33 37 68 56 39 84 23 82 86 67 72 70 54 36 3 0,33 39
PFG_MOEA,137,2,104.19,1056.66,0 50 77 58 48 62 92 43 2 1 16 40 71 35 31 17 0,40
PFG_MOEA,137,3,104.19,1056.66,0 13 27 12 73 15 98 85 88 63 74 78 64 30 41 99 34 25 0,15
PFG_MOEA,137,4,104.19,1056.66,0 4 80 53 66 94 45 24 55 9 76 42 14 11 83 95 57 96 89 10 0,95
PFG_MOEA,137,5,104.19,1056.66,0 26 59 44 38 47 69 28 46 7 8 93 100 81 75 97 61 60 52 87 6 0,28
PFG_MOEA,137,6,104.19,1056.66,0 5 29 65 90 79 32 49 51 20 0,
PFG_MOEA,138,1,98.88,1134.43,0 23 84 39 56 68 37 33 22 21 91 19 18 16 40 35 31 17 20 0,35
PFG_MOEA,138,2,98.88,1134.43,0 15 30 64 78 74 63 98 71 99 2 25 50 77 58 82 86 0,
PFG_MOEA,138,3,98.88,1134.43,0 92 43 1 34 88 85 14 11 83 0,92
PFG_MOEA,138,4,98.88,1134.43,0 4 24 45 94 66 53 80 76 9 55 96 57 95 73 41 12 27 13 0,55 76
PFG_MOEA,138,5,98.88,1134.43,0 89 10 26 59 44 38 47 69 28 42 46 7 8 93 60 61 97 75 81 100 0,47 59
PFG_MOEA,138,6,98.88,1134.43,0 5 29 52 87 6 65 90 79 51 49 32 67 72 70 54 36 3 62 48 0,32 51 54 72
PFG_MOEA,139,1,104.19,1056.66,0 19 18 91 21 22 33 37 68 56 39 84 23 82 86 67 72 70 54 36 3 0,33 39
PFG_MOEA,139,2,104.19,1056.66,0 50 77 58 48 62 92 43 2 1 16 40 71 35 31 17 0,40
PFG_MOEA,139,3,104.19,1056.66,0 13 27 12 73 15 98 85 88 63 74 78 64 30 41 99 34 25 0,15
PFG_MOEA,139,4,104.19,1056.66,0 4 80 53 66 94 45 24 55 9 76 42 14 11 83 95 57 96 89 10 0,95
PFG_MOEA,139,5,104.19,1056.66,0 26 59 44 38 47 69 28 46 7 8 93 100 81 75 97 61 60 52 87 6 0,28
PFG_MOEA,139,6,104.19,1056.66,0 5 29 65 90 79 32 49 51 20 0,
PFG_MOEA,140,1,98.88,1134.43,0 23 84 39 56 68 37 33 22 21 91 19 18 16 40 35 31 17 20 0,35
PFG_MOEA,140,2,98.88,1134.43,0 15 30 64 78 74 63 98 71 99 2 25 50 77 58 82 86 0,
PFG_MOEA,140,3,98.88,1134.43,0 92 43 1 34 88 85 14 11 83 0,92
PFG_MOEA,140,4,98.88,1134.43,0 4 24 45 94 66 53 80 76 9 55 96 57 95 73 41 12 27 13 0,55 76
PFG_MOEA,140,5,98.88,1134.43,0 89 10 26 59 44 38 47 69 28 42 46 7 8 93 60 61 97 75 81 100 0,47 59
PFG_MOEA,140,6,98.88,1134.43,0 5 29 52 87 6 65 90 79 51 49 32 67 72 70 54 36 3 62 48 0,32 51 54 72
PFG_MOEA,141,1,104.19,1056.66,0 19 18 91 21 22 33 37 68 56 39 84 23 82 86 67 72 70 54 36 3 0,33 39
PFG_MOEA,141,2,104.19,1056.66,0 50 77 58 48 62 92 43 2 1 16 40 71 35 31 17 0,40
PFG_MOEA,141,3,104.19,1056.66,0 13 27 12 73 15 98 85 88 63 74 78 64 30 41 99 34 25 0,15
PFG_MOEA,141,4,104.19,1056.66,0 4 80 53 66 94 45 24 55 9 76 42 14 11 83 95 57 96 89 10 0,95
PFG_MOEA,141,5,104.19,1056.66,0 26 59 44 38 47 69 28 46 7 8 93 100 81 75 97 61 60 52 87 6 0,28
PFG_MOEA,141,6,104.19,1056.66,0 5 29 65 90 79 32 49 51 20 0,
PFG_MOEA,142,1,98.88,1134.43,0 23 84 39 56 68 37 33 22 21 91 19 18 16 40 35 31 17 20 0,35
PFG_MOEA,142,2,98.88,1134.43,0 15 30 64 78 74 63 98 71 99 2 25 50 77 58 82 86 0,
PFG_MOEA,142,3,98.88,1134.43,0 92 43 1 34 88 85 14 11 83 0,92
PFG_MOEA,142,4,98.88,1134.43,0 4 24 45 94 66 53 80 76 9 55 96 57 95 73 41 12 27 13 0,55 76
PFG_MOEA,142,5,98.88,1134.43,0 89 10 26 59 44 38 47 69 28 42 46 7 8 93 60 61 97 75 81 100 0,47 59
PFG_MOEA,142,6,98.88,1134.43,0 5 29 52 87 6 65 90 79 51 49 32 67 72 70 54 36 3 62 48 0,32 51 54 72
PFG_MOEA,143,1,104.19,1056.66,0 19 18 91 21 22 33 37 68 56 39 84 23 82 86 67 72 70 54 36 3 0,33 39
PFG_MOEA,143,2,104.19,1056.66,0 50 77 58 48 62 92 43 2 1 16 40 71 35 31 17 0,40
PFG_MOEA,143,3,104.19,1056.66,0 13 27 12 73 15 98 85 88 63 74 78 64 30 41 99 34 25 0,15
PFG_MOEA,143,4,104.19,1056.66,0 4 80 53 66 94 45 24 55 9 76 42 14 11 83 95 57 96 89 10 0,95
PFG_MOEA,143,5,104.19,1056.66,0 26 59 44 38 47 69 28 46 7 8 93 100 81 75 97 61 60 52 87 6 0,28
PFG_MOEA,143,6,104.19,1056.66,0 5 29 65 90 79 32 49 51 20 0,
PFG_MOEA,144,1,98.88,1134.43,0 23 84 39 56 68 37 33 22 21 91 19 18 16 40 35 31 17 20 0,35
PFG_MOEA,144,2,98.88,1134.43,0 15 30 64 78 74 63 98 71 99 2 25 50 77 58 82 86 0,
PFG_MOEA,144,3,98.88,1134.43,0 92 43 1 34 88 85 14 11 83 0,92
PFG_MOEA,144,4,98.88,1134.43,0 4 24 45 94 66 53 80 76 9 55 96 57 95 73 41 12 27 13 0,55 76
PFG_MOEA,144,5,98.88,1134.43,0 89 10 26 59 44 38 47 69 28 42 46 7 8 93 60 61 97 75 81 100 0,47 59
PFG_MOEA,144,6,98.88,1134.43,0 5 29 52 87 6 65 90 79 51 49 32 67 72 70 54 36 3 62 48 0,32 51 54 72
PFG_MOEA,145,1,104.19,1056.66,0 19 18 91 21 22 33 37 68 56 39 84 23 82 86 67 72 70 54 36 3 0,33 39
PFG_MOEA,145,2,104.19,1056.66,0 50 77 58 48 62 92 43 2 1 16 40 71 35 31 17 0,40
PFG_MOEA,145,3,104.19,1056.66,0 13 27 12 73 15 98 85 88 63 74 78 64 30 41 99 34 25 0,15
PFG_MOEA,145,4,104.19,1056.66,0 4 80 53 66 94 45 24 55 9 76 42 14 11 83 95 57 96 89 10 0,95
PFG_MOEA,145,5,104.19,1056.66,0 26 59 44 38 47 69 28 46 7 8 93 100 81 75 97 61 60 52 87 6 0,28
PFG_MOEA,145,6,104.19,1056.66,0 5 29 65 90 79 32 49 51 20 0,
PFG_MOEA,146,1,98.88,1134.43,0 23 84 39 56 68 37 33 22 21 91 19 18 16 40 35 31 17 20 0,35
PFG_MOEA,146,2,98.88,1134.43,0 15 30 64 78 74 63 98 71 99 2 25 50 77 58 82 86 0,
PFG_MOEA,146,3,98.88,1134.43,0 92 43 1 34 88 85 14 11 83 0,92
PFG_MOEA,146,4,98.88,1134.43,0 4 24 45 94 66 53 80 76 9 55 96 57 95 73 41 12 27 13 0,55 76
PFG_MOEA,146,5,98.88,1134.43,0 89 10 26 59 44 38 47 69 28 42 46 7 8 93 60 61 97 75 81 100 0,47 59
PFG_MOEA,146,6,98.88,1134.43,0 5 29 52 87 6 65 90 79 51 49 32 67 72 70 54 36 3 62 48 0,32 51 54 72
PFG_MOEA,147,1,172.71,848.77,0 89 10 26 59 44 38 47 69 28 42 76 9 7 8 79 51 49 32 3 36 54 70 72 67 86 82 0,3 10 67
PFG_MOEA,147,2,172.71,848.77,0 50 77 58 48 62 92 43 1 99 25 2 0,92
PFG_MOEA,147,3,172.71,848.77,0 34 21 37 33 22 23 84 56 39 68 18 19 91 20 17 31 16 40 35 71 15 30 64 78 74 63 88 85 98 14 11 83 96 46 0,15 20
PFG_MOEA,147,4,172.71,848.77,0 81 75 93 100 0,
PFG_MOEA,147,5,172.71,848.77,0 13 27 12 41 73 95 57 97 61 60 5 29 52 87 6 65 90 24 45 94 66 53 80 4 0,95
PFG_MOEA,147,6,172.71,848.77,0 55 0,55
PFG_MOEA,148,1,104.19,1056.66,0 19 18 91 21 22 33 37 68 56 39 84 23 82 86 67 72 70 54 36 3 0,33 39
PFG_MOEA,148,2,104.19,1056.66,0 50 77 58 48 62 92 43 2 1 16 40 71 35 31 17 0,40
PFG_MOEA,148,3,104.19,1056.66,0 13 27 12 73 15 98 85 88 63 74 78 64 30 41 99 34 25 0,15
PFG_MOEA,148,4,104.19,1056.66,0 4 80 53 66 94 45 24 55 9 76 42 14 11 83 95 57 96 89 10 0,95
PFG_MOEA,148,5,104.19,1056.66,0 26 59 44 38 47 69 28 46 7 8 93 100 81 75 97 61 60 52 87 6 0,28
PFG_MOEA,148,6,104.19,1056.66,0 5 29 65 90 79 32 49 51 20 0,
PFG_MOEA,149,1,98.88,1134.43,0 23 84 39 56 68 37 33 22 21 91 19 18 16 40 35 31 17 20 0,35
PFG_MOEA,149,2,98.88,1134.43,0 15 30 64 78 74 63 98 71 99 2 25 50 77 58 82 86 0,
PFG_MOEA,149,3,98.88,1134.43,0 92 43 1 34 88 85 14 11 83 0,92
PFG_MOEA,149,4,98.88,1134.43,0 4 24 45 94 66 53 80 76 9 55 96 57 95 73 41 12 27 13 0,55 76
PFG_MOEA,149,5,98.88,1134.43,0 89 10 26 59 44 38 47 69 28 42 46 7 8 93 60 61 97 75 81 100 0,47 59
PFG_MOEA,149,6,98.88,1134.43,0 5 29 52 87 6 65 90 79 51 49 32 67 72 70 54 36 3 62 48 0,32 51 54 72
PFG_MOEA,150,1,172.71,848.77,0 89 10 26 59 44 38 47 69 28 42 76 9 7 8 79 51 49 32 3 36 54 70 72 67 86 82 0,3 10 67
PFG_MOEA,150,2,172.71,848.77,0 50 77 58 48 62 92 43 1 99 25 2 0,92
PFG_MOEA,150,3,172.71,848.77,0 34 21 37 33 22 23 84 56 39 68 18 19 91 20 17 31 16 40 35 71 15 30 64 78 74 63 88 85 98 14 11 83 96 46 0,15 20
PFG_MOEA,150,4,172.71,848.77,0 81 75 93 100 0,
PFG_MOEA,150,5,172.71,848.77,0 13 27 12 41 73 95 57 97 61 60 5 29 52 87 6 65 90 24 45 94 66 53 80 4 0,95
PFG_MOEA,150,6,172.71,848.77,0 55 0,55
PFG_MOEA,151,1,130.19,886.45,0 8 7 42 76 9 60 61 5 29 52 87 6 65 90 79 32 49 51 0,
PFG_MOEA,151,2,130.19,886.45,0 50 77 3 36 54 70 72 67 86 82 58 48 62 92 43 0,54 62
PFG_MOEA,151,3,130.19,886.45,0 2 25 34 21 33 37 68 39 56 84 23 22 1 99 0,
PFG_MOEA,151,4,130.19,886.45,0 20 91 19 31 17 18 16 40 35 71 15 98 85 88 63 74 78 64 30 0,
PFG_MOEA,151,5,130.19,886.45,0 81 46 96 83 11 14 95 57 0,
PFG_MOEA,151,6,130.19,886.45,0 4 80 53 66 94 45 24 97 100 93 75 55 28 69 47 38 44 59 26 10 89 73 41 12 27 13 0,55 59
PFG_MOEA,152,1,104.19,1056.66,0 19 18 91 21 22 33 37 68 56 39 84 23 82 86 67 72 70 54 36 3 0,33 39
PFG_MOEA,152,2,104.19,1056.66,0 50 77 58 48 62 92 43 2 1 16 40 71 35 31 17 0,40
PFG_MOEA,152,3,104.19,1056.66,0 13 27 12 73 15 98 85 88 63 74 78 64 30 41 99 34 25 0,15
PFG_MOEA,152,4,104.19,1056.66,0 4 80 53 66 94 45 24 55 9 76 42 14 11 83 95 57 96 89 10 0,95
PFG_MOEA,152,5,104.19,1056.66,0 26 59 44 38 47 69 28 46 7 8 93 100 81 75 97 61 60 52 87 6 0,28
PFG_MOEA,152,6,104.19,1056.66,0 5 29 65 90 79 32 49 51 20 0,
PFG_MOEA,153,1,98.88,1134.43,0 23 84 39 56 68 37 33 22 21 91 19 18 16 40 35 31 17 20 0,35
PFG_MOEA,153,2,98.88,1134.43,0 15 30 64 78 74 63 98 71 99 2 25 50 77 58 82 86 0,
PFG_MOEA,153,3,98.88,1134.43,0 92 43 1 34 88 85 14 11 83 0,92
PFG_MOEA,153,4,98.88,1134.43,0 4 24 45 94 66 53 80 76 9 55 96 57 95 73 41 12 27 13 0,55 76
PFG_MOEA,153,5,98.88,1134.43,0 89 10 26 59 44 38 47 69 28 42 46 7 8 93 60 61 97 75 81 100 0,47 59
PFG_MOEA,153,6,98.88,1134.43,0 5 29 52 87 6 65 90 79 51 49 32 67 72 70 54 36 3 62 48 0,32 51 54 72
PFG_MOEA,154,1,172.71,848.77,0 89 10 26 59 44 38 47 69 28 42 76 9 7 8 79 51 49 32 3 36 54 70 72 67 86 82 0,3 10 67
PFG_MOEA,154,2,172.71,848.77,0 50 77 58 48 62 92 43 1 99 25 2 0,92
PFG_MOEA,154,3,172.71,848.77,0 34 21 37 33 22 23 84 56 39 68 18 19 91 20 17 31 16 40 35 71 15 30 64 78 74 63 88 85 98 14 11 83 96 46 0,15 20
PFG_MOEA,154,4,172.71,848.77,0 81 75 93 100 0,
PFG_MOEA,154,5,172.71,848.77,0 13 27 12 41 73 95 57 97 61 60 5 29 52 87 6 65 90 24 45 94 66 53 80 4 0,95
PFG_MOEA,154,6,172.71,848.77,0 55 0,55
PFG_MOEA,155,1,130.19,886.45,0 8 7 42 76 9 60 61 5 29 52 87 6 65 90 79 32 49 51 0,
PFG_MOEA,155,2,130.19,886.45,0 50 77 3 36 54 70 72 67 86 82 58 48 62 92 43 0,54 62
PFG_MOEA,155,3,130.19,886.45,0 2 25 34 21 33 37 68 39 56 84 23 22 1 99 0,
PFG_MOEA,155,4,130.19,886.45,0 20 91 19 31 17 18 16 40 35 71 15 98 85 88 63 74 78 64 30 0,
PFG_MOEA,155,5,130.19,886.45,0 81 46 96 83 11 14 95 57 0,
PFG_MOEA,155,6,130.19,886.45,0 4 80 53 66 94 45 24 97 100 93 75 55 28 69 47 38 44 59 26 10 89 73 41 12 27 13 0,55 59
PFG_MOEA,156,1,104.19,1056.66,0 19 18 91 21 22 33 37 68 56 39 84 23 82 86 67 72 70 54 36 3 0,33 39
PFG_MOEA,156,2,104.19,1056.66,0 50 77 58 48 62 92 43 2 1 16 40 71 35 31 17 0,40
PFG_MOEA,156,3,104.19,1056.66,0 13 27 12 73 15 98 85 88 63 74 78 64 30 41 99 34 25 0,15
PFG_MOEA,156,4,104.19,1056.66,0 4 80 53 66 94 45 24 55 9 76 42 14 11 83 95 57 96 89 10 0,95
PFG_MOEA,156,5,104.19,1056.66,0 26 59 44 38 47 69 28 46 7 8 93 100 81 75 97 61 60 52 87 6 0,28
PFG_MOEA,156,6,104.19,1056.66,0 5 29 65 90 79 32 49 51 20 0,
PFG_MOEA,157,1,98.88,1134.43,0 23 84 39 56 68 37 33 22 21 91 19 18 16 40 35 31 17 20 0,35
PFG_MOEA,157,2,98.88,1134.43,0 15 30 64 78 74 63 98 71 99 2 25 50 77 58 82 86 0,
PFG_MOEA,157,3,98.88,1134.43,0 92 43 1 34 88 85 14 11 83 0,92
PFG_MOEA,157,4,98.88,1134.43,0 4 24 45 94 66 53 80 76 9 55 96 57 95 73 41 12 27 13 0,55 76
PFG_MOEA,157,5,98.88,1134.43,0 89 10 26 59 44 38 47 69 28 42 46 7 8 93 60 61 97 75 81 100 0,47 59
PFG_MOEA,157,6,98.88,1134.43,0 5 29 52 87 6 65 90 79 51 49 32 67 72 70 54 36 3 62 48 0,32 51 54 72
PFG_MOEA,158,1,172.71,848.77,0 89 10 26 59 44 38 47 69 28 42 76 9 7 8 79 51 49 32 3 36 54 70 72 67 86 82 0,3 10 67
PFG_MOEA,158,2,172.71,848.77,0 50 77 58 48 62 92 43 1 99 25 2 0,92
PFG_MOEA,158,3,172.71,848.77,0 34 21 37 33 22 23 84 56 39 68 18 19 91 20 17 31 16 40 35 71 15 30 64 78 74 63 88 85 98 14 11 83 96 46 0,15 20
PFG_MOEA,158,4,172.71,848.77,0 81 75 93 100 0,
PFG_MOEA,158,5,172.71,848.77,0 13 27 12 41 73 95 57 97 61 60 5 29 52 87 6 65 90 24 45 94 66 53 80 4 0,95
PFG_MOEA,158,6,172.71,848.77,0 55 0,55
PFG_MOEA,159,1,130.19,886.45,0 8 7 42 76 9 60 61 5 29 52 87 6 65 90 79 32 49 51 0,
PFG_MOEA,159,2,130.19,886.45,0 50 77 3 36 54 70 72 67 86 82 58 48 62 92 43 0,54 62
PFG_MOEA,159,3,130.19,886.45,0 2 25 34 21 33 37 68 39 56 84 23 22 1 99 0,
PFG_MOEA,159,4,130.19,886.45,0 20 91 19 31 17 18 16 40 35 71 15 98 85 88 63 74 78 64 30 0,
PFG_MOEA,159,5,130.19,886.45,0 81 46 96 83 11 14 95 57 0,
PFG_MOEA,159,6,130.19,886.45,0 4 80 53 66 94 45 24 97 100 93 75 55 28 69 47 38 44 59 26 10 89 73 41 12 27 13 0,55 59
PFG_MOEA,160,1,104.19,1056.66,0 19 18 91 21 22 33 37 68 56 39 84 23 82 86 67 72 70 54 36 3 0,33 39
PFG_MOEA,160,2,104.19,1056.66,0 50 77 58 48 62 92 43 2 1 16 40 71 35 31 17 0,40
PFG_MOEA,160,3,104.19,1056.66,0 13 27 12 73 15 98 85 88 63 74 78 64 30 41 99 34 25 0,15
PFG_MOEA,160,4,104.19,1056.66,0 4 80 53 66 94 45 24 55 9 76 42 14 11 83 95 57 96 89 10 0,95
PFG_MOEA,160,5,104.19,1056.66,0 26 59 44 38 47 69 28 46 7 8 93 100 81 75 97 61 60 52 87 6 0,28
PFG_MOEA,160,6,104.19,1056.66,0 5 29 65 90 79 32 49 51 20 0,
PFG_MOEA,161,1,98.88,1134.43,0 23 84 39 56 68 37 33 22 21 91 19 18 16 40 35 31 17 20 0,35
PFG_MOEA,161,2,98.88,1134.43,0 15 30 64 78 74 63 98 71 99 2 25 50 77 58 82 86 0,
PFG_MOEA,161,3,98.88,1134.43,0 92 43 1 34 88 85 14 11 83 0,92
PFG_MOEA,161,4,98.88,1134.43,0 4 24 45 94 66 53 80 76 9 55 96 57 95 73 41 12 27 13 0,55 76
PFG_MOEA,161,5,98.88,1134.43,0 89 10 26 59 44 38 47 69 28 42 46 7 8 93 60 61 97 75 81 100 0,47 59
PFG_MOEA,161,6,98.88,1134.43,0 5 29 52 87 6 65 90 79 51 49 32 67 72 70 54 36 3 62 48 0,32 51 54 72
PFG_MOEA,162,1,172.71,848.77,0 89 10 26 59 44 38 47 69 28 42 76 9 7 8 79 51 49 32 3 36 54 70 72 67 86 82 0,3 10 67
PFG_MOEA,162,2,172.71,848.77,0 50 77 58 48 62 92 43 1 99 25 2 0,92
PFG_MOEA,162,3,172.71,848.77,0 34 21 37 33 22 23 84 56 39 68 18 19 91 20 17 31 16 40 35 71 15 30 64 78 74 63 88 85 98 14 11 83 96 46 0,15 20
PFG_MOEA,162,4,172.71,848.77,0 81 75 93 100 0,
PFG_MOEA,162,5,172.71,848.77,0 13 27 12 41 73 95 57 97 61 60 5 29 52 87 6 65 90 24 45 94 66 53 80 4 0,95
PFG_MOEA,162,6,172.71,848.77,0 55 0,55
PFG_MOEA,163,1,130.19,886.45,0 8 7 42 76 9 60 61 5 29 52 87 6 65 90 79 32 49 51 0,
PFG_MOEA,163,2,130.19,886.45,0 50 77 3 36 54 70 72 67 86 82 58 48 62 92 43 0,54 62
PFG_MOEA,163,3,130.19,886.45,0 2 25 34 21 33 37 68 39 56 84 23 22 1 99 0,
PFG_MOEA,163,4,130.19,886.45,0 20 91 19 31 17 18 16 40 35 71 15 98 85 88 63 74 78 64 30 0,
PFG_MOEA,163,5,130.19,886.45,0 81 46 96 83 11 14 95 57 0,
PFG_MOEA,163,6,130.19,886.45,0 4 80 53 66 94 45 24 97 100 93 75 55 28 69 47 38 44 59 26 10 89 73 41 12 27 13 0,55 59
PFG_MOEA,164,1,104.19,1056.66,0 19 18 91 21 22 33 37 68 56 39 84 23 82 86 67 72 70 54 36 3 0,33 39
PFG_MOEA,164,2,104.19,1056.66,0 50 77 58 48 62 92 43 2 1 16 40 71 35 31 17 0,40
PFG_MOEA,164,3,104.19,1056.66,0 13 27 12 73 15 98 85 88 63 74 78 64 30 41 99 34 25 0,15
PFG_MOEA,164,4,104.19,1056.66,0 4 80 53 66 94 45 24 55 9 76 42 14 11 83 95 57 96 89 10 0,95
PFG_MOEA,164,5,104.19,1056.66,0 26 59 44 38 47 69 28 46 7 8 93 100 81 75 97 61 60 52 87 6 0,28
PFG_MOEA,164,6,104.19,1056.66,0 5 29 65 90 79 32 49 51 20 0,
PFG_MOEA,165,1,98.88,1134.43,0 23 84 39 56 68 37 33 22 21 91 19 18 16 40 35 31 17 20 0,35
PFG_MOEA,165,2,98.88,1134.43,0 15 30 64 78 74 63 98 71 99 2 25 50 77 58 82 86 0,
PFG_MOEA,165,3,98.88,1134.43,0 92 43 1 34 88 85 14 11 83 0,92
PFG_MOEA,165,4,98.88,1134.43,0 4 24 45 94 66 53 80 76 9 55 96 57 95 73 41 12 27 13 0,55 76
PFG_MOEA,165,5,98.88,1134.43,0 89 10 26 59 44 38 47 69 28 42 46 7 8 93 60 61 97 75 81 100 0,47 59
PFG_MOEA,165,6,98.88,1134.43,0 5 29 52 87 6 65 90 79 51 49 32 67 72 70 54 36 3 62 48 0,32 51 54 72
PFG_MOEA,166,1,172.71,848.77,0 89 10 26 59 44 38 47 69 28 42 76 9 7 8 79 51 49 32 3 36 54 70 72 67 86 82 0,3 10 67
PFG_MOEA,166,2,172.71,848.77,0 50 77 58 48 62 92 43 1 99 25 2 0,92
PFG_MOEA,166,3,172.71,848.77,0 34 21 37 33 22 23 84 56 39 68 18 19 91 20 17 31 16 40 35 71 15 30 64 78 74 63 88 85 98 14 11 83 96 46 0,15 20
PFG_MOEA,166,4,172.71,848.77,0 81 75 93 100 0,
PFG_MOEA,166,5,172.71,848.77,0 13 27 12 41 73 95 57 97 61 60 5 29 52 87 6 65 90 24 45 94 66 53 80 4 0,95
PFG_MOEA,166,6,172.71,848.77,0 55 0,55
PFG_MOEA,167,1,130.19,886.45,0 8 7 42 76 9 60 61 5 29 52 87 6 65 90 79 32 49 51 0,
PFG_MOEA,167,2,130.19,886.45,0 50 77 3 36 54 70 72 67 86 82 58 48 62 92 43 0,54 62
PFG_MOEA,167,3,130.19,886.45,0 2 25 34 21 33 37 68 39 56 84 23 22 1 99 0,
PFG_MOEA,167,4,130.19,886.45,0 20 91 19 31 17 18 16 40 35 71 15 98 85 88 63 74 78 64 30 0,
PFG_MOEA,167,5,130.19,886.45,0 81 46 96 83 11 14 95 57 0,
PFG_MOEA,167,6,130.19,886.45,0 4 80 53 66 94 45 24 97 100 93 75 55 28 69 47 38 44 59 26 10 89 73 41 12 27 13 0,55 59
PFG_MOEA,168,1,104.19,1056.66,0 19 18 91 21 22 33 37 68 56 39 84 23 82 86 67 72 70 54 36 3 0,33 39
PFG_MOEA,168,2,104.19,1056.66,0 50 77 58 48 62 92 43 2 1 16 40 71 35 31 17 0,40
PFG_MOEA,168,3,104.19,1056.66,0 13 27 12 73 15 98 85 88 63 74 78 64 30 41 99 34 25 0,15
PFG_MOEA,168,4,104.19,1056.66,0 4 80 53 66 94 45 24 55 9 76 42 14 11 83 95 57 96 89 10 0,95
PFG_MOEA,168,5,104.19,1056.66,0 26 59 44 38 47 69 28 46 7 8 93 100 81 75 97 61 60 52 87 6 0,28
PFG_MOEA,168,6,104.19,1056.66,0 5 29 65 90 79 32 49 51 20 0,
PFG_MOEA,169,1,98.88,1134.43,0 23 84 39 56 68 37 33 22 21 91 19 18 16 40 35 31 17 20 0,35
PFG_MOEA,169,2,98.88,1134.43,0 15 30 64 78 74 63 98 71 99 2 25 50 77 58 82 86 0,
PFG_MOEA,169,3,98.88,1134.43,0 92 43 1 34 88 85 14 11 83 0,92
PFG_MOEA,169,4,98.88,1134.43,0 4 24 45 94 66 53 80 76 9 55 96 57 95 73 41 12 27 13 0,55 76
PFG_MOEA,169,5,98.88,1134.43,0 89 10 26 59 44 38 47 69 28 42 46 7 8 93 60 61 97 75 81 100 0,47 59
PFG_MOEA,169,6,98.88,1134.43,0 5 29 52 87 6 65 90 79 51 49 32 67 72 70 54 36 3 62 48 0,32 51 54 72
PFG_MOEA,170,1,172.71,848.77,0 89 10 26 59 44 38 47 69 28 42 76 9 7 8 79 51 49 32 3 36 54 70 72 67 86 82 0,3 10 67
PFG_MOEA,170,2,172.71,848.77,0 50 77 58 48 62 92 43 1 99 25 2 0,92
PFG_MOEA,170,3,172.71,848.77,0 34 21 37 33 22 23 84 56 39 68 18 19 91 20 17 31 16 40 35 71 15 30 64 78 74 63 88 85 98 14 11 83 96 46 0,15 20
PFG_MOEA,170,4,172.71,848.77,0 81 75 93 100 0,
PFG_MOEA,170,5,172.71,848.77,0 13 27 12 41 73 95 57 97 61 60 5 29 52 87 6 65 90 24 45 94 66 53 80 4 0,95
PFG_MOEA,170,6,172.71,848.77,0 55 0,55
PFG_MOEA,171,1,130.19,886.45,0 8 7 42 76 9 60 61 5 29 52 87 6 65 90 79 32 49 51 0,
PFG_MOEA,171,2,130.19,886.45,0 50 77 3 36 54 70 72 67 86 82 58 48 62 92 43 0,54 62
PFG_MOEA,171,3,130.19,886.45,0 2 25 34 21 33 37 68 39 56 84 23 22 1 99 0,
PFG_MOEA,171,4,130.19,886.45,0 20 91 19 31 17 18 16 40 35 71 15 98 85 88 63 74 78 64 30 0,
PFG_MOEA,171,5,130.19,886.45,0 81 46 96 83 11 14 95 57 0,
PFG_MOEA,171,6,130.19,886.45,0 4 80 53 66 94 45 24 97 100 93 75 55 28 69 47 38 44 59 26 10 89 73 41 12 27 13 0,55 59
PFG_MOEA,172,1,104.19,1056.66,0 19 18 91 21 22 33 37 68 56 39 84 23 82 86 67 72 70 54 36 3 0,33 39
PFG_MOEA,172,2,104.19,1056.66,0 50 77 58 48 62 92 43 2 1 16 40 71 35 31 17 0,40
PFG_MOEA,172,3,104.19,1056.66,0 13 27 12 73 15 98 85 88 63 74 78 64 30 41 99 34 25 0,15
PFG_MOEA,172,4,104.19,1056.66,0 4 80 53 66 94 45 24 55 9 76 42 14 11 83 95 57 96 89 10 0,95
PFG_MOEA,172,5,104.19,1056.66,0 26 59 44 38 47 69 28 46 7 8 93 100 81 75 97 61 60 52 87 6 0,28
PFG_MOEA,172,6,104.19,1056.66,0 5 29 65 90 79 32 49 51 20 0,
PFG_MOEA,173,1,98.88,1134.43,0 23 84 39 56 68 37 33 22 21 91 19 18 16 40 35 31 17 20 0,35
PFG_MOEA,173,2,98.88,1134.43,0 15 30 64 78 74 63 98 71 99 2 25 50 77 58 82 86 0,
PFG_MOEA,173,3,98.88,1134.43,0 92 43 1 34 88 85 14 11 83 0,92
PFG_MOEA,173,4,98.88,1134.43,0 4 24 45 94 66 53 80 76 9 55 96 57 95 73 41 12 27 13 0,55 76
PFG_MOEA,173,5,98.88,1134.43,0 89 10 26 59 44 38 47 69 28 42 46 7 8 93 60 61 97 75 81 100 0,47 59
PFG_MOEA,173,6,98.88,1134.43,0 5 29 52 87 6 65 90 79 51 49 32 67 72 70 54 36 3 62 48 0,32 51 54 72
PFG_MOEA,174,1,172.71,848.77,0 89 10 26 59 44 38 47 69 28 42 76 9 7 8 79 51 49 32 3 36 54 70 72 67 86 82 0,3 10 67
PFG_MOEA,174,2,172.71,848.77,0 50 77 58 48 62 92 43 1 99 25 2 0,92
PFG_MOEA,174,3,172.71,848.77,0 34 21 37 33 22 23 84 56 39 68 18 19 91 20 17 31 16 40 35 71 15 30 64 78 74 63 88 85 98 14 11 83 96 46 0,15 20
PFG_MOEA,174,4,172.71,848.77,0 81 75 93 100 0,
PFG_MOEA,174,5,172.71,848.77,0 13 27 12 41 73 95 57 97 61 60 5 29 52 87 6 65 90 24 45 94 66 53 80 4 0,95
PFG_MOEA,174,6,172.71,848.77,0 55 0,55
PFG_MOEA,175,1,130.19,886.45,0 8 7 42 76 9 60 61 5 29 52 87 6 65 90 79 32 49 51 0,
PFG_MOEA,175,2,130.19,886.45,0 50 77 3 36 54 70 72 67 86 82 58 48 62 92 43 0,54 62
PFG_MOEA,175,3,130.19,886.45,0 2 25 34 21 33 37 68 39 56 84 23 22 1 99 0,
PFG_MOEA,175,4,130.19,886.45,0 20 91 19 31 17 18 16 40 35 71 15 98 85 88 63 74 78 64 30 0,
PFG_MOEA,175,5,130.19,886.45,0 81 46 96 83 11 14 95 57 0,
PFG_MOEA,175,6,130.19,886.45,0 4 80 53 66 94 45 24 97 100 93 75 55 28 69 47 38 44 59 26 10 89 73 41 12 27 13 0,55 59
PFG_MOEA,176,1,104.19,1056.66,0 19 18 91 21 22 33 37 68 56 39 84 23 82 86 67 72 70 54 36 3 0,33 39
PFG_MOEA,176,2,104.19,1056.66,0 50 77 58 48 62 92 43 2 1 16 40 71 35 31 17 0,40
PFG_MOEA,176,3,104.19,1056.66,0 13 27 12 73 15 98 85 88 63 74 78 64 30 41 99 34 25 0,15
PFG_MOEA,176,4,104.19,1056.66,0 4 80 53 66 94 45 24 55 9 76 42 14 11 83 95 57 96 89 10 0,95
PFG_MOEA,176,5,104.19,1056.66,0 26 59 44 38 47 69 28 46 7 8 93 100 81 75 97 61 60 52 87 6 0,28
PFG_MOEA,176,6,104.19,1056.66,0 5 29 65 90 79 32 49 51 20 0,
PFG_MOEA,177,1,98.88,1134.43,0 23 84 39 56 68 37 33 22 21 91 19 18 16 40 35 31 17 20 0,35
PFG_MOEA,177,2,98.88,1134.43,0 15 30 64 78 74 63 98 71 99 2 25 50 77 58 82 86 0,
PFG_MOEA,177,3,98.88,1134.43,0 92 43 1 34 88 85 14 11 83 0,92
PFG_MOEA,177,4,98.88,1134.43,0 4 24 45 94 66 53 80 76 9 55 96 57 95 73 41 12 27 13 0,55 76
PFG_MOEA,177,5,98.88,1134.43,0 89 10 26 59 44 38 47 69 28 42 46 7 8 93 60 61 97 75 81 100 0,47 59
PFG_MOEA,177,6,98.88,1134.43,0 5 29 52 87 6 65 90 79 51 49 32 67 72 70 54 36 3 62 48 0,32 51 54 72
PFG_MOEA,178,1,172.71,848.77,0 89 10 26 59 44 38 47 69 28 42 76 9 7 8 79 51 49 32 3 36 54 70 72 67 86 82 0,3 10 67
PFG_MOEA,178,2,172.71,848.77,0 50 77 58 48 62 92 43 1 99 25 2 0,92
PFG_MOEA,178,3,172.71,848.77,0 34 21 37 33 22 23 84 56 39 68 18 19 91 20 17 31 16 40 35 71 15 30 64 78 74 63 88 85 98 14 11 83 96 46 0,15 20
PFG_MOEA,178,4,172.71,848.77,0 81 75 93 100 0,
PFG_MOEA,178,5,172.71,848.77,0 13 27 12 41 73 95 57 97 61 60 5 29 52 87 6 65 90 24 45 94 66 53 80 4 0,95
PFG_MOEA,178,6,172.71,848.77,0 55 0,55
PFG_MOEA,179,1,130.19,886.45,0 8 7 42 76 9 60 61 5 29 52 87 6 65 90 79 32 49 51 0,
PFG_MOEA,179,2,130.19,886.45,0 50 77 3 36 54 70 72 67 86 82 58 48 62 92 43 0,54 62
PFG_MOEA,179,3,130.19,886.45,0 2 25 34 21 33 37 68 39 56 84 23 22 1 99 0,
PFG_MOEA,179,4,130.19,886.45,0 20 91 19 31 17 18 16 40 35 71 15 98 85 88 63 74 78 64 30 0,
PFG_MOEA,179,5,130.19,886.45,0 81 46 96 83 11 14 95 57 0,
PFG_MOEA,179,6,130.19,886.45,0 4 80 53 66 94 45 24 97 100 93 75 55 28 69 47 38 44 59 26 10 89 73 41 12 27 13 0,55 59
PFG_MOEA,180,1,104.19,1056.66,0 19 18 91 21 22 33 37 68 56 39 84 23 82 86 67 72 70 54 36 3 0,33 39
PFG_MOEA,180,2,104.19,1056.66,0 50 77 58 48 62 92 43 2 1 16 40 71 35 31 17 0,40
PFG_MOEA,180,3,104.19,1056.66,0 13 27 12 73 15 98 85 88 63 74 78 64 30 41 99 34 25 0,15
PFG_MOEA,180,4,104.19,1056.66,0 4 80 53 66 94 45 24 55 9 76 42 14 11 83 95 57 96 89 10 0,95
PFG_MOEA,180,5,104.19,1056.66,0 26 59 44 38 47 69 28 46 7 8 93 100 81 75 97 61 60 52 87 6 0,28
PFG_MOEA,180,6,104.19,1056.66,0 5 29 65 90 79 32 49 51 20 0,
PFG_MOEA,181,1,98.88,1134.43,0 23 84 39 56 68 37 33 22 21 91 19 18 16 40 35 31 17 20 0,35
PFG_MOEA,181,2,98.88,1134.43,0 15 30 64 78 74 63 98 71 99 2 25 50 77 58 82 86 0,
PFG_MOEA,181,3,98.88,1134.43,0 92 43 1 34 88 85 14 11 83 0,92
PFG_MOEA,181,4,98.88,1134.43,0 4 24 45 94 66 53 80 76 9 55 96 57 95 73 41 12 27 13 0,55 76
PFG_MOEA,181,5,98.88,1134.43,0 89 10 26 59 44 38 47 69 28 42 46 7 8 93 60 61 97 75 81 100 0,47 59
PFG_MOEA,181,6,98.88,1134.43,0 5 29 52 87 6 65 90 79 51 49 32 67 72 70 54 36 3 62 48 0,32 51 54 72
PFG_MOEA,182,1,172.71,848.77,0 89 10 26 59 44 38 47 69 28 42 76 9 7 8 79 51 49 32 3 36 54 70 72 67 86 82 0,3 10 67
PFG_MOEA,182,2,172.71,848.77,0 50 77 58 48 62 92 43 1 99 25 2 0,92
PFG_MOEA,182,3,172.71,848.77,0 34 21 37 33 22 23 84 56 39 68 18 19 91 20 17 31 16 40 35 71 15 30 64 78 74 63 88 85 98 14 11 83 96 46 0,15 20
PFG_MOEA,182,4,172.71,848.77,0 81 75 93 100 0,
PFG_MOEA,182,5,172.71,848.77,0 13 27 12 41 73 95 57 97 61 60 5 29 52 87 6 65 90 24 45 94 66 53 80 4 0,95
PFG_MOEA,182,6,172.71,848.77,0 55 0,55
PFG_MOEA,183,1,130.19,886.45,0 8 7 42 76 9 60 61 5 29 52 87 6 65 90 79 32 49 51 0,
PFG_MOEA,183,2,130.19,886.45,0 50 77 3 36 54 70 72 67 86 82 58 48 62 92 43 0,54 62
PFG_MOEA,183,3,130.19,886.45,0 2 25 34 21 33 37 68 39 56 84 23 22 1 99 0,
PFG_MOEA,183,4,130.19,886.45,0 20 91 19 31 17 18 16 40 35 71 15 98 85 88 63 74 78 64 30 0,
PFG_MOEA,183,5,130.19,886.45,0 81 46 96 83 11 14 95 57 0,
PFG_MOEA,183,6,130.19,886.45,0 4 80 53 66 94 45 24 97 100 93 75 55 28 69 47 38 44 59 26 10 89 73 41 12 27 13 0,55 59
PFG_MOEA,184,1,104.19,1056.66,0 19 18 91 21 22 33 37 68 56 39 84 23 82 86 67 72 70 54 36 3 0,33 39
PFG_MOEA,184,2,104.19,1056.66,0 50 77 58 48 62 92 43 2 1 16 40 71 35 31 17 0,40
PFG_MOEA,184,3,104.19,1056.66,0 13 27 12 73 15 98 85 88 63 74 78 64 30 41 99 34 25 0,15
PFG_MOEA,184,4,104.19,1056.66,0 4 80 53 66 94 45 24 55 9 76 42 14 11 83 95 57 96 89 10 0,95
PFG_MOEA,184,5,104.19,1056.66,0 26 59 44 38 47 69 28 46 7 8 93 100 81 75 97 61 60 52 87 6 0,28
PFG_MOEA,184,6,104.19,1056.66,0 5 29 65 90 79 32 49 51 20 0,
PFG_MOEA,185,1,98.88,1134.43,0 23 84 39 56 68 37 33 22 21 91 19 18 16 40 35 31 17 20 0,35
PFG_MOEA,185,2,98.88,1134.43,0 15 30 64 78 74 63 98 71 99 2 25 50 77 58 82 86 0,
PFG_MOEA,185,3,98.88,1134.43,0 92 43 1 34 88 85 14 11 83 0,92
PFG_MOEA,185,4,98.88,1134.43,0 4 24 45 94 66 53 80 76 9 55 96 57 95 73 41 12 27 13 0,55 76
PFG_MOEA,185,5,98.88,1134.43,0 89 10 26 59 44 38 47 69 28 42 46 7 8 93 60 61 97 75 81 100 0,47 59
PFG_MOEA,185,6,98.88,1134.43,0 5 29 52 87 6 65 90 79 51 49 32 67 72 70 54 36 3 62 48 0,32 51 54 72
PFG_MOEA,186,1,172.71,848.77,0 89 10 26 59 44 38 47 69 28 42 76 9 7 8 79 51 49 32 3 36 54 70 72 67 86 82 0,3 10 67
PFG_MOEA,186,2,172.71,848.77,0 50 77 58 48 62 92 43 1 99 25 2 0,92
PFG_MOEA,186,3,172.71,848.77,0 34 21 37 33 22 23 84 56 39 68 18 19 91 20 17 31 16 40 35 71 15 30 64 78 74 63 88 85 98 14 11 83 96 46 0,15 20
PFG_MOEA,186,4,172.71,848.77,0 81 75 93 100 0,
PFG_MOEA,186,5,172.71,848.77,0 13 27 12 41 73 95 57 97 61 60 5 29 52 87 6 65 90 24 45 94 66 53 80 4 0,95
PFG_MOEA,186,6,172.71,848.77,0 55 0,55
PFG_MOEA,187,1,130.19,886.45,0 8 7 42 76 9 60 61 5 29 52 87 6 65 90 79 32 49 51 0,
PFG_MOEA,187,2,130.19,886.45,0 50 77 3 36 54 70 72 67 86 82 58 48 62 92 43 0,54 62
PFG_MOEA,187,3,130.19,886.45,0 2 25 34 21 33 37 68 39 56 84 23 22 1 99 0,
PFG_MOEA,187,4,130.19,886.45,0 20 91 19 31 17 18 16 40 35 71 15 98 85 88 63 74 78 64 30 0,
PFG_MOEA,187,5,130.19,886.45,0 81 46 96 83 11 14 95 57 0,
PFG_MOEA,187,6,130.19,886.45,0 4 80 53 66 94 45 24 97 100 93 75 55 28 69 47 38 44 59 26 10 89 73 41 12 27 13 0,55 59
PFG_MOEA,188,1,104.19,1056.66,0 19 18 91 21 22 33 37 68 56 39 84 23 82 86 67 72 70 54 36 3 0,33 39
PFG_MOEA,188,2,104.19,1056.66,0 50 77 58 48 62 92 43 2 1 16 40 71 35 31 17 0,40
PFG_MOEA,188,3,104.19,1056.66,0 13 27 12 73 15 98 85 88 63 74 78 64 30 41 99 34 25 0,15
PFG_MOEA,188,4,104.19,1056.66,0 4 80 53 66 94 45 24 55 9 76 42 14 11 83 95 57 96 89 10 0,95
PFG_MOEA,188,5,104.19,1056.66,0 26 59 44 38 47 69 28 46 7 8 93 100 81 75 97 61 60 52 87 6 0,28
PFG_MOEA,188,6,104.19,1056.66,0 5 29 65 90 79 32 49 51 20 0,
PFG_MOEA,189,1,98.88,1134.43,0 23 84 39 56 68 37 33 22 21 91 19 18 16 40 35 31 17 20 0,35
PFG_MOEA,189,2,98.88,1134.43,0 15 30 64 78 74 63 98 71 99 2 25 50 77 58 82 86 0,
PFG_MOEA,189,3,98.88,1134.43,0 92 43 1 34 88 85 14 11 83 0,92
PFG_MOEA,189,4,98.88,1134.43,0 4 24 45 94 66 53 80 76 9 55 96 57 95 73 41 12 27 13 0,55 76
PFG_MOEA,189,5,98.88,1134.43,0 89 10 26 59 44 38 47 69 28 42 46 7 8 93 60 61 97 75 81 100 0,47 59
PFG_MOEA,189,6,98.88,1134.43,0 5 29 52 87 6 65 90 79 51 49 32 67 72 70 54 36 3 62 48 0,32 51 54 72
PFG_MOEA,190,1,172.71,848.77,0 89 10 26 59 44 38 47 69 28 42 76 9 7 8 79 51 49 32 3 36 54 70 72 67 86 82 0,3 10 67
PFG_MOEA,190,2,172.71,848.77,0 50 77 58 48 62 92 43 1 99 25 2 0,92
PFG_MOEA,190,3,172.71,848.77,0 34 21 37 33 22 23 84 56 39 68 18 19 91 20 17 31 16 40 35 71 15 30 64 78 74 63 88 85 98 14 11 83 96 46 0,15 20
PFG_MOEA,190,4,172.71,848.77,0 81 75 93 100 0,
PFG_MOEA,190,5,172.71,848.77,0 13 27 12 41 73 95 57 97 61 60 5 29 52 87 6 65 90 24 45 94 66 53 80 4 0,95
PFG_MOEA,190,6,172.71,848.77,0 55 0,55
PFG_MOEA,191,1,130.19,886.45,0 8 7 42 76 9 60 61 5 29 52 87 6 65 90 79 32 49 51 0,
PFG_MOEA,191,2,130.19,886.45,0 50 77 3 36 54 70 72 67 86 82 58 48 62 92 43 0,54 62
PFG_MOEA,191,3,130.19,886.45,0 2 25 34 21 33 37 68 39 56 84 23 22 1 99 0,
PFG_MOEA,191,4,130.19,886.45,0 20 91 19 31 17 18 16 40 35 71 15 98 85 88 63 74 78 64 30 0,
PFG_MOEA,191,5,130.19,886.45,0 81 46 96 83 11 14 95 57 0,
PFG_MOEA,191,6,130.19,886.45,0 4 80 53 66 94 45 24 97 100 93 75 55 28 69 47 38 44 59 26 10 89 73 41 12 27 13 0,55 59
PFG_MOEA,192,1,104.19,1056.66,0 19 18 91 21 22 33 37 68 56 39 84 23 82 86 67 72 70 54 36 3 0,33 39
PFG_MOEA,192,2,104.19,1056.66,0 50 77 58 48 62 92 43 2 1 16 40 71 35 31 17 0,40
PFG_MOEA,192,3,104.19,1056.66,0 13 27 12 73 15 98 85 88 63 74 78 64 30 41 99 34 25 0,15
PFG_MOEA,192,4,104.19,1056.66,0 4 80 53 66 94 45 24 55 9 76 42 14 11 83 95 57 96 89 10 0,95
PFG_MOEA,192,5,104.19,1056.66,0 26 59 44 38 47 69 28 46 7 8 93 100 81 75 97 61 60 52 87 6 0,28
PFG_MOEA,192,6,104.19,1056.66,0 5 29 65 90 79 32 49 51 20 0,
PFG_MOEA,193,1,98.88,1134.43,0 23 84 39 56 68 37 33 22 21 91 19 18 16 40 35 31 17 20 0,35
PFG_MOEA,193,2,98.88,1134.43,0 15 30 64 78 74 63 98 71 99 2 25 50 77 58 82 86 0,
PFG_MOEA,193,3,98.88,1134.43,0 92 43 1 34 88 85 14 11 83 0,92
PFG_MOEA,193,4,98.88,1134.43,0 4 24 45 94 66 53 80 76 9 55 96 57 95 73 41 12 27 13 0,55 76
PFG_MOEA,193,5,98.88,1134.43,0 89 10 26 59 44 38 47 69 28 42 46 7 8 93 60 61 97 75 81 100 0,47 59
PFG_MOEA,193,6,98.88,1134.43,0 5 29 52 87 6 65 90 79 51 49 32 67 72 70 54 36 3 62 48 0,32 51 54 72
PFG_MOEA,194,1,172.71,848.77,0 89 10 26 59 44 38 47 69 28 42 76 9 7 8 79 51 49 32 3 36 54 70 72 67 86 82 0,3 10 67
PFG_MOEA,194,2,172.71,848.77,0 50 77 58 48 62 92 43 1 99 25 2 0,92
PFG_MOEA,194,3,172.71,848.77,0 34 21 37 33 22 23 84 56 39 68 18 19 91 20 17 31 16 40 35 71 15 30 64 78 74 63 88 85 98 14 11 83 96 46 0,15 20
PFG_MOEA,194,4,172.71,848.77,0 81 75 93 100 0,
PFG_MOEA,194,5,172.71,848.77,0 13 27 12 41 73 95 57 97 61 60 5 29 52 87 6 65 90 24 45 94 66 53 80 4 0,95
PFG_MOEA,194,6,172.71,848.77,0 55 0,55
PFG_MOEA,195,1,130.19,886.45,0 8 7 42 76 9 60 61 5 29 52 87 6 65 90 79 32 49 51 0,
PFG_MOEA,195,2,130.19,886.45,0 50 77 3 36 54 70 72 67 86 82 58 48 62 92 43 0,54 62
PFG_MOEA,195,3,130.19,886.45,0 2 25 34 21 33 37 68 39 56 84 23 22 1 99 0,
PFG_MOEA,195,4,130.19,886.45,0 20 91 19 31 17 18 16 40 35 71 15 98 85 88 63 74 78 64 30 0,
PFG_MOEA,195,5,130.19,886.45,0 81 46 96 83 11 14 95 57 0,
PFG_MOEA,195,6,130.19,886.45,0 4 80 53 66 94 45 24 97 100 93 75 55 28 69 47 38 44 59 26 10 89 73 41 12 27 13 0,55 59
PFG_MOEA,196,1,104.19,1056.66,0 19 18 91 21 22 33 37 68 56 39 84 23 82 86 67 72 70 54 36 3 0,33 39
PFG_MOEA,196,2,104.19,1056.66,0 50 77 58 48 62 92 43 2 1 16 40 71 35 31 17 0,40
PFG_MOEA,196,3,104.19,1056.66,0 13 27 12 73 15 98 85 88 63 74 78 64 30 41 99 34 25 0,15
PFG_MOEA,196,4,104.19,1056.66,0 4 80 53 66 94 45 24 55 9 76 42 14 11 83 95 57 96 89 10 0,95
PFG_MOEA,196,5,104.19,1056.66,0 26 59 44 38 47 69 28 46 7 8 93 100 81 75 97 61 60 52 87 6 0,28
PFG_MOEA,196,6,104.19,1056.66,0 5 29 65 90 79 32 49 51 20 0,
PFG_MOEA,197,1,98.88,1134.43,0 23 84 39 56 68 37 33 22 21 91 19 18 16 40 35 31 17 20 0,35
PFG_MOEA,197,2,98.88,1134.43,0 15 30 64 78 74 63 98 71 99 2 25 50 77 58 82 86 0,
PFG_MOEA,197,3,98.88,1134.43,0 92 43 1 34 88 85 14 11 83 0,92
PFG_MOEA,197,4,98.88,1134.43,0 4 24 45 94 66 53 80 76 9 55 96 57 95 73 41 12 27 13 0,55 76
PFG_MOEA,197,5,98.88,1134.43,0 89 10 26 59 44 38 47 69 28 42 46 7 8 93 60 61 97 75 81 100 0,47 59
PFG_MOEA,197,6,98.88,1134.43,0 5 29 52 87 6 65 90 79 51 49 32 67 72 70 54 36 3 62 48 0,32 51 54 72
PFG_MOEA,198,1,172.71,848.77,0 89 10 26 59 44 38 47 69 28 42 76 9 7 8 79 51 49 32 3 36 54 70 72 67 86 82 0,3 10 67
PFG_MOEA,198,2,172.71,848.77,0 50 77 58 48 62 92 43 1 99 25 2 0,92
PFG_MOEA,198,3,172.71,848.77,0 34 21 37 33 22 23 84 56 39 68 18 19 91 20 17 31 16 40 35 71 15 30 64 78 74 63 88 85 98 14 11 83 96 46 0,15 20
PFG_MOEA,198,4,172.71,848.77,0 81 75 93 100 0,
PFG_MOEA,198,5,172.71,848.77,0 13 27 12 41 73 95 57 97 61 60 5 29 52 87 6 65 90 24 45 94 66 53 80 4 0,95
PFG_MOEA,198,6,172.71,848.77,0 55 0,55
PFG_MOEA,199,1,130.19,886.45,0 8 7 42 76 9 60 61 5 29 52 87 6 65 90 79 32 49 51 0,
PFG_MOEA,199,2,130.19,886.45,0 50 77 3 36 54 70 72 67 86 82 58 48 62 92 43 0,54 62
PFG_MOEA,199,3,130.19,886.45,0 2 25 34 21 33 37 68 39 56 84 23 22 1 99 0,
PFG_MOEA,199,4,130.19,886.45,0 20 91 19 31 17 18 16 40 35 71 15 98 85 88 63 74 78 64 30 0,
PFG_MOEA,199,5,130.19,886.45,0 81 46 96 83 11 14 95 57 0,
PFG_MOEA,199,6,130.19,886.45,0 4 80 53 66 94 45 24 97 100 93 75 55 28 69 47 38 44 59 26 10 89 73 41 12 27 13 0,55 59
PFG_MOEA,200,1,104.19,1056.66,0 19 18 91 21 22 33 37 68 56 39 84 23 82 86 67 72 70 54 36 3 0,33 39
PFG_MOEA,200,2,104.19,1056.66,0 50 77 58 48 62 92 43 2 1 16 40 71 35 31 17 0,40
PFG_MOEA,200,3,104.19,1056.66,0 13 27 12 73 15 98 85 88 63 74 78 64 30 41 99 34 25 0,15
PFG_MOEA,200,4,104.19,1056.66,0 4 80 53 66 94 45 24 55 9 76 42 14 11 83 95 57 96 89 10 0,95
PFG_MOEA,200,5,104.19,1056.66,0 26 59 44 38 47 69 28 46 7 8 93 100 81 75 97 61 60 52 87 6 0,28
PFG_MOEA,200,6,104.19,1056.66,0 5 29 65 90 79 32 49 51 20 0,
PFG_MOEA,201,1,98.88,1134.43,0 23 84 39 56 68 37 33 22 21 91 19 18 16 40 35 31 17 20 0,35
PFG_MOEA,201,2,98.88,1134.43,0 15 30 64 78 74 63 98 71 99 2 25 50 77 58 82 86 0,
PFG_MOEA,201,3,98.88,1134.43,0 92 43 1 34 88 85 14 11 83 0,92
PFG_MOEA,201,4,98.88,1134.43,0 4 24 45 94 66 53 80 76 9 55 96 57 95 73 41 12 27 13 0,55 76
PFG_MOEA,201,5,98.88,1134.43,0 89 10 26 59 44 38 47 69 28 42 46 7 8 93 60 61 97 75 81 100 0,47 59
PFG_MOEA,201,6,98.88,1134.43,0 5 29 52 87 6 65 90 79 51 49 32 67 72 70 54 36 3 62 48 0,32 51 54 72
PFG_MOEA,202,1,172.71,848.77,0 89 10 26 59 44 38 47 69 28 42 76 9 7 8 79 51 49 32 3 36 54 70 72 67 86 82 0,3 10 67
PFG_MOEA,202,2,172.71,848.77,0 50 77 58 48 62 92 43 1 99 25 2 0,92
PFG_MOEA,202,3,172.71,848.77,0 34 21 37 33 22 23 84 56 39 68 18 19 91 20 17 31 16 40 35 71 15 30 64 78 74 63 88 85 98 14 11 83 96 46 0,15 20
PFG_MOEA,202,4,172.71,848.77,0 81 75 93 100 0,
PFG_MOEA,202,5,172.71,848.77,0 13 27 12 41 73 95 57 97 61 60 5 29 52 87 6 65 90 24 45 94 66 53 80 4 0,95
PFG_MOEA,202,6,172.71,848.77,0 55 0,55
PFG_MOEA,203,1,130.19,886.45,0 8 7 42 76 9 60 61 5 29 52 87 6 65 90 79 32 49 51 0,
PFG_MOEA,203,2,130.19,886.45,0 50 77 3 36 54 70 72 67 86 82 58 48 62 92 43 0,54 62
PFG_MOEA,203,3,130.19,886.45,0 2 25 34 21 33 37 68 39 56 84 23 22 1 99 0,
PFG_MOEA,203,4,130.19,886.45,0 20 91 19 31 17 18 16 40 35 71 15 98 85 88 63 74 78 64 30 0,
PFG_MOEA,203,5,130.19,886.45,0 81 46 96 83 11 14 95 57 0,
PFG_MOEA,203,6,130.19,886.45,0 4 80 53 66 94 45 24 97 100 93 75 55 28 69 47 38 44 59 26 10 89 73 41 12 27 13 0,55 59
PFG_MOEA,204,1,104.19,1056.66,0 19 18 91 21 22 33 37 68 56 39 84 23 82 86 67 72 70 54 36 3 0,33 39
PFG_MOEA,204,2,104.19,1056.66,0 50 77 58 48 62 92 43 2 1 16 40 71 35 31 17 0,40
PFG_MOEA,204,3,104.19,1056.66,0 13 27 12 73 15 98 85 88 63 74 78 64 30 41 99 34 25 0,15
PFG_MOEA,204,4,104.19,1056.66,0 4 80 53 66 94 45 24 55 9 76 42 14 11 83 95 57 96 89 10 0,95
PFG_MOEA,204,5,104.19,1056.66,0 26 59 44 38 47 69 28 46 7 8 93 100 81 75 97 61 60 52 87 6 0,28
PFG_MOEA,204,6,104.19,1056.66,0 5 29 65 90 79 32 49 51 20 0,
PFG_MOEA,205,1,98.88,1134.43,0 23 84 39 56 68 37 33 22 21 91 19 18 16 40 35 31 17 20 0,35
PFG_MOEA,205,2,98.88,1134.43,0 15 30 64 78 74 63 98 71 99 2 25 50 77 58 82 86 0,
PFG_MOEA,205,3,98.88,1134.43,0 92 43 1 34 88 85 14 11 83 0,92
PFG_MOEA,205,4,98.88,1134.43,0 4 24 45 94 66 53 80 76 9 55 96 57 95 73 41 12 27 13 0,55 76
PFG_MOEA,205,5,98.88,1134.43,0 89 10 26 59 44 38 47 69 28 42 46 7 8 93 60 61 97 75 81 100 0,47 59
PFG_MOEA,205,6,98.88,1134.43,0 5 29 52 87 6 65 90 79 51 49 32 67 72 70 54 36 3 62 48 0,32 51 54 72
PFG_MOEA,206,1,172.71,848.77,0 89 10 26 59 44 38 47 69 28 42 76 9 7 8 79 51 49 32 3 36 54 70 72 67 86 82 0,3 10 67
PFG_MOEA,206,2,172.71,848.77,0 50 77 58 48 62 92 43 1 99 25 2 0,92
PFG_MOEA,206,3,172.71,848.77,0 34 21 37 33 22 23 84 56 39 68 18 19 91 20 17 31 16 40 35 71 15 30 64 78 74 63 88 85 98 14 11 83 96 46 0,15 20
PFG_MOEA,206,4,172.71,848.77,0 81 75 93 100 0,
PFG_MOEA,206,5,172.71,848.77,0 13 27 12 41 73 95 57 97 61 60 5 29 52 87 6 65 90 24 45 94 66 53 80 4 0,95
PFG_MOEA,206,6,172.71,848.77,0 55 0,55
PFG_MOEA,207,1,130.19,886.45,0 8 7 42 76 9 60 61 5 29 52 87 6 65 90 79 32 49 51 0,
PFG_MOEA,207,2,130.19,886.45,0 50 77 3 36 54 70 72 67 86 82 58 48 62 92 43 0,54 62
PFG_MOEA,207,3,130.19,886.45,0 2 25 34 21 33 37 68 39 56 84 23 22 1 99 0,
PFG_MOEA,207,4,130.19,886.45,0 20 91 19 31 17 18 16 40 35 71 15 98 85 88 63 74 78 64 30 0,
PFG_MOEA,207,5,130.19,886.45,0 81 46 96 83 11 14 95 57 0,
PFG_MOEA,207,6,130.19,886.45,0 4 80 53 66 94 45 24 97 100 93 75 55 28 69 47 38 44 59 26 10 89 73 41 12 27 13 0,55 59
PFG_MOEA,208,1,104.19,1056.66,0 19 18 91 21 22 33 37 68 56 39 84 23 82 86 67 72 70 54 36 3 0,33 39
PFG_MOEA,208,2,104.19,1056.66,0 50 77 58 48 62 92 43 2 1 16 40 71 35 31 17 0,40
PFG_MOEA,208,3,104.19,1056.66,0 13 27 12 73 15 98 85 88 63 74 78 64 30 41 99 34 25 0,15
PFG_MOEA,208,4,104.19,1056.66,0 4 80 53 66 94 45 24 55 9 76 42 14 11 83 95 57 96 89 10 0,95
PFG_MOEA,208,5,104.19,1056.66,0 26 59 44 38 47 69 28 46 7 8 93 100 81 75 97 61 60 52 87 6 0,28
PFG_MOEA,208,6,104.19,1056.66,0 5 29 65 90 79 32 49 51 20 0,
PFG_MOEA,209,1,98.88,1134.43,0 23 84 39 56 68 37 33 22 21 91 19 18 16 40 35 31 17 20 0,35
PFG_MOEA,209,2,98.88,1134.43,0 15 30 64 78 74 63 98 71 99 2 25 50 77 58 82 86 0,
PFG_MOEA,209,3,98.88,1134.43,0 92 43 1 34 88 85 14 11 83 0,92
PFG_MOEA,209,4,98.88,1134.43,0 4 24 45 94 66 53 80 76 9 55 96 57 95 73 41 12 27 13 0,55 76
PFG_MOEA,209,5,98.88,1134.43,0 89 10 26 59 44 38 47 69 28 42 46 7 8 93 60 61 97 75 81 100 0,47 59
PFG_MOEA,209,6,98.88,1134.43,0 5 29 52 87 6 65 90 79 51 49 32 67 72 70 54 36 3 62 48 0,32 51 54 72
PFG_MOEA,210,1,172.71,848.77,0 89 10 26 59 44 38 47 69 28 42 76 9 7 8 79 51 49 32 3 36 54 70 72 67 86 82 0,3 10 67
PFG_MOEA,210,2,172.71,848.77,0 50 77 58 48 62 92 43 1 99 25 2 0,92
PFG_MOEA,210,3,172.71,848.77,0 34 21 37 33 22 23 84 56 39 68 18 19 91 20 17 31 16 40 35 71 15 30 64 78 74 63 88 85 98 14 11 83 96 46 0,15 20
PFG_MOEA,210,4,172.71,848.77,0 81 75 93 100 0,
PFG_MOEA,210,5,172.71,848.77,0 13 27 12 41 73 95 57 97 61 60 5 29 52 87 6 65 90 24 45 94 66 53 80 4 0,95
PFG_MOEA,210,6,172.71,848.77,0 55 0,55
PFG_MOEA,211,1,130.19,886.45,0 8 7 42 76 9 60 61 5 29 52 87 6 65 90 79 32 49 51 0,
PFG_MOEA,211,2,130.19,886.45,0 50 77 3 36 54 70 72 67 86 82 58 48 62 92 43 0,54 62
PFG_MOEA,211,3,130.19,886.45,0 2 25 34 21 33 37 68 39 56 84 23 22 1 99 0,
PFG_MOEA,211,4,130.19,886.45,0 20 91 19 31 17 18 16 40 35 71 15 98 85 88 63 74 78 64 30 0,
PFG_MOEA,211,5,130.19,886.45,0 81 46 96 83 11 14 95 57 0,
PFG_MOEA,211,6,130.19,886.45,0 4 80 53 66 94 45 24 97 100 93 75 55 28 69 47 38 44 59 26 10 89 73 41 12 27 13 0,55 59
PFG_MOEA,212,1,104.19,1056.66,0 19 18 91 21 22 33 37 68 56 39 84 23 82 86 67 72 70 54 36 3 0,33 39
PFG_MOEA,212,2,104.19,1056.66,0 50 77 58 48 62 92 43 2 1 16 40 71 35 31 17 0,40
PFG_MOEA,212,3,104.19,1056.66,0 13 27 12 73 15 98 85 88 63 74 78 64 30 41 99 34 25 0,15
PFG_MOEA,212,4,104.19,1056.66,0 4 80 53 66 94 45 24 55 9 76 42 14 11 83 95 57 96 89 10 0,95
PFG_MOEA,212,5,104.19,1056.66,0 26 59 44 38 47 69 28 46 7 8 93 100 81 75 97 61 60 52 87 6 0,28
PFG_MOEA,212,6,104.19,1056.66,0 5 29 65 90 79 32 49 51 20 0,
PFG_MOEA,213,1,98.88,1134.43,0 23 84 39 56 68 37 33 22 21 91 19 18 16 40 35 31 17 20 0,35
PFG_MOEA,213,2,98.88,1134.43,0 15 30 64 78 74 63 98 71 99 2 25 50 77 58 82 86 0,
PFG_MOEA,213,3,98.88,1134.43,0 92 43 1 34 88 85 14 11 83 0,92
PFG_MOEA,213,4,98.88,1134.43,0 4 24 45 94 66 53 80 76 9 55 96 57 95 73 41 12 27 13 0,55 76
PFG_MOEA,213,5,98.88,1134.43,0 89 10 26 59 44 38 47 69 28 42 46 7 8 93 60 61 97 75 81 100 0,47 59
PFG_MOEA,213,6,98.88,1134.43,0 5 29 52 87 6 65 90 79 51 49 32 67 72 70 54 36 3 62 48 0,32 51 54 72
PFG_MOEA,214,1,172.71,848.77,0 89 10 26 59 44 38 47 69 28 42 76 9 7 8 79 51 49 32 3 36 54 70 72 67 86 82 0,3 10 67
PFG_MOEA,214,2,172.71,848.77,0 50 77 58 48 62 92 43 1 99 25 2 0,92
PFG_MOEA,214,3,172.71,848.77,0 34 21 37 33 22 23 84 56 39 68 18 19 91 20 17 31 16 40 35 71 15 30 64 78 74 63 88 85 98 14 11 83 96 46 0,15 20
PFG_MOEA,214,4,172.71,848.77,0 81 75 93 100 0,
PFG_MOEA,214,5,172.71,848.77,0 13 27 12 41 73 95 57 97 61 60 5 29 52 87 6 65 90 24 45 94 66 53 80 4 0,95
PFG_MOEA,214,6,172.71,848.77,0 55 0,55
PFG_MOEA,215,1,130.19,886.45,0 8 7 42 76 9 60 61 5 29 52 87 6 65 90 79 32 49 51 0,
PFG_MOEA,215,2,130.19,886.45,0 50 77 3 36 54 70 72 67 86 82 58 48 62 92 43 0,54 62
PFG_MOEA,215,3,130.19,886.45,0 2 25 34 21 33 37 68 39 56 84 23 22 1 99 0,
PFG_MOEA,215,4,130.19,886.45,0 20 91 19 31 17 18 16 40 35 71 15 98 85 88 63 74 78 64 30 0,
PFG_MOEA,215,5,130.19,886.45,0 81 46 96 83 11 14 95 57 0,
PFG_MOEA,215,6,130.19,886.45,0 4 80 53 66 94 45 24 97 100 93 75 55 28 69 47 38 44 59 26 10 89 73 41 12 27 13 0,55 59
PFG_MOEA,216,1,104.19,1056.66,0 19 18 91 21 22 33 37 68 56 39 84 23 82 86 67 72 70 54 36 3 0,33 39
PFG_MOEA,216,2,104.19,1056.66,0 50 77 58 48 62 92 43 2 1 16 40 71 35 31 17 0,40
PFG_MOEA,216,3,104.19,1056.66,0 13 27 12 73 15 98 85 88 63 74 78 64 30 41 99 34 25 0,15
PFG_MOEA,216,4,104.19,1056.66,0 4 80 53 66 94 45 24 55 9 76 42 14 11 83 95 57 96 89 10 0,95
PFG_MOEA,216,5,104.19,1056.66,0 26 59 44 38 47 69 28 46 7 8 93 100 81 75 97 61 60 52 87 6 0,28
PFG_MOEA,216,6,104.19,1056.66,0 5 29 65 90 79 32 49 51 20 0,
PFG_MOEA,217,1,98.88,1134.43,0 23 84 39 56 68 37 33 22 21 91 19 18 16 40 35 31 17 20 0,35
PFG_MOEA,217,2,98.88,1134.43,0 15 30 64 78 74 63 98 71 99 2 25 50 77 58 82 86 0,
PFG_MOEA,217,3,98.88,1134.43,0 92 43 1 34 88 85 14 11 83 0,92
PFG_MOEA,217,4,98.88,1134.43,0 4 24 45 94 66 53 80 76 9 55 96 57 95 73 41 12 27 13 0,55 76
PFG_MOEA,217,5,98.88,1134.43,0 89 10 26 59 44 38 47 69 28 42 46 7 8 93 60 61 97 75 81 100 0,47 59
PFG_MOEA,217,6,98.88,1134.43,0 5 29 52 87 6 65 90 79 51 49 32 67 72 70 54 36 3 62 48 0,32 51 54 72
PFG_MOEA,218,1,172.71,848.77,0 89 10 26 59 44 38 47 69 28 42 76 9 7 8 79 51 49 32 3 36 54 70 72 67 86 82 0,3 10 67
PFG_MOEA,218,2,172.71,848.77,0 50 77 58 48 62 92 43 1 99 25 2 0,92
PFG_MOEA,218,3,172.71,848.77,0 34 21 37 33 22 23 84 56 39 68 18 19 91 20 17 31 16 40 35 71 15 30 64 78 74 63 88 85 98 14 11 83 96 46 0,15 20
PFG_MOEA,218,4,172.71,848.77,0 81 75 93 100 0,
PFG_MOEA,218,5,172.71,848.77,0 13 27 12 41 73 95 57 97 61 60 5 29 52 87 6 65 90 24 45 94 66 53 80 4 0,95
PFG_MOEA,218,6,172.71,848.77,0 55 0,55
PFG_MOEA,219,1,130.19,886.45,0 8 7 42 76 9 60 61 5 29 52 87 6 65 90 79 32 49 51 0,
PFG_MOEA,219,2,130.19,886.45,0 50 77 3 36 54 70 72 67 86 82 58 48 62 92 43 0,54 62
PFG_MOEA,219,3,130.19,886.45,0 2 25 34 21 33 37 68 39 56 84 23 22 1 99 0,
PFG_MOEA,219,4,130.19,886.45,0 20 91 19 31 17 18 16 40 35 71 15 98 85 88 63 74 78 64 30 0,
PFG_MOEA,219,5,130.19,886.45,0 81 46 96 83 11 14 95 57 0,
PFG_MOEA,219,6,130.19,886.45,0 4 80 53 66 94 45 24 97 100 93 75 55 28 69 47 38 44 59 26 10 89 73 41 12 27 13 0,55 59
PFG_MOEA,220,1,104.19,1056.66,0 19 18 91 21 22 33 37 68 56 39 84 23 82 86 67 72 70 54 36 3 0,33 39
PFG_MOEA,220,2,104.19,1056.66,0 50 77 58 48 62 92 43 2 1 16 40 71 35 31 17 0,40
PFG_MOEA,220,3,104.19,1056.66,0 13 27 12 73 15 98 85 88 63 74 78 64 30 41 99 34 25 0,15
PFG_MOEA,220,4,104.19,1056.66,0 4 80 53 66 94 45 24 55 9 76 42 14 11 83 95 57 96 89 10 0,95
PFG_MOEA,220,5,104.19,1056.66,0 26 59 44 38 47 69 28 46 7 8 93 100 81 75 97 61 60 52 87 6 0,28
PFG_MOEA,220,6,104.19,1056.66,0 5 29 65 90 79 32 49 51 20 0,
PFG_MOEA,221,1,98.88,1134.43,0 23 84 39 56 68 37 33 22 21 91 19 18 16 40 35 31 17 20 0,35
PFG_MOEA,221,2,98.88,1134.43,0 15 30 64 78 74 63 98 71 99 2 25 50 77 58 82 86 0,
PFG_MOEA,221,3,98.88,1134.43,0 92 43 1 34 88 85 14 11 83 0,92
PFG_MOEA,221,4,98.88,1134.43,0 4 24 45 94 66 53 80 76 9 55 96 57 95 73 41 12 27 13 0,55 76
PFG_MOEA,221,5,98.88,1134.43,0 89 10 26 59 44 38 47 69 28 42 46 7 8 93 60 61 97 75 81 100 0,47 59
PFG_MOEA,221,6,98.88,1134.43,0 5 29 52 87 6 65 90 79 51 49 32 67 72 70 54 36 3 62 48 0,32 51 54 72
PFG_MOEA,222,1,172.71,848.77,0 89 10 26 59 44 38 47 69 28 42 76 9 7 8 79 51 49 32 3 36 54 70 72 67 86 82 0,3 10 67
PFG_MOEA,222,2,172.71,848.77,0 50 77 58 48 62 92 43 1 99 25 2 0,92
PFG_MOEA,222,3,172.71,848.77,0 34 21 37 33 22 23 84 56 39 68 18 19 91 20 17 31 16 40 35 71 15 30 64 78 74 63 88 85 98 14 11 83 96 46 0,15 20
PFG_MOEA,222,4,172.71,848.77,0 81 75 93 100 0,
PFG_MOEA,222,5,172.71,848.77,0 13 27 12 41 73 95 57 97 61 60 5 29 52 87 6 65 90 24 45 94 66 53 80 4 0,95
PFG_MOEA,222,6,172.71,848.77,0 55 0,55
PFG_MOEA,223,1,130.19,886.45,0 8 7 42 76 9 60 61 5 29 52 87 6 65 90 79 32 49 51 0,
PFG_MOEA,223,2,130.19,886.45,0 50 77 3 36 54 70 72 67 86 82 58 48 62 92 43 0,54 62
PFG_MOEA,223,3,130.19,886.45,0 2 25 34 21 33 37 68 39 56 84 23 22 1 99 0,
PFG_MOEA,223,4,130.19,886.45,0 20 91 19 31 17 18 16 40 35 71 15 98 85 88 63 74 78 64 30 0,
PFG_MOEA,223,5,130.19,886.45,0 81 46 96 83 11 14 95 57 0,
PFG_MOEA,223,6,130.19,886.45,0 4 80 53 66 94 45 24 97 100 93 75 55 28 69 47 38 44 59 26 10 89 73 41 12 27 13 0,55 59
PFG_MOEA,224,1,104.19,1056.66,0 19 18 91 21 22 33 37 68 56 39 84 23 82 86 67 72 70 54 36 3 0,33 39
PFG_MOEA,224,2,104.19,1056.66,0 50 77 58 48 62 92 43 2 1 16 40 71 35 31 17 0,40
PFG_MOEA,224,3,104.19,1056.66,0 13 27 12 73 15 98 85 88 63 74 78 64 30 41 99 34 25 0,15
PFG_MOEA,224,4,104.19,1056.66,0 4 80 53 66 94 45 24 55 9 76 42 14 11 83 95 57 96 89 10 0,95
PFG_MOEA,224,5,104.19,1056.66,0 26 59 44 38 47 69 28 46 7 8 93 100 81 75 97 61 60 52 87 6 0,28
PFG_MOEA,224,6,104.19,1056.66,0 5 29 65 90 79 32 49 51 20 0,
PFG_MOEA,225,1,98.88,1134.43,0 23 84 39 56 68 37 33 22 21 91 19 18 16 40 35 31 17 20 0,35
PFG_MOEA,225,2,98.88,1134.43,0 15 30 64 78 74 63 98 71 99 2 25 50 77 58 82 86 0,
PFG_MOEA,225,3,98.88,1134.43,0 92 43 1 34 88 85 14 11 83 0,92
PFG_MOEA,225,4,98.88,1134.43,0 4 24 45 94 66 53 80 76 9 55 96 57 95 73 41 12 27 13 0,55 76
PFG_MOEA,225,5,98.88,1134.43,0 89 10 26 59 44 38 47 69 28 42 46 7 8 93 60 61 97 75 81 100 0,47 59
PFG_MOEA,225,6,98.88,1134.43,0 5 29 52 87 6 65 90 79 51 49 32 67 72 70 54 36 3 62 48 0,32 51 54 72
PFG_MOEA,226,1,172.71,848.77,0 89 10 26 59 44 38 47 69 28 42 76 9 7 8 79 51 49 32 3 36 54 70 72 67 86 82 0,3 10 67
PFG_MOEA,226,2,172.71,848.77,0 50 77 58 48 62 92 43 1 99 25 2 0,92
PFG_MOEA,226,3,172.71,848.77,0 34 21 37 33 22 23 84 56 39 68 18 19 91 20 17 31 16 40 35 71 15 30 64 78 74 63 88 85 98 14 11 83 96 46 0,15 20
PFG_MOEA,226,4,172.71,848.77,0 81 75 93 100 0,
PFG_MOEA,226,5,172.71,848.77,0 13 27 12 41 73 95 57 97 61 60 5 29 52 87 6 65 90 24 45 94 66 53 80 4 0,95
PFG_MOEA,226,6,172.71,848.77,0 55 0,55
PFG_MOEA,227,1,130.19,886.45,0 8 7 42 76 9 60 61 5 29 52 87 6 65 90 79 32 49 51 0,
PFG_MOEA,227,2,130.19,886.45,0 50 77 3 36 54 70 72 67 86 82 58 48 62 92 43 0,54 62
PFG_MOEA,227,3,130.19,886.45,0 2 25 34 21 33 37 68 39 56 84 23 22 1 99 0,
PFG_MOEA,227,4,130.19,886.45,0 20 91 19 31 17 18 16 40 35 71 15 98 85 88 63 74 78 64 30 0,
PFG_MOEA,227,5,130.19,886.45,0 81 46 96 83 11 14 95 57 0,
PFG_MOEA,227,6,130.19,886.45,0 4 80 53 66 94 45 24 97 100 93 75 55 28 69 47 38 44 59 26 10 89 73 41 12 27 13 0,55 59
PFG_MOEA,228,1,104.19,1056.66,0 19 18 91 21 22 33 37 68 56 39 84 23 82 86 67 72 70 54 36 3 0,33 39
PFG_MOEA,228,2,104.19,1056.66,0 50 77 58 48 62 92 43 2 1 16 40 71 35 31 17 0,40
PFG_MOEA,228,3,104.19,1056.66,0 13 27 12 73 15 98 85 88 63 74 78 64 30 41 99 34 25 0,15
PFG_MOEA,228,4,104.19,1056.66,0 4 80 53 66 94 45 24 55 9 76 42 14 11 83 95 57 96 89 10 0,95
PFG_MOEA,228,5,104.19,1056.66,0 26 59 44 38 47 69 28 46 7 8 93 100 81 75 97 61 60 52 87 6 0,28
PFG_MOEA,228,6,104.19,1056.66,0 5 29 65 90 79 32 49 51 20 0,
PFG_MOEA,229,1,98.88,1134.43,0 23 84 39 56 68 37 33 22 21 91 19 18 16 40 35 31 17 20 0,35
PFG_MOEA,229,2,98.88,1134.43,0 15 30 64 78 74 63 98 71 99 2 25 50 77 58 82 86 0,
PFG_MOEA,229,3,98.88,1134.43,0 92 43 1 34 88 85 14 11 83 0,92
PFG_MOEA,229,4,98.88,1134.43,0 4 24 45 94 66 53 80 76 9 55 96 57 95 73 41 12 27 13 0,55 76
PFG_MOEA,229,5,98.88,1134.43,0 89 10 26 59 44 38 47 69 28 42 46 7 8 93 60 61 97 75 81 100 0,47 59
PFG_MOEA,229,6,98.88,1134.43,0 5 29 52 87 6 65 90 79 51 49 32 67 72 70 54 36 3 62 48 0,32 51 54 72
PFG_MOEA,230,1,172.71,848.77,0 89 10 26 59 44 38 47 69 28 42 76 9 7 8 79 51 49 32 3 36 54 70 72 67 86 82 0,3 10 67
PFG_MOEA,230,2,172.71,848.77,0 50 77 58 48 62 92 43 1 99 25 2 0,92
PFG_MOEA,230,3,172.71,848.77,0 34 21 37 33 22 23 84 56 39 68 18 19 91 20 17 31 16 40 35 71 15 30 64 78 74 63 88 85 98 14 11 83 96 46 0,15 20
PFG_MOEA,230,4,172.71,848.77,0 81 75 93 100 0,
PFG_MOEA,230,5,172.71,848.77,0 13 27 12 41 73 95 57 97 61 60 5 29 52 87 6 65 90 24 45 94 66 53 80 4 0,95
PFG_MOEA,230,6,172.71,848.77,0 55 0,55
PFG_MOEA,231,1,130.19,886.45,0 8 7 42 76 9 60 61 5 29 52 87 6 65 90 79 32 49 51 0,
PFG_MOEA,231,2,130.19,886.45,0 50 77 3 36 54 70 72 67 86 82 58 48 62 92 43 0,54 62
PFG_MOEA,231,3,130.19,886.45,0 2 25 34 21 33 37 68 39 56 84 23 22 1 99 0,
PFG_MOEA,231,4,130.19,886.45,0 20 91 19 31 17 18 16 40 35 71 15 98 85 88 63 74 78 64 30 0,
PFG_MOEA,231,5,130.19,886.45,0 81 46 96 83 11 14 95 57 0,
PFG_MOEA,231,6,130.19,886.45,0 4 80 53 66 94 45 24 97 100 93 75 55 28 69 47 38 44 59 26 10 89 73 41 12 27 13 0,55 59
PFG_MOEA,232,1,104.19,1056.66,0 19 18 91 21 22 33 37 68 56 39 84 23 82 86 67 72 70 54 36 3 0,33 39
PFG_MOEA,232,2,104.19,1056.66,0 50 77 58 48 62 92 43 2 1 16 40 71 35 31 17 0,40
PFG_MOEA,232,3,104.19,1056.66,0 13 27 12 73 15 98 85 88 63 74 78 64 30 41 99 34 25 0,15
PFG_MOEA,232,4,104.19,1056.66,0 4 80 53 66 94 45 24 55 9 76 42 14 11 83 95 57 96 89 10 0,95
PFG_MOEA,232,5,104.19,1056.66,0 26 59 44 38 47 69 28 46 7 8 93 100 81 75 97 61 60 52 87 6 0,28
PFG_MOEA,232,6,104.19,1056.66,0 5 29 65 90 79 32 49 51 20 0,
PFG_MOEA,233,1,98.88,1134.43,0 23 84 39 56 68 37 33 22 21 91 19 18 16 40 35 31 17 20 0,35
PFG_MOEA,233,2,98.88,1134.43,0 15 30 64 78 74 63 98 71 99 2 25 50 77 58 82 86 0,
PFG_MOEA,233,3,98.88,1134.43,0 92 43 1 34 88 85 14 11 83 0,92
PFG_MOEA,233,4,98.88,1134.43,0 4 24 45 94 66 53 80 76 9 55 96 57 95 73 41 12 27 13 0,55 76
PFG_MOEA,233,5,98.88,1134.43,0 89 10 26 59 44 38 47 69 28 42 46 7 8 93 60 61 97 75 81 100 0,47 59
PFG_MOEA,233,6,98.88,1134.43,0 5 29 52 87 6 65 90 79 51 49 32 67 72 70 54 36 3 62 48 0,32 51 54 72
PFG_MOEA,234,1,172.71,848.77,0 89 10 26 59 44 38 47 69 28 42 76 9 7 8 79 51 49 32 3 36 54 70 72 67 86 82 0,3 10 67
PFG_MOEA,234,2,172.71,848.77,0 50 77 58 48 62 92 43 1 99 25 2 0,92
PFG_MOEA,234,3,172.71,848.77,0 34 21 37 33 22 23 84 56 39 68 18 19 91 20 17 31 16 40 35 71 15 30 64 78 74 63 88 85 98 14 11 83 96 46 0,15 20
PFG_MOEA,234,4,172.71,848.77,0 81 75 93 100 0,
PFG_MOEA,234,5,172.71,848.77,0 13 27 12 41 73 95 57 97 61 60 5 29 52 87 6 65 90 24 45 94 66 53 80 4 0,95
PFG_MOEA,234,6,172.71,848.77,0 55 0,55
PFG_MOEA,235,1,130.19,886.45,0 8 7 42 76 9 60 61 5 29 52 87 6 65 90 79 32 49 51 0,
PFG_MOEA,235,2,130.19,886.45,0 50 77 3 36 54 70 72 67 86 82 58 48 62 92 43 0,54 62
PFG_MOEA,235,3,130.19,886.45,0 2 25 34 21 33 37 68 39 56 84 23 22 1 99 0,
PFG_MOEA,235,4,130.19,886.45,0 20 91 19 31 17 18 16 40 35 71 15 98 85 88 63 74 78 64 30 0,
PFG_MOEA,235,5,130.19,886.45,0 81 46 96 83 11 14 95 57 0,
PFG_MOEA,235,6,130.19,886.45,0 4 80 53 66 94 45 24 97 100 93 75 55 28 69 47 38 44 59 26 10 89 73 41 12 27 13 0,55 59
PFG_MOEA,236,1,104.19,1056.66,0 19 18 91 21 22 33 37 68 56 39 84 23 82 86 67 72 70 54 36 3 0,33 39
PFG_MOEA,236,2,104.19,1056.66,0 50 77 58 48 62 92 43 2 1 16 40 71 35 31 17 0,40
PFG_MOEA,236,3,104.19,1056.66,0 13 27 12 73 15 98 85 88 63 74 78 64 30 41 99 34 25 0,15
PFG_MOEA,236,4,104.19,1056.66,0 4 80 53 66 94 45 24 55 9 76 42 14 11 83 95 57 96 89 10 0,95
PFG_MOEA,236,5,104.19,1056.66,0 26 59 44 38 47 69 28 46 7 8 93 100 81 75 97 61 60 52 87 6 0,28
PFG_MOEA,236,6,104.19,1056.66,0 5 29 65 90 79 32 49 51 20 0,
PFG_MOEA,237,1,98.88,1134.43,0 23 84 39 56 68 37 33 22 21 91 19 18 16 40 35 31 17 20 0,35
PFG_MOEA,237,2,98.88,1134.43,0 15 30 64 78 74 63 98 71 99 2 25 50 77 58 82 86 0,
PFG_MOEA,237,3,98.88,1134.43,0 92 43 1 34 88 85 14 11 83 0,92
PFG_MOEA,237,4,98.88,1134.43,0 4 24 45 94 66 53 80 76 9 55 96 57 95 73 41 12 27 13 0,55 76
PFG_MOEA,237,5,98.88,1134.43,0 89 10 26 59 44 38 47 69 28 42 46 7 8 93 60 61 97 75 81 100 0,47 59
PFG_MOEA,237,6,98.88,1134.43,0 5 29 52 87 6 65 90 79 51 49 32 67 72 70 54 36 3 62 48 0,32 51 54 72
PFG_MOEA,238,1,172.71,848.77,0 89 10 26 59 44 38 47 69 28 42 76 9 7 8 79 51 49 32 3 36 54 70 72 67 86 82 0,3 10 67
PFG_MOEA,238,2,172.71,848.77,0 50 77 58 48 62 92 43 1 99 25 2 0,92
PFG_MOEA,238,3,172.71,848.77,0 34 21 37 33 22 23 84 56 39 68 18 19 91 20 17 31 16 40 35 71 15 30 64 78 74 63 88 85 98 14 11 83 96 46 0,15 20
PFG_MOEA,238,4,172.71,848.77,0 81 75 93 100 0,
PFG_MOEA,238,5,172.71,848.77,0 13 27 12 41 73 95 57 97 61 60 5 29 52 87 6 65 90 24 45 94 66 53 80 4 0,95
PFG_MOEA,238,6,172.71,848.77,0 55 0,55
PFG_MOEA,239,1,130.19,886.45,0 8 7 42 76 9 60 61 5 29 52 87 6 65 90 79 32 49 51 0,
PFG_MOEA,239,2,130.19,886.45,0 50 77 3 36 54 70 72 67 86 82 58 48 62 92 43 0,54 62
PFG_MOEA,239,3,130.19,886.45,0 2 25 34 21 33 37 68 39 56 84 23 22 1 99 0,
PFG_MOEA,239,4,130.19,886.45,0 20 91 19 31 17 18 16 40 35 71 15 98 85 88 63 74 78 64 30 0,
PFG_MOEA,239,5,130.19,886.45,0 81 46 96 83 11 14 95 57 0,
PFG_MOEA,239,6,130.19,886.45,0 4 80 53 66 94 45 24 97 100 93 75 55 28 69 47 38 44 59 26 10 89 73 41 12 27 13 0,55 59
PFG_MOEA,240,1,104.19,1056.66,0 19 18 91 21 22 33 37 68 56 39 84 23 82 86 67 72 70 54 36 3 0,33 39
PFG_MOEA,240,2,104.19,1056.66,0 50 77 58 48 62 92 43 2 1 16 40 71 35 31 17 0,40
PFG_MOEA,240,3,104.19,1056.66,0 13 27 12 73 15 98 85 88 63 74 78 64 30 41 99 34 25 0,15
PFG_MOEA,240,4,104.19,1056.66,0 4 80 53 66 94 45 24 55 9 76 42 14 11 83 95 57 96 89 10 0,95
PFG_MOEA,240,5,104.19,1056.66,0 26 59 44 38 47 69 28 46 7 8 93 100 81 75 97 61 60 52 87 6 0,28
PFG_MOEA,240,6,104.19,1056.66,0 5 29 65 90 79 32 49 51 20 0,
PFG_MOEA,241,1,98.88,1134.43,0 23 84 39 56 68 37 33 22 21 91 19 18 16 40 35 31 17 20 0,35
PFG_MOEA,241,2,98.88,1134.43,0 15 30 64 78 74 63 98 71 99 2 25 50 77 58 82 86 0,
PFG_MOEA,241,3,98.88,1134.43,0 92 43 1 34 88 85 14 11 83 0,92
PFG_MOEA,241,4,98.88,1134.43,0 4 24 45 94 66 53 80 76 9 55 96 57 95 73 41 12 27 13 0,55 76
PFG_MOEA,241,5,98.88,1134.43,0 89 10 26 59 44 38 47 69 28 42 46 7 8 93 60 61 97 75 81 100 0,47 59
PFG_MOEA,241,6,98.88,1134.43,0 5 29 52 87 6 65 90 79 51 49 32 67 72 70 54 36 3 62 48 0,32 51 54 72
PFG_MOEA,242,1,172.71,848.77,0 89 10 26 59 44 38 47 69 28 42 76 9 7 8 79 51 49 32 3 36 54 70 72 67 86 82 0,3 10 67
PFG_MOEA,242,2,172.71,848.77,0 50 77 58 48 62 92 43 1 99 25 2 0,92
PFG_MOEA,242,3,172.71,848.77,0 34 21 37 33 22 23 84 56 39 68 18 19 91 20 17 31 16 40 35 71 15 30 64 78 74 63 88 85 98 14 11 83 96 46 0,15 20
PFG_MOEA,242,4,172.71,848.77,0 81 75 93 100 0,
PFG_MOEA,242,5,172.71,848.77,0 13 27 12 41 73 95 57 97 61 60 5 29 52 87 6 65 90 24 45 94 66 53 80 4 0,95
PFG_MOEA,242,6,172.71,848.77,0 55 0,55
PFG_MOEA,243,1,130.19,886.45,0 8 7 42 76 9 60 61 5 29 52 87 6 65 90 79 32 49 51 0,
PFG_MOEA,243,2,130.19,886.45,0 50 77 3 36 54 70 72 67 86 82 58 48 62 92 43 0,54 62
PFG_MOEA,243,3,130.19,886.45,0 2 25 34 21 33 37 68 39 56 84 23 22 1 99 0,
PFG_MOEA,243,4,130.19,886.45,0 20 91 19 31 17 18 16 40 35 71 15 98 85 88 63 74 78 64 30 0,
PFG_MOEA,243,5,130.19,886.45,0 81 46 96 83 11 14 95 57 0,
PFG_MOEA,243,6,130.19,886.45,0 4 80 53 66 94 45 24 97 100 93 75 55 28 69 47 38 44 59 26 10 89 73 41 12 27 13 0,55 59
PFG_MOEA,244,1,104.19,1056.66,0 19 18 91 21 22 33 37 68 56 39 84 23 82 86 67 72 70 54 36 3 0,33 39
PFG_MOEA,244,2,104.19,1056.66,0 50 77 58 48 62 92 43 2 1 16 40 71 35 31 17 0,40
PFG_MOEA,244,3,104.19,1056.66,0 13 27 12 73 15 98 85 88 63 74 78 64 30 41 99 34 25 0,15
PFG_MOEA,244,4,104.19,1056.66,0 4 80 53 66 94 45 24 55 9 76 42 14 11 83 95 57 96 89 10 0,95
PFG_MOEA,244,5,104.19,1056.66,0 26 59 44 38 47 69 28 46 7 8 93 100 81 75 97 61 60 52 87 6 0,28
PFG_MOEA,244,6,104.19,1056.66,0 5 29 65 90 79 32 49 51 20 0,
PFG_MOEA,245,1,98.88,1134.43,0 23 84 39 56 68 37 33 22 21 91 19 18 16 40 35 31 17 20 0,35
PFG_MOEA,245,2,98.88,1134.43,0 15 30 64 78 74 63 98 71 99 2 25 50 77 58 82 86 0,
PFG_MOEA,245,3,98.88,1134.43,0 92 43 1 34 88 85 14 11 83 0,92
PFG_MOEA,245,4,98.88,1134.43,0 4 24 45 94 66 53 80 76 9 55 96 57 95 73 41 12 27 13 0,55 76
PFG_MOEA,245,5,98.88,1134.43,0 89 10 26 59 44 38 47 69 28 42 46 7 8 93 60 61 97 75 81 100 0,47 59
PFG_MOEA,245,6,98.88,1134.43,0 5 29 52 87 6 65 90 79 51 49 32 67 72 70 54 36 3 62 48 0,32 51 54 72
PFG_MOEA,246,1,172.71,848.77,0 89 10 26 59 44 38 47 69 28 42 76 9 7 8 79 51 49 32 3 36 54 70 72 67 86 82 0,3 10 67
PFG_MOEA,246,2,172.71,848.77,0 50 77 58 48 62 92 43 1 99 25 2 0,92
PFG_MOEA,246,3,172.71,848.77,0 34 21 37 33 22 23 84 56 39 68 18 19 91 20 17 31 16 40 35 71 15 30 64 78 74 63 88 85 98 14 11 83 96 46 0,15 20
PFG_MOEA,246,4,172.71,848.77,0 81 75 93 100 0,
PFG_MOEA,246,5,172.71,848.77,0 13 27 12 41 73 95 57 97 61 60 5 29 52 87 6 65 90 24 45 94 66 53 80 4 0,95
PFG_MOEA,246,6,172.71,848.77,0 55 0,55
PFG_MOEA,247,1,130.19,886.45,0 8 7 42 76 9 60 61 5 29 52 87 6 65 90 79 32 49 51 0,
PFG_MOEA,247,2,130.19,886.45,0 50 77 3 36 54 70 72 67 86 82 58 48 62 92 43 0,54 62
PFG_MOEA,247,3,130.19,886.45,0 2 25 34 21 33 37 68 39 56 84 23 22 1 99 0,
PFG_MOEA,247,4,130.19,886.45,0 20 91 19 31 17 18 16 40 35 71 15 98 85 88 63 74 78 64 30 0,
PFG_MOEA,247,5,130.19,886.45,0 81 46 96 83 11 14 95 57 0,
PFG_MOEA,247,6,130.19,886.45,0 4 80 53 66 94 45 24 97 100 93 75 55 28 69 47 38 44 59 26 10 89 73 41 12 27 13 0,55 59
PFG_MOEA,248,1,104.19,1056.66,0 19 18 91 21 22 33 37 68 56 39 84 23 82 86 67 72 70 54 36 3 0,33 39
PFG_MOEA,248,2,104.19,1056.66,0 50 77 58 48 62 92 43 2 1 16 40 71 35 31 17 0,40
PFG_MOEA,248,3,104.19,1056.66,0 13 27 12 73 15 98 85 88 63 74 78 64 30 41 99 34 25 0,15
PFG_MOEA,248,4,104.19,1056.66,0 4 80 53 66 94 45 24 55 9 76 42 14 11 83 95 57 96 89 10 0,95
PFG_MOEA,248,5,104.19,1056.66,0 26 59 44 38 47 69 28 46 7 8 93 100 81 75 97 61 60 52 87 6 0,28
PFG_MOEA,248,6,104.19,1056.66,0 5 29 65 90 79 32 49 51 20 0,
PFG_MOEA,249,1,98.88,1134.43,0 23 84 39 56 68 37 33 22 21 91 19 18 16 40 35 31 17 20 0,35
PFG_MOEA,249,2,98.88,1134.43,0 15 30 64 78 74 63 98 71 99 2 25 50 77 58 82 86 0,
PFG_MOEA,249,3,98.88,1134.43,0 92 43 1 34 88 85 14 11 83 0,92
PFG_MOEA,249,4,98.88,1134.43,0 4 24 45 94 66 53 80 76 9 55 96 57 95 73 41 12 27 13 0,55 76
PFG_MOEA,249,5,98.88,1134.43,0 89 10 26 59 44 38 47 69 28 42 46 7 8 93 60 61 97 75 81 100 0,47 59
PFG_MOEA,249,6,98.88,1134.43,0 5 29 52 87 6 65 90 79 51 49 32 67 72 70 54 36 3 62 48 0,32 51 54 72
PFG_MOEA,250,1,172.71,848.77,0 89 10 26 59 44 38 47 69 28 42 76 9 7 8 79 51 49 32 3 36 54 70 72 67 86 82 0,3 10 67
PFG_MOEA,250,2,172.71,848.77,0 50 77 58 48 62 92 43 1 99 25 2 0,92
PFG_MOEA,250,3,172.71,848.77,0 34 21 37 33 22 23 84 56 39 68 18 19 91 20 17 31 16 40 35 71 15 30 64 78 74 63 88 85 98 14 11 83 96 46 0,15 20
PFG_MOEA,250,4,172.71,848.77,0 81 75 93 100 0,
PFG_MOEA,250,5,172.71,848.77,0 13 27 12 41 73 95 57 97 61 60 5 29 52 87 6 65 90 24 45 94 66 53 80 4 0,95
PFG_MOEA,250,6,172.71,848.77,0 55 0,55
PFG_MOEA,251,1,130.19,886.45,0 8 7 42 76 9 60 61 5 29 52 87 6 65 90 79 32 49 51 0,
PFG_MOEA,251,2,130.19,886.45,0 50 77 3 36 54 70 72 67 86 82 58 48 62 92 43 0,54 62
PFG_MOEA,251,3,130.19,886.45,0 2 25 34 21 33 37 68 39 56 84 23 22 1 99 0,
PFG_MOEA,251,4,130.19,886.45,0 20 91 19 31 17 18 16 40 35 71 15 98 85 88 63 74 78 64 30 0,
PFG_MOEA,251,5,130.19,886.45,0 81 46 96 83 11 14 95 57 0,
PFG_MOEA,251,6,130.19,886.45,0 4 80 53 66 94 45 24 97 100 93 75 55 28 69 47 38 44 59 26 10 89 73 41 12 27 13 0,55 59
PFG_MOEA,252,1,104.19,1056.66,0 19 18 91 21 22 33 37 68 56 39 84 23 82 86 67 72 70 54 36 3 0,33 39
PFG_MOEA,252,2,104.19,1056.66,0 50 77 58 48 62 92 43 2 1 16 40 71 35 31 17 0,40
PFG_MOEA,252,3,104.19,1056.66,0 13 27 12 73 15 98 85 88 63 74 78 64 30 41 99 34 25 0,15
PFG_MOEA,252,4,104.19,1056.66,0 4 80 53 66 94 45 24 55 9 76 42 14 11 83 95 57 96 89 10 0,95
PFG_MOEA,252,5,104.19,1056.66,0 26 59 44 38 47 69 28 46 7 8 93 100 81 75 97 61 60 52 87 6 0,28
PFG_MOEA,252,6,104.19,1056.66,0 5 29 65 90 79 32 49 51 20 0,
PFG_MOEA,253,1,98.88,1134.43,0 23 84 39 56 68 37 33 22 21 91 19 18 16 40 35 31 17 20 0,35
PFG_MOEA,253,2,98.88,1134.43,0 15 30 64 78 74 63 98 71 99 2 25 50 77 58 82 86 0,
PFG_MOEA,253,3,98.88,1134.43,0 92 43 1 34 88 85 14 11 83 0,92
PFG_MOEA,253,4,98.88,1134.43,0 4 24 45 94 66 53 80 76 9 55 96 57 95 73 41 12 27 13 0,55 76
PFG_MOEA,253,5,98.88,1134.43,0 89 10 26 59 44 38 47 69 28 42 46 7 8 93 60 61 97 75 81 100 0,47 59
PFG_MOEA,253,6,98.88,1134.43,0 5 29 52 87 6 65 90 79 51 49 32 67 72 70 54 36 3 62 48 0,32 51 54 72
PFG_MOEA,254,1,172.71,848.77,0 89 10 26 59 44 38 47 69 28 42 76 9 7 8 79 51 49 32 3 36 54 70 72 67 86 82 0,3 10 67
PFG_MOEA,254,2,172.71,848.77,0 50 77 58 48 62 92 43 1 99 25 2 0,92
PFG_MOEA,254,3,172.71,848.77,0 34 21 37 33 22 23 84 56 39 68 18 19 91 20 17 31 16 40 35 71 15 30 64 78 74 63 88 85 98 14 11 83 96 46 0,15 20
PFG_MOEA,254,4,172.71,848.77,0 81 75 93 100 0,
PFG_MOEA,254,5,172.71,848.77,0 13 27 12 41 73 95 57 97 61 60 5 29 52 87 6 65 90 24 45 94 66 53 80 4 0,95
PFG_MOEA,254,6,172.71,848.77,0 55 0,55
PFG_MOEA,255,1,130.19,886.45,0 8 7 42 76 9 60 61 5 29 52 87 6 65 90 79 32 49 51 0,
PFG_MOEA,255,2,130.19,886.45,0 50 77 3 36 54 70 72 67 86 82 58 48 62 92 43 0,54 62
PFG_MOEA,255,3,130.19,886.45,0 2 25 34 21 33 37 68 39 56 84 23 22 1 99 0,
PFG_MOEA,255,4,130.19,886.45,0 20 91 19 31 17 18 16 40 35 71 15 98 85 88 63 74 78 64 30 0,
PFG_MOEA,255,5,130.19,886.45,0 81 46 96 83 11 14 95 57 0,
PFG_MOEA,255,6,130.19,886.45,0 4 80 53 66 94 45 24 97 100 93 75 55 28 69 47 38 44 59 26 10 89 73 41 12 27 13 0,55 59
PFG_MOEA,256,1,104.19,1056.66,0 19 18 91 21 22 33 37 68 56 39 84 23 82 86 67 72 70 54 36 3 0,33 39
PFG_MOEA,256,2,104.19,1056.66,0 50 77 58 48 62 92 43 2 1 16 40 71 35 31 17 0,40
PFG_MOEA,256,3,104.19,1056.66,0 13 27 12 73 15 98 85 88 63 74 78 64 30 41 99 34 25 0,15
PFG_MOEA,256,4,104.19,1056.66,0 4 80 53 66 94 45 24 55 9 76 42 14 11 83 95 57 96 89 10 0,95
PFG_MOEA,256,5,104.19,1056.66,0 26 59 44 38 47 69 28 46 7 8 93 100 81 75 97 61 60 52 87 6 0,28
PFG_MOEA,256,6,104.19,1056.66,0 5 29 65 90 79 32 49 51 20 0,
PFG_MOEA,257,1,98.88,1134.43,0 23 84 39 56 68 37 33 22 21 91 19 18 16 40 35 31 17 20 0,35
PFG_MOEA,257,2,98.88,1134.43,0 15 30 64 78 74 63 98 71 99 2 25 50 77 58 82 86 0,
PFG_MOEA,257,3,98.88,1134.43,0 92 43 1 34 88 85 14 11 83 0,92
PFG_MOEA,257,4,98.88,1134.43,0 4 24 45 94 66 53 80 76 9 55 96 57 95 73 41 12 27 13 0,55 76
PFG_MOEA,257,5,98.88,1134.43,0 89 10 26 59 44 38 47 69 28 42 46 7 8 93 60 61 97 75 81 100 0,47 59
PFG_MOEA,257,6,98.88,1134.43,0 5 29 52 87 6 65 90 79 51 49 32 67 72 70 54 36 3 62 48 0,32 51 54 72
PFG_MOEA,258,1,172.71,848.77,0 89 10 26 59 44 38 47 69 28 42 76 9 7 8 79 51 49 32 3 36 54 70 72 67 86 82 0,3 10 67
PFG_MOEA,258,2,172.71,848.77,0 50 77 58 48 62 92 43 1 99 25 2 0,92
PFG_MOEA,258,3,172.71,848.77,0 34 21 37 33 22 23 84 56 39 68 18 19 91 20 17 31 16 40 35 71 15 30 64 78 74 63 88 85 98 14 11 83 96 46 0,15 20
PFG_MOEA,258,4,172.71,848.77,0 81 75 93 100 0,
PFG_MOEA,258,5,172.71,848.77,0 13 27 12 41 73 95 57 97 61 60 5 29 52 87 6 65 90 24 45 94 66 53 80 4 0,95
PFG_MOEA,258,6,172.71,848.77,0 55 0,55
PFG_MOEA,259,1,130.19,886.45,0 8 7 42 76 9 60 61 5 29 52 87 6 65 90 79 32 49 51 0,
PFG_MOEA,259,2,130.19,886.45,0 50 77 3 36 54 70 72 67 86 82 58 48 62 92 43 0,54 62
PFG_MOEA,259,3,130.19,886.45,0 2 25 34 21 33 37 68 39 56 84 23 22 1 99 0,
PFG_MOEA,259,4,130.19,886.45,0 20 91 19 31 17 18 16 40 35 71 15 98 85 88 63 74 78 64 30 0,
PFG_MOEA,259,5,130.19,886.45,0 81 46 96 83 11 14 95 57 0,
PFG_MOEA,259,6,130.19,886.45,0 4 80 53 66 94 45 24 97 100 93 75 55 28 69 47 38 44 59 26 10 89 73 41 12 27 13 0,55 59
PFG_MOEA,260,1,104.19,1056.66,0 19 18 91 21 22 33 37 68 56 39 84 23 82 86 67 72 70 54 36 3 0,33 39
PFG_MOEA,260,2,104.19,1056.66,0 50 77 58 48 62 92 43 2 1 16 40 71 35 31 17 0,40
PFG_MOEA,260,3,104.19,1056.66,0 13 27 12 73 15 98 85 88 63 74 78 64 30 41 99 34 25 0,15
PFG_MOEA,260,4,104.19,1056.66,0 4 80 53 66 94 45 24 55 9 76 42 14 11 83 95 57 96 89 10 0,95
PFG_MOEA,260,5,104.19,1056.66,0 26 59 44 38 47 69 28 46 7 8 93 100 81 75 97 61 60 52 87 6 0,28
PFG_MOEA,260,6,104.19,1056.66,0 5 29 65 90 79 32 49 51 20 0,
PFG_MOEA,261,1,98.88,1134.43,0 23 84 39 56 68 37 33 22 21 91 19 18 16 40 35 31 17 20 0,35
PFG_MOEA,261,2,98.88,1134.43,0 15 30 64 78 74 63 98 71 99 2 25 50 77 58 82 86 0,
PFG_MOEA,261,3,98.88,1134.43,0 92 43 1 34 88 85 14 11 83 0,92
PFG_MOEA,261,4,98.88,1134.43,0 4 24 45 94 66 53 80 76 9 55 96 57 95 73 41 12 27 13 0,55 76
PFG_MOEA,261,5,98.88,1134.43,0 89 10 26 59 44 38 47 69 28 42 46 7 8 93 60 61 97 75 81 100 0,47 59
PFG_MOEA,261,6,98.88,1134.43,0 5 29 52 87 6 65 90 79 51 49 32 67 72 70 54 36 3 62 48 0,32 51 54 72
PFG_MOEA,262,1,172.71,848.77,0 89 10 26 59 44 38 47 69 28 42 76 9 7 8 79 51 49 32 3 36 54 70 72 67 86 82 0,3 10 67
PFG_MOEA,262,2,172.71,848.77,0 50 77 58 48 62 92 43 1 99 25 2 0,92
PFG_MOEA,262,3,172.71,848.77,0 34 21 37 33 22 23 84 56 39 68 18 19 91 20 17 31 16 40 35 71 15 30 64 78 74 63 88 85 98 14 11 83 96 46 0,15 20
PFG_MOEA,262,4,172.71,848.77,0 81 75 93 100 0,
PFG_MOEA,262,5,172.71,848.77,0 13 27 12 41 73 95 57 97 61 60 5 29 52 87 6 65 90 24 45 94 66 53 80 4 0,95
PFG_MOEA,262,6,172.71,848.77,0 55 0,55
PFG_MOEA,263,1,130.19,886.45,0 8 7 42 76 9 60 61 5 29 52 87 6 65 90 79 32 49 51 0,
PFG_MOEA,263,2,130.19,886.45,0 50 77 3 36 54 70 72 67 86 82 58 48 62 92 43 0,54 62
PFG_MOEA,263,3,130.19,886.45,0 2 25 34 21 33 37 68 39 56 84 23 22 1 99 0,
PFG_MOEA,263,4,130.19,886.45,0 20 91 19 31 17 18 16 40 35 71 15 98 85 88 63 74 78 64 30 0,
PFG_MOEA,263,5,130.19,886.45,0 81 46 96 83 11 14 95 57 0,
PFG_MOEA,263,6,130.19,886.45,0 4 80 53 66 94 45 24 97 100 93 75 55 28 69 47 38 44 59 26 10 89 73 41 12 27 13 0,55 59
PFG_MOEA,264,1,104.19,1056.66,0 19 18 91 21 22 33 37 68 56 39 84 23 82 86 67 72 70 54 36 3 0,33 39
PFG_MOEA,264,2,104.19,1056.66,0 50 77 58 48 62 92 43 2 1 16 40 71 35 31 17 0,40
PFG_MOEA,264,3,104.19,1056.66,0 13 27 12 73 15 98 85 88 63 74 78 64 30 41 99 34 25 0,15
PFG_MOEA,264,4,104.19,1056.66,0 4 80 53 66 94 45 24 55 9 76 42 14 11 83 95 57 96 89 10 0,95
PFG_MOEA,264,5,104.19,1056.66,0 26 59 44 38 47 69 28 46 7 8 93 100 81 75 97 61 60 52 87 6 0,28
PFG_MOEA,264,6,104.19,1056.66,0 5 29 65 90 79 32 49 51 20 0,
PFG_MOEA,265,1,98.88,1134.43,0 23 84 39 56 68 37 33 22 21 91 19 18 16 40 35 31 17 20 0,35
PFG_MOEA,265,2,98.88,1134.43,0 15 30 64 78 74 63 98 71 99 2 25 50 77 58 82 86 0,
PFG_MOEA,265,3,98.88,1134.43,0 92 43 1 34 88 85 14 11 83 0,92
PFG_MOEA,265,4,98.88,1134.43,0 4 24 45 94 66 53 80 76 9 55 96 57 95 73 41 12 27 13 0,55 76
PFG_MOEA,265,5,98.88,1134.43,0 89 10 26 59 44 38 47 69 28 42 46 7 8 93 60 61 97 75 81 100 0,47 59
PFG_MOEA,265,6,98.88,1134.43,0 5 29 52 87 6 65 90 79 51 49 32 67 72 70 54 36 3 62 48 0,32 51 54 72
PFG_MOEA,266,1,172.71,848.77,0 89 10 26 59 44 38 47 69 28 42 76 9 7 8 79 51 49 32 3 36 54 70 72 67 86 82 0,3 10 67
PFG_MOEA,266,2,172.71,848.77,0 50 77 58 48 62 92 43 1 99 25 2 0,92
PFG_MOEA,266,3,172.71,848.77,0 34 21 37 33 22 23 84 56 39 68 18 19 91 20 17 31 16 40 35 71 15 30 64 78 74 63 88 85 98 14 11 83 96 46 0,15 20
PFG_MOEA,266,4,172.71,848.77,0 81 75 93 100 0,
PFG_MOEA,266,5,172.71,848.77,0 13 27 12 41 73 95 57 97 61 60 5 29 52 87 6 65 90 24 45 94 66 53 80 4 0,95
PFG_MOEA,266,6,172.71,848.77,0 55 0,55
PFG_MOEA,267,1,130.19,886.45,0 8 7 42 76 9 60 61 5 29 52 87 6 65 90 79 32 49 51 0,
PFG_MOEA,267,2,130.19,886.45,0 50 77 3 36 54 70 72 67 86 82 58 48 62 92 43 0,54 62
PFG_MOEA,267,3,130.19,886.45,0 2 25 34 21 33 37 68 39 56 84 23 22 1 99 0,
PFG_MOEA,267,4,130.19,886.45,0 20 91 19 31 17 18 16 40 35 71 15 98 85 88 63 74 78 64 30 0,
PFG_MOEA,267,5,130.19,886.45,0 81 46 96 83 11 14 95 57 0,
PFG_MOEA,267,6,130.19,886.45,0 4 80 53 66 94 45 24 97 100 93 75 55 28 69 47 38 44 59 26 10 89 73 41 12 27 13 0,55 59
PFG_MOEA,268,1,104.19,1056.66,0 19 18 91 21 22 33 37 68 56 39 84 23 82 86 67 72 70 54 36 3 0,33 39
PFG_MOEA,268,2,104.19,1056.66,0 50 77 58 48 62 92 43 2 1 16 40 71 35 31 17 0,40
PFG_MOEA,268,3,104.19,1056.66,0 13 27 12 73 15 98 85 88 63 74 78 64 30 41 99 34 25 0,15
PFG_MOEA,268,4,104.19,1056.66,0 4 80 53 66 94 45 24 55 9 76 42 14 11 83 95 57 96 89 10 0,95
PFG_MOEA,268,5,104.19,1056.66,0 26 59 44 38 47 69 28 46 7 8 93 100 81 75 97 61 60 52 87 6 0,28
PFG_MOEA,268,6,104.19,1056.66,0 5 29 65 90 79 32 49 51 20 0,
PFG_MOEA,269,1,98.88,1134.43,0 23 84 39 56 68 37 33 22 21 91 19 18 16 40 35 31 17 20 0,35
PFG_MOEA,269,2,98.88,1134.43,0 15 30 64 78 74 63 98 71 99 2 25 50 77 58 82 86 0,
PFG_MOEA,269,3,98.88,1134.43,0 92 43 1 34 88 85 14 11 83 0,92
PFG_MOEA,269,4,98.88,1134.43,0 4 24 45 94 66 53 80 76 9 55 96 57 95 73 41 12 27 13 0,55 76
PFG_MOEA,269,5,98.88,1134.43,0 89 10 26 59 44 38 47 69 28 42 46 7 8 93 60 61 97 75 81 100 0,47 59
PFG_MOEA,269,6,98.88,1134.43,0 5 29 52 87 6 65 90 79 51 49 32 67 72 70 54 36 3 62 48 0,32 51 54 72
PFG_MOEA,270,1,172.71,848.77,0 89 10 26 59 44 38 47 69 28 42 76 9 7 8 79 51 49 32 3 36 54 70 72 67 86 82 0,3 10 67
PFG_MOEA,270,2,172.71,848.77,0 50 77 58 48 62 92 43 1 99 25 2 0,92
PFG_MOEA,270,3,172.71,848.77,0 34 21 37 33 22 23 84 56 39 68 18 19 91 20 17 31 16 40 35 71 15 30 64 78 74 63 88 85 98 14 11 83 96 46 0,15 20
PFG_MOEA,270,4,172.71,848.77,0 81 75 93 100 0,
PFG_MOEA,270,5,172.71,848.77,0 13 27 12 41 73 95 57 97 61 60 5 29 52 87 6 65 90 24 45 94 66 53 80 4 0,95
PFG_MOEA,270,6,172.71,848.77,0 55 0,55
PFG_MOEA,271,1,130.19,886.45,0 8 7 42 76 9 60 61 5 29 52 87 6 65 90 79 32 49 51 0,
PFG_MOEA,271,2,130.19,886.45,0 50 77 3 36 54 70 72 67 86 82 58 48 62 92 43 0,54 62
PFG_MOEA,271,3,130.19,886.45,0 2 25 34 21 33 37 68 39 56 84 23 22 1 99 0,
PFG_MOEA,271,4,130.19,886.45,0 20 91 19 31 17 18 16 40 35 71 15 98 85 88 63 74 78 64 30 0,
PFG_MOEA,271,5,130.19,886.45,0 81 46 96 83 11 14 95 57 0,
PFG_MOEA,271,6,130.19,886.45,0 4 80 53 66 94 45 24 97 100 93 75 55 28 69 47 38 44 59 26 10 89 73 41 12 27 13 0,55 59
PFG_MOEA,272,1,104.19,1056.66,0 19 18 91 21 22 33 37 68 56 39 84 23 82 86 67 72 70 54 36 3 0,33 39
PFG_MOEA,272,2,104.19,1056.66,0 50 77 58 48 62 92 43 2 1 16 40 71 35 31 17 0,40
PFG_MOEA,272,3,104.19,1056.66,0 13 27 12 73 15 98 85 88 63 74 78 64 30 41 99 34 25 0,15
PFG_MOEA,272,4,104.19,1056.66,0 4 80 53 66 94 45 24 55 9 76 42 14 11 83 95 57 96 89 10 0,95
PFG_MOEA,272,5,104.19,1056.66,0 26 59 44 38 47 69 28 46 7 8 93 100 81 75 97 61 60 52 87 6 0,28
PFG_MOEA,272,6,104.19,1056.66,0 5 29 65 90 79 32 49 51 20 0,
PFG_MOEA,273,1,98.88,1134.43,0 23 84 39 56 68 37 33 22 21 91 19 18 16 40 35 31 17 20 0,35
PFG_MOEA,273,2,98.88,1134.43,0 15 30 64 78 74 63 98 71 99 2 25 50 77 58 82 86 0,
PFG_MOEA,273,3,98.88,1134.43,0 92 43 1 34 88 85 14 11 83 0,92
PFG_MOEA,273,4,98.88,1134.43,0 4 24 45 94 66 53 80 76 9 55 96 57 95 73 41 12 27 13 0,55 76
PFG_MOEA,273,5,98.88,1134.43,0 89 10 26 59 44 38 47 69 28 42 46 7 8 93 60 61 97 75 81 100 0,47 59
PFG_MOEA,273,6,98.88,1134.43,0 5 29 52 87 6 65 90 79 51 49 32 67 72 70 54 36 3 62 48 0,32 51 54 72
PFG_MOEA,274,1,172.71,848.77,0 89 10 26 59 44 38 47 69 28 42 76 9 7 8 79 51 49 32 3 36 54 70 72 67 86 82 0,3 10 67
PFG_MOEA,274,2,172.71,848.77,0 50 77 58 48 62 92 43 1 99 25 2 0,92
PFG_MOEA,274,3,172.71,848.77,0 34 21 37 33 22 23 84 56 39 68 18 19 91 20 17 31 16 40 35 71 15 30 64 78 74 63 88 85 98 14 11 83 96 46 0,15 20
PFG_MOEA,274,4,172.71,848.77,0 81 75 93 100 0,
PFG_MOEA,274,5,172.71,848.77,0 13 27 12 41 73 95 57 97 61 60 5 29 52 87 6 65 90 24 45 94 66 53 80 4 0,95
PFG_MOEA,274,6,172.71,848.77,0 55 0,55
PFG_MOEA,275,1,130.19,886.45,0 8 7 42 76 9 60 61 5 29 52 87 6 65 90 79 32 49 51 0,
PFG_MOEA,275,2,130.19,886.45,0 50 77 3 36 54 70 72 67 86 82 58 48 62 92 43 0,54 62
PFG_MOEA,275,3,130.19,886.45,0 2 25 34 21 33 37 68 39 56 84 23 22 1 99 0,
PFG_MOEA,275,4,130.19,886.45,0 20 91 19 31 17 18 16 40 35 71 15 98 85 88 63 74 78 64 30 0,
PFG_MOEA,275,5,130.19,886.45,0 81 46 96 83 11 14 95 57 0,
PFG_MOEA,275,6,130.19,886.45,0 4 80 53 66 94 45 24 97 100 93 75 55 28 69 47 38 44 59 26 10 89 73 41 12 27 13 0,55 59
PFG_MOEA,276,1,104.19,1056.66,0 19 18 91 21 22 33 37 68 56 39 84 23 82 86 67 72 70 54 36 3 0,33 39
PFG_MOEA,276,2,104.19,1056.66,0 50 77 58 48 62 92 43 2 1 16 40 71 35 31 17 0,40
PFG_MOEA,276,3,104.19,1056.66,0 13 27 12 73 15 98 85 88 63 74 78 64 30 41 99 34 25 0,15
PFG_MOEA,276,4,104.19,1056.66,0 4 80 53 66 94 45 24 55 9 76 42 14 11 83 95 57 96 89 10 0,95
PFG_MOEA,276,5,104.19,1056.66,0 26 59 44 38 47 69 28 46 7 8 93 100 81 75 97 61 60 52 87 6 0,28
PFG_MOEA,276,6,104.19,1056.66,0 5 29 65 90 79 32 49 51 20 0,
PFG_MOEA,277,1,98.88,1134.43,0 23 84 39 56 68 37 33 22 21 91 19 18 16 40 35 31 17 20 0,35
PFG_MOEA,277,2,98.88,1134.43,0 15 30 64 78 74 63 98 71 99 2 25 50 77 58 82 86 0,
PFG_MOEA,277,3,98.88,1134.43,0 92 43 1 34 88 85 14 11 83 0,92
PFG_MOEA,277,4,98.88,1134.43,0 4 24 45 94 66 53 80 76 9 55 96 57 95 73 41 12 27 13 0,55 76
PFG_MOEA,277,5,98.88,1134.43,0 89 10 26 59 44 38 47 69 28 42 46 7 8 93 60 61 97 75 81 100 0,47 59
PFG_MOEA,277,6,98.88,1134.43,0 5 29 52 87 6 65 90 79 51 49 32 67 72 70 54 36 3 62 48 0,32 51 54 72
PFG_MOEA,278,1,172.71,848.77,0 89 10 26 59 44 38 47 69 28 42 76 9 7 8 79 51 49 32 3 36 54 70 72 67 86 82 0,3 10 67
PFG_MOEA,278,2,172.71,848.77,0 50 77 58 48 62 92 43 1 99 25 2 0,92
PFG_MOEA,278,3,172.71,848.77,0 34 21 37 33 22 23 84 56 39 68 18 19 91 20 17 31 16 40 35 71 15 30 64 78 74 63 88 85 98 14 11 83 96 46 0,15 20
PFG_MOEA,278,4,172.71,848.77,0 81 75 93 100 0,
PFG_MOEA,278,5,172.71,848.77,0 13 27 12 41 73 95 57 97 61 60 5 29 52 87 6 65 90 24 45 94 66 53 80 4 0,95
PFG_MOEA,278,6,172.71,848.77,0 55 0,55
PFG_MOEA,279,1,130.19,886.45,0 8 7 42 76 9 60 61 5 29 52 87 6 65 90 79 32 49 51 0,
PFG_MOEA,279,2,130.19,886.45,0 50 77 3 36 54 70 72 67 86 82 58 48 62 92 43 0,54 62
PFG_MOEA,279,3,130.19,886.45,0 2 25 34 21 33 37 68 39 56 84 23 22 1 99 0,
PFG_MOEA,279,4,130.19,886.45,0 20 91 19 31 17 18 16 40 35 71 15 98 85 88 63 74 78 64 30 0,
PFG_MOEA,279,5,130.19,886.45,0 81 46 96 83 11 14 95 57 0,
PFG_MOEA,279,6,130.19,886.45,0 4 80 53 66 94 45 24 97 100 93 75 55 28 69 47 38 44 59 26 10 89 73 41 12 27 13 0,55 59
PFG_MOEA,280,1,104.19,1056.66,0 19 18 91 21 22 33 37 68 56 39 84 23 82 86 67 72 70 54 36 3 0,33 39
PFG_MOEA,280,2,104.19,1056.66,0 50 77 58 48 62 92 43 2 1 16 40 71 35 31 17 0,40
PFG_MOEA,280,3,104.19,1056.66,0 13 27 12 73 15 98 85 88 63 74 78 64 30 41 99 34 25 0,15
PFG_MOEA,280,4,104.19,1056.66,0 4 80 53 66 94 45 24 55 9 76 42 14 11 83 95 57 96 89 10 0,95
PFG_MOEA,280,5,104.19,1056.66,0 26 59 44 38 47 69 28 46 7 8 93 100 81 75 97 61 60 52 87 6 0,28
PFG_MOEA,280,6,104.19,1056.66,0 5 29 65 90 79 32 49 51 20 0,
PFG_MOEA,281,1,98.88,1134.43,0 23 84 39 56 68 37 33 22 21 91 19 18 16 40 35 31 17 20 0,35
PFG_MOEA,281,2,98.88,1134.43,0 15 30 64 78 74 63 98 71 99 2 25 50 77 58 82 86 0,
PFG_MOEA,281,3,98.88,1134.43,0 92 43 1 34 88 85 14 11 83 0,92
PFG_MOEA,281,4,98.88,1134.43,0 4 24 45 94 66 53 80 76 9 55 96 57 95 73 41 12 27 13 0,55 76
PFG_MOEA,281,5,98.88,1134.43,0 89 10 26 59 44 38 47 69 28 42 46 7 8 93 60 61 97 75 81 100 0,47 59
PFG_MOEA,281,6,98.88,1134.43,0 5 29 52 87 6 65 90 79 51 49 32 67 72 70 54 36 3 62 48 0,32 51 54 72
PFG_MOEA,282,1,172.71,848.77,0 89 10 26 59 44 38 47 69 28 42 76 9 7 8 79 51 49 32 3 36 54 70 72 67 86 82 0,3 10 67
PFG_MOEA,282,2,172.71,848.77,0 50 77 58 48 62 92 43 1 99 25 2 0,92
PFG_MOEA,282,3,172.71,848.77,0 34 21 37 33 22 23 84 56 39 68 18 19 91 20 17 31 16 40 35 71 15 30 64 78 74 63 88 85 98 14 11 83 96 46 0,15 20
PFG_MOEA,282,4,172.71,848.77,0 81 75 93 100 0,
PFG_MOEA,282,5,172.71,848.77,0 13 27 12 41 73 95 57 97 61 60 5 29 52 87 6 65 90 24 45 94 66 53 80 4 0,95
PFG_MOEA,282,6,172.71,848.77,0 55 0,55
PFG_MOEA,283,1,130.19,886.45,0 8 7 42 76 9 60 61 5 29 52 87 6 65 90 79 32 49 51 0,
PFG_MOEA,283,2,130.19,886.45,0 50 77 3 36 54 70 72 67 86 82 58 48 62 92 43 0,54 62
PFG_MOEA,283,3,130.19,886.45,0 2 25 34 21 33 37 68 39 56 84 23 22 1 99 0,
PFG_MOEA,283,4,130.19,886.45,0 20 91 19 31 17 18 16 40 35 71 15 98 85 88 63 74 78 64 30 0,
PFG_MOEA,283,5,130.19,886.45,0 81 46 96 83 11 14 95 57 0,
PFG_MOEA,283,6,130.19,886.45,0 4 80 53 66 94 45 24 97 100 93 75 55 28 69 47 38 44 59 26 10 89 73 41 12 27 13 0,55 59
PFG_MOEA,284,1,104.19,1056.66,0 19 18 91 21 22 33 37 68 56 39 84 23 82 86 67 72 70 54 36 3 0,33 39
PFG_MOEA,284,2,104.19,1056.66,0 50 77 58 48 62 92 43 2 1 16 40 71 35 31 17 0,40
PFG_MOEA,284,3,104.19,1056.66,0 13 27 12 73 15 98 85 88 63 74 78 64 30 41 99 34 25 0,15
PFG_MOEA,284,4,104.19,1056.66,0 4 80 53 66 94 45 24 55 9 76 42 14 11 83 95 57 96 89 10 0,95
PFG_MOEA,284,5,104.19,1056.66,0 26 59 44 38 47 69 28 46 7 8 93 100 81 75 97 61 60 52 87 6 0,28
PFG_MOEA,284,6,104.19,1056.66,0 5 29 65 90 79 32 49 51 20 0,
PFG_MOEA,285,1,98.88,1134.43,0 23 84 39 56 68 37 33 22 21 91 19 18 16 40 35 31 17 20 0,35
PFG_MOEA,285,2,98.88,1134.43,0 15 30 64 78 74 63 98 71 99 2 25 50 77 58 82 86 0,
PFG_MOEA,285,3,98.88,1134.43,0 92 43 1 34 88 85 14 11 83 0,92
PFG_MOEA,285,4,98.88,1134.43,0 4 24 45 94 66 53 80 76 9 55 96 57 95 73 41 12 27 13 0,55 76
PFG_MOEA,285,5,98.88,1134.43,0 89 10 26 59 44 38 47 69 28 42 46 7 8 93 60 61 97 75 81 100 0,47 59
PFG_MOEA,285,6,98.88,1134.43,0 5 29 52 87 6 65 90 79 51 49 32 67 72 70 54 36 3 62 48 0,32 51 54 72
PFG_MOEA,286,1,172.71,848.77,0 89 10 26 59 44 38 47 69 28 42 76 9 7 8 79 51 49 32 3 36 54 70 72 67 86 82 0,3 10 67
PFG_MOEA,286,2,172.71,848.77,0 50 77 58 48 62 92 43 1 99 25 2 0,92
PFG_MOEA,286,3,172.71,848.77,0 34 21 37 33 22 23 84 56 39 68 18 19 91 20 17 31 16 40 35 71 15 30 64 78 74 63 88 85 98 14 11 83 96 46 0,15 20
PFG_MOEA,286,4,172.71,848.77,0 81 75 93 100 0,
PFG_MOEA,286,5,172.71,848.77,0 13 27 12 41 73 95 57 97 61 60 5 29 52 87 6 65 90 24 45 94 66 53 80 4 0,95
PFG_MOEA,286,6,172.71,848.77,0 55 0,55
PFG_MOEA,287,1,130.19,886.45,0 8 7 42 76 9 60 61 5 29 52 87 6 65 90 79 32 49 51 0,
PFG_MOEA,287,2,130.19,886.45,0 50 77 3 36 54 70 72 67 86 82 58 48 62 92 43 0,54 62
PFG_MOEA,287,3,130.19,886.45,0 2 25 34 21 33 37 68 39 56 84 23 22 1 99 0,
PFG_MOEA,287,4,130.19,886.45,0 20 91 19 31 17 18 16 40 35 71 15 98 85 88 63 74 78 64 30 0,
PFG_MOEA,287,5,130.19,886.45,0 81 46 96 83 11 14 95 57 0,
PFG_MOEA,287,6,130.19,886.45,0 4 80 53 66 94 45 24 97 100 93 75 55 28 69 47 38 44 59 26 10 89 73 41 12 27 13 0,55 59
PFG_MOEA,288,1,104.19,1056.66,0 19 18 91 21 22 33 37 68 56 39 84 23 82 86 67 72 70 54 36 3 0,33 39
PFG_MOEA,288,2,104.19,1056.66,0 50 77 58 48 62 92 43 2 1 16 40 71 35 31 17 0,40
PFG_MOEA,288,3,104.19,1056.66,0 13 27 12 73 15 98 85 88 63 74 78 64 30 41 99 34 25 0,15
PFG_MOEA,288,4,104.19,1056.66,0 4 80 53 66 94 45 24 55 9 76 42 14 11 83 95 57 96 89 10 0,95
PFG_MOEA,288,5,104.19,1056.66,0 26 59 44 38 47 69 28 46 7 8 93 100 81 75 97 61 60 52 87 6 0,28
PFG_MOEA,288,6,104.19,1056.66,0 5 29 65 90 79 32 49 51 20 0,
PFG_MOEA,289,1,98.88,1134.43,0 23 84 39 56 68 37 33 22 21 91 19 18 16 40 35 31 17 20 0,35
PFG_MOEA,289,2,98.88,1134.43,0 15 30 64 78 74 63 98 71 99 2 25 50 77 58 82 86 0,
PFG_MOEA,289,3,98.88,1134.43,0 92 43 1 34 88 85 14 11 83 0,92
PFG_MOEA,289,4,98.88,1134.43,0 4 24 45 94 66 53 80 76 9 55 96 57 95 73 41 12 27 13 0,55 76
PFG_MOEA,289,5,98.88,1134.43,0 89 10 26 59 44 38 47 69 28 42 46 7 8 93 60 61 97 75 81 100 0,47 59
PFG_MOEA,289,6,98.88,1134.43,0 5 29 52 87 6 65 90 79 51 49 32 67 72 70 54 36 3 62 48 0,32 51 54 72
PFG_MOEA,290,1,172.71,848.77,0 89 10 26 59 44 38 47 69 28 42 76 9 7 8 79 51 49 32 3 36 54 70 72 67 86 82 0,3 10 67
PFG_MOEA,290,2,172.71,848.77,0 50 77 58 48 62 92 43 1 99 25 2 0,92
PFG_MOEA,290,3,172.71,848.77,0 34 21 37 33 22 23 84 56 39 68 18 19 91 20 17 31 16 40 35 71 15 30 64 78 74 63 88 85 98 14 11 83 96 46 0,15 20
PFG_MOEA,290,4,172.71,848.77,0 81 75 93 100 0,
PFG_MOEA,290,5,172.71,848.77,0 13 27 12 41 73 95 57 97 61 60 5 29 52 87 6 65 90 24 45 94 66 53 80 4 0,95
PFG_MOEA,290,6,172.71,848.77,0 55 0,55
PFG_MOEA,291,1,130.19,886.45,0 8 7 42 76 9 60 61 5 29 52 87 6 65 90 79 32 49 51 0,
PFG_MOEA,291,2,130.19,886.45,0 50 77 3 36 54 70 72 67 86 82 58 48 62 92 43 0,54 62
PFG_MOEA,291,3,130.19,886.45,0 2 25 34 21 33 37 68 39 56 84 23 22 1 99 0,
PFG_MOEA,291,4,130.19,886.45,0 20 91 19 31 17 18 16 40 35 71 15 98 85 88 63 74 78 64 30 0,
PFG_MOEA,291,5,130.19,886.45,0 81 46 96 83 11 14 95 57 0,
PFG_MOEA,291,6,130.19,886.45,0 4 80 53 66 94 45 24 97 100 93 75 55 28 69 47 38 44 59 26 10 89 73 41 12 27 13 0,55 59
PFG_MOEA,292,1,104.19,1056.66,0 19 18 91 21 22 33 37 68 56 39 84 23 82 86 67 72 70 54 36 3 0,33 39
PFG_MOEA,292,2,104.19,1056.66,0 50 77 58 48 62 92 43 2 1 16 40 71 35 31 17 0,40
PFG_MOEA,292,3,104.19,1056.66,0 13 27 12 73 15 98 85 88 63 74 78 64 30 41 99 34 25 0,15
PFG_MOEA,292,4,104.19,1056.66,0 4 80 53 66 94 45 24 55 9 76 42 14 11 83 95 57 96 89 10 0,95
PFG_MOEA,292,5,104.19,1056.66,0 26 59 44 38 47 69 28 46 7 8 93 100 81 75 97 61 60 52 87 6 0,28
PFG_MOEA,292,6,104.19,1056.66,0 5 29 65 90 79 32 49 51 20 0,
PFG_MOEA,293,1,98.88,1134.43,0 23 84 39 56 68 37 33 22 21 91 19 18 16 40 35 31 17 20 0,35
PFG_MOEA,293,2,98.88,1134.43,0 15 30 64 78 74 63 98 71 99 2 25 50 77 58 82 86 0,
PFG_MOEA,293,3,98.88,1134.43,0 92 43 1 34 88 85 14 11 83 0,92
PFG_MOEA,293,4,98.88,1134.43,0 4 24 45 94 66 53 80 76 9 55 96 57 95 73 41 12 27 13 0,55 76
PFG_MOEA,293,5,98.88,1134.43,0 89 10 26 59 44 38 47 69 28 42 46 7 8 93 60 61 97 75 81 100 0,47 59
PFG_MOEA,293,6,98.88,1134.43,0 5 29 52 87 6 65 90 79 51 49 32 67 72 70 54 36 3 62 48 0,32 51 54 72
PFG_MOEA,294,1,172.71,848.77,0 89 10 26 59 44 38 47 69 28 42 76 9 7 8 79 51 49 32 3 36 54 70 72 67 86 82 0,3 10 67
PFG_MOEA,294,2,172.71,848.77,0 50 77 58 48 62 92 43 1 99 25 2 0,92
PFG_MOEA,294,3,172.71,848.77,0 34 21 37 33 22 23 84 56 39 68 18 19 91 20 17 31 16 40 35 71 15 30 64 78 74 63 88 85 98 14 11 83 96 46 0,15 20
PFG_MOEA,294,4,172.71,848.77,0 81 75 93 100 0,
PFG_MOEA,294,5,172.71,848.77,0 13 27 12 41 73 95 57 97 61 60 5 29 52 87 6 65 90 24 45 94 66 53 80 4 0,95
PFG_MOEA,294,6,172.71,848.77,0 55 0,55
PFG_MOEA,295,1,130.19,886.45,0 8 7 42 76 9 60 61 5 29 52 87 6 65 90 79 32 49 51 0,
PFG_MOEA,295,2,130.19,886.45,0 50 77 3 36 54 70 72 67 86 82 58 48 62 92 43 0,54 62
PFG_MOEA,295,3,130.19,886.45,0 2 25 34 21 33 37 68 39 56 84 23 22 1 99 0,
PFG_MOEA,295,4,130.19,886.45,0 20 91 19 31 17 18 16 40 35 71 15 98 85 88 63 74 78 64 30 0,
PFG_MOEA,295,5,130.19,886.45,0 81 46 96 83 11 14 95 57 0,
PFG_MOEA,295,6,130.19,886.45,0 4 80 53 66 94 45 24 97 100 93 75 55 28 69 47 38 44 59 26 10 89 73 41 12 27 13 0,55 59
PFG_MOEA,296,1,104.19,1056.66,0 19 18 91 21 22 33 37 68 56 39 84 23 82 86 67 72 70 54 36 3 0,33 39
PFG_MOEA,296,2,104.19,1056.66,0 50 77 58 48 62 92 43 2 1 16 40 71 35 31 17 0,40
PFG_MOEA,296,3,104.19,1056.66,0 13 27 12 73 15 98 85 88 63 74 78 64 30 41 99 34 25 0,15
PFG_MOEA,296,4,104.19,1056.66,0 4 80 53 66 94 45 24 55 9 76 42 14 11 83 95 57 96 89 10 0,95
PFG_MOEA,296,5,104.19,1056.66,0 26 59 44 38 47 69 28 46 7 8 93 100 81 75 97 61 60 52 87 6 0,28
PFG_MOEA,296,6,104.19,1056.66,0 5 29 65 90 79 32 49 51 20 0,
PFG_MOEA,297,1,98.88,1134.43,0 23 84 39 56 68 37 33 22 21 91 19 18 16 40 35 31 17 20 0,35
PFG_MOEA,297,2,98.88,1134.43,0 15 30 64 78 74 63 98 71 99 2 25 50 77 58 82 86 0,
PFG_MOEA,297,3,98.88,1134.43,0 92 43 1 34 88 85 14 11 83 0,92
PFG_MOEA,297,4,98.88,1134.43,0 4 24 45 94 66 53 80 76 9 55 96 57 95 73 41 12 27 13 0,55 76
PFG_MOEA,297,5,98.88,1134.43,0 89 10 26 59 44 38 47 69 28 42 46 7 8 93 60 61 97 75 81 100 0,47 59
PFG_MOEA,297,6,98.88,1134.43,0 5 29 52 87 6 65 90 79 51 49 32 67 72 70 54 36 3 62 48 0,32 51 54 72
PFG_MOEA,298,1,172.71,848.77,0 89 10 26 59 44 38 47 69 28 42 76 9 7 8 79 51 49 32 3 36 54 70 72 67 86 82 0,3 10 67
PFG_MOEA,298,2,172.71,848.77,0 50 77 58 48 62 92 43 1 99 25 2 0,92
PFG_MOEA,298,3,172.71,848.77,0 34 21 37 33 22 23 84 56 39 68 18 19 91 20 17 31 16 40 35 71 15 30 64 78 74 63 88 85 98 14 11 83 96 46 0,15 20
PFG_MOEA,298,4,172.71,848.77,0 81 75 93 100 0,
PFG_MOEA,298,5,172.71,848.77,0 13 27 12 41 73 95 57 97 61 60 5 29 52 87 6 65 90 24 45 94 66 53 80 4 0,95
PFG_MOEA,298,6,172.71,848.77,0 55 0,55
PFG_MOEA,299,1,130.19,886.45,0 8 7 42 76 9 60 61 5 29 52 87 6 65 90 79 32 49 51 0,
PFG_MOEA,299,2,130.19,886.45,0 50 77 3 36 54 70 72 67 86 82 58 48 62 92 43 0,54 62
PFG_MOEA,299,3,130.19,886.45,0 2 25 34 21 33 37 68 39 56 84 23 22 1 99 0,
PFG_MOEA,299,4,130.19,886.45,0 20 91 19 31 17 18 16 40 35 71 15 98 85 88 63 74 78 64 30 0,
PFG_MOEA,299,5,130.19,886.45,0 81 46 96 83 11 14 95 57 0,
PFG_MOEA,299,6,130.19,886.45,0 4 80 53 66 94 45 24 97 100 93 75 55 28 69 47 38 44 59 26 10 89 73 41 12 27 13 0,55 59
PFG_MOEA,300,1,104.19,1056.66,0 19 18 91 21 22 33 37 68 56 39 84 23 82 86 67 72 70 54 36 3 0,33 39
PFG_MOEA,300,2,104.19,1056.66,0 50 77 58 48 62 92 43 2 1 16 40 71 35 31 17 0,40
PFG_MOEA,300,3,104.19,1056.66,0 13 27 12 73 15 98 85 88 63 74 78 64 30 41 99 34 25 0,15
PFG_MOEA,300,4,104.19,1056.66,0 4 80 53 66 94 45 24 55 9 76 42 14 11 83 95 57 96 89 10 0,95
PFG_MOEA,300,5,104.19,1056.66,0 26 59 44 38 47 69 28 46 7 8 93 100 81 75 97 61 60 52 87 6 0,28
PFG_MOEA,300,6,104.19,1056.66,0 5 29 65 90 79 32 49 51 20 0,
PFG_MOEA,301,1,98.88,1134.43,0 23 84 39 56 68 37 33 22 21 91 19 18 16 40 35 31 17 20 0,35
PFG_MOEA,301,2,98.88,1134.43,0 15 30 64 78 74 63 98 71 99 2 25 50 77 58 82 86 0,
PFG_MOEA,301,3,98.88,1134.43,0 92 43 1 34 88 85 14 11 83 0,92
PFG_MOEA,301,4,98.88,1134.43,0 4 24 45 94 66 53 80 76 9 55 96 57 95 73 41 12 27 13 0,55 76
PFG_MOEA,301,5,98.88,1134.43,0 89 10 26 59 44 38 47 69 28 42 46 7 8 93 60 61 97 75 81 100 0,47 59
PFG_MOEA,301,6,98.88,1134.43,0 5 29 52 87 6 65 90 79 51 49 32 67 72 70 54 36 3 62 48 0,32 51 54 72
PFG_MOEA,302,1,172.71,848.77,0 89 10 26 59 44 38 47 69 28 42 76 9 7 8 79 51 49 32 3 36 54 70 72 67 86 82 0,3 10 67
PFG_MOEA,302,2,172.71,848.77,0 50 77 58 48 62 92 43 1 99 25 2 0,92
PFG_MOEA,302,3,172.71,848.77,0 34 21 37 33 22 23 84 56 39 68 18 19 91 20 17 31 16 40 35 71 15 30 64 78 74 63 88 85 98 14 11 83 96 46 0,15 20
PFG_MOEA,302,4,172.71,848.77,0 81 75 93 100 0,
PFG_MOEA,302,5,172.71,848.77,0 13 27 12 41 73 95 57 97 61 60 5 29 52 87 6 65 90 24 45 94 66 53 80 4 0,95
PFG_MOEA,302,6,172.71,848.77,0 55 0,55
PFG_MOEA,303,1,130.19,886.45,0 8 7 42 76 9 60 61 5 29 52 87 6 65 90 79 32 49 51 0,
PFG_MOEA,303,2,130.19,886.45,0 50 77 3 36 54 70 72 67 86 82 58 48 62 92 43 0,54 62
PFG_MOEA,303,3,130.19,886.45,0 2 25 34 21 33 37 68 39 56 84 23 22 1 99 0,
PFG_MOEA,303,4,130.19,886.45,0 20 91 19 31 17 18 16 40 35 71 15 98 85 88 63 74 78 64 30 0,
PFG_MOEA,303,5,130.19,886.45,0 81 46 96 83 11 14 95 57 0,
PFG_MOEA,303,6,130.19,886.45,0 4 80 53 66 94 45 24 97 100 93 75 55 28 69 47 38 44 59 26 10 89 73 41 12 27 13 0,55 59
PFG_MOEA,304,1,104.19,1056.66,0 19 18 91 21 22 33 37 68 56 39 84 23 82 86 67 72 70 54 36 3 0,33 39
PFG_MOEA,304,2,104.19,1056.66,0 50 77 58 48 62 92 43 2 1 16 40 71 35 31 17 0,40
PFG_MOEA,304,3,104.19,1056.66,0 13 27 12 73 15 98 85 88 63 74 78 64 30 41 99 34 25 0,15
PFG_MOEA,304,4,104.19,1056.66,0 4 80 53 66 94 45 24 55 9 76 42 14 11 83 95 57 96 89 10 0,95
PFG_MOEA,304,5,104.19,1056.66,0 26 59 44 38 47 69 28 46 7 8 93 100 81 75 97 61 60 52 87 6 0,28
PFG_MOEA,304,6,104.19,1056.66,0 5 29 65 90 79 32 49 51 20 0,
PFG_MOEA,305,1,98.88,1134.43,0 23 84 39 56 68 37 33 22 21 91 19 18 16 40 35 31 17 20 0,35
PFG_MOEA,305,2,98.88,1134.43,0 15 30 64 78 74 63 98 71 99 2 25 50 77 58 82 86 0,
PFG_MOEA,305,3,98.88,1134.43,0 92 43 1 34 88 85 14 11 83 0,92
PFG_MOEA,305,4,98.88,1134.43,0 4 24 45 94 66 53 80 76 9 55 96 57 95 73 41 12 27 13 0,55 76
PFG_MOEA,305,5,98.88,1134.43,0 89 10 26 59 44 38 47 69 28 42 46 7 8 93 60 61 97 75 81 100 0,47 59
PFG_MOEA,305,6,98.88,1134.43,0 5 29 52 87 6 65 90 79 51 49 32 67 72 70 54 36 3 62 48 0,32 51 54 72
PFG_MOEA,306,1,172.71,848.77,0 89 10 26 59 44 38 47 69 28 42 76 9 7 8 79 51 49 32 3 36 54 70 72 67 86 82 0,3 10 67
PFG_MOEA,306,2,172.71,848.77,0 50 77 58 48 62 92 43 1 99 25 2 0,92
PFG_MOEA,306,3,172.71,848.77,0 34 21 37 33 22 23 84 56 39 68 18 19 91 20 17 31 16 40 35 71 15 30 64 78 74 63 88 85 98 14 11 83 96 46 0,15 20
PFG_MOEA,306,4,172.71,848.77,0 81 75 93 100 0,
PFG_MOEA,306,5,172.71,848.77,0 13 27 12 41 73 95 57 97 61 60 5 29 52 87 6 65 90 24 45 94 66 53 80 4 0,95
PFG_MOEA,306,6,172.71,848.77,0 55 0,55
PFG_MOEA,307,1,130.19,886.45,0 8 7 42 76 9 60 61 5 29 52 87 6 65 90 79 32 49 51 0,
PFG_MOEA,307,2,130.19,886.45,0 50 77 3 36 54 70 72 67 86 82 58 48 62 92 43 0,54 62
PFG_MOEA,307,3,130.19,886.45,0 2 25 34 21 33 37 68 39 56 84 23 22 1 99 0,
PFG_MOEA,307,4,130.19,886.45,0 20 91 19 31 17 18 16 40 35 71 15 98 85 88 63 74 78 64 30 0,
PFG_MOEA,307,5,130.19,886.45,0 81 46 96 83 11 14 95 57 0,
PFG_MOEA,307,6,130.19,886.45,0 4 80 53 66 94 45 24 97 100 93 75 55 28 69 47 38 44 59 26 10 89 73 41 12 27 13 0,55 59
PFG_MOEA,308,1,104.19,1056.66,0 19 18 91 21 22 33 37 68 56 39 84 23 82 86 67 72 70 54 36 3 0,33 39
PFG_MOEA,308,2,104.19,1056.66,0 50 77 58 48 62 92 43 2 1 16 40 71 35 31 17 0,40
PFG_MOEA,308,3,104.19,1056.66,0 13 27 12 73 15 98 85 88 63 74 78 64 30 41 99 34 25 0,15
PFG_MOEA,308,4,104.19,1056.66,0 4 80 53 66 94 45 24 55 9 76 42 14 11 83 95 57 96 89 10 0,95
PFG_MOEA,308,5,104.19,1056.66,0 26 59 44 38 47 69 28 46 7 8 93 100 81 75 97 61 60 52 87 6 0,28
PFG_MOEA,308,6,104.19,1056.66,0 5 29 65 90 79 32 49 51 20 0,
PFG_MOEA,309,1,98.88,1134.43,0 23 84 39 56 68 37 33 22 21 91 19 18 16 40 35 31 17 20 0,35
PFG_MOEA,309,2,98.88,1134.43,0 15 30 64 78 74 63 98 71 99 2 25 50 77 58 82 86 0,
PFG_MOEA,309,3,98.88,1134.43,0 92 43 1 34 88 85 14 11 83 0,92
PFG_MOEA,309,4,98.88,1134.43,0 4 24 45 94 66 53 80 76 9 55 96 57 95 73 41 12 27 13 0,55 76
PFG_MOEA,309,5,98.88,1134.43,0 89 10 26 59 44 38 47 69 28 42 46 7 8 93 60 61 97 75 81 100 0,47 59
PFG_MOEA,309,6,98.88,1134.43,0 5 29 52 87 6 65 90 79 51 49 32 67 72 70 54 36 3 62 48 0,32 51 54 72
PFG_MOEA,310,1,172.71,848.77,0 89 10 26 59 44 38 47 69 28 42 76 9 7 8 79 51 49 32 3 36 54 70 72 67 86 82 0,3 10 67
PFG_MOEA,310,2,172.71,848.77,0 50 77 58 48 62 92 43 1 99 25 2 0,92
PFG_MOEA,310,3,172.71,848.77,0 34 21 37 33 22 23 84 56 39 68 18 19 91 20 17 31 16 40 35 71 15 30 64 78 74 63 88 85 98 14 11 83 96 46 0,15 20
PFG_MOEA,310,4,172.71,848.77,0 81 75 93 100 0,
PFG_MOEA,310,5,172.71,848.77,0 13 27 12 41 73 95 57 97 61 60 5 29 52 87 6 65 90 24 45 94 66 53 80 4 0,95
PFG_MOEA,310,6,172.71,848.77,0 55 0,55
PFG_MOEA,311,1,130.19,886.45,0 8 7 42 76 9 60 61 5 29 52 87 6 65 90 79 32 49 51 0,
PFG_MOEA,311,2,130.19,886.45,0 50 77 3 36 54 70 72 67 86 82 58 48 62 92 43 0,54 62
PFG_MOEA,311,3,130.19,886.45,0 2 25 34 21 33 37 68 39 56 84 23 22 1 99 0,
PFG_MOEA,311,4,130.19,886.45,0 20 91 19 31 17 18 16 40 35 71 15 98 85 88 63 74 78 64 30 0,
PFG_MOEA,311,5,130.19,886.45,0 81 46 96 83 11 14 95 57 0,
PFG_MOEA,311,6,130.19,886.45,0 4 80 53 66 94 45 24 97 100 93 75 55 28 69 47 38 44 59 26 10 89 73 41 12 27 13 0,55 59
PFG_MOEA,312,1,104.19,1056.66,0 19 18 91 21 22 33 37 68 56 39 84 23 82 86 67 72 70 54 36 3 0,33 39
PFG_MOEA,312,2,104.19,1056.66,0 50 77 58 48 62 92 43 2 1 16 40 71 35 31 17 0,40
PFG_MOEA,312,3,104.19,1056.66,0 13 27 12 73 15 98 85 88 63 74 78 64 30 41 99 34 25 0,15
PFG_MOEA,312,4,104.19,1056.66,0 4 80 53 66 94 45 24 55 9 76 42 14 11 83 95 57 96 89 10 0,95
PFG_MOEA,312,5,104.19,1056.66,0 26 59 44 38 47 69 28 46 7 8 93 100 81 75 97 61 60 52 87 6 0,28
PFG_MOEA,312,6,104.19,1056.66,0 5 29 65 90 79 32 49 51 20 0,
PFG_MOEA,313,1,98.88,1134.43,0 23 84 39 56 68 37 33 22 21 91 19 18 16 40 35 31 17 20 0,35
PFG_MOEA,313,2,98.88,1134.43,0 15 30 64 78 74 63 98 71 99 2 25 50 77 58 82 86 0,
PFG_MOEA,313,3,98.88,1134.43,0 92 43 1 34 88 85 14 11 83 0,92
PFG_MOEA,313,4,98.88,1134.43,0 4 24 45 94 66 53 80 76 9 55 96 57 95 73 41 12 27 13 0,55 76
PFG_MOEA,313,5,98.88,1134.43,0 89 10 26 59 44 38 47 69 28 42 46 7 8 93 60 61 97 75 81 100 0,47 59
PFG_MOEA,313,6,98.88,1134.43,0 5 29 52 87 6 65 90 79 51 49 32 67 72 70 54 36 3 62 48 0,32 51 54 72
PFG_MOEA,314,1,172.71,848.77,0 89 10 26 59 44 38 47 69 28 42 76 9 7 8 79 51 49 32 3 36 54 70 72 67 86 82 0,3 10 67
PFG_MOEA,314,2,172.71,848.77,0 50 77 58 48 62 92 43 1 99 25 2 0,92
PFG_MOEA,314,3,172.71,848.77,0 34 21 37 33 22 23 84 56 39 68 18 19 91 20 17 31 16 40 35 71 15 30 64 78 74 63 88 85 98 14 11 83 96 46 0,15 20
PFG_MOEA,314,4,172.71,848.77,0 81 75 93 100 0,
PFG_MOEA,314,5,172.71,848.77,0 13 27 12 41 73 95 57 97 61 60 5 29 52 87 6 65 90 24 45 94 66 53 80 4 0,95
PFG_MOEA,314,6,172.71,848.77,0 55 0,55
PFG_MOEA,315,1,130.19,886.45,0 8 7 42 76 9 60 61 5 29 52 87 6 65 90 79 32 49 51 0,
PFG_MOEA,315,2,130.19,886.45,0 50 77 3 36 54 70 72 67 86 82 58 48 62 92 43 0,54 62
PFG_MOEA,315,3,130.19,886.45,0 2 25 34 21 33 37 68 39 56 84 23 22 1 99 0,
PFG_MOEA,315,4,130.19,886.45,0 20 91 19 31 17 18 16 40 35 71 15 98 85 88 63 74 78 64 30 0,
PFG_MOEA,315,5,130.19,886.45,0 81 46 96 83 11 14 95 57 0,
PFG_MOEA,315,6,130.19,886.45,0 4 80 53 66 94 45 24 97 100 93 75 55 28 69 47 38 44 59 26 10 89 73 41 12 27 13 0,55 59
PFG_MOEA,316,1,104.19,1056.66,0 19 18 91 21 22 33 37 68 56 39 84 23 82 86 67 72 70 54 36 3 0,33 39
PFG_MOEA,316,2,104.19,1056.66,0 50 77 58 48 62 92 43 2 1 16 40 71 35 31 17 0,40
PFG_MOEA,316,3,104.19,1056.66,0 13 27 12 73 15 98 85 88 63 74 78 64 30 41 99 34 25 0,15
PFG_MOEA,316,4,104.19,1056.66,0 4 80 53 66 94 45 24 55 9 76 42 14 11 83 95 57 96 89 10 0,95
PFG_MOEA,316,5,104.19,1056.66,0 26 59 44 38 47 69 28 46 7 8 93 100 81 75 97 61 60 52 87 6 0,28
PFG_MOEA,316,6,104.19,1056.66,0 5 29 65 90 79 32 49 51 20 0,
PFG_MOEA,317,1,98.88,1134.43,0 23 84 39 56 68 37 33 22 21 91 19 18 16 40 35 31 17 20 0,35
PFG_MOEA,317,2,98.88,1134.43,0 15 30 64 78 74 63 98 71 99 2 25 50 77 58 82 86 0,
PFG_MOEA,317,3,98.88,1134.43,0 92 43 1 34 88 85 14 11 83 0,92
PFG_MOEA,317,4,98.88,1134.43,0 4 24 45 94 66 53 80 76 9 55 96 57 95 73 41 12 27 13 0,55 76
PFG_MOEA,317,5,98.88,1134.43,0 89 10 26 59 44 38 47 69 28 42 46 7 8 93 60 61 97 75 81 100 0,47 59
PFG_MOEA,317,6,98.88,1134.43,0 5 29 52 87 6 65 90 79 51 49 32 67 72 70 54 36 3 62 48 0,32 51 54 72
PFG_MOEA,318,1,172.71,848.77,0 89 10 26 59 44 38 47 69 28 42 76 9 7 8 79 51 49 32 3 36 54 70 72 67 86 82 0,3 10 67
PFG_MOEA,318,2,172.71,848.77,0 50 77 58 48 62 92 43 1 99 25 2 0,92
PFG_MOEA,318,3,172.71,848.77,0 34 21 37 33 22 23 84 56 39 68 18 19 91 20 17 31 16 40 35 71 15 30 64 78 74 63 88 85 98 14 11 83 96 46 0,15 20
PFG_MOEA,318,4,172.71,848.77,0 81 75 93 100 0,
PFG_MOEA,318,5,172.71,848.77,0 13 27 12 41 73 95 57 97 61 60 5 29 52 87 6 65 90 24 45 94 66 53 80 4 0,95
PFG_MOEA,318,6,172.71,848.77,0 55 0,55
PFG_MOEA,319,1,130.19,886.45,0 8 7 42 76 9 60 61 5 29 52 87 6 65 90 79 32 49 51 0,
PFG_MOEA,319,2,130.19,886.45,0 50 77 3 36 54 70 72 67 86 82 58 48 62 92 43 0,54 62
PFG_MOEA,319,3,130.19,886.45,0 2 25 34 21 33 37 68 39 56 84 23 22 1 99 0,
PFG_MOEA,319,4,130.19,886.45,0 20 91 19 31 17 18 16 40 35 71 15 98 85 88 63 74 78 64 30 0,
PFG_MOEA,319,5,130.19,886.45,0 81 46 96 83 11 14 95 57 0,
PFG_MOEA,319,6,130.19,886.45,0 4 80 53 66 94 45 24 97 100 93 75 55 28 69 47 38 44 59 26 10 89 73 41 12 27 13 0,55 59
PFG_MOEA,320,1,104.19,1056.66,0 19 18 91 21 22 33 37 68 56 39 84 23 82 86 67 72 70 54 36 3 0,33 39
PFG_MOEA,320,2,104.19,1056.66,0 50 77 58 48 62 92 43 2 1 16 40 71 35 31 17 0,40
PFG_MOEA,320,3,104.19,1056.66,0 13 27 12 73 15 98 85 88 63 74 78 64 30 41 99 34 25 0,15
PFG_MOEA,320,4,104.19,1056.66,0 4 80 53 66 94 45 24 55 9 76 42 14 11 83 95 57 96 89 10 0,95
PFG_MOEA,320,5,104.19,1056.66,0 26 59 44 38 47 69 28 46 7 8 93 100 81 75 97 61 60 52 87 6 0,28
PFG_MOEA,320,6,104.19,1056.66,0 5 29 65 90 79 32 49 51 20 0,
PFG_MOEA,321,1,98.88,1134.43,0 23 84 39 56 68 37 33 22 21 91 19 18 16 40 35 31 17 20 0,35
PFG_MOEA,321,2,98.88,1134.43,0 15 30 64 78 74 63 98 71 99 2 25 50 77 58 82 86 0,
PFG_MOEA,321,3,98.88,1134.43,0 92 43 1 34 88 85 14 11 83 0,92
PFG_MOEA,321,4,98.88,1134.43,0 4 24 45 94 66 53 80 76 9 55 96 57 95 73 41 12 27 13 0,55 76
PFG_MOEA,321,5,98.88,1134.43,0 89 10 26 59 44 38 47 69 28 42 46 7 8 93 60 61 97 75 81 100 0,47 59
PFG_MOEA,321,6,98.88,1134.43,0 5 29 52 87 6 65 90 79 51 49 32 67 72 70 54 36 3 62 48 0,32 51 54 72
PFG_MOEA,322,1,172.71,848.77,0 89 10 26 59 44 38 47 69 28 42 76 9 7 8 79 51 49 32 3 36 54 70 72 67 86 82 0,3 10 67
PFG_MOEA,322,2,172.71,848.77,0 50 77 58 48 62 92 43 1 99 25 2 0,92
PFG_MOEA,322,3,172.71,848.77,0 34 21 37 33 22 23 84 56 39 68 18 19 91 20 17 31 16 40 35 71 15 30 64 78 74 63 88 85 98 14 11 83 96 46 0,15 20
PFG_MOEA,322,4,172.71,848.77,0 81 75 93 100 0,
PFG_MOEA,322,5,172.71,848.77,0 13 27 12 41 73 95 57 97 61 60 5 29 52 87 6 65 90 24 45 94 66 53 80 4 0,95
PFG_MOEA,322,6,172.71,848.77,0 55 0,55
PFG_MOEA,323,1,130.19,886.45,0 8 7 42 76 9 60 61 5 29 52 87 6 65 90 79 32 49 51 0,
PFG_MOEA,323,2,130.19,886.45,0 50 77 3 36 54 70 72 67 86 82 58 48 62 92 43 0,54 62
PFG_MOEA,323,3,130.19,886.45,0 2 25 34 21 33 37 68 39 56 84 23 22 1 99 0,
PFG_MOEA,323,4,130.19,886.45,0 20 91 19 31 17 18 16 40 35 71 15 98 85 88 63 74 78 64 30 0,
PFG_MOEA,323,5,130.19,886.45,0 81 46 96 83 11 14 95 57 0,
PFG_MOEA,323,6,130.19,886.45,0 4 80 53 66 94 45 24 97 100 93 75 55 28 69 47 38 44 59 26 10 89 73 41 12 27 13 0,55 59
PFG_MOEA,324,1,104.19,1056.66,0 19 18 91 21 22 33 37 68 56 39 84 23 82 86 67 72 70 54 36 3 0,33 39
PFG_MOEA,324,2,104.19,1056.66,0 50 77 58 48 62 92 43 2 1 16 40 71 35 31 17 0,40
PFG_MOEA,324,3,104.19,1056.66,0 13 27 12 73 15 98 85 88 63 74 78 64 30 41 99 34 25 0,15
PFG_MOEA,324,4,104.19,1056.66,0 4 80 53 66 94 45 24 55 9 76 42 14 11 83 95 57 96 89 10 0,95
PFG_MOEA,324,5,104.19,1056.66,0 26 59 44 38 47 69 28 46 7 8 93 100 81 75 97 61 60 52 87 6 0,28
PFG_MOEA,324,6,104.19,1056.66,0 5 29 65 90 79 32 49 51 20 0,
PFG_MOEA,325,1,98.88,1134.43,0 23 84 39 56 68 37 33 22 21 91 19 18 16 40 35 31 17 20 0,35
PFG_MOEA,325,2,98.88,1134.43,0 15 30 64 78 74 63 98 71 99 2 25 50 77 58 82 86 0,
PFG_MOEA,325,3,98.88,1134.43,0 92 43 1 34 88 85 14 11 83 0,92
PFG_MOEA,325,4,98.88,1134.43,0 4 24 45 94 66 53 80 76 9 55 96 57 95 73 41 12 27 13 0,55 76
PFG_MOEA,325,5,98.88,1134.43,0 89 10 26 59 44 38 47 69 28 42 46 7 8 93 60 61 97 75 81 100 0,47 59
PFG_MOEA,325,6,98.88,1134.43,0 5 29 52 87 6 65 90 79 51 49 32 67 72 70 54 36 3 62 48 0,32 51 54 72
PFG_MOEA,326,1,172.71,848.77,0 89 10 26 59 44 38 47 69 28 42 76 9 7 8 79 51 49 32 3 36 54 70 72 67 86 82 0,3 10 67
PFG_MOEA,326,2,172.71,848.77,0 50 77 58 48 62 92 43 1 99 25 2 0,92
PFG_MOEA,326,3,172.71,848.77,0 34 21 37 33 22 23 84 56 39 68 18 19 91 20 17 31 16 40 35 71 15 30 64 78 74 63 88 85 98 14 11 83 96 46 0,15 20
PFG_MOEA,326,4,172.71,848.77,0 81 75 93 100 0,
PFG_MOEA,326,5,172.71,848.77,0 13 27 12 41 73 95 57 97 61 60 5 29 52 87 6 65 90 24 45 94 66 53 80 4 0,95
PFG_MOEA,326,6,172.71,848.77,0 55 0,55
PFG_MOEA,327,1,130.19,886.45,0 8 7 42 76 9 60 61 5 29 52 87 6 65 90 79 32 49 51 0,
PFG_MOEA,327,2,130.19,886.45,0 50 77 3 36 54 70 72 67 86 82 58 48 62 92 43 0,54 62
PFG_MOEA,327,3,130.19,886.45,0 2 25 34 21 33 37 68 39 56 84 23 22 1 99 0,
PFG_MOEA,327,4,130.19,886.45,0 20 91 19 31 17 18 16 40 35 71 15 98 85 88 63 74 78 64 30 0,
PFG_MOEA,327,5,130.19,886.45,0 81 46 96 83 11 14 95 57 0,
PFG_MOEA,327,6,130.19,886.45,0 4 80 53 66 94 45 24 97 100 93 75 55 28 69 47 38 44 59 26 10 89 73 41 12 27 13 0,55 59
PFG_MOEA,328,1,104.19,1056.66,0 19 18 91 21 22 33 37 68 56 39 84 23 82 86 67 72 70 54 36 3 0,33 39
PFG_MOEA,328,2,104.19,1056.66,0 50 77 58 48 62 92 43 2 1 16 40 71 35 31 17 0,40
PFG_MOEA,328,3,104.19,1056.66,0 13 27 12 73 15 98 85 88 63 74 78 64 30 41 99 34 25 0,15
PFG_MOEA,328,4,104.19,1056.66,0 4 80 53 66 94 45 24 55 9 76 42 14 11 83 95 57 96 89 10 0,95
PFG_MOEA,328,5,104.19,1056.66,0 26 59 44 38 47 69 28 46 7 8 93 100 81 75 97 61 60 52 87 6 0,28
PFG_MOEA,328,6,104.19,1056.66,0 5 29 65 90 79 32 49 51 20 0,
PFG_MOEA,329,1,98.88,1134.43,0 23 84 39 56 68 37 33 22 21 91 19 18 16 40 35 31 17 20 0,35
PFG_MOEA,329,2,98.88,1134.43,0 15 30 64 78 74 63 98 71 99 2 25 50 77 58 82 86 0,
PFG_MOEA,329,3,98.88,1134.43,0 92 43 1 34 88 85 14 11 83 0,92
PFG_MOEA,329,4,98.88,1134.43,0 4 24 45 94 66 53 80 76 9 55 96 57 95 73 41 12 27 13 0,55 76
PFG_MOEA,329,5,98.88,1134.43,0 89 10 26 59 44 38 47 69 28 42 46 7 8 93 60 61 97 75 81 100 0,47 59
PFG_MOEA,329,6,98.88,1134.43,0 5 29 52 87 6 65 90 79 51 49 32 67 72 70 54 36 3 62 48 0,32 51 54 72
PFG_MOEA,330,1,172.71,848.77,0 89 10 26 59 44 38 47 69 28 42 76 9 7 8 79 51 49 32 3 36 54 70 72 67 86 82 0,3 10 67
PFG_MOEA,330,2,172.71,848.77,0 50 77 58 48 62 92 43 1 99 25 2 0,92
PFG_MOEA,330,3,172.71,848.77,0 34 21 37 33 22 23 84 56 39 68 18 19 91 20 17 31 16 40 35 71 15 30 64 78 74 63 88 85 98 14 11 83 96 46 0,15 20
PFG_MOEA,330,4,172.71,848.77,0 81 75 93 100 0,
PFG_MOEA,330,5,172.71,848.77,0 13 27 12 41 73 95 57 97 61 60 5 29 52 87 6 65 90 24 45 94 66 53 80 4 0,95
PFG_MOEA,330,6,172.71,848.77,0 55 0,55
PFG_MOEA,331,1,130.19,886.45,0 8 7 42 76 9 60 61 5 29 52 87 6 65 90 79 32 49 51 0,
PFG_MOEA,331,2,130.19,886.45,0 50 77 3 36 54 70 72 67 86 82 58 48 62 92 43 0,54 62
PFG_MOEA,331,3,130.19,886.45,0 2 25 34 21 33 37 68 39 56 84 23 22 1 99 0,
PFG_MOEA,331,4,130.19,886.45,0 20 91 19 31 17 18 16 40 35 71 15 98 85 88 63 74 78 64 30 0,
PFG_MOEA,331,5,130.19,886.45,0 81 46 96 83 11 14 95 57 0,
PFG_MOEA,331,6,130.19,886.45,0 4 80 53 66 94 45 24 97 100 93 75 55 28 69 47 38 44 59 26 10 89 73 41 12 27 13 0,55 59
PFG_MOEA,332,1,104.19,1056.66,0 19 18 91 21 22 33 37 68 56 39 84 23 82 86 67 72 70 54 36 3 0,33 39
PFG_MOEA,332,2,104.19,1056.66,0 50 77 58 48 62 92 43 2 1 16 40 71 35 31 17 0,40
PFG_MOEA,332,3,104.19,1056.66,0 13 27 12 73 15 98 85 88 63 74 78 64 30 41 99 34 25 0,15
PFG_MOEA,332,4,104.19,1056.66,0 4 80 53 66 94 45 24 55 9 76 42 14 11 83 95 57 96 89 10 0,95
PFG_MOEA,332,5,104.19,1056.66,0 26 59 44 38 47 69 28 46 7 8 93 100 81 75 97 61 60 52 87 6 0,28
PFG_MOEA,332,6,104.19,1056.66,0 5 29 65 90 79 32 49 51 20 0,
PFG_MOEA,333,1,98.88,1134.43,0 23 84 39 56 68 37 33 22 21 91 19 18 16 40 35 31 17 20 0,35
PFG_MOEA,333,2,98.88,1134.43,0 15 30 64 78 74 63 98 71 99 2 25 50 77 58 82 86 0,
PFG_MOEA,333,3,98.88,1134.43,0 92 43 1 34 88 85 14 11 83 0,92
PFG_MOEA,333,4,98.88,1134.43,0 4 24 45 94 66 53 80 76 9 55 96 57 95 73 41 12 27 13 0,55 76
PFG_MOEA,333,5,98.88,1134.43,0 89 10 26 59 44 38 47 69 28 42 46 7 8 93 60 61 97 75 81 100 0,47 59
PFG_MOEA,333,6,98.88,1134.43,0 5 29 52 87 6 65 90 79 51 49 32 67 72 70 54 36 3 62 48 0,32 51 54 72
PFG_MOEA,334,1,172.71,848.77,0 89 10 26 59 44 38 47 69 28 42 76 9 7 8 79 51 49 32 3 36 54 70 72 67 86 82 0,3 10 67
PFG_MOEA,334,2,172.71,848.77,0 50 77 58 48 62 92 43 1 99 25 2 0,92
PFG_MOEA,334,3,172.71,848.77,0 34 21 37 33 22 23 84 56 39 68 18 19 91 20 17 31 16 40 35 71 15 30 64 78 74 63 88 85 98 14 11 83 96 46 0,15 20
PFG_MOEA,334,4,172.71,848.77,0 81 75 93 100 0,
PFG_MOEA,334,5,172.71,848.77,0 13 27 12 41 73 95 57 97 61 60 5 29 52 87 6 65 90 24 45 94 66 53 80 4 0,95
PFG_MOEA,334,6,172.71,848.77,0 55 0,55
PFG_MOEA,335,1,130.19,886.45,0 8 7 42 76 9 60 61 5 29 52 87 6 65 90 79 32 49 51 0,
PFG_MOEA,335,2,130.19,886.45,0 50 77 3 36 54 70 72 67 86 82 58 48 62 92 43 0,54 62
PFG_MOEA,335,3,130.19,886.45,0 2 25 34 21 33 37 68 39 56 84 23 22 1 99 0,
PFG_MOEA,335,4,130.19,886.45,0 20 91 19 31 17 18 16 40 35 71 15 98 85 88 63 74 78 64 30 0,
PFG_MOEA,335,5,130.19,886.45,0 81 46 96 83 11 14 95 57 0,
PFG_MOEA,335,6,130.19,886.45,0 4 80 53 66 94 45 24 97 100 93 75 55 28 69 47 38 44 59 26 10 89 73 41 12 27 13 0,55 59
PFG_MOEA,336,1,104.19,1056.66,0 19 18 91 21 22 33 37 68 56 39 84 23 82 86 67 72 70 54 36 3 0,33 39
PFG_MOEA,336,2,104.19,1056.66,0 50 77 58 48 62 92 43 2 1 16 40 71 35 31 17 0,40
PFG_MOEA,336,3,104.19,1056.66,0 13 27 12 73 15 98 85 88 63 74 78 64 30 41 99 34 25 0,15
PFG_MOEA,336,4,104.19,1056.66,0 4 80 53 66 94 45 24 55 9 76 42 14 11 83 95 57 96 89 10 0,95
PFG_MOEA,336,5,104.19,1056.66,0 26 59 44 38 47 69 28 46 7 8 93 100 81 75 97 61 60 52 87 6 0,28
PFG_MOEA,336,6,104.19,1056.66,0 5 29 65 90 79 32 49 51 20 0,
PFG_MOEA,337,1,98.88,1134.43,0 23 84 39 56 68 37 33 22 21 91 19 18 16 40 35 31 17 20 0,35
PFG_MOEA,337,2,98.88,1134.43,0 15 30 64 78 74 63 98 71 99 2 25 50 77 58 82 86 0,
PFG_MOEA,337,3,98.88,1134.43,0 92 43 1 34 88 85 14 11 83 0,92
PFG_MOEA,337,4,98.88,1134.43,0 4 24 45 94 66 53 80 76 9 55 96 57 95 73 41 12 27 13 0,55 76
PFG_MOEA,337,5,98.88,1134.43,0 89 10 26 59 44 38 47 69 28 42 46 7 8 93 60 61 97 75 81 100 0,47 59
PFG_MOEA,337,6,98.88,1134.43,0 5 29 52 87 6 65 90 79 51 49 32 67 72 70 54 36 3 62 48 0,32 51 54 72
PFG_MOEA,338,1,172.71,848.77,0 89 10 26 59 44 38 47 69 28 42 76 9 7 8 79 51 49 32 3 36 54 70 72 67 86 82 0,3 10 67
PFG_MOEA,338,2,172.71,848.77,0 50 77 58 48 62 92 43 1 99 25 2 0,92
PFG_MOEA,338,3,172.71,848.77,0 34 21 37 33 22 23 84 56 39 68 18 19 91 20 17 31 16 40 35 71 15 30 64 78 74 63 88 85 98 14 11 83 96 46 0,15 20
PFG_MOEA,338,4,172.71,848.77,0 81 75 93 100 0,
PFG_MOEA,338,5,172.71,848.77,0 13 27 12 41 73 95 57 97 61 60 5 29 52 87 6 65 90 24 45 94 66 53 80 4 0,95
PFG_MOEA,338,6,172.71,848.77,0 55 0,55
PFG_MOEA,339,1,130.19,886.45,0 8 7 42 76 9 60 61 5 29 52 87 6 65 90 79 32 49 51 0,
PFG_MOEA,339,2,130.19,886.45,0 50 77 3 36 54 70 72 67 86 82 58 48 62 92 43 0,54 62
PFG_MOEA,339,3,130.19,886.45,0 2 25 34 21 33 37 68 39 56 84 23 22 1 99 0,
PFG_MOEA,339,4,130.19,886.45,0 20 91 19 31 17 18 16 40 35 71 15 98 85 88 63 74 78 64 30 0,
PFG_MOEA,339,5,130.19,886.45,0 81 46 96 83 11 14 95 57 0,
PFG_MOEA,339,6,130.19,886.45,0 4 80 53 66 94 45 24 97 100 93 75 55 28 69 47 38 44 59 26 10 89 73 41 12 27 13 0,55 59
PFG_MOEA,340,1,104.19,1056.66,0 19 18 91 21 22 33 37 68 56 39 84 23 82 86 67 72 70 54 36 3 0,33 39
PFG_MOEA,340,2,104.19,1056.66,0 50 77 58 48 62 92 43 2 1 16 40 71 35 31 17 0,40
PFG_MOEA,340,3,104.19,1056.66,0 13 27 12 73 15 98 85 88 63 74 78 64 30 41 99 34 25 0,15
PFG_MOEA,340,4,104.19,1056.66,0 4 80 53 66 94 45 24 55 9 76 42 14 11 83 95 57 96 89 10 0,95
PFG_MOEA,340,5,104.19,1056.66,0 26 59 44 38 47 69 28 46 7 8 93 100 81 75 97 61 60 52 87 6 0,28
PFG_MOEA,340,6,104.19,1056.66,0 5 29 65 90 79 32 49 51 20 0,
PFG_MOEA,341,1,98.88,1134.43,0 23 84 39 56 68 37 33 22 21 91 19 18 16 40 35 31 17 20 0,35
PFG_MOEA,341,2,98.88,1134.43,0 15 30 64 78 74 63 98 71 99 2 25 50 77 58 82 86 0,
PFG_MOEA,341,3,98.88,1134.43,0 92 43 1 34 88 85 14 11 83 0,92
PFG_MOEA,341,4,98.88,1134.43,0 4 24 45 94 66 53 80 76 9 55 96 57 95 73 41 12 27 13 0,55 76
PFG_MOEA,341,5,98.88,1134.43,0 89 10 26 59 44 38 47 69 28 42 46 7 8 93 60 61 97 75 81 100 0,47 59
PFG_MOEA,341,6,98.88,1134.43,0 5 29 52 87 6 65 90 79 51 49 32 67 72 70 54 36 3 62 48 0,32 51 54 72
PFG_MOEA,342,1,172.71,848.77,0 89 10 26 59 44 38 47 69 28 42 76 9 7 8 79 51 49 32 3 36 54 70 72 67 86 82 0,3 10 67
PFG_MOEA,342,2,172.71,848.77,0 50 77 58 48 62 92 43 1 99 25 2 0,92
PFG_MOEA,342,3,172.71,848.77,0 34 21 37 33 22 23 84 56 39 68 18 19 91 20 17 31 16 40 35 71 15 30 64 78 74 63 88 85 98 14 11 83 96 46 0,15 20
PFG_MOEA,342,4,172.71,848.77,0 81 75 93 100 0,
PFG_MOEA,342,5,172.71,848.77,0 13 27 12 41 73 95 57 97 61 60 5 29 52 87 6 65 90 24 45 94 66 53 80 4 0,95
PFG_MOEA,342,6,172.71,848.77,0 55 0,55
PFG_MOEA,343,1,130.19,886.45,0 8 7 42 76 9 60 61 5 29 52 87 6 65 90 79 32 49 51 0,
PFG_MOEA,343,2,130.19,886.45,0 50 77 3 36 54 70 72 67 86 82 58 48 62 92 43 0,54 62
PFG_MOEA,343,3,130.19,886.45,0 2 25 34 21 33 37 68 39 56 84 23 22 1 99 0,
PFG_MOEA,343,4,130.19,886.45,0 20 91 19 31 17 18 16 40 35 71 15 98 85 88 63 74 78 64 30 0,
PFG_MOEA,343,5,130.19,886.45,0 81 46 96 83 11 14 95 57 0,
PFG_MOEA,343,6,130.19,886.45,0 4 80 53 66 94 45 24 97 100 93 75 55 28 69 47 38 44 59 26 10 89 73 41 12 27 13 0,55 59
PFG_MOEA,344,1,104.19,1056.66,0 19 18 91 21 22 33 37 68 56 39 84 23 82 86 67 72 70 54 36 3 0,33 39
PFG_MOEA,344,2,104.19,1056.66,0 50 77 58 48 62 92 43 2 1 16 40 71 35 31 17 0,40
PFG_MOEA,344,3,104.19,1056.66,0 13 27 12 73 15 98 85 88 63 74 78 64 30 41 99 34 25 0,15
PFG_MOEA,344,4,104.19,1056.66,0 4 80 53 66 94 45 24 55 9 76 42 14 11 83 95 57 96 89 10 0,95
PFG_MOEA,344,5,104.19,1056.66,0 26 59 44 38 47 69 28 46 7 8 93 100 81 75 97 61 60 52 87 6 0,28
PFG_MOEA,344,6,104.19,1056.66,0 5 29 65 90 79 32 49 51 20 0,
PFG_MOEA,345,1,98.88,1134.43,0 23 84 39 56 68 37 33 22 21 91 19 18 16 40 35 31 17 20 0,35
PFG_MOEA,345,2,98.88,1134.43,0 15 30 64 78 74 63 98 71 99 2 25 50 77 58 82 86 0,
PFG_MOEA,345,3,98.88,1134.43,0 92 43 1 34 88 85 14 11 83 0,92
PFG_MOEA,345,4,98.88,1134.43,0 4 24 45 94 66 53 80 76 9 55 96 57 95 73 41 12 27 13 0,55 76
PFG_MOEA,345,5,98.88,1134.43,0 89 10 26 59 44 38 47 69 28 42 46 7 8 93 60 61 97 75 81 100 0,47 59
PFG_MOEA,345,6,98.88,1134.43,0 5 29 52 87 6 65 90 79 51 49 32 67 72 70 54 36 3 62 48 0,32 51 54 72
PFG_MOEA,346,1,172.71,848.77,0 89 10 26 59 44 38 47 69 28 42 76 9 7 8 79 51 49 32 3 36 54 70 72 67 86 82 0,3 10 67
PFG_MOEA,346,2,172.71,848.77,0 50 77 58 48 62 92 43 1 99 25 2 0,92
PFG_MOEA,346,3,172.71,848.77,0 34 21 37 33 22 23 84 56 39 68 18 19 91 20 17 31 16 40 35 71 15 30 64 78 74 63 88 85 98 14 11 83 96 46 0,15 20
PFG_MOEA,346,4,172.71,848.77,0 81 75 93 100 0,
PFG_MOEA,346,5,172.71,848.77,0 13 27 12 41 73 95 57 97 61 60 5 29 52 87 6 65 90 24 45 94 66 53 80 4 0,95
PFG_MOEA,346,6,172.71,848.77,0 55 0,55
PFG_MOEA,347,1,130.19,886.45,0 8 7 42 76 9 60 61 5 29 52 87 6 65 90 79 32 49 51 0,
PFG_MOEA,347,2,130.19,886.45,0 50 77 3 36 54 70 72 67 86 82 58 48 62 92 43 0,54 62
PFG_MOEA,347,3,130.19,886.45,0 2 25 34 21 33 37 68 39 56 84 23 22 1 99 0,
PFG_MOEA,347,4,130.19,886.45,0 20 91 19 31 17 18 16 40 35 71 15 98 85 88 63 74 78 64 30 0,
PFG_MOEA,347,5,130.19,886.45,0 81 46 96 83 11 14 95 57 0,
PFG_MOEA,347,6,130.19,886.45,0 4 80 53 66 94 45 24 97 100 93 75 55 28 69 47 38 44 59 26 10 89 73 41 12 27 13 0,55 59
PFG_MOEA,348,1,104.19,1056.66,0 19 18 91 21 22 33 37 68 56 39 84 23 82 86 67 72 70 54 36 3 0,33 39
PFG_MOEA,348,2,104.19,1056.66,0 50 77 58 48 62 92 43 2 1 16 40 71 35 31 17 0,40
PFG_MOEA,348,3,104.19,1056.66,0 13 27 12 73 15 98 85 88 63 74 78 64 30 41 99 34 25 0,15
PFG_MOEA,348,4,104.19,1056.66,0 4 80 53 66 94 45 24 55 9 76 42 14 11 83 95 57 96 89 10 0,95
PFG_MOEA,348,5,104.19,1056.66,0 26 59 44 38 47 69 28 46 7 8 93 100 81 75 97 61 60 52 87 6 0,28
PFG_MOEA,348,6,104.19,1056.66,0 5 29 65 90 79 32 49 51 20 0,
PFG_MOEA,349,1,98.88,1134.43,0 23 84 39 56 68 37 33 22 21 91 19 18 16 40 35 31 17 20 0,35
PFG_MOEA,349,2,98.88,1134.43,0 15 30 64 78 74 63 98 71 99 2 25 50 77 58 82 86 0,
PFG_MOEA,349,3,98.88,1134.43,0 92 43 1 34 88 85 14 11 83 0,92
PFG_MOEA,349,4,98.88,1134.43,0 4 24 45 94 66 53 80 76 9 55 96 57 95 73 41 12 27 13 0,55 76
PFG_MOEA,349,5,98.88,1134.43,0 89 10 26 59 44 38 47 69 28 42 46 7 8 93 60 61 97 75 81 100 0,47 59
PFG_MOEA,349,6,98.88,1134.43,0 5 29 52 87 6 65 90 79 51 49 32 67 72 70 54 36 3 62 48 0,32 51 54 72
PFG_MOEA,350,1,172.71,848.77,0 89 10 26 59 44 38 47 69 28 42 76 9 7 8 79 51 49 32 3 36 54 70 72 67 86 82 0,3 10 67
PFG_MOEA,350,2,172.71,848.77,0 50 77 58 48 62 92 43 1 99 25 2 0,92
PFG_MOEA,350,3,172.71,848.77,0 34 21 37 33 22 23 84 56 39 68 18 19 91 20 17 31 16 40 35 71 15 30 64 78 74 63 88 85 98 14 11 83 96 46 0,15 20
PFG_MOEA,350,4,172.71,848.77,0 81 75 93 100 0,
PFG_MOEA,350,5,172.71,848.77,0 13 27 12 41 73 95 57 97 61 60 5 29 52 87 6 65 90 24 45 94 66 53 80 4 0,95
PFG_MOEA,350,6,172.71,848.77,0 55 0,55
PFG_MOEA,351,1,130.19,886.45,0 8 7 42 76 9 60 61 5 29 52 87 6 65 90 79 32 49 51 0,
PFG_MOEA,351,2,130.19,886.45,0 50 77 3 36 54 70 72 67 86 82 58 48 62 92 43 0,54 62
PFG_MOEA,351,3,130.19,886.45,0 2 25 34 21 33 37 68 39 56 84 23 22 1 99 0,
PFG_MOEA,351,4,130.19,886.45,0 20 91 19 31 17 18 16 40 35 71 15 98 85 88 63 74 78 64 30 0,
PFG_MOEA,351,5,130.19,886.45,0 81 46 96 83 11 14 95 57 0,
PFG_MOEA,351,6,130.19,886.45,0 4 80 53 66 94 45 24 97 100 93 75 55 28 69 47 38 44 59 26 10 89 73 41 12 27 13 0,55 59
PFG_MOEA,352,1,99.64,1067.22,0 57 97 61 60 5 29 52 87 6 65 90 24 45 94 66 0,
PFG_MOEA,352,2,99.64,1067.22,0 4 80 53 55 98 63 74 78 64 30 71 0,
PFG_MOEA,352,3,99.64,1067.22,0 99 2 25 89 10 26 59 44 38 47 69 28 42 76 9 7 8 79 0,10 79
PFG_MOEA,352,4,99.64,1067.22,0 51 49 32 3 36 54 70 72 67 86 82 58 77 62 48 50 0,36
PFG_MOEA,352,5,99.64,1067.22,0 92 43 34 1 21 37 33 22 23 84 56 39 68 18 19 91 20 17 31 0,84
PFG_MOEA,352,6,99.64,1067.22,0 16 40 35 15 88 85 14 11 83 96 95 73 41 12 27 13 100 93 75 81 46 0,15 41 85
PFG_MOEA,353,1,104.19,1056.66,0 19 18 91 21 22 33 37 68 56 39 84 23 82 86 67 72 70 54 36 3 0,33 39
PFG_MOEA,353,2,104.19,1056.66,0 50 77 58 48 62 92 43 2 1 16 40 71 35 31 17 0,40
PFG_MOEA,353,3,104.19,1056.66,0 13 27 12 73 15 98 85 88 63 74 78 64 30 41 99 34 25 0,15
PFG_MOEA,353,4,104.19,1056.66,0 4 80 53 66 94 45 24 55 9 76 42 14 11 83 95 57 96 89 10 0,95
PFG_MOEA,353,5,104.19,1056.66,0 26 59 44 38 47 69 28 46 7 8 93 100 81 75 97 61 60 52 87 6 0,28
PFG_MOEA,353,6,104.19,1056.66,0 5 29 65 90 79 32 49 51 20 0,
PFG_MOEA,354,1,98.88,1134.43,0 23 84 39 56 68 37 33 22 21 91 19 18 16 40 35 31 17 20 0,35
PFG_MOEA,354,2,98.88,1134.43,0 15 30 64 78 74 63 98 71 99 2 25 50 77 58 82 86 0,
PFG_MOEA,354,3,98.88,1134.43,0 92 43 1 34 88 85 14 11 83 0,92
PFG_MOEA,354,4,98.88,1134.43,0 4 24 45 94 66 53 80 76 9 55 96 57 95 73 41 12 27 13 0,55 76
PFG_MOEA,354,5,98.88,1134.43,0 89 10 26 59 44 38 47 69 28 42 46 7 8 93 60 61 97 75 81 100 0,47 59
PFG_MOEA,354,6,98.88,1134.43,0 5 29 52 87 6 65 90 79 51 49 32 67 72 70 54 36 3 62 48 0,32 51 54 72
PFG_MOEA,355,1,172.71,848.77,0 89 10 26 59 44 38 47 69 28 42 76 9 7 8 79 51 49 32 3 36 54 70 72 67 86 82 0,3 10 67
PFG_MOEA,355,2,172.71,848.77,0 50 77 58 48 62 92 43 1 99 25 2 0,92
PFG_MOEA,355,3,172.71,848.77,0 34 21 37 33 22 23 84 56 39 68 18 19 91 20 17 31 16 40 35 71 15 30 64 78 74 63 88 85 98 14 11 83 96 46 0,15 20
PFG_MOEA,355,4,172.71,848.77,0 81 75 93 100 0,
PFG_MOEA,355,5,172.71,848.77,0 13 27 12 41 73 95 57 97 61 60 5 29 52 87 6 65 90 24 45 94 66 53 80 4 0,95
PFG_MOEA,355,6,172.71,848.77,0 55 0,55
PFG_MOEA,356,1,130.19,886.45,0 8 7 42 76 9 60 61 5 29 52 87 6 65 90 79 32 49 51 0,
PFG_MOEA,356,2,130.19,886.45,0 50 77 3 36 54 70 72 67 86 82 58 48 62 92 43 0,54 62
PFG_MOEA,356,3,130.19,886.45,0 2 25 34 21 33 37 68 39 56 84 23 22 1 99 0,
PFG_MOEA,356,4,130.19,886.45,0 20 91 19 31 17 18 16 40 35 71 15 98 85 88 63 74 78 64 30 0,
PFG_MOEA,356,5,130.19,886.45,0 81 46 96 83 11 14 95 57 0,
PFG_MOEA,356,6,130.19,886.45,0 4 80 53 66 94 45 24 97 100 93 75 55 28 69 47 38 44 59 26 10 89 73 41 12 27 13 0,55 59
PFG_MOEA,357,1,99.64,1067.22,0 57 97 61 60 5 29 52 87 6 65 90 24 45 94 66 0,
PFG_MOEA,357,2,99.64,1067.22,0 4 80 53 55 98 63 74 78 64 30 71 0,
PFG_MOEA,357,3,99.64,1067.22,0 99 2 25 89 10 26 59 44 38 47 69 28 42 76 9 7 8 79 0,10 79
PFG_MOEA,357,4,99.64,1067.22,0 51 49 32 3 36 54 70 72 67 86 82 58 77 62 48 50 0,36
PFG_MOEA,357,5,99.64,1067.22,0 92 43 34 1 21 37 33 22 23 84 56 39 68 18 19 91 20 17 31 0,84
PFG_MOEA,357,6,99.64,1067.22,0 16 40 35 15 88 85 14 11 83 96 95 73 41 12 27 13 100 93 75 81 46 0,15 41 85
PFG_MOEA,358,1,104.19,1056.66,0 19 18 91 21 22 33 37 68 56 39 84 23 82 86 67 72 70 54 36 3 0,33 39
PFG_MOEA,358,2,104.19,1056.66,0 50 77 58 48 62 92 43 2 1 16 40 71 35 31 17 0,40
PFG_MOEA,358,3,104.19,1056.66,0 13 27 12 73 15 98 85 88 63 74 78 64 30 41 99 34 25 0,15
PFG_MOEA,358,4,104.19,1056.66,0 4 80 53 66 94 45 24 55 9 76 42 14 11 83 95 57 96 89 10 0,95
PFG_MOEA,358,5,104.19,1056.66,0 26 59 44 38 47 69 28 46 7 8 93 100 81 75 97 61 60 52 87 6 0,28
PFG_MOEA,358,6,104.19,1056.66,0 5 29 65 90 79 32 49 51 20 0,
PFG_MOEA,359,1,98.88,1134.43,0 23 84 39 56 68 37 33 22 21 91 19 18 16 40 35 31 17 20 0,35
PFG_MOEA,359,2,98.88,1134.43,0 15 30 64 78 74 63 98 71 99 2 25 50 77 58 82 86 0,
PFG_MOEA,359,3,98.88,1134.43,0 92 43 1 34 88 85 14 11 83 0,92
PFG_MOEA,359,4,98.88,1134.43,0 4 24 45 94 66 53 80 76 9 55 96 57 95 73 41 12 27 13 0,55 76
PFG_MOEA,359,5,98.88,1134.43,0 89 10 26 59 44 38 47 69 28 42 46 7 8 93 60 61 97 75 81 100 0,47 59
PFG_MOEA,359,6,98.88,1134.43,0 5 29 52 87 6 65 90 79 51 49 32 67 72 70 54 36 3 62 48 0,32 51 54 72
PFG_MOEA,360,1,172.71,848.77,0 89 10 26 59 44 38 47 69 28 42 76 9 7 8 79 51 49 32 3 36 54 70 72 67 86 82 0,3 10 67
PFG_MOEA,360,2,172.71,848.77,0 50 77 58 48 62 92 43 1 99 25 2 0,92
PFG_MOEA,360,3,172.71,848.77,0 34 21 37 33 22 23 84 56 39 68 18 19 91 20 17 31 16 40 35 71 15 30 64 78 74 63 88 85 98 14 11 83 96 46 0,15 20
PFG_MOEA,360,4,172.71,848.77,0 81 75 93 100 0,
PFG_MOEA,360,5,172.71,848.77,0 13 27 12 41 73 95 57 97 61 60 5 29 52 87 6 65 90 24 45 94 66 53 80 4 0,95
PFG_MOEA,360,6,172.71,848.77,0 55 0,55
PFG_MOEA,361,1,130.19,886.45,0 8 7 42 76 9 60 61 5 29 52 87 6 65 90 79 32 49 51 0,
PFG_MOEA,361,2,130.19,886.45,0 50 77 3 36 54 70 72 67 86 82 58 48 62 92 43 0,54 62
PFG_MOEA,361,3,130.19,886.45,0 2 25 34 21 33 37 68 39 56 84 23 22 1 99 0,
PFG_MOEA,361,4,130.19,886.45,0 20 91 19 31 17 18 16 40 35 71 15 98 85 88 63 74 78 64 30 0,
PFG_MOEA,361,5,130.19,886.45,0 81 46 96 83 11 14 95 57 0,
PFG_MOEA,361,6,130.19,886.45,0 4 80 53 66 94 45 24 97 100 93 75 55 28 69 47 38 44 59 26 10 89 73 41 12 27 13 0,55 59
PFG_MOEA,362,1,99.64,1067.22,0 57 97 61 60 5 29 52 87 6 65 90 24 45 94 66 0,
PFG_MOEA,362,2,99.64,1067.22,0 4 80 53 55 98 63 74 78 64 30 71 0,
PFG_MOEA,362,3,99.64,1067.22,0 99 2 25 89 10 26 59 44 38 47 69 28 42 76 9 7 8 79 0,10 79
PFG_MOEA,362,4,99.64,1067.22,0 51 49 32 3 36 54 70 72 67 86 82 58 77 62 48 50 0,36
PFG_MOEA,362,5,99.64,1067.22,0 92 43 34 1 21 37 33 22 23 84 56 39 68 18 19 91 20 17 31 0,84
PFG_MOEA,362,6,99.64,1067.22,0 16 40 35 15 88 85 14 11 83 96 95 73 41 12 27 13 100 93 75 81 46 0,15 41 85
PFG_MOEA,363,1,104.19,1056.66,0 19 18 91 21 22 33 37 68 56 39 84 23 82 86 67 72 70 54 36 3 0,33 39
PFG_MOEA,363,2,104.19,1056.66,0 50 77 58 48 62 92 43 2 1 16 40 71 35 31 17 0,40
PFG_MOEA,363,3,104.19,1056.66,0 13 27 12 73 15 98 85 88 63 74 78 64 30 41 99 34 25 0,15
PFG_MOEA,363,4,104.19,1056.66,0 4 80 53 66 94 45 24 55 9 76 42 14 11 83 95 57 96 89 10 0,95
PFG_MOEA,363,5,104.19,1056.66,0 26 59 44 38 47 69 28 46 7 8 93 100 81 75 97 61 60 52 87 6 0,28
PFG_MOEA,363,6,104.19,1056.66,0 5 29 65 90 79 32 49 51 20 0,
PFG_MOEA,364,1,98.88,1134.43,0 23 84 39 56 68 37 33 22 21 91 19 18 16 40 35 31 17 20 0,35
PFG_MOEA,364,2,98.88,1134.43,0 15 30 64 78 74 63 98 71 99 2 25 50 77 58 82 86 0,
PFG_MOEA,364,3,98.88,1134.43,0 92 43 1 34 88 85 14 11 83 0,92
PFG_MOEA,364,4,98.88,1134.43,0 4 24 45 94 66 53 80 76 9 55 96 57 95 73 41 12 27 13 0,55 76
PFG_MOEA,364,5,98.88,1134.43,0 89 10 26 59 44 38 47 69 28 42 46 7 8 93 60 61 97 75 81 100 0,47 59
PFG_MOEA,364,6,98.88,1134.43,0 5 29 52 87 6 65 90 79 51 49 32 67 72 70 54 36 3 62 48 0,32 51 54 72
PFG_MOEA,365,1,172.71,848.77,0 89 10 26 59 44 38 47 69 28 42 76 9 7 8 79 51 49 32 3 36 54 70 72 67 86 82 0,3 10 67
PFG_MOEA,365,2,172.71,848.77,0 50 77 58 48 62 92 43 1 99 25 2 0,92
PFG_MOEA,365,3,172.71,848.77,0 34 21 37 33 22 23 84 56 39 68 18 19 91 20 17 31 16 40 35 71 15 30 64 78 74 63 88 85 98 14 11 83 96 46 0,15 20
PFG_MOEA,365,4,172.71,848.77,0 81 75 93 100 0,
PFG_MOEA,365,5,172.71,848.77,0 13 27 12 41 73 95 57 97 61 60 5 29 52 87 6 65 90 24 45 94 66 53 80 4 0,95
PFG_MOEA,365,6,172.71,848.77,0 55 0,55
PFG_MOEA,366,1,130.19,886.45,0 8 7 42 76 9 60 61 5 29 52 87 6 65 90 79 32 49 51 0,
PFG_MOEA,366,2,130.19,886.45,0 50 77 3 36 54 70 72 67 86 82 58 48 62 92 43 0,54 62
PFG_MOEA,366,3,130.19,886.45,0 2 25 34 21 33 37 68 39 56 84 23 22 1 99 0,
PFG_MOEA,366,4,130.19,886.45,0 20 91 19 31 17 18 16 40 35 71 15 98 85 88 63 74 78 64 30 0,
PFG_MOEA,366,5,130.19,886.45,0 81 46 96 83 11 14 95 57 0,
PFG_MOEA,366,6,130.19,886.45,0 4 80 53 66 94 45 24 97 100 93 75 55 28 69 47 38 44 59 26 10 89 73 41 12 27 13 0,55 59
PFG_MOEA,367,1,99.64,1067.22,0 57 97 61 60 5 29 52 87 6 65 90 24 45 94 66 0,
PFG_MOEA,367,2,99.64,1067.22,0 4 80 53 55 98 63 74 78 64 30 71 0,
PFG_MOEA,367,3,99.64,1067.22,0 99 2 25 89 10 26 59 44 38 47 69 28 42 76 9 7 8 79 0,10 79
PFG_MOEA,367,4,99.64,1067.22,0 51 49 32 3 36 54 70 72 67 86 82 58 77 62 48 50 0,36
PFG_MOEA,367,5,99.64,1067.22,0 92 43 34 1 21 37 33 22 23 84 56 39 68 18 19 91 20 17 31 0,84
PFG_MOEA,367,6,99.64,1067.22,0 16 40 35 15 88 85 14 11 83 96 95 73 41 12 27 13 100 93 75 81 46 0,15 41 85
PFG_MOEA,368,1,104.19,1056.66,0 19 18 91 21 22 33 37 68 56 39 84 23 82 86 67 72 70 54 36 3 0,33 39
PFG_MOEA,368,2,104.19,1056.66,0 50 77 58 48 62 92 43 2 1 16 40 71 35 31 17 0,40
PFG_MOEA,368,3,104.19,1056.66,0 13 27 12 73 15 98 85 88 63 74 78 64 30 41 99 34 25 0,15
PFG_MOEA,368,4,104.19,1056.66,0 4 80 53 66 94 45 24 55 9 76 42 14 11 83 95 57 96 89 10 0,95
PFG_MOEA,368,5,104.19,1056.66,0 26 59 44 38 47 69 28 46 7 8 93 100 81 75 97 61 60 52 87 6 0,28
PFG_MOEA,368,6,104.19,1056.66,0 5 29 65 90 79 32 49 51 20 0,
PFG_MOEA,369,1,98.88,1134.43,0 23 84 39 56 68 37 33 22 21 91 19 18 16 40 35 31 17 20 0,35
PFG_MOEA,369,2,98.88,1134.43,0 15 30 64 78 74 63 98 71 99 2 25 50 77 58 82 86 0,
PFG_MOEA,369,3,98.88,1134.43,0 92 43 1 34 88 85 14 11 83 0,92
PFG_MOEA,369,4,98.88,1134.43,0 4 24 45 94 66 53 80 76 9 55 96 57 95 73 41 12 27 13 0,55 76
PFG_MOEA,369,5,98.88,1134.43,0 89 10 26 59 44 38 47 69 28 42 46 7 8 93 60 61 97 75 81 100 0,47 59
PFG_MOEA,369,6,98.88,1134.43,0 5 29 52 87 6 65 90 79 51 49 32 67 72 70 54 36 3 62 48 0,32 51 54 72
PFG_MOEA,370,1,172.71,848.77,0 89 10 26 59 44 38 47 69 28 42 76 9 7 8 79 51 49 32 3 36 54 70 72 67 86 82 0,3 10 67
PFG_MOEA,370,2,172.71,848.77,0 50 77 58 48 62 92 43 1 99 25 2 0,92
PFG_MOEA,370,3,172.71,848.77,0 34 21 37 33 22 23 84 56 39 68 18 19 91 20 17 31 16 40 35 71 15 30 64 78 74 63 88 85 98 14 11 83 96 46 0,15 20
PFG_MOEA,370,4,172.71,848.77,0 81 75 93 100 0,
PFG_MOEA,370,5,172.71,848.77,0 13 27 12 41 73 95 57 97 61 60 5 29 52 87 6 65 90 24 45 94 66 53 80 4 0,95
PFG_MOEA,370,6,172.71,848.77,0 55 0,55
PFG_MOEA,371,1,130.19,886.45,0 8 7 42 76 9 60 61 5 29 52 87 6 65 90 79 32 49 51 0,
PFG_MOEA,371,2,130.19,886.45,0 50 77 3 36 54 70 72 67 86 82 58 48 62 92 43 0,54 62
PFG_MOEA,371,3,130.19,886.45,0 2 25 34 21 33 37 68 39 56 84 23 22 1 99 0,
PFG_MOEA,371,4,130.19,886.45,0 20 91 19 31 17 18 16 40 35 71 15 98 85 88 63 74 78 64 30 0,
PFG_MOEA,371,5,130.19,886.45,0 81 46 96 83 11 14 95 57 0,
PFG_MOEA,371,6,130.19,886.45,0 4 80 53 66 94 45 24 97 100 93 75 55 28 69 47 38 44 59 26 10 89 73 41 12 27 13 0,55 59
PFG_MOEA,372,1,99.64,1067.22,0 57 97 61 60 5 29 52 87 6 65 90 24 45 94 66 0,
PFG_MOEA,372,2,99.64,1067.22,0 4 80 53 55 98 63 74 78 64 30 71 0,
PFG_MOEA,372,3,99.64,1067.22,0 99 2 25 89 10 26 59 44 38 47 69 28 42 76 9 7 8 79 0,10 79
PFG_MOEA,372,4,99.64,1067.22,0 51 49 32 3 36 54 70 72 67 86 82 58 77 62 48 50 0,36
PFG_MOEA,372,5,99.64,1067.22,0 92 43 34 1 21 37 33 22 23 84 56 39 68 18 19 91 20 17 31 0,84
PFG_MOEA,372,6,99.64,1067.22,0 16 40 35 15 88 85 14 11 83 96 95 73 41 12 27 13 100 93 75 81 46 0,15 41 85
PFG_MOEA,373,1,104.19,1056.66,0 19 18 91 21 22 33 37 68 56 39 84 23 82 86 67 72 70 54 36 3 0,33 39
PFG_MOEA,373,2,104.19,1056.66,0 50 77 58 48 62 92 43 2 1 16 40 71 35 31 17 0,40
PFG_MOEA,373,3,104.19,1056.66,0 13 27 12 73 15 98 85 88 63 74 78 64 30 41 99 34 25 0,15
PFG_MOEA,373,4,104.19,1056.66,0 4 80 53 66 94 45 24 55 9 76 42 14 11 83 95 57 96 89 10 0,95
PFG_MOEA,373,5,104.19,1056.66,0 26 59 44 38 47 69 28 46 7 8 93 100 81 75 97 61 60 52 87 6 0,28
PFG_MOEA,373,6,104.19,1056.66,0 5 29 65 90 79 32 49 51 20 0,
PFG_MOEA,374,1,98.88,1134.43,0 23 84 39 56 68 37 33 22 21 91 19 18 16 40 35 31 17 20 0,35
PFG_MOEA,374,2,98.88,1134.43,0 15 30 64 78 74 63 98 71 99 2 25 50 77 58 82 86 0,
PFG_MOEA,374,3,98.88,1134.43,0 92 43 1 34 88 85 14 11 83 0,92
PFG_MOEA,374,4,98.88,1134.43,0 4 24 45 94 66 53 80 76 9 55 96 57 95 73 41 12 27 13 0,55 76
PFG_MOEA,374,5,98.88,1134.43,0 89 10 26 59 44 38 47 69 28 42 46 7 8 93 60 61 97 75 81 100 0,47 59
PFG_MOEA,374,6,98.88,1134.43,0 5 29 52 87 6 65 90 79 51 49 32 67 72 70 54 36 3 62 48 0,32 51 54 72
PFG_MOEA,375,1,172.71,848.77,0 89 10 26 59 44 38 47 69 28 42 76 9 7 8 79 51 49 32 3 36 54 70 72 67 86 82 0,3 10 67
PFG_MOEA,375,2,172.71,848.77,0 50 77 58 48 62 92 43 1 99 25 2 0,92
PFG_MOEA,375,3,172.71,848.77,0 34 21 37 33 22 23 84 56 39 68 18 19 91 20 17 31 16 40 35 71 15 30 64 78 74 63 88 85 98 14 11 83 96 46 0,15 20
PFG_MOEA,375,4,172.71,848.77,0 81 75 93 100 0,
PFG_MOEA,375,5,172.71,848.77,0 13 27 12 41 73 95 57 97 61 60 5 29 52 87 6 65 90 24 45 94 66 53 80 4 0,95
PFG_MOEA,375,6,172.71,848.77,0 55 0,55
PFG_MOEA,376,1,130.19,886.45,0 8 7 42 76 9 60 61 5 29 52 87 6 65 90 79 32 49 51 0,
PFG_MOEA,376,2,130.19,886.45,0 50 77 3 36 54 70 72 67 86 82 58 48 62 92 43 0,54 62
PFG_MOEA,376,3,130.19,886.45,0 2 25 34 21 33 37 68 39 56 84 23 22 1 99 0,
PFG_MOEA,376,4,130.19,886.45,0 20 91 19 31 17 18 16 40 35 71 15 98 85 88 63 74 78 64 30 0,
PFG_MOEA,376,5,130.19,886.45,0 81 46 96 83 11 14 95 57 0,
PFG_MOEA,376,6,130.19,886.45,0 4 80 53 66 94 45 24 97 100 93 75 55 28 69 47 38 44 59 26 10 89 73 41 12 27 13 0,55 59
PFG_MOEA,377,1,99.64,1067.22,0 57 97 61 60 5 29 52 87 6 65 90 24 45 94 66 0,
PFG_MOEA,377,2,99.64,1067.22,0 4 80 53 55 98 63 74 78 64 30 71 0,
PFG_MOEA,377,3,99.64,1067.22,0 99 2 25 89 10 26 59 44 38 47 69 28 42 76 9 7 8 79 0,10 79
PFG_MOEA,377,4,99.64,1067.22,0 51 49 32 3 36 54 70 72 67 86 82 58 77 62 48 50 0,36
PFG_MOEA,377,5,99.64,1067.22,0 92 43 34 1 21 37 33 22 23 84 56 39 68 18 19 91 20 17 31 0,84
PFG_MOEA,377,6,99.64,1067.22,0 16 40 35 15 88 85 14 11 83 96 95 73 41 12 27 13 100 93 75 81 46 0,15 41 85
PFG_MOEA,378,1,104.19,1056.66,0 19 18 91 21 22 33 37 68 56 39 84 23 82 86 67 72 70 54 36 3 0,33 39
PFG_MOEA,378,2,104.19,1056.66,0 50 77 58 48 62 92 43 2 1 16 40 71 35 31 17 0,40
PFG_MOEA,378,3,104.19,1056.66,0 13 27 12 73 15 98 85 88 63 74 78 64 30 41 99 34 25 0,15
PFG_MOEA,378,4,104.19,1056.66,0 4 80 53 66 94 45 24 55 9 76 42 14 11 83 95 57 96 89 10 0,95
PFG_MOEA,378,5,104.19,1056.66,0 26 59 44 38 47 69 28 46 7 8 93 100 81 75 97 61 60 52 87 6 0,28
PFG_MOEA,378,6,104.19,1056.66,0 5 29 65 90 79 32 49 51 20 0,
PFG_MOEA,379,1,98.88,1134.43,0 23 84 39 56 68 37 33 22 21 91 19 18 16 40 35 31 17 20 0,35
PFG_MOEA,379,2,98.88,1134.43,0 15 30 64 78 74 63 98 71 99 2 25 50 77 58 82 86 0,
PFG_MOEA,379,3,98.88,1134.43,0 92 43 1 34 88 85 14 11 83 0,92
PFG_MOEA,379,4,98.88,1134.43,0 4 24 45 94 66 53 80 76 9 55 96 57 95 73 41 12 27 13 0,55 76
PFG_MOEA,379,5,98.88,1134.43,0 89 10 26 59 44 38 47 69 28 42 46 7 8 93 60 61 97 75 81 100 0,47 59
PFG_MOEA,379,6,98.88,1134.43,0 5 29 52 87 6 65 90 79 51 49 32 67 72 70 54 36 3 62 48 0,32 51 54 72
PFG_MOEA,380,1,172.71,848.77,0 89 10 26 59 44 38 47 69 28 42 76 9 7 8 79 51 49 32 3 36 54 70 72 67 86 82 0,3 10 67
PFG_MOEA,380,2,172.71,848.77,0 50 77 58 48 62 92 43 1 99 25 2 0,92
PFG_MOEA,380,3,172.71,848.77,0 34 21 37 33 22 23 84 56 39 68 18 19 91 20 17 31 16 40 35 71 15 30 64 78 74 63 88 85 98 14 11 83 96 46 0,15 20
PFG_MOEA,380,4,172.71,848.77,0 81 75 93 100 0,
PFG_MOEA,380,5,172.71,848.77,0 13 27 12 41 73 95 57 97 61 60 5 29 52 87 6 65 90 24 45 94 66 53 80 4 0,95
PFG_MOEA,380,6,172.71,848.77,0 55 0,55
PFG_MOEA,381,1,130.19,886.45,0 8 7 42 76 9 60 61 5 29 52 87 6 65 90 79 32 49 51 0,
PFG_MOEA,381,2,130.19,886.45,0 50 77 3 36 54 70 72 67 86 82 58 48 62 92 43 0,54 62
PFG_MOEA,381,3,130.19,886.45,0 2 25 34 21 33 37 68 39 56 84 23 22 1 99 0,
PFG_MOEA,381,4,130.19,886.45,0 20 91 19 31 17 18 16 40 35 71 15 98 85 88 63 74 78 64 30 0,
PFG_MOEA,381,5,130.19,886.45,0 81 46 96 83 11 14 95 57 0,
PFG_MOEA,381,6,130.19,886.45,0 4 80 53 66 94 45 24 97 100 93 75 55 28 69 47 38 44 59 26 10 89 73 41 12 27 13 0,55 59
PFG_MOEA,382,1,99.64,1067.22,0 57 97 61 60 5 29 52 87 6 65 90 24 45 94 66 0,
PFG_MOEA,382,2,99.64,1067.22,0 4 80 53 55 98 63 74 78 64 30 71 0,
PFG_MOEA,382,3,99.64,1067.22,0 99 2 25 89 10 26 59 44 38 47 69 28 42 76 9 7 8 79 0,10 79
PFG_MOEA,382,4,99.64,1067.22,0 51 49 32 3 36 54 70 72 67 86 82 58 77 62 48 50 0,36
PFG_MOEA,382,5,99.64,1067.22,0 92 43 34 1 21 37 33 22 23 84 56 39 68 18 19 91 20 17 31 0,84
PFG_MOEA,382,6,99.64,1067.22,0 16 40 35 15 88 85 14 11 83 96 95 73 41 12 27 13 100 93 75 81 46 0,15 41 85
PFG_MOEA,383,1,104.19,1056.66,0 19 18 91 21 22 33 37 68 56 39 84 23 82 86 67 72 70 54 36 3 0,33 39
PFG_MOEA,383,2,104.19,1056.66,0 50 77 58 48 62 92 43 2 1 16 40 71 35 31 17 0,40
PFG_MOEA,383,3,104.19,1056.66,0 13 27 12 73 15 98 85 88 63 74 78 64 30 41 99 34 25 0,15
PFG_MOEA,383,4,104.19,1056.66,0 4 80 53 66 94 45 24 55 9 76 42 14 11 83 95 57 96 89 10 0,95
PFG_MOEA,383,5,104.19,1056.66,0 26 59 44 38 47 69 28 46 7 8 93 100 81 75 97 61 60 52 87 6 0,28
PFG_MOEA,383,6,104.19,1056.66,0 5 29 65 90 79 32 49 51 20 0,
PFG_MOEA,384,1,98.88,1134.43,0 23 84 39 56 68 37 33 22 21 91 19 18 16 40 35 31 17 20 0,35
PFG_MOEA,384,2,98.88,1134.43,0 15 30 64 78 74 63 98 71 99 2 25 50 77 58 82 86 0,
PFG_MOEA,384,3,98.88,1134.43,0 92 43 1 34 88 85 14 11 83 0,92
PFG_MOEA,384,4,98.88,1134.43,0 4 24 45 94 66 53 80 76 9 55 96 57 95 73 41 12 27 13 0,55 76
PFG_MOEA,384,5,98.88,1134.43,0 89 10 26 59 44 38 47 69 28 42 46 7 8 93 60 61 97 75 81 100 0,47 59
PFG_MOEA,384,6,98.88,1134.43,0 5 29 52 87 6 65 90 79 51 49 32 67 72 70 54 36 3 62 48 0,32 51 54 72
PFG_MOEA,385,1,172.71,848.77,0 89 10 26 59 44 38 47 69 28 42 76 9 7 8 79 51 49 32 3 36 54 70 72 67 86 82 0,3 10 67
PFG_MOEA,385,2,172.71,848.77,0 50 77 58 48 62 92 43 1 99 25 2 0,92
PFG_MOEA,385,3,172.71,848.77,0 34 21 37 33 22 23 84 56 39 68 18 19 91 20 17 31 16 40 35 71 15 30 64 78 74 63 88 85 98 14 11 83 96 46 0,15 20
PFG_MOEA,385,4,172.71,848.77,0 81 75 93 100 0,
PFG_MOEA,385,5,172.71,848.77,0 13 27 12 41 73 95 57 97 61 60 5 29 52 87 6 65 90 24 45 94 66 53 80 4 0,95
PFG_MOEA,385,6,172.71,848.77,0 55 0,55
PFG_MOEA,386,1,130.19,886.45,0 8 7 42 76 9 60 61 5 29 52 87 6 65 90 79 32 49 51 0,
PFG_MOEA,386,2,130.19,886.45,0 50 77 3 36 54 70 72 67 86 82 58 48 62 92 43 0,54 62
PFG_MOEA,386,3,130.19,886.45,0 2 25 34 21 33 37 68 39 56 84 23 22 1 99 0,
PFG_MOEA,386,4,130.19,886.45,0 20 91 19 31 17 18 16 40 35 71 15 98 85 88 63 74 78 64 30 0,
PFG_MOEA,386,5,130.19,886.45,0 81 46 96 83 11 14 95 57 0,
PFG_MOEA,386,6,130.19,886.45,0 4 80 53 66 94 45 24 97 100 93 75 55 28 69 47 38 44 59 26 10 89 73 41 12 27 13 0,55 59
PFG_MOEA,387,1,99.64,1067.22,0 57 97 61 60 5 29 52 87 6 65 90 24 45 94 66 0,
PFG_MOEA,387,2,99.64,1067.22,0 4 80 53 55 98 63 74 78 64 30 71 0,
PFG_MOEA,387,3,99.64,1067.22,0 99 2 25 89 10 26 59 44 38 47 69 28 42 76 9 7 8 79 0,10 79
PFG_MOEA,387,4,99.64,1067.22,0 51 49 32 3 36 54 70 72 67 86 82 58 77 62 48 50 0,36
PFG_MOEA,387,5,99.64,1067.22,0 92 43 34 1 21 37 33 22 23 84 56 39 68 18 19 91 20 17 31 0,84
PFG_MOEA,387,6,99.64,1067.22,0 16 40 35 15 88 85 14 11 83 96 95 73 41 12 27 13 100 93 75 81 46 0,15 41 85
PFG_MOEA,388,1,104.19,1056.66,0 19 18 91 21 22 33 37 68 56 39 84 23 82 86 67 72 70 54 36 3 0,33 39
PFG_MOEA,388,2,104.19,1056.66,0 50 77 58 48 62 92 43 2 1 16 40 71 35 31 17 0,40
PFG_MOEA,388,3,104.19,1056.66,0 13 27 12 73 15 98 85 88 63 74 78 64 30 41 99 34 25 0,15
PFG_MOEA,388,4,104.19,1056.66,0 4 80 53 66 94 45 24 55 9 76 42 14 11 83 95 57 96 89 10 0,95
PFG_MOEA,388,5,104.19,1056.66,0 26 59 44 38 47 69 28 46 7 8 93 100 81 75 97 61 60 52 87 6 0,28
PFG_MOEA,388,6,104.19,1056.66,0 5 29 65 90 79 32 49 51 20 0,
PFG_MOEA,389,1,98.88,1134.43,0 23 84 39 56 68 37 33 22 21 91 19 18 16 40 35 31 17 20 0,35
PFG_MOEA,389,2,98.88,1134.43,0 15 30 64 78 74 63 98 71 99 2 25 50 77 58 82 86 0,
PFG_MOEA,389,3,98.88,1134.43,0 92 43 1 34 88 85 14 11 83 0,92
PFG_MOEA,389,4,98.88,1134.43,0 4 24 45 94 66 53 80 76 9 55 96 57 95 73 41 12 27 13 0,55 76
PFG_MOEA,389,5,98.88,1134.43,0 89 10 26 59 44 38 47 69 28 42 46 7 8 93 60 61 97 75 81 100 0,47 59
PFG_MOEA,389,6,98.88,1134.43,0 5 29 52 87 6 65 90 79 51 49 32 67 72 70 54 36 3 62 48 0,32 51 54 72
PFG_MOEA,390,1,172.71,848.77,0 89 10 26 59 44 38 47 69 28 42 76 9 7 8 79 51 49 32 3 36 54 70 72 67 86 82 0,3 10 67
PFG_MOEA,390,2,172.71,848.77,0 50 77 58 48 62 92 43 1 99 25 2 0,92
PFG_MOEA,390,3,172.71,848.77,0 34 21 37 33 22 23 84 56 39 68 18 19 91 20 17 31 16 40 35 71 15 30 64 78 74 63 88 85 98 14 11 83 96 46 0,15 20
PFG_MOEA,390,4,172.71,848.77,0 81 75 93 100 0,
PFG_MOEA,390,5,172.71,848.77,0 13 27 12 41 73 95 57 97 61 60 5 29 52 87 6 65 90 24 45 94 66 53 80 4 0,95
PFG_MOEA,390,6,172.71,848.77,0 55 0,55
PFG_MOEA,391,1,130.19,886.45,0 8 7 42 76 9 60 61 5 29 52 87 6 65 90 79 32 49 51 0,
PFG_MOEA,391,2,130.19,886.45,0 50 77 3 36 54 70 72 67 86 82 58 48 62 92 43 0,54 62
PFG_MOEA,391,3,130.19,886.45,0 2 25 34 21 33 37 68 39 56 84 23 22 1 99 0,
PFG_MOEA,391,4,130.19,886.45,0 20 91 19 31 17 18 16 40 35 71 15 98 85 88 63 74 78 64 30 0,
PFG_MOEA,391,5,130.19,886.45,0 81 46 96 83 11 14 95 57 0,
PFG_MOEA,391,6,130.19,886.45,0 4 80 53 66 94 45 24 97 100 93 75 55 28 69 47 38 44 59 26 10 89 73 41 12 27 13 0,55 59
PFG_MOEA,392,1,99.64,1067.22,0 57 97 61 60 5 29 52 87 6 65 90 24 45 94 66 0,
PFG_MOEA,392,2,99.64,1067.22,0 4 80 53 55 98 63 74 78 64 30 71 0,
PFG_MOEA,392,3,99.64,1067.22,0 99 2 25 89 10 26 59 44 38 47 69 28 42 76 9 7 8 79 0,10 79
PFG_MOEA,392,4,99.64,1067.22,0 51 49 32 3 36 54 70 72 67 86 82 58 77 62 48 50 0,36
PFG_MOEA,392,5,99.64,1067.22,0 92 43 34 1 21 37 33 22 23 84 56 39 68 18 19 91 20 17 31 0,84
PFG_MOEA,392,6,99.64,1067.22,0 16 40 35 15 88 85 14 11 83 96 95 73 41 12 27 13 100 93 75 81 46 0,15 41 85
PFG_MOEA,393,1,104.19,1056.66,0 19 18 91 21 22 33 37 68 56 39 84 23 82 86 67 72 70 54 36 3 0,33 39
PFG_MOEA,393,2,104.19,1056.66,0 50 77 58 48 62 92 43 2 1 16 40 71 35 31 17 0,40
PFG_MOEA,393,3,104.19,1056.66,0 13 27 12 73 15 98 85 88 63 74 78 64 30 41 99 34 25 0,15
PFG_MOEA,393,4,104.19,1056.66,0 4 80 53 66 94 45 24 55 9 76 42 14 11 83 95 57 96 89 10 0,95
PFG_MOEA,393,5,104.19,1056.66,0 26 59 44 38 47 69 28 46 7 8 93 100 81 75 97 61 60 52 87 6 0,28
PFG_MOEA,393,6,104.19,1056.66,0 5 29 65 90 79 32 49 51 20 0,
PFG_MOEA,394,1,98.88,1134.43,0 23 84 39 56 68 37 33 22 21 91 19 18 16 40 35 31 17 20 0,35
PFG_MOEA,394,2,98.88,1134.43,0 15 30 64 78 74 63 98 71 99 2 25 50 77 58 82 86 0,
PFG_MOEA,394,3,98.88,1134.43,0 92 43 1 34 88 85 14 11 83 0,92
PFG_MOEA,394,4,98.88,1134.43,0 4 24 45 94 66 53 80 76 9 55 96 57 95 73 41 12 27 13 0,55 76
PFG_MOEA,394,5,98.88,1134.43,0 89 10 26 59 44 38 47 69 28 42 46 7 8 93 60 61 97 75 81 100 0,47 59
PFG_MOEA,394,6,98.88,1134.43,0 5 29 52 87 6 65 90 79 51 49 32 67 72 70 54 36 3 62 48 0,32 51 54 72
PFG_MOEA,395,1,172.71,848.77,0 89 10 26 59 44 38 47 69 28 42 76 9 7 8 79 51 49 32 3 36 54 70 72 67 86 82 0,3 10 67
PFG_MOEA,395,2,172.71,848.77,0 50 77 58 48 62 92 43 1 99 25 2 0,92
PFG_MOEA,395,3,172.71,848.77,0 34 21 37 33 22 23 84 56 39 68 18 19 91 20 17 31 16 40 35 71 15 30 64 78 74 63 88 85 98 14 11 83 96 46 0,15 20
PFG_MOEA,395,4,172.71,848.77,0 81 75 93 100 0,
PFG_MOEA,395,5,172.71,848.77,0 13 27 12 41 73 95 57 97 61 60 5 29 52 87 6 65 90 24 45 94 66 53 80 4 0,95
PFG_MOEA,395,6,172.71,848.77,0 55 0,55
PFG_MOEA,396,1,130.19,886.45,0 8 7 42 76 9 60 61 5 29 52 87 6 65 90 79 32 49 51 0,
PFG_MOEA,396,2,130.19,886.45,0 50 77 3 36 54 70 72 67 86 82 58 48 62 92 43 0,54 62
PFG_MOEA,396,3,130.19,886.45,0 2 25 34 21 33 37 68 39 56 84 23 22 1 99 0,
PFG_MOEA,396,4,130.19,886.45,0 20 91 19 31 17 18 16 40 35 71 15 98 85 88 63 74 78 64 30 0,
PFG_MOEA,396,5,130.19,886.45,0 81 46 96 83 11 14 95 57 0,
PFG_MOEA,396,6,130.19,886.45,0 4 80 53 66 94 45 24 97 100 93 75 55 28 69 47 38 44 59 26 10 89 73 41 12 27 13 0,55 59
PFG_MOEA,397,1,99.64,1067.22,0 57 97 61 60 5 29 52 87 6 65 90 24 45 94 66 0,
PFG_MOEA,397,2,99.64,1067.22,0 4 80 53 55 98 63 74 78 64 30 71 0,
PFG_MOEA,397,3,99.64,1067.22,0 99 2 25 89 10 26 59 44 38 47 69 28 42 76 9 7 8 79 0,10 79
PFG_MOEA,397,4,99.64,1067.22,0 51 49 32 3 36 54 70 72 67 86 82 58 77 62 48 50 0,36
PFG_MOEA,397,5,99.64,1067.22,0 92 43 34 1 21 37 33 22 23 84 56 39 68 18 19 91 20 17 31 0,84
PFG_MOEA,397,6,99.64,1067.22,0 16 40 35 15 88 85 14 11 83 96 95 73 41 12 27 13 100 93 75 81 46 0,15 41 85
PFG_MOEA,398,1,104.19,1056.66,0 19 18 91 21 22 33 37 68 56 39 84 23 82 86 67 72 70 54 36 3 0,33 39
PFG_MOEA,398,2,104.19,1056.66,0 50 77 58 48 62 92 43 2 1 16 40 71 35 31 17 0,40
PFG_MOEA,398,3,104.19,1056.66,0 13 27 12 73 15 98 85 88 63 74 78 64 30 41 99 34 25 0,15
PFG_MOEA,398,4,104.19,1056.66,0 4 80 53 66 94 45 24 55 9 76 42 14 11 83 95 57 96 89 10 0,95
PFG_MOEA,398,5,104.19,1056.66,0 26 59 44 38 47 69 28 46 7 8 93 100 81 75 97 61 60 52 87 6 0,28
PFG_MOEA,398,6,104.19,1056.66,0 5 29 65 90 79 32 49 51 20 0,
PFG_MOEA,399,1,98.88,1134.43,0 23 84 39 56 68 37 33 22 21 91 19 18 16 40 35 31 17 20 0,35
PFG_MOEA,399,2,98.88,1134.43,0 15 30 64 78 74 63 98 71 99 2 25 50 77 58 82 86 0,
PFG_MOEA,399,3,98.88,1134.43,0 92 43 1 34 88 85 14 11 83 0,92
PFG_MOEA,399,4,98.88,1134.43,0 4 24 45 94 66 53 80 76 9 55 96 57 95 73 41 12 27 13 0,55 76
PFG_MOEA,399,5,98.88,1134.43,0 89 10 26 59 44 38 47 69 28 42 46 7 8 93 60 61 97 75 81 100 0,47 59
PFG_MOEA,399,6,98.88,1134.43,0 5 29 52 87 6 65 90 79 51 49 32 67 72 70 54 36 3 62 48 0,32 51 54 72
PFG_MOEA,400,1,172.71,848.77,0 89 10 26 59 44 38 47 69 28 42 76 9 7 8 79 51 49 32 3 36 54 70 72 67 86 82 0,3 10 67
PFG_MOEA,400,2,172.71,848.77,0 50 77 58 48 62 92 43 1 99 25 2 0,92
PFG_MOEA,400,3,172.71,848.77,0 34 21 37 33 22 23 84 56 39 68 18 19 91 20 17 31 16 40 35 71 15 30 64 78 74 63 88 85 98 14 11 83 96 46 0,15 20
PFG_MOEA,400,4,172.71,848.77,0 81 75 93 100 0,
PFG_MOEA,400,5,172.71,848.77,0 13 27 12 41 73 95 57 97 61 60 5 29 52 87 6 65 90 24 45 94 66 53 80 4 0,95
PFG_MOEA,400,6,172.71,848.77,0 55 0,55
PFG_MOEA,401,1,130.19,886.45,0 8 7 42 76 9 60 61 5 29 52 87 6 65 90 79 32 49 51 0,
PFG_MOEA,401,2,130.19,886.45,0 50 77 3 36 54 70 72 67 86 82 58 48 62 92 43 0,54 62
PFG_MOEA,401,3,130.19,886.45,0 2 25 34 21 33 37 68 39 56 84 23 22 1 99 0,
PFG_MOEA,401,4,130.19,886.45,0 20 91 19 31 17 18 16 40 35 71 15 98 85 88 63 74 78 64 30 0,
PFG_MOEA,401,5,130.19,886.45,0 81 46 96 83 11 14 95 57 0,
PFG_MOEA,401,6,130.19,886.45,0 4 80 53 66 94 45 24 97 100 93 75 55 28 69 47 38 44 59 26 10 89 73 41 12 27 13 0,55 59
PFG_MOEA,402,1,99.64,1067.22,0 57 97 61 60 5 29 52 87 6 65 90 24 45 94 66 0,
PFG_MOEA,402,2,99.64,1067.22,0 4 80 53 55 98 63 74 78 64 30 71 0,
PFG_MOEA,402,3,99.64,1067.22,0 99 2 25 89 10 26 59 44 38 47 69 28 42 76 9 7 8 79 0,10 79
PFG_MOEA,402,4,99.64,1067.22,0 51 49 32 3 36 54 70 72 67 86 82 58 77 62 48 50 0,36
PFG_MOEA,402,5,99.64,1067.22,0 92 43 34 1 21 37 33 22 23 84 56 39 68 18 19 91 20 17 31 0,84
PFG_MOEA,402,6,99.64,1067.22,0 16 40 35 15 88 85 14 11 83 96 95 73 41 12 27 13 100 93 75 81 46 0,15 41 85
PFG_MOEA,403,1,104.19,1056.66,0 19 18 91 21 22 33 37 68 56 39 84 23 82 86 67 72 70 54 36 3 0,33 39
PFG_MOEA,403,2,104.19,1056.66,0 50 77 58 48 62 92 43 2 1 16 40 71 35 31 17 0,40
PFG_MOEA,403,3,104.19,1056.66,0 13 27 12 73 15 98 85 88 63 74 78 64 30 41 99 34 25 0,15
PFG_MOEA,403,4,104.19,1056.66,0 4 80 53 66 94 45 24 55 9 76 42 14 11 83 95 57 96 89 10 0,95
PFG_MOEA,403,5,104.19,1056.66,0 26 59 44 38 47 69 28 46 7 8 93 100 81 75 97 61 60 52 87 6 0,28
PFG_MOEA,403,6,104.19,1056.66,0 5 29 65 90 79 32 49 51 20 0,
PFG_MOEA,404,1,98.88,1134.43,0 23 84 39 56 68 37 33 22 21 91 19 18 16 40 35 31 17 20 0,35
PFG_MOEA,404,2,98.88,1134.43,0 15 30 64 78 74 63 98 71 99 2 25 50 77 58 82 86 0,
PFG_MOEA,404,3,98.88,1134.43,0 92 43 1 34 88 85 14 11 83 0,92
PFG_MOEA,404,4,98.88,1134.43,0 4 24 45 94 66 53 80 76 9 55 96 57 95 73 41 12 27 13 0,55 76
PFG_MOEA,404,5,98.88,1134.43,0 89 10 26 59 44 38 47 69 28 42 46 7 8 93 60 61 97 75 81 100 0,47 59
PFG_MOEA,404,6,98.88,1134.43,0 5 29 52 87 6 65 90 79 51 49 32 67 72 70 54 36 3 62 48 0,32 51 54 72
PFG_MOEA,405,1,172.71,848.77,0 89 10 26 59 44 38 47 69 28 42 76 9 7 8 79 51 49 32 3 36 54 70 72 67 86 82 0,3 10 67
PFG_MOEA,405,2,172.71,848.77,0 50 77 58 48 62 92 43 1 99 25 2 0,92
PFG_MOEA,405,3,172.71,848.77,0 34 21 37 33 22 23 84 56 39 68 18 19 91 20 17 31 16 40 35 71 15 30 64 78 74 63 88 85 98 14 11 83 96 46 0,15 20
PFG_MOEA,405,4,172.71,848.77,0 81 75 93 100 0,
PFG_MOEA,405,5,172.71,848.77,0 13 27 12 41 73 95 57 97 61 60 5 29 52 87 6 65 90 24 45 94 66 53 80 4 0,95
PFG_MOEA,405,6,172.71,848.77,0 55 0,55
PFG_MOEA,406,1,130.19,886.45,0 8 7 42 76 9 60 61 5 29 52 87 6 65 90 79 32 49 51 0,
PFG_MOEA,406,2,130.19,886.45,0 50 77 3 36 54 70 72 67 86 82 58 48 62 92 43 0,54 62
PFG_MOEA,406,3,130.19,886.45,0 2 25 34 21 33 37 68 39 56 84 23 22 1 99 0,
PFG_MOEA,406,4,130.19,886.45,0 20 91 19 31 17 18 16 40 35 71 15 98 85 88 63 74 78 64 30 0,
PFG_MOEA,406,5,130.19,886.45,0 81 46 96 83 11 14 95 57 0,
PFG_MOEA,406,6,130.19,886.45,0 4 80 53 66 94 45 24 97 100 93 75 55 28 69 47 38 44 59 26 10 89 73 41 12 27 13 0,55 59
PFG_MOEA,407,1,99.64,1067.22,0 57 97 61 60 5 29 52 87 6 65 90 24 45 94 66 0,
PFG_MOEA,407,2,99.64,1067.22,0 4 80 53 55 98 63 74 78 64 30 71 0,
PFG_MOEA,407,3,99.64,1067.22,0 99 2 25 89 10 26 59 44 38 47 69 28 42 76 9 7 8 79 0,10 79
PFG_MOEA,407,4,99.64,1067.22,0 51 49 32 3 36 54 70 72 67 86 82 58 77 62 48 50 0,36
PFG_MOEA,407,5,99.64,1067.22,0 92 43 34 1 21 37 33 22 23 84 56 39 68 18 19 91 20 17 31 0,84
PFG_MOEA,407,6,99.64,1067.22,0 16 40 35 15 88 85 14 11 83 96 95 73 41 12 27 13 100 93 75 81 46 0,15 41 85
PFG_MOEA,408,1,259.76,804.75,0 93 0,93
PFG_MOEA,408,2,259.76,804.75,0 100 81 75 97 61 60 5 29 52 87 6 65 90 79 0,
PFG_MOEA,408,3,259.76,804.75,0 83 11 14 98 85 88 63 74 78 64 30 15 71 35 31 17 40 16 18 19 20 91 21 33 37 68 39 56 84 23 22 1 34 99 2 25 43 92 62 48 50 77 58 82 86 67 72 70 54 36 3 32 49 51 45 24 4 0,18 22 32 51 58 62 70 71
PFG_MOEA,408,4,259.76,804.75,0 94 66 53 80 76 9 55 96 0,55 76
PFG_MOEA,408,5,259.76,804.75,0 57 95 73 41 12 27 13 0,95
PFG_MOEA,408,6,259.76,804.75,0 89 10 26 59 44 38 47 69 28 42 46 7 8 0,
PFG_MOEA,409,1,104.19,1056.66,0 19 18 91 21 22 33 37 68 56 39 84 23 82 86 67 72 70 54 36 3 0,33 39
PFG_MOEA,409,2,104.19,1056.66,0 50 77 58 48 62 92 43 2 1 16 40 71 35 31 17 0,40
PFG_MOEA,409,3,104.19,1056.66,0 13 27 12 73 15 98 85 88 63 74 78 64 30 41 99 34 25 0,15
PFG_MOEA,409,4,104.19,1056.66,0 4 80 53 66 94 45 24 55 9 76 42 14 11 83 95 57 96 89 10 0,95
PFG_MOEA,409,5,104.19,1056.66,0 26 59 44 38 47 69 28 46 7 8 93 100 81 75 97 61 60 52 87 6 0,28
PFG_MOEA,409,6,104.19,1056.66,0 5 29 65 90 79 32 49 51 20 0,
PFG_MOEA,410,1,98.88,1134.43,0 23 84 39 56 68 37 33 22 21 91 19 18 16 40 35 31 17 20 0,35
PFG_MOEA,410,2,98.88,1134.43,0 15 30 64 78 74 63 98 71 99 2 25 50 77 58 82 86 0,
PFG_MOEA,410,3,98.88,1134.43,0 92 43 1 34 88 85 14 11 83 0,92
PFG_MOEA,410,4,98.88,1134.43,0 4 24 45 94 66 53 80 76 9 55 96 57 95 73 41 12 27 13 0,55 76
PFG_MOEA,410,5,98.88,1134.43,0 89 10 26 59 44 38 47 69 28 42 46 7 8 93 60 61 97 75 81 100 0,47 59
PFG_MOEA,410,6,98.88,1134.43,0 5 29 52 87 6 65 90 79 51 49 32 67 72 70 54 36 3 62 48 0,32 51 54 72
PFG_MOEA,411,1,172.71,848.77,0 89 10 26 59 44 38 47 69 28 42 76 9 7 8 79 51 49 32 3 36 54 70 72 67 86 82 0,3 10 67
PFG_MOEA,411,2,172.71,848.77,0 50 77 58 48 62 92 43 1 99 25 2 0,92
PFG_MOEA,411,3,172.71,848.77,0 34 21 37 33 22 23 84 56 39 68 18 19 91 20 17 31 16 40 35 71 15 30 64 78 74 63 88 85 98 14 11 83 96 46 0,15 20
PFG_MOEA,411,4,172.71,848.77,0 81 75 93 100 0,
PFG_MOEA,411,5,172.71,848.77,0 13 27 12 41 73 95 57 97 61 60 5 29 52 87 6 65 90 24 45 94 66 53 80 4 0,95
PFG_MOEA,411,6,172.71,848.77,0 55 0,55
PFG_MOEA,412,1,130.19,886.45,0 8 7 42 76 9 60 61 5 29 52 87 6 65 90 79 32 49 51 0,
PFG_MOEA,412,2,130.19,886.45,0 50 77 3 36 54 70 72 67 86 82 58 48 62 92 43 0,54 62
PFG_MOEA,412,3,130.19,886.45,0 2 25 34 21 33 37 68 39 56 84 23 22 1 99 0,
PFG_MOEA,412,4,130.19,886.45,0 20 91 19 31 17 18 16 40 35 71 15 98 85 88 63 74 78 64 30 0,
PFG_MOEA,412,5,130.19,886.45,0 81 46 96 83 11 14 95 57 0,
PFG_MOEA,412,6,130.19,886.45,0 4 80 53 66 94 45 24 97 100 93 75 55 28 69 47 38 44 59 26 10 89 73 41 12 27 13 0,55 59
PFG_MOEA,413,1,99.64,1067.22,0 57 97 61 60 5 29 52 87 6 65 90 24 45 94 66 0,
PFG_MOEA,413,2,99.64,1067.22,0 4 80 53 55 98 63 74 78 64 30 71 0,
PFG_MOEA,413,3,99.64,1067.22,0 99 2 25 89 10 26 59 44 38 47 69 28 42 76 9 7 8 79 0,10 79
PFG_MOEA,413,4,99.64,1067.22,0 51 49 32 3 36 54 70 72 67 86 82 58 77 62 48 50 0,36
PFG_MOEA,413,5,99.64,1067.22,0 92 43 34 1 21 37 33 22 23 84 56 39 68 18 19 91 20 17 31 0,84
PFG_MOEA,413,6,99.64,1067.22,0 16 40 35 15 88 85 14 11 83 96 95 73 41 12 27 13 100 93 75 81 46 0,15 41 85
PFG_MOEA,414,1,259.76,804.75,0 93 0,93
PFG_MOEA,414,2,259.76,804.75,0 100 81 75 97 61 60 5 29 52 87 6 65 90 79 0,
PFG_MOEA,414,3,259.76,804.75,0 83 11 14 98 85 88 63 74 78 64 30 15 71 35 31 17 40 16 18 19 20 91 21 33 37 68 39 56 84 23 22 1 34 99 2 25 43 92 62 48 50 77 58 82 86 67 72 70 54 36 3 32 49 51 45 24 4 0,18 22 32 51 58 62 70 71
PFG_MOEA,414,4,259.76,804.75,0 94 66 53 80 76 9 55 96 0,55 76
PFG_MOEA,414,5,259.76,804.75,0 57 95 73 41 12 27 13 0,95
PFG_MOEA,414,6,259.76,804.75,0 89 10 26 59 44 38 47 69 28 42 46 7 8 0,
PFG_MOEA,415,1,104.19,1056.66,0 19 18 91 21 22 33 37 68 56 39 84 23 82 86 67 72 70 54 36 3 0,33 39
PFG_MOEA,415,2,104.19,1056.66,0 50 77 58 48 62 92 43 2 1 16 40 71 35 31 17 0,40
PFG_MOEA,415,3,104.19,1056.66,0 13 27 12 73 15 98 85 88 63 74 78 64 30 41 99 34 25 0,15
PFG_MOEA,415,4,104.19,1056.66,0 4 80 53 66 94 45 24 55 9 76 42 14 11 83 95 57 96 89 10 0,95
PFG_MOEA,415,5,104.19,1056.66,0 26 59 44 38 47 69 28 46 7 8 93 100 81 75 97 61 60 52 87 6 0,28
PFG_MOEA,415,6,104.19,1056.66,0 5 29 65 90 79 32 49 51 20 0,
PFG_MOEA,416,1,98.88,1134.43,0 23 84 39 56 68 37 33 22 21 91 19 18 16 40 35 31 17 20 0,35
PFG_MOEA,416,2,98.88,1134.43,0 15 30 64 78 74 63 98 71 99 2 25 50 77 58 82 86 0,
PFG_MOEA,416,3,98.88,1134.43,0 92 43 1 34 88 85 14 11 83 0,92
PFG_MOEA,416,4,98.88,1134.43,0 4 24 45 94 66 53 80 76 9 55 96 57 95 73 41 12 27 13 0,55 76
PFG_MOEA,416,5,98.88,1134.43,0 89 10 26 59 44 38 47 69 28 42 46 7 8 93 60 61 97 75 81 100 0,47 59
PFG_MOEA,416,6,98.88,1134.43,0 5 29 52 87 6 65 90 79 51 49 32 67 72 70 54 36 3 62 48 0,32 51 54 72
PFG_MOEA,417,1,172.71,848.77,0 89 10 26 59 44 38 47 69 28 42 76 9 7 8 79 51 49 32 3 36 54 70 72 67 86 82 0,3 10 67
PFG_MOEA,417,2,172.71,848.77,0 50 77 58 48 62 92 43 1 99 25 2 0,92
PFG_MOEA,417,3,172.71,848.77,0 34 21 37 33 22 23 84 56 39 68 18 19 91 20 17 31 16 40 35 71 15 30 64 78 74 63 88 85 98 14 11 83 96 46 0,15 20
PFG_MOEA,417,4,172.71,848.77,0 81 75 93 100 0,
PFG_MOEA,417,5,172.71,848.77,0 13 27 12 41 73 95 57 97 61 60 5 29 52 87 6 65 90 24 45 94 66 53 80 4 0,95
PFG_MOEA,417,6,172.71,848.77,0 55 0,55
PFG_MOEA,418,1,130.19,886.45,0 8 7 42 76 9 60 61 5 29 52 87 6 65 90 79 32 49 51 0,
PFG_MOEA,418,2,130.19,886.45,0 50 77 3 36 54 70 72 67 86 82 58 48 62 92 43 0,54 62
PFG_MOEA,418,3,130.19,886.45,0 2 25 34 21 33 37 68 39 56 84 23 22 1 99 0,
PFG_MOEA,418,4,130.19,886.45,0 20 91 19 31 17 18 16 40 35 71 15 98 85 88 63 74 78 64 30 0,
PFG_MOEA,418,5,130.19,886.45,0 81 46 96 83 11 14 95 57 0,
PFG_MOEA,418,6,130.19,886.45,0 4 80 53 66 94 45 24 97 100 93 75 55 28 69 47 38 44 59 26 10 89 73 41 12 27 13 0,55 59
PFG_MOEA,419,1,99.64,1067.22,0 57 97 61 60 5 29 52 87 6 65 90 24 45 94 66 0,
PFG_MOEA,419,2,99.64,1067.22,0 4 80 53 55 98 63 74 78 64 30 71 0,
PFG_MOEA,419,3,99.64,1067.22,0 99 2 25 89 10 26 59 44 38 47 69 28 42 76 9 7 8 79 0,10 79
PFG_MOEA,419,4,99.64,1067.22,0 51 49 32 3 36 54 70 72 67 86 82 58 77 62 48 50 0,36
PFG_MOEA,419,5,99.64,1067.22,0 92 43 34 1 21 37 33 22 23 84 56 39 68 18 19 91 20 17 31 0,84
PFG_MOEA,419,6,99.64,1067.22,0 16 40 35 15 88 85 14 11 83 96 95 73 41 12 27 13 100 93 75 81 46 0,15 41 85
PFG_MOEA,420,1,259.76,804.75,0 93 0,93
PFG_MOEA,420,2,259.76,804.75,0 100 81 75 97 61 60 5 29 52 87 6 65 90 79 0,
PFG_MOEA,420,3,259.76,804.75,0 83 11 14 98 85 88 63 74 78 64 30 15 71 35 31 17 40 16 18 19 20 91 21 33 37 68 39 56 84 23 22 1 34 99 2 25 43 92 62 48 50 77 58 82 86 67 72 70 54 36 3 32 49 51 45 24 4 0,18 22 32 51 58 62 70 71
PFG_MOEA,420,4,259.76,804.75,0 94 66 53 80 76 9 55 96 0,55 76
PFG_MOEA,420,5,259.76,804.75,0 57 95 73 41 12 27 13 0,95
PFG_MOEA,420,6,259.76,804.75,0 89 10 26 59 44 38 47 69 28 42 46 7 8 0,
PFG_MOEA,421,1,104.19,1056.66,0 19 18 91 21 22 33 37 68 56 39 84 23 82 86 67 72 70 54 36 3 0,33 39
PFG_MOEA,421,2,104.19,1056.66,0 50 77 58 48 62 92 43 2 1 16 40 71 35 31 17 0,40
PFG_MOEA,421,3,104.19,1056.66,0 13 27 12 73 15 98 85 88 63 74 78 64 30 41 99 34 25 0,15
PFG_MOEA,421,4,104.19,1056.66,0 4 80 53 66 94 45 24 55 9 76 42 14 11 83 95 57 96 89 10 0,95
PFG_MOEA,421,5,104.19,1056.66,0 26 59 44 38 47 69 28 46 7 8 93 100 81 75 97 61 60 52 87 6 0,28
PFG_MOEA,421,6,104.19,1056.66,0 5 29 65 90 79 32 49 51 20 0,
PFG_MOEA,422,1,98.88,1134.43,0 23 84 39 56 68 37 33 22 21 91 19 18 16 40 35 31 17 20 0,35
PFG_MOEA,422,2,98.88,1134.43,0 15 30 64 78 74 63 98 71 99 2 25 50 77 58 82 86 0,
PFG_MOEA,422,3,98.88,1134.43,0 92 43 1 34 88 85 14 11 83 0,92
PFG_MOEA,422,4,98.88,1134.43,0 4 24 45 94 66 53 80 76 9 55 96 57 95 73 41 12 27 13 0,55 76
PFG_MOEA,422,5,98.88,1134.43,0 89 10 26 59 44 38 47 69 28 42 46 7 8 93 60 61 97 75 81 100 0,47 59
PFG_MOEA,422,6,98.88,1134.43,0 5 29 52 87 6 65 90 79 51 49 32 67 72 70 54 36 3 62 48 0,32 51 54 72
PFG_MOEA,423,1,172.71,848.77,0 89 10 26 59 44 38 47 69 28 42 76 9 7 8 79 51 49 32 3 36 54 70 72 67 86 82 0,3 10 67
PFG_MOEA,423,2,172.71,848.77,0 50 77 58 48 62 92 43 1 99 25 2 0,92
PFG_MOEA,423,3,172.71,848.77,0 34 21 37 33 22 23 84 56 39 68 18 19 91 20 17 31 16 40 35 71 15 30 64 78 74 63 88 85 98 14 11 83 96 46 0,15 20
PFG_MOEA,423,4,172.71,848.77,0 81 75 93 100 0,
PFG_MOEA,423,5,172.71,848.77,0 13 27 12 41 73 95 57 97 61 60 5 29 52 87 6 65 90 24 45 94 66 53 80 4 0,95
PFG_MOEA,423,6,172.71,848.77,0 55 0,55
PFG_MOEA,424,1,130.19,886.45,0 8 7 42 76 9 60 61 5 29 52 87 6 65 90 79 32 49 51 0,
PFG_MOEA,424,2,130.19,886.45,0 50 77 3 36 54 70 72 67 86 82 58 48 62 92 43 0,54 62
PFG_MOEA,424,3,130.19,886.45,0 2 25 34 21 33 37 68 39 56 84 23 22 1 99 0,
PFG_MOEA,424,4,130.19,886.45,0 20 91 19 31 17 18 16 40 35 71 15 98 85 88 63 74 78 64 30 0,
PFG_MOEA,424,5,130.19,886.45,0 81 46 96 83 11 14 95 57 0,
PFG_MOEA,424,6,130.19,886.45,0 4 80 53 66 94 45 24 97 100 93 75 55 28 69 47 38 44 59 26 10 89 73 41 12 27 13 0,55 59
PFG_MOEA,425,1,99.64,1067.22,0 57 97 61 60 5 29 52 87 6 65 90 24 45 94 66 0,
PFG_MOEA,425,2,99.64,1067.22,0 4 80 53 55 98 63 74 78 64 30 71 0,
PFG_MOEA,425,3,99.64,1067.22,0 99 2 25 89 10 26 59 44 38 47 69 28 42 76 9 7 8 79 0,10 79
PFG_MOEA,425,4,99.64,1067.22,0 51 49 32 3 36 54 70 72 67 86 82 58 77 62 48 50 0,36
PFG_MOEA,425,5,99.64,1067.22,0 92 43 34 1 21 37 33 22 23 84 56 39 68 18 19 91 20 17 31 0,84
PFG_MOEA,425,6,99.64,1067.22,0 16 40 35 15 88 85 14 11 83 96 95 73 41 12 27 13 100 93 75 81 46 0,15 41 85
PFG_MOEA,426,1,259.76,804.75,0 93 0,93
PFG_MOEA,426,2,259.76,804.75,0 100 81 75 97 61 60 5 29 52 87 6 65 90 79 0,
PFG_MOEA,426,3,259.76,804.75,0 83 11 14 98 85 88 63 74 78 64 30 15 71 35 31 17 40 16 18 19 20 91 21 33 37 68 39 56 84 23 22 1 34 99 2 25 43 92 62 48 50 77 58 82 86 67 72 70 54 36 3 32 49 51 45 24 4 0,18 22 32 51 58 62 70 71
PFG_MOEA,426,4,259.76,804.75,0 94 66 53 80 76 9 55 96 0,55 76
PFG_MOEA,426,5,259.76,804.75,0 57 95 73 41 12 27 13 0,95
PFG_MOEA,426,6,259.76,804.75,0 89 10 26 59 44 38 47 69 28 42 46 7 8 0,
PFG_MOEA,427,1,104.19,1056.66,0 19 18 91 21 22 33 37 68 56 39 84 23 82 86 67 72 70 54 36 3 0,33 39
PFG_MOEA,427,2,104.19,1056.66,0 50 77 58 48 62 92 43 2 1 16 40 71 35 31 17 0,40
PFG_MOEA,427,3,104.19,1056.66,0 13 27 12 73 15 98 85 88 63 74 78 64 30 41 99 34 25 0,15
PFG_MOEA,427,4,104.19,1056.66,0 4 80 53 66 94 45 24 55 9 76 42 14 11 83 95 57 96 89 10 0,95
PFG_MOEA,427,5,104.19,1056.66,0 26 59 44 38 47 69 28 46 7 8 93 100 81 75 97 61 60 52 87 6 0,28
PFG_MOEA,427,6,104.19,1056.66,0 5 29 65 90 79 32 49 51 20 0,
PFG_MOEA,428,1,98.88,1134.43,0 23 84 39 56 68 37 33 22 21 91 19 18 16 40 35 31 17 20 0,35
PFG_MOEA,428,2,98.88,1134.43,0 15 30 64 78 74 63 98 71 99 2 25 50 77 58 82 86 0,
PFG_MOEA,428,3,98.88,1134.43,0 92 43 1 34 88 85 14 11 83 0,92
PFG_MOEA,428,4,98.88,1134.43,0 4 24 45 94 66 53 80 76 9 55 96 57 95 73 41 12 27 13 0,55 76
PFG_MOEA,428,5,98.88,1134.43,0 89 10 26 59 44 38 47 69 28 42 46 7 8 93 60 61 97 75 81 100 0,47 59
PFG_MOEA,428,6,98.88,1134.43,0 5 29 52 87 6 65 90 79 51 49 32 67 72 70 54 36 3 62 48 0,32 51 54 72
PFG_MOEA,429,1,172.71,848.77,0 89 10 26 59 44 38 47 69 28 42 76 9 7 8 79 51 49 32 3 36 54 70 72 67 86 82 0,3 10 67
PFG_MOEA,429,2,172.71,848.77,0 50 77 58 48 62 92 43 1 99 25 2 0,92
PFG_MOEA,429,3,172.71,848.77,0 34 21 37 33 22 23 84 56 39 68 18 19 91 20 17 31 16 40 35 71 15 30 64 78 74 63 88 85 98 14 11 83 96 46 0,15 20
PFG_MOEA,429,4,172.71,848.77,0 81 75 93 100 0,
PFG_MOEA,429,5,172.71,848.77,0 13 27 12 41 73 95 57 97 61 60 5 29 52 87 6 65 90 24 45 94 66 53 80 4 0,95
PFG_MOEA,429,6,172.71,848.77,0 55 0,55
PFG_MOEA,430,1,130.19,886.45,0 8 7 42 76 9 60 61 5 29 52 87 6 65 90 79 32 49 51 0,
PFG_MOEA,430,2,130.19,886.45,0 50 77 3 36 54 70 72 67 86 82 58 48 62 92 43 0,54 62
PFG_MOEA,430,3,130.19,886.45,0 2 25 34 21 33 37 68 39 56 84 23 22 1 99 0,
PFG_MOEA,430,4,130.19,886.45,0 20 91 19 31 17 18 16 40 35 71 15 98 85 88 63 74 78 64 30 0,
PFG_MOEA,430,5,130.19,886.45,0 81 46 96 83 11 14 95 57 0,
PFG_MOEA,430,6,130.19,886.45,0 4 80 53 66 94 45 24 97 100 93 75 55 28 69 47 38 44 59 26 10 89 73 41 12 27 13 0,55 59
PFG_MOEA,431,1,99.64,1067.22,0 57 97 61 60 5 29 52 87 6 65 90 24 45 94 66 0,
PFG_MOEA,431,2,99.64,1067.22,0 4 80 53 55 98 63 74 78 64 30 71 0,
PFG_MOEA,431,3,99.64,1067.22,0 99 2 25 89 10 26 59 44 38 47 69 28 42 76 9 7 8 79 0,10 79
PFG_MOEA,431,4,99.64,1067.22,0 51 49 32 3 36 54 70 72 67 86 82 58 77 62 48 50 0,36
PFG_MOEA,431,5,99.64,1067.22,0 92 43 34 1 21 37 33 22 23 84 56 39 68 18 19 91 20 17 31 0,84
PFG_MOEA,431,6,99.64,1067.22,0 16 40 35 15 88 85 14 11 83 96 95 73 41 12 27 13 100 93 75 81 46 0,15 41 85
PFG_MOEA,432,1,259.76,804.75,0 93 0,93
PFG_MOEA,432,2,259.76,804.75,0 100 81 75 97 61 60 5 29 52 87 6 65 90 79 0,
PFG_MOEA,432,3,259.76,804.75,0 83 11 14 98 85 88 63 74 78 64 30 15 71 35 31 17 40 16 18 19 20 91 21 33 37 68 39 56 84 23 22 1 34 99 2 25 43 92 62 48 50 77 58 82 86 67 72 70 54 36 3 32 49 51 45 24 4 0,18 22 32 51 58 62 70 71
PFG_MOEA,432,4,259.76,804.75,0 94 66 53 80 76 9 55 96 0,55 76
PFG_MOEA,432,5,259.76,804.75,0 57 95 73 41 12 27 13 0,95
PFG_MOEA,432,6,259.76,804.75,0 89 10 26 59 44 38 47 69 28 42 46 7 8 0,
PFG_MOEA,433,1,131.24,855.01,0 93 100 81 75 97 61 60 52 87 6 65 29 5 90 79 51 49 32 3 36 54 70 72 67 86 82 0,51 93
PFG_MOEA,433,2,131.24,855.01,0 50 77 58 48 62 92 43 25 2 0,92
PFG_MOEA,433,3,131.24,855.01,0 99 34 1 21 22 23 84 39 56 68 37 33 91 18 19 20 0,19
PFG_MOEA,433,4,131.24,855.01,0 13 27 12 41 73 30 64 78 74 63 88 85 98 15 71 35 40 16 31 17 0,85
PFG_MOEA,433,5,131.24,855.01,0 4 80 53 66 94 45 24 55 9 76 42 28 69 47 38 44 59 26 10 89 96 14 11 83 95 57 0,28 53
PFG_MOEA,433,6,131.24,855.01,0 46 7 8 0,7
PFG_MOEA,434,1,104.19,1056.66,0 19 18 91 21 22 33 37 68 56 39 84 23 82 86 67 72 70 54 36 3 0,33 39
PFG_MOEA,434,2,104.19,1056.66,0 50 77 58 48 62 92 43 2 1 16 40 71 35 31 17 0,40
PFG_MOEA,434,3,104.19,1056.66,0 13 27 12 73 15 98 85 88 63 74 78 64 30 41 99 34 25 0,15
PFG_MOEA,434,4,104.19,1056.66,0 4 80 53 66 94 45 24 55 9 76 42 14 11 83 95 57 96 89 10 0,95
PFG_MOEA,434,5,104.19,1056.66,0 26 59 44 38 47 69 28 46 7 8 93 100 81 75 97 61 60 52 87 6 0,28
PFG_MOEA,434,6,104.19,1056.66,0 5 29 65 90 79 32 49 51 20 0,
PFG_MOEA,435,1,98.88,1134.43,0 23 84 39 56 68 37 33 22 21 91 19 18 16 40 35 31 17 20 0,35
PFG_MOEA,435,2,98.88,1134.43,0 15 30 64 78 74 63 98 71 99 2 25 50 77 58 82 86 0,
PFG_MOEA,435,3,98.88,1134.43,0 92 43 1 34 88 85 14 11 83 0,92
PFG_MOEA,435,4,98.88,1134.43,0 4 24 45 94 66 53 80 76 9 55 96 57 95 73 41 12 27 13 0,55 76
PFG_MOEA,435,5,98.88,1134.43,0 89 10 26 59 44 38 47 69 28 42 46 7 8 93 60 61 97 75 81 100 0,47 59
PFG_MOEA,435,6,98.88,1134.43,0 5 29 52 87 6 65 90 79 51 49 32 67 72 70 54 36 3 62 48 0,32 51 54 72
PFG_MOEA,436,1,172.71,848.77,0 89 10 26 59 44 38 47 69 28 42 76 9 7 8 79 51 49 32 3 36 54 70 72 67 86 82 0,3 10 67
PFG_MOEA,436,2,172.71,848.77,0 50 77 58 48 62 92 43 1 99 25 2 0,92
PFG_MOEA,436,3,172.71,848.77,0 34 21 37 33 22 23 84 56 39 68 18 19 91 20 17 31 16 40 35 71 15 30 64 78 74 63 88 85 98 14 11 83 96 46 0,15 20
PFG_MOEA,436,4,172.71,848.77,0 81 75 93 100 0,
PFG_MOEA,436,5,172.71,848.77,0 13 27 12 41 73 95 57 97 61 60 5 29 52 87 6 65 90 24 45 94 66 53 80 4 0,95
PFG_MOEA,436,6,172.71,848.77,0 55 0,55
PFG_MOEA,437,1,130.19,886.45,0 8 7 42 76 9 60 61 5 29 52 87 6 65 90 79 32 49 51 0,
PFG_MOEA,437,2,130.19,886.45,0 50 77 3 36 54 70 72 67 86 82 58 48 62 92 43 0,54 62
PFG_MOEA,437,3,130.19,886.45,0 2 25 34 21 33 37 68 39 56 84 23 22 1 99 0,
PFG_MOEA,437,4,130.19,886.45,0 20 91 19 31 17 18 16 40 35 71 15 98 85 88 63 74 78 64 30 0,
PFG_MOEA,437,5,130.19,886.45,0 81 46 96 83 11 14 95 57 0,
PFG_MOEA,437,6,130.19,886.45,0 4 80 53 66 94 45 24 97 100 93 75 55 28 69 47 38 44 59 26 10 89 73 41 12 27 13 0,55 59
PFG_MOEA,438,1,99.64,1067.22,0 57 97 61 60 5 29 52 87 6 65 90 24 45 94 66 0,
PFG_MOEA,438,2,99.64,1067.22,0 4 80 53 55 98 63 74 78 64 30 71 0,
PFG_MOEA,438,3,99.64,1067.22,0 99 2 25 89 10 26 59 44 38 47 69 28 42 76 9 7 8 79 0,10 79
PFG_MOEA,438,4,99.64,1067.22,0 51 49 32 3 36 54 70 72 67 86 82 58 77 62 48 50 0,36
PFG_MOEA,438,5,99.64,1067.22,0 92 43 34 1 21 37 33 22 23 84 56 39 68 18 19 91 20 17 31 0,84
PFG_MOEA,438,6,99.64,1067.22,0 16 40 35 15 88 85 14 11 83 96 95 73 41 12 27 13 100 93 75 81 46 0,15 41 85
PFG_MOEA,439,1,259.76,804.75,0 93 0,93
PFG_MOEA,439,2,259.76,804.75,0 100 81 75 97 61 60 5 29 52 87 6 65 90 79 0,
PFG_MOEA,439,3,259.76,804.75,0 83 11 14 98 85 88 63 74 78 64 30 15 71 35 31 17 40 16 18 19 20 91 21 33 37 68 39 56 84 23 22 1 34 99 2 25 43 92 62 48 50 77 58 82 86 67 72 70 54 36 3 32 49 51 45 24 4 0,18 22 32 51 58 62 70 71
PFG_MOEA,439,4,259.76,804.75,0 94 66 53 80 76 9 55 96 0,55 76
PFG_MOEA,439,5,259.76,804.75,0 57 95 73 41 12 27 13 0,95
PFG_MOEA,439,6,259.76,804.75,0 89 10 26 59 44 38 47 69 28 42 46 7 8 0,
PFG_MOEA,440,1,131.24,855.01,0 93 100 81 75 97 61 60 52 87 6 65 29 5 90 79 51 49 32 3 36 54 70 72 67 86 82 0,51 93
PFG_MOEA,440,2,131.24,855.01,0 50 77 58 48 62 92 43 25 2 0,92
PFG_MOEA,440,3,131.24,855.01,0 99 34 1 21 22 23 84 39 56 68 37 33 91 18 19 20 0,19
PFG_MOEA,440,4,131.24,855.01,0 13 27 12 41 73 30 64 78 74 63 88 85 98 15 71 35 40 16 31 17 0,85
PFG_MOEA,440,5,131.24,855.01,0 4 80 53 66 94 45 24 55 9 76 42 28 69 47 38 44 59 26 10 89 96 14 11 83 95 57 0,28 53
PFG_MOEA,440,6,131.24,855.01,0 46 7 8 0,7
PFG_MOEA,441,1,104.19,1056.66,0 19 18 91 21 22 33 37 68 56 39 84 23 82 86 67 72 70 54 36 3 0,33 39
PFG_MOEA,441,2,104.19,1056.66,0 50 77 58 48 62 92 43 2 1 16 40 71 35 31 17 0,40
PFG_MOEA,441,3,104.19,1056.66,0 13 27 12 73 15 98 85 88 63 74 78 64 30 41 99 34 25 0,15
PFG_MOEA,441,4,104.19,1056.66,0 4 80 53 66 94 45 24 55 9 76 42 14 11 83 95 57 96 89 10 0,95
PFG_MOEA,441,5,104.19,1056.66,0 26 59 44 38 47 69 28 46 7 8 93 100 81 75 97 61 60 52 87 6 0,28
PFG_MOEA,441,6,104.19,1056.66,0 5 29 65 90 79 32 49 51 20 0,
PFG_MOEA,442,1,98.88,1134.43,0 23 84 39 56 68 37 33 22 21 91 19 18 16 40 35 31 17 20 0,35
PFG_MOEA,442,2,98.88,1134.43,0 15 30 64 78 74 63 98 71 99 2 25 50 77 58 82 86 0,
PFG_MOEA,442,3,98.88,1134.43,0 92 43 1 34 88 85 14 11 83 0,92
PFG_MOEA,442,4,98.88,1134.43,0 4 24 45 94 66 53 80 76 9 55 96 57 95 73 41 12 27 13 0,55 76
PFG_MOEA,442,5,98.88,1134.43,0 89 10 26 59 44 38 47 69 28 42 46 7 8 93 60 61 97 75 81 100 0,47 59
PFG_MOEA,442,6,98.88,1134.43,0 5 29 52 87 6 65 90 79 51 49 32 67 72 70 54 36 3 62 48 0,32 51 54 72
PFG_MOEA,443,1,172.71,848.77,0 89 10 26 59 44 38 47 69 28 42 76 9 7 8 79 51 49 32 3 36 54 70 72 67 86 82 0,3 10 67
PFG_MOEA,443,2,172.71,848.77,0 50 77 58 48 62 92 43 1 99 25 2 0,92
PFG_MOEA,443,3,172.71,848.77,0 34 21 37 33 22 23 84 56 39 68 18 19 91 20 17 31 16 40 35 71 15 30 64 78 74 63 88 85 98 14 11 83 96 46 0,15 20
PFG_MOEA,443,4,172.71,848.77,0 81 75 93 100 0,
PFG_MOEA,443,5,172.71,848.77,0 13 27 12 41 73 95 57 97 61 60 5 29 52 87 6 65 90 24 45 94 66 53 80 4 0,95
PFG_MOEA,443,6,172.71,848.77,0 55 0,55
PFG_MOEA,444,1,130.19,886.45,0 8 7 42 76 9 60 61 5 29 52 87 6 65 90 79 32 49 51 0,
PFG_MOEA,444,2,130.19,886.45,0 50 77 3 36 54 70 72 67 86 82 58 48 62 92 43 0,54 62
PFG_MOEA,444,3,130.19,886.45,0 2 25 34 21 33 37 68 39 56 84 23 22 1 99 0,
PFG_MOEA,444,4,130.19,886.45,0 20 91 19 31 17 18 16 40 35 71 15 98 85 88 63 74 78 64 30 0,
PFG_MOEA,444,5,130.19,886.45,0 81 46 96 83 11 14 95 57 0,
PFG_MOEA,444,6,130.19,886.45,0 4 80 53 66 94 45 24 97 100 93 75 55 28 69 47 38 44 59 26 10 89 73 41 12 27 13 0,55 59
PFG_MOEA,445,1,99.64,1067.22,0 57 97 61 60 5 29 52 87 6 65 90 24 45 94 66 0,
PFG_MOEA,445,2,99.64,1067.22,0 4 80 53 55 98 63 74 78 64 30 71 0,
PFG_MOEA,445,3,99.64,1067.22,0 99 2 25 89 10 26 59 44 38 47 69 28 42 76 9 7 8 79 0,10 79
PFG_MOEA,445,4,99.64,1067.22,0 51 49 32 3 36 54 70 72 67 86 82 58 77 62 48 50 0,36
PFG_MOEA,445,5,99.64,1067.22,0 92 43 34 1 21 37 33 22 23 84 56 39 68 18 19 91 20 17 31 0,84
PFG_MOEA,445,6,99.64,1067.22,0 16 40 35 15 88 85 14 11 83 96 95 73 41 12 27 13 100 93 75 81 46 0,15 41 85
PFG_MOEA,446,1,259.76,804.75,0 93 0,93
PFG_MOEA,446,2,259.76,804.75,0 100 81 75 97 61 60 5 29 52 87 6 65 90 79 0,
PFG_MOEA,446,3,259.76,804.75,0 83 11 14 98 85 88 63 74 78 64 30 15 71 35 31 17 40 16 18 19 20 91 21 33 37 68 39 56 84 23 22 1 34 99 2 25 43 92 62 48 50 77 58 82 86 67 72 70 54 36 3 32 49 51 45 24 4 0,18 22 32 51 58 62 70 71
PFG_MOEA,446,4,259.76,804.75,0 94 66 53 80 76 9 55 96 0,55 76
PFG_MOEA,446,5,259.76,804.75,0 57 95 73 41 12 27 13 0,95
PFG_MOEA,446,6,259.76,804.75,0 89 10 26 59 44 38 47 69 28 42 46 7 8 0,
PFG_MOEA,447,1,131.24,855.01,0 93 100 81 75 97 61 60 52 87 6 65 29 5 90 79 51 49 32 3 36 54 70 72 67 86 82 0,51 93
PFG_MOEA,447,2,131.24,855.01,0 50 77 58 48 62 92 43 25 2 0,92
PFG_MOEA,447,3,131.24,855.01,0 99 34 1 21 22 23 84 39 56 68 37 33 91 18 19 20 0,19
PFG_MOEA,447,4,131.24,855.01,0 13 27 12 41 73 30 64 78 74 63 88 85 98 15 71 35 40 16 31 17 0,85
PFG_MOEA,447,5,131.24,855.01,0 4 80 53 66 94 45 24 55 9 76 42 28 69 47 38 44 59 26 10 89 96 14 11 83 95 57 0,28 53
PFG_MOEA,447,6,131.24,855.01,0 46 7 8 0,7
PFG_MOEA,448,1,104.19,1056.66,0 19 18 91 21 22 33 37 68 56 39 84 23 82 86 67 72 70 54 36 3 0,33 39
PFG_MOEA,448,2,104.19,1056.66,0 50 77 58 48 62 92 43 2 1 16 40 71 35 31 17 0,40
PFG_MOEA,448,3,104.19,1056.66,0 13 27 12 73 15 98 85 88 63 74 78 64 30 41 99 34 25 0,15
PFG_MOEA,448,4,104.19,1056.66,0 4 80 53 66 94 45 24 55 9 76 42 14 11 83 95 57 96 89 10 0,95
PFG_MOEA,448,5,104.19,1056.66,0 26 59 44 38 47 69 28 46 7 8 93 100 81 75 97 61 60 52 87 6 0,28
PFG_MOEA,448,6,104.19,1056.66,0 5 29 65 90 79 32 49 51 20 0,
PFG_MOEA,449,1,98.88,1134.43,0 23 84 39 56 68 37 33 22 21 91 19 18 16 40 35 31 17 20 0,35
PFG_MOEA,449,2,98.88,1134.43,0 15 30 64 78 74 63 98 71 99 2 25 50 77 58 82 86 0,
PFG_MOEA,449,3,98.88,1134.43,0 92 43 1 34 88 85 14 11 83 0,92
PFG_MOEA,449,4,98.88,1134.43,0 4 24 45 94 66 53 80 76 9 55 96 57 95 73 41 12 27 13 0,55 76
PFG_MOEA,449,5,98.88,1134.43,0 89 10 26 59 44 38 47 69 28 42 46 7 8 93 60 61 97 75 81 100 0,47 59
PFG_MOEA,449,6,98.88,1134.43,0 5 29 52 87 6 65 90 79 51 49 32 67 72 70 54 36 3 62 48 0,32 51 54 72
PFG_MOEA,450,1,172.71,848.77,0 89 10 26 59 44 38 47 69 28 42 76 9 7 8 79 51 49 32 3 36 54 70 72 67 86 82 0,3 10 67
PFG_MOEA,450,2,172.71,848.77,0 50 77 58 48 62 92 43 1 99 25 2 0,92
PFG_MOEA,450,3,172.71,848.77,0 34 21 37 33 22 23 84 56 39 68 18 19 91 20 17 31 16 40 35 71 15 30 64 78 74 63 88 85 98 14 11 83 96 46 0,15 20
PFG_MOEA,450,4,172.71,848.77,0 81 75 93 100 0,
PFG_MOEA,450,5,172.71,848.77,0 13 27 12 41 73 95 57 97 61 60 5 29 52 87 6 65 90 24 45 94 66 53 80 4 0,95
PFG_MOEA,450,6,172.71,848.77,0 55 0,55
PFG_MOEA,451,1,130.19,886.45,0 8 7 42 76 9 60 61 5 29 52 87 6 65 90 79 32 49 51 0,
PFG_MOEA,451,2,130.19,886.45,0 50 77 3 36 54 70 72 67 86 82 58 48 62 92 43 0,54 62
PFG_MOEA,451,3,130.19,886.45,0 2 25 34 21 33 37 68 39 56 84 23 22 1 99 0,
PFG_MOEA,451,4,130.19,886.45,0 20 91 19 31 17 18 16 40 35 71 15 98 85 88 63 74 78 64 30 0,
PFG_MOEA,451,5,130.19,886.45,0 81 46 96 83 11 14 95 57 0,
PFG_MOEA,451,6,130.19,886.45,0 4 80 53 66 94 45 24 97 100 93 75 55 28 69 47 38 44 59 26 10 89 73 41 12 27 13 0,55 59
PFG_MOEA,452,1,99.64,1067.22,0 57 97 61 60 5 29 52 87 6 65 90 24 45 94 66 0,
PFG_MOEA,452,2,99.64,1067.22,0 4 80 53 55 98 63 74 78 64 30 71 0,
PFG_MOEA,452,3,99.64,1067.22,0 99 2 25 89 10 26 59 44 38 47 69 28 42 76 9 7 8 79 0,10 79
PFG_MOEA,452,4,99.64,1067.22,0 51 49 32 3 36 54 70 72 67 86 82 58 77 62 48 50 0,36
PFG_MOEA,452,5,99.64,1067.22,0 92 43 34 1 21 37 33 22 23 84 56 39 68 18 19 91 20 17 31 0,84
PFG_MOEA,452,6,99.64,1067.22,0 16 40 35 15 88 85 14 11 83 96 95 73 41 12 27 13 100 93 75 81 46 0,15 41 85
PFG_MOEA,453,1,259.76,804.75,0 93 0,93
PFG_MOEA,453,2,259.76,804.75,0 100 81 75 97 61 60 5 29 52 87 6 65 90 79 0,
PFG_MOEA,453,3,259.76,804.75,0 83 11 14 98 85 88 63 74 78 64 30 15 71 35 31 17 40 16 18 19 20 91 21 33 37 68 39 56 84 23 22 1 34 99 2 25 43 92 62 48 50 77 58 82 86 67 72 70 54 36 3 32 49 51 45 24 4 0,18 22 32 51 58 62 70 71
PFG_MOEA,453,4,259.76,804.75,0 94 66 53 80 76 9 55 96 0,55 76
PFG_MOEA,453,5,259.76,804.75,0 57 95 73 41 12 27 13 0,95
PFG_MOEA,453,6,259.76,804.75,0 89 10 26 59 44 38 47 69 28 42 46 7 8 0,
PFG_MOEA,454,1,131.24,855.01,0 93 100 81 75 97 61 60 52 87 6 65 29 5 90 79 51 49 32 3 36 54 70 72 67 86 82 0,51 93
PFG_MOEA,454,2,131.24,855.01,0 50 77 58 48 62 92 43 25 2 0,92
PFG_MOEA,454,3,131.24,855.01,0 99 34 1 21 22 23 84 39 56 68 37 33 91 18 19 20 0,19
PFG_MOEA,454,4,131.24,855.01,0 13 27 12 41 73 30 64 78 74 63 88 85 98 15 71 35 40 16 31 17 0,85
PFG_MOEA,454,5,131.24,855.01,0 4 80 53 66 94 45 24 55 9 76 42 28 69 47 38 44 59 26 10 89 96 14 11 83 95 57 0,28 53
PFG_MOEA,454,6,131.24,855.01,0 46 7 8 0,7
PFG_MOEA,455,1,104.19,1056.66,0 19 18 91 21 22 33 37 68 56 39 84 23 82 86 67 72 70 54 36 3 0,33 39
PFG_MOEA,455,2,104.19,1056.66,0 50 77 58 48 62 92 43 2 1 16 40 71 35 31 17 0,40
PFG_MOEA,455,3,104.19,1056.66,0 13 27 12 73 15 98 85 88 63 74 78 64 30 41 99 34 25 0,15
PFG_MOEA,455,4,104.19,1056.66,0 4 80 53 66 94 45 24 55 9 76 42 14 11 83 95 57 96 89 10 0,95
PFG_MOEA,455,5,104.19,1056.66,0 26 59 44 38 47 69 28 46 7 8 93 100 81 75 97 61 60 52 87 6 0,28
PFG_MOEA,455,6,104.19,1056.66,0 5 29 65 90 79 32 49 51 20 0,
PFG_MOEA,456,1,98.88,1134.43,0 23 84 39 56 68 37 33 22 21 91 19 18 16 40 35 31 17 20 0,35
PFG_MOEA,456,2,98.88,1134.43,0 15 30 64 78 74 63 98 71 99 2 25 50 77 58 82 86 0,
PFG_MOEA,456,3,98.88,1134.43,0 92 43 1 34 88 85 14 11 83 0,92
PFG_MOEA,456,4,98.88,1134.43,0 4 24 45 94 66 53 80 76 9 55 96 57 95 73 41 12 27 13 0,55 76
PFG_MOEA,456,5,98.88,1134.43,0 89 10 26 59 44 38 47 69 28 42 46 7 8 93 60 61 97 75 81 100 0,47 59
PFG_MOEA,456,6,98.88,1134.43,0 5 29 52 87 6 65 90 79 51 49 32 67 72 70 54 36 3 62 48 0,32 51 54 72
PFG_MOEA,457,1,172.71,848.77,0 89 10 26 59 44 38 47 69 28 42 76 9 7 8 79 51 49 32 3 36 54 70 72 67 86 82 0,3 10 67
PFG_MOEA,457,2,172.71,848.77,0 50 77 58 48 62 92 43 1 99 25 2 0,92
PFG_MOEA,457,3,172.71,848.77,0 34 21 37 33 22 23 84 56 39 68 18 19 91 20 17 31 16 40 35 71 15 30 64 78 74 63 88 85 98 14 11 83 96 46 0,15 20
PFG_MOEA,457,4,172.71,848.77,0 81 75 93 100 0,
PFG_MOEA,457,5,172.71,848.77,0 13 27 12 41 73 95 57 97 61 60 5 29 52 87 6 65 90 24 45 94 66 53 80 4 0,95
PFG_MOEA,457,6,172.71,848.77,0 55 0,55
PFG_MOEA,458,1,130.19,886.45,0 8 7 42 76 9 60 61 5 29 52 87 6 65 90 79 32 49 51 0,
PFG_MOEA,458,2,130.19,886.45,0 50 77 3 36 54 70 72 67 86 82 58 48 62 92 43 0,54 62
PFG_MOEA,458,3,130.19,886.45,0 2 25 34 21 33 37 68 39 56 84 23 22 1 99 0,
PFG_MOEA,458,4,130.19,886.45,0 20 91 19 31 17 18 16 40 35 71 15 98 85 88 63 74 78 64 30 0,
PFG_MOEA,458,5,130.19,886.45,0 81 46 96 83 11 14 95 57 0,
PFG_MOEA,458,6,130.19,886.45,0 4 80 53 66 94 45 24 97 100 93 75 55 28 69 47 38 44 59 26 10 89 73 41 12 27 13 0,55 59
PFG_MOEA,459,1,99.64,1067.22,0 57 97 61 60 5 29 52 87 6 65 90 24 45 94 66 0,
PFG_MOEA,459,2,99.64,1067.22,0 4 80 53 55 98 63 74 78 64 30 71 0,
PFG_MOEA,459,3,99.64,1067.22,0 99 2 25 89 10 26 59 44 38 47 69 28 42 76 9 7 8 79 0,10 79
PFG_MOEA,459,4,99.64,1067.22,0 51 49 32 3 36 54 70 72 67 86 82 58 77 62 48 50 0,36
PFG_MOEA,459,5,99.64,1067.22,0 92 43 34 1 21 37 33 22 23 84 56 39 68 18 19 91 20 17 31 0,84
PFG_MOEA,459,6,99.64,1067.22,0 16 40 35 15 88 85 14 11 83 96 95 73 41 12 27 13 100 93 75 81 46 0,15 41 85
PFG_MOEA,460,1,259.76,804.75,0 93 0,93
PFG_MOEA,460,2,259.76,804.75,0 100 81 75 97 61 60 5 29 52 87 6 65 90 79 0,
PFG_MOEA,460,3,259.76,804.75,0 83 11 14 98 85 88 63 74 78 64 30 15 71 35 31 17 40 16 18 19 20 91 21 33 37 68 39 56 84 23 22 1 34 99 2 25 43 92 62 48 50 77 58 82 86 67 72 70 54 36 3 32 49 51 45 24 4 0,18 22 32 51 58 62 70 71
PFG_MOEA,460,4,259.76,804.75,0 94 66 53 80 76 9 55 96 0,55 76
PFG_MOEA,460,5,259.76,804.75,0 57 95 73 41 12 27 13 0,95
PFG_MOEA,460,6,259.76,804.75,0 89 10 26 59 44 38 47 69 28 42 46 7 8 0,
PFG_MOEA,461,1,131.24,855.01,0 93 100 81 75 97 61 60 52 87 6 65 29 5 90 79 51 49 32 3 36 54 70 72 67 86 82 0,51 93
PFG_MOEA,461,2,131.24,855.01,0 50 77 58 48 62 92 43 25 2 0,92
PFG_MOEA,461,3,131.24,855.01,0 99 34 1 21 22 23 84 39 56 68 37 33 91 18 19 20 0,19
PFG_MOEA,461,4,131.24,855.01,0 13 27 12 41 73 30 64 78 74 63 88 85 98 15 71 35 40 16 31 17 0,85
PFG_MOEA,461,5,131.24,855.01,0 4 80 53 66 94 45 24 55 9 76 42 28 69 47 38 44 59 26 10 89 96 14 11 83 95 57 0,28 53
PFG_MOEA,461,6,131.24,855.01,0 46 7 8 0,7
PFG_MOEA,462,1,104.19,1056.66,0 19 18 91 21 22 33 37 68 56 39 84 23 82 86 67 72 70 54 36 3 0,33 39
PFG_MOEA,462,2,104.19,1056.66,0 50 77 58 48 62 92 43 2 1 16 40 71 35 31 17 0,40
PFG_MOEA,462,3,104.19,1056.66,0 13 27 12 73 15 98 85 88 63 74 78 64 30 41 99 34 25 0,15
PFG_MOEA,462,4,104.19,1056.66,0 4 80 53 66 94 45 24 55 9 76 42 14 11 83 95 57 96 89 10 0,95
PFG_MOEA,462,5,104.19,1056.66,0 26 59 44 38 47 69 28 46 7 8 93 100 81 75 97 61 60 52 87 6 0,28
PFG_MOEA,462,6,104.19,1056.66,0 5 29 65 90 79 32 49 51 20 0,
PFG_MOEA,463,1,98.88,1134.43,0 23 84 39 56 68 37 33 22 21 91 19 18 16 40 35 31 17 20 0,35
PFG_MOEA,463,2,98.88,1134.43,0 15 30 64 78 74 63 98 71 99 2 25 50 77 58 82 86 0,
PFG_MOEA,463,3,98.88,1134.43,0 92 43 1 34 88 85 14 11 83 0,92
PFG_MOEA,463,4,98.88,1134.43,0 4 24 45 94 66 53 80 76 9 55 96 57 95 73 41 12 27 13 0,55 76
PFG_MOEA,463,5,98.88,1134.43,0 89 10 26 59 44 38 47 69 28 42 46 7 8 93 60 61 97 75 81 100 0,47 59
PFG_MOEA,463,6,98.88,1134.43,0 5 29 52 87 6 65 90 79 51 49 32 67 72 70 54 36 3 62 48 0,32 51 54 72
PFG_MOEA,464,1,172.71,848.77,0 89 10 26 59 44 38 47 69 28 42 76 9 7 8 79 51 49 32 3 36 54 70 72 67 86 82 0,3 10 67
PFG_MOEA,464,2,172.71,848.77,0 50 77 58 48 62 92 43 1 99 25 2 0,92
PFG_MOEA,464,3,172.71,848.77,0 34 21 37 33 22 23 84 56 39 68 18 19 91 20 17 31 16 40 35 71 15 30 64 78 74 63 88 85 98 14 11 83 96 46 0,15 20
PFG_MOEA,464,4,172.71,848.77,0 81 75 93 100 0,
PFG_MOEA,464,5,172.71,848.77,0 13 27 12 41 73 95 57 97 61 60 5 29 52 87 6 65 90 24 45 94 66 53 80 4 0,95
PFG_MOEA,464,6,172.71,848.77,0 55 0,55
PFG_MOEA,465,1,130.19,886.45,0 8 7 42 76 9 60 61 5 29 52 87 6 65 90 79 32 49 51 0,
PFG_MOEA,465,2,130.19,886.45,0 50 77 3 36 54 70 72 67 86 82 58 48 62 92 43 0,54 62
PFG_MOEA,465,3,130.19,886.45,0 2 25 34 21 33 37 68 39 56 84 23 22 1 99 0,
PFG_MOEA,465,4,130.19,886.45,0 20 91 19 31 17 18 16 40 35 71 15 98 85 88 63 74 78 64 30 0,
PFG_MOEA,465,5,130.19,886.45,0 81 46 96 83 11 14 95 57 0,
PFG_MOEA,465,6,130.19,886.45,0 4 80 53 66 94 45 24 97 100 93 75 55 28 69 47 38 44 59 26 10 89 73 41 12 27 13 0,55 59
PFG_MOEA,466,1,99.64,1067.22,0 57 97 61 60 5 29 52 87 6 65 90 24 45 94 66 0,
PFG_MOEA,466,2,99.64,1067.22,0 4 80 53 55 98 63 74 78 64 30 71 0,
PFG_MOEA,466,3,99.64,1067.22,0 99 2 25 89 10 26 59 44 38 47 69 28 42 76 9 7 8 79 0,10 79
PFG_MOEA,466,4,99.64,1067.22,0 51 49 32 3 36 54 70 72 67 86 82 58 77 62 48 50 0,36
PFG_MOEA,466,5,99.64,1067.22,0 92 43 34 1 21 37 33 22 23 84 56 39 68 18 19 91 20 17 31 0,84
PFG_MOEA,466,6,99.64,1067.22,0 16 40 35 15 88 85 14 11 83 96 95 73 41 12 27 13 100 93 75 81 46 0,15 41 85
PFG_MOEA,467,1,259.76,804.75,0 93 0,93
PFG_MOEA,467,2,259.76,804.75,0 100 81 75 97 61 60 5 29 52 87 6 65 90 79 0,
PFG_MOEA,467,3,259.76,804.75,0 83 11 14 98 85 88 63 74 78 64 30 15 71 35 31 17 40 16 18 19 20 91 21 33 37 68 39 56 84 23 22 1 34 99 2 25 43 92 62 48 50 77 58 82 86 67 72 70 54 36 3 32 49 51 45 24 4 0,18 22 32 51 58 62 70 71
PFG_MOEA,467,4,259.76,804.75,0 94 66 53 80 76 9 55 96 0,55 76
PFG_MOEA,467,5,259.76,804.75,0 57 95 73 41 12 27 13 0,95
PFG_MOEA,467,6,259.76,804.75,0 89 10 26 59 44 38 47 69 28 42 46 7 8 0,
PFG_MOEA,468,1,131.24,855.01,0 93 100 81 75 97 61 60 52 87 6 65 29 5 90 79 51 49 32 3 36 54 70 72 67 86 82 0,51 93
PFG_MOEA,468,2,131.24,855.01,0 50 77 58 48 62 92 43 25 2 0,92
PFG_MOEA,468,3,131.24,855.01,0 99 34 1 21 22 23 84 39 56 68 37 33 91 18 19 20 0,19
PFG_MOEA,468,4,131.24,855.01,0 13 27 12 41 73 30 64 78 74 63 88 85 98 15 71 35 40 16 31 17 0,85
PFG_MOEA,468,5,131.24,855.01,0 4 80 53 66 94 45 24 55 9 76 42 28 69 47 38 44 59 26 10 89 96 14 11 83 95 57 0,28 53
PFG_MOEA,468,6,131.24,855.01,0 46 7 8 0,7
PFG_MOEA,469,1,104.19,1056.66,0 19 18 91 21 22 33 37 68 56 39 84 23 82 86 67 72 70 54 36 3 0,33 39
PFG_MOEA,469,2,104.19,1056.66,0 50 77 58 48 62 92 43 2 1 16 40 71 35 31 17 0,40
PFG_MOEA,469,3,104.19,1056.66,0 13 27 12 73 15 98 85 88 63 74 78 64 30 41 99 34 25 0,15
PFG_MOEA,469,4,104.19,1056.66,0 4 80 53 66 94 45 24 55 9 76 42 14 11 83 95 57 96 89 10 0,95
PFG_MOEA,469,5,104.19,1056.66,0 26 59 44 38 47 69 28 46 7 8 93 100 81 75 97 61 60 52 87 6 0,28
PFG_MOEA,469,6,104.19,1056.66,0 5 29 65 90 79 32 49 51 20 0,
PFG_MOEA,470,1,98.88,1134.43,0 23 84 39 56 68 37 33 22 21 91 19 18 16 40 35 31 17 20 0,35
PFG_MOEA,470,2,98.88,1134.43,0 15 30 64 78 74 63 98 71 99 2 25 50 77 58 82 86 0,
PFG_MOEA,470,3,98.88,1134.43,0 92 43 1 34 88 85 14 11 83 0,92
PFG_MOEA,470,4,98.88,1134.43,0 4 24 45 94 66 53 80 76 9 55 96 57 95 73 41 12 27 13 0,55 76
PFG_MOEA,470,5,98.88,1134.43,0 89 10 26 59 44 38 47 69 28 42 46 7 8 93 60 61 97 75 81 100 0,47 59
PFG_MOEA,470,6,98.88,1134.43,0 5 29 52 87 6 65 90 79 51 49 32 67 72 70 54 36 3 62 48 0,32 51 54 72
PFG_MOEA,471,1,172.71,848.77,0 89 10 26 59 44 38 47 69 28 42 76 9 7 8 79 51 49 32 3 36 54 70 72 67 86 82 0,3 10 67
PFG_MOEA,471,2,172.71,848.77,0 50 77 58 48 62 92 43 1 99 25 2 0,92
PFG_MOEA,471,3,172.71,848.77,0 34 21 37 33 22 23 84 56 39 68 18 19 91 20 17 31 16 40 35 71 15 30 64 78 74 63 88 85 98 14 11 83 96 46 0,15 20
PFG_MOEA,471,4,172.71,848.77,0 81 75 93 100 0,
PFG_MOEA,471,5,172.71,848.77,0 13 27 12 41 73 95 57 97 61 60 5 29 52 87 6 65 90 24 45 94 66 53 80 4 0,95
PFG_MOEA,471,6,172.71,848.77,0 55 0,55
PFG_MOEA,472,1,130.19,886.45,0 8 7 42 76 9 60 61 5 29 52 87 6 65 90 79 32 49 51 0,
PFG_MOEA,472,2,130.19,886.45,0 50 77 3 36 54 70 72 67 86 82 58 48 62 92 43 0,54 62
PFG_MOEA,472,3,130.19,886.45,0 2 25 34 21 33 37 68 39 56 84 23 22 1 99 0,
PFG_MOEA,472,4,130.19,886.45,0 20 91 19 31 17 18 16 40 35 71 15 98 85 88 63 74 78 64 30 0,
PFG_MOEA,472,5,130.19,886.45,0 81 46 96 83 11 14 95 57 0,
PFG_MOEA,472,6,130.19,886.45,0 4 80 53 66 94 45 24 97 100 93 75 55 28 69 47 38 44 59 26 10 89 73 41 12 27 13 0,55 59
PFG_MOEA,473,1,99.64,1067.22,0 57 97 61 60 5 29 52 87 6 65 90 24 45 94 66 0,
PFG_MOEA,473,2,99.64,1067.22,0 4 80 53 55 98 63 74 78 64 30 71 0,
PFG_MOEA,473,3,99.64,1067.22,0 99 2 25 89 10 26 59 44 38 47 69 28 42 76 9 7 8 79 0,10 79
PFG_MOEA,473,4,99.64,1067.22,0 51 49 32 3 36 54 70 72 67 86 82 58 77 62 48 50 0,36
PFG_MOEA,473,5,99.64,1067.22,0 92 43 34 1 21 37 33 22 23 84 56 39 68 18 19 91 20 17 31 0,84
PFG_MOEA,473,6,99.64,1067.22,0 16 40 35 15 88 85 14 11 83 96 95 73 41 12 27 13 100 93 75 81 46 0,15 41 85
PFG_MOEA,474,1,259.76,804.75,0 93 0,93
PFG_MOEA,474,2,259.76,804.75,0 100 81 75 97 61 60 5 29 52 87 6 65 90 79 0,
PFG_MOEA,474,3,259.76,804.75,0 83 11 14 98 85 88 63 74 78 64 30 15 71 35 31 17 40 16 18 19 20 91 21 33 37 68 39 56 84 23 22 1 34 99 2 25 43 92 62 48 50 77 58 82 86 67 72 70 54 36 3 32 49 51 45 24 4 0,18 22 32 51 58 62 70 71
PFG_MOEA,474,4,259.76,804.75,0 94 66 53 80 76 9 55 96 0,55 76
PFG_MOEA,474,5,259.76,804.75,0 57 95 73 41 12 27 13 0,95
PFG_MOEA,474,6,259.76,804.75,0 89 10 26 59 44 38 47 69 28 42 46 7 8 0,
PFG_MOEA,475,1,131.24,855.01,0 93 100 81 75 97 61 60 52 87 6 65 29 5 90 79 51 49 32 3 36 54 70 72 67 86 82 0,51 93
PFG_MOEA,475,2,131.24,855.01,0 50 77 58 48 62 92 43 25 2 0,92
PFG_MOEA,475,3,131.24,855.01,0 99 34 1 21 22 23 84 39 56 68 37 33 91 18 19 20 0,19
PFG_MOEA,475,4,131.24,855.01,0 13 27 12 41 73 30 64 78 74 63 88 85 98 15 71 35 40 16 31 17 0,85
PFG_MOEA,475,5,131.24,855.01,0 4 80 53 66 94 45 24 55 9 76 42 28 69 47 38 44 59 26 10 89 96 14 11 83 95 57 0,28 53
PFG_MOEA,475,6,131.24,855.01,0 46 7 8 0,7
PFG_MOEA,476,1,104.19,1056.66,0 19 18 91 21 22 33 37 68 56 39 84 23 82 86 67 72 70 54 36 3 0,33 39
PFG_MOEA,476,2,104.19,1056.66,0 50 77 58 48 62 92 43 2 1 16 40 71 35 31 17 0,40
PFG_MOEA,476,3,104.19,1056.66,0 13 27 12 73 15 98 85 88 63 74 78 64 30 41 99 34 25 0,15
PFG_MOEA,476,4,104.19,1056.66,0 4 80 53 66 94 45 24 55 9 76 42 14 11 83 95 57 96 89 10 0,95
PFG_MOEA,476,5,104.19,1056.66,0 26 59 44 38 47 69 28 46 7 8 93 100 81 75 97 61 60 52 87 6 0,28
PFG_MOEA,476,6,104.19,1056.66,0 5 29 65 90 79 32 49 51 20 0,
PFG_MOEA,477,1,98.88,1134.43,0 23 84 39 56 68 37 33 22 21 91 19 18 16 40 35 31 17 20 0,35
PFG_MOEA,477,2,98.88,1134.43,0 15 30 64 78 74 63 98 71 99 2 25 50 77 58 82 86 0,
PFG_MOEA,477,3,98.88,1134.43,0 92 43 1 34 88 85 14 11 83 0,92
PFG_MOEA,477,4,98.88,1134.43,0 4 24 45 94 66 53 80 76 9 55 96 57 95 73 41 12 27 13 0,55 76
PFG_MOEA,477,5,98.88,1134.43,0 89 10 26 59 44 38 47 69 28 42 46 7 8 93 60 61 97 75 81 100 0,47 59
PFG_MOEA,477,6,98.88,1134.43,0 5 29 52 87 6 65 90 79 51 49 32 67 72 70 54 36 3 62 48 0,32 51 54 72
PFG_MOEA,478,1,172.71,848.77,0 89 10 26 59 44 38 47 69 28 42 76 9 7 8 79 51 49 32 3 36 54 70 72 67 86 82 0,3 10 67
PFG_MOEA,478,2,172.71,848.77,0 50 77 58 48 62 92 43 1 99 25 2 0,92
PFG_MOEA,478,3,172.71,848.77,0 34 21 37 33 22 23 84 56 39 68 18 19 91 20 17 31 16 40 35 71 15 30 64 78 74 63 88 85 98 14 11 83 96 46 0,15 20
PFG_MOEA,478,4,172.71,848.77,0 81 75 93 100 0,
PFG_MOEA,478,5,172.71,848.77,0 13 27 12 41 73 95 57 97 61 60 5 29 52 87 6 65 90 24 45 94 66 53 80 4 0,95
PFG_MOEA,478,6,172.71,848.77,0 55 0,55
PFG_MOEA,479,1,130.19,886.45,0 8 7 42 76 9 60 61 5 29 52 87 6 65 90 79 32 49 51 0,
PFG_MOEA,479,2,130.19,886.45,0 50 77 3 36 54 70 72 67 86 82 58 48 62 92 43 0,54 62
PFG_MOEA,479,3,130.19,886.45,0 2 25 34 21 33 37 68 39 56 84 23 22 1 99 0,
PFG_MOEA,479,4,130.19,886.45,0 20 91 19 31 17 18 16 40 35 71 15 98 85 88 63 74 78 64 30 0,
PFG_MOEA,479,5,130.19,886.45,0 81 46 96 83 11 14 95 57 0,
PFG_MOEA,479,6,130.19,886.45,0 4 80 53 66 94 45 24 97 100 93 75 55 28 69 47 38 44 59 26 10 89 73 41 12 27 13 0,55 59
PFG_MOEA,480,1,99.64,1067.22,0 57 97 61 60 5 29 52 87 6 65 90 24 45 94 66 0,
PFG_MOEA,480,2,99.64,1067.22,0 4 80 53 55 98 63 74 78 64 30 71 0,
PFG_MOEA,480,3,99.64,1067.22,0 99 2 25 89 10 26 59 44 38 47 69 28 42 76 9 7 8 79 0,10 79
PFG_MOEA,480,4,99.64,1067.22,0 51 49 32 3 36 54 70 72 67 86 82 58 77 62 48 50 0,36
PFG_MOEA,480,5,99.64,1067.22,0 92 43 34 1 21 37 33 22 23 84 56 39 68 18 19 91 20 17 31 0,84
PFG_MOEA,480,6,99.64,1067.22,0 16 40 35 15 88 85 14 11 83 96 95 73 41 12 27 13 100 93 75 81 46 0,15 41 85
PFG_MOEA,481,1,259.76,804.75,0 93 0,93
PFG_MOEA,481,2,259.76,804.75,0 100 81 75 97 61 60 5 29 52 87 6 65 90 79 0,
PFG_MOEA,481,3,259.76,804.75,0 83 11 14 98 85 88 63 74 78 64 30 15 71 35 31 17 40 16 18 19 20 91 21 33 37 68 39 56 84 23 22 1 34 99 2 25 43 92 62 48 50 77 58 82 86 67 72 70 54 36 3 32 49 51 45 24 4 0,18 22 32 51 58 62 70 71
PFG_MOEA,481,4,259.76,804.75,0 94 66 53 80 76 9 55 96 0,55 76
PFG_MOEA,481,5,259.76,804.75,0 57 95 73 41 12 27 13 0,95
PFG_MOEA,481,6,259.76,804.75,0 89 10 26 59 44 38 47 69 28 42 46 7 8 0,
PFG_MOEA,482,1,131.24,855.01,0 93 100 81 75 97 61 60 52 87 6 65 29 5 90 79 51 49 32 3 36 54 70 72 67 86 82 0,51 93
PFG_MOEA,482,2,131.24,855.01,0 50 77 58 48 62 92 43 25 2 0,92
PFG_MOEA,482,3,131.24,855.01,0 99 34 1 21 22 23 84 39 56 68 37 33 91 18 19 20 0,19
PFG_MOEA,482,4,131.24,855.01,0 13 27 12 41 73 30 64 78 74 63 88 85 98 15 71 35 40 16 31 17 0,85
PFG_MOEA,482,5,131.24,855.01,0 4 80 53 66 94 45 24 55 9 76 42 28 69 47 38 44 59 26 10 89 96 14 11 83 95 57 0,28 53
PFG_MOEA,482,6,131.24,855.01,0 46 7 8 0,7
PFG_MOEA,483,1,104.19,1056.66,0 19 18 91 21 22 33 37 68 56 39 84 23 82 86 67 72 70 54 36 3 0,33 39
PFG_MOEA,483,2,104.19,1056.66,0 50 77 58 48 62 92 43 2 1 16 40 71 35 31 17 0,40
PFG_MOEA,483,3,104.19,1056.66,0 13 27 12 73 15 98 85 88 63 74 78 64 30 41 99 34 25 0,15
PFG_MOEA,483,4,104.19,1056.66,0 4 80 53 66 94 45 24 55 9 76 42 14 11 83 95 57 96 89 10 0,95
PFG_MOEA,483,5,104.19,1056.66,0 26 59 44 38 47 69 28 46 7 8 93 100 81 75 97 61 60 52 87 6 0,28
PFG_MOEA,483,6,104.19,1056.66,0 5 29 65 90 79 32 49 51 20 0,
PFG_MOEA,484,1,98.88,1134.43,0 23 84 39 56 68 37 33 22 21 91 19 18 16 40 35 31 17 20 0,35
PFG_MOEA,484,2,98.88,1134.43,0 15 30 64 78 74 63 98 71 99 2 25 50 77 58 82 86 0,
PFG_MOEA,484,3,98.88,1134.43,0 92 43 1 34 88 85 14 11 83 0,92
PFG_MOEA,484,4,98.88,1134.43,0 4 24 45 94 66 53 80 76 9 55 96 57 95 73 41 12 27 13 0,55 76
PFG_MOEA,484,5,98.88,1134.43,0 89 10 26 59 44 38 47 69 28 42 46 7 8 93 60 61 97 75 81 100 0,47 59
PFG_MOEA,484,6,98.88,1134.43,0 5 29 52 87 6 65 90 79 51 49 32 67 72 70 54 36 3 62 48 0,32 51 54 72
PFG_MOEA,485,1,172.71,848.77,0 89 10 26 59 44 38 47 69 28 42 76 9 7 8 79 51 49 32 3 36 54 70 72 67 86 82 0,3 10 67
PFG_MOEA,485,2,172.71,848.77,0 50 77 58 48 62 92 43 1 99 25 2 0,92
PFG_MOEA,485,3,172.71,848.77,0 34 21 37 33 22 23 84 56 39 68 18 19 91 20 17 31 16 40 35 71 15 30 64 78 74 63 88 85 98 14 11 83 96 46 0,15 20
PFG_MOEA,485,4,172.71,848.77,0 81 75 93 100 0,
PFG_MOEA,485,5,172.71,848.77,0 13 27 12 41 73 95 57 97 61 60 5 29 52 87 6 65 90 24 45 94 66 53 80 4 0,95
PFG_MOEA,485,6,172.71,848.77,0 55 0,55
PFG_MOEA,486,1,130.19,886.45,0 8 7 42 76 9 60 61 5 29 52 87 6 65 90 79 32 49 51 0,
PFG_MOEA,486,2,130.19,886.45,0 50 77 3 36 54 70 72 67 86 82 58 48 62 92 43 0,54 62
PFG_MOEA,486,3,130.19,886.45,0 2 25 34 21 33 37 68 39 56 84 23 22 1 99 0,
PFG_MOEA,486,4,130.19,886.45,0 20 91 19 31 17 18 16 40 35 71 15 98 85 88 63 74 78 64 30 0,
PFG_MOEA,486,5,130.19,886.45,0 81 46 96 83 11 14 95 57 0,
PFG_MOEA,486,6,130.19,886.45,0 4 80 53 66 94 45 24 97 100 93 75 55 28 69 47 38 44 59 26 10 89 73 41 12 27 13 0,55 59
PFG_MOEA,487,1,99.64,1067.22,0 57 97 61 60 5 29 52 87 6 65 90 24 45 94 66 0,
PFG_MOEA,487,2,99.64,1067.22,0 4 80 53 55 98 63 74 78 64 30 71 0,
PFG_MOEA,487,3,99.64,1067.22,0 99 2 25 89 10 26 59 44 38 47 69 28 42 76 9 7 8 79 0,10 79
PFG_MOEA,487,4,99.64,1067.22,0 51 49 32 3 36 54 70 72 67 86 82 58 77 62 48 50 0,36
PFG_MOEA,487,5,99.64,1067.22,0 92 43 34 1 21 37 33 22 23 84 56 39 68 18 19 91 20 17 31 0,84
PFG_MOEA,487,6,99.64,1067.22,0 16 40 35 15 88 85 14 11 83 96 95 73 41 12 27 13 100 93 75 81 46 0,15 41 85
PFG_MOEA,488,1,259.76,804.75,0 93 0,93
PFG_MOEA,488,2,259.76,804.75,0 100 81 75 97 61 60 5 29 52 87 6 65 90 79 0,
PFG_MOEA,488,3,259.76,804.75,0 83 11 14 98 85 88 63 74 78 64 30 15 71 35 31 17 40 16 18 19 20 91 21 33 37 68 39 56 84 23 22 1 34 99 2 25 43 92 62 48 50 77 58 82 86 67 72 70 54 36 3 32 49 51 45 24 4 0,18 22 32 51 58 62 70 71
PFG_MOEA,488,4,259.76,804.75,0 94 66 53 80 76 9 55 96 0,55 76
PFG_MOEA,488,5,259.76,804.75,0 57 95 73 41 12 27 13 0,95
PFG_MOEA,488,6,259.76,804.75,0 89 10 26 59 44 38 47 69 28 42 46 7 8 0,
PFG_MOEA,489,1,131.24,855.01,0 93 100 81 75 97 61 60 52 87 6 65 29 5 90 79 51 49 32 3 36 54 70 72 67 86 82 0,51 93
PFG_MOEA,489,2,131.24,855.01,0 50 77 58 48 62 92 43 25 2 0,92
PFG_MOEA,489,3,131.24,855.01,0 99 34 1 21 22 23 84 39 56 68 37 33 91 18 19 20 0,19
PFG_MOEA,489,4,131.24,855.01,0 13 27 12 41 73 30 64 78 74 63 88 85 98 15 71 35 40 16 31 17 0,85
PFG_MOEA,489,5,131.24,855.01,0 4 80 53 66 94 45 24 55 9 76 42 28 69 47 38 44 59 26 10 89 96 14 11 83 95 57 0,28 53
PFG_MOEA,489,6,131.24,855.01,0 46 7 8 0,7
PFG_MOEA,490,1,104.19,1056.66,0 19 18 91 21 22 33 37 68 56 39 84 23 82 86 67 72 70 54 36 3 0,33 39
PFG_MOEA,490,2,104.19,1056.66,0 50 77 58 48 62 92 43 2 1 16 40 71 35 31 17 0,40
PFG_MOEA,490,3,104.19,1056.66,0 13 27 12 73 15 98 85 88 63 74 78 64 30 41 99 34 25 0,15
PFG_MOEA,490,4,104.19,1056.66,0 4 80 53 66 94 45 24 55 9 76 42 14 11 83 95 57 96 89 10 0,95
PFG_MOEA,490,5,104.19,1056.66,0 26 59 44 38 47 69 28 46 7 8 93 100 81 75 97 61 60 52 87 6 0,28
PFG_MOEA,490,6,104.19,1056.66,0 5 29 65 90 79 32 49 51 20 0,
PFG_MOEA,491,1,98.88,1134.43,0 23 84 39 56 68 37 33 22 21 91 19 18 16 40 35 31 17 20 0,35
PFG_MOEA,491,2,98.88,1134.43,0 15 30 64 78 74 63 98 71 99 2 25 50 77 58 82 86 0,
PFG_MOEA,491,3,98.88,1134.43,0 92 43 1 34 88 85 14 11 83 0,92
PFG_MOEA,491,4,98.88,1134.43,0 4 24 45 94 66 53 80 76 9 55 96 57 95 73 41 12 27 13 0,55 76
PFG_MOEA,491,5,98.88,1134.43,0 89 10 26 59 44 38 47 69 28 42 46 7 8 93 60 61 97 75 81 100 0,47 59
PFG_MOEA,491,6,98.88,1134.43,0 5 29 52 87 6 65 90 79 51 49 32 67 72 70 54 36 3 62 48 0,32 51 54 72
PFG_MOEA,492,1,172.71,848.77,0 89 10 26 59 44 38 47 69 28 42 76 9 7 8 79 51 49 32 3 36 54 70 72 67 86 82 0,3 10 67
PFG_MOEA,492,2,172.71,848.77,0 50 77 58 48 62 92 43 1 99 25 2 0,92
PFG_MOEA,492,3,172.71,848.77,0 34 21 37 33 22 23 84 56 39 68 18 19 91 20 17 31 16 40 35 71 15 30 64 78 74 63 88 85 98 14 11 83 96 46 0,15 20
PFG_MOEA,492,4,172.71,848.77,0 81 75 93 100 0,
PFG_MOEA,492,5,172.71,848.77,0 13 27 12 41 73 95 57 97 61 60 5 29 52 87 6 65 90 24 45 94 66 53 80 4 0,95
PFG_MOEA,492,6,172.71,848.77,0 55 0,55
PFG_MOEA,493,1,130.19,886.45,0 8 7 42 76 9 60 61 5 29 52 87 6 65 90 79 32 49 51 0,
PFG_MOEA,493,2,130.19,886.45,0 50 77 3 36 54 70 72 67 86 82 58 48 62 92 43 0,54 62
PFG_MOEA,493,3,130.19,886.45,0 2 25 34 21 33 37 68 39 56 84 23 22 1 99 0,
PFG_MOEA,493,4,130.19,886.45,0 20 91 19 31 17 18 16 40 35 71 15 98 85 88 63 74 78 64 30 0,
PFG_MOEA,493,5,130.19,886.45,0 81 46 96 83 11 14 95 57 0,
PFG_MOEA,493,6,130.19,886.45,0 4 80 53 66 94 45 24 97 100 93 75 55 28 69 47 38 44 59 26 10 89 73 41 12 27 13 0,55 59
PFG_MOEA,494,1,99.64,1067.22,0 57 97 61 60 5 29 52 87 6 65 90 24 45 94 66 0,
PFG_MOEA,494,2,99.64,1067.22,0 4 80 53 55 98 63 74 78 64 30 71 0,
PFG_MOEA,494,3,99.64,1067.22,0 99 2 25 89 10 26 59 44 38 47 69 28 42 76 9 7 8 79 0,10 79
PFG_MOEA,494,4,99.64,1067.22,0 51 49 32 3 36 54 70 72 67 86 82 58 77 62 48 50 0,36
PFG_MOEA,494,5,99.64,1067.22,0 92 43 34 1 21 37 33 22 23 84 56 39 68 18 19 91 20 17 31 0,84
PFG_MOEA,494,6,99.64,1067.22,0 16 40 35 15 88 85 14 11 83 96 95 73 41 12 27 13 100 93 75 81 46 0,15 41 85
PFG_MOEA,495,1,259.76,804.75,0 93 0,93
PFG_MOEA,495,2,259.76,804.75,0 100 81 75 97 61 60 5 29 52 87 6 65 90 79 0,
PFG_MOEA,495,3,259.76,804.75,0 83 11 14 98 85 88 63 74 78 64 30 15 71 35 31 17 40 16 18 19 20 91 21 33 37 68 39 56 84 23 22 1 34 99 2 25 43 92 62 48 50 77 58 82 86 67 72 70 54 36 3 32 49 51 45 24 4 0,18 22 32 51 58 62 70 71
PFG_MOEA,495,4,259.76,804.75,0 94 66 53 80 76 9 55 96 0,55 76
PFG_MOEA,495,5,259.76,804.75,0 57 95 73 41 12 27 13 0,95
PFG_MOEA,495,6,259.76,804.75,0 89 10 26 59 44 38 47 69 28 42 46 7 8 0,
PFG_MOEA,496,1,131.24,855.01,0 93 100 81 75 97 61 60 52 87 6 65 29 5 90 79 51 49 32 3 36 54 70 72 67 86 82 0,51 93
PFG_MOEA,496,2,131.24,855.01,0 50 77 58 48 62 92 43 25 2 0,92
PFG_MOEA,496,3,131.24,855.01,0 99 34 1 21 22 23 84 39 56 68 37 33 91 18 19 20 0,19
PFG_MOEA,496,4,131.24,855.01,0 13 27 12 41 73 30 64 78 74 63 88 85 98 15 71 35 40 16 31 17 0,85
PFG_MOEA,496,5,131.24,855.01,0 4 80 53 66 94 45 24 55 9 76 42 28 69 47 38 44 59 26 10 89 96 14 11 83 95 57 0,28 53
PFG_MOEA,496,6,131.24,855.01,0 46 7 8 0,7
PFG_MOEA,497,1,104.19,1056.66,0 19 18 91 21 22 33 37 68 56 39 84 23 82 86 67 72 70 54 36 3 0,33 39
PFG_MOEA,497,2,104.19,1056.66,0 50 77 58 48 62 92 43 2 1 16 40 71 35 31 17 0,40
PFG_MOEA,497,3,104.19,1056.66,0 13 27 12 73 15 98 85 88 63 74 78 64 30 41 99 34 25 0,15
PFG_MOEA,497,4,104.19,1056.66,0 4 80 53 66 94 45 24 55 9 76 42 14 11 83 95 57 96 89 10 0,95
PFG_MOEA,497,5,104.19,1056.66,0 26 59 44 38 47 69 28 46 7 8 93 100 81 75 97 61 60 52 87 6 0,28
PFG_MOEA,497,6,104.19,1056.66,0 5 29 65 90 79 32 49 51 20 0,
PFG_MOEA,498,1,98.88,1134.43,0 23 84 39 56 68 37 33 22 21 91 19 18 16 40 35 31 17 20 0,35
PFG_MOEA,498,2,98.88,1134.43,0 15 30 64 78 74 63 98 71 99 2 25 50 77 58 82 86 0,
PFG_MOEA,498,3,98.88,1134.43,0 92 43 1 34 88 85 14 11 83 0,92
PFG_MOEA,498,4,98.88,1134.43,0 4 24 45 94 66 53 80 76 9 55 96 57 95 73 41 12 27 13 0,55 76
PFG_MOEA,498,5,98.88,1134.43,0 89 10 26 59 44 38 47 69 28 42 46 7 8 93 60 61 97 75 81 100 0,47 59
PFG_MOEA,498,6,98.88,1134.43,0 5 29 52 87 6 65 90 79 51 49 32 67 72 70 54 36 3 62 48 0,32 51 54 72
PFG_MOEA,499,1,172.71,848.77,0 89 10 26 59 44 38 47 69 28 42 76 9 7 8 79 51 49 32 3 36 54 70 72 67 86 82 0,3 10 67
PFG_MOEA,499,2,172.71,848.77,0 50 77 58 48 62 92 43 1 99 25 2 0,92
PFG_MOEA,499,3,172.71,848.77,0 34 21 37 33 22 23 84 56 39 68 18 19 91 20 17 31 16 40 35 71 15 30 64 78 74 63 88 85 98 14 11 83 96 46 0,15 20
PFG_MOEA,499,4,172.71,848.77,0 81 75 93 100 0,
PFG_MOEA,499,5,172.71,848.77,0 13 27 12 41 73 95 57 97 61 60 5 29 52 87 6 65 90 24 45 94 66 53 80 4 0,95
PFG_MOEA,499,6,172.71,848.77,0 55 0,55
PFG_MOEA,500,1,130.19,886.45,0 8 7 42 76 9 60 61 5 29 52 87 6 65 90 79 32 49 51 0,
PFG_MOEA,500,2,130.19,886.45,0 50 77 3 36 54 70 72 67 86 82 58 48 62 92 43 0,54 62
PFG_MOEA,500,3,130.19,886.45,0 2 25 34 21 33 37 68 39 56 84 23 22 1 99 0,
PFG_MOEA,500,4,130.19,886.45,0 20 91 19 31 17 18 16 40 35 71 15 98 85 88 63 74 78 64 30 0,
PFG_MOEA,500,5,130.19,886.45,0 81 46 96 83 11 14 95 57 0,
PFG_MOEA,500,6,130.19,886.45,0 4 80 53 66 94 45 24 97 100 93 75 55 28 69 47 38 44 59 26 10 89 73 41 12 27 13 0,55 59
PFG_MOEA,501,1,99.64,1067.22,0 57 97 61 60 5 29 52 87 6 65 90 24 45 94 66 0,
PFG_MOEA,501,2,99.64,1067.22,0 4 80 53 55 98 63 74 78 64 30 71 0,
PFG_MOEA,501,3,99.64,1067.22,0 99 2 25 89 10 26 59 44 38 47 69 28 42 76 9 7 8 79 0,10 79
PFG_MOEA,501,4,99.64,1067.22,0 51 49 32 3 36 54 70 72 67 86 82 58 77 62 48 50 0,36
PFG_MOEA,501,5,99.64,1067.22,0 92 43 34 1 21 37 33 22 23 84 56 39 68 18 19 91 20 17 31 0,84
PFG_MOEA,501,6,99.64,1067.22,0 16 40 35 15 88 85 14 11 83 96 95 73 41 12 27 13 100 93 75 81 46 0,15 41 85
PFG_MOEA,502,1,259.76,804.75,0 93 0,93
PFG_MOEA,502,2,259.76,804.75,0 100 81 75 97 61 60 5 29 52 87 6 65 90 79 0,
PFG_MOEA,502,3,259.76,804.75,0 83 11 14 98 85 88 63 74 78 64 30 15 71 35 31 17 40 16 18 19 20 91 21 33 37 68 39 56 84 23 22 1 34 99 2 25 43 92 62 48 50 77 58 82 86 67 72 70 54 36 3 32 49 51 45 24 4 0,18 22 32 51 58 62 70 71
PFG_MOEA,502,4,259.76,804.75,0 94 66 53 80 76 9 55 96 0,55 76
PFG_MOEA,502,5,259.76,804.75,0 57 95 73 41 12 27 13 0,95
PFG_MOEA,502,6,259.76,804.75,0 89 10 26 59 44 38 47 69 28 42 46 7 8 0,
PFG_MOEA,503,1,131.24,855.01,0 93 100 81 75 97 61 60 52 87 6 65 29 5 90 79 51 49 32 3 36 54 70 72 67 86 82 0,51 93
PFG_MOEA,503,2,131.24,855.01,0 50 77 58 48 62 92 43 25 2 0,92
PFG_MOEA,503,3,131.24,855.01,0 99 34 1 21 22 23 84 39 56 68 37 33 91 18 19 20 0,19
PFG_MOEA,503,4,131.24,855.01,0 13 27 12 41 73 30 64 78 74 63 88 85 98 15 71 35 40 16 31 17 0,85
PFG_MOEA,503,5,131.24,855.01,0 4 80 53 66 94 45 24 55 9 76 42 28 69 47 38 44 59 26 10 89 96 14 11 83 95 57 0,28 53
PFG_MOEA,503,6,131.24,855.01,0 46 7 8 0,7
PFG_MOEA,504,1,108.98,905.4,0 51 49 32 36 54 70 72 67 86 82 3 58 77 50 48 62 92 43 0,51 67
PFG_MOEA,504,2,108.98,905.4,0 2 25 34 21 33 37 68 39 56 84 23 22 1 99 0,
PFG_MOEA,504,3,108.98,905.4,0 20 91 19 31 17 18 16 40 35 71 15 30 64 78 74 63 88 85 98 11 83 0,91
PFG_MOEA,504,4,108.98,905.4,0 80 93 97 89 96 57 95 73 14 41 12 27 13 0,14 93
PFG_MOEA,504,5,108.98,905.4,0 10 26 59 44 38 47 69 28 42 46 7 8 4 53 66 94 0,
PFG_MOEA,504,6,108.98,905.4,0 45 24 79 90 65 6 87 52 29 5 61 60 75 55 9 76 81 100 0,55
PFG_MOEA,505,1,104.19,1056.66,0 19 18 91 21 22 33 37 68 56 39 84 23 82 86 67 72 70 54 36 3 0,33 39
PFG_MOEA,505,2,104.19,1056.66,0 50 77 58 48 62 92 43 2 1 16 40 71 35 31 17 0,40
PFG_MOEA,505,3,104.19,1056.66,0 13 27 12 73 15 98 85 88 63 74 78 64 30 41 99 34 25 0,15
PFG_MOEA,505,4,104.19,1056.66,0 4 80 53 66 94 45 24 55 9 76 42 14 11 83 95 57 96 89 10 0,95
PFG_MOEA,505,5,104.19,1056.66,0 26 59 44 38 47 69 28 46 7 8 93 100 81 75 97 61 60 52 87 6 0,28
PFG_MOEA,505,6,104.19,1056.66,0 5 29 65 90 79 32 49 51 20 0,
PFG_MOEA,506,1,98.88,1134.43,0 23 84 39 56 68 37 33 22 21 91 19 18 16 40 35 31 17 20 0,35
PFG_MOEA,506,2,98.88,1134.43,0 15 30 64 78 74 63 98 71 99 2 25 50 77 58 82 86 0,
PFG_MOEA,506,3,98.88,1134.43,0 92 43 1 34 88 85 14 11 83 0,92
PFG_MOEA,506,4,98.88,1134.43,0 4 24 45 94 66 53 80 76 9 55 96 57 95 73 41 12 27 13 0,55 76
PFG_MOEA,506,5,98.88,1134.43,0 89 10 26 59 44 38 47 69 28 42 46 7 8 93 60 61 97 75 81 100 0,47 59
PFG_MOEA,506,6,98.88,1134.43,0 5 29 52 87 6 65 90 79 51 49 32 67 72 70 54 36 3 62 48 0,32 51 54 72
PFG_MOEA,507,1,172.71,848.77,0 89 10 26 59 44 38 47 69 28 42 76 9 7 8 79 51 49 32 3 36 54 70 72 67 86 82 0,3 10 67
PFG_MOEA,507,2,172.71,848.77,0 50 77 58 48 62 92 43 1 99 25 2 0,92
PFG_MOEA,507,3,172.71,848.77,0 34 21 37 33 22 23 84 56 39 68 18 19 91 20 17 31 16 40 35 71 15 30 64 78 74 63 88 85 98 14 11 83 96 46 0,15 20
PFG_MOEA,507,4,172.71,848.77,0 81 75 93 100 0,
PFG_MOEA,507,5,172.71,848.77,0 13 27 12 41 73 95 57 97 61 60 5 29 52 87 6 65 90 24 45 94 66 53 80 4 0,95
PFG_MOEA,507,6,172.71,848.77,0 55 0,55
PFG_MOEA,508,1,130.19,886.45,0 8 7 42 76 9 60 61 5 29 52 87 6 65 90 79 32 49 51 0,
PFG_MOEA,508,2,130.19,886.45,0 50 77 3 36 54 70 72 67 86 82 58 48 62 92 43 0,54 62
PFG_MOEA,508,3,130.19,886.45,0 2 25 34 21 33 37 68 39 56 84 23 22 1 99 0,
PFG_MOEA,508,4,130.19,886.45,0 20 91 19 31 17 18 16 40 35 71 15 98 85 88 63 74 78 64 30 0,
PFG_MOEA,508,5,130.19,886.45,0 81 46 96 83 11 14 95 57 0,
PFG_MOEA,508,6,130.19,886.45,0 4 80 53 66 94 45 24 97 100 93 75 55 28 69 47 38 44 59 26 10 89 73 41 12 27 13 0,55 59
PFG_MOEA,509,1,99.64,1067.22,0 57 97 61 60 5 29 52 87 6 65 90 24 45 94 66 0,
PFG_MOEA,509,2,99.64,1067.22,0 4 80 53 55 98 63 74 78 64 30 71 0,
PFG_MOEA,509,3,99.64,1067.22,0 99 2 25 89 10 26 59 44 38 47 69 28 42 76 9 7 8 79 0,10 79
PFG_MOEA,509,4,99.64,1067.22,0 51 49 32 3 36 54 70 72 67 86 82 58 77 62 48 50 0,36
PFG_MOEA,509,5,99.64,1067.22,0 92 43 34 1 21 37 33 22 23 84 56 39 68 18 19 91 20 17 31 0,84
PFG_MOEA,509,6,99.64,1067.22,0 16 40 35 15 88 85 14 11 83 96 95 73 41 12 27 13 100 93 75 81 46 0,15 41 85
PFG_MOEA,510,1,259.76,804.75,0 93 0,93
PFG_MOEA,510,2,259.76,804.75,0 100 81 75 97 61 60 5 29 52 87 6 65 90 79 0,
PFG_MOEA,510,3,259.76,804.75,0 83 11 14 98 85 88 63 74 78 64 30 15 71 35 31 17 40 16 18 19 20 91 21 33 37 68 39 56 84 23 22 1 34 99 2 25 43 92 62 48 50 77 58 82 86 67 72 70 54 36 3 32 49 51 45 24 4 0,18 22 32 51 58 62 70 71
PFG_MOEA,510,4,259.76,804.75,0 94 66 53 80 76 9 55 96 0,55 76
PFG_MOEA,510,5,259.76,804.75,0 57 95 73 41 12 27 13 0,95
PFG_MOEA,510,6,259.76,804.75,0 89 10 26 59 44 38 47 69 28 42 46 7 8 0,
PFG_MOEA,511,1,131.24,855.01,0 93 100 81 75 97 61 60 52 87 6 65 29 5 90 79 51 49 32 3 36 54 70 72 67 86 82 0,51 93
PFG_MOEA,511,2,131.24,855.01,0 50 77 58 48 62 92 43 25 2 0,92
PFG_MOEA,511,3,131.24,855.01,0 99 34 1 21 22 23 84 39 56 68 37 33 91 18 19 20 0,19
PFG_MOEA,511,4,131.24,855.01,0 13 27 12 41 73 30 64 78 74 63 88 85 98 15 71 35 40 16 31 17 0,85
PFG_MOEA,511,5,131.24,855.01,0 4 80 53 66 94 45 24 55 9 76 42 28 69 47 38 44 59 26 10 89 96 14 11 83 95 57 0,28 53
PFG_MOEA,511,6,131.24,855.01,0 46 7 8 0,7
PFG_MOEA,512,1,108.98,905.4,0 51 49 32 36 54 70 72 67 86 82 3 58 77 50 48 62 92 43 0,51 67
PFG_MOEA,512,2,108.98,905.4,0 2 25 34 21 33 37 68 39 56 84 23 22 1 99 0,
PFG_MOEA,512,3,108.98,905.4,0 20 91 19 31 17 18 16 40 35 71 15 30 64 78 74 63 88 85 98 11 83 0,91
PFG_MOEA,512,4,108.98,905.4,0 80 93 97 89 96 57 95 73 14 41 12 27 13 0,14 93
PFG_MOEA,512,5,108.98,905.4,0 10 26 59 44 38 47 69 28 42 46 7 8 4 53 66 94 0,
PFG_MOEA,512,6,108.98,905.4,0 45 24 79 90 65 6 87 52 29 5 61 60 75 55 9 76 81 100 0,55
PFG_MOEA,513,1,104.19,1056.66,0 19 18 91 21 22 33 37 68 56 39 84 23 82 86 67 72 70 54 36 3 0,33 39
PFG_MOEA,513,2,104.19,1056.66,0 50 77 58 48 62 92 43 2 1 16 40 71 35 31 17 0,40
PFG_MOEA,513,3,104.19,1056.66,0 13 27 12 73 15 98 85 88 63 74 78 64 30 41 99 34 25 0,15
PFG_MOEA,513,4,104.19,1056.66,0 4 80 53 66 94 45 24 55 9 76 42 14 11 83 95 57 96 89 10 0,95
PFG_MOEA,513,5,104.19,1056.66,0 26 59 44 38 47 69 28 46 7 8 93 100 81 75 97 61 60 52 87 6 0,28
PFG_MOEA,513,6,104.19,1056.66,0 5 29 65 90 79 32 49 51 20 0,
PFG_MOEA,514,1,98.88,1134.43,0 23 84 39 56 68 37 33 22 21 91 19 18 16 40 35 31 17 20 0,35
PFG_MOEA,514,2,98.88,1134.43,0 15 30 64 78 74 63 98 71 99 2 25 50 77 58 82 86 0,
PFG_MOEA,514,3,98.88,1134.43,0 92 43 1 34 88 85 14 11 83 0,92
PFG_MOEA,514,4,98.88,1134.43,0 4 24 45 94 66 53 80 76 9 55 96 57 95 73 41 12 27 13 0,55 76
PFG_MOEA,514,5,98.88,1134.43,0 89 10 26 59 44 38 47 69 28 42 46 7 8 93 60 61 97 75 81 100 0,47 59
PFG_MOEA,514,6,98.88,1134.43,0 5 29 52 87 6 65 90 79 51 49 32 67 72 70 54 36 3 62 48 0,32 51 54 72
PFG_MOEA,515,1,172.71,848.77,0 89 10 26 59 44 38 47 69 28 42 76 9 7 8 79 51 49 32 3 36 54 70 72 67 86 82 0,3 10 67
PFG_MOEA,515,2,172.71,848.77,0 50 77 58 48 62 92 43 1 99 25 2 0,92
PFG_MOEA,515,3,172.71,848.77,0 34 21 37 33 22 23 84 56 39 68 18 19 91 20 17 31 16 40 35 71 15 30 64 78 74 63 88 85 98 14 11 83 96 46 0,15 20
PFG_MOEA,515,4,172.71,848.77,0 81 75 93 100 0,
PFG_MOEA,515,5,172.71,848.77,0 13 27 12 41 73 95 57 97 61 60 5 29 52 87 6 65 90 24 45 94 66 53 80 4 0,95
PFG_MOEA,515,6,172.71,848.77,0 55 0,55
PFG_MOEA,516,1,130.19,886.45,0 8 7 42 76 9 60 61 5 29 52 87 6 65 90 79 32 49 51 0,
PFG_MOEA,516,2,130.19,886.45,0 50 77 3 36 54 70 72 67 86 82 58 48 62 92 43 0,54 62
PFG_MOEA,516,3,130.19,886.45,0 2 25 34 21 33 37 68 39 56 84 23 22 1 99 0,
PFG_MOEA,516,4,130.19,886.45,0 20 91 19 31 17 18 16 40 35 71 15 98 85 88 63 74 78 64 30 0,
PFG_MOEA,516,5,130.19,886.45,0 81 46 96 83 11 14 95 57 0,
PFG_MOEA,516,6,130.19,886.45,0 4 80 53 66 94 45 24 97 100 93 75 55 28 69 47 38 44 59 26 10 89 73 41 12 27 13 0,55 59
PFG_MOEA,517,1,99.64,1067.22,0 57 97 61 60 5 29 52 87 6 65 90 24 45 94 66 0,
PFG_MOEA,517,2,99.64,1067.22,0 4 80 53 55 98 63 74 78 64 30 71 0,
PFG_MOEA,517,3,99.64,1067.22,0 99 2 25 89 10 26 59 44 38 47 69 28 42 76 9 7 8 79 0,10 79
PFG_MOEA,517,4,99.64,1067.22,0 51 49 32 3 36 54 70 72 67 86 82 58 77 62 48 50 0,36
PFG_MOEA,517,5,99.64,1067.22,0 92 43 34 1 21 37 33 22 23 84 56 39 68 18 19 91 20 17 31 0,84
PFG_MOEA,517,6,99.64,1067.22,0 16 40 35 15 88 85 14 11 83 96 95 73 41 12 27 13 100 93 75 81 46 0,15 41 85
PFG_MOEA,518,1,259.76,804.75,0 93 0,93
PFG_MOEA,518,2,259.76,804.75,0 100 81 75 97 61 60 5 29 52 87 6 65 90 79 0,
PFG_MOEA,518,3,259.76,804.75,0 83 11 14 98 85 88 63 74 78 64 30 15 71 35 31 17 40 16 18 19 20 91 21 33 37 68 39 56 84 23 22 1 34 99 2 25 43 92 62 48 50 77 58 82 86 67 72 70 54 36 3 32 49 51 45 24 4 0,18 22 32 51 58 62 70 71
PFG_MOEA,518,4,259.76,804.75,0 94 66 53 80 76 9 55 96 0,55 76
PFG_MOEA,518,5,259.76,804.75,0 57 95 73 41 12 27 13 0,95
PFG_MOEA,518,6,259.76,804.75,0 89 10 26 59 44 38 47 69 28 42 46 7 8 0,
PFG_MOEA,519,1,131.24,855.01,0 93 100 81 75 97 61 60 52 87 6 65 29 5 90 79 51 49 32 3 36 54 70 72 67 86 82 0,51 93
PFG_MOEA,519,2,131.24,855.01,0 50 77 58 48 62 92 43 25 2 0,92
PFG_MOEA,519,3,131.24,855.01,0 99 34 1 21 22 23 84 39 56 68 37 33 91 18 19 20 0,19
PFG_MOEA,519,4,131.24,855.01,0 13 27 12 41 73 30 64 78 74 63 88 85 98 15 71 35 40 16 31 17 0,85
PFG_MOEA,519,5,131.24,855.01,0 4 80 53 66 94 45 24 55 9 76 42 28 69 47 38 44 59 26 10 89 96 14 11 83 95 57 0,28 53
PFG_MOEA,519,6,131.24,855.01,0 46 7 8 0,7
PFG_MOEA,520,1,108.98,905.4,0 51 49 32 36 54 70 72 67 86 82 3 58 77 50 48 62 92 43 0,51 67
PFG_MOEA,520,2,108.98,905.4,0 2 25 34 21 33 37 68 39 56 84 23 22 1 99 0,
PFG_MOEA,520,3,108.98,905.4,0 20 91 19 31 17 18 16 40 35 71 15 30 64 78 74 63 88 85 98 11 83 0,91
PFG_MOEA,520,4,108.98,905.4,0 80 93 97 89 96 57 95 73 14 41 12 27 13 0,14 93
PFG_MOEA,520,5,108.98,905.4,0 10 26 59 44 38 47 69 28 42 46 7 8 4 53 66 94 0,
PFG_MOEA,520,6,108.98,905.4,0 45 24 79 90 65 6 87 52 29 5 61 60 75 55 9 76 81 100 0,55
PFG_MOEA,521,1,104.19,1056.66,0 19 18 91 21 22 33 37 68 56 39 84 23 82 86 67 72 70 54 36 3 0,33 39
PFG_MOEA,521,2,104.19,1056.66,0 50 77 58 48 62 92 43 2 1 16 40 71 35 31 17 0,40
PFG_MOEA,521,3,104.19,1056.66,0 13 27 12 73 15 98 85 88 63 74 78 64 30 41 99 34 25 0,15
PFG_MOEA,521,4,104.19,1056.66,0 4 80 53 66 94 45 24 55 9 76 42 14 11 83 95 57 96 89 10 0,95
PFG_MOEA,521,5,104.19,1056.66,0 26 59 44 38 47 69 28 46 7 8 93 100 81 75 97 61 60 52 87 6 0,28
PFG_MOEA,521,6,104.19,1056.66,0 5 29 65 90 79 32 49 51 20 0,
PFG_MOEA,522,1,98.88,1134.43,0 23 84 39 56 68 37 33 22 21 91 19 18 16 40 35 31 17 20 0,35
PFG_MOEA,522,2,98.88,1134.43,0 15 30 64 78 74 63 98 71 99 2 25 50 77 58 82 86 0,
PFG_MOEA,522,3,98.88,1134.43,0 92 43 1 34 88 85 14 11 83 0,92
PFG_MOEA,522,4,98.88,1134.43,0 4 24 45 94 66 53 80 76 9 55 96 57 95 73 41 12 27 13 0,55 76
PFG_MOEA,522,5,98.88,1134.43,0 89 10 26 59 44 38 47 69 28 42 46 7 8 93 60 61 97 75 81 100 0,47 59
PFG_MOEA,522,6,98.88,1134.43,0 5 29 52 87 6 65 90 79 51 49 32 67 72 70 54 36 3 62 48 0,32 51 54 72
PFG_MOEA,523,1,172.71,848.77,0 89 10 26 59 44 38 47 69 28 42 76 9 7 8 79 51 49 32 3 36 54 70 72 67 86 82 0,3 10 67
PFG_MOEA,523,2,172.71,848.77,0 50 77 58 48 62 92 43 1 99 25 2 0,92
PFG_MOEA,523,3,172.71,848.77,0 34 21 37 33 22 23 84 56 39 68 18 19 91 20 17 31 16 40 35 71 15 30 64 78 74 63 88 85 98 14 11 83 96 46 0,15 20
PFG_MOEA,523,4,172.71,848.77,0 81 75 93 100 0,
PFG_MOEA,523,5,172.71,848.77,0 13 27 12 41 73 95 57 97 61 60 5 29 52 87 6 65 90 24 45 94 66 53 80 4 0,95
PFG_MOEA,523,6,172.71,848.77,0 55 0,55
PFG_MOEA,524,1,130.19,886.45,0 8 7 42 76 9 60 61 5 29 52 87 6 65 90 79 32 49 51 0,
PFG_MOEA,524,2,130.19,886.45,0 50 77 3 36 54 70 72 67 86 82 58 48 62 92 43 0,54 62
PFG_MOEA,524,3,130.19,886.45,0 2 25 34 21 33 37 68 39 56 84 23 22 1 99 0,
PFG_MOEA,524,4,130.19,886.45,0 20 91 19 31 17 18 16 40 35 71 15 98 85 88 63 74 78 64 30 0,
PFG_MOEA,524,5,130.19,886.45,0 81 46 96 83 11 14 95 57 0,
PFG_MOEA,524,6,130.19,886.45,0 4 80 53 66 94 45 24 97 100 93 75 55 28 69 47 38 44 59 26 10 89 73 41 12 27 13 0,55 59
PFG_MOEA,525,1,99.64,1067.22,0 57 97 61 60 5 29 52 87 6 65 90 24 45 94 66 0,
PFG_MOEA,525,2,99.64,1067.22,0 4 80 53 55 98 63 74 78 64 30 71 0,
PFG_MOEA,525,3,99.64,1067.22,0 99 2 25 89 10 26 59 44 38 47 69 28 42 76 9 7 8 79 0,10 79
PFG_MOEA,525,4,99.64,1067.22,0 51 49 32 3 36 54 70 72 67 86 82 58 77 62 48 50 0,36
PFG_MOEA,525,5,99.64,1067.22,0 92 43 34 1 21 37 33 22 23 84 56 39 68 18 19 91 20 17 31 0,84
PFG_MOEA,525,6,99.64,1067.22,0 16 40 35 15 88 85 14 11 83 96 95 73 41 12 27 13 100 93 75 81 46 0,15 41 85
PFG_MOEA,526,1,259.76,804.75,0 93 0,93
PFG_MOEA,526,2,259.76,804.75,0 100 81 75 97 61 60 5 29 52 87 6 65 90 79 0,
PFG_MOEA,526,3,259.76,804.75,0 83 11 14 98 85 88 63 74 78 64 30 15 71 35 31 17 40 16 18 19 20 91 21 33 37 68 39 56 84 23 22 1 34 99 2 25 43 92 62 48 50 77 58 82 86 67 72 70 54 36 3 32 49 51 45 24 4 0,18 22 32 51 58 62 70 71
PFG_MOEA,526,4,259.76,804.75,0 94 66 53 80 76 9 55 96 0,55 76
PFG_MOEA,526,5,259.76,804.75,0 57 95 73 41 12 27 13 0,95
PFG_MOEA,526,6,259.76,804.75,0 89 10 26 59 44 38 47 69 28 42 46 7 8 0,
PFG_MOEA,527,1,131.24,855.01,0 93 100 81 75 97 61 60 52 87 6 65 29 5 90 79 51 49 32 3 36 54 70 72 67 86 82 0,51 93
PFG_MOEA,527,2,131.24,855.01,0 50 77 58 48 62 92 43 25 2 0,92
PFG_MOEA,527,3,131.24,855.01,0 99 34 1 21 22 23 84 39 56 68 37 33 91 18 19 20 0,19
PFG_MOEA,527,4,131.24,855.01,0 13 27 12 41 73 30 64 78 74 63 88 85 98 15 71 35 40 16 31 17 0,85
PFG_MOEA,527,5,131.24,855.01,0 4 80 53 66 94 45 24 55 9 76 42 28 69 47 38 44 59 26 10 89 96 14 11 83 95 57 0,28 53
PFG_MOEA,527,6,131.24,855.01,0 46 7 8 0,7
PFG_MOEA,528,1,108.98,905.4,0 51 49 32 36 54 70 72 67 86 82 3 58 77 50 48 62 92 43 0,51 67
PFG_MOEA,528,2,108.98,905.4,0 2 25 34 21 33 37 68 39 56 84 23 22 1 99 0,
PFG_MOEA,528,3,108.98,905.4,0 20 91 19 31 17 18 16 40 35 71 15 30 64 78 74 63 88 85 98 11 83 0,91
PFG_MOEA,528,4,108.98,905.4,0 80 93 97 89 96 57 95 73 14 41 12 27 13 0,14 93
PFG_MOEA,528,5,108.98,905.4,0 10 26 59 44 38 47 69 28 42 46 7 8 4 53 66 94 0,
PFG_MOEA,528,6,108.98,905.4,0 45 24 79 90 65 6 87 52 29 5 61 60 75 55 9 76 81 100 0,55
PFG_MOEA,529,1,104.19,1056.66,0 19 18 91 21 22 33 37 68 56 39 84 23 82 86 67 72 70 54 36 3 0,33 39
PFG_MOEA,529,2,104.19,1056.66,0 50 77 58 48 62 92 43 2 1 16 40 71 35 31 17 0,40
PFG_MOEA,529,3,104.19,1056.66,0 13 27 12 73 15 98 85 88 63 74 78 64 30 41 99 34 25 0,15
PFG_MOEA,529,4,104.19,1056.66,0 4 80 53 66 94 45 24 55 9 76 42 14 11 83 95 57 96 89 10 0,95
PFG_MOEA,529,5,104.19,1056.66,0 26 59 44 38 47 69 28 46 7 8 93 100 81 75 97 61 60 52 87 6 0,28
PFG_MOEA,529,6,104.19,1056.66,0 5 29 65 90 79 32 49 51 20 0,
PFG_MOEA,530,1,98.88,1134.43,0 23 84 39 56 68 37 33 22 21 91 19 18 16 40 35 31 17 20 0,35
PFG_MOEA,530,2,98.88,1134.43,0 15 30 64 78 74 63 98 71 99 2 25 50 77 58 82 86 0,
PFG_MOEA,530,3,98.88,1134.43,0 92 43 1 34 88 85 14 11 83 0,92
PFG_MOEA,530,4,98.88,1134.43,0 4 24 45 94 66 53 80 76 9 55 96 57 95 73 41 12 27 13 0,55 76
PFG_MOEA,530,5,98.88,1134.43,0 89 10 26 59 44 38 47 69 28 42 46 7 8 93 60 61 97 75 81 100 0,47 59
PFG_MOEA,530,6,98.88,1134.43,0 5 29 52 87 6 65 90 79 51 49 32 67 72 70 54 36 3 62 48 0,32 51 54 72
PFG_MOEA,531,1,172.71,848.77,0 89 10 26 59 44 38 47 69 28 42 76 9 7 8 79 51 49 32 3 36 54 70 72 67 86 82 0,3 10 67
PFG_MOEA,531,2,172.71,848.77,0 50 77 58 48 62 92 43 1 99 25 2 0,92
PFG_MOEA,531,3,172.71,848.77,0 34 21 37 33 22 23 84 56 39 68 18 19 91 20 17 31 16 40 35 71 15 30 64 78 74 63 88 85 98 14 11 83 96 46 0,15 20
PFG_MOEA,531,4,172.71,848.77,0 81 75 93 100 0,
PFG_MOEA,531,5,172.71,848.77,0 13 27 12 41 73 95 57 97 61 60 5 29 52 87 6 65 90 24 45 94 66 53 80 4 0,95
PFG_MOEA,531,6,172.71,848.77,0 55 0,55
PFG_MOEA,532,1,130.19,886.45,0 8 7 42 76 9 60 61 5 29 52 87 6 65 90 79 32 49 51 0,
PFG_MOEA,532,2,130.19,886.45,0 50 77 3 36 54 70 72 67 86 82 58 48 62 92 43 0,54 62
PFG_MOEA,532,3,130.19,886.45,0 2 25 34 21 33 37 68 39 56 84 23 22 1 99 0,
PFG_MOEA,532,4,130.19,886.45,0 20 91 19 31 17 18 16 40 35 71 15 98 85 88 63 74 78 64 30 0,
PFG_MOEA,532,5,130.19,886.45,0 81 46 96 83 11 14 95 57 0,
PFG_MOEA,532,6,130.19,886.45,0 4 80 53 66 94 45 24 97 100 93 75 55 28 69 47 38 44 59 26 10 89 73 41 12 27 13 0,55 59
PFG_MOEA,533,1,99.64,1067.22,0 57 97 61 60 5 29 52 87 6 65 90 24 45 94 66 0,
PFG_MOEA,533,2,99.64,1067.22,0 4 80 53 55 98 63 74 78 64 30 71 0,
PFG_MOEA,533,3,99.64,1067.22,0 99 2 25 89 10 26 59 44 38 47 69 28 42 76 9 7 8 79 0,10 79
PFG_MOEA,533,4,99.64,1067.22,0 51 49 32 3 36 54 70 72 67 86 82 58 77 62 48 50 0,36
PFG_MOEA,533,5,99.64,1067.22,0 92 43 34 1 21 37 33 22 23 84 56 39 68 18 19 91 20 17 31 0,84
PFG_MOEA,533,6,99.64,1067.22,0 16 40 35 15 88 85 14 11 83 96 95 73 41 12 27 13 100 93 75 81 46 0,15 41 85
PFG_MOEA,534,1,259.76,804.75,0 93 0,93
PFG_MOEA,534,2,259.76,804.75,0 100 81 75 97 61 60 5 29 52 87 6 65 90 79 0,
PFG_MOEA,534,3,259.76,804.75,0 83 11 14 98 85 88 63 74 78 64 30 15 71 35 31 17 40 16 18 19 20 91 21 33 37 68 39 56 84 23 22 1 34 99 2 25 43 92 62 48 50 77 58 82 86 67 72 70 54 36 3 32 49 51 45 24 4 0,18 22 32 51 58 62 70 71
PFG_MOEA,534,4,259.76,804.75,0 94 66 53 80 76 9 55 96 0,55 76
PFG_MOEA,534,5,259.76,804.75,0 57 95 73 41 12 27 13 0,95
PFG_MOEA,534,6,259.76,804.75,0 89 10 26 59 44 38 47 69 28 42 46 7 8 0,
PFG_MOEA,535,1,131.24,855.01,0 93 100 81 75 97 61 60 52 87 6 65 29 5 90 79 51 49 32 3 36 54 70 72 67 86 82 0,51 93
PFG_MOEA,535,2,131.24,855.01,0 50 77 58 48 62 92 43 25 2 0,92
PFG_MOEA,535,3,131.24,855.01,0 99 34 1 21 22 23 84 39 56 68 37 33 91 18 19 20 0,19
PFG_MOEA,535,4,131.24,855.01,0 13 27 12 41 73 30 64 78 74 63 88 85 98 15 71 35 40 16 31 17 0,85
PFG_MOEA,535,5,131.24,855.01,0 4 80 53 66 94 45 24 55 9 76 42 28 69 47 38 44 59 26 10 89 96 14 11 83 95 57 0,28 53
PFG_MOEA,535,6,131.24,855.01,0 46 7 8 0,7
PFG_MOEA,536,1,108.98,905.4,0 51 49 32 36 54 70 72 67 86 82 3 58 77 50 48 62 92 43 0,51 67
PFG_MOEA,536,2,108.98,905.4,0 2 25 34 21 33 37 68 39 56 84 23 22 1 99 0,
PFG_MOEA,536,3,108.98,905.4,0 20 91 19 31 17 18 16 40 35 71 15 30 64 78 74 63 88 85 98 11 83 0,91
PFG_MOEA,536,4,108.98,905.4,0 80 93 97 89 96 57 95 73 14 41 12 27 13 0,14 93
PFG_MOEA,536,5,108.98,905.4,0 10 26 59 44 38 47 69 28 42 46 7 8 4 53 66 94 0,
PFG_MOEA,536,6,108.98,905.4,0 45 24 79 90 65 6 87 52 29 5 61 60 75 55 9 76 81 100 0,55
PFG_MOEA,537,1,104.19,1056.66,0 19 18 91 21 22 33 37 68 56 39 84 23 82 86 67 72 70 54 36 3 0,33 39
PFG_MOEA,537,2,104.19,1056.66,0 50 77 58 48 62 92 43 2 1 16 40 71 35 31 17 0,40
PFG_MOEA,537,3,104.19,1056.66,0 13 27 12 73 15 98 85 88 63 74 78 64 30 41 99 34 25 0,15
PFG_MOEA,537,4,104.19,1056.66,0 4 80 53 66 94 45 24 55 9 76 42 14 11 83 95 57 96 89 10 0,95
PFG_MOEA,537,5,104.19,1056.66,0 26 59 44 38 47 69 28 46 7 8 93 100 81 75 97 61 60 52 87 6 0,28
PFG_MOEA,537,6,104.19,1056.66,0 5 29 65 90 79 32 49 51 20 0,
PFG_MOEA,538,1,98.88,1134.43,0 23 84 39 56 68 37 33 22 21 91 19 18 16 40 35 31 17 20 0,35
PFG_MOEA,538,2,98.88,1134.43,0 15 30 64 78 74 63 98 71 99 2 25 50 77 58 82 86 0,
PFG_MOEA,538,3,98.88,1134.43,0 92 43 1 34 88 85 14 11 83 0,92
PFG_MOEA,538,4,98.88,1134.43,0 4 24 45 94 66 53 80 76 9 55 96 57 95 73 41 12 27 13 0,55 76
PFG_MOEA,538,5,98.88,1134.43,0 89 10 26 59 44 38 47 69 28 42 46 7 8 93 60 61 97 75 81 100 0,47 59
PFG_MOEA,538,6,98.88,1134.43,0 5 29 52 87 6 65 90 79 51 49 32 67 72 70 54 36 3 62 48 0,32 51 54 72
PFG_MOEA,539,1,172.71,848.77,0 89 10 26 59 44 38 47 69 28 42 76 9 7 8 79 51 49 32 3 36 54 70 72 67 86 82 0,3 10 67
PFG_MOEA,539,2,172.71,848.77,0 50 77 58 48 62 92 43 1 99 25 2 0,92
PFG_MOEA,539,3,172.71,848.77,0 34 21 37 33 22 23 84 56 39 68 18 19 91 20 17 31 16 40 35 71 15 30 64 78 74 63 88 85 98 14 11 83 96 46 0,15 20
PFG_MOEA,539,4,172.71,848.77,0 81 75 93 100 0,
PFG_MOEA,539,5,172.71,848.77,0 13 27 12 41 73 95 57 97 61 60 5 29 52 87 6 65 90 24 45 94 66 53 80 4 0,95
PFG_MOEA,539,6,172.71,848.77,0 55 0,55
PFG_MOEA,540,1,130.19,886.45,0 8 7 42 76 9 60 61 5 29 52 87 6 65 90 79 32 49 51 0,
PFG_MOEA,540,2,130.19,886.45,0 50 77 3 36 54 70 72 67 86 82 58 48 62 92 43 0,54 62
PFG_MOEA,540,3,130.19,886.45,0 2 25 34 21 33 37 68 39 56 84 23 22 1 99 0,
PFG_MOEA,540,4,130.19,886.45,0 20 91 19 31 17 18 16 40 35 71 15 98 85 88 63 74 78 64 30 0,
PFG_MOEA,540,5,130.19,886.45,0 81 46 96 83 11 14 95 57 0,
PFG_MOEA,540,6,130.19,886.45,0 4 80 53 66 94 45 24 97 100 93 75 55 28 69 47 38 44 59 26 10 89 73 41 12 27 13 0,55 59
PFG_MOEA,541,1,99.64,1067.22,0 57 97 61 60 5 29 52 87 6 65 90 24 45 94 66 0,
PFG_MOEA,541,2,99.64,1067.22,0 4 80 53 55 98 63 74 78 64 30 71 0,
PFG_MOEA,541,3,99.64,1067.22,0 99 2 25 89 10 26 59 44 38 47 69 28 42 76 9 7 8 79 0,10 79
PFG_MOEA,541,4,99.64,1067.22,0 51 49 32 3 36 54 70 72 67 86 82 58 77 62 48 50 0,36
PFG_MOEA,541,5,99.64,1067.22,0 92 43 34 1 21 37 33 22 23 84 56 39 68 18 19 91 20 17 31 0,84
PFG_MOEA,541,6,99.64,1067.22,0 16 40 35 15 88 85 14 11 83 96 95 73 41 12 27 13 100 93 75 81 46 0,15 41 85
PFG_MOEA,542,1,259.76,804.75,0 93 0,93
PFG_MOEA,542,2,259.76,804.75,0 100 81 75 97 61 60 5 29 52 87 6 65 90 79 0,
PFG_MOEA,542,3,259.76,804.75,0 83 11 14 98 85 88 63 74 78 64 30 15 71 35 31 17 40 16 18 19 20 91 21 33 37 68 39 56 84 23 22 1 34 99 2 25 43 92 62 48 50 77 58 82 86 67 72 70 54 36 3 32 49 51 45 24 4 0,18 22 32 51 58 62 70 71
PFG_MOEA,542,4,259.76,804.75,0 94 66 53 80 76 9 55 96 0,55 76
PFG_MOEA,542,5,259.76,804.75,0 57 95 73 41 12 27 13 0,95
PFG_MOEA,542,6,259.76,804.75,0 89 10 26 59 44 38 47 69 28 42 46 7 8 0,
PFG_MOEA,543,1,131.24,855.01,0 93 100 81 75 97 61 60 52 87 6 65 29 5 90 79 51 49 32 3 36 54 70 72 67 86 82 0,51 93
PFG_MOEA,543,2,131.24,855.01,0 50 77 58 48 62 92 43 25 2 0,92
PFG_MOEA,543,3,131.24,855.01,0 99 34 1 21 22 23 84 39 56 68 37 33 91 18 19 20 0,19
PFG_MOEA,543,4,131.24,855.01,0 13 27 12 41 73 30 64 78 74 63 88 85 98 15 71 35 40 16 31 17 0,85
PFG_MOEA,543,5,131.24,855.01,0 4 80 53 66 94 45 24 55 9 76 42 28 69 47 38 44 59 26 10 89 96 14 11 83 95 57 0,28 53
PFG_MOEA,543,6,131.24,855.01,0 46 7 8 0,7
PFG_MOEA,544,1,108.98,905.4,0 51 49 32 36 54 70 72 67 86 82 3 58 77 50 48 62 92 43 0,51 67
PFG_MOEA,544,2,108.98,905.4,0 2 25 34 21 33 37 68 39 56 84 23 22 1 99 0,
PFG_MOEA,544,3,108.98,905.4,0 20 91 19 31 17 18 16 40 35 71 15 30 64 78 74 63 88 85 98 11 83 0,91
PFG_MOEA,544,4,108.98,905.4,0 80 93 97 89 96 57 95 73 14 41 12 27 13 0,14 93
PFG_MOEA,544,5,108.98,905.4,0 10 26 59 44 38 47 69 28 42 46 7 8 4 53 66 94 0,
PFG_MOEA,544,6,108.98,905.4,0 45 24 79 90 65 6 87 52 29 5 61 60 75 55 9 76 81 100 0,55
PFG_MOEA,545,1,104.19,1056.66,0 19 18 91 21 22 33 37 68 56 39 84 23 82 86 67 72 70 54 36 3 0,33 39
PFG_MOEA,545,2,104.19,1056.66,0 50 77 58 48 62 92 43 2 1 16 40 71 35 31 17 0,40
PFG_MOEA,545,3,104.19,1056.66,0 13 27 12 73 15 98 85 88 63 74 78 64 30 41 99 34 25 0,15
PFG_MOEA,545,4,104.19,1056.66,0 4 80 53 66 94 45 24 55 9 76 42 14 11 83 95 57 96 89 10 0,95
PFG_MOEA,545,5,104.19,1056.66,0 26 59 44 38 47 69 28 46 7 8 93 100 81 75 97 61 60 52 87 6 0,28
PFG_MOEA,545,6,104.19,1056.66,0 5 29 65 90 79 32 49 51 20 0,
PFG_MOEA,546,1,98.88,1134.43,0 23 84 39 56 68 37 33 22 21 91 19 18 16 40 35 31 17 20 0,35
PFG_MOEA,546,2,98.88,1134.43,0 15 30 64 78 74 63 98 71 99 2 25 50 77 58 82 86 0,
PFG_MOEA,546,3,98.88,1134.43,0 92 43 1 34 88 85 14 11 83 0,92
PFG_MOEA,546,4,98.88,1134.43,0 4 24 45 94 66 53 80 76 9 55 96 57 95 73 41 12 27 13 0,55 76
PFG_MOEA,546,5,98.88,1134.43,0 89 10 26 59 44 38 47 69 28 42 46 7 8 93 60 61 97 75 81 100 0,47 59
PFG_MOEA,546,6,98.88,1134.43,0 5 29 52 87 6 65 90 79 51 49 32 67 72 70 54 36 3 62 48 0,32 51 54 72
PFG_MOEA,547,1,172.71,848.77,0 89 10 26 59 44 38 47 69 28 42 76 9 7 8 79 51 49 32 3 36 54 70 72 67 86 82 0,3 10 67
PFG_MOEA,547,2,172.71,848.77,0 50 77 58 48 62 92 43 1 99 25 2 0,92
PFG_MOEA,547,3,172.71,848.77,0 34 21 37 33 22 23 84 56 39 68 18 19 91 20 17 31 16 40 35 71 15 30 64 78 74 63 88 85 98 14 11 83 96 46 0,15 20
PFG_MOEA,547,4,172.71,848.77,0 81 75 93 100 0,
PFG_MOEA,547,5,172.71,848.77,0 13 27 12 41 73 95 57 97 61 60 5 29 52 87 6 65 90 24 45 94 66 53 80 4 0,95
PFG_MOEA,547,6,172.71,848.77,0 55 0,55
PFG_MOEA,548,1,130.19,886.45,0 8 7 42 76 9 60 61 5 29 52 87 6 65 90 79 32 49 51 0,
PFG_MOEA,548,2,130.19,886.45,0 50 77 3 36 54 70 72 67 86 82 58 48 62 92 43 0,54 62
PFG_MOEA,548,3,130.19,886.45,0 2 25 34 21 33 37 68 39 56 84 23 22 1 99 0,
PFG_MOEA,548,4,130.19,886.45,0 20 91 19 31 17 18 16 40 35 71 15 98 85 88 63 74 78 64 30 0,
PFG_MOEA,548,5,130.19,886.45,0 81 46 96 83 11 14 95 57 0,
PFG_MOEA,548,6,130.19,886.45,0 4 80 53 66 94 45 24 97 100 93 75 55 28 69 47 38 44 59 26 10 89 73 41 12 27 13 0,55 59
PFG_MOEA,549,1,99.64,1067.22,0 57 97 61 60 5 29 52 87 6 65 90 24 45 94 66 0,
PFG_MOEA,549,2,99.64,1067.22,0 4 80 53 55 98 63 74 78 64 30 71 0,
PFG_MOEA,549,3,99.64,1067.22,0 99 2 25 89 10 26 59 44 38 47 69 28 42 76 9 7 8 79 0,10 79
PFG_MOEA,549,4,99.64,1067.22,0 51 49 32 3 36 54 70 72 67 86 82 58 77 62 48 50 0,36
PFG_MOEA,549,5,99.64,1067.22,0 92 43 34 1 21 37 33 22 23 84 56 39 68 18 19 91 20 17 31 0,84
PFG_MOEA,549,6,99.64,1067.22,0 16 40 35 15 88 85 14 11 83 96 95 73 41 12 27 13 100 93 75 81 46 0,15 41 85
PFG_MOEA,550,1,259.76,804.75,0 93 0,93
PFG_MOEA,550,2,259.76,804.75,0 100 81 75 97 61 60 5 29 52 87 6 65 90 79 0,
PFG_MOEA,550,3,259.76,804.75,0 83 11 14 98 85 88 63 74 78 64 30 15 71 35 31 17 40 16 18 19 20 91 21 33 37 68 39 56 84 23 22 1 34 99 2 25 43 92 62 48 50 77 58 82 86 67 72 70 54 36 3 32 49 51 45 24 4 0,18 22 32 51 58 62 70 71
PFG_MOEA,550,4,259.76,804.75,0 94 66 53 80 76 9 55 96 0,55 76
PFG_MOEA,550,5,259.76,804.75,0 57 95 73 41 12 27 13 0,95
PFG_MOEA,550,6,259.76,804.75,0 89 10 26 59 44 38 47 69 28 42 46 7 8 0,
PFG_MOEA,551,1,131.24,855.01,0 93 100 81 75 97 61 60 52 87 6 65 29 5 90 79 51 49 32 3 36 54 70 72 67 86 82 0,51 93
PFG_MOEA,551,2,131.24,855.01,0 50 77 58 48 62 92 43 25 2 0,92
PFG_MOEA,551,3,131.24,855.01,0 99 34 1 21 22 23 84 39 56 68 37 33 91 18 19 20 0,19
PFG_MOEA,551,4,131.24,855.01,0 13 27 12 41 73 30 64 78 74 63 88 85 98 15 71 35 40 16 31 17 0,85
PFG_MOEA,551,5,131.24,855.01,0 4 80 53 66 94 45 24 55 9 76 42 28 69 47 38 44 59 26 10 89 96 14 11 83 95 57 0,28 53
PFG_MOEA,551,6,131.24,855.01,0 46 7 8 0,7
PFG_MOEA,552,1,108.98,905.4,0 51 49 32 36 54 70 72 67 86 82 3 58 77 50 48 62 92 43 0,51 67
PFG_MOEA,552,2,108.98,905.4,0 2 25 34 21 33 37 68 39 56 84 23 22 1 99 0,
PFG_MOEA,552,3,108.98,905.4,0 20 91 19 31 17 18 16 40 35 71 15 30 64 78 74 63 88 85 98 11 83 0,91
PFG_MOEA,552,4,108.98,905.4,0 80 93 97 89 96 57 95 73 14 41 12 27 13 0,14 93
PFG_MOEA,552,5,108.98,905.4,0 10 26 59 44 38 47 69 28 42 46 7 8 4 53 66 94 0,
PFG_MOEA,552,6,108.98,905.4,0 45 24 79 90 65 6 87 52 29 5 61 60 75 55 9 76 81 100 0,55
PFG_MOEA,553,1,104.19,1056.66,0 19 18 91 21 22 33 37 68 56 39 84 23 82 86 67 72 70 54 36 3 0,33 39
PFG_MOEA,553,2,104.19,1056.66,0 50 77 58 48 62 92 43 2 1 16 40 71 35 31 17 0,40
PFG_MOEA,553,3,104.19,1056.66,0 13 27 12 73 15 98 85 88 63 74 78 64 30 41 99 34 25 0,15
PFG_MOEA,553,4,104.19,1056.66,0 4 80 53 66 94 45 24 55 9 76 42 14 11 83 95 57 96 89 10 0,95
PFG_MOEA,553,5,104.19,1056.66,0 26 59 44 38 47 69 28 46 7 8 93 100 81 75 97 61 60 52 87 6 0,28
PFG_MOEA,553,6,104.19,1056.66,0 5 29 65 90 79 32 49 51 20 0,
PFG_MOEA,554,1,98.88,1134.43,0 23 84 39 56 68 37 33 22 21 91 19 18 16 40 35 31 17 20 0,35
PFG_MOEA,554,2,98.88,1134.43,0 15 30 64 78 74 63 98 71 99 2 25 50 77 58 82 86 0,
PFG_MOEA,554,3,98.88,1134.43,0 92 43 1 34 88 85 14 11 83 0,92
PFG_MOEA,554,4,98.88,1134.43,0 4 24 45 94 66 53 80 76 9 55 96 57 95 73 41 12 27 13 0,55 76
PFG_MOEA,554,5,98.88,1134.43,0 89 10 26 59 44 38 47 69 28 42 46 7 8 93 60 61 97 75 81 100 0,47 59
PFG_MOEA,554,6,98.88,1134.43,0 5 29 52 87 6 65 90 79 51 49 32 67 72 70 54 36 3 62 48 0,32 51 54 72
PFG_MOEA,555,1,172.71,848.77,0 89 10 26 59 44 38 47 69 28 42 76 9 7 8 79 51 49 32 3 36 54 70 72 67 86 82 0,3 10 67
PFG_MOEA,555,2,172.71,848.77,0 50 77 58 48 62 92 43 1 99 25 2 0,92
PFG_MOEA,555,3,172.71,848.77,0 34 21 37 33 22 23 84 56 39 68 18 19 91 20 17 31 16 40 35 71 15 30 64 78 74 63 88 85 98 14 11 83 96 46 0,15 20
PFG_MOEA,555,4,172.71,848.77,0 81 75 93 100 0,
PFG_MOEA,555,5,172.71,848.77,0 13 27 12 41 73 95 57 97 61 60 5 29 52 87 6 65 90 24 45 94 66 53 80 4 0,95
PFG_MOEA,555,6,172.71,848.77,0 55 0,55
PFG_MOEA,556,1,130.19,886.45,0 8 7 42 76 9 60 61 5 29 52 87 6 65 90 79 32 49 51 0,
PFG_MOEA,556,2,130.19,886.45,0 50 77 3 36 54 70 72 67 86 82 58 48 62 92 43 0,54 62
PFG_MOEA,556,3,130.19,886.45,0 2 25 34 21 33 37 68 39 56 84 23 22 1 99 0,
PFG_MOEA,556,4,130.19,886.45,0 20 91 19 31 17 18 16 40 35 71 15 98 85 88 63 74 78 64 30 0,
PFG_MOEA,556,5,130.19,886.45,0 81 46 96 83 11 14 95 57 0,
PFG_MOEA,556,6,130.19,886.45,0 4 80 53 66 94 45 24 97 100 93 75 55 28 69 47 38 44 59 26 10 89 73 41 12 27 13 0,55 59
PFG_MOEA,557,1,99.64,1067.22,0 57 97 61 60 5 29 52 87 6 65 90 24 45 94 66 0,
PFG_MOEA,557,2,99.64,1067.22,0 4 80 53 55 98 63 74 78 64 30 71 0,
PFG_MOEA,557,3,99.64,1067.22,0 99 2 25 89 10 26 59 44 38 47 69 28 42 76 9 7 8 79 0,10 79
PFG_MOEA,557,4,99.64,1067.22,0 51 49 32 3 36 54 70 72 67 86 82 58 77 62 48 50 0,36
PFG_MOEA,557,5,99.64,1067.22,0 92 43 34 1 21 37 33 22 23 84 56 39 68 18 19 91 20 17 31 0,84
PFG_MOEA,557,6,99.64,1067.22,0 16 40 35 15 88 85 14 11 83 96 95 73 41 12 27 13 100 93 75 81 46 0,15 41 85
PFG_MOEA,558,1,259.76,804.75,0 93 0,93
PFG_MOEA,558,2,259.76,804.75,0 100 81 75 97 61 60 5 29 52 87 6 65 90 79 0,
PFG_MOEA,558,3,259.76,804.75,0 83 11 14 98 85 88 63 74 78 64 30 15 71 35 31 17 40 16 18 19 20 91 21 33 37 68 39 56 84 23 22 1 34 99 2 25 43 92 62 48 50 77 58 82 86 67 72 70 54 36 3 32 49 51 45 24 4 0,18 22 32 51 58 62 70 71
PFG_MOEA,558,4,259.76,804.75,0 94 66 53 80 76 9 55 96 0,55 76
PFG_MOEA,558,5,259.76,804.75,0 57 95 73 41 12 27 13 0,95
PFG_MOEA,558,6,259.76,804.75,0 89 10 26 59 44 38 47 69 28 42 46 7 8 0,
PFG_MOEA,559,1,131.24,855.01,0 93 100 81 75 97 61 60 52 87 6 65 29 5 90 79 51 49 32 3 36 54 70 72 67 86 82 0,51 93
PFG_MOEA,559,2,131.24,855.01,0 50 77 58 48 62 92 43 25 2 0,92
PFG_MOEA,559,3,131.24,855.01,0 99 34 1 21 22 23 84 39 56 68 37 33 91 18 19 20 0,19
PFG_MOEA,559,4,131.24,855.01,0 13 27 12 41 73 30 64 78 74 63 88 85 98 15 71 35 40 16 31 17 0,85
PFG_MOEA,559,5,131.24,855.01,0 4 80 53 66 94 45 24 55 9 76 42 28 69 47 38 44 59 26 10 89 96 14 11 83 95 57 0,28 53
PFG_MOEA,559,6,131.24,855.01,0 46 7 8 0,7
PFG_MOEA,560,1,108.98,905.4,0 51 49 32 36 54 70 72 67 86 82 3 58 77 50 48 62 92 43 0,51 67
PFG_MOEA,560,2,108.98,905.4,0 2 25 34 21 33 37 68 39 56 84 23 22 1 99 0,
PFG_MOEA,560,3,108.98,905.4,0 20 91 19 31 17 18 16 40 35 71 15 30 64 78 74 63 88 85 98 11 83 0,91
PFG_MOEA,560,4,108.98,905.4,0 80 93 97 89 96 57 95 73 14 41 12 27 13 0,14 93
PFG_MOEA,560,5,108.98,905.4,0 10 26 59 44 38 47 69 28 42 46 7 8 4 53 66 94 0,
PFG_MOEA,560,6,108.98,905.4,0 45 24 79 90 65 6 87 52 29 5 61 60 75 55 9 76 81 100 0,55
PFG_MOEA,561,1,104.19,1056.66,0 19 18 91 21 22 33 37 68 56 39 84 23 82 86 67 72 70 54 36 3 0,33 39
PFG_MOEA,561,2,104.19,1056.66,0 50 77 58 48 62 92 43 2 1 16 40 71 35 31 17 0,40
PFG_MOEA,561,3,104.19,1056.66,0 13 27 12 73 15 98 85 88 63 74 78 64 30 41 99 34 25 0,15
PFG_MOEA,561,4,104.19,1056.66,0 4 80 53 66 94 45 24 55 9 76 42 14 11 83 95 57 96 89 10 0,95
PFG_MOEA,561,5,104.19,1056.66,0 26 59 44 38 47 69 28 46 7 8 93 100 81 75 97 61 60 52 87 6 0,28
PFG_MOEA,561,6,104.19,1056.66,0 5 29 65 90 79 32 49 51 20 0,
PFG_MOEA,562,1,98.88,1134.43,0 23 84 39 56 68 37 33 22 21 91 19 18 16 40 35 31 17 20 0,35
PFG_MOEA,562,2,98.88,1134.43,0 15 30 64 78 74 63 98 71 99 2 25 50 77 58 82 86 0,
PFG_MOEA,562,3,98.88,1134.43,0 92 43 1 34 88 85 14 11 83 0,92
PFG_MOEA,562,4,98.88,1134.43,0 4 24 45 94 66 53 80 76 9 55 96 57 95 73 41 12 27 13 0,55 76
PFG_MOEA,562,5,98.88,1134.43,0 89 10 26 59 44 38 47 69 28 42 46 7 8 93 60 61 97 75 81 100 0,47 59
PFG_MOEA,562,6,98.88,1134.43,0 5 29 52 87 6 65 90 79 51 49 32 67 72 70 54 36 3 62 48 0,32 51 54 72
PFG_MOEA,563,1,172.71,848.77,0 89 10 26 59 44 38 47 69 28 42 76 9 7 8 79 51 49 32 3 36 54 70 72 67 86 82 0,3 10 67
PFG_MOEA,563,2,172.71,848.77,0 50 77 58 48 62 92 43 1 99 25 2 0,92
PFG_MOEA,563,3,172.71,848.77,0 34 21 37 33 22 23 84 56 39 68 18 19 91 20 17 31 16 40 35 71 15 30 64 78 74 63 88 85 98 14 11 83 96 46 0,15 20
PFG_MOEA,563,4,172.71,848.77,0 81 75 93 100 0,
PFG_MOEA,563,5,172.71,848.77,0 13 27 12 41 73 95 57 97 61 60 5 29 52 87 6 65 90 24 45 94 66 53 80 4 0,95
PFG_MOEA,563,6,172.71,848.77,0 55 0,55
PFG_MOEA,564,1,130.19,886.45,0 8 7 42 76 9 60 61 5 29 52 87 6 65 90 79 32 49 51 0,
PFG_MOEA,564,2,130.19,886.45,0 50 77 3 36 54 70 72 67 86 82 58 48 62 92 43 0,54 62
PFG_MOEA,564,3,130.19,886.45,0 2 25 34 21 33 37 68 39 56 84 23 22 1 99 0,
PFG_MOEA,564,4,130.19,886.45,0 20 91 19 31 17 18 16 40 35 71 15 98 85 88 63 74 78 64 30 0,
PFG_MOEA,564,5,130.19,886.45,0 81 46 96 83 11 14 95 57 0,
PFG_MOEA,564,6,130.19,886.45,0 4 80 53 66 94 45 24 97 100 93 75 55 28 69 47 38 44 59 26 10 89 73 41 12 27 13 0,55 59
PFG_MOEA,565,1,99.64,1067.22,0 57 97 61 60 5 29 52 87 6 65 90 24 45 94 66 0,
PFG_MOEA,565,2,99.64,1067.22,0 4 80 53 55 98 63 74 78 64 30 71 0,
PFG_MOEA,565,3,99.64,1067.22,0 99 2 25 89 10 26 59 44 38 47 69 28 42 76 9 7 8 79 0,10 79
PFG_MOEA,565,4,99.64,1067.22,0 51 49 32 3 36 54 70 72 67 86 82 58 77 62 48 50 0,36
PFG_MOEA,565,5,99.64,1067.22,0 92 43 34 1 21 37 33 22 23 84 56 39 68 18 19 91 20 17 31 0,84
PFG_MOEA,565,6,99.64,1067.22,0 16 40 35 15 88 85 14 11 83 96 95 73 41 12 27 13 100 93 75 81 46 0,15 41 85
PFG_MOEA,566,1,259.76,804.75,0 93 0,93
PFG_MOEA,566,2,259.76,804.75,0 100 81 75 97 61 60 5 29 52 87 6 65 90 79 0,
PFG_MOEA,566,3,259.76,804.75,0 83 11 14 98 85 88 63 74 78 64 30 15 71 35 31 17 40 16 18 19 20 91 21 33 37 68 39 56 84 23 22 1 34 99 2 25 43 92 62 48 50 77 58 82 86 67 72 70 54 36 3 32 49 51 45 24 4 0,18 22 32 51 58 62 70 71
PFG_MOEA,566,4,259.76,804.75,0 94 66 53 80 76 9 55 96 0,55 76
PFG_MOEA,566,5,259.76,804.75,0 57 95 73 41 12 27 13 0,95
PFG_MOEA,566,6,259.76,804.75,0 89 10 26 59 44 38 47 69 28 42 46 7 8 0,
PFG_MOEA,567,1,131.24,855.01,0 93 100 81 75 97 61 60 52 87 6 65 29 5 90 79 51 49 32 3 36 54 70 72 67 86 82 0,51 93
PFG_MOEA,567,2,131.24,855.01,0 50 77 58 48 62 92 43 25 2 0,92
PFG_MOEA,567,3,131.24,855.01,0 99 34 1 21 22 23 84 39 56 68 37 33 91 18 19 20 0,19
PFG_MOEA,567,4,131.24,855.01,0 13 27 12 41 73 30 64 78 74 63 88 85 98 15 71 35 40 16 31 17 0,85
PFG_MOEA,567,5,131.24,855.01,0 4 80 53 66 94 45 24 55 9 76 42 28 69 47 38 44 59 26 10 89 96 14 11 83 95 57 0,28 53
PFG_MOEA,567,6,131.24,855.01,0 46 7 8 0,7
PFG_MOEA,568,1,108.98,905.4,0 51 49 32 36 54 70 72 67 86 82 3 58 77 50 48 62 92 43 0,51 67
PFG_MOEA,568,2,108.98,905.4,0 2 25 34 21 33 37 68 39 56 84 23 22 1 99 0,
PFG_MOEA,568,3,108.98,905.4,0 20 91 19 31 17 18 16 40 35 71 15 30 64 78 74 63 88 85 98 11 83 0,91
PFG_MOEA,568,4,108.98,905.4,0 80 93 97 89 96 57 95 73 14 41 12 27 13 0,14 93
PFG_MOEA,568,5,108.98,905.4,0 10 26 59 44 38 47 69 28 42 46 7 8 4 53 66 94 0,
PFG_MOEA,568,6,108.98,905.4,0 45 24 79 90 65 6 87 52 29 5 61 60 75 55 9 76 81 100 0,55
PFG_MOEA,569,1,104.19,1056.66,0 19 18 91 21 22 33 37 68 56 39 84 23 82 86 67 72 70 54 36 3 0,33 39
PFG_MOEA,569,2,104.19,1056.66,0 50 77 58 48 62 92 43 2 1 16 40 71 35 31 17 0,40
PFG_MOEA,569,3,104.19,1056.66,0 13 27 12 73 15 98 85 88 63 74 78 64 30 41 99 34 25 0,15
PFG_MOEA,569,4,104.19,1056.66,0 4 80 53 66 94 45 24 55 9 76 42 14 11 83 95 57 96 89 10 0,95
PFG_MOEA,569,5,104.19,1056.66,0 26 59 44 38 47 69 28 46 7 8 93 100 81 75 97 61 60 52 87 6 0,28
PFG_MOEA,569,6,104.19,1056.66,0 5 29 65 90 79 32 49 51 20 0,
PFG_MOEA,570,1,98.88,1134.43,0 23 84 39 56 68 37 33 22 21 91 19 18 16 40 35 31 17 20 0,35
PFG_MOEA,570,2,98.88,1134.43,0 15 30 64 78 74 63 98 71 99 2 25 50 77 58 82 86 0,
PFG_MOEA,570,3,98.88,1134.43,0 92 43 1 34 88 85 14 11 83 0,92
PFG_MOEA,570,4,98.88,1134.43,0 4 24 45 94 66 53 80 76 9 55 96 57 95 73 41 12 27 13 0,55 76
PFG_MOEA,570,5,98.88,1134.43,0 89 10 26 59 44 38 47 69 28 42 46 7 8 93 60 61 97 75 81 100 0,47 59
PFG_MOEA,570,6,98.88,1134.43,0 5 29 52 87 6 65 90 79 51 49 32 67 72 70 54 36 3 62 48 0,32 51 54 72
PFG_MOEA,571,1,172.71,848.77,0 89 10 26 59 44 38 47 69 28 42 76 9 7 8 79 51 49 32 3 36 54 70 72 67 86 82 0,3 10 67
PFG_MOEA,571,2,172.71,848.77,0 50 77 58 48 62 92 43 1 99 25 2 0,92
PFG_MOEA,571,3,172.71,848.77,0 34 21 37 33 22 23 84 56 39 68 18 19 91 20 17 31 16 40 35 71 15 30 64 78 74 63 88 85 98 14 11 83 96 46 0,15 20
PFG_MOEA,571,4,172.71,848.77,0 81 75 93 100 0,
PFG_MOEA,571,5,172.71,848.77,0 13 27 12 41 73 95 57 97 61 60 5 29 52 87 6 65 90 24 45 94 66 53 80 4 0,95
PFG_MOEA,571,6,172.71,848.77,0 55 0,55
PFG_MOEA,572,1,130.19,886.45,0 8 7 42 76 9 60 61 5 29 52 87 6 65 90 79 32 49 51 0,
PFG_MOEA,572,2,130.19,886.45,0 50 77 3 36 54 70 72 67 86 82 58 48 62 92 43 0,54 62
PFG_MOEA,572,3,130.19,886.45,0 2 25 34 21 33 37 68 39 56 84 23 22 1 99 0,
PFG_MOEA,572,4,130.19,886.45,0 20 91 19 31 17 18 16 40 35 71 15 98 85 88 63 74 78 64 30 0,
PFG_MOEA,572,5,130.19,886.45,0 81 46 96 83 11 14 95 57 0,
PFG_MOEA,572,6,130.19,886.45,0 4 80 53 66 94 45 24 97 100 93 75 55 28 69 47 38 44 59 26 10 89 73 41 12 27 13 0,55 59
PFG_MOEA,573,1,99.64,1067.22,0 57 97 61 60 5 29 52 87 6 65 90 24 45 94 66 0,
PFG_MOEA,573,2,99.64,1067.22,0 4 80 53 55 98 63 74 78 64 30 71 0,
PFG_MOEA,573,3,99.64,1067.22,0 99 2 25 89 10 26 59 44 38 47 69 28 42 76 9 7 8 79 0,10 79
PFG_MOEA,573,4,99.64,1067.22,0 51 49 32 3 36 54 70 72 67 86 82 58 77 62 48 50 0,36
PFG_MOEA,573,5,99.64,1067.22,0 92 43 34 1 21 37 33 22 23 84 56 39 68 18 19 91 20 17 31 0,84
PFG_MOEA,573,6,99.64,1067.22,0 16 40 35 15 88 85 14 11 83 96 95 73 41 12 27 13 100 93 75 81 46 0,15 41 85
PFG_MOEA,574,1,259.76,804.75,0 93 0,93
PFG_MOEA,574,2,259.76,804.75,0 100 81 75 97 61 60 5 29 52 87 6 65 90 79 0,
PFG_MOEA,574,3,259.76,804.75,0 83 11 14 98 85 88 63 74 78 64 30 15 71 35 31 17 40 16 18 19 20 91 21 33 37 68 39 56 84 23 22 1 34 99 2 25 43 92 62 48 50 77 58 82 86 67 72 70 54 36 3 32 49 51 45 24 4 0,18 22 32 51 58 62 70 71
PFG_MOEA,574,4,259.76,804.75,0 94 66 53 80 76 9 55 96 0,55 76
PFG_MOEA,574,5,259.76,804.75,0 57 95 73 41 12 27 13 0,95
PFG_MOEA,574,6,259.76,804.75,0 89 10 26 59 44 38 47 69 28 42 46 7 8 0,
PFG_MOEA,575,1,131.24,855.01,0 93 100 81 75 97 61 60 52 87 6 65 29 5 90 79 51 49 32 3 36 54 70 72 67 86 82 0,51 93
PFG_MOEA,575,2,131.24,855.01,0 50 77 58 48 62 92 43 25 2 0,92
PFG_MOEA,575,3,131.24,855.01,0 99 34 1 21 22 23 84 39 56 68 37 33 91 18 19 20 0,19
PFG_MOEA,575,4,131.24,855.01,0 13 27 12 41 73 30 64 78 74 63 88 85 98 15 71 35 40 16 31 17 0,85
PFG_MOEA,575,5,131.24,855.01,0 4 80 53 66 94 45 24 55 9 76 42 28 69 47 38 44 59 26 10 89 96 14 11 83 95 57 0,28 53
PFG_MOEA,575,6,131.24,855.01,0 46 7 8 0,7
PFG_MOEA,576,1,108.98,905.4,0 51 49 32 36 54 70 72 67 86 82 3 58 77 50 48 62 92 43 0,51 67
PFG_MOEA,576,2,108.98,905.4,0 2 25 34 21 33 37 68 39 56 84 23 22 1 99 0,
PFG_MOEA,576,3,108.98,905.4,0 20 91 19 31 17 18 16 40 35 71 15 30 64 78 74 63 88 85 98 11 83 0,91
PFG_MOEA,576,4,108.98,905.4,0 80 93 97 89 96 57 95 73 14 41 12 27 13 0,14 93
PFG_MOEA,576,5,108.98,905.4,0 10 26 59 44 38 47 69 28 42 46 7 8 4 53 66 94 0,
PFG_MOEA,576,6,108.98,905.4,0 45 24 79 90 65 6 87 52 29 5 61 60 75 55 9 76 81 100 0,55
PFG_MOEA,577,1,104.19,1056.66,0 19 18 91 21 22 33 37 68 56 39 84 23 82 86 67 72 70 54 36 3 0,33 39
PFG_MOEA,577,2,104.19,1056.66,0 50 77 58 48 62 92 43 2 1 16 40 71 35 31 17 0,40
PFG_MOEA,577,3,104.19,1056.66,0 13 27 12 73 15 98 85 88 63 74 78 64 30 41 99 34 25 0,15
PFG_MOEA,577,4,104.19,1056.66,0 4 80 53 66 94 45 24 55 9 76 42 14 11 83 95 57 96 89 10 0,95
PFG_MOEA,577,5,104.19,1056.66,0 26 59 44 38 47 69 28 46 7 8 93 100 81 75 97 61 60 52 87 6 0,28
PFG_MOEA,577,6,104.19,1056.66,0 5 29 65 90 79 32 49 51 20 0,
PFG_MOEA,578,1,98.88,1134.43,0 23 84 39 56 68 37 33 22 21 91 19 18 16 40 35 31 17 20 0,35
PFG_MOEA,578,2,98.88,1134.43,0 15 30 64 78 74 63 98 71 99 2 25 50 77 58 82 86 0,
PFG_MOEA,578,3,98.88,1134.43,0 92 43 1 34 88 85 14 11 83 0,92
PFG_MOEA,578,4,98.88,1134.43,0 4 24 45 94 66 53 80 76 9 55 96 57 95 73 41 12 27 13 0,55 76
PFG_MOEA,578,5,98.88,1134.43,0 89 10 26 59 44 38 47 69 28 42 46 7 8 93 60 61 97 75 81 100 0,47 59
PFG_MOEA,578,6,98.88,1134.43,0 5 29 52 87 6 65 90 79 51 49 32 67 72 70 54 36 3 62 48 0,32 51 54 72
PFG_MOEA,579,1,172.71,848.77,0 89 10 26 59 44 38 47 69 28 42 76 9 7 8 79 51 49 32 3 36 54 70 72 67 86 82 0,3 10 67
PFG_MOEA,579,2,172.71,848.77,0 50 77 58 48 62 92 43 1 99 25 2 0,92
PFG_MOEA,579,3,172.71,848.77,0 34 21 37 33 22 23 84 56 39 68 18 19 91 20 17 31 16 40 35 71 15 30 64 78 74 63 88 85 98 14 11 83 96 46 0,15 20
PFG_MOEA,579,4,172.71,848.77,0 81 75 93 100 0,
PFG_MOEA,579,5,172.71,848.77,0 13 27 12 41 73 95 57 97 61 60 5 29 52 87 6 65 90 24 45 94 66 53 80 4 0,95
PFG_MOEA,579,6,172.71,848.77,0 55 0,55
PFG_MOEA,580,1,130.19,886.45,0 8 7 42 76 9 60 61 5 29 52 87 6 65 90 79 32 49 51 0,
PFG_MOEA,580,2,130.19,886.45,0 50 77 3 36 54 70 72 67 86 82 58 48 62 92 43 0,54 62
PFG_MOEA,580,3,130.19,886.45,0 2 25 34 21 33 37 68 39 56 84 23 22 1 99 0,
PFG_MOEA,580,4,130.19,886.45,0 20 91 19 31 17 18 16 40 35 71 15 98 85 88 63 74 78 64 30 0,
PFG_MOEA,580,5,130.19,886.45,0 81 46 96 83 11 14 95 57 0,
PFG_MOEA,580,6,130.19,886.45,0 4 80 53 66 94 45 24 97 100 93 75 55 28 69 47 38 44 59 26 10 89 73 41 12 27 13 0,55 59
PFG_MOEA,581,1,99.64,1067.22,0 57 97 61 60 5 29 52 87 6 65 90 24 45 94 66 0,
PFG_MOEA,581,2,99.64,1067.22,0 4 80 53 55 98 63 74 78 64 30 71 0,
PFG_MOEA,581,3,99.64,1067.22,0 99 2 25 89 10 26 59 44 38 47 69 28 42 76 9 7 8 79 0,10 79
PFG_MOEA,581,4,99.64,1067.22,0 51 49 32 3 36 54 70 72 67 86 82 58 77 62 48 50 0,36
PFG_MOEA,581,5,99.64,1067.22,0 92 43 34 1 21 37 33 22 23 84 56 39 68 18 19 91 20 17 31 0,84
PFG_MOEA,581,6,99.64,1067.22,0 16 40 35 15 88 85 14 11 83 96 95 73 41 12 27 13 100 93 75 81 46 0,15 41 85
PFG_MOEA,582,1,259.76,804.75,0 93 0,93
PFG_MOEA,582,2,259.76,804.75,0 100 81 75 97 61 60 5 29 52 87 6 65 90 79 0,
PFG_MOEA,582,3,259.76,804.75,0 83 11 14 98 85 88 63 74 78 64 30 15 71 35 31 17 40 16 18 19 20 91 21 33 37 68 39 56 84 23 22 1 34 99 2 25 43 92 62 48 50 77 58 82 86 67 72 70 54 36 3 32 49 51 45 24 4 0,18 22 32 51 58 62 70 71
PFG_MOEA,582,4,259.76,804.75,0 94 66 53 80 76 9 55 96 0,55 76
PFG_MOEA,582,5,259.76,804.75,0 57 95 73 41 12 27 13 0,95
PFG_MOEA,582,6,259.76,804.75,0 89 10 26 59 44 38 47 69 28 42 46 7 8 0,
PFG_MOEA,583,1,131.24,855.01,0 93 100 81 75 97 61 60 52 87 6 65 29 5 90 79 51 49 32 3 36 54 70 72 67 86 82 0,51 93
PFG_MOEA,583,2,131.24,855.01,0 50 77 58 48 62 92 43 25 2 0,92
PFG_MOEA,583,3,131.24,855.01,0 99 34 1 21 22 23 84 39 56 68 37 33 91 18 19 20 0,19
PFG_MOEA,583,4,131.24,855.01,0 13 27 12 41 73 30 64 78 74 63 88 85 98 15 71 35 40 16 31 17 0,85
PFG_MOEA,583,5,131.24,855.01,0 4 80 53 66 94 45 24 55 9 76 42 28 69 47 38 44 59 26 10 89 96 14 11 83 95 57 0,28 53
PFG_MOEA,583,6,131.24,855.01,0 46 7 8 0,7
PFG_MOEA,584,1,108.98,905.4,0 51 49 32 36 54 70 72 67 86 82 3 58 77 50 48 62 92 43 0,51 67
PFG_MOEA,584,2,108.98,905.4,0 2 25 34 21 33 37 68 39 56 84 23 22 1 99 0,
PFG_MOEA,584,3,108.98,905.4,0 20 91 19 31 17 18 16 40 35 71 15 30 64 78 74 63 88 85 98 11 83 0,91
PFG_MOEA,584,4,108.98,905.4,0 80 93 97 89 96 57 95 73 14 41 12 27 13 0,14 93
PFG_MOEA,584,5,108.98,905.4,0 10 26 59 44 38 47 69 28 42 46 7 8 4 53 66 94 0,
PFG_MOEA,584,6,108.98,905.4,0 45 24 79 90 65 6 87 52 29 5 61 60 75 55 9 76 81 100 0,55
PFG_MOEA,585,1,104.19,1056.66,0 19 18 91 21 22 33 37 68 56 39 84 23 82 86 67 72 70 54 36 3 0,33 39
PFG_MOEA,585,2,104.19,1056.66,0 50 77 58 48 62 92 43 2 1 16 40 71 35 31 17 0,40
PFG_MOEA,585,3,104.19,1056.66,0 13 27 12 73 15 98 85 88 63 74 78 64 30 41 99 34 25 0,15
PFG_MOEA,585,4,104.19,1056.66,0 4 80 53 66 94 45 24 55 9 76 42 14 11 83 95 57 96 89 10 0,95
PFG_MOEA,585,5,104.19,1056.66,0 26 59 44 38 47 69 28 46 7 8 93 100 81 75 97 61 60 52 87 6 0,28
PFG_MOEA,585,6,104.19,1056.66,0 5 29 65 90 79 32 49 51 20 0,
PFG_MOEA,586,1,98.88,1134.43,0 23 84 39 56 68 37 33 22 21 91 19 18 16 40 35 31 17 20 0,35
PFG_MOEA,586,2,98.88,1134.43,0 15 30 64 78 74 63 98 71 99 2 25 50 77 58 82 86 0,
PFG_MOEA,586,3,98.88,1134.43,0 92 43 1 34 88 85 14 11 83 0,92
PFG_MOEA,586,4,98.88,1134.43,0 4 24 45 94 66 53 80 76 9 55 96 57 95 73 41 12 27 13 0,55 76
PFG_MOEA,586,5,98.88,1134.43,0 89 10 26 59 44 38 47 69 28 42 46 7 8 93 60 61 97 75 81 100 0,47 59
PFG_MOEA,586,6,98.88,1134.43,0 5 29 52 87 6 65 90 79 51 49 32 67 72 70 54 36 3 62 48 0,32 51 54 72
PFG_MOEA,587,1,172.71,848.77,0 89 10 26 59 44 38 47 69 28 42 76 9 7 8 79 51 49 32 3 36 54 70 72 67 86 82 0,3 10 67
PFG_MOEA,587,2,172.71,848.77,0 50 77 58 48 62 92 43 1 99 25 2 0,92
PFG_MOEA,587,3,172.71,848.77,0 34 21 37 33 22 23 84 56 39 68 18 19 91 20 17 31 16 40 35 71 15 30 64 78 74 63 88 85 98 14 11 83 96 46 0,15 20
PFG_MOEA,587,4,172.71,848.77,0 81 75 93 100 0,
PFG_MOEA,587,5,172.71,848.77,0 13 27 12 41 73 95 57 97 61 60 5 29 52 87 6 65 90 24 45 94 66 53 80 4 0,95
PFG_MOEA,587,6,172.71,848.77,0 55 0,55
PFG_MOEA,588,1,130.19,886.45,0 8 7 42 76 9 60 61 5 29 52 87 6 65 90 79 32 49 51 0,
PFG_MOEA,588,2,130.19,886.45,0 50 77 3 36 54 70 72 67 86 82 58 48 62 92 43 0,54 62
PFG_MOEA,588,3,130.19,886.45,0 2 25 34 21 33 37 68 39 56 84 23 22 1 99 0,
PFG_MOEA,588,4,130.19,886.45,0 20 91 19 31 17 18 16 40 35 71 15 98 85 88 63 74 78 64 30 0,
PFG_MOEA,588,5,130.19,886.45,0 81 46 96 83 11 14 95 57 0,
PFG_MOEA,588,6,130.19,886.45,0 4 80 53 66 94 45 24 97 100 93 75 55 28 69 47 38 44 59 26 10 89 73 41 12 27 13 0,55 59
PFG_MOEA,589,1,99.64,1067.22,0 57 97 61 60 5 29 52 87 6 65 90 24 45 94 66 0,
PFG_MOEA,589,2,99.64,1067.22,0 4 80 53 55 98 63 74 78 64 30 71 0,
PFG_MOEA,589,3,99.64,1067.22,0 99 2 25 89 10 26 59 44 38 47 69 28 42 76 9 7 8 79 0,10 79
PFG_MOEA,589,4,99.64,1067.22,0 51 49 32 3 36 54 70 72 67 86 82 58 77 62 48 50 0,36
PFG_MOEA,589,5,99.64,1067.22,0 92 43 34 1 21 37 33 22 23 84 56 39 68 18 19 91 20 17 31 0,84
PFG_MOEA,589,6,99.64,1067.22,0 16 40 35 15 88 85 14 11 83 96 95 73 41 12 27 13 100 93 75 81 46 0,15 41 85
PFG_MOEA,590,1,259.76,804.75,0 93 0,93
PFG_MOEA,590,2,259.76,804.75,0 100 81 75 97 61 60 5 29 52 87 6 65 90 79 0,
PFG_MOEA,590,3,259.76,804.75,0 83 11 14 98 85 88 63 74 78 64 30 15 71 35 31 17 40 16 18 19 20 91 21 33 37 68 39 56 84 23 22 1 34 99 2 25 43 92 62 48 50 77 58 82 86 67 72 70 54 36 3 32 49 51 45 24 4 0,18 22 32 51 58 62 70 71
PFG_MOEA,590,4,259.76,804.75,0 94 66 53 80 76 9 55 96 0,55 76
PFG_MOEA,590,5,259.76,804.75,0 57 95 73 41 12 27 13 0,95
PFG_MOEA,590,6,259.76,804.75,0 89 10 26 59 44 38 47 69 28 42 46 7 8 0,
PFG_MOEA,591,1,131.24,855.01,0 93 100 81 75 97 61 60 52 87 6 65 29 5 90 79 51 49 32 3 36 54 70 72 67 86 82 0,51 93
PFG_MOEA,591,2,131.24,855.01,0 50 77 58 48 62 92 43 25 2 0,92
PFG_MOEA,591,3,131.24,855.01,0 99 34 1 21 22 23 84 39 56 68 37 33 91 18 19 20 0,19
PFG_MOEA,591,4,131.24,855.01,0 13 27 12 41 73 30 64 78 74 63 88 85 98 15 71 35 40 16 31 17 0,85
PFG_MOEA,591,5,131.24,855.01,0 4 80 53 66 94 45 24 55 9 76 42 28 69 47 38 44 59 26 10 89 96 14 11 83 95 57 0,28 53
PFG_MOEA,591,6,131.24,855.01,0 46 7 8 0,7
PFG_MOEA,592,1,108.98,905.4,0 51 49 32 36 54 70 72 67 86 82 3 58 77 50 48 62 92 43 0,51 67
PFG_MOEA,592,2,108.98,905.4,0 2 25 34 21 33 37 68 39 56 84 23 22 1 99 0,
PFG_MOEA,592,3,108.98,905.4,0 20 91 19 31 17 18 16 40 35 71 15 30 64 78 74 63 88 85 98 11 83 0,91
PFG_MOEA,592,4,108.98,905.4,0 80 93 97 89 96 57 95 73 14 41 12 27 13 0,14 93
PFG_MOEA,592,5,108.98,905.4,0 10 26 59 44 38 47 69 28 42 46 7 8 4 53 66 94 0,
PFG_MOEA,592,6,108.98,905.4,0 45 24 79 90 65 6 87 52 29 5 61 60 75 55 9 76 81 100 0,55
PFG_MOEA,593,1,105.14,1054.54,0 2 25 43 34 21 33 37 82 86 67 72 70 54 36 3 77 58 62 48 92 0,72
PFG_MOEA,593,2,105.14,1054.54,0 99 1 22 23 84 56 39 68 19 31 17 20 91 0,19
PFG_MOEA,593,3,105.14,1054.54,0 18 16 73 41 100 93 97 75 55 28 69 47 38 44 59 26 10 89 0,
PFG_MOEA,593,4,105.14,1054.54,0 13 27 12 40 35 71 15 30 64 78 74 63 88 85 98 81 0,71
PFG_MOEA,593,5,105.14,1054.54,0 24 45 94 66 53 80 4 8 7 46 96 83 11 14 95 57 0,14
PFG_MOEA,593,6,105.14,1054.54,0 42 76 9 60 61 5 29 52 87 6 65 90 79 32 49 51 50 0,
PFG_MOEA,594,1,104.19,1056.66,0 19 18 91 21 22 33 37 68 56 39 84 23 82 86 67 72 70 54 36 3 0,33 39
PFG_MOEA,594,2,104.19,1056.66,0 50 77 58 48 62 92 43 2 1 16 40 71 35 31 17 0,40
PFG_MOEA,594,3,104.19,1056.66,0 13 27 12 73 15 98 85 88 63 74 78 64 30 41 99 34 25 0,15
PFG_MOEA,594,4,104.19,1056.66,0 4 80 53 66 94 45 24 55 9 76 42 14 11 83 95 57 96 89 10 0,95
PFG_MOEA,594,5,104.19,1056.66,0 26 59 44 38 47 69 28 46 7 8 93 100 81 75 97 61 60 52 87 6 0,28
PFG_MOEA,594,6,104.19,1056.66,0 5 29 65 90 79 32 49 51 20 0,
PFG_MOEA,595,1,98.88,1134.43,0 23 84 39 56 68 37 33 22 21 91 19 18 16 40 35 31 17 20 0,35
PFG_MOEA,595,2,98.88,1134.43,0 15 30 64 78 74 63 98 71 99 2 25 50 77 58 82 86 0,
PFG_MOEA,595,3,98.88,1134.43,0 92 43 1 34 88 85 14 11 83 0,92
PFG_MOEA,595,4,98.88,1134.43,0 4 24 45 94 66 53 80 76 9 55 96 57 95 73 41 12 27 13 0,55 76
PFG_MOEA,595,5,98.88,1134.43,0 89 10 26 59 44 38 47 69 28 42 46 7 8 93 60 61 97 75 81 100 0,47 59
PFG_MOEA,595,6,98.88,1134.43,0 5 29 52 87 6 65 90 79 51 49 32 67 72 70 54 36 3 62 48 0,32 51 54 72
PFG_MOEA,596,1,172.71,848.77,0 89 10 26 59 44 38 47 69 28 42 76 9 7 8 79 51 49 32 3 36 54 70 72 67 86 82 0,3 10 67
PFG_MOEA,596,2,172.71,848.77,0 50 77 58 48 62 92 43 1 99 25 2 0,92
PFG_MOEA,596,3,172.71,848.77,0 34 21 37 33 22 23 84 56 39 68 18 19 91 20 17 31 16 40 35 71 15 30 64 78 74 63 88 85 98 14 11 83 96 46 0,15 20
PFG_MOEA,596,4,172.71,848.77,0 81 75 93 100 0,
PFG_MOEA,596,5,172.71,848.77,0 13 27 12 41 73 95 57 97 61 60 5 29 52 87 6 65 90 24 45 94 66 53 80 4 0,95
PFG_MOEA,596,6,172.71,848.77,0 55 0,55
PFG_MOEA,597,1,130.19,886.45,0 8 7 42 76 9 60 61 5 29 52 87 6 65 90 79 32 49 51 0,
PFG_MOEA,597,2,130.19,886.45,0 50 77 3 36 54 70 72 67 86 82 58 48 62 92 43 0,54 62
PFG_MOEA,597,3,130.19,886.45,0 2 25 34 21 33 37 68 39 56 84 23 22 1 99 0,
PFG_MOEA,597,4,130.19,886.45,0 20 91 19 31 17 18 16 40 35 71 15 98 85 88 63 74 78 64 30 0,
PFG_MOEA,597,5,130.19,886.45,0 81 46 96 83 11 14 95 57 0,
PFG_MOEA,597,6,130.19,886.45,0 4 80 53 66 94 45 24 97 100 93 75 55 28 69 47 38 44 59 26 10 89 73 41 12 27 13 0,55 59
PFG_MOEA,598,1,99.64,1067.22,0 57 97 61 60 5 29 52 87 6 65 90 24 45 94 66 0,
PFG_MOEA,598,2,99.64,1067.22,0 4 80 53 55 98 63 74 78 64 30 71 0,
PFG_MOEA,598,3,99.64,1067.22,0 99 2 25 89 10 26 59 44 38 47 69 28 42 76 9 7 8 79 0,10 79
PFG_MOEA,598,4,99.64,1067.22,0 51 49 32 3 36 54 70 72 67 86 82 58 77 62 48 50 0,36
PFG_MOEA,598,5,99.64,1067.22,0 92 43 34 1 21 37 33 22 23 84 56 39 68 18 19 91 20 17 31 0,84
PFG_MOEA,598,6,99.64,1067.22,0 16 40 35 15 88 85 14 11 83 96 95 73 41 12 27 13 100 93 75 81 46 0,15 41 85
PFG_MOEA,599,1,259.76,804.75,0 93 0,93
PFG_MOEA,599,2,259.76,804.75,0 100 81 75 97 61 60 5 29 52 87 6 65 90 79 0,
PFG_MOEA,599,3,259.76,804.75,0 83 11 14 98 85 88 63 74 78 64 30 15 71 35 31 17 40 16 18 19 20 91 21 33 37 68 39 56 84 23 22 1 34 99 2 25 43 92 62 48 50 77 58 82 86 67 72 70 54 36 3 32 49 51 45 24 4 0,18 22 32 51 58 62 70 71
PFG_MOEA,599,4,259.76,804.75,0 94 66 53 80 76 9 55 96 0,55 76
PFG_MOEA,599,5,259.76,804.75,0 57 95 73 41 12 27 13 0,95
PFG_MOEA,599,6,259.76,804.75,0 89 10 26 59 44 38 47 69 28 42 46 7 8 0,
PFG_MOEA,600,1,131.24,855.01,0 93 100 81 75 97 61 60 52 87 6 65 29 5 90 79 51 49 32 3 36 54 70 72 67 86 82 0,51 93
PFG_MOEA,600,2,131.24,855.01,0 50 77 58 48 62 92 43 25 2 0,92
PFG_MOEA,600,3,131.24,855.01,0 99 34 1 21 22 23 84 39 56 68 37 33 91 18 19 20 0,19
PFG_MOEA,600,4,131.24,855.01,0 13 27 12 41 73 30 64 78 74 63 88 85 98 15 71 35 40 16 31 17 0,85
PFG_MOEA,600,5,131.24,855.01,0 4 80 53 66 94 45 24 55 9 76 42 28 69 47 38 44 59 26 10 89 96 14 11 83 95 57 0,28 53
PFG_MOEA,600,6,131.24,855.01,0 46 7 8 0,7
PFG_MOEA,601,1,108.98,905.4,0 51 49 32 36 54 70 72 67 86 82 3 58 77 50 48 62 92 43 0,51 67
PFG_MOEA,601,2,108.98,905.4,0 2 25 34 21 33 37 68 39 56 84 23 22 1 99 0,
PFG_MOEA,601,3,108.98,905.4,0 20 91 19 31 17 18 16 40 35 71 15 30 64 78 74 63 88 85 98 11 83 0,91
PFG_MOEA,601,4,108.98,905.4,0 80 93 97 89 96 57 95 73 14 41 12 27 13 0,14 93
PFG_MOEA,601,5,108.98,905.4,0 10 26 59 44 38 47 69 28 42 46 7 8 4 53 66 94 0,
PFG_MOEA,601,6,108.98,905.4,0 45 24 79 90 65 6 87 52 29 5 61 60 75 55 9 76 81 100 0,55
PFG_MOEA,602,1,105.14,1054.54,0 2 25 43 34 21 33 37 82 86 67 72 70 54 36 3 77 58 62 48 92 0,72
PFG_MOEA,602,2,105.14,1054.54,0 99 1 22 23 84 56 39 68 19 31 17 20 91 0,19
PFG_MOEA,602,3,105.14,1054.54,0 18 16 73 41 100 93 97 75 55 28 69 47 38 44 59 26 10 89 0,
PFG_MOEA,602,4,105.14,1054.54,0 13 27 12 40 35 71 15 30 64 78 74 63 88 85 98 81 0,71
PFG_MOEA,602,5,105.14,1054.54,0 24 45 94 66 53 80 4 8 7 46 96 83 11 14 95 57 0,14
PFG_MOEA,602,6,105.14,1054.54,0 42 76 9 60 61 5 29 52 87 6 65 90 79 32 49 51 50 0,
PFG_MOEA,603,1,104.19,1056.66,0 19 18 91 21 22 33 37 68 56 39 84 23 82 86 67 72 70 54 36 3 0,33 39
PFG_MOEA,603,2,104.19,1056.66,0 50 77 58 48 62 92 43 2 1 16 40 71 35 31 17 0,40
PFG_MOEA,603,3,104.19,1056.66,0 13 27 12 73 15 98 85 88 63 74 78 64 30 41 99 34 25 0,15
PFG_MOEA,603,4,104.19,1056.66,0 4 80 53 66 94 45 24 55 9 76 42 14 11 83 95 57 96 89 10 0,95
PFG_MOEA,603,5,104.19,1056.66,0 26 59 44 38 47 69 28 46 7 8 93 100 81 75 97 61 60 52 87 6 0,28
PFG_MOEA,603,6,104.19,1056.66,0 5 29 65 90 79 32 49 51 20 0,
PFG_MOEA,604,1,98.88,1134.43,0 23 84 39 56 68 37 33 22 21 91 19 18 16 40 35 31 17 20 0,35
PFG_MOEA,604,2,98.88,1134.43,0 15 30 64 78 74 63 98 71 99 2 25 50 77 58 82 86 0,
PFG_MOEA,604,3,98.88,1134.43,0 92 43 1 34 88 85 14 11 83 0,92
PFG_MOEA,604,4,98.88,1134.43,0 4 24 45 94 66 53 80 76 9 55 96 57 95 73 41 12 27 13 0,55 76
PFG_MOEA,604,5,98.88,1134.43,0 89 10 26 59 44 38 47 69 28 42 46 7 8 93 60 61 97 75 81 100 0,47 59
PFG_MOEA,604,6,98.88,1134.43,0 5 29 52 87 6 65 90 79 51 49 32 67 72 70 54 36 3 62 48 0,32 51 54 72
PFG_MOEA,605,1,172.71,848.77,0 89 10 26 59 44 38 47 69 28 42 76 9 7 8 79 51 49 32 3 36 54 70 72 67 86 82 0,3 10 67
PFG_MOEA,605,2,172.71,848.77,0 50 77 58 48 62 92 43 1 99 25 2 0,92
PFG_MOEA,605,3,172.71,848.77,0 34 21 37 33 22 23 84 56 39 68 18 19 91 20 17 31 16 40 35 71 15 30 64 78 74 63 88 85 98 14 11 83 96 46 0,15 20
PFG_MOEA,605,4,172.71,848.77,0 81 75 93 100 0,
PFG_MOEA,605,5,172.71,848.77,0 13 27 12 41 73 95 57 97 61 60 5 29 52 87 6 65 90 24 45 94 66 53 80 4 0,95
PFG_MOEA,605,6,172.71,848.77,0 55 0,55
PFG_MOEA,606,1,130.19,886.45,0 8 7 42 76 9 60 61 5 29 52 87 6 65 90 79 32 49 51 0,
PFG_MOEA,606,2,130.19,886.45,0 50 77 3 36 54 70 72 67 86 82 58 48 62 92 43 0,54 62
PFG_MOEA,606,3,130.19,886.45,0 2 25 34 21 33 37 68 39 56 84 23 22 1 99 0,
PFG_MOEA,606,4,130.19,886.45,0 20 91 19 31 17 18 16 40 35 71 15 98 85 88 63 74 78 64 30 0,
PFG_MOEA,606,5,130.19,886.45,0 81 46 96 83 11 14 95 57 0,
PFG_MOEA,606,6,130.19,886.45,0 4 80 53 66 94 45 24 97 100 93 75 55 28 69 47 38 44 59 26 10 89 73 41 12 27 13 0,55 59
PFG_MOEA,607,1,99.64,1067.22,0 57 97 61 60 5 29 52 87 6 65 90 24 45 94 66 0,
PFG_MOEA,607,2,99.64,1067.22,0 4 80 53 55 98 63 74 78 64 30 71 0,
PFG_MOEA,607,3,99.64,1067.22,0 99 2 25 89 10 26 59 44 38 47 69 28 42 76 9 7 8 79 0,10 79
PFG_MOEA,607,4,99.64,1067.22,0 51 49 32 3 36 54 70 72 67 86 82 58 77 62 48 50 0,36
PFG_MOEA,607,5,99.64,1067.22,0 92 43 34 1 21 37 33 22 23 84 56 39 68 18 19 91 20 17 31 0,84
PFG_MOEA,607,6,99.64,1067.22,0 16 40 35 15 88 85 14 11 83 96 95 73 41 12 27 13 100 93 75 81 46 0,15 41 85
PFG_MOEA,608,1,259.76,804.75,0 93 0,93
PFG_MOEA,608,2,259.76,804.75,0 100 81 75 97 61 60 5 29 52 87 6 65 90 79 0,
PFG_MOEA,608,3,259.76,804.75,0 83 11 14 98 85 88 63 74 78 64 30 15 71 35 31 17 40 16 18 19 20 91 21 33 37 68 39 56 84 23 22 1 34 99 2 25 43 92 62 48 50 77 58 82 86 67 72 70 54 36 3 32 49 51 45 24 4 0,18 22 32 51 58 62 70 71
PFG_MOEA,608,4,259.76,804.75,0 94 66 53 80 76 9 55 96 0,55 76
PFG_MOEA,608,5,259.76,804.75,0 57 95 73 41 12 27 13 0,95
PFG_MOEA,608,6,259.76,804.75,0 89 10 26 59 44 38 47 69 28 42 46 7 8 0,
PFG_MOEA,609,1,131.24,855.01,0 93 100 81 75 97 61 60 52 87 6 65 29 5 90 79 51 49 32 3 36 54 70 72 67 86 82 0,51 93
PFG_MOEA,609,2,131.24,855.01,0 50 77 58 48 62 92 43 25 2 0,92
PFG_MOEA,609,3,131.24,855.01,0 99 34 1 21 22 23 84 39 56 68 37 33 91 18 19 20 0,19
PFG_MOEA,609,4,131.24,855.01,0 13 27 12 41 73 30 64 78 74 63 88 85 98 15 71 35 40 16 31 17 0,85
PFG_MOEA,609,5,131.24,855.01,0 4 80 53 66 94 45 24 55 9 76 42 28 69 47 38 44 59 26 10 89 96 14 11 83 95 57 0,28 53
PFG_MOEA,609,6,131.24,855.01,0 46 7 8 0,7
PFG_MOEA,610,1,108.98,905.4,0 51 49 32 36 54 70 72 67 86 82 3 58 77 50 48 62 92 43 0,51 67
PFG_MOEA,610,2,108.98,905.4,0 2 25 34 21 33 37 68 39 56 84 23 22 1 99 0,
PFG_MOEA,610,3,108.98,905.4,0 20 91 19 31 17 18 16 40 35 71 15 30 64 78 74 63 88 85 98 11 83 0,91
PFG_MOEA,610,4,108.98,905.4,0 80 93 97 89 96 57 95 73 14 41 12 27 13 0,14 93
PFG_MOEA,610,5,108.98,905.4,0 10 26 59 44 38 47 69 28 42 46 7 8 4 53 66 94 0,
PFG_MOEA,610,6,108.98,905.4,0 45 24 79 90 65 6 87 52 29 5 61 60 75 55 9 76 81 100 0,55
PFG_MOEA,611,1,105.14,1054.54,0 2 25 43 34 21 33 37 82 86 67 72 70 54 36 3 77 58 62 48 92 0,72
PFG_MOEA,611,2,105.14,1054.54,0 99 1 22 23 84 56 39 68 19 31 17 20 91 0,19
PFG_MOEA,611,3,105.14,1054.54,0 18 16 73 41 100 93 97 75 55 28 69 47 38 44 59 26 10 89 0,
PFG_MOEA,611,4,105.14,1054.54,0 13 27 12 40 35 71 15 30 64 78 74 63 88 85 98 81 0,71
PFG_MOEA,611,5,105.14,1054.54,0 24 45 94 66 53 80 4 8 7 46 96 83 11 14 95 57 0,14
PFG_MOEA,611,6,105.14,1054.54,0 42 76 9 60 61 5 29 52 87 6 65 90 79 32 49 51 50 0,
PFG_MOEA,612,1,104.19,1056.66,0 19 18 91 21 22 33 37 68 56 39 84 23 82 86 67 72 70 54 36 3 0,33 39
PFG_MOEA,612,2,104.19,1056.66,0 50 77 58 48 62 92 43 2 1 16 40 71 35 31 17 0,40
PFG_MOEA,612,3,104.19,1056.66,0 13 27 12 73 15 98 85 88 63 74 78 64 30 41 99 34 25 0,15
PFG_MOEA,612,4,104.19,1056.66,0 4 80 53 66 94 45 24 55 9 76 42 14 11 83 95 57 96 89 10 0,95
PFG_MOEA,612,5,104.19,1056.66,0 26 59 44 38 47 69 28 46 7 8 93 100 81 75 97 61 60 52 87 6 0,28
PFG_MOEA,612,6,104.19,1056.66,0 5 29 65 90 79 32 49 51 20 0,
PFG_MOEA,613,1,98.88,1134.43,0 23 84 39 56 68 37 33 22 21 91 19 18 16 40 35 31 17 20 0,35
PFG_MOEA,613,2,98.88,1134.43,0 15 30 64 78 74 63 98 71 99 2 25 50 77 58 82 86 0,
PFG_MOEA,613,3,98.88,1134.43,0 92 43 1 34 88 85 14 11 83 0,92
PFG_MOEA,613,4,98.88,1134.43,0 4 24 45 94 66 53 80 76 9 55 96 57 95 73 41 12 27 13 0,55 76
PFG_MOEA,613,5,98.88,1134.43,0 89 10 26 59 44 38 47 69 28 42 46 7 8 93 60 61 97 75 81 100 0,47 59
PFG_MOEA,613,6,98.88,1134.43,0 5 29 52 87 6 65 90 79 51 49 32 67 72 70 54 36 3 62 48 0,32 51 54 72
PFG_MOEA,614,1,172.71,848.77,0 89 10 26 59 44 38 47 69 28 42 76 9 7 8 79 51 49 32 3 36 54 70 72 67 86 82 0,3 10 67
PFG_MOEA,614,2,172.71,848.77,0 50 77 58 48 62 92 43 1 99 25 2 0,92
PFG_MOEA,614,3,172.71,848.77,0 34 21 37 33 22 23 84 56 39 68 18 19 91 20 17 31 16 40 35 71 15 30 64 78 74 63 88 85 98 14 11 83 96 46 0,15 20
PFG_MOEA,614,4,172.71,848.77,0 81 75 93 100 0,
PFG_MOEA,614,5,172.71,848.77,0 13 27 12 41 73 95 57 97 61 60 5 29 52 87 6 65 90 24 45 94 66 53 80 4 0,95
PFG_MOEA,614,6,172.71,848.77,0 55 0,55
PFG_MOEA,615,1,130.19,886.45,0 8 7 42 76 9 60 61 5 29 52 87 6 65 90 79 32 49 51 0,
PFG_MOEA,615,2,130.19,886.45,0 50 77 3 36 54 70 72 67 86 82 58 48 62 92 43 0,54 62
PFG_MOEA,615,3,130.19,886.45,0 2 25 34 21 33 37 68 39 56 84 23 22 1 99 0,
PFG_MOEA,615,4,130.19,886.45,0 20 91 19 31 17 18 16 40 35 71 15 98 85 88 63 74 78 64 30 0,
PFG_MOEA,615,5,130.19,886.45,0 81 46 96 83 11 14 95 57 0,
PFG_MOEA,615,6,130.19,886.45,0 4 80 53 66 94 45 24 97 100 93 75 55 28 69 47 38 44 59 26 10 89 73 41 12 27 13 0,55 59
PFG_MOEA,616,1,99.64,1067.22,0 57 97 61 60 5 29 52 87 6 65 90 24 45 94 66 0,
PFG_MOEA,616,2,99.64,1067.22,0 4 80 53 55 98 63 74 78 64 30 71 0,
PFG_MOEA,616,3,99.64,1067.22,0 99 2 25 89 10 26 59 44 38 47 69 28 42 76 9 7 8 79 0,10 79
PFG_MOEA,616,4,99.64,1067.22,0 51 49 32 3 36 54 70 72 67 86 82 58 77 62 48 50 0,36
PFG_MOEA,616,5,99.64,1067.22,0 92 43 34 1 21 37 33 22 23 84 56 39 68 18 19 91 20 17 31 0,84
PFG_MOEA,616,6,99.64,1067.22,0 16 40 35 15 88 85 14 11 83 96 95 73 41 12 27 13 100 93 75 81 46 0,15 41 85
PFG_MOEA,617,1,259.76,804.75,0 93 0,93
PFG_MOEA,617,2,259.76,804.75,0 100 81 75 97 61 60 5 29 52 87 6 65 90 79 0,
PFG_MOEA,617,3,259.76,804.75,0 83 11 14 98 85 88 63 74 78 64 30 15 71 35 31 17 40 16 18 19 20 91 21 33 37 68 39 56 84 23 22 1 34 99 2 25 43 92 62 48 50 77 58 82 86 67 72 70 54 36 3 32 49 51 45 24 4 0,18 22 32 51 58 62 70 71
PFG_MOEA,617,4,259.76,804.75,0 94 66 53 80 76 9 55 96 0,55 76
PFG_MOEA,617,5,259.76,804.75,0 57 95 73 41 12 27 13 0,95
PFG_MOEA,617,6,259.76,804.75,0 89 10 26 59 44 38 47 69 28 42 46 7 8 0,
PFG_MOEA,618,1,131.24,855.01,0 93 100 81 75 97 61 60 52 87 6 65 29 5 90 79 51 49 32 3 36 54 70 72 67 86 82 0,51 93
PFG_MOEA,618,2,131.24,855.01,0 50 77 58 48 62 92 43 25 2 0,92
PFG_MOEA,618,3,131.24,855.01,0 99 34 1 21 22 23 84 39 56 68 37 33 91 18 19 20 0,19
PFG_MOEA,618,4,131.24,855.01,0 13 27 12 41 73 30 64 78 74 63 88 85 98 15 71 35 40 16 31 17 0,85
PFG_MOEA,618,5,131.24,855.01,0 4 80 53 66 94 45 24 55 9 76 42 28 69 47 38 44 59 26 10 89 96 14 11 83 95 57 0,28 53
PFG_MOEA,618,6,131.24,855.01,0 46 7 8 0,7
PFG_MOEA,619,1,108.98,905.4,0 51 49 32 36 54 70 72 67 86 82 3 58 77 50 48 62 92 43 0,51 67
PFG_MOEA,619,2,108.98,905.4,0 2 25 34 21 33 37 68 39 56 84 23 22 1 99 0,
PFG_MOEA,619,3,108.98,905.4,0 20 91 19 31 17 18 16 40 35 71 15 30 64 78 74 63 88 85 98 11 83 0,91
PFG_MOEA,619,4,108.98,905.4,0 80 93 97 89 96 57 95 73 14 41 12 27 13 0,14 93
PFG_MOEA,619,5,108.98,905.4,0 10 26 59 44 38 47 69 28 42 46 7 8 4 53 66 94 0,
PFG_MOEA,619,6,108.98,905.4,0 45 24 79 90 65 6 87 52 29 5 61 60 75 55 9 76 81 100 0,55
PFG_MOEA,620,1,105.14,1054.54,0 2 25 43 34 21 33 37 82 86 67 72 70 54 36 3 77 58 62 48 92 0,72
PFG_MOEA,620,2,105.14,1054.54,0 99 1 22 23 84 56 39 68 19 31 17 20 91 0,19
PFG_MOEA,620,3,105.14,1054.54,0 18 16 73 41 100 93 97 75 55 28 69 47 38 44 59 26 10 89 0,
PFG_MOEA,620,4,105.14,1054.54,0 13 27 12 40 35 71 15 30 64 78 74 63 88 85 98 81 0,71
PFG_MOEA,620,5,105.14,1054.54,0 24 45 94 66 53 80 4 8 7 46 96 83 11 14 95 57 0,14
PFG_MOEA,620,6,105.14,1054.54,0 42 76 9 60 61 5 29 52 87 6 65 90 79 32 49 51 50 0,
PFG_MOEA,621,1,104.19,1056.66,0 19 18 91 21 22 33 37 68 56 39 84 23 82 86 67 72 70 54 36 3 0,33 39
PFG_MOEA,621,2,104.19,1056.66,0 50 77 58 48 62 92 43 2 1 16 40 71 35 31 17 0,40
PFG_MOEA,621,3,104.19,1056.66,0 13 27 12 73 15 98 85 88 63 74 78 64 30 41 99 34 25 0,15
PFG_MOEA,621,4,104.19,1056.66,0 4 80 53 66 94 45 24 55 9 76 42 14 11 83 95 57 96 89 10 0,95
PFG_MOEA,621,5,104.19,1056.66,0 26 59 44 38 47 69 28 46 7 8 93 100 81 75 97 61 60 52 87 6 0,28
PFG_MOEA,621,6,104.19,1056.66,0 5 29 65 90 79 32 49 51 20 0,
PFG_MOEA,622,1,98.88,1134.43,0 23 84 39 56 68 37 33 22 21 91 19 18 16 40 35 31 17 20 0,35
PFG_MOEA,622,2,98.88,1134.43,0 15 30 64 78 74 63 98 71 99 2 25 50 77 58 82 86 0,
PFG_MOEA,622,3,98.88,1134.43,0 92 43 1 34 88 85 14 11 83 0,92
PFG_MOEA,622,4,98.88,1134.43,0 4 24 45 94 66 53 80 76 9 55 96 57 95 73 41 12 27 13 0,55 76
PFG_MOEA,622,5,98.88,1134.43,0 89 10 26 59 44 38 47 69 28 42 46 7 8 93 60 61 97 75 81 100 0,47 59
PFG_MOEA,622,6,98.88,1134.43,0 5 29 52 87 6 65 90 79 51 49 32 67 72 70 54 36 3 62 48 0,32 51 54 72
PFG_MOEA,623,1,172.71,848.77,0 89 10 26 59 44 38 47 69 28 42 76 9 7 8 79 51 49 32 3 36 54 70 72 67 86 82 0,3 10 67
PFG_MOEA,623,2,172.71,848.77,0 50 77 58 48 62 92 43 1 99 25 2 0,92
PFG_MOEA,623,3,172.71,848.77,0 34 21 37 33 22 23 84 56 39 68 18 19 91 20 17 31 16 40 35 71 15 30 64 78 74 63 88 85 98 14 11 83 96 46 0,15 20
PFG_MOEA,623,4,172.71,848.77,0 81 75 93 100 0,
PFG_MOEA,623,5,172.71,848.77,0 13 27 12 41 73 95 57 97 61 60 5 29 52 87 6 65 90 24 45 94 66 53 80 4 0,95
PFG_MOEA,623,6,172.71,848.77,0 55 0,55
PFG_MOEA,624,1,130.19,886.45,0 8 7 42 76 9 60 61 5 29 52 87 6 65 90 79 32 49 51 0,
PFG_MOEA,624,2,130.19,886.45,0 50 77 3 36 54 70 72 67 86 82 58 48 62 92 43 0,54 62
PFG_MOEA,624,3,130.19,886.45,0 2 25 34 21 33 37 68 39 56 84 23 22 1 99 0,
PFG_MOEA,624,4,130.19,886.45,0 20 91 19 31 17 18 16 40 35 71 15 98 85 88 63 74 78 64 30 0,
PFG_MOEA,624,5,130.19,886.45,0 81 46 96 83 11 14 95 57 0,
PFG_MOEA,624,6,130.19,886.45,0 4 80 53 66 94 45 24 97 100 93 75 55 28 69 47 38 44 59 26 10 89 73 41 12 27 13 0,55 59
PFG_MOEA,625,1,99.64,1067.22,0 57 97 61 60 5 29 52 87 6 65 90 24 45 94 66 0,
PFG_MOEA,625,2,99.64,1067.22,0 4 80 53 55 98 63 74 78 64 30 71 0,
PFG_MOEA,625,3,99.64,1067.22,0 99 2 25 89 10 26 59 44 38 47 69 28 42 76 9 7 8 79 0,10 79
PFG_MOEA,625,4,99.64,1067.22,0 51 49 32 3 36 54 70 72 67 86 82 58 77 62 48 50 0,36
PFG_MOEA,625,5,99.64,1067.22,0 92 43 34 1 21 37 33 22 23 84 56 39 68 18 19 91 20 17 31 0,84
PFG_MOEA,625,6,99.64,1067.22,0 16 40 35 15 88 85 14 11 83 96 95 73 41 12 27 13 100 93 75 81 46 0,15 41 85
PFG_MOEA,626,1,259.76,804.75,0 93 0,93
PFG_MOEA,626,2,259.76,804.75,0 100 81 75 97 61 60 5 29 52 87 6 65 90 79 0,
PFG_MOEA,626,3,259.76,804.75,0 83 11 14 98 85 88 63 74 78 64 30 15 71 35 31 17 40 16 18 19 20 91 21 33 37 68 39 56 84 23 22 1 34 99 2 25 43 92 62 48 50 77 58 82 86 67 72 70 54 36 3 32 49 51 45 24 4 0,18 22 32 51 58 62 70 71
PFG_MOEA,626,4,259.76,804.75,0 94 66 53 80 76 9 55 96 0,55 76
PFG_MOEA,626,5,259.76,804.75,0 57 95 73 41 12 27 13 0,95
PFG_MOEA,626,6,259.76,804.75,0 89 10 26 59 44 38 47 69 28 42 46 7 8 0,
PFG_MOEA,627,1,131.24,855.01,0 93 100 81 75 97 61 60 52 87 6 65 29 5 90 79 51 49 32 3 36 54 70 72 67 86 82 0,51 93
PFG_MOEA,627,2,131.24,855.01,0 50 77 58 48 62 92 43 25 2 0,92
PFG_MOEA,627,3,131.24,855.01,0 99 34 1 21 22 23 84 39 56 68 37 33 91 18 19 20 0,19
PFG_MOEA,627,4,131.24,855.01,0 13 27 12 41 73 30 64 78 74 63 88 85 98 15 71 35 40 16 31 17 0,85
PFG_MOEA,627,5,131.24,855.01,0 4 80 53 66 94 45 24 55 9 76 42 28 69 47 38 44 59 26 10 89 96 14 11 83 95 57 0,28 53
PFG_MOEA,627,6,131.24,855.01,0 46 7 8 0,7
PFG_MOEA,628,1,108.98,905.4,0 51 49 32 36 54 70 72 67 86 82 3 58 77 50 48 62 92 43 0,51 67
PFG_MOEA,628,2,108.98,905.4,0 2 25 34 21 33 37 68 39 56 84 23 22 1 99 0,
PFG_MOEA,628,3,108.98,905.4,0 20 91 19 31 17 18 16 40 35 71 15 30 64 78 74 63 88 85 98 11 83 0,91
PFG_MOEA,628,4,108.98,905.4,0 80 93 97 89 96 57 95 73 14 41 12 27 13 0,14 93
PFG_MOEA,628,5,108.98,905.4,0 10 26 59 44 38 47 69 28 42 46 7 8 4 53 66 94 0,
PFG_MOEA,628,6,108.98,905.4,0 45 24 79 90 65 6 87 52 29 5 61 60 75 55 9 76 81 100 0,55
PFG_MOEA,629,1,105.14,1054.54,0 2 25 43 34 21 33 37 82 86 67 72 70 54 36 3 77 58 62 48 92 0,72
PFG_MOEA,629,2,105.14,1054.54,0 99 1 22 23 84 56 39 68 19 31 17 20 91 0,19
PFG_MOEA,629,3,105.14,1054.54,0 18 16 73 41 100 93 97 75 55 28 69 47 38 44 59 26 10 89 0,
PFG_MOEA,629,4,105.14,1054.54,0 13 27 12 40 35 71 15 30 64 78 74 63 88 85 98 81 0,71
PFG_MOEA,629,5,105.14,1054.54,0 24 45 94 66 53 80 4 8 7 46 96 83 11 14 95 57 0,14
PFG_MOEA,629,6,105.14,1054.54,0 42 76 9 60 61 5 29 52 87 6 65 90 79 32 49 51 50 0,
PFG_MOEA,630,1,104.19,1056.66,0 19 18 91 21 22 33 37 68 56 39 84 23 82 86 67 72 70 54 36 3 0,33 39
PFG_MOEA,630,2,104.19,1056.66,0 50 77 58 48 62 92 43 2 1 16 40 71 35 31 17 0,40
PFG_MOEA,630,3,104.19,1056.66,0 13 27 12 73 15 98 85 88 63 74 78 64 30 41 99 34 25 0,15
PFG_MOEA,630,4,104.19,1056.66,0 4 80 53 66 94 45 24 55 9 76 42 14 11 83 95 57 96 89 10 0,95
PFG_MOEA,630,5,104.19,1056.66,0 26 59 44 38 47 69 28 46 7 8 93 100 81 75 97 61 60 52 87 6 0,28
PFG_MOEA,630,6,104.19,1056.66,0 5 29 65 90 79 32 49 51 20 0,
PFG_MOEA,631,1,98.88,1134.43,0 23 84 39 56 68 37 33 22 21 91 19 18 16 40 35 31 17 20 0,35
PFG_MOEA,631,2,98.88,1134.43,0 15 30 64 78 74 63 98 71 99 2 25 50 77 58 82 86 0,
PFG_MOEA,631,3,98.88,1134.43,0 92 43 1 34 88 85 14 11 83 0,92
PFG_MOEA,631,4,98.88,1134.43,0 4 24 45 94 66 53 80 76 9 55 96 57 95 73 41 12 27 13 0,55 76
PFG_MOEA,631,5,98.88,1134.43,0 89 10 26 59 44 38 47 69 28 42 46 7 8 93 60 61 97 75 81 100 0,47 59
PFG_MOEA,631,6,98.88,1134.43,0 5 29 52 87 6 65 90 79 51 49 32 67 72 70 54 36 3 62 48 0,32 51 54 72
PFG_MOEA,632,1,172.71,848.77,0 89 10 26 59 44 38 47 69 28 42 76 9 7 8 79 51 49 32 3 36 54 70 72 67 86 82 0,3 10 67
PFG_MOEA,632,2,172.71,848.77,0 50 77 58 48 62 92 43 1 99 25 2 0,92
PFG_MOEA,632,3,172.71,848.77,0 34 21 37 33 22 23 84 56 39 68 18 19 91 20 17 31 16 40 35 71 15 30 64 78 74 63 88 85 98 14 11 83 96 46 0,15 20
PFG_MOEA,632,4,172.71,848.77,0 81 75 93 100 0,
PFG_MOEA,632,5,172.71,848.77,0 13 27 12 41 73 95 57 97 61 60 5 29 52 87 6 65 90 24 45 94 66 53 80 4 0,95
PFG_MOEA,632,6,172.71,848.77,0 55 0,55
PFG_MOEA,633,1,130.19,886.45,0 8 7 42 76 9 60 61 5 29 52 87 6 65 90 79 32 49 51 0,
PFG_MOEA,633,2,130.19,886.45,0 50 77 3 36 54 70 72 67 86 82 58 48 62 92 43 0,54 62
PFG_MOEA,633,3,130.19,886.45,0 2 25 34 21 33 37 68 39 56 84 23 22 1 99 0,
PFG_MOEA,633,4,130.19,886.45,0 20 91 19 31 17 18 16 40 35 71 15 98 85 88 63 74 78 64 30 0,
PFG_MOEA,633,5,130.19,886.45,0 81 46 96 83 11 14 95 57 0,
PFG_MOEA,633,6,130.19,886.45,0 4 80 53 66 94 45 24 97 100 93 75 55 28 69 47 38 44 59 26 10 89 73 41 12 27 13 0,55 59
PFG_MOEA,634,1,99.64,1067.22,0 57 97 61 60 5 29 52 87 6 65 90 24 45 94 66 0,
PFG_MOEA,634,2,99.64,1067.22,0 4 80 53 55 98 63 74 78 64 30 71 0,
PFG_MOEA,634,3,99.64,1067.22,0 99 2 25 89 10 26 59 44 38 47 69 28 42 76 9 7 8 79 0,10 79
PFG_MOEA,634,4,99.64,1067.22,0 51 49 32 3 36 54 70 72 67 86 82 58 77 62 48 50 0,36
PFG_MOEA,634,5,99.64,1067.22,0 92 43 34 1 21 37 33 22 23 84 56 39 68 18 19 91 20 17 31 0,84
PFG_MOEA,634,6,99.64,1067.22,0 16 40 35 15 88 85 14 11 83 96 95 73 41 12 27 13 100 93 75 81 46 0,15 41 85
PFG_MOEA,635,1,259.76,804.75,0 93 0,93
PFG_MOEA,635,2,259.76,804.75,0 100 81 75 97 61 60 5 29 52 87 6 65 90 79 0,
PFG_MOEA,635,3,259.76,804.75,0 83 11 14 98 85 88 63 74 78 64 30 15 71 35 31 17 40 16 18 19 20 91 21 33 37 68 39 56 84 23 22 1 34 99 2 25 43 92 62 48 50 77 58 82 86 67 72 70 54 36 3 32 49 51 45 24 4 0,18 22 32 51 58 62 70 71
PFG_MOEA,635,4,259.76,804.75,0 94 66 53 80 76 9 55 96 0,55 76
PFG_MOEA,635,5,259.76,804.75,0 57 95 73 41 12 27 13 0,95
PFG_MOEA,635,6,259.76,804.75,0 89 10 26 59 44 38 47 69 28 42 46 7 8 0,
PFG_MOEA,636,1,131.24,855.01,0 93 100 81 75 97 61 60 52 87 6 65 29 5 90 79 51 49 32 3 36 54 70 72 67 86 82 0,51 93
PFG_MOEA,636,2,131.24,855.01,0 50 77 58 48 62 92 43 25 2 0,92
PFG_MOEA,636,3,131.24,855.01,0 99 34 1 21 22 23 84 39 56 68 37 33 91 18 19 20 0,19
PFG_MOEA,636,4,131.24,855.01,0 13 27 12 41 73 30 64 78 74 63 88 85 98 15 71 35 40 16 31 17 0,85
PFG_MOEA,636,5,131.24,855.01,0 4 80 53 66 94 45 24 55 9 76 42 28 69 47 38 44 59 26 10 89 96 14 11 83 95 57 0,28 53
PFG_MOEA,636,6,131.24,855.01,0 46 7 8 0,7
PFG_MOEA,637,1,108.98,905.4,0 51 49 32 36 54 70 72 67 86 82 3 58 77 50 48 62 92 43 0,51 67
PFG_MOEA,637,2,108.98,905.4,0 2 25 34 21 33 37 68 39 56 84 23 22 1 99 0,
PFG_MOEA,637,3,108.98,905.4,0 20 91 19 31 17 18 16 40 35 71 15 30 64 78 74 63 88 85 98 11 83 0,91
PFG_MOEA,637,4,108.98,905.4,0 80 93 97 89 96 57 95 73 14 41 12 27 13 0,14 93
PFG_MOEA,637,5,108.98,905.4,0 10 26 59 44 38 47 69 28 42 46 7 8 4 53 66 94 0,
PFG_MOEA,637,6,108.98,905.4,0 45 24 79 90 65 6 87 52 29 5 61 60 75 55 9 76 81 100 0,55
PFG_MOEA,638,1,105.14,1054.54,0 2 25 43 34 21 33 37 82 86 67 72 70 54 36 3 77 58 62 48 92 0,72
PFG_MOEA,638,2,105.14,1054.54,0 99 1 22 23 84 56 39 68 19 31 17 20 91 0,19
PFG_MOEA,638,3,105.14,1054.54,0 18 16 73 41 100 93 97 75 55 28 69 47 38 44 59 26 10 89 0,
PFG_MOEA,638,4,105.14,1054.54,0 13 27 12 40 35 71 15 30 64 78 74 63 88 85 98 81 0,71
PFG_MOEA,638,5,105.14,1054.54,0 24 45 94 66 53 80 4 8 7 46 96 83 11 14 95 57 0,14
PFG_MOEA,638,6,105.14,1054.54,0 42 76 9 60 61 5 29 52 87 6 65 90 79 32 49 51 50 0,
PFG_MOEA,639,1,104.19,1056.66,0 19 18 91 21 22 33 37 68 56 39 84 23 82 86 67 72 70 54 36 3 0,33 39
PFG_MOEA,639,2,104.19,1056.66,0 50 77 58 48 62 92 43 2 1 16 40 71 35 31 17 0,40
PFG_MOEA,639,3,104.19,1056.66,0 13 27 12 73 15 98 85 88 63 74 78 64 30 41 99 34 25 0,15
PFG_MOEA,639,4,104.19,1056.66,0 4 80 53 66 94 45 24 55 9 76 42 14 11 83 95 57 96 89 10 0,95
PFG_MOEA,639,5,104.19,1056.66,0 26 59 44 38 47 69 28 46 7 8 93 100 81 75 97 61 60 52 87 6 0,28
PFG_MOEA,639,6,104.19,1056.66,0 5 29 65 90 79 32 49 51 20 0,
PFG_MOEA,640,1,98.88,1134.43,0 23 84 39 56 68 37 33 22 21 91 19 18 16 40 35 31 17 20 0,35
PFG_MOEA,640,2,98.88,1134.43,0 15 30 64 78 74 63 98 71 99 2 25 50 77 58 82 86 0,
PFG_MOEA,640,3,98.88,1134.43,0 92 43 1 34 88 85 14 11 83 0,92
PFG_MOEA,640,4,98.88,1134.43,0 4 24 45 94 66 53 80 76 9 55 96 57 95 73 41 12 27 13 0,55 76
PFG_MOEA,640,5,98.88,1134.43,0 89 10 26 59 44 38 47 69 28 42 46 7 8 93 60 61 97 75 81 100 0,47 59
PFG_MOEA,640,6,98.88,1134.43,0 5 29 52 87 6 65 90 79 51 49 32 67 72 70 54 36 3 62 48 0,32 51 54 72
PFG_MOEA,641,1,172.71,848.77,0 89 10 26 59 44 38 47 69 28 42 76 9 7 8 79 51 49 32 3 36 54 70 72 67 86 82 0,3 10 67
PFG_MOEA,641,2,172.71,848.77,0 50 77 58 48 62 92 43 1 99 25 2 0,92
PFG_MOEA,641,3,172.71,848.77,0 34 21 37 33 22 23 84 56 39 68 18 19 91 20 17 31 16 40 35 71 15 30 64 78 74 63 88 85 98 14 11 83 96 46 0,15 20
PFG_MOEA,641,4,172.71,848.77,0 81 75 93 100 0,
PFG_MOEA,641,5,172.71,848.77,0 13 27 12 41 73 95 57 97 61 60 5 29 52 87 6 65 90 24 45 94 66 53 80 4 0,95
PFG_MOEA,641,6,172.71,848.77,0 55 0,55
PFG_MOEA,642,1,130.19,886.45,0 8 7 42 76 9 60 61 5 29 52 87 6 65 90 79 32 49 51 0,
PFG_MOEA,642,2,130.19,886.45,0 50 77 3 36 54 70 72 67 86 82 58 48 62 92 43 0,54 62
PFG_MOEA,642,3,130.19,886.45,0 2 25 34 21 33 37 68 39 56 84 23 22 1 99 0,
PFG_MOEA,642,4,130.19,886.45,0 20 91 19 31 17 18 16 40 35 71 15 98 85 88 63 74 78 64 30 0,
PFG_MOEA,642,5,130.19,886.45,0 81 46 96 83 11 14 95 57 0,
PFG_MOEA,642,6,130.19,886.45,0 4 80 53 66 94 45 24 97 100 93 75 55 28 69 47 38 44 59 26 10 89 73 41 12 27 13 0,55 59
PFG_MOEA,643,1,99.64,1067.22,0 57 97 61 60 5 29 52 87 6 65 90 24 45 94 66 0,
PFG_MOEA,643,2,99.64,1067.22,0 4 80 53 55 98 63 74 78 64 30 71 0,
PFG_MOEA,643,3,99.64,1067.22,0 99 2 25 89 10 26 59 44 38 47 69 28 42 76 9 7 8 79 0,10 79
PFG_MOEA,643,4,99.64,1067.22,0 51 49 32 3 36 54 70 72 67 86 82 58 77 62 48 50 0,36
PFG_MOEA,643,5,99.64,1067.22,0 92 43 34 1 21 37 33 22 23 84 56 39 68 18 19 91 20 17 31 0,84
PFG_MOEA,643,6,99.64,1067.22,0 16 40 35 15 88 85 14 11 83 96 95 73 41 12 27 13 100 93 75 81 46 0,15 41 85
PFG_MOEA,644,1,259.76,804.75,0 93 0,93
PFG_MOEA,644,2,259.76,804.75,0 100 81 75 97 61 60 5 29 52 87 6 65 90 79 0,
PFG_MOEA,644,3,259.76,804.75,0 83 11 14 98 85 88 63 74 78 64 30 15 71 35 31 17 40 16 18 19 20 91 21 33 37 68 39 56 84 23 22 1 34 99 2 25 43 92 62 48 50 77 58 82 86 67 72 70 54 36 3 32 49 51 45 24 4 0,18 22 32 51 58 62 70 71
PFG_MOEA,644,4,259.76,804.75,0 94 66 53 80 76 9 55 96 0,55 76
PFG_MOEA,644,5,259.76,804.75,0 57 95 73 41 12 27 13 0,95
PFG_MOEA,644,6,259.76,804.75,0 89 10 26 59 44 38 47 69 28 42 46 7 8 0,
PFG_MOEA,645,1,131.24,855.01,0 93 100 81 75 97 61 60 52 87 6 65 29 5 90 79 51 49 32 3 36 54 70 72 67 86 82 0,51 93
PFG_MOEA,645,2,131.24,855.01,0 50 77 58 48 62 92 43 25 2 0,92
PFG_MOEA,645,3,131.24,855.01,0 99 34 1 21 22 23 84 39 56 68 37 33 91 18 19 20 0,19
PFG_MOEA,645,4,131.24,855.01,0 13 27 12 41 73 30 64 78 74 63 88 85 98 15 71 35 40 16 31 17 0,85
PFG_MOEA,645,5,131.24,855.01,0 4 80 53 66 94 45 24 55 9 76 42 28 69 47 38 44 59 26 10 89 96 14 11 83 95 57 0,28 53
PFG_MOEA,645,6,131.24,855.01,0 46 7 8 0,7
PFG_MOEA,646,1,108.98,905.4,0 51 49 32 36 54 70 72 67 86 82 3 58 77 50 48 62 92 43 0,51 67
PFG_MOEA,646,2,108.98,905.4,0 2 25 34 21 33 37 68 39 56 84 23 22 1 99 0,
PFG_MOEA,646,3,108.98,905.4,0 20 91 19 31 17 18 16 40 35 71 15 30 64 78 74 63 88 85 98 11 83 0,91
PFG_MOEA,646,4,108.98,905.4,0 80 93 97 89 96 57 95 73 14 41 12 27 13 0,14 93
PFG_MOEA,646,5,108.98,905.4,0 10 26 59 44 38 47 69 28 42 46 7 8 4 53 66 94 0,
PFG_MOEA,646,6,108.98,905.4,0 45 24 79 90 65 6 87 52 29 5 61 60 75 55 9 76 81 100 0,55
PFG_MOEA,647,1,105.14,1054.54,0 2 25 43 34 21 33 37 82 86 67 72 70 54 36 3 77 58 62 48 92 0,72
PFG_MOEA,647,2,105.14,1054.54,0 99 1 22 23 84 56 39 68 19 31 17 20 91 0,19
PFG_MOEA,647,3,105.14,1054.54,0 18 16 73 41 100 93 97 75 55 28 69 47 38 44 59 26 10 89 0,
PFG_MOEA,647,4,105.14,1054.54,0 13 27 12 40 35 71 15 30 64 78 74 63 88 85 98 81 0,71
PFG_MOEA,647,5,105.14,1054.54,0 24 45 94 66 53 80 4 8 7 46 96 83 11 14 95 57 0,14
PFG_MOEA,647,6,105.14,1054.54,0 42 76 9 60 61 5 29 52 87 6 65 90 79 32 49 51 50 0,
PFG_MOEA,648,1,104.19,1056.66,0 19 18 91 21 22 33 37 68 56 39 84 23 82 86 67 72 70 54 36 3 0,33 39
PFG_MOEA,648,2,104.19,1056.66,0 50 77 58 48 62 92 43 2 1 16 40 71 35 31 17 0,40
PFG_MOEA,648,3,104.19,1056.66,0 13 27 12 73 15 98 85 88 63 74 78 64 30 41 99 34 25 0,15
PFG_MOEA,648,4,104.19,1056.66,0 4 80 53 66 94 45 24 55 9 76 42 14 11 83 95 57 96 89 10 0,95
PFG_MOEA,648,5,104.19,1056.66,0 26 59 44 38 47 69 28 46 7 8 93 100 81 75 97 61 60 52 87 6 0,28
PFG_MOEA,648,6,104.19,1056.66,0 5 29 65 90 79 32 49 51 20 0,
PFG_MOEA,649,1,98.88,1134.43,0 23 84 39 56 68 37 33 22 21 91 19 18 16 40 35 31 17 20 0,35
PFG_MOEA,649,2,98.88,1134.43,0 15 30 64 78 74 63 98 71 99 2 25 50 77 58 82 86 0,
PFG_MOEA,649,3,98.88,1134.43,0 92 43 1 34 88 85 14 11 83 0,92
PFG_MOEA,649,4,98.88,1134.43,0 4 24 45 94 66 53 80 76 9 55 96 57 95 73 41 12 27 13 0,55 76
PFG_MOEA,649,5,98.88,1134.43,0 89 10 26 59 44 38 47 69 28 42 46 7 8 93 60 61 97 75 81 100 0,47 59
PFG_MOEA,649,6,98.88,1134.43,0 5 29 52 87 6 65 90 79 51 49 32 67 72 70 54 36 3 62 48 0,32 51 54 72
PFG_MOEA,650,1,172.71,848.77,0 89 10 26 59 44 38 47 69 28 42 76 9 7 8 79 51 49 32 3 36 54 70 72 67 86 82 0,3 10 67
PFG_MOEA,650,2,172.71,848.77,0 50 77 58 48 62 92 43 1 99 25 2 0,92
PFG_MOEA,650,3,172.71,848.77,0 34 21 37 33 22 23 84 56 39 68 18 19 91 20 17 31 16 40 35 71 15 30 64 78 74 63 88 85 98 14 11 83 96 46 0,15 20
PFG_MOEA,650,4,172.71,848.77,0 81 75 93 100 0,
PFG_MOEA,650,5,172.71,848.77,0 13 27 12 41 73 95 57 97 61 60 5 29 52 87 6 65 90 24 45 94 66 53 80 4 0,95
PFG_MOEA,650,6,172.71,848.77,0 55 0,55
PFG_MOEA,651,1,130.19,886.45,0 8 7 42 76 9 60 61 5 29 52 87 6 65 90 79 32 49 51 0,
PFG_MOEA,651,2,130.19,886.45,0 50 77 3 36 54 70 72 67 86 82 58 48 62 92 43 0,54 62
PFG_MOEA,651,3,130.19,886.45,0 2 25 34 21 33 37 68 39 56 84 23 22 1 99 0,
PFG_MOEA,651,4,130.19,886.45,0 20 91 19 31 17 18 16 40 35 71 15 98 85 88 63 74 78 64 30 0,
PFG_MOEA,651,5,130.19,886.45,0 81 46 96 83 11 14 95 57 0,
PFG_MOEA,651,6,130.19,886.45,0 4 80 53 66 94 45 24 97 100 93 75 55 28 69 47 38 44 59 26 10 89 73 41 12 27 13 0,55 59
PFG_MOEA,652,1,99.64,1067.22,0 57 97 61 60 5 29 52 87 6 65 90 24 45 94 66 0,
PFG_MOEA,652,2,99.64,1067.22,0 4 80 53 55 98 63 74 78 64 30 71 0,
PFG_MOEA,652,3,99.64,1067.22,0 99 2 25 89 10 26 59 44 38 47 69 28 42 76 9 7 8 79 0,10 79
PFG_MOEA,652,4,99.64,1067.22,0 51 49 32 3 36 54 70 72 67 86 82 58 77 62 48 50 0,36
PFG_MOEA,652,5,99.64,1067.22,0 92 43 34 1 21 37 33 22 23 84 56 39 68 18 19 91 20 17 31 0,84
PFG_MOEA,652,6,99.64,1067.22,0 16 40 35 15 88 85 14 11 83 96 95 73 41 12 27 13 100 93 75 81 46 0,15 41 85
PFG_MOEA,653,1,259.76,804.75,0 93 0,93
PFG_MOEA,653,2,259.76,804.75,0 100 81 75 97 61 60 5 29 52 87 6 65 90 79 0,
PFG_MOEA,653,3,259.76,804.75,0 83 11 14 98 85 88 63 74 78 64 30 15 71 35 31 17 40 16 18 19 20 91 21 33 37 68 39 56 84 23 22 1 34 99 2 25 43 92 62 48 50 77 58 82 86 67 72 70 54 36 3 32 49 51 45 24 4 0,18 22 32 51 58 62 70 71
PFG_MOEA,653,4,259.76,804.75,0 94 66 53 80 76 9 55 96 0,55 76
PFG_MOEA,653,5,259.76,804.75,0 57 95 73 41 12 27 13 0,95
PFG_MOEA,653,6,259.76,804.75,0 89 10 26 59 44 38 47 69 28 42 46 7 8 0,
PFG_MOEA,654,1,131.24,855.01,0 93 100 81 75 97 61 60 52 87 6 65 29 5 90 79 51 49 32 3 36 54 70 72 67 86 82 0,51 93
PFG_MOEA,654,2,131.24,855.01,0 50 77 58 48 62 92 43 25 2 0,92
PFG_MOEA,654,3,131.24,855.01,0 99 34 1 21 22 23 84 39 56 68 37 33 91 18 19 20 0,19
PFG_MOEA,654,4,131.24,855.01,0 13 27 12 41 73 30 64 78 74 63 88 85 98 15 71 35 40 16 31 17 0,85
PFG_MOEA,654,5,131.24,855.01,0 4 80 53 66 94 45 24 55 9 76 42 28 69 47 38 44 59 26 10 89 96 14 11 83 95 57 0,28 53
PFG_MOEA,654,6,131.24,855.01,0 46 7 8 0,7
PFG_MOEA,655,1,108.98,905.4,0 51 49 32 36 54 70 72 67 86 82 3 58 77 50 48 62 92 43 0,51 67
PFG_MOEA,655,2,108.98,905.4,0 2 25 34 21 33 37 68 39 56 84 23 22 1 99 0,
PFG_MOEA,655,3,108.98,905.4,0 20 91 19 31 17 18 16 40 35 71 15 30 64 78 74 63 88 85 98 11 83 0,91
PFG_MOEA,655,4,108.98,905.4,0 80 93 97 89 96 57 95 73 14 41 12 27 13 0,14 93
PFG_MOEA,655,5,108.98,905.4,0 10 26 59 44 38 47 69 28 42 46 7 8 4 53 66 94 0,
PFG_MOEA,655,6,108.98,905.4,0 45 24 79 90 65 6 87 52 29 5 61 60 75 55 9 76 81 100 0,55
PFG_MOEA,656,1,105.14,1054.54,0 2 25 43 34 21 33 37 82 86 67 72 70 54 36 3 77 58 62 48 92 0,72
PFG_MOEA,656,2,105.14,1054.54,0 99 1 22 23 84 56 39 68 19 31 17 20 91 0,19
PFG_MOEA,656,3,105.14,1054.54,0 18 16 73 41 100 93 97 75 55 28 69 47 38 44 59 26 10 89 0,
PFG_MOEA,656,4,105.14,1054.54,0 13 27 12 40 35 71 15 30 64 78 74 63 88 85 98 81 0,71
PFG_MOEA,656,5,105.14,1054.54,0 24 45 94 66 53 80 4 8 7 46 96 83 11 14 95 57 0,14
PFG_MOEA,656,6,105.14,1054.54,0 42 76 9 60 61 5 29 52 87 6 65 90 79 32 49 51 50 0,
PFG_MOEA,657,1,104.19,1056.66,0 19 18 91 21 22 33 37 68 56 39 84 23 82 86 67 72 70 54 36 3 0,33 39
PFG_MOEA,657,2,104.19,1056.66,0 50 77 58 48 62 92 43 2 1 16 40 71 35 31 17 0,40
PFG_MOEA,657,3,104.19,1056.66,0 13 27 12 73 15 98 85 88 63 74 78 64 30 41 99 34 25 0,15
PFG_MOEA,657,4,104.19,1056.66,0 4 80 53 66 94 45 24 55 9 76 42 14 11 83 95 57 96 89 10 0,95
PFG_MOEA,657,5,104.19,1056.66,0 26 59 44 38 47 69 28 46 7 8 93 100 81 75 97 61 60 52 87 6 0,28
PFG_MOEA,657,6,104.19,1056.66,0 5 29 65 90 79 32 49 51 20 0,
PFG_MOEA,658,1,98.88,1134.43,0 23 84 39 56 68 37 33 22 21 91 19 18 16 40 35 31 17 20 0,35
PFG_MOEA,658,2,98.88,1134.43,0 15 30 64 78 74 63 98 71 99 2 25 50 77 58 82 86 0,
PFG_MOEA,658,3,98.88,1134.43,0 92 43 1 34 88 85 14 11 83 0,92
PFG_MOEA,658,4,98.88,1134.43,0 4 24 45 94 66 53 80 76 9 55 96 57 95 73 41 12 27 13 0,55 76
PFG_MOEA,658,5,98.88,1134.43,0 89 10 26 59 44 38 47 69 28 42 46 7 8 93 60 61 97 75 81 100 0,47 59
PFG_MOEA,658,6,98.88,1134.43,0 5 29 52 87 6 65 90 79 51 49 32 67 72 70 54 36 3 62 48 0,32 51 54 72
PFG_MOEA,659,1,172.71,848.77,0 89 10 26 59 44 38 47 69 28 42 76 9 7 8 79 51 49 32 3 36 54 70 72 67 86 82 0,3 10 67
PFG_MOEA,659,2,172.71,848.77,0 50 77 58 48 62 92 43 1 99 25 2 0,92
PFG_MOEA,659,3,172.71,848.77,0 34 21 37 33 22 23 84 56 39 68 18 19 91 20 17 31 16 40 35 71 15 30 64 78 74 63 88 85 98 14 11 83 96 46 0,15 20
PFG_MOEA,659,4,172.71,848.77,0 81 75 93 100 0,
PFG_MOEA,659,5,172.71,848.77,0 13 27 12 41 73 95 57 97 61 60 5 29 52 87 6 65 90 24 45 94 66 53 80 4 0,95
PFG_MOEA,659,6,172.71,848.77,0 55 0,55
PFG_MOEA,660,1,130.19,886.45,0 8 7 42 76 9 60 61 5 29 52 87 6 65 90 79 32 49 51 0,
PFG_MOEA,660,2,130.19,886.45,0 50 77 3 36 54 70 72 67 86 82 58 48 62 92 43 0,54 62
PFG_MOEA,660,3,130.19,886.45,0 2 25 34 21 33 37 68 39 56 84 23 22 1 99 0,
PFG_MOEA,660,4,130.19,886.45,0 20 91 19 31 17 18 16 40 35 71 15 98 85 88 63 74 78 64 30 0,
PFG_MOEA,660,5,130.19,886.45,0 81 46 96 83 11 14 95 57 0,
PFG_MOEA,660,6,130.19,886.45,0 4 80 53 66 94 45 24 97 100 93 75 55 28 69 47 38 44 59 26 10 89 73 41 12 27 13 0,55 59
PFG_MOEA,661,1,99.64,1067.22,0 57 97 61 60 5 29 52 87 6 65 90 24 45 94 66 0,
PFG_MOEA,661,2,99.64,1067.22,0 4 80 53 55 98 63 74 78 64 30 71 0,
PFG_MOEA,661,3,99.64,1067.22,0 99 2 25 89 10 26 59 44 38 47 69 28 42 76 9 7 8 79 0,10 79
PFG_MOEA,661,4,99.64,1067.22,0 51 49 32 3 36 54 70 72 67 86 82 58 77 62 48 50 0,36
PFG_MOEA,661,5,99.64,1067.22,0 92 43 34 1 21 37 33 22 23 84 56 39 68 18 19 91 20 17 31 0,84
PFG_MOEA,661,6,99.64,1067.22,0 16 40 35 15 88 85 14 11 83 96 95 73 41 12 27 13 100 93 75 81 46 0,15 41 85
PFG_MOEA,662,1,259.76,804.75,0 93 0,93
PFG_MOEA,662,2,259.76,804.75,0 100 81 75 97 61 60 5 29 52 87 6 65 90 79 0,
PFG_MOEA,662,3,259.76,804.75,0 83 11 14 98 85 88 63 74 78 64 30 15 71 35 31 17 40 16 18 19 20 91 21 33 37 68 39 56 84 23 22 1 34 99 2 25 43 92 62 48 50 77 58 82 86 67 72 70 54 36 3 32 49 51 45 24 4 0,18 22 32 51 58 62 70 71
PFG_MOEA,662,4,259.76,804.75,0 94 66 53 80 76 9 55 96 0,55 76
PFG_MOEA,662,5,259.76,804.75,0 57 95 73 41 12 27 13 0,95
PFG_MOEA,662,6,259.76,804.75,0 89 10 26 59 44 38 47 69 28 42 46 7 8 0,
PFG_MOEA,663,1,131.24,855.01,0 93 100 81 75 97 61 60 52 87 6 65 29 5 90 79 51 49 32 3 36 54 70 72 67 86 82 0,51 93
PFG_MOEA,663,2,131.24,855.01,0 50 77 58 48 62 92 43 25 2 0,92
PFG_MOEA,663,3,131.24,855.01,0 99 34 1 21 22 23 84 39 56 68 37 33 91 18 19 20 0,19
PFG_MOEA,663,4,131.24,855.01,0 13 27 12 41 73 30 64 78 74 63 88 85 98 15 71 35 40 16 31 17 0,85
PFG_MOEA,663,5,131.24,855.01,0 4 80 53 66 94 45 24 55 9 76 42 28 69 47 38 44 59 26 10 89 96 14 11 83 95 57 0,28 53
PFG_MOEA,663,6,131.24,855.01,0 46 7 8 0,7
PFG_MOEA,664,1,108.98,905.4,0 51 49 32 36 54 70 72 67 86 82 3 58 77 50 48 62 92 43 0,51 67
PFG_MOEA,664,2,108.98,905.4,0 2 25 34 21 33 37 68 39 56 84 23 22 1 99 0,
PFG_MOEA,664,3,108.98,905.4,0 20 91 19 31 17 18 16 40 35 71 15 30 64 78 74 63 88 85 98 11 83 0,91
PFG_MOEA,664,4,108.98,905.4,0 80 93 97 89 96 57 95 73 14 41 12 27 13 0,14 93
PFG_MOEA,664,5,108.98,905.4,0 10 26 59 44 38 47 69 28 42 46 7 8 4 53 66 94 0,
PFG_MOEA,664,6,108.98,905.4,0 45 24 79 90 65 6 87 52 29 5 61 60 75 55 9 76 81 100 0,55
PFG_MOEA,665,1,105.14,1054.54,0 2 25 43 34 21 33 37 82 86 67 72 70 54 36 3 77 58 62 48 92 0,72
PFG_MOEA,665,2,105.14,1054.54,0 99 1 22 23 84 56 39 68 19 31 17 20 91 0,19
PFG_MOEA,665,3,105.14,1054.54,0 18 16 73 41 100 93 97 75 55 28 69 47 38 44 59 26 10 89 0,
PFG_MOEA,665,4,105.14,1054.54,0 13 27 12 40 35 71 15 30 64 78 74 63 88 85 98 81 0,71
PFG_MOEA,665,5,105.14,1054.54,0 24 45 94 66 53 80 4 8 7 46 96 83 11 14 95 57 0,14
PFG_MOEA,665,6,105.14,1054.54,0 42 76 9 60 61 5 29 52 87 6 65 90 79 32 49 51 50 0,
PFG_MOEA,666,1,104.19,1056.66,0 19 18 91 21 22 33 37 68 56 39 84 23 82 86 67 72 70 54 36 3 0,33 39
PFG_MOEA,666,2,104.19,1056.66,0 50 77 58 48 62 92 43 2 1 16 40 71 35 31 17 0,40
PFG_MOEA,666,3,104.19,1056.66,0 13 27 12 73 15 98 85 88 63 74 78 64 30 41 99 34 25 0,15
PFG_MOEA,666,4,104.19,1056.66,0 4 80 53 66 94 45 24 55 9 76 42 14 11 83 95 57 96 89 10 0,95
PFG_MOEA,666,5,104.19,1056.66,0 26 59 44 38 47 69 28 46 7 8 93 100 81 75 97 61 60 52 87 6 0,28
PFG_MOEA,666,6,104.19,1056.66,0 5 29 65 90 79 32 49 51 20 0,
PFG_MOEA,667,1,98.88,1134.43,0 23 84 39 56 68 37 33 22 21 91 19 18 16 40 35 31 17 20 0,35
PFG_MOEA,667,2,98.88,1134.43,0 15 30 64 78 74 63 98 71 99 2 25 50 77 58 82 86 0,
PFG_MOEA,667,3,98.88,1134.43,0 92 43 1 34 88 85 14 11 83 0,92
PFG_MOEA,667,4,98.88,1134.43,0 4 24 45 94 66 53 80 76 9 55 96 57 95 73 41 12 27 13 0,55 76
PFG_MOEA,667,5,98.88,1134.43,0 89 10 26 59 44 38 47 69 28 42 46 7 8 93 60 61 97 75 81 100 0,47 59
PFG_MOEA,667,6,98.88,1134.43,0 5 29 52 87 6 65 90 79 51 49 32 67 72 70 54 36 3 62 48 0,32 51 54 72
PFG_MOEA,668,1,172.71,848.77,0 89 10 26 59 44 38 47 69 28 42 76 9 7 8 79 51 49 32 3 36 54 70 72 67 86 82 0,3 10 67
PFG_MOEA,668,2,172.71,848.77,0 50 77 58 48 62 92 43 1 99 25 2 0,92
PFG_MOEA,668,3,172.71,848.77,0 34 21 37 33 22 23 84 56 39 68 18 19 91 20 17 31 16 40 35 71 15 30 64 78 74 63 88 85 98 14 11 83 96 46 0,15 20
PFG_MOEA,668,4,172.71,848.77,0 81 75 93 100 0,
PFG_MOEA,668,5,172.71,848.77,0 13 27 12 41 73 95 57 97 61 60 5 29 52 87 6 65 90 24 45 94 66 53 80 4 0,95
PFG_MOEA,668,6,172.71,848.77,0 55 0,55
PFG_MOEA,669,1,130.19,886.45,0 8 7 42 76 9 60 61 5 29 52 87 6 65 90 79 32 49 51 0,
PFG_MOEA,669,2,130.19,886.45,0 50 77 3 36 54 70 72 67 86 82 58 48 62 92 43 0,54 62
PFG_MOEA,669,3,130.19,886.45,0 2 25 34 21 33 37 68 39 56 84 23 22 1 99 0,
PFG_MOEA,669,4,130.19,886.45,0 20 91 19 31 17 18 16 40 35 71 15 98 85 88 63 74 78 64 30 0,
PFG_MOEA,669,5,130.19,886.45,0 81 46 96 83 11 14 95 57 0,
PFG_MOEA,669,6,130.19,886.45,0 4 80 53 66 94 45 24 97 100 93 75 55 28 69 47 38 44 59 26 10 89 73 41 12 27 13 0,55 59
PFG_MOEA,670,1,99.64,1067.22,0 57 97 61 60 5 29 52 87 6 65 90 24 45 94 66 0,
PFG_MOEA,670,2,99.64,1067.22,0 4 80 53 55 98 63 74 78 64 30 71 0,
PFG_MOEA,670,3,99.64,1067.22,0 99 2 25 89 10 26 59 44 38 47 69 28 42 76 9 7 8 79 0,10 79
PFG_MOEA,670,4,99.64,1067.22,0 51 49 32 3 36 54 70 72 67 86 82 58 77 62 48 50 0,36
PFG_MOEA,670,5,99.64,1067.22,0 92 43 34 1 21 37 33 22 23 84 56 39 68 18 19 91 20 17 31 0,84
PFG_MOEA,670,6,99.64,1067.22,0 16 40 35 15 88 85 14 11 83 96 95 73 41 12 27 13 100 93 75 81 46 0,15 41 85
PFG_MOEA,671,1,259.76,804.75,0 93 0,93
PFG_MOEA,671,2,259.76,804.75,0 100 81 75 97 61 60 5 29 52 87 6 65 90 79 0,
PFG_MOEA,671,3,259.76,804.75,0 83 11 14 98 85 88 63 74 78 64 30 15 71 35 31 17 40 16 18 19 20 91 21 33 37 68 39 56 84 23 22 1 34 99 2 25 43 92 62 48 50 77 58 82 86 67 72 70 54 36 3 32 49 51 45 24 4 0,18 22 32 51 58 62 70 71
PFG_MOEA,671,4,259.76,804.75,0 94 66 53 80 76 9 55 96 0,55 76
PFG_MOEA,671,5,259.76,804.75,0 57 95 73 41 12 27 13 0,95
PFG_MOEA,671,6,259.76,804.75,0 89 10 26 59 44 38 47 69 28 42 46 7 8 0,
PFG_MOEA,672,1,131.24,855.01,0 93 100 81 75 97 61 60 52 87 6 65 29 5 90 79 51 49 32 3 36 54 70 72 67 86 82 0,51 93
PFG_MOEA,672,2,131.24,855.01,0 50 77 58 48 62 92 43 25 2 0,92
PFG_MOEA,672,3,131.24,855.01,0 99 34 1 21 22 23 84 39 56 68 37 33 91 18 19 20 0,19
PFG_MOEA,672,4,131.24,855.01,0 13 27 12 41 73 30 64 78 74 63 88 85 98 15 71 35 40 16 31 17 0,85
PFG_MOEA,672,5,131.24,855.01,0 4 80 53 66 94 45 24 55 9 76 42 28 69 47 38 44 59 26 10 89 96 14 11 83 95 57 0,28 53
PFG_MOEA,672,6,131.24,855.01,0 46 7 8 0,7
PFG_MOEA,673,1,108.98,905.4,0 51 49 32 36 54 70 72 67 86 82 3 58 77 50 48 62 92 43 0,51 67
PFG_MOEA,673,2,108.98,905.4,0 2 25 34 21 33 37 68 39 56 84 23 22 1 99 0,
PFG_MOEA,673,3,108.98,905.4,0 20 91 19 31 17 18 16 40 35 71 15 30 64 78 74 63 88 85 98 11 83 0,91
PFG_MOEA,673,4,108.98,905.4,0 80 93 97 89 96 57 95 73 14 41 12 27 13 0,14 93
PFG_MOEA,673,5,108.98,905.4,0 10 26 59 44 38 47 69 28 42 46 7 8 4 53 66 94 0,
PFG_MOEA,673,6,108.98,905.4,0 45 24 79 90 65 6 87 52 29 5 61 60 75 55 9 76 81 100 0,55
PFG_MOEA,674,1,105.14,1054.54,0 2 25 43 34 21 33 37 82 86 67 72 70 54 36 3 77 58 62 48 92 0,72
PFG_MOEA,674,2,105.14,1054.54,0 99 1 22 23 84 56 39 68 19 31 17 20 91 0,19
PFG_MOEA,674,3,105.14,1054.54,0 18 16 73 41 100 93 97 75 55 28 69 47 38 44 59 26 10 89 0,
PFG_MOEA,674,4,105.14,1054.54,0 13 27 12 40 35 71 15 30 64 78 74 63 88 85 98 81 0,71
PFG_MOEA,674,5,105.14,1054.54,0 24 45 94 66 53 80 4 8 7 46 96 83 11 14 95 57 0,14
PFG_MOEA,674,6,105.14,1054.54,0 42 76 9 60 61 5 29 52 87 6 65 90 79 32 49 51 50 0,
PFG_MOEA,675,1,104.19,1056.66,0 19 18 91 21 22 33 37 68 56 39 84 23 82 86 67 72 70 54 36 3 0,33 39
PFG_MOEA,675,2,104.19,1056.66,0 50 77 58 48 62 92 43 2 1 16 40 71 35 31 17 0,40
PFG_MOEA,675,3,104.19,1056.66,0 13 27 12 73 15 98 85 88 63 74 78 64 30 41 99 34 25 0,15
PFG_MOEA,675,4,104.19,1056.66,0 4 80 53 66 94 45 24 55 9 76 42 14 11 83 95 57 96 89 10 0,95
PFG_MOEA,675,5,104.19,1056.66,0 26 59 44 38 47 69 28 46 7 8 93 100 81 75 97 61 60 52 87 6 0,28
PFG_MOEA,675,6,104.19,1056.66,0 5 29 65 90 79 32 49 51 20 0,
PFG_MOEA,676,1,98.88,1134.43,0 23 84 39 56 68 37 33 22 21 91 19 18 16 40 35 31 17 20 0,35
PFG_MOEA,676,2,98.88,1134.43,0 15 30 64 78 74 63 98 71 99 2 25 50 77 58 82 86 0,
PFG_MOEA,676,3,98.88,1134.43,0 92 43 1 34 88 85 14 11 83 0,92
PFG_MOEA,676,4,98.88,1134.43,0 4 24 45 94 66 53 80 76 9 55 96 57 95 73 41 12 27 13 0,55 76
PFG_MOEA,676,5,98.88,1134.43,0 89 10 26 59 44 38 47 69 28 42 46 7 8 93 60 61 97 75 81 100 0,47 59
PFG_MOEA,676,6,98.88,1134.43,0 5 29 52 87 6 65 90 79 51 49 32 67 72 70 54 36 3 62 48 0,32 51 54 72
PFG_MOEA,677,1,172.71,848.77,0 89 10 26 59 44 38 47 69 28 42 76 9 7 8 79 51 49 32 3 36 54 70 72 67 86 82 0,3 10 67
PFG_MOEA,677,2,172.71,848.77,0 50 77 58 48 62 92 43 1 99 25 2 0,92
PFG_MOEA,677,3,172.71,848.77,0 34 21 37 33 22 23 84 56 39 68 18 19 91 20 17 31 16 40 35 71 15 30 64 78 74 63 88 85 98 14 11 83 96 46 0,15 20
PFG_MOEA,677,4,172.71,848.77,0 81 75 93 100 0,
PFG_MOEA,677,5,172.71,848.77,0 13 27 12 41 73 95 57 97 61 60 5 29 52 87 6 65 90 24 45 94 66 53 80 4 0,95
PFG_MOEA,677,6,172.71,848.77,0 55 0,55
PFG_MOEA,678,1,130.19,886.45,0 8 7 42 76 9 60 61 5 29 52 87 6 65 90 79 32 49 51 0,
PFG_MOEA,678,2,130.19,886.45,0 50 77 3 36 54 70 72 67 86 82 58 48 62 92 43 0,54 62
PFG_MOEA,678,3,130.19,886.45,0 2 25 34 21 33 37 68 39 56 84 23 22 1 99 0,
PFG_MOEA,678,4,130.19,886.45,0 20 91 19 31 17 18 16 40 35 71 15 98 85 88 63 74 78 64 30 0,
PFG_MOEA,678,5,130.19,886.45,0 81 46 96 83 11 14 95 57 0,
PFG_MOEA,678,6,130.19,886.45,0 4 80 53 66 94 45 24 97 100 93 75 55 28 69 47 38 44 59 26 10 89 73 41 12 27 13 0,55 59
PFG_MOEA,679,1,99.64,1067.22,0 57 97 61 60 5 29 52 87 6 65 90 24 45 94 66 0,
PFG_MOEA,679,2,99.64,1067.22,0 4 80 53 55 98 63 74 78 64 30 71 0,
PFG_MOEA,679,3,99.64,1067.22,0 99 2 25 89 10 26 59 44 38 47 69 28 42 76 9 7 8 79 0,10 79
PFG_MOEA,679,4,99.64,1067.22,0 51 49 32 3 36 54 70 72 67 86 82 58 77 62 48 50 0,36
PFG_MOEA,679,5,99.64,1067.22,0 92 43 34 1 21 37 33 22 23 84 56 39 68 18 19 91 20 17 31 0,84
PFG_MOEA,679,6,99.64,1067.22,0 16 40 35 15 88 85 14 11 83 96 95 73 41 12 27 13 100 93 75 81 46 0,15 41 85
PFG_MOEA,680,1,259.76,804.75,0 93 0,93
PFG_MOEA,680,2,259.76,804.75,0 100 81 75 97 61 60 5 29 52 87 6 65 90 79 0,
PFG_MOEA,680,3,259.76,804.75,0 83 11 14 98 85 88 63 74 78 64 30 15 71 35 31 17 40 16 18 19 20 91 21 33 37 68 39 56 84 23 22 1 34 99 2 25 43 92 62 48 50 77 58 82 86 67 72 70 54 36 3 32 49 51 45 24 4 0,18 22 32 51 58 62 70 71
PFG_MOEA,680,4,259.76,804.75,0 94 66 53 80 76 9 55 96 0,55 76
PFG_MOEA,680,5,259.76,804.75,0 57 95 73 41 12 27 13 0,95
PFG_MOEA,680,6,259.76,804.75,0 89 10 26 59 44 38 47 69 28 42 46 7 8 0,
PFG_MOEA,681,1,131.24,855.01,0 93 100 81 75 97 61 60 52 87 6 65 29 5 90 79 51 49 32 3 36 54 70 72 67 86 82 0,51 93
PFG_MOEA,681,2,131.24,855.01,0 50 77 58 48 62 92 43 25 2 0,92
PFG_MOEA,681,3,131.24,855.01,0 99 34 1 21 22 23 84 39 56 68 37 33 91 18 19 20 0,19
PFG_MOEA,681,4,131.24,855.01,0 13 27 12 41 73 30 64 78 74 63 88 85 98 15 71 35 40 16 31 17 0,85
PFG_MOEA,681,5,131.24,855.01,0 4 80 53 66 94 45 24 55 9 76 42 28 69 47 38 44 59 26 10 89 96 14 11 83 95 57 0,28 53
PFG_MOEA,681,6,131.24,855.01,0 46 7 8 0,7
PFG_MOEA,682,1,108.98,905.4,0 51 49 32 36 54 70 72 67 86 82 3 58 77 50 48 62 92 43 0,51 67
PFG_MOEA,682,2,108.98,905.4,0 2 25 34 21 33 37 68 39 56 84 23 22 1 99 0,
PFG_MOEA,682,3,108.98,905.4,0 20 91 19 31 17 18 16 40 35 71 15 30 64 78 74 63 88 85 98 11 83 0,91
PFG_MOEA,682,4,108.98,905.4,0 80 93 97 89 96 57 95 73 14 41 12 27 13 0,14 93
PFG_MOEA,682,5,108.98,905.4,0 10 26 59 44 38 47 69 28 42 46 7 8 4 53 66 94 0,
PFG_MOEA,682,6,108.98,905.4,0 45 24 79 90 65 6 87 52 29 5 61 60 75 55 9 76 81 100 0,55
PFG_MOEA,683,1,105.14,1054.54,0 2 25 43 34 21 33 37 82 86 67 72 70 54 36 3 77 58 62 48 92 0,72
PFG_MOEA,683,2,105.14,1054.54,0 99 1 22 23 84 56 39 68 19 31 17 20 91 0,19
PFG_MOEA,683,3,105.14,1054.54,0 18 16 73 41 100 93 97 75 55 28 69 47 38 44 59 26 10 89 0,
PFG_MOEA,683,4,105.14,1054.54,0 13 27 12 40 35 71 15 30 64 78 74 63 88 85 98 81 0,71
PFG_MOEA,683,5,105.14,1054.54,0 24 45 94 66 53 80 4 8 7 46 96 83 11 14 95 57 0,14
PFG_MOEA,683,6,105.14,1054.54,0 42 76 9 60 61 5 29 52 87 6 65 90 79 32 49 51 50 0,
PFG_MOEA,684,1,104.19,1056.66,0 19 18 91 21 22 33 37 68 56 39 84 23 82 86 67 72 70 54 36 3 0,33 39
PFG_MOEA,684,2,104.19,1056.66,0 50 77 58 48 62 92 43 2 1 16 40 71 35 31 17 0,40
PFG_MOEA,684,3,104.19,1056.66,0 13 27 12 73 15 98 85 88 63 74 78 64 30 41 99 34 25 0,15
PFG_MOEA,684,4,104.19,1056.66,0 4 80 53 66 94 45 24 55 9 76 42 14 11 83 95 57 96 89 10 0,95
PFG_MOEA,684,5,104.19,1056.66,0 26 59 44 38 47 69 28 46 7 8 93 100 81 75 97 61 60 52 87 6 0,28
PFG_MOEA,684,6,104.19,1056.66,0 5 29 65 90 79 32 49 51 20 0,
PFG_MOEA,685,1,98.88,1134.43,0 23 84 39 56 68 37 33 22 21 91 19 18 16 40 35 31 17 20 0,35
PFG_MOEA,685,2,98.88,1134.43,0 15 30 64 78 74 63 98 71 99 2 25 50 77 58 82 86 0,
PFG_MOEA,685,3,98.88,1134.43,0 92 43 1 34 88 85 14 11 83 0,92
PFG_MOEA,685,4,98.88,1134.43,0 4 24 45 94 66 53 80 76 9 55 96 57 95 73 41 12 27 13 0,55 76
PFG_MOEA,685,5,98.88,1134.43,0 89 10 26 59 44 38 47 69 28 42 46 7 8 93 60 61 97 75 81 100 0,47 59
PFG_MOEA,685,6,98.88,1134.43,0 5 29 52 87 6 65 90 79 51 49 32 67 72 70 54 36 3 62 48 0,32 51 54 72
PFG_MOEA,686,1,172.71,848.77,0 89 10 26 59 44 38 47 69 28 42 76 9 7 8 79 51 49 32 3 36 54 70 72 67 86 82 0,3 10 67
PFG_MOEA,686,2,172.71,848.77,0 50 77 58 48 62 92 43 1 99 25 2 0,92
PFG_MOEA,686,3,172.71,848.77,0 34 21 37 33 22 23 84 56 39 68 18 19 91 20 17 31 16 40 35 71 15 30 64 78 74 63 88 85 98 14 11 83 96 46 0,15 20
PFG_MOEA,686,4,172.71,848.77,0 81 75 93 100 0,
PFG_MOEA,686,5,172.71,848.77,0 13 27 12 41 73 95 57 97 61 60 5 29 52 87 6 65 90 24 45 94 66 53 80 4 0,95
PFG_MOEA,686,6,172.71,848.77,0 55 0,55
PFG_MOEA,687,1,130.19,886.45,0 8 7 42 76 9 60 61 5 29 52 87 6 65 90 79 32 49 51 0,
PFG_MOEA,687,2,130.19,886.45,0 50 77 3 36 54 70 72 67 86 82 58 48 62 92 43 0,54 62
PFG_MOEA,687,3,130.19,886.45,0 2 25 34 21 33 37 68 39 56 84 23 22 1 99 0,
PFG_MOEA,687,4,130.19,886.45,0 20 91 19 31 17 18 16 40 35 71 15 98 85 88 63 74 78 64 30 0,
PFG_MOEA,687,5,130.19,886.45,0 81 46 96 83 11 14 95 57 0,
PFG_MOEA,687,6,130.19,886.45,0 4 80 53 66 94 45 24 97 100 93 75 55 28 69 47 38 44 59 26 10 89 73 41 12 27 13 0,55 59
PFG_MOEA,688,1,99.64,1067.22,0 57 97 61 60 5 29 52 87 6 65 90 24 45 94 66 0,
PFG_MOEA,688,2,99.64,1067.22,0 4 80 53 55 98 63 74 78 64 30 71 0,
PFG_MOEA,688,3,99.64,1067.22,0 99 2 25 89 10 26 59 44 38 47 69 28 42 76 9 7 8 79 0,10 79
PFG_MOEA,688,4,99.64,1067.22,0 51 49 32 3 36 54 70 72 67 86 82 58 77 62 48 50 0,36
PFG_MOEA,688,5,99.64,1067.22,0 92 43 34 1 21 37 33 22 23 84 56 39 68 18 19 91 20 17 31 0,84
PFG_MOEA,688,6,99.64,1067.22,0 16 40 35 15 88 85 14 11 83 96 95 73 41 12 27 13 100 93 75 81 46 0,15 41 85
PFG_MOEA,689,1,259.76,804.75,0 93 0,93
PFG_MOEA,689,2,259.76,804.75,0 100 81 75 97 61 60 5 29 52 87 6 65 90 79 0,
PFG_MOEA,689,3,259.76,804.75,0 83 11 14 98 85 88 63 74 78 64 30 15 71 35 31 17 40 16 18 19 20 91 21 33 37 68 39 56 84 23 22 1 34 99 2 25 43 92 62 48 50 77 58 82 86 67 72 70 54 36 3 32 49 51 45 24 4 0,18 22 32 51 58 62 70 71
PFG_MOEA,689,4,259.76,804.75,0 94 66 53 80 76 9 55 96 0,55 76
PFG_MOEA,689,5,259.76,804.75,0 57 95 73 41 12 27 13 0,95
PFG_MOEA,689,6,259.76,804.75,0 89 10 26 59 44 38 47 69 28 42 46 7 8 0,
PFG_MOEA,690,1,131.24,855.01,0 93 100 81 75 97 61 60 52 87 6 65 29 5 90 79 51 49 32 3 36 54 70 72 67 86 82 0,51 93
PFG_MOEA,690,2,131.24,855.01,0 50 77 58 48 62 92 43 25 2 0,92
PFG_MOEA,690,3,131.24,855.01,0 99 34 1 21 22 23 84 39 56 68 37 33 91 18 19 20 0,19
PFG_MOEA,690,4,131.24,855.01,0 13 27 12 41 73 30 64 78 74 63 88 85 98 15 71 35 40 16 31 17 0,85
PFG_MOEA,690,5,131.24,855.01,0 4 80 53 66 94 45 24 55 9 76 42 28 69 47 38 44 59 26 10 89 96 14 11 83 95 57 0,28 53
PFG_MOEA,690,6,131.24,855.01,0 46 7 8 0,7
PFG_MOEA,691,1,108.98,905.4,0 51 49 32 36 54 70 72 67 86 82 3 58 77 50 48 62 92 43 0,51 67
PFG_MOEA,691,2,108.98,905.4,0 2 25 34 21 33 37 68 39 56 84 23 22 1 99 0,
PFG_MOEA,691,3,108.98,905.4,0 20 91 19 31 17 18 16 40 35 71 15 30 64 78 74 63 88 85 98 11 83 0,91
PFG_MOEA,691,4,108.98,905.4,0 80 93 97 89 96 57 95 73 14 41 12 27 13 0,14 93
PFG_MOEA,691,5,108.98,905.4,0 10 26 59 44 38 47 69 28 42 46 7 8 4 53 66 94 0,
PFG_MOEA,691,6,108.98,905.4,0 45 24 79 90 65 6 87 52 29 5 61 60 75 55 9 76 81 100 0,55
PFG_MOEA,692,1,105.14,1054.54,0 2 25 43 34 21 33 37 82 86 67 72 70 54 36 3 77 58 62 48 92 0,72
PFG_MOEA,692,2,105.14,1054.54,0 99 1 22 23 84 56 39 68 19 31 17 20 91 0,19
PFG_MOEA,692,3,105.14,1054.54,0 18 16 73 41 100 93 97 75 55 28 69 47 38 44 59 26 10 89 0,
PFG_MOEA,692,4,105.14,1054.54,0 13 27 12 40 35 71 15 30 64 78 74 63 88 85 98 81 0,71
PFG_MOEA,692,5,105.14,1054.54,0 24 45 94 66 53 80 4 8 7 46 96 83 11 14 95 57 0,14
PFG_MOEA,692,6,105.14,1054.54,0 42 76 9 60 61 5 29 52 87 6 65 90 79 32 49 51 50 0,
PFG_MOEA,693,1,104.19,1056.66,0 19 18 91 21 22 33 37 68 56 39 84 23 82 86 67 72 70 54 36 3 0,33 39
PFG_MOEA,693,2,104.19,1056.66,0 50 77 58 48 62 92 43 2 1 16 40 71 35 31 17 0,40
PFG_MOEA,693,3,104.19,1056.66,0 13 27 12 73 15 98 85 88 63 74 78 64 30 41 99 34 25 0,15
PFG_MOEA,693,4,104.19,1056.66,0 4 80 53 66 94 45 24 55 9 76 42 14 11 83 95 57 96 89 10 0,95
PFG_MOEA,693,5,104.19,1056.66,0 26 59 44 38 47 69 28 46 7 8 93 100 81 75 97 61 60 52 87 6 0,28
PFG_MOEA,693,6,104.19,1056.66,0 5 29 65 90 79 32 49 51 20 0,
PFG_MOEA,694,1,98.88,1134.43,0 23 84 39 56 68 37 33 22 21 91 19 18 16 40 35 31 17 20 0,35
PFG_MOEA,694,2,98.88,1134.43,0 15 30 64 78 74 63 98 71 99 2 25 50 77 58 82 86 0,
PFG_MOEA,694,3,98.88,1134.43,0 92 43 1 34 88 85 14 11 83 0,92
PFG_MOEA,694,4,98.88,1134.43,0 4 24 45 94 66 53 80 76 9 55 96 57 95 73 41 12 27 13 0,55 76
PFG_MOEA,694,5,98.88,1134.43,0 89 10 26 59 44 38 47 69 28 42 46 7 8 93 60 61 97 75 81 100 0,47 59
PFG_MOEA,694,6,98.88,1134.43,0 5 29 52 87 6 65 90 79 51 49 32 67 72 70 54 36 3 62 48 0,32 51 54 72
PFG_MOEA,695,1,172.71,848.77,0 89 10 26 59 44 38 47 69 28 42 76 9 7 8 79 51 49 32 3 36 54 70 72 67 86 82 0,3 10 67
PFG_MOEA,695,2,172.71,848.77,0 50 77 58 48 62 92 43 1 99 25 2 0,92
PFG_MOEA,695,3,172.71,848.77,0 34 21 37 33 22 23 84 56 39 68 18 19 91 20 17 31 16 40 35 71 15 30 64 78 74 63 88 85 98 14 11 83 96 46 0,15 20
PFG_MOEA,695,4,172.71,848.77,0 81 75 93 100 0,
PFG_MOEA,695,5,172.71,848.77,0 13 27 12 41 73 95 57 97 61 60 5 29 52 87 6 65 90 24 45 94 66 53 80 4 0,95
PFG_MOEA,695,6,172.71,848.77,0 55 0,55
PFG_MOEA,696,1,130.19,886.45,0 8 7 42 76 9 60 61 5 29 52 87 6 65 90 79 32 49 51 0,
PFG_MOEA,696,2,130.19,886.45,0 50 77 3 36 54 70 72 67 86 82 58 48 62 92 43 0,54 62
PFG_MOEA,696,3,130.19,886.45,0 2 25 34 21 33 37 68 39 56 84 23 22 1 99 0,
PFG_MOEA,696,4,130.19,886.45,0 20 91 19 31 17 18 16 40 35 71 15 98 85 88 63 74 78 64 30 0,
PFG_MOEA,696,5,130.19,886.45,0 81 46 96 83 11 14 95 57 0,
PFG_MOEA,696,6,130.19,886.45,0 4 80 53 66 94 45 24 97 100 93 75 55 28 69 47 38 44 59 26 10 89 73 41 12 27 13 0,55 59
PFG_MOEA,697,1,99.64,1067.22,0 57 97 61 60 5 29 52 87 6 65 90 24 45 94 66 0,
PFG_MOEA,697,2,99.64,1067.22,0 4 80 53 55 98 63 74 78 64 30 71 0,
PFG_MOEA,697,3,99.64,1067.22,0 99 2 25 89 10 26 59 44 38 47 69 28 42 76 9 7 8 79 0,10 79
PFG_MOEA,697,4,99.64,1067.22,0 51 49 32 3 36 54 70 72 67 86 82 58 77 62 48 50 0,36
PFG_MOEA,697,5,99.64,1067.22,0 92 43 34 1 21 37 33 22 23 84 56 39 68 18 19 91 20 17 31 0,84
PFG_MOEA,697,6,99.64,1067.22,0 16 40 35 15 88 85 14 11 83 96 95 73 41 12 27 13 100 93 75 81 46 0,15 41 85
PFG_MOEA,698,1,259.76,804.75,0 93 0,93
PFG_MOEA,698,2,259.76,804.75,0 100 81 75 97 61 60 5 29 52 87 6 65 90 79 0,
PFG_MOEA,698,3,259.76,804.75,0 83 11 14 98 85 88 63 74 78 64 30 15 71 35 31 17 40 16 18 19 20 91 21 33 37 68 39 56 84 23 22 1 34 99 2 25 43 92 62 48 50 77 58 82 86 67 72 70 54 36 3 32 49 51 45 24 4 0,18 22 32 51 58 62 70 71
PFG_MOEA,698,4,259.76,804.75,0 94 66 53 80 76 9 55 96 0,55 76
PFG_MOEA,698,5,259.76,804.75,0 57 95 73 41 12 27 13 0,95
PFG_MOEA,698,6,259.76,804.75,0 89 10 26 59 44 38 47 69 28 42 46 7 8 0,
PFG_MOEA,699,1,131.24,855.01,0 93 100 81 75 97 61 60 52 87 6 65 29 5 90 79 51 49 32 3 36 54 70 72 67 86 82 0,51 93
PFG_MOEA,699,2,131.24,855.01,0 50 77 58 48 62 92 43 25 2 0,92
PFG_MOEA,699,3,131.24,855.01,0 99 34 1 21 22 23 84 39 56 68 37 33 91 18 19 20 0,19
PFG_MOEA,699,4,131.24,855.01,0 13 27 12 41 73 30 64 78 74 63 88 85 98 15 71 35 40 16 31 17 0,85
PFG_MOEA,699,5,131.24,855.01,0 4 80 53 66 94 45 24 55 9 76 42 28 69 47 38 44 59 26 10 89 96 14 11 83 95 57 0,28 53
PFG_MOEA,699,6,131.24,855.01,0 46 7 8 0,7
PFG_MOEA,700,1,108.98,905.4,0 51 49 32 36 54 70 72 67 86 82 3 58 77 50 48 62 92 43 0,51 67
PFG_MOEA,700,2,108.98,905.4,0 2 25 34 21 33 37 68 39 56 84 23 22 1 99 0,
PFG_MOEA,700,3,108.98,905.4,0 20 91 19 31 17 18 16 40 35 71 15 30 64 78 74 63 88 85 98 11 83 0,91
PFG_MOEA,700,4,108.98,905.4,0 80 93 97 89 96 57 95 73 14 41 12 27 13 0,14 93
PFG_MOEA,700,5,108.98,905.4,0 10 26 59 44 38 47 69 28 42 46 7 8 4 53 66 94 0,
PFG_MOEA,700,6,108.98,905.4,0 45 24 79 90 65 6 87 52 29 5 61 60 75 55 9 76 81 100 0,55
PFG_MOEA,701,1,105.14,1054.54,0 2 25 43 34 21 33 37 82 86 67 72 70 54 36 3 77 58 62 48 92 0,72
PFG_MOEA,701,2,105.14,1054.54,0 99 1 22 23 84 56 39 68 19 31 17 20 91 0,19
PFG_MOEA,701,3,105.14,1054.54,0 18 16 73 41 100 93 97 75 55 28 69 47 38 44 59 26 10 89 0,
PFG_MOEA,701,4,105.14,1054.54,0 13 27 12 40 35 71 15 30 64 78 74 63 88 85 98 81 0,71
PFG_MOEA,701,5,105.14,1054.54,0 24 45 94 66 53 80 4 8 7 46 96 83 11 14 95 57 0,14
PFG_MOEA,701,6,105.14,1054.54,0 42 76 9 60 61 5 29 52 87 6 65 90 79 32 49 51 50 0,
PFG_MOEA,702,1,104.19,1056.66,0 19 18 91 21 22 33 37 68 56 39 84 23 82 86 67 72 70 54 36 3 0,33 39
PFG_MOEA,702,2,104.19,1056.66,0 50 77 58 48 62 92 43 2 1 16 40 71 35 31 17 0,40
PFG_MOEA,702,3,104.19,1056.66,0 13 27 12 73 15 98 85 88 63 74 78 64 30 41 99 34 25 0,15
PFG_MOEA,702,4,104.19,1056.66,0 4 80 53 66 94 45 24 55 9 76 42 14 11 83 95 57 96 89 10 0,95
PFG_MOEA,702,5,104.19,1056.66,0 26 59 44 38 47 69 28 46 7 8 93 100 81 75 97 61 60 52 87 6 0,28
PFG_MOEA,702,6,104.19,1056.66,0 5 29 65 90 79 32 49 51 20 0,
PFG_MOEA,703,1,98.88,1134.43,0 23 84 39 56 68 37 33 22 21 91 19 18 16 40 35 31 17 20 0,35
PFG_MOEA,703,2,98.88,1134.43,0 15 30 64 78 74 63 98 71 99 2 25 50 77 58 82 86 0,
PFG_MOEA,703,3,98.88,1134.43,0 92 43 1 34 88 85 14 11 83 0,92
PFG_MOEA,703,4,98.88,1134.43,0 4 24 45 94 66 53 80 76 9 55 96 57 95 73 41 12 27 13 0,55 76
PFG_MOEA,703,5,98.88,1134.43,0 89 10 26 59 44 38 47 69 28 42 46 7 8 93 60 61 97 75 81 100 0,47 59
PFG_MOEA,703,6,98.88,1134.43,0 5 29 52 87 6 65 90 79 51 49 32 67 72 70 54 36 3 62 48 0,32 51 54 72
PFG_MOEA,704,1,172.71,848.77,0 89 10 26 59 44 38 47 69 28 42 76 9 7 8 79 51 49 32 3 36 54 70 72 67 86 82 0,3 10 67
PFG_MOEA,704,2,172.71,848.77,0 50 77 58 48 62 92 43 1 99 25 2 0,92
PFG_MOEA,704,3,172.71,848.77,0 34 21 37 33 22 23 84 56 39 68 18 19 91 20 17 31 16 40 35 71 15 30 64 78 74 63 88 85 98 14 11 83 96 46 0,15 20
PFG_MOEA,704,4,172.71,848.77,0 81 75 93 100 0,
PFG_MOEA,704,5,172.71,848.77,0 13 27 12 41 73 95 57 97 61 60 5 29 52 87 6 65 90 24 45 94 66 53 80 4 0,95
PFG_MOEA,704,6,172.71,848.77,0 55 0,55
PFG_MOEA,705,1,130.19,886.45,0 8 7 42 76 9 60 61 5 29 52 87 6 65 90 79 32 49 51 0,
PFG_MOEA,705,2,130.19,886.45,0 50 77 3 36 54 70 72 67 86 82 58 48 62 92 43 0,54 62
PFG_MOEA,705,3,130.19,886.45,0 2 25 34 21 33 37 68 39 56 84 23 22 1 99 0,
PFG_MOEA,705,4,130.19,886.45,0 20 91 19 31 17 18 16 40 35 71 15 98 85 88 63 74 78 64 30 0,
PFG_MOEA,705,5,130.19,886.45,0 81 46 96 83 11 14 95 57 0,
PFG_MOEA,705,6,130.19,886.45,0 4 80 53 66 94 45 24 97 100 93 75 55 28 69 47 38 44 59 26 10 89 73 41 12 27 13 0,55 59
PFG_MOEA,706,1,99.64,1067.22,0 57 97 61 60 5 29 52 87 6 65 90 24 45 94 66 0,
PFG_MOEA,706,2,99.64,1067.22,0 4 80 53 55 98 63 74 78 64 30 71 0,
PFG_MOEA,706,3,99.64,1067.22,0 99 2 25 89 10 26 59 44 38 47 69 28 42 76 9 7 8 79 0,10 79
PFG_MOEA,706,4,99.64,1067.22,0 51 49 32 3 36 54 70 72 67 86 82 58 77 62 48 50 0,36
PFG_MOEA,706,5,99.64,1067.22,0 92 43 34 1 21 37 33 22 23 84 56 39 68 18 19 91 20 17 31 0,84
PFG_MOEA,706,6,99.64,1067.22,0 16 40 35 15 88 85 14 11 83 96 95 73 41 12 27 13 100 93 75 81 46 0,15 41 85
PFG_MOEA,707,1,259.76,804.75,0 93 0,93
PFG_MOEA,707,2,259.76,804.75,0 100 81 75 97 61 60 5 29 52 87 6 65 90 79 0,
PFG_MOEA,707,3,259.76,804.75,0 83 11 14 98 85 88 63 74 78 64 30 15 71 35 31 17 40 16 18 19 20 91 21 33 37 68 39 56 84 23 22 1 34 99 2 25 43 92 62 48 50 77 58 82 86 67 72 70 54 36 3 32 49 51 45 24 4 0,18 22 32 51 58 62 70 71
PFG_MOEA,707,4,259.76,804.75,0 94 66 53 80 76 9 55 96 0,55 76
PFG_MOEA,707,5,259.76,804.75,0 57 95 73 41 12 27 13 0,95
PFG_MOEA,707,6,259.76,804.75,0 89 10 26 59 44 38 47 69 28 42 46 7 8 0,
PFG_MOEA,708,1,131.24,855.01,0 93 100 81 75 97 61 60 52 87 6 65 29 5 90 79 51 49 32 3 36 54 70 72 67 86 82 0,51 93
PFG_MOEA,708,2,131.24,855.01,0 50 77 58 48 62 92 43 25 2 0,92
PFG_MOEA,708,3,131.24,855.01,0 99 34 1 21 22 23 84 39 56 68 37 33 91 18 19 20 0,19
PFG_MOEA,708,4,131.24,855.01,0 13 27 12 41 73 30 64 78 74 63 88 85 98 15 71 35 40 16 31 17 0,85
PFG_MOEA,708,5,131.24,855.01,0 4 80 53 66 94 45 24 55 9 76 42 28 69 47 38 44 59 26 10 89 96 14 11 83 95 57 0,28 53
PFG_MOEA,708,6,131.24,855.01,0 46 7 8 0,7
PFG_MOEA,709,1,108.98,905.4,0 51 49 32 36 54 70 72 67 86 82 3 58 77 50 48 62 92 43 0,51 67
PFG_MOEA,709,2,108.98,905.4,0 2 25 34 21 33 37 68 39 56 84 23 22 1 99 0,
PFG_MOEA,709,3,108.98,905.4,0 20 91 19 31 17 18 16 40 35 71 15 30 64 78 74 63 88 85 98 11 83 0,91
PFG_MOEA,709,4,108.98,905.4,0 80 93 97 89 96 57 95 73 14 41 12 27 13 0,14 93
PFG_MOEA,709,5,108.98,905.4,0 10 26 59 44 38 47 69 28 42 46 7 8 4 53 66 94 0,
PFG_MOEA,709,6,108.98,905.4,0 45 24 79 90 65 6 87 52 29 5 61 60 75 55 9 76 81 100 0,55
PFG_MOEA,710,1,105.14,1054.54,0 2 25 43 34 21 33 37 82 86 67 72 70 54 36 3 77 58 62 48 92 0,72
PFG_MOEA,710,2,105.14,1054.54,0 99 1 22 23 84 56 39 68 19 31 17 20 91 0,19
PFG_MOEA,710,3,105.14,1054.54,0 18 16 73 41 100 93 97 75 55 28 69 47 38 44 59 26 10 89 0,
PFG_MOEA,710,4,105.14,1054.54,0 13 27 12 40 35 71 15 30 64 78 74 63 88 85 98 81 0,71
PFG_MOEA,710,5,105.14,1054.54,0 24 45 94 66 53 80 4 8 7 46 96 83 11 14 95 57 0,14
PFG_MOEA,710,6,105.14,1054.54,0 42 76 9 60 61 5 29 52 87 6 65 90 79 32 49 51 50 0,
PFG_MOEA,711,1,104.19,1056.66,0 19 18 91 21 22 33 37 68 56 39 84 23 82 86 67 72 70 54 36 3 0,33 39
PFG_MOEA,711,2,104.19,1056.66,0 50 77 58 48 62 92 43 2 1 16 40 71 35 31 17 0,40
PFG_MOEA,711,3,104.19,1056.66,0 13 27 12 73 15 98 85 88 63 74 78 64 30 41 99 34 25 0,15
PFG_MOEA,711,4,104.19,1056.66,0 4 80 53 66 94 45 24 55 9 76 42 14 11 83 95 57 96 89 10 0,95
PFG_MOEA,711,5,104.19,1056.66,0 26 59 44 38 47 69 28 46 7 8 93 100 81 75 97 61 60 52 87 6 0,28
PFG_MOEA,711,6,104.19,1056.66,0 5 29 65 90 79 32 49 51 20 0,
PFG_MOEA,712,1,98.88,1134.43,0 23 84 39 56 68 37 33 22 21 91 19 18 16 40 35 31 17 20 0,35
PFG_MOEA,712,2,98.88,1134.43,0 15 30 64 78 74 63 98 71 99 2 25 50 77 58 82 86 0,
PFG_MOEA,712,3,98.88,1134.43,0 92 43 1 34 88 85 14 11 83 0,92
PFG_MOEA,712,4,98.88,1134.43,0 4 24 45 94 66 53 80 76 9 55 96 57 95 73 41 12 27 13 0,55 76
PFG_MOEA,712,5,98.88,1134.43,0 89 10 26 59 44 38 47 69 28 42 46 7 8 93 60 61 97 75 81 100 0,47 59
PFG_MOEA,712,6,98.88,1134.43,0 5 29 52 87 6 65 90 79 51 49 32 67 72 70 54 36 3 62 48 0,32 51 54 72
PFG_MOEA,713,1,172.71,848.77,0 89 10 26 59 44 38 47 69 28 42 76 9 7 8 79 51 49 32 3 36 54 70 72 67 86 82 0,3 10 67
PFG_MOEA,713,2,172.71,848.77,0 50 77 58 48 62 92 43 1 99 25 2 0,92
PFG_MOEA,713,3,172.71,848.77,0 34 21 37 33 22 23 84 56 39 68 18 19 91 20 17 31 16 40 35 71 15 30 64 78 74 63 88 85 98 14 11 83 96 46 0,15 20
PFG_MOEA,713,4,172.71,848.77,0 81 75 93 100 0,
PFG_MOEA,713,5,172.71,848.77,0 13 27 12 41 73 95 57 97 61 60 5 29 52 87 6 65 90 24 45 94 66 53 80 4 0,95
PFG_MOEA,713,6,172.71,848.77,0 55 0,55
PFG_MOEA,714,1,130.19,886.45,0 8 7 42 76 9 60 61 5 29 52 87 6 65 90 79 32 49 51 0,
PFG_MOEA,714,2,130.19,886.45,0 50 77 3 36 54 70 72 67 86 82 58 48 62 92 43 0,54 62
PFG_MOEA,714,3,130.19,886.45,0 2 25 34 21 33 37 68 39 56 84 23 22 1 99 0,
PFG_MOEA,714,4,130.19,886.45,0 20 91 19 31 17 18 16 40 35 71 15 98 85 88 63 74 78 64 30 0,
PFG_MOEA,714,5,130.19,886.45,0 81 46 96 83 11 14 95 57 0,
PFG_MOEA,714,6,130.19,886.45,0 4 80 53 66 94 45 24 97 100 93 75 55 28 69 47 38 44 59 26 10 89 73 41 12 27 13 0,55 59
PFG_MOEA,715,1,99.64,1067.22,0 57 97 61 60 5 29 52 87 6 65 90 24 45 94 66 0,
PFG_MOEA,715,2,99.64,1067.22,0 4 80 53 55 98 63 74 78 64 30 71 0,
PFG_MOEA,715,3,99.64,1067.22,0 99 2 25 89 10 26 59 44 38 47 69 28 42 76 9 7 8 79 0,10 79
PFG_MOEA,715,4,99.64,1067.22,0 51 49 32 3 36 54 70 72 67 86 82 58 77 62 48 50 0,36
PFG_MOEA,715,5,99.64,1067.22,0 92 43 34 1 21 37 33 22 23 84 56 39 68 18 19 91 20 17 31 0,84
PFG_MOEA,715,6,99.64,1067.22,0 16 40 35 15 88 85 14 11 83 96 95 73 41 12 27 13 100 93 75 81 46 0,15 41 85
PFG_MOEA,716,1,259.76,804.75,0 93 0,93
PFG_MOEA,716,2,259.76,804.75,0 100 81 75 97 61 60 5 29 52 87 6 65 90 79 0,
PFG_MOEA,716,3,259.76,804.75,0 83 11 14 98 85 88 63 74 78 64 30 15 71 35 31 17 40 16 18 19 20 91 21 33 37 68 39 56 84 23 22 1 34 99 2 25 43 92 62 48 50 77 58 82 86 67 72 70 54 36 3 32 49 51 45 24 4 0,18 22 32 51 58 62 70 71
PFG_MOEA,716,4,259.76,804.75,0 94 66 53 80 76 9 55 96 0,55 76
PFG_MOEA,716,5,259.76,804.75,0 57 95 73 41 12 27 13 0,95
PFG_MOEA,716,6,259.76,804.75,0 89 10 26 59 44 38 47 69 28 42 46 7 8 0,
PFG_MOEA,717,1,131.24,855.01,0 93 100 81 75 97 61 60 52 87 6 65 29 5 90 79 51 49 32 3 36 54 70 72 67 86 82 0,51 93
PFG_MOEA,717,2,131.24,855.01,0 50 77 58 48 62 92 43 25 2 0,92
PFG_MOEA,717,3,131.24,855.01,0 99 34 1 21 22 23 84 39 56 68 37 33 91 18 19 20 0,19
PFG_MOEA,717,4,131.24,855.01,0 13 27 12 41 73 30 64 78 74 63 88 85 98 15 71 35 40 16 31 17 0,85
PFG_MOEA,717,5,131.24,855.01,0 4 80 53 66 94 45 24 55 9 76 42 28 69 47 38 44 59 26 10 89 96 14 11 83 95 57 0,28 53
PFG_MOEA,717,6,131.24,855.01,0 46 7 8 0,7
PFG_MOEA,718,1,108.98,905.4,0 51 49 32 36 54 70 72 67 86 82 3 58 77 50 48 62 92 43 0,51 67
PFG_MOEA,718,2,108.98,905.4,0 2 25 34 21 33 37 68 39 56 84 23 22 1 99 0,
PFG_MOEA,718,3,108.98,905.4,0 20 91 19 31 17 18 16 40 35 71 15 30 64 78 74 63 88 85 98 11 83 0,91
PFG_MOEA,718,4,108.98,905.4,0 80 93 97 89 96 57 95 73 14 41 12 27 13 0,14 93
PFG_MOEA,718,5,108.98,905.4,0 10 26 59 44 38 47 69 28 42 46 7 8 4 53 66 94 0,
PFG_MOEA,718,6,108.98,905.4,0 45 24 79 90 65 6 87 52 29 5 61 60 75 55 9 76 81 100 0,55
PFG_MOEA,719,1,105.14,1054.54,0 2 25 43 34 21 33 37 82 86 67 72 70 54 36 3 77 58 62 48 92 0,72
PFG_MOEA,719,2,105.14,1054.54,0 99 1 22 23 84 56 39 68 19 31 17 20 91 0,19
PFG_MOEA,719,3,105.14,1054.54,0 18 16 73 41 100 93 97 75 55 28 69 47 38 44 59 26 10 89 0,
PFG_MOEA,719,4,105.14,1054.54,0 13 27 12 40 35 71 15 30 64 78 74 63 88 85 98 81 0,71
PFG_MOEA,719,5,105.14,1054.54,0 24 45 94 66 53 80 4 8 7 46 96 83 11 14 95 57 0,14
PFG_MOEA,719,6,105.14,1054.54,0 42 76 9 60 61 5 29 52 87 6 65 90 79 32 49 51 50 0,
PFG_MOEA,720,1,104.19,1056.66,0 19 18 91 21 22 33 37 68 56 39 84 23 82 86 67 72 70 54 36 3 0,33 39
PFG_MOEA,720,2,104.19,1056.66,0 50 77 58 48 62 92 43 2 1 16 40 71 35 31 17 0,40
PFG_MOEA,720,3,104.19,1056.66,0 13 27 12 73 15 98 85 88 63 74 78 64 30 41 99 34 25 0,15
PFG_MOEA,720,4,104.19,1056.66,0 4 80 53 66 94 45 24 55 9 76 42 14 11 83 95 57 96 89 10 0,95
PFG_MOEA,720,5,104.19,1056.66,0 26 59 44 38 47 69 28 46 7 8 93 100 81 75 97 61 60 52 87 6 0,28
PFG_MOEA,720,6,104.19,1056.66,0 5 29 65 90 79 32 49 51 20 0,
PFG_MOEA,721,1,98.88,1134.43,0 23 84 39 56 68 37 33 22 21 91 19 18 16 40 35 31 17 20 0,35
PFG_MOEA,721,2,98.88,1134.43,0 15 30 64 78 74 63 98 71 99 2 25 50 77 58 82 86 0,
PFG_MOEA,721,3,98.88,1134.43,0 92 43 1 34 88 85 14 11 83 0,92
PFG_MOEA,721,4,98.88,1134.43,0 4 24 45 94 66 53 80 76 9 55 96 57 95 73 41 12 27 13 0,55 76
PFG_MOEA,721,5,98.88,1134.43,0 89 10 26 59 44 38 47 69 28 42 46 7 8 93 60 61 97 75 81 100 0,47 59
PFG_MOEA,721,6,98.88,1134.43,0 5 29 52 87 6 65 90 79 51 49 32 67 72 70 54 36 3 62 48 0,32 51 54 72
PFG_MOEA,722,1,172.71,848.77,0 89 10 26 59 44 38 47 69 28 42 76 9 7 8 79 51 49 32 3 36 54 70 72 67 86 82 0,3 10 67
PFG_MOEA,722,2,172.71,848.77,0 50 77 58 48 62 92 43 1 99 25 2 0,92
PFG_MOEA,722,3,172.71,848.77,0 34 21 37 33 22 23 84 56 39 68 18 19 91 20 17 31 16 40 35 71 15 30 64 78 74 63 88 85 98 14 11 83 96 46 0,15 20
PFG_MOEA,722,4,172.71,848.77,0 81 75 93 100 0,
PFG_MOEA,722,5,172.71,848.77,0 13 27 12 41 73 95 57 97 61 60 5 29 52 87 6 65 90 24 45 94 66 53 80 4 0,95
PFG_MOEA,722,6,172.71,848.77,0 55 0,55
PFG_MOEA,723,1,130.19,886.45,0 8 7 42 76 9 60 61 5 29 52 87 6 65 90 79 32 49 51 0,
PFG_MOEA,723,2,130.19,886.45,0 50 77 3 36 54 70 72 67 86 82 58 48 62 92 43 0,54 62
PFG_MOEA,723,3,130.19,886.45,0 2 25 34 21 33 37 68 39 56 84 23 22 1 99 0,
PFG_MOEA,723,4,130.19,886.45,0 20 91 19 31 17 18 16 40 35 71 15 98 85 88 63 74 78 64 30 0,
PFG_MOEA,723,5,130.19,886.45,0 81 46 96 83 11 14 95 57 0,
PFG_MOEA,723,6,130.19,886.45,0 4 80 53 66 94 45 24 97 100 93 75 55 28 69 47 38 44 59 26 10 89 73 41 12 27 13 0,55 59
PFG_MOEA,724,1,99.64,1067.22,0 57 97 61 60 5 29 52 87 6 65 90 24 45 94 66 0,
PFG_MOEA,724,2,99.64,1067.22,0 4 80 53 55 98 63 74 78 64 30 71 0,
PFG_MOEA,724,3,99.64,1067.22,0 99 2 25 89 10 26 59 44 38 47 69 28 42 76 9 7 8 79 0,10 79
PFG_MOEA,724,4,99.64,1067.22,0 51 49 32 3 36 54 70 72 67 86 82 58 77 62 48 50 0,36
PFG_MOEA,724,5,99.64,1067.22,0 92 43 34 1 21 37 33 22 23 84 56 39 68 18 19 91 20 17 31 0,84
PFG_MOEA,724,6,99.64,1067.22,0 16 40 35 15 88 85 14 11 83 96 95 73 41 12 27 13 100 93 75 81 46 0,15 41 85
PFG_MOEA,725,1,259.76,804.75,0 93 0,93
PFG_MOEA,725,2,259.76,804.75,0 100 81 75 97 61 60 5 29 52 87 6 65 90 79 0,
PFG_MOEA,725,3,259.76,804.75,0 83 11 14 98 85 88 63 74 78 64 30 15 71 35 31 17 40 16 18 19 20 91 21 33 37 68 39 56 84 23 22 1 34 99 2 25 43 92 62 48 50 77 58 82 86 67 72 70 54 36 3 32 49 51 45 24 4 0,18 22 32 51 58 62 70 71
PFG_MOEA,725,4,259.76,804.75,0 94 66 53 80 76 9 55 96 0,55 76
PFG_MOEA,725,5,259.76,804.75,0 57 95 73 41 12 27 13 0,95
PFG_MOEA,725,6,259.76,804.75,0 89 10 26 59 44 38 47 69 28 42 46 7 8 0,
PFG_MOEA,726,1,131.24,855.01,0 93 100 81 75 97 61 60 52 87 6 65 29 5 90 79 51 49 32 3 36 54 70 72 67 86 82 0,51 93
PFG_MOEA,726,2,131.24,855.01,0 50 77 58 48 62 92 43 25 2 0,92
PFG_MOEA,726,3,131.24,855.01,0 99 34 1 21 22 23 84 39 56 68 37 33 91 18 19 20 0,19
PFG_MOEA,726,4,131.24,855.01,0 13 27 12 41 73 30 64 78 74 63 88 85 98 15 71 35 40 16 31 17 0,85
PFG_MOEA,726,5,131.24,855.01,0 4 80 53 66 94 45 24 55 9 76 42 28 69 47 38 44 59 26 10 89 96 14 11 83 95 57 0,28 53
PFG_MOEA,726,6,131.24,855.01,0 46 7 8 0,7
PFG_MOEA,727,1,108.98,905.4,0 51 49 32 36 54 70 72 67 86 82 3 58 77 50 48 62 92 43 0,51 67
PFG_MOEA,727,2,108.98,905.4,0 2 25 34 21 33 37 68 39 56 84 23 22 1 99 0,
PFG_MOEA,727,3,108.98,905.4,0 20 91 19 31 17 18 16 40 35 71 15 30 64 78 74 63 88 85 98 11 83 0,91
PFG_MOEA,727,4,108.98,905.4,0 80 93 97 89 96 57 95 73 14 41 12 27 13 0,14 93
PFG_MOEA,727,5,108.98,905.4,0 10 26 59 44 38 47 69 28 42 46 7 8 4 53 66 94 0,
PFG_MOEA,727,6,108.98,905.4,0 45 24 79 90 65 6 87 52 29 5 61 60 75 55 9 76 81 100 0,55
PFG_MOEA,728,1,105.14,1054.54,0 2 25 43 34 21 33 37 82 86 67 72 70 54 36 3 77 58 62 48 92 0,72
PFG_MOEA,728,2,105.14,1054.54,0 99 1 22 23 84 56 39 68 19 31 17 20 91 0,19
PFG_MOEA,728,3,105.14,1054.54,0 18 16 73 41 100 93 97 75 55 28 69 47 38 44 59 26 10 89 0,
PFG_MOEA,728,4,105.14,1054.54,0 13 27 12 40 35 71 15 30 64 78 74 63 88 85 98 81 0,71
PFG_MOEA,728,5,105.14,1054.54,0 24 45 94 66 53 80 4 8 7 46 96 83 11 14 95 57 0,14
PFG_MOEA,728,6,105.14,1054.54,0 42 76 9 60 61 5 29 52 87 6 65 90 79 32 49 51 50 0,
PFG_MOEA,729,1,104.19,1056.66,0 19 18 91 21 22 33 37 68 56 39 84 23 82 86 67 72 70 54 36 3 0,33 39
PFG_MOEA,729,2,104.19,1056.66,0 50 77 58 48 62 92 43 2 1 16 40 71 35 31 17 0,40
PFG_MOEA,729,3,104.19,1056.66,0 13 27 12 73 15 98 85 88 63 74 78 64 30 41 99 34 25 0,15
PFG_MOEA,729,4,104.19,1056.66,0 4 80 53 66 94 45 24 55 9 76 42 14 11 83 95 57 96 89 10 0,95
PFG_MOEA,729,5,104.19,1056.66,0 26 59 44 38 47 69 28 46 7 8 93 100 81 75 97 61 60 52 87 6 0,28
PFG_MOEA,729,6,104.19,1056.66,0 5 29 65 90 79 32 49 51 20 0,
PFG_MOEA,730,1,98.88,1134.43,0 23 84 39 56 68 37 33 22 21 91 19 18 16 40 35 31 17 20 0,35
PFG_MOEA,730,2,98.88,1134.43,0 15 30 64 78 74 63 98 71 99 2 25 50 77 58 82 86 0,
PFG_MOEA,730,3,98.88,1134.43,0 92 43 1 34 88 85 14 11 83 0,92
PFG_MOEA,730,4,98.88,1134.43,0 4 24 45 94 66 53 80 76 9 55 96 57 95 73 41 12 27 13 0,55 76
PFG_MOEA,730,5,98.88,1134.43,0 89 10 26 59 44 38 47 69 28 42 46 7 8 93 60 61 97 75 81 100 0,47 59
PFG_MOEA,730,6,98.88,1134.43,0 5 29 52 87 6 65 90 79 51 49 32 67 72 70 54 36 3 62 48 0,32 51 54 72
PFG_MOEA,731,1,172.71,848.77,0 89 10 26 59 44 38 47 69 28 42 76 9 7 8 79 51 49 32 3 36 54 70 72 67 86 82 0,3 10 67
PFG_MOEA,731,2,172.71,848.77,0 50 77 58 48 62 92 43 1 99 25 2 0,92
PFG_MOEA,731,3,172.71,848.77,0 34 21 37 33 22 23 84 56 39 68 18 19 91 20 17 31 16 40 35 71 15 30 64 78 74 63 88 85 98 14 11 83 96 46 0,15 20
PFG_MOEA,731,4,172.71,848.77,0 81 75 93 100 0,
PFG_MOEA,731,5,172.71,848.77,0 13 27 12 41 73 95 57 97 61 60 5 29 52 87 6 65 90 24 45 94 66 53 80 4 0,95
PFG_MOEA,731,6,172.71,848.77,0 55 0,55
PFG_MOEA,732,1,130.19,886.45,0 8 7 42 76 9 60 61 5 29 52 87 6 65 90 79 32 49 51 0,
PFG_MOEA,732,2,130.19,886.45,0 50 77 3 36 54 70 72 67 86 82 58 48 62 92 43 0,54 62
PFG_MOEA,732,3,130.19,886.45,0 2 25 34 21 33 37 68 39 56 84 23 22 1 99 0,
PFG_MOEA,732,4,130.19,886.45,0 20 91 19 31 17 18 16 40 35 71 15 98 85 88 63 74 78 64 30 0,
PFG_MOEA,732,5,130.19,886.45,0 81 46 96 83 11 14 95 57 0,
PFG_MOEA,732,6,130.19,886.45,0 4 80 53 66 94 45 24 97 100 93 75 55 28 69 47 38 44 59 26 10 89 73 41 12 27 13 0,55 59
PFG_MOEA,733,1,99.64,1067.22,0 57 97 61 60 5 29 52 87 6 65 90 24 45 94 66 0,
PFG_MOEA,733,2,99.64,1067.22,0 4 80 53 55 98 63 74 78 64 30 71 0,
PFG_MOEA,733,3,99.64,1067.22,0 99 2 25 89 10 26 59 44 38 47 69 28 42 76 9 7 8 79 0,10 79
PFG_MOEA,733,4,99.64,1067.22,0 51 49 32 3 36 54 70 72 67 86 82 58 77 62 48 50 0,36
PFG_MOEA,733,5,99.64,1067.22,0 92 43 34 1 21 37 33 22 23 84 56 39 68 18 19 91 20 17 31 0,84
PFG_MOEA,733,6,99.64,1067.22,0 16 40 35 15 88 85 14 11 83 96 95 73 41 12 27 13 100 93 75 81 46 0,15 41 85
PFG_MOEA,734,1,259.76,804.75,0 93 0,93
PFG_MOEA,734,2,259.76,804.75,0 100 81 75 97 61 60 5 29 52 87 6 65 90 79 0,
PFG_MOEA,734,3,259.76,804.75,0 83 11 14 98 85 88 63 74 78 64 30 15 71 35 31 17 40 16 18 19 20 91 21 33 37 68 39 56 84 23 22 1 34 99 2 25 43 92 62 48 50 77 58 82 86 67 72 70 54 36 3 32 49 51 45 24 4 0,18 22 32 51 58 62 70 71
PFG_MOEA,734,4,259.76,804.75,0 94 66 53 80 76 9 55 96 0,55 76
PFG_MOEA,734,5,259.76,804.75,0 57 95 73 41 12 27 13 0,95
PFG_MOEA,734,6,259.76,804.75,0 89 10 26 59 44 38 47 69 28 42 46 7 8 0,
PFG_MOEA,735,1,131.24,855.01,0 93 100 81 75 97 61 60 52 87 6 65 29 5 90 79 51 49 32 3 36 54 70 72 67 86 82 0,51 93
PFG_MOEA,735,2,131.24,855.01,0 50 77 58 48 62 92 43 25 2 0,92
PFG_MOEA,735,3,131.24,855.01,0 99 34 1 21 22 23 84 39 56 68 37 33 91 18 19 20 0,19
PFG_MOEA,735,4,131.24,855.01,0 13 27 12 41 73 30 64 78 74 63 88 85 98 15 71 35 40 16 31 17 0,85
PFG_MOEA,735,5,131.24,855.01,0 4 80 53 66 94 45 24 55 9 76 42 28 69 47 38 44 59 26 10 89 96 14 11 83 95 57 0,28 53
PFG_MOEA,735,6,131.24,855.01,0 46 7 8 0,7
PFG_MOEA,736,1,108.98,905.4,0 51 49 32 36 54 70 72 67 86 82 3 58 77 50 48 62 92 43 0,51 67
PFG_MOEA,736,2,108.98,905.4,0 2 25 34 21 33 37 68 39 56 84 23 22 1 99 0,
PFG_MOEA,736,3,108.98,905.4,0 20 91 19 31 17 18 16 40 35 71 15 30 64 78 74 63 88 85 98 11 83 0,91
PFG_MOEA,736,4,108.98,905.4,0 80 93 97 89 96 57 95 73 14 41 12 27 13 0,14 93
PFG_MOEA,736,5,108.98,905.4,0 10 26 59 44 38 47 69 28 42 46 7 8 4 53 66 94 0,
PFG_MOEA,736,6,108.98,905.4,0 45 24 79 90 65 6 87 52 29 5 61 60 75 55 9 76 81 100 0,55
PFG_MOEA,737,1,105.14,1054.54,0 2 25 43 34 21 33 37 82 86 67 72 70 54 36 3 77 58 62 48 92 0,72
PFG_MOEA,737,2,105.14,1054.54,0 99 1 22 23 84 56 39 68 19 31 17 20 91 0,19
PFG_MOEA,737,3,105.14,1054.54,0 18 16 73 41 100 93 97 75 55 28 69 47 38 44 59 26 10 89 0,
PFG_MOEA,737,4,105.14,1054.54,0 13 27 12 40 35 71 15 30 64 78 74 63 88 85 98 81 0,71
PFG_MOEA,737,5,105.14,1054.54,0 24 45 94 66 53 80 4 8 7 46 96 83 11 14 95 57 0,14
PFG_MOEA,737,6,105.14,1054.54,0 42 76 9 60 61 5 29 52 87 6 65 90 79 32 49 51 50 0,
PFG_MOEA,738,1,104.19,1056.66,0 19 18 91 21 22 33 37 68 56 39 84 23 82 86 67 72 70 54 36 3 0,33 39
PFG_MOEA,738,2,104.19,1056.66,0 50 77 58 48 62 92 43 2 1 16 40 71 35 31 17 0,40
PFG_MOEA,738,3,104.19,1056.66,0 13 27 12 73 15 98 85 88 63 74 78 64 30 41 99 34 25 0,15
PFG_MOEA,738,4,104.19,1056.66,0 4 80 53 66 94 45 24 55 9 76 42 14 11 83 95 57 96 89 10 0,95
PFG_MOEA,738,5,104.19,1056.66,0 26 59 44 38 47 69 28 46 7 8 93 100 81 75 97 61 60 52 87 6 0,28
PFG_MOEA,738,6,104.19,1056.66,0 5 29 65 90 79 32 49 51 20 0,
PFG_MOEA,739,1,98.88,1134.43,0 23 84 39 56 68 37 33 22 21 91 19 18 16 40 35 31 17 20 0,35
PFG_MOEA,739,2,98.88,1134.43,0 15 30 64 78 74 63 98 71 99 2 25 50 77 58 82 86 0,
PFG_MOEA,739,3,98.88,1134.43,0 92 43 1 34 88 85 14 11 83 0,92
PFG_MOEA,739,4,98.88,1134.43,0 4 24 45 94 66 53 80 76 9 55 96 57 95 73 41 12 27 13 0,55 76
PFG_MOEA,739,5,98.88,1134.43,0 89 10 26 59 44 38 47 69 28 42 46 7 8 93 60 61 97 75 81 100 0,47 59
PFG_MOEA,739,6,98.88,1134.43,0 5 29 52 87 6 65 90 79 51 49 32 67 72 70 54 36 3 62 48 0,32 51 54 72
PFG_MOEA,740,1,172.71,848.77,0 89 10 26 59 44 38 47 69 28 42 76 9 7 8 79 51 49 32 3 36 54 70 72 67 86 82 0,3 10 67
PFG_MOEA,740,2,172.71,848.77,0 50 77 58 48 62 92 43 1 99 25 2 0,92
PFG_MOEA,740,3,172.71,848.77,0 34 21 37 33 22 23 84 56 39 68 18 19 91 20 17 31 16 40 35 71 15 30 64 78 74 63 88 85 98 14 11 83 96 46 0,15 20
PFG_MOEA,740,4,172.71,848.77,0 81 75 93 100 0,
PFG_MOEA,740,5,172.71,848.77,0 13 27 12 41 73 95 57 97 61 60 5 29 52 87 6 65 90 24 45 94 66 53 80 4 0,95
PFG_MOEA,740,6,172.71,848.77,0 55 0,55
PFG_MOEA,741,1,130.19,886.45,0 8 7 42 76 9 60 61 5 29 52 87 6 65 90 79 32 49 51 0,
PFG_MOEA,741,2,130.19,886.45,0 50 77 3 36 54 70 72 67 86 82 58 48 62 92 43 0,54 62
PFG_MOEA,741,3,130.19,886.45,0 2 25 34 21 33 37 68 39 56 84 23 22 1 99 0,
PFG_MOEA,741,4,130.19,886.45,0 20 91 19 31 17 18 16 40 35 71 15 98 85 88 63 74 78 64 30 0,
PFG_MOEA,741,5,130.19,886.45,0 81 46 96 83 11 14 95 57 0,
PFG_MOEA,741,6,130.19,886.45,0 4 80 53 66 94 45 24 97 100 93 75 55 28 69 47 38 44 59 26 10 89 73 41 12 27 13 0,55 59
PFG_MOEA,742,1,99.64,1067.22,0 57 97 61 60 5 29 52 87 6 65 90 24 45 94 66 0,
PFG_MOEA,742,2,99.64,1067.22,0 4 80 53 55 98 63 74 78 64 30 71 0,
PFG_MOEA,742,3,99.64,1067.22,0 99 2 25 89 10 26 59 44 38 47 69 28 42 76 9 7 8 79 0,10 79
PFG_MOEA,742,4,99.64,1067.22,0 51 49 32 3 36 54 70 72 67 86 82 58 77 62 48 50 0,36
PFG_MOEA,742,5,99.64,1067.22,0 92 43 34 1 21 37 33 22 23 84 56 39 68 18 19 91 20 17 31 0,84
PFG_MOEA,742,6,99.64,1067.22,0 16 40 35 15 88 85 14 11 83 96 95 73 41 12 27 13 100 93 75 81 46 0,15 41 85
PFG_MOEA,743,1,259.76,804.75,0 93 0,93
PFG_MOEA,743,2,259.76,804.75,0 100 81 75 97 61 60 5 29 52 87 6 65 90 79 0,
PFG_MOEA,743,3,259.76,804.75,0 83 11 14 98 85 88 63 74 78 64 30 15 71 35 31 17 40 16 18 19 20 91 21 33 37 68 39 56 84 23 22 1 34 99 2 25 43 92 62 48 50 77 58 82 86 67 72 70 54 36 3 32 49 51 45 24 4 0,18 22 32 51 58 62 70 71
PFG_MOEA,743,4,259.76,804.75,0 94 66 53 80 76 9 55 96 0,55 76
PFG_MOEA,743,5,259.76,804.75,0 57 95 73 41 12 27 13 0,95
PFG_MOEA,743,6,259.76,804.75,0 89 10 26 59 44 38 47 69 28 42 46 7 8 0,
PFG_MOEA,744,1,131.24,855.01,0 93 100 81 75 97 61 60 52 87 6 65 29 5 90 79 51 49 32 3 36 54 70 72 67 86 82 0,51 93
PFG_MOEA,744,2,131.24,855.01,0 50 77 58 48 62 92 43 25 2 0,92
PFG_MOEA,744,3,131.24,855.01,0 99 34 1 21 22 23 84 39 56 68 37 33 91 18 19 20 0,19
PFG_MOEA,744,4,131.24,855.01,0 13 27 12 41 73 30 64 78 74 63 88 85 98 15 71 35 40 16 31 17 0,85
PFG_MOEA,744,5,131.24,855.01,0 4 80 53 66 94 45 24 55 9 76 42 28 69 47 38 44 59 26 10 89 96 14 11 83 95 57 0,28 53
PFG_MOEA,744,6,131.24,855.01,0 46 7 8 0,7
PFG_MOEA,745,1,108.98,905.4,0 51 49 32 36 54 70 72 67 86 82 3 58 77 50 48 62 92 43 0,51 67
PFG_MOEA,745,2,108.98,905.4,0 2 25 34 21 33 37 68 39 56 84 23 22 1 99 0,
PFG_MOEA,745,3,108.98,905.4,0 20 91 19 31 17 18 16 40 35 71 15 30 64 78 74 63 88 85 98 11 83 0,91
PFG_MOEA,745,4,108.98,905.4,0 80 93 97 89 96 57 95 73 14 41 12 27 13 0,14 93
PFG_MOEA,745,5,108.98,905.4,0 10 26 59 44 38 47 69 28 42 46 7 8 4 53 66 94 0,
PFG_MOEA,745,6,108.98,905.4,0 45 24 79 90 65 6 87 52 29 5 61 60 75 55 9 76 81 100 0,55
PFG_MOEA,746,1,105.14,1054.54,0 2 25 43 34 21 33 37 82 86 67 72 70 54 36 3 77 58 62 48 92 0,72
PFG_MOEA,746,2,105.14,1054.54,0 99 1 22 23 84 56 39 68 19 31 17 20 91 0,19
PFG_MOEA,746,3,105.14,1054.54,0 18 16 73 41 100 93 97 75 55 28 69 47 38 44 59 26 10 89 0,
PFG_MOEA,746,4,105.14,1054.54,0 13 27 12 40 35 71 15 30 64 78 74 63 88 85 98 81 0,71
PFG_MOEA,746,5,105.14,1054.54,0 24 45 94 66 53 80 4 8 7 46 96 83 11 14 95 57 0,14
PFG_MOEA,746,6,105.14,1054.54,0 42 76 9 60 61 5 29 52 87 6 65 90 79 32 49 51 50 0,
PFG_MOEA,747,1,104.19,1056.66,0 19 18 91 21 22 33 37 68 56 39 84 23 82 86 67 72 70 54 36 3 0,33 39
PFG_MOEA,747,2,104.19,1056.66,0 50 77 58 48 62 92 43 2 1 16 40 71 35 31 17 0,40
PFG_MOEA,747,3,104.19,1056.66,0 13 27 12 73 15 98 85 88 63 74 78 64 30 41 99 34 25 0,15
PFG_MOEA,747,4,104.19,1056.66,0 4 80 53 66 94 45 24 55 9 76 42 14 11 83 95 57 96 89 10 0,95
PFG_MOEA,747,5,104.19,1056.66,0 26 59 44 38 47 69 28 46 7 8 93 100 81 75 97 61 60 52 87 6 0,28
PFG_MOEA,747,6,104.19,1056.66,0 5 29 65 90 79 32 49 51 20 0,
PFG_MOEA,748,1,98.88,1134.43,0 23 84 39 56 68 37 33 22 21 91 19 18 16 40 35 31 17 20 0,35
PFG_MOEA,748,2,98.88,1134.43,0 15 30 64 78 74 63 98 71 99 2 25 50 77 58 82 86 0,
PFG_MOEA,748,3,98.88,1134.43,0 92 43 1 34 88 85 14 11 83 0,92
PFG_MOEA,748,4,98.88,1134.43,0 4 24 45 94 66 53 80 76 9 55 96 57 95 73 41 12 27 13 0,55 76
PFG_MOEA,748,5,98.88,1134.43,0 89 10 26 59 44 38 47 69 28 42 46 7 8 93 60 61 97 75 81 100 0,47 59
PFG_MOEA,748,6,98.88,1134.43,0 5 29 52 87 6 65 90 79 51 49 32 67 72 70 54 36 3 62 48 0,32 51 54 72
PFG_MOEA,749,1,172.71,848.77,0 89 10 26 59 44 38 47 69 28 42 76 9 7 8 79 51 49 32 3 36 54 70 72 67 86 82 0,3 10 67
PFG_MOEA,749,2,172.71,848.77,0 50 77 58 48 62 92 43 1 99 25 2 0,92
PFG_MOEA,749,3,172.71,848.77,0 34 21 37 33 22 23 84 56 39 68 18 19 91 20 17 31 16 40 35 71 15 30 64 78 74 63 88 85 98 14 11 83 96 46 0,15 20
PFG_MOEA,749,4,172.71,848.77,0 81 75 93 100 0,
PFG_MOEA,749,5,172.71,848.77,0 13 27 12 41 73 95 57 97 61 60 5 29 52 87 6 65 90 24 45 94 66 53 80 4 0,95
PFG_MOEA,749,6,172.71,848.77,0 55 0,55
PFG_MOEA,750,1,130.19,886.45,0 8 7 42 76 9 60 61 5 29 52 87 6 65 90 79 32 49 51 0,
PFG_MOEA,750,2,130.19,886.45,0 50 77 3 36 54 70 72 67 86 82 58 48 62 92 43 0,54 62
PFG_MOEA,750,3,130.19,886.45,0 2 25 34 21 33 37 68 39 56 84 23 22 1 99 0,
PFG_MOEA,750,4,130.19,886.45,0 20 91 19 31 17 18 16 40 35 71 15 98 85 88 63 74 78 64 30 0,
PFG_MOEA,750,5,130.19,886.45,0 81 46 96 83 11 14 95 57 0,
PFG_MOEA,750,6,130.19,886.45,0 4 80 53 66 94 45 24 97 100 93 75 55 28 69 47 38 44 59 26 10 89 73 41 12 27 13 0,55 59
PFG_MOEA,751,1,99.64,1067.22,0 57 97 61 60 5 29 52 87 6 65 90 24 45 94 66 0,
PFG_MOEA,751,2,99.64,1067.22,0 4 80 53 55 98 63 74 78 64 30 71 0,
PFG_MOEA,751,3,99.64,1067.22,0 99 2 25 89 10 26 59 44 38 47 69 28 42 76 9 7 8 79 0,10 79
PFG_MOEA,751,4,99.64,1067.22,0 51 49 32 3 36 54 70 72 67 86 82 58 77 62 48 50 0,36
PFG_MOEA,751,5,99.64,1067.22,0 92 43 34 1 21 37 33 22 23 84 56 39 68 18 19 91 20 17 31 0,84
PFG_MOEA,751,6,99.64,1067.22,0 16 40 35 15 88 85 14 11 83 96 95 73 41 12 27 13 100 93 75 81 46 0,15 41 85
PFG_MOEA,752,1,259.76,804.75,0 93 0,93
PFG_MOEA,752,2,259.76,804.75,0 100 81 75 97 61 60 5 29 52 87 6 65 90 79 0,
PFG_MOEA,752,3,259.76,804.75,0 83 11 14 98 85 88 63 74 78 64 30 15 71 35 31 17 40 16 18 19 20 91 21 33 37 68 39 56 84 23 22 1 34 99 2 25 43 92 62 48 50 77 58 82 86 67 72 70 54 36 3 32 49 51 45 24 4 0,18 22 32 51 58 62 70 71
PFG_MOEA,752,4,259.76,804.75,0 94 66 53 80 76 9 55 96 0,55 76
PFG_MOEA,752,5,259.76,804.75,0 57 95 73 41 12 27 13 0,95
PFG_MOEA,752,6,259.76,804.75,0 89 10 26 59 44 38 47 69 28 42 46 7 8 0,
PFG_MOEA,753,1,131.24,855.01,0 93 100 81 75 97 61 60 52 87 6 65 29 5 90 79 51 49 32 3 36 54 70 72 67 86 82 0,51 93
PFG_MOEA,753,2,131.24,855.01,0 50 77 58 48 62 92 43 25 2 0,92
PFG_MOEA,753,3,131.24,855.01,0 99 34 1 21 22 23 84 39 56 68 37 33 91 18 19 20 0,19
PFG_MOEA,753,4,131.24,855.01,0 13 27 12 41 73 30 64 78 74 63 88 85 98 15 71 35 40 16 31 17 0,85
PFG_MOEA,753,5,131.24,855.01,0 4 80 53 66 94 45 24 55 9 76 42 28 69 47 38 44 59 26 10 89 96 14 11 83 95 57 0,28 53
PFG_MOEA,753,6,131.24,855.01,0 46 7 8 0,7
PFG_MOEA,754,1,108.98,905.4,0 51 49 32 36 54 70 72 67 86 82 3 58 77 50 48 62 92 43 0,51 67
PFG_MOEA,754,2,108.98,905.4,0 2 25 34 21 33 37 68 39 56 84 23 22 1 99 0,
PFG_MOEA,754,3,108.98,905.4,0 20 91 19 31 17 18 16 40 35 71 15 30 64 78 74 63 88 85 98 11 83 0,91
PFG_MOEA,754,4,108.98,905.4,0 80 93 97 89 96 57 95 73 14 41 12 27 13 0,14 93
PFG_MOEA,754,5,108.98,905.4,0 10 26 59 44 38 47 69 28 42 46 7 8 4 53 66 94 0,
PFG_MOEA,754,6,108.98,905.4,0 45 24 79 90 65 6 87 52 29 5 61 60 75 55 9 76 81 100 0,55
PFG_MOEA,755,1,105.14,1054.54,0 2 25 43 34 21 33 37 82 86 67 72 70 54 36 3 77 58 62 48 92 0,72
PFG_MOEA,755,2,105.14,1054.54,0 99 1 22 23 84 56 39 68 19 31 17 20 91 0,19
PFG_MOEA,755,3,105.14,1054.54,0 18 16 73 41 100 93 97 75 55 28 69 47 38 44 59 26 10 89 0,
PFG_MOEA,755,4,105.14,1054.54,0 13 27 12 40 35 71 15 30 64 78 74 63 88 85 98 81 0,71
PFG_MOEA,755,5,105.14,1054.54,0 24 45 94 66 53 80 4 8 7 46 96 83 11 14 95 57 0,14
PFG_MOEA,755,6,105.14,1054.54,0 42 76 9 60 61 5 29 52 87 6 65 90 79 32 49 51 50 0,
PFG_MOEA,756,1,104.19,1056.66,0 19 18 91 21 22 33 37 68 56 39 84 23 82 86 67 72 70 54 36 3 0,33 39
PFG_MOEA,756,2,104.19,1056.66,0 50 77 58 48 62 92 43 2 1 16 40 71 35 31 17 0,40
PFG_MOEA,756,3,104.19,1056.66,0 13 27 12 73 15 98 85 88 63 74 78 64 30 41 99 34 25 0,15
PFG_MOEA,756,4,104.19,1056.66,0 4 80 53 66 94 45 24 55 9 76 42 14 11 83 95 57 96 89 10 0,95
PFG_MOEA,756,5,104.19,1056.66,0 26 59 44 38 47 69 28 46 7 8 93 100 81 75 97 61 60 52 87 6 0,28
PFG_MOEA,756,6,104.19,1056.66,0 5 29 65 90 79 32 49 51 20 0,
PFG_MOEA,757,1,98.88,1134.43,0 23 84 39 56 68 37 33 22 21 91 19 18 16 40 35 31 17 20 0,35
PFG_MOEA,757,2,98.88,1134.43,0 15 30 64 78 74 63 98 71 99 2 25 50 77 58 82 86 0,
PFG_MOEA,757,3,98.88,1134.43,0 92 43 1 34 88 85 14 11 83 0,92
PFG_MOEA,757,4,98.88,1134.43,0 4 24 45 94 66 53 80 76 9 55 96 57 95 73 41 12 27 13 0,55 76
PFG_MOEA,757,5,98.88,1134.43,0 89 10 26 59 44 38 47 69 28 42 46 7 8 93 60 61 97 75 81 100 0,47 59
PFG_MOEA,757,6,98.88,1134.43,0 5 29 52 87 6 65 90 79 51 49 32 67 72 70 54 36 3 62 48 0,32 51 54 72
PFG_MOEA,758,1,172.71,848.77,0 89 10 26 59 44 38 47 69 28 42 76 9 7 8 79 51 49 32 3 36 54 70 72 67 86 82 0,3 10 67
PFG_MOEA,758,2,172.71,848.77,0 50 77 58 48 62 92 43 1 99 25 2 0,92
PFG_MOEA,758,3,172.71,848.77,0 34 21 37 33 22 23 84 56 39 68 18 19 91 20 17 31 16 40 35 71 15 30 64 78 74 63 88 85 98 14 11 83 96 46 0,15 20
PFG_MOEA,758,4,172.71,848.77,0 81 75 93 100 0,
PFG_MOEA,758,5,172.71,848.77,0 13 27 12 41 73 95 57 97 61 60 5 29 52 87 6 65 90 24 45 94 66 53 80 4 0,95
PFG_MOEA,758,6,172.71,848.77,0 55 0,55
PFG_MOEA,759,1,130.19,886.45,0 8 7 42 76 9 60 61 5 29 52 87 6 65 90 79 32 49 51 0,
PFG_MOEA,759,2,130.19,886.45,0 50 77 3 36 54 70 72 67 86 82 58 48 62 92 43 0,54 62
PFG_MOEA,759,3,130.19,886.45,0 2 25 34 21 33 37 68 39 56 84 23 22 1 99 0,
PFG_MOEA,759,4,130.19,886.45,0 20 91 19 31 17 18 16 40 35 71 15 98 85 88 63 74 78 64 30 0,
PFG_MOEA,759,5,130.19,886.45,0 81 46 96 83 11 14 95 57 0,
PFG_MOEA,759,6,130.19,886.45,0 4 80 53 66 94 45 24 97 100 93 75 55 28 69 47 38 44 59 26 10 89 73 41 12 27 13 0,55 59
PFG_MOEA,760,1,99.64,1067.22,0 57 97 61 60 5 29 52 87 6 65 90 24 45 94 66 0,
PFG_MOEA,760,2,99.64,1067.22,0 4 80 53 55 98 63 74 78 64 30 71 0,
PFG_MOEA,760,3,99.64,1067.22,0 99 2 25 89 10 26 59 44 38 47 69 28 42 76 9 7 8 79 0,10 79
PFG_MOEA,760,4,99.64,1067.22,0 51 49 32 3 36 54 70 72 67 86 82 58 77 62 48 50 0,36
PFG_MOEA,760,5,99.64,1067.22,0 92 43 34 1 21 37 33 22 23 84 56 39 68 18 19 91 20 17 31 0,84
PFG_MOEA,760,6,99.64,1067.22,0 16 40 35 15 88 85 14 11 83 96 95 73 41 12 27 13 100 93 75 81 46 0,15 41 85
PFG_MOEA,761,1,259.76,804.75,0 93 0,93
PFG_MOEA,761,2,259.76,804.75,0 100 81 75 97 61 60 5 29 52 87 6 65 90 79 0,
PFG_MOEA,761,3,259.76,804.75,0 83 11 14 98 85 88 63 74 78 64 30 15 71 35 31 17 40 16 18 19 20 91 21 33 37 68 39 56 84 23 22 1 34 99 2 25 43 92 62 48 50 77 58 82 86 67 72 70 54 36 3 32 49 51 45 24 4 0,18 22 32 51 58 62 70 71
PFG_MOEA,761,4,259.76,804.75,0 94 66 53 80 76 9 55 96 0,55 76
PFG_MOEA,761,5,259.76,804.75,0 57 95 73 41 12 27 13 0,95
PFG_MOEA,761,6,259.76,804.75,0 89 10 26 59 44 38 47 69 28 42 46 7 8 0,
PFG_MOEA,762,1,131.24,855.01,0 93 100 81 75 97 61 60 52 87 6 65 29 5 90 79 51 49 32 3 36 54 70 72 67 86 82 0,51 93
PFG_MOEA,762,2,131.24,855.01,0 50 77 58 48 62 92 43 25 2 0,92
PFG_MOEA,762,3,131.24,855.01,0 99 34 1 21 22 23 84 39 56 68 37 33 91 18 19 20 0,19
PFG_MOEA,762,4,131.24,855.01,0 13 27 12 41 73 30 64 78 74 63 88 85 98 15 71 35 40 16 31 17 0,85
PFG_MOEA,762,5,131.24,855.01,0 4 80 53 66 94 45 24 55 9 76 42 28 69 47 38 44 59 26 10 89 96 14 11 83 95 57 0,28 53
PFG_MOEA,762,6,131.24,855.01,0 46 7 8 0,7
PFG_MOEA,763,1,108.98,905.4,0 51 49 32 36 54 70 72 67 86 82 3 58 77 50 48 62 92 43 0,51 67
PFG_MOEA,763,2,108.98,905.4,0 2 25 34 21 33 37 68 39 56 84 23 22 1 99 0,
PFG_MOEA,763,3,108.98,905.4,0 20 91 19 31 17 18 16 40 35 71 15 30 64 78 74 63 88 85 98 11 83 0,91
PFG_MOEA,763,4,108.98,905.4,0 80 93 97 89 96 57 95 73 14 41 12 27 13 0,14 93
PFG_MOEA,763,5,108.98,905.4,0 10 26 59 44 38 47 69 28 42 46 7 8 4 53 66 94 0,
PFG_MOEA,763,6,108.98,905.4,0 45 24 79 90 65 6 87 52 29 5 61 60 75 55 9 76 81 100 0,55
PFG_MOEA,764,1,105.14,1054.54,0 2 25 43 34 21 33 37 82 86 67 72 70 54 36 3 77 58 62 48 92 0,72
PFG_MOEA,764,2,105.14,1054.54,0 99 1 22 23 84 56 39 68 19 31 17 20 91 0,19
PFG_MOEA,764,3,105.14,1054.54,0 18 16 73 41 100 93 97 75 55 28 69 47 38 44 59 26 10 89 0,
PFG_MOEA,764,4,105.14,1054.54,0 13 27 12 40 35 71 15 30 64 78 74 63 88 85 98 81 0,71
PFG_MOEA,764,5,105.14,1054.54,0 24 45 94 66 53 80 4 8 7 46 96 83 11 14 95 57 0,14
PFG_MOEA,764,6,105.14,1054.54,0 42 76 9 60 61 5 29 52 87 6 65 90 79 32 49 51 50 0,
PFG_MOEA,765,1,209.95,825.56,0 50 0,
PFG_MOEA,765,2,209.95,825.56,0 77 58 48 62 92 43 25 2 99 34 1 21 37 33 22 23 84 56 39 68 18 19 91 20 17 31 16 40 35 71 15 30 64 78 74 63 88 85 98 14 11 83 0,22 58
PFG_MOEA,765,3,209.95,825.56,0 4 24 45 94 66 53 0,
PFG_MOEA,765,4,209.95,825.56,0 80 0,
PFG_MOEA,765,5,209.95,825.56,0 13 27 12 41 73 95 57 96 89 10 26 59 44 38 47 69 28 46 7 8 100 81 42 76 9 55 75 93 97 61 60 65 6 87 52 29 5 0,47 95
PFG_MOEA,765,6,209.95,825.56,0 90 79 51 49 32 3 36 54 70 72 67 86 82 0,32 54
PFG_MOEA,766,1,104.19,1056.66,0 19 18 91 21 22 33 37 68 56 39 84 23 82 86 67 72 70 54 36 3 0,33 39
PFG_MOEA,766,2,104.19,1056.66,0 50 77 58 48 62 92 43 2 1 16 40 71 35 31 17 0,40
PFG_MOEA,766,3,104.19,1056.66,0 13 27 12 73 15 98 85 88 63 74 78 64 30 41 99 34 25 0,15
PFG_MOEA,766,4,104.19,1056.66,0 4 80 53 66 94 45 24 55 9 76 42 14 11 83 95 57 96 89 10 0,95
PFG_MOEA,766,5,104.19,1056.66,0 26 59 44 38 47 69 28 46 7 8 93 100 81 75 97 61 60 52 87 6 0,28
PFG_MOEA,766,6,104.19,1056.66,0 5 29 65 90 79 32 49 51 20 0,
PFG_MOEA,767,1,98.88,1134.43,0 23 84 39 56 68 37 33 22 21 91 19 18 16 40 35 31 17 20 0,35
PFG_MOEA,767,2,98.88,1134.43,0 15 30 64 78 74 63 98 71 99 2 25 50 77 58 82 86 0,
PFG_MOEA,767,3,98.88,1134.43,0 92 43 1 34 88 85 14 11 83 0,92
PFG_MOEA,767,4,98.88,1134.43,0 4 24 45 94 66 53 80 76 9 55 96 57 95 73 41 12 27 13 0,55 76
PFG_MOEA,767,5,98.88,1134.43,0 89 10 26 59 44 38 47 69 28 42 46 7 8 93 60 61 97 75 81 100 0,47 59
PFG_MOEA,767,6,98.88,1134.43,0 5 29 52 87 6 65 90 79 51 49 32 67 72 70 54 36 3 62 48 0,32 51 54 72
PFG_MOEA,768,1,172.71,848.77,0 89 10 26 59 44 38 47 69 28 42 76 9 7 8 79 51 49 32 3 36 54 70 72 67 86 82 0,3 10 67
PFG_MOEA,768,2,172.71,848.77,0 50 77 58 48 62 92 43 1 99 25 2 0,92
PFG_MOEA,768,3,172.71,848.77,0 34 21 37 33 22 23 84 56 39 68 18 19 91 20 17 31 16 40 35 71 15 30 64 78 74 63 88 85 98 14 11 83 96 46 0,15 20
PFG_MOEA,768,4,172.71,848.77,0 81 75 93 100 0,
PFG_MOEA,768,5,172.71,848.77,0 13 27 12 41 73 95 57 97 61 60 5 29 52 87 6 65 90 24 45 94 66 53 80 4 0,95
PFG_MOEA,768,6,172.71,848.77,0 55 0,55
PFG_MOEA,769,1,130.19,886.45,0 8 7 42 76 9 60 61 5 29 52 87 6 65 90 79 32 49 51 0,
PFG_MOEA,769,2,130.19,886.45,0 50 77 3 36 54 70 72 67 86 82 58 48 62 92 43 0,54 62
PFG_MOEA,769,3,130.19,886.45,0 2 25 34 21 33 37 68 39 56 84 23 22 1 99 0,
PFG_MOEA,769,4,130.19,886.45,0 20 91 19 31 17 18 16 40 35 71 15 98 85 88 63 74 78 64 30 0,
PFG_MOEA,769,5,130.19,886.45,0 81 46 96 83 11 14 95 57 0,
PFG_MOEA,769,6,130.19,886.45,0 4 80 53 66 94 45 24 97 100 93 75 55 28 69 47 38 44 59 26 10 89 73 41 12 27 13 0,55 59
PFG_MOEA,770,1,99.64,1067.22,0 57 97 61 60 5 29 52 87 6 65 90 24 45 94 66 0,
PFG_MOEA,770,2,99.64,1067.22,0 4 80 53 55 98 63 74 78 64 30 71 0,
PFG_MOEA,770,3,99.64,1067.22,0 99 2 25 89 10 26 59 44 38 47 69 28 42 76 9 7 8 79 0,10 79
PFG_MOEA,770,4,99.64,1067.22,0 51 49 32 3 36 54 70 72 67 86 82 58 77 62 48 50 0,36
PFG_MOEA,770,5,99.64,1067.22,0 92 43 34 1 21 37 33 22 23 84 56 39 68 18 19 91 20 17 31 0,84
PFG_MOEA,770,6,99.64,1067.22,0 16 40 35 15 88 85 14 11 83 96 95 73 41 12 27 13 100 93 75 81 46 0,15 41 85
PFG_MOEA,771,1,259.76,804.75,0 93 0,93
PFG_MOEA,771,2,259.76,804.75,0 100 81 75 97 61 60 5 29 52 87 6 65 90 79 0,
PFG_MOEA,771,3,259.76,804.75,0 83 11 14 98 85 88 63 74 78 64 30 15 71 35 31 17 40 16 18 19 20 91 21 33 37 68 39 56 84 23 22 1 34 99 2 25 43 92 62 48 50 77 58 82 86 67 72 70 54 36 3 32 49 51 45 24 4 0,18 22 32 51 58 62 70 71
PFG_MOEA,771,4,259.76,804.75,0 94 66 53 80 76 9 55 96 0,55 76
PFG_MOEA,771,5,259.76,804.75,0 57 95 73 41 12 27 13 0,95
PFG_MOEA,771,6,259.76,804.75,0 89 10 26 59 44 38 47 69 28 42 46 7 8 0,
PFG_MOEA,772,1,131.24,855.01,0 93 100 81 75 97 61 60 52 87 6 65 29 5 90 79 51 49 32 3 36 54 70 72 67 86 82 0,51 93
PFG_MOEA,772,2,131.24,855.01,0 50 77 58 48 62 92 43 25 2 0,92
PFG_MOEA,772,3,131.24,855.01,0 99 34 1 21 22 23 84 39 56 68 37 33 91 18 19 20 0,19
PFG_MOEA,772,4,131.24,855.01,0 13 27 12 41 73 30 64 78 74 63 88 85 98 15 71 35 40 16 31 17 0,85
PFG_MOEA,772,5,131.24,855.01,0 4 80 53 66 94 45 24 55 9 76 42 28 69 47 38 44 59 26 10 89 96 14 11 83 95 57 0,28 53
PFG_MOEA,772,6,131.24,855.01,0 46 7 8 0,7
PFG_MOEA,773,1,108.98,905.4,0 51 49 32 36 54 70 72 67 86 82 3 58 77 50 48 62 92 43 0,51 67
PFG_MOEA,773,2,108.98,905.4,0 2 25 34 21 33 37 68 39 56 84 23 22 1 99 0,
PFG_MOEA,773,3,108.98,905.4,0 20 91 19 31 17 18 16 40 35 71 15 30 64 78 74 63 88 85 98 11 83 0,91
PFG_MOEA,773,4,108.98,905.4,0 80 93 97 89 96 57 95 73 14 41 12 27 13 0,14 93
PFG_MOEA,773,5,108.98,905.4,0 10 26 59 44 38 47 69 28 42 46 7 8 4 53 66 94 0,
PFG_MOEA,773,6,108.98,905.4,0 45 24 79 90 65 6 87 52 29 5 61 60 75 55 9 76 81 100 0,55
PFG_MOEA,774,1,105.14,1054.54,0 2 25 43 34 21 33 37 82 86 67 72 70 54 36 3 77 58 62 48 92 0,72
PFG_MOEA,774,2,105.14,1054.54,0 99 1 22 23 84 56 39 68 19 31 17 20 91 0,19
PFG_MOEA,774,3,105.14,1054.54,0 18 16 73 41 100 93 97 75 55 28 69 47 38 44 59 26 10 89 0,
PFG_MOEA,774,4,105.14,1054.54,0 13 27 12 40 35 71 15 30 64 78 74 63 88 85 98 81 0,71
PFG_MOEA,774,5,105.14,1054.54,0 24 45 94 66 53 80 4 8 7 46 96 83 11 14 95 57 0,14
PFG_MOEA,774,6,105.14,1054.54,0 42 76 9 60 61 5 29 52 87 6 65 90 79 32 49 51 50 0,
PFG_MOEA,775,1,209.95,825.56,0 50 0,
PFG_MOEA,775,2,209.95,825.56,0 77 58 48 62 92 43 25 2 99 34 1 21 37 33 22 23 84 56 39 68 18 19 91 20 17 31 16 40 35 71 15 30 64 78 74 63 88 85 98 14 11 83 0,22 58
PFG_MOEA,775,3,209.95,825.56,0 4 24 45 94 66 53 0,
PFG_MOEA,775,4,209.95,825.56,0 80 0,
PFG_MOEA,775,5,209.95,825.56,0 13 27 12 41 73 95 57 96 89 10 26 59 44 38 47 69 28 46 7 8 100 81 42 76 9 55 75 93 97 61 60 65 6 87 52 29 5 0,47 95
PFG_MOEA,775,6,209.95,825.56,0 90 79 51 49 32 3 36 54 70 72 67 86 82 0,32 54
PFG_MOEA,776,1,104.19,1056.66,0 19 18 91 21 22 33 37 68 56 39 84 23 82 86 67 72 70 54 36 3 0,33 39
PFG_MOEA,776,2,104.19,1056.66,0 50 77 58 48 62 92 43 2 1 16 40 71 35 31 17 0,40
PFG_MOEA,776,3,104.19,1056.66,0 13 27 12 73 15 98 85 88 63 74 78 64 30 41 99 34 25 0,15
PFG_MOEA,776,4,104.19,1056.66,0 4 80 53 66 94 45 24 55 9 76 42 14 11 83 95 57 96 89 10 0,95
PFG_MOEA,776,5,104.19,1056.66,0 26 59 44 38 47 69 28 46 7 8 93 100 81 75 97 61 60 52 87 6 0,28
PFG_MOEA,776,6,104.19,1056.66,0 5 29 65 90 79 32 49 51 20 0,
PFG_MOEA,777,1,98.88,1134.43,0 23 84 39 56 68 37 33 22 21 91 19 18 16 40 35 31 17 20 0,35
PFG_MOEA,777,2,98.88,1134.43,0 15 30 64 78 74 63 98 71 99 2 25 50 77 58 82 86 0,
PFG_MOEA,777,3,98.88,1134.43,0 92 43 1 34 88 85 14 11 83 0,92
PFG_MOEA,777,4,98.88,1134.43,0 4 24 45 94 66 53 80 76 9 55 96 57 95 73 41 12 27 13 0,55 76
PFG_MOEA,777,5,98.88,1134.43,0 89 10 26 59 44 38 47 69 28 42 46 7 8 93 60 61 97 75 81 100 0,47 59
PFG_MOEA,777,6,98.88,1134.43,0 5 29 52 87 6 65 90 79 51 49 32 67 72 70 54 36 3 62 48 0,32 51 54 72
PFG_MOEA,778,1,172.71,848.77,0 89 10 26 59 44 38 47 69 28 42 76 9 7 8 79 51 49 32 3 36 54 70 72 67 86 82 0,3 10 67
PFG_MOEA,778,2,172.71,848.77,0 50 77 58 48 62 92 43 1 99 25 2 0,92
PFG_MOEA,778,3,172.71,848.77,0 34 21 37 33 22 23 84 56 39 68 18 19 91 20 17 31 16 40 35 71 15 30 64 78 74 63 88 85 98 14 11 83 96 46 0,15 20
PFG_MOEA,778,4,172.71,848.77,0 81 75 93 100 0,
PFG_MOEA,778,5,172.71,848.77,0 13 27 12 41 73 95 57 97 61 60 5 29 52 87 6 65 90 24 45 94 66 53 80 4 0,95
PFG_MOEA,778,6,172.71,848.77,0 55 0,55
PFG_MOEA,779,1,130.19,886.45,0 8 7 42 76 9 60 61 5 29 52 87 6 65 90 79 32 49 51 0,
PFG_MOEA,779,2,130.19,886.45,0 50 77 3 36 54 70 72 67 86 82 58 48 62 92 43 0,54 62
PFG_MOEA,779,3,130.19,886.45,0 2 25 34 21 33 37 68 39 56 84 23 22 1 99 0,
PFG_MOEA,779,4,130.19,886.45,0 20 91 19 31 17 18 16 40 35 71 15 98 85 88 63 74 78 64 30 0,
PFG_MOEA,779,5,130.19,886.45,0 81 46 96 83 11 14 95 57 0,
PFG_MOEA,779,6,130.19,886.45,0 4 80 53 66 94 45 24 97 100 93 75 55 28 69 47 38 44 59 26 10 89 73 41 12 27 13 0,55 59
PFG_MOEA,780,1,99.64,1067.22,0 57 97 61 60 5 29 52 87 6 65 90 24 45 94 66 0,
PFG_MOEA,780,2,99.64,1067.22,0 4 80 53 55 98 63 74 78 64 30 71 0,
PFG_MOEA,780,3,99.64,1067.22,0 99 2 25 89 10 26 59 44 38 47 69 28 42 76 9 7 8 79 0,10 79
PFG_MOEA,780,4,99.64,1067.22,0 51 49 32 3 36 54 70 72 67 86 82 58 77 62 48 50 0,36
PFG_MOEA,780,5,99.64,1067.22,0 92 43 34 1 21 37 33 22 23 84 56 39 68 18 19 91 20 17 31 0,84
PFG_MOEA,780,6,99.64,1067.22,0 16 40 35 15 88 85 14 11 83 96 95 73 41 12 27 13 100 93 75 81 46 0,15 41 85
PFG_MOEA,781,1,259.76,804.75,0 93 0,93
PFG_MOEA,781,2,259.76,804.75,0 100 81 75 97 61 60 5 29 52 87 6 65 90 79 0,
PFG_MOEA,781,3,259.76,804.75,0 83 11 14 98 85 88 63 74 78 64 30 15 71 35 31 17 40 16 18 19 20 91 21 33 37 68 39 56 84 23 22 1 34 99 2 25 43 92 62 48 50 77 58 82 86 67 72 70 54 36 3 32 49 51 45 24 4 0,18 22 32 51 58 62 70 71
PFG_MOEA,781,4,259.76,804.75,0 94 66 53 80 76 9 55 96 0,55 76
PFG_MOEA,781,5,259.76,804.75,0 57 95 73 41 12 27 13 0,95
PFG_MOEA,781,6,259.76,804.75,0 89 10 26 59 44 38 47 69 28 42 46 7 8 0,
PFG_MOEA,782,1,131.24,855.01,0 93 100 81 75 97 61 60 52 87 6 65 29 5 90 79 51 49 32 3 36 54 70 72 67 86 82 0,51 93
PFG_MOEA,782,2,131.24,855.01,0 50 77 58 48 62 92 43 25 2 0,92
PFG_MOEA,782,3,131.24,855.01,0 99 34 1 21 22 23 84 39 56 68 37 33 91 18 19 20 0,19
PFG_MOEA,782,4,131.24,855.01,0 13 27 12 41 73 30 64 78 74 63 88 85 98 15 71 35 40 16 31 17 0,85
PFG_MOEA,782,5,131.24,855.01,0 4 80 53 66 94 45 24 55 9 76 42 28 69 47 38 44 59 26 10 89 96 14 11 83 95 57 0,28 53
PFG_MOEA,782,6,131.24,855.01,0 46 7 8 0,7
PFG_MOEA,783,1,108.98,905.4,0 51 49 32 36 54 70 72 67 86 82 3 58 77 50 48 62 92 43 0,51 67
PFG_MOEA,783,2,108.98,905.4,0 2 25 34 21 33 37 68 39 56 84 23 22 1 99 0,
PFG_MOEA,783,3,108.98,905.4,0 20 91 19 31 17 18 16 40 35 71 15 30 64 78 74 63 88 85 98 11 83 0,91
PFG_MOEA,783,4,108.98,905.4,0 80 93 97 89 96 57 95 73 14 41 12 27 13 0,14 93
PFG_MOEA,783,5,108.98,905.4,0 10 26 59 44 38 47 69 28 42 46 7 8 4 53 66 94 0,
PFG_MOEA,783,6,108.98,905.4,0 45 24 79 90 65 6 87 52 29 5 61 60 75 55 9 76 81 100 0,55
PFG_MOEA,784,1,105.14,1054.54,0 2 25 43 34 21 33 37 82 86 67 72 70 54 36 3 77 58 62 48 92 0,72
PFG_MOEA,784,2,105.14,1054.54,0 99 1 22 23 84 56 39 68 19 31 17 20 91 0,19
PFG_MOEA,784,3,105.14,1054.54,0 18 16 73 41 100 93 97 75 55 28 69 47 38 44 59 26 10 89 0,
PFG_MOEA,784,4,105.14,1054.54,0 13 27 12 40 35 71 15 30 64 78 74 63 88 85 98 81 0,71
PFG_MOEA,784,5,105.14,1054.54,0 24 45 94 66 53 80 4 8 7 46 96 83 11 14 95 57 0,14
PFG_MOEA,784,6,105.14,1054.54,0 42 76 9 60 61 5 29 52 87 6 65 90 79 32 49 51 50 0,
PFG_MOEA,785,1,209.95,825.56,0 50 0,
PFG_MOEA,785,2,209.95,825.56,0 77 58 48 62 92 43 25 2 99 34 1 21 37 33 22 23 84 56 39 68 18 19 91 20 17 31 16 40 35 71 15 30 64 78 74 63 88 85 98 14 11 83 0,22 58
PFG_MOEA,785,3,209.95,825.56,0 4 24 45 94 66 53 0,
PFG_MOEA,785,4,209.95,825.56,0 80 0,
PFG_MOEA,785,5,209.95,825.56,0 13 27 12 41 73 95 57 96 89 10 26 59 44 38 47 69 28 46 7 8 100 81 42 76 9 55 75 93 97 61 60 65 6 87 52 29 5 0,47 95
PFG_MOEA,785,6,209.95,825.56,0 90 79 51 49 32 3 36 54 70 72 67 86 82 0,32 54
PFG_MOEA,786,1,104.19,1056.66,0 19 18 91 21 22 33 37 68 56 39 84 23 82 86 67 72 70 54 36 3 0,33 39
PFG_MOEA,786,2,104.19,1056.66,0 50 77 58 48 62 92 43 2 1 16 40 71 35 31 17 0,40
PFG_MOEA,786,3,104.19,1056.66,0 13 27 12 73 15 98 85 88 63 74 78 64 30 41 99 34 25 0,15
PFG_MOEA,786,4,104.19,1056.66,0 4 80 53 66 94 45 24 55 9 76 42 14 11 83 95 57 96 89 10 0,95
PFG_MOEA,786,5,104.19,1056.66,0 26 59 44 38 47 69 28 46 7 8 93 100 81 75 97 61 60 52 87 6 0,28
PFG_MOEA,786,6,104.19,1056.66,0 5 29 65 90 79 32 49 51 20 0,
PFG_MOEA,787,1,98.88,1134.43,0 23 84 39 56 68 37 33 22 21 91 19 18 16 40 35 31 17 20 0,35
PFG_MOEA,787,2,98.88,1134.43,0 15 30 64 78 74 63 98 71 99 2 25 50 77 58 82 86 0,
PFG_MOEA,787,3,98.88,1134.43,0 92 43 1 34 88 85 14 11 83 0,92
PFG_MOEA,787,4,98.88,1134.43,0 4 24 45 94 66 53 80 76 9 55 96 57 95 73 41 12 27 13 0,55 76
PFG_MOEA,787,5,98.88,1134.43,0 89 10 26 59 44 38 47 69 28 42 46 7 8 93 60 61 97 75 81 100 0,47 59
PFG_MOEA,787,6,98.88,1134.43,0 5 29 52 87 6 65 90 79 51 49 32 67 72 70 54 36 3 62 48 0,32 51 54 72
PFG_MOEA,788,1,172.71,848.77,0 89 10 26 59 44 38 47 69 28 42 76 9 7 8 79 51 49 32 3 36 54 70 72 67 86 82 0,3 10 67
PFG_MOEA,788,2,172.71,848.77,0 50 77 58 48 62 92 43 1 99 25 2 0,92
PFG_MOEA,788,3,172.71,848.77,0 34 21 37 33 22 23 84 56 39 68 18 19 91 20 17 31 16 40 35 71 15 30 64 78 74 63 88 85 98 14 11 83 96 46 0,15 20
PFG_MOEA,788,4,172.71,848.77,0 81 75 93 100 0,
PFG_MOEA,788,5,172.71,848.77,0 13 27 12 41 73 95 57 97 61 60 5 29 52 87 6 65 90 24 45 94 66 53 80 4 0,95
PFG_MOEA,788,6,172.71,848.77,0 55 0,55
PFG_MOEA,789,1,130.19,886.45,0 8 7 42 76 9 60 61 5 29 52 87 6 65 90 79 32 49 51 0,
PFG_MOEA,789,2,130.19,886.45,0 50 77 3 36 54 70 72 67 86 82 58 48 62 92 43 0,54 62
PFG_MOEA,789,3,130.19,886.45,0 2 25 34 21 33 37 68 39 56 84 23 22 1 99 0,
PFG_MOEA,789,4,130.19,886.45,0 20 91 19 31 17 18 16 40 35 71 15 98 85 88 63 74 78 64 30 0,
PFG_MOEA,789,5,130.19,886.45,0 81 46 96 83 11 14 95 57 0,
PFG_MOEA,789,6,130.19,886.45,0 4 80 53 66 94 45 24 97 100 93 75 55 28 69 47 38 44 59 26 10 89 73 41 12 27 13 0,55 59
PFG_MOEA,790,1,99.64,1067.22,0 57 97 61 60 5 29 52 87 6 65 90 24 45 94 66 0,
PFG_MOEA,790,2,99.64,1067.22,0 4 80 53 55 98 63 74 78 64 30 71 0,
PFG_MOEA,790,3,99.64,1067.22,0 99 2 25 89 10 26 59 44 38 47 69 28 42 76 9 7 8 79 0,10 79
PFG_MOEA,790,4,99.64,1067.22,0 51 49 32 3 36 54 70 72 67 86 82 58 77 62 48 50 0,36
PFG_MOEA,790,5,99.64,1067.22,0 92 43 34 1 21 37 33 22 23 84 56 39 68 18 19 91 20 17 31 0,84
PFG_MOEA,790,6,99.64,1067.22,0 16 40 35 15 88 85 14 11 83 96 95 73 41 12 27 13 100 93 75 81 46 0,15 41 85
PFG_MOEA,791,1,259.76,804.75,0 93 0,93
PFG_MOEA,791,2,259.76,804.75,0 100 81 75 97 61 60 5 29 52 87 6 65 90 79 0,
PFG_MOEA,791,3,259.76,804.75,0 83 11 14 98 85 88 63 74 78 64 30 15 71 35 31 17 40 16 18 19 20 91 21 33 37 68 39 56 84 23 22 1 34 99 2 25 43 92 62 48 50 77 58 82 86 67 72 70 54 36 3 32 49 51 45 24 4 0,18 22 32 51 58 62 70 71
PFG_MOEA,791,4,259.76,804.75,0 94 66 53 80 76 9 55 96 0,55 76
PFG_MOEA,791,5,259.76,804.75,0 57 95 73 41 12 27 13 0,95
PFG_MOEA,791,6,259.76,804.75,0 89 10 26 59 44 38 47 69 28 42 46 7 8 0,
PFG_MOEA,792,1,131.24,855.01,0 93 100 81 75 97 61 60 52 87 6 65 29 5 90 79 51 49 32 3 36 54 70 72 67 86 82 0,51 93
PFG_MOEA,792,2,131.24,855.01,0 50 77 58 48 62 92 43 25 2 0,92
PFG_MOEA,792,3,131.24,855.01,0 99 34 1 21 22 23 84 39 56 68 37 33 91 18 19 20 0,19
PFG_MOEA,792,4,131.24,855.01,0 13 27 12 41 73 30 64 78 74 63 88 85 98 15 71 35 40 16 31 17 0,85
PFG_MOEA,792,5,131.24,855.01,0 4 80 53 66 94 45 24 55 9 76 42 28 69 47 38 44 59 26 10 89 96 14 11 83 95 57 0,28 53
PFG_MOEA,792,6,131.24,855.01,0 46 7 8 0,7
PFG_MOEA,793,1,108.98,905.4,0 51 49 32 36 54 70 72 67 86 82 3 58 77 50 48 62 92 43 0,51 67
PFG_MOEA,793,2,108.98,905.4,0 2 25 34 21 33 37 68 39 56 84 23 22 1 99 0,
PFG_MOEA,793,3,108.98,905.4,0 20 91 19 31 17 18 16 40 35 71 15 30 64 78 74 63 88 85 98 11 83 0,91
PFG_MOEA,793,4,108.98,905.4,0 80 93 97 89 96 57 95 73 14 41 12 27 13 0,14 93
PFG_MOEA,793,5,108.98,905.4,0 10 26 59 44 38 47 69 28 42 46 7 8 4 53 66 94 0,
PFG_MOEA,793,6,108.98,905.4,0 45 24 79 90 65 6 87 52 29 5 61 60 75 55 9 76 81 100 0,55
PFG_MOEA,794,1,105.14,1054.54,0 2 25 43 34 21 33 37 82 86 67 72 70 54 36 3 77 58 62 48 92 0,72
PFG_MOEA,794,2,105.14,1054.54,0 99 1 22 23 84 56 39 68 19 31 17 20 91 0,19
PFG_MOEA,794,3,105.14,1054.54,0 18 16 73 41 100 93 97 75 55 28 69 47 38 44 59 26 10 89 0,
PFG_MOEA,794,4,105.14,1054.54,0 13 27 12 40 35 71 15 30 64 78 74 63 88 85 98 81 0,71
PFG_MOEA,794,5,105.14,1054.54,0 24 45 94 66 53 80 4 8 7 46 96 83 11 14 95 57 0,14
PFG_MOEA,794,6,105.14,1054.54,0 42 76 9 60 61 5 29 52 87 6 65 90 79 32 49 51 50 0,
PFG_MOEA,795,1,209.95,825.56,0 50 0,
PFG_MOEA,795,2,209.95,825.56,0 77 58 48 62 92 43 25 2 99 34 1 21 37 33 22 23 84 56 39 68 18 19 91 20 17 31 16 40 35 71 15 30 64 78 74 63 88 85 98 14 11 83 0,22 58
PFG_MOEA,795,3,209.95,825.56,0 4 24 45 94 66 53 0,
PFG_MOEA,795,4,209.95,825.56,0 80 0,
PFG_MOEA,795,5,209.95,825.56,0 13 27 12 41 73 95 57 96 89 10 26 59 44 38 47 69 28 46 7 8 100 81 42 76 9 55 75 93 97 61 60 65 6 87 52 29 5 0,47 95
PFG_MOEA,795,6,209.95,825.56,0 90 79 51 49 32 3 36 54 70 72 67 86 82 0,32 54
PFG_MOEA,796,1,104.19,1056.66,0 19 18 91 21 22 33 37 68 56 39 84 23 82 86 67 72 70 54 36 3 0,33 39
PFG_MOEA,796,2,104.19,1056.66,0 50 77 58 48 62 92 43 2 1 16 40 71 35 31 17 0,40
PFG_MOEA,796,3,104.19,1056.66,0 13 27 12 73 15 98 85 88 63 74 78 64 30 41 99 34 25 0,15
PFG_MOEA,796,4,104.19,1056.66,0 4 80 53 66 94 45 24 55 9 76 42 14 11 83 95 57 96 89 10 0,95
PFG_MOEA,796,5,104.19,1056.66,0 26 59 44 38 47 69 28 46 7 8 93 100 81 75 97 61 60 52 87 6 0,28
PFG_MOEA,796,6,104.19,1056.66,0 5 29 65 90 79 32 49 51 20 0,
PFG_MOEA,797,1,98.88,1134.43,0 23 84 39 56 68 37 33 22 21 91 19 18 16 40 35 31 17 20 0,35
PFG_MOEA,797,2,98.88,1134.43,0 15 30 64 78 74 63 98 71 99 2 25 50 77 58 82 86 0,
PFG_MOEA,797,3,98.88,1134.43,0 92 43 1 34 88 85 14 11 83 0,92
PFG_MOEA,797,4,98.88,1134.43,0 4 24 45 94 66 53 80 76 9 55 96 57 95 73 41 12 27 13 0,55 76
PFG_MOEA,797,5,98.88,1134.43,0 89 10 26 59 44 38 47 69 28 42 46 7 8 93 60 61 97 75 81 100 0,47 59
PFG_MOEA,797,6,98.88,1134.43,0 5 29 52 87 6 65 90 79 51 49 32 67 72 70 54 36 3 62 48 0,32 51 54 72
PFG_MOEA,798,1,172.71,848.77,0 89 10 26 59 44 38 47 69 28 42 76 9 7 8 79 51 49 32 3 36 54 70 72 67 86 82 0,3 10 67
PFG_MOEA,798,2,172.71,848.77,0 50 77 58 48 62 92 43 1 99 25 2 0,92
PFG_MOEA,798,3,172.71,848.77,0 34 21 37 33 22 23 84 56 39 68 18 19 91 20 17 31 16 40 35 71 15 30 64 78 74 63 88 85 98 14 11 83 96 46 0,15 20
PFG_MOEA,798,4,172.71,848.77,0 81 75 93 100 0,
PFG_MOEA,798,5,172.71,848.77,0 13 27 12 41 73 95 57 97 61 60 5 29 52 87 6 65 90 24 45 94 66 53 80 4 0,95
PFG_MOEA,798,6,172.71,848.77,0 55 0,55
PFG_MOEA,799,1,130.19,886.45,0 8 7 42 76 9 60 61 5 29 52 87 6 65 90 79 32 49 51 0,
PFG_MOEA,799,2,130.19,886.45,0 50 77 3 36 54 70 72 67 86 82 58 48 62 92 43 0,54 62
PFG_MOEA,799,3,130.19,886.45,0 2 25 34 21 33 37 68 39 56 84 23 22 1 99 0,
PFG_MOEA,799,4,130.19,886.45,0 20 91 19 31 17 18 16 40 35 71 15 98 85 88 63 74 78 64 30 0,
PFG_MOEA,799,5,130.19,886.45,0 81 46 96 83 11 14 95 57 0,
PFG_MOEA,799,6,130.19,886.45,0 4 80 53 66 94 45 24 97 100 93 75 55 28 69 47 38 44 59 26 10 89 73 41 12 27 13 0,55 59
PFG_MOEA,800,1,99.64,1067.22,0 57 97 61 60 5 29 52 87 6 65 90 24 45 94 66 0,
PFG_MOEA,800,2,99.64,1067.22,0 4 80 53 55 98 63 74 78 64 30 71 0,
PFG_MOEA,800,3,99.64,1067.22,0 99 2 25 89 10 26 59 44 38 47 69 28 42 76 9 7 8 79 0,10 79
PFG_MOEA,800,4,99.64,1067.22,0 51 49 32 3 36 54 70 72 67 86 82 58 77 62 48 50 0,36
PFG_MOEA,800,5,99.64,1067.22,0 92 43 34 1 21 37 33 22 23 84 56 39 68 18 19 91 20 17 31 0,84
PFG_MOEA,800,6,99.64,1067.22,0 16 40 35 15 88 85 14 11 83 96 95 73 41 12 27 13 100 93 75 81 46 0,15 41 85
PFG_MOEA,801,1,259.76,804.75,0 93 0,93
PFG_MOEA,801,2,259.76,804.75,0 100 81 75 97 61 60 5 29 52 87 6 65 90 79 0,
PFG_MOEA,801,3,259.76,804.75,0 83 11 14 98 85 88 63 74 78 64 30 15 71 35 31 17 40 16 18 19 20 91 21 33 37 68 39 56 84 23 22 1 34 99 2 25 43 92 62 48 50 77 58 82 86 67 72 70 54 36 3 32 49 51 45 24 4 0,18 22 32 51 58 62 70 71
PFG_MOEA,801,4,259.76,804.75,0 94 66 53 80 76 9 55 96 0,55 76
PFG_MOEA,801,5,259.76,804.75,0 57 95 73 41 12 27 13 0,95
PFG_MOEA,801,6,259.76,804.75,0 89 10 26 59 44 38 47 69 28 42 46 7 8 0,
PFG_MOEA,802,1,131.24,855.01,0 93 100 81 75 97 61 60 52 87 6 65 29 5 90 79 51 49 32 3 36 54 70 72 67 86 82 0,51 93
PFG_MOEA,802,2,131.24,855.01,0 50 77 58 48 62 92 43 25 2 0,92
PFG_MOEA,802,3,131.24,855.01,0 99 34 1 21 22 23 84 39 56 68 37 33 91 18 19 20 0,19
PFG_MOEA,802,4,131.24,855.01,0 13 27 12 41 73 30 64 78 74 63 88 85 98 15 71 35 40 16 31 17 0,85
PFG_MOEA,802,5,131.24,855.01,0 4 80 53 66 94 45 24 55 9 76 42 28 69 47 38 44 59 26 10 89 96 14 11 83 95 57 0,28 53
PFG_MOEA,802,6,131.24,855.01,0 46 7 8 0,7
PFG_MOEA,803,1,108.98,905.4,0 51 49 32 36 54 70 72 67 86 82 3 58 77 50 48 62 92 43 0,51 67
PFG_MOEA,803,2,108.98,905.4,0 2 25 34 21 33 37 68 39 56 84 23 22 1 99 0,
PFG_MOEA,803,3,108.98,905.4,0 20 91 19 31 17 18 16 40 35 71 15 30 64 78 74 63 88 85 98 11 83 0,91
PFG_MOEA,803,4,108.98,905.4,0 80 93 97 89 96 57 95 73 14 41 12 27 13 0,14 93
PFG_MOEA,803,5,108.98,905.4,0 10 26 59 44 38 47 69 28 42 46 7 8 4 53 66 94 0,
PFG_MOEA,803,6,108.98,905.4,0 45 24 79 90 65 6 87 52 29 5 61 60 75 55 9 76 81 100 0,55
PFG_MOEA,804,1,105.14,1054.54,0 2 25 43 34 21 33 37 82 86 67 72 70 54 36 3 77 58 62 48 92 0,72
PFG_MOEA,804,2,105.14,1054.54,0 99 1 22 23 84 56 39 68 19 31 17 20 91 0,19
PFG_MOEA,804,3,105.14,1054.54,0 18 16 73 41 100 93 97 75 55 28 69 47 38 44 59 26 10 89 0,
PFG_MOEA,804,4,105.14,1054.54,0 13 27 12 40 35 71 15 30 64 78 74 63 88 85 98 81 0,71
PFG_MOEA,804,5,105.14,1054.54,0 24 45 94 66 53 80 4 8 7 46 96 83 11 14 95 57 0,14
PFG_MOEA,804,6,105.14,1054.54,0 42 76 9 60 61 5 29 52 87 6 65 90 79 32 49 51 50 0,
PFG_MOEA,805,1,209.95,825.56,0 50 0,
PFG_MOEA,805,2,209.95,825.56,0 77 58 48 62 92 43 25 2 99 34 1 21 37 33 22 23 84 56 39 68 18 19 91 20 17 31 16 40 35 71 15 30 64 78 74 63 88 85 98 14 11 83 0,22 58
PFG_MOEA,805,3,209.95,825.56,0 4 24 45 94 66 53 0,
PFG_MOEA,805,4,209.95,825.56,0 80 0,
PFG_MOEA,805,5,209.95,825.56,0 13 27 12 41 73 95 57 96 89 10 26 59 44 38 47 69 28 46 7 8 100 81 42 76 9 55 75 93 97 61 60 65 6 87 52 29 5 0,47 95
PFG_MOEA,805,6,209.95,825.56,0 90 79 51 49 32 3 36 54 70 72 67 86 82 0,32 54
PFG_MOEA,806,1,104.19,1056.66,0 19 18 91 21 22 33 37 68 56 39 84 23 82 86 67 72 70 54 36 3 0,33 39
PFG_MOEA,806,2,104.19,1056.66,0 50 77 58 48 62 92 43 2 1 16 40 71 35 31 17 0,40
PFG_MOEA,806,3,104.19,1056.66,0 13 27 12 73 15 98 85 88 63 74 78 64 30 41 99 34 25 0,15
PFG_MOEA,806,4,104.19,1056.66,0 4 80 53 66 94 45 24 55 9 76 42 14 11 83 95 57 96 89 10 0,95
PFG_MOEA,806,5,104.19,1056.66,0 26 59 44 38 47 69 28 46 7 8 93 100 81 75 97 61 60 52 87 6 0,28
PFG_MOEA,806,6,104.19,1056.66,0 5 29 65 90 79 32 49 51 20 0,
PFG_MOEA,807,1,98.88,1134.43,0 23 84 39 56 68 37 33 22 21 91 19 18 16 40 35 31 17 20 0,35
PFG_MOEA,807,2,98.88,1134.43,0 15 30 64 78 74 63 98 71 99 2 25 50 77 58 82 86 0,
PFG_MOEA,807,3,98.88,1134.43,0 92 43 1 34 88 85 14 11 83 0,92
PFG_MOEA,807,4,98.88,1134.43,0 4 24 45 94 66 53 80 76 9 55 96 57 95 73 41 12 27 13 0,55 76
PFG_MOEA,807,5,98.88,1134.43,0 89 10 26 59 44 38 47 69 28 42 46 7 8 93 60 61 97 75 81 100 0,47 59
PFG_MOEA,807,6,98.88,1134.43,0 5 29 52 87 6 65 90 79 51 49 32 67 72 70 54 36 3 62 48 0,32 51 54 72
PFG_MOEA,808,1,172.71,848.77,0 89 10 26 59 44 38 47 69 28 42 76 9 7 8 79 51 49 32 3 36 54 70 72 67 86 82 0,3 10 67
PFG_MOEA,808,2,172.71,848.77,0 50 77 58 48 62 92 43 1 99 25 2 0,92
PFG_MOEA,808,3,172.71,848.77,0 34 21 37 33 22 23 84 56 39 68 18 19 91 20 17 31 16 40 35 71 15 30 64 78 74 63 88 85 98 14 11 83 96 46 0,15 20
PFG_MOEA,808,4,172.71,848.77,0 81 75 93 100 0,
PFG_MOEA,808,5,172.71,848.77,0 13 27 12 41 73 95 57 97 61 60 5 29 52 87 6 65 90 24 45 94 66 53 80 4 0,95
PFG_MOEA,808,6,172.71,848.77,0 55 0,55
PFG_MOEA,809,1,130.19,886.45,0 8 7 42 76 9 60 61 5 29 52 87 6 65 90 79 32 49 51 0,
PFG_MOEA,809,2,130.19,886.45,0 50 77 3 36 54 70 72 67 86 82 58 48 62 92 43 0,54 62
PFG_MOEA,809,3,130.19,886.45,0 2 25 34 21 33 37 68 39 56 84 23 22 1 99 0,
PFG_MOEA,809,4,130.19,886.45,0 20 91 19 31 17 18 16 40 35 71 15 98 85 88 63 74 78 64 30 0,
PFG_MOEA,809,5,130.19,886.45,0 81 46 96 83 11 14 95 57 0,
PFG_MOEA,809,6,130.19,886.45,0 4 80 53 66 94 45 24 97 100 93 75 55 28 69 47 38 44 59 26 10 89 73 41 12 27 13 0,55 59
PFG_MOEA,810,1,99.64,1067.22,0 57 97 61 60 5 29 52 87 6 65 90 24 45 94 66 0,
PFG_MOEA,810,2,99.64,1067.22,0 4 80 53 55 98 63 74 78 64 30 71 0,
PFG_MOEA,810,3,99.64,1067.22,0 99 2 25 89 10 26 59 44 38 47 69 28 42 76 9 7 8 79 0,10 79
PFG_MOEA,810,4,99.64,1067.22,0 51 49 32 3 36 54 70 72 67 86 82 58 77 62 48 50 0,36
PFG_MOEA,810,5,99.64,1067.22,0 92 43 34 1 21 37 33 22 23 84 56 39 68 18 19 91 20 17 31 0,84
PFG_MOEA,810,6,99.64,1067.22,0 16 40 35 15 88 85 14 11 83 96 95 73 41 12 27 13 100 93 75 81 46 0,15 41 85
PFG_MOEA,811,1,259.76,804.75,0 93 0,93
PFG_MOEA,811,2,259.76,804.75,0 100 81 75 97 61 60 5 29 52 87 6 65 90 79 0,
PFG_MOEA,811,3,259.76,804.75,0 83 11 14 98 85 88 63 74 78 64 30 15 71 35 31 17 40 16 18 19 20 91 21 33 37 68 39 56 84 23 22 1 34 99 2 25 43 92 62 48 50 77 58 82 86 67 72 70 54 36 3 32 49 51 45 24 4 0,18 22 32 51 58 62 70 71
PFG_MOEA,811,4,259.76,804.75,0 94 66 53 80 76 9 55 96 0,55 76
PFG_MOEA,811,5,259.76,804.75,0 57 95 73 41 12 27 13 0,95
PFG_MOEA,811,6,259.76,804.75,0 89 10 26 59 44 38 47 69 28 42 46 7 8 0,
PFG_MOEA,812,1,131.24,855.01,0 93 100 81 75 97 61 60 52 87 6 65 29 5 90 79 51 49 32 3 36 54 70 72 67 86 82 0,51 93
PFG_MOEA,812,2,131.24,855.01,0 50 77 58 48 62 92 43 25 2 0,92
PFG_MOEA,812,3,131.24,855.01,0 99 34 1 21 22 23 84 39 56 68 37 33 91 18 19 20 0,19
PFG_MOEA,812,4,131.24,855.01,0 13 27 12 41 73 30 64 78 74 63 88 85 98 15 71 35 40 16 31 17 0,85
PFG_MOEA,812,5,131.24,855.01,0 4 80 53 66 94 45 24 55 9 76 42 28 69 47 38 44 59 26 10 89 96 14 11 83 95 57 0,28 53
PFG_MOEA,812,6,131.24,855.01,0 46 7 8 0,7
PFG_MOEA,813,1,108.98,905.4,0 51 49 32 36 54 70 72 67 86 82 3 58 77 50 48 62 92 43 0,51 67
PFG_MOEA,813,2,108.98,905.4,0 2 25 34 21 33 37 68 39 56 84 23 22 1 99 0,
PFG_MOEA,813,3,108.98,905.4,0 20 91 19 31 17 18 16 40 35 71 15 30 64 78 74 63 88 85 98 11 83 0,91
PFG_MOEA,813,4,108.98,905.4,0 80 93 97 89 96 57 95 73 14 41 12 27 13 0,14 93
PFG_MOEA,813,5,108.98,905.4,0 10 26 59 44 38 47 69 28 42 46 7 8 4 53 66 94 0,
PFG_MOEA,813,6,108.98,905.4,0 45 24 79 90 65 6 87 52 29 5 61 60 75 55 9 76 81 100 0,55
PFG_MOEA,814,1,105.14,1054.54,0 2 25 43 34 21 33 37 82 86 67 72 70 54 36 3 77 58 62 48 92 0,72
PFG_MOEA,814,2,105.14,1054.54,0 99 1 22 23 84 56 39 68 19 31 17 20 91 0,19
PFG_MOEA,814,3,105.14,1054.54,0 18 16 73 41 100 93 97 75 55 28 69 47 38 44 59 26 10 89 0,
PFG_MOEA,814,4,105.14,1054.54,0 13 27 12 40 35 71 15 30 64 78 74 63 88 85 98 81 0,71
PFG_MOEA,814,5,105.14,1054.54,0 24 45 94 66 53 80 4 8 7 46 96 83 11 14 95 57 0,14
PFG_MOEA,814,6,105.14,1054.54,0 42 76 9 60 61 5 29 52 87 6 65 90 79 32 49 51 50 0,
PFG_MOEA,815,1,209.95,825.56,0 50 0,
PFG_MOEA,815,2,209.95,825.56,0 77 58 48 62 92 43 25 2 99 34 1 21 37 33 22 23 84 56 39 68 18 19 91 20 17 31 16 40 35 71 15 30 64 78 74 63 88 85 98 14 11 83 0,22 58
PFG_MOEA,815,3,209.95,825.56,0 4 24 45 94 66 53 0,
PFG_MOEA,815,4,209.95,825.56,0 80 0,
PFG_MOEA,815,5,209.95,825.56,0 13 27 12 41 73 95 57 96 89 10 26 59 44 38 47 69 28 46 7 8 100 81 42 76 9 55 75 93 97 61 60 65 6 87 52 29 5 0,47 95
PFG_MOEA,815,6,209.95,825.56,0 90 79 51 49 32 3 36 54 70 72 67 86 82 0,32 54
PFG_MOEA,816,1,104.19,1056.66,0 19 18 91 21 22 33 37 68 56 39 84 23 82 86 67 72 70 54 36 3 0,33 39
PFG_MOEA,816,2,104.19,1056.66,0 50 77 58 48 62 92 43 2 1 16 40 71 35 31 17 0,40
PFG_MOEA,816,3,104.19,1056.66,0 13 27 12 73 15 98 85 88 63 74 78 64 30 41 99 34 25 0,15
PFG_MOEA,816,4,104.19,1056.66,0 4 80 53 66 94 45 24 55 9 76 42 14 11 83 95 57 96 89 10 0,95
PFG_MOEA,816,5,104.19,1056.66,0 26 59 44 38 47 69 28 46 7 8 93 100 81 75 97 61 60 52 87 6 0,28
PFG_MOEA,816,6,104.19,1056.66,0 5 29 65 90 79 32 49 51 20 0,
PFG_MOEA,817,1,98.88,1134.43,0 23 84 39 56 68 37 33 22 21 91 19 18 16 40 35 31 17 20 0,35
PFG_MOEA,817,2,98.88,1134.43,0 15 30 64 78 74 63 98 71 99 2 25 50 77 58 82 86 0,
PFG_MOEA,817,3,98.88,1134.43,0 92 43 1 34 88 85 14 11 83 0,92
PFG_MOEA,817,4,98.88,1134.43,0 4 24 45 94 66 53 80 76 9 55 96 57 95 73 41 12 27 13 0,55 76
PFG_MOEA,817,5,98.88,1134.43,0 89 10 26 59 44 38 47 69 28 42 46 7 8 93 60 61 97 75 81 100 0,47 59
PFG_MOEA,817,6,98.88,1134.43,0 5 29 52 87 6 65 90 79 51 49 32 67 72 70 54 36 3 62 48 0,32 51 54 72
PFG_MOEA,818,1,172.71,848.77,0 89 10 26 59 44 38 47 69 28 42 76 9 7 8 79 51 49 32 3 36 54 70 72 67 86 82 0,3 10 67
PFG_MOEA,818,2,172.71,848.77,0 50 77 58 48 62 92 43 1 99 25 2 0,92
PFG_MOEA,818,3,172.71,848.77,0 34 21 37 33 22 23 84 56 39 68 18 19 91 20 17 31 16 40 35 71 15 30 64 78 74 63 88 85 98 14 11 83 96 46 0,15 20
PFG_MOEA,818,4,172.71,848.77,0 81 75 93 100 0,
PFG_MOEA,818,5,172.71,848.77,0 13 27 12 41 73 95 57 97 61 60 5 29 52 87 6 65 90 24 45 94 66 53 80 4 0,95
PFG_MOEA,818,6,172.71,848.77,0 55 0,55
PFG_MOEA,819,1,130.19,886.45,0 8 7 42 76 9 60 61 5 29 52 87 6 65 90 79 32 49 51 0,
PFG_MOEA,819,2,130.19,886.45,0 50 77 3 36 54 70 72 67 86 82 58 48 62 92 43 0,54 62
PFG_MOEA,819,3,130.19,886.45,0 2 25 34 21 33 37 68 39 56 84 23 22 1 99 0,
PFG_MOEA,819,4,130.19,886.45,0 20 91 19 31 17 18 16 40 35 71 15 98 85 88 63 74 78 64 30 0,
PFG_MOEA,819,5,130.19,886.45,0 81 46 96 83 11 14 95 57 0,
PFG_MOEA,819,6,130.19,886.45,0 4 80 53 66 94 45 24 97 100 93 75 55 28 69 47 38 44 59 26 10 89 73 41 12 27 13 0,55 59
PFG_MOEA,820,1,99.64,1067.22,0 57 97 61 60 5 29 52 87 6 65 90 24 45 94 66 0,
PFG_MOEA,820,2,99.64,1067.22,0 4 80 53 55 98 63 74 78 64 30 71 0,
PFG_MOEA,820,3,99.64,1067.22,0 99 2 25 89 10 26 59 44 38 47 69 28 42 76 9 7 8 79 0,10 79
PFG_MOEA,820,4,99.64,1067.22,0 51 49 32 3 36 54 70 72 67 86 82 58 77 62 48 50 0,36
PFG_MOEA,820,5,99.64,1067.22,0 92 43 34 1 21 37 33 22 23 84 56 39 68 18 19 91 20 17 31 0,84
PFG_MOEA,820,6,99.64,1067.22,0 16 40 35 15 88 85 14 11 83 96 95 73 41 12 27 13 100 93 75 81 46 0,15 41 85
PFG_MOEA,821,1,259.76,804.75,0 93 0,93
PFG_MOEA,821,2,259.76,804.75,0 100 81 75 97 61 60 5 29 52 87 6 65 90 79 0,
PFG_MOEA,821,3,259.76,804.75,0 83 11 14 98 85 88 63 74 78 64 30 15 71 35 31 17 40 16 18 19 20 91 21 33 37 68 39 56 84 23 22 1 34 99 2 25 43 92 62 48 50 77 58 82 86 67 72 70 54 36 3 32 49 51 45 24 4 0,18 22 32 51 58 62 70 71
PFG_MOEA,821,4,259.76,804.75,0 94 66 53 80 76 9 55 96 0,55 76
PFG_MOEA,821,5,259.76,804.75,0 57 95 73 41 12 27 13 0,95
PFG_MOEA,821,6,259.76,804.75,0 89 10 26 59 44 38 47 69 28 42 46 7 8 0,
PFG_MOEA,822,1,131.24,855.01,0 93 100 81 75 97 61 60 52 87 6 65 29 5 90 79 51 49 32 3 36 54 70 72 67 86 82 0,51 93
PFG_MOEA,822,2,131.24,855.01,0 50 77 58 48 62 92 43 25 2 0,92
PFG_MOEA,822,3,131.24,855.01,0 99 34 1 21 22 23 84 39 56 68 37 33 91 18 19 20 0,19
PFG_MOEA,822,4,131.24,855.01,0 13 27 12 41 73 30 64 78 74 63 88 85 98 15 71 35 40 16 31 17 0,85
PFG_MOEA,822,5,131.24,855.01,0 4 80 53 66 94 45 24 55 9 76 42 28 69 47 38 44 59 26 10 89 96 14 11 83 95 57 0,28 53
PFG_MOEA,822,6,131.24,855.01,0 46 7 8 0,7
PFG_MOEA,823,1,108.98,905.4,0 51 49 32 36 54 70 72 67 86 82 3 58 77 50 48 62 92 43 0,51 67
PFG_MOEA,823,2,108.98,905.4,0 2 25 34 21 33 37 68 39 56 84 23 22 1 99 0,
PFG_MOEA,823,3,108.98,905.4,0 20 91 19 31 17 18 16 40 35 71 15 30 64 78 74 63 88 85 98 11 83 0,91
PFG_MOEA,823,4,108.98,905.4,0 80 93 97 89 96 57 95 73 14 41 12 27 13 0,14 93
PFG_MOEA,823,5,108.98,905.4,0 10 26 59 44 38 47 69 28 42 46 7 8 4 53 66 94 0,
PFG_MOEA,823,6,108.98,905.4,0 45 24 79 90 65 6 87 52 29 5 61 60 75 55 9 76 81 100 0,55
PFG_MOEA,824,1,105.14,1054.54,0 2 25 43 34 21 33 37 82 86 67 72 70 54 36 3 77 58 62 48 92 0,72
PFG_MOEA,824,2,105.14,1054.54,0 99 1 22 23 84 56 39 68 19 31 17 20 91 0,19
PFG_MOEA,824,3,105.14,1054.54,0 18 16 73 41 100 93 97 75 55 28 69 47 38 44 59 26 10 89 0,
PFG_MOEA,824,4,105.14,1054.54,0 13 27 12 40 35 71 15 30 64 78 74 63 88 85 98 81 0,71
PFG_MOEA,824,5,105.14,1054.54,0 24 45 94 66 53 80 4 8 7 46 96 83 11 14 95 57 0,14
PFG_MOEA,824,6,105.14,1054.54,0 42 76 9 60 61 5 29 52 87 6 65 90 79 32 49 51 50 0,
PFG_MOEA,825,1,209.95,825.56,0 50 0,
PFG_MOEA,825,2,209.95,825.56,0 77 58 48 62 92 43 25 2 99 34 1 21 37 33 22 23 84 56 39 68 18 19 91 20 17 31 16 40 35 71 15 30 64 78 74 63 88 85 98 14 11 83 0,22 58
PFG_MOEA,825,3,209.95,825.56,0 4 24 45 94 66 53 0,
PFG_MOEA,825,4,209.95,825.56,0 80 0,
PFG_MOEA,825,5,209.95,825.56,0 13 27 12 41 73 95 57 96 89 10 26 59 44 38 47 69 28 46 7 8 100 81 42 76 9 55 75 93 97 61 60 65 6 87 52 29 5 0,47 95
PFG_MOEA,825,6,209.95,825.56,0 90 79 51 49 32 3 36 54 70 72 67 86 82 0,32 54
PFG_MOEA,826,1,104.19,1056.66,0 19 18 91 21 22 33 37 68 56 39 84 23 82 86 67 72 70 54 36 3 0,33 39
PFG_MOEA,826,2,104.19,1056.66,0 50 77 58 48 62 92 43 2 1 16 40 71 35 31 17 0,40
PFG_MOEA,826,3,104.19,1056.66,0 13 27 12 73 15 98 85 88 63 74 78 64 30 41 99 34 25 0,15
PFG_MOEA,826,4,104.19,1056.66,0 4 80 53 66 94 45 24 55 9 76 42 14 11 83 95 57 96 89 10 0,95
PFG_MOEA,826,5,104.19,1056.66,0 26 59 44 38 47 69 28 46 7 8 93 100 81 75 97 61 60 52 87 6 0,28
PFG_MOEA,826,6,104.19,1056.66,0 5 29 65 90 79 32 49 51 20 0,
PFG_MOEA,827,1,98.88,1134.43,0 23 84 39 56 68 37 33 22 21 91 19 18 16 40 35 31 17 20 0,35
PFG_MOEA,827,2,98.88,1134.43,0 15 30 64 78 74 63 98 71 99 2 25 50 77 58 82 86 0,
PFG_MOEA,827,3,98.88,1134.43,0 92 43 1 34 88 85 14 11 83 0,92
PFG_MOEA,827,4,98.88,1134.43,0 4 24 45 94 66 53 80 76 9 55 96 57 95 73 41 12 27 13 0,55 76
PFG_MOEA,827,5,98.88,1134.43,0 89 10 26 59 44 38 47 69 28 42 46 7 8 93 60 61 97 75 81 100 0,47 59
PFG_MOEA,827,6,98.88,1134.43,0 5 29 52 87 6 65 90 79 51 49 32 67 72 70 54 36 3 62 48 0,32 51 54 72
PFG_MOEA,828,1,172.71,848.77,0 89 10 26 59 44 38 47 69 28 42 76 9 7 8 79 51 49 32 3 36 54 70 72 67 86 82 0,3 10 67
PFG_MOEA,828,2,172.71,848.77,0 50 77 58 48 62 92 43 1 99 25 2 0,92
PFG_MOEA,828,3,172.71,848.77,0 34 21 37 33 22 23 84 56 39 68 18 19 91 20 17 31 16 40 35 71 15 30 64 78 74 63 88 85 98 14 11 83 96 46 0,15 20
PFG_MOEA,828,4,172.71,848.77,0 81 75 93 100 0,
PFG_MOEA,828,5,172.71,848.77,0 13 27 12 41 73 95 57 97 61 60 5 29 52 87 6 65 90 24 45 94 66 53 80 4 0,95
PFG_MOEA,828,6,172.71,848.77,0 55 0,55
PFG_MOEA,829,1,130.19,886.45,0 8 7 42 76 9 60 61 5 29 52 87 6 65 90 79 32 49 51 0,
PFG_MOEA,829,2,130.19,886.45,0 50 77 3 36 54 70 72 67 86 82 58 48 62 92 43 0,54 62
PFG_MOEA,829,3,130.19,886.45,0 2 25 34 21 33 37 68 39 56 84 23 22 1 99 0,
PFG_MOEA,829,4,130.19,886.45,0 20 91 19 31 17 18 16 40 35 71 15 98 85 88 63 74 78 64 30 0,
PFG_MOEA,829,5,130.19,886.45,0 81 46 96 83 11 14 95 57 0,
PFG_MOEA,829,6,130.19,886.45,0 4 80 53 66 94 45 24 97 100 93 75 55 28 69 47 38 44 59 26 10 89 73 41 12 27 13 0,55 59
PFG_MOEA,830,1,99.64,1067.22,0 57 97 61 60 5 29 52 87 6 65 90 24 45 94 66 0,
PFG_MOEA,830,2,99.64,1067.22,0 4 80 53 55 98 63 74 78 64 30 71 0,
PFG_MOEA,830,3,99.64,1067.22,0 99 2 25 89 10 26 59 44 38 47 69 28 42 76 9 7 8 79 0,10 79
PFG_MOEA,830,4,99.64,1067.22,0 51 49 32 3 36 54 70 72 67 86 82 58 77 62 48 50 0,36
PFG_MOEA,830,5,99.64,1067.22,0 92 43 34 1 21 37 33 22 23 84 56 39 68 18 19 91 20 17 31 0,84
PFG_MOEA,830,6,99.64,1067.22,0 16 40 35 15 88 85 14 11 83 96 95 73 41 12 27 13 100 93 75 81 46 0,15 41 85
PFG_MOEA,831,1,259.76,804.75,0 93 0,93
PFG_MOEA,831,2,259.76,804.75,0 100 81 75 97 61 60 5 29 52 87 6 65 90 79 0,
PFG_MOEA,831,3,259.76,804.75,0 83 11 14 98 85 88 63 74 78 64 30 15 71 35 31 17 40 16 18 19 20 91 21 33 37 68 39 56 84 23 22 1 34 99 2 25 43 92 62 48 50 77 58 82 86 67 72 70 54 36 3 32 49 51 45 24 4 0,18 22 32 51 58 62 70 71
PFG_MOEA,831,4,259.76,804.75,0 94 66 53 80 76 9 55 96 0,55 76
PFG_MOEA,831,5,259.76,804.75,0 57 95 73 41 12 27 13 0,95
PFG_MOEA,831,6,259.76,804.75,0 89 10 26 59 44 38 47 69 28 42 46 7 8 0,
PFG_MOEA,832,1,131.24,855.01,0 93 100 81 75 97 61 60 52 87 6 65 29 5 90 79 51 49 32 3 36 54 70 72 67 86 82 0,51 93
PFG_MOEA,832,2,131.24,855.01,0 50 77 58 48 62 92 43 25 2 0,92
PFG_MOEA,832,3,131.24,855.01,0 99 34 1 21 22 23 84 39 56 68 37 33 91 18 19 20 0,19
PFG_MOEA,832,4,131.24,855.01,0 13 27 12 41 73 30 64 78 74 63 88 85 98 15 71 35 40 16 31 17 0,85
PFG_MOEA,832,5,131.24,855.01,0 4 80 53 66 94 45 24 55 9 76 42 28 69 47 38 44 59 26 10 89 96 14 11 83 95 57 0,28 53
PFG_MOEA,832,6,131.24,855.01,0 46 7 8 0,7
PFG_MOEA,833,1,108.98,905.4,0 51 49 32 36 54 70 72 67 86 82 3 58 77 50 48 62 92 43 0,51 67
PFG_MOEA,833,2,108.98,905.4,0 2 25 34 21 33 37 68 39 56 84 23 22 1 99 0,
PFG_MOEA,833,3,108.98,905.4,0 20 91 19 31 17 18 16 40 35 71 15 30 64 78 74 63 88 85 98 11 83 0,91
PFG_MOEA,833,4,108.98,905.4,0 80 93 97 89 96 57 95 73 14 41 12 27 13 0,14 93
PFG_MOEA,833,5,108.98,905.4,0 10 26 59 44 38 47 69 28 42 46 7 8 4 53 66 94 0,
PFG_MOEA,833,6,108.98,905.4,0 45 24 79 90 65 6 87 52 29 5 61 60 75 55 9 76 81 100 0,55
PFG_MOEA,834,1,105.14,1054.54,0 2 25 43 34 21 33 37 82 86 67 72 70 54 36 3 77 58 62 48 92 0,72
PFG_MOEA,834,2,105.14,1054.54,0 99 1 22 23 84 56 39 68 19 31 17 20 91 0,19
PFG_MOEA,834,3,105.14,1054.54,0 18 16 73 41 100 93 97 75 55 28 69 47 38 44 59 26 10 89 0,
PFG_MOEA,834,4,105.14,1054.54,0 13 27 12 40 35 71 15 30 64 78 74 63 88 85 98 81 0,71
PFG_MOEA,834,5,105.14,1054.54,0 24 45 94 66 53 80 4 8 7 46 96 83 11 14 95 57 0,14
PFG_MOEA,834,6,105.14,1054.54,0 42 76 9 60 61 5 29 52 87 6 65 90 79 32 49 51 50 0,
PFG_MOEA,835,1,209.95,825.56,0 50 0,
PFG_MOEA,835,2,209.95,825.56,0 77 58 48 62 92 43 25 2 99 34 1 21 37 33 22 23 84 56 39 68 18 19 91 20 17 31 16 40 35 71 15 30 64 78 74 63 88 85 98 14 11 83 0,22 58
PFG_MOEA,835,3,209.95,825.56,0 4 24 45 94 66 53 0,
PFG_MOEA,835,4,209.95,825.56,0 80 0,
PFG_MOEA,835,5,209.95,825.56,0 13 27 12 41 73 95 57 96 89 10 26 59 44 38 47 69 28 46 7 8 100 81 42 76 9 55 75 93 97 61 60 65 6 87 52 29 5 0,47 95
PFG_MOEA,835,6,209.95,825.56,0 90 79 51 49 32 3 36 54 70 72 67 86 82 0,32 54
PFG_MOEA,836,1,104.19,1056.66,0 19 18 91 21 22 33 37 68 56 39 84 23 82 86 67 72 70 54 36 3 0,33 39
PFG_MOEA,836,2,104.19,1056.66,0 50 77 58 48 62 92 43 2 1 16 40 71 35 31 17 0,40
PFG_MOEA,836,3,104.19,1056.66,0 13 27 12 73 15 98 85 88 63 74 78 64 30 41 99 34 25 0,15
PFG_MOEA,836,4,104.19,1056.66,0 4 80 53 66 94 45 24 55 9 76 42 14 11 83 95 57 96 89 10 0,95
PFG_MOEA,836,5,104.19,1056.66,0 26 59 44 38 47 69 28 46 7 8 93 100 81 75 97 61 60 52 87 6 0,28
PFG_MOEA,836,6,104.19,1056.66,0 5 29 65 90 79 32 49 51 20 0,
PFG_MOEA,837,1,98.88,1134.43,0 23 84 39 56 68 37 33 22 21 91 19 18 16 40 35 31 17 20 0,35
PFG_MOEA,837,2,98.88,1134.43,0 15 30 64 78 74 63 98 71 99 2 25 50 77 58 82 86 0,
PFG_MOEA,837,3,98.88,1134.43,0 92 43 1 34 88 85 14 11 83 0,92
PFG_MOEA,837,4,98.88,1134.43,0 4 24 45 94 66 53 80 76 9 55 96 57 95 73 41 12 27 13 0,55 76
PFG_MOEA,837,5,98.88,1134.43,0 89 10 26 59 44 38 47 69 28 42 46 7 8 93 60 61 97 75 81 100 0,47 59
PFG_MOEA,837,6,98.88,1134.43,0 5 29 52 87 6 65 90 79 51 49 32 67 72 70 54 36 3 62 48 0,32 51 54 72
PFG_MOEA,838,1,172.71,848.77,0 89 10 26 59 44 38 47 69 28 42 76 9 7 8 79 51 49 32 3 36 54 70 72 67 86 82 0,3 10 67
PFG_MOEA,838,2,172.71,848.77,0 50 77 58 48 62 92 43 1 99 25 2 0,92
PFG_MOEA,838,3,172.71,848.77,0 34 21 37 33 22 23 84 56 39 68 18 19 91 20 17 31 16 40 35 71 15 30 64 78 74 63 88 85 98 14 11 83 96 46 0,15 20
PFG_MOEA,838,4,172.71,848.77,0 81 75 93 100 0,
PFG_MOEA,838,5,172.71,848.77,0 13 27 12 41 73 95 57 97 61 60 5 29 52 87 6 65 90 24 45 94 66 53 80 4 0,95
PFG_MOEA,838,6,172.71,848.77,0 55 0,55
PFG_MOEA,839,1,130.19,886.45,0 8 7 42 76 9 60 61 5 29 52 87 6 65 90 79 32 49 51 0,
PFG_MOEA,839,2,130.19,886.45,0 50 77 3 36 54 70 72 67 86 82 58 48 62 92 43 0,54 62
PFG_MOEA,839,3,130.19,886.45,0 2 25 34 21 33 37 68 39 56 84 23 22 1 99 0,
PFG_MOEA,839,4,130.19,886.45,0 20 91 19 31 17 18 16 40 35 71 15 98 85 88 63 74 78 64 30 0,
PFG_MOEA,839,5,130.19,886.45,0 81 46 96 83 11 14 95 57 0,
PFG_MOEA,839,6,130.19,886.45,0 4 80 53 66 94 45 24 97 100 93 75 55 28 69 47 38 44 59 26 10 89 73 41 12 27 13 0,55 59
PFG_MOEA,840,1,99.64,1067.22,0 57 97 61 60 5 29 52 87 6 65 90 24 45 94 66 0,
PFG_MOEA,840,2,99.64,1067.22,0 4 80 53 55 98 63 74 78 64 30 71 0,
PFG_MOEA,840,3,99.64,1067.22,0 99 2 25 89 10 26 59 44 38 47 69 28 42 76 9 7 8 79 0,10 79
PFG_MOEA,840,4,99.64,1067.22,0 51 49 32 3 36 54 70 72 67 86 82 58 77 62 48 50 0,36
PFG_MOEA,840,5,99.64,1067.22,0 92 43 34 1 21 37 33 22 23 84 56 39 68 18 19 91 20 17 31 0,84
PFG_MOEA,840,6,99.64,1067.22,0 16 40 35 15 88 85 14 11 83 96 95 73 41 12 27 13 100 93 75 81 46 0,15 41 85
PFG_MOEA,841,1,259.76,804.75,0 93 0,93
PFG_MOEA,841,2,259.76,804.75,0 100 81 75 97 61 60 5 29 52 87 6 65 90 79 0,
PFG_MOEA,841,3,259.76,804.75,0 83 11 14 98 85 88 63 74 78 64 30 15 71 35 31 17 40 16 18 19 20 91 21 33 37 68 39 56 84 23 22 1 34 99 2 25 43 92 62 48 50 77 58 82 86 67 72 70 54 36 3 32 49 51 45 24 4 0,18 22 32 51 58 62 70 71
PFG_MOEA,841,4,259.76,804.75,0 94 66 53 80 76 9 55 96 0,55 76
PFG_MOEA,841,5,259.76,804.75,0 57 95 73 41 12 27 13 0,95
PFG_MOEA,841,6,259.76,804.75,0 89 10 26 59 44 38 47 69 28 42 46 7 8 0,
PFG_MOEA,842,1,131.24,855.01,0 93 100 81 75 97 61 60 52 87 6 65 29 5 90 79 51 49 32 3 36 54 70 72 67 86 82 0,51 93
PFG_MOEA,842,2,131.24,855.01,0 50 77 58 48 62 92 43 25 2 0,92
PFG_MOEA,842,3,131.24,855.01,0 99 34 1 21 22 23 84 39 56 68 37 33 91 18 19 20 0,19
PFG_MOEA,842,4,131.24,855.01,0 13 27 12 41 73 30 64 78 74 63 88 85 98 15 71 35 40 16 31 17 0,85
PFG_MOEA,842,5,131.24,855.01,0 4 80 53 66 94 45 24 55 9 76 42 28 69 47 38 44 59 26 10 89 96 14 11 83 95 57 0,28 53
PFG_MOEA,842,6,131.24,855.01,0 46 7 8 0,7
PFG_MOEA,843,1,108.98,905.4,0 51 49 32 36 54 70 72 67 86 82 3 58 77 50 48 62 92 43 0,51 67
PFG_MOEA,843,2,108.98,905.4,0 2 25 34 21 33 37 68 39 56 84 23 22 1 99 0,
PFG_MOEA,843,3,108.98,905.4,0 20 91 19 31 17 18 16 40 35 71 15 30 64 78 74 63 88 85 98 11 83 0,91
PFG_MOEA,843,4,108.98,905.4,0 80 93 97 89 96 57 95 73 14 41 12 27 13 0,14 93
PFG_MOEA,843,5,108.98,905.4,0 10 26 59 44 38 47 69 28 42 46 7 8 4 53 66 94 0,
PFG_MOEA,843,6,108.98,905.4,0 45 24 79 90 65 6 87 52 29 5 61 60 75 55 9 76 81 100 0,55
PFG_MOEA,844,1,105.14,1054.54,0 2 25 43 34 21 33 37 82 86 67 72 70 54 36 3 77 58 62 48 92 0,72
PFG_MOEA,844,2,105.14,1054.54,0 99 1 22 23 84 56 39 68 19 31 17 20 91 0,19
PFG_MOEA,844,3,105.14,1054.54,0 18 16 73 41 100 93 97 75 55 28 69 47 38 44 59 26 10 89 0,
PFG_MOEA,844,4,105.14,1054.54,0 13 27 12 40 35 71 15 30 64 78 74 63 88 85 98 81 0,71
PFG_MOEA,844,5,105.14,1054.54,0 24 45 94 66 53 80 4 8 7 46 96 83 11 14 95 57 0,14
PFG_MOEA,844,6,105.14,1054.54,0 42 76 9 60 61 5 29 52 87 6 65 90 79 32 49 51 50 0,
PFG_MOEA,845,1,209.95,825.56,0 50 0,
PFG_MOEA,845,2,209.95,825.56,0 77 58 48 62 92 43 25 2 99 34 1 21 37 33 22 23 84 56 39 68 18 19 91 20 17 31 16 40 35 71 15 30 64 78 74 63 88 85 98 14 11 83 0,22 58
PFG_MOEA,845,3,209.95,825.56,0 4 24 45 94 66 53 0,
PFG_MOEA,845,4,209.95,825.56,0 80 0,
PFG_MOEA,845,5,209.95,825.56,0 13 27 12 41 73 95 57 96 89 10 26 59 44 38 47 69 28 46 7 8 100 81 42 76 9 55 75 93 97 61 60 65 6 87 52 29 5 0,47 95
PFG_MOEA,845,6,209.95,825.56,0 90 79 51 49 32 3 36 54 70 72 67 86 82 0,32 54
PFG_MOEA,846,1,104.19,1056.66,0 19 18 91 21 22 33 37 68 56 39 84 23 82 86 67 72 70 54 36 3 0,33 39
PFG_MOEA,846,2,104.19,1056.66,0 50 77 58 48 62 92 43 2 1 16 40 71 35 31 17 0,40
PFG_MOEA,846,3,104.19,1056.66,0 13 27 12 73 15 98 85 88 63 74 78 64 30 41 99 34 25 0,15
PFG_MOEA,846,4,104.19,1056.66,0 4 80 53 66 94 45 24 55 9 76 42 14 11 83 95 57 96 89 10 0,95
PFG_MOEA,846,5,104.19,1056.66,0 26 59 44 38 47 69 28 46 7 8 93 100 81 75 97 61 60 52 87 6 0,28
PFG_MOEA,846,6,104.19,1056.66,0 5 29 65 90 79 32 49 51 20 0,
PFG_MOEA,847,1,98.88,1134.43,0 23 84 39 56 68 37 33 22 21 91 19 18 16 40 35 31 17 20 0,35
PFG_MOEA,847,2,98.88,1134.43,0 15 30 64 78 74 63 98 71 99 2 25 50 77 58 82 86 0,
PFG_MOEA,847,3,98.88,1134.43,0 92 43 1 34 88 85 14 11 83 0,92
PFG_MOEA,847,4,98.88,1134.43,0 4 24 45 94 66 53 80 76 9 55 96 57 95 73 41 12 27 13 0,55 76
PFG_MOEA,847,5,98.88,1134.43,0 89 10 26 59 44 38 47 69 28 42 46 7 8 93 60 61 97 75 81 100 0,47 59
PFG_MOEA,847,6,98.88,1134.43,0 5 29 52 87 6 65 90 79 51 49 32 67 72 70 54 36 3 62 48 0,32 51 54 72
PFG_MOEA,848,1,172.71,848.77,0 89 10 26 59 44 38 47 69 28 42 76 9 7 8 79 51 49 32 3 36 54 70 72 67 86 82 0,3 10 67
PFG_MOEA,848,2,172.71,848.77,0 50 77 58 48 62 92 43 1 99 25 2 0,92
PFG_MOEA,848,3,172.71,848.77,0 34 21 37 33 22 23 84 56 39 68 18 19 91 20 17 31 16 40 35 71 15 30 64 78 74 63 88 85 98 14 11 83 96 46 0,15 20
PFG_MOEA,848,4,172.71,848.77,0 81 75 93 100 0,
PFG_MOEA,848,5,172.71,848.77,0 13 27 12 41 73 95 57 97 61 60 5 29 52 87 6 65 90 24 45 94 66 53 80 4 0,95
PFG_MOEA,848,6,172.71,848.77,0 55 0,55
PFG_MOEA,849,1,130.19,886.45,0 8 7 42 76 9 60 61 5 29 52 87 6 65 90 79 32 49 51 0,
PFG_MOEA,849,2,130.19,886.45,0 50 77 3 36 54 70 72 67 86 82 58 48 62 92 43 0,54 62
PFG_MOEA,849,3,130.19,886.45,0 2 25 34 21 33 37 68 39 56 84 23 22 1 99 0,
PFG_MOEA,849,4,130.19,886.45,0 20 91 19 31 17 18 16 40 35 71 15 98 85 88 63 74 78 64 30 0,
PFG_MOEA,849,5,130.19,886.45,0 81 46 96 83 11 14 95 57 0,
PFG_MOEA,849,6,130.19,886.45,0 4 80 53 66 94 45 24 97 100 93 75 55 28 69 47 38 44 59 26 10 89 73 41 12 27 13 0,55 59
PFG_MOEA,850,1,99.64,1067.22,0 57 97 61 60 5 29 52 87 6 65 90 24 45 94 66 0,
PFG_MOEA,850,2,99.64,1067.22,0 4 80 53 55 98 63 74 78 64 30 71 0,
PFG_MOEA,850,3,99.64,1067.22,0 99 2 25 89 10 26 59 44 38 47 69 28 42 76 9 7 8 79 0,10 79
PFG_MOEA,850,4,99.64,1067.22,0 51 49 32 3 36 54 70 72 67 86 82 58 77 62 48 50 0,36
PFG_MOEA,850,5,99.64,1067.22,0 92 43 34 1 21 37 33 22 23 84 56 39 68 18 19 91 20 17 31 0,84
PFG_MOEA,850,6,99.64,1067.22,0 16 40 35 15 88 85 14 11 83 96 95 73 41 12 27 13 100 93 75 81 46 0,15 41 85
PFG_MOEA,851,1,259.76,804.75,0 93 0,93
PFG_MOEA,851,2,259.76,804.75,0 100 81 75 97 61 60 5 29 52 87 6 65 90 79 0,
PFG_MOEA,851,3,259.76,804.75,0 83 11 14 98 85 88 63 74 78 64 30 15 71 35 31 17 40 16 18 19 20 91 21 33 37 68 39 56 84 23 22 1 34 99 2 25 43 92 62 48 50 77 58 82 86 67 72 70 54 36 3 32 49 51 45 24 4 0,18 22 32 51 58 62 70 71
PFG_MOEA,851,4,259.76,804.75,0 94 66 53 80 76 9 55 96 0,55 76
PFG_MOEA,851,5,259.76,804.75,0 57 95 73 41 12 27 13 0,95
PFG_MOEA,851,6,259.76,804.75,0 89 10 26 59 44 38 47 69 28 42 46 7 8 0,
PFG_MOEA,852,1,131.24,855.01,0 93 100 81 75 97 61 60 52 87 6 65 29 5 90 79 51 49 32 3 36 54 70 72 67 86 82 0,51 93
PFG_MOEA,852,2,131.24,855.01,0 50 77 58 48 62 92 43 25 2 0,92
PFG_MOEA,852,3,131.24,855.01,0 99 34 1 21 22 23 84 39 56 68 37 33 91 18 19 20 0,19
PFG_MOEA,852,4,131.24,855.01,0 13 27 12 41 73 30 64 78 74 63 88 85 98 15 71 35 40 16 31 17 0,85
PFG_MOEA,852,5,131.24,855.01,0 4 80 53 66 94 45 24 55 9 76 42 28 69 47 38 44 59 26 10 89 96 14 11 83 95 57 0,28 53
PFG_MOEA,852,6,131.24,855.01,0 46 7 8 0,7
PFG_MOEA,853,1,108.98,905.4,0 51 49 32 36 54 70 72 67 86 82 3 58 77 50 48 62 92 43 0,51 67
PFG_MOEA,853,2,108.98,905.4,0 2 25 34 21 33 37 68 39 56 84 23 22 1 99 0,
PFG_MOEA,853,3,108.98,905.4,0 20 91 19 31 17 18 16 40 35 71 15 30 64 78 74 63 88 85 98 11 83 0,91
PFG_MOEA,853,4,108.98,905.4,0 80 93 97 89 96 57 95 73 14 41 12 27 13 0,14 93
PFG_MOEA,853,5,108.98,905.4,0 10 26 59 44 38 47 69 28 42 46 7 8 4 53 66 94 0,
PFG_MOEA,853,6,108.98,905.4,0 45 24 79 90 65 6 87 52 29 5 61 60 75 55 9 76 81 100 0,55
PFG_MOEA,854,1,105.14,1054.54,0 2 25 43 34 21 33 37 82 86 67 72 70 54 36 3 77 58 62 48 92 0,72
PFG_MOEA,854,2,105.14,1054.54,0 99 1 22 23 84 56 39 68 19 31 17 20 91 0,19
PFG_MOEA,854,3,105.14,1054.54,0 18 16 73 41 100 93 97 75 55 28 69 47 38 44 59 26 10 89 0,
PFG_MOEA,854,4,105.14,1054.54,0 13 27 12 40 35 71 15 30 64 78 74 63 88 85 98 81 0,71
PFG_MOEA,854,5,105.14,1054.54,0 24 45 94 66 53 80 4 8 7 46 96 83 11 14 95 57 0,14
PFG_MOEA,854,6,105.14,1054.54,0 42 76 9 60 61 5 29 52 87 6 65 90 79 32 49 51 50 0,
PFG_MOEA,855,1,209.95,825.56,0 50 0,
PFG_MOEA,855,2,209.95,825.56,0 77 58 48 62 92 43 25 2 99 34 1 21 37 33 22 23 84 56 39 68 18 19 91 20 17 31 16 40 35 71 15 30 64 78 74 63 88 85 98 14 11 83 0,22 58
PFG_MOEA,855,3,209.95,825.56,0 4 24 45 94 66 53 0,
PFG_MOEA,855,4,209.95,825.56,0 80 0,
PFG_MOEA,855,5,209.95,825.56,0 13 27 12 41 73 95 57 96 89 10 26 59 44 38 47 69 28 46 7 8 100 81 42 76 9 55 75 93 97 61 60 65 6 87 52 29 5 0,47 95
PFG_MOEA,855,6,209.95,825.56,0 90 79 51 49 32 3 36 54 70 72 67 86 82 0,32 54
PFG_MOEA,856,1,104.19,1056.66,0 19 18 91 21 22 33 37 68 56 39 84 23 82 86 67 72 70 54 36 3 0,33 39
PFG_MOEA,856,2,104.19,1056.66,0 50 77 58 48 62 92 43 2 1 16 40 71 35 31 17 0,40
PFG_MOEA,856,3,104.19,1056.66,0 13 27 12 73 15 98 85 88 63 74 78 64 30 41 99 34 25 0,15
PFG_MOEA,856,4,104.19,1056.66,0 4 80 53 66 94 45 24 55 9 76 42 14 11 83 95 57 96 89 10 0,95
PFG_MOEA,856,5,104.19,1056.66,0 26 59 44 38 47 69 28 46 7 8 93 100 81 75 97 61 60 52 87 6 0,28
PFG_MOEA,856,6,104.19,1056.66,0 5 29 65 90 79 32 49 51 20 0,
PFG_MOEA,857,1,98.88,1134.43,0 23 84 39 56 68 37 33 22 21 91 19 18 16 40 35 31 17 20 0,35
PFG_MOEA,857,2,98.88,1134.43,0 15 30 64 78 74 63 98 71 99 2 25 50 77 58 82 86 0,
PFG_MOEA,857,3,98.88,1134.43,0 92 43 1 34 88 85 14 11 83 0,92
PFG_MOEA,857,4,98.88,1134.43,0 4 24 45 94 66 53 80 76 9 55 96 57 95 73 41 12 27 13 0,55 76
PFG_MOEA,857,5,98.88,1134.43,0 89 10 26 59 44 38 47 69 28 42 46 7 8 93 60 61 97 75 81 100 0,47 59
PFG_MOEA,857,6,98.88,1134.43,0 5 29 52 87 6 65 90 79 51 49 32 67 72 70 54 36 3 62 48 0,32 51 54 72
PFG_MOEA,858,1,172.71,848.77,0 89 10 26 59 44 38 47 69 28 42 76 9 7 8 79 51 49 32 3 36 54 70 72 67 86 82 0,3 10 67
PFG_MOEA,858,2,172.71,848.77,0 50 77 58 48 62 92 43 1 99 25 2 0,92
PFG_MOEA,858,3,172.71,848.77,0 34 21 37 33 22 23 84 56 39 68 18 19 91 20 17 31 16 40 35 71 15 30 64 78 74 63 88 85 98 14 11 83 96 46 0,15 20
PFG_MOEA,858,4,172.71,848.77,0 81 75 93 100 0,
PFG_MOEA,858,5,172.71,848.77,0 13 27 12 41 73 95 57 97 61 60 5 29 52 87 6 65 90 24 45 94 66 53 80 4 0,95
PFG_MOEA,858,6,172.71,848.77,0 55 0,55
PFG_MOEA,859,1,130.19,886.45,0 8 7 42 76 9 60 61 5 29 52 87 6 65 90 79 32 49 51 0,
PFG_MOEA,859,2,130.19,886.45,0 50 77 3 36 54 70 72 67 86 82 58 48 62 92 43 0,54 62
PFG_MOEA,859,3,130.19,886.45,0 2 25 34 21 33 37 68 39 56 84 23 22 1 99 0,
PFG_MOEA,859,4,130.19,886.45,0 20 91 19 31 17 18 16 40 35 71 15 98 85 88 63 74 78 64 30 0,
PFG_MOEA,859,5,130.19,886.45,0 81 46 96 83 11 14 95 57 0,
PFG_MOEA,859,6,130.19,886.45,0 4 80 53 66 94 45 24 97 100 93 75 55 28 69 47 38 44 59 26 10 89 73 41 12 27 13 0,55 59
PFG_MOEA,860,1,99.64,1067.22,0 57 97 61 60 5 29 52 87 6 65 90 24 45 94 66 0,
PFG_MOEA,860,2,99.64,1067.22,0 4 80 53 55 98 63 74 78 64 30 71 0,
PFG_MOEA,860,3,99.64,1067.22,0 99 2 25 89 10 26 59 44 38 47 69 28 42 76 9 7 8 79 0,10 79
PFG_MOEA,860,4,99.64,1067.22,0 51 49 32 3 36 54 70 72 67 86 82 58 77 62 48 50 0,36
PFG_MOEA,860,5,99.64,1067.22,0 92 43 34 1 21 37 33 22 23 84 56 39 68 18 19 91 20 17 31 0,84
PFG_MOEA,860,6,99.64,1067.22,0 16 40 35 15 88 85 14 11 83 96 95 73 41 12 27 13 100 93 75 81 46 0,15 41 85
PFG_MOEA,861,1,259.76,804.75,0 93 0,93
PFG_MOEA,861,2,259.76,804.75,0 100 81 75 97 61 60 5 29 52 87 6 65 90 79 0,
PFG_MOEA,861,3,259.76,804.75,0 83 11 14 98 85 88 63 74 78 64 30 15 71 35 31 17 40 16 18 19 20 91 21 33 37 68 39 56 84 23 22 1 34 99 2 25 43 92 62 48 50 77 58 82 86 67 72 70 54 36 3 32 49 51 45 24 4 0,18 22 32 51 58 62 70 71
PFG_MOEA,861,4,259.76,804.75,0 94 66 53 80 76 9 55 96 0,55 76
PFG_MOEA,861,5,259.76,804.75,0 57 95 73 41 12 27 13 0,95
PFG_MOEA,861,6,259.76,804.75,0 89 10 26 59 44 38 47 69 28 42 46 7 8 0,
PFG_MOEA,862,1,131.24,855.01,0 93 100 81 75 97 61 60 52 87 6 65 29 5 90 79 51 49 32 3 36 54 70 72 67 86 82 0,51 93
PFG_MOEA,862,2,131.24,855.01,0 50 77 58 48 62 92 43 25 2 0,92
PFG_MOEA,862,3,131.24,855.01,0 99 34 1 21 22 23 84 39 56 68 37 33 91 18 19 20 0,19
PFG_MOEA,862,4,131.24,855.01,0 13 27 12 41 73 30 64 78 74 63 88 85 98 15 71 35 40 16 31 17 0,85
PFG_MOEA,862,5,131.24,855.01,0 4 80 53 66 94 45 24 55 9 76 42 28 69 47 38 44 59 26 10 89 96 14 11 83 95 57 0,28 53
PFG_MOEA,862,6,131.24,855.01,0 46 7 8 0,7
PFG_MOEA,863,1,108.98,905.4,0 51 49 32 36 54 70 72 67 86 82 3 58 77 50 48 62 92 43 0,51 67
PFG_MOEA,863,2,108.98,905.4,0 2 25 34 21 33 37 68 39 56 84 23 22 1 99 0,
PFG_MOEA,863,3,108.98,905.4,0 20 91 19 31 17 18 16 40 35 71 15 30 64 78 74 63 88 85 98 11 83 0,91
PFG_MOEA,863,4,108.98,905.4,0 80 93 97 89 96 57 95 73 14 41 12 27 13 0,14 93
PFG_MOEA,863,5,108.98,905.4,0 10 26 59 44 38 47 69 28 42 46 7 8 4 53 66 94 0,
PFG_MOEA,863,6,108.98,905.4,0 45 24 79 90 65 6 87 52 29 5 61 60 75 55 9 76 81 100 0,55
PFG_MOEA,864,1,105.14,1054.54,0 2 25 43 34 21 33 37 82 86 67 72 70 54 36 3 77 58 62 48 92 0,72
PFG_MOEA,864,2,105.14,1054.54,0 99 1 22 23 84 56 39 68 19 31 17 20 91 0,19
PFG_MOEA,864,3,105.14,1054.54,0 18 16 73 41 100 93 97 75 55 28 69 47 38 44 59 26 10 89 0,
PFG_MOEA,864,4,105.14,1054.54,0 13 27 12 40 35 71 15 30 64 78 74 63 88 85 98 81 0,71
PFG_MOEA,864,5,105.14,1054.54,0 24 45 94 66 53 80 4 8 7 46 96 83 11 14 95 57 0,14
PFG_MOEA,864,6,105.14,1054.54,0 42 76 9 60 61 5 29 52 87 6 65 90 79 32 49 51 50 0,
PFG_MOEA,865,1,209.95,825.56,0 50 0,
PFG_MOEA,865,2,209.95,825.56,0 77 58 48 62 92 43 25 2 99 34 1 21 37 33 22 23 84 56 39 68 18 19 91 20 17 31 16 40 35 71 15 30 64 78 74 63 88 85 98 14 11 83 0,22 58
PFG_MOEA,865,3,209.95,825.56,0 4 24 45 94 66 53 0,
PFG_MOEA,865,4,209.95,825.56,0 80 0,
PFG_MOEA,865,5,209.95,825.56,0 13 27 12 41 73 95 57 96 89 10 26 59 44 38 47 69 28 46 7 8 100 81 42 76 9 55 75 93 97 61 60 65 6 87 52 29 5 0,47 95
PFG_MOEA,865,6,209.95,825.56,0 90 79 51 49 32 3 36 54 70 72 67 86 82 0,32 54
PFG_MOEA,866,1,104.19,1056.66,0 19 18 91 21 22 33 37 68 56 39 84 23 82 86 67 72 70 54 36 3 0,33 39
PFG_MOEA,866,2,104.19,1056.66,0 50 77 58 48 62 92 43 2 1 16 40 71 35 31 17 0,40
PFG_MOEA,866,3,104.19,1056.66,0 13 27 12 73 15 98 85 88 63 74 78 64 30 41 99 34 25 0,15
PFG_MOEA,866,4,104.19,1056.66,0 4 80 53 66 94 45 24 55 9 76 42 14 11 83 95 57 96 89 10 0,95
PFG_MOEA,866,5,104.19,1056.66,0 26 59 44 38 47 69 28 46 7 8 93 100 81 75 97 61 60 52 87 6 0,28
PFG_MOEA,866,6,104.19,1056.66,0 5 29 65 90 79 32 49 51 20 0,
PFG_MOEA,867,1,98.88,1134.43,0 23 84 39 56 68 37 33 22 21 91 19 18 16 40 35 31 17 20 0,35
PFG_MOEA,867,2,98.88,1134.43,0 15 30 64 78 74 63 98 71 99 2 25 50 77 58 82 86 0,
PFG_MOEA,867,3,98.88,1134.43,0 92 43 1 34 88 85 14 11 83 0,92
PFG_MOEA,867,4,98.88,1134.43,0 4 24 45 94 66 53 80 76 9 55 96 57 95 73 41 12 27 13 0,55 76
PFG_MOEA,867,5,98.88,1134.43,0 89 10 26 59 44 38 47 69 28 42 46 7 8 93 60 61 97 75 81 100 0,47 59
PFG_MOEA,867,6,98.88,1134.43,0 5 29 52 87 6 65 90 79 51 49 32 67 72 70 54 36 3 62 48 0,32 51 54 72
PFG_MOEA,868,1,172.71,848.77,0 89 10 26 59 44 38 47 69 28 42 76 9 7 8 79 51 49 32 3 36 54 70 72 67 86 82 0,3 10 67
PFG_MOEA,868,2,172.71,848.77,0 50 77 58 48 62 92 43 1 99 25 2 0,92
PFG_MOEA,868,3,172.71,848.77,0 34 21 37 33 22 23 84 56 39 68 18 19 91 20 17 31 16 40 35 71 15 30 64 78 74 63 88 85 98 14 11 83 96 46 0,15 20
PFG_MOEA,868,4,172.71,848.77,0 81 75 93 100 0,
PFG_MOEA,868,5,172.71,848.77,0 13 27 12 41 73 95 57 97 61 60 5 29 52 87 6 65 90 24 45 94 66 53 80 4 0,95
PFG_MOEA,868,6,172.71,848.77,0 55 0,55
PFG_MOEA,869,1,130.19,886.45,0 8 7 42 76 9 60 61 5 29 52 87 6 65 90 79 32 49 51 0,
PFG_MOEA,869,2,130.19,886.45,0 50 77 3 36 54 70 72 67 86 82 58 48 62 92 43 0,54 62
PFG_MOEA,869,3,130.19,886.45,0 2 25 34 21 33 37 68 39 56 84 23 22 1 99 0,
PFG_MOEA,869,4,130.19,886.45,0 20 91 19 31 17 18 16 40 35 71 15 98 85 88 63 74 78 64 30 0,
PFG_MOEA,869,5,130.19,886.45,0 81 46 96 83 11 14 95 57 0,
PFG_MOEA,869,6,130.19,886.45,0 4 80 53 66 94 45 24 97 100 93 75 55 28 69 47 38 44 59 26 10 89 73 41 12 27 13 0,55 59
PFG_MOEA,870,1,99.64,1067.22,0 57 97 61 60 5 29 52 87 6 65 90 24 45 94 66 0,
PFG_MOEA,870,2,99.64,1067.22,0 4 80 53 55 98 63 74 78 64 30 71 0,
PFG_MOEA,870,3,99.64,1067.22,0 99 2 25 89 10 26 59 44 38 47 69 28 42 76 9 7 8 79 0,10 79
PFG_MOEA,870,4,99.64,1067.22,0 51 49 32 3 36 54 70 72 67 86 82 58 77 62 48 50 0,36
PFG_MOEA,870,5,99.64,1067.22,0 92 43 34 1 21 37 33 22 23 84 56 39 68 18 19 91 20 17 31 0,84
PFG_MOEA,870,6,99.64,1067.22,0 16 40 35 15 88 85 14 11 83 96 95 73 41 12 27 13 100 93 75 81 46 0,15 41 85
PFG_MOEA,871,1,259.76,804.75,0 93 0,93
PFG_MOEA,871,2,259.76,804.75,0 100 81 75 97 61 60 5 29 52 87 6 65 90 79 0,
PFG_MOEA,871,3,259.76,804.75,0 83 11 14 98 85 88 63 74 78 64 30 15 71 35 31 17 40 16 18 19 20 91 21 33 37 68 39 56 84 23 22 1 34 99 2 25 43 92 62 48 50 77 58 82 86 67 72 70 54 36 3 32 49 51 45 24 4 0,18 22 32 51 58 62 70 71
PFG_MOEA,871,4,259.76,804.75,0 94 66 53 80 76 9 55 96 0,55 76
PFG_MOEA,871,5,259.76,804.75,0 57 95 73 41 12 27 13 0,95
PFG_MOEA,871,6,259.76,804.75,0 89 10 26 59 44 38 47 69 28 42 46 7 8 0,
PFG_MOEA,872,1,131.24,855.01,0 93 100 81 75 97 61 60 52 87 6 65 29 5 90 79 51 49 32 3 36 54 70 72 67 86 82 0,51 93
PFG_MOEA,872,2,131.24,855.01,0 50 77 58 48 62 92 43 25 2 0,92
PFG_MOEA,872,3,131.24,855.01,0 99 34 1 21 22 23 84 39 56 68 37 33 91 18 19 20 0,19
PFG_MOEA,872,4,131.24,855.01,0 13 27 12 41 73 30 64 78 74 63 88 85 98 15 71 35 40 16 31 17 0,85
PFG_MOEA,872,5,131.24,855.01,0 4 80 53 66 94 45 24 55 9 76 42 28 69 47 38 44 59 26 10 89 96 14 11 83 95 57 0,28 53
PFG_MOEA,872,6,131.24,855.01,0 46 7 8 0,7
PFG_MOEA,873,1,108.98,905.4,0 51 49 32 36 54 70 72 67 86 82 3 58 77 50 48 62 92 43 0,51 67
PFG_MOEA,873,2,108.98,905.4,0 2 25 34 21 33 37 68 39 56 84 23 22 1 99 0,
PFG_MOEA,873,3,108.98,905.4,0 20 91 19 31 17 18 16 40 35 71 15 30 64 78 74 63 88 85 98 11 83 0,91
PFG_MOEA,873,4,108.98,905.4,0 80 93 97 89 96 57 95 73 14 41 12 27 13 0,14 93
PFG_MOEA,873,5,108.98,905.4,0 10 26 59 44 38 47 69 28 42 46 7 8 4 53 66 94 0,
PFG_MOEA,873,6,108.98,905.4,0 45 24 79 90 65 6 87 52 29 5 61 60 75 55 9 76 81 100 0,55
PFG_MOEA,874,1,105.14,1054.54,0 2 25 43 34 21 33 37 82 86 67 72 70 54 36 3 77 58 62 48 92 0,72
PFG_MOEA,874,2,105.14,1054.54,0 99 1 22 23 84 56 39 68 19 31 17 20 91 0,19
PFG_MOEA,874,3,105.14,1054.54,0 18 16 73 41 100 93 97 75 55 28 69 47 38 44 59 26 10 89 0,
PFG_MOEA,874,4,105.14,1054.54,0 13 27 12 40 35 71 15 30 64 78 74 63 88 85 98 81 0,71
PFG_MOEA,874,5,105.14,1054.54,0 24 45 94 66 53 80 4 8 7 46 96 83 11 14 95 57 0,14
PFG_MOEA,874,6,105.14,1054.54,0 42 76 9 60 61 5 29 52 87 6 65 90 79 32 49 51 50 0,
PFG_MOEA,875,1,209.95,825.56,0 50 0,
PFG_MOEA,875,2,209.95,825.56,0 77 58 48 62 92 43 25 2 99 34 1 21 37 33 22 23 84 56 39 68 18 19 91 20 17 31 16 40 35 71 15 30 64 78 74 63 88 85 98 14 11 83 0,22 58
PFG_MOEA,875,3,209.95,825.56,0 4 24 45 94 66 53 0,
PFG_MOEA,875,4,209.95,825.56,0 80 0,
PFG_MOEA,875,5,209.95,825.56,0 13 27 12 41 73 95 57 96 89 10 26 59 44 38 47 69 28 46 7 8 100 81 42 76 9 55 75 93 97 61 60 65 6 87 52 29 5 0,47 95
PFG_MOEA,875,6,209.95,825.56,0 90 79 51 49 32 3 36 54 70 72 67 86 82 0,32 54
PFG_MOEA,876,1,104.19,1056.66,0 19 18 91 21 22 33 37 68 56 39 84 23 82 86 67 72 70 54 36 3 0,33 39
PFG_MOEA,876,2,104.19,1056.66,0 50 77 58 48 62 92 43 2 1 16 40 71 35 31 17 0,40
PFG_MOEA,876,3,104.19,1056.66,0 13 27 12 73 15 98 85 88 63 74 78 64 30 41 99 34 25 0,15
PFG_MOEA,876,4,104.19,1056.66,0 4 80 53 66 94 45 24 55 9 76 42 14 11 83 95 57 96 89 10 0,95
PFG_MOEA,876,5,104.19,1056.66,0 26 59 44 38 47 69 28 46 7 8 93 100 81 75 97 61 60 52 87 6 0,28
PFG_MOEA,876,6,104.19,1056.66,0 5 29 65 90 79 32 49 51 20 0,
PFG_MOEA,877,1,98.88,1134.43,0 23 84 39 56 68 37 33 22 21 91 19 18 16 40 35 31 17 20 0,35
PFG_MOEA,877,2,98.88,1134.43,0 15 30 64 78 74 63 98 71 99 2 25 50 77 58 82 86 0,
PFG_MOEA,877,3,98.88,1134.43,0 92 43 1 34 88 85 14 11 83 0,92
PFG_MOEA,877,4,98.88,1134.43,0 4 24 45 94 66 53 80 76 9 55 96 57 95 73 41 12 27 13 0,55 76
PFG_MOEA,877,5,98.88,1134.43,0 89 10 26 59 44 38 47 69 28 42 46 7 8 93 60 61 97 75 81 100 0,47 59
PFG_MOEA,877,6,98.88,1134.43,0 5 29 52 87 6 65 90 79 51 49 32 67 72 70 54 36 3 62 48 0,32 51 54 72
PFG_MOEA,878,1,172.71,848.77,0 89 10 26 59 44 38 47 69 28 42 76 9 7 8 79 51 49 32 3 36 54 70 72 67 86 82 0,3 10 67
PFG_MOEA,878,2,172.71,848.77,0 50 77 58 48 62 92 43 1 99 25 2 0,92
PFG_MOEA,878,3,172.71,848.77,0 34 21 37 33 22 23 84 56 39 68 18 19 91 20 17 31 16 40 35 71 15 30 64 78 74 63 88 85 98 14 11 83 96 46 0,15 20
PFG_MOEA,878,4,172.71,848.77,0 81 75 93 100 0,
PFG_MOEA,878,5,172.71,848.77,0 13 27 12 41 73 95 57 97 61 60 5 29 52 87 6 65 90 24 45 94 66 53 80 4 0,95
PFG_MOEA,878,6,172.71,848.77,0 55 0,55
PFG_MOEA,879,1,130.19,886.45,0 8 7 42 76 9 60 61 5 29 52 87 6 65 90 79 32 49 51 0,
PFG_MOEA,879,2,130.19,886.45,0 50 77 3 36 54 70 72 67 86 82 58 48 62 92 43 0,54 62
PFG_MOEA,879,3,130.19,886.45,0 2 25 34 21 33 37 68 39 56 84 23 22 1 99 0,
PFG_MOEA,879,4,130.19,886.45,0 20 91 19 31 17 18 16 40 35 71 15 98 85 88 63 74 78 64 30 0,
PFG_MOEA,879,5,130.19,886.45,0 81 46 96 83 11 14 95 57 0,
PFG_MOEA,879,6,130.19,886.45,0 4 80 53 66 94 45 24 97 100 93 75 55 28 69 47 38 44 59 26 10 89 73 41 12 27 13 0,55 59
PFG_MOEA,880,1,99.64,1067.22,0 57 97 61 60 5 29 52 87 6 65 90 24 45 94 66 0,
PFG_MOEA,880,2,99.64,1067.22,0 4 80 53 55 98 63 74 78 64 30 71 0,
PFG_MOEA,880,3,99.64,1067.22,0 99 2 25 89 10 26 59 44 38 47 69 28 42 76 9 7 8 79 0,10 79
PFG_MOEA,880,4,99.64,1067.22,0 51 49 32 3 36 54 70 72 67 86 82 58 77 62 48 50 0,36
PFG_MOEA,880,5,99.64,1067.22,0 92 43 34 1 21 37 33 22 23 84 56 39 68 18 19 91 20 17 31 0,84
PFG_MOEA,880,6,99.64,1067.22,0 16 40 35 15 88 85 14 11 83 96 95 73 41 12 27 13 100 93 75 81 46 0,15 41 85
PFG_MOEA,881,1,259.76,804.75,0 93 0,93
PFG_MOEA,881,2,259.76,804.75,0 100 81 75 97 61 60 5 29 52 87 6 65 90 79 0,
PFG_MOEA,881,3,259.76,804.75,0 83 11 14 98 85 88 63 74 78 64 30 15 71 35 31 17 40 16 18 19 20 91 21 33 37 68 39 56 84 23 22 1 34 99 2 25 43 92 62 48 50 77 58 82 86 67 72 70 54 36 3 32 49 51 45 24 4 0,18 22 32 51 58 62 70 71
PFG_MOEA,881,4,259.76,804.75,0 94 66 53 80 76 9 55 96 0,55 76
PFG_MOEA,881,5,259.76,804.75,0 57 95 73 41 12 27 13 0,95
PFG_MOEA,881,6,259.76,804.75,0 89 10 26 59 44 38 47 69 28 42 46 7 8 0,
PFG_MOEA,882,1,131.24,855.01,0 93 100 81 75 97 61 60 52 87 6 65 29 5 90 79 51 49 32 3 36 54 70 72 67 86 82 0,51 93
PFG_MOEA,882,2,131.24,855.01,0 50 77 58 48 62 92 43 25 2 0,92
PFG_MOEA,882,3,131.24,855.01,0 99 34 1 21 22 23 84 39 56 68 37 33 91 18 19 20 0,19
PFG_MOEA,882,4,131.24,855.01,0 13 27 12 41 73 30 64 78 74 63 88 85 98 15 71 35 40 16 31 17 0,85
PFG_MOEA,882,5,131.24,855.01,0 4 80 53 66 94 45 24 55 9 76 42 28 69 47 38 44 59 26 10 89 96 14 11 83 95 57 0,28 53
PFG_MOEA,882,6,131.24,855.01,0 46 7 8 0,7
PFG_MOEA,883,1,108.98,905.4,0 51 49 32 36 54 70 72 67 86 82 3 58 77 50 48 62 92 43 0,51 67
PFG_MOEA,883,2,108.98,905.4,0 2 25 34 21 33 37 68 39 56 84 23 22 1 99 0,
PFG_MOEA,883,3,108.98,905.4,0 20 91 19 31 17 18 16 40 35 71 15 30 64 78 74 63 88 85 98 11 83 0,91
PFG_MOEA,883,4,108.98,905.4,0 80 93 97 89 96 57 95 73 14 41 12 27 13 0,14 93
PFG_MOEA,883,5,108.98,905.4,0 10 26 59 44 38 47 69 28 42 46 7 8 4 53 66 94 0,
PFG_MOEA,883,6,108.98,905.4,0 45 24 79 90 65 6 87 52 29 5 61 60 75 55 9 76 81 100 0,55
PFG_MOEA,884,1,105.14,1054.54,0 2 25 43 34 21 33 37 82 86 67 72 70 54 36 3 77 58 62 48 92 0,72
PFG_MOEA,884,2,105.14,1054.54,0 99 1 22 23 84 56 39 68 19 31 17 20 91 0,19
PFG_MOEA,884,3,105.14,1054.54,0 18 16 73 41 100 93 97 75 55 28 69 47 38 44 59 26 10 89 0,
PFG_MOEA,884,4,105.14,1054.54,0 13 27 12 40 35 71 15 30 64 78 74 63 88 85 98 81 0,71
PFG_MOEA,884,5,105.14,1054.54,0 24 45 94 66 53 80 4 8 7 46 96 83 11 14 95 57 0,14
PFG_MOEA,884,6,105.14,1054.54,0 42 76 9 60 61 5 29 52 87 6 65 90 79 32 49 51 50 0,
PFG_MOEA,885,1,209.95,825.56,0 50 0,
PFG_MOEA,885,2,209.95,825.56,0 77 58 48 62 92 43 25 2 99 34 1 21 37 33 22 23 84 56 39 68 18 19 91 20 17 31 16 40 35 71 15 30 64 78 74 63 88 85 98 14 11 83 0,22 58
PFG_MOEA,885,3,209.95,825.56,0 4 24 45 94 66 53 0,
PFG_MOEA,885,4,209.95,825.56,0 80 0,
PFG_MOEA,885,5,209.95,825.56,0 13 27 12 41 73 95 57 96 89 10 26 59 44 38 47 69 28 46 7 8 100 81 42 76 9 55 75 93 97 61 60 65 6 87 52 29 5 0,47 95
PFG_MOEA,885,6,209.95,825.56,0 90 79 51 49 32 3 36 54 70 72 67 86 82 0,32 54
PFG_MOEA,886,1,104.19,1056.66,0 19 18 91 21 22 33 37 68 56 39 84 23 82 86 67 72 70 54 36 3 0,33 39
PFG_MOEA,886,2,104.19,1056.66,0 50 77 58 48 62 92 43 2 1 16 40 71 35 31 17 0,40
PFG_MOEA,886,3,104.19,1056.66,0 13 27 12 73 15 98 85 88 63 74 78 64 30 41 99 34 25 0,15
PFG_MOEA,886,4,104.19,1056.66,0 4 80 53 66 94 45 24 55 9 76 42 14 11 83 95 57 96 89 10 0,95
PFG_MOEA,886,5,104.19,1056.66,0 26 59 44 38 47 69 28 46 7 8 93 100 81 75 97 61 60 52 87 6 0,28
PFG_MOEA,886,6,104.19,1056.66,0 5 29 65 90 79 32 49 51 20 0,
PFG_MOEA,887,1,98.88,1134.43,0 23 84 39 56 68 37 33 22 21 91 19 18 16 40 35 31 17 20 0,35
PFG_MOEA,887,2,98.88,1134.43,0 15 30 64 78 74 63 98 71 99 2 25 50 77 58 82 86 0,
PFG_MOEA,887,3,98.88,1134.43,0 92 43 1 34 88 85 14 11 83 0,92
PFG_MOEA,887,4,98.88,1134.43,0 4 24 45 94 66 53 80 76 9 55 96 57 95 73 41 12 27 13 0,55 76
PFG_MOEA,887,5,98.88,1134.43,0 89 10 26 59 44 38 47 69 28 42 46 7 8 93 60 61 97 75 81 100 0,47 59
PFG_MOEA,887,6,98.88,1134.43,0 5 29 52 87 6 65 90 79 51 49 32 67 72 70 54 36 3 62 48 0,32 51 54 72
PFG_MOEA,888,1,172.71,848.77,0 89 10 26 59 44 38 47 69 28 42 76 9 7 8 79 51 49 32 3 36 54 70 72 67 86 82 0,3 10 67
PFG_MOEA,888,2,172.71,848.77,0 50 77 58 48 62 92 43 1 99 25 2 0,92
PFG_MOEA,888,3,172.71,848.77,0 34 21 37 33 22 23 84 56 39 68 18 19 91 20 17 31 16 40 35 71 15 30 64 78 74 63 88 85 98 14 11 83 96 46 0,15 20
PFG_MOEA,888,4,172.71,848.77,0 81 75 93 100 0,
PFG_MOEA,888,5,172.71,848.77,0 13 27 12 41 73 95 57 97 61 60 5 29 52 87 6 65 90 24 45 94 66 53 80 4 0,95
PFG_MOEA,888,6,172.71,848.77,0 55 0,55
PFG_MOEA,889,1,130.19,886.45,0 8 7 42 76 9 60 61 5 29 52 87 6 65 90 79 32 49 51 0,
PFG_MOEA,889,2,130.19,886.45,0 50 77 3 36 54 70 72 67 86 82 58 48 62 92 43 0,54 62
PFG_MOEA,889,3,130.19,886.45,0 2 25 34 21 33 37 68 39 56 84 23 22 1 99 0,
PFG_MOEA,889,4,130.19,886.45,0 20 91 19 31 17 18 16 40 35 71 15 98 85 88 63 74 78 64 30 0,
PFG_MOEA,889,5,130.19,886.45,0 81 46 96 83 11 14 95 57 0,
PFG_MOEA,889,6,130.19,886.45,0 4 80 53 66 94 45 24 97 100 93 75 55 28 69 47 38 44 59 26 10 89 73 41 12 27 13 0,55 59
PFG_MOEA,890,1,99.64,1067.22,0 57 97 61 60 5 29 52 87 6 65 90 24 45 94 66 0,
PFG_MOEA,890,2,99.64,1067.22,0 4 80 53 55 98 63 74 78 64 30 71 0,
PFG_MOEA,890,3,99.64,1067.22,0 99 2 25 89 10 26 59 44 38 47 69 28 42 76 9 7 8 79 0,10 79
PFG_MOEA,890,4,99.64,1067.22,0 51 49 32 3 36 54 70 72 67 86 82 58 77 62 48 50 0,36
PFG_MOEA,890,5,99.64,1067.22,0 92 43 34 1 21 37 33 22 23 84 56 39 68 18 19 91 20 17 31 0,84
PFG_MOEA,890,6,99.64,1067.22,0 16 40 35 15 88 85 14 11 83 96 95 73 41 12 27 13 100 93 75 81 46 0,15 41 85
PFG_MOEA,891,1,259.76,804.75,0 93 0,93
PFG_MOEA,891,2,259.76,804.75,0 100 81 75 97 61 60 5 29 52 87 6 65 90 79 0,
PFG_MOEA,891,3,259.76,804.75,0 83 11 14 98 85 88 63 74 78 64 30 15 71 35 31 17 40 16 18 19 20 91 21 33 37 68 39 56 84 23 22 1 34 99 2 25 43 92 62 48 50 77 58 82 86 67 72 70 54 36 3 32 49 51 45 24 4 0,18 22 32 51 58 62 70 71
PFG_MOEA,891,4,259.76,804.75,0 94 66 53 80 76 9 55 96 0,55 76
PFG_MOEA,891,5,259.76,804.75,0 57 95 73 41 12 27 13 0,95
PFG_MOEA,891,6,259.76,804.75,0 89 10 26 59 44 38 47 69 28 42 46 7 8 0,
PFG_MOEA,892,1,131.24,855.01,0 93 100 81 75 97 61 60 52 87 6 65 29 5 90 79 51 49 32 3 36 54 70 72 67 86 82 0,51 93
PFG_MOEA,892,2,131.24,855.01,0 50 77 58 48 62 92 43 25 2 0,92
PFG_MOEA,892,3,131.24,855.01,0 99 34 1 21 22 23 84 39 56 68 37 33 91 18 19 20 0,19
PFG_MOEA,892,4,131.24,855.01,0 13 27 12 41 73 30 64 78 74 63 88 85 98 15 71 35 40 16 31 17 0,85
PFG_MOEA,892,5,131.24,855.01,0 4 80 53 66 94 45 24 55 9 76 42 28 69 47 38 44 59 26 10 89 96 14 11 83 95 57 0,28 53
PFG_MOEA,892,6,131.24,855.01,0 46 7 8 0,7
PFG_MOEA,893,1,108.98,905.4,0 51 49 32 36 54 70 72 67 86 82 3 58 77 50 48 62 92 43 0,51 67
PFG_MOEA,893,2,108.98,905.4,0 2 25 34 21 33 37 68 39 56 84 23 22 1 99 0,
PFG_MOEA,893,3,108.98,905.4,0 20 91 19 31 17 18 16 40 35 71 15 30 64 78 74 63 88 85 98 11 83 0,91
PFG_MOEA,893,4,108.98,905.4,0 80 93 97 89 96 57 95 73 14 41 12 27 13 0,14 93
PFG_MOEA,893,5,108.98,905.4,0 10 26 59 44 38 47 69 28 42 46 7 8 4 53 66 94 0,
PFG_MOEA,893,6,108.98,905.4,0 45 24 79 90 65 6 87 52 29 5 61 60 75 55 9 76 81 100 0,55
PFG_MOEA,894,1,105.14,1054.54,0 2 25 43 34 21 33 37 82 86 67 72 70 54 36 3 77 58 62 48 92 0,72
PFG_MOEA,894,2,105.14,1054.54,0 99 1 22 23 84 56 39 68 19 31 17 20 91 0,19
PFG_MOEA,894,3,105.14,1054.54,0 18 16 73 41 100 93 97 75 55 28 69 47 38 44 59 26 10 89 0,
PFG_MOEA,894,4,105.14,1054.54,0 13 27 12 40 35 71 15 30 64 78 74 63 88 85 98 81 0,71
PFG_MOEA,894,5,105.14,1054.54,0 24 45 94 66 53 80 4 8 7 46 96 83 11 14 95 57 0,14
PFG_MOEA,894,6,105.14,1054.54,0 42 76 9 60 61 5 29 52 87 6 65 90 79 32 49 51 50 0,
PFG_MOEA,895,1,209.95,825.56,0 50 0,
PFG_MOEA,895,2,209.95,825.56,0 77 58 48 62 92 43 25 2 99 34 1 21 37 33 22 23 84 56 39 68 18 19 91 20 17 31 16 40 35 71 15 30 64 78 74 63 88 85 98 14 11 83 0,22 58
PFG_MOEA,895,3,209.95,825.56,0 4 24 45 94 66 53 0,
PFG_MOEA,895,4,209.95,825.56,0 80 0,
PFG_MOEA,895,5,209.95,825.56,0 13 27 12 41 73 95 57 96 89 10 26 59 44 38 47 69 28 46 7 8 100 81 42 76 9 55 75 93 97 61 60 65 6 87 52 29 5 0,47 95
PFG_MOEA,895,6,209.95,825.56,0 90 79 51 49 32 3 36 54 70 72 67 86 82 0,32 54
PFG_MOEA,896,1,104.19,1056.66,0 19 18 91 21 22 33 37 68 56 39 84 23 82 86 67 72 70 54 36 3 0,33 39
PFG_MOEA,896,2,104.19,1056.66,0 50 77 58 48 62 92 43 2 1 16 40 71 35 31 17 0,40
PFG_MOEA,896,3,104.19,1056.66,0 13 27 12 73 15 98 85 88 63 74 78 64 30 41 99 34 25 0,15
PFG_MOEA,896,4,104.19,1056.66,0 4 80 53 66 94 45 24 55 9 76 42 14 11 83 95 57 96 89 10 0,95
PFG_MOEA,896,5,104.19,1056.66,0 26 59 44 38 47 69 28 46 7 8 93 100 81 75 97 61 60 52 87 6 0,28
PFG_MOEA,896,6,104.19,1056.66,0 5 29 65 90 79 32 49 51 20 0,
PFG_MOEA,897,1,98.88,1134.43,0 23 84 39 56 68 37 33 22 21 91 19 18 16 40 35 31 17 20 0,35
PFG_MOEA,897,2,98.88,1134.43,0 15 30 64 78 74 63 98 71 99 2 25 50 77 58 82 86 0,
PFG_MOEA,897,3,98.88,1134.43,0 92 43 1 34 88 85 14 11 83 0,92
PFG_MOEA,897,4,98.88,1134.43,0 4 24 45 94 66 53 80 76 9 55 96 57 95 73 41 12 27 13 0,55 76
PFG_MOEA,897,5,98.88,1134.43,0 89 10 26 59 44 38 47 69 28 42 46 7 8 93 60 61 97 75 81 100 0,47 59
PFG_MOEA,897,6,98.88,1134.43,0 5 29 52 87 6 65 90 79 51 49 32 67 72 70 54 36 3 62 48 0,32 51 54 72
PFG_MOEA,898,1,172.71,848.77,0 89 10 26 59 44 38 47 69 28 42 76 9 7 8 79 51 49 32 3 36 54 70 72 67 86 82 0,3 10 67
PFG_MOEA,898,2,172.71,848.77,0 50 77 58 48 62 92 43 1 99 25 2 0,92
PFG_MOEA,898,3,172.71,848.77,0 34 21 37 33 22 23 84 56 39 68 18 19 91 20 17 31 16 40 35 71 15 30 64 78 74 63 88 85 98 14 11 83 96 46 0,15 20
PFG_MOEA,898,4,172.71,848.77,0 81 75 93 100 0,
PFG_MOEA,898,5,172.71,848.77,0 13 27 12 41 73 95 57 97 61 60 5 29 52 87 6 65 90 24 45 94 66 53 80 4 0,95
PFG_MOEA,898,6,172.71,848.77,0 55 0,55
PFG_MOEA,899,1,130.19,886.45,0 8 7 42 76 9 60 61 5 29 52 87 6 65 90 79 32 49 51 0,
PFG_MOEA,899,2,130.19,886.45,0 50 77 3 36 54 70 72 67 86 82 58 48 62 92 43 0,54 62
PFG_MOEA,899,3,130.19,886.45,0 2 25 34 21 33 37 68 39 56 84 23 22 1 99 0,
PFG_MOEA,899,4,130.19,886.45,0 20 91 19 31 17 18 16 40 35 71 15 98 85 88 63 74 78 64 30 0,
PFG_MOEA,899,5,130.19,886.45,0 81 46 96 83 11 14 95 57 0,
PFG_MOEA,899,6,130.19,886.45,0 4 80 53 66 94 45 24 97 100 93 75 55 28 69 47 38 44 59 26 10 89 73 41 12 27 13 0,55 59
PFG_MOEA,900,1,99.64,1067.22,0 57 97 61 60 5 29 52 87 6 65 90 24 45 94 66 0,
PFG_MOEA,900,2,99.64,1067.22,0 4 80 53 55 98 63 74 78 64 30 71 0,
PFG_MOEA,900,3,99.64,1067.22,0 99 2 25 89 10 26 59 44 38 47 69 28 42 76 9 7 8 79 0,10 79
PFG_MOEA,900,4,99.64,1067.22,0 51 49 32 3 36 54 70 72 67 86 82 58 77 62 48 50 0,36
PFG_MOEA,900,5,99.64,1067.22,0 92 43 34 1 21 37 33 22 23 84 56 39 68 18 19 91 20 17 31 0,84
PFG_MOEA,900,6,99.64,1067.22,0 16 40 35 15 88 85 14 11 83 96 95 73 41 12 27 13 100 93 75 81 46 0,15 41 85
PFG_MOEA,901,1,259.76,804.75,0 93 0,93
PFG_MOEA,901,2,259.76,804.75,0 100 81 75 97 61 60 5 29 52 87 6 65 90 79 0,
PFG_MOEA,901,3,259.76,804.75,0 83 11 14 98 85 88 63 74 78 64 30 15 71 35 31 17 40 16 18 19 20 91 21 33 37 68 39 56 84 23 22 1 34 99 2 25 43 92 62 48 50 77 58 82 86 67 72 70 54 36 3 32 49 51 45 24 4 0,18 22 32 51 58 62 70 71
PFG_MOEA,901,4,259.76,804.75,0 94 66 53 80 76 9 55 96 0,55 76
PFG_MOEA,901,5,259.76,804.75,0 57 95 73 41 12 27 13 0,95
PFG_MOEA,901,6,259.76,804.75,0 89 10 26 59 44 38 47 69 28 42 46 7 8 0,
PFG_MOEA,902,1,131.24,855.01,0 93 100 81 75 97 61 60 52 87 6 65 29 5 90 79 51 49 32 3 36 54 70 72 67 86 82 0,51 93
PFG_MOEA,902,2,131.24,855.01,0 50 77 58 48 62 92 43 25 2 0,92
PFG_MOEA,902,3,131.24,855.01,0 99 34 1 21 22 23 84 39 56 68 37 33 91 18 19 20 0,19
PFG_MOEA,902,4,131.24,855.01,0 13 27 12 41 73 30 64 78 74 63 88 85 98 15 71 35 40 16 31 17 0,85
PFG_MOEA,902,5,131.24,855.01,0 4 80 53 66 94 45 24 55 9 76 42 28 69 47 38 44 59 26 10 89 96 14 11 83 95 57 0,28 53
PFG_MOEA,902,6,131.24,855.01,0 46 7 8 0,7
PFG_MOEA,903,1,108.98,905.4,0 51 49 32 36 54 70 72 67 86 82 3 58 77 50 48 62 92 43 0,51 67
PFG_MOEA,903,2,108.98,905.4,0 2 25 34 21 33 37 68 39 56 84 23 22 1 99 0,
PFG_MOEA,903,3,108.98,905.4,0 20 91 19 31 17 18 16 40 35 71 15 30 64 78 74 63 88 85 98 11 83 0,91
PFG_MOEA,903,4,108.98,905.4,0 80 93 97 89 96 57 95 73 14 41 12 27 13 0,14 93
PFG_MOEA,903,5,108.98,905.4,0 10 26 59 44 38 47 69 28 42 46 7 8 4 53 66 94 0,
PFG_MOEA,903,6,108.98,905.4,0 45 24 79 90 65 6 87 52 29 5 61 60 75 55 9 76 81 100 0,55
PFG_MOEA,904,1,105.14,1054.54,0 2 25 43 34 21 33 37 82 86 67 72 70 54 36 3 77 58 62 48 92 0,72
PFG_MOEA,904,2,105.14,1054.54,0 99 1 22 23 84 56 39 68 19 31 17 20 91 0,19
PFG_MOEA,904,3,105.14,1054.54,0 18 16 73 41 100 93 97 75 55 28 69 47 38 44 59 26 10 89 0,
PFG_MOEA,904,4,105.14,1054.54,0 13 27 12 40 35 71 15 30 64 78 74 63 88 85 98 81 0,71
PFG_MOEA,904,5,105.14,1054.54,0 24 45 94 66 53 80 4 8 7 46 96 83 11 14 95 57 0,14
PFG_MOEA,904,6,105.14,1054.54,0 42 76 9 60 61 5 29 52 87 6 65 90 79 32 49 51 50 0,
PFG_MOEA,905,1,209.95,825.56,0 50 0,
PFG_MOEA,905,2,209.95,825.56,0 77 58 48 62 92 43 25 2 99 34 1 21 37 33 22 23 84 56 39 68 18 19 91 20 17 31 16 40 35 71 15 30 64 78 74 63 88 85 98 14 11 83 0,22 58
PFG_MOEA,905,3,209.95,825.56,0 4 24 45 94 66 53 0,
PFG_MOEA,905,4,209.95,825.56,0 80 0,
PFG_MOEA,905,5,209.95,825.56,0 13 27 12 41 73 95 57 96 89 10 26 59 44 38 47 69 28 46 7 8 100 81 42 76 9 55 75 93 97 61 60 65 6 87 52 29 5 0,47 95
PFG_MOEA,905,6,209.95,825.56,0 90 79 51 49 32 3 36 54 70 72 67 86 82 0,32 54
PFG_MOEA,906,1,104.19,1056.66,0 19 18 91 21 22 33 37 68 56 39 84 23 82 86 67 72 70 54 36 3 0,33 39
PFG_MOEA,906,2,104.19,1056.66,0 50 77 58 48 62 92 43 2 1 16 40 71 35 31 17 0,40
PFG_MOEA,906,3,104.19,1056.66,0 13 27 12 73 15 98 85 88 63 74 78 64 30 41 99 34 25 0,15
PFG_MOEA,906,4,104.19,1056.66,0 4 80 53 66 94 45 24 55 9 76 42 14 11 83 95 57 96 89 10 0,95
PFG_MOEA,906,5,104.19,1056.66,0 26 59 44 38 47 69 28 46 7 8 93 100 81 75 97 61 60 52 87 6 0,28
PFG_MOEA,906,6,104.19,1056.66,0 5 29 65 90 79 32 49 51 20 0,
PFG_MOEA,907,1,98.88,1134.43,0 23 84 39 56 68 37 33 22 21 91 19 18 16 40 35 31 17 20 0,35
PFG_MOEA,907,2,98.88,1134.43,0 15 30 64 78 74 63 98 71 99 2 25 50 77 58 82 86 0,
PFG_MOEA,907,3,98.88,1134.43,0 92 43 1 34 88 85 14 11 83 0,92
PFG_MOEA,907,4,98.88,1134.43,0 4 24 45 94 66 53 80 76 9 55 96 57 95 73 41 12 27 13 0,55 76
PFG_MOEA,907,5,98.88,1134.43,0 89 10 26 59 44 38 47 69 28 42 46 7 8 93 60 61 97 75 81 100 0,47 59
PFG_MOEA,907,6,98.88,1134.43,0 5 29 52 87 6 65 90 79 51 49 32 67 72 70 54 36 3 62 48 0,32 51 54 72
PFG_MOEA,908,1,172.71,848.77,0 89 10 26 59 44 38 47 69 28 42 76 9 7 8 79 51 49 32 3 36 54 70 72 67 86 82 0,3 10 67
PFG_MOEA,908,2,172.71,848.77,0 50 77 58 48 62 92 43 1 99 25 2 0,92
PFG_MOEA,908,3,172.71,848.77,0 34 21 37 33 22 23 84 56 39 68 18 19 91 20 17 31 16 40 35 71 15 30 64 78 74 63 88 85 98 14 11 83 96 46 0,15 20
PFG_MOEA,908,4,172.71,848.77,0 81 75 93 100 0,
PFG_MOEA,908,5,172.71,848.77,0 13 27 12 41 73 95 57 97 61 60 5 29 52 87 6 65 90 24 45 94 66 53 80 4 0,95
PFG_MOEA,908,6,172.71,848.77,0 55 0,55
PFG_MOEA,909,1,130.19,886.45,0 8 7 42 76 9 60 61 5 29 52 87 6 65 90 79 32 49 51 0,
PFG_MOEA,909,2,130.19,886.45,0 50 77 3 36 54 70 72 67 86 82 58 48 62 92 43 0,54 62
PFG_MOEA,909,3,130.19,886.45,0 2 25 34 21 33 37 68 39 56 84 23 22 1 99 0,
PFG_MOEA,909,4,130.19,886.45,0 20 91 19 31 17 18 16 40 35 71 15 98 85 88 63 74 78 64 30 0,
PFG_MOEA,909,5,130.19,886.45,0 81 46 96 83 11 14 95 57 0,
PFG_MOEA,909,6,130.19,886.45,0 4 80 53 66 94 45 24 97 100 93 75 55 28 69 47 38 44 59 26 10 89 73 41 12 27 13 0,55 59
PFG_MOEA,910,1,99.64,1067.22,0 57 97 61 60 5 29 52 87 6 65 90 24 45 94 66 0,
PFG_MOEA,910,2,99.64,1067.22,0 4 80 53 55 98 63 74 78 64 30 71 0,
PFG_MOEA,910,3,99.64,1067.22,0 99 2 25 89 10 26 59 44 38 47 69 28 42 76 9 7 8 79 0,10 79
PFG_MOEA,910,4,99.64,1067.22,0 51 49 32 3 36 54 70 72 67 86 82 58 77 62 48 50 0,36
PFG_MOEA,910,5,99.64,1067.22,0 92 43 34 1 21 37 33 22 23 84 56 39 68 18 19 91 20 17 31 0,84
PFG_MOEA,910,6,99.64,1067.22,0 16 40 35 15 88 85 14 11 83 96 95 73 41 12 27 13 100 93 75 81 46 0,15 41 85
PFG_MOEA,911,1,259.76,804.75,0 93 0,93
PFG_MOEA,911,2,259.76,804.75,0 100 81 75 97 61 60 5 29 52 87 6 65 90 79 0,
PFG_MOEA,911,3,259.76,804.75,0 83 11 14 98 85 88 63 74 78 64 30 15 71 35 31 17 40 16 18 19 20 91 21 33 37 68 39 56 84 23 22 1 34 99 2 25 43 92 62 48 50 77 58 82 86 67 72 70 54 36 3 32 49 51 45 24 4 0,18 22 32 51 58 62 70 71
PFG_MOEA,911,4,259.76,804.75,0 94 66 53 80 76 9 55 96 0,55 76
PFG_MOEA,911,5,259.76,804.75,0 57 95 73 41 12 27 13 0,95
PFG_MOEA,911,6,259.76,804.75,0 89 10 26 59 44 38 47 69 28 42 46 7 8 0,
PFG_MOEA,912,1,131.24,855.01,0 93 100 81 75 97 61 60 52 87 6 65 29 5 90 79 51 49 32 3 36 54 70 72 67 86 82 0,51 93
PFG_MOEA,912,2,131.24,855.01,0 50 77 58 48 62 92 43 25 2 0,92
PFG_MOEA,912,3,131.24,855.01,0 99 34 1 21 22 23 84 39 56 68 37 33 91 18 19 20 0,19
PFG_MOEA,912,4,131.24,855.01,0 13 27 12 41 73 30 64 78 74 63 88 85 98 15 71 35 40 16 31 17 0,85
PFG_MOEA,912,5,131.24,855.01,0 4 80 53 66 94 45 24 55 9 76 42 28 69 47 38 44 59 26 10 89 96 14 11 83 95 57 0,28 53
PFG_MOEA,912,6,131.24,855.01,0 46 7 8 0,7
PFG_MOEA,913,1,108.98,905.4,0 51 49 32 36 54 70 72 67 86 82 3 58 77 50 48 62 92 43 0,51 67
PFG_MOEA,913,2,108.98,905.4,0 2 25 34 21 33 37 68 39 56 84 23 22 1 99 0,
PFG_MOEA,913,3,108.98,905.4,0 20 91 19 31 17 18 16 40 35 71 15 30 64 78 74 63 88 85 98 11 83 0,91
PFG_MOEA,913,4,108.98,905.4,0 80 93 97 89 96 57 95 73 14 41 12 27 13 0,14 93
PFG_MOEA,913,5,108.98,905.4,0 10 26 59 44 38 47 69 28 42 46 7 8 4 53 66 94 0,
PFG_MOEA,913,6,108.98,905.4,0 45 24 79 90 65 6 87 52 29 5 61 60 75 55 9 76 81 100 0,55
PFG_MOEA,914,1,105.14,1054.54,0 2 25 43 34 21 33 37 82 86 67 72 70 54 36 3 77 58 62 48 92 0,72
PFG_MOEA,914,2,105.14,1054.54,0 99 1 22 23 84 56 39 68 19 31 17 20 91 0,19
PFG_MOEA,914,3,105.14,1054.54,0 18 16 73 41 100 93 97 75 55 28 69 47 38 44 59 26 10 89 0,
PFG_MOEA,914,4,105.14,1054.54,0 13 27 12 40 35 71 15 30 64 78 74 63 88 85 98 81 0,71
PFG_MOEA,914,5,105.14,1054.54,0 24 45 94 66 53 80 4 8 7 46 96 83 11 14 95 57 0,14
PFG_MOEA,914,6,105.14,1054.54,0 42 76 9 60 61 5 29 52 87 6 65 90 79 32 49 51 50 0,
PFG_MOEA,915,1,209.95,825.56,0 50 0,
PFG_MOEA,915,2,209.95,825.56,0 77 58 48 62 92 43 25 2 99 34 1 21 37 33 22 23 84 56 39 68 18 19 91 20 17 31 16 40 35 71 15 30 64 78 74 63 88 85 98 14 11 83 0,22 58
PFG_MOEA,915,3,209.95,825.56,0 4 24 45 94 66 53 0,
PFG_MOEA,915,4,209.95,825.56,0 80 0,
PFG_MOEA,915,5,209.95,825.56,0 13 27 12 41 73 95 57 96 89 10 26 59 44 38 47 69 28 46 7 8 100 81 42 76 9 55 75 93 97 61 60 65 6 87 52 29 5 0,47 95
PFG_MOEA,915,6,209.95,825.56,0 90 79 51 49 32 3 36 54 70 72 67 86 82 0,32 54
PFG_MOEA,916,1,104.19,1056.66,0 19 18 91 21 22 33 37 68 56 39 84 23 82 86 67 72 70 54 36 3 0,33 39
PFG_MOEA,916,2,104.19,1056.66,0 50 77 58 48 62 92 43 2 1 16 40 71 35 31 17 0,40
PFG_MOEA,916,3,104.19,1056.66,0 13 27 12 73 15 98 85 88 63 74 78 64 30 41 99 34 25 0,15
PFG_MOEA,916,4,104.19,1056.66,0 4 80 53 66 94 45 24 55 9 76 42 14 11 83 95 57 96 89 10 0,95
PFG_MOEA,916,5,104.19,1056.66,0 26 59 44 38 47 69 28 46 7 8 93 100 81 75 97 61 60 52 87 6 0,28
PFG_MOEA,916,6,104.19,1056.66,0 5 29 65 90 79 32 49 51 20 0,
PFG_MOEA,917,1,98.88,1134.43,0 23 84 39 56 68 37 33 22 21 91 19 18 16 40 35 31 17 20 0,35
PFG_MOEA,917,2,98.88,1134.43,0 15 30 64 78 74 63 98 71 99 2 25 50 77 58 82 86 0,
PFG_MOEA,917,3,98.88,1134.43,0 92 43 1 34 88 85 14 11 83 0,92
PFG_MOEA,917,4,98.88,1134.43,0 4 24 45 94 66 53 80 76 9 55 96 57 95 73 41 12 27 13 0,55 76
PFG_MOEA,917,5,98.88,1134.43,0 89 10 26 59 44 38 47 69 28 42 46 7 8 93 60 61 97 75 81 100 0,47 59
PFG_MOEA,917,6,98.88,1134.43,0 5 29 52 87 6 65 90 79 51 49 32 67 72 70 54 36 3 62 48 0,32 51 54 72
PFG_MOEA,918,1,172.71,848.77,0 89 10 26 59 44 38 47 69 28 42 76 9 7 8 79 51 49 32 3 36 54 70 72 67 86 82 0,3 10 67
PFG_MOEA,918,2,172.71,848.77,0 50 77 58 48 62 92 43 1 99 25 2 0,92
PFG_MOEA,918,3,172.71,848.77,0 34 21 37 33 22 23 84 56 39 68 18 19 91 20 17 31 16 40 35 71 15 30 64 78 74 63 88 85 98 14 11 83 96 46 0,15 20
PFG_MOEA,918,4,172.71,848.77,0 81 75 93 100 0,
PFG_MOEA,918,5,172.71,848.77,0 13 27 12 41 73 95 57 97 61 60 5 29 52 87 6 65 90 24 45 94 66 53 80 4 0,95
PFG_MOEA,918,6,172.71,848.77,0 55 0,55
PFG_MOEA,919,1,130.19,886.45,0 8 7 42 76 9 60 61 5 29 52 87 6 65 90 79 32 49 51 0,
PFG_MOEA,919,2,130.19,886.45,0 50 77 3 36 54 70 72 67 86 82 58 48 62 92 43 0,54 62
PFG_MOEA,919,3,130.19,886.45,0 2 25 34 21 33 37 68 39 56 84 23 22 1 99 0,
PFG_MOEA,919,4,130.19,886.45,0 20 91 19 31 17 18 16 40 35 71 15 98 85 88 63 74 78 64 30 0,
PFG_MOEA,919,5,130.19,886.45,0 81 46 96 83 11 14 95 57 0,
PFG_MOEA,919,6,130.19,886.45,0 4 80 53 66 94 45 24 97 100 93 75 55 28 69 47 38 44 59 26 10 89 73 41 12 27 13 0,55 59
PFG_MOEA,920,1,99.64,1067.22,0 57 97 61 60 5 29 52 87 6 65 90 24 45 94 66 0,
PFG_MOEA,920,2,99.64,1067.22,0 4 80 53 55 98 63 74 78 64 30 71 0,
PFG_MOEA,920,3,99.64,1067.22,0 99 2 25 89 10 26 59 44 38 47 69 28 42 76 9 7 8 79 0,10 79
PFG_MOEA,920,4,99.64,1067.22,0 51 49 32 3 36 54 70 72 67 86 82 58 77 62 48 50 0,36
PFG_MOEA,920,5,99.64,1067.22,0 92 43 34 1 21 37 33 22 23 84 56 39 68 18 19 91 20 17 31 0,84
PFG_MOEA,920,6,99.64,1067.22,0 16 40 35 15 88 85 14 11 83 96 95 73 41 12 27 13 100 93 75 81 46 0,15 41 85
PFG_MOEA,921,1,259.76,804.75,0 93 0,93
PFG_MOEA,921,2,259.76,804.75,0 100 81 75 97 61 60 5 29 52 87 6 65 90 79 0,
PFG_MOEA,921,3,259.76,804.75,0 83 11 14 98 85 88 63 74 78 64 30 15 71 35 31 17 40 16 18 19 20 91 21 33 37 68 39 56 84 23 22 1 34 99 2 25 43 92 62 48 50 77 58 82 86 67 72 70 54 36 3 32 49 51 45 24 4 0,18 22 32 51 58 62 70 71
PFG_MOEA,921,4,259.76,804.75,0 94 66 53 80 76 9 55 96 0,55 76
PFG_MOEA,921,5,259.76,804.75,0 57 95 73 41 12 27 13 0,95
PFG_MOEA,921,6,259.76,804.75,0 89 10 26 59 44 38 47 69 28 42 46 7 8 0,
PFG_MOEA,922,1,131.24,855.01,0 93 100 81 75 97 61 60 52 87 6 65 29 5 90 79 51 49 32 3 36 54 70 72 67 86 82 0,51 93
PFG_MOEA,922,2,131.24,855.01,0 50 77 58 48 62 92 43 25 2 0,92
PFG_MOEA,922,3,131.24,855.01,0 99 34 1 21 22 23 84 39 56 68 37 33 91 18 19 20 0,19
PFG_MOEA,922,4,131.24,855.01,0 13 27 12 41 73 30 64 78 74 63 88 85 98 15 71 35 40 16 31 17 0,85
PFG_MOEA,922,5,131.24,855.01,0 4 80 53 66 94 45 24 55 9 76 42 28 69 47 38 44 59 26 10 89 96 14 11 83 95 57 0,28 53
PFG_MOEA,922,6,131.24,855.01,0 46 7 8 0,7
PFG_MOEA,923,1,108.98,905.4,0 51 49 32 36 54 70 72 67 86 82 3 58 77 50 48 62 92 43 0,51 67
PFG_MOEA,923,2,108.98,905.4,0 2 25 34 21 33 37 68 39 56 84 23 22 1 99 0,
PFG_MOEA,923,3,108.98,905.4,0 20 91 19 31 17 18 16 40 35 71 15 30 64 78 74 63 88 85 98 11 83 0,91
PFG_MOEA,923,4,108.98,905.4,0 80 93 97 89 96 57 95 73 14 41 12 27 13 0,14 93
PFG_MOEA,923,5,108.98,905.4,0 10 26 59 44 38 47 69 28 42 46 7 8 4 53 66 94 0,
PFG_MOEA,923,6,108.98,905.4,0 45 24 79 90 65 6 87 52 29 5 61 60 75 55 9 76 81 100 0,55
PFG_MOEA,924,1,105.14,1054.54,0 2 25 43 34 21 33 37 82 86 67 72 70 54 36 3 77 58 62 48 92 0,72
PFG_MOEA,924,2,105.14,1054.54,0 99 1 22 23 84 56 39 68 19 31 17 20 91 0,19
PFG_MOEA,924,3,105.14,1054.54,0 18 16 73 41 100 93 97 75 55 28 69 47 38 44 59 26 10 89 0,
PFG_MOEA,924,4,105.14,1054.54,0 13 27 12 40 35 71 15 30 64 78 74 63 88 85 98 81 0,71
PFG_MOEA,924,5,105.14,1054.54,0 24 45 94 66 53 80 4 8 7 46 96 83 11 14 95 57 0,14
PFG_MOEA,924,6,105.14,1054.54,0 42 76 9 60 61 5 29 52 87 6 65 90 79 32 49 51 50 0,
PFG_MOEA,925,1,209.95,825.56,0 50 0,
PFG_MOEA,925,2,209.95,825.56,0 77 58 48 62 92 43 25 2 99 34 1 21 37 33 22 23 84 56 39 68 18 19 91 20 17 31 16 40 35 71 15 30 64 78 74 63 88 85 98 14 11 83 0,22 58
PFG_MOEA,925,3,209.95,825.56,0 4 24 45 94 66 53 0,
PFG_MOEA,925,4,209.95,825.56,0 80 0,
PFG_MOEA,925,5,209.95,825.56,0 13 27 12 41 73 95 57 96 89 10 26 59 44 38 47 69 28 46 7 8 100 81 42 76 9 55 75 93 97 61 60 65 6 87 52 29 5 0,47 95
PFG_MOEA,925,6,209.95,825.56,0 90 79 51 49 32 3 36 54 70 72 67 86 82 0,32 54
PFG_MOEA,926,1,104.19,1056.66,0 19 18 91 21 22 33 37 68 56 39 84 23 82 86 67 72 70 54 36 3 0,33 39
PFG_MOEA,926,2,104.19,1056.66,0 50 77 58 48 62 92 43 2 1 16 40 71 35 31 17 0,40
PFG_MOEA,926,3,104.19,1056.66,0 13 27 12 73 15 98 85 88 63 74 78 64 30 41 99 34 25 0,15
PFG_MOEA,926,4,104.19,1056.66,0 4 80 53 66 94 45 24 55 9 76 42 14 11 83 95 57 96 89 10 0,95
PFG_MOEA,926,5,104.19,1056.66,0 26 59 44 38 47 69 28 46 7 8 93 100 81 75 97 61 60 52 87 6 0,28
PFG_MOEA,926,6,104.19,1056.66,0 5 29 65 90 79 32 49 51 20 0,
PFG_MOEA,927,1,98.88,1134.43,0 23 84 39 56 68 37 33 22 21 91 19 18 16 40 35 31 17 20 0,35
PFG_MOEA,927,2,98.88,1134.43,0 15 30 64 78 74 63 98 71 99 2 25 50 77 58 82 86 0,
PFG_MOEA,927,3,98.88,1134.43,0 92 43 1 34 88 85 14 11 83 0,92
PFG_MOEA,927,4,98.88,1134.43,0 4 24 45 94 66 53 80 76 9 55 96 57 95 73 41 12 27 13 0,55 76
PFG_MOEA,927,5,98.88,1134.43,0 89 10 26 59 44 38 47 69 28 42 46 7 8 93 60 61 97 75 81 100 0,47 59
PFG_MOEA,927,6,98.88,1134.43,0 5 29 52 87 6 65 90 79 51 49 32 67 72 70 54 36 3 62 48 0,32 51 54 72
PFG_MOEA,928,1,172.71,848.77,0 89 10 26 59 44 38 47 69 28 42 76 9 7 8 79 51 49 32 3 36 54 70 72 67 86 82 0,3 10 67
PFG_MOEA,928,2,172.71,848.77,0 50 77 58 48 62 92 43 1 99 25 2 0,92
PFG_MOEA,928,3,172.71,848.77,0 34 21 37 33 22 23 84 56 39 68 18 19 91 20 17 31 16 40 35 71 15 30 64 78 74 63 88 85 98 14 11 83 96 46 0,15 20
PFG_MOEA,928,4,172.71,848.77,0 81 75 93 100 0,
PFG_MOEA,928,5,172.71,848.77,0 13 27 12 41 73 95 57 97 61 60 5 29 52 87 6 65 90 24 45 94 66 53 80 4 0,95
PFG_MOEA,928,6,172.71,848.77,0 55 0,55
PFG_MOEA,929,1,130.19,886.45,0 8 7 42 76 9 60 61 5 29 52 87 6 65 90 79 32 49 51 0,
PFG_MOEA,929,2,130.19,886.45,0 50 77 3 36 54 70 72 67 86 82 58 48 62 92 43 0,54 62
PFG_MOEA,929,3,130.19,886.45,0 2 25 34 21 33 37 68 39 56 84 23 22 1 99 0,
PFG_MOEA,929,4,130.19,886.45,0 20 91 19 31 17 18 16 40 35 71 15 98 85 88 63 74 78 64 30 0,
PFG_MOEA,929,5,130.19,886.45,0 81 46 96 83 11 14 95 57 0,
PFG_MOEA,929,6,130.19,886.45,0 4 80 53 66 94 45 24 97 100 93 75 55 28 69 47 38 44 59 26 10 89 73 41 12 27 13 0,55 59
PFG_MOEA,930,1,99.64,1067.22,0 57 97 61 60 5 29 52 87 6 65 90 24 45 94 66 0,
PFG_MOEA,930,2,99.64,1067.22,0 4 80 53 55 98 63 74 78 64 30 71 0,
PFG_MOEA,930,3,99.64,1067.22,0 99 2 25 89 10 26 59 44 38 47 69 28 42 76 9 7 8 79 0,10 79
PFG_MOEA,930,4,99.64,1067.22,0 51 49 32 3 36 54 70 72 67 86 82 58 77 62 48 50 0,36
PFG_MOEA,930,5,99.64,1067.22,0 92 43 34 1 21 37 33 22 23 84 56 39 68 18 19 91 20 17 31 0,84
PFG_MOEA,930,6,99.64,1067.22,0 16 40 35 15 88 85 14 11 83 96 95 73 41 12 27 13 100 93 75 81 46 0,15 41 85
PFG_MOEA,931,1,259.76,804.75,0 93 0,93
PFG_MOEA,931,2,259.76,804.75,0 100 81 75 97 61 60 5 29 52 87 6 65 90 79 0,
PFG_MOEA,931,3,259.76,804.75,0 83 11 14 98 85 88 63 74 78 64 30 15 71 35 31 17 40 16 18 19 20 91 21 33 37 68 39 56 84 23 22 1 34 99 2 25 43 92 62 48 50 77 58 82 86 67 72 70 54 36 3 32 49 51 45 24 4 0,18 22 32 51 58 62 70 71
PFG_MOEA,931,4,259.76,804.75,0 94 66 53 80 76 9 55 96 0,55 76
PFG_MOEA,931,5,259.76,804.75,0 57 95 73 41 12 27 13 0,95
PFG_MOEA,931,6,259.76,804.75,0 89 10 26 59 44 38 47 69 28 42 46 7 8 0,
PFG_MOEA,932,1,131.24,855.01,0 93 100 81 75 97 61 60 52 87 6 65 29 5 90 79 51 49 32 3 36 54 70 72 67 86 82 0,51 93
PFG_MOEA,932,2,131.24,855.01,0 50 77 58 48 62 92 43 25 2 0,92
PFG_MOEA,932,3,131.24,855.01,0 99 34 1 21 22 23 84 39 56 68 37 33 91 18 19 20 0,19
PFG_MOEA,932,4,131.24,855.01,0 13 27 12 41 73 30 64 78 74 63 88 85 98 15 71 35 40 16 31 17 0,85
PFG_MOEA,932,5,131.24,855.01,0 4 80 53 66 94 45 24 55 9 76 42 28 69 47 38 44 59 26 10 89 96 14 11 83 95 57 0,28 53
PFG_MOEA,932,6,131.24,855.01,0 46 7 8 0,7
PFG_MOEA,933,1,108.98,905.4,0 51 49 32 36 54 70 72 67 86 82 3 58 77 50 48 62 92 43 0,51 67
PFG_MOEA,933,2,108.98,905.4,0 2 25 34 21 33 37 68 39 56 84 23 22 1 99 0,
PFG_MOEA,933,3,108.98,905.4,0 20 91 19 31 17 18 16 40 35 71 15 30 64 78 74 63 88 85 98 11 83 0,91
PFG_MOEA,933,4,108.98,905.4,0 80 93 97 89 96 57 95 73 14 41 12 27 13 0,14 93
PFG_MOEA,933,5,108.98,905.4,0 10 26 59 44 38 47 69 28 42 46 7 8 4 53 66 94 0,
PFG_MOEA,933,6,108.98,905.4,0 45 24 79 90 65 6 87 52 29 5 61 60 75 55 9 76 81 100 0,55
PFG_MOEA,934,1,105.14,1054.54,0 2 25 43 34 21 33 37 82 86 67 72 70 54 36 3 77 58 62 48 92 0,72
PFG_MOEA,934,2,105.14,1054.54,0 99 1 22 23 84 56 39 68 19 31 17 20 91 0,19
PFG_MOEA,934,3,105.14,1054.54,0 18 16 73 41 100 93 97 75 55 28 69 47 38 44 59 26 10 89 0,
PFG_MOEA,934,4,105.14,1054.54,0 13 27 12 40 35 71 15 30 64 78 74 63 88 85 98 81 0,71
PFG_MOEA,934,5,105.14,1054.54,0 24 45 94 66 53 80 4 8 7 46 96 83 11 14 95 57 0,14
PFG_MOEA,934,6,105.14,1054.54,0 42 76 9 60 61 5 29 52 87 6 65 90 79 32 49 51 50 0,
PFG_MOEA,935,1,209.95,825.56,0 50 0,
PFG_MOEA,935,2,209.95,825.56,0 77 58 48 62 92 43 25 2 99 34 1 21 37 33 22 23 84 56 39 68 18 19 91 20 17 31 16 40 35 71 15 30 64 78 74 63 88 85 98 14 11 83 0,22 58
PFG_MOEA,935,3,209.95,825.56,0 4 24 45 94 66 53 0,
PFG_MOEA,935,4,209.95,825.56,0 80 0,
PFG_MOEA,935,5,209.95,825.56,0 13 27 12 41 73 95 57 96 89 10 26 59 44 38 47 69 28 46 7 8 100 81 42 76 9 55 75 93 97 61 60 65 6 87 52 29 5 0,47 95
PFG_MOEA,935,6,209.95,825.56,0 90 79 51 49 32 3 36 54 70 72 67 86 82 0,32 54
PFG_MOEA,936,1,104.19,1056.66,0 19 18 91 21 22 33 37 68 56 39 84 23 82 86 67 72 70 54 36 3 0,33 39
PFG_MOEA,936,2,104.19,1056.66,0 50 77 58 48 62 92 43 2 1 16 40 71 35 31 17 0,40
PFG_MOEA,936,3,104.19,1056.66,0 13 27 12 73 15 98 85 88 63 74 78 64 30 41 99 34 25 0,15
PFG_MOEA,936,4,104.19,1056.66,0 4 80 53 66 94 45 24 55 9 76 42 14 11 83 95 57 96 89 10 0,95
PFG_MOEA,936,5,104.19,1056.66,0 26 59 44 38 47 69 28 46 7 8 93 100 81 75 97 61 60 52 87 6 0,28
PFG_MOEA,936,6,104.19,1056.66,0 5 29 65 90 79 32 49 51 20 0,
PFG_MOEA,937,1,98.88,1134.43,0 23 84 39 56 68 37 33 22 21 91 19 18 16 40 35 31 17 20 0,35
PFG_MOEA,937,2,98.88,1134.43,0 15 30 64 78 74 63 98 71 99 2 25 50 77 58 82 86 0,
PFG_MOEA,937,3,98.88,1134.43,0 92 43 1 34 88 85 14 11 83 0,92
PFG_MOEA,937,4,98.88,1134.43,0 4 24 45 94 66 53 80 76 9 55 96 57 95 73 41 12 27 13 0,55 76
PFG_MOEA,937,5,98.88,1134.43,0 89 10 26 59 44 38 47 69 28 42 46 7 8 93 60 61 97 75 81 100 0,47 59
PFG_MOEA,937,6,98.88,1134.43,0 5 29 52 87 6 65 90 79 51 49 32 67 72 70 54 36 3 62 48 0,32 51 54 72
PFG_MOEA,938,1,172.71,848.77,0 89 10 26 59 44 38 47 69 28 42 76 9 7 8 79 51 49 32 3 36 54 70 72 67 86 82 0,3 10 67
PFG_MOEA,938,2,172.71,848.77,0 50 77 58 48 62 92 43 1 99 25 2 0,92
PFG_MOEA,938,3,172.71,848.77,0 34 21 37 33 22 23 84 56 39 68 18 19 91 20 17 31 16 40 35 71 15 30 64 78 74 63 88 85 98 14 11 83 96 46 0,15 20
PFG_MOEA,938,4,172.71,848.77,0 81 75 93 100 0,
PFG_MOEA,938,5,172.71,848.77,0 13 27 12 41 73 95 57 97 61 60 5 29 52 87 6 65 90 24 45 94 66 53 80 4 0,95
PFG_MOEA,938,6,172.71,848.77,0 55 0,55
PFG_MOEA,939,1,130.19,886.45,0 8 7 42 76 9 60 61 5 29 52 87 6 65 90 79 32 49 51 0,
PFG_MOEA,939,2,130.19,886.45,0 50 77 3 36 54 70 72 67 86 82 58 48 62 92 43 0,54 62
PFG_MOEA,939,3,130.19,886.45,0 2 25 34 21 33 37 68 39 56 84 23 22 1 99 0,
PFG_MOEA,939,4,130.19,886.45,0 20 91 19 31 17 18 16 40 35 71 15 98 85 88 63 74 78 64 30 0,
PFG_MOEA,939,5,130.19,886.45,0 81 46 96 83 11 14 95 57 0,
PFG_MOEA,939,6,130.19,886.45,0 4 80 53 66 94 45 24 97 100 93 75 55 28 69 47 38 44 59 26 10 89 73 41 12 27 13 0,55 59
PFG_MOEA,940,1,99.64,1067.22,0 57 97 61 60 5 29 52 87 6 65 90 24 45 94 66 0,
PFG_MOEA,940,2,99.64,1067.22,0 4 80 53 55 98 63 74 78 64 30 71 0,
PFG_MOEA,940,3,99.64,1067.22,0 99 2 25 89 10 26 59 44 38 47 69 28 42 76 9 7 8 79 0,10 79
PFG_MOEA,940,4,99.64,1067.22,0 51 49 32 3 36 54 70 72 67 86 82 58 77 62 48 50 0,36
PFG_MOEA,940,5,99.64,1067.22,0 92 43 34 1 21 37 33 22 23 84 56 39 68 18 19 91 20 17 31 0,84
PFG_MOEA,940,6,99.64,1067.22,0 16 40 35 15 88 85 14 11 83 96 95 73 41 12 27 13 100 93 75 81 46 0,15 41 85
PFG_MOEA,941,1,259.76,804.75,0 93 0,93
PFG_MOEA,941,2,259.76,804.75,0 100 81 75 97 61 60 5 29 52 87 6 65 90 79 0,
PFG_MOEA,941,3,259.76,804.75,0 83 11 14 98 85 88 63 74 78 64 30 15 71 35 31 17 40 16 18 19 20 91 21 33 37 68 39 56 84 23 22 1 34 99 2 25 43 92 62 48 50 77 58 82 86 67 72 70 54 36 3 32 49 51 45 24 4 0,18 22 32 51 58 62 70 71
PFG_MOEA,941,4,259.76,804.75,0 94 66 53 80 76 9 55 96 0,55 76
PFG_MOEA,941,5,259.76,804.75,0 57 95 73 41 12 27 13 0,95
PFG_MOEA,941,6,259.76,804.75,0 89 10 26 59 44 38 47 69 28 42 46 7 8 0,
PFG_MOEA,942,1,131.24,855.01,0 93 100 81 75 97 61 60 52 87 6 65 29 5 90 79 51 49 32 3 36 54 70 72 67 86 82 0,51 93
PFG_MOEA,942,2,131.24,855.01,0 50 77 58 48 62 92 43 25 2 0,92
PFG_MOEA,942,3,131.24,855.01,0 99 34 1 21 22 23 84 39 56 68 37 33 91 18 19 20 0,19
PFG_MOEA,942,4,131.24,855.01,0 13 27 12 41 73 30 64 78 74 63 88 85 98 15 71 35 40 16 31 17 0,85
PFG_MOEA,942,5,131.24,855.01,0 4 80 53 66 94 45 24 55 9 76 42 28 69 47 38 44 59 26 10 89 96 14 11 83 95 57 0,28 53
PFG_MOEA,942,6,131.24,855.01,0 46 7 8 0,7
PFG_MOEA,943,1,108.98,905.4,0 51 49 32 36 54 70 72 67 86 82 3 58 77 50 48 62 92 43 0,51 67
PFG_MOEA,943,2,108.98,905.4,0 2 25 34 21 33 37 68 39 56 84 23 22 1 99 0,
PFG_MOEA,943,3,108.98,905.4,0 20 91 19 31 17 18 16 40 35 71 15 30 64 78 74 63 88 85 98 11 83 0,91
PFG_MOEA,943,4,108.98,905.4,0 80 93 97 89 96 57 95 73 14 41 12 27 13 0,14 93
PFG_MOEA,943,5,108.98,905.4,0 10 26 59 44 38 47 69 28 42 46 7 8 4 53 66 94 0,
PFG_MOEA,943,6,108.98,905.4,0 45 24 79 90 65 6 87 52 29 5 61 60 75 55 9 76 81 100 0,55
PFG_MOEA,944,1,105.14,1054.54,0 2 25 43 34 21 33 37 82 86 67 72 70 54 36 3 77 58 62 48 92 0,72
PFG_MOEA,944,2,105.14,1054.54,0 99 1 22 23 84 56 39 68 19 31 17 20 91 0,19
PFG_MOEA,944,3,105.14,1054.54,0 18 16 73 41 100 93 97 75 55 28 69 47 38 44 59 26 10 89 0,
PFG_MOEA,944,4,105.14,1054.54,0 13 27 12 40 35 71 15 30 64 78 74 63 88 85 98 81 0,71
PFG_MOEA,944,5,105.14,1054.54,0 24 45 94 66 53 80 4 8 7 46 96 83 11 14 95 57 0,14
PFG_MOEA,944,6,105.14,1054.54,0 42 76 9 60 61 5 29 52 87 6 65 90 79 32 49 51 50 0,
PFG_MOEA,945,1,209.95,825.56,0 50 0,
PFG_MOEA,945,2,209.95,825.56,0 77 58 48 62 92 43 25 2 99 34 1 21 37 33 22 23 84 56 39 68 18 19 91 20 17 31 16 40 35 71 15 30 64 78 74 63 88 85 98 14 11 83 0,22 58
PFG_MOEA,945,3,209.95,825.56,0 4 24 45 94 66 53 0,
PFG_MOEA,945,4,209.95,825.56,0 80 0,
PFG_MOEA,945,5,209.95,825.56,0 13 27 12 41 73 95 57 96 89 10 26 59 44 38 47 69 28 46 7 8 100 81 42 76 9 55 75 93 97 61 60 65 6 87 52 29 5 0,47 95
PFG_MOEA,945,6,209.95,825.56,0 90 79 51 49 32 3 36 54 70 72 67 86 82 0,32 54
PFG_MOEA,946,1,108.4,987.28,0 95 8 7 46 42 60 61 5 29 52 87 6 65 90 0,
PFG_MOEA,946,2,108.4,987.28,0 79 83 11 14 98 85 88 63 74 78 64 30 15 71 0,
PFG_MOEA,946,3,108.4,987.28,0 17 31 35 40 16 18 19 20 91 21 33 37 68 39 56 84 23 22 1 34 99 2 25 0,18 22 33
PFG_MOEA,946,4,108.4,987.28,0 43 92 62 48 50 77 58 82 86 67 72 70 54 36 3 32 49 0,
PFG_MOEA,946,5,108.4,987.28,0 4 24 45 51 94 66 53 80 76 9 55 96 57 73 0,
PFG_MOEA,946,6,108.4,987.28,0 13 27 12 41 89 10 26 59 44 38 47 69 28 75 97 93 100 81 0,
PFG_MOEA,947,1,104.19,1056.66,0 19 18 91 21 22 33 37 68 56 39 84 23 82 86 67 72 70 54 36 3 0,33 39
PFG_MOEA,947,2,104.19,1056.66,0 50 77 58 48 62 92 43 2 1 16 40 71 35 31 17 0,40
PFG_MOEA,947,3,104.19,1056.66,0 13 27 12 73 15 98 85 88 63 74 78 64 30 41 99 34 25 0,15
PFG_MOEA,947,4,104.19,1056.66,0 4 80 53 66 94 45 24 55 9 76 42 14 11 83 95 57 96 89 10 0,95
PFG_MOEA,947,5,104.19,1056.66,0 26 59 44 38 47 69 28 46 7 8 93 100 81 75 97 61 60 52 87 6 0,28
PFG_MOEA,947,6,104.19,1056.66,0 5 29 65 90 79 32 49 51 20 0,
PFG_MOEA,948,1,98.88,1134.43,0 23 84 39 56 68 37 33 22 21 91 19 18 16 40 35 31 17 20 0,35
PFG_MOEA,948,2,98.88,1134.43,0 15 30 64 78 74 63 98 71 99 2 25 50 77 58 82 86 0,
PFG_MOEA,948,3,98.88,1134.43,0 92 43 1 34 88 85 14 11 83 0,92
PFG_MOEA,948,4,98.88,1134.43,0 4 24 45 94 66 53 80 76 9 55 96 57 95 73 41 12 27 13 0,55 76
PFG_MOEA,948,5,98.88,1134.43,0 89 10 26 59 44 38 47 69 28 42 46 7 8 93 60 61 97 75 81 100 0,47 59
PFG_MOEA,948,6,98.88,1134.43,0 5 29 52 87 6 65 90 79 51 49 32 67 72 70 54 36 3 62 48 0,32 51 54 72
PFG_MOEA,949,1,172.71,848.77,0 89 10 26 59 44 38 47 69 28 42 76 9 7 8 79 51 49 32 3 36 54 70 72 67 86 82 0,3 10 67
PFG_MOEA,949,2,172.71,848.77,0 50 77 58 48 62 92 43 1 99 25 2 0,92
PFG_MOEA,949,3,172.71,848.77,0 34 21 37 33 22 23 84 56 39 68 18 19 91 20 17 31 16 40 35 71 15 30 64 78 74 63 88 85 98 14 11 83 96 46 0,15 20
PFG_MOEA,949,4,172.71,848.77,0 81 75 93 100 0,
PFG_MOEA,949,5,172.71,848.77,0 13 27 12 41 73 95 57 97 61 60 5 29 52 87 6 65 90 24 45 94 66 53 80 4 0,95
PFG_MOEA,949,6,172.71,848.77,0 55 0,55
PFG_MOEA,950,1,130.19,886.45,0 8 7 42 76 9 60 61 5 29 52 87 6 65 90 79 32 49 51 0,
PFG_MOEA,950,2,130.19,886.45,0 50 77 3 36 54 70 72 67 86 82 58 48 62 92 43 0,54 62
PFG_MOEA,950,3,130.19,886.45,0 2 25 34 21 33 37 68 39 56 84 23 22 1 99 0,
PFG_MOEA,950,4,130.19,886.45,0 20 91 19 31 17 18 16 40 35 71 15 98 85 88 63 74 78 64 30 0,
PFG_MOEA,950,5,130.19,886.45,0 81 46 96 83 11 14 95 57 0,
PFG_MOEA,950,6,130.19,886.45,0 4 80 53 66 94 45 24 97 100 93 75 55 28 69 47 38 44 59 26 10 89 73 41 12 27 13 0,55 59
PFG_MOEA,951,1,99.64,1067.22,0 57 97 61 60 5 29 52 87 6 65 90 24 45 94 66 0,
PFG_MOEA,951,2,99.64,1067.22,0 4 80 53 55 98 63 74 78 64 30 71 0,
PFG_MOEA,951,3,99.64,1067.22,0 99 2 25 89 10 26 59 44 38 47 69 28 42 76 9 7 8 79 0,10 79
PFG_MOEA,951,4,99.64,1067.22,0 51 49 32 3 36 54 70 72 67 86 82 58 77 62 48 50 0,36
PFG_MOEA,951,5,99.64,1067.22,0 92 43 34 1 21 37 33 22 23 84 56 39 68 18 19 91 20 17 31 0,84
PFG_MOEA,951,6,99.64,1067.22,0 16 40 35 15 88 85 14 11 83 96 95 73 41 12 27 13 100 93 75 81 46 0,15 41 85
PFG_MOEA,952,1,259.76,804.75,0 93 0,93
PFG_MOEA,952,2,259.76,804.75,0 100 81 75 97 61 60 5 29 52 87 6 65 90 79 0,
PFG_MOEA,952,3,259.76,804.75,0 83 11 14 98 85 88 63 74 78 64 30 15 71 35 31 17 40 16 18 19 20 91 21 33 37 68 39 56 84 23 22 1 34 99 2 25 43 92 62 48 50 77 58 82 86 67 72 70 54 36 3 32 49 51 45 24 4 0,18 22 32 51 58 62 70 71
PFG_MOEA,952,4,259.76,804.75,0 94 66 53 80 76 9 55 96 0,55 76
PFG_MOEA,952,5,259.76,804.75,0 57 95 73 41 12 27 13 0,95
PFG_MOEA,952,6,259.76,804.75,0 89 10 26 59 44 38 47 69 28 42 46 7 8 0,
PFG_MOEA,953,1,131.24,855.01,0 93 100 81 75 97 61 60 52 87 6 65 29 5 90 79 51 49 32 3 36 54 70 72 67 86 82 0,51 93
PFG_MOEA,953,2,131.24,855.01,0 50 77 58 48 62 92 43 25 2 0,92
PFG_MOEA,953,3,131.24,855.01,0 99 34 1 21 22 23 84 39 56 68 37 33 91 18 19 20 0,19
PFG_MOEA,953,4,131.24,855.01,0 13 27 12 41 73 30 64 78 74 63 88 85 98 15 71 35 40 16 31 17 0,85
PFG_MOEA,953,5,131.24,855.01,0 4 80 53 66 94 45 24 55 9 76 42 28 69 47 38 44 59 26 10 89 96 14 11 83 95 57 0,28 53
PFG_MOEA,953,6,131.24,855.01,0 46 7 8 0,7
PFG_MOEA,954,1,108.98,905.4,0 51 49 32 36 54 70 72 67 86 82 3 58 77 50 48 62 92 43 0,51 67
PFG_MOEA,954,2,108.98,905.4,0 2 25 34 21 33 37 68 39 56 84 23 22 1 99 0,
PFG_MOEA,954,3,108.98,905.4,0 20 91 19 31 17 18 16 40 35 71 15 30 64 78 74 63 88 85 98 11 83 0,91
PFG_MOEA,954,4,108.98,905.4,0 80 93 97 89 96 57 95 73 14 41 12 27 13 0,14 93
PFG_MOEA,954,5,108.98,905.4,0 10 26 59 44 38 47 69 28 42 46 7 8 4 53 66 94 0,
PFG_MOEA,954,6,108.98,905.4,0 45 24 79 90 65 6 87 52 29 5 61 60 75 55 9 76 81 100 0,55
PFG_MOEA,955,1,105.14,1054.54,0 2 25 43 34 21 33 37 82 86 67 72 70 54 36 3 77 58 62 48 92 0,72
PFG_MOEA,955,2,105.14,1054.54,0 99 1 22 23 84 56 39 68 19 31 17 20 91 0,19
PFG_MOEA,955,3,105.14,1054.54,0 18 16 73 41 100 93 97 75 55 28 69 47 38 44 59 26 10 89 0,
PFG_MOEA,955,4,105.14,1054.54,0 13 27 12 40 35 71 15 30 64 78 74 63 88 85 98 81 0,71
PFG_MOEA,955,5,105.14,1054.54,0 24 45 94 66 53 80 4 8 7 46 96 83 11 14 95 57 0,14
PFG_MOEA,955,6,105.14,1054.54,0 42 76 9 60 61 5 29 52 87 6 65 90 79 32 49 51 50 0,
PFG_MOEA,956,1,209.95,825.56,0 50 0,
PFG_MOEA,956,2,209.95,825.56,0 77 58 48 62 92 43 25 2 99 34 1 21 37 33 22 23 84 56 39 68 18 19 91 20 17 31 16 40 35 71 15 30 64 78 74 63 88 85 98 14 11 83 0,22 58
PFG_MOEA,956,3,209.95,825.56,0 4 24 45 94 66 53 0,
PFG_MOEA,956,4,209.95,825.56,0 80 0,
PFG_MOEA,956,5,209.95,825.56,0 13 27 12 41 73 95 57 96 89 10 26 59 44 38 47 69 28 46 7 8 100 81 42 76 9 55 75 93 97 61 60 65 6 87 52 29 5 0,47 95
PFG_MOEA,956,6,209.95,825.56,0 90 79 51 49 32 3 36 54 70 72 67 86 82 0,32 54
PFG_MOEA,957,1,108.4,987.28,0 95 8 7 46 42 60 61 5 29 52 87 6 65 90 0,
PFG_MOEA,957,2,108.4,987.28,0 79 83 11 14 98 85 88 63 74 78 64 30 15 71 0,
PFG_MOEA,957,3,108.4,987.28,0 17 31 35 40 16 18 19 20 91 21 33 37 68 39 56 84 23 22 1 34 99 2 25 0,18 22 33
PFG_MOEA,957,4,108.4,987.28,0 43 92 62 48 50 77 58 82 86 67 72 70 54 36 3 32 49 0,
PFG_MOEA,957,5,108.4,987.28,0 4 24 45 51 94 66 53 80 76 9 55 96 57 73 0,
PFG_MOEA,957,6,108.4,987.28,0 13 27 12 41 89 10 26 59 44 38 47 69 28 75 97 93 100 81 0,
PFG_MOEA,958,1,104.19,1056.66,0 19 18 91 21 22 33 37 68 56 39 84 23 82 86 67 72 70 54 36 3 0,33 39
PFG_MOEA,958,2,104.19,1056.66,0 50 77 58 48 62 92 43 2 1 16 40 71 35 31 17 0,40
PFG_MOEA,958,3,104.19,1056.66,0 13 27 12 73 15 98 85 88 63 74 78 64 30 41 99 34 25 0,15
PFG_MOEA,958,4,104.19,1056.66,0 4 80 53 66 94 45 24 55 9 76 42 14 11 83 95 57 96 89 10 0,95
PFG_MOEA,958,5,104.19,1056.66,0 26 59 44 38 47 69 28 46 7 8 93 100 81 75 97 61 60 52 87 6 0,28
PFG_MOEA,958,6,104.19,1056.66,0 5 29 65 90 79 32 49 51 20 0,
PFG_MOEA,959,1,98.88,1134.43,0 23 84 39 56 68 37 33 22 21 91 19 18 16 40 35 31 17 20 0,35
PFG_MOEA,959,2,98.88,1134.43,0 15 30 64 78 74 63 98 71 99 2 25 50 77 58 82 86 0,
PFG_MOEA,959,3,98.88,1134.43,0 92 43 1 34 88 85 14 11 83 0,92
PFG_MOEA,959,4,98.88,1134.43,0 4 24 45 94 66 53 80 76 9 55 96 57 95 73 41 12 27 13 0,55 76
PFG_MOEA,959,5,98.88,1134.43,0 89 10 26 59 44 38 47 69 28 42 46 7 8 93 60 61 97 75 81 100 0,47 59
PFG_MOEA,959,6,98.88,1134.43,0 5 29 52 87 6 65 90 79 51 49 32 67 72 70 54 36 3 62 48 0,32 51 54 72
PFG_MOEA,960,1,172.71,848.77,0 89 10 26 59 44 38 47 69 28 42 76 9 7 8 79 51 49 32 3 36 54 70 72 67 86 82 0,3 10 67
PFG_MOEA,960,2,172.71,848.77,0 50 77 58 48 62 92 43 1 99 25 2 0,92
PFG_MOEA,960,3,172.71,848.77,0 34 21 37 33 22 23 84 56 39 68 18 19 91 20 17 31 16 40 35 71 15 30 64 78 74 63 88 85 98 14 11 83 96 46 0,15 20
PFG_MOEA,960,4,172.71,848.77,0 81 75 93 100 0,
PFG_MOEA,960,5,172.71,848.77,0 13 27 12 41 73 95 57 97 61 60 5 29 52 87 6 65 90 24 45 94 66 53 80 4 0,95
PFG_MOEA,960,6,172.71,848.77,0 55 0,55
PFG_MOEA,961,1,130.19,886.45,0 8 7 42 76 9 60 61 5 29 52 87 6 65 90 79 32 49 51 0,
PFG_MOEA,961,2,130.19,886.45,0 50 77 3 36 54 70 72 67 86 82 58 48 62 92 43 0,54 62
PFG_MOEA,961,3,130.19,886.45,0 2 25 34 21 33 37 68 39 56 84 23 22 1 99 0,
PFG_MOEA,961,4,130.19,886.45,0 20 91 19 31 17 18 16 40 35 71 15 98 85 88 63 74 78 64 30 0,
PFG_MOEA,961,5,130.19,886.45,0 81 46 96 83 11 14 95 57 0,
PFG_MOEA,961,6,130.19,886.45,0 4 80 53 66 94 45 24 97 100 93 75 55 28 69 47 38 44 59 26 10 89 73 41 12 27 13 0,55 59
PFG_MOEA,962,1,99.64,1067.22,0 57 97 61 60 5 29 52 87 6 65 90 24 45 94 66 0,
PFG_MOEA,962,2,99.64,1067.22,0 4 80 53 55 98 63 74 78 64 30 71 0,
PFG_MOEA,962,3,99.64,1067.22,0 99 2 25 89 10 26 59 44 38 47 69 28 42 76 9 7 8 79 0,10 79
PFG_MOEA,962,4,99.64,1067.22,0 51 49 32 3 36 54 70 72 67 86 82 58 77 62 48 50 0,36
PFG_MOEA,962,5,99.64,1067.22,0 92 43 34 1 21 37 33 22 23 84 56 39 68 18 19 91 20 17 31 0,84
PFG_MOEA,962,6,99.64,1067.22,0 16 40 35 15 88 85 14 11 83 96 95 73 41 12 27 13 100 93 75 81 46 0,15 41 85
PFG_MOEA,963,1,259.76,804.75,0 93 0,93
PFG_MOEA,963,2,259.76,804.75,0 100 81 75 97 61 60 5 29 52 87 6 65 90 79 0,
PFG_MOEA,963,3,259.76,804.75,0 83 11 14 98 85 88 63 74 78 64 30 15 71 35 31 17 40 16 18 19 20 91 21 33 37 68 39 56 84 23 22 1 34 99 2 25 43 92 62 48 50 77 58 82 86 67 72 70 54 36 3 32 49 51 45 24 4 0,18 22 32 51 58 62 70 71
PFG_MOEA,963,4,259.76,804.75,0 94 66 53 80 76 9 55 96 0,55 76
PFG_MOEA,963,5,259.76,804.75,0 57 95 73 41 12 27 13 0,95
PFG_MOEA,963,6,259.76,804.75,0 89 10 26 59 44 38 47 69 28 42 46 7 8 0,
PFG_MOEA,964,1,131.24,855.01,0 93 100 81 75 97 61 60 52 87 6 65 29 5 90 79 51 49 32 3 36 54 70 72 67 86 82 0,51 93
PFG_MOEA,964,2,131.24,855.01,0 50 77 58 48 62 92 43 25 2 0,92
PFG_MOEA,964,3,131.24,855.01,0 99 34 1 21 22 23 84 39 56 68 37 33 91 18 19 20 0,19
PFG_MOEA,964,4,131.24,855.01,0 13 27 12 41 73 30 64 78 74 63 88 85 98 15 71 35 40 16 31 17 0,85
PFG_MOEA,964,5,131.24,855.01,0 4 80 53 66 94 45 24 55 9 76 42 28 69 47 38 44 59 26 10 89 96 14 11 83 95 57 0,28 53
PFG_MOEA,964,6,131.24,855.01,0 46 7 8 0,7
PFG_MOEA,965,1,108.98,905.4,0 51 49 32 36 54 70 72 67 86 82 3 58 77 50 48 62 92 43 0,51 67
PFG_MOEA,965,2,108.98,905.4,0 2 25 34 21 33 37 68 39 56 84 23 22 1 99 0,
PFG_MOEA,965,3,108.98,905.4,0 20 91 19 31 17 18 16 40 35 71 15 30 64 78 74 63 88 85 98 11 83 0,91
PFG_MOEA,965,4,108.98,905.4,0 80 93 97 89 96 57 95 73 14 41 12 27 13 0,14 93
PFG_MOEA,965,5,108.98,905.4,0 10 26 59 44 38 47 69 28 42 46 7 8 4 53 66 94 0,
PFG_MOEA,965,6,108.98,905.4,0 45 24 79 90 65 6 87 52 29 5 61 60 75 55 9 76 81 100 0,55
PFG_MOEA,966,1,105.14,1054.54,0 2 25 43 34 21 33 37 82 86 67 72 70 54 36 3 77 58 62 48 92 0,72
PFG_MOEA,966,2,105.14,1054.54,0 99 1 22 23 84 56 39 68 19 31 17 20 91 0,19
PFG_MOEA,966,3,105.14,1054.54,0 18 16 73 41 100 93 97 75 55 28 69 47 38 44 59 26 10 89 0,
PFG_MOEA,966,4,105.14,1054.54,0 13 27 12 40 35 71 15 30 64 78 74 63 88 85 98 81 0,71
PFG_MOEA,966,5,105.14,1054.54,0 24 45 94 66 53 80 4 8 7 46 96 83 11 14 95 57 0,14
PFG_MOEA,966,6,105.14,1054.54,0 42 76 9 60 61 5 29 52 87 6 65 90 79 32 49 51 50 0,
PFG_MOEA,967,1,209.95,825.56,0 50 0,
PFG_MOEA,967,2,209.95,825.56,0 77 58 48 62 92 43 25 2 99 34 1 21 37 33 22 23 84 56 39 68 18 19 91 20 17 31 16 40 35 71 15 30 64 78 74 63 88 85 98 14 11 83 0,22 58
PFG_MOEA,967,3,209.95,825.56,0 4 24 45 94 66 53 0,
PFG_MOEA,967,4,209.95,825.56,0 80 0,
PFG_MOEA,967,5,209.95,825.56,0 13 27 12 41 73 95 57 96 89 10 26 59 44 38 47 69 28 46 7 8 100 81 42 76 9 55 75 93 97 61 60 65 6 87 52 29 5 0,47 95
PFG_MOEA,967,6,209.95,825.56,0 90 79 51 49 32 3 36 54 70 72 67 86 82 0,32 54
PFG_MOEA,968,1,108.4,987.28,0 95 8 7 46 42 60 61 5 29 52 87 6 65 90 0,
PFG_MOEA,968,2,108.4,987.28,0 79 83 11 14 98 85 88 63 74 78 64 30 15 71 0,
PFG_MOEA,968,3,108.4,987.28,0 17 31 35 40 16 18 19 20 91 21 33 37 68 39 56 84 23 22 1 34 99 2 25 0,18 22 33
PFG_MOEA,968,4,108.4,987.28,0 43 92 62 48 50 77 58 82 86 67 72 70 54 36 3 32 49 0,
PFG_MOEA,968,5,108.4,987.28,0 4 24 45 51 94 66 53 80 76 9 55 96 57 73 0,
PFG_MOEA,968,6,108.4,987.28,0 13 27 12 41 89 10 26 59 44 38 47 69 28 75 97 93 100 81 0,
PFG_MOEA,969,1,104.19,1056.66,0 19 18 91 21 22 33 37 68 56 39 84 23 82 86 67 72 70 54 36 3 0,33 39
PFG_MOEA,969,2,104.19,1056.66,0 50 77 58 48 62 92 43 2 1 16 40 71 35 31 17 0,40
PFG_MOEA,969,3,104.19,1056.66,0 13 27 12 73 15 98 85 88 63 74 78 64 30 41 99 34 25 0,15
PFG_MOEA,969,4,104.19,1056.66,0 4 80 53 66 94 45 24 55 9 76 42 14 11 83 95 57 96 89 10 0,95
PFG_MOEA,969,5,104.19,1056.66,0 26 59 44 38 47 69 28 46 7 8 93 100 81 75 97 61 60 52 87 6 0,28
PFG_MOEA,969,6,104.19,1056.66,0 5 29 65 90 79 32 49 51 20 0,
PFG_MOEA,970,1,98.88,1134.43,0 23 84 39 56 68 37 33 22 21 91 19 18 16 40 35 31 17 20 0,35
PFG_MOEA,970,2,98.88,1134.43,0 15 30 64 78 74 63 98 71 99 2 25 50 77 58 82 86 0,
PFG_MOEA,970,3,98.88,1134.43,0 92 43 1 34 88 85 14 11 83 0,92
PFG_MOEA,970,4,98.88,1134.43,0 4 24 45 94 66 53 80 76 9 55 96 57 95 73 41 12 27 13 0,55 76
PFG_MOEA,970,5,98.88,1134.43,0 89 10 26 59 44 38 47 69 28 42 46 7 8 93 60 61 97 75 81 100 0,47 59
PFG_MOEA,970,6,98.88,1134.43,0 5 29 52 87 6 65 90 79 51 49 32 67 72 70 54 36 3 62 48 0,32 51 54 72
PFG_MOEA,971,1,172.71,848.77,0 89 10 26 59 44 38 47 69 28 42 76 9 7 8 79 51 49 32 3 36 54 70 72 67 86 82 0,3 10 67
PFG_MOEA,971,2,172.71,848.77,0 50 77 58 48 62 92 43 1 99 25 2 0,92
PFG_MOEA,971,3,172.71,848.77,0 34 21 37 33 22 23 84 56 39 68 18 19 91 20 17 31 16 40 35 71 15 30 64 78 74 63 88 85 98 14 11 83 96 46 0,15 20
PFG_MOEA,971,4,172.71,848.77,0 81 75 93 100 0,
PFG_MOEA,971,5,172.71,848.77,0 13 27 12 41 73 95 57 97 61 60 5 29 52 87 6 65 90 24 45 94 66 53 80 4 0,95
PFG_MOEA,971,6,172.71,848.77,0 55 0,55
PFG_MOEA,972,1,130.19,886.45,0 8 7 42 76 9 60 61 5 29 52 87 6 65 90 79 32 49 51 0,
PFG_MOEA,972,2,130.19,886.45,0 50 77 3 36 54 70 72 67 86 82 58 48 62 92 43 0,54 62
PFG_MOEA,972,3,130.19,886.45,0 2 25 34 21 33 37 68 39 56 84 23 22 1 99 0,
PFG_MOEA,972,4,130.19,886.45,0 20 91 19 31 17 18 16 40 35 71 15 98 85 88 63 74 78 64 30 0,
PFG_MOEA,972,5,130.19,886.45,0 81 46 96 83 11 14 95 57 0,
PFG_MOEA,972,6,130.19,886.45,0 4 80 53 66 94 45 24 97 100 93 75 55 28 69 47 38 44 59 26 10 89 73 41 12 27 13 0,55 59
PFG_MOEA,973,1,99.64,1067.22,0 57 97 61 60 5 29 52 87 6 65 90 24 45 94 66 0,
PFG_MOEA,973,2,99.64,1067.22,0 4 80 53 55 98 63 74 78 64 30 71 0,
PFG_MOEA,973,3,99.64,1067.22,0 99 2 25 89 10 26 59 44 38 47 69 28 42 76 9 7 8 79 0,10 79
PFG_MOEA,973,4,99.64,1067.22,0 51 49 32 3 36 54 70 72 67 86 82 58 77 62 48 50 0,36
PFG_MOEA,973,5,99.64,1067.22,0 92 43 34 1 21 37 33 22 23 84 56 39 68 18 19 91 20 17 31 0,84
PFG_MOEA,973,6,99.64,1067.22,0 16 40 35 15 88 85 14 11 83 96 95 73 41 12 27 13 100 93 75 81 46 0,15 41 85
PFG_MOEA,974,1,259.76,804.75,0 93 0,93
PFG_MOEA,974,2,259.76,804.75,0 100 81 75 97 61 60 5 29 52 87 6 65 90 79 0,
PFG_MOEA,974,3,259.76,804.75,0 83 11 14 98 85 88 63 74 78 64 30 15 71 35 31 17 40 16 18 19 20 91 21 33 37 68 39 56 84 23 22 1 34 99 2 25 43 92 62 48 50 77 58 82 86 67 72 70 54 36 3 32 49 51 45 24 4 0,18 22 32 51 58 62 70 71
PFG_MOEA,974,4,259.76,804.75,0 94 66 53 80 76 9 55 96 0,55 76
PFG_MOEA,974,5,259.76,804.75,0 57 95 73 41 12 27 13 0,95
PFG_MOEA,974,6,259.76,804.75,0 89 10 26 59 44 38 47 69 28 42 46 7 8 0,
PFG_MOEA,975,1,131.24,855.01,0 93 100 81 75 97 61 60 52 87 6 65 29 5 90 79 51 49 32 3 36 54 70 72 67 86 82 0,51 93
PFG_MOEA,975,2,131.24,855.01,0 50 77 58 48 62 92 43 25 2 0,92
PFG_MOEA,975,3,131.24,855.01,0 99 34 1 21 22 23 84 39 56 68 37 33 91 18 19 20 0,19
PFG_MOEA,975,4,131.24,855.01,0 13 27 12 41 73 30 64 78 74 63 88 85 98 15 71 35 40 16 31 17 0,85
PFG_MOEA,975,5,131.24,855.01,0 4 80 53 66 94 45 24 55 9 76 42 28 69 47 38 44 59 26 10 89 96 14 11 83 95 57 0,28 53
PFG_MOEA,975,6,131.24,855.01,0 46 7 8 0,7
PFG_MOEA,976,1,108.98,905.4,0 51 49 32 36 54 70 72 67 86 82 3 58 77 50 48 62 92 43 0,51 67
PFG_MOEA,976,2,108.98,905.4,0 2 25 34 21 33 37 68 39 56 84 23 22 1 99 0,
PFG_MOEA,976,3,108.98,905.4,0 20 91 19 31 17 18 16 40 35 71 15 30 64 78 74 63 88 85 98 11 83 0,91
PFG_MOEA,976,4,108.98,905.4,0 80 93 97 89 96 57 95 73 14 41 12 27 13 0,14 93
PFG_MOEA,976,5,108.98,905.4,0 10 26 59 44 38 47 69 28 42 46 7 8 4 53 66 94 0,
PFG_MOEA,976,6,108.98,905.4,0 45 24 79 90 65 6 87 52 29 5 61 60 75 55 9 76 81 100 0,55
PFG_MOEA,977,1,105.14,1054.54,0 2 25 43 34 21 33 37 82 86 67 72 70 54 36 3 77 58 62 48 92 0,72
PFG_MOEA,977,2,105.14,1054.54,0 99 1 22 23 84 56 39 68 19 31 17 20 91 0,19
PFG_MOEA,977,3,105.14,1054.54,0 18 16 73 41 100 93 97 75 55 28 69 47 38 44 59 26 10 89 0,
PFG_MOEA,977,4,105.14,1054.54,0 13 27 12 40 35 71 15 30 64 78 74 63 88 85 98 81 0,71
PFG_MOEA,977,5,105.14,1054.54,0 24 45 94 66 53 80 4 8 7 46 96 83 11 14 95 57 0,14
PFG_MOEA,977,6,105.14,1054.54,0 42 76 9 60 61 5 29 52 87 6 65 90 79 32 49 51 50 0,
PFG_MOEA,978,1,209.95,825.56,0 50 0,
PFG_MOEA,978,2,209.95,825.56,0 77 58 48 62 92 43 25 2 99 34 1 21 37 33 22 23 84 56 39 68 18 19 91 20 17 31 16 40 35 71 15 30 64 78 74 63 88 85 98 14 11 83 0,22 58
PFG_MOEA,978,3,209.95,825.56,0 4 24 45 94 66 53 0,
PFG_MOEA,978,4,209.95,825.56,0 80 0,
PFG_MOEA,978,5,209.95,825.56,0 13 27 12 41 73 95 57 96 89 10 26 59 44 38 47 69 28 46 7 8 100 81 42 76 9 55 75 93 97 61 60 65 6 87 52 29 5 0,47 95
PFG_MOEA,978,6,209.95,825.56,0 90 79 51 49 32 3 36 54 70 72 67 86 82 0,32 54
PFG_MOEA,979,1,108.4,987.28,0 95 8 7 46 42 60 61 5 29 52 87 6 65 90 0,
PFG_MOEA,979,2,108.4,987.28,0 79 83 11 14 98 85 88 63 74 78 64 30 15 71 0,
PFG_MOEA,979,3,108.4,987.28,0 17 31 35 40 16 18 19 20 91 21 33 37 68 39 56 84 23 22 1 34 99 2 25 0,18 22 33
PFG_MOEA,979,4,108.4,987.28,0 43 92 62 48 50 77 58 82 86 67 72 70 54 36 3 32 49 0,
PFG_MOEA,979,5,108.4,987.28,0 4 24 45 51 94 66 53 80 76 9 55 96 57 73 0,
PFG_MOEA,979,6,108.4,987.28,0 13 27 12 41 89 10 26 59 44 38 47 69 28 75 97 93 100 81 0,
PFG_MOEA,980,1,104.19,1056.66,0 19 18 91 21 22 33 37 68 56 39 84 23 82 86 67 72 70 54 36 3 0,33 39
PFG_MOEA,980,2,104.19,1056.66,0 50 77 58 48 62 92 43 2 1 16 40 71 35 31 17 0,40
PFG_MOEA,980,3,104.19,1056.66,0 13 27 12 73 15 98 85 88 63 74 78 64 30 41 99 34 25 0,15
PFG_MOEA,980,4,104.19,1056.66,0 4 80 53 66 94 45 24 55 9 76 42 14 11 83 95 57 96 89 10 0,95
PFG_MOEA,980,5,104.19,1056.66,0 26 59 44 38 47 69 28 46 7 8 93 100 81 75 97 61 60 52 87 6 0,28
PFG_MOEA,980,6,104.19,1056.66,0 5 29 65 90 79 32 49 51 20 0,
PFG_MOEA,981,1,98.88,1134.43,0 23 84 39 56 68 37 33 22 21 91 19 18 16 40 35 31 17 20 0,35
PFG_MOEA,981,2,98.88,1134.43,0 15 30 64 78 74 63 98 71 99 2 25 50 77 58 82 86 0,
PFG_MOEA,981,3,98.88,1134.43,0 92 43 1 34 88 85 14 11 83 0,92
PFG_MOEA,981,4,98.88,1134.43,0 4 24 45 94 66 53 80 76 9 55 96 57 95 73 41 12 27 13 0,55 76
PFG_MOEA,981,5,98.88,1134.43,0 89 10 26 59 44 38 47 69 28 42 46 7 8 93 60 61 97 75 81 100 0,47 59
PFG_MOEA,981,6,98.88,1134.43,0 5 29 52 87 6 65 90 79 51 49 32 67 72 70 54 36 3 62 48 0,32 51 54 72
PFG_MOEA,982,1,172.71,848.77,0 89 10 26 59 44 38 47 69 28 42 76 9 7 8 79 51 49 32 3 36 54 70 72 67 86 82 0,3 10 67
PFG_MOEA,982,2,172.71,848.77,0 50 77 58 48 62 92 43 1 99 25 2 0,92
PFG_MOEA,982,3,172.71,848.77,0 34 21 37 33 22 23 84 56 39 68 18 19 91 20 17 31 16 40 35 71 15 30 64 78 74 63 88 85 98 14 11 83 96 46 0,15 20
PFG_MOEA,982,4,172.71,848.77,0 81 75 93 100 0,
PFG_MOEA,982,5,172.71,848.77,0 13 27 12 41 73 95 57 97 61 60 5 29 52 87 6 65 90 24 45 94 66 53 80 4 0,95
PFG_MOEA,982,6,172.71,848.77,0 55 0,55
PFG_MOEA,983,1,130.19,886.45,0 8 7 42 76 9 60 61 5 29 52 87 6 65 90 79 32 49 51 0,
PFG_MOEA,983,2,130.19,886.45,0 50 77 3 36 54 70 72 67 86 82 58 48 62 92 43 0,54 62
PFG_MOEA,983,3,130.19,886.45,0 2 25 34 21 33 37 68 39 56 84 23 22 1 99 0,
PFG_MOEA,983,4,130.19,886.45,0 20 91 19 31 17 18 16 40 35 71 15 98 85 88 63 74 78 64 30 0,
PFG_MOEA,983,5,130.19,886.45,0 81 46 96 83 11 14 95 57 0,
PFG_MOEA,983,6,130.19,886.45,0 4 80 53 66 94 45 24 97 100 93 75 55 28 69 47 38 44 59 26 10 89 73 41 12 27 13 0,55 59
PFG_MOEA,984,1,99.64,1067.22,0 57 97 61 60 5 29 52 87 6 65 90 24 45 94 66 0,
PFG_MOEA,984,2,99.64,1067.22,0 4 80 53 55 98 63 74 78 64 30 71 0,
PFG_MOEA,984,3,99.64,1067.22,0 99 2 25 89 10 26 59 44 38 47 69 28 42 76 9 7 8 79 0,10 79
PFG_MOEA,984,4,99.64,1067.22,0 51 49 32 3 36 54 70 72 67 86 82 58 77 62 48 50 0,36
PFG_MOEA,984,5,99.64,1067.22,0 92 43 34 1 21 37 33 22 23 84 56 39 68 18 19 91 20 17 31 0,84
PFG_MOEA,984,6,99.64,1067.22,0 16 40 35 15 88 85 14 11 83 96 95 73 41 12 27 13 100 93 75 81 46 0,15 41 85
PFG_MOEA,985,1,259.76,804.75,0 93 0,93
PFG_MOEA,985,2,259.76,804.75,0 100 81 75 97 61 60 5 29 52 87 6 65 90 79 0,
PFG_MOEA,985,3,259.76,804.75,0 83 11 14 98 85 88 63 74 78 64 30 15 71 35 31 17 40 16 18 19 20 91 21 33 37 68 39 56 84 23 22 1 34 99 2 25 43 92 62 48 50 77 58 82 86 67 72 70 54 36 3 32 49 51 45 24 4 0,18 22 32 51 58 62 70 71
PFG_MOEA,985,4,259.76,804.75,0 94 66 53 80 76 9 55 96 0,55 76
PFG_MOEA,985,5,259.76,804.75,0 57 95 73 41 12 27 13 0,95
PFG_MOEA,985,6,259.76,804.75,0 89 10 26 59 44 38 47 69 28 42 46 7 8 0,
PFG_MOEA,986,1,131.24,855.01,0 93 100 81 75 97 61 60 52 87 6 65 29 5 90 79 51 49 32 3 36 54 70 72 67 86 82 0,51 93
PFG_MOEA,986,2,131.24,855.01,0 50 77 58 48 62 92 43 25 2 0,92
PFG_MOEA,986,3,131.24,855.01,0 99 34 1 21 22 23 84 39 56 68 37 33 91 18 19 20 0,19
PFG_MOEA,986,4,131.24,855.01,0 13 27 12 41 73 30 64 78 74 63 88 85 98 15 71 35 40 16 31 17 0,85
PFG_MOEA,986,5,131.24,855.01,0 4 80 53 66 94 45 24 55 9 76 42 28 69 47 38 44 59 26 10 89 96 14 11 83 95 57 0,28 53
PFG_MOEA,986,6,131.24,855.01,0 46 7 8 0,7
PFG_MOEA,987,1,108.98,905.4,0 51 49 32 36 54 70 72 67 86 82 3 58 77 50 48 62 92 43 0,51 67
PFG_MOEA,987,2,108.98,905.4,0 2 25 34 21 33 37 68 39 56 84 23 22 1 99 0,
PFG_MOEA,987,3,108.98,905.4,0 20 91 19 31 17 18 16 40 35 71 15 30 64 78 74 63 88 85 98 11 83 0,91
PFG_MOEA,987,4,108.98,905.4,0 80 93 97 89 96 57 95 73 14 41 12 27 13 0,14 93
PFG_MOEA,987,5,108.98,905.4,0 10 26 59 44 38 47 69 28 42 46 7 8 4 53 66 94 0,
PFG_MOEA,987,6,108.98,905.4,0 45 24 79 90 65 6 87 52 29 5 61 60 75 55 9 76 81 100 0,55
PFG_MOEA,988,1,105.14,1054.54,0 2 25 43 34 21 33 37 82 86 67 72 70 54 36 3 77 58 62 48 92 0,72
PFG_MOEA,988,2,105.14,1054.54,0 99 1 22 23 84 56 39 68 19 31 17 20 91 0,19
PFG_MOEA,988,3,105.14,1054.54,0 18 16 73 41 100 93 97 75 55 28 69 47 38 44 59 26 10 89 0,
PFG_MOEA,988,4,105.14,1054.54,0 13 27 12 40 35 71 15 30 64 78 74 63 88 85 98 81 0,71
PFG_MOEA,988,5,105.14,1054.54,0 24 45 94 66 53 80 4 8 7 46 96 83 11 14 95 57 0,14
PFG_MOEA,988,6,105.14,1054.54,0 42 76 9 60 61 5 29 52 87 6 65 90 79 32 49 51 50 0,
PFG_MOEA,989,1,209.95,825.56,0 50 0,
PFG_MOEA,989,2,209.95,825.56,0 77 58 48 62 92 43 25 2 99 34 1 21 37 33 22 23 84 56 39 68 18 19 91 20 17 31 16 40 35 71 15 30 64 78 74 63 88 85 98 14 11 83 0,22 58
PFG_MOEA,989,3,209.95,825.56,0 4 24 45 94 66 53 0,
PFG_MOEA,989,4,209.95,825.56,0 80 0,
PFG_MOEA,989,5,209.95,825.56,0 13 27 12 41 73 95 57 96 89 10 26 59 44 38 47 69 28 46 7 8 100 81 42 76 9 55 75 93 97 61 60 65 6 87 52 29 5 0,47 95
PFG_MOEA,989,6,209.95,825.56,0 90 79 51 49 32 3 36 54 70 72 67 86 82 0,32 54
PFG_MOEA,990,1,108.4,987.28,0 95 8 7 46 42 60 61 5 29 52 87 6 65 90 0,
PFG_MOEA,990,2,108.4,987.28,0 79 83 11 14 98 85 88 63 74 78 64 30 15 71 0,
PFG_MOEA,990,3,108.4,987.28,0 17 31 35 40 16 18 19 20 91 21 33 37 68 39 56 84 23 22 1 34 99 2 25 0,18 22 33
PFG_MOEA,990,4,108.4,987.28,0 43 92 62 48 50 77 58 82 86 67 72 70 54 36 3 32 49 0,
PFG_MOEA,990,5,108.4,987.28,0 4 24 45 51 94 66 53 80 76 9 55 96 57 73 0,
PFG_MOEA,990,6,108.4,987.28,0 13 27 12 41 89 10 26 59 44 38 47 69 28 75 97 93 100 81 0,
PFG_MOEA,991,1,104.19,1056.66,0 19 18 91 21 22 33 37 68 56 39 84 23 82 86 67 72 70 54 36 3 0,33 39
PFG_MOEA,991,2,104.19,1056.66,0 50 77 58 48 62 92 43 2 1 16 40 71 35 31 17 0,40
PFG_MOEA,991,3,104.19,1056.66,0 13 27 12 73 15 98 85 88 63 74 78 64 30 41 99 34 25 0,15
PFG_MOEA,991,4,104.19,1056.66,0 4 80 53 66 94 45 24 55 9 76 42 14 11 83 95 57 96 89 10 0,95
PFG_MOEA,991,5,104.19,1056.66,0 26 59 44 38 47 69 28 46 7 8 93 100 81 75 97 61 60 52 87 6 0,28
PFG_MOEA,991,6,104.19,1056.66,0 5 29 65 90 79 32 49 51 20 0,
PFG_MOEA,992,1,98.88,1134.43,0 23 84 39 56 68 37 33 22 21 91 19 18 16 40 35 31 17 20 0,35
PFG_MOEA,992,2,98.88,1134.43,0 15 30 64 78 74 63 98 71 99 2 25 50 77 58 82 86 0,
PFG_MOEA,992,3,98.88,1134.43,0 92 43 1 34 88 85 14 11 83 0,92
PFG_MOEA,992,4,98.88,1134.43,0 4 24 45 94 66 53 80 76 9 55 96 57 95 73 41 12 27 13 0,55 76
PFG_MOEA,992,5,98.88,1134.43,0 89 10 26 59 44 38 47 69 28 42 46 7 8 93 60 61 97 75 81 100 0,47 59
PFG_MOEA,992,6,98.88,1134.43,0 5 29 52 87 6 65 90 79 51 49 32 67 72 70 54 36 3 62 48 0,32 51 54 72
PFG_MOEA,993,1,172.71,848.77,0 89 10 26 59 44 38 47 69 28 42 76 9 7 8 79 51 49 32 3 36 54 70 72 67 86 82 0,3 10 67
PFG_MOEA,993,2,172.71,848.77,0 50 77 58 48 62 92 43 1 99 25 2 0,92
PFG_MOEA,993,3,172.71,848.77,0 34 21 37 33 22 23 84 56 39 68 18 19 91 20 17 31 16 40 35 71 15 30 64 78 74 63 88 85 98 14 11 83 96 46 0,15 20
PFG_MOEA,993,4,172.71,848.77,0 81 75 93 100 0,
PFG_MOEA,993,5,172.71,848.77,0 13 27 12 41 73 95 57 97 61 60 5 29 52 87 6 65 90 24 45 94 66 53 80 4 0,95
PFG_MOEA,993,6,172.71,848.77,0 55 0,55
PFG_MOEA,994,1,130.19,886.45,0 8 7 42 76 9 60 61 5 29 52 87 6 65 90 79 32 49 51 0,
PFG_MOEA,994,2,130.19,886.45,0 50 77 3 36 54 70 72 67 86 82 58 48 62 92 43 0,54 62
PFG_MOEA,994,3,130.19,886.45,0 2 25 34 21 33 37 68 39 56 84 23 22 1 99 0,
PFG_MOEA,994,4,130.19,886.45,0 20 91 19 31 17 18 16 40 35 71 15 98 85 88 63 74 78 64 30 0,
PFG_MOEA,994,5,130.19,886.45,0 81 46 96 83 11 14 95 57 0,
PFG_MOEA,994,6,130.19,886.45,0 4 80 53 66 94 45 24 97 100 93 75 55 28 69 47 38 44 59 26 10 89 73 41 12 27 13 0,55 59
PFG_MOEA,995,1,99.64,1067.22,0 57 97 61 60 5 29 52 87 6 65 90 24 45 94 66 0,
PFG_MOEA,995,2,99.64,1067.22,0 4 80 53 55 98 63 74 78 64 30 71 0,
PFG_MOEA,995,3,99.64,1067.22,0 99 2 25 89 10 26 59 44 38 47 69 28 42 76 9 7 8 79 0,10 79
PFG_MOEA,995,4,99.64,1067.22,0 51 49 32 3 36 54 70 72 67 86 82 58 77 62 48 50 0,36
PFG_MOEA,995,5,99.64,1067.22,0 92 43 34 1 21 37 33 22 23 84 56 39 68 18 19 91 20 17 31 0,84
PFG_MOEA,995,6,99.64,1067.22,0 16 40 35 15 88 85 14 11 83 96 95 73 41 12 27 13 100 93 75 81 46 0,15 41 85
PFG_MOEA,996,1,259.76,804.75,0 93 0,93
PFG_MOEA,996,2,259.76,804.75,0 100 81 75 97 61 60 5 29 52 87 6 65 90 79 0,
PFG_MOEA,996,3,259.76,804.75,0 83 11 14 98 85 88 63 74 78 64 30 15 71 35 31 17 40 16 18 19 20 91 21 33 37 68 39 56 84 23 22 1 34 99 2 25 43 92 62 48 50 77 58 82 86 67 72 70 54 36 3 32 49 51 45 24 4 0,18 22 32 51 58 62 70 71
PFG_MOEA,996,4,259.76,804.75,0 94 66 53 80 76 9 55 96 0,55 76
PFG_MOEA,996,5,259.76,804.75,0 57 95 73 41 12 27 13 0,95
PFG_MOEA,996,6,259.76,804.75,0 89 10 26 59 44 38 47 69 28 42 46 7 8 0,
PFG_MOEA,997,1,131.24,855.01,0 93 100 81 75 97 61 60 52 87 6 65 29 5 90 79 51 49 32 3 36 54 70 72 67 86 82 0,51 93
PFG_MOEA,997,2,131.24,855.01,0 50 77 58 48 62 92 43 25 2 0,92
PFG_MOEA,997,3,131.24,855.01,0 99 34 1 21 22 23 84 39 56 68 37 33 91 18 19 20 0,19
PFG_MOEA,997,4,131.24,855.01,0 13 27 12 41 73 30 64 78 74 63 88 85 98 15 71 35 40 16 31 17 0,85
PFG_MOEA,997,5,131.24,855.01,0 4 80 53 66 94 45 24 55 9 76 42 28 69 47 38 44 59 26 10 89 96 14 11 83 95 57 0,28 53
PFG_MOEA,997,6,131.24,855.01,0 46 7 8 0,7
PFG_MOEA,998,1,108.98,905.4,0 51 49 32 36 54 70 72 67 86 82 3 58 77 50 48 62 92 43 0,51 67
PFG_MOEA,998,2,108.98,905.4,0 2 25 34 21 33 37 68 39 56 84 23 22 1 99 0,
PFG_MOEA,998,3,108.98,905.4,0 20 91 19 31 17 18 16 40 35 71 15 30 64 78 74 63 88 85 98 11 83 0,91
PFG_MOEA,998,4,108.98,905.4,0 80 93 97 89 96 57 95 73 14 41 12 27 13 0,14 93
PFG_MOEA,998,5,108.98,905.4,0 10 26 59 44 38 47 69 28 42 46 7 8 4 53 66 94 0,
PFG_MOEA,998,6,108.98,905.4,0 45 24 79 90 65 6 87 52 29 5 61 60 75 55 9 76 81 100 0,55
PFG_MOEA,999,1,105.14,1054.54,0 2 25 43 34 21 33 37 82 86 67 72 70 54 36 3 77 58 62 48 92 0,72
PFG_MOEA,999,2,105.14,1054.54,0 99 1 22 23 84 56 39 68 19 31 17 20 91 0,19
PFG_MOEA,999,3,105.14,1054.54,0 18 16 73 41 100 93 97 75 55 28 69 47 38 44 59 26 10 89 0,
PFG_MOEA,999,4,105.14,1054.54,0 13 27 12 40 35 71 15 30 64 78 74 63 88 85 98 81 0,71
PFG_MOEA,999,5,105.14,1054.54,0 24 45 94 66 53 80 4 8 7 46 96 83 11 14 95 57 0,14
PFG_MOEA,999,6,105.14,1054.54,0 42 76 9 60 61 5 29 52 87 6 65 90 79 32 49 51 50 0,
PFG_MOEA,1000,1,209.95,825.56,0 50 0,
PFG_MOEA,1000,2,209.95,825.56,0 77 58 48 62 92 43 25 2 99 34 1 21 37 33 22 23 84 56 39 68 18 19 91 20 17 31 16 40 35 71 15 30 64 78 74 63 88 85 98 14 11 83 0,22 58
PFG_MOEA,1000,3,209.95,825.56,0 4 24 45 94 66 53 0,
PFG_MOEA,1000,4,209.95,825.56,0 80 0,
PFG_MOEA,1000,5,209.95,825.56,0 13 27 12 41 73 95 57 96 89 10 26 59 44 38 47 69 28 46 7 8 100 81 42 76 9 55 75 93 97 61 60 65 6 87 52 29 5 0,47 95
PFG_MOEA,1000,6,209.95,825.56,0 90 79 51 49 32 3 36 54 70 72 67 86 82 0,32 54
PFG_MOEA,1001,1,108.4,987.28,0 95 8 7 46 42 60 61 5 29 52 87 6 65 90 0,
PFG_MOEA,1001,2,108.4,987.28,0 79 83 11 14 98 85 88 63 74 78 64 30 15 71 0,
PFG_MOEA,1001,3,108.4,987.28,0 17 31 35 40 16 18 19 20 91 21 33 37 68 39 56 84 23 22 1 34 99 2 25 0,18 22 33
PFG_MOEA,1001,4,108.4,987.28,0 43 92 62 48 50 77 58 82 86 67 72 70 54 36 3 32 49 0,
PFG_MOEA,1001,5,108.4,987.28,0 4 24 45 51 94 66 53 80 76 9 55 96 57 73 0,
PFG_MOEA,1001,6,108.4,987.28,0 13 27 12 41 89 10 26 59 44 38 47 69 28 75 97 93 100 81 0,
PFG_MOEA,1002,1,104.19,1056.66,0 19 18 91 21 22 33 37 68 56 39 84 23 82 86 67 72 70 54 36 3 0,33 39
PFG_MOEA,1002,2,104.19,1056.66,0 50 77 58 48 62 92 43 2 1 16 40 71 35 31 17 0,40
PFG_MOEA,1002,3,104.19,1056.66,0 13 27 12 73 15 98 85 88 63 74 78 64 30 41 99 34 25 0,15
PFG_MOEA,1002,4,104.19,1056.66,0 4 80 53 66 94 45 24 55 9 76 42 14 11 83 95 57 96 89 10 0,95
PFG_MOEA,1002,5,104.19,1056.66,0 26 59 44 38 47 69 28 46 7 8 93 100 81 75 97 61 60 52 87 6 0,28
PFG_MOEA,1002,6,104.19,1056.66,0 5 29 65 90 79 32 49 51 20 0,
PFG_MOEA,1003,1,98.88,1134.43,0 23 84 39 56 68 37 33 22 21 91 19 18 16 40 35 31 17 20 0,35
PFG_MOEA,1003,2,98.88,1134.43,0 15 30 64 78 74 63 98 71 99 2 25 50 77 58 82 86 0,
PFG_MOEA,1003,3,98.88,1134.43,0 92 43 1 34 88 85 14 11 83 0,92
PFG_MOEA,1003,4,98.88,1134.43,0 4 24 45 94 66 53 80 76 9 55 96 57 95 73 41 12 27 13 0,55 76
PFG_MOEA,1003,5,98.88,1134.43,0 89 10 26 59 44 38 47 69 28 42 46 7 8 93 60 61 97 75 81 100 0,47 59
PFG_MOEA,1003,6,98.88,1134.43,0 5 29 52 87 6 65 90 79 51 49 32 67 72 70 54 36 3 62 48 0,32 51 54 72
PFG_MOEA,1004,1,172.71,848.77,0 89 10 26 59 44 38 47 69 28 42 76 9 7 8 79 51 49 32 3 36 54 70 72 67 86 82 0,3 10 67
PFG_MOEA,1004,2,172.71,848.77,0 50 77 58 48 62 92 43 1 99 25 2 0,92
PFG_MOEA,1004,3,172.71,848.77,0 34 21 37 33 22 23 84 56 39 68 18 19 91 20 17 31 16 40 35 71 15 30 64 78 74 63 88 85 98 14 11 83 96 46 0,15 20
PFG_MOEA,1004,4,172.71,848.77,0 81 75 93 100 0,
PFG_MOEA,1004,5,172.71,848.77,0 13 27 12 41 73 95 57 97 61 60 5 29 52 87 6 65 90 24 45 94 66 53 80 4 0,95
PFG_MOEA,1004,6,172.71,848.77,0 55 0,55
PFG_MOEA,1005,1,130.19,886.45,0 8 7 42 76 9 60 61 5 29 52 87 6 65 90 79 32 49 51 0,
PFG_MOEA,1005,2,130.19,886.45,0 50 77 3 36 54 70 72 67 86 82 58 48 62 92 43 0,54 62
PFG_MOEA,1005,3,130.19,886.45,0 2 25 34 21 33 37 68 39 56 84 23 22 1 99 0,
PFG_MOEA,1005,4,130.19,886.45,0 20 91 19 31 17 18 16 40 35 71 15 98 85 88 63 74 78 64 30 0,
PFG_MOEA,1005,5,130.19,886.45,0 81 46 96 83 11 14 95 57 0,
PFG_MOEA,1005,6,130.19,886.45,0 4 80 53 66 94 45 24 97 100 93 75 55 28 69 47 38 44 59 26 10 89 73 41 12 27 13 0,55 59
PFG_MOEA,1006,1,99.64,1067.22,0 57 97 61 60 5 29 52 87 6 65 90 24 45 94 66 0,
PFG_MOEA,1006,2,99.64,1067.22,0 4 80 53 55 98 63 74 78 64 30 71 0,
PFG_MOEA,1006,3,99.64,1067.22,0 99 2 25 89 10 26 59 44 38 47 69 28 42 76 9 7 8 79 0,10 79
PFG_MOEA,1006,4,99.64,1067.22,0 51 49 32 3 36 54 70 72 67 86 82 58 77 62 48 50 0,36
PFG_MOEA,1006,5,99.64,1067.22,0 92 43 34 1 21 37 33 22 23 84 56 39 68 18 19 91 20 17 31 0,84
PFG_MOEA,1006,6,99.64,1067.22,0 16 40 35 15 88 85 14 11 83 96 95 73 41 12 27 13 100 93 75 81 46 0,15 41 85
PFG_MOEA,1007,1,259.76,804.75,0 93 0,93
PFG_MOEA,1007,2,259.76,804.75,0 100 81 75 97 61 60 5 29 52 87 6 65 90 79 0,
PFG_MOEA,1007,3,259.76,804.75,0 83 11 14 98 85 88 63 74 78 64 30 15 71 35 31 17 40 16 18 19 20 91 21 33 37 68 39 56 84 23 22 1 34 99 2 25 43 92 62 48 50 77 58 82 86 67 72 70 54 36 3 32 49 51 45 24 4 0,18 22 32 51 58 62 70 71
PFG_MOEA,1007,4,259.76,804.75,0 94 66 53 80 76 9 55 96 0,55 76
PFG_MOEA,1007,5,259.76,804.75,0 57 95 73 41 12 27 13 0,95
PFG_MOEA,1007,6,259.76,804.75,0 89 10 26 59 44 38 47 69 28 42 46 7 8 0,
PFG_MOEA,1008,1,131.24,855.01,0 93 100 81 75 97 61 60 52 87 6 65 29 5 90 79 51 49 32 3 36 54 70 72 67 86 82 0,51 93
PFG_MOEA,1008,2,131.24,855.01,0 50 77 58 48 62 92 43 25 2 0,92
PFG_MOEA,1008,3,131.24,855.01,0 99 34 1 21 22 23 84 39 56 68 37 33 91 18 19 20 0,19
PFG_MOEA,1008,4,131.24,855.01,0 13 27 12 41 73 30 64 78 74 63 88 85 98 15 71 35 40 16 31 17 0,85
PFG_MOEA,1008,5,131.24,855.01,0 4 80 53 66 94 45 24 55 9 76 42 28 69 47 38 44 59 26 10 89 96 14 11 83 95 57 0,28 53
PFG_MOEA,1008,6,131.24,855.01,0 46 7 8 0,7
PFG_MOEA,1009,1,108.98,905.4,0 51 49 32 36 54 70 72 67 86 82 3 58 77 50 48 62 92 43 0,51 67
PFG_MOEA,1009,2,108.98,905.4,0 2 25 34 21 33 37 68 39 56 84 23 22 1 99 0,
PFG_MOEA,1009,3,108.98,905.4,0 20 91 19 31 17 18 16 40 35 71 15 30 64 78 74 63 88 85 98 11 83 0,91
PFG_MOEA,1009,4,108.98,905.4,0 80 93 97 89 96 57 95 73 14 41 12 27 13 0,14 93
PFG_MOEA,1009,5,108.98,905.4,0 10 26 59 44 38 47 69 28 42 46 7 8 4 53 66 94 0,
PFG_MOEA,1009,6,108.98,905.4,0 45 24 79 90 65 6 87 52 29 5 61 60 75 55 9 76 81 100 0,55
PFG_MOEA,1010,1,105.14,1054.54,0 2 25 43 34 21 33 37 82 86 67 72 70 54 36 3 77 58 62 48 92 0,72
PFG_MOEA,1010,2,105.14,1054.54,0 99 1 22 23 84 56 39 68 19 31 17 20 91 0,19
PFG_MOEA,1010,3,105.14,1054.54,0 18 16 73 41 100 93 97 75 55 28 69 47 38 44 59 26 10 89 0,
PFG_MOEA,1010,4,105.14,1054.54,0 13 27 12 40 35 71 15 30 64 78 74 63 88 85 98 81 0,71
PFG_MOEA,1010,5,105.14,1054.54,0 24 45 94 66 53 80 4 8 7 46 96 83 11 14 95 57 0,14
PFG_MOEA,1010,6,105.14,1054.54,0 42 76 9 60 61 5 29 52 87 6 65 90 79 32 49 51 50 0,
PFG_MOEA,1011,1,209.95,825.56,0 50 0,
PFG_MOEA,1011,2,209.95,825.56,0 77 58 48 62 92 43 25 2 99 34 1 21 37 33 22 23 84 56 39 68 18 19 91 20 17 31 16 40 35 71 15 30 64 78 74 63 88 85 98 14 11 83 0,22 58
PFG_MOEA,1011,3,209.95,825.56,0 4 24 45 94 66 53 0,
PFG_MOEA,1011,4,209.95,825.56,0 80 0,
PFG_MOEA,1011,5,209.95,825.56,0 13 27 12 41 73 95 57 96 89 10 26 59 44 38 47 69 28 46 7 8 100 81 42 76 9 55 75 93 97 61 60 65 6 87 52 29 5 0,47 95
PFG_MOEA,1011,6,209.95,825.56,0 90 79 51 49 32 3 36 54 70 72 67 86 82 0,32 54
PFG_MOEA,1012,1,108.4,987.28,0 95 8 7 46 42 60 61 5 29 52 87 6 65 90 0,
PFG_MOEA,1012,2,108.4,987.28,0 79 83 11 14 98 85 88 63 74 78 64 30 15 71 0,
PFG_MOEA,1012,3,108.4,987.28,0 17 31 35 40 16 18 19 20 91 21 33 37 68 39 56 84 23 22 1 34 99 2 25 0,18 22 33
PFG_MOEA,1012,4,108.4,987.28,0 43 92 62 48 50 77 58 82 86 67 72 70 54 36 3 32 49 0,
PFG_MOEA,1012,5,108.4,987.28,0 4 24 45 51 94 66 53 80 76 9 55 96 57 73 0,
PFG_MOEA,1012,6,108.4,987.28,0 13 27 12 41 89 10 26 59 44 38 47 69 28 75 97 93 100 81 0,
PFG_MOEA,1013,1,104.19,1056.66,0 19 18 91 21 22 33 37 68 56 39 84 23 82 86 67 72 70 54 36 3 0,33 39
PFG_MOEA,1013,2,104.19,1056.66,0 50 77 58 48 62 92 43 2 1 16 40 71 35 31 17 0,40
PFG_MOEA,1013,3,104.19,1056.66,0 13 27 12 73 15 98 85 88 63 74 78 64 30 41 99 34 25 0,15
PFG_MOEA,1013,4,104.19,1056.66,0 4 80 53 66 94 45 24 55 9 76 42 14 11 83 95 57 96 89 10 0,95
PFG_MOEA,1013,5,104.19,1056.66,0 26 59 44 38 47 69 28 46 7 8 93 100 81 75 97 61 60 52 87 6 0,28
PFG_MOEA,1013,6,104.19,1056.66,0 5 29 65 90 79 32 49 51 20 0,
PFG_MOEA,1014,1,98.88,1134.43,0 23 84 39 56 68 37 33 22 21 91 19 18 16 40 35 31 17 20 0,35
PFG_MOEA,1014,2,98.88,1134.43,0 15 30 64 78 74 63 98 71 99 2 25 50 77 58 82 86 0,
PFG_MOEA,1014,3,98.88,1134.43,0 92 43 1 34 88 85 14 11 83 0,92
PFG_MOEA,1014,4,98.88,1134.43,0 4 24 45 94 66 53 80 76 9 55 96 57 95 73 41 12 27 13 0,55 76
PFG_MOEA,1014,5,98.88,1134.43,0 89 10 26 59 44 38 47 69 28 42 46 7 8 93 60 61 97 75 81 100 0,47 59
PFG_MOEA,1014,6,98.88,1134.43,0 5 29 52 87 6 65 90 79 51 49 32 67 72 70 54 36 3 62 48 0,32 51 54 72
PFG_MOEA,1015,1,172.71,848.77,0 89 10 26 59 44 38 47 69 28 42 76 9 7 8 79 51 49 32 3 36 54 70 72 67 86 82 0,3 10 67
PFG_MOEA,1015,2,172.71,848.77,0 50 77 58 48 62 92 43 1 99 25 2 0,92
PFG_MOEA,1015,3,172.71,848.77,0 34 21 37 33 22 23 84 56 39 68 18 19 91 20 17 31 16 40 35 71 15 30 64 78 74 63 88 85 98 14 11 83 96 46 0,15 20
PFG_MOEA,1015,4,172.71,848.77,0 81 75 93 100 0,
PFG_MOEA,1015,5,172.71,848.77,0 13 27 12 41 73 95 57 97 61 60 5 29 52 87 6 65 90 24 45 94 66 53 80 4 0,95
PFG_MOEA,1015,6,172.71,848.77,0 55 0,55
PFG_MOEA,1016,1,130.19,886.45,0 8 7 42 76 9 60 61 5 29 52 87 6 65 90 79 32 49 51 0,
PFG_MOEA,1016,2,130.19,886.45,0 50 77 3 36 54 70 72 67 86 82 58 48 62 92 43 0,54 62
PFG_MOEA,1016,3,130.19,886.45,0 2 25 34 21 33 37 68 39 56 84 23 22 1 99 0,
PFG_MOEA,1016,4,130.19,886.45,0 20 91 19 31 17 18 16 40 35 71 15 98 85 88 63 74 78 64 30 0,
PFG_MOEA,1016,5,130.19,886.45,0 81 46 96 83 11 14 95 57 0,
PFG_MOEA,1016,6,130.19,886.45,0 4 80 53 66 94 45 24 97 100 93 75 55 28 69 47 38 44 59 26 10 89 73 41 12 27 13 0,55 59
PFG_MOEA,1017,1,99.64,1067.22,0 57 97 61 60 5 29 52 87 6 65 90 24 45 94 66 0,
PFG_MOEA,1017,2,99.64,1067.22,0 4 80 53 55 98 63 74 78 64 30 71 0,
PFG_MOEA,1017,3,99.64,1067.22,0 99 2 25 89 10 26 59 44 38 47 69 28 42 76 9 7 8 79 0,10 79
PFG_MOEA,1017,4,99.64,1067.22,0 51 49 32 3 36 54 70 72 67 86 82 58 77 62 48 50 0,36
PFG_MOEA,1017,5,99.64,1067.22,0 92 43 34 1 21 37 33 22 23 84 56 39 68 18 19 91 20 17 31 0,84
PFG_MOEA,1017,6,99.64,1067.22,0 16 40 35 15 88 85 14 11 83 96 95 73 41 12 27 13 100 93 75 81 46 0,15 41 85
PFG_MOEA,1018,1,259.76,804.75,0 93 0,93
PFG_MOEA,1018,2,259.76,804.75,0 100 81 75 97 61 60 5 29 52 87 6 65 90 79 0,
PFG_MOEA,1018,3,259.76,804.75,0 83 11 14 98 85 88 63 74 78 64 30 15 71 35 31 17 40 16 18 19 20 91 21 33 37 68 39 56 84 23 22 1 34 99 2 25 43 92 62 48 50 77 58 82 86 67 72 70 54 36 3 32 49 51 45 24 4 0,18 22 32 51 58 62 70 71
PFG_MOEA,1018,4,259.76,804.75,0 94 66 53 80 76 9 55 96 0,55 76
PFG_MOEA,1018,5,259.76,804.75,0 57 95 73 41 12 27 13 0,95
PFG_MOEA,1018,6,259.76,804.75,0 89 10 26 59 44 38 47 69 28 42 46 7 8 0,
PFG_MOEA,1019,1,131.24,855.01,0 93 100 81 75 97 61 60 52 87 6 65 29 5 90 79 51 49 32 3 36 54 70 72 67 86 82 0,51 93
PFG_MOEA,1019,2,131.24,855.01,0 50 77 58 48 62 92 43 25 2 0,92
PFG_MOEA,1019,3,131.24,855.01,0 99 34 1 21 22 23 84 39 56 68 37 33 91 18 19 20 0,19
PFG_MOEA,1019,4,131.24,855.01,0 13 27 12 41 73 30 64 78 74 63 88 85 98 15 71 35 40 16 31 17 0,85
PFG_MOEA,1019,5,131.24,855.01,0 4 80 53 66 94 45 24 55 9 76 42 28 69 47 38 44 59 26 10 89 96 14 11 83 95 57 0,28 53
PFG_MOEA,1019,6,131.24,855.01,0 46 7 8 0,7
PFG_MOEA,1020,1,108.98,905.4,0 51 49 32 36 54 70 72 67 86 82 3 58 77 50 48 62 92 43 0,51 67
PFG_MOEA,1020,2,108.98,905.4,0 2 25 34 21 33 37 68 39 56 84 23 22 1 99 0,
PFG_MOEA,1020,3,108.98,905.4,0 20 91 19 31 17 18 16 40 35 71 15 30 64 78 74 63 88 85 98 11 83 0,91
PFG_MOEA,1020,4,108.98,905.4,0 80 93 97 89 96 57 95 73 14 41 12 27 13 0,14 93
PFG_MOEA,1020,5,108.98,905.4,0 10 26 59 44 38 47 69 28 42 46 7 8 4 53 66 94 0,
PFG_MOEA,1020,6,108.98,905.4,0 45 24 79 90 65 6 87 52 29 5 61 60 75 55 9 76 81 100 0,55
PFG_MOEA,1021,1,105.14,1054.54,0 2 25 43 34 21 33 37 82 86 67 72 70 54 36 3 77 58 62 48 92 0,72
PFG_MOEA,1021,2,105.14,1054.54,0 99 1 22 23 84 56 39 68 19 31 17 20 91 0,19
PFG_MOEA,1021,3,105.14,1054.54,0 18 16 73 41 100 93 97 75 55 28 69 47 38 44 59 26 10 89 0,
PFG_MOEA,1021,4,105.14,1054.54,0 13 27 12 40 35 71 15 30 64 78 74 63 88 85 98 81 0,71
PFG_MOEA,1021,5,105.14,1054.54,0 24 45 94 66 53 80 4 8 7 46 96 83 11 14 95 57 0,14
PFG_MOEA,1021,6,105.14,1054.54,0 42 76 9 60 61 5 29 52 87 6 65 90 79 32 49 51 50 0,
PFG_MOEA,1022,1,209.95,825.56,0 50 0,
PFG_MOEA,1022,2,209.95,825.56,0 77 58 48 62 92 43 25 2 99 34 1 21 37 33 22 23 84 56 39 68 18 19 91 20 17 31 16 40 35 71 15 30 64 78 74 63 88 85 98 14 11 83 0,22 58
PFG_MOEA,1022,3,209.95,825.56,0 4 24 45 94 66 53 0,
PFG_MOEA,1022,4,209.95,825.56,0 80 0,
PFG_MOEA,1022,5,209.95,825.56,0 13 27 12 41 73 95 57 96 89 10 26 59 44 38 47 69 28 46 7 8 100 81 42 76 9 55 75 93 97 61 60 65 6 87 52 29 5 0,47 95
PFG_MOEA,1022,6,209.95,825.56,0 90 79 51 49 32 3 36 54 70 72 67 86 82 0,32 54
PFG_MOEA,1023,1,108.4,987.28,0 95 8 7 46 42 60 61 5 29 52 87 6 65 90 0,
PFG_MOEA,1023,2,108.4,987.28,0 79 83 11 14 98 85 88 63 74 78 64 30 15 71 0,
PFG_MOEA,1023,3,108.4,987.28,0 17 31 35 40 16 18 19 20 91 21 33 37 68 39 56 84 23 22 1 34 99 2 25 0,18 22 33
PFG_MOEA,1023,4,108.4,987.28,0 43 92 62 48 50 77 58 82 86 67 72 70 54 36 3 32 49 0,
PFG_MOEA,1023,5,108.4,987.28,0 4 24 45 51 94 66 53 80 76 9 55 96 57 73 0,
PFG_MOEA,1023,6,108.4,987.28,0 13 27 12 41 89 10 26 59 44 38 47 69 28 75 97 93 100 81 0,
PFG_MOEA,1024,1,107.83,1025.19,0 51 3 36 54 70 72 67 86 82 58 77 50 48 62 92 43 0,51 67
PFG_MOEA,1024,2,107.83,1025.19,0 2 25 99 34 1 22 23 84 56 39 68 37 33 21 91 20 19 31 17 0,39 84
PFG_MOEA,1024,3,107.83,1025.19,0 100 81 74 78 64 30 15 71 35 40 16 18 0,40
PFG_MOEA,1024,4,107.83,1025.19,0 80 97 93 89 10 98 85 88 63 14 11 83 96 57 95 73 41 12 27 13 0,95
PFG_MOEA,1024,5,107.83,1025.19,0 26 59 44 38 47 69 28 42 46 7 8 4 53 0,4
PFG_MOEA,1024,6,107.83,1025.19,0 76 9 55 75 60 61 5 29 52 87 6 65 90 79 32 49 66 94 45 24 0,55 76
PFG_MOEA,1025,1,104.19,1056.66,0 19 18 91 21 22 33 37 68 56 39 84 23 82 86 67 72 70 54 36 3 0,33 39
PFG_MOEA,1025,2,104.19,1056.66,0 50 77 58 48 62 92 43 2 1 16 40 71 35 31 17 0,40
PFG_MOEA,1025,3,104.19,1056.66,0 13 27 12 73 15 98 85 88 63 74 78 64 30 41 99 34 25 0,15
PFG_MOEA,1025,4,104.19,1056.66,0 4 80 53 66 94 45 24 55 9 76 42 14 11 83 95 57 96 89 10 0,95
PFG_MOEA,1025,5,104.19,1056.66,0 26 59 44 38 47 69 28 46 7 8 93 100 81 75 97 61 60 52 87 6 0,28
PFG_MOEA,1025,6,104.19,1056.66,0 5 29 65 90 79 32 49 51 20 0,
PFG_MOEA,1026,1,98.88,1134.43,0 23 84 39 56 68 37 33 22 21 91 19 18 16 40 35 31 17 20 0,35
PFG_MOEA,1026,2,98.88,1134.43,0 15 30 64 78 74 63 98 71 99 2 25 50 77 58 82 86 0,
PFG_MOEA,1026,3,98.88,1134.43,0 92 43 1 34 88 85 14 11 83 0,92
PFG_MOEA,1026,4,98.88,1134.43,0 4 24 45 94 66 53 80 76 9 55 96 57 95 73 41 12 27 13 0,55 76
PFG_MOEA,1026,5,98.88,1134.43,0 89 10 26 59 44 38 47 69 28 42 46 7 8 93 60 61 97 75 81 100 0,47 59
PFG_MOEA,1026,6,98.88,1134.43,0 5 29 52 87 6 65 90 79 51 49 32 67 72 70 54 36 3 62 48 0,32 51 54 72
PFG_MOEA,1027,1,172.71,848.77,0 89 10 26 59 44 38 47 69 28 42 76 9 7 8 79 51 49 32 3 36 54 70 72 67 86 82 0,3 10 67
PFG_MOEA,1027,2,172.71,848.77,0 50 77 58 48 62 92 43 1 99 25 2 0,92
PFG_MOEA,1027,3,172.71,848.77,0 34 21 37 33 22 23 84 56 39 68 18 19 91 20 17 31 16 40 35 71 15 30 64 78 74 63 88 85 98 14 11 83 96 46 0,15 20
PFG_MOEA,1027,4,172.71,848.77,0 81 75 93 100 0,
PFG_MOEA,1027,5,172.71,848.77,0 13 27 12 41 73 95 57 97 61 60 5 29 52 87 6 65 90 24 45 94 66 53 80 4 0,95
PFG_MOEA,1027,6,172.71,848.77,0 55 0,55
PFG_MOEA,1028,1,130.19,886.45,0 8 7 42 76 9 60 61 5 29 52 87 6 65 90 79 32 49 51 0,
PFG_MOEA,1028,2,130.19,886.45,0 50 77 3 36 54 70 72 67 86 82 58 48 62 92 43 0,54 62
PFG_MOEA,1028,3,130.19,886.45,0 2 25 34 21 33 37 68 39 56 84 23 22 1 99 0,
PFG_MOEA,1028,4,130.19,886.45,0 20 91 19 31 17 18 16 40 35 71 15 98 85 88 63 74 78 64 30 0,
PFG_MOEA,1028,5,130.19,886.45,0 81 46 96 83 11 14 95 57 0,
PFG_MOEA,1028,6,130.19,886.45,0 4 80 53 66 94 45 24 97 100 93 75 55 28 69 47 38 44 59 26 10 89 73 41 12 27 13 0,55 59
PFG_MOEA,1029,1,99.64,1067.22,0 57 97 61 60 5 29 52 87 6 65 90 24 45 94 66 0,
PFG_MOEA,1029,2,99.64,1067.22,0 4 80 53 55 98 63 74 78 64 30 71 0,
PFG_MOEA,1029,3,99.64,1067.22,0 99 2 25 89 10 26 59 44 38 47 69 28 42 76 9 7 8 79 0,10 79
PFG_MOEA,1029,4,99.64,1067.22,0 51 49 32 3 36 54 70 72 67 86 82 58 77 62 48 50 0,36
PFG_MOEA,1029,5,99.64,1067.22,0 92 43 34 1 21 37 33 22 23 84 56 39 68 18 19 91 20 17 31 0,84
PFG_MOEA,1029,6,99.64,1067.22,0 16 40 35 15 88 85 14 11 83 96 95 73 41 12 27 13 100 93 75 81 46 0,15 41 85
PFG_MOEA,1030,1,259.76,804.75,0 93 0,93
PFG_MOEA,1030,2,259.76,804.75,0 100 81 75 97 61 60 5 29 52 87 6 65 90 79 0,
PFG_MOEA,1030,3,259.76,804.75,0 83 11 14 98 85 88 63 74 78 64 30 15 71 35 31 17 40 16 18 19 20 91 21 33 37 68 39 56 84 23 22 1 34 99 2 25 43 92 62 48 50 77 58 82 86 67 72 70 54 36 3 32 49 51 45 24 4 0,18 22 32 51 58 62 70 71
PFG_MOEA,1030,4,259.76,804.75,0 94 66 53 80 76 9 55 96 0,55 76
PFG_MOEA,1030,5,259.76,804.75,0 57 95 73 41 12 27 13 0,95
PFG_MOEA,1030,6,259.76,804.75,0 89 10 26 59 44 38 47 69 28 42 46 7 8 0,
PFG_MOEA,1031,1,131.24,855.01,0 93 100 81 75 97 61 60 52 87 6 65 29 5 90 79 51 49 32 3 36 54 70 72 67 86 82 0,51 93
PFG_MOEA,1031,2,131.24,855.01,0 50 77 58 48 62 92 43 25 2 0,92
PFG_MOEA,1031,3,131.24,855.01,0 99 34 1 21 22 23 84 39 56 68 37 33 91 18 19 20 0,19
PFG_MOEA,1031,4,131.24,855.01,0 13 27 12 41 73 30 64 78 74 63 88 85 98 15 71 35 40 16 31 17 0,85
PFG_MOEA,1031,5,131.24,855.01,0 4 80 53 66 94 45 24 55 9 76 42 28 69 47 38 44 59 26 10 89 96 14 11 83 95 57 0,28 53
PFG_MOEA,1031,6,131.24,855.01,0 46 7 8 0,7
PFG_MOEA,1032,1,108.98,905.4,0 51 49 32 36 54 70 72 67 86 82 3 58 77 50 48 62 92 43 0,51 67
PFG_MOEA,1032,2,108.98,905.4,0 2 25 34 21 33 37 68 39 56 84 23 22 1 99 0,
PFG_MOEA,1032,3,108.98,905.4,0 20 91 19 31 17 18 16 40 35 71 15 30 64 78 74 63 88 85 98 11 83 0,91
PFG_MOEA,1032,4,108.98,905.4,0 80 93 97 89 96 57 95 73 14 41 12 27 13 0,14 93
PFG_MOEA,1032,5,108.98,905.4,0 10 26 59 44 38 47 69 28 42 46 7 8 4 53 66 94 0,
PFG_MOEA,1032,6,108.98,905.4,0 45 24 79 90 65 6 87 52 29 5 61 60 75 55 9 76 81 100 0,55
PFG_MOEA,1033,1,105.14,1054.54,0 2 25 43 34 21 33 37 82 86 67 72 70 54 36 3 77 58 62 48 92 0,72
PFG_MOEA,1033,2,105.14,1054.54,0 99 1 22 23 84 56 39 68 19 31 17 20 91 0,19
PFG_MOEA,1033,3,105.14,1054.54,0 18 16 73 41 100 93 97 75 55 28 69 47 38 44 59 26 10 89 0,
PFG_MOEA,1033,4,105.14,1054.54,0 13 27 12 40 35 71 15 30 64 78 74 63 88 85 98 81 0,71
PFG_MOEA,1033,5,105.14,1054.54,0 24 45 94 66 53 80 4 8 7 46 96 83 11 14 95 57 0,14
PFG_MOEA,1033,6,105.14,1054.54,0 42 76 9 60 61 5 29 52 87 6 65 90 79 32 49 51 50 0,
PFG_MOEA,1034,1,209.95,825.56,0 50 0,
PFG_MOEA,1034,2,209.95,825.56,0 77 58 48 62 92 43 25 2 99 34 1 21 37 33 22 23 84 56 39 68 18 19 91 20 17 31 16 40 35 71 15 30 64 78 74 63 88 85 98 14 11 83 0,22 58
PFG_MOEA,1034,3,209.95,825.56,0 4 24 45 94 66 53 0,
PFG_MOEA,1034,4,209.95,825.56,0 80 0,
PFG_MOEA,1034,5,209.95,825.56,0 13 27 12 41 73 95 57 96 89 10 26 59 44 38 47 69 28 46 7 8 100 81 42 76 9 55 75 93 97 61 60 65 6 87 52 29 5 0,47 95
PFG_MOEA,1034,6,209.95,825.56,0 90 79 51 49 32 3 36 54 70 72 67 86 82 0,32 54
PFG_MOEA,1035,1,108.4,987.28,0 95 8 7 46 42 60 61 5 29 52 87 6 65 90 0,
PFG_MOEA,1035,2,108.4,987.28,0 79 83 11 14 98 85 88 63 74 78 64 30 15 71 0,
PFG_MOEA,1035,3,108.4,987.28,0 17 31 35 40 16 18 19 20 91 21 33 37 68 39 56 84 23 22 1 34 99 2 25 0,18 22 33
PFG_MOEA,1035,4,108.4,987.28,0 43 92 62 48 50 77 58 82 86 67 72 70 54 36 3 32 49 0,
PFG_MOEA,1035,5,108.4,987.28,0 4 24 45 51 94 66 53 80 76 9 55 96 57 73 0,
PFG_MOEA,1035,6,108.4,987.28,0 13 27 12 41 89 10 26 59 44 38 47 69 28 75 97 93 100 81 0,
PFG_MOEA,1036,1,107.83,1025.19,0 51 3 36 54 70 72 67 86 82 58 77 50 48 62 92 43 0,51 67
PFG_MOEA,1036,2,107.83,1025.19,0 2 25 99 34 1 22 23 84 56 39 68 37 33 21 91 20 19 31 17 0,39 84
PFG_MOEA,1036,3,107.83,1025.19,0 100 81 74 78 64 30 15 71 35 40 16 18 0,40
PFG_MOEA,1036,4,107.83,1025.19,0 80 97 93 89 10 98 85 88 63 14 11 83 96 57 95 73 41 12 27 13 0,95
PFG_MOEA,1036,5,107.83,1025.19,0 26 59 44 38 47 69 28 42 46 7 8 4 53 0,4
PFG_MOEA,1036,6,107.83,1025.19,0 76 9 55 75 60 61 5 29 52 87 6 65 90 79 32 49 66 94 45 24 0,55 76
PFG_MOEA,1037,1,104.19,1056.66,0 19 18 91 21 22 33 37 68 56 39 84 23 82 86 67 72 70 54 36 3 0,33 39
PFG_MOEA,1037,2,104.19,1056.66,0 50 77 58 48 62 92 43 2 1 16 40 71 35 31 17 0,40
PFG_MOEA,1037,3,104.19,1056.66,0 13 27 12 73 15 98 85 88 63 74 78 64 30 41 99 34 25 0,15
PFG_MOEA,1037,4,104.19,1056.66,0 4 80 53 66 94 45 24 55 9 76 42 14 11 83 95 57 96 89 10 0,95
PFG_MOEA,1037,5,104.19,1056.66,0 26 59 44 38 47 69 28 46 7 8 93 100 81 75 97 61 60 52 87 6 0,28
PFG_MOEA,1037,6,104.19,1056.66,0 5 29 65 90 79 32 49 51 20 0,
PFG_MOEA,1038,1,98.88,1134.43,0 23 84 39 56 68 37 33 22 21 91 19 18 16 40 35 31 17 20 0,35
PFG_MOEA,1038,2,98.88,1134.43,0 15 30 64 78 74 63 98 71 99 2 25 50 77 58 82 86 0,
PFG_MOEA,1038,3,98.88,1134.43,0 92 43 1 34 88 85 14 11 83 0,92
PFG_MOEA,1038,4,98.88,1134.43,0 4 24 45 94 66 53 80 76 9 55 96 57 95 73 41 12 27 13 0,55 76
PFG_MOEA,1038,5,98.88,1134.43,0 89 10 26 59 44 38 47 69 28 42 46 7 8 93 60 61 97 75 81 100 0,47 59
PFG_MOEA,1038,6,98.88,1134.43,0 5 29 52 87 6 65 90 79 51 49 32 67 72 70 54 36 3 62 48 0,32 51 54 72
PFG_MOEA,1039,1,172.71,848.77,0 89 10 26 59 44 38 47 69 28 42 76 9 7 8 79 51 49 32 3 36 54 70 72 67 86 82 0,3 10 67
PFG_MOEA,1039,2,172.71,848.77,0 50 77 58 48 62 92 43 1 99 25 2 0,92
PFG_MOEA,1039,3,172.71,848.77,0 34 21 37 33 22 23 84 56 39 68 18 19 91 20 17 31 16 40 35 71 15 30 64 78 74 63 88 85 98 14 11 83 96 46 0,15 20
PFG_MOEA,1039,4,172.71,848.77,0 81 75 93 100 0,
PFG_MOEA,1039,5,172.71,848.77,0 13 27 12 41 73 95 57 97 61 60 5 29 52 87 6 65 90 24 45 94 66 53 80 4 0,95
PFG_MOEA,1039,6,172.71,848.77,0 55 0,55
PFG_MOEA,1040,1,130.19,886.45,0 8 7 42 76 9 60 61 5 29 52 87 6 65 90 79 32 49 51 0,
PFG_MOEA,1040,2,130.19,886.45,0 50 77 3 36 54 70 72 67 86 82 58 48 62 92 43 0,54 62
PFG_MOEA,1040,3,130.19,886.45,0 2 25 34 21 33 37 68 39 56 84 23 22 1 99 0,
PFG_MOEA,1040,4,130.19,886.45,0 20 91 19 31 17 18 16 40 35 71 15 98 85 88 63 74 78 64 30 0,
PFG_MOEA,1040,5,130.19,886.45,0 81 46 96 83 11 14 95 57 0,
PFG_MOEA,1040,6,130.19,886.45,0 4 80 53 66 94 45 24 97 100 93 75 55 28 69 47 38 44 59 26 10 89 73 41 12 27 13 0,55 59
PFG_MOEA,1041,1,99.64,1067.22,0 57 97 61 60 5 29 52 87 6 65 90 24 45 94 66 0,
PFG_MOEA,1041,2,99.64,1067.22,0 4 80 53 55 98 63 74 78 64 30 71 0,
PFG_MOEA,1041,3,99.64,1067.22,0 99 2 25 89 10 26 59 44 38 47 69 28 42 76 9 7 8 79 0,10 79
PFG_MOEA,1041,4,99.64,1067.22,0 51 49 32 3 36 54 70 72 67 86 82 58 77 62 48 50 0,36
PFG_MOEA,1041,5,99.64,1067.22,0 92 43 34 1 21 37 33 22 23 84 56 39 68 18 19 91 20 17 31 0,84
PFG_MOEA,1041,6,99.64,1067.22,0 16 40 35 15 88 85 14 11 83 96 95 73 41 12 27 13 100 93 75 81 46 0,15 41 85
PFG_MOEA,1042,1,259.76,804.75,0 93 0,93
PFG_MOEA,1042,2,259.76,804.75,0 100 81 75 97 61 60 5 29 52 87 6 65 90 79 0,
PFG_MOEA,1042,3,259.76,804.75,0 83 11 14 98 85 88 63 74 78 64 30 15 71 35 31 17 40 16 18 19 20 91 21 33 37 68 39 56 84 23 22 1 34 99 2 25 43 92 62 48 50 77 58 82 86 67 72 70 54 36 3 32 49 51 45 24 4 0,18 22 32 51 58 62 70 71
PFG_MOEA,1042,4,259.76,804.75,0 94 66 53 80 76 9 55 96 0,55 76
PFG_MOEA,1042,5,259.76,804.75,0 57 95 73 41 12 27 13 0,95
PFG_MOEA,1042,6,259.76,804.75,0 89 10 26 59 44 38 47 69 28 42 46 7 8 0,
PFG_MOEA,1043,1,131.24,855.01,0 93 100 81 75 97 61 60 52 87 6 65 29 5 90 79 51 49 32 3 36 54 70 72 67 86 82 0,51 93
PFG_MOEA,1043,2,131.24,855.01,0 50 77 58 48 62 92 43 25 2 0,92
PFG_MOEA,1043,3,131.24,855.01,0 99 34 1 21 22 23 84 39 56 68 37 33 91 18 19 20 0,19
PFG_MOEA,1043,4,131.24,855.01,0 13 27 12 41 73 30 64 78 74 63 88 85 98 15 71 35 40 16 31 17 0,85
PFG_MOEA,1043,5,131.24,855.01,0 4 80 53 66 94 45 24 55 9 76 42 28 69 47 38 44 59 26 10 89 96 14 11 83 95 57 0,28 53
PFG_MOEA,1043,6,131.24,855.01,0 46 7 8 0,7
PFG_MOEA,1044,1,108.98,905.4,0 51 49 32 36 54 70 72 67 86 82 3 58 77 50 48 62 92 43 0,51 67
PFG_MOEA,1044,2,108.98,905.4,0 2 25 34 21 33 37 68 39 56 84 23 22 1 99 0,
PFG_MOEA,1044,3,108.98,905.4,0 20 91 19 31 17 18 16 40 35 71 15 30 64 78 74 63 88 85 98 11 83 0,91
PFG_MOEA,1044,4,108.98,905.4,0 80 93 97 89 96 57 95 73 14 41 12 27 13 0,14 93
PFG_MOEA,1044,5,108.98,905.4,0 10 26 59 44 38 47 69 28 42 46 7 8 4 53 66 94 0,
PFG_MOEA,1044,6,108.98,905.4,0 45 24 79 90 65 6 87 52 29 5 61 60 75 55 9 76 81 100 0,55
PFG_MOEA,1045,1,105.14,1054.54,0 2 25 43 34 21 33 37 82 86 67 72 70 54 36 3 77 58 62 48 92 0,72
PFG_MOEA,1045,2,105.14,1054.54,0 99 1 22 23 84 56 39 68 19 31 17 20 91 0,19
PFG_MOEA,1045,3,105.14,1054.54,0 18 16 73 41 100 93 97 75 55 28 69 47 38 44 59 26 10 89 0,
PFG_MOEA,1045,4,105.14,1054.54,0 13 27 12 40 35 71 15 30 64 78 74 63 88 85 98 81 0,71
PFG_MOEA,1045,5,105.14,1054.54,0 24 45 94 66 53 80 4 8 7 46 96 83 11 14 95 57 0,14
PFG_MOEA,1045,6,105.14,1054.54,0 42 76 9 60 61 5 29 52 87 6 65 90 79 32 49 51 50 0,
PFG_MOEA,1046,1,209.95,825.56,0 50 0,
PFG_MOEA,1046,2,209.95,825.56,0 77 58 48 62 92 43 25 2 99 34 1 21 37 33 22 23 84 56 39 68 18 19 91 20 17 31 16 40 35 71 15 30 64 78 74 63 88 85 98 14 11 83 0,22 58
PFG_MOEA,1046,3,209.95,825.56,0 4 24 45 94 66 53 0,
PFG_MOEA,1046,4,209.95,825.56,0 80 0,
PFG_MOEA,1046,5,209.95,825.56,0 13 27 12 41 73 95 57 96 89 10 26 59 44 38 47 69 28 46 7 8 100 81 42 76 9 55 75 93 97 61 60 65 6 87 52 29 5 0,47 95
PFG_MOEA,1046,6,209.95,825.56,0 90 79 51 49 32 3 36 54 70 72 67 86 82 0,32 54
PFG_MOEA,1047,1,108.4,987.28,0 95 8 7 46 42 60 61 5 29 52 87 6 65 90 0,
PFG_MOEA,1047,2,108.4,987.28,0 79 83 11 14 98 85 88 63 74 78 64 30 15 71 0,
PFG_MOEA,1047,3,108.4,987.28,0 17 31 35 40 16 18 19 20 91 21 33 37 68 39 56 84 23 22 1 34 99 2 25 0,18 22 33
PFG_MOEA,1047,4,108.4,987.28,0 43 92 62 48 50 77 58 82 86 67 72 70 54 36 3 32 49 0,
PFG_MOEA,1047,5,108.4,987.28,0 4 24 45 51 94 66 53 80 76 9 55 96 57 73 0,
PFG_MOEA,1047,6,108.4,987.28,0 13 27 12 41 89 10 26 59 44 38 47 69 28 75 97 93 100 81 0,
PFG_MOEA,1048,1,107.83,1025.19,0 51 3 36 54 70 72 67 86 82 58 77 50 48 62 92 43 0,51 67
PFG_MOEA,1048,2,107.83,1025.19,0 2 25 99 34 1 22 23 84 56 39 68 37 33 21 91 20 19 31 17 0,39 84
PFG_MOEA,1048,3,107.83,1025.19,0 100 81 74 78 64 30 15 71 35 40 16 18 0,40
PFG_MOEA,1048,4,107.83,1025.19,0 80 97 93 89 10 98 85 88 63 14 11 83 96 57 95 73 41 12 27 13 0,95
PFG_MOEA,1048,5,107.83,1025.19,0 26 59 44 38 47 69 28 42 46 7 8 4 53 0,4
PFG_MOEA,1048,6,107.83,1025.19,0 76 9 55 75 60 61 5 29 52 87 6 65 90 79 32 49 66 94 45 24 0,55 76
PFG_MOEA,1049,1,104.19,1056.66,0 19 18 91 21 22 33 37 68 56 39 84 23 82 86 67 72 70 54 36 3 0,33 39
PFG_MOEA,1049,2,104.19,1056.66,0 50 77 58 48 62 92 43 2 1 16 40 71 35 31 17 0,40
PFG_MOEA,1049,3,104.19,1056.66,0 13 27 12 73 15 98 85 88 63 74 78 64 30 41 99 34 25 0,15
PFG_MOEA,1049,4,104.19,1056.66,0 4 80 53 66 94 45 24 55 9 76 42 14 11 83 95 57 96 89 10 0,95
PFG_MOEA,1049,5,104.19,1056.66,0 26 59 44 38 47 69 28 46 7 8 93 100 81 75 97 61 60 52 87 6 0,28
PFG_MOEA,1049,6,104.19,1056.66,0 5 29 65 90 79 32 49 51 20 0,
PFG_MOEA,1050,1,98.88,1134.43,0 23 84 39 56 68 37 33 22 21 91 19 18 16 40 35 31 17 20 0,35
PFG_MOEA,1050,2,98.88,1134.43,0 15 30 64 78 74 63 98 71 99 2 25 50 77 58 82 86 0,
PFG_MOEA,1050,3,98.88,1134.43,0 92 43 1 34 88 85 14 11 83 0,92
PFG_MOEA,1050,4,98.88,1134.43,0 4 24 45 94 66 53 80 76 9 55 96 57 95 73 41 12 27 13 0,55 76
PFG_MOEA,1050,5,98.88,1134.43,0 89 10 26 59 44 38 47 69 28 42 46 7 8 93 60 61 97 75 81 100 0,47 59
PFG_MOEA,1050,6,98.88,1134.43,0 5 29 52 87 6 65 90 79 51 49 32 67 72 70 54 36 3 62 48 0,32 51 54 72
PFG_MOEA,1051,1,172.71,848.77,0 89 10 26 59 44 38 47 69 28 42 76 9 7 8 79 51 49 32 3 36 54 70 72 67 86 82 0,3 10 67
PFG_MOEA,1051,2,172.71,848.77,0 50 77 58 48 62 92 43 1 99 25 2 0,92
PFG_MOEA,1051,3,172.71,848.77,0 34 21 37 33 22 23 84 56 39 68 18 19 91 20 17 31 16 40 35 71 15 30 64 78 74 63 88 85 98 14 11 83 96 46 0,15 20
PFG_MOEA,1051,4,172.71,848.77,0 81 75 93 100 0,
PFG_MOEA,1051,5,172.71,848.77,0 13 27 12 41 73 95 57 97 61 60 5 29 52 87 6 65 90 24 45 94 66 53 80 4 0,95
PFG_MOEA,1051,6,172.71,848.77,0 55 0,55
PFG_MOEA,1052,1,130.19,886.45,0 8 7 42 76 9 60 61 5 29 52 87 6 65 90 79 32 49 51 0,
PFG_MOEA,1052,2,130.19,886.45,0 50 77 3 36 54 70 72 67 86 82 58 48 62 92 43 0,54 62
PFG_MOEA,1052,3,130.19,886.45,0 2 25 34 21 33 37 68 39 56 84 23 22 1 99 0,
PFG_MOEA,1052,4,130.19,886.45,0 20 91 19 31 17 18 16 40 35 71 15 98 85 88 63 74 78 64 30 0,
PFG_MOEA,1052,5,130.19,886.45,0 81 46 96 83 11 14 95 57 0,
PFG_MOEA,1052,6,130.19,886.45,0 4 80 53 66 94 45 24 97 100 93 75 55 28 69 47 38 44 59 26 10 89 73 41 12 27 13 0,55 59
PFG_MOEA,1053,1,99.64,1067.22,0 57 97 61 60 5 29 52 87 6 65 90 24 45 94 66 0,
PFG_MOEA,1053,2,99.64,1067.22,0 4 80 53 55 98 63 74 78 64 30 71 0,
PFG_MOEA,1053,3,99.64,1067.22,0 99 2 25 89 10 26 59 44 38 47 69 28 42 76 9 7 8 79 0,10 79
PFG_MOEA,1053,4,99.64,1067.22,0 51 49 32 3 36 54 70 72 67 86 82 58 77 62 48 50 0,36
PFG_MOEA,1053,5,99.64,1067.22,0 92 43 34 1 21 37 33 22 23 84 56 39 68 18 19 91 20 17 31 0,84
PFG_MOEA,1053,6,99.64,1067.22,0 16 40 35 15 88 85 14 11 83 96 95 73 41 12 27 13 100 93 75 81 46 0,15 41 85
PFG_MOEA,1054,1,259.76,804.75,0 93 0,93
PFG_MOEA,1054,2,259.76,804.75,0 100 81 75 97 61 60 5 29 52 87 6 65 90 79 0,
PFG_MOEA,1054,3,259.76,804.75,0 83 11 14 98 85 88 63 74 78 64 30 15 71 35 31 17 40 16 18 19 20 91 21 33 37 68 39 56 84 23 22 1 34 99 2 25 43 92 62 48 50 77 58 82 86 67 72 70 54 36 3 32 49 51 45 24 4 0,18 22 32 51 58 62 70 71
PFG_MOEA,1054,4,259.76,804.75,0 94 66 53 80 76 9 55 96 0,55 76
PFG_MOEA,1054,5,259.76,804.75,0 57 95 73 41 12 27 13 0,95
PFG_MOEA,1054,6,259.76,804.75,0 89 10 26 59 44 38 47 69 28 42 46 7 8 0,
PFG_MOEA,1055,1,131.24,855.01,0 93 100 81 75 97 61 60 52 87 6 65 29 5 90 79 51 49 32 3 36 54 70 72 67 86 82 0,51 93
PFG_MOEA,1055,2,131.24,855.01,0 50 77 58 48 62 92 43 25 2 0,92
PFG_MOEA,1055,3,131.24,855.01,0 99 34 1 21 22 23 84 39 56 68 37 33 91 18 19 20 0,19
PFG_MOEA,1055,4,131.24,855.01,0 13 27 12 41 73 30 64 78 74 63 88 85 98 15 71 35 40 16 31 17 0,85
PFG_MOEA,1055,5,131.24,855.01,0 4 80 53 66 94 45 24 55 9 76 42 28 69 47 38 44 59 26 10 89 96 14 11 83 95 57 0,28 53
PFG_MOEA,1055,6,131.24,855.01,0 46 7 8 0,7
PFG_MOEA,1056,1,108.98,905.4,0 51 49 32 36 54 70 72 67 86 82 3 58 77 50 48 62 92 43 0,51 67
PFG_MOEA,1056,2,108.98,905.4,0 2 25 34 21 33 37 68 39 56 84 23 22 1 99 0,
PFG_MOEA,1056,3,108.98,905.4,0 20 91 19 31 17 18 16 40 35 71 15 30 64 78 74 63 88 85 98 11 83 0,91
PFG_MOEA,1056,4,108.98,905.4,0 80 93 97 89 96 57 95 73 14 41 12 27 13 0,14 93
PFG_MOEA,1056,5,108.98,905.4,0 10 26 59 44 38 47 69 28 42 46 7 8 4 53 66 94 0,
PFG_MOEA,1056,6,108.98,905.4,0 45 24 79 90 65 6 87 52 29 5 61 60 75 55 9 76 81 100 0,55
PFG_MOEA,1057,1,105.14,1054.54,0 2 25 43 34 21 33 37 82 86 67 72 70 54 36 3 77 58 62 48 92 0,72
PFG_MOEA,1057,2,105.14,1054.54,0 99 1 22 23 84 56 39 68 19 31 17 20 91 0,19
PFG_MOEA,1057,3,105.14,1054.54,0 18 16 73 41 100 93 97 75 55 28 69 47 38 44 59 26 10 89 0,
PFG_MOEA,1057,4,105.14,1054.54,0 13 27 12 40 35 71 15 30 64 78 74 63 88 85 98 81 0,71
PFG_MOEA,1057,5,105.14,1054.54,0 24 45 94 66 53 80 4 8 7 46 96 83 11 14 95 57 0,14
PFG_MOEA,1057,6,105.14,1054.54,0 42 76 9 60 61 5 29 52 87 6 65 90 79 32 49 51 50 0,
PFG_MOEA,1058,1,209.95,825.56,0 50 0,
PFG_MOEA,1058,2,209.95,825.56,0 77 58 48 62 92 43 25 2 99 34 1 21 37 33 22 23 84 56 39 68 18 19 91 20 17 31 16 40 35 71 15 30 64 78 74 63 88 85 98 14 11 83 0,22 58
PFG_MOEA,1058,3,209.95,825.56,0 4 24 45 94 66 53 0,
PFG_MOEA,1058,4,209.95,825.56,0 80 0,
PFG_MOEA,1058,5,209.95,825.56,0 13 27 12 41 73 95 57 96 89 10 26 59 44 38 47 69 28 46 7 8 100 81 42 76 9 55 75 93 97 61 60 65 6 87 52 29 5 0,47 95
PFG_MOEA,1058,6,209.95,825.56,0 90 79 51 49 32 3 36 54 70 72 67 86 82 0,32 54
PFG_MOEA,1059,1,108.4,987.28,0 95 8 7 46 42 60 61 5 29 52 87 6 65 90 0,
PFG_MOEA,1059,2,108.4,987.28,0 79 83 11 14 98 85 88 63 74 78 64 30 15 71 0,
PFG_MOEA,1059,3,108.4,987.28,0 17 31 35 40 16 18 19 20 91 21 33 37 68 39 56 84 23 22 1 34 99 2 25 0,18 22 33
PFG_MOEA,1059,4,108.4,987.28,0 43 92 62 48 50 77 58 82 86 67 72 70 54 36 3 32 49 0,
PFG_MOEA,1059,5,108.4,987.28,0 4 24 45 51 94 66 53 80 76 9 55 96 57 73 0,
PFG_MOEA,1059,6,108.4,987.28,0 13 27 12 41 89 10 26 59 44 38 47 69 28 75 97 93 100 81 0,
PFG_MOEA,1060,1,107.83,1025.19,0 51 3 36 54 70 72 67 86 82 58 77 50 48 62 92 43 0,51 67
PFG_MOEA,1060,2,107.83,1025.19,0 2 25 99 34 1 22 23 84 56 39 68 37 33 21 91 20 19 31 17 0,39 84
PFG_MOEA,1060,3,107.83,1025.19,0 100 81 74 78 64 30 15 71 35 40 16 18 0,40
PFG_MOEA,1060,4,107.83,1025.19,0 80 97 93 89 10 98 85 88 63 14 11 83 96 57 95 73 41 12 27 13 0,95
PFG_MOEA,1060,5,107.83,1025.19,0 26 59 44 38 47 69 28 42 46 7 8 4 53 0,4
PFG_MOEA,1060,6,107.83,1025.19,0 76 9 55 75 60 61 5 29 52 87 6 65 90 79 32 49 66 94 45 24 0,55 76
PFG_MOEA,1061,1,104.19,1056.66,0 19 18 91 21 22 33 37 68 56 39 84 23 82 86 67 72 70 54 36 3 0,33 39
PFG_MOEA,1061,2,104.19,1056.66,0 50 77 58 48 62 92 43 2 1 16 40 71 35 31 17 0,40
PFG_MOEA,1061,3,104.19,1056.66,0 13 27 12 73 15 98 85 88 63 74 78 64 30 41 99 34 25 0,15
PFG_MOEA,1061,4,104.19,1056.66,0 4 80 53 66 94 45 24 55 9 76 42 14 11 83 95 57 96 89 10 0,95
PFG_MOEA,1061,5,104.19,1056.66,0 26 59 44 38 47 69 28 46 7 8 93 100 81 75 97 61 60 52 87 6 0,28
PFG_MOEA,1061,6,104.19,1056.66,0 5 29 65 90 79 32 49 51 20 0,
PFG_MOEA,1062,1,98.88,1134.43,0 23 84 39 56 68 37 33 22 21 91 19 18 16 40 35 31 17 20 0,35
PFG_MOEA,1062,2,98.88,1134.43,0 15 30 64 78 74 63 98 71 99 2 25 50 77 58 82 86 0,
PFG_MOEA,1062,3,98.88,1134.43,0 92 43 1 34 88 85 14 11 83 0,92
PFG_MOEA,1062,4,98.88,1134.43,0 4 24 45 94 66 53 80 76 9 55 96 57 95 73 41 12 27 13 0,55 76
PFG_MOEA,1062,5,98.88,1134.43,0 89 10 26 59 44 38 47 69 28 42 46 7 8 93 60 61 97 75 81 100 0,47 59
PFG_MOEA,1062,6,98.88,1134.43,0 5 29 52 87 6 65 90 79 51 49 32 67 72 70 54 36 3 62 48 0,32 51 54 72
PFG_MOEA,1063,1,172.71,848.77,0 89 10 26 59 44 38 47 69 28 42 76 9 7 8 79 51 49 32 3 36 54 70 72 67 86 82 0,3 10 67
PFG_MOEA,1063,2,172.71,848.77,0 50 77 58 48 62 92 43 1 99 25 2 0,92
PFG_MOEA,1063,3,172.71,848.77,0 34 21 37 33 22 23 84 56 39 68 18 19 91 20 17 31 16 40 35 71 15 30 64 78 74 63 88 85 98 14 11 83 96 46 0,15 20
PFG_MOEA,1063,4,172.71,848.77,0 81 75 93 100 0,
PFG_MOEA,1063,5,172.71,848.77,0 13 27 12 41 73 95 57 97 61 60 5 29 52 87 6 65 90 24 45 94 66 53 80 4 0,95
PFG_MOEA,1063,6,172.71,848.77,0 55 0,55
PFG_MOEA,1064,1,130.19,886.45,0 8 7 42 76 9 60 61 5 29 52 87 6 65 90 79 32 49 51 0,
PFG_MOEA,1064,2,130.19,886.45,0 50 77 3 36 54 70 72 67 86 82 58 48 62 92 43 0,54 62
PFG_MOEA,1064,3,130.19,886.45,0 2 25 34 21 33 37 68 39 56 84 23 22 1 99 0,
PFG_MOEA,1064,4,130.19,886.45,0 20 91 19 31 17 18 16 40 35 71 15 98 85 88 63 74 78 64 30 0,
PFG_MOEA,1064,5,130.19,886.45,0 81 46 96 83 11 14 95 57 0,
PFG_MOEA,1064,6,130.19,886.45,0 4 80 53 66 94 45 24 97 100 93 75 55 28 69 47 38 44 59 26 10 89 73 41 12 27 13 0,55 59
PFG_MOEA,1065,1,99.64,1067.22,0 57 97 61 60 5 29 52 87 6 65 90 24 45 94 66 0,
PFG_MOEA,1065,2,99.64,1067.22,0 4 80 53 55 98 63 74 78 64 30 71 0,
PFG_MOEA,1065,3,99.64,1067.22,0 99 2 25 89 10 26 59 44 38 47 69 28 42 76 9 7 8 79 0,10 79
PFG_MOEA,1065,4,99.64,1067.22,0 51 49 32 3 36 54 70 72 67 86 82 58 77 62 48 50 0,36
PFG_MOEA,1065,5,99.64,1067.22,0 92 43 34 1 21 37 33 22 23 84 56 39 68 18 19 91 20 17 31 0,84
PFG_MOEA,1065,6,99.64,1067.22,0 16 40 35 15 88 85 14 11 83 96 95 73 41 12 27 13 100 93 75 81 46 0,15 41 85
PFG_MOEA,1066,1,259.76,804.75,0 93 0,93
PFG_MOEA,1066,2,259.76,804.75,0 100 81 75 97 61 60 5 29 52 87 6 65 90 79 0,
PFG_MOEA,1066,3,259.76,804.75,0 83 11 14 98 85 88 63 74 78 64 30 15 71 35 31 17 40 16 18 19 20 91 21 33 37 68 39 56 84 23 22 1 34 99 2 25 43 92 62 48 50 77 58 82 86 67 72 70 54 36 3 32 49 51 45 24 4 0,18 22 32 51 58 62 70 71
PFG_MOEA,1066,4,259.76,804.75,0 94 66 53 80 76 9 55 96 0,55 76
PFG_MOEA,1066,5,259.76,804.75,0 57 95 73 41 12 27 13 0,95
PFG_MOEA,1066,6,259.76,804.75,0 89 10 26 59 44 38 47 69 28 42 46 7 8 0,
PFG_MOEA,1067,1,131.24,855.01,0 93 100 81 75 97 61 60 52 87 6 65 29 5 90 79 51 49 32 3 36 54 70 72 67 86 82 0,51 93
PFG_MOEA,1067,2,131.24,855.01,0 50 77 58 48 62 92 43 25 2 0,92
PFG_MOEA,1067,3,131.24,855.01,0 99 34 1 21 22 23 84 39 56 68 37 33 91 18 19 20 0,19
PFG_MOEA,1067,4,131.24,855.01,0 13 27 12 41 73 30 64 78 74 63 88 85 98 15 71 35 40 16 31 17 0,85
PFG_MOEA,1067,5,131.24,855.01,0 4 80 53 66 94 45 24 55 9 76 42 28 69 47 38 44 59 26 10 89 96 14 11 83 95 57 0,28 53
PFG_MOEA,1067,6,131.24,855.01,0 46 7 8 0,7
PFG_MOEA,1068,1,108.98,905.4,0 51 49 32 36 54 70 72 67 86 82 3 58 77 50 48 62 92 43 0,51 67
PFG_MOEA,1068,2,108.98,905.4,0 2 25 34 21 33 37 68 39 56 84 23 22 1 99 0,
PFG_MOEA,1068,3,108.98,905.4,0 20 91 19 31 17 18 16 40 35 71 15 30 64 78 74 63 88 85 98 11 83 0,91
PFG_MOEA,1068,4,108.98,905.4,0 80 93 97 89 96 57 95 73 14 41 12 27 13 0,14 93
PFG_MOEA,1068,5,108.98,905.4,0 10 26 59 44 38 47 69 28 42 46 7 8 4 53 66 94 0,
PFG_MOEA,1068,6,108.98,905.4,0 45 24 79 90 65 6 87 52 29 5 61 60 75 55 9 76 81 100 0,55
PFG_MOEA,1069,1,105.14,1054.54,0 2 25 43 34 21 33 37 82 86 67 72 70 54 36 3 77 58 62 48 92 0,72
PFG_MOEA,1069,2,105.14,1054.54,0 99 1 22 23 84 56 39 68 19 31 17 20 91 0,19
PFG_MOEA,1069,3,105.14,1054.54,0 18 16 73 41 100 93 97 75 55 28 69 47 38 44 59 26 10 89 0,
PFG_MOEA,1069,4,105.14,1054.54,0 13 27 12 40 35 71 15 30 64 78 74 63 88 85 98 81 0,71
PFG_MOEA,1069,5,105.14,1054.54,0 24 45 94 66 53 80 4 8 7 46 96 83 11 14 95 57 0,14
PFG_MOEA,1069,6,105.14,1054.54,0 42 76 9 60 61 5 29 52 87 6 65 90 79 32 49 51 50 0,
PFG_MOEA,1070,1,209.95,825.56,0 50 0,
PFG_MOEA,1070,2,209.95,825.56,0 77 58 48 62 92 43 25 2 99 34 1 21 37 33 22 23 84 56 39 68 18 19 91 20 17 31 16 40 35 71 15 30 64 78 74 63 88 85 98 14 11 83 0,22 58
PFG_MOEA,1070,3,209.95,825.56,0 4 24 45 94 66 53 0,
PFG_MOEA,1070,4,209.95,825.56,0 80 0,
PFG_MOEA,1070,5,209.95,825.56,0 13 27 12 41 73 95 57 96 89 10 26 59 44 38 47 69 28 46 7 8 100 81 42 76 9 55 75 93 97 61 60 65 6 87 52 29 5 0,47 95
PFG_MOEA,1070,6,209.95,825.56,0 90 79 51 49 32 3 36 54 70 72 67 86 82 0,32 54
PFG_MOEA,1071,1,108.4,987.28,0 95 8 7 46 42 60 61 5 29 52 87 6 65 90 0,
PFG_MOEA,1071,2,108.4,987.28,0 79 83 11 14 98 85 88 63 74 78 64 30 15 71 0,
PFG_MOEA,1071,3,108.4,987.28,0 17 31 35 40 16 18 19 20 91 21 33 37 68 39 56 84 23 22 1 34 99 2 25 0,18 22 33
PFG_MOEA,1071,4,108.4,987.28,0 43 92 62 48 50 77 58 82 86 67 72 70 54 36 3 32 49 0,
PFG_MOEA,1071,5,108.4,987.28,0 4 24 45 51 94 66 53 80 76 9 55 96 57 73 0,
PFG_MOEA,1071,6,108.4,987.28,0 13 27 12 41 89 10 26 59 44 38 47 69 28 75 97 93 100 81 0,
PFG_MOEA,1072,1,107.83,1025.19,0 51 3 36 54 70 72 67 86 82 58 77 50 48 62 92 43 0,51 67
PFG_MOEA,1072,2,107.83,1025.19,0 2 25 99 34 1 22 23 84 56 39 68 37 33 21 91 20 19 31 17 0,39 84
PFG_MOEA,1072,3,107.83,1025.19,0 100 81 74 78 64 30 15 71 35 40 16 18 0,40
PFG_MOEA,1072,4,107.83,1025.19,0 80 97 93 89 10 98 85 88 63 14 11 83 96 57 95 73 41 12 27 13 0,95
PFG_MOEA,1072,5,107.83,1025.19,0 26 59 44 38 47 69 28 42 46 7 8 4 53 0,4
PFG_MOEA,1072,6,107.83,1025.19,0 76 9 55 75 60 61 5 29 52 87 6 65 90 79 32 49 66 94 45 24 0,55 76
PFG_MOEA,1073,1,104.19,1056.66,0 19 18 91 21 22 33 37 68 56 39 84 23 82 86 67 72 70 54 36 3 0,33 39
PFG_MOEA,1073,2,104.19,1056.66,0 50 77 58 48 62 92 43 2 1 16 40 71 35 31 17 0,40
PFG_MOEA,1073,3,104.19,1056.66,0 13 27 12 73 15 98 85 88 63 74 78 64 30 41 99 34 25 0,15
PFG_MOEA,1073,4,104.19,1056.66,0 4 80 53 66 94 45 24 55 9 76 42 14 11 83 95 57 96 89 10 0,95
PFG_MOEA,1073,5,104.19,1056.66,0 26 59 44 38 47 69 28 46 7 8 93 100 81 75 97 61 60 52 87 6 0,28
PFG_MOEA,1073,6,104.19,1056.66,0 5 29 65 90 79 32 49 51 20 0,
PFG_MOEA,1074,1,98.88,1134.43,0 23 84 39 56 68 37 33 22 21 91 19 18 16 40 35 31 17 20 0,35
PFG_MOEA,1074,2,98.88,1134.43,0 15 30 64 78 74 63 98 71 99 2 25 50 77 58 82 86 0,
PFG_MOEA,1074,3,98.88,1134.43,0 92 43 1 34 88 85 14 11 83 0,92
PFG_MOEA,1074,4,98.88,1134.43,0 4 24 45 94 66 53 80 76 9 55 96 57 95 73 41 12 27 13 0,55 76
PFG_MOEA,1074,5,98.88,1134.43,0 89 10 26 59 44 38 47 69 28 42 46 7 8 93 60 61 97 75 81 100 0,47 59
PFG_MOEA,1074,6,98.88,1134.43,0 5 29 52 87 6 65 90 79 51 49 32 67 72 70 54 36 3 62 48 0,32 51 54 72
PFG_MOEA,1075,1,172.71,848.77,0 89 10 26 59 44 38 47 69 28 42 76 9 7 8 79 51 49 32 3 36 54 70 72 67 86 82 0,3 10 67
PFG_MOEA,1075,2,172.71,848.77,0 50 77 58 48 62 92 43 1 99 25 2 0,92
PFG_MOEA,1075,3,172.71,848.77,0 34 21 37 33 22 23 84 56 39 68 18 19 91 20 17 31 16 40 35 71 15 30 64 78 74 63 88 85 98 14 11 83 96 46 0,15 20
PFG_MOEA,1075,4,172.71,848.77,0 81 75 93 100 0,
PFG_MOEA,1075,5,172.71,848.77,0 13 27 12 41 73 95 57 97 61 60 5 29 52 87 6 65 90 24 45 94 66 53 80 4 0,95
PFG_MOEA,1075,6,172.71,848.77,0 55 0,55
PFG_MOEA,1076,1,130.19,886.45,0 8 7 42 76 9 60 61 5 29 52 87 6 65 90 79 32 49 51 0,
PFG_MOEA,1076,2,130.19,886.45,0 50 77 3 36 54 70 72 67 86 82 58 48 62 92 43 0,54 62
PFG_MOEA,1076,3,130.19,886.45,0 2 25 34 21 33 37 68 39 56 84 23 22 1 99 0,
PFG_MOEA,1076,4,130.19,886.45,0 20 91 19 31 17 18 16 40 35 71 15 98 85 88 63 74 78 64 30 0,
PFG_MOEA,1076,5,130.19,886.45,0 81 46 96 83 11 14 95 57 0,
PFG_MOEA,1076,6,130.19,886.45,0 4 80 53 66 94 45 24 97 100 93 75 55 28 69 47 38 44 59 26 10 89 73 41 12 27 13 0,55 59
PFG_MOEA,1077,1,99.64,1067.22,0 57 97 61 60 5 29 52 87 6 65 90 24 45 94 66 0,
PFG_MOEA,1077,2,99.64,1067.22,0 4 80 53 55 98 63 74 78 64 30 71 0,
PFG_MOEA,1077,3,99.64,1067.22,0 99 2 25 89 10 26 59 44 38 47 69 28 42 76 9 7 8 79 0,10 79
PFG_MOEA,1077,4,99.64,1067.22,0 51 49 32 3 36 54 70 72 67 86 82 58 77 62 48 50 0,36
PFG_MOEA,1077,5,99.64,1067.22,0 92 43 34 1 21 37 33 22 23 84 56 39 68 18 19 91 20 17 31 0,84
PFG_MOEA,1077,6,99.64,1067.22,0 16 40 35 15 88 85 14 11 83 96 95 73 41 12 27 13 100 93 75 81 46 0,15 41 85
PFG_MOEA,1078,1,259.76,804.75,0 93 0,93
PFG_MOEA,1078,2,259.76,804.75,0 100 81 75 97 61 60 5 29 52 87 6 65 90 79 0,
PFG_MOEA,1078,3,259.76,804.75,0 83 11 14 98 85 88 63 74 78 64 30 15 71 35 31 17 40 16 18 19 20 91 21 33 37 68 39 56 84 23 22 1 34 99 2 25 43 92 62 48 50 77 58 82 86 67 72 70 54 36 3 32 49 51 45 24 4 0,18 22 32 51 58 62 70 71
PFG_MOEA,1078,4,259.76,804.75,0 94 66 53 80 76 9 55 96 0,55 76
PFG_MOEA,1078,5,259.76,804.75,0 57 95 73 41 12 27 13 0,95
PFG_MOEA,1078,6,259.76,804.75,0 89 10 26 59 44 38 47 69 28 42 46 7 8 0,
PFG_MOEA,1079,1,131.24,855.01,0 93 100 81 75 97 61 60 52 87 6 65 29 5 90 79 51 49 32 3 36 54 70 72 67 86 82 0,51 93
PFG_MOEA,1079,2,131.24,855.01,0 50 77 58 48 62 92 43 25 2 0,92
PFG_MOEA,1079,3,131.24,855.01,0 99 34 1 21 22 23 84 39 56 68 37 33 91 18 19 20 0,19
PFG_MOEA,1079,4,131.24,855.01,0 13 27 12 41 73 30 64 78 74 63 88 85 98 15 71 35 40 16 31 17 0,85
PFG_MOEA,1079,5,131.24,855.01,0 4 80 53 66 94 45 24 55 9 76 42 28 69 47 38 44 59 26 10 89 96 14 11 83 95 57 0,28 53
PFG_MOEA,1079,6,131.24,855.01,0 46 7 8 0,7
PFG_MOEA,1080,1,108.98,905.4,0 51 49 32 36 54 70 72 67 86 82 3 58 77 50 48 62 92 43 0,51 67
PFG_MOEA,1080,2,108.98,905.4,0 2 25 34 21 33 37 68 39 56 84 23 22 1 99 0,
PFG_MOEA,1080,3,108.98,905.4,0 20 91 19 31 17 18 16 40 35 71 15 30 64 78 74 63 88 85 98 11 83 0,91
PFG_MOEA,1080,4,108.98,905.4,0 80 93 97 89 96 57 95 73 14 41 12 27 13 0,14 93
PFG_MOEA,1080,5,108.98,905.4,0 10 26 59 44 38 47 69 28 42 46 7 8 4 53 66 94 0,
PFG_MOEA,1080,6,108.98,905.4,0 45 24 79 90 65 6 87 52 29 5 61 60 75 55 9 76 81 100 0,55
PFG_MOEA,1081,1,105.14,1054.54,0 2 25 43 34 21 33 37 82 86 67 72 70 54 36 3 77 58 62 48 92 0,72
PFG_MOEA,1081,2,105.14,1054.54,0 99 1 22 23 84 56 39 68 19 31 17 20 91 0,19
PFG_MOEA,1081,3,105.14,1054.54,0 18 16 73 41 100 93 97 75 55 28 69 47 38 44 59 26 10 89 0,
PFG_MOEA,1081,4,105.14,1054.54,0 13 27 12 40 35 71 15 30 64 78 74 63 88 85 98 81 0,71
PFG_MOEA,1081,5,105.14,1054.54,0 24 45 94 66 53 80 4 8 7 46 96 83 11 14 95 57 0,14
PFG_MOEA,1081,6,105.14,1054.54,0 42 76 9 60 61 5 29 52 87 6 65 90 79 32 49 51 50 0,
PFG_MOEA,1082,1,209.95,825.56,0 50 0,
PFG_MOEA,1082,2,209.95,825.56,0 77 58 48 62 92 43 25 2 99 34 1 21 37 33 22 23 84 56 39 68 18 19 91 20 17 31 16 40 35 71 15 30 64 78 74 63 88 85 98 14 11 83 0,22 58
PFG_MOEA,1082,3,209.95,825.56,0 4 24 45 94 66 53 0,
PFG_MOEA,1082,4,209.95,825.56,0 80 0,
PFG_MOEA,1082,5,209.95,825.56,0 13 27 12 41 73 95 57 96 89 10 26 59 44 38 47 69 28 46 7 8 100 81 42 76 9 55 75 93 97 61 60 65 6 87 52 29 5 0,47 95
PFG_MOEA,1082,6,209.95,825.56,0 90 79 51 49 32 3 36 54 70 72 67 86 82 0,32 54
PFG_MOEA,1083,1,108.4,987.28,0 95 8 7 46 42 60 61 5 29 52 87 6 65 90 0,
PFG_MOEA,1083,2,108.4,987.28,0 79 83 11 14 98 85 88 63 74 78 64 30 15 71 0,
PFG_MOEA,1083,3,108.4,987.28,0 17 31 35 40 16 18 19 20 91 21 33 37 68 39 56 84 23 22 1 34 99 2 25 0,18 22 33
PFG_MOEA,1083,4,108.4,987.28,0 43 92 62 48 50 77 58 82 86 67 72 70 54 36 3 32 49 0,
PFG_MOEA,1083,5,108.4,987.28,0 4 24 45 51 94 66 53 80 76 9 55 96 57 73 0,
PFG_MOEA,1083,6,108.4,987.28,0 13 27 12 41 89 10 26 59 44 38 47 69 28 75 97 93 100 81 0,
PFG_MOEA,1084,1,107.83,1025.19,0 51 3 36 54 70 72 67 86 82 58 77 50 48 62 92 43 0,51 67
PFG_MOEA,1084,2,107.83,1025.19,0 2 25 99 34 1 22 23 84 56 39 68 37 33 21 91 20 19 31 17 0,39 84
PFG_MOEA,1084,3,107.83,1025.19,0 100 81 74 78 64 30 15 71 35 40 16 18 0,40
PFG_MOEA,1084,4,107.83,1025.19,0 80 97 93 89 10 98 85 88 63 14 11 83 96 57 95 73 41 12 27 13 0,95
PFG_MOEA,1084,5,107.83,1025.19,0 26 59 44 38 47 69 28 42 46 7 8 4 53 0,4
PFG_MOEA,1084,6,107.83,1025.19,0 76 9 55 75 60 61 5 29 52 87 6 65 90 79 32 49 66 94 45 24 0,55 76
PFG_MOEA,1085,1,104.19,1056.66,0 19 18 91 21 22 33 37 68 56 39 84 23 82 86 67 72 70 54 36 3 0,33 39
PFG_MOEA,1085,2,104.19,1056.66,0 50 77 58 48 62 92 43 2 1 16 40 71 35 31 17 0,40
PFG_MOEA,1085,3,104.19,1056.66,0 13 27 12 73 15 98 85 88 63 74 78 64 30 41 99 34 25 0,15
PFG_MOEA,1085,4,104.19,1056.66,0 4 80 53 66 94 45 24 55 9 76 42 14 11 83 95 57 96 89 10 0,95
PFG_MOEA,1085,5,104.19,1056.66,0 26 59 44 38 47 69 28 46 7 8 93 100 81 75 97 61 60 52 87 6 0,28
PFG_MOEA,1085,6,104.19,1056.66,0 5 29 65 90 79 32 49 51 20 0,
PFG_MOEA,1086,1,98.88,1134.43,0 23 84 39 56 68 37 33 22 21 91 19 18 16 40 35 31 17 20 0,35
PFG_MOEA,1086,2,98.88,1134.43,0 15 30 64 78 74 63 98 71 99 2 25 50 77 58 82 86 0,
PFG_MOEA,1086,3,98.88,1134.43,0 92 43 1 34 88 85 14 11 83 0,92
PFG_MOEA,1086,4,98.88,1134.43,0 4 24 45 94 66 53 80 76 9 55 96 57 95 73 41 12 27 13 0,55 76
PFG_MOEA,1086,5,98.88,1134.43,0 89 10 26 59 44 38 47 69 28 42 46 7 8 93 60 61 97 75 81 100 0,47 59
PFG_MOEA,1086,6,98.88,1134.43,0 5 29 52 87 6 65 90 79 51 49 32 67 72 70 54 36 3 62 48 0,32 51 54 72
PFG_MOEA,1087,1,172.71,848.77,0 89 10 26 59 44 38 47 69 28 42 76 9 7 8 79 51 49 32 3 36 54 70 72 67 86 82 0,3 10 67
PFG_MOEA,1087,2,172.71,848.77,0 50 77 58 48 62 92 43 1 99 25 2 0,92
PFG_MOEA,1087,3,172.71,848.77,0 34 21 37 33 22 23 84 56 39 68 18 19 91 20 17 31 16 40 35 71 15 30 64 78 74 63 88 85 98 14 11 83 96 46 0,15 20
PFG_MOEA,1087,4,172.71,848.77,0 81 75 93 100 0,
PFG_MOEA,1087,5,172.71,848.77,0 13 27 12 41 73 95 57 97 61 60 5 29 52 87 6 65 90 24 45 94 66 53 80 4 0,95
PFG_MOEA,1087,6,172.71,848.77,0 55 0,55
PFG_MOEA,1088,1,130.19,886.45,0 8 7 42 76 9 60 61 5 29 52 87 6 65 90 79 32 49 51 0,
PFG_MOEA,1088,2,130.19,886.45,0 50 77 3 36 54 70 72 67 86 82 58 48 62 92 43 0,54 62
PFG_MOEA,1088,3,130.19,886.45,0 2 25 34 21 33 37 68 39 56 84 23 22 1 99 0,
PFG_MOEA,1088,4,130.19,886.45,0 20 91 19 31 17 18 16 40 35 71 15 98 85 88 63 74 78 64 30 0,
PFG_MOEA,1088,5,130.19,886.45,0 81 46 96 83 11 14 95 57 0,
PFG_MOEA,1088,6,130.19,886.45,0 4 80 53 66 94 45 24 97 100 93 75 55 28 69 47 38 44 59 26 10 89 73 41 12 27 13 0,55 59
PFG_MOEA,1089,1,99.64,1067.22,0 57 97 61 60 5 29 52 87 6 65 90 24 45 94 66 0,
PFG_MOEA,1089,2,99.64,1067.22,0 4 80 53 55 98 63 74 78 64 30 71 0,
PFG_MOEA,1089,3,99.64,1067.22,0 99 2 25 89 10 26 59 44 38 47 69 28 42 76 9 7 8 79 0,10 79
PFG_MOEA,1089,4,99.64,1067.22,0 51 49 32 3 36 54 70 72 67 86 82 58 77 62 48 50 0,36
PFG_MOEA,1089,5,99.64,1067.22,0 92 43 34 1 21 37 33 22 23 84 56 39 68 18 19 91 20 17 31 0,84
PFG_MOEA,1089,6,99.64,1067.22,0 16 40 35 15 88 85 14 11 83 96 95 73 41 12 27 13 100 93 75 81 46 0,15 41 85
PFG_MOEA,1090,1,259.76,804.75,0 93 0,93
PFG_MOEA,1090,2,259.76,804.75,0 100 81 75 97 61 60 5 29 52 87 6 65 90 79 0,
PFG_MOEA,1090,3,259.76,804.75,0 83 11 14 98 85 88 63 74 78 64 30 15 71 35 31 17 40 16 18 19 20 91 21 33 37 68 39 56 84 23 22 1 34 99 2 25 43 92 62 48 50 77 58 82 86 67 72 70 54 36 3 32 49 51 45 24 4 0,18 22 32 51 58 62 70 71
PFG_MOEA,1090,4,259.76,804.75,0 94 66 53 80 76 9 55 96 0,55 76
PFG_MOEA,1090,5,259.76,804.75,0 57 95 73 41 12 27 13 0,95
PFG_MOEA,1090,6,259.76,804.75,0 89 10 26 59 44 38 47 69 28 42 46 7 8 0,
PFG_MOEA,1091,1,131.24,855.01,0 93 100 81 75 97 61 60 52 87 6 65 29 5 90 79 51 49 32 3 36 54 70 72 67 86 82 0,51 93
PFG_MOEA,1091,2,131.24,855.01,0 50 77 58 48 62 92 43 25 2 0,92
PFG_MOEA,1091,3,131.24,855.01,0 99 34 1 21 22 23 84 39 56 68 37 33 91 18 19 20 0,19
PFG_MOEA,1091,4,131.24,855.01,0 13 27 12 41 73 30 64 78 74 63 88 85 98 15 71 35 40 16 31 17 0,85
PFG_MOEA,1091,5,131.24,855.01,0 4 80 53 66 94 45 24 55 9 76 42 28 69 47 38 44 59 26 10 89 96 14 11 83 95 57 0,28 53
PFG_MOEA,1091,6,131.24,855.01,0 46 7 8 0,7
PFG_MOEA,1092,1,108.98,905.4,0 51 49 32 36 54 70 72 67 86 82 3 58 77 50 48 62 92 43 0,51 67
PFG_MOEA,1092,2,108.98,905.4,0 2 25 34 21 33 37 68 39 56 84 23 22 1 99 0,
PFG_MOEA,1092,3,108.98,905.4,0 20 91 19 31 17 18 16 40 35 71 15 30 64 78 74 63 88 85 98 11 83 0,91
PFG_MOEA,1092,4,108.98,905.4,0 80 93 97 89 96 57 95 73 14 41 12 27 13 0,14 93
PFG_MOEA,1092,5,108.98,905.4,0 10 26 59 44 38 47 69 28 42 46 7 8 4 53 66 94 0,
PFG_MOEA,1092,6,108.98,905.4,0 45 24 79 90 65 6 87 52 29 5 61 60 75 55 9 76 81 100 0,55
PFG_MOEA,1093,1,105.14,1054.54,0 2 25 43 34 21 33 37 82 86 67 72 70 54 36 3 77 58 62 48 92 0,72
PFG_MOEA,1093,2,105.14,1054.54,0 99 1 22 23 84 56 39 68 19 31 17 20 91 0,19
PFG_MOEA,1093,3,105.14,1054.54,0 18 16 73 41 100 93 97 75 55 28 69 47 38 44 59 26 10 89 0,
PFG_MOEA,1093,4,105.14,1054.54,0 13 27 12 40 35 71 15 30 64 78 74 63 88 85 98 81 0,71
PFG_MOEA,1093,5,105.14,1054.54,0 24 45 94 66 53 80 4 8 7 46 96 83 11 14 95 57 0,14
PFG_MOEA,1093,6,105.14,1054.54,0 42 76 9 60 61 5 29 52 87 6 65 90 79 32 49 51 50 0,
PFG_MOEA,1094,1,209.95,825.56,0 50 0,
PFG_MOEA,1094,2,209.95,825.56,0 77 58 48 62 92 43 25 2 99 34 1 21 37 33 22 23 84 56 39 68 18 19 91 20 17 31 16 40 35 71 15 30 64 78 74 63 88 85 98 14 11 83 0,22 58
PFG_MOEA,1094,3,209.95,825.56,0 4 24 45 94 66 53 0,
PFG_MOEA,1094,4,209.95,825.56,0 80 0,
PFG_MOEA,1094,5,209.95,825.56,0 13 27 12 41 73 95 57 96 89 10 26 59 44 38 47 69 28 46 7 8 100 81 42 76 9 55 75 93 97 61 60 65 6 87 52 29 5 0,47 95
PFG_MOEA,1094,6,209.95,825.56,0 90 79 51 49 32 3 36 54 70 72 67 86 82 0,32 54
PFG_MOEA,1095,1,108.4,987.28,0 95 8 7 46 42 60 61 5 29 52 87 6 65 90 0,
PFG_MOEA,1095,2,108.4,987.28,0 79 83 11 14 98 85 88 63 74 78 64 30 15 71 0,
PFG_MOEA,1095,3,108.4,987.28,0 17 31 35 40 16 18 19 20 91 21 33 37 68 39 56 84 23 22 1 34 99 2 25 0,18 22 33
PFG_MOEA,1095,4,108.4,987.28,0 43 92 62 48 50 77 58 82 86 67 72 70 54 36 3 32 49 0,
PFG_MOEA,1095,5,108.4,987.28,0 4 24 45 51 94 66 53 80 76 9 55 96 57 73 0,
PFG_MOEA,1095,6,108.4,987.28,0 13 27 12 41 89 10 26 59 44 38 47 69 28 75 97 93 100 81 0,
PFG_MOEA,1096,1,107.83,1025.19,0 51 3 36 54 70 72 67 86 82 58 77 50 48 62 92 43 0,51 67
PFG_MOEA,1096,2,107.83,1025.19,0 2 25 99 34 1 22 23 84 56 39 68 37 33 21 91 20 19 31 17 0,39 84
PFG_MOEA,1096,3,107.83,1025.19,0 100 81 74 78 64 30 15 71 35 40 16 18 0,40
PFG_MOEA,1096,4,107.83,1025.19,0 80 97 93 89 10 98 85 88 63 14 11 83 96 57 95 73 41 12 27 13 0,95
PFG_MOEA,1096,5,107.83,1025.19,0 26 59 44 38 47 69 28 42 46 7 8 4 53 0,4
PFG_MOEA,1096,6,107.83,1025.19,0 76 9 55 75 60 61 5 29 52 87 6 65 90 79 32 49 66 94 45 24 0,55 76
PFG_MOEA,1097,1,104.19,1056.66,0 19 18 91 21 22 33 37 68 56 39 84 23 82 86 67 72 70 54 36 3 0,33 39
PFG_MOEA,1097,2,104.19,1056.66,0 50 77 58 48 62 92 43 2 1 16 40 71 35 31 17 0,40
PFG_MOEA,1097,3,104.19,1056.66,0 13 27 12 73 15 98 85 88 63 74 78 64 30 41 99 34 25 0,15
PFG_MOEA,1097,4,104.19,1056.66,0 4 80 53 66 94 45 24 55 9 76 42 14 11 83 95 57 96 89 10 0,95
PFG_MOEA,1097,5,104.19,1056.66,0 26 59 44 38 47 69 28 46 7 8 93 100 81 75 97 61 60 52 87 6 0,28
PFG_MOEA,1097,6,104.19,1056.66,0 5 29 65 90 79 32 49 51 20 0,
PFG_MOEA,1098,1,98.88,1134.43,0 23 84 39 56 68 37 33 22 21 91 19 18 16 40 35 31 17 20 0,35
PFG_MOEA,1098,2,98.88,1134.43,0 15 30 64 78 74 63 98 71 99 2 25 50 77 58 82 86 0,
PFG_MOEA,1098,3,98.88,1134.43,0 92 43 1 34 88 85 14 11 83 0,92
PFG_MOEA,1098,4,98.88,1134.43,0 4 24 45 94 66 53 80 76 9 55 96 57 95 73 41 12 27 13 0,55 76
PFG_MOEA,1098,5,98.88,1134.43,0 89 10 26 59 44 38 47 69 28 42 46 7 8 93 60 61 97 75 81 100 0,47 59
PFG_MOEA,1098,6,98.88,1134.43,0 5 29 52 87 6 65 90 79 51 49 32 67 72 70 54 36 3 62 48 0,32 51 54 72
PFG_MOEA,1099,1,172.71,848.77,0 89 10 26 59 44 38 47 69 28 42 76 9 7 8 79 51 49 32 3 36 54 70 72 67 86 82 0,3 10 67
PFG_MOEA,1099,2,172.71,848.77,0 50 77 58 48 62 92 43 1 99 25 2 0,92
PFG_MOEA,1099,3,172.71,848.77,0 34 21 37 33 22 23 84 56 39 68 18 19 91 20 17 31 16 40 35 71 15 30 64 78 74 63 88 85 98 14 11 83 96 46 0,15 20
PFG_MOEA,1099,4,172.71,848.77,0 81 75 93 100 0,
PFG_MOEA,1099,5,172.71,848.77,0 13 27 12 41 73 95 57 97 61 60 5 29 52 87 6 65 90 24 45 94 66 53 80 4 0,95
PFG_MOEA,1099,6,172.71,848.77,0 55 0,55
PFG_MOEA,1100,1,130.19,886.45,0 8 7 42 76 9 60 61 5 29 52 87 6 65 90 79 32 49 51 0,
PFG_MOEA,1100,2,130.19,886.45,0 50 77 3 36 54 70 72 67 86 82 58 48 62 92 43 0,54 62
PFG_MOEA,1100,3,130.19,886.45,0 2 25 34 21 33 37 68 39 56 84 23 22 1 99 0,
PFG_MOEA,1100,4,130.19,886.45,0 20 91 19 31 17 18 16 40 35 71 15 98 85 88 63 74 78 64 30 0,
PFG_MOEA,1100,5,130.19,886.45,0 81 46 96 83 11 14 95 57 0,
PFG_MOEA,1100,6,130.19,886.45,0 4 80 53 66 94 45 24 97 100 93 75 55 28 69 47 38 44 59 26 10 89 73 41 12 27 13 0,55 59
PFG_MOEA,1101,1,99.64,1067.22,0 57 97 61 60 5 29 52 87 6 65 90 24 45 94 66 0,
PFG_MOEA,1101,2,99.64,1067.22,0 4 80 53 55 98 63 74 78 64 30 71 0,
PFG_MOEA,1101,3,99.64,1067.22,0 99 2 25 89 10 26 59 44 38 47 69 28 42 76 9 7 8 79 0,10 79
PFG_MOEA,1101,4,99.64,1067.22,0 51 49 32 3 36 54 70 72 67 86 82 58 77 62 48 50 0,36
PFG_MOEA,1101,5,99.64,1067.22,0 92 43 34 1 21 37 33 22 23 84 56 39 68 18 19 91 20 17 31 0,84
PFG_MOEA,1101,6,99.64,1067.22,0 16 40 35 15 88 85 14 11 83 96 95 73 41 12 27 13 100 93 75 81 46 0,15 41 85
PFG_MOEA,1102,1,259.76,804.75,0 93 0,93
PFG_MOEA,1102,2,259.76,804.75,0 100 81 75 97 61 60 5 29 52 87 6 65 90 79 0,
PFG_MOEA,1102,3,259.76,804.75,0 83 11 14 98 85 88 63 74 78 64 30 15 71 35 31 17 40 16 18 19 20 91 21 33 37 68 39 56 84 23 22 1 34 99 2 25 43 92 62 48 50 77 58 82 86 67 72 70 54 36 3 32 49 51 45 24 4 0,18 22 32 51 58 62 70 71
PFG_MOEA,1102,4,259.76,804.75,0 94 66 53 80 76 9 55 96 0,55 76
PFG_MOEA,1102,5,259.76,804.75,0 57 95 73 41 12 27 13 0,95
PFG_MOEA,1102,6,259.76,804.75,0 89 10 26 59 44 38 47 69 28 42 46 7 8 0,
PFG_MOEA,1103,1,131.24,855.01,0 93 100 81 75 97 61 60 52 87 6 65 29 5 90 79 51 49 32 3 36 54 70 72 67 86 82 0,51 93
PFG_MOEA,1103,2,131.24,855.01,0 50 77 58 48 62 92 43 25 2 0,92
PFG_MOEA,1103,3,131.24,855.01,0 99 34 1 21 22 23 84 39 56 68 37 33 91 18 19 20 0,19
PFG_MOEA,1103,4,131.24,855.01,0 13 27 12 41 73 30 64 78 74 63 88 85 98 15 71 35 40 16 31 17 0,85
PFG_MOEA,1103,5,131.24,855.01,0 4 80 53 66 94 45 24 55 9 76 42 28 69 47 38 44 59 26 10 89 96 14 11 83 95 57 0,28 53
PFG_MOEA,1103,6,131.24,855.01,0 46 7 8 0,7
PFG_MOEA,1104,1,108.98,905.4,0 51 49 32 36 54 70 72 67 86 82 3 58 77 50 48 62 92 43 0,51 67
PFG_MOEA,1104,2,108.98,905.4,0 2 25 34 21 33 37 68 39 56 84 23 22 1 99 0,
PFG_MOEA,1104,3,108.98,905.4,0 20 91 19 31 17 18 16 40 35 71 15 30 64 78 74 63 88 85 98 11 83 0,91
PFG_MOEA,1104,4,108.98,905.4,0 80 93 97 89 96 57 95 73 14 41 12 27 13 0,14 93
PFG_MOEA,1104,5,108.98,905.4,0 10 26 59 44 38 47 69 28 42 46 7 8 4 53 66 94 0,
PFG_MOEA,1104,6,108.98,905.4,0 45 24 79 90 65 6 87 52 29 5 61 60 75 55 9 76 81 100 0,55
PFG_MOEA,1105,1,105.14,1054.54,0 2 25 43 34 21 33 37 82 86 67 72 70 54 36 3 77 58 62 48 92 0,72
PFG_MOEA,1105,2,105.14,1054.54,0 99 1 22 23 84 56 39 68 19 31 17 20 91 0,19
PFG_MOEA,1105,3,105.14,1054.54,0 18 16 73 41 100 93 97 75 55 28 69 47 38 44 59 26 10 89 0,
PFG_MOEA,1105,4,105.14,1054.54,0 13 27 12 40 35 71 15 30 64 78 74 63 88 85 98 81 0,71
PFG_MOEA,1105,5,105.14,1054.54,0 24 45 94 66 53 80 4 8 7 46 96 83 11 14 95 57 0,14
PFG_MOEA,1105,6,105.14,1054.54,0 42 76 9 60 61 5 29 52 87 6 65 90 79 32 49 51 50 0,
PFG_MOEA,1106,1,209.95,825.56,0 50 0,
PFG_MOEA,1106,2,209.95,825.56,0 77 58 48 62 92 43 25 2 99 34 1 21 37 33 22 23 84 56 39 68 18 19 91 20 17 31 16 40 35 71 15 30 64 78 74 63 88 85 98 14 11 83 0,22 58
PFG_MOEA,1106,3,209.95,825.56,0 4 24 45 94 66 53 0,
PFG_MOEA,1106,4,209.95,825.56,0 80 0,
PFG_MOEA,1106,5,209.95,825.56,0 13 27 12 41 73 95 57 96 89 10 26 59 44 38 47 69 28 46 7 8 100 81 42 76 9 55 75 93 97 61 60 65 6 87 52 29 5 0,47 95
PFG_MOEA,1106,6,209.95,825.56,0 90 79 51 49 32 3 36 54 70 72 67 86 82 0,32 54
PFG_MOEA,1107,1,108.4,987.28,0 95 8 7 46 42 60 61 5 29 52 87 6 65 90 0,
PFG_MOEA,1107,2,108.4,987.28,0 79 83 11 14 98 85 88 63 74 78 64 30 15 71 0,
PFG_MOEA,1107,3,108.4,987.28,0 17 31 35 40 16 18 19 20 91 21 33 37 68 39 56 84 23 22 1 34 99 2 25 0,18 22 33
PFG_MOEA,1107,4,108.4,987.28,0 43 92 62 48 50 77 58 82 86 67 72 70 54 36 3 32 49 0,
PFG_MOEA,1107,5,108.4,987.28,0 4 24 45 51 94 66 53 80 76 9 55 96 57 73 0,
PFG_MOEA,1107,6,108.4,987.28,0 13 27 12 41 89 10 26 59 44 38 47 69 28 75 97 93 100 81 0,
PFG_MOEA,1108,1,107.83,1025.19,0 51 3 36 54 70 72 67 86 82 58 77 50 48 62 92 43 0,51 67
PFG_MOEA,1108,2,107.83,1025.19,0 2 25 99 34 1 22 23 84 56 39 68 37 33 21 91 20 19 31 17 0,39 84
PFG_MOEA,1108,3,107.83,1025.19,0 100 81 74 78 64 30 15 71 35 40 16 18 0,40
PFG_MOEA,1108,4,107.83,1025.19,0 80 97 93 89 10 98 85 88 63 14 11 83 96 57 95 73 41 12 27 13 0,95
PFG_MOEA,1108,5,107.83,1025.19,0 26 59 44 38 47 69 28 42 46 7 8 4 53 0,4
PFG_MOEA,1108,6,107.83,1025.19,0 76 9 55 75 60 61 5 29 52 87 6 65 90 79 32 49 66 94 45 24 0,55 76
PFG_MOEA,1109,1,104.19,1056.66,0 19 18 91 21 22 33 37 68 56 39 84 23 82 86 67 72 70 54 36 3 0,33 39
PFG_MOEA,1109,2,104.19,1056.66,0 50 77 58 48 62 92 43 2 1 16 40 71 35 31 17 0,40
PFG_MOEA,1109,3,104.19,1056.66,0 13 27 12 73 15 98 85 88 63 74 78 64 30 41 99 34 25 0,15
PFG_MOEA,1109,4,104.19,1056.66,0 4 80 53 66 94 45 24 55 9 76 42 14 11 83 95 57 96 89 10 0,95
PFG_MOEA,1109,5,104.19,1056.66,0 26 59 44 38 47 69 28 46 7 8 93 100 81 75 97 61 60 52 87 6 0,28
PFG_MOEA,1109,6,104.19,1056.66,0 5 29 65 90 79 32 49 51 20 0,
PFG_MOEA,1110,1,98.88,1134.43,0 23 84 39 56 68 37 33 22 21 91 19 18 16 40 35 31 17 20 0,35
PFG_MOEA,1110,2,98.88,1134.43,0 15 30 64 78 74 63 98 71 99 2 25 50 77 58 82 86 0,
PFG_MOEA,1110,3,98.88,1134.43,0 92 43 1 34 88 85 14 11 83 0,92
PFG_MOEA,1110,4,98.88,1134.43,0 4 24 45 94 66 53 80 76 9 55 96 57 95 73 41 12 27 13 0,55 76
PFG_MOEA,1110,5,98.88,1134.43,0 89 10 26 59 44 38 47 69 28 42 46 7 8 93 60 61 97 75 81 100 0,47 59
PFG_MOEA,1110,6,98.88,1134.43,0 5 29 52 87 6 65 90 79 51 49 32 67 72 70 54 36 3 62 48 0,32 51 54 72
PFG_MOEA,1111,1,172.71,848.77,0 89 10 26 59 44 38 47 69 28 42 76 9 7 8 79 51 49 32 3 36 54 70 72 67 86 82 0,3 10 67
PFG_MOEA,1111,2,172.71,848.77,0 50 77 58 48 62 92 43 1 99 25 2 0,92
PFG_MOEA,1111,3,172.71,848.77,0 34 21 37 33 22 23 84 56 39 68 18 19 91 20 17 31 16 40 35 71 15 30 64 78 74 63 88 85 98 14 11 83 96 46 0,15 20
PFG_MOEA,1111,4,172.71,848.77,0 81 75 93 100 0,
PFG_MOEA,1111,5,172.71,848.77,0 13 27 12 41 73 95 57 97 61 60 5 29 52 87 6 65 90 24 45 94 66 53 80 4 0,95
PFG_MOEA,1111,6,172.71,848.77,0 55 0,55
PFG_MOEA,1112,1,130.19,886.45,0 8 7 42 76 9 60 61 5 29 52 87 6 65 90 79 32 49 51 0,
PFG_MOEA,1112,2,130.19,886.45,0 50 77 3 36 54 70 72 67 86 82 58 48 62 92 43 0,54 62
PFG_MOEA,1112,3,130.19,886.45,0 2 25 34 21 33 37 68 39 56 84 23 22 1 99 0,
PFG_MOEA,1112,4,130.19,886.45,0 20 91 19 31 17 18 16 40 35 71 15 98 85 88 63 74 78 64 30 0,
PFG_MOEA,1112,5,130.19,886.45,0 81 46 96 83 11 14 95 57 0,
PFG_MOEA,1112,6,130.19,886.45,0 4 80 53 66 94 45 24 97 100 93 75 55 28 69 47 38 44 59 26 10 89 73 41 12 27 13 0,55 59
PFG_MOEA,1113,1,99.64,1067.22,0 57 97 61 60 5 29 52 87 6 65 90 24 45 94 66 0,
PFG_MOEA,1113,2,99.64,1067.22,0 4 80 53 55 98 63 74 78 64 30 71 0,
PFG_MOEA,1113,3,99.64,1067.22,0 99 2 25 89 10 26 59 44 38 47 69 28 42 76 9 7 8 79 0,10 79
PFG_MOEA,1113,4,99.64,1067.22,0 51 49 32 3 36 54 70 72 67 86 82 58 77 62 48 50 0,36
PFG_MOEA,1113,5,99.64,1067.22,0 92 43 34 1 21 37 33 22 23 84 56 39 68 18 19 91 20 17 31 0,84
PFG_MOEA,1113,6,99.64,1067.22,0 16 40 35 15 88 85 14 11 83 96 95 73 41 12 27 13 100 93 75 81 46 0,15 41 85
PFG_MOEA,1114,1,259.76,804.75,0 93 0,93
PFG_MOEA,1114,2,259.76,804.75,0 100 81 75 97 61 60 5 29 52 87 6 65 90 79 0,
PFG_MOEA,1114,3,259.76,804.75,0 83 11 14 98 85 88 63 74 78 64 30 15 71 35 31 17 40 16 18 19 20 91 21 33 37 68 39 56 84 23 22 1 34 99 2 25 43 92 62 48 50 77 58 82 86 67 72 70 54 36 3 32 49 51 45 24 4 0,18 22 32 51 58 62 70 71
PFG_MOEA,1114,4,259.76,804.75,0 94 66 53 80 76 9 55 96 0,55 76
PFG_MOEA,1114,5,259.76,804.75,0 57 95 73 41 12 27 13 0,95
PFG_MOEA,1114,6,259.76,804.75,0 89 10 26 59 44 38 47 69 28 42 46 7 8 0,
PFG_MOEA,1115,1,131.24,855.01,0 93 100 81 75 97 61 60 52 87 6 65 29 5 90 79 51 49 32 3 36 54 70 72 67 86 82 0,51 93
PFG_MOEA,1115,2,131.24,855.01,0 50 77 58 48 62 92 43 25 2 0,92
PFG_MOEA,1115,3,131.24,855.01,0 99 34 1 21 22 23 84 39 56 68 37 33 91 18 19 20 0,19
PFG_MOEA,1115,4,131.24,855.01,0 13 27 12 41 73 30 64 78 74 63 88 85 98 15 71 35 40 16 31 17 0,85
PFG_MOEA,1115,5,131.24,855.01,0 4 80 53 66 94 45 24 55 9 76 42 28 69 47 38 44 59 26 10 89 96 14 11 83 95 57 0,28 53
PFG_MOEA,1115,6,131.24,855.01,0 46 7 8 0,7
PFG_MOEA,1116,1,108.98,905.4,0 51 49 32 36 54 70 72 67 86 82 3 58 77 50 48 62 92 43 0,51 67
PFG_MOEA,1116,2,108.98,905.4,0 2 25 34 21 33 37 68 39 56 84 23 22 1 99 0,
PFG_MOEA,1116,3,108.98,905.4,0 20 91 19 31 17 18 16 40 35 71 15 30 64 78 74 63 88 85 98 11 83 0,91
PFG_MOEA,1116,4,108.98,905.4,0 80 93 97 89 96 57 95 73 14 41 12 27 13 0,14 93
PFG_MOEA,1116,5,108.98,905.4,0 10 26 59 44 38 47 69 28 42 46 7 8 4 53 66 94 0,
PFG_MOEA,1116,6,108.98,905.4,0 45 24 79 90 65 6 87 52 29 5 61 60 75 55 9 76 81 100 0,55
PFG_MOEA,1117,1,105.14,1054.54,0 2 25 43 34 21 33 37 82 86 67 72 70 54 36 3 77 58 62 48 92 0,72
PFG_MOEA,1117,2,105.14,1054.54,0 99 1 22 23 84 56 39 68 19 31 17 20 91 0,19
PFG_MOEA,1117,3,105.14,1054.54,0 18 16 73 41 100 93 97 75 55 28 69 47 38 44 59 26 10 89 0,
PFG_MOEA,1117,4,105.14,1054.54,0 13 27 12 40 35 71 15 30 64 78 74 63 88 85 98 81 0,71
PFG_MOEA,1117,5,105.14,1054.54,0 24 45 94 66 53 80 4 8 7 46 96 83 11 14 95 57 0,14
PFG_MOEA,1117,6,105.14,1054.54,0 42 76 9 60 61 5 29 52 87 6 65 90 79 32 49 51 50 0,
PFG_MOEA,1118,1,209.95,825.56,0 50 0,
PFG_MOEA,1118,2,209.95,825.56,0 77 58 48 62 92 43 25 2 99 34 1 21 37 33 22 23 84 56 39 68 18 19 91 20 17 31 16 40 35 71 15 30 64 78 74 63 88 85 98 14 11 83 0,22 58
PFG_MOEA,1118,3,209.95,825.56,0 4 24 45 94 66 53 0,
PFG_MOEA,1118,4,209.95,825.56,0 80 0,
PFG_MOEA,1118,5,209.95,825.56,0 13 27 12 41 73 95 57 96 89 10 26 59 44 38 47 69 28 46 7 8 100 81 42 76 9 55 75 93 97 61 60 65 6 87 52 29 5 0,47 95
PFG_MOEA,1118,6,209.95,825.56,0 90 79 51 49 32 3 36 54 70 72 67 86 82 0,32 54
PFG_MOEA,1119,1,108.4,987.28,0 95 8 7 46 42 60 61 5 29 52 87 6 65 90 0,
PFG_MOEA,1119,2,108.4,987.28,0 79 83 11 14 98 85 88 63 74 78 64 30 15 71 0,
PFG_MOEA,1119,3,108.4,987.28,0 17 31 35 40 16 18 19 20 91 21 33 37 68 39 56 84 23 22 1 34 99 2 25 0,18 22 33
PFG_MOEA,1119,4,108.4,987.28,0 43 92 62 48 50 77 58 82 86 67 72 70 54 36 3 32 49 0,
PFG_MOEA,1119,5,108.4,987.28,0 4 24 45 51 94 66 53 80 76 9 55 96 57 73 0,
PFG_MOEA,1119,6,108.4,987.28,0 13 27 12 41 89 10 26 59 44 38 47 69 28 75 97 93 100 81 0,
PFG_MOEA,1120,1,107.83,1025.19,0 51 3 36 54 70 72 67 86 82 58 77 50 48 62 92 43 0,51 67
PFG_MOEA,1120,2,107.83,1025.19,0 2 25 99 34 1 22 23 84 56 39 68 37 33 21 91 20 19 31 17 0,39 84
PFG_MOEA,1120,3,107.83,1025.19,0 100 81 74 78 64 30 15 71 35 40 16 18 0,40
PFG_MOEA,1120,4,107.83,1025.19,0 80 97 93 89 10 98 85 88 63 14 11 83 96 57 95 73 41 12 27 13 0,95
PFG_MOEA,1120,5,107.83,1025.19,0 26 59 44 38 47 69 28 42 46 7 8 4 53 0,4
PFG_MOEA,1120,6,107.83,1025.19,0 76 9 55 75 60 61 5 29 52 87 6 65 90 79 32 49 66 94 45 24 0,55 76
PFG_MOEA,1121,1,104.19,1056.66,0 19 18 91 21 22 33 37 68 56 39 84 23 82 86 67 72 70 54 36 3 0,33 39
PFG_MOEA,1121,2,104.19,1056.66,0 50 77 58 48 62 92 43 2 1 16 40 71 35 31 17 0,40
PFG_MOEA,1121,3,104.19,1056.66,0 13 27 12 73 15 98 85 88 63 74 78 64 30 41 99 34 25 0,15
PFG_MOEA,1121,4,104.19,1056.66,0 4 80 53 66 94 45 24 55 9 76 42 14 11 83 95 57 96 89 10 0,95
PFG_MOEA,1121,5,104.19,1056.66,0 26 59 44 38 47 69 28 46 7 8 93 100 81 75 97 61 60 52 87 6 0,28
PFG_MOEA,1121,6,104.19,1056.66,0 5 29 65 90 79 32 49 51 20 0,
PFG_MOEA,1122,1,98.88,1134.43,0 23 84 39 56 68 37 33 22 21 91 19 18 16 40 35 31 17 20 0,35
PFG_MOEA,1122,2,98.88,1134.43,0 15 30 64 78 74 63 98 71 99 2 25 50 77 58 82 86 0,
PFG_MOEA,1122,3,98.88,1134.43,0 92 43 1 34 88 85 14 11 83 0,92
PFG_MOEA,1122,4,98.88,1134.43,0 4 24 45 94 66 53 80 76 9 55 96 57 95 73 41 12 27 13 0,55 76
PFG_MOEA,1122,5,98.88,1134.43,0 89 10 26 59 44 38 47 69 28 42 46 7 8 93 60 61 97 75 81 100 0,47 59
PFG_MOEA,1122,6,98.88,1134.43,0 5 29 52 87 6 65 90 79 51 49 32 67 72 70 54 36 3 62 48 0,32 51 54 72
PFG_MOEA,1123,1,172.71,848.77,0 89 10 26 59 44 38 47 69 28 42 76 9 7 8 79 51 49 32 3 36 54 70 72 67 86 82 0,3 10 67
PFG_MOEA,1123,2,172.71,848.77,0 50 77 58 48 62 92 43 1 99 25 2 0,92
PFG_MOEA,1123,3,172.71,848.77,0 34 21 37 33 22 23 84 56 39 68 18 19 91 20 17 31 16 40 35 71 15 30 64 78 74 63 88 85 98 14 11 83 96 46 0,15 20
PFG_MOEA,1123,4,172.71,848.77,0 81 75 93 100 0,
PFG_MOEA,1123,5,172.71,848.77,0 13 27 12 41 73 95 57 97 61 60 5 29 52 87 6 65 90 24 45 94 66 53 80 4 0,95
PFG_MOEA,1123,6,172.71,848.77,0 55 0,55
PFG_MOEA,1124,1,130.19,886.45,0 8 7 42 76 9 60 61 5 29 52 87 6 65 90 79 32 49 51 0,
PFG_MOEA,1124,2,130.19,886.45,0 50 77 3 36 54 70 72 67 86 82 58 48 62 92 43 0,54 62
PFG_MOEA,1124,3,130.19,886.45,0 2 25 34 21 33 37 68 39 56 84 23 22 1 99 0,
PFG_MOEA,1124,4,130.19,886.45,0 20 91 19 31 17 18 16 40 35 71 15 98 85 88 63 74 78 64 30 0,
PFG_MOEA,1124,5,130.19,886.45,0 81 46 96 83 11 14 95 57 0,
PFG_MOEA,1124,6,130.19,886.45,0 4 80 53 66 94 45 24 97 100 93 75 55 28 69 47 38 44 59 26 10 89 73 41 12 27 13 0,55 59
PFG_MOEA,1125,1,99.64,1067.22,0 57 97 61 60 5 29 52 87 6 65 90 24 45 94 66 0,
PFG_MOEA,1125,2,99.64,1067.22,0 4 80 53 55 98 63 74 78 64 30 71 0,
PFG_MOEA,1125,3,99.64,1067.22,0 99 2 25 89 10 26 59 44 38 47 69 28 42 76 9 7 8 79 0,10 79
PFG_MOEA,1125,4,99.64,1067.22,0 51 49 32 3 36 54 70 72 67 86 82 58 77 62 48 50 0,36
PFG_MOEA,1125,5,99.64,1067.22,0 92 43 34 1 21 37 33 22 23 84 56 39 68 18 19 91 20 17 31 0,84
PFG_MOEA,1125,6,99.64,1067.22,0 16 40 35 15 88 85 14 11 83 96 95 73 41 12 27 13 100 93 75 81 46 0,15 41 85
PFG_MOEA,1126,1,259.76,804.75,0 93 0,93
PFG_MOEA,1126,2,259.76,804.75,0 100 81 75 97 61 60 5 29 52 87 6 65 90 79 0,
PFG_MOEA,1126,3,259.76,804.75,0 83 11 14 98 85 88 63 74 78 64 30 15 71 35 31 17 40 16 18 19 20 91 21 33 37 68 39 56 84 23 22 1 34 99 2 25 43 92 62 48 50 77 58 82 86 67 72 70 54 36 3 32 49 51 45 24 4 0,18 22 32 51 58 62 70 71
PFG_MOEA,1126,4,259.76,804.75,0 94 66 53 80 76 9 55 96 0,55 76
PFG_MOEA,1126,5,259.76,804.75,0 57 95 73 41 12 27 13 0,95
PFG_MOEA,1126,6,259.76,804.75,0 89 10 26 59 44 38 47 69 28 42 46 7 8 0,
PFG_MOEA,1127,1,131.24,855.01,0 93 100 81 75 97 61 60 52 87 6 65 29 5 90 79 51 49 32 3 36 54 70 72 67 86 82 0,51 93
PFG_MOEA,1127,2,131.24,855.01,0 50 77 58 48 62 92 43 25 2 0,92
PFG_MOEA,1127,3,131.24,855.01,0 99 34 1 21 22 23 84 39 56 68 37 33 91 18 19 20 0,19
PFG_MOEA,1127,4,131.24,855.01,0 13 27 12 41 73 30 64 78 74 63 88 85 98 15 71 35 40 16 31 17 0,85
PFG_MOEA,1127,5,131.24,855.01,0 4 80 53 66 94 45 24 55 9 76 42 28 69 47 38 44 59 26 10 89 96 14 11 83 95 57 0,28 53
PFG_MOEA,1127,6,131.24,855.01,0 46 7 8 0,7
PFG_MOEA,1128,1,108.98,905.4,0 51 49 32 36 54 70 72 67 86 82 3 58 77 50 48 62 92 43 0,51 67
PFG_MOEA,1128,2,108.98,905.4,0 2 25 34 21 33 37 68 39 56 84 23 22 1 99 0,
PFG_MOEA,1128,3,108.98,905.4,0 20 91 19 31 17 18 16 40 35 71 15 30 64 78 74 63 88 85 98 11 83 0,91
PFG_MOEA,1128,4,108.98,905.4,0 80 93 97 89 96 57 95 73 14 41 12 27 13 0,14 93
PFG_MOEA,1128,5,108.98,905.4,0 10 26 59 44 38 47 69 28 42 46 7 8 4 53 66 94 0,
PFG_MOEA,1128,6,108.98,905.4,0 45 24 79 90 65 6 87 52 29 5 61 60 75 55 9 76 81 100 0,55
PFG_MOEA,1129,1,105.14,1054.54,0 2 25 43 34 21 33 37 82 86 67 72 70 54 36 3 77 58 62 48 92 0,72
PFG_MOEA,1129,2,105.14,1054.54,0 99 1 22 23 84 56 39 68 19 31 17 20 91 0,19
PFG_MOEA,1129,3,105.14,1054.54,0 18 16 73 41 100 93 97 75 55 28 69 47 38 44 59 26 10 89 0,
PFG_MOEA,1129,4,105.14,1054.54,0 13 27 12 40 35 71 15 30 64 78 74 63 88 85 98 81 0,71
PFG_MOEA,1129,5,105.14,1054.54,0 24 45 94 66 53 80 4 8 7 46 96 83 11 14 95 57 0,14
PFG_MOEA,1129,6,105.14,1054.54,0 42 76 9 60 61 5 29 52 87 6 65 90 79 32 49 51 50 0,
PFG_MOEA,1130,1,209.95,825.56,0 50 0,
PFG_MOEA,1130,2,209.95,825.56,0 77 58 48 62 92 43 25 2 99 34 1 21 37 33 22 23 84 56 39 68 18 19 91 20 17 31 16 40 35 71 15 30 64 78 74 63 88 85 98 14 11 83 0,22 58
PFG_MOEA,1130,3,209.95,825.56,0 4 24 45 94 66 53 0,
PFG_MOEA,1130,4,209.95,825.56,0 80 0,
PFG_MOEA,1130,5,209.95,825.56,0 13 27 12 41 73 95 57 96 89 10 26 59 44 38 47 69 28 46 7 8 100 81 42 76 9 55 75 93 97 61 60 65 6 87 52 29 5 0,47 95
PFG_MOEA,1130,6,209.95,825.56,0 90 79 51 49 32 3 36 54 70 72 67 86 82 0,32 54
PFG_MOEA,1131,1,108.4,987.28,0 95 8 7 46 42 60 61 5 29 52 87 6 65 90 0,
PFG_MOEA,1131,2,108.4,987.28,0 79 83 11 14 98 85 88 63 74 78 64 30 15 71 0,
PFG_MOEA,1131,3,108.4,987.28,0 17 31 35 40 16 18 19 20 91 21 33 37 68 39 56 84 23 22 1 34 99 2 25 0,18 22 33
PFG_MOEA,1131,4,108.4,987.28,0 43 92 62 48 50 77 58 82 86 67 72 70 54 36 3 32 49 0,
PFG_MOEA,1131,5,108.4,987.28,0 4 24 45 51 94 66 53 80 76 9 55 96 57 73 0,
PFG_MOEA,1131,6,108.4,987.28,0 13 27 12 41 89 10 26 59 44 38 47 69 28 75 97 93 100 81 0,
PFG_MOEA,1132,1,107.83,1025.19,0 51 3 36 54 70 72 67 86 82 58 77 50 48 62 92 43 0,51 67
PFG_MOEA,1132,2,107.83,1025.19,0 2 25 99 34 1 22 23 84 56 39 68 37 33 21 91 20 19 31 17 0,39 84
PFG_MOEA,1132,3,107.83,1025.19,0 100 81 74 78 64 30 15 71 35 40 16 18 0,40
PFG_MOEA,1132,4,107.83,1025.19,0 80 97 93 89 10 98 85 88 63 14 11 83 96 57 95 73 41 12 27 13 0,95
PFG_MOEA,1132,5,107.83,1025.19,0 26 59 44 38 47 69 28 42 46 7 8 4 53 0,4
PFG_MOEA,1132,6,107.83,1025.19,0 76 9 55 75 60 61 5 29 52 87 6 65 90 79 32 49 66 94 45 24 0,55 76
PFG_MOEA,1133,1,104.19,1056.66,0 19 18 91 21 22 33 37 68 56 39 84 23 82 86 67 72 70 54 36 3 0,33 39
PFG_MOEA,1133,2,104.19,1056.66,0 50 77 58 48 62 92 43 2 1 16 40 71 35 31 17 0,40
PFG_MOEA,1133,3,104.19,1056.66,0 13 27 12 73 15 98 85 88 63 74 78 64 30 41 99 34 25 0,15
PFG_MOEA,1133,4,104.19,1056.66,0 4 80 53 66 94 45 24 55 9 76 42 14 11 83 95 57 96 89 10 0,95
PFG_MOEA,1133,5,104.19,1056.66,0 26 59 44 38 47 69 28 46 7 8 93 100 81 75 97 61 60 52 87 6 0,28
PFG_MOEA,1133,6,104.19,1056.66,0 5 29 65 90 79 32 49 51 20 0,
PFG_MOEA,1134,1,98.88,1134.43,0 23 84 39 56 68 37 33 22 21 91 19 18 16 40 35 31 17 20 0,35
PFG_MOEA,1134,2,98.88,1134.43,0 15 30 64 78 74 63 98 71 99 2 25 50 77 58 82 86 0,
PFG_MOEA,1134,3,98.88,1134.43,0 92 43 1 34 88 85 14 11 83 0,92
PFG_MOEA,1134,4,98.88,1134.43,0 4 24 45 94 66 53 80 76 9 55 96 57 95 73 41 12 27 13 0,55 76
PFG_MOEA,1134,5,98.88,1134.43,0 89 10 26 59 44 38 47 69 28 42 46 7 8 93 60 61 97 75 81 100 0,47 59
PFG_MOEA,1134,6,98.88,1134.43,0 5 29 52 87 6 65 90 79 51 49 32 67 72 70 54 36 3 62 48 0,32 51 54 72
PFG_MOEA,1135,1,172.71,848.77,0 89 10 26 59 44 38 47 69 28 42 76 9 7 8 79 51 49 32 3 36 54 70 72 67 86 82 0,3 10 67
PFG_MOEA,1135,2,172.71,848.77,0 50 77 58 48 62 92 43 1 99 25 2 0,92
PFG_MOEA,1135,3,172.71,848.77,0 34 21 37 33 22 23 84 56 39 68 18 19 91 20 17 31 16 40 35 71 15 30 64 78 74 63 88 85 98 14 11 83 96 46 0,15 20
PFG_MOEA,1135,4,172.71,848.77,0 81 75 93 100 0,
PFG_MOEA,1135,5,172.71,848.77,0 13 27 12 41 73 95 57 97 61 60 5 29 52 87 6 65 90 24 45 94 66 53 80 4 0,95
PFG_MOEA,1135,6,172.71,848.77,0 55 0,55
PFG_MOEA,1136,1,130.19,886.45,0 8 7 42 76 9 60 61 5 29 52 87 6 65 90 79 32 49 51 0,
PFG_MOEA,1136,2,130.19,886.45,0 50 77 3 36 54 70 72 67 86 82 58 48 62 92 43 0,54 62
PFG_MOEA,1136,3,130.19,886.45,0 2 25 34 21 33 37 68 39 56 84 23 22 1 99 0,
PFG_MOEA,1136,4,130.19,886.45,0 20 91 19 31 17 18 16 40 35 71 15 98 85 88 63 74 78 64 30 0,
PFG_MOEA,1136,5,130.19,886.45,0 81 46 96 83 11 14 95 57 0,
PFG_MOEA,1136,6,130.19,886.45,0 4 80 53 66 94 45 24 97 100 93 75 55 28 69 47 38 44 59 26 10 89 73 41 12 27 13 0,55 59
PFG_MOEA,1137,1,99.64,1067.22,0 57 97 61 60 5 29 52 87 6 65 90 24 45 94 66 0,
PFG_MOEA,1137,2,99.64,1067.22,0 4 80 53 55 98 63 74 78 64 30 71 0,
PFG_MOEA,1137,3,99.64,1067.22,0 99 2 25 89 10 26 59 44 38 47 69 28 42 76 9 7 8 79 0,10 79
PFG_MOEA,1137,4,99.64,1067.22,0 51 49 32 3 36 54 70 72 67 86 82 58 77 62 48 50 0,36
PFG_MOEA,1137,5,99.64,1067.22,0 92 43 34 1 21 37 33 22 23 84 56 39 68 18 19 91 20 17 31 0,84
PFG_MOEA,1137,6,99.64,1067.22,0 16 40 35 15 88 85 14 11 83 96 95 73 41 12 27 13 100 93 75 81 46 0,15 41 85
PFG_MOEA,1138,1,259.76,804.75,0 93 0,93
PFG_MOEA,1138,2,259.76,804.75,0 100 81 75 97 61 60 5 29 52 87 6 65 90 79 0,
PFG_MOEA,1138,3,259.76,804.75,0 83 11 14 98 85 88 63 74 78 64 30 15 71 35 31 17 40 16 18 19 20 91 21 33 37 68 39 56 84 23 22 1 34 99 2 25 43 92 62 48 50 77 58 82 86 67 72 70 54 36 3 32 49 51 45 24 4 0,18 22 32 51 58 62 70 71
PFG_MOEA,1138,4,259.76,804.75,0 94 66 53 80 76 9 55 96 0,55 76
PFG_MOEA,1138,5,259.76,804.75,0 57 95 73 41 12 27 13 0,95
PFG_MOEA,1138,6,259.76,804.75,0 89 10 26 59 44 38 47 69 28 42 46 7 8 0,
PFG_MOEA,1139,1,131.24,855.01,0 93 100 81 75 97 61 60 52 87 6 65 29 5 90 79 51 49 32 3 36 54 70 72 67 86 82 0,51 93
PFG_MOEA,1139,2,131.24,855.01,0 50 77 58 48 62 92 43 25 2 0,92
PFG_MOEA,1139,3,131.24,855.01,0 99 34 1 21 22 23 84 39 56 68 37 33 91 18 19 20 0,19
PFG_MOEA,1139,4,131.24,855.01,0 13 27 12 41 73 30 64 78 74 63 88 85 98 15 71 35 40 16 31 17 0,85
PFG_MOEA,1139,5,131.24,855.01,0 4 80 53 66 94 45 24 55 9 76 42 28 69 47 38 44 59 26 10 89 96 14 11 83 95 57 0,28 53
PFG_MOEA,1139,6,131.24,855.01,0 46 7 8 0,7
PFG_MOEA,1140,1,108.98,905.4,0 51 49 32 36 54 70 72 67 86 82 3 58 77 50 48 62 92 43 0,51 67
PFG_MOEA,1140,2,108.98,905.4,0 2 25 34 21 33 37 68 39 56 84 23 22 1 99 0,
PFG_MOEA,1140,3,108.98,905.4,0 20 91 19 31 17 18 16 40 35 71 15 30 64 78 74 63 88 85 98 11 83 0,91
PFG_MOEA,1140,4,108.98,905.4,0 80 93 97 89 96 57 95 73 14 41 12 27 13 0,14 93
PFG_MOEA,1140,5,108.98,905.4,0 10 26 59 44 38 47 69 28 42 46 7 8 4 53 66 94 0,
PFG_MOEA,1140,6,108.98,905.4,0 45 24 79 90 65 6 87 52 29 5 61 60 75 55 9 76 81 100 0,55
PFG_MOEA,1141,1,105.14,1054.54,0 2 25 43 34 21 33 37 82 86 67 72 70 54 36 3 77 58 62 48 92 0,72
PFG_MOEA,1141,2,105.14,1054.54,0 99 1 22 23 84 56 39 68 19 31 17 20 91 0,19
PFG_MOEA,1141,3,105.14,1054.54,0 18 16 73 41 100 93 97 75 55 28 69 47 38 44 59 26 10 89 0,
PFG_MOEA,1141,4,105.14,1054.54,0 13 27 12 40 35 71 15 30 64 78 74 63 88 85 98 81 0,71
PFG_MOEA,1141,5,105.14,1054.54,0 24 45 94 66 53 80 4 8 7 46 96 83 11 14 95 57 0,14
PFG_MOEA,1141,6,105.14,1054.54,0 42 76 9 60 61 5 29 52 87 6 65 90 79 32 49 51 50 0,
PFG_MOEA,1142,1,209.95,825.56,0 50 0,
PFG_MOEA,1142,2,209.95,825.56,0 77 58 48 62 92 43 25 2 99 34 1 21 37 33 22 23 84 56 39 68 18 19 91 20 17 31 16 40 35 71 15 30 64 78 74 63 88 85 98 14 11 83 0,22 58
PFG_MOEA,1142,3,209.95,825.56,0 4 24 45 94 66 53 0,
PFG_MOEA,1142,4,209.95,825.56,0 80 0,
PFG_MOEA,1142,5,209.95,825.56,0 13 27 12 41 73 95 57 96 89 10 26 59 44 38 47 69 28 46 7 8 100 81 42 76 9 55 75 93 97 61 60 65 6 87 52 29 5 0,47 95
PFG_MOEA,1142,6,209.95,825.56,0 90 79 51 49 32 3 36 54 70 72 67 86 82 0,32 54
PFG_MOEA,1143,1,108.4,987.28,0 95 8 7 46 42 60 61 5 29 52 87 6 65 90 0,
PFG_MOEA,1143,2,108.4,987.28,0 79 83 11 14 98 85 88 63 74 78 64 30 15 71 0,
PFG_MOEA,1143,3,108.4,987.28,0 17 31 35 40 16 18 19 20 91 21 33 37 68 39 56 84 23 22 1 34 99 2 25 0,18 22 33
PFG_MOEA,1143,4,108.4,987.28,0 43 92 62 48 50 77 58 82 86 67 72 70 54 36 3 32 49 0,
PFG_MOEA,1143,5,108.4,987.28,0 4 24 45 51 94 66 53 80 76 9 55 96 57 73 0,
PFG_MOEA,1143,6,108.4,987.28,0 13 27 12 41 89 10 26 59 44 38 47 69 28 75 97 93 100 81 0,
PFG_MOEA,1144,1,107.83,1025.19,0 51 3 36 54 70 72 67 86 82 58 77 50 48 62 92 43 0,51 67
PFG_MOEA,1144,2,107.83,1025.19,0 2 25 99 34 1 22 23 84 56 39 68 37 33 21 91 20 19 31 17 0,39 84
PFG_MOEA,1144,3,107.83,1025.19,0 100 81 74 78 64 30 15 71 35 40 16 18 0,40
PFG_MOEA,1144,4,107.83,1025.19,0 80 97 93 89 10 98 85 88 63 14 11 83 96 57 95 73 41 12 27 13 0,95
PFG_MOEA,1144,5,107.83,1025.19,0 26 59 44 38 47 69 28 42 46 7 8 4 53 0,4
PFG_MOEA,1144,6,107.83,1025.19,0 76 9 55 75 60 61 5 29 52 87 6 65 90 79 32 49 66 94 45 24 0,55 76
PFG_MOEA,1145,1,104.19,1056.66,0 19 18 91 21 22 33 37 68 56 39 84 23 82 86 67 72 70 54 36 3 0,33 39
PFG_MOEA,1145,2,104.19,1056.66,0 50 77 58 48 62 92 43 2 1 16 40 71 35 31 17 0,40
PFG_MOEA,1145,3,104.19,1056.66,0 13 27 12 73 15 98 85 88 63 74 78 64 30 41 99 34 25 0,15
PFG_MOEA,1145,4,104.19,1056.66,0 4 80 53 66 94 45 24 55 9 76 42 14 11 83 95 57 96 89 10 0,95
PFG_MOEA,1145,5,104.19,1056.66,0 26 59 44 38 47 69 28 46 7 8 93 100 81 75 97 61 60 52 87 6 0,28
PFG_MOEA,1145,6,104.19,1056.66,0 5 29 65 90 79 32 49 51 20 0,
PFG_MOEA,1146,1,98.88,1134.43,0 23 84 39 56 68 37 33 22 21 91 19 18 16 40 35 31 17 20 0,35
PFG_MOEA,1146,2,98.88,1134.43,0 15 30 64 78 74 63 98 71 99 2 25 50 77 58 82 86 0,
PFG_MOEA,1146,3,98.88,1134.43,0 92 43 1 34 88 85 14 11 83 0,92
PFG_MOEA,1146,4,98.88,1134.43,0 4 24 45 94 66 53 80 76 9 55 96 57 95 73 41 12 27 13 0,55 76
PFG_MOEA,1146,5,98.88,1134.43,0 89 10 26 59 44 38 47 69 28 42 46 7 8 93 60 61 97 75 81 100 0,47 59
PFG_MOEA,1146,6,98.88,1134.43,0 5 29 52 87 6 65 90 79 51 49 32 67 72 70 54 36 3 62 48 0,32 51 54 72
PFG_MOEA,1147,1,172.71,848.77,0 89 10 26 59 44 38 47 69 28 42 76 9 7 8 79 51 49 32 3 36 54 70 72 67 86 82 0,3 10 67
PFG_MOEA,1147,2,172.71,848.77,0 50 77 58 48 62 92 43 1 99 25 2 0,92
PFG_MOEA,1147,3,172.71,848.77,0 34 21 37 33 22 23 84 56 39 68 18 19 91 20 17 31 16 40 35 71 15 30 64 78 74 63 88 85 98 14 11 83 96 46 0,15 20
PFG_MOEA,1147,4,172.71,848.77,0 81 75 93 100 0,
PFG_MOEA,1147,5,172.71,848.77,0 13 27 12 41 73 95 57 97 61 60 5 29 52 87 6 65 90 24 45 94 66 53 80 4 0,95
PFG_MOEA,1147,6,172.71,848.77,0 55 0,55
PFG_MOEA,1148,1,130.19,886.45,0 8 7 42 76 9 60 61 5 29 52 87 6 65 90 79 32 49 51 0,
PFG_MOEA,1148,2,130.19,886.45,0 50 77 3 36 54 70 72 67 86 82 58 48 62 92 43 0,54 62
PFG_MOEA,1148,3,130.19,886.45,0 2 25 34 21 33 37 68 39 56 84 23 22 1 99 0,
PFG_MOEA,1148,4,130.19,886.45,0 20 91 19 31 17 18 16 40 35 71 15 98 85 88 63 74 78 64 30 0,
PFG_MOEA,1148,5,130.19,886.45,0 81 46 96 83 11 14 95 57 0,
PFG_MOEA,1148,6,130.19,886.45,0 4 80 53 66 94 45 24 97 100 93 75 55 28 69 47 38 44 59 26 10 89 73 41 12 27 13 0,55 59
PFG_MOEA,1149,1,99.64,1067.22,0 57 97 61 60 5 29 52 87 6 65 90 24 45 94 66 0,
PFG_MOEA,1149,2,99.64,1067.22,0 4 80 53 55 98 63 74 78 64 30 71 0,
PFG_MOEA,1149,3,99.64,1067.22,0 99 2 25 89 10 26 59 44 38 47 69 28 42 76 9 7 8 79 0,10 79
PFG_MOEA,1149,4,99.64,1067.22,0 51 49 32 3 36 54 70 72 67 86 82 58 77 62 48 50 0,36
PFG_MOEA,1149,5,99.64,1067.22,0 92 43 34 1 21 37 33 22 23 84 56 39 68 18 19 91 20 17 31 0,84
PFG_MOEA,1149,6,99.64,1067.22,0 16 40 35 15 88 85 14 11 83 96 95 73 41 12 27 13 100 93 75 81 46 0,15 41 85
PFG_MOEA,1150,1,259.76,804.75,0 93 0,93
PFG_MOEA,1150,2,259.76,804.75,0 100 81 75 97 61 60 5 29 52 87 6 65 90 79 0,
PFG_MOEA,1150,3,259.76,804.75,0 83 11 14 98 85 88 63 74 78 64 30 15 71 35 31 17 40 16 18 19 20 91 21 33 37 68 39 56 84 23 22 1 34 99 2 25 43 92 62 48 50 77 58 82 86 67 72 70 54 36 3 32 49 51 45 24 4 0,18 22 32 51 58 62 70 71
PFG_MOEA,1150,4,259.76,804.75,0 94 66 53 80 76 9 55 96 0,55 76
PFG_MOEA,1150,5,259.76,804.75,0 57 95 73 41 12 27 13 0,95
PFG_MOEA,1150,6,259.76,804.75,0 89 10 26 59 44 38 47 69 28 42 46 7 8 0,
PFG_MOEA,1151,1,131.24,855.01,0 93 100 81 75 97 61 60 52 87 6 65 29 5 90 79 51 49 32 3 36 54 70 72 67 86 82 0,51 93
PFG_MOEA,1151,2,131.24,855.01,0 50 77 58 48 62 92 43 25 2 0,92
PFG_MOEA,1151,3,131.24,855.01,0 99 34 1 21 22 23 84 39 56 68 37 33 91 18 19 20 0,19
PFG_MOEA,1151,4,131.24,855.01,0 13 27 12 41 73 30 64 78 74 63 88 85 98 15 71 35 40 16 31 17 0,85
PFG_MOEA,1151,5,131.24,855.01,0 4 80 53 66 94 45 24 55 9 76 42 28 69 47 38 44 59 26 10 89 96 14 11 83 95 57 0,28 53
PFG_MOEA,1151,6,131.24,855.01,0 46 7 8 0,7
PFG_MOEA,1152,1,108.98,905.4,0 51 49 32 36 54 70 72 67 86 82 3 58 77 50 48 62 92 43 0,51 67
PFG_MOEA,1152,2,108.98,905.4,0 2 25 34 21 33 37 68 39 56 84 23 22 1 99 0,
PFG_MOEA,1152,3,108.98,905.4,0 20 91 19 31 17 18 16 40 35 71 15 30 64 78 74 63 88 85 98 11 83 0,91
PFG_MOEA,1152,4,108.98,905.4,0 80 93 97 89 96 57 95 73 14 41 12 27 13 0,14 93
PFG_MOEA,1152,5,108.98,905.4,0 10 26 59 44 38 47 69 28 42 46 7 8 4 53 66 94 0,
PFG_MOEA,1152,6,108.98,905.4,0 45 24 79 90 65 6 87 52 29 5 61 60 75 55 9 76 81 100 0,55
PFG_MOEA,1153,1,105.14,1054.54,0 2 25 43 34 21 33 37 82 86 67 72 70 54 36 3 77 58 62 48 92 0,72
PFG_MOEA,1153,2,105.14,1054.54,0 99 1 22 23 84 56 39 68 19 31 17 20 91 0,19
PFG_MOEA,1153,3,105.14,1054.54,0 18 16 73 41 100 93 97 75 55 28 69 47 38 44 59 26 10 89 0,
PFG_MOEA,1153,4,105.14,1054.54,0 13 27 12 40 35 71 15 30 64 78 74 63 88 85 98 81 0,71
PFG_MOEA,1153,5,105.14,1054.54,0 24 45 94 66 53 80 4 8 7 46 96 83 11 14 95 57 0,14
PFG_MOEA,1153,6,105.14,1054.54,0 42 76 9 60 61 5 29 52 87 6 65 90 79 32 49 51 50 0,
PFG_MOEA,1154,1,209.95,825.56,0 50 0,
PFG_MOEA,1154,2,209.95,825.56,0 77 58 48 62 92 43 25 2 99 34 1 21 37 33 22 23 84 56 39 68 18 19 91 20 17 31 16 40 35 71 15 30 64 78 74 63 88 85 98 14 11 83 0,22 58
PFG_MOEA,1154,3,209.95,825.56,0 4 24 45 94 66 53 0,
PFG_MOEA,1154,4,209.95,825.56,0 80 0,
PFG_MOEA,1154,5,209.95,825.56,0 13 27 12 41 73 95 57 96 89 10 26 59 44 38 47 69 28 46 7 8 100 81 42 76 9 55 75 93 97 61 60 65 6 87 52 29 5 0,47 95
PFG_MOEA,1154,6,209.95,825.56,0 90 79 51 49 32 3 36 54 70 72 67 86 82 0,32 54
PFG_MOEA,1155,1,108.4,987.28,0 95 8 7 46 42 60 61 5 29 52 87 6 65 90 0,
PFG_MOEA,1155,2,108.4,987.28,0 79 83 11 14 98 85 88 63 74 78 64 30 15 71 0,
PFG_MOEA,1155,3,108.4,987.28,0 17 31 35 40 16 18 19 20 91 21 33 37 68 39 56 84 23 22 1 34 99 2 25 0,18 22 33
PFG_MOEA,1155,4,108.4,987.28,0 43 92 62 48 50 77 58 82 86 67 72 70 54 36 3 32 49 0,
PFG_MOEA,1155,5,108.4,987.28,0 4 24 45 51 94 66 53 80 76 9 55 96 57 73 0,
PFG_MOEA,1155,6,108.4,987.28,0 13 27 12 41 89 10 26 59 44 38 47 69 28 75 97 93 100 81 0,
PFG_MOEA,1156,1,107.83,1025.19,0 51 3 36 54 70 72 67 86 82 58 77 50 48 62 92 43 0,51 67
PFG_MOEA,1156,2,107.83,1025.19,0 2 25 99 34 1 22 23 84 56 39 68 37 33 21 91 20 19 31 17 0,39 84
PFG_MOEA,1156,3,107.83,1025.19,0 100 81 74 78 64 30 15 71 35 40 16 18 0,40
PFG_MOEA,1156,4,107.83,1025.19,0 80 97 93 89 10 98 85 88 63 14 11 83 96 57 95 73 41 12 27 13 0,95
PFG_MOEA,1156,5,107.83,1025.19,0 26 59 44 38 47 69 28 42 46 7 8 4 53 0,4
PFG_MOEA,1156,6,107.83,1025.19,0 76 9 55 75 60 61 5 29 52 87 6 65 90 79 32 49 66 94 45 24 0,55 76
PFG_MOEA,1157,1,104.19,1056.66,0 19 18 91 21 22 33 37 68 56 39 84 23 82 86 67 72 70 54 36 3 0,33 39
PFG_MOEA,1157,2,104.19,1056.66,0 50 77 58 48 62 92 43 2 1 16 40 71 35 31 17 0,40
PFG_MOEA,1157,3,104.19,1056.66,0 13 27 12 73 15 98 85 88 63 74 78 64 30 41 99 34 25 0,15
PFG_MOEA,1157,4,104.19,1056.66,0 4 80 53 66 94 45 24 55 9 76 42 14 11 83 95 57 96 89 10 0,95
PFG_MOEA,1157,5,104.19,1056.66,0 26 59 44 38 47 69 28 46 7 8 93 100 81 75 97 61 60 52 87 6 0,28
PFG_MOEA,1157,6,104.19,1056.66,0 5 29 65 90 79 32 49 51 20 0,
PFG_MOEA,1158,1,98.88,1134.43,0 23 84 39 56 68 37 33 22 21 91 19 18 16 40 35 31 17 20 0,35
PFG_MOEA,1158,2,98.88,1134.43,0 15 30 64 78 74 63 98 71 99 2 25 50 77 58 82 86 0,
PFG_MOEA,1158,3,98.88,1134.43,0 92 43 1 34 88 85 14 11 83 0,92
PFG_MOEA,1158,4,98.88,1134.43,0 4 24 45 94 66 53 80 76 9 55 96 57 95 73 41 12 27 13 0,55 76
PFG_MOEA,1158,5,98.88,1134.43,0 89 10 26 59 44 38 47 69 28 42 46 7 8 93 60 61 97 75 81 100 0,47 59
PFG_MOEA,1158,6,98.88,1134.43,0 5 29 52 87 6 65 90 79 51 49 32 67 72 70 54 36 3 62 48 0,32 51 54 72
PFG_MOEA,1159,1,172.71,848.77,0 89 10 26 59 44 38 47 69 28 42 76 9 7 8 79 51 49 32 3 36 54 70 72 67 86 82 0,3 10 67
PFG_MOEA,1159,2,172.71,848.77,0 50 77 58 48 62 92 43 1 99 25 2 0,92
PFG_MOEA,1159,3,172.71,848.77,0 34 21 37 33 22 23 84 56 39 68 18 19 91 20 17 31 16 40 35 71 15 30 64 78 74 63 88 85 98 14 11 83 96 46 0,15 20
PFG_MOEA,1159,4,172.71,848.77,0 81 75 93 100 0,
PFG_MOEA,1159,5,172.71,848.77,0 13 27 12 41 73 95 57 97 61 60 5 29 52 87 6 65 90 24 45 94 66 53 80 4 0,95
PFG_MOEA,1159,6,172.71,848.77,0 55 0,55
PFG_MOEA,1160,1,130.19,886.45,0 8 7 42 76 9 60 61 5 29 52 87 6 65 90 79 32 49 51 0,
PFG_MOEA,1160,2,130.19,886.45,0 50 77 3 36 54 70 72 67 86 82 58 48 62 92 43 0,54 62
PFG_MOEA,1160,3,130.19,886.45,0 2 25 34 21 33 37 68 39 56 84 23 22 1 99 0,
PFG_MOEA,1160,4,130.19,886.45,0 20 91 19 31 17 18 16 40 35 71 15 98 85 88 63 74 78 64 30 0,
PFG_MOEA,1160,5,130.19,886.45,0 81 46 96 83 11 14 95 57 0,
PFG_MOEA,1160,6,130.19,886.45,0 4 80 53 66 94 45 24 97 100 93 75 55 28 69 47 38 44 59 26 10 89 73 41 12 27 13 0,55 59
PFG_MOEA,1161,1,99.64,1067.22,0 57 97 61 60 5 29 52 87 6 65 90 24 45 94 66 0,
PFG_MOEA,1161,2,99.64,1067.22,0 4 80 53 55 98 63 74 78 64 30 71 0,
PFG_MOEA,1161,3,99.64,1067.22,0 99 2 25 89 10 26 59 44 38 47 69 28 42 76 9 7 8 79 0,10 79
PFG_MOEA,1161,4,99.64,1067.22,0 51 49 32 3 36 54 70 72 67 86 82 58 77 62 48 50 0,36
PFG_MOEA,1161,5,99.64,1067.22,0 92 43 34 1 21 37 33 22 23 84 56 39 68 18 19 91 20 17 31 0,84
PFG_MOEA,1161,6,99.64,1067.22,0 16 40 35 15 88 85 14 11 83 96 95 73 41 12 27 13 100 93 75 81 46 0,15 41 85
PFG_MOEA,1162,1,259.76,804.75,0 93 0,93
PFG_MOEA,1162,2,259.76,804.75,0 100 81 75 97 61 60 5 29 52 87 6 65 90 79 0,
PFG_MOEA,1162,3,259.76,804.75,0 83 11 14 98 85 88 63 74 78 64 30 15 71 35 31 17 40 16 18 19 20 91 21 33 37 68 39 56 84 23 22 1 34 99 2 25 43 92 62 48 50 77 58 82 86 67 72 70 54 36 3 32 49 51 45 24 4 0,18 22 32 51 58 62 70 71
PFG_MOEA,1162,4,259.76,804.75,0 94 66 53 80 76 9 55 96 0,55 76
PFG_MOEA,1162,5,259.76,804.75,0 57 95 73 41 12 27 13 0,95
PFG_MOEA,1162,6,259.76,804.75,0 89 10 26 59 44 38 47 69 28 42 46 7 8 0,
PFG_MOEA,1163,1,131.24,855.01,0 93 100 81 75 97 61 60 52 87 6 65 29 5 90 79 51 49 32 3 36 54 70 72 67 86 82 0,51 93
PFG_MOEA,1163,2,131.24,855.01,0 50 77 58 48 62 92 43 25 2 0,92
PFG_MOEA,1163,3,131.24,855.01,0 99 34 1 21 22 23 84 39 56 68 37 33 91 18 19 20 0,19
PFG_MOEA,1163,4,131.24,855.01,0 13 27 12 41 73 30 64 78 74 63 88 85 98 15 71 35 40 16 31 17 0,85
PFG_MOEA,1163,5,131.24,855.01,0 4 80 53 66 94 45 24 55 9 76 42 28 69 47 38 44 59 26 10 89 96 14 11 83 95 57 0,28 53
PFG_MOEA,1163,6,131.24,855.01,0 46 7 8 0,7
PFG_MOEA,1164,1,108.98,905.4,0 51 49 32 36 54 70 72 67 86 82 3 58 77 50 48 62 92 43 0,51 67
PFG_MOEA,1164,2,108.98,905.4,0 2 25 34 21 33 37 68 39 56 84 23 22 1 99 0,
PFG_MOEA,1164,3,108.98,905.4,0 20 91 19 31 17 18 16 40 35 71 15 30 64 78 74 63 88 85 98 11 83 0,91
PFG_MOEA,1164,4,108.98,905.4,0 80 93 97 89 96 57 95 73 14 41 12 27 13 0,14 93
PFG_MOEA,1164,5,108.98,905.4,0 10 26 59 44 38 47 69 28 42 46 7 8 4 53 66 94 0,
PFG_MOEA,1164,6,108.98,905.4,0 45 24 79 90 65 6 87 52 29 5 61 60 75 55 9 76 81 100 0,55
PFG_MOEA,1165,1,105.14,1054.54,0 2 25 43 34 21 33 37 82 86 67 72 70 54 36 3 77 58 62 48 92 0,72
PFG_MOEA,1165,2,105.14,1054.54,0 99 1 22 23 84 56 39 68 19 31 17 20 91 0,19
PFG_MOEA,1165,3,105.14,1054.54,0 18 16 73 41 100 93 97 75 55 28 69 47 38 44 59 26 10 89 0,
PFG_MOEA,1165,4,105.14,1054.54,0 13 27 12 40 35 71 15 30 64 78 74 63 88 85 98 81 0,71
PFG_MOEA,1165,5,105.14,1054.54,0 24 45 94 66 53 80 4 8 7 46 96 83 11 14 95 57 0,14
PFG_MOEA,1165,6,105.14,1054.54,0 42 76 9 60 61 5 29 52 87 6 65 90 79 32 49 51 50 0,
PFG_MOEA,1166,1,209.95,825.56,0 50 0,
PFG_MOEA,1166,2,209.95,825.56,0 77 58 48 62 92 43 25 2 99 34 1 21 37 33 22 23 84 56 39 68 18 19 91 20 17 31 16 40 35 71 15 30 64 78 74 63 88 85 98 14 11 83 0,22 58
PFG_MOEA,1166,3,209.95,825.56,0 4 24 45 94 66 53 0,
PFG_MOEA,1166,4,209.95,825.56,0 80 0,
PFG_MOEA,1166,5,209.95,825.56,0 13 27 12 41 73 95 57 96 89 10 26 59 44 38 47 69 28 46 7 8 100 81 42 76 9 55 75 93 97 61 60 65 6 87 52 29 5 0,47 95
PFG_MOEA,1166,6,209.95,825.56,0 90 79 51 49 32 3 36 54 70 72 67 86 82 0,32 54
PFG_MOEA,1167,1,108.4,987.28,0 95 8 7 46 42 60 61 5 29 52 87 6 65 90 0,
PFG_MOEA,1167,2,108.4,987.28,0 79 83 11 14 98 85 88 63 74 78 64 30 15 71 0,
PFG_MOEA,1167,3,108.4,987.28,0 17 31 35 40 16 18 19 20 91 21 33 37 68 39 56 84 23 22 1 34 99 2 25 0,18 22 33
PFG_MOEA,1167,4,108.4,987.28,0 43 92 62 48 50 77 58 82 86 67 72 70 54 36 3 32 49 0,
PFG_MOEA,1167,5,108.4,987.28,0 4 24 45 51 94 66 53 80 76 9 55 96 57 73 0,
PFG_MOEA,1167,6,108.4,987.28,0 13 27 12 41 89 10 26 59 44 38 47 69 28 75 97 93 100 81 0,
PFG_MOEA,1168,1,107.83,1025.19,0 51 3 36 54 70 72 67 86 82 58 77 50 48 62 92 43 0,51 67
PFG_MOEA,1168,2,107.83,1025.19,0 2 25 99 34 1 22 23 84 56 39 68 37 33 21 91 20 19 31 17 0,39 84
PFG_MOEA,1168,3,107.83,1025.19,0 100 81 74 78 64 30 15 71 35 40 16 18 0,40
PFG_MOEA,1168,4,107.83,1025.19,0 80 97 93 89 10 98 85 88 63 14 11 83 96 57 95 73 41 12 27 13 0,95
PFG_MOEA,1168,5,107.83,1025.19,0 26 59 44 38 47 69 28 42 46 7 8 4 53 0,4
PFG_MOEA,1168,6,107.83,1025.19,0 76 9 55 75 60 61 5 29 52 87 6 65 90 79 32 49 66 94 45 24 0,55 76
PFG_MOEA,1169,1,104.19,1056.66,0 19 18 91 21 22 33 37 68 56 39 84 23 82 86 67 72 70 54 36 3 0,33 39
PFG_MOEA,1169,2,104.19,1056.66,0 50 77 58 48 62 92 43 2 1 16 40 71 35 31 17 0,40
PFG_MOEA,1169,3,104.19,1056.66,0 13 27 12 73 15 98 85 88 63 74 78 64 30 41 99 34 25 0,15
PFG_MOEA,1169,4,104.19,1056.66,0 4 80 53 66 94 45 24 55 9 76 42 14 11 83 95 57 96 89 10 0,95
PFG_MOEA,1169,5,104.19,1056.66,0 26 59 44 38 47 69 28 46 7 8 93 100 81 75 97 61 60 52 87 6 0,28
PFG_MOEA,1169,6,104.19,1056.66,0 5 29 65 90 79 32 49 51 20 0,
PFG_MOEA,1170,1,98.88,1134.43,0 23 84 39 56 68 37 33 22 21 91 19 18 16 40 35 31 17 20 0,35
PFG_MOEA,1170,2,98.88,1134.43,0 15 30 64 78 74 63 98 71 99 2 25 50 77 58 82 86 0,
PFG_MOEA,1170,3,98.88,1134.43,0 92 43 1 34 88 85 14 11 83 0,92
PFG_MOEA,1170,4,98.88,1134.43,0 4 24 45 94 66 53 80 76 9 55 96 57 95 73 41 12 27 13 0,55 76
PFG_MOEA,1170,5,98.88,1134.43,0 89 10 26 59 44 38 47 69 28 42 46 7 8 93 60 61 97 75 81 100 0,47 59
PFG_MOEA,1170,6,98.88,1134.43,0 5 29 52 87 6 65 90 79 51 49 32 67 72 70 54 36 3 62 48 0,32 51 54 72
PFG_MOEA,1171,1,172.71,848.77,0 89 10 26 59 44 38 47 69 28 42 76 9 7 8 79 51 49 32 3 36 54 70 72 67 86 82 0,3 10 67
PFG_MOEA,1171,2,172.71,848.77,0 50 77 58 48 62 92 43 1 99 25 2 0,92
PFG_MOEA,1171,3,172.71,848.77,0 34 21 37 33 22 23 84 56 39 68 18 19 91 20 17 31 16 40 35 71 15 30 64 78 74 63 88 85 98 14 11 83 96 46 0,15 20
PFG_MOEA,1171,4,172.71,848.77,0 81 75 93 100 0,
PFG_MOEA,1171,5,172.71,848.77,0 13 27 12 41 73 95 57 97 61 60 5 29 52 87 6 65 90 24 45 94 66 53 80 4 0,95
PFG_MOEA,1171,6,172.71,848.77,0 55 0,55
PFG_MOEA,1172,1,130.19,886.45,0 8 7 42 76 9 60 61 5 29 52 87 6 65 90 79 32 49 51 0,
PFG_MOEA,1172,2,130.19,886.45,0 50 77 3 36 54 70 72 67 86 82 58 48 62 92 43 0,54 62
PFG_MOEA,1172,3,130.19,886.45,0 2 25 34 21 33 37 68 39 56 84 23 22 1 99 0,
PFG_MOEA,1172,4,130.19,886.45,0 20 91 19 31 17 18 16 40 35 71 15 98 85 88 63 74 78 64 30 0,
PFG_MOEA,1172,5,130.19,886.45,0 81 46 96 83 11 14 95 57 0,
PFG_MOEA,1172,6,130.19,886.45,0 4 80 53 66 94 45 24 97 100 93 75 55 28 69 47 38 44 59 26 10 89 73 41 12 27 13 0,55 59
PFG_MOEA,1173,1,99.64,1067.22,0 57 97 61 60 5 29 52 87 6 65 90 24 45 94 66 0,
PFG_MOEA,1173,2,99.64,1067.22,0 4 80 53 55 98 63 74 78 64 30 71 0,
PFG_MOEA,1173,3,99.64,1067.22,0 99 2 25 89 10 26 59 44 38 47 69 28 42 76 9 7 8 79 0,10 79
PFG_MOEA,1173,4,99.64,1067.22,0 51 49 32 3 36 54 70 72 67 86 82 58 77 62 48 50 0,36
PFG_MOEA,1173,5,99.64,1067.22,0 92 43 34 1 21 37 33 22 23 84 56 39 68 18 19 91 20 17 31 0,84
PFG_MOEA,1173,6,99.64,1067.22,0 16 40 35 15 88 85 14 11 83 96 95 73 41 12 27 13 100 93 75 81 46 0,15 41 85
PFG_MOEA,1174,1,259.76,804.75,0 93 0,93
PFG_MOEA,1174,2,259.76,804.75,0 100 81 75 97 61 60 5 29 52 87 6 65 90 79 0,
PFG_MOEA,1174,3,259.76,804.75,0 83 11 14 98 85 88 63 74 78 64 30 15 71 35 31 17 40 16 18 19 20 91 21 33 37 68 39 56 84 23 22 1 34 99 2 25 43 92 62 48 50 77 58 82 86 67 72 70 54 36 3 32 49 51 45 24 4 0,18 22 32 51 58 62 70 71
PFG_MOEA,1174,4,259.76,804.75,0 94 66 53 80 76 9 55 96 0,55 76
PFG_MOEA,1174,5,259.76,804.75,0 57 95 73 41 12 27 13 0,95
PFG_MOEA,1174,6,259.76,804.75,0 89 10 26 59 44 38 47 69 28 42 46 7 8 0,
PFG_MOEA,1175,1,131.24,855.01,0 93 100 81 75 97 61 60 52 87 6 65 29 5 90 79 51 49 32 3 36 54 70 72 67 86 82 0,51 93
PFG_MOEA,1175,2,131.24,855.01,0 50 77 58 48 62 92 43 25 2 0,92
PFG_MOEA,1175,3,131.24,855.01,0 99 34 1 21 22 23 84 39 56 68 37 33 91 18 19 20 0,19
PFG_MOEA,1175,4,131.24,855.01,0 13 27 12 41 73 30 64 78 74 63 88 85 98 15 71 35 40 16 31 17 0,85
PFG_MOEA,1175,5,131.24,855.01,0 4 80 53 66 94 45 24 55 9 76 42 28 69 47 38 44 59 26 10 89 96 14 11 83 95 57 0,28 53
PFG_MOEA,1175,6,131.24,855.01,0 46 7 8 0,7
PFG_MOEA,1176,1,108.98,905.4,0 51 49 32 36 54 70 72 67 86 82 3 58 77 50 48 62 92 43 0,51 67
PFG_MOEA,1176,2,108.98,905.4,0 2 25 34 21 33 37 68 39 56 84 23 22 1 99 0,
PFG_MOEA,1176,3,108.98,905.4,0 20 91 19 31 17 18 16 40 35 71 15 30 64 78 74 63 88 85 98 11 83 0,91
PFG_MOEA,1176,4,108.98,905.4,0 80 93 97 89 96 57 95 73 14 41 12 27 13 0,14 93
PFG_MOEA,1176,5,108.98,905.4,0 10 26 59 44 38 47 69 28 42 46 7 8 4 53 66 94 0,
PFG_MOEA,1176,6,108.98,905.4,0 45 24 79 90 65 6 87 52 29 5 61 60 75 55 9 76 81 100 0,55
PFG_MOEA,1177,1,105.14,1054.54,0 2 25 43 34 21 33 37 82 86 67 72 70 54 36 3 77 58 62 48 92 0,72
PFG_MOEA,1177,2,105.14,1054.54,0 99 1 22 23 84 56 39 68 19 31 17 20 91 0,19
PFG_MOEA,1177,3,105.14,1054.54,0 18 16 73 41 100 93 97 75 55 28 69 47 38 44 59 26 10 89 0,
PFG_MOEA,1177,4,105.14,1054.54,0 13 27 12 40 35 71 15 30 64 78 74 63 88 85 98 81 0,71
PFG_MOEA,1177,5,105.14,1054.54,0 24 45 94 66 53 80 4 8 7 46 96 83 11 14 95 57 0,14
PFG_MOEA,1177,6,105.14,1054.54,0 42 76 9 60 61 5 29 52 87 6 65 90 79 32 49 51 50 0,
PFG_MOEA,1178,1,209.95,825.56,0 50 0,
PFG_MOEA,1178,2,209.95,825.56,0 77 58 48 62 92 43 25 2 99 34 1 21 37 33 22 23 84 56 39 68 18 19 91 20 17 31 16 40 35 71 15 30 64 78 74 63 88 85 98 14 11 83 0,22 58
PFG_MOEA,1178,3,209.95,825.56,0 4 24 45 94 66 53 0,
PFG_MOEA,1178,4,209.95,825.56,0 80 0,
PFG_MOEA,1178,5,209.95,825.56,0 13 27 12 41 73 95 57 96 89 10 26 59 44 38 47 69 28 46 7 8 100 81 42 76 9 55 75 93 97 61 60 65 6 87 52 29 5 0,47 95
PFG_MOEA,1178,6,209.95,825.56,0 90 79 51 49 32 3 36 54 70 72 67 86 82 0,32 54
PFG_MOEA,1179,1,108.4,987.28,0 95 8 7 46 42 60 61 5 29 52 87 6 65 90 0,
PFG_MOEA,1179,2,108.4,987.28,0 79 83 11 14 98 85 88 63 74 78 64 30 15 71 0,
PFG_MOEA,1179,3,108.4,987.28,0 17 31 35 40 16 18 19 20 91 21 33 37 68 39 56 84 23 22 1 34 99 2 25 0,18 22 33
PFG_MOEA,1179,4,108.4,987.28,0 43 92 62 48 50 77 58 82 86 67 72 70 54 36 3 32 49 0,
PFG_MOEA,1179,5,108.4,987.28,0 4 24 45 51 94 66 53 80 76 9 55 96 57 73 0,
PFG_MOEA,1179,6,108.4,987.28,0 13 27 12 41 89 10 26 59 44 38 47 69 28 75 97 93 100 81 0,
PFG_MOEA,1180,1,107.83,1025.19,0 51 3 36 54 70 72 67 86 82 58 77 50 48 62 92 43 0,51 67
PFG_MOEA,1180,2,107.83,1025.19,0 2 25 99 34 1 22 23 84 56 39 68 37 33 21 91 20 19 31 17 0,39 84
PFG_MOEA,1180,3,107.83,1025.19,0 100 81 74 78 64 30 15 71 35 40 16 18 0,40
PFG_MOEA,1180,4,107.83,1025.19,0 80 97 93 89 10 98 85 88 63 14 11 83 96 57 95 73 41 12 27 13 0,95
PFG_MOEA,1180,5,107.83,1025.19,0 26 59 44 38 47 69 28 42 46 7 8 4 53 0,4
PFG_MOEA,1180,6,107.83,1025.19,0 76 9 55 75 60 61 5 29 52 87 6 65 90 79 32 49 66 94 45 24 0,55 76
PFG_MOEA,1181,1,104.19,1056.66,0 19 18 91 21 22 33 37 68 56 39 84 23 82 86 67 72 70 54 36 3 0,33 39
PFG_MOEA,1181,2,104.19,1056.66,0 50 77 58 48 62 92 43 2 1 16 40 71 35 31 17 0,40
PFG_MOEA,1181,3,104.19,1056.66,0 13 27 12 73 15 98 85 88 63 74 78 64 30 41 99 34 25 0,15
PFG_MOEA,1181,4,104.19,1056.66,0 4 80 53 66 94 45 24 55 9 76 42 14 11 83 95 57 96 89 10 0,95
PFG_MOEA,1181,5,104.19,1056.66,0 26 59 44 38 47 69 28 46 7 8 93 100 81 75 97 61 60 52 87 6 0,28
PFG_MOEA,1181,6,104.19,1056.66,0 5 29 65 90 79 32 49 51 20 0,
PFG_MOEA,1182,1,98.88,1134.43,0 23 84 39 56 68 37 33 22 21 91 19 18 16 40 35 31 17 20 0,35
PFG_MOEA,1182,2,98.88,1134.43,0 15 30 64 78 74 63 98 71 99 2 25 50 77 58 82 86 0,
PFG_MOEA,1182,3,98.88,1134.43,0 92 43 1 34 88 85 14 11 83 0,92
PFG_MOEA,1182,4,98.88,1134.43,0 4 24 45 94 66 53 80 76 9 55 96 57 95 73 41 12 27 13 0,55 76
PFG_MOEA,1182,5,98.88,1134.43,0 89 10 26 59 44 38 47 69 28 42 46 7 8 93 60 61 97 75 81 100 0,47 59
PFG_MOEA,1182,6,98.88,1134.43,0 5 29 52 87 6 65 90 79 51 49 32 67 72 70 54 36 3 62 48 0,32 51 54 72
PFG_MOEA,1183,1,172.71,848.77,0 89 10 26 59 44 38 47 69 28 42 76 9 7 8 79 51 49 32 3 36 54 70 72 67 86 82 0,3 10 67
PFG_MOEA,1183,2,172.71,848.77,0 50 77 58 48 62 92 43 1 99 25 2 0,92
PFG_MOEA,1183,3,172.71,848.77,0 34 21 37 33 22 23 84 56 39 68 18 19 91 20 17 31 16 40 35 71 15 30 64 78 74 63 88 85 98 14 11 83 96 46 0,15 20
PFG_MOEA,1183,4,172.71,848.77,0 81 75 93 100 0,
PFG_MOEA,1183,5,172.71,848.77,0 13 27 12 41 73 95 57 97 61 60 5 29 52 87 6 65 90 24 45 94 66 53 80 4 0,95
PFG_MOEA,1183,6,172.71,848.77,0 55 0,55
PFG_MOEA,1184,1,130.19,886.45,0 8 7 42 76 9 60 61 5 29 52 87 6 65 90 79 32 49 51 0,
PFG_MOEA,1184,2,130.19,886.45,0 50 77 3 36 54 70 72 67 86 82 58 48 62 92 43 0,54 62
PFG_MOEA,1184,3,130.19,886.45,0 2 25 34 21 33 37 68 39 56 84 23 22 1 99 0,
PFG_MOEA,1184,4,130.19,886.45,0 20 91 19 31 17 18 16 40 35 71 15 98 85 88 63 74 78 64 30 0,
PFG_MOEA,1184,5,130.19,886.45,0 81 46 96 83 11 14 95 57 0,
PFG_MOEA,1184,6,130.19,886.45,0 4 80 53 66 94 45 24 97 100 93 75 55 28 69 47 38 44 59 26 10 89 73 41 12 27 13 0,55 59
PFG_MOEA,1185,1,99.64,1067.22,0 57 97 61 60 5 29 52 87 6 65 90 24 45 94 66 0,
PFG_MOEA,1185,2,99.64,1067.22,0 4 80 53 55 98 63 74 78 64 30 71 0,
PFG_MOEA,1185,3,99.64,1067.22,0 99 2 25 89 10 26 59 44 38 47 69 28 42 76 9 7 8 79 0,10 79
PFG_MOEA,1185,4,99.64,1067.22,0 51 49 32 3 36 54 70 72 67 86 82 58 77 62 48 50 0,36
PFG_MOEA,1185,5,99.64,1067.22,0 92 43 34 1 21 37 33 22 23 84 56 39 68 18 19 91 20 17 31 0,84
PFG_MOEA,1185,6,99.64,1067.22,0 16 40 35 15 88 85 14 11 83 96 95 73 41 12 27 13 100 93 75 81 46 0,15 41 85
PFG_MOEA,1186,1,259.76,804.75,0 93 0,93
PFG_MOEA,1186,2,259.76,804.75,0 100 81 75 97 61 60 5 29 52 87 6 65 90 79 0,
PFG_MOEA,1186,3,259.76,804.75,0 83 11 14 98 85 88 63 74 78 64 30 15 71 35 31 17 40 16 18 19 20 91 21 33 37 68 39 56 84 23 22 1 34 99 2 25 43 92 62 48 50 77 58 82 86 67 72 70 54 36 3 32 49 51 45 24 4 0,18 22 32 51 58 62 70 71
PFG_MOEA,1186,4,259.76,804.75,0 94 66 53 80 76 9 55 96 0,55 76
PFG_MOEA,1186,5,259.76,804.75,0 57 95 73 41 12 27 13 0,95
PFG_MOEA,1186,6,259.76,804.75,0 89 10 26 59 44 38 47 69 28 42 46 7 8 0,
PFG_MOEA,1187,1,131.24,855.01,0 93 100 81 75 97 61 60 52 87 6 65 29 5 90 79 51 49 32 3 36 54 70 72 67 86 82 0,51 93
PFG_MOEA,1187,2,131.24,855.01,0 50 77 58 48 62 92 43 25 2 0,92
PFG_MOEA,1187,3,131.24,855.01,0 99 34 1 21 22 23 84 39 56 68 37 33 91 18 19 20 0,19
PFG_MOEA,1187,4,131.24,855.01,0 13 27 12 41 73 30 64 78 74 63 88 85 98 15 71 35 40 16 31 17 0,85
PFG_MOEA,1187,5,131.24,855.01,0 4 80 53 66 94 45 24 55 9 76 42 28 69 47 38 44 59 26 10 89 96 14 11 83 95 57 0,28 53
PFG_MOEA,1187,6,131.24,855.01,0 46 7 8 0,7
PFG_MOEA,1188,1,108.98,905.4,0 51 49 32 36 54 70 72 67 86 82 3 58 77 50 48 62 92 43 0,51 67
PFG_MOEA,1188,2,108.98,905.4,0 2 25 34 21 33 37 68 39 56 84 23 22 1 99 0,
PFG_MOEA,1188,3,108.98,905.4,0 20 91 19 31 17 18 16 40 35 71 15 30 64 78 74 63 88 85 98 11 83 0,91
PFG_MOEA,1188,4,108.98,905.4,0 80 93 97 89 96 57 95 73 14 41 12 27 13 0,14 93
PFG_MOEA,1188,5,108.98,905.4,0 10 26 59 44 38 47 69 28 42 46 7 8 4 53 66 94 0,
PFG_MOEA,1188,6,108.98,905.4,0 45 24 79 90 65 6 87 52 29 5 61 60 75 55 9 76 81 100 0,55
PFG_MOEA,1189,1,105.14,1054.54,0 2 25 43 34 21 33 37 82 86 67 72 70 54 36 3 77 58 62 48 92 0,72
PFG_MOEA,1189,2,105.14,1054.54,0 99 1 22 23 84 56 39 68 19 31 17 20 91 0,19
PFG_MOEA,1189,3,105.14,1054.54,0 18 16 73 41 100 93 97 75 55 28 69 47 38 44 59 26 10 89 0,
PFG_MOEA,1189,4,105.14,1054.54,0 13 27 12 40 35 71 15 30 64 78 74 63 88 85 98 81 0,71
PFG_MOEA,1189,5,105.14,1054.54,0 24 45 94 66 53 80 4 8 7 46 96 83 11 14 95 57 0,14
PFG_MOEA,1189,6,105.14,1054.54,0 42 76 9 60 61 5 29 52 87 6 65 90 79 32 49 51 50 0,
PFG_MOEA,1190,1,209.95,825.56,0 50 0,
PFG_MOEA,1190,2,209.95,825.56,0 77 58 48 62 92 43 25 2 99 34 1 21 37 33 22 23 84 56 39 68 18 19 91 20 17 31 16 40 35 71 15 30 64 78 74 63 88 85 98 14 11 83 0,22 58
PFG_MOEA,1190,3,209.95,825.56,0 4 24 45 94 66 53 0,
PFG_MOEA,1190,4,209.95,825.56,0 80 0,
PFG_MOEA,1190,5,209.95,825.56,0 13 27 12 41 73 95 57 96 89 10 26 59 44 38 47 69 28 46 7 8 100 81 42 76 9 55 75 93 97 61 60 65 6 87 52 29 5 0,47 95
PFG_MOEA,1190,6,209.95,825.56,0 90 79 51 49 32 3 36 54 70 72 67 86 82 0,32 54
PFG_MOEA,1191,1,108.4,987.28,0 95 8 7 46 42 60 61 5 29 52 87 6 65 90 0,
PFG_MOEA,1191,2,108.4,987.28,0 79 83 11 14 98 85 88 63 74 78 64 30 15 71 0,
PFG_MOEA,1191,3,108.4,987.28,0 17 31 35 40 16 18 19 20 91 21 33 37 68 39 56 84 23 22 1 34 99 2 25 0,18 22 33
PFG_MOEA,1191,4,108.4,987.28,0 43 92 62 48 50 77 58 82 86 67 72 70 54 36 3 32 49 0,
PFG_MOEA,1191,5,108.4,987.28,0 4 24 45 51 94 66 53 80 76 9 55 96 57 73 0,
PFG_MOEA,1191,6,108.4,987.28,0 13 27 12 41 89 10 26 59 44 38 47 69 28 75 97 93 100 81 0,
PFG_MOEA,1192,1,107.83,1025.19,0 51 3 36 54 70 72 67 86 82 58 77 50 48 62 92 43 0,51 67
PFG_MOEA,1192,2,107.83,1025.19,0 2 25 99 34 1 22 23 84 56 39 68 37 33 21 91 20 19 31 17 0,39 84
PFG_MOEA,1192,3,107.83,1025.19,0 100 81 74 78 64 30 15 71 35 40 16 18 0,40
PFG_MOEA,1192,4,107.83,1025.19,0 80 97 93 89 10 98 85 88 63 14 11 83 96 57 95 73 41 12 27 13 0,95
PFG_MOEA,1192,5,107.83,1025.19,0 26 59 44 38 47 69 28 42 46 7 8 4 53 0,4
PFG_MOEA,1192,6,107.83,1025.19,0 76 9 55 75 60 61 5 29 52 87 6 65 90 79 32 49 66 94 45 24 0,55 76
PFG_MOEA,1193,1,104.19,1056.66,0 19 18 91 21 22 33 37 68 56 39 84 23 82 86 67 72 70 54 36 3 0,33 39
PFG_MOEA,1193,2,104.19,1056.66,0 50 77 58 48 62 92 43 2 1 16 40 71 35 31 17 0,40
PFG_MOEA,1193,3,104.19,1056.66,0 13 27 12 73 15 98 85 88 63 74 78 64 30 41 99 34 25 0,15
PFG_MOEA,1193,4,104.19,1056.66,0 4 80 53 66 94 45 24 55 9 76 42 14 11 83 95 57 96 89 10 0,95
PFG_MOEA,1193,5,104.19,1056.66,0 26 59 44 38 47 69 28 46 7 8 93 100 81 75 97 61 60 52 87 6 0,28
PFG_MOEA,1193,6,104.19,1056.66,0 5 29 65 90 79 32 49 51 20 0,
PFG_MOEA,1194,1,98.88,1134.43,0 23 84 39 56 68 37 33 22 21 91 19 18 16 40 35 31 17 20 0,35
PFG_MOEA,1194,2,98.88,1134.43,0 15 30 64 78 74 63 98 71 99 2 25 50 77 58 82 86 0,
PFG_MOEA,1194,3,98.88,1134.43,0 92 43 1 34 88 85 14 11 83 0,92
PFG_MOEA,1194,4,98.88,1134.43,0 4 24 45 94 66 53 80 76 9 55 96 57 95 73 41 12 27 13 0,55 76
PFG_MOEA,1194,5,98.88,1134.43,0 89 10 26 59 44 38 47 69 28 42 46 7 8 93 60 61 97 75 81 100 0,47 59
PFG_MOEA,1194,6,98.88,1134.43,0 5 29 52 87 6 65 90 79 51 49 32 67 72 70 54 36 3 62 48 0,32 51 54 72
PFG_MOEA,1195,1,172.71,848.77,0 89 10 26 59 44 38 47 69 28 42 76 9 7 8 79 51 49 32 3 36 54 70 72 67 86 82 0,3 10 67
PFG_MOEA,1195,2,172.71,848.77,0 50 77 58 48 62 92 43 1 99 25 2 0,92
PFG_MOEA,1195,3,172.71,848.77,0 34 21 37 33 22 23 84 56 39 68 18 19 91 20 17 31 16 40 35 71 15 30 64 78 74 63 88 85 98 14 11 83 96 46 0,15 20
PFG_MOEA,1195,4,172.71,848.77,0 81 75 93 100 0,
PFG_MOEA,1195,5,172.71,848.77,0 13 27 12 41 73 95 57 97 61 60 5 29 52 87 6 65 90 24 45 94 66 53 80 4 0,95
PFG_MOEA,1195,6,172.71,848.77,0 55 0,55
PFG_MOEA,1196,1,130.19,886.45,0 8 7 42 76 9 60 61 5 29 52 87 6 65 90 79 32 49 51 0,
PFG_MOEA,1196,2,130.19,886.45,0 50 77 3 36 54 70 72 67 86 82 58 48 62 92 43 0,54 62
PFG_MOEA,1196,3,130.19,886.45,0 2 25 34 21 33 37 68 39 56 84 23 22 1 99 0,
PFG_MOEA,1196,4,130.19,886.45,0 20 91 19 31 17 18 16 40 35 71 15 98 85 88 63 74 78 64 30 0,
PFG_MOEA,1196,5,130.19,886.45,0 81 46 96 83 11 14 95 57 0,
PFG_MOEA,1196,6,130.19,886.45,0 4 80 53 66 94 45 24 97 100 93 75 55 28 69 47 38 44 59 26 10 89 73 41 12 27 13 0,55 59
PFG_MOEA,1197,1,99.64,1067.22,0 57 97 61 60 5 29 52 87 6 65 90 24 45 94 66 0,
PFG_MOEA,1197,2,99.64,1067.22,0 4 80 53 55 98 63 74 78 64 30 71 0,
PFG_MOEA,1197,3,99.64,1067.22,0 99 2 25 89 10 26 59 44 38 47 69 28 42 76 9 7 8 79 0,10 79
PFG_MOEA,1197,4,99.64,1067.22,0 51 49 32 3 36 54 70 72 67 86 82 58 77 62 48 50 0,36
PFG_MOEA,1197,5,99.64,1067.22,0 92 43 34 1 21 37 33 22 23 84 56 39 68 18 19 91 20 17 31 0,84
PFG_MOEA,1197,6,99.64,1067.22,0 16 40 35 15 88 85 14 11 83 96 95 73 41 12 27 13 100 93 75 81 46 0,15 41 85
PFG_MOEA,1198,1,259.76,804.75,0 93 0,93
PFG_MOEA,1198,2,259.76,804.75,0 100 81 75 97 61 60 5 29 52 87 6 65 90 79 0,
PFG_MOEA,1198,3,259.76,804.75,0 83 11 14 98 85 88 63 74 78 64 30 15 71 35 31 17 40 16 18 19 20 91 21 33 37 68 39 56 84 23 22 1 34 99 2 25 43 92 62 48 50 77 58 82 86 67 72 70 54 36 3 32 49 51 45 24 4 0,18 22 32 51 58 62 70 71
PFG_MOEA,1198,4,259.76,804.75,0 94 66 53 80 76 9 55 96 0,55 76
PFG_MOEA,1198,5,259.76,804.75,0 57 95 73 41 12 27 13 0,95
PFG_MOEA,1198,6,259.76,804.75,0 89 10 26 59 44 38 47 69 28 42 46 7 8 0,
PFG_MOEA,1199,1,131.24,855.01,0 93 100 81 75 97 61 60 52 87 6 65 29 5 90 79 51 49 32 3 36 54 70 72 67 86 82 0,51 93
PFG_MOEA,1199,2,131.24,855.01,0 50 77 58 48 62 92 43 25 2 0,92
PFG_MOEA,1199,3,131.24,855.01,0 99 34 1 21 22 23 84 39 56 68 37 33 91 18 19 20 0,19
PFG_MOEA,1199,4,131.24,855.01,0 13 27 12 41 73 30 64 78 74 63 88 85 98 15 71 35 40 16 31 17 0,85
PFG_MOEA,1199,5,131.24,855.01,0 4 80 53 66 94 45 24 55 9 76 42 28 69 47 38 44 59 26 10 89 96 14 11 83 95 57 0,28 53
PFG_MOEA,1199,6,131.24,855.01,0 46 7 8 0,7
PFG_MOEA,1200,1,108.98,905.4,0 51 49 32 36 54 70 72 67 86 82 3 58 77 50 48 62 92 43 0,51 67
PFG_MOEA,1200,2,108.98,905.4,0 2 25 34 21 33 37 68 39 56 84 23 22 1 99 0,
PFG_MOEA,1200,3,108.98,905.4,0 20 91 19 31 17 18 16 40 35 71 15 30 64 78 74 63 88 85 98 11 83 0,91
PFG_MOEA,1200,4,108.98,905.4,0 80 93 97 89 96 57 95 73 14 41 12 27 13 0,14 93
PFG_MOEA,1200,5,108.98,905.4,0 10 26 59 44 38 47 69 28 42 46 7 8 4 53 66 94 0,
PFG_MOEA,1200,6,108.98,905.4,0 45 24 79 90 65 6 87 52 29 5 61 60 75 55 9 76 81 100 0,55
PFG_MOEA,1201,1,105.14,1054.54,0 2 25 43 34 21 33 37 82 86 67 72 70 54 36 3 77 58 62 48 92 0,72
PFG_MOEA,1201,2,105.14,1054.54,0 99 1 22 23 84 56 39 68 19 31 17 20 91 0,19
PFG_MOEA,1201,3,105.14,1054.54,0 18 16 73 41 100 93 97 75 55 28 69 47 38 44 59 26 10 89 0,
PFG_MOEA,1201,4,105.14,1054.54,0 13 27 12 40 35 71 15 30 64 78 74 63 88 85 98 81 0,71
PFG_MOEA,1201,5,105.14,1054.54,0 24 45 94 66 53 80 4 8 7 46 96 83 11 14 95 57 0,14
PFG_MOEA,1201,6,105.14,1054.54,0 42 76 9 60 61 5 29 52 87 6 65 90 79 32 49 51 50 0,
PFG_MOEA,1202,1,209.95,825.56,0 50 0,
PFG_MOEA,1202,2,209.95,825.56,0 77 58 48 62 92 43 25 2 99 34 1 21 37 33 22 23 84 56 39 68 18 19 91 20 17 31 16 40 35 71 15 30 64 78 74 63 88 85 98 14 11 83 0,22 58
PFG_MOEA,1202,3,209.95,825.56,0 4 24 45 94 66 53 0,
PFG_MOEA,1202,4,209.95,825.56,0 80 0,
PFG_MOEA,1202,5,209.95,825.56,0 13 27 12 41 73 95 57 96 89 10 26 59 44 38 47 69 28 46 7 8 100 81 42 76 9 55 75 93 97 61 60 65 6 87 52 29 5 0,47 95
PFG_MOEA,1202,6,209.95,825.56,0 90 79 51 49 32 3 36 54 70 72 67 86 82 0,32 54
PFG_MOEA,1203,1,108.4,987.28,0 95 8 7 46 42 60 61 5 29 52 87 6 65 90 0,
PFG_MOEA,1203,2,108.4,987.28,0 79 83 11 14 98 85 88 63 74 78 64 30 15 71 0,
PFG_MOEA,1203,3,108.4,987.28,0 17 31 35 40 16 18 19 20 91 21 33 37 68 39 56 84 23 22 1 34 99 2 25 0,18 22 33
PFG_MOEA,1203,4,108.4,987.28,0 43 92 62 48 50 77 58 82 86 67 72 70 54 36 3 32 49 0,
PFG_MOEA,1203,5,108.4,987.28,0 4 24 45 51 94 66 53 80 76 9 55 96 57 73 0,
PFG_MOEA,1203,6,108.4,987.28,0 13 27 12 41 89 10 26 59 44 38 47 69 28 75 97 93 100 81 0,
PFG_MOEA,1204,1,107.83,1025.19,0 51 3 36 54 70 72 67 86 82 58 77 50 48 62 92 43 0,51 67
PFG_MOEA,1204,2,107.83,1025.19,0 2 25 99 34 1 22 23 84 56 39 68 37 33 21 91 20 19 31 17 0,39 84
PFG_MOEA,1204,3,107.83,1025.19,0 100 81 74 78 64 30 15 71 35 40 16 18 0,40
PFG_MOEA,1204,4,107.83,1025.19,0 80 97 93 89 10 98 85 88 63 14 11 83 96 57 95 73 41 12 27 13 0,95
PFG_MOEA,1204,5,107.83,1025.19,0 26 59 44 38 47 69 28 42 46 7 8 4 53 0,4
PFG_MOEA,1204,6,107.83,1025.19,0 76 9 55 75 60 61 5 29 52 87 6 65 90 79 32 49 66 94 45 24 0,55 76
PFG_MOEA,1205,1,104.19,1056.66,0 19 18 91 21 22 33 37 68 56 39 84 23 82 86 67 72 70 54 36 3 0,33 39
PFG_MOEA,1205,2,104.19,1056.66,0 50 77 58 48 62 92 43 2 1 16 40 71 35 31 17 0,40
PFG_MOEA,1205,3,104.19,1056.66,0 13 27 12 73 15 98 85 88 63 74 78 64 30 41 99 34 25 0,15
PFG_MOEA,1205,4,104.19,1056.66,0 4 80 53 66 94 45 24 55 9 76 42 14 11 83 95 57 96 89 10 0,95
PFG_MOEA,1205,5,104.19,1056.66,0 26 59 44 38 47 69 28 46 7 8 93 100 81 75 97 61 60 52 87 6 0,28
PFG_MOEA,1205,6,104.19,1056.66,0 5 29 65 90 79 32 49 51 20 0,
PFG_MOEA,1206,1,98.88,1134.43,0 23 84 39 56 68 37 33 22 21 91 19 18 16 40 35 31 17 20 0,35
PFG_MOEA,1206,2,98.88,1134.43,0 15 30 64 78 74 63 98 71 99 2 25 50 77 58 82 86 0,
PFG_MOEA,1206,3,98.88,1134.43,0 92 43 1 34 88 85 14 11 83 0,92
PFG_MOEA,1206,4,98.88,1134.43,0 4 24 45 94 66 53 80 76 9 55 96 57 95 73 41 12 27 13 0,55 76
PFG_MOEA,1206,5,98.88,1134.43,0 89 10 26 59 44 38 47 69 28 42 46 7 8 93 60 61 97 75 81 100 0,47 59
PFG_MOEA,1206,6,98.88,1134.43,0 5 29 52 87 6 65 90 79 51 49 32 67 72 70 54 36 3 62 48 0,32 51 54 72
PFG_MOEA,1207,1,172.71,848.77,0 89 10 26 59 44 38 47 69 28 42 76 9 7 8 79 51 49 32 3 36 54 70 72 67 86 82 0,3 10 67
PFG_MOEA,1207,2,172.71,848.77,0 50 77 58 48 62 92 43 1 99 25 2 0,92
PFG_MOEA,1207,3,172.71,848.77,0 34 21 37 33 22 23 84 56 39 68 18 19 91 20 17 31 16 40 35 71 15 30 64 78 74 63 88 85 98 14 11 83 96 46 0,15 20
PFG_MOEA,1207,4,172.71,848.77,0 81 75 93 100 0,
PFG_MOEA,1207,5,172.71,848.77,0 13 27 12 41 73 95 57 97 61 60 5 29 52 87 6 65 90 24 45 94 66 53 80 4 0,95
PFG_MOEA,1207,6,172.71,848.77,0 55 0,55
PFG_MOEA,1208,1,130.19,886.45,0 8 7 42 76 9 60 61 5 29 52 87 6 65 90 79 32 49 51 0,
PFG_MOEA,1208,2,130.19,886.45,0 50 77 3 36 54 70 72 67 86 82 58 48 62 92 43 0,54 62
PFG_MOEA,1208,3,130.19,886.45,0 2 25 34 21 33 37 68 39 56 84 23 22 1 99 0,
PFG_MOEA,1208,4,130.19,886.45,0 20 91 19 31 17 18 16 40 35 71 15 98 85 88 63 74 78 64 30 0,
PFG_MOEA,1208,5,130.19,886.45,0 81 46 96 83 11 14 95 57 0,
PFG_MOEA,1208,6,130.19,886.45,0 4 80 53 66 94 45 24 97 100 93 75 55 28 69 47 38 44 59 26 10 89 73 41 12 27 13 0,55 59
PFG_MOEA,1209,1,99.64,1067.22,0 57 97 61 60 5 29 52 87 6 65 90 24 45 94 66 0,
PFG_MOEA,1209,2,99.64,1067.22,0 4 80 53 55 98 63 74 78 64 30 71 0,
PFG_MOEA,1209,3,99.64,1067.22,0 99 2 25 89 10 26 59 44 38 47 69 28 42 76 9 7 8 79 0,10 79
PFG_MOEA,1209,4,99.64,1067.22,0 51 49 32 3 36 54 70 72 67 86 82 58 77 62 48 50 0,36
PFG_MOEA,1209,5,99.64,1067.22,0 92 43 34 1 21 37 33 22 23 84 56 39 68 18 19 91 20 17 31 0,84
PFG_MOEA,1209,6,99.64,1067.22,0 16 40 35 15 88 85 14 11 83 96 95 73 41 12 27 13 100 93 75 81 46 0,15 41 85
PFG_MOEA,1210,1,259.76,804.75,0 93 0,93
PFG_MOEA,1210,2,259.76,804.75,0 100 81 75 97 61 60 5 29 52 87 6 65 90 79 0,
PFG_MOEA,1210,3,259.76,804.75,0 83 11 14 98 85 88 63 74 78 64 30 15 71 35 31 17 40 16 18 19 20 91 21 33 37 68 39 56 84 23 22 1 34 99 2 25 43 92 62 48 50 77 58 82 86 67 72 70 54 36 3 32 49 51 45 24 4 0,18 22 32 51 58 62 70 71
PFG_MOEA,1210,4,259.76,804.75,0 94 66 53 80 76 9 55 96 0,55 76
PFG_MOEA,1210,5,259.76,804.75,0 57 95 73 41 12 27 13 0,95
PFG_MOEA,1210,6,259.76,804.75,0 89 10 26 59 44 38 47 69 28 42 46 7 8 0,
PFG_MOEA,1211,1,131.24,855.01,0 93 100 81 75 97 61 60 52 87 6 65 29 5 90 79 51 49 32 3 36 54 70 72 67 86 82 0,51 93
PFG_MOEA,1211,2,131.24,855.01,0 50 77 58 48 62 92 43 25 2 0,92
PFG_MOEA,1211,3,131.24,855.01,0 99 34 1 21 22 23 84 39 56 68 37 33 91 18 19 20 0,19
PFG_MOEA,1211,4,131.24,855.01,0 13 27 12 41 73 30 64 78 74 63 88 85 98 15 71 35 40 16 31 17 0,85
PFG_MOEA,1211,5,131.24,855.01,0 4 80 53 66 94 45 24 55 9 76 42 28 69 47 38 44 59 26 10 89 96 14 11 83 95 57 0,28 53
PFG_MOEA,1211,6,131.24,855.01,0 46 7 8 0,7
PFG_MOEA,1212,1,108.98,905.4,0 51 49 32 36 54 70 72 67 86 82 3 58 77 50 48 62 92 43 0,51 67
PFG_MOEA,1212,2,108.98,905.4,0 2 25 34 21 33 37 68 39 56 84 23 22 1 99 0,
PFG_MOEA,1212,3,108.98,905.4,0 20 91 19 31 17 18 16 40 35 71 15 30 64 78 74 63 88 85 98 11 83 0,91
PFG_MOEA,1212,4,108.98,905.4,0 80 93 97 89 96 57 95 73 14 41 12 27 13 0,14 93
PFG_MOEA,1212,5,108.98,905.4,0 10 26 59 44 38 47 69 28 42 46 7 8 4 53 66 94 0,
PFG_MOEA,1212,6,108.98,905.4,0 45 24 79 90 65 6 87 52 29 5 61 60 75 55 9 76 81 100 0,55
PFG_MOEA,1213,1,105.14,1054.54,0 2 25 43 34 21 33 37 82 86 67 72 70 54 36 3 77 58 62 48 92 0,72
PFG_MOEA,1213,2,105.14,1054.54,0 99 1 22 23 84 56 39 68 19 31 17 20 91 0,19
PFG_MOEA,1213,3,105.14,1054.54,0 18 16 73 41 100 93 97 75 55 28 69 47 38 44 59 26 10 89 0,
PFG_MOEA,1213,4,105.14,1054.54,0 13 27 12 40 35 71 15 30 64 78 74 63 88 85 98 81 0,71
PFG_MOEA,1213,5,105.14,1054.54,0 24 45 94 66 53 80 4 8 7 46 96 83 11 14 95 57 0,14
PFG_MOEA,1213,6,105.14,1054.54,0 42 76 9 60 61 5 29 52 87 6 65 90 79 32 49 51 50 0,
PFG_MOEA,1214,1,209.95,825.56,0 50 0,
PFG_MOEA,1214,2,209.95,825.56,0 77 58 48 62 92 43 25 2 99 34 1 21 37 33 22 23 84 56 39 68 18 19 91 20 17 31 16 40 35 71 15 30 64 78 74 63 88 85 98 14 11 83 0,22 58
PFG_MOEA,1214,3,209.95,825.56,0 4 24 45 94 66 53 0,
PFG_MOEA,1214,4,209.95,825.56,0 80 0,
PFG_MOEA,1214,5,209.95,825.56,0 13 27 12 41 73 95 57 96 89 10 26 59 44 38 47 69 28 46 7 8 100 81 42 76 9 55 75 93 97 61 60 65 6 87 52 29 5 0,47 95
PFG_MOEA,1214,6,209.95,825.56,0 90 79 51 49 32 3 36 54 70 72 67 86 82 0,32 54
PFG_MOEA,1215,1,108.4,987.28,0 95 8 7 46 42 60 61 5 29 52 87 6 65 90 0,
PFG_MOEA,1215,2,108.4,987.28,0 79 83 11 14 98 85 88 63 74 78 64 30 15 71 0,
PFG_MOEA,1215,3,108.4,987.28,0 17 31 35 40 16 18 19 20 91 21 33 37 68 39 56 84 23 22 1 34 99 2 25 0,18 22 33
PFG_MOEA,1215,4,108.4,987.28,0 43 92 62 48 50 77 58 82 86 67 72 70 54 36 3 32 49 0,
PFG_MOEA,1215,5,108.4,987.28,0 4 24 45 51 94 66 53 80 76 9 55 96 57 73 0,
PFG_MOEA,1215,6,108.4,987.28,0 13 27 12 41 89 10 26 59 44 38 47 69 28 75 97 93 100 81 0,
PFG_MOEA,1216,1,107.83,1025.19,0 51 3 36 54 70 72 67 86 82 58 77 50 48 62 92 43 0,51 67
PFG_MOEA,1216,2,107.83,1025.19,0 2 25 99 34 1 22 23 84 56 39 68 37 33 21 91 20 19 31 17 0,39 84
PFG_MOEA,1216,3,107.83,1025.19,0 100 81 74 78 64 30 15 71 35 40 16 18 0,40
PFG_MOEA,1216,4,107.83,1025.19,0 80 97 93 89 10 98 85 88 63 14 11 83 96 57 95 73 41 12 27 13 0,95
PFG_MOEA,1216,5,107.83,1025.19,0 26 59 44 38 47 69 28 42 46 7 8 4 53 0,4
PFG_MOEA,1216,6,107.83,1025.19,0 76 9 55 75 60 61 5 29 52 87 6 65 90 79 32 49 66 94 45 24 0,55 76
PFG_MOEA,1217,1,104.19,1056.66,0 19 18 91 21 22 33 37 68 56 39 84 23 82 86 67 72 70 54 36 3 0,33 39
PFG_MOEA,1217,2,104.19,1056.66,0 50 77 58 48 62 92 43 2 1 16 40 71 35 31 17 0,40
PFG_MOEA,1217,3,104.19,1056.66,0 13 27 12 73 15 98 85 88 63 74 78 64 30 41 99 34 25 0,15
PFG_MOEA,1217,4,104.19,1056.66,0 4 80 53 66 94 45 24 55 9 76 42 14 11 83 95 57 96 89 10 0,95
PFG_MOEA,1217,5,104.19,1056.66,0 26 59 44 38 47 69 28 46 7 8 93 100 81 75 97 61 60 52 87 6 0,28
PFG_MOEA,1217,6,104.19,1056.66,0 5 29 65 90 79 32 49 51 20 0,
PFG_MOEA,1218,1,98.88,1134.43,0 23 84 39 56 68 37 33 22 21 91 19 18 16 40 35 31 17 20 0,35
PFG_MOEA,1218,2,98.88,1134.43,0 15 30 64 78 74 63 98 71 99 2 25 50 77 58 82 86 0,
PFG_MOEA,1218,3,98.88,1134.43,0 92 43 1 34 88 85 14 11 83 0,92
PFG_MOEA,1218,4,98.88,1134.43,0 4 24 45 94 66 53 80 76 9 55 96 57 95 73 41 12 27 13 0,55 76
PFG_MOEA,1218,5,98.88,1134.43,0 89 10 26 59 44 38 47 69 28 42 46 7 8 93 60 61 97 75 81 100 0,47 59
PFG_MOEA,1218,6,98.88,1134.43,0 5 29 52 87 6 65 90 79 51 49 32 67 72 70 54 36 3 62 48 0,32 51 54 72
PFG_MOEA,1219,1,172.71,848.77,0 89 10 26 59 44 38 47 69 28 42 76 9 7 8 79 51 49 32 3 36 54 70 72 67 86 82 0,3 10 67
PFG_MOEA,1219,2,172.71,848.77,0 50 77 58 48 62 92 43 1 99 25 2 0,92
PFG_MOEA,1219,3,172.71,848.77,0 34 21 37 33 22 23 84 56 39 68 18 19 91 20 17 31 16 40 35 71 15 30 64 78 74 63 88 85 98 14 11 83 96 46 0,15 20
PFG_MOEA,1219,4,172.71,848.77,0 81 75 93 100 0,
PFG_MOEA,1219,5,172.71,848.77,0 13 27 12 41 73 95 57 97 61 60 5 29 52 87 6 65 90 24 45 94 66 53 80 4 0,95
PFG_MOEA,1219,6,172.71,848.77,0 55 0,55
PFG_MOEA,1220,1,130.19,886.45,0 8 7 42 76 9 60 61 5 29 52 87 6 65 90 79 32 49 51 0,
PFG_MOEA,1220,2,130.19,886.45,0 50 77 3 36 54 70 72 67 86 82 58 48 62 92 43 0,54 62
PFG_MOEA,1220,3,130.19,886.45,0 2 25 34 21 33 37 68 39 56 84 23 22 1 99 0,
PFG_MOEA,1220,4,130.19,886.45,0 20 91 19 31 17 18 16 40 35 71 15 98 85 88 63 74 78 64 30 0,
PFG_MOEA,1220,5,130.19,886.45,0 81 46 96 83 11 14 95 57 0,
PFG_MOEA,1220,6,130.19,886.45,0 4 80 53 66 94 45 24 97 100 93 75 55 28 69 47 38 44 59 26 10 89 73 41 12 27 13 0,55 59
PFG_MOEA,1221,1,99.64,1067.22,0 57 97 61 60 5 29 52 87 6 65 90 24 45 94 66 0,
PFG_MOEA,1221,2,99.64,1067.22,0 4 80 53 55 98 63 74 78 64 30 71 0,
PFG_MOEA,1221,3,99.64,1067.22,0 99 2 25 89 10 26 59 44 38 47 69 28 42 76 9 7 8 79 0,10 79
PFG_MOEA,1221,4,99.64,1067.22,0 51 49 32 3 36 54 70 72 67 86 82 58 77 62 48 50 0,36
PFG_MOEA,1221,5,99.64,1067.22,0 92 43 34 1 21 37 33 22 23 84 56 39 68 18 19 91 20 17 31 0,84
PFG_MOEA,1221,6,99.64,1067.22,0 16 40 35 15 88 85 14 11 83 96 95 73 41 12 27 13 100 93 75 81 46 0,15 41 85
PFG_MOEA,1222,1,259.76,804.75,0 93 0,93
PFG_MOEA,1222,2,259.76,804.75,0 100 81 75 97 61 60 5 29 52 87 6 65 90 79 0,
PFG_MOEA,1222,3,259.76,804.75,0 83 11 14 98 85 88 63 74 78 64 30 15 71 35 31 17 40 16 18 19 20 91 21 33 37 68 39 56 84 23 22 1 34 99 2 25 43 92 62 48 50 77 58 82 86 67 72 70 54 36 3 32 49 51 45 24 4 0,18 22 32 51 58 62 70 71
PFG_MOEA,1222,4,259.76,804.75,0 94 66 53 80 76 9 55 96 0,55 76
PFG_MOEA,1222,5,259.76,804.75,0 57 95 73 41 12 27 13 0,95
PFG_MOEA,1222,6,259.76,804.75,0 89 10 26 59 44 38 47 69 28 42 46 7 8 0,
PFG_MOEA,1223,1,131.24,855.01,0 93 100 81 75 97 61 60 52 87 6 65 29 5 90 79 51 49 32 3 36 54 70 72 67 86 82 0,51 93
PFG_MOEA,1223,2,131.24,855.01,0 50 77 58 48 62 92 43 25 2 0,92
PFG_MOEA,1223,3,131.24,855.01,0 99 34 1 21 22 23 84 39 56 68 37 33 91 18 19 20 0,19
PFG_MOEA,1223,4,131.24,855.01,0 13 27 12 41 73 30 64 78 74 63 88 85 98 15 71 35 40 16 31 17 0,85
PFG_MOEA,1223,5,131.24,855.01,0 4 80 53 66 94 45 24 55 9 76 42 28 69 47 38 44 59 26 10 89 96 14 11 83 95 57 0,28 53
PFG_MOEA,1223,6,131.24,855.01,0 46 7 8 0,7
PFG_MOEA,1224,1,108.98,905.4,0 51 49 32 36 54 70 72 67 86 82 3 58 77 50 48 62 92 43 0,51 67
PFG_MOEA,1224,2,108.98,905.4,0 2 25 34 21 33 37 68 39 56 84 23 22 1 99 0,
PFG_MOEA,1224,3,108.98,905.4,0 20 91 19 31 17 18 16 40 35 71 15 30 64 78 74 63 88 85 98 11 83 0,91
PFG_MOEA,1224,4,108.98,905.4,0 80 93 97 89 96 57 95 73 14 41 12 27 13 0,14 93
PFG_MOEA,1224,5,108.98,905.4,0 10 26 59 44 38 47 69 28 42 46 7 8 4 53 66 94 0,
PFG_MOEA,1224,6,108.98,905.4,0 45 24 79 90 65 6 87 52 29 5 61 60 75 55 9 76 81 100 0,55
PFG_MOEA,1225,1,105.14,1054.54,0 2 25 43 34 21 33 37 82 86 67 72 70 54 36 3 77 58 62 48 92 0,72
PFG_MOEA,1225,2,105.14,1054.54,0 99 1 22 23 84 56 39 68 19 31 17 20 91 0,19
PFG_MOEA,1225,3,105.14,1054.54,0 18 16 73 41 100 93 97 75 55 28 69 47 38 44 59 26 10 89 0,
PFG_MOEA,1225,4,105.14,1054.54,0 13 27 12 40 35 71 15 30 64 78 74 63 88 85 98 81 0,71
PFG_MOEA,1225,5,105.14,1054.54,0 24 45 94 66 53 80 4 8 7 46 96 83 11 14 95 57 0,14
PFG_MOEA,1225,6,105.14,1054.54,0 42 76 9 60 61 5 29 52 87 6 65 90 79 32 49 51 50 0,
PFG_MOEA,1226,1,209.95,825.56,0 50 0,
PFG_MOEA,1226,2,209.95,825.56,0 77 58 48 62 92 43 25 2 99 34 1 21 37 33 22 23 84 56 39 68 18 19 91 20 17 31 16 40 35 71 15 30 64 78 74 63 88 85 98 14 11 83 0,22 58
PFG_MOEA,1226,3,209.95,825.56,0 4 24 45 94 66 53 0,
PFG_MOEA,1226,4,209.95,825.56,0 80 0,
PFG_MOEA,1226,5,209.95,825.56,0 13 27 12 41 73 95 57 96 89 10 26 59 44 38 47 69 28 46 7 8 100 81 42 76 9 55 75 93 97 61 60 65 6 87 52 29 5 0,47 95
PFG_MOEA,1226,6,209.95,825.56,0 90 79 51 49 32 3 36 54 70 72 67 86 82 0,32 54
PFG_MOEA,1227,1,108.4,987.28,0 95 8 7 46 42 60 61 5 29 52 87 6 65 90 0,
PFG_MOEA,1227,2,108.4,987.28,0 79 83 11 14 98 85 88 63 74 78 64 30 15 71 0,
PFG_MOEA,1227,3,108.4,987.28,0 17 31 35 40 16 18 19 20 91 21 33 37 68 39 56 84 23 22 1 34 99 2 25 0,18 22 33
PFG_MOEA,1227,4,108.4,987.28,0 43 92 62 48 50 77 58 82 86 67 72 70 54 36 3 32 49 0,
PFG_MOEA,1227,5,108.4,987.28,0 4 24 45 51 94 66 53 80 76 9 55 96 57 73 0,
PFG_MOEA,1227,6,108.4,987.28,0 13 27 12 41 89 10 26 59 44 38 47 69 28 75 97 93 100 81 0,
PFG_MOEA,1228,1,107.83,1025.19,0 51 3 36 54 70 72 67 86 82 58 77 50 48 62 92 43 0,51 67
PFG_MOEA,1228,2,107.83,1025.19,0 2 25 99 34 1 22 23 84 56 39 68 37 33 21 91 20 19 31 17 0,39 84
PFG_MOEA,1228,3,107.83,1025.19,0 100 81 74 78 64 30 15 71 35 40 16 18 0,40
PFG_MOEA,1228,4,107.83,1025.19,0 80 97 93 89 10 98 85 88 63 14 11 83 96 57 95 73 41 12 27 13 0,95
PFG_MOEA,1228,5,107.83,1025.19,0 26 59 44 38 47 69 28 42 46 7 8 4 53 0,4
PFG_MOEA,1228,6,107.83,1025.19,0 76 9 55 75 60 61 5 29 52 87 6 65 90 79 32 49 66 94 45 24 0,55 76
PFG_MOEA,1229,1,102.98,1063.06,0 20 14 96 89 10 26 44 38 47 69 28 42 76 9 55 24 45 0,10 14 38 55
PFG_MOEA,1229,2,102.98,1063.06,0 35 71 15 30 64 11 83 95 57 46 7 8 93 100 0,
PFG_MOEA,1229,3,102.98,1063.06,0 81 75 97 61 60 52 87 6 65 29 5 90 0,65
PFG_MOEA,1229,4,102.98,1063.06,0 79 51 49 32 3 36 54 70 72 67 86 82 58 77 50 48 62 92 43 25 0,67
PFG_MOEA,1229,5,102.98,1063.06,0 2 99 34 1 21 22 23 84 39 56 68 37 33 91 18 19 27 13 59 0,59 91
PFG_MOEA,1229,6,102.98,1063.06,0 12 41 73 78 74 63 88 85 98 40 16 31 17 94 66 53 80 4 0,
PFG_MOEA,1230,1,104.19,1056.66,0 19 18 91 21 22 33 37 68 56 39 84 23 82 86 67 72 70 54 36 3 0,33 39
PFG_MOEA,1230,2,104.19,1056.66,0 50 77 58 48 62 92 43 2 1 16 40 71 35 31 17 0,40
PFG_MOEA,1230,3,104.19,1056.66,0 13 27 12 73 15 98 85 88 63 74 78 64 30 41 99 34 25 0,15
PFG_MOEA,1230,4,104.19,1056.66,0 4 80 53 66 94 45 24 55 9 76 42 14 11 83 95 57 96 89 10 0,95
PFG_MOEA,1230,5,104.19,1056.66,0 26 59 44 38 47 69 28 46 7 8 93 100 81 75 97 61 60 52 87 6 0,28
PFG_MOEA,1230,6,104.19,1056.66,0 5 29 65 90 79 32 49 51 20 0,
PFG_MOEA,1231,1,98.88,1134.43,0 23 84 39 56 68 37 33 22 21 91 19 18 16 40 35 31 17 20 0,35
PFG_MOEA,1231,2,98.88,1134.43,0 15 30 64 78 74 63 98 71 99 2 25 50 77 58 82 86 0,
PFG_MOEA,1231,3,98.88,1134.43,0 92 43 1 34 88 85 14 11 83 0,92
PFG_MOEA,1231,4,98.88,1134.43,0 4 24 45 94 66 53 80 76 9 55 96 57 95 73 41 12 27 13 0,55 76
PFG_MOEA,1231,5,98.88,1134.43,0 89 10 26 59 44 38 47 69 28 42 46 7 8 93 60 61 97 75 81 100 0,47 59
PFG_MOEA,1231,6,98.88,1134.43,0 5 29 52 87 6 65 90 79 51 49 32 67 72 70 54 36 3 62 48 0,32 51 54 72
PFG_MOEA,1232,1,172.71,848.77,0 89 10 26 59 44 38 47 69 28 42 76 9 7 8 79 51 49 32 3 36 54 70 72 67 86 82 0,3 10 67
PFG_MOEA,1232,2,172.71,848.77,0 50 77 58 48 62 92 43 1 99 25 2 0,92
PFG_MOEA,1232,3,172.71,848.77,0 34 21 37 33 22 23 84 56 39 68 18 19 91 20 17 31 16 40 35 71 15 30 64 78 74 63 88 85 98 14 11 83 96 46 0,15 20
PFG_MOEA,1232,4,172.71,848.77,0 81 75 93 100 0,
PFG_MOEA,1232,5,172.71,848.77,0 13 27 12 41 73 95 57 97 61 60 5 29 52 87 6 65 90 24 45 94 66 53 80 4 0,95
PFG_MOEA,1232,6,172.71,848.77,0 55 0,55
PFG_MOEA,1233,1,130.19,886.45,0 8 7 42 76 9 60 61 5 29 52 87 6 65 90 79 32 49 51 0,
PFG_MOEA,1233,2,130.19,886.45,0 50 77 3 36 54 70 72 67 86 82 58 48 62 92 43 0,54 62
PFG_MOEA,1233,3,130.19,886.45,0 2 25 34 21 33 37 68 39 56 84 23 22 1 99 0,
PFG_MOEA,1233,4,130.19,886.45,0 20 91 19 31 17 18 16 40 35 71 15 98 85 88 63 74 78 64 30 0,
PFG_MOEA,1233,5,130.19,886.45,0 81 46 96 83 11 14 95 57 0,
PFG_MOEA,1233,6,130.19,886.45,0 4 80 53 66 94 45 24 97 100 93 75 55 28 69 47 38 44 59 26 10 89 73 41 12 27 13 0,55 59
PFG_MOEA,1234,1,99.64,1067.22,0 57 97 61 60 5 29 52 87 6 65 90 24 45 94 66 0,
PFG_MOEA,1234,2,99.64,1067.22,0 4 80 53 55 98 63 74 78 64 30 71 0,
PFG_MOEA,1234,3,99.64,1067.22,0 99 2 25 89 10 26 59 44 38 47 69 28 42 76 9 7 8 79 0,10 79
PFG_MOEA,1234,4,99.64,1067.22,0 51 49 32 3 36 54 70 72 67 86 82 58 77 62 48 50 0,36
PFG_MOEA,1234,5,99.64,1067.22,0 92 43 34 1 21 37 33 22 23 84 56 39 68 18 19 91 20 17 31 0,84
PFG_MOEA,1234,6,99.64,1067.22,0 16 40 35 15 88 85 14 11 83 96 95 73 41 12 27 13 100 93 75 81 46 0,15 41 85
PFG_MOEA,1235,1,259.76,804.75,0 93 0,93
PFG_MOEA,1235,2,259.76,804.75,0 100 81 75 97 61 60 5 29 52 87 6 65 90 79 0,
PFG_MOEA,1235,3,259.76,804.75,0 83 11 14 98 85 88 63 74 78 64 30 15 71 35 31 17 40 16 18 19 20 91 21 33 37 68 39 56 84 23 22 1 34 99 2 25 43 92 62 48 50 77 58 82 86 67 72 70 54 36 3 32 49 51 45 24 4 0,18 22 32 51 58 62 70 71
PFG_MOEA,1235,4,259.76,804.75,0 94 66 53 80 76 9 55 96 0,55 76
PFG_MOEA,1235,5,259.76,804.75,0 57 95 73 41 12 27 13 0,95
PFG_MOEA,1235,6,259.76,804.75,0 89 10 26 59 44 38 47 69 28 42 46 7 8 0,
PFG_MOEA,1236,1,131.24,855.01,0 93 100 81 75 97 61 60 52 87 6 65 29 5 90 79 51 49 32 3 36 54 70 72 67 86 82 0,51 93
PFG_MOEA,1236,2,131.24,855.01,0 50 77 58 48 62 92 43 25 2 0,92
PFG_MOEA,1236,3,131.24,855.01,0 99 34 1 21 22 23 84 39 56 68 37 33 91 18 19 20 0,19
PFG_MOEA,1236,4,131.24,855.01,0 13 27 12 41 73 30 64 78 74 63 88 85 98 15 71 35 40 16 31 17 0,85
PFG_MOEA,1236,5,131.24,855.01,0 4 80 53 66 94 45 24 55 9 76 42 28 69 47 38 44 59 26 10 89 96 14 11 83 95 57 0,28 53
PFG_MOEA,1236,6,131.24,855.01,0 46 7 8 0,7
PFG_MOEA,1237,1,108.98,905.4,0 51 49 32 36 54 70 72 67 86 82 3 58 77 50 48 62 92 43 0,51 67
PFG_MOEA,1237,2,108.98,905.4,0 2 25 34 21 33 37 68 39 56 84 23 22 1 99 0,
PFG_MOEA,1237,3,108.98,905.4,0 20 91 19 31 17 18 16 40 35 71 15 30 64 78 74 63 88 85 98 11 83 0,91
PFG_MOEA,1237,4,108.98,905.4,0 80 93 97 89 96 57 95 73 14 41 12 27 13 0,14 93
PFG_MOEA,1237,5,108.98,905.4,0 10 26 59 44 38 47 69 28 42 46 7 8 4 53 66 94 0,
PFG_MOEA,1237,6,108.98,905.4,0 45 24 79 90 65 6 87 52 29 5 61 60 75 55 9 76 81 100 0,55
PFG_MOEA,1238,1,105.14,1054.54,0 2 25 43 34 21 33 37 82 86 67 72 70 54 36 3 77 58 62 48 92 0,72
PFG_MOEA,1238,2,105.14,1054.54,0 99 1 22 23 84 56 39 68 19 31 17 20 91 0,19
PFG_MOEA,1238,3,105.14,1054.54,0 18 16 73 41 100 93 97 75 55 28 69 47 38 44 59 26 10 89 0,
PFG_MOEA,1238,4,105.14,1054.54,0 13 27 12 40 35 71 15 30 64 78 74 63 88 85 98 81 0,71
PFG_MOEA,1238,5,105.14,1054.54,0 24 45 94 66 53 80 4 8 7 46 96 83 11 14 95 57 0,14
PFG_MOEA,1238,6,105.14,1054.54,0 42 76 9 60 61 5 29 52 87 6 65 90 79 32 49 51 50 0,
PFG_MOEA,1239,1,209.95,825.56,0 50 0,
PFG_MOEA,1239,2,209.95,825.56,0 77 58 48 62 92 43 25 2 99 34 1 21 37 33 22 23 84 56 39 68 18 19 91 20 17 31 16 40 35 71 15 30 64 78 74 63 88 85 98 14 11 83 0,22 58
PFG_MOEA,1239,3,209.95,825.56,0 4 24 45 94 66 53 0,
PFG_MOEA,1239,4,209.95,825.56,0 80 0,
PFG_MOEA,1239,5,209.95,825.56,0 13 27 12 41 73 95 57 96 89 10 26 59 44 38 47 69 28 46 7 8 100 81 42 76 9 55 75 93 97 61 60 65 6 87 52 29 5 0,47 95
PFG_MOEA,1239,6,209.95,825.56,0 90 79 51 49 32 3 36 54 70 72 67 86 82 0,32 54
PFG_MOEA,1240,1,108.4,987.28,0 95 8 7 46 42 60 61 5 29 52 87 6 65 90 0,
PFG_MOEA,1240,2,108.4,987.28,0 79 83 11 14 98 85 88 63 74 78 64 30 15 71 0,
PFG_MOEA,1240,3,108.4,987.28,0 17 31 35 40 16 18 19 20 91 21 33 37 68 39 56 84 23 22 1 34 99 2 25 0,18 22 33
PFG_MOEA,1240,4,108.4,987.28,0 43 92 62 48 50 77 58 82 86 67 72 70 54 36 3 32 49 0,
PFG_MOEA,1240,5,108.4,987.28,0 4 24 45 51 94 66 53 80 76 9 55 96 57 73 0,
PFG_MOEA,1240,6,108.4,987.28,0 13 27 12 41 89 10 26 59 44 38 47 69 28 75 97 93 100 81 0,
PFG_MOEA,1241,1,107.83,1025.19,0 51 3 36 54 70 72 67 86 82 58 77 50 48 62 92 43 0,51 67
PFG_MOEA,1241,2,107.83,1025.19,0 2 25 99 34 1 22 23 84 56 39 68 37 33 21 91 20 19 31 17 0,39 84
PFG_MOEA,1241,3,107.83,1025.19,0 100 81 74 78 64 30 15 71 35 40 16 18 0,40
PFG_MOEA,1241,4,107.83,1025.19,0 80 97 93 89 10 98 85 88 63 14 11 83 96 57 95 73 41 12 27 13 0,95
PFG_MOEA,1241,5,107.83,1025.19,0 26 59 44 38 47 69 28 42 46 7 8 4 53 0,4
PFG_MOEA,1241,6,107.83,1025.19,0 76 9 55 75 60 61 5 29 52 87 6 65 90 79 32 49 66 94 45 24 0,55 76
PFG_MOEA,1242,1,102.98,1063.06,0 20 14 96 89 10 26 44 38 47 69 28 42 76 9 55 24 45 0,10 14 38 55
PFG_MOEA,1242,2,102.98,1063.06,0 35 71 15 30 64 11 83 95 57 46 7 8 93 100 0,
PFG_MOEA,1242,3,102.98,1063.06,0 81 75 97 61 60 52 87 6 65 29 5 90 0,65
PFG_MOEA,1242,4,102.98,1063.06,0 79 51 49 32 3 36 54 70 72 67 86 82 58 77 50 48 62 92 43 25 0,67
PFG_MOEA,1242,5,102.98,1063.06,0 2 99 34 1 21 22 23 84 39 56 68 37 33 91 18 19 27 13 59 0,59 91
PFG_MOEA,1242,6,102.98,1063.06,0 12 41 73 78 74 63 88 85 98 40 16 31 17 94 66 53 80 4 0,
PFG_MOEA,1243,1,104.19,1056.66,0 19 18 91 21 22 33 37 68 56 39 84 23 82 86 67 72 70 54 36 3 0,33 39
PFG_MOEA,1243,2,104.19,1056.66,0 50 77 58 48 62 92 43 2 1 16 40 71 35 31 17 0,40
PFG_MOEA,1243,3,104.19,1056.66,0 13 27 12 73 15 98 85 88 63 74 78 64 30 41 99 34 25 0,15
PFG_MOEA,1243,4,104.19,1056.66,0 4 80 53 66 94 45 24 55 9 76 42 14 11 83 95 57 96 89 10 0,95
PFG_MOEA,1243,5,104.19,1056.66,0 26 59 44 38 47 69 28 46 7 8 93 100 81 75 97 61 60 52 87 6 0,28
PFG_MOEA,1243,6,104.19,1056.66,0 5 29 65 90 79 32 49 51 20 0,
PFG_MOEA,1244,1,98.88,1134.43,0 23 84 39 56 68 37 33 22 21 91 19 18 16 40 35 31 17 20 0,35
PFG_MOEA,1244,2,98.88,1134.43,0 15 30 64 78 74 63 98 71 99 2 25 50 77 58 82 86 0,
PFG_MOEA,1244,3,98.88,1134.43,0 92 43 1 34 88 85 14 11 83 0,92
PFG_MOEA,1244,4,98.88,1134.43,0 4 24 45 94 66 53 80 76 9 55 96 57 95 73 41 12 27 13 0,55 76
PFG_MOEA,1244,5,98.88,1134.43,0 89 10 26 59 44 38 47 69 28 42 46 7 8 93 60 61 97 75 81 100 0,47 59
PFG_MOEA,1244,6,98.88,1134.43,0 5 29 52 87 6 65 90 79 51 49 32 67 72 70 54 36 3 62 48 0,32 51 54 72
PFG_MOEA,1245,1,172.71,848.77,0 89 10 26 59 44 38 47 69 28 42 76 9 7 8 79 51 49 32 3 36 54 70 72 67 86 82 0,3 10 67
PFG_MOEA,1245,2,172.71,848.77,0 50 77 58 48 62 92 43 1 99 25 2 0,92
PFG_MOEA,1245,3,172.71,848.77,0 34 21 37 33 22 23 84 56 39 68 18 19 91 20 17 31 16 40 35 71 15 30 64 78 74 63 88 85 98 14 11 83 96 46 0,15 20
PFG_MOEA,1245,4,172.71,848.77,0 81 75 93 100 0,
PFG_MOEA,1245,5,172.71,848.77,0 13 27 12 41 73 95 57 97 61 60 5 29 52 87 6 65 90 24 45 94 66 53 80 4 0,95
PFG_MOEA,1245,6,172.71,848.77,0 55 0,55
PFG_MOEA,1246,1,130.19,886.45,0 8 7 42 76 9 60 61 5 29 52 87 6 65 90 79 32 49 51 0,
PFG_MOEA,1246,2,130.19,886.45,0 50 77 3 36 54 70 72 67 86 82 58 48 62 92 43 0,54 62
PFG_MOEA,1246,3,130.19,886.45,0 2 25 34 21 33 37 68 39 56 84 23 22 1 99 0,
PFG_MOEA,1246,4,130.19,886.45,0 20 91 19 31 17 18 16 40 35 71 15 98 85 88 63 74 78 64 30 0,
PFG_MOEA,1246,5,130.19,886.45,0 81 46 96 83 11 14 95 57 0,
PFG_MOEA,1246,6,130.19,886.45,0 4 80 53 66 94 45 24 97 100 93 75 55 28 69 47 38 44 59 26 10 89 73 41 12 27 13 0,55 59
PFG_MOEA,1247,1,99.64,1067.22,0 57 97 61 60 5 29 52 87 6 65 90 24 45 94 66 0,
PFG_MOEA,1247,2,99.64,1067.22,0 4 80 53 55 98 63 74 78 64 30 71 0,
PFG_MOEA,1247,3,99.64,1067.22,0 99 2 25 89 10 26 59 44 38 47 69 28 42 76 9 7 8 79 0,10 79
PFG_MOEA,1247,4,99.64,1067.22,0 51 49 32 3 36 54 70 72 67 86 82 58 77 62 48 50 0,36
PFG_MOEA,1247,5,99.64,1067.22,0 92 43 34 1 21 37 33 22 23 84 56 39 68 18 19 91 20 17 31 0,84
PFG_MOEA,1247,6,99.64,1067.22,0 16 40 35 15 88 85 14 11 83 96 95 73 41 12 27 13 100 93 75 81 46 0,15 41 85
PFG_MOEA,1248,1,259.76,804.75,0 93 0,93
PFG_MOEA,1248,2,259.76,804.75,0 100 81 75 97 61 60 5 29 52 87 6 65 90 79 0,
PFG_MOEA,1248,3,259.76,804.75,0 83 11 14 98 85 88 63 74 78 64 30 15 71 35 31 17 40 16 18 19 20 91 21 33 37 68 39 56 84 23 22 1 34 99 2 25 43 92 62 48 50 77 58 82 86 67 72 70 54 36 3 32 49 51 45 24 4 0,18 22 32 51 58 62 70 71
PFG_MOEA,1248,4,259.76,804.75,0 94 66 53 80 76 9 55 96 0,55 76
PFG_MOEA,1248,5,259.76,804.75,0 57 95 73 41 12 27 13 0,95
PFG_MOEA,1248,6,259.76,804.75,0 89 10 26 59 44 38 47 69 28 42 46 7 8 0,
PFG_MOEA,1249,1,131.24,855.01,0 93 100 81 75 97 61 60 52 87 6 65 29 5 90 79 51 49 32 3 36 54 70 72 67 86 82 0,51 93
PFG_MOEA,1249,2,131.24,855.01,0 50 77 58 48 62 92 43 25 2 0,92
PFG_MOEA,1249,3,131.24,855.01,0 99 34 1 21 22 23 84 39 56 68 37 33 91 18 19 20 0,19
PFG_MOEA,1249,4,131.24,855.01,0 13 27 12 41 73 30 64 78 74 63 88 85 98 15 71 35 40 16 31 17 0,85
PFG_MOEA,1249,5,131.24,855.01,0 4 80 53 66 94 45 24 55 9 76 42 28 69 47 38 44 59 26 10 89 96 14 11 83 95 57 0,28 53
PFG_MOEA,1249,6,131.24,855.01,0 46 7 8 0,7
PFG_MOEA,1250,1,108.98,905.4,0 51 49 32 36 54 70 72 67 86 82 3 58 77 50 48 62 92 43 0,51 67
PFG_MOEA,1250,2,108.98,905.4,0 2 25 34 21 33 37 68 39 56 84 23 22 1 99 0,
PFG_MOEA,1250,3,108.98,905.4,0 20 91 19 31 17 18 16 40 35 71 15 30 64 78 74 63 88 85 98 11 83 0,91
PFG_MOEA,1250,4,108.98,905.4,0 80 93 97 89 96 57 95 73 14 41 12 27 13 0,14 93
PFG_MOEA,1250,5,108.98,905.4,0 10 26 59 44 38 47 69 28 42 46 7 8 4 53 66 94 0,
PFG_MOEA,1250,6,108.98,905.4,0 45 24 79 90 65 6 87 52 29 5 61 60 75 55 9 76 81 100 0,55
PFG_MOEA,1251,1,105.14,1054.54,0 2 25 43 34 21 33 37 82 86 67 72 70 54 36 3 77 58 62 48 92 0,72
PFG_MOEA,1251,2,105.14,1054.54,0 99 1 22 23 84 56 39 68 19 31 17 20 91 0,19
PFG_MOEA,1251,3,105.14,1054.54,0 18 16 73 41 100 93 97 75 55 28 69 47 38 44 59 26 10 89 0,
PFG_MOEA,1251,4,105.14,1054.54,0 13 27 12 40 35 71 15 30 64 78 74 63 88 85 98 81 0,71
PFG_MOEA,1251,5,105.14,1054.54,0 24 45 94 66 53 80 4 8 7 46 96 83 11 14 95 57 0,14
PFG_MOEA,1251,6,105.14,1054.54,0 42 76 9 60 61 5 29 52 87 6 65 90 79 32 49 51 50 0,
PFG_MOEA,1252,1,209.95,825.56,0 50 0,
PFG_MOEA,1252,2,209.95,825.56,0 77 58 48 62 92 43 25 2 99 34 1 21 37 33 22 23 84 56 39 68 18 19 91 20 17 31 16 40 35 71 15 30 64 78 74 63 88 85 98 14 11 83 0,22 58
PFG_MOEA,1252,3,209.95,825.56,0 4 24 45 94 66 53 0,
PFG_MOEA,1252,4,209.95,825.56,0 80 0,
PFG_MOEA,1252,5,209.95,825.56,0 13 27 12 41 73 95 57 96 89 10 26 59 44 38 47 69 28 46 7 8 100 81 42 76 9 55 75 93 97 61 60 65 6 87 52 29 5 0,47 95
PFG_MOEA,1252,6,209.95,825.56,0 90 79 51 49 32 3 36 54 70 72 67 86 82 0,32 54
PFG_MOEA,1253,1,108.4,987.28,0 95 8 7 46 42 60 61 5 29 52 87 6 65 90 0,
PFG_MOEA,1253,2,108.4,987.28,0 79 83 11 14 98 85 88 63 74 78 64 30 15 71 0,
PFG_MOEA,1253,3,108.4,987.28,0 17 31 35 40 16 18 19 20 91 21 33 37 68 39 56 84 23 22 1 34 99 2 25 0,18 22 33
PFG_MOEA,1253,4,108.4,987.28,0 43 92 62 48 50 77 58 82 86 67 72 70 54 36 3 32 49 0,
PFG_MOEA,1253,5,108.4,987.28,0 4 24 45 51 94 66 53 80 76 9 55 96 57 73 0,
PFG_MOEA,1253,6,108.4,987.28,0 13 27 12 41 89 10 26 59 44 38 47 69 28 75 97 93 100 81 0,
PFG_MOEA,1254,1,107.83,1025.19,0 51 3 36 54 70 72 67 86 82 58 77 50 48 62 92 43 0,51 67
PFG_MOEA,1254,2,107.83,1025.19,0 2 25 99 34 1 22 23 84 56 39 68 37 33 21 91 20 19 31 17 0,39 84
PFG_MOEA,1254,3,107.83,1025.19,0 100 81 74 78 64 30 15 71 35 40 16 18 0,40
PFG_MOEA,1254,4,107.83,1025.19,0 80 97 93 89 10 98 85 88 63 14 11 83 96 57 95 73 41 12 27 13 0,95
PFG_MOEA,1254,5,107.83,1025.19,0 26 59 44 38 47 69 28 42 46 7 8 4 53 0,4
PFG_MOEA,1254,6,107.83,1025.19,0 76 9 55 75 60 61 5 29 52 87 6 65 90 79 32 49 66 94 45 24 0,55 76
PFG_MOEA,1255,1,102.98,1063.06,0 20 14 96 89 10 26 44 38 47 69 28 42 76 9 55 24 45 0,10 14 38 55
PFG_MOEA,1255,2,102.98,1063.06,0 35 71 15 30 64 11 83 95 57 46 7 8 93 100 0,
PFG_MOEA,1255,3,102.98,1063.06,0 81 75 97 61 60 52 87 6 65 29 5 90 0,65
PFG_MOEA,1255,4,102.98,1063.06,0 79 51 49 32 3 36 54 70 72 67 86 82 58 77 50 48 62 92 43 25 0,67
PFG_MOEA,1255,5,102.98,1063.06,0 2 99 34 1 21 22 23 84 39 56 68 37 33 91 18 19 27 13 59 0,59 91
PFG_MOEA,1255,6,102.98,1063.06,0 12 41 73 78 74 63 88 85 98 40 16 31 17 94 66 53 80 4 0,
PFG_MOEA,1256,1,104.19,1056.66,0 19 18 91 21 22 33 37 68 56 39 84 23 82 86 67 72 70 54 36 3 0,33 39
PFG_MOEA,1256,2,104.19,1056.66,0 50 77 58 48 62 92 43 2 1 16 40 71 35 31 17 0,40
PFG_MOEA,1256,3,104.19,1056.66,0 13 27 12 73 15 98 85 88 63 74 78 64 30 41 99 34 25 0,15
PFG_MOEA,1256,4,104.19,1056.66,0 4 80 53 66 94 45 24 55 9 76 42 14 11 83 95 57 96 89 10 0,95
PFG_MOEA,1256,5,104.19,1056.66,0 26 59 44 38 47 69 28 46 7 8 93 100 81 75 97 61 60 52 87 6 0,28
PFG_MOEA,1256,6,104.19,1056.66,0 5 29 65 90 79 32 49 51 20 0,
PFG_MOEA,1257,1,98.88,1134.43,0 23 84 39 56 68 37 33 22 21 91 19 18 16 40 35 31 17 20 0,35
PFG_MOEA,1257,2,98.88,1134.43,0 15 30 64 78 74 63 98 71 99 2 25 50 77 58 82 86 0,
PFG_MOEA,1257,3,98.88,1134.43,0 92 43 1 34 88 85 14 11 83 0,92
PFG_MOEA,1257,4,98.88,1134.43,0 4 24 45 94 66 53 80 76 9 55 96 57 95 73 41 12 27 13 0,55 76
PFG_MOEA,1257,5,98.88,1134.43,0 89 10 26 59 44 38 47 69 28 42 46 7 8 93 60 61 97 75 81 100 0,47 59
PFG_MOEA,1257,6,98.88,1134.43,0 5 29 52 87 6 65 90 79 51 49 32 67 72 70 54 36 3 62 48 0,32 51 54 72
PFG_MOEA,1258,1,172.71,848.77,0 89 10 26 59 44 38 47 69 28 42 76 9 7 8 79 51 49 32 3 36 54 70 72 67 86 82 0,3 10 67
PFG_MOEA,1258,2,172.71,848.77,0 50 77 58 48 62 92 43 1 99 25 2 0,92
PFG_MOEA,1258,3,172.71,848.77,0 34 21 37 33 22 23 84 56 39 68 18 19 91 20 17 31 16 40 35 71 15 30 64 78 74 63 88 85 98 14 11 83 96 46 0,15 20
PFG_MOEA,1258,4,172.71,848.77,0 81 75 93 100 0,
PFG_MOEA,1258,5,172.71,848.77,0 13 27 12 41 73 95 57 97 61 60 5 29 52 87 6 65 90 24 45 94 66 53 80 4 0,95
PFG_MOEA,1258,6,172.71,848.77,0 55 0,55
PFG_MOEA,1259,1,130.19,886.45,0 8 7 42 76 9 60 61 5 29 52 87 6 65 90 79 32 49 51 0,
PFG_MOEA,1259,2,130.19,886.45,0 50 77 3 36 54 70 72 67 86 82 58 48 62 92 43 0,54 62
PFG_MOEA,1259,3,130.19,886.45,0 2 25 34 21 33 37 68 39 56 84 23 22 1 99 0,
PFG_MOEA,1259,4,130.19,886.45,0 20 91 19 31 17 18 16 40 35 71 15 98 85 88 63 74 78 64 30 0,
PFG_MOEA,1259,5,130.19,886.45,0 81 46 96 83 11 14 95 57 0,
PFG_MOEA,1259,6,130.19,886.45,0 4 80 53 66 94 45 24 97 100 93 75 55 28 69 47 38 44 59 26 10 89 73 41 12 27 13 0,55 59
PFG_MOEA,1260,1,99.64,1067.22,0 57 97 61 60 5 29 52 87 6 65 90 24 45 94 66 0,
PFG_MOEA,1260,2,99.64,1067.22,0 4 80 53 55 98 63 74 78 64 30 71 0,
PFG_MOEA,1260,3,99.64,1067.22,0 99 2 25 89 10 26 59 44 38 47 69 28 42 76 9 7 8 79 0,10 79
PFG_MOEA,1260,4,99.64,1067.22,0 51 49 32 3 36 54 70 72 67 86 82 58 77 62 48 50 0,36
PFG_MOEA,1260,5,99.64,1067.22,0 92 43 34 1 21 37 33 22 23 84 56 39 68 18 19 91 20 17 31 0,84
PFG_MOEA,1260,6,99.64,1067.22,0 16 40 35 15 88 85 14 11 83 96 95 73 41 12 27 13 100 93 75 81 46 0,15 41 85
PFG_MOEA,1261,1,259.76,804.75,0 93 0,93
PFG_MOEA,1261,2,259.76,804.75,0 100 81 75 97 61 60 5 29 52 87 6 65 90 79 0,
PFG_MOEA,1261,3,259.76,804.75,0 83 11 14 98 85 88 63 74 78 64 30 15 71 35 31 17 40 16 18 19 20 91 21 33 37 68 39 56 84 23 22 1 34 99 2 25 43 92 62 48 50 77 58 82 86 67 72 70 54 36 3 32 49 51 45 24 4 0,18 22 32 51 58 62 70 71
PFG_MOEA,1261,4,259.76,804.75,0 94 66 53 80 76 9 55 96 0,55 76
PFG_MOEA,1261,5,259.76,804.75,0 57 95 73 41 12 27 13 0,95
PFG_MOEA,1261,6,259.76,804.75,0 89 10 26 59 44 38 47 69 28 42 46 7 8 0,
PFG_MOEA,1262,1,131.24,855.01,0 93 100 81 75 97 61 60 52 87 6 65 29 5 90 79 51 49 32 3 36 54 70 72 67 86 82 0,51 93
PFG_MOEA,1262,2,131.24,855.01,0 50 77 58 48 62 92 43 25 2 0,92
PFG_MOEA,1262,3,131.24,855.01,0 99 34 1 21 22 23 84 39 56 68 37 33 91 18 19 20 0,19
PFG_MOEA,1262,4,131.24,855.01,0 13 27 12 41 73 30 64 78 74 63 88 85 98 15 71 35 40 16 31 17 0,85
PFG_MOEA,1262,5,131.24,855.01,0 4 80 53 66 94 45 24 55 9 76 42 28 69 47 38 44 59 26 10 89 96 14 11 83 95 57 0,28 53
PFG_MOEA,1262,6,131.24,855.01,0 46 7 8 0,7
PFG_MOEA,1263,1,108.98,905.4,0 51 49 32 36 54 70 72 67 86 82 3 58 77 50 48 62 92 43 0,51 67
PFG_MOEA,1263,2,108.98,905.4,0 2 25 34 21 33 37 68 39 56 84 23 22 1 99 0,
PFG_MOEA,1263,3,108.98,905.4,0 20 91 19 31 17 18 16 40 35 71 15 30 64 78 74 63 88 85 98 11 83 0,91
PFG_MOEA,1263,4,108.98,905.4,0 80 93 97 89 96 57 95 73 14 41 12 27 13 0,14 93
PFG_MOEA,1263,5,108.98,905.4,0 10 26 59 44 38 47 69 28 42 46 7 8 4 53 66 94 0,
PFG_MOEA,1263,6,108.98,905.4,0 45 24 79 90 65 6 87 52 29 5 61 60 75 55 9 76 81 100 0,55
PFG_MOEA,1264,1,105.14,1054.54,0 2 25 43 34 21 33 37 82 86 67 72 70 54 36 3 77 58 62 48 92 0,72
PFG_MOEA,1264,2,105.14,1054.54,0 99 1 22 23 84 56 39 68 19 31 17 20 91 0,19
PFG_MOEA,1264,3,105.14,1054.54,0 18 16 73 41 100 93 97 75 55 28 69 47 38 44 59 26 10 89 0,
PFG_MOEA,1264,4,105.14,1054.54,0 13 27 12 40 35 71 15 30 64 78 74 63 88 85 98 81 0,71
PFG_MOEA,1264,5,105.14,1054.54,0 24 45 94 66 53 80 4 8 7 46 96 83 11 14 95 57 0,14
PFG_MOEA,1264,6,105.14,1054.54,0 42 76 9 60 61 5 29 52 87 6 65 90 79 32 49 51 50 0,
PFG_MOEA,1265,1,209.95,825.56,0 50 0,
PFG_MOEA,1265,2,209.95,825.56,0 77 58 48 62 92 43 25 2 99 34 1 21 37 33 22 23 84 56 39 68 18 19 91 20 17 31 16 40 35 71 15 30 64 78 74 63 88 85 98 14 11 83 0,22 58
PFG_MOEA,1265,3,209.95,825.56,0 4 24 45 94 66 53 0,
PFG_MOEA,1265,4,209.95,825.56,0 80 0,
PFG_MOEA,1265,5,209.95,825.56,0 13 27 12 41 73 95 57 96 89 10 26 59 44 38 47 69 28 46 7 8 100 81 42 76 9 55 75 93 97 61 60 65 6 87 52 29 5 0,47 95
PFG_MOEA,1265,6,209.95,825.56,0 90 79 51 49 32 3 36 54 70 72 67 86 82 0,32 54
PFG_MOEA,1266,1,108.4,987.28,0 95 8 7 46 42 60 61 5 29 52 87 6 65 90 0,
PFG_MOEA,1266,2,108.4,987.28,0 79 83 11 14 98 85 88 63 74 78 64 30 15 71 0,
PFG_MOEA,1266,3,108.4,987.28,0 17 31 35 40 16 18 19 20 91 21 33 37 68 39 56 84 23 22 1 34 99 2 25 0,18 22 33
PFG_MOEA,1266,4,108.4,987.28,0 43 92 62 48 50 77 58 82 86 67 72 70 54 36 3 32 49 0,
PFG_MOEA,1266,5,108.4,987.28,0 4 24 45 51 94 66 53 80 76 9 55 96 57 73 0,
PFG_MOEA,1266,6,108.4,987.28,0 13 27 12 41 89 10 26 59 44 38 47 69 28 75 97 93 100 81 0,
PFG_MOEA,1267,1,107.83,1025.19,0 51 3 36 54 70 72 67 86 82 58 77 50 48 62 92 43 0,51 67
PFG_MOEA,1267,2,107.83,1025.19,0 2 25 99 34 1 22 23 84 56 39 68 37 33 21 91 20 19 31 17 0,39 84
PFG_MOEA,1267,3,107.83,1025.19,0 100 81 74 78 64 30 15 71 35 40 16 18 0,40
PFG_MOEA,1267,4,107.83,1025.19,0 80 97 93 89 10 98 85 88 63 14 11 83 96 57 95 73 41 12 27 13 0,95
PFG_MOEA,1267,5,107.83,1025.19,0 26 59 44 38 47 69 28 42 46 7 8 4 53 0,4
PFG_MOEA,1267,6,107.83,1025.19,0 76 9 55 75 60 61 5 29 52 87 6 65 90 79 32 49 66 94 45 24 0,55 76
PFG_MOEA,1268,1,102.98,1063.06,0 20 14 96 89 10 26 44 38 47 69 28 42 76 9 55 24 45 0,10 14 38 55
PFG_MOEA,1268,2,102.98,1063.06,0 35 71 15 30 64 11 83 95 57 46 7 8 93 100 0,
PFG_MOEA,1268,3,102.98,1063.06,0 81 75 97 61 60 52 87 6 65 29 5 90 0,65
PFG_MOEA,1268,4,102.98,1063.06,0 79 51 49 32 3 36 54 70 72 67 86 82 58 77 50 48 62 92 43 25 0,67
PFG_MOEA,1268,5,102.98,1063.06,0 2 99 34 1 21 22 23 84 39 56 68 37 33 91 18 19 27 13 59 0,59 91
PFG_MOEA,1268,6,102.98,1063.06,0 12 41 73 78 74 63 88 85 98 40 16 31 17 94 66 53 80 4 0,
PFG_MOEA,1269,1,104.19,1056.66,0 19 18 91 21 22 33 37 68 56 39 84 23 82 86 67 72 70 54 36 3 0,33 39
PFG_MOEA,1269,2,104.19,1056.66,0 50 77 58 48 62 92 43 2 1 16 40 71 35 31 17 0,40
PFG_MOEA,1269,3,104.19,1056.66,0 13 27 12 73 15 98 85 88 63 74 78 64 30 41 99 34 25 0,15
PFG_MOEA,1269,4,104.19,1056.66,0 4 80 53 66 94 45 24 55 9 76 42 14 11 83 95 57 96 89 10 0,95
PFG_MOEA,1269,5,104.19,1056.66,0 26 59 44 38 47 69 28 46 7 8 93 100 81 75 97 61 60 52 87 6 0,28
PFG_MOEA,1269,6,104.19,1056.66,0 5 29 65 90 79 32 49 51 20 0,
PFG_MOEA,1270,1,98.88,1134.43,0 23 84 39 56 68 37 33 22 21 91 19 18 16 40 35 31 17 20 0,35
PFG_MOEA,1270,2,98.88,1134.43,0 15 30 64 78 74 63 98 71 99 2 25 50 77 58 82 86 0,
PFG_MOEA,1270,3,98.88,1134.43,0 92 43 1 34 88 85 14 11 83 0,92
PFG_MOEA,1270,4,98.88,1134.43,0 4 24 45 94 66 53 80 76 9 55 96 57 95 73 41 12 27 13 0,55 76
PFG_MOEA,1270,5,98.88,1134.43,0 89 10 26 59 44 38 47 69 28 42 46 7 8 93 60 61 97 75 81 100 0,47 59
PFG_MOEA,1270,6,98.88,1134.43,0 5 29 52 87 6 65 90 79 51 49 32 67 72 70 54 36 3 62 48 0,32 51 54 72
PFG_MOEA,1271,1,172.71,848.77,0 89 10 26 59 44 38 47 69 28 42 76 9 7 8 79 51 49 32 3 36 54 70 72 67 86 82 0,3 10 67
PFG_MOEA,1271,2,172.71,848.77,0 50 77 58 48 62 92 43 1 99 25 2 0,92
PFG_MOEA,1271,3,172.71,848.77,0 34 21 37 33 22 23 84 56 39 68 18 19 91 20 17 31 16 40 35 71 15 30 64 78 74 63 88 85 98 14 11 83 96 46 0,15 20
PFG_MOEA,1271,4,172.71,848.77,0 81 75 93 100 0,
PFG_MOEA,1271,5,172.71,848.77,0 13 27 12 41 73 95 57 97 61 60 5 29 52 87 6 65 90 24 45 94 66 53 80 4 0,95
PFG_MOEA,1271,6,172.71,848.77,0 55 0,55
PFG_MOEA,1272,1,130.19,886.45,0 8 7 42 76 9 60 61 5 29 52 87 6 65 90 79 32 49 51 0,
PFG_MOEA,1272,2,130.19,886.45,0 50 77 3 36 54 70 72 67 86 82 58 48 62 92 43 0,54 62
PFG_MOEA,1272,3,130.19,886.45,0 2 25 34 21 33 37 68 39 56 84 23 22 1 99 0,
PFG_MOEA,1272,4,130.19,886.45,0 20 91 19 31 17 18 16 40 35 71 15 98 85 88 63 74 78 64 30 0,
PFG_MOEA,1272,5,130.19,886.45,0 81 46 96 83 11 14 95 57 0,
PFG_MOEA,1272,6,130.19,886.45,0 4 80 53 66 94 45 24 97 100 93 75 55 28 69 47 38 44 59 26 10 89 73 41 12 27 13 0,55 59
PFG_MOEA,1273,1,99.64,1067.22,0 57 97 61 60 5 29 52 87 6 65 90 24 45 94 66 0,
PFG_MOEA,1273,2,99.64,1067.22,0 4 80 53 55 98 63 74 78 64 30 71 0,
PFG_MOEA,1273,3,99.64,1067.22,0 99 2 25 89 10 26 59 44 38 47 69 28 42 76 9 7 8 79 0,10 79
PFG_MOEA,1273,4,99.64,1067.22,0 51 49 32 3 36 54 70 72 67 86 82 58 77 62 48 50 0,36
PFG_MOEA,1273,5,99.64,1067.22,0 92 43 34 1 21 37 33 22 23 84 56 39 68 18 19 91 20 17 31 0,84
PFG_MOEA,1273,6,99.64,1067.22,0 16 40 35 15 88 85 14 11 83 96 95 73 41 12 27 13 100 93 75 81 46 0,15 41 85
PFG_MOEA,1274,1,259.76,804.75,0 93 0,93
PFG_MOEA,1274,2,259.76,804.75,0 100 81 75 97 61 60 5 29 52 87 6 65 90 79 0,
PFG_MOEA,1274,3,259.76,804.75,0 83 11 14 98 85 88 63 74 78 64 30 15 71 35 31 17 40 16 18 19 20 91 21 33 37 68 39 56 84 23 22 1 34 99 2 25 43 92 62 48 50 77 58 82 86 67 72 70 54 36 3 32 49 51 45 24 4 0,18 22 32 51 58 62 70 71
PFG_MOEA,1274,4,259.76,804.75,0 94 66 53 80 76 9 55 96 0,55 76
PFG_MOEA,1274,5,259.76,804.75,0 57 95 73 41 12 27 13 0,95
PFG_MOEA,1274,6,259.76,804.75,0 89 10 26 59 44 38 47 69 28 42 46 7 8 0,
PFG_MOEA,1275,1,131.24,855.01,0 93 100 81 75 97 61 60 52 87 6 65 29 5 90 79 51 49 32 3 36 54 70 72 67 86 82 0,51 93
PFG_MOEA,1275,2,131.24,855.01,0 50 77 58 48 62 92 43 25 2 0,92
PFG_MOEA,1275,3,131.24,855.01,0 99 34 1 21 22 23 84 39 56 68 37 33 91 18 19 20 0,19
PFG_MOEA,1275,4,131.24,855.01,0 13 27 12 41 73 30 64 78 74 63 88 85 98 15 71 35 40 16 31 17 0,85
PFG_MOEA,1275,5,131.24,855.01,0 4 80 53 66 94 45 24 55 9 76 42 28 69 47 38 44 59 26 10 89 96 14 11 83 95 57 0,28 53
PFG_MOEA,1275,6,131.24,855.01,0 46 7 8 0,7
PFG_MOEA,1276,1,108.98,905.4,0 51 49 32 36 54 70 72 67 86 82 3 58 77 50 48 62 92 43 0,51 67
PFG_MOEA,1276,2,108.98,905.4,0 2 25 34 21 33 37 68 39 56 84 23 22 1 99 0,
PFG_MOEA,1276,3,108.98,905.4,0 20 91 19 31 17 18 16 40 35 71 15 30 64 78 74 63 88 85 98 11 83 0,91
PFG_MOEA,1276,4,108.98,905.4,0 80 93 97 89 96 57 95 73 14 41 12 27 13 0,14 93
PFG_MOEA,1276,5,108.98,905.4,0 10 26 59 44 38 47 69 28 42 46 7 8 4 53 66 94 0,
PFG_MOEA,1276,6,108.98,905.4,0 45 24 79 90 65 6 87 52 29 5 61 60 75 55 9 76 81 100 0,55
PFG_MOEA,1277,1,105.14,1054.54,0 2 25 43 34 21 33 37 82 86 67 72 70 54 36 3 77 58 62 48 92 0,72
PFG_MOEA,1277,2,105.14,1054.54,0 99 1 22 23 84 56 39 68 19 31 17 20 91 0,19
PFG_MOEA,1277,3,105.14,1054.54,0 18 16 73 41 100 93 97 75 55 28 69 47 38 44 59 26 10 89 0,
PFG_MOEA,1277,4,105.14,1054.54,0 13 27 12 40 35 71 15 30 64 78 74 63 88 85 98 81 0,71
PFG_MOEA,1277,5,105.14,1054.54,0 24 45 94 66 53 80 4 8 7 46 96 83 11 14 95 57 0,14
PFG_MOEA,1277,6,105.14,1054.54,0 42 76 9 60 61 5 29 52 87 6 65 90 79 32 49 51 50 0,
PFG_MOEA,1278,1,209.95,825.56,0 50 0,
PFG_MOEA,1278,2,209.95,825.56,0 77 58 48 62 92 43 25 2 99 34 1 21 37 33 22 23 84 56 39 68 18 19 91 20 17 31 16 40 35 71 15 30 64 78 74 63 88 85 98 14 11 83 0,22 58
PFG_MOEA,1278,3,209.95,825.56,0 4 24 45 94 66 53 0,
PFG_MOEA,1278,4,209.95,825.56,0 80 0,
PFG_MOEA,1278,5,209.95,825.56,0 13 27 12 41 73 95 57 96 89 10 26 59 44 38 47 69 28 46 7 8 100 81 42 76 9 55 75 93 97 61 60 65 6 87 52 29 5 0,47 95
PFG_MOEA,1278,6,209.95,825.56,0 90 79 51 49 32 3 36 54 70 72 67 86 82 0,32 54
PFG_MOEA,1279,1,108.4,987.28,0 95 8 7 46 42 60 61 5 29 52 87 6 65 90 0,
PFG_MOEA,1279,2,108.4,987.28,0 79 83 11 14 98 85 88 63 74 78 64 30 15 71 0,
PFG_MOEA,1279,3,108.4,987.28,0 17 31 35 40 16 18 19 20 91 21 33 37 68 39 56 84 23 22 1 34 99 2 25 0,18 22 33
PFG_MOEA,1279,4,108.4,987.28,0 43 92 62 48 50 77 58 82 86 67 72 70 54 36 3 32 49 0,
PFG_MOEA,1279,5,108.4,987.28,0 4 24 45 51 94 66 53 80 76 9 55 96 57 73 0,
PFG_MOEA,1279,6,108.4,987.28,0 13 27 12 41 89 10 26 59 44 38 47 69 28 75 97 93 100 81 0,
PFG_MOEA,1280,1,107.83,1025.19,0 51 3 36 54 70 72 67 86 82 58 77 50 48 62 92 43 0,51 67
PFG_MOEA,1280,2,107.83,1025.19,0 2 25 99 34 1 22 23 84 56 39 68 37 33 21 91 20 19 31 17 0,39 84
PFG_MOEA,1280,3,107.83,1025.19,0 100 81 74 78 64 30 15 71 35 40 16 18 0,40
PFG_MOEA,1280,4,107.83,1025.19,0 80 97 93 89 10 98 85 88 63 14 11 83 96 57 95 73 41 12 27 13 0,95
PFG_MOEA,1280,5,107.83,1025.19,0 26 59 44 38 47 69 28 42 46 7 8 4 53 0,4
PFG_MOEA,1280,6,107.83,1025.19,0 76 9 55 75 60 61 5 29 52 87 6 65 90 79 32 49 66 94 45 24 0,55 76
PFG_MOEA,1281,1,102.98,1063.06,0 20 14 96 89 10 26 44 38 47 69 28 42 76 9 55 24 45 0,10 14 38 55
PFG_MOEA,1281,2,102.98,1063.06,0 35 71 15 30 64 11 83 95 57 46 7 8 93 100 0,
PFG_MOEA,1281,3,102.98,1063.06,0 81 75 97 61 60 52 87 6 65 29 5 90 0,65
PFG_MOEA,1281,4,102.98,1063.06,0 79 51 49 32 3 36 54 70 72 67 86 82 58 77 50 48 62 92 43 25 0,67
PFG_MOEA,1281,5,102.98,1063.06,0 2 99 34 1 21 22 23 84 39 56 68 37 33 91 18 19 27 13 59 0,59 91
PFG_MOEA,1281,6,102.98,1063.06,0 12 41 73 78 74 63 88 85 98 40 16 31 17 94 66 53 80 4 0,
