algorithm,solution_id,truck_id,makespan,carbon,truck_route,drone_customers
PFG_MOEA,1,1,403.49,1779.21,0 196 6 77 0,
PFG_MOEA,1,2,403.49,1779.21,0 199 94 109 1 144 61 124 169 151 11 137 88 67 155 23 10 162 22 142 119 41 183 53 87 69 127 90 172 158 168 190 35 118 120 31 30 115 184 12 136 149 3 84 86 47 153 147 24 75 45 152 105 189 112 52 2 159 102 36 5 49 9 180 0,
PFG_MOEA,1,3,403.49,1779.21,0 97 0,
PFG_MOEA,1,4,403.49,1779.21,0 20 57 81 89 156 157 104 186 176 38 195 7 58 34 29 131 185 27 44 128 80 71 14 146 32 167 42 100 79 141 138 98 28 173 66 85 125 135 0,89 131
PFG_MOEA,1,5,403.49,1779.21,0 16 139 198 95 182 191 48 165 187 18 39 54 72 70 164 150 200 21 96 197 43 194 174 76 116 106 92 126 133 91 74 154 103 188 171 181 192 40 63 117 140 110 101 68 15 123 175 122 46 51 107 134 19 8 55 0,21 198
PFG_MOEA,1,6,403.49,1779.21,0 60 78 193 163 13 62 177 65 130 161 170 143 145 82 33 178 160 83 99 59 108 166 73 26 114 179 113 37 121 148 129 93 25 4 111 56 132 64 50 17 0,56
PFG_MOEA,2,1,403.49,1779.21,0 196 6 77 0,
PFG_MOEA,2,2,403.49,1779.21,0 199 94 109 1 144 61 124 169 151 11 137 88 67 155 23 10 162 22 142 119 41 183 53 87 69 127 90 172 158 168 190 35 118 120 31 30 115 184 12 136 149 3 84 86 47 153 147 24 75 45 152 105 189 112 52 2 159 102 36 5 49 9 180 0,
PFG_MOEA,2,3,403.49,1779.21,0 97 0,
PFG_MOEA,2,4,403.49,1779.21,0 20 57 81 89 156 157 104 186 176 38 195 7 58 34 29 131 185 27 44 128 80 71 14 146 32 167 42 100 79 141 138 98 28 173 66 85 125 135 0,89 131
PFG_MOEA,2,5,403.49,1779.21,0 16 139 198 95 182 191 48 165 187 18 39 54 72 70 164 150 200 21 96 197 43 194 174 76 116 106 92 126 133 91 74 154 103 188 171 181 192 40 63 117 140 110 101 68 15 123 175 122 46 51 107 134 19 8 55 0,21 198
PFG_MOEA,2,6,403.49,1779.21,0 60 78 193 163 13 62 177 65 130 161 170 143 145 82 33 178 160 83 99 59 108 166 73 26 114 179 113 37 121 148 129 93 25 4 111 56 132 64 50 17 0,56
PFG_MOEA,3,1,403.49,1779.21,0 196 6 77 0,
PFG_MOEA,3,2,403.49,1779.21,0 199 94 109 1 144 61 124 169 151 11 137 88 67 155 23 10 162 22 142 119 41 183 53 87 69 127 90 172 158 168 190 35 118 120 31 30 115 184 12 136 149 3 84 86 47 153 147 24 75 45 152 105 189 112 52 2 159 102 36 5 49 9 180 0,
PFG_MOEA,3,3,403.49,1779.21,0 97 0,
PFG_MOEA,3,4,403.49,1779.21,0 20 57 81 89 156 157 104 186 176 38 195 7 58 34 29 131 185 27 44 128 80 71 14 146 32 167 42 100 79 141 138 98 28 173 66 85 125 135 0,89 131
PFG_MOEA,3,5,403.49,1779.21,0 16 139 198 95 182 191 48 165 187 18 39 54 72 70 164 150 200 21 96 197 43 194 174 76 116 106 92 126 133 91 74 154 103 188 171 181 192 40 63 117 140 110 101 68 15 123 175 122 46 51 107 134 19 8 55 0,21 198
PFG_MOEA,3,6,403.49,1779.21,0 60 78 193 163 13 62 177 65 130 161 170 143 145 82 33 178 160 83 99 59 108 166 73 26 114 179 113 37 121 148 129 93 25 4 111 56 132 64 50 17 0,56
PFG_MOEA,4,1,403.49,1779.21,0 196 6 77 0,
PFG_MOEA,4,2,403.49,1779.21,0 199 94 109 1 144 61 124 169 151 11 137 88 67 155 23 10 162 22 142 119 41 183 53 87 69 127 90 172 158 168 190 35 118 120 31 30 115 184 12 136 149 3 84 86 47 153 147 24 75 45 152 105 189 112 52 2 159 102 36 5 49 9 180 0,
PFG_MOEA,4,3,403.49,1779.21,0 97 0,
PFG_MOEA,4,4,403.49,1779.21,0 20 57 81 89 156 157 104 186 176 38 195 7 58 34 29 131 185 27 44 128 80 71 14 146 32 167 42 100 79 141 138 98 28 173 66 85 125 135 0,89 131
PFG_MOEA,4,5,403.49,1779.21,0 16 139 198 95 182 191 48 165 187 18 39 54 72 70 164 150 200 21 96 197 43 194 174 76 116 106 92 126 133 91 74 154 103 188 171 181 192 40 63 117 140 110 101 68 15 123 175 122 46 51 107 134 19 8 55 0,21 198
PFG_MOEA,4,6,403.49,1779.21,0 60 78 193 163 13 62 177 65 130 161 170 143 145 82 33 178 160 83 99 59 108 166 73 26 114 179 113 37 121 148 129 93 25 4 111 56 132 64 50 17 0,56
PFG_MOEA,5,1,403.49,1779.21,0 196 6 77 0,
PFG_MOEA,5,2,403.49,1779.21,0 199 94 109 1 144 61 124 169 151 11 137 88 67 155 23 10 162 22 142 119 41 183 53 87 69 127 90 172 158 168 190 35 118 120 31 30 115 184 12 136 149 3 84 86 47 153 147 24 75 45 152 105 189 112 52 2 159 102 36 5 49 9 180 0,
PFG_MOEA,5,3,403.49,1779.21,0 97 0,
PFG_MOEA,5,4,403.49,1779.21,0 20 57 81 89 156 157 104 186 176 38 195 7 58 34 29 131 185 27 44 128 80 71 14 146 32 167 42 100 79 141 138 98 28 173 66 85 125 135 0,89 131
PFG_MOEA,5,5,403.49,1779.21,0 16 139 198 95 182 191 48 165 187 18 39 54 72 70 164 150 200 21 96 197 43 194 174 76 116 106 92 126 133 91 74 154 103 188 171 181 192 40 63 117 140 110 101 68 15 123 175 122 46 51 107 134 19 8 55 0,21 198
PFG_MOEA,5,6,403.49,1779.21,0 60 78 193 163 13 62 177 65 130 161 170 143 145 82 33 178 160 83 99 59 108 166 73 26 114 179 113 37 121 148 129 93 25 4 111 56 132 64 50 17 0,56
PFG_MOEA,6,1,403.49,1779.21,0 196 6 77 0,
PFG_MOEA,6,2,403.49,1779.21,0 199 94 109 1 144 61 124 169 151 11 137 88 67 155 23 10 162 22 142 119 41 183 53 87 69 127 90 172 158 168 190 35 118 120 31 30 115 184 12 136 149 3 84 86 47 153 147 24 75 45 152 105 189 112 52 2 159 102 36 5 49 9 180 0,
PFG_MOEA,6,3,403.49,1779.21,0 97 0,
PFG_MOEA,6,4,403.49,1779.21,0 20 57 81 89 156 157 104 186 176 38 195 7 58 34 29 131 185 27 44 128 80 71 14 146 32 167 42 100 79 141 138 98 28 173 66 85 125 135 0,89 131
PFG_MOEA,6,5,403.49,1779.21,0 16 139 198 95 182 191 48 165 187 18 39 54 72 70 164 150 200 21 96 197 43 194 174 76 116 106 92 126 133 91 74 154 103 188 171 181 192 40 63 117 140 110 101 68 15 123 175 122 46 51 107 134 19 8 55 0,21 198
PFG_MOEA,6,6,403.49,1779.21,0 60 78 193 163 13 62 177 65 130 161 170 143 145 82 33 178 160 83 99 59 108 166 73 26 114 179 113 37 121 148 129 93 25 4 111 56 132 64 50 17 0,56
PFG_MOEA,7,1,403.49,1779.21,0 196 6 77 0,
PFG_MOEA,7,2,403.49,1779.21,0 199 94 109 1 144 61 124 169 151 11 137 88 67 155 23 10 162 22 142 119 41 183 53 87 69 127 90 172 158 168 190 35 118 120 31 30 115 184 12 136 149 3 84 86 47 153 147 24 75 45 152 105 189 112 52 2 159 102 36 5 49 9 180 0,
PFG_MOEA,7,3,403.49,1779.21,0 97 0,
PFG_MOEA,7,4,403.49,1779.21,0 20 57 81 89 156 157 104 186 176 38 195 7 58 34 29 131 185 27 44 128 80 71 14 146 32 167 42 100 79 141 138 98 28 173 66 85 125 135 0,89 131
PFG_MOEA,7,5,403.49,1779.21,0 16 139 198 95 182 191 48 165 187 18 39 54 72 70 164 150 200 21 96 197 43 194 174 76 116 106 92 126 133 91 74 154 103 188 171 181 192 40 63 117 140 110 101 68 15 123 175 122 46 51 107 134 19 8 55 0,21 198
PFG_MOEA,7,6,403.49,1779.21,0 60 78 193 163 13 62 177 65 130 161 170 143 145 82 33 178 160 83 99 59 108 166 73 26 114 179 113 37 121 148 129 93 25 4 111 56 132 64 50 17 0,56
PFG_MOEA,8,1,403.49,1779.21,0 196 6 77 0,
PFG_MOEA,8,2,403.49,1779.21,0 199 94 109 1 144 61 124 169 151 11 137 88 67 155 23 10 162 22 142 119 41 183 53 87 69 127 90 172 158 168 190 35 118 120 31 30 115 184 12 136 149 3 84 86 47 153 147 24 75 45 152 105 189 112 52 2 159 102 36 5 49 9 180 0,
PFG_MOEA,8,3,403.49,1779.21,0 97 0,
PFG_MOEA,8,4,403.49,1779.21,0 20 57 81 89 156 157 104 186 176 38 195 7 58 34 29 131 185 27 44 128 80 71 14 146 32 167 42 100 79 141 138 98 28 173 66 85 125 135 0,89 131
PFG_MOEA,8,5,403.49,1779.21,0 16 139 198 95 182 191 48 165 187 18 39 54 72 70 164 150 200 21 96 197 43 194 174 76 116 106 92 126 133 91 74 154 103 188 171 181 192 40 63 117 140 110 101 68 15 123 175 122 46 51 107 134 19 8 55 0,21 198
PFG_MOEA,8,6,403.49,1779.21,0 60 78 193 163 13 62 177 65 130 161 170 143 145 82 33 178 160 83 99 59 108 166 73 26 114 179 113 37 121 148 129 93 25 4 111 56 132 64 50 17 0,56
PFG_MOEA,9,1,403.49,1779.21,0 196 6 77 0,
PFG_MOEA,9,2,403.49,1779.21,0 199 94 109 1 144 61 124 169 151 11 137 88 67 155 23 10 162 22 142 119 41 183 53 87 69 127 90 172 158 168 190 35 118 120 31 30 115 184 12 136 149 3 84 86 47 153 147 24 75 45 152 105 189 112 52 2 159 102 36 5 49 9 180 0,
PFG_MOEA,9,3,403.49,1779.21,0 97 0,
PFG_MOEA,9,4,403.49,1779.21,0 20 57 81 89 156 157 104 186 176 38 195 7 58 34 29 131 185 27 44 128 80 71 14 146 32 167 42 100 79 141 138 98 28 173 66 85 125 135 0,89 131
PFG_MOEA,9,5,403.49,1779.21,0 16 139 198 95 182 191 48 165 187 18 39 54 72 70 164 150 200 21 96 197 43 194 174 76 116 106 92 126 133 91 74 154 103 188 171 181 192 40 63 117 140 110 101 68 15 123 175 122 46 51 107 134 19 8 55 0,21 198
PFG_MOEA,9,6,403.49,1779.21,0 60 78 193 163 13 62 177 65 130 161 170 143 145 82 33 178 160 83 99 59 108 166 73 26 114 179 113 37 121 148 129 93 25 4 111 56 132 64 50 17 0,56
PFG_MOEA,10,1,403.49,1779.21,0 196 6 77 0,
PFG_MOEA,10,2,403.49,1779.21,0 199 94 109 1 144 61 124 169 151 11 137 88 67 155 23 10 162 22 142 119 41 183 53 87 69 127 90 172 158 168 190 35 118 120 31 30 115 184 12 136 149 3 84 86 47 153 147 24 75 45 152 105 189 112 52 2 159 102 36 5 49 9 180 0,
PFG_MOEA,10,3,403.49,1779.21,0 97 0,
PFG_MOEA,10,4,403.49,1779.21,0 20 57 81 89 156 157 104 186 176 38 195 7 58 34 29 131 185 27 44 128 80 71 14 146 32 167 42 100 79 141 138 98 28 173 66 85 125 135 0,89 131
PFG_MOEA,10,5,403.49,1779.21,0 16 139 198 95 182 191 48 165 187 18 39 54 72 70 164 150 200 21 96 197 43 194 174 76 116 106 92 126 133 91 74 154 103 188 171 181 192 40 63 117 140 110 101 68 15 123 175 122 46 51 107 134 19 8 55 0,21 198
PFG_MOEA,10,6,403.49,1779.21,0 60 78 193 163 13 62 177 65 130 161 170 143 145 82 33 178 160 83 99 59 108 166 73 26 114 179 113 37 121 148 129 93 25 4 111 56 132 64 50 17 0,56
PFG_MOEA,11,1,403.49,1779.21,0 196 6 77 0,
PFG_MOEA,11,2,403.49,1779.21,0 199 94 109 1 144 61 124 169 151 11 137 88 67 155 23 10 162 22 142 119 41 183 53 87 69 127 90 172 158 168 190 35 118 120 31 30 115 184 12 136 149 3 84 86 47 153 147 24 75 45 152 105 189 112 52 2 159 102 36 5 49 9 180 0,
PFG_MOEA,11,3,403.49,1779.21,0 97 0,
PFG_MOEA,11,4,403.49,1779.21,0 20 57 81 89 156 157 104 186 176 38 195 7 58 34 29 131 185 27 44 128 80 71 14 146 32 167 42 100 79 141 138 98 28 173 66 85 125 135 0,89 131
PFG_MOEA,11,5,403.49,1779.21,0 16 139 198 95 182 191 48 165 187 18 39 54 72 70 164 150 200 21 96 197 43 194 174 76 116 106 92 126 133 91 74 154 103 188 171 181 192 40 63 117 140 110 101 68 15 123 175 122 46 51 107 134 19 8 55 0,21 198
PFG_MOEA,11,6,403.49,1779.21,0 60 78 193 163 13 62 177 65 130 161 170 143 145 82 33 178 160 83 99 59 108 166 73 26 114 179 113 37 121 148 129 93 25 4 111 56 132 64 50 17 0,56
PFG_MOEA,12,1,403.49,1779.21,0 196 6 77 0,
PFG_MOEA,12,2,403.49,1779.21,0 199 94 109 1 144 61 124 169 151 11 137 88 67 155 23 10 162 22 142 119 41 183 53 87 69 127 90 172 158 168 190 35 118 120 31 30 115 184 12 136 149 3 84 86 47 153 147 24 75 45 152 105 189 112 52 2 159 102 36 5 49 9 180 0,
PFG_MOEA,12,3,403.49,1779.21,0 97 0,
PFG_MOEA,12,4,403.49,1779.21,0 20 57 81 89 156 157 104 186 176 38 195 7 58 34 29 131 185 27 44 128 80 71 14 146 32 167 42 100 79 141 138 98 28 173 66 85 125 135 0,89 131
PFG_MOEA,12,5,403.49,1779.21,0 16 139 198 95 182 191 48 165 187 18 39 54 72 70 164 150 200 21 96 197 43 194 174 76 116 106 92 126 133 91 74 154 103 188 171 181 192 40 63 117 140 110 101 68 15 123 175 122 46 51 107 134 19 8 55 0,21 198
PFG_MOEA,12,6,403.49,1779.21,0 60 78 193 163 13 62 177 65 130 161 170 143 145 82 33 178 160 83 99 59 108 166 73 26 114 179 113 37 121 148 129 93 25 4 111 56 132 64 50 17 0,56
PFG_MOEA,13,1,403.49,1779.21,0 196 6 77 0,
PFG_MOEA,13,2,403.49,1779.21,0 199 94 109 1 144 61 124 169 151 11 137 88 67 155 23 10 162 22 142 119 41 183 53 87 69 127 90 172 158 168 190 35 118 120 31 30 115 184 12 136 149 3 84 86 47 153 147 24 75 45 152 105 189 112 52 2 159 102 36 5 49 9 180 0,
PFG_MOEA,13,3,403.49,1779.21,0 97 0,
PFG_MOEA,13,4,403.49,1779.21,0 20 57 81 89 156 157 104 186 176 38 195 7 58 34 29 131 185 27 44 128 80 71 14 146 32 167 42 100 79 141 138 98 28 173 66 85 125 135 0,89 131
PFG_MOEA,13,5,403.49,1779.21,0 16 139 198 95 182 191 48 165 187 18 39 54 72 70 164 150 200 21 96 197 43 194 174 76 116 106 92 126 133 91 74 154 103 188 171 181 192 40 63 117 140 110 101 68 15 123 175 122 46 51 107 134 19 8 55 0,21 198
PFG_MOEA,13,6,403.49,1779.21,0 60 78 193 163 13 62 177 65 130 161 170 143 145 82 33 178 160 83 99 59 108 166 73 26 114 179 113 37 121 148 129 93 25 4 111 56 132 64 50 17 0,56
PFG_MOEA,14,1,403.49,1779.21,0 196 6 77 0,
PFG_MOEA,14,2,403.49,1779.21,0 199 94 109 1 144 61 124 169 151 11 137 88 67 155 23 10 162 22 142 119 41 183 53 87 69 127 90 172 158 168 190 35 118 120 31 30 115 184 12 136 149 3 84 86 47 153 147 24 75 45 152 105 189 112 52 2 159 102 36 5 49 9 180 0,
PFG_MOEA,14,3,403.49,1779.21,0 97 0,
PFG_MOEA,14,4,403.49,1779.21,0 20 57 81 89 156 157 104 186 176 38 195 7 58 34 29 131 185 27 44 128 80 71 14 146 32 167 42 100 79 141 138 98 28 173 66 85 125 135 0,89 131
PFG_MOEA,14,5,403.49,1779.21,0 16 139 198 95 182 191 48 165 187 18 39 54 72 70 164 150 200 21 96 197 43 194 174 76 116 106 92 126 133 91 74 154 103 188 171 181 192 40 63 117 140 110 101 68 15 123 175 122 46 51 107 134 19 8 55 0,21 198
PFG_MOEA,14,6,403.49,1779.21,0 60 78 193 163 13 62 177 65 130 161 170 143 145 82 33 178 160 83 99 59 108 166 73 26 114 179 113 37 121 148 129 93 25 4 111 56 132 64 50 17 0,56
PFG_MOEA,15,1,403.49,1779.21,0 196 6 77 0,
PFG_MOEA,15,2,403.49,1779.21,0 199 94 109 1 144 61 124 169 151 11 137 88 67 155 23 10 162 22 142 119 41 183 53 87 69 127 90 172 158 168 190 35 118 120 31 30 115 184 12 136 149 3 84 86 47 153 147 24 75 45 152 105 189 112 52 2 159 102 36 5 49 9 180 0,
PFG_MOEA,15,3,403.49,1779.21,0 97 0,
PFG_MOEA,15,4,403.49,1779.21,0 20 57 81 89 156 157 104 186 176 38 195 7 58 34 29 131 185 27 44 128 80 71 14 146 32 167 42 100 79 141 138 98 28 173 66 85 125 135 0,89 131
PFG_MOEA,15,5,403.49,1779.21,0 16 139 198 95 182 191 48 165 187 18 39 54 72 70 164 150 200 21 96 197 43 194 174 76 116 106 92 126 133 91 74 154 103 188 171 181 192 40 63 117 140 110 101 68 15 123 175 122 46 51 107 134 19 8 55 0,21 198
PFG_MOEA,15,6,403.49,1779.21,0 60 78 193 163 13 62 177 65 130 161 170 143 145 82 33 178 160 83 99 59 108 166 73 26 114 179 113 37 121 148 129 93 25 4 111 56 132 64 50 17 0,56
PFG_MOEA,16,1,403.49,1779.21,0 196 6 77 0,
PFG_MOEA,16,2,403.49,1779.21,0 199 94 109 1 144 61 124 169 151 11 137 88 67 155 23 10 162 22 142 119 41 183 53 87 69 127 90 172 158 168 190 35 118 120 31 30 115 184 12 136 149 3 84 86 47 153 147 24 75 45 152 105 189 112 52 2 159 102 36 5 49 9 180 0,
PFG_MOEA,16,3,403.49,1779.21,0 97 0,
PFG_MOEA,16,4,403.49,1779.21,0 20 57 81 89 156 157 104 186 176 38 195 7 58 34 29 131 185 27 44 128 80 71 14 146 32 167 42 100 79 141 138 98 28 173 66 85 125 135 0,89 131
PFG_MOEA,16,5,403.49,1779.21,0 16 139 198 95 182 191 48 165 187 18 39 54 72 70 164 150 200 21 96 197 43 194 174 76 116 106 92 126 133 91 74 154 103 188 171 181 192 40 63 117 140 110 101 68 15 123 175 122 46 51 107 134 19 8 55 0,21 198
PFG_MOEA,16,6,403.49,1779.21,0 60 78 193 163 13 62 177 65 130 161 170 143 145 82 33 178 160 83 99 59 108 166 73 26 114 179 113 37 121 148 129 93 25 4 111 56 132 64 50 17 0,56
PFG_MOEA,17,1,403.49,1779.21,0 196 6 77 0,
PFG_MOEA,17,2,403.49,1779.21,0 199 94 109 1 144 61 124 169 151 11 137 88 67 155 23 10 162 22 142 119 41 183 53 87 69 127 90 172 158 168 190 35 118 120 31 30 115 184 12 136 149 3 84 86 47 153 147 24 75 45 152 105 189 112 52 2 159 102 36 5 49 9 180 0,
PFG_MOEA,17,3,403.49,1779.21,0 97 0,
PFG_MOEA,17,4,403.49,1779.21,0 20 57 81 89 156 157 104 186 176 38 195 7 58 34 29 131 185 27 44 128 80 71 14 146 32 167 42 100 79 141 138 98 28 173 66 85 125 135 0,89 131
PFG_MOEA,17,5,403.49,1779.21,0 16 139 198 95 182 191 48 165 187 18 39 54 72 70 164 150 200 21 96 197 43 194 174 76 116 106 92 126 133 91 74 154 103 188 171 181 192 40 63 117 140 110 101 68 15 123 175 122 46 51 107 134 19 8 55 0,21 198
PFG_MOEA,17,6,403.49,1779.21,0 60 78 193 163 13 62 177 65 130 161 170 143 145 82 33 178 160 83 99 59 108 166 73 26 114 179 113 37 121 148 129 93 25 4 111 56 132 64 50 17 0,56
PFG_MOEA,18,1,403.49,1779.21,0 196 6 77 0,
PFG_MOEA,18,2,403.49,1779.21,0 199 94 109 1 144 61 124 169 151 11 137 88 67 155 23 10 162 22 142 119 41 183 53 87 69 127 90 172 158 168 190 35 118 120 31 30 115 184 12 136 149 3 84 86 47 153 147 24 75 45 152 105 189 112 52 2 159 102 36 5 49 9 180 0,
PFG_MOEA,18,3,403.49,1779.21,0 97 0,
PFG_MOEA,18,4,403.49,1779.21,0 20 57 81 89 156 157 104 186 176 38 195 7 58 34 29 131 185 27 44 128 80 71 14 146 32 167 42 100 79 141 138 98 28 173 66 85 125 135 0,89 131
PFG_MOEA,18,5,403.49,1779.21,0 16 139 198 95 182 191 48 165 187 18 39 54 72 70 164 150 200 21 96 197 43 194 174 76 116 106 92 126 133 91 74 154 103 188 171 181 192 40 63 117 140 110 101 68 15 123 175 122 46 51 107 134 19 8 55 0,21 198
PFG_MOEA,18,6,403.49,1779.21,0 60 78 193 163 13 62 177 65 130 161 170 143 145 82 33 178 160 83 99 59 108 166 73 26 114 179 113 37 121 148 129 93 25 4 111 56 132 64 50 17 0,56
PFG_MOEA,19,1,403.49,1779.21,0 196 6 77 0,
PFG_MOEA,19,2,403.49,1779.21,0 199 94 109 1 144 61 124 169 151 11 137 88 67 155 23 10 162 22 142 119 41 183 53 87 69 127 90 172 158 168 190 35 118 120 31 30 115 184 12 136 149 3 84 86 47 153 147 24 75 45 152 105 189 112 52 2 159 102 36 5 49 9 180 0,
PFG_MOEA,19,3,403.49,1779.21,0 97 0,
PFG_MOEA,19,4,403.49,1779.21,0 20 57 81 89 156 157 104 186 176 38 195 7 58 34 29 131 185 27 44 128 80 71 14 146 32 167 42 100 79 141 138 98 28 173 66 85 125 135 0,89 131
PFG_MOEA,19,5,403.49,1779.21,0 16 139 198 95 182 191 48 165 187 18 39 54 72 70 164 150 200 21 96 197 43 194 174 76 116 106 92 126 133 91 74 154 103 188 171 181 192 40 63 117 140 110 101 68 15 123 175 122 46 51 107 134 19 8 55 0,21 198
PFG_MOEA,19,6,403.49,1779.21,0 60 78 193 163 13 62 177 65 130 161 170 143 145 82 33 178 160 83 99 59 108 166 73 26 114 179 113 37 121 148 129 93 25 4 111 56 132 64 50 17 0,56
PFG_MOEA,20,1,547.48,1749.89,0 151 0,
PFG_MOEA,20,2,547.48,1749.89,0 50 17 169 124 137 11 88 61 67 155 23 10 162 22 142 119 41 183 53 87 69 127 90 172 158 168 190 35 118 120 31 30 115 144 184 12 136 149 0,50 87 155
PFG_MOEA,20,3,547.48,1749.89,0 196 6 105 52 112 189 100 81 57 20 152 45 75 24 147 77 153 94 109 1 3 84 86 47 199 0,1
PFG_MOEA,20,4,547.48,1749.89,0 159 2 97 85 66 98 138 141 79 167 32 146 14 71 80 128 44 27 185 131 29 34 58 195 7 38 176 186 104 157 156 89 42 28 173 125 135 102 36 0,89
PFG_MOEA,20,5,547.48,1749.89,0 60 78 193 13 163 64 132 56 111 4 25 93 129 148 121 37 113 179 114 26 73 166 108 59 99 83 160 178 33 82 145 143 170 161 130 65 177 62 55 8 19 134 123 175 122 16 139 198 15 68 101 117 63 40 192 181 171 188 103 154 74 91 133 126 92 106 116 76 174 194 43 197 96 21 200 150 164 70 72 54 39 18 187 165 140 110 191 48 182 95 5 49 9 180 0,5 63 68
PFG_MOEA,20,6,547.48,1749.89,0 51 107 46 0,
PFG_MOEA,21,1,403.49,1779.21,0 196 6 77 0,
PFG_MOEA,21,2,403.49,1779.21,0 199 94 109 1 144 61 124 169 151 11 137 88 67 155 23 10 162 22 142 119 41 183 53 87 69 127 90 172 158 168 190 35 118 120 31 30 115 184 12 136 149 3 84 86 47 153 147 24 75 45 152 105 189 112 52 2 159 102 36 5 49 9 180 0,
PFG_MOEA,21,3,403.49,1779.21,0 97 0,
PFG_MOEA,21,4,403.49,1779.21,0 20 57 81 89 156 157 104 186 176 38 195 7 58 34 29 131 185 27 44 128 80 71 14 146 32 167 42 100 79 141 138 98 28 173 66 85 125 135 0,89 131
PFG_MOEA,21,5,403.49,1779.21,0 16 139 198 95 182 191 48 165 187 18 39 54 72 70 164 150 200 21 96 197 43 194 174 76 116 106 92 126 133 91 74 154 103 188 171 181 192 40 63 117 140 110 101 68 15 123 175 122 46 51 107 134 19 8 55 0,21 198
PFG_MOEA,21,6,403.49,1779.21,0 60 78 193 163 13 62 177 65 130 161 170 143 145 82 33 178 160 83 99 59 108 166 73 26 114 179 113 37 121 148 129 93 25 4 111 56 132 64 50 17 0,56
PFG_MOEA,22,1,547.48,1749.89,0 151 0,
PFG_MOEA,22,2,547.48,1749.89,0 50 17 169 124 137 11 88 61 67 155 23 10 162 22 142 119 41 183 53 87 69 127 90 172 158 168 190 35 118 120 31 30 115 144 184 12 136 149 0,50 87 155
PFG_MOEA,22,3,547.48,1749.89,0 196 6 105 52 112 189 100 81 57 20 152 45 75 24 147 77 153 94 109 1 3 84 86 47 199 0,1
PFG_MOEA,22,4,547.48,1749.89,0 159 2 97 85 66 98 138 141 79 167 32 146 14 71 80 128 44 27 185 131 29 34 58 195 7 38 176 186 104 157 156 89 42 28 173 125 135 102 36 0,89
PFG_MOEA,22,5,547.48,1749.89,0 60 78 193 13 163 64 132 56 111 4 25 93 129 148 121 37 113 179 114 26 73 166 108 59 99 83 160 178 33 82 145 143 170 161 130 65 177 62 55 8 19 134 123 175 122 16 139 198 15 68 101 117 63 40 192 181 171 188 103 154 74 91 133 126 92 106 116 76 174 194 43 197 96 21 200 150 164 70 72 54 39 18 187 165 140 110 191 48 182 95 5 49 9 180 0,5 63 68
PFG_MOEA,22,6,547.48,1749.89,0 51 107 46 0,
PFG_MOEA,23,1,321.43,1884.2,0 196 6 199 77 94 109 1 184 115 30 31 120 118 35 190 168 158 172 90 127 69 87 53 183 41 119 142 22 162 10 23 155 67 88 137 11 151 169 124 61 144 0,
PFG_MOEA,23,2,321.43,1884.2,0 12 136 149 3 84 86 47 153 147 24 75 45 152 105 189 112 97 52 2 159 102 36 5 49 9 180 0,97
PFG_MOEA,23,3,321.43,1884.2,0 20 57 81 0,
PFG_MOEA,23,4,321.43,1884.2,0 135 125 89 156 157 104 186 176 38 195 7 58 34 29 131 185 27 44 128 80 71 14 146 32 167 42 100 79 141 138 98 28 173 66 85 72 54 39 18 187 165 48 191 182 95 198 139 16 0,89 185
PFG_MOEA,23,5,321.43,1884.2,0 70 164 150 200 21 96 197 43 194 174 76 116 106 92 126 133 91 74 154 103 188 171 181 192 40 63 117 140 110 101 68 15 123 175 122 46 51 107 134 19 0,21
PFG_MOEA,23,6,321.43,1884.2,0 60 50 64 78 193 163 13 8 55 62 177 65 130 161 170 143 145 82 33 178 160 83 99 59 108 166 73 26 114 179 113 37 121 148 129 93 25 4 111 56 132 17 0,
PFG_MOEA,24,1,403.49,1779.21,0 196 6 77 0,
PFG_MOEA,24,2,403.49,1779.21,0 199 94 109 1 144 61 124 169 151 11 137 88 67 155 23 10 162 22 142 119 41 183 53 87 69 127 90 172 158 168 190 35 118 120 31 30 115 184 12 136 149 3 84 86 47 153 147 24 75 45 152 105 189 112 52 2 159 102 36 5 49 9 180 0,
PFG_MOEA,24,3,403.49,1779.21,0 97 0,
PFG_MOEA,24,4,403.49,1779.21,0 20 57 81 89 156 157 104 186 176 38 195 7 58 34 29 131 185 27 44 128 80 71 14 146 32 167 42 100 79 141 138 98 28 173 66 85 125 135 0,89 131
PFG_MOEA,24,5,403.49,1779.21,0 16 139 198 95 182 191 48 165 187 18 39 54 72 70 164 150 200 21 96 197 43 194 174 76 116 106 92 126 133 91 74 154 103 188 171 181 192 40 63 117 140 110 101 68 15 123 175 122 46 51 107 134 19 8 55 0,21 198
PFG_MOEA,24,6,403.49,1779.21,0 60 78 193 163 13 62 177 65 130 161 170 143 145 82 33 178 160 83 99 59 108 166 73 26 114 179 113 37 121 148 129 93 25 4 111 56 132 64 50 17 0,56
PFG_MOEA,25,1,547.48,1749.89,0 151 0,
PFG_MOEA,25,2,547.48,1749.89,0 50 17 169 124 137 11 88 61 67 155 23 10 162 22 142 119 41 183 53 87 69 127 90 172 158 168 190 35 118 120 31 30 115 144 184 12 136 149 0,50 87 155
PFG_MOEA,25,3,547.48,1749.89,0 196 6 105 52 112 189 100 81 57 20 152 45 75 24 147 77 153 94 109 1 3 84 86 47 199 0,1
PFG_MOEA,25,4,547.48,1749.89,0 159 2 97 85 66 98 138 141 79 167 32 146 14 71 80 128 44 27 185 131 29 34 58 195 7 38 176 186 104 157 156 89 42 28 173 125 135 102 36 0,89
PFG_MOEA,25,5,547.48,1749.89,0 60 78 193 13 163 64 132 56 111 4 25 93 129 148 121 37 113 179 114 26 73 166 108 59 99 83 160 178 33 82 145 143 170 161 130 65 177 62 55 8 19 134 123 175 122 16 139 198 15 68 101 117 63 40 192 181 171 188 103 154 74 91 133 126 92 106 116 76 174 194 43 197 96 21 200 150 164 70 72 54 39 18 187 165 140 110 191 48 182 95 5 49 9 180 0,5 63 68
PFG_MOEA,25,6,547.48,1749.89,0 51 107 46 0,
PFG_MOEA,26,1,321.43,1884.2,0 196 6 199 77 94 109 1 184 115 30 31 120 118 35 190 168 158 172 90 127 69 87 53 183 41 119 142 22 162 10 23 155 67 88 137 11 151 169 124 61 144 0,
PFG_MOEA,26,2,321.43,1884.2,0 12 136 149 3 84 86 47 153 147 24 75 45 152 105 189 112 97 52 2 159 102 36 5 49 9 180 0,97
PFG_MOEA,26,3,321.43,1884.2,0 20 57 81 0,
PFG_MOEA,26,4,321.43,1884.2,0 135 125 89 156 157 104 186 176 38 195 7 58 34 29 131 185 27 44 128 80 71 14 146 32 167 42 100 79 141 138 98 28 173 66 85 72 54 39 18 187 165 48 191 182 95 198 139 16 0,89 185
PFG_MOEA,26,5,321.43,1884.2,0 70 164 150 200 21 96 197 43 194 174 76 116 106 92 126 133 91 74 154 103 188 171 181 192 40 63 117 140 110 101 68 15 123 175 122 46 51 107 134 19 0,21
PFG_MOEA,26,6,321.43,1884.2,0 60 50 64 78 193 163 13 8 55 62 177 65 130 161 170 143 145 82 33 178 160 83 99 59 108 166 73 26 114 179 113 37 121 148 129 93 25 4 111 56 132 17 0,
PFG_MOEA,27,1,403.49,1779.21,0 196 6 77 0,
PFG_MOEA,27,2,403.49,1779.21,0 199 94 109 1 144 61 124 169 151 11 137 88 67 155 23 10 162 22 142 119 41 183 53 87 69 127 90 172 158 168 190 35 118 120 31 30 115 184 12 136 149 3 84 86 47 153 147 24 75 45 152 105 189 112 52 2 159 102 36 5 49 9 180 0,
PFG_MOEA,27,3,403.49,1779.21,0 97 0,
PFG_MOEA,27,4,403.49,1779.21,0 20 57 81 89 156 157 104 186 176 38 195 7 58 34 29 131 185 27 44 128 80 71 14 146 32 167 42 100 79 141 138 98 28 173 66 85 125 135 0,89 131
PFG_MOEA,27,5,403.49,1779.21,0 16 139 198 95 182 191 48 165 187 18 39 54 72 70 164 150 200 21 96 197 43 194 174 76 116 106 92 126 133 91 74 154 103 188 171 181 192 40 63 117 140 110 101 68 15 123 175 122 46 51 107 134 19 8 55 0,21 198
PFG_MOEA,27,6,403.49,1779.21,0 60 78 193 163 13 62 177 65 130 161 170 143 145 82 33 178 160 83 99 59 108 166 73 26 114 179 113 37 121 148 129 93 25 4 111 56 132 64 50 17 0,56
PFG_MOEA,28,1,547.48,1749.89,0 151 0,
PFG_MOEA,28,2,547.48,1749.89,0 50 17 169 124 137 11 88 61 67 155 23 10 162 22 142 119 41 183 53 87 69 127 90 172 158 168 190 35 118 120 31 30 115 144 184 12 136 149 0,50 87 155
PFG_MOEA,28,3,547.48,1749.89,0 196 6 105 52 112 189 100 81 57 20 152 45 75 24 147 77 153 94 109 1 3 84 86 47 199 0,1
PFG_MOEA,28,4,547.48,1749.89,0 159 2 97 85 66 98 138 141 79 167 32 146 14 71 80 128 44 27 185 131 29 34 58 195 7 38 176 186 104 157 156 89 42 28 173 125 135 102 36 0,89
PFG_MOEA,28,5,547.48,1749.89,0 60 78 193 13 163 64 132 56 111 4 25 93 129 148 121 37 113 179 114 26 73 166 108 59 99 83 160 178 33 82 145 143 170 161 130 65 177 62 55 8 19 134 123 175 122 16 139 198 15 68 101 117 63 40 192 181 171 188 103 154 74 91 133 126 92 106 116 76 174 194 43 197 96 21 200 150 164 70 72 54 39 18 187 165 140 110 191 48 182 95 5 49 9 180 0,5 63 68
PFG_MOEA,28,6,547.48,1749.89,0 51 107 46 0,
PFG_MOEA,29,1,321.43,1884.2,0 196 6 199 77 94 109 1 184 115 30 31 120 118 35 190 168 158 172 90 127 69 87 53 183 41 119 142 22 162 10 23 155 67 88 137 11 151 169 124 61 144 0,
PFG_MOEA,29,2,321.43,1884.2,0 12 136 149 3 84 86 47 153 147 24 75 45 152 105 189 112 97 52 2 159 102 36 5 49 9 180 0,97
PFG_MOEA,29,3,321.43,1884.2,0 20 57 81 0,
PFG_MOEA,29,4,321.43,1884.2,0 135 125 89 156 157 104 186 176 38 195 7 58 34 29 131 185 27 44 128 80 71 14 146 32 167 42 100 79 141 138 98 28 173 66 85 72 54 39 18 187 165 48 191 182 95 198 139 16 0,89 185
PFG_MOEA,29,5,321.43,1884.2,0 70 164 150 200 21 96 197 43 194 174 76 116 106 92 126 133 91 74 154 103 188 171 181 192 40 63 117 140 110 101 68 15 123 175 122 46 51 107 134 19 0,21
PFG_MOEA,29,6,321.43,1884.2,0 60 50 64 78 193 163 13 8 55 62 177 65 130 161 170 143 145 82 33 178 160 83 99 59 108 166 73 26 114 179 113 37 121 148 129 93 25 4 111 56 132 17 0,
PFG_MOEA,30,1,363.45,1848.54,0 56 111 151 11 137 124 169 88 61 67 155 23 10 162 22 142 119 41 183 53 87 69 127 90 172 158 168 190 35 118 120 31 30 115 144 184 0,137
PFG_MOEA,30,2,363.45,1848.54,0 196 6 105 52 112 189 89 156 157 104 186 176 38 7 195 58 34 29 131 185 27 44 128 80 71 14 146 32 167 42 100 81 57 20 152 45 75 24 147 77 153 94 109 1 12 136 149 3 84 86 47 199 0,185
PFG_MOEA,30,3,363.45,1848.54,0 135 173 28 141 79 138 98 125 0,
PFG_MOEA,30,4,363.45,1848.54,0 159 2 97 85 66 102 36 5 49 0,
PFG_MOEA,30,5,363.45,1848.54,0 180 9 95 182 48 191 110 140 165 187 18 39 54 72 70 164 150 200 21 96 197 43 194 174 76 116 106 92 126 133 91 74 154 103 188 171 181 192 40 63 117 101 68 15 123 175 122 139 198 16 25 4 13 163 193 78 60 0,40 188
PFG_MOEA,30,6,363.45,1848.54,0 46 51 107 134 19 8 55 62 177 65 130 161 170 143 145 82 33 178 160 83 99 59 108 166 73 26 114 179 113 37 121 148 129 93 132 64 50 17 0,46
PFG_MOEA,31,1,403.49,1779.21,0 196 6 77 0,
PFG_MOEA,31,2,403.49,1779.21,0 199 94 109 1 144 61 124 169 151 11 137 88 67 155 23 10 162 22 142 119 41 183 53 87 69 127 90 172 158 168 190 35 118 120 31 30 115 184 12 136 149 3 84 86 47 153 147 24 75 45 152 105 189 112 52 2 159 102 36 5 49 9 180 0,
PFG_MOEA,31,3,403.49,1779.21,0 97 0,
PFG_MOEA,31,4,403.49,1779.21,0 20 57 81 89 156 157 104 186 176 38 195 7 58 34 29 131 185 27 44 128 80 71 14 146 32 167 42 100 79 141 138 98 28 173 66 85 125 135 0,89 131
PFG_MOEA,31,5,403.49,1779.21,0 16 139 198 95 182 191 48 165 187 18 39 54 72 70 164 150 200 21 96 197 43 194 174 76 116 106 92 126 133 91 74 154 103 188 171 181 192 40 63 117 140 110 101 68 15 123 175 122 46 51 107 134 19 8 55 0,21 198
PFG_MOEA,31,6,403.49,1779.21,0 60 78 193 163 13 62 177 65 130 161 170 143 145 82 33 178 160 83 99 59 108 166 73 26 114 179 113 37 121 148 129 93 25 4 111 56 132 64 50 17 0,56
PFG_MOEA,32,1,547.48,1749.89,0 151 0,
PFG_MOEA,32,2,547.48,1749.89,0 50 17 169 124 137 11 88 61 67 155 23 10 162 22 142 119 41 183 53 87 69 127 90 172 158 168 190 35 118 120 31 30 115 144 184 12 136 149 0,50 87 155
PFG_MOEA,32,3,547.48,1749.89,0 196 6 105 52 112 189 100 81 57 20 152 45 75 24 147 77 153 94 109 1 3 84 86 47 199 0,1
PFG_MOEA,32,4,547.48,1749.89,0 159 2 97 85 66 98 138 141 79 167 32 146 14 71 80 128 44 27 185 131 29 34 58 195 7 38 176 186 104 157 156 89 42 28 173 125 135 102 36 0,89
PFG_MOEA,32,5,547.48,1749.89,0 60 78 193 13 163 64 132 56 111 4 25 93 129 148 121 37 113 179 114 26 73 166 108 59 99 83 160 178 33 82 145 143 170 161 130 65 177 62 55 8 19 134 123 175 122 16 139 198 15 68 101 117 63 40 192 181 171 188 103 154 74 91 133 126 92 106 116 76 174 194 43 197 96 21 200 150 164 70 72 54 39 18 187 165 140 110 191 48 182 95 5 49 9 180 0,5 63 68
PFG_MOEA,32,6,547.48,1749.89,0 51 107 46 0,
PFG_MOEA,33,1,321.43,1884.2,0 196 6 199 77 94 109 1 184 115 30 31 120 118 35 190 168 158 172 90 127 69 87 53 183 41 119 142 22 162 10 23 155 67 88 137 11 151 169 124 61 144 0,
PFG_MOEA,33,2,321.43,1884.2,0 12 136 149 3 84 86 47 153 147 24 75 45 152 105 189 112 97 52 2 159 102 36 5 49 9 180 0,97
PFG_MOEA,33,3,321.43,1884.2,0 20 57 81 0,
PFG_MOEA,33,4,321.43,1884.2,0 135 125 89 156 157 104 186 176 38 195 7 58 34 29 131 185 27 44 128 80 71 14 146 32 167 42 100 79 141 138 98 28 173 66 85 72 54 39 18 187 165 48 191 182 95 198 139 16 0,89 185
PFG_MOEA,33,5,321.43,1884.2,0 70 164 150 200 21 96 197 43 194 174 76 116 106 92 126 133 91 74 154 103 188 171 181 192 40 63 117 140 110 101 68 15 123 175 122 46 51 107 134 19 0,21
PFG_MOEA,33,6,321.43,1884.2,0 60 50 64 78 193 163 13 8 55 62 177 65 130 161 170 143 145 82 33 178 160 83 99 59 108 166 73 26 114 179 113 37 121 148 129 93 25 4 111 56 132 17 0,
PFG_MOEA,34,1,363.45,1848.54,0 56 111 151 11 137 124 169 88 61 67 155 23 10 162 22 142 119 41 183 53 87 69 127 90 172 158 168 190 35 118 120 31 30 115 144 184 0,137
PFG_MOEA,34,2,363.45,1848.54,0 196 6 105 52 112 189 89 156 157 104 186 176 38 7 195 58 34 29 131 185 27 44 128 80 71 14 146 32 167 42 100 81 57 20 152 45 75 24 147 77 153 94 109 1 12 136 149 3 84 86 47 199 0,185
PFG_MOEA,34,3,363.45,1848.54,0 135 173 28 141 79 138 98 125 0,
PFG_MOEA,34,4,363.45,1848.54,0 159 2 97 85 66 102 36 5 49 0,
PFG_MOEA,34,5,363.45,1848.54,0 180 9 95 182 48 191 110 140 165 187 18 39 54 72 70 164 150 200 21 96 197 43 194 174 76 116 106 92 126 133 91 74 154 103 188 171 181 192 40 63 117 101 68 15 123 175 122 139 198 16 25 4 13 163 193 78 60 0,40 188
PFG_MOEA,34,6,363.45,1848.54,0 46 51 107 134 19 8 55 62 177 65 130 161 170 143 145 82 33 178 160 83 99 59 108 166 73 26 114 179 113 37 121 148 129 93 132 64 50 17 0,46
PFG_MOEA,35,1,261.55,2016.67,0 56 111 169 124 88 155 10 162 31 30 120 118 35 190 168 158 172 90 127 69 87 53 183 41 119 142 22 23 67 61 137 11 151 0,56 124
PFG_MOEA,35,2,261.55,2016.67,0 144 115 184 89 156 157 104 186 176 38 7 195 58 34 29 131 185 27 44 128 80 71 14 146 32 167 42 100 81 189 112 52 105 6 196 0,185
PFG_MOEA,35,3,261.55,2016.67,0 199 94 109 1 12 136 149 3 84 86 47 153 77 147 75 24 45 152 20 57 28 141 79 138 98 173 125 135 66 85 97 2 159 102 0,199
PFG_MOEA,35,4,261.55,2016.67,0 180 9 49 36 5 70 72 54 164 21 96 197 43 76 116 106 92 126 174 194 200 150 39 18 187 165 140 110 191 48 182 95 0,
PFG_MOEA,35,5,261.55,2016.67,0 16 139 198 117 63 181 171 192 40 74 91 133 154 103 188 101 68 15 123 175 25 129 148 93 4 13 163 193 78 60 0,63 188
PFG_MOEA,35,6,261.55,2016.67,0 46 122 51 107 134 19 8 55 62 177 65 130 161 170 143 145 82 33 178 160 83 99 59 108 166 73 26 114 179 113 37 121 132 64 50 17 0,46
PFG_MOEA,36,1,403.49,1779.21,0 196 6 77 0,
PFG_MOEA,36,2,403.49,1779.21,0 199 94 109 1 144 61 124 169 151 11 137 88 67 155 23 10 162 22 142 119 41 183 53 87 69 127 90 172 158 168 190 35 118 120 31 30 115 184 12 136 149 3 84 86 47 153 147 24 75 45 152 105 189 112 52 2 159 102 36 5 49 9 180 0,
PFG_MOEA,36,3,403.49,1779.21,0 97 0,
PFG_MOEA,36,4,403.49,1779.21,0 20 57 81 89 156 157 104 186 176 38 195 7 58 34 29 131 185 27 44 128 80 71 14 146 32 167 42 100 79 141 138 98 28 173 66 85 125 135 0,89 131
PFG_MOEA,36,5,403.49,1779.21,0 16 139 198 95 182 191 48 165 187 18 39 54 72 70 164 150 200 21 96 197 43 194 174 76 116 106 92 126 133 91 74 154 103 188 171 181 192 40 63 117 140 110 101 68 15 123 175 122 46 51 107 134 19 8 55 0,21 198
PFG_MOEA,36,6,403.49,1779.21,0 60 78 193 163 13 62 177 65 130 161 170 143 145 82 33 178 160 83 99 59 108 166 73 26 114 179 113 37 121 148 129 93 25 4 111 56 132 64 50 17 0,56
PFG_MOEA,37,1,547.48,1749.89,0 151 0,
PFG_MOEA,37,2,547.48,1749.89,0 50 17 169 124 137 11 88 61 67 155 23 10 162 22 142 119 41 183 53 87 69 127 90 172 158 168 190 35 118 120 31 30 115 144 184 12 136 149 0,50 87 155
PFG_MOEA,37,3,547.48,1749.89,0 196 6 105 52 112 189 100 81 57 20 152 45 75 24 147 77 153 94 109 1 3 84 86 47 199 0,1
PFG_MOEA,37,4,547.48,1749.89,0 159 2 97 85 66 98 138 141 79 167 32 146 14 71 80 128 44 27 185 131 29 34 58 195 7 38 176 186 104 157 156 89 42 28 173 125 135 102 36 0,89
PFG_MOEA,37,5,547.48,1749.89,0 60 78 193 13 163 64 132 56 111 4 25 93 129 148 121 37 113 179 114 26 73 166 108 59 99 83 160 178 33 82 145 143 170 161 130 65 177 62 55 8 19 134 123 175 122 16 139 198 15 68 101 117 63 40 192 181 171 188 103 154 74 91 133 126 92 106 116 76 174 194 43 197 96 21 200 150 164 70 72 54 39 18 187 165 140 110 191 48 182 95 5 49 9 180 0,5 63 68
PFG_MOEA,37,6,547.48,1749.89,0 51 107 46 0,
PFG_MOEA,38,1,321.43,1884.2,0 196 6 199 77 94 109 1 184 115 30 31 120 118 35 190 168 158 172 90 127 69 87 53 183 41 119 142 22 162 10 23 155 67 88 137 11 151 169 124 61 144 0,
PFG_MOEA,38,2,321.43,1884.2,0 12 136 149 3 84 86 47 153 147 24 75 45 152 105 189 112 97 52 2 159 102 36 5 49 9 180 0,97
PFG_MOEA,38,3,321.43,1884.2,0 20 57 81 0,
PFG_MOEA,38,4,321.43,1884.2,0 135 125 89 156 157 104 186 176 38 195 7 58 34 29 131 185 27 44 128 80 71 14 146 32 167 42 100 79 141 138 98 28 173 66 85 72 54 39 18 187 165 48 191 182 95 198 139 16 0,89 185
PFG_MOEA,38,5,321.43,1884.2,0 70 164 150 200 21 96 197 43 194 174 76 116 106 92 126 133 91 74 154 103 188 171 181 192 40 63 117 140 110 101 68 15 123 175 122 46 51 107 134 19 0,21
PFG_MOEA,38,6,321.43,1884.2,0 60 50 64 78 193 163 13 8 55 62 177 65 130 161 170 143 145 82 33 178 160 83 99 59 108 166 73 26 114 179 113 37 121 148 129 93 25 4 111 56 132 17 0,
PFG_MOEA,39,1,363.45,1848.54,0 56 111 151 11 137 124 169 88 61 67 155 23 10 162 22 142 119 41 183 53 87 69 127 90 172 158 168 190 35 118 120 31 30 115 144 184 0,137
PFG_MOEA,39,2,363.45,1848.54,0 196 6 105 52 112 189 89 156 157 104 186 176 38 7 195 58 34 29 131 185 27 44 128 80 71 14 146 32 167 42 100 81 57 20 152 45 75 24 147 77 153 94 109 1 12 136 149 3 84 86 47 199 0,185
PFG_MOEA,39,3,363.45,1848.54,0 135 173 28 141 79 138 98 125 0,
PFG_MOEA,39,4,363.45,1848.54,0 159 2 97 85 66 102 36 5 49 0,
PFG_MOEA,39,5,363.45,1848.54,0 180 9 95 182 48 191 110 140 165 187 18 39 54 72 70 164 150 200 21 96 197 43 194 174 76 116 106 92 126 133 91 74 154 103 188 171 181 192 40 63 117 101 68 15 123 175 122 139 198 16 25 4 13 163 193 78 60 0,40 188
PFG_MOEA,39,6,363.45,1848.54,0 46 51 107 134 19 8 55 62 177 65 130 161 170 143 145 82 33 178 160 83 99 59 108 166 73 26 114 179 113 37 121 148 129 93 132 64 50 17 0,46
PFG_MOEA,40,1,261.55,2016.67,0 56 111 169 124 88 155 10 162 31 30 120 118 35 190 168 158 172 90 127 69 87 53 183 41 119 142 22 23 67 61 137 11 151 0,56 124
PFG_MOEA,40,2,261.55,2016.67,0 144 115 184 89 156 157 104 186 176 38 7 195 58 34 29 131 185 27 44 128 80 71 14 146 32 167 42 100 81 189 112 52 105 6 196 0,185
PFG_MOEA,40,3,261.55,2016.67,0 199 94 109 1 12 136 149 3 84 86 47 153 77 147 75 24 45 152 20 57 28 141 79 138 98 173 125 135 66 85 97 2 159 102 0,199
PFG_MOEA,40,4,261.55,2016.67,0 180 9 49 36 5 70 72 54 164 21 96 197 43 76 116 106 92 126 174 194 200 150 39 18 187 165 140 110 191 48 182 95 0,
PFG_MOEA,40,5,261.55,2016.67,0 16 139 198 117 63 181 171 192 40 74 91 133 154 103 188 101 68 15 123 175 25 129 148 93 4 13 163 193 78 60 0,63 188
PFG_MOEA,40,6,261.55,2016.67,0 46 122 51 107 134 19 8 55 62 177 65 130 161 170 143 145 82 33 178 160 83 99 59 108 166 73 26 114 179 113 37 121 132 64 50 17 0,46
PFG_MOEA,41,1,403.49,1779.21,0 196 6 77 0,
PFG_MOEA,41,2,403.49,1779.21,0 199 94 109 1 144 61 124 169 151 11 137 88 67 155 23 10 162 22 142 119 41 183 53 87 69 127 90 172 158 168 190 35 118 120 31 30 115 184 12 136 149 3 84 86 47 153 147 24 75 45 152 105 189 112 52 2 159 102 36 5 49 9 180 0,
PFG_MOEA,41,3,403.49,1779.21,0 97 0,
PFG_MOEA,41,4,403.49,1779.21,0 20 57 81 89 156 157 104 186 176 38 195 7 58 34 29 131 185 27 44 128 80 71 14 146 32 167 42 100 79 141 138 98 28 173 66 85 125 135 0,89 131
PFG_MOEA,41,5,403.49,1779.21,0 16 139 198 95 182 191 48 165 187 18 39 54 72 70 164 150 200 21 96 197 43 194 174 76 116 106 92 126 133 91 74 154 103 188 171 181 192 40 63 117 140 110 101 68 15 123 175 122 46 51 107 134 19 8 55 0,21 198
PFG_MOEA,41,6,403.49,1779.21,0 60 78 193 163 13 62 177 65 130 161 170 143 145 82 33 178 160 83 99 59 108 166 73 26 114 179 113 37 121 148 129 93 25 4 111 56 132 64 50 17 0,56
PFG_MOEA,42,1,547.48,1749.89,0 151 0,
PFG_MOEA,42,2,547.48,1749.89,0 50 17 169 124 137 11 88 61 67 155 23 10 162 22 142 119 41 183 53 87 69 127 90 172 158 168 190 35 118 120 31 30 115 144 184 12 136 149 0,50 87 155
PFG_MOEA,42,3,547.48,1749.89,0 196 6 105 52 112 189 100 81 57 20 152 45 75 24 147 77 153 94 109 1 3 84 86 47 199 0,1
PFG_MOEA,42,4,547.48,1749.89,0 159 2 97 85 66 98 138 141 79 167 32 146 14 71 80 128 44 27 185 131 29 34 58 195 7 38 176 186 104 157 156 89 42 28 173 125 135 102 36 0,89
PFG_MOEA,42,5,547.48,1749.89,0 60 78 193 13 163 64 132 56 111 4 25 93 129 148 121 37 113 179 114 26 73 166 108 59 99 83 160 178 33 82 145 143 170 161 130 65 177 62 55 8 19 134 123 175 122 16 139 198 15 68 101 117 63 40 192 181 171 188 103 154 74 91 133 126 92 106 116 76 174 194 43 197 96 21 200 150 164 70 72 54 39 18 187 165 140 110 191 48 182 95 5 49 9 180 0,5 63 68
PFG_MOEA,42,6,547.48,1749.89,0 51 107 46 0,
PFG_MOEA,43,1,321.43,1884.2,0 196 6 199 77 94 109 1 184 115 30 31 120 118 35 190 168 158 172 90 127 69 87 53 183 41 119 142 22 162 10 23 155 67 88 137 11 151 169 124 61 144 0,
PFG_MOEA,43,2,321.43,1884.2,0 12 136 149 3 84 86 47 153 147 24 75 45 152 105 189 112 97 52 2 159 102 36 5 49 9 180 0,97
PFG_MOEA,43,3,321.43,1884.2,0 20 57 81 0,
PFG_MOEA,43,4,321.43,1884.2,0 135 125 89 156 157 104 186 176 38 195 7 58 34 29 131 185 27 44 128 80 71 14 146 32 167 42 100 79 141 138 98 28 173 66 85 72 54 39 18 187 165 48 191 182 95 198 139 16 0,89 185
PFG_MOEA,43,5,321.43,1884.2,0 70 164 150 200 21 96 197 43 194 174 76 116 106 92 126 133 91 74 154 103 188 171 181 192 40 63 117 140 110 101 68 15 123 175 122 46 51 107 134 19 0,21
PFG_MOEA,43,6,321.43,1884.2,0 60 50 64 78 193 163 13 8 55 62 177 65 130 161 170 143 145 82 33 178 160 83 99 59 108 166 73 26 114 179 113 37 121 148 129 93 25 4 111 56 132 17 0,
PFG_MOEA,44,1,363.45,1848.54,0 56 111 151 11 137 124 169 88 61 67 155 23 10 162 22 142 119 41 183 53 87 69 127 90 172 158 168 190 35 118 120 31 30 115 144 184 0,137
PFG_MOEA,44,2,363.45,1848.54,0 196 6 105 52 112 189 89 156 157 104 186 176 38 7 195 58 34 29 131 185 27 44 128 80 71 14 146 32 167 42 100 81 57 20 152 45 75 24 147 77 153 94 109 1 12 136 149 3 84 86 47 199 0,185
PFG_MOEA,44,3,363.45,1848.54,0 135 173 28 141 79 138 98 125 0,
PFG_MOEA,44,4,363.45,1848.54,0 159 2 97 85 66 102 36 5 49 0,
PFG_MOEA,44,5,363.45,1848.54,0 180 9 95 182 48 191 110 140 165 187 18 39 54 72 70 164 150 200 21 96 197 43 194 174 76 116 106 92 126 133 91 74 154 103 188 171 181 192 40 63 117 101 68 15 123 175 122 139 198 16 25 4 13 163 193 78 60 0,40 188
PFG_MOEA,44,6,363.45,1848.54,0 46 51 107 134 19 8 55 62 177 65 130 161 170 143 145 82 33 178 160 83 99 59 108 166 73 26 114 179 113 37 121 148 129 93 132 64 50 17 0,46
PFG_MOEA,45,1,261.55,2016.67,0 56 111 169 124 88 155 10 162 31 30 120 118 35 190 168 158 172 90 127 69 87 53 183 41 119 142 22 23 67 61 137 11 151 0,56 124
PFG_MOEA,45,2,261.55,2016.67,0 144 115 184 89 156 157 104 186 176 38 7 195 58 34 29 131 185 27 44 128 80 71 14 146 32 167 42 100 81 189 112 52 105 6 196 0,185
PFG_MOEA,45,3,261.55,2016.67,0 199 94 109 1 12 136 149 3 84 86 47 153 77 147 75 24 45 152 20 57 28 141 79 138 98 173 125 135 66 85 97 2 159 102 0,199
PFG_MOEA,45,4,261.55,2016.67,0 180 9 49 36 5 70 72 54 164 21 96 197 43 76 116 106 92 126 174 194 200 150 39 18 187 165 140 110 191 48 182 95 0,
PFG_MOEA,45,5,261.55,2016.67,0 16 139 198 117 63 181 171 192 40 74 91 133 154 103 188 101 68 15 123 175 25 129 148 93 4 13 163 193 78 60 0,63 188
PFG_MOEA,45,6,261.55,2016.67,0 46 122 51 107 134 19 8 55 62 177 65 130 161 170 143 145 82 33 178 160 83 99 59 108 166 73 26 114 179 113 37 121 132 64 50 17 0,46
PFG_MOEA,46,1,403.49,1779.21,0 196 6 77 0,
PFG_MOEA,46,2,403.49,1779.21,0 199 94 109 1 144 61 124 169 151 11 137 88 67 155 23 10 162 22 142 119 41 183 53 87 69 127 90 172 158 168 190 35 118 120 31 30 115 184 12 136 149 3 84 86 47 153 147 24 75 45 152 105 189 112 52 2 159 102 36 5 49 9 180 0,
PFG_MOEA,46,3,403.49,1779.21,0 97 0,
PFG_MOEA,46,4,403.49,1779.21,0 20 57 81 89 156 157 104 186 176 38 195 7 58 34 29 131 185 27 44 128 80 71 14 146 32 167 42 100 79 141 138 98 28 173 66 85 125 135 0,89 131
PFG_MOEA,46,5,403.49,1779.21,0 16 139 198 95 182 191 48 165 187 18 39 54 72 70 164 150 200 21 96 197 43 194 174 76 116 106 92 126 133 91 74 154 103 188 171 181 192 40 63 117 140 110 101 68 15 123 175 122 46 51 107 134 19 8 55 0,21 198
PFG_MOEA,46,6,403.49,1779.21,0 60 78 193 163 13 62 177 65 130 161 170 143 145 82 33 178 160 83 99 59 108 166 73 26 114 179 113 37 121 148 129 93 25 4 111 56 132 64 50 17 0,56
PFG_MOEA,47,1,547.48,1749.89,0 151 0,
PFG_MOEA,47,2,547.48,1749.89,0 50 17 169 124 137 11 88 61 67 155 23 10 162 22 142 119 41 183 53 87 69 127 90 172 158 168 190 35 118 120 31 30 115 144 184 12 136 149 0,50 87 155
PFG_MOEA,47,3,547.48,1749.89,0 196 6 105 52 112 189 100 81 57 20 152 45 75 24 147 77 153 94 109 1 3 84 86 47 199 0,1
PFG_MOEA,47,4,547.48,1749.89,0 159 2 97 85 66 98 138 141 79 167 32 146 14 71 80 128 44 27 185 131 29 34 58 195 7 38 176 186 104 157 156 89 42 28 173 125 135 102 36 0,89
PFG_MOEA,47,5,547.48,1749.89,0 60 78 193 13 163 64 132 56 111 4 25 93 129 148 121 37 113 179 114 26 73 166 108 59 99 83 160 178 33 82 145 143 170 161 130 65 177 62 55 8 19 134 123 175 122 16 139 198 15 68 101 117 63 40 192 181 171 188 103 154 74 91 133 126 92 106 116 76 174 194 43 197 96 21 200 150 164 70 72 54 39 18 187 165 140 110 191 48 182 95 5 49 9 180 0,5 63 68
PFG_MOEA,47,6,547.48,1749.89,0 51 107 46 0,
PFG_MOEA,48,1,321.43,1884.2,0 196 6 199 77 94 109 1 184 115 30 31 120 118 35 190 168 158 172 90 127 69 87 53 183 41 119 142 22 162 10 23 155 67 88 137 11 151 169 124 61 144 0,
PFG_MOEA,48,2,321.43,1884.2,0 12 136 149 3 84 86 47 153 147 24 75 45 152 105 189 112 97 52 2 159 102 36 5 49 9 180 0,97
PFG_MOEA,48,3,321.43,1884.2,0 20 57 81 0,
PFG_MOEA,48,4,321.43,1884.2,0 135 125 89 156 157 104 186 176 38 195 7 58 34 29 131 185 27 44 128 80 71 14 146 32 167 42 100 79 141 138 98 28 173 66 85 72 54 39 18 187 165 48 191 182 95 198 139 16 0,89 185
PFG_MOEA,48,5,321.43,1884.2,0 70 164 150 200 21 96 197 43 194 174 76 116 106 92 126 133 91 74 154 103 188 171 181 192 40 63 117 140 110 101 68 15 123 175 122 46 51 107 134 19 0,21
PFG_MOEA,48,6,321.43,1884.2,0 60 50 64 78 193 163 13 8 55 62 177 65 130 161 170 143 145 82 33 178 160 83 99 59 108 166 73 26 114 179 113 37 121 148 129 93 25 4 111 56 132 17 0,
PFG_MOEA,49,1,363.45,1848.54,0 56 111 151 11 137 124 169 88 61 67 155 23 10 162 22 142 119 41 183 53 87 69 127 90 172 158 168 190 35 118 120 31 30 115 144 184 0,137
PFG_MOEA,49,2,363.45,1848.54,0 196 6 105 52 112 189 89 156 157 104 186 176 38 7 195 58 34 29 131 185 27 44 128 80 71 14 146 32 167 42 100 81 57 20 152 45 75 24 147 77 153 94 109 1 12 136 149 3 84 86 47 199 0,185
PFG_MOEA,49,3,363.45,1848.54,0 135 173 28 141 79 138 98 125 0,
PFG_MOEA,49,4,363.45,1848.54,0 159 2 97 85 66 102 36 5 49 0,
PFG_MOEA,49,5,363.45,1848.54,0 180 9 95 182 48 191 110 140 165 187 18 39 54 72 70 164 150 200 21 96 197 43 194 174 76 116 106 92 126 133 91 74 154 103 188 171 181 192 40 63 117 101 68 15 123 175 122 139 198 16 25 4 13 163 193 78 60 0,40 188
PFG_MOEA,49,6,363.45,1848.54,0 46 51 107 134 19 8 55 62 177 65 130 161 170 143 145 82 33 178 160 83 99 59 108 166 73 26 114 179 113 37 121 148 129 93 132 64 50 17 0,46
PFG_MOEA,50,1,261.55,2016.67,0 56 111 169 124 88 155 10 162 31 30 120 118 35 190 168 158 172 90 127 69 87 53 183 41 119 142 22 23 67 61 137 11 151 0,56 124
PFG_MOEA,50,2,261.55,2016.67,0 144 115 184 89 156 157 104 186 176 38 7 195 58 34 29 131 185 27 44 128 80 71 14 146 32 167 42 100 81 189 112 52 105 6 196 0,185
PFG_MOEA,50,3,261.55,2016.67,0 199 94 109 1 12 136 149 3 84 86 47 153 77 147 75 24 45 152 20 57 28 141 79 138 98 173 125 135 66 85 97 2 159 102 0,199
PFG_MOEA,50,4,261.55,2016.67,0 180 9 49 36 5 70 72 54 164 21 96 197 43 76 116 106 92 126 174 194 200 150 39 18 187 165 140 110 191 48 182 95 0,
PFG_MOEA,50,5,261.55,2016.67,0 16 139 198 117 63 181 171 192 40 74 91 133 154 103 188 101 68 15 123 175 25 129 148 93 4 13 163 193 78 60 0,63 188
PFG_MOEA,50,6,261.55,2016.67,0 46 122 51 107 134 19 8 55 62 177 65 130 161 170 143 145 82 33 178 160 83 99 59 108 166 73 26 114 179 113 37 121 132 64 50 17 0,46
PFG_MOEA,51,1,403.49,1779.21,0 196 6 77 0,
PFG_MOEA,51,2,403.49,1779.21,0 199 94 109 1 144 61 124 169 151 11 137 88 67 155 23 10 162 22 142 119 41 183 53 87 69 127 90 172 158 168 190 35 118 120 31 30 115 184 12 136 149 3 84 86 47 153 147 24 75 45 152 105 189 112 52 2 159 102 36 5 49 9 180 0,
PFG_MOEA,51,3,403.49,1779.21,0 97 0,
PFG_MOEA,51,4,403.49,1779.21,0 20 57 81 89 156 157 104 186 176 38 195 7 58 34 29 131 185 27 44 128 80 71 14 146 32 167 42 100 79 141 138 98 28 173 66 85 125 135 0,89 131
PFG_MOEA,51,5,403.49,1779.21,0 16 139 198 95 182 191 48 165 187 18 39 54 72 70 164 150 200 21 96 197 43 194 174 76 116 106 92 126 133 91 74 154 103 188 171 181 192 40 63 117 140 110 101 68 15 123 175 122 46 51 107 134 19 8 55 0,21 198
PFG_MOEA,51,6,403.49,1779.21,0 60 78 193 163 13 62 177 65 130 161 170 143 145 82 33 178 160 83 99 59 108 166 73 26 114 179 113 37 121 148 129 93 25 4 111 56 132 64 50 17 0,56
PFG_MOEA,52,1,547.48,1749.89,0 151 0,
PFG_MOEA,52,2,547.48,1749.89,0 50 17 169 124 137 11 88 61 67 155 23 10 162 22 142 119 41 183 53 87 69 127 90 172 158 168 190 35 118 120 31 30 115 144 184 12 136 149 0,50 87 155
PFG_MOEA,52,3,547.48,1749.89,0 196 6 105 52 112 189 100 81 57 20 152 45 75 24 147 77 153 94 109 1 3 84 86 47 199 0,1
PFG_MOEA,52,4,547.48,1749.89,0 159 2 97 85 66 98 138 141 79 167 32 146 14 71 80 128 44 27 185 131 29 34 58 195 7 38 176 186 104 157 156 89 42 28 173 125 135 102 36 0,89
PFG_MOEA,52,5,547.48,1749.89,0 60 78 193 13 163 64 132 56 111 4 25 93 129 148 121 37 113 179 114 26 73 166 108 59 99 83 160 178 33 82 145 143 170 161 130 65 177 62 55 8 19 134 123 175 122 16 139 198 15 68 101 117 63 40 192 181 171 188 103 154 74 91 133 126 92 106 116 76 174 194 43 197 96 21 200 150 164 70 72 54 39 18 187 165 140 110 191 48 182 95 5 49 9 180 0,5 63 68
PFG_MOEA,52,6,547.48,1749.89,0 51 107 46 0,
PFG_MOEA,53,1,321.43,1884.2,0 196 6 199 77 94 109 1 184 115 30 31 120 118 35 190 168 158 172 90 127 69 87 53 183 41 119 142 22 162 10 23 155 67 88 137 11 151 169 124 61 144 0,
PFG_MOEA,53,2,321.43,1884.2,0 12 136 149 3 84 86 47 153 147 24 75 45 152 105 189 112 97 52 2 159 102 36 5 49 9 180 0,97
PFG_MOEA,53,3,321.43,1884.2,0 20 57 81 0,
PFG_MOEA,53,4,321.43,1884.2,0 135 125 89 156 157 104 186 176 38 195 7 58 34 29 131 185 27 44 128 80 71 14 146 32 167 42 100 79 141 138 98 28 173 66 85 72 54 39 18 187 165 48 191 182 95 198 139 16 0,89 185
PFG_MOEA,53,5,321.43,1884.2,0 70 164 150 200 21 96 197 43 194 174 76 116 106 92 126 133 91 74 154 103 188 171 181 192 40 63 117 140 110 101 68 15 123 175 122 46 51 107 134 19 0,21
PFG_MOEA,53,6,321.43,1884.2,0 60 50 64 78 193 163 13 8 55 62 177 65 130 161 170 143 145 82 33 178 160 83 99 59 108 166 73 26 114 179 113 37 121 148 129 93 25 4 111 56 132 17 0,
PFG_MOEA,54,1,363.45,1848.54,0 56 111 151 11 137 124 169 88 61 67 155 23 10 162 22 142 119 41 183 53 87 69 127 90 172 158 168 190 35 118 120 31 30 115 144 184 0,137
PFG_MOEA,54,2,363.45,1848.54,0 196 6 105 52 112 189 89 156 157 104 186 176 38 7 195 58 34 29 131 185 27 44 128 80 71 14 146 32 167 42 100 81 57 20 152 45 75 24 147 77 153 94 109 1 12 136 149 3 84 86 47 199 0,185
PFG_MOEA,54,3,363.45,1848.54,0 135 173 28 141 79 138 98 125 0,
PFG_MOEA,54,4,363.45,1848.54,0 159 2 97 85 66 102 36 5 49 0,
PFG_MOEA,54,5,363.45,1848.54,0 180 9 95 182 48 191 110 140 165 187 18 39 54 72 70 164 150 200 21 96 197 43 194 174 76 116 106 92 126 133 91 74 154 103 188 171 181 192 40 63 117 101 68 15 123 175 122 139 198 16 25 4 13 163 193 78 60 0,40 188
PFG_MOEA,54,6,363.45,1848.54,0 46 51 107 134 19 8 55 62 177 65 130 161 170 143 145 82 33 178 160 83 99 59 108 166 73 26 114 179 113 37 121 148 129 93 132 64 50 17 0,46
PFG_MOEA,55,1,261.55,2016.67,0 56 111 169 124 88 155 10 162 31 30 120 118 35 190 168 158 172 90 127 69 87 53 183 41 119 142 22 23 67 61 137 11 151 0,56 124
PFG_MOEA,55,2,261.55,2016.67,0 144 115 184 89 156 157 104 186 176 38 7 195 58 34 29 131 185 27 44 128 80 71 14 146 32 167 42 100 81 189 112 52 105 6 196 0,185
PFG_MOEA,55,3,261.55,2016.67,0 199 94 109 1 12 136 149 3 84 86 47 153 77 147 75 24 45 152 20 57 28 141 79 138 98 173 125 135 66 85 97 2 159 102 0,199
PFG_MOEA,55,4,261.55,2016.67,0 180 9 49 36 5 70 72 54 164 21 96 197 43 76 116 106 92 126 174 194 200 150 39 18 187 165 140 110 191 48 182 95 0,
PFG_MOEA,55,5,261.55,2016.67,0 16 139 198 117 63 181 171 192 40 74 91 133 154 103 188 101 68 15 123 175 25 129 148 93 4 13 163 193 78 60 0,63 188
PFG_MOEA,55,6,261.55,2016.67,0 46 122 51 107 134 19 8 55 62 177 65 130 161 170 143 145 82 33 178 160 83 99 59 108 166 73 26 114 179 113 37 121 132 64 50 17 0,46
PFG_MOEA,56,1,372.87,1829.64,0 199 47 86 84 3 149 136 12 1 109 94 153 77 147 24 75 45 152 20 57 28 42 100 173 98 138 141 79 167 32 146 14 71 80 128 44 27 185 131 29 34 58 195 7 38 176 186 104 157 156 89 81 135 125 189 112 52 159 0,
PFG_MOEA,56,2,372.87,1829.64,0 2 97 85 66 102 36 5 0,
PFG_MOEA,56,3,372.87,1829.64,0 180 9 49 95 182 48 191 110 140 165 187 18 39 54 72 70 164 150 200 21 96 197 43 194 174 76 116 106 92 126 133 91 74 154 103 188 171 181 192 40 63 117 101 68 15 123 175 122 139 198 16 0,40
PFG_MOEA,56,4,372.87,1829.64,0 60 78 193 13 64 50 17 132 4 8 55 62 177 65 130 161 170 143 145 82 33 178 160 83 99 59 108 166 73 26 114 179 113 37 121 148 129 93 25 19 134 107 51 46 0,
PFG_MOEA,56,5,372.87,1829.64,0 163 56 111 151 11 137 88 22 142 119 41 183 53 87 69 127 90 172 158 168 190 35 118 120 31 162 10 23 155 67 61 124 169 0,
PFG_MOEA,56,6,372.87,1829.64,0 144 115 30 184 105 6 196 0,105
PFG_MOEA,57,1,403.49,1779.21,0 196 6 77 0,
PFG_MOEA,57,2,403.49,1779.21,0 199 94 109 1 144 61 124 169 151 11 137 88 67 155 23 10 162 22 142 119 41 183 53 87 69 127 90 172 158 168 190 35 118 120 31 30 115 184 12 136 149 3 84 86 47 153 147 24 75 45 152 105 189 112 52 2 159 102 36 5 49 9 180 0,
PFG_MOEA,57,3,403.49,1779.21,0 97 0,
PFG_MOEA,57,4,403.49,1779.21,0 20 57 81 89 156 157 104 186 176 38 195 7 58 34 29 131 185 27 44 128 80 71 14 146 32 167 42 100 79 141 138 98 28 173 66 85 125 135 0,89 131
PFG_MOEA,57,5,403.49,1779.21,0 16 139 198 95 182 191 48 165 187 18 39 54 72 70 164 150 200 21 96 197 43 194 174 76 116 106 92 126 133 91 74 154 103 188 171 181 192 40 63 117 140 110 101 68 15 123 175 122 46 51 107 134 19 8 55 0,21 198
PFG_MOEA,57,6,403.49,1779.21,0 60 78 193 163 13 62 177 65 130 161 170 143 145 82 33 178 160 83 99 59 108 166 73 26 114 179 113 37 121 148 129 93 25 4 111 56 132 64 50 17 0,56
PFG_MOEA,58,1,547.48,1749.89,0 151 0,
PFG_MOEA,58,2,547.48,1749.89,0 50 17 169 124 137 11 88 61 67 155 23 10 162 22 142 119 41 183 53 87 69 127 90 172 158 168 190 35 118 120 31 30 115 144 184 12 136 149 0,50 87 155
PFG_MOEA,58,3,547.48,1749.89,0 196 6 105 52 112 189 100 81 57 20 152 45 75 24 147 77 153 94 109 1 3 84 86 47 199 0,1
PFG_MOEA,58,4,547.48,1749.89,0 159 2 97 85 66 98 138 141 79 167 32 146 14 71 80 128 44 27 185 131 29 34 58 195 7 38 176 186 104 157 156 89 42 28 173 125 135 102 36 0,89
PFG_MOEA,58,5,547.48,1749.89,0 60 78 193 13 163 64 132 56 111 4 25 93 129 148 121 37 113 179 114 26 73 166 108 59 99 83 160 178 33 82 145 143 170 161 130 65 177 62 55 8 19 134 123 175 122 16 139 198 15 68 101 117 63 40 192 181 171 188 103 154 74 91 133 126 92 106 116 76 174 194 43 197 96 21 200 150 164 70 72 54 39 18 187 165 140 110 191 48 182 95 5 49 9 180 0,5 63 68
PFG_MOEA,58,6,547.48,1749.89,0 51 107 46 0,
PFG_MOEA,59,1,321.43,1884.2,0 196 6 199 77 94 109 1 184 115 30 31 120 118 35 190 168 158 172 90 127 69 87 53 183 41 119 142 22 162 10 23 155 67 88 137 11 151 169 124 61 144 0,
PFG_MOEA,59,2,321.43,1884.2,0 12 136 149 3 84 86 47 153 147 24 75 45 152 105 189 112 97 52 2 159 102 36 5 49 9 180 0,97
PFG_MOEA,59,3,321.43,1884.2,0 20 57 81 0,
PFG_MOEA,59,4,321.43,1884.2,0 135 125 89 156 157 104 186 176 38 195 7 58 34 29 131 185 27 44 128 80 71 14 146 32 167 42 100 79 141 138 98 28 173 66 85 72 54 39 18 187 165 48 191 182 95 198 139 16 0,89 185
PFG_MOEA,59,5,321.43,1884.2,0 70 164 150 200 21 96 197 43 194 174 76 116 106 92 126 133 91 74 154 103 188 171 181 192 40 63 117 140 110 101 68 15 123 175 122 46 51 107 134 19 0,21
PFG_MOEA,59,6,321.43,1884.2,0 60 50 64 78 193 163 13 8 55 62 177 65 130 161 170 143 145 82 33 178 160 83 99 59 108 166 73 26 114 179 113 37 121 148 129 93 25 4 111 56 132 17 0,
PFG_MOEA,60,1,363.45,1848.54,0 56 111 151 11 137 124 169 88 61 67 155 23 10 162 22 142 119 41 183 53 87 69 127 90 172 158 168 190 35 118 120 31 30 115 144 184 0,137
PFG_MOEA,60,2,363.45,1848.54,0 196 6 105 52 112 189 89 156 157 104 186 176 38 7 195 58 34 29 131 185 27 44 128 80 71 14 146 32 167 42 100 81 57 20 152 45 75 24 147 77 153 94 109 1 12 136 149 3 84 86 47 199 0,185
PFG_MOEA,60,3,363.45,1848.54,0 135 173 28 141 79 138 98 125 0,
PFG_MOEA,60,4,363.45,1848.54,0 159 2 97 85 66 102 36 5 49 0,
PFG_MOEA,60,5,363.45,1848.54,0 180 9 95 182 48 191 110 140 165 187 18 39 54 72 70 164 150 200 21 96 197 43 194 174 76 116 106 92 126 133 91 74 154 103 188 171 181 192 40 63 117 101 68 15 123 175 122 139 198 16 25 4 13 163 193 78 60 0,40 188
PFG_MOEA,60,6,363.45,1848.54,0 46 51 107 134 19 8 55 62 177 65 130 161 170 143 145 82 33 178 160 83 99 59 108 166 73 26 114 179 113 37 121 148 129 93 132 64 50 17 0,46
PFG_MOEA,61,1,261.55,2016.67,0 56 111 169 124 88 155 10 162 31 30 120 118 35 190 168 158 172 90 127 69 87 53 183 41 119 142 22 23 67 61 137 11 151 0,56 124
PFG_MOEA,61,2,261.55,2016.67,0 144 115 184 89 156 157 104 186 176 38 7 195 58 34 29 131 185 27 44 128 80 71 14 146 32 167 42 100 81 189 112 52 105 6 196 0,185
PFG_MOEA,61,3,261.55,2016.67,0 199 94 109 1 12 136 149 3 84 86 47 153 77 147 75 24 45 152 20 57 28 141 79 138 98 173 125 135 66 85 97 2 159 102 0,199
PFG_MOEA,61,4,261.55,2016.67,0 180 9 49 36 5 70 72 54 164 21 96 197 43 76 116 106 92 126 174 194 200 150 39 18 187 165 140 110 191 48 182 95 0,
PFG_MOEA,61,5,261.55,2016.67,0 16 139 198 117 63 181 171 192 40 74 91 133 154 103 188 101 68 15 123 175 25 129 148 93 4 13 163 193 78 60 0,63 188
PFG_MOEA,61,6,261.55,2016.67,0 46 122 51 107 134 19 8 55 62 177 65 130 161 170 143 145 82 33 178 160 83 99 59 108 166 73 26 114 179 113 37 121 132 64 50 17 0,46
PFG_MOEA,62,1,372.87,1829.64,0 199 47 86 84 3 149 136 12 1 109 94 153 77 147 24 75 45 152 20 57 28 42 100 173 98 138 141 79 167 32 146 14 71 80 128 44 27 185 131 29 34 58 195 7 38 176 186 104 157 156 89 81 135 125 189 112 52 159 0,
PFG_MOEA,62,2,372.87,1829.64,0 2 97 85 66 102 36 5 0,
PFG_MOEA,62,3,372.87,1829.64,0 180 9 49 95 182 48 191 110 140 165 187 18 39 54 72 70 164 150 200 21 96 197 43 194 174 76 116 106 92 126 133 91 74 154 103 188 171 181 192 40 63 117 101 68 15 123 175 122 139 198 16 0,40
PFG_MOEA,62,4,372.87,1829.64,0 60 78 193 13 64 50 17 132 4 8 55 62 177 65 130 161 170 143 145 82 33 178 160 83 99 59 108 166 73 26 114 179 113 37 121 148 129 93 25 19 134 107 51 46 0,
PFG_MOEA,62,5,372.87,1829.64,0 163 56 111 151 11 137 88 22 142 119 41 183 53 87 69 127 90 172 158 168 190 35 118 120 31 162 10 23 155 67 61 124 169 0,
PFG_MOEA,62,6,372.87,1829.64,0 144 115 30 184 105 6 196 0,105
PFG_MOEA,63,1,403.49,1779.21,0 196 6 77 0,
PFG_MOEA,63,2,403.49,1779.21,0 199 94 109 1 144 61 124 169 151 11 137 88 67 155 23 10 162 22 142 119 41 183 53 87 69 127 90 172 158 168 190 35 118 120 31 30 115 184 12 136 149 3 84 86 47 153 147 24 75 45 152 105 189 112 52 2 159 102 36 5 49 9 180 0,
PFG_MOEA,63,3,403.49,1779.21,0 97 0,
PFG_MOEA,63,4,403.49,1779.21,0 20 57 81 89 156 157 104 186 176 38 195 7 58 34 29 131 185 27 44 128 80 71 14 146 32 167 42 100 79 141 138 98 28 173 66 85 125 135 0,89 131
PFG_MOEA,63,5,403.49,1779.21,0 16 139 198 95 182 191 48 165 187 18 39 54 72 70 164 150 200 21 96 197 43 194 174 76 116 106 92 126 133 91 74 154 103 188 171 181 192 40 63 117 140 110 101 68 15 123 175 122 46 51 107 134 19 8 55 0,21 198
PFG_MOEA,63,6,403.49,1779.21,0 60 78 193 163 13 62 177 65 130 161 170 143 145 82 33 178 160 83 99 59 108 166 73 26 114 179 113 37 121 148 129 93 25 4 111 56 132 64 50 17 0,56
PFG_MOEA,64,1,547.48,1749.89,0 151 0,
PFG_MOEA,64,2,547.48,1749.89,0 50 17 169 124 137 11 88 61 67 155 23 10 162 22 142 119 41 183 53 87 69 127 90 172 158 168 190 35 118 120 31 30 115 144 184 12 136 149 0,50 87 155
PFG_MOEA,64,3,547.48,1749.89,0 196 6 105 52 112 189 100 81 57 20 152 45 75 24 147 77 153 94 109 1 3 84 86 47 199 0,1
PFG_MOEA,64,4,547.48,1749.89,0 159 2 97 85 66 98 138 141 79 167 32 146 14 71 80 128 44 27 185 131 29 34 58 195 7 38 176 186 104 157 156 89 42 28 173 125 135 102 36 0,89
PFG_MOEA,64,5,547.48,1749.89,0 60 78 193 13 163 64 132 56 111 4 25 93 129 148 121 37 113 179 114 26 73 166 108 59 99 83 160 178 33 82 145 143 170 161 130 65 177 62 55 8 19 134 123 175 122 16 139 198 15 68 101 117 63 40 192 181 171 188 103 154 74 91 133 126 92 106 116 76 174 194 43 197 96 21 200 150 164 70 72 54 39 18 187 165 140 110 191 48 182 95 5 49 9 180 0,5 63 68
PFG_MOEA,64,6,547.48,1749.89,0 51 107 46 0,
PFG_MOEA,65,1,321.43,1884.2,0 196 6 199 77 94 109 1 184 115 30 31 120 118 35 190 168 158 172 90 127 69 87 53 183 41 119 142 22 162 10 23 155 67 88 137 11 151 169 124 61 144 0,
PFG_MOEA,65,2,321.43,1884.2,0 12 136 149 3 84 86 47 153 147 24 75 45 152 105 189 112 97 52 2 159 102 36 5 49 9 180 0,97
PFG_MOEA,65,3,321.43,1884.2,0 20 57 81 0,
PFG_MOEA,65,4,321.43,1884.2,0 135 125 89 156 157 104 186 176 38 195 7 58 34 29 131 185 27 44 128 80 71 14 146 32 167 42 100 79 141 138 98 28 173 66 85 72 54 39 18 187 165 48 191 182 95 198 139 16 0,89 185
PFG_MOEA,65,5,321.43,1884.2,0 70 164 150 200 21 96 197 43 194 174 76 116 106 92 126 133 91 74 154 103 188 171 181 192 40 63 117 140 110 101 68 15 123 175 122 46 51 107 134 19 0,21
PFG_MOEA,65,6,321.43,1884.2,0 60 50 64 78 193 163 13 8 55 62 177 65 130 161 170 143 145 82 33 178 160 83 99 59 108 166 73 26 114 179 113 37 121 148 129 93 25 4 111 56 132 17 0,
PFG_MOEA,66,1,363.45,1848.54,0 56 111 151 11 137 124 169 88 61 67 155 23 10 162 22 142 119 41 183 53 87 69 127 90 172 158 168 190 35 118 120 31 30 115 144 184 0,137
PFG_MOEA,66,2,363.45,1848.54,0 196 6 105 52 112 189 89 156 157 104 186 176 38 7 195 58 34 29 131 185 27 44 128 80 71 14 146 32 167 42 100 81 57 20 152 45 75 24 147 77 153 94 109 1 12 136 149 3 84 86 47 199 0,185
PFG_MOEA,66,3,363.45,1848.54,0 135 173 28 141 79 138 98 125 0,
PFG_MOEA,66,4,363.45,1848.54,0 159 2 97 85 66 102 36 5 49 0,
PFG_MOEA,66,5,363.45,1848.54,0 180 9 95 182 48 191 110 140 165 187 18 39 54 72 70 164 150 200 21 96 197 43 194 174 76 116 106 92 126 133 91 74 154 103 188 171 181 192 40 63 117 101 68 15 123 175 122 139 198 16 25 4 13 163 193 78 60 0,40 188
PFG_MOEA,66,6,363.45,1848.54,0 46 51 107 134 19 8 55 62 177 65 130 161 170 143 145 82 33 178 160 83 99 59 108 166 73 26 114 179 113 37 121 148 129 93 132 64 50 17 0,46
PFG_MOEA,67,1,261.55,2016.67,0 56 111 169 124 88 155 10 162 31 30 120 118 35 190 168 158 172 90 127 69 87 53 183 41 119 142 22 23 67 61 137 11 151 0,56 124
PFG_MOEA,67,2,261.55,2016.67,0 144 115 184 89 156 157 104 186 176 38 7 195 58 34 29 131 185 27 44 128 80 71 14 146 32 167 42 100 81 189 112 52 105 6 196 0,185
PFG_MOEA,67,3,261.55,2016.67,0 199 94 109 1 12 136 149 3 84 86 47 153 77 147 75 24 45 152 20 57 28 141 79 138 98 173 125 135 66 85 97 2 159 102 0,199
PFG_MOEA,67,4,261.55,2016.67,0 180 9 49 36 5 70 72 54 164 21 96 197 43 76 116 106 92 126 174 194 200 150 39 18 187 165 140 110 191 48 182 95 0,
PFG_MOEA,67,5,261.55,2016.67,0 16 139 198 117 63 181 171 192 40 74 91 133 154 103 188 101 68 15 123 175 25 129 148 93 4 13 163 193 78 60 0,63 188
PFG_MOEA,67,6,261.55,2016.67,0 46 122 51 107 134 19 8 55 62 177 65 130 161 170 143 145 82 33 178 160 83 99 59 108 166 73 26 114 179 113 37 121 132 64 50 17 0,46
PFG_MOEA,68,1,372.87,1829.64,0 199 47 86 84 3 149 136 12 1 109 94 153 77 147 24 75 45 152 20 57 28 42 100 173 98 138 141 79 167 32 146 14 71 80 128 44 27 185 131 29 34 58 195 7 38 176 186 104 157 156 89 81 135 125 189 112 52 159 0,
PFG_MOEA,68,2,372.87,1829.64,0 2 97 85 66 102 36 5 0,
PFG_MOEA,68,3,372.87,1829.64,0 180 9 49 95 182 48 191 110 140 165 187 18 39 54 72 70 164 150 200 21 96 197 43 194 174 76 116 106 92 126 133 91 74 154 103 188 171 181 192 40 63 117 101 68 15 123 175 122 139 198 16 0,40
PFG_MOEA,68,4,372.87,1829.64,0 60 78 193 13 64 50 17 132 4 8 55 62 177 65 130 161 170 143 145 82 33 178 160 83 99 59 108 166 73 26 114 179 113 37 121 148 129 93 25 19 134 107 51 46 0,
PFG_MOEA,68,5,372.87,1829.64,0 163 56 111 151 11 137 88 22 142 119 41 183 53 87 69 127 90 172 158 168 190 35 118 120 31 162 10 23 155 67 61 124 169 0,
PFG_MOEA,68,6,372.87,1829.64,0 144 115 30 184 105 6 196 0,105
PFG_MOEA,69,1,403.49,1779.21,0 196 6 77 0,
PFG_MOEA,69,2,403.49,1779.21,0 199 94 109 1 144 61 124 169 151 11 137 88 67 155 23 10 162 22 142 119 41 183 53 87 69 127 90 172 158 168 190 35 118 120 31 30 115 184 12 136 149 3 84 86 47 153 147 24 75 45 152 105 189 112 52 2 159 102 36 5 49 9 180 0,
PFG_MOEA,69,3,403.49,1779.21,0 97 0,
PFG_MOEA,69,4,403.49,1779.21,0 20 57 81 89 156 157 104 186 176 38 195 7 58 34 29 131 185 27 44 128 80 71 14 146 32 167 42 100 79 141 138 98 28 173 66 85 125 135 0,89 131
PFG_MOEA,69,5,403.49,1779.21,0 16 139 198 95 182 191 48 165 187 18 39 54 72 70 164 150 200 21 96 197 43 194 174 76 116 106 92 126 133 91 74 154 103 188 171 181 192 40 63 117 140 110 101 68 15 123 175 122 46 51 107 134 19 8 55 0,21 198
PFG_MOEA,69,6,403.49,1779.21,0 60 78 193 163 13 62 177 65 130 161 170 143 145 82 33 178 160 83 99 59 108 166 73 26 114 179 113 37 121 148 129 93 25 4 111 56 132 64 50 17 0,56
PFG_MOEA,70,1,547.48,1749.89,0 151 0,
PFG_MOEA,70,2,547.48,1749.89,0 50 17 169 124 137 11 88 61 67 155 23 10 162 22 142 119 41 183 53 87 69 127 90 172 158 168 190 35 118 120 31 30 115 144 184 12 136 149 0,50 87 155
PFG_MOEA,70,3,547.48,1749.89,0 196 6 105 52 112 189 100 81 57 20 152 45 75 24 147 77 153 94 109 1 3 84 86 47 199 0,1
PFG_MOEA,70,4,547.48,1749.89,0 159 2 97 85 66 98 138 141 79 167 32 146 14 71 80 128 44 27 185 131 29 34 58 195 7 38 176 186 104 157 156 89 42 28 173 125 135 102 36 0,89
PFG_MOEA,70,5,547.48,1749.89,0 60 78 193 13 163 64 132 56 111 4 25 93 129 148 121 37 113 179 114 26 73 166 108 59 99 83 160 178 33 82 145 143 170 161 130 65 177 62 55 8 19 134 123 175 122 16 139 198 15 68 101 117 63 40 192 181 171 188 103 154 74 91 133 126 92 106 116 76 174 194 43 197 96 21 200 150 164 70 72 54 39 18 187 165 140 110 191 48 182 95 5 49 9 180 0,5 63 68
PFG_MOEA,70,6,547.48,1749.89,0 51 107 46 0,
PFG_MOEA,71,1,321.43,1884.2,0 196 6 199 77 94 109 1 184 115 30 31 120 118 35 190 168 158 172 90 127 69 87 53 183 41 119 142 22 162 10 23 155 67 88 137 11 151 169 124 61 144 0,
PFG_MOEA,71,2,321.43,1884.2,0 12 136 149 3 84 86 47 153 147 24 75 45 152 105 189 112 97 52 2 159 102 36 5 49 9 180 0,97
PFG_MOEA,71,3,321.43,1884.2,0 20 57 81 0,
PFG_MOEA,71,4,321.43,1884.2,0 135 125 89 156 157 104 186 176 38 195 7 58 34 29 131 185 27 44 128 80 71 14 146 32 167 42 100 79 141 138 98 28 173 66 85 72 54 39 18 187 165 48 191 182 95 198 139 16 0,89 185
PFG_MOEA,71,5,321.43,1884.2,0 70 164 150 200 21 96 197 43 194 174 76 116 106 92 126 133 91 74 154 103 188 171 181 192 40 63 117 140 110 101 68 15 123 175 122 46 51 107 134 19 0,21
PFG_MOEA,71,6,321.43,1884.2,0 60 50 64 78 193 163 13 8 55 62 177 65 130 161 170 143 145 82 33 178 160 83 99 59 108 166 73 26 114 179 113 37 121 148 129 93 25 4 111 56 132 17 0,
PFG_MOEA,72,1,363.45,1848.54,0 56 111 151 11 137 124 169 88 61 67 155 23 10 162 22 142 119 41 183 53 87 69 127 90 172 158 168 190 35 118 120 31 30 115 144 184 0,137
PFG_MOEA,72,2,363.45,1848.54,0 196 6 105 52 112 189 89 156 157 104 186 176 38 7 195 58 34 29 131 185 27 44 128 80 71 14 146 32 167 42 100 81 57 20 152 45 75 24 147 77 153 94 109 1 12 136 149 3 84 86 47 199 0,185
PFG_MOEA,72,3,363.45,1848.54,0 135 173 28 141 79 138 98 125 0,
PFG_MOEA,72,4,363.45,1848.54,0 159 2 97 85 66 102 36 5 49 0,
PFG_MOEA,72,5,363.45,1848.54,0 180 9 95 182 48 191 110 140 165 187 18 39 54 72 70 164 150 200 21 96 197 43 194 174 76 116 106 92 126 133 91 74 154 103 188 171 181 192 40 63 117 101 68 15 123 175 122 139 198 16 25 4 13 163 193 78 60 0,40 188
PFG_MOEA,72,6,363.45,1848.54,0 46 51 107 134 19 8 55 62 177 65 130 161 170 143 145 82 33 178 160 83 99 59 108 166 73 26 114 179 113 37 121 148 129 93 132 64 50 17 0,46
PFG_MOEA,73,1,261.55,2016.67,0 56 111 169 124 88 155 10 162 31 30 120 118 35 190 168 158 172 90 127 69 87 53 183 41 119 142 22 23 67 61 137 11 151 0,56 124
PFG_MOEA,73,2,261.55,2016.67,0 144 115 184 89 156 157 104 186 176 38 7 195 58 34 29 131 185 27 44 128 80 71 14 146 32 167 42 100 81 189 112 52 105 6 196 0,185
PFG_MOEA,73,3,261.55,2016.67,0 199 94 109 1 12 136 149 3 84 86 47 153 77 147 75 24 45 152 20 57 28 141 79 138 98 173 125 135 66 85 97 2 159 102 0,199
PFG_MOEA,73,4,261.55,2016.67,0 180 9 49 36 5 70 72 54 164 21 96 197 43 76 116 106 92 126 174 194 200 150 39 18 187 165 140 110 191 48 182 95 0,
PFG_MOEA,73,5,261.55,2016.67,0 16 139 198 117 63 181 171 192 40 74 91 133 154 103 188 101 68 15 123 175 25 129 148 93 4 13 163 193 78 60 0,63 188
PFG_MOEA,73,6,261.55,2016.67,0 46 122 51 107 134 19 8 55 62 177 65 130 161 170 143 145 82 33 178 160 83 99 59 108 166 73 26 114 179 113 37 121 132 64 50 17 0,46
PFG_MOEA,74,1,372.87,1829.64,0 199 47 86 84 3 149 136 12 1 109 94 153 77 147 24 75 45 152 20 57 28 42 100 173 98 138 141 79 167 32 146 14 71 80 128 44 27 185 131 29 34 58 195 7 38 176 186 104 157 156 89 81 135 125 189 112 52 159 0,
PFG_MOEA,74,2,372.87,1829.64,0 2 97 85 66 102 36 5 0,
PFG_MOEA,74,3,372.87,1829.64,0 180 9 49 95 182 48 191 110 140 165 187 18 39 54 72 70 164 150 200 21 96 197 43 194 174 76 116 106 92 126 133 91 74 154 103 188 171 181 192 40 63 117 101 68 15 123 175 122 139 198 16 0,40
PFG_MOEA,74,4,372.87,1829.64,0 60 78 193 13 64 50 17 132 4 8 55 62 177 65 130 161 170 143 145 82 33 178 160 83 99 59 108 166 73 26 114 179 113 37 121 148 129 93 25 19 134 107 51 46 0,
PFG_MOEA,74,5,372.87,1829.64,0 163 56 111 151 11 137 88 22 142 119 41 183 53 87 69 127 90 172 158 168 190 35 118 120 31 162 10 23 155 67 61 124 169 0,
PFG_MOEA,74,6,372.87,1829.64,0 144 115 30 184 105 6 196 0,105
PFG_MOEA,75,1,403.49,1779.21,0 196 6 77 0,
PFG_MOEA,75,2,403.49,1779.21,0 199 94 109 1 144 61 124 169 151 11 137 88 67 155 23 10 162 22 142 119 41 183 53 87 69 127 90 172 158 168 190 35 118 120 31 30 115 184 12 136 149 3 84 86 47 153 147 24 75 45 152 105 189 112 52 2 159 102 36 5 49 9 180 0,
PFG_MOEA,75,3,403.49,1779.21,0 97 0,
PFG_MOEA,75,4,403.49,1779.21,0 20 57 81 89 156 157 104 186 176 38 195 7 58 34 29 131 185 27 44 128 80 71 14 146 32 167 42 100 79 141 138 98 28 173 66 85 125 135 0,89 131
PFG_MOEA,75,5,403.49,1779.21,0 16 139 198 95 182 191 48 165 187 18 39 54 72 70 164 150 200 21 96 197 43 194 174 76 116 106 92 126 133 91 74 154 103 188 171 181 192 40 63 117 140 110 101 68 15 123 175 122 46 51 107 134 19 8 55 0,21 198
PFG_MOEA,75,6,403.49,1779.21,0 60 78 193 163 13 62 177 65 130 161 170 143 145 82 33 178 160 83 99 59 108 166 73 26 114 179 113 37 121 148 129 93 25 4 111 56 132 64 50 17 0,56
PFG_MOEA,76,1,547.48,1749.89,0 151 0,
PFG_MOEA,76,2,547.48,1749.89,0 50 17 169 124 137 11 88 61 67 155 23 10 162 22 142 119 41 183 53 87 69 127 90 172 158 168 190 35 118 120 31 30 115 144 184 12 136 149 0,50 87 155
PFG_MOEA,76,3,547.48,1749.89,0 196 6 105 52 112 189 100 81 57 20 152 45 75 24 147 77 153 94 109 1 3 84 86 47 199 0,1
PFG_MOEA,76,4,547.48,1749.89,0 159 2 97 85 66 98 138 141 79 167 32 146 14 71 80 128 44 27 185 131 29 34 58 195 7 38 176 186 104 157 156 89 42 28 173 125 135 102 36 0,89
PFG_MOEA,76,5,547.48,1749.89,0 60 78 193 13 163 64 132 56 111 4 25 93 129 148 121 37 113 179 114 26 73 166 108 59 99 83 160 178 33 82 145 143 170 161 130 65 177 62 55 8 19 134 123 175 122 16 139 198 15 68 101 117 63 40 192 181 171 188 103 154 74 91 133 126 92 106 116 76 174 194 43 197 96 21 200 150 164 70 72 54 39 18 187 165 140 110 191 48 182 95 5 49 9 180 0,5 63 68
PFG_MOEA,76,6,547.48,1749.89,0 51 107 46 0,
PFG_MOEA,77,1,321.43,1884.2,0 196 6 199 77 94 109 1 184 115 30 31 120 118 35 190 168 158 172 90 127 69 87 53 183 41 119 142 22 162 10 23 155 67 88 137 11 151 169 124 61 144 0,
PFG_MOEA,77,2,321.43,1884.2,0 12 136 149 3 84 86 47 153 147 24 75 45 152 105 189 112 97 52 2 159 102 36 5 49 9 180 0,97
PFG_MOEA,77,3,321.43,1884.2,0 20 57 81 0,
PFG_MOEA,77,4,321.43,1884.2,0 135 125 89 156 157 104 186 176 38 195 7 58 34 29 131 185 27 44 128 80 71 14 146 32 167 42 100 79 141 138 98 28 173 66 85 72 54 39 18 187 165 48 191 182 95 198 139 16 0,89 185
PFG_MOEA,77,5,321.43,1884.2,0 70 164 150 200 21 96 197 43 194 174 76 116 106 92 126 133 91 74 154 103 188 171 181 192 40 63 117 140 110 101 68 15 123 175 122 46 51 107 134 19 0,21
PFG_MOEA,77,6,321.43,1884.2,0 60 50 64 78 193 163 13 8 55 62 177 65 130 161 170 143 145 82 33 178 160 83 99 59 108 166 73 26 114 179 113 37 121 148 129 93 25 4 111 56 132 17 0,
PFG_MOEA,78,1,363.45,1848.54,0 56 111 151 11 137 124 169 88 61 67 155 23 10 162 22 142 119 41 183 53 87 69 127 90 172 158 168 190 35 118 120 31 30 115 144 184 0,137
PFG_MOEA,78,2,363.45,1848.54,0 196 6 105 52 112 189 89 156 157 104 186 176 38 7 195 58 34 29 131 185 27 44 128 80 71 14 146 32 167 42 100 81 57 20 152 45 75 24 147 77 153 94 109 1 12 136 149 3 84 86 47 199 0,185
PFG_MOEA,78,3,363.45,1848.54,0 135 173 28 141 79 138 98 125 0,
PFG_MOEA,78,4,363.45,1848.54,0 159 2 97 85 66 102 36 5 49 0,
PFG_MOEA,78,5,363.45,1848.54,0 180 9 95 182 48 191 110 140 165 187 18 39 54 72 70 164 150 200 21 96 197 43 194 174 76 116 106 92 126 133 91 74 154 103 188 171 181 192 40 63 117 101 68 15 123 175 122 139 198 16 25 4 13 163 193 78 60 0,40 188
PFG_MOEA,78,6,363.45,1848.54,0 46 51 107 134 19 8 55 62 177 65 130 161 170 143 145 82 33 178 160 83 99 59 108 166 73 26 114 179 113 37 121 148 129 93 132 64 50 17 0,46
PFG_MOEA,79,1,261.55,2016.67,0 56 111 169 124 88 155 10 162 31 30 120 118 35 190 168 158 172 90 127 69 87 53 183 41 119 142 22 23 67 61 137 11 151 0,56 124
PFG_MOEA,79,2,261.55,2016.67,0 144 115 184 89 156 157 104 186 176 38 7 195 58 34 29 131 185 27 44 128 80 71 14 146 32 167 42 100 81 189 112 52 105 6 196 0,185
PFG_MOEA,79,3,261.55,2016.67,0 199 94 109 1 12 136 149 3 84 86 47 153 77 147 75 24 45 152 20 57 28 141 79 138 98 173 125 135 66 85 97 2 159 102 0,199
PFG_MOEA,79,4,261.55,2016.67,0 180 9 49 36 5 70 72 54 164 21 96 197 43 76 116 106 92 126 174 194 200 150 39 18 187 165 140 110 191 48 182 95 0,
PFG_MOEA,79,5,261.55,2016.67,0 16 139 198 117 63 181 171 192 40 74 91 133 154 103 188 101 68 15 123 175 25 129 148 93 4 13 163 193 78 60 0,63 188
PFG_MOEA,79,6,261.55,2016.67,0 46 122 51 107 134 19 8 55 62 177 65 130 161 170 143 145 82 33 178 160 83 99 59 108 166 73 26 114 179 113 37 121 132 64 50 17 0,46
PFG_MOEA,80,1,372.87,1829.64,0 199 47 86 84 3 149 136 12 1 109 94 153 77 147 24 75 45 152 20 57 28 42 100 173 98 138 141 79 167 32 146 14 71 80 128 44 27 185 131 29 34 58 195 7 38 176 186 104 157 156 89 81 135 125 189 112 52 159 0,
PFG_MOEA,80,2,372.87,1829.64,0 2 97 85 66 102 36 5 0,
PFG_MOEA,80,3,372.87,1829.64,0 180 9 49 95 182 48 191 110 140 165 187 18 39 54 72 70 164 150 200 21 96 197 43 194 174 76 116 106 92 126 133 91 74 154 103 188 171 181 192 40 63 117 101 68 15 123 175 122 139 198 16 0,40
PFG_MOEA,80,4,372.87,1829.64,0 60 78 193 13 64 50 17 132 4 8 55 62 177 65 130 161 170 143 145 82 33 178 160 83 99 59 108 166 73 26 114 179 113 37 121 148 129 93 25 19 134 107 51 46 0,
PFG_MOEA,80,5,372.87,1829.64,0 163 56 111 151 11 137 88 22 142 119 41 183 53 87 69 127 90 172 158 168 190 35 118 120 31 162 10 23 155 67 61 124 169 0,
PFG_MOEA,80,6,372.87,1829.64,0 144 115 30 184 105 6 196 0,105
PFG_MOEA,81,1,403.49,1779.21,0 196 6 77 0,
PFG_MOEA,81,2,403.49,1779.21,0 199 94 109 1 144 61 124 169 151 11 137 88 67 155 23 10 162 22 142 119 41 183 53 87 69 127 90 172 158 168 190 35 118 120 31 30 115 184 12 136 149 3 84 86 47 153 147 24 75 45 152 105 189 112 52 2 159 102 36 5 49 9 180 0,
PFG_MOEA,81,3,403.49,1779.21,0 97 0,
PFG_MOEA,81,4,403.49,1779.21,0 20 57 81 89 156 157 104 186 176 38 195 7 58 34 29 131 185 27 44 128 80 71 14 146 32 167 42 100 79 141 138 98 28 173 66 85 125 135 0,89 131
PFG_MOEA,81,5,403.49,1779.21,0 16 139 198 95 182 191 48 165 187 18 39 54 72 70 164 150 200 21 96 197 43 194 174 76 116 106 92 126 133 91 74 154 103 188 171 181 192 40 63 117 140 110 101 68 15 123 175 122 46 51 107 134 19 8 55 0,21 198
PFG_MOEA,81,6,403.49,1779.21,0 60 78 193 163 13 62 177 65 130 161 170 143 145 82 33 178 160 83 99 59 108 166 73 26 114 179 113 37 121 148 129 93 25 4 111 56 132 64 50 17 0,56
PFG_MOEA,82,1,547.48,1749.89,0 151 0,
PFG_MOEA,82,2,547.48,1749.89,0 50 17 169 124 137 11 88 61 67 155 23 10 162 22 142 119 41 183 53 87 69 127 90 172 158 168 190 35 118 120 31 30 115 144 184 12 136 149 0,50 87 155
PFG_MOEA,82,3,547.48,1749.89,0 196 6 105 52 112 189 100 81 57 20 152 45 75 24 147 77 153 94 109 1 3 84 86 47 199 0,1
PFG_MOEA,82,4,547.48,1749.89,0 159 2 97 85 66 98 138 141 79 167 32 146 14 71 80 128 44 27 185 131 29 34 58 195 7 38 176 186 104 157 156 89 42 28 173 125 135 102 36 0,89
PFG_MOEA,82,5,547.48,1749.89,0 60 78 193 13 163 64 132 56 111 4 25 93 129 148 121 37 113 179 114 26 73 166 108 59 99 83 160 178 33 82 145 143 170 161 130 65 177 62 55 8 19 134 123 175 122 16 139 198 15 68 101 117 63 40 192 181 171 188 103 154 74 91 133 126 92 106 116 76 174 194 43 197 96 21 200 150 164 70 72 54 39 18 187 165 140 110 191 48 182 95 5 49 9 180 0,5 63 68
PFG_MOEA,82,6,547.48,1749.89,0 51 107 46 0,
PFG_MOEA,83,1,321.43,1884.2,0 196 6 199 77 94 109 1 184 115 30 31 120 118 35 190 168 158 172 90 127 69 87 53 183 41 119 142 22 162 10 23 155 67 88 137 11 151 169 124 61 144 0,
PFG_MOEA,83,2,321.43,1884.2,0 12 136 149 3 84 86 47 153 147 24 75 45 152 105 189 112 97 52 2 159 102 36 5 49 9 180 0,97
PFG_MOEA,83,3,321.43,1884.2,0 20 57 81 0,
PFG_MOEA,83,4,321.43,1884.2,0 135 125 89 156 157 104 186 176 38 195 7 58 34 29 131 185 27 44 128 80 71 14 146 32 167 42 100 79 141 138 98 28 173 66 85 72 54 39 18 187 165 48 191 182 95 198 139 16 0,89 185
PFG_MOEA,83,5,321.43,1884.2,0 70 164 150 200 21 96 197 43 194 174 76 116 106 92 126 133 91 74 154 103 188 171 181 192 40 63 117 140 110 101 68 15 123 175 122 46 51 107 134 19 0,21
PFG_MOEA,83,6,321.43,1884.2,0 60 50 64 78 193 163 13 8 55 62 177 65 130 161 170 143 145 82 33 178 160 83 99 59 108 166 73 26 114 179 113 37 121 148 129 93 25 4 111 56 132 17 0,
PFG_MOEA,84,1,363.45,1848.54,0 56 111 151 11 137 124 169 88 61 67 155 23 10 162 22 142 119 41 183 53 87 69 127 90 172 158 168 190 35 118 120 31 30 115 144 184 0,137
PFG_MOEA,84,2,363.45,1848.54,0 196 6 105 52 112 189 89 156 157 104 186 176 38 7 195 58 34 29 131 185 27 44 128 80 71 14 146 32 167 42 100 81 57 20 152 45 75 24 147 77 153 94 109 1 12 136 149 3 84 86 47 199 0,185
PFG_MOEA,84,3,363.45,1848.54,0 135 173 28 141 79 138 98 125 0,
PFG_MOEA,84,4,363.45,1848.54,0 159 2 97 85 66 102 36 5 49 0,
PFG_MOEA,84,5,363.45,1848.54,0 180 9 95 182 48 191 110 140 165 187 18 39 54 72 70 164 150 200 21 96 197 43 194 174 76 116 106 92 126 133 91 74 154 103 188 171 181 192 40 63 117 101 68 15 123 175 122 139 198 16 25 4 13 163 193 78 60 0,40 188
PFG_MOEA,84,6,363.45,1848.54,0 46 51 107 134 19 8 55 62 177 65 130 161 170 143 145 82 33 178 160 83 99 59 108 166 73 26 114 179 113 37 121 148 129 93 132 64 50 17 0,46
PFG_MOEA,85,1,261.55,2016.67,0 56 111 169 124 88 155 10 162 31 30 120 118 35 190 168 158 172 90 127 69 87 53 183 41 119 142 22 23 67 61 137 11 151 0,56 124
PFG_MOEA,85,2,261.55,2016.67,0 144 115 184 89 156 157 104 186 176 38 7 195 58 34 29 131 185 27 44 128 80 71 14 146 32 167 42 100 81 189 112 52 105 6 196 0,185
PFG_MOEA,85,3,261.55,2016.67,0 199 94 109 1 12 136 149 3 84 86 47 153 77 147 75 24 45 152 20 57 28 141 79 138 98 173 125 135 66 85 97 2 159 102 0,199
PFG_MOEA,85,4,261.55,2016.67,0 180 9 49 36 5 70 72 54 164 21 96 197 43 76 116 106 92 126 174 194 200 150 39 18 187 165 140 110 191 48 182 95 0,
PFG_MOEA,85,5,261.55,2016.67,0 16 139 198 117 63 181 171 192 40 74 91 133 154 103 188 101 68 15 123 175 25 129 148 93 4 13 163 193 78 60 0,63 188
PFG_MOEA,85,6,261.55,2016.67,0 46 122 51 107 134 19 8 55 62 177 65 130 161 170 143 145 82 33 178 160 83 99 59 108 166 73 26 114 179 113 37 121 132 64 50 17 0,46
PFG_MOEA,86,1,372.87,1829.64,0 199 47 86 84 3 149 136 12 1 109 94 153 77 147 24 75 45 152 20 57 28 42 100 173 98 138 141 79 167 32 146 14 71 80 128 44 27 185 131 29 34 58 195 7 38 176 186 104 157 156 89 81 135 125 189 112 52 159 0,
PFG_MOEA,86,2,372.87,1829.64,0 2 97 85 66 102 36 5 0,
PFG_MOEA,86,3,372.87,1829.64,0 180 9 49 95 182 48 191 110 140 165 187 18 39 54 72 70 164 150 200 21 96 197 43 194 174 76 116 106 92 126 133 91 74 154 103 188 171 181 192 40 63 117 101 68 15 123 175 122 139 198 16 0,40
PFG_MOEA,86,4,372.87,1829.64,0 60 78 193 13 64 50 17 132 4 8 55 62 177 65 130 161 170 143 145 82 33 178 160 83 99 59 108 166 73 26 114 179 113 37 121 148 129 93 25 19 134 107 51 46 0,
PFG_MOEA,86,5,372.87,1829.64,0 163 56 111 151 11 137 88 22 142 119 41 183 53 87 69 127 90 172 158 168 190 35 118 120 31 162 10 23 155 67 61 124 169 0,
PFG_MOEA,86,6,372.87,1829.64,0 144 115 30 184 105 6 196 0,105
PFG_MOEA,87,1,403.49,1779.21,0 196 6 77 0,
PFG_MOEA,87,2,403.49,1779.21,0 199 94 109 1 144 61 124 169 151 11 137 88 67 155 23 10 162 22 142 119 41 183 53 87 69 127 90 172 158 168 190 35 118 120 31 30 115 184 12 136 149 3 84 86 47 153 147 24 75 45 152 105 189 112 52 2 159 102 36 5 49 9 180 0,
PFG_MOEA,87,3,403.49,1779.21,0 97 0,
PFG_MOEA,87,4,403.49,1779.21,0 20 57 81 89 156 157 104 186 176 38 195 7 58 34 29 131 185 27 44 128 80 71 14 146 32 167 42 100 79 141 138 98 28 173 66 85 125 135 0,89 131
PFG_MOEA,87,5,403.49,1779.21,0 16 139 198 95 182 191 48 165 187 18 39 54 72 70 164 150 200 21 96 197 43 194 174 76 116 106 92 126 133 91 74 154 103 188 171 181 192 40 63 117 140 110 101 68 15 123 175 122 46 51 107 134 19 8 55 0,21 198
PFG_MOEA,87,6,403.49,1779.21,0 60 78 193 163 13 62 177 65 130 161 170 143 145 82 33 178 160 83 99 59 108 166 73 26 114 179 113 37 121 148 129 93 25 4 111 56 132 64 50 17 0,56
PFG_MOEA,88,1,547.48,1749.89,0 151 0,
PFG_MOEA,88,2,547.48,1749.89,0 50 17 169 124 137 11 88 61 67 155 23 10 162 22 142 119 41 183 53 87 69 127 90 172 158 168 190 35 118 120 31 30 115 144 184 12 136 149 0,50 87 155
PFG_MOEA,88,3,547.48,1749.89,0 196 6 105 52 112 189 100 81 57 20 152 45 75 24 147 77 153 94 109 1 3 84 86 47 199 0,1
PFG_MOEA,88,4,547.48,1749.89,0 159 2 97 85 66 98 138 141 79 167 32 146 14 71 80 128 44 27 185 131 29 34 58 195 7 38 176 186 104 157 156 89 42 28 173 125 135 102 36 0,89
PFG_MOEA,88,5,547.48,1749.89,0 60 78 193 13 163 64 132 56 111 4 25 93 129 148 121 37 113 179 114 26 73 166 108 59 99 83 160 178 33 82 145 143 170 161 130 65 177 62 55 8 19 134 123 175 122 16 139 198 15 68 101 117 63 40 192 181 171 188 103 154 74 91 133 126 92 106 116 76 174 194 43 197 96 21 200 150 164 70 72 54 39 18 187 165 140 110 191 48 182 95 5 49 9 180 0,5 63 68
PFG_MOEA,88,6,547.48,1749.89,0 51 107 46 0,
PFG_MOEA,89,1,321.43,1884.2,0 196 6 199 77 94 109 1 184 115 30 31 120 118 35 190 168 158 172 90 127 69 87 53 183 41 119 142 22 162 10 23 155 67 88 137 11 151 169 124 61 144 0,
PFG_MOEA,89,2,321.43,1884.2,0 12 136 149 3 84 86 47 153 147 24 75 45 152 105 189 112 97 52 2 159 102 36 5 49 9 180 0,97
PFG_MOEA,89,3,321.43,1884.2,0 20 57 81 0,
PFG_MOEA,89,4,321.43,1884.2,0 135 125 89 156 157 104 186 176 38 195 7 58 34 29 131 185 27 44 128 80 71 14 146 32 167 42 100 79 141 138 98 28 173 66 85 72 54 39 18 187 165 48 191 182 95 198 139 16 0,89 185
PFG_MOEA,89,5,321.43,1884.2,0 70 164 150 200 21 96 197 43 194 174 76 116 106 92 126 133 91 74 154 103 188 171 181 192 40 63 117 140 110 101 68 15 123 175 122 46 51 107 134 19 0,21
PFG_MOEA,89,6,321.43,1884.2,0 60 50 64 78 193 163 13 8 55 62 177 65 130 161 170 143 145 82 33 178 160 83 99 59 108 166 73 26 114 179 113 37 121 148 129 93 25 4 111 56 132 17 0,
PFG_MOEA,90,1,363.45,1848.54,0 56 111 151 11 137 124 169 88 61 67 155 23 10 162 22 142 119 41 183 53 87 69 127 90 172 158 168 190 35 118 120 31 30 115 144 184 0,137
PFG_MOEA,90,2,363.45,1848.54,0 196 6 105 52 112 189 89 156 157 104 186 176 38 7 195 58 34 29 131 185 27 44 128 80 71 14 146 32 167 42 100 81 57 20 152 45 75 24 147 77 153 94 109 1 12 136 149 3 84 86 47 199 0,185
PFG_MOEA,90,3,363.45,1848.54,0 135 173 28 141 79 138 98 125 0,
PFG_MOEA,90,4,363.45,1848.54,0 159 2 97 85 66 102 36 5 49 0,
PFG_MOEA,90,5,363.45,1848.54,0 180 9 95 182 48 191 110 140 165 187 18 39 54 72 70 164 150 200 21 96 197 43 194 174 76 116 106 92 126 133 91 74 154 103 188 171 181 192 40 63 117 101 68 15 123 175 122 139 198 16 25 4 13 163 193 78 60 0,40 188
PFG_MOEA,90,6,363.45,1848.54,0 46 51 107 134 19 8 55 62 177 65 130 161 170 143 145 82 33 178 160 83 99 59 108 166 73 26 114 179 113 37 121 148 129 93 132 64 50 17 0,46
PFG_MOEA,91,1,261.55,2016.67,0 56 111 169 124 88 155 10 162 31 30 120 118 35 190 168 158 172 90 127 69 87 53 183 41 119 142 22 23 67 61 137 11 151 0,56 124
PFG_MOEA,91,2,261.55,2016.67,0 144 115 184 89 156 157 104 186 176 38 7 195 58 34 29 131 185 27 44 128 80 71 14 146 32 167 42 100 81 189 112 52 105 6 196 0,185
PFG_MOEA,91,3,261.55,2016.67,0 199 94 109 1 12 136 149 3 84 86 47 153 77 147 75 24 45 152 20 57 28 141 79 138 98 173 125 135 66 85 97 2 159 102 0,199
PFG_MOEA,91,4,261.55,2016.67,0 180 9 49 36 5 70 72 54 164 21 96 197 43 76 116 106 92 126 174 194 200 150 39 18 187 165 140 110 191 48 182 95 0,
PFG_MOEA,91,5,261.55,2016.67,0 16 139 198 117 63 181 171 192 40 74 91 133 154 103 188 101 68 15 123 175 25 129 148 93 4 13 163 193 78 60 0,63 188
PFG_MOEA,91,6,261.55,2016.67,0 46 122 51 107 134 19 8 55 62 177 65 130 161 170 143 145 82 33 178 160 83 99 59 108 166 73 26 114 179 113 37 121 132 64 50 17 0,46
PFG_MOEA,92,1,372.87,1829.64,0 199 47 86 84 3 149 136 12 1 109 94 153 77 147 24 75 45 152 20 57 28 42 100 173 98 138 141 79 167 32 146 14 71 80 128 44 27 185 131 29 34 58 195 7 38 176 186 104 157 156 89 81 135 125 189 112 52 159 0,
PFG_MOEA,92,2,372.87,1829.64,0 2 97 85 66 102 36 5 0,
PFG_MOEA,92,3,372.87,1829.64,0 180 9 49 95 182 48 191 110 140 165 187 18 39 54 72 70 164 150 200 21 96 197 43 194 174 76 116 106 92 126 133 91 74 154 103 188 171 181 192 40 63 117 101 68 15 123 175 122 139 198 16 0,40
PFG_MOEA,92,4,372.87,1829.64,0 60 78 193 13 64 50 17 132 4 8 55 62 177 65 130 161 170 143 145 82 33 178 160 83 99 59 108 166 73 26 114 179 113 37 121 148 129 93 25 19 134 107 51 46 0,
PFG_MOEA,92,5,372.87,1829.64,0 163 56 111 151 11 137 88 22 142 119 41 183 53 87 69 127 90 172 158 168 190 35 118 120 31 162 10 23 155 67 61 124 169 0,
PFG_MOEA,92,6,372.87,1829.64,0 144 115 30 184 105 6 196 0,105
PFG_MOEA,93,1,403.49,1779.21,0 196 6 77 0,
PFG_MOEA,93,2,403.49,1779.21,0 199 94 109 1 144 61 124 169 151 11 137 88 67 155 23 10 162 22 142 119 41 183 53 87 69 127 90 172 158 168 190 35 118 120 31 30 115 184 12 136 149 3 84 86 47 153 147 24 75 45 152 105 189 112 52 2 159 102 36 5 49 9 180 0,
PFG_MOEA,93,3,403.49,1779.21,0 97 0,
PFG_MOEA,93,4,403.49,1779.21,0 20 57 81 89 156 157 104 186 176 38 195 7 58 34 29 131 185 27 44 128 80 71 14 146 32 167 42 100 79 141 138 98 28 173 66 85 125 135 0,89 131
PFG_MOEA,93,5,403.49,1779.21,0 16 139 198 95 182 191 48 165 187 18 39 54 72 70 164 150 200 21 96 197 43 194 174 76 116 106 92 126 133 91 74 154 103 188 171 181 192 40 63 117 140 110 101 68 15 123 175 122 46 51 107 134 19 8 55 0,21 198
PFG_MOEA,93,6,403.49,1779.21,0 60 78 193 163 13 62 177 65 130 161 170 143 145 82 33 178 160 83 99 59 108 166 73 26 114 179 113 37 121 148 129 93 25 4 111 56 132 64 50 17 0,56
PFG_MOEA,94,1,547.48,1749.89,0 151 0,
PFG_MOEA,94,2,547.48,1749.89,0 50 17 169 124 137 11 88 61 67 155 23 10 162 22 142 119 41 183 53 87 69 127 90 172 158 168 190 35 118 120 31 30 115 144 184 12 136 149 0,50 87 155
PFG_MOEA,94,3,547.48,1749.89,0 196 6 105 52 112 189 100 81 57 20 152 45 75 24 147 77 153 94 109 1 3 84 86 47 199 0,1
PFG_MOEA,94,4,547.48,1749.89,0 159 2 97 85 66 98 138 141 79 167 32 146 14 71 80 128 44 27 185 131 29 34 58 195 7 38 176 186 104 157 156 89 42 28 173 125 135 102 36 0,89
PFG_MOEA,94,5,547.48,1749.89,0 60 78 193 13 163 64 132 56 111 4 25 93 129 148 121 37 113 179 114 26 73 166 108 59 99 83 160 178 33 82 145 143 170 161 130 65 177 62 55 8 19 134 123 175 122 16 139 198 15 68 101 117 63 40 192 181 171 188 103 154 74 91 133 126 92 106 116 76 174 194 43 197 96 21 200 150 164 70 72 54 39 18 187 165 140 110 191 48 182 95 5 49 9 180 0,5 63 68
PFG_MOEA,94,6,547.48,1749.89,0 51 107 46 0,
PFG_MOEA,95,1,321.43,1884.2,0 196 6 199 77 94 109 1 184 115 30 31 120 118 35 190 168 158 172 90 127 69 87 53 183 41 119 142 22 162 10 23 155 67 88 137 11 151 169 124 61 144 0,
PFG_MOEA,95,2,321.43,1884.2,0 12 136 149 3 84 86 47 153 147 24 75 45 152 105 189 112 97 52 2 159 102 36 5 49 9 180 0,97
PFG_MOEA,95,3,321.43,1884.2,0 20 57 81 0,
PFG_MOEA,95,4,321.43,1884.2,0 135 125 89 156 157 104 186 176 38 195 7 58 34 29 131 185 27 44 128 80 71 14 146 32 167 42 100 79 141 138 98 28 173 66 85 72 54 39 18 187 165 48 191 182 95 198 139 16 0,89 185
PFG_MOEA,95,5,321.43,1884.2,0 70 164 150 200 21 96 197 43 194 174 76 116 106 92 126 133 91 74 154 103 188 171 181 192 40 63 117 140 110 101 68 15 123 175 122 46 51 107 134 19 0,21
PFG_MOEA,95,6,321.43,1884.2,0 60 50 64 78 193 163 13 8 55 62 177 65 130 161 170 143 145 82 33 178 160 83 99 59 108 166 73 26 114 179 113 37 121 148 129 93 25 4 111 56 132 17 0,
PFG_MOEA,96,1,363.45,1848.54,0 56 111 151 11 137 124 169 88 61 67 155 23 10 162 22 142 119 41 183 53 87 69 127 90 172 158 168 190 35 118 120 31 30 115 144 184 0,137
PFG_MOEA,96,2,363.45,1848.54,0 196 6 105 52 112 189 89 156 157 104 186 176 38 7 195 58 34 29 131 185 27 44 128 80 71 14 146 32 167 42 100 81 57 20 152 45 75 24 147 77 153 94 109 1 12 136 149 3 84 86 47 199 0,185
PFG_MOEA,96,3,363.45,1848.54,0 135 173 28 141 79 138 98 125 0,
PFG_MOEA,96,4,363.45,1848.54,0 159 2 97 85 66 102 36 5 49 0,
PFG_MOEA,96,5,363.45,1848.54,0 180 9 95 182 48 191 110 140 165 187 18 39 54 72 70 164 150 200 21 96 197 43 194 174 76 116 106 92 126 133 91 74 154 103 188 171 181 192 40 63 117 101 68 15 123 175 122 139 198 16 25 4 13 163 193 78 60 0,40 188
PFG_MOEA,96,6,363.45,1848.54,0 46 51 107 134 19 8 55 62 177 65 130 161 170 143 145 82 33 178 160 83 99 59 108 166 73 26 114 179 113 37 121 148 129 93 132 64 50 17 0,46
PFG_MOEA,97,1,261.55,2016.67,0 56 111 169 124 88 155 10 162 31 30 120 118 35 190 168 158 172 90 127 69 87 53 183 41 119 142 22 23 67 61 137 11 151 0,56 124
PFG_MOEA,97,2,261.55,2016.67,0 144 115 184 89 156 157 104 186 176 38 7 195 58 34 29 131 185 27 44 128 80 71 14 146 32 167 42 100 81 189 112 52 105 6 196 0,185
PFG_MOEA,97,3,261.55,2016.67,0 199 94 109 1 12 136 149 3 84 86 47 153 77 147 75 24 45 152 20 57 28 141 79 138 98 173 125 135 66 85 97 2 159 102 0,199
PFG_MOEA,97,4,261.55,2016.67,0 180 9 49 36 5 70 72 54 164 21 96 197 43 76 116 106 92 126 174 194 200 150 39 18 187 165 140 110 191 48 182 95 0,
PFG_MOEA,97,5,261.55,2016.67,0 16 139 198 117 63 181 171 192 40 74 91 133 154 103 188 101 68 15 123 175 25 129 148 93 4 13 163 193 78 60 0,63 188
PFG_MOEA,97,6,261.55,2016.67,0 46 122 51 107 134 19 8 55 62 177 65 130 161 170 143 145 82 33 178 160 83 99 59 108 166 73 26 114 179 113 37 121 132 64 50 17 0,46
PFG_MOEA,98,1,372.87,1829.64,0 199 47 86 84 3 149 136 12 1 109 94 153 77 147 24 75 45 152 20 57 28 42 100 173 98 138 141 79 167 32 146 14 71 80 128 44 27 185 131 29 34 58 195 7 38 176 186 104 157 156 89 81 135 125 189 112 52 159 0,
PFG_MOEA,98,2,372.87,1829.64,0 2 97 85 66 102 36 5 0,
PFG_MOEA,98,3,372.87,1829.64,0 180 9 49 95 182 48 191 110 140 165 187 18 39 54 72 70 164 150 200 21 96 197 43 194 174 76 116 106 92 126 133 91 74 154 103 188 171 181 192 40 63 117 101 68 15 123 175 122 139 198 16 0,40
PFG_MOEA,98,4,372.87,1829.64,0 60 78 193 13 64 50 17 132 4 8 55 62 177 65 130 161 170 143 145 82 33 178 160 83 99 59 108 166 73 26 114 179 113 37 121 148 129 93 25 19 134 107 51 46 0,
PFG_MOEA,98,5,372.87,1829.64,0 163 56 111 151 11 137 88 22 142 119 41 183 53 87 69 127 90 172 158 168 190 35 118 120 31 162 10 23 155 67 61 124 169 0,
PFG_MOEA,98,6,372.87,1829.64,0 144 115 30 184 105 6 196 0,105
PFG_MOEA,99,1,403.49,1779.21,0 196 6 77 0,
PFG_MOEA,99,2,403.49,1779.21,0 199 94 109 1 144 61 124 169 151 11 137 88 67 155 23 10 162 22 142 119 41 183 53 87 69 127 90 172 158 168 190 35 118 120 31 30 115 184 12 136 149 3 84 86 47 153 147 24 75 45 152 105 189 112 52 2 159 102 36 5 49 9 180 0,
PFG_MOEA,99,3,403.49,1779.21,0 97 0,
PFG_MOEA,99,4,403.49,1779.21,0 20 57 81 89 156 157 104 186 176 38 195 7 58 34 29 131 185 27 44 128 80 71 14 146 32 167 42 100 79 141 138 98 28 173 66 85 125 135 0,89 131
PFG_MOEA,99,5,403.49,1779.21,0 16 139 198 95 182 191 48 165 187 18 39 54 72 70 164 150 200 21 96 197 43 194 174 76 116 106 92 126 133 91 74 154 103 188 171 181 192 40 63 117 140 110 101 68 15 123 175 122 46 51 107 134 19 8 55 0,21 198
PFG_MOEA,99,6,403.49,1779.21,0 60 78 193 163 13 62 177 65 130 161 170 143 145 82 33 178 160 83 99 59 108 166 73 26 114 179 113 37 121 148 129 93 25 4 111 56 132 64 50 17 0,56
PFG_MOEA,100,1,547.48,1749.89,0 151 0,
PFG_MOEA,100,2,547.48,1749.89,0 50 17 169 124 137 11 88 61 67 155 23 10 162 22 142 119 41 183 53 87 69 127 90 172 158 168 190 35 118 120 31 30 115 144 184 12 136 149 0,50 87 155
PFG_MOEA,100,3,547.48,1749.89,0 196 6 105 52 112 189 100 81 57 20 152 45 75 24 147 77 153 94 109 1 3 84 86 47 199 0,1
PFG_MOEA,100,4,547.48,1749.89,0 159 2 97 85 66 98 138 141 79 167 32 146 14 71 80 128 44 27 185 131 29 34 58 195 7 38 176 186 104 157 156 89 42 28 173 125 135 102 36 0,89
PFG_MOEA,100,5,547.48,1749.89,0 60 78 193 13 163 64 132 56 111 4 25 93 129 148 121 37 113 179 114 26 73 166 108 59 99 83 160 178 33 82 145 143 170 161 130 65 177 62 55 8 19 134 123 175 122 16 139 198 15 68 101 117 63 40 192 181 171 188 103 154 74 91 133 126 92 106 116 76 174 194 43 197 96 21 200 150 164 70 72 54 39 18 187 165 140 110 191 48 182 95 5 49 9 180 0,5 63 68
PFG_MOEA,100,6,547.48,1749.89,0 51 107 46 0,
PFG_MOEA,101,1,321.43,1884.2,0 196 6 199 77 94 109 1 184 115 30 31 120 118 35 190 168 158 172 90 127 69 87 53 183 41 119 142 22 162 10 23 155 67 88 137 11 151 169 124 61 144 0,
PFG_MOEA,101,2,321.43,1884.2,0 12 136 149 3 84 86 47 153 147 24 75 45 152 105 189 112 97 52 2 159 102 36 5 49 9 180 0,97
PFG_MOEA,101,3,321.43,1884.2,0 20 57 81 0,
PFG_MOEA,101,4,321.43,1884.2,0 135 125 89 156 157 104 186 176 38 195 7 58 34 29 131 185 27 44 128 80 71 14 146 32 167 42 100 79 141 138 98 28 173 66 85 72 54 39 18 187 165 48 191 182 95 198 139 16 0,89 185
PFG_MOEA,101,5,321.43,1884.2,0 70 164 150 200 21 96 197 43 194 174 76 116 106 92 126 133 91 74 154 103 188 171 181 192 40 63 117 140 110 101 68 15 123 175 122 46 51 107 134 19 0,21
PFG_MOEA,101,6,321.43,1884.2,0 60 50 64 78 193 163 13 8 55 62 177 65 130 161 170 143 145 82 33 178 160 83 99 59 108 166 73 26 114 179 113 37 121 148 129 93 25 4 111 56 132 17 0,
PFG_MOEA,102,1,363.45,1848.54,0 56 111 151 11 137 124 169 88 61 67 155 23 10 162 22 142 119 41 183 53 87 69 127 90 172 158 168 190 35 118 120 31 30 115 144 184 0,137
PFG_MOEA,102,2,363.45,1848.54,0 196 6 105 52 112 189 89 156 157 104 186 176 38 7 195 58 34 29 131 185 27 44 128 80 71 14 146 32 167 42 100 81 57 20 152 45 75 24 147 77 153 94 109 1 12 136 149 3 84 86 47 199 0,185
PFG_MOEA,102,3,363.45,1848.54,0 135 173 28 141 79 138 98 125 0,
PFG_MOEA,102,4,363.45,1848.54,0 159 2 97 85 66 102 36 5 49 0,
PFG_MOEA,102,5,363.45,1848.54,0 180 9 95 182 48 191 110 140 165 187 18 39 54 72 70 164 150 200 21 96 197 43 194 174 76 116 106 92 126 133 91 74 154 103 188 171 181 192 40 63 117 101 68 15 123 175 122 139 198 16 25 4 13 163 193 78 60 0,40 188
PFG_MOEA,102,6,363.45,1848.54,0 46 51 107 134 19 8 55 62 177 65 130 161 170 143 145 82 33 178 160 83 99 59 108 166 73 26 114 179 113 37 121 148 129 93 132 64 50 17 0,46
PFG_MOEA,103,1,261.55,2016.67,0 56 111 169 124 88 155 10 162 31 30 120 118 35 190 168 158 172 90 127 69 87 53 183 41 119 142 22 23 67 61 137 11 151 0,56 124
PFG_MOEA,103,2,261.55,2016.67,0 144 115 184 89 156 157 104 186 176 38 7 195 58 34 29 131 185 27 44 128 80 71 14 146 32 167 42 100 81 189 112 52 105 6 196 0,185
PFG_MOEA,103,3,261.55,2016.67,0 199 94 109 1 12 136 149 3 84 86 47 153 77 147 75 24 45 152 20 57 28 141 79 138 98 173 125 135 66 85 97 2 159 102 0,199
PFG_MOEA,103,4,261.55,2016.67,0 180 9 49 36 5 70 72 54 164 21 96 197 43 76 116 106 92 126 174 194 200 150 39 18 187 165 140 110 191 48 182 95 0,
PFG_MOEA,103,5,261.55,2016.67,0 16 139 198 117 63 181 171 192 40 74 91 133 154 103 188 101 68 15 123 175 25 129 148 93 4 13 163 193 78 60 0,63 188
PFG_MOEA,103,6,261.55,2016.67,0 46 122 51 107 134 19 8 55 62 177 65 130 161 170 143 145 82 33 178 160 83 99 59 108 166 73 26 114 179 113 37 121 132 64 50 17 0,46
PFG_MOEA,104,1,372.87,1829.64,0 199 47 86 84 3 149 136 12 1 109 94 153 77 147 24 75 45 152 20 57 28 42 100 173 98 138 141 79 167 32 146 14 71 80 128 44 27 185 131 29 34 58 195 7 38 176 186 104 157 156 89 81 135 125 189 112 52 159 0,
PFG_MOEA,104,2,372.87,1829.64,0 2 97 85 66 102 36 5 0,
PFG_MOEA,104,3,372.87,1829.64,0 180 9 49 95 182 48 191 110 140 165 187 18 39 54 72 70 164 150 200 21 96 197 43 194 174 76 116 106 92 126 133 91 74 154 103 188 171 181 192 40 63 117 101 68 15 123 175 122 139 198 16 0,40
PFG_MOEA,104,4,372.87,1829.64,0 60 78 193 13 64 50 17 132 4 8 55 62 177 65 130 161 170 143 145 82 33 178 160 83 99 59 108 166 73 26 114 179 113 37 121 148 129 93 25 19 134 107 51 46 0,
PFG_MOEA,104,5,372.87,1829.64,0 163 56 111 151 11 137 88 22 142 119 41 183 53 87 69 127 90 172 158 168 190 35 118 120 31 162 10 23 155 67 61 124 169 0,
PFG_MOEA,104,6,372.87,1829.64,0 144 115 30 184 105 6 196 0,105
PFG_MOEA,105,1,403.49,1779.21,0 196 6 77 0,
PFG_MOEA,105,2,403.49,1779.21,0 199 94 109 1 144 61 124 169 151 11 137 88 67 155 23 10 162 22 142 119 41 183 53 87 69 127 90 172 158 168 190 35 118 120 31 30 115 184 12 136 149 3 84 86 47 153 147 24 75 45 152 105 189 112 52 2 159 102 36 5 49 9 180 0,
PFG_MOEA,105,3,403.49,1779.21,0 97 0,
PFG_MOEA,105,4,403.49,1779.21,0 20 57 81 89 156 157 104 186 176 38 195 7 58 34 29 131 185 27 44 128 80 71 14 146 32 167 42 100 79 141 138 98 28 173 66 85 125 135 0,89 131
PFG_MOEA,105,5,403.49,1779.21,0 16 139 198 95 182 191 48 165 187 18 39 54 72 70 164 150 200 21 96 197 43 194 174 76 116 106 92 126 133 91 74 154 103 188 171 181 192 40 63 117 140 110 101 68 15 123 175 122 46 51 107 134 19 8 55 0,21 198
PFG_MOEA,105,6,403.49,1779.21,0 60 78 193 163 13 62 177 65 130 161 170 143 145 82 33 178 160 83 99 59 108 166 73 26 114 179 113 37 121 148 129 93 25 4 111 56 132 64 50 17 0,56
PFG_MOEA,106,1,547.48,1749.89,0 151 0,
PFG_MOEA,106,2,547.48,1749.89,0 50 17 169 124 137 11 88 61 67 155 23 10 162 22 142 119 41 183 53 87 69 127 90 172 158 168 190 35 118 120 31 30 115 144 184 12 136 149 0,50 87 155
PFG_MOEA,106,3,547.48,1749.89,0 196 6 105 52 112 189 100 81 57 20 152 45 75 24 147 77 153 94 109 1 3 84 86 47 199 0,1
PFG_MOEA,106,4,547.48,1749.89,0 159 2 97 85 66 98 138 141 79 167 32 146 14 71 80 128 44 27 185 131 29 34 58 195 7 38 176 186 104 157 156 89 42 28 173 125 135 102 36 0,89
PFG_MOEA,106,5,547.48,1749.89,0 60 78 193 13 163 64 132 56 111 4 25 93 129 148 121 37 113 179 114 26 73 166 108 59 99 83 160 178 33 82 145 143 170 161 130 65 177 62 55 8 19 134 123 175 122 16 139 198 15 68 101 117 63 40 192 181 171 188 103 154 74 91 133 126 92 106 116 76 174 194 43 197 96 21 200 150 164 70 72 54 39 18 187 165 140 110 191 48 182 95 5 49 9 180 0,5 63 68
PFG_MOEA,106,6,547.48,1749.89,0 51 107 46 0,
PFG_MOEA,107,1,321.43,1884.2,0 196 6 199 77 94 109 1 184 115 30 31 120 118 35 190 168 158 172 90 127 69 87 53 183 41 119 142 22 162 10 23 155 67 88 137 11 151 169 124 61 144 0,
PFG_MOEA,107,2,321.43,1884.2,0 12 136 149 3 84 86 47 153 147 24 75 45 152 105 189 112 97 52 2 159 102 36 5 49 9 180 0,97
PFG_MOEA,107,3,321.43,1884.2,0 20 57 81 0,
PFG_MOEA,107,4,321.43,1884.2,0 135 125 89 156 157 104 186 176 38 195 7 58 34 29 131 185 27 44 128 80 71 14 146 32 167 42 100 79 141 138 98 28 173 66 85 72 54 39 18 187 165 48 191 182 95 198 139 16 0,89 185
PFG_MOEA,107,5,321.43,1884.2,0 70 164 150 200 21 96 197 43 194 174 76 116 106 92 126 133 91 74 154 103 188 171 181 192 40 63 117 140 110 101 68 15 123 175 122 46 51 107 134 19 0,21
PFG_MOEA,107,6,321.43,1884.2,0 60 50 64 78 193 163 13 8 55 62 177 65 130 161 170 143 145 82 33 178 160 83 99 59 108 166 73 26 114 179 113 37 121 148 129 93 25 4 111 56 132 17 0,
PFG_MOEA,108,1,363.45,1848.54,0 56 111 151 11 137 124 169 88 61 67 155 23 10 162 22 142 119 41 183 53 87 69 127 90 172 158 168 190 35 118 120 31 30 115 144 184 0,137
PFG_MOEA,108,2,363.45,1848.54,0 196 6 105 52 112 189 89 156 157 104 186 176 38 7 195 58 34 29 131 185 27 44 128 80 71 14 146 32 167 42 100 81 57 20 152 45 75 24 147 77 153 94 109 1 12 136 149 3 84 86 47 199 0,185
PFG_MOEA,108,3,363.45,1848.54,0 135 173 28 141 79 138 98 125 0,
PFG_MOEA,108,4,363.45,1848.54,0 159 2 97 85 66 102 36 5 49 0,
PFG_MOEA,108,5,363.45,1848.54,0 180 9 95 182 48 191 110 140 165 187 18 39 54 72 70 164 150 200 21 96 197 43 194 174 76 116 106 92 126 133 91 74 154 103 188 171 181 192 40 63 117 101 68 15 123 175 122 139 198 16 25 4 13 163 193 78 60 0,40 188
PFG_MOEA,108,6,363.45,1848.54,0 46 51 107 134 19 8 55 62 177 65 130 161 170 143 145 82 33 178 160 83 99 59 108 166 73 26 114 179 113 37 121 148 129 93 132 64 50 17 0,46
PFG_MOEA,109,1,261.55,2016.67,0 56 111 169 124 88 155 10 162 31 30 120 118 35 190 168 158 172 90 127 69 87 53 183 41 119 142 22 23 67 61 137 11 151 0,56 124
PFG_MOEA,109,2,261.55,2016.67,0 144 115 184 89 156 157 104 186 176 38 7 195 58 34 29 131 185 27 44 128 80 71 14 146 32 167 42 100 81 189 112 52 105 6 196 0,185
PFG_MOEA,109,3,261.55,2016.67,0 199 94 109 1 12 136 149 3 84 86 47 153 77 147 75 24 45 152 20 57 28 141 79 138 98 173 125 135 66 85 97 2 159 102 0,199
PFG_MOEA,109,4,261.55,2016.67,0 180 9 49 36 5 70 72 54 164 21 96 197 43 76 116 106 92 126 174 194 200 150 39 18 187 165 140 110 191 48 182 95 0,
PFG_MOEA,109,5,261.55,2016.67,0 16 139 198 117 63 181 171 192 40 74 91 133 154 103 188 101 68 15 123 175 25 129 148 93 4 13 163 193 78 60 0,63 188
PFG_MOEA,109,6,261.55,2016.67,0 46 122 51 107 134 19 8 55 62 177 65 130 161 170 143 145 82 33 178 160 83 99 59 108 166 73 26 114 179 113 37 121 132 64 50 17 0,46
PFG_MOEA,110,1,372.87,1829.64,0 199 47 86 84 3 149 136 12 1 109 94 153 77 147 24 75 45 152 20 57 28 42 100 173 98 138 141 79 167 32 146 14 71 80 128 44 27 185 131 29 34 58 195 7 38 176 186 104 157 156 89 81 135 125 189 112 52 159 0,
PFG_MOEA,110,2,372.87,1829.64,0 2 97 85 66 102 36 5 0,
PFG_MOEA,110,3,372.87,1829.64,0 180 9 49 95 182 48 191 110 140 165 187 18 39 54 72 70 164 150 200 21 96 197 43 194 174 76 116 106 92 126 133 91 74 154 103 188 171 181 192 40 63 117 101 68 15 123 175 122 139 198 16 0,40
PFG_MOEA,110,4,372.87,1829.64,0 60 78 193 13 64 50 17 132 4 8 55 62 177 65 130 161 170 143 145 82 33 178 160 83 99 59 108 166 73 26 114 179 113 37 121 148 129 93 25 19 134 107 51 46 0,
PFG_MOEA,110,5,372.87,1829.64,0 163 56 111 151 11 137 88 22 142 119 41 183 53 87 69 127 90 172 158 168 190 35 118 120 31 162 10 23 155 67 61 124 169 0,
PFG_MOEA,110,6,372.87,1829.64,0 144 115 30 184 105 6 196 0,105
PFG_MOEA,111,1,343.52,1869.54,0 184 144 115 120 118 35 190 168 158 172 90 127 69 87 53 183 41 119 30 31 162 142 22 10 23 155 67 61 88 137 11 151 0,
PFG_MOEA,111,2,343.52,1869.54,0 189 81 89 156 157 104 186 176 38 7 195 58 34 29 131 185 27 44 128 80 71 14 146 32 167 42 100 112 0,
PFG_MOEA,111,3,343.52,1869.54,0 94 109 1 12 136 149 3 84 86 47 153 77 147 75 24 45 199 196 6 52 105 152 20 57 28 141 79 138 98 173 125 135 66 85 97 2 159 102 49 9 180 0,173
PFG_MOEA,111,4,343.52,1869.54,0 36 5 0,
PFG_MOEA,111,5,343.52,1869.54,0 17 50 16 139 198 191 117 63 192 181 171 188 103 154 40 74 91 133 194 174 126 92 106 116 76 43 197 96 72 54 70 164 21 200 150 39 18 187 165 48 182 95 0,21 188 198
PFG_MOEA,111,6,343.52,1869.54,0 140 110 101 68 15 123 175 122 46 51 107 134 19 8 55 62 177 65 130 161 170 143 145 82 33 178 160 83 99 59 108 166 73 26 114 179 113 37 121 148 129 93 25 124 169 4 111 56 13 132 163 193 78 64 60 0,46 56 68 179
PFG_MOEA,112,1,403.49,1779.21,0 196 6 77 0,
PFG_MOEA,112,2,403.49,1779.21,0 199 94 109 1 144 61 124 169 151 11 137 88 67 155 23 10 162 22 142 119 41 183 53 87 69 127 90 172 158 168 190 35 118 120 31 30 115 184 12 136 149 3 84 86 47 153 147 24 75 45 152 105 189 112 52 2 159 102 36 5 49 9 180 0,
PFG_MOEA,112,3,403.49,1779.21,0 97 0,
PFG_MOEA,112,4,403.49,1779.21,0 20 57 81 89 156 157 104 186 176 38 195 7 58 34 29 131 185 27 44 128 80 71 14 146 32 167 42 100 79 141 138 98 28 173 66 85 125 135 0,89 131
PFG_MOEA,112,5,403.49,1779.21,0 16 139 198 95 182 191 48 165 187 18 39 54 72 70 164 150 200 21 96 197 43 194 174 76 116 106 92 126 133 91 74 154 103 188 171 181 192 40 63 117 140 110 101 68 15 123 175 122 46 51 107 134 19 8 55 0,21 198
PFG_MOEA,112,6,403.49,1779.21,0 60 78 193 163 13 62 177 65 130 161 170 143 145 82 33 178 160 83 99 59 108 166 73 26 114 179 113 37 121 148 129 93 25 4 111 56 132 64 50 17 0,56
PFG_MOEA,113,1,547.48,1749.89,0 151 0,
PFG_MOEA,113,2,547.48,1749.89,0 50 17 169 124 137 11 88 61 67 155 23 10 162 22 142 119 41 183 53 87 69 127 90 172 158 168 190 35 118 120 31 30 115 144 184 12 136 149 0,50 87 155
PFG_MOEA,113,3,547.48,1749.89,0 196 6 105 52 112 189 100 81 57 20 152 45 75 24 147 77 153 94 109 1 3 84 86 47 199 0,1
PFG_MOEA,113,4,547.48,1749.89,0 159 2 97 85 66 98 138 141 79 167 32 146 14 71 80 128 44 27 185 131 29 34 58 195 7 38 176 186 104 157 156 89 42 28 173 125 135 102 36 0,89
PFG_MOEA,113,5,547.48,1749.89,0 60 78 193 13 163 64 132 56 111 4 25 93 129 148 121 37 113 179 114 26 73 166 108 59 99 83 160 178 33 82 145 143 170 161 130 65 177 62 55 8 19 134 123 175 122 16 139 198 15 68 101 117 63 40 192 181 171 188 103 154 74 91 133 126 92 106 116 76 174 194 43 197 96 21 200 150 164 70 72 54 39 18 187 165 140 110 191 48 182 95 5 49 9 180 0,5 63 68
PFG_MOEA,113,6,547.48,1749.89,0 51 107 46 0,
PFG_MOEA,114,1,321.43,1884.2,0 196 6 199 77 94 109 1 184 115 30 31 120 118 35 190 168 158 172 90 127 69 87 53 183 41 119 142 22 162 10 23 155 67 88 137 11 151 169 124 61 144 0,
PFG_MOEA,114,2,321.43,1884.2,0 12 136 149 3 84 86 47 153 147 24 75 45 152 105 189 112 97 52 2 159 102 36 5 49 9 180 0,97
PFG_MOEA,114,3,321.43,1884.2,0 20 57 81 0,
PFG_MOEA,114,4,321.43,1884.2,0 135 125 89 156 157 104 186 176 38 195 7 58 34 29 131 185 27 44 128 80 71 14 146 32 167 42 100 79 141 138 98 28 173 66 85 72 54 39 18 187 165 48 191 182 95 198 139 16 0,89 185
PFG_MOEA,114,5,321.43,1884.2,0 70 164 150 200 21 96 197 43 194 174 76 116 106 92 126 133 91 74 154 103 188 171 181 192 40 63 117 140 110 101 68 15 123 175 122 46 51 107 134 19 0,21
PFG_MOEA,114,6,321.43,1884.2,0 60 50 64 78 193 163 13 8 55 62 177 65 130 161 170 143 145 82 33 178 160 83 99 59 108 166 73 26 114 179 113 37 121 148 129 93 25 4 111 56 132 17 0,
PFG_MOEA,115,1,363.45,1848.54,0 56 111 151 11 137 124 169 88 61 67 155 23 10 162 22 142 119 41 183 53 87 69 127 90 172 158 168 190 35 118 120 31 30 115 144 184 0,137
PFG_MOEA,115,2,363.45,1848.54,0 196 6 105 52 112 189 89 156 157 104 186 176 38 7 195 58 34 29 131 185 27 44 128 80 71 14 146 32 167 42 100 81 57 20 152 45 75 24 147 77 153 94 109 1 12 136 149 3 84 86 47 199 0,185
PFG_MOEA,115,3,363.45,1848.54,0 135 173 28 141 79 138 98 125 0,
PFG_MOEA,115,4,363.45,1848.54,0 159 2 97 85 66 102 36 5 49 0,
PFG_MOEA,115,5,363.45,1848.54,0 180 9 95 182 48 191 110 140 165 187 18 39 54 72 70 164 150 200 21 96 197 43 194 174 76 116 106 92 126 133 91 74 154 103 188 171 181 192 40 63 117 101 68 15 123 175 122 139 198 16 25 4 13 163 193 78 60 0,40 188
PFG_MOEA,115,6,363.45,1848.54,0 46 51 107 134 19 8 55 62 177 65 130 161 170 143 145 82 33 178 160 83 99 59 108 166 73 26 114 179 113 37 121 148 129 93 132 64 50 17 0,46
PFG_MOEA,116,1,261.55,2016.67,0 56 111 169 124 88 155 10 162 31 30 120 118 35 190 168 158 172 90 127 69 87 53 183 41 119 142 22 23 67 61 137 11 151 0,56 124
PFG_MOEA,116,2,261.55,2016.67,0 144 115 184 89 156 157 104 186 176 38 7 195 58 34 29 131 185 27 44 128 80 71 14 146 32 167 42 100 81 189 112 52 105 6 196 0,185
PFG_MOEA,116,3,261.55,2016.67,0 199 94 109 1 12 136 149 3 84 86 47 153 77 147 75 24 45 152 20 57 28 141 79 138 98 173 125 135 66 85 97 2 159 102 0,199
PFG_MOEA,116,4,261.55,2016.67,0 180 9 49 36 5 70 72 54 164 21 96 197 43 76 116 106 92 126 174 194 200 150 39 18 187 165 140 110 191 48 182 95 0,
PFG_MOEA,116,5,261.55,2016.67,0 16 139 198 117 63 181 171 192 40 74 91 133 154 103 188 101 68 15 123 175 25 129 148 93 4 13 163 193 78 60 0,63 188
PFG_MOEA,116,6,261.55,2016.67,0 46 122 51 107 134 19 8 55 62 177 65 130 161 170 143 145 82 33 178 160 83 99 59 108 166 73 26 114 179 113 37 121 132 64 50 17 0,46
PFG_MOEA,117,1,372.87,1829.64,0 199 47 86 84 3 149 136 12 1 109 94 153 77 147 24 75 45 152 20 57 28 42 100 173 98 138 141 79 167 32 146 14 71 80 128 44 27 185 131 29 34 58 195 7 38 176 186 104 157 156 89 81 135 125 189 112 52 159 0,
PFG_MOEA,117,2,372.87,1829.64,0 2 97 85 66 102 36 5 0,
PFG_MOEA,117,3,372.87,1829.64,0 180 9 49 95 182 48 191 110 140 165 187 18 39 54 72 70 164 150 200 21 96 197 43 194 174 76 116 106 92 126 133 91 74 154 103 188 171 181 192 40 63 117 101 68 15 123 175 122 139 198 16 0,40
PFG_MOEA,117,4,372.87,1829.64,0 60 78 193 13 64 50 17 132 4 8 55 62 177 65 130 161 170 143 145 82 33 178 160 83 99 59 108 166 73 26 114 179 113 37 121 148 129 93 25 19 134 107 51 46 0,
PFG_MOEA,117,5,372.87,1829.64,0 163 56 111 151 11 137 88 22 142 119 41 183 53 87 69 127 90 172 158 168 190 35 118 120 31 162 10 23 155 67 61 124 169 0,
PFG_MOEA,117,6,372.87,1829.64,0 144 115 30 184 105 6 196 0,105
PFG_MOEA,118,1,343.52,1869.54,0 184 144 115 120 118 35 190 168 158 172 90 127 69 87 53 183 41 119 30 31 162 142 22 10 23 155 67 61 88 137 11 151 0,
PFG_MOEA,118,2,343.52,1869.54,0 189 81 89 156 157 104 186 176 38 7 195 58 34 29 131 185 27 44 128 80 71 14 146 32 167 42 100 112 0,
PFG_MOEA,118,3,343.52,1869.54,0 94 109 1 12 136 149 3 84 86 47 153 77 147 75 24 45 199 196 6 52 105 152 20 57 28 141 79 138 98 173 125 135 66 85 97 2 159 102 49 9 180 0,173
PFG_MOEA,118,4,343.52,1869.54,0 36 5 0,
PFG_MOEA,118,5,343.52,1869.54,0 17 50 16 139 198 191 117 63 192 181 171 188 103 154 40 74 91 133 194 174 126 92 106 116 76 43 197 96 72 54 70 164 21 200 150 39 18 187 165 48 182 95 0,21 188 198
PFG_MOEA,118,6,343.52,1869.54,0 140 110 101 68 15 123 175 122 46 51 107 134 19 8 55 62 177 65 130 161 170 143 145 82 33 178 160 83 99 59 108 166 73 26 114 179 113 37 121 148 129 93 25 124 169 4 111 56 13 132 163 193 78 64 60 0,46 56 68 179
PFG_MOEA,119,1,403.49,1779.21,0 196 6 77 0,
PFG_MOEA,119,2,403.49,1779.21,0 199 94 109 1 144 61 124 169 151 11 137 88 67 155 23 10 162 22 142 119 41 183 53 87 69 127 90 172 158 168 190 35 118 120 31 30 115 184 12 136 149 3 84 86 47 153 147 24 75 45 152 105 189 112 52 2 159 102 36 5 49 9 180 0,
PFG_MOEA,119,3,403.49,1779.21,0 97 0,
PFG_MOEA,119,4,403.49,1779.21,0 20 57 81 89 156 157 104 186 176 38 195 7 58 34 29 131 185 27 44 128 80 71 14 146 32 167 42 100 79 141 138 98 28 173 66 85 125 135 0,89 131
PFG_MOEA,119,5,403.49,1779.21,0 16 139 198 95 182 191 48 165 187 18 39 54 72 70 164 150 200 21 96 197 43 194 174 76 116 106 92 126 133 91 74 154 103 188 171 181 192 40 63 117 140 110 101 68 15 123 175 122 46 51 107 134 19 8 55 0,21 198
PFG_MOEA,119,6,403.49,1779.21,0 60 78 193 163 13 62 177 65 130 161 170 143 145 82 33 178 160 83 99 59 108 166 73 26 114 179 113 37 121 148 129 93 25 4 111 56 132 64 50 17 0,56
PFG_MOEA,120,1,547.48,1749.89,0 151 0,
PFG_MOEA,120,2,547.48,1749.89,0 50 17 169 124 137 11 88 61 67 155 23 10 162 22 142 119 41 183 53 87 69 127 90 172 158 168 190 35 118 120 31 30 115 144 184 12 136 149 0,50 87 155
PFG_MOEA,120,3,547.48,1749.89,0 196 6 105 52 112 189 100 81 57 20 152 45 75 24 147 77 153 94 109 1 3 84 86 47 199 0,1
PFG_MOEA,120,4,547.48,1749.89,0 159 2 97 85 66 98 138 141 79 167 32 146 14 71 80 128 44 27 185 131 29 34 58 195 7 38 176 186 104 157 156 89 42 28 173 125 135 102 36 0,89
PFG_MOEA,120,5,547.48,1749.89,0 60 78 193 13 163 64 132 56 111 4 25 93 129 148 121 37 113 179 114 26 73 166 108 59 99 83 160 178 33 82 145 143 170 161 130 65 177 62 55 8 19 134 123 175 122 16 139 198 15 68 101 117 63 40 192 181 171 188 103 154 74 91 133 126 92 106 116 76 174 194 43 197 96 21 200 150 164 70 72 54 39 18 187 165 140 110 191 48 182 95 5 49 9 180 0,5 63 68
PFG_MOEA,120,6,547.48,1749.89,0 51 107 46 0,
PFG_MOEA,121,1,321.43,1884.2,0 196 6 199 77 94 109 1 184 115 30 31 120 118 35 190 168 158 172 90 127 69 87 53 183 41 119 142 22 162 10 23 155 67 88 137 11 151 169 124 61 144 0,
PFG_MOEA,121,2,321.43,1884.2,0 12 136 149 3 84 86 47 153 147 24 75 45 152 105 189 112 97 52 2 159 102 36 5 49 9 180 0,97
PFG_MOEA,121,3,321.43,1884.2,0 20 57 81 0,
PFG_MOEA,121,4,321.43,1884.2,0 135 125 89 156 157 104 186 176 38 195 7 58 34 29 131 185 27 44 128 80 71 14 146 32 167 42 100 79 141 138 98 28 173 66 85 72 54 39 18 187 165 48 191 182 95 198 139 16 0,89 185
PFG_MOEA,121,5,321.43,1884.2,0 70 164 150 200 21 96 197 43 194 174 76 116 106 92 126 133 91 74 154 103 188 171 181 192 40 63 117 140 110 101 68 15 123 175 122 46 51 107 134 19 0,21
PFG_MOEA,121,6,321.43,1884.2,0 60 50 64 78 193 163 13 8 55 62 177 65 130 161 170 143 145 82 33 178 160 83 99 59 108 166 73 26 114 179 113 37 121 148 129 93 25 4 111 56 132 17 0,
PFG_MOEA,122,1,363.45,1848.54,0 56 111 151 11 137 124 169 88 61 67 155 23 10 162 22 142 119 41 183 53 87 69 127 90 172 158 168 190 35 118 120 31 30 115 144 184 0,137
PFG_MOEA,122,2,363.45,1848.54,0 196 6 105 52 112 189 89 156 157 104 186 176 38 7 195 58 34 29 131 185 27 44 128 80 71 14 146 32 167 42 100 81 57 20 152 45 75 24 147 77 153 94 109 1 12 136 149 3 84 86 47 199 0,185
PFG_MOEA,122,3,363.45,1848.54,0 135 173 28 141 79 138 98 125 0,
PFG_MOEA,122,4,363.45,1848.54,0 159 2 97 85 66 102 36 5 49 0,
PFG_MOEA,122,5,363.45,1848.54,0 180 9 95 182 48 191 110 140 165 187 18 39 54 72 70 164 150 200 21 96 197 43 194 174 76 116 106 92 126 133 91 74 154 103 188 171 181 192 40 63 117 101 68 15 123 175 122 139 198 16 25 4 13 163 193 78 60 0,40 188
PFG_MOEA,122,6,363.45,1848.54,0 46 51 107 134 19 8 55 62 177 65 130 161 170 143 145 82 33 178 160 83 99 59 108 166 73 26 114 179 113 37 121 148 129 93 132 64 50 17 0,46
PFG_MOEA,123,1,261.55,2016.67,0 56 111 169 124 88 155 10 162 31 30 120 118 35 190 168 158 172 90 127 69 87 53 183 41 119 142 22 23 67 61 137 11 151 0,56 124
PFG_MOEA,123,2,261.55,2016.67,0 144 115 184 89 156 157 104 186 176 38 7 195 58 34 29 131 185 27 44 128 80 71 14 146 32 167 42 100 81 189 112 52 105 6 196 0,185
PFG_MOEA,123,3,261.55,2016.67,0 199 94 109 1 12 136 149 3 84 86 47 153 77 147 75 24 45 152 20 57 28 141 79 138 98 173 125 135 66 85 97 2 159 102 0,199
PFG_MOEA,123,4,261.55,2016.67,0 180 9 49 36 5 70 72 54 164 21 96 197 43 76 116 106 92 126 174 194 200 150 39 18 187 165 140 110 191 48 182 95 0,
PFG_MOEA,123,5,261.55,2016.67,0 16 139 198 117 63 181 171 192 40 74 91 133 154 103 188 101 68 15 123 175 25 129 148 93 4 13 163 193 78 60 0,63 188
PFG_MOEA,123,6,261.55,2016.67,0 46 122 51 107 134 19 8 55 62 177 65 130 161 170 143 145 82 33 178 160 83 99 59 108 166 73 26 114 179 113 37 121 132 64 50 17 0,46
PFG_MOEA,124,1,372.87,1829.64,0 199 47 86 84 3 149 136 12 1 109 94 153 77 147 24 75 45 152 20 57 28 42 100 173 98 138 141 79 167 32 146 14 71 80 128 44 27 185 131 29 34 58 195 7 38 176 186 104 157 156 89 81 135 125 189 112 52 159 0,
PFG_MOEA,124,2,372.87,1829.64,0 2 97 85 66 102 36 5 0,
PFG_MOEA,124,3,372.87,1829.64,0 180 9 49 95 182 48 191 110 140 165 187 18 39 54 72 70 164 150 200 21 96 197 43 194 174 76 116 106 92 126 133 91 74 154 103 188 171 181 192 40 63 117 101 68 15 123 175 122 139 198 16 0,40
PFG_MOEA,124,4,372.87,1829.64,0 60 78 193 13 64 50 17 132 4 8 55 62 177 65 130 161 170 143 145 82 33 178 160 83 99 59 108 166 73 26 114 179 113 37 121 148 129 93 25 19 134 107 51 46 0,
PFG_MOEA,124,5,372.87,1829.64,0 163 56 111 151 11 137 88 22 142 119 41 183 53 87 69 127 90 172 158 168 190 35 118 120 31 162 10 23 155 67 61 124 169 0,
PFG_MOEA,124,6,372.87,1829.64,0 144 115 30 184 105 6 196 0,105
PFG_MOEA,125,1,343.52,1869.54,0 184 144 115 120 118 35 190 168 158 172 90 127 69 87 53 183 41 119 30 31 162 142 22 10 23 155 67 61 88 137 11 151 0,
PFG_MOEA,125,2,343.52,1869.54,0 189 81 89 156 157 104 186 176 38 7 195 58 34 29 131 185 27 44 128 80 71 14 146 32 167 42 100 112 0,
PFG_MOEA,125,3,343.52,1869.54,0 94 109 1 12 136 149 3 84 86 47 153 77 147 75 24 45 199 196 6 52 105 152 20 57 28 141 79 138 98 173 125 135 66 85 97 2 159 102 49 9 180 0,173
PFG_MOEA,125,4,343.52,1869.54,0 36 5 0,
PFG_MOEA,125,5,343.52,1869.54,0 17 50 16 139 198 191 117 63 192 181 171 188 103 154 40 74 91 133 194 174 126 92 106 116 76 43 197 96 72 54 70 164 21 200 150 39 18 187 165 48 182 95 0,21 188 198
PFG_MOEA,125,6,343.52,1869.54,0 140 110 101 68 15 123 175 122 46 51 107 134 19 8 55 62 177 65 130 161 170 143 145 82 33 178 160 83 99 59 108 166 73 26 114 179 113 37 121 148 129 93 25 124 169 4 111 56 13 132 163 193 78 64 60 0,46 56 68 179
PFG_MOEA,126,1,403.49,1779.21,0 196 6 77 0,
PFG_MOEA,126,2,403.49,1779.21,0 199 94 109 1 144 61 124 169 151 11 137 88 67 155 23 10 162 22 142 119 41 183 53 87 69 127 90 172 158 168 190 35 118 120 31 30 115 184 12 136 149 3 84 86 47 153 147 24 75 45 152 105 189 112 52 2 159 102 36 5 49 9 180 0,
PFG_MOEA,126,3,403.49,1779.21,0 97 0,
PFG_MOEA,126,4,403.49,1779.21,0 20 57 81 89 156 157 104 186 176 38 195 7 58 34 29 131 185 27 44 128 80 71 14 146 32 167 42 100 79 141 138 98 28 173 66 85 125 135 0,89 131
PFG_MOEA,126,5,403.49,1779.21,0 16 139 198 95 182 191 48 165 187 18 39 54 72 70 164 150 200 21 96 197 43 194 174 76 116 106 92 126 133 91 74 154 103 188 171 181 192 40 63 117 140 110 101 68 15 123 175 122 46 51 107 134 19 8 55 0,21 198
PFG_MOEA,126,6,403.49,1779.21,0 60 78 193 163 13 62 177 65 130 161 170 143 145 82 33 178 160 83 99 59 108 166 73 26 114 179 113 37 121 148 129 93 25 4 111 56 132 64 50 17 0,56
PFG_MOEA,127,1,547.48,1749.89,0 151 0,
PFG_MOEA,127,2,547.48,1749.89,0 50 17 169 124 137 11 88 61 67 155 23 10 162 22 142 119 41 183 53 87 69 127 90 172 158 168 190 35 118 120 31 30 115 144 184 12 136 149 0,50 87 155
PFG_MOEA,127,3,547.48,1749.89,0 196 6 105 52 112 189 100 81 57 20 152 45 75 24 147 77 153 94 109 1 3 84 86 47 199 0,1
PFG_MOEA,127,4,547.48,1749.89,0 159 2 97 85 66 98 138 141 79 167 32 146 14 71 80 128 44 27 185 131 29 34 58 195 7 38 176 186 104 157 156 89 42 28 173 125 135 102 36 0,89
PFG_MOEA,127,5,547.48,1749.89,0 60 78 193 13 163 64 132 56 111 4 25 93 129 148 121 37 113 179 114 26 73 166 108 59 99 83 160 178 33 82 145 143 170 161 130 65 177 62 55 8 19 134 123 175 122 16 139 198 15 68 101 117 63 40 192 181 171 188 103 154 74 91 133 126 92 106 116 76 174 194 43 197 96 21 200 150 164 70 72 54 39 18 187 165 140 110 191 48 182 95 5 49 9 180 0,5 63 68
PFG_MOEA,127,6,547.48,1749.89,0 51 107 46 0,
PFG_MOEA,128,1,321.43,1884.2,0 196 6 199 77 94 109 1 184 115 30 31 120 118 35 190 168 158 172 90 127 69 87 53 183 41 119 142 22 162 10 23 155 67 88 137 11 151 169 124 61 144 0,
PFG_MOEA,128,2,321.43,1884.2,0 12 136 149 3 84 86 47 153 147 24 75 45 152 105 189 112 97 52 2 159 102 36 5 49 9 180 0,97
PFG_MOEA,128,3,321.43,1884.2,0 20 57 81 0,
PFG_MOEA,128,4,321.43,1884.2,0 135 125 89 156 157 104 186 176 38 195 7 58 34 29 131 185 27 44 128 80 71 14 146 32 167 42 100 79 141 138 98 28 173 66 85 72 54 39 18 187 165 48 191 182 95 198 139 16 0,89 185
PFG_MOEA,128,5,321.43,1884.2,0 70 164 150 200 21 96 197 43 194 174 76 116 106 92 126 133 91 74 154 103 188 171 181 192 40 63 117 140 110 101 68 15 123 175 122 46 51 107 134 19 0,21
PFG_MOEA,128,6,321.43,1884.2,0 60 50 64 78 193 163 13 8 55 62 177 65 130 161 170 143 145 82 33 178 160 83 99 59 108 166 73 26 114 179 113 37 121 148 129 93 25 4 111 56 132 17 0,
PFG_MOEA,129,1,363.45,1848.54,0 56 111 151 11 137 124 169 88 61 67 155 23 10 162 22 142 119 41 183 53 87 69 127 90 172 158 168 190 35 118 120 31 30 115 144 184 0,137
PFG_MOEA,129,2,363.45,1848.54,0 196 6 105 52 112 189 89 156 157 104 186 176 38 7 195 58 34 29 131 185 27 44 128 80 71 14 146 32 167 42 100 81 57 20 152 45 75 24 147 77 153 94 109 1 12 136 149 3 84 86 47 199 0,185
PFG_MOEA,129,3,363.45,1848.54,0 135 173 28 141 79 138 98 125 0,
PFG_MOEA,129,4,363.45,1848.54,0 159 2 97 85 66 102 36 5 49 0,
PFG_MOEA,129,5,363.45,1848.54,0 180 9 95 182 48 191 110 140 165 187 18 39 54 72 70 164 150 200 21 96 197 43 194 174 76 116 106 92 126 133 91 74 154 103 188 171 181 192 40 63 117 101 68 15 123 175 122 139 198 16 25 4 13 163 193 78 60 0,40 188
PFG_MOEA,129,6,363.45,1848.54,0 46 51 107 134 19 8 55 62 177 65 130 161 170 143 145 82 33 178 160 83 99 59 108 166 73 26 114 179 113 37 121 148 129 93 132 64 50 17 0,46
PFG_MOEA,130,1,261.55,2016.67,0 56 111 169 124 88 155 10 162 31 30 120 118 35 190 168 158 172 90 127 69 87 53 183 41 119 142 22 23 67 61 137 11 151 0,56 124
PFG_MOEA,130,2,261.55,2016.67,0 144 115 184 89 156 157 104 186 176 38 7 195 58 34 29 131 185 27 44 128 80 71 14 146 32 167 42 100 81 189 112 52 105 6 196 0,185
PFG_MOEA,130,3,261.55,2016.67,0 199 94 109 1 12 136 149 3 84 86 47 153 77 147 75 24 45 152 20 57 28 141 79 138 98 173 125 135 66 85 97 2 159 102 0,199
PFG_MOEA,130,4,261.55,2016.67,0 180 9 49 36 5 70 72 54 164 21 96 197 43 76 116 106 92 126 174 194 200 150 39 18 187 165 140 110 191 48 182 95 0,
PFG_MOEA,130,5,261.55,2016.67,0 16 139 198 117 63 181 171 192 40 74 91 133 154 103 188 101 68 15 123 175 25 129 148 93 4 13 163 193 78 60 0,63 188
PFG_MOEA,130,6,261.55,2016.67,0 46 122 51 107 134 19 8 55 62 177 65 130 161 170 143 145 82 33 178 160 83 99 59 108 166 73 26 114 179 113 37 121 132 64 50 17 0,46
PFG_MOEA,131,1,372.87,1829.64,0 199 47 86 84 3 149 136 12 1 109 94 153 77 147 24 75 45 152 20 57 28 42 100 173 98 138 141 79 167 32 146 14 71 80 128 44 27 185 131 29 34 58 195 7 38 176 186 104 157 156 89 81 135 125 189 112 52 159 0,
PFG_MOEA,131,2,372.87,1829.64,0 2 97 85 66 102 36 5 0,
PFG_MOEA,131,3,372.87,1829.64,0 180 9 49 95 182 48 191 110 140 165 187 18 39 54 72 70 164 150 200 21 96 197 43 194 174 76 116 106 92 126 133 91 74 154 103 188 171 181 192 40 63 117 101 68 15 123 175 122 139 198 16 0,40
PFG_MOEA,131,4,372.87,1829.64,0 60 78 193 13 64 50 17 132 4 8 55 62 177 65 130 161 170 143 145 82 33 178 160 83 99 59 108 166 73 26 114 179 113 37 121 148 129 93 25 19 134 107 51 46 0,
PFG_MOEA,131,5,372.87,1829.64,0 163 56 111 151 11 137 88 22 142 119 41 183 53 87 69 127 90 172 158 168 190 35 118 120 31 162 10 23 155 67 61 124 169 0,
PFG_MOEA,131,6,372.87,1829.64,0 144 115 30 184 105 6 196 0,105
PFG_MOEA,132,1,343.52,1869.54,0 184 144 115 120 118 35 190 168 158 172 90 127 69 87 53 183 41 119 30 31 162 142 22 10 23 155 67 61 88 137 11 151 0,
PFG_MOEA,132,2,343.52,1869.54,0 189 81 89 156 157 104 186 176 38 7 195 58 34 29 131 185 27 44 128 80 71 14 146 32 167 42 100 112 0,
PFG_MOEA,132,3,343.52,1869.54,0 94 109 1 12 136 149 3 84 86 47 153 77 147 75 24 45 199 196 6 52 105 152 20 57 28 141 79 138 98 173 125 135 66 85 97 2 159 102 49 9 180 0,173
PFG_MOEA,132,4,343.52,1869.54,0 36 5 0,
PFG_MOEA,132,5,343.52,1869.54,0 17 50 16 139 198 191 117 63 192 181 171 188 103 154 40 74 91 133 194 174 126 92 106 116 76 43 197 96 72 54 70 164 21 200 150 39 18 187 165 48 182 95 0,21 188 198
PFG_MOEA,132,6,343.52,1869.54,0 140 110 101 68 15 123 175 122 46 51 107 134 19 8 55 62 177 65 130 161 170 143 145 82 33 178 160 83 99 59 108 166 73 26 114 179 113 37 121 148 129 93 25 124 169 4 111 56 13 132 163 193 78 64 60 0,46 56 68 179
PFG_MOEA,133,1,403.49,1779.21,0 196 6 77 0,
PFG_MOEA,133,2,403.49,1779.21,0 199 94 109 1 144 61 124 169 151 11 137 88 67 155 23 10 162 22 142 119 41 183 53 87 69 127 90 172 158 168 190 35 118 120 31 30 115 184 12 136 149 3 84 86 47 153 147 24 75 45 152 105 189 112 52 2 159 102 36 5 49 9 180 0,
PFG_MOEA,133,3,403.49,1779.21,0 97 0,
PFG_MOEA,133,4,403.49,1779.21,0 20 57 81 89 156 157 104 186 176 38 195 7 58 34 29 131 185 27 44 128 80 71 14 146 32 167 42 100 79 141 138 98 28 173 66 85 125 135 0,89 131
PFG_MOEA,133,5,403.49,1779.21,0 16 139 198 95 182 191 48 165 187 18 39 54 72 70 164 150 200 21 96 197 43 194 174 76 116 106 92 126 133 91 74 154 103 188 171 181 192 40 63 117 140 110 101 68 15 123 175 122 46 51 107 134 19 8 55 0,21 198
PFG_MOEA,133,6,403.49,1779.21,0 60 78 193 163 13 62 177 65 130 161 170 143 145 82 33 178 160 83 99 59 108 166 73 26 114 179 113 37 121 148 129 93 25 4 111 56 132 64 50 17 0,56
PFG_MOEA,134,1,547.48,1749.89,0 151 0,
PFG_MOEA,134,2,547.48,1749.89,0 50 17 169 124 137 11 88 61 67 155 23 10 162 22 142 119 41 183 53 87 69 127 90 172 158 168 190 35 118 120 31 30 115 144 184 12 136 149 0,50 87 155
PFG_MOEA,134,3,547.48,1749.89,0 196 6 105 52 112 189 100 81 57 20 152 45 75 24 147 77 153 94 109 1 3 84 86 47 199 0,1
PFG_MOEA,134,4,547.48,1749.89,0 159 2 97 85 66 98 138 141 79 167 32 146 14 71 80 128 44 27 185 131 29 34 58 195 7 38 176 186 104 157 156 89 42 28 173 125 135 102 36 0,89
PFG_MOEA,134,5,547.48,1749.89,0 60 78 193 13 163 64 132 56 111 4 25 93 129 148 121 37 113 179 114 26 73 166 108 59 99 83 160 178 33 82 145 143 170 161 130 65 177 62 55 8 19 134 123 175 122 16 139 198 15 68 101 117 63 40 192 181 171 188 103 154 74 91 133 126 92 106 116 76 174 194 43 197 96 21 200 150 164 70 72 54 39 18 187 165 140 110 191 48 182 95 5 49 9 180 0,5 63 68
PFG_MOEA,134,6,547.48,1749.89,0 51 107 46 0,
PFG_MOEA,135,1,321.43,1884.2,0 196 6 199 77 94 109 1 184 115 30 31 120 118 35 190 168 158 172 90 127 69 87 53 183 41 119 142 22 162 10 23 155 67 88 137 11 151 169 124 61 144 0,
PFG_MOEA,135,2,321.43,1884.2,0 12 136 149 3 84 86 47 153 147 24 75 45 152 105 189 112 97 52 2 159 102 36 5 49 9 180 0,97
PFG_MOEA,135,3,321.43,1884.2,0 20 57 81 0,
PFG_MOEA,135,4,321.43,1884.2,0 135 125 89 156 157 104 186 176 38 195 7 58 34 29 131 185 27 44 128 80 71 14 146 32 167 42 100 79 141 138 98 28 173 66 85 72 54 39 18 187 165 48 191 182 95 198 139 16 0,89 185
PFG_MOEA,135,5,321.43,1884.2,0 70 164 150 200 21 96 197 43 194 174 76 116 106 92 126 133 91 74 154 103 188 171 181 192 40 63 117 140 110 101 68 15 123 175 122 46 51 107 134 19 0,21
PFG_MOEA,135,6,321.43,1884.2,0 60 50 64 78 193 163 13 8 55 62 177 65 130 161 170 143 145 82 33 178 160 83 99 59 108 166 73 26 114 179 113 37 121 148 129 93 25 4 111 56 132 17 0,
PFG_MOEA,136,1,363.45,1848.54,0 56 111 151 11 137 124 169 88 61 67 155 23 10 162 22 142 119 41 183 53 87 69 127 90 172 158 168 190 35 118 120 31 30 115 144 184 0,137
PFG_MOEA,136,2,363.45,1848.54,0 196 6 105 52 112 189 89 156 157 104 186 176 38 7 195 58 34 29 131 185 27 44 128 80 71 14 146 32 167 42 100 81 57 20 152 45 75 24 147 77 153 94 109 1 12 136 149 3 84 86 47 199 0,185
PFG_MOEA,136,3,363.45,1848.54,0 135 173 28 141 79 138 98 125 0,
PFG_MOEA,136,4,363.45,1848.54,0 159 2 97 85 66 102 36 5 49 0,
PFG_MOEA,136,5,363.45,1848.54,0 180 9 95 182 48 191 110 140 165 187 18 39 54 72 70 164 150 200 21 96 197 43 194 174 76 116 106 92 126 133 91 74 154 103 188 171 181 192 40 63 117 101 68 15 123 175 122 139 198 16 25 4 13 163 193 78 60 0,40 188
PFG_MOEA,136,6,363.45,1848.54,0 46 51 107 134 19 8 55 62 177 65 130 161 170 143 145 82 33 178 160 83 99 59 108 166 73 26 114 179 113 37 121 148 129 93 132 64 50 17 0,46
PFG_MOEA,137,1,261.55,2016.67,0 56 111 169 124 88 155 10 162 31 30 120 118 35 190 168 158 172 90 127 69 87 53 183 41 119 142 22 23 67 61 137 11 151 0,56 124
PFG_MOEA,137,2,261.55,2016.67,0 144 115 184 89 156 157 104 186 176 38 7 195 58 34 29 131 185 27 44 128 80 71 14 146 32 167 42 100 81 189 112 52 105 6 196 0,185
PFG_MOEA,137,3,261.55,2016.67,0 199 94 109 1 12 136 149 3 84 86 47 153 77 147 75 24 45 152 20 57 28 141 79 138 98 173 125 135 66 85 97 2 159 102 0,199
PFG_MOEA,137,4,261.55,2016.67,0 180 9 49 36 5 70 72 54 164 21 96 197 43 76 116 106 92 126 174 194 200 150 39 18 187 165 140 110 191 48 182 95 0,
PFG_MOEA,137,5,261.55,2016.67,0 16 139 198 117 63 181 171 192 40 74 91 133 154 103 188 101 68 15 123 175 25 129 148 93 4 13 163 193 78 60 0,63 188
PFG_MOEA,137,6,261.55,2016.67,0 46 122 51 107 134 19 8 55 62 177 65 130 161 170 143 145 82 33 178 160 83 99 59 108 166 73 26 114 179 113 37 121 132 64 50 17 0,46
PFG_MOEA,138,1,372.87,1829.64,0 199 47 86 84 3 149 136 12 1 109 94 153 77 147 24 75 45 152 20 57 28 42 100 173 98 138 141 79 167 32 146 14 71 80 128 44 27 185 131 29 34 58 195 7 38 176 186 104 157 156 89 81 135 125 189 112 52 159 0,
PFG_MOEA,138,2,372.87,1829.64,0 2 97 85 66 102 36 5 0,
PFG_MOEA,138,3,372.87,1829.64,0 180 9 49 95 182 48 191 110 140 165 187 18 39 54 72 70 164 150 200 21 96 197 43 194 174 76 116 106 92 126 133 91 74 154 103 188 171 181 192 40 63 117 101 68 15 123 175 122 139 198 16 0,40
PFG_MOEA,138,4,372.87,1829.64,0 60 78 193 13 64 50 17 132 4 8 55 62 177 65 130 161 170 143 145 82 33 178 160 83 99 59 108 166 73 26 114 179 113 37 121 148 129 93 25 19 134 107 51 46 0,
PFG_MOEA,138,5,372.87,1829.64,0 163 56 111 151 11 137 88 22 142 119 41 183 53 87 69 127 90 172 158 168 190 35 118 120 31 162 10 23 155 67 61 124 169 0,
PFG_MOEA,138,6,372.87,1829.64,0 144 115 30 184 105 6 196 0,105
PFG_MOEA,139,1,343.52,1869.54,0 184 144 115 120 118 35 190 168 158 172 90 127 69 87 53 183 41 119 30 31 162 142 22 10 23 155 67 61 88 137 11 151 0,
PFG_MOEA,139,2,343.52,1869.54,0 189 81 89 156 157 104 186 176 38 7 195 58 34 29 131 185 27 44 128 80 71 14 146 32 167 42 100 112 0,
PFG_MOEA,139,3,343.52,1869.54,0 94 109 1 12 136 149 3 84 86 47 153 77 147 75 24 45 199 196 6 52 105 152 20 57 28 141 79 138 98 173 125 135 66 85 97 2 159 102 49 9 180 0,173
PFG_MOEA,139,4,343.52,1869.54,0 36 5 0,
PFG_MOEA,139,5,343.52,1869.54,0 17 50 16 139 198 191 117 63 192 181 171 188 103 154 40 74 91 133 194 174 126 92 106 116 76 43 197 96 72 54 70 164 21 200 150 39 18 187 165 48 182 95 0,21 188 198
PFG_MOEA,139,6,343.52,1869.54,0 140 110 101 68 15 123 175 122 46 51 107 134 19 8 55 62 177 65 130 161 170 143 145 82 33 178 160 83 99 59 108 166 73 26 114 179 113 37 121 148 129 93 25 124 169 4 111 56 13 132 163 193 78 64 60 0,46 56 68 179
PFG_MOEA,140,1,403.49,1779.21,0 196 6 77 0,
PFG_MOEA,140,2,403.49,1779.21,0 199 94 109 1 144 61 124 169 151 11 137 88 67 155 23 10 162 22 142 119 41 183 53 87 69 127 90 172 158 168 190 35 118 120 31 30 115 184 12 136 149 3 84 86 47 153 147 24 75 45 152 105 189 112 52 2 159 102 36 5 49 9 180 0,
PFG_MOEA,140,3,403.49,1779.21,0 97 0,
PFG_MOEA,140,4,403.49,1779.21,0 20 57 81 89 156 157 104 186 176 38 195 7 58 34 29 131 185 27 44 128 80 71 14 146 32 167 42 100 79 141 138 98 28 173 66 85 125 135 0,89 131
PFG_MOEA,140,5,403.49,1779.21,0 16 139 198 95 182 191 48 165 187 18 39 54 72 70 164 150 200 21 96 197 43 194 174 76 116 106 92 126 133 91 74 154 103 188 171 181 192 40 63 117 140 110 101 68 15 123 175 122 46 51 107 134 19 8 55 0,21 198
PFG_MOEA,140,6,403.49,1779.21,0 60 78 193 163 13 62 177 65 130 161 170 143 145 82 33 178 160 83 99 59 108 166 73 26 114 179 113 37 121 148 129 93 25 4 111 56 132 64 50 17 0,56
PFG_MOEA,141,1,547.48,1749.89,0 151 0,
PFG_MOEA,141,2,547.48,1749.89,0 50 17 169 124 137 11 88 61 67 155 23 10 162 22 142 119 41 183 53 87 69 127 90 172 158 168 190 35 118 120 31 30 115 144 184 12 136 149 0,50 87 155
PFG_MOEA,141,3,547.48,1749.89,0 196 6 105 52 112 189 100 81 57 20 152 45 75 24 147 77 153 94 109 1 3 84 86 47 199 0,1
PFG_MOEA,141,4,547.48,1749.89,0 159 2 97 85 66 98 138 141 79 167 32 146 14 71 80 128 44 27 185 131 29 34 58 195 7 38 176 186 104 157 156 89 42 28 173 125 135 102 36 0,89
PFG_MOEA,141,5,547.48,1749.89,0 60 78 193 13 163 64 132 56 111 4 25 93 129 148 121 37 113 179 114 26 73 166 108 59 99 83 160 178 33 82 145 143 170 161 130 65 177 62 55 8 19 134 123 175 122 16 139 198 15 68 101 117 63 40 192 181 171 188 103 154 74 91 133 126 92 106 116 76 174 194 43 197 96 21 200 150 164 70 72 54 39 18 187 165 140 110 191 48 182 95 5 49 9 180 0,5 63 68
PFG_MOEA,141,6,547.48,1749.89,0 51 107 46 0,
PFG_MOEA,142,1,321.43,1884.2,0 196 6 199 77 94 109 1 184 115 30 31 120 118 35 190 168 158 172 90 127 69 87 53 183 41 119 142 22 162 10 23 155 67 88 137 11 151 169 124 61 144 0,
PFG_MOEA,142,2,321.43,1884.2,0 12 136 149 3 84 86 47 153 147 24 75 45 152 105 189 112 97 52 2 159 102 36 5 49 9 180 0,97
PFG_MOEA,142,3,321.43,1884.2,0 20 57 81 0,
PFG_MOEA,142,4,321.43,1884.2,0 135 125 89 156 157 104 186 176 38 195 7 58 34 29 131 185 27 44 128 80 71 14 146 32 167 42 100 79 141 138 98 28 173 66 85 72 54 39 18 187 165 48 191 182 95 198 139 16 0,89 185
PFG_MOEA,142,5,321.43,1884.2,0 70 164 150 200 21 96 197 43 194 174 76 116 106 92 126 133 91 74 154 103 188 171 181 192 40 63 117 140 110 101 68 15 123 175 122 46 51 107 134 19 0,21
PFG_MOEA,142,6,321.43,1884.2,0 60 50 64 78 193 163 13 8 55 62 177 65 130 161 170 143 145 82 33 178 160 83 99 59 108 166 73 26 114 179 113 37 121 148 129 93 25 4 111 56 132 17 0,
PFG_MOEA,143,1,363.45,1848.54,0 56 111 151 11 137 124 169 88 61 67 155 23 10 162 22 142 119 41 183 53 87 69 127 90 172 158 168 190 35 118 120 31 30 115 144 184 0,137
PFG_MOEA,143,2,363.45,1848.54,0 196 6 105 52 112 189 89 156 157 104 186 176 38 7 195 58 34 29 131 185 27 44 128 80 71 14 146 32 167 42 100 81 57 20 152 45 75 24 147 77 153 94 109 1 12 136 149 3 84 86 47 199 0,185
PFG_MOEA,143,3,363.45,1848.54,0 135 173 28 141 79 138 98 125 0,
PFG_MOEA,143,4,363.45,1848.54,0 159 2 97 85 66 102 36 5 49 0,
PFG_MOEA,143,5,363.45,1848.54,0 180 9 95 182 48 191 110 140 165 187 18 39 54 72 70 164 150 200 21 96 197 43 194 174 76 116 106 92 126 133 91 74 154 103 188 171 181 192 40 63 117 101 68 15 123 175 122 139 198 16 25 4 13 163 193 78 60 0,40 188
PFG_MOEA,143,6,363.45,1848.54,0 46 51 107 134 19 8 55 62 177 65 130 161 170 143 145 82 33 178 160 83 99 59 108 166 73 26 114 179 113 37 121 148 129 93 132 64 50 17 0,46
PFG_MOEA,144,1,261.55,2016.67,0 56 111 169 124 88 155 10 162 31 30 120 118 35 190 168 158 172 90 127 69 87 53 183 41 119 142 22 23 67 61 137 11 151 0,56 124
PFG_MOEA,144,2,261.55,2016.67,0 144 115 184 89 156 157 104 186 176 38 7 195 58 34 29 131 185 27 44 128 80 71 14 146 32 167 42 100 81 189 112 52 105 6 196 0,185
PFG_MOEA,144,3,261.55,2016.67,0 199 94 109 1 12 136 149 3 84 86 47 153 77 147 75 24 45 152 20 57 28 141 79 138 98 173 125 135 66 85 97 2 159 102 0,199
PFG_MOEA,144,4,261.55,2016.67,0 180 9 49 36 5 70 72 54 164 21 96 197 43 76 116 106 92 126 174 194 200 150 39 18 187 165 140 110 191 48 182 95 0,
PFG_MOEA,144,5,261.55,2016.67,0 16 139 198 117 63 181 171 192 40 74 91 133 154 103 188 101 68 15 123 175 25 129 148 93 4 13 163 193 78 60 0,63 188
PFG_MOEA,144,6,261.55,2016.67,0 46 122 51 107 134 19 8 55 62 177 65 130 161 170 143 145 82 33 178 160 83 99 59 108 166 73 26 114 179 113 37 121 132 64 50 17 0,46
PFG_MOEA,145,1,372.87,1829.64,0 199 47 86 84 3 149 136 12 1 109 94 153 77 147 24 75 45 152 20 57 28 42 100 173 98 138 141 79 167 32 146 14 71 80 128 44 27 185 131 29 34 58 195 7 38 176 186 104 157 156 89 81 135 125 189 112 52 159 0,
PFG_MOEA,145,2,372.87,1829.64,0 2 97 85 66 102 36 5 0,
PFG_MOEA,145,3,372.87,1829.64,0 180 9 49 95 182 48 191 110 140 165 187 18 39 54 72 70 164 150 200 21 96 197 43 194 174 76 116 106 92 126 133 91 74 154 103 188 171 181 192 40 63 117 101 68 15 123 175 122 139 198 16 0,40
PFG_MOEA,145,4,372.87,1829.64,0 60 78 193 13 64 50 17 132 4 8 55 62 177 65 130 161 170 143 145 82 33 178 160 83 99 59 108 166 73 26 114 179 113 37 121 148 129 93 25 19 134 107 51 46 0,
PFG_MOEA,145,5,372.87,1829.64,0 163 56 111 151 11 137 88 22 142 119 41 183 53 87 69 127 90 172 158 168 190 35 118 120 31 162 10 23 155 67 61 124 169 0,
PFG_MOEA,145,6,372.87,1829.64,0 144 115 30 184 105 6 196 0,105
PFG_MOEA,146,1,343.52,1869.54,0 184 144 115 120 118 35 190 168 158 172 90 127 69 87 53 183 41 119 30 31 162 142 22 10 23 155 67 61 88 137 11 151 0,
PFG_MOEA,146,2,343.52,1869.54,0 189 81 89 156 157 104 186 176 38 7 195 58 34 29 131 185 27 44 128 80 71 14 146 32 167 42 100 112 0,
PFG_MOEA,146,3,343.52,1869.54,0 94 109 1 12 136 149 3 84 86 47 153 77 147 75 24 45 199 196 6 52 105 152 20 57 28 141 79 138 98 173 125 135 66 85 97 2 159 102 49 9 180 0,173
PFG_MOEA,146,4,343.52,1869.54,0 36 5 0,
PFG_MOEA,146,5,343.52,1869.54,0 17 50 16 139 198 191 117 63 192 181 171 188 103 154 40 74 91 133 194 174 126 92 106 116 76 43 197 96 72 54 70 164 21 200 150 39 18 187 165 48 182 95 0,21 188 198
PFG_MOEA,146,6,343.52,1869.54,0 140 110 101 68 15 123 175 122 46 51 107 134 19 8 55 62 177 65 130 161 170 143 145 82 33 178 160 83 99 59 108 166 73 26 114 179 113 37 121 148 129 93 25 124 169 4 111 56 13 132 163 193 78 64 60 0,46 56 68 179
PFG_MOEA,147,1,403.49,1779.21,0 196 6 77 0,
PFG_MOEA,147,2,403.49,1779.21,0 199 94 109 1 144 61 124 169 151 11 137 88 67 155 23 10 162 22 142 119 41 183 53 87 69 127 90 172 158 168 190 35 118 120 31 30 115 184 12 136 149 3 84 86 47 153 147 24 75 45 152 105 189 112 52 2 159 102 36 5 49 9 180 0,
PFG_MOEA,147,3,403.49,1779.21,0 97 0,
PFG_MOEA,147,4,403.49,1779.21,0 20 57 81 89 156 157 104 186 176 38 195 7 58 34 29 131 185 27 44 128 80 71 14 146 32 167 42 100 79 141 138 98 28 173 66 85 125 135 0,89 131
PFG_MOEA,147,5,403.49,1779.21,0 16 139 198 95 182 191 48 165 187 18 39 54 72 70 164 150 200 21 96 197 43 194 174 76 116 106 92 126 133 91 74 154 103 188 171 181 192 40 63 117 140 110 101 68 15 123 175 122 46 51 107 134 19 8 55 0,21 198
PFG_MOEA,147,6,403.49,1779.21,0 60 78 193 163 13 62 177 65 130 161 170 143 145 82 33 178 160 83 99 59 108 166 73 26 114 179 113 37 121 148 129 93 25 4 111 56 132 64 50 17 0,56
PFG_MOEA,148,1,547.48,1749.89,0 151 0,
PFG_MOEA,148,2,547.48,1749.89,0 50 17 169 124 137 11 88 61 67 155 23 10 162 22 142 119 41 183 53 87 69 127 90 172 158 168 190 35 118 120 31 30 115 144 184 12 136 149 0,50 87 155
PFG_MOEA,148,3,547.48,1749.89,0 196 6 105 52 112 189 100 81 57 20 152 45 75 24 147 77 153 94 109 1 3 84 86 47 199 0,1
PFG_MOEA,148,4,547.48,1749.89,0 159 2 97 85 66 98 138 141 79 167 32 146 14 71 80 128 44 27 185 131 29 34 58 195 7 38 176 186 104 157 156 89 42 28 173 125 135 102 36 0,89
PFG_MOEA,148,5,547.48,1749.89,0 60 78 193 13 163 64 132 56 111 4 25 93 129 148 121 37 113 179 114 26 73 166 108 59 99 83 160 178 33 82 145 143 170 161 130 65 177 62 55 8 19 134 123 175 122 16 139 198 15 68 101 117 63 40 192 181 171 188 103 154 74 91 133 126 92 106 116 76 174 194 43 197 96 21 200 150 164 70 72 54 39 18 187 165 140 110 191 48 182 95 5 49 9 180 0,5 63 68
PFG_MOEA,148,6,547.48,1749.89,0 51 107 46 0,
PFG_MOEA,149,1,321.43,1884.2,0 196 6 199 77 94 109 1 184 115 30 31 120 118 35 190 168 158 172 90 127 69 87 53 183 41 119 142 22 162 10 23 155 67 88 137 11 151 169 124 61 144 0,
PFG_MOEA,149,2,321.43,1884.2,0 12 136 149 3 84 86 47 153 147 24 75 45 152 105 189 112 97 52 2 159 102 36 5 49 9 180 0,97
PFG_MOEA,149,3,321.43,1884.2,0 20 57 81 0,
PFG_MOEA,149,4,321.43,1884.2,0 135 125 89 156 157 104 186 176 38 195 7 58 34 29 131 185 27 44 128 80 71 14 146 32 167 42 100 79 141 138 98 28 173 66 85 72 54 39 18 187 165 48 191 182 95 198 139 16 0,89 185
PFG_MOEA,149,5,321.43,1884.2,0 70 164 150 200 21 96 197 43 194 174 76 116 106 92 126 133 91 74 154 103 188 171 181 192 40 63 117 140 110 101 68 15 123 175 122 46 51 107 134 19 0,21
PFG_MOEA,149,6,321.43,1884.2,0 60 50 64 78 193 163 13 8 55 62 177 65 130 161 170 143 145 82 33 178 160 83 99 59 108 166 73 26 114 179 113 37 121 148 129 93 25 4 111 56 132 17 0,
PFG_MOEA,150,1,363.45,1848.54,0 56 111 151 11 137 124 169 88 61 67 155 23 10 162 22 142 119 41 183 53 87 69 127 90 172 158 168 190 35 118 120 31 30 115 144 184 0,137
PFG_MOEA,150,2,363.45,1848.54,0 196 6 105 52 112 189 89 156 157 104 186 176 38 7 195 58 34 29 131 185 27 44 128 80 71 14 146 32 167 42 100 81 57 20 152 45 75 24 147 77 153 94 109 1 12 136 149 3 84 86 47 199 0,185
PFG_MOEA,150,3,363.45,1848.54,0 135 173 28 141 79 138 98 125 0,
PFG_MOEA,150,4,363.45,1848.54,0 159 2 97 85 66 102 36 5 49 0,
PFG_MOEA,150,5,363.45,1848.54,0 180 9 95 182 48 191 110 140 165 187 18 39 54 72 70 164 150 200 21 96 197 43 194 174 76 116 106 92 126 133 91 74 154 103 188 171 181 192 40 63 117 101 68 15 123 175 122 139 198 16 25 4 13 163 193 78 60 0,40 188
PFG_MOEA,150,6,363.45,1848.54,0 46 51 107 134 19 8 55 62 177 65 130 161 170 143 145 82 33 178 160 83 99 59 108 166 73 26 114 179 113 37 121 148 129 93 132 64 50 17 0,46
PFG_MOEA,151,1,261.55,2016.67,0 56 111 169 124 88 155 10 162 31 30 120 118 35 190 168 158 172 90 127 69 87 53 183 41 119 142 22 23 67 61 137 11 151 0,56 124
PFG_MOEA,151,2,261.55,2016.67,0 144 115 184 89 156 157 104 186 176 38 7 195 58 34 29 131 185 27 44 128 80 71 14 146 32 167 42 100 81 189 112 52 105 6 196 0,185
PFG_MOEA,151,3,261.55,2016.67,0 199 94 109 1 12 136 149 3 84 86 47 153 77 147 75 24 45 152 20 57 28 141 79 138 98 173 125 135 66 85 97 2 159 102 0,199
PFG_MOEA,151,4,261.55,2016.67,0 180 9 49 36 5 70 72 54 164 21 96 197 43 76 116 106 92 126 174 194 200 150 39 18 187 165 140 110 191 48 182 95 0,
PFG_MOEA,151,5,261.55,2016.67,0 16 139 198 117 63 181 171 192 40 74 91 133 154 103 188 101 68 15 123 175 25 129 148 93 4 13 163 193 78 60 0,63 188
PFG_MOEA,151,6,261.55,2016.67,0 46 122 51 107 134 19 8 55 62 177 65 130 161 170 143 145 82 33 178 160 83 99 59 108 166 73 26 114 179 113 37 121 132 64 50 17 0,46
PFG_MOEA,152,1,372.87,1829.64,0 199 47 86 84 3 149 136 12 1 109 94 153 77 147 24 75 45 152 20 57 28 42 100 173 98 138 141 79 167 32 146 14 71 80 128 44 27 185 131 29 34 58 195 7 38 176 186 104 157 156 89 81 135 125 189 112 52 159 0,
PFG_MOEA,152,2,372.87,1829.64,0 2 97 85 66 102 36 5 0,
PFG_MOEA,152,3,372.87,1829.64,0 180 9 49 95 182 48 191 110 140 165 187 18 39 54 72 70 164 150 200 21 96 197 43 194 174 76 116 106 92 126 133 91 74 154 103 188 171 181 192 40 63 117 101 68 15 123 175 122 139 198 16 0,40
PFG_MOEA,152,4,372.87,1829.64,0 60 78 193 13 64 50 17 132 4 8 55 62 177 65 130 161 170 143 145 82 33 178 160 83 99 59 108 166 73 26 114 179 113 37 121 148 129 93 25 19 134 107 51 46 0,
PFG_MOEA,152,5,372.87,1829.64,0 163 56 111 151 11 137 88 22 142 119 41 183 53 87 69 127 90 172 158 168 190 35 118 120 31 162 10 23 155 67 61 124 169 0,
PFG_MOEA,152,6,372.87,1829.64,0 144 115 30 184 105 6 196 0,105
PFG_MOEA,153,1,343.52,1869.54,0 184 144 115 120 118 35 190 168 158 172 90 127 69 87 53 183 41 119 30 31 162 142 22 10 23 155 67 61 88 137 11 151 0,
PFG_MOEA,153,2,343.52,1869.54,0 189 81 89 156 157 104 186 176 38 7 195 58 34 29 131 185 27 44 128 80 71 14 146 32 167 42 100 112 0,
PFG_MOEA,153,3,343.52,1869.54,0 94 109 1 12 136 149 3 84 86 47 153 77 147 75 24 45 199 196 6 52 105 152 20 57 28 141 79 138 98 173 125 135 66 85 97 2 159 102 49 9 180 0,173
PFG_MOEA,153,4,343.52,1869.54,0 36 5 0,
PFG_MOEA,153,5,343.52,1869.54,0 17 50 16 139 198 191 117 63 192 181 171 188 103 154 40 74 91 133 194 174 126 92 106 116 76 43 197 96 72 54 70 164 21 200 150 39 18 187 165 48 182 95 0,21 188 198
PFG_MOEA,153,6,343.52,1869.54,0 140 110 101 68 15 123 175 122 46 51 107 134 19 8 55 62 177 65 130 161 170 143 145 82 33 178 160 83 99 59 108 166 73 26 114 179 113 37 121 148 129 93 25 124 169 4 111 56 13 132 163 193 78 64 60 0,46 56 68 179
PFG_MOEA,154,1,403.49,1779.21,0 196 6 77 0,
PFG_MOEA,154,2,403.49,1779.21,0 199 94 109 1 144 61 124 169 151 11 137 88 67 155 23 10 162 22 142 119 41 183 53 87 69 127 90 172 158 168 190 35 118 120 31 30 115 184 12 136 149 3 84 86 47 153 147 24 75 45 152 105 189 112 52 2 159 102 36 5 49 9 180 0,
PFG_MOEA,154,3,403.49,1779.21,0 97 0,
PFG_MOEA,154,4,403.49,1779.21,0 20 57 81 89 156 157 104 186 176 38 195 7 58 34 29 131 185 27 44 128 80 71 14 146 32 167 42 100 79 141 138 98 28 173 66 85 125 135 0,89 131
PFG_MOEA,154,5,403.49,1779.21,0 16 139 198 95 182 191 48 165 187 18 39 54 72 70 164 150 200 21 96 197 43 194 174 76 116 106 92 126 133 91 74 154 103 188 171 181 192 40 63 117 140 110 101 68 15 123 175 122 46 51 107 134 19 8 55 0,21 198
PFG_MOEA,154,6,403.49,1779.21,0 60 78 193 163 13 62 177 65 130 161 170 143 145 82 33 178 160 83 99 59 108 166 73 26 114 179 113 37 121 148 129 93 25 4 111 56 132 64 50 17 0,56
PFG_MOEA,155,1,547.48,1749.89,0 151 0,
PFG_MOEA,155,2,547.48,1749.89,0 50 17 169 124 137 11 88 61 67 155 23 10 162 22 142 119 41 183 53 87 69 127 90 172 158 168 190 35 118 120 31 30 115 144 184 12 136 149 0,50 87 155
PFG_MOEA,155,3,547.48,1749.89,0 196 6 105 52 112 189 100 81 57 20 152 45 75 24 147 77 153 94 109 1 3 84 86 47 199 0,1
PFG_MOEA,155,4,547.48,1749.89,0 159 2 97 85 66 98 138 141 79 167 32 146 14 71 80 128 44 27 185 131 29 34 58 195 7 38 176 186 104 157 156 89 42 28 173 125 135 102 36 0,89
PFG_MOEA,155,5,547.48,1749.89,0 60 78 193 13 163 64 132 56 111 4 25 93 129 148 121 37 113 179 114 26 73 166 108 59 99 83 160 178 33 82 145 143 170 161 130 65 177 62 55 8 19 134 123 175 122 16 139 198 15 68 101 117 63 40 192 181 171 188 103 154 74 91 133 126 92 106 116 76 174 194 43 197 96 21 200 150 164 70 72 54 39 18 187 165 140 110 191 48 182 95 5 49 9 180 0,5 63 68
PFG_MOEA,155,6,547.48,1749.89,0 51 107 46 0,
PFG_MOEA,156,1,321.43,1884.2,0 196 6 199 77 94 109 1 184 115 30 31 120 118 35 190 168 158 172 90 127 69 87 53 183 41 119 142 22 162 10 23 155 67 88 137 11 151 169 124 61 144 0,
PFG_MOEA,156,2,321.43,1884.2,0 12 136 149 3 84 86 47 153 147 24 75 45 152 105 189 112 97 52 2 159 102 36 5 49 9 180 0,97
PFG_MOEA,156,3,321.43,1884.2,0 20 57 81 0,
PFG_MOEA,156,4,321.43,1884.2,0 135 125 89 156 157 104 186 176 38 195 7 58 34 29 131 185 27 44 128 80 71 14 146 32 167 42 100 79 141 138 98 28 173 66 85 72 54 39 18 187 165 48 191 182 95 198 139 16 0,89 185
PFG_MOEA,156,5,321.43,1884.2,0 70 164 150 200 21 96 197 43 194 174 76 116 106 92 126 133 91 74 154 103 188 171 181 192 40 63 117 140 110 101 68 15 123 175 122 46 51 107 134 19 0,21
PFG_MOEA,156,6,321.43,1884.2,0 60 50 64 78 193 163 13 8 55 62 177 65 130 161 170 143 145 82 33 178 160 83 99 59 108 166 73 26 114 179 113 37 121 148 129 93 25 4 111 56 132 17 0,
PFG_MOEA,157,1,363.45,1848.54,0 56 111 151 11 137 124 169 88 61 67 155 23 10 162 22 142 119 41 183 53 87 69 127 90 172 158 168 190 35 118 120 31 30 115 144 184 0,137
PFG_MOEA,157,2,363.45,1848.54,0 196 6 105 52 112 189 89 156 157 104 186 176 38 7 195 58 34 29 131 185 27 44 128 80 71 14 146 32 167 42 100 81 57 20 152 45 75 24 147 77 153 94 109 1 12 136 149 3 84 86 47 199 0,185
PFG_MOEA,157,3,363.45,1848.54,0 135 173 28 141 79 138 98 125 0,
PFG_MOEA,157,4,363.45,1848.54,0 159 2 97 85 66 102 36 5 49 0,
PFG_MOEA,157,5,363.45,1848.54,0 180 9 95 182 48 191 110 140 165 187 18 39 54 72 70 164 150 200 21 96 197 43 194 174 76 116 106 92 126 133 91 74 154 103 188 171 181 192 40 63 117 101 68 15 123 175 122 139 198 16 25 4 13 163 193 78 60 0,40 188
PFG_MOEA,157,6,363.45,1848.54,0 46 51 107 134 19 8 55 62 177 65 130 161 170 143 145 82 33 178 160 83 99 59 108 166 73 26 114 179 113 37 121 148 129 93 132 64 50 17 0,46
PFG_MOEA,158,1,261.55,2016.67,0 56 111 169 124 88 155 10 162 31 30 120 118 35 190 168 158 172 90 127 69 87 53 183 41 119 142 22 23 67 61 137 11 151 0,56 124
PFG_MOEA,158,2,261.55,2016.67,0 144 115 184 89 156 157 104 186 176 38 7 195 58 34 29 131 185 27 44 128 80 71 14 146 32 167 42 100 81 189 112 52 105 6 196 0,185
PFG_MOEA,158,3,261.55,2016.67,0 199 94 109 1 12 136 149 3 84 86 47 153 77 147 75 24 45 152 20 57 28 141 79 138 98 173 125 135 66 85 97 2 159 102 0,199
PFG_MOEA,158,4,261.55,2016.67,0 180 9 49 36 5 70 72 54 164 21 96 197 43 76 116 106 92 126 174 194 200 150 39 18 187 165 140 110 191 48 182 95 0,
PFG_MOEA,158,5,261.55,2016.67,0 16 139 198 117 63 181 171 192 40 74 91 133 154 103 188 101 68 15 123 175 25 129 148 93 4 13 163 193 78 60 0,63 188
PFG_MOEA,158,6,261.55,2016.67,0 46 122 51 107 134 19 8 55 62 177 65 130 161 170 143 145 82 33 178 160 83 99 59 108 166 73 26 114 179 113 37 121 132 64 50 17 0,46
PFG_MOEA,159,1,372.87,1829.64,0 199 47 86 84 3 149 136 12 1 109 94 153 77 147 24 75 45 152 20 57 28 42 100 173 98 138 141 79 167 32 146 14 71 80 128 44 27 185 131 29 34 58 195 7 38 176 186 104 157 156 89 81 135 125 189 112 52 159 0,
PFG_MOEA,159,2,372.87,1829.64,0 2 97 85 66 102 36 5 0,
PFG_MOEA,159,3,372.87,1829.64,0 180 9 49 95 182 48 191 110 140 165 187 18 39 54 72 70 164 150 200 21 96 197 43 194 174 76 116 106 92 126 133 91 74 154 103 188 171 181 192 40 63 117 101 68 15 123 175 122 139 198 16 0,40
PFG_MOEA,159,4,372.87,1829.64,0 60 78 193 13 64 50 17 132 4 8 55 62 177 65 130 161 170 143 145 82 33 178 160 83 99 59 108 166 73 26 114 179 113 37 121 148 129 93 25 19 134 107 51 46 0,
PFG_MOEA,159,5,372.87,1829.64,0 163 56 111 151 11 137 88 22 142 119 41 183 53 87 69 127 90 172 158 168 190 35 118 120 31 162 10 23 155 67 61 124 169 0,
PFG_MOEA,159,6,372.87,1829.64,0 144 115 30 184 105 6 196 0,105
PFG_MOEA,160,1,343.52,1869.54,0 184 144 115 120 118 35 190 168 158 172 90 127 69 87 53 183 41 119 30 31 162 142 22 10 23 155 67 61 88 137 11 151 0,
PFG_MOEA,160,2,343.52,1869.54,0 189 81 89 156 157 104 186 176 38 7 195 58 34 29 131 185 27 44 128 80 71 14 146 32 167 42 100 112 0,
PFG_MOEA,160,3,343.52,1869.54,0 94 109 1 12 136 149 3 84 86 47 153 77 147 75 24 45 199 196 6 52 105 152 20 57 28 141 79 138 98 173 125 135 66 85 97 2 159 102 49 9 180 0,173
PFG_MOEA,160,4,343.52,1869.54,0 36 5 0,
PFG_MOEA,160,5,343.52,1869.54,0 17 50 16 139 198 191 117 63 192 181 171 188 103 154 40 74 91 133 194 174 126 92 106 116 76 43 197 96 72 54 70 164 21 200 150 39 18 187 165 48 182 95 0,21 188 198
PFG_MOEA,160,6,343.52,1869.54,0 140 110 101 68 15 123 175 122 46 51 107 134 19 8 55 62 177 65 130 161 170 143 145 82 33 178 160 83 99 59 108 166 73 26 114 179 113 37 121 148 129 93 25 124 169 4 111 56 13 132 163 193 78 64 60 0,46 56 68 179
PFG_MOEA,161,1,403.49,1779.21,0 196 6 77 0,
PFG_MOEA,161,2,403.49,1779.21,0 199 94 109 1 144 61 124 169 151 11 137 88 67 155 23 10 162 22 142 119 41 183 53 87 69 127 90 172 158 168 190 35 118 120 31 30 115 184 12 136 149 3 84 86 47 153 147 24 75 45 152 105 189 112 52 2 159 102 36 5 49 9 180 0,
PFG_MOEA,161,3,403.49,1779.21,0 97 0,
PFG_MOEA,161,4,403.49,1779.21,0 20 57 81 89 156 157 104 186 176 38 195 7 58 34 29 131 185 27 44 128 80 71 14 146 32 167 42 100 79 141 138 98 28 173 66 85 125 135 0,89 131
PFG_MOEA,161,5,403.49,1779.21,0 16 139 198 95 182 191 48 165 187 18 39 54 72 70 164 150 200 21 96 197 43 194 174 76 116 106 92 126 133 91 74 154 103 188 171 181 192 40 63 117 140 110 101 68 15 123 175 122 46 51 107 134 19 8 55 0,21 198
PFG_MOEA,161,6,403.49,1779.21,0 60 78 193 163 13 62 177 65 130 161 170 143 145 82 33 178 160 83 99 59 108 166 73 26 114 179 113 37 121 148 129 93 25 4 111 56 132 64 50 17 0,56
PFG_MOEA,162,1,547.48,1749.89,0 151 0,
PFG_MOEA,162,2,547.48,1749.89,0 50 17 169 124 137 11 88 61 67 155 23 10 162 22 142 119 41 183 53 87 69 127 90 172 158 168 190 35 118 120 31 30 115 144 184 12 136 149 0,50 87 155
PFG_MOEA,162,3,547.48,1749.89,0 196 6 105 52 112 189 100 81 57 20 152 45 75 24 147 77 153 94 109 1 3 84 86 47 199 0,1
PFG_MOEA,162,4,547.48,1749.89,0 159 2 97 85 66 98 138 141 79 167 32 146 14 71 80 128 44 27 185 131 29 34 58 195 7 38 176 186 104 157 156 89 42 28 173 125 135 102 36 0,89
PFG_MOEA,162,5,547.48,1749.89,0 60 78 193 13 163 64 132 56 111 4 25 93 129 148 121 37 113 179 114 26 73 166 108 59 99 83 160 178 33 82 145 143 170 161 130 65 177 62 55 8 19 134 123 175 122 16 139 198 15 68 101 117 63 40 192 181 171 188 103 154 74 91 133 126 92 106 116 76 174 194 43 197 96 21 200 150 164 70 72 54 39 18 187 165 140 110 191 48 182 95 5 49 9 180 0,5 63 68
PFG_MOEA,162,6,547.48,1749.89,0 51 107 46 0,
PFG_MOEA,163,1,321.43,1884.2,0 196 6 199 77 94 109 1 184 115 30 31 120 118 35 190 168 158 172 90 127 69 87 53 183 41 119 142 22 162 10 23 155 67 88 137 11 151 169 124 61 144 0,
PFG_MOEA,163,2,321.43,1884.2,0 12 136 149 3 84 86 47 153 147 24 75 45 152 105 189 112 97 52 2 159 102 36 5 49 9 180 0,97
PFG_MOEA,163,3,321.43,1884.2,0 20 57 81 0,
PFG_MOEA,163,4,321.43,1884.2,0 135 125 89 156 157 104 186 176 38 195 7 58 34 29 131 185 27 44 128 80 71 14 146 32 167 42 100 79 141 138 98 28 173 66 85 72 54 39 18 187 165 48 191 182 95 198 139 16 0,89 185
PFG_MOEA,163,5,321.43,1884.2,0 70 164 150 200 21 96 197 43 194 174 76 116 106 92 126 133 91 74 154 103 188 171 181 192 40 63 117 140 110 101 68 15 123 175 122 46 51 107 134 19 0,21
PFG_MOEA,163,6,321.43,1884.2,0 60 50 64 78 193 163 13 8 55 62 177 65 130 161 170 143 145 82 33 178 160 83 99 59 108 166 73 26 114 179 113 37 121 148 129 93 25 4 111 56 132 17 0,
PFG_MOEA,164,1,363.45,1848.54,0 56 111 151 11 137 124 169 88 61 67 155 23 10 162 22 142 119 41 183 53 87 69 127 90 172 158 168 190 35 118 120 31 30 115 144 184 0,137
PFG_MOEA,164,2,363.45,1848.54,0 196 6 105 52 112 189 89 156 157 104 186 176 38 7 195 58 34 29 131 185 27 44 128 80 71 14 146 32 167 42 100 81 57 20 152 45 75 24 147 77 153 94 109 1 12 136 149 3 84 86 47 199 0,185
PFG_MOEA,164,3,363.45,1848.54,0 135 173 28 141 79 138 98 125 0,
PFG_MOEA,164,4,363.45,1848.54,0 159 2 97 85 66 102 36 5 49 0,
PFG_MOEA,164,5,363.45,1848.54,0 180 9 95 182 48 191 110 140 165 187 18 39 54 72 70 164 150 200 21 96 197 43 194 174 76 116 106 92 126 133 91 74 154 103 188 171 181 192 40 63 117 101 68 15 123 175 122 139 198 16 25 4 13 163 193 78 60 0,40 188
PFG_MOEA,164,6,363.45,1848.54,0 46 51 107 134 19 8 55 62 177 65 130 161 170 143 145 82 33 178 160 83 99 59 108 166 73 26 114 179 113 37 121 148 129 93 132 64 50 17 0,46
PFG_MOEA,165,1,261.55,2016.67,0 56 111 169 124 88 155 10 162 31 30 120 118 35 190 168 158 172 90 127 69 87 53 183 41 119 142 22 23 67 61 137 11 151 0,56 124
PFG_MOEA,165,2,261.55,2016.67,0 144 115 184 89 156 157 104 186 176 38 7 195 58 34 29 131 185 27 44 128 80 71 14 146 32 167 42 100 81 189 112 52 105 6 196 0,185
PFG_MOEA,165,3,261.55,2016.67,0 199 94 109 1 12 136 149 3 84 86 47 153 77 147 75 24 45 152 20 57 28 141 79 138 98 173 125 135 66 85 97 2 159 102 0,199
PFG_MOEA,165,4,261.55,2016.67,0 180 9 49 36 5 70 72 54 164 21 96 197 43 76 116 106 92 126 174 194 200 150 39 18 187 165 140 110 191 48 182 95 0,
PFG_MOEA,165,5,261.55,2016.67,0 16 139 198 117 63 181 171 192 40 74 91 133 154 103 188 101 68 15 123 175 25 129 148 93 4 13 163 193 78 60 0,63 188
PFG_MOEA,165,6,261.55,2016.67,0 46 122 51 107 134 19 8 55 62 177 65 130 161 170 143 145 82 33 178 160 83 99 59 108 166 73 26 114 179 113 37 121 132 64 50 17 0,46
PFG_MOEA,166,1,372.87,1829.64,0 199 47 86 84 3 149 136 12 1 109 94 153 77 147 24 75 45 152 20 57 28 42 100 173 98 138 141 79 167 32 146 14 71 80 128 44 27 185 131 29 34 58 195 7 38 176 186 104 157 156 89 81 135 125 189 112 52 159 0,
PFG_MOEA,166,2,372.87,1829.64,0 2 97 85 66 102 36 5 0,
PFG_MOEA,166,3,372.87,1829.64,0 180 9 49 95 182 48 191 110 140 165 187 18 39 54 72 70 164 150 200 21 96 197 43 194 174 76 116 106 92 126 133 91 74 154 103 188 171 181 192 40 63 117 101 68 15 123 175 122 139 198 16 0,40
PFG_MOEA,166,4,372.87,1829.64,0 60 78 193 13 64 50 17 132 4 8 55 62 177 65 130 161 170 143 145 82 33 178 160 83 99 59 108 166 73 26 114 179 113 37 121 148 129 93 25 19 134 107 51 46 0,
PFG_MOEA,166,5,372.87,1829.64,0 163 56 111 151 11 137 88 22 142 119 41 183 53 87 69 127 90 172 158 168 190 35 118 120 31 162 10 23 155 67 61 124 169 0,
PFG_MOEA,166,6,372.87,1829.64,0 144 115 30 184 105 6 196 0,105
PFG_MOEA,167,1,343.52,1869.54,0 184 144 115 120 118 35 190 168 158 172 90 127 69 87 53 183 41 119 30 31 162 142 22 10 23 155 67 61 88 137 11 151 0,
PFG_MOEA,167,2,343.52,1869.54,0 189 81 89 156 157 104 186 176 38 7 195 58 34 29 131 185 27 44 128 80 71 14 146 32 167 42 100 112 0,
PFG_MOEA,167,3,343.52,1869.54,0 94 109 1 12 136 149 3 84 86 47 153 77 147 75 24 45 199 196 6 52 105 152 20 57 28 141 79 138 98 173 125 135 66 85 97 2 159 102 49 9 180 0,173
PFG_MOEA,167,4,343.52,1869.54,0 36 5 0,
PFG_MOEA,167,5,343.52,1869.54,0 17 50 16 139 198 191 117 63 192 181 171 188 103 154 40 74 91 133 194 174 126 92 106 116 76 43 197 96 72 54 70 164 21 200 150 39 18 187 165 48 182 95 0,21 188 198
PFG_MOEA,167,6,343.52,1869.54,0 140 110 101 68 15 123 175 122 46 51 107 134 19 8 55 62 177 65 130 161 170 143 145 82 33 178 160 83 99 59 108 166 73 26 114 179 113 37 121 148 129 93 25 124 169 4 111 56 13 132 163 193 78 64 60 0,46 56 68 179
PFG_MOEA,168,1,403.49,1779.21,0 196 6 77 0,
PFG_MOEA,168,2,403.49,1779.21,0 199 94 109 1 144 61 124 169 151 11 137 88 67 155 23 10 162 22 142 119 41 183 53 87 69 127 90 172 158 168 190 35 118 120 31 30 115 184 12 136 149 3 84 86 47 153 147 24 75 45 152 105 189 112 52 2 159 102 36 5 49 9 180 0,
PFG_MOEA,168,3,403.49,1779.21,0 97 0,
PFG_MOEA,168,4,403.49,1779.21,0 20 57 81 89 156 157 104 186 176 38 195 7 58 34 29 131 185 27 44 128 80 71 14 146 32 167 42 100 79 141 138 98 28 173 66 85 125 135 0,89 131
PFG_MOEA,168,5,403.49,1779.21,0 16 139 198 95 182 191 48 165 187 18 39 54 72 70 164 150 200 21 96 197 43 194 174 76 116 106 92 126 133 91 74 154 103 188 171 181 192 40 63 117 140 110 101 68 15 123 175 122 46 51 107 134 19 8 55 0,21 198
PFG_MOEA,168,6,403.49,1779.21,0 60 78 193 163 13 62 177 65 130 161 170 143 145 82 33 178 160 83 99 59 108 166 73 26 114 179 113 37 121 148 129 93 25 4 111 56 132 64 50 17 0,56
PFG_MOEA,169,1,547.48,1749.89,0 151 0,
PFG_MOEA,169,2,547.48,1749.89,0 50 17 169 124 137 11 88 61 67 155 23 10 162 22 142 119 41 183 53 87 69 127 90 172 158 168 190 35 118 120 31 30 115 144 184 12 136 149 0,50 87 155
PFG_MOEA,169,3,547.48,1749.89,0 196 6 105 52 112 189 100 81 57 20 152 45 75 24 147 77 153 94 109 1 3 84 86 47 199 0,1
PFG_MOEA,169,4,547.48,1749.89,0 159 2 97 85 66 98 138 141 79 167 32 146 14 71 80 128 44 27 185 131 29 34 58 195 7 38 176 186 104 157 156 89 42 28 173 125 135 102 36 0,89
PFG_MOEA,169,5,547.48,1749.89,0 60 78 193 13 163 64 132 56 111 4 25 93 129 148 121 37 113 179 114 26 73 166 108 59 99 83 160 178 33 82 145 143 170 161 130 65 177 62 55 8 19 134 123 175 122 16 139 198 15 68 101 117 63 40 192 181 171 188 103 154 74 91 133 126 92 106 116 76 174 194 43 197 96 21 200 150 164 70 72 54 39 18 187 165 140 110 191 48 182 95 5 49 9 180 0,5 63 68
PFG_MOEA,169,6,547.48,1749.89,0 51 107 46 0,
PFG_MOEA,170,1,321.43,1884.2,0 196 6 199 77 94 109 1 184 115 30 31 120 118 35 190 168 158 172 90 127 69 87 53 183 41 119 142 22 162 10 23 155 67 88 137 11 151 169 124 61 144 0,
PFG_MOEA,170,2,321.43,1884.2,0 12 136 149 3 84 86 47 153 147 24 75 45 152 105 189 112 97 52 2 159 102 36 5 49 9 180 0,97
PFG_MOEA,170,3,321.43,1884.2,0 20 57 81 0,
PFG_MOEA,170,4,321.43,1884.2,0 135 125 89 156 157 104 186 176 38 195 7 58 34 29 131 185 27 44 128 80 71 14 146 32 167 42 100 79 141 138 98 28 173 66 85 72 54 39 18 187 165 48 191 182 95 198 139 16 0,89 185
PFG_MOEA,170,5,321.43,1884.2,0 70 164 150 200 21 96 197 43 194 174 76 116 106 92 126 133 91 74 154 103 188 171 181 192 40 63 117 140 110 101 68 15 123 175 122 46 51 107 134 19 0,21
PFG_MOEA,170,6,321.43,1884.2,0 60 50 64 78 193 163 13 8 55 62 177 65 130 161 170 143 145 82 33 178 160 83 99 59 108 166 73 26 114 179 113 37 121 148 129 93 25 4 111 56 132 17 0,
PFG_MOEA,171,1,363.45,1848.54,0 56 111 151 11 137 124 169 88 61 67 155 23 10 162 22 142 119 41 183 53 87 69 127 90 172 158 168 190 35 118 120 31 30 115 144 184 0,137
PFG_MOEA,171,2,363.45,1848.54,0 196 6 105 52 112 189 89 156 157 104 186 176 38 7 195 58 34 29 131 185 27 44 128 80 71 14 146 32 167 42 100 81 57 20 152 45 75 24 147 77 153 94 109 1 12 136 149 3 84 86 47 199 0,185
PFG_MOEA,171,3,363.45,1848.54,0 135 173 28 141 79 138 98 125 0,
PFG_MOEA,171,4,363.45,1848.54,0 159 2 97 85 66 102 36 5 49 0,
PFG_MOEA,171,5,363.45,1848.54,0 180 9 95 182 48 191 110 140 165 187 18 39 54 72 70 164 150 200 21 96 197 43 194 174 76 116 106 92 126 133 91 74 154 103 188 171 181 192 40 63 117 101 68 15 123 175 122 139 198 16 25 4 13 163 193 78 60 0,40 188
PFG_MOEA,171,6,363.45,1848.54,0 46 51 107 134 19 8 55 62 177 65 130 161 170 143 145 82 33 178 160 83 99 59 108 166 73 26 114 179 113 37 121 148 129 93 132 64 50 17 0,46
PFG_MOEA,172,1,261.55,2016.67,0 56 111 169 124 88 155 10 162 31 30 120 118 35 190 168 158 172 90 127 69 87 53 183 41 119 142 22 23 67 61 137 11 151 0,56 124
PFG_MOEA,172,2,261.55,2016.67,0 144 115 184 89 156 157 104 186 176 38 7 195 58 34 29 131 185 27 44 128 80 71 14 146 32 167 42 100 81 189 112 52 105 6 196 0,185
PFG_MOEA,172,3,261.55,2016.67,0 199 94 109 1 12 136 149 3 84 86 47 153 77 147 75 24 45 152 20 57 28 141 79 138 98 173 125 135 66 85 97 2 159 102 0,199
PFG_MOEA,172,4,261.55,2016.67,0 180 9 49 36 5 70 72 54 164 21 96 197 43 76 116 106 92 126 174 194 200 150 39 18 187 165 140 110 191 48 182 95 0,
PFG_MOEA,172,5,261.55,2016.67,0 16 139 198 117 63 181 171 192 40 74 91 133 154 103 188 101 68 15 123 175 25 129 148 93 4 13 163 193 78 60 0,63 188
PFG_MOEA,172,6,261.55,2016.67,0 46 122 51 107 134 19 8 55 62 177 65 130 161 170 143 145 82 33 178 160 83 99 59 108 166 73 26 114 179 113 37 121 132 64 50 17 0,46
PFG_MOEA,173,1,372.87,1829.64,0 199 47 86 84 3 149 136 12 1 109 94 153 77 147 24 75 45 152 20 57 28 42 100 173 98 138 141 79 167 32 146 14 71 80 128 44 27 185 131 29 34 58 195 7 38 176 186 104 157 156 89 81 135 125 189 112 52 159 0,
PFG_MOEA,173,2,372.87,1829.64,0 2 97 85 66 102 36 5 0,
PFG_MOEA,173,3,372.87,1829.64,0 180 9 49 95 182 48 191 110 140 165 187 18 39 54 72 70 164 150 200 21 96 197 43 194 174 76 116 106 92 126 133 91 74 154 103 188 171 181 192 40 63 117 101 68 15 123 175 122 139 198 16 0,40
PFG_MOEA,173,4,372.87,1829.64,0 60 78 193 13 64 50 17 132 4 8 55 62 177 65 130 161 170 143 145 82 33 178 160 83 99 59 108 166 73 26 114 179 113 37 121 148 129 93 25 19 134 107 51 46 0,
PFG_MOEA,173,5,372.87,1829.64,0 163 56 111 151 11 137 88 22 142 119 41 183 53 87 69 127 90 172 158 168 190 35 118 120 31 162 10 23 155 67 61 124 169 0,
PFG_MOEA,173,6,372.87,1829.64,0 144 115 30 184 105 6 196 0,105
PFG_MOEA,174,1,343.52,1869.54,0 184 144 115 120 118 35 190 168 158 172 90 127 69 87 53 183 41 119 30 31 162 142 22 10 23 155 67 61 88 137 11 151 0,
PFG_MOEA,174,2,343.52,1869.54,0 189 81 89 156 157 104 186 176 38 7 195 58 34 29 131 185 27 44 128 80 71 14 146 32 167 42 100 112 0,
PFG_MOEA,174,3,343.52,1869.54,0 94 109 1 12 136 149 3 84 86 47 153 77 147 75 24 45 199 196 6 52 105 152 20 57 28 141 79 138 98 173 125 135 66 85 97 2 159 102 49 9 180 0,173
PFG_MOEA,174,4,343.52,1869.54,0 36 5 0,
PFG_MOEA,174,5,343.52,1869.54,0 17 50 16 139 198 191 117 63 192 181 171 188 103 154 40 74 91 133 194 174 126 92 106 116 76 43 197 96 72 54 70 164 21 200 150 39 18 187 165 48 182 95 0,21 188 198
PFG_MOEA,174,6,343.52,1869.54,0 140 110 101 68 15 123 175 122 46 51 107 134 19 8 55 62 177 65 130 161 170 143 145 82 33 178 160 83 99 59 108 166 73 26 114 179 113 37 121 148 129 93 25 124 169 4 111 56 13 132 163 193 78 64 60 0,46 56 68 179
PFG_MOEA,175,1,403.49,1779.21,0 196 6 77 0,
PFG_MOEA,175,2,403.49,1779.21,0 199 94 109 1 144 61 124 169 151 11 137 88 67 155 23 10 162 22 142 119 41 183 53 87 69 127 90 172 158 168 190 35 118 120 31 30 115 184 12 136 149 3 84 86 47 153 147 24 75 45 152 105 189 112 52 2 159 102 36 5 49 9 180 0,
PFG_MOEA,175,3,403.49,1779.21,0 97 0,
PFG_MOEA,175,4,403.49,1779.21,0 20 57 81 89 156 157 104 186 176 38 195 7 58 34 29 131 185 27 44 128 80 71 14 146 32 167 42 100 79 141 138 98 28 173 66 85 125 135 0,89 131
PFG_MOEA,175,5,403.49,1779.21,0 16 139 198 95 182 191 48 165 187 18 39 54 72 70 164 150 200 21 96 197 43 194 174 76 116 106 92 126 133 91 74 154 103 188 171 181 192 40 63 117 140 110 101 68 15 123 175 122 46 51 107 134 19 8 55 0,21 198
PFG_MOEA,175,6,403.49,1779.21,0 60 78 193 163 13 62 177 65 130 161 170 143 145 82 33 178 160 83 99 59 108 166 73 26 114 179 113 37 121 148 129 93 25 4 111 56 132 64 50 17 0,56
PFG_MOEA,176,1,547.48,1749.89,0 151 0,
PFG_MOEA,176,2,547.48,1749.89,0 50 17 169 124 137 11 88 61 67 155 23 10 162 22 142 119 41 183 53 87 69 127 90 172 158 168 190 35 118 120 31 30 115 144 184 12 136 149 0,50 87 155
PFG_MOEA,176,3,547.48,1749.89,0 196 6 105 52 112 189 100 81 57 20 152 45 75 24 147 77 153 94 109 1 3 84 86 47 199 0,1
PFG_MOEA,176,4,547.48,1749.89,0 159 2 97 85 66 98 138 141 79 167 32 146 14 71 80 128 44 27 185 131 29 34 58 195 7 38 176 186 104 157 156 89 42 28 173 125 135 102 36 0,89
PFG_MOEA,176,5,547.48,1749.89,0 60 78 193 13 163 64 132 56 111 4 25 93 129 148 121 37 113 179 114 26 73 166 108 59 99 83 160 178 33 82 145 143 170 161 130 65 177 62 55 8 19 134 123 175 122 16 139 198 15 68 101 117 63 40 192 181 171 188 103 154 74 91 133 126 92 106 116 76 174 194 43 197 96 21 200 150 164 70 72 54 39 18 187 165 140 110 191 48 182 95 5 49 9 180 0,5 63 68
PFG_MOEA,176,6,547.48,1749.89,0 51 107 46 0,
PFG_MOEA,177,1,321.43,1884.2,0 196 6 199 77 94 109 1 184 115 30 31 120 118 35 190 168 158 172 90 127 69 87 53 183 41 119 142 22 162 10 23 155 67 88 137 11 151 169 124 61 144 0,
PFG_MOEA,177,2,321.43,1884.2,0 12 136 149 3 84 86 47 153 147 24 75 45 152 105 189 112 97 52 2 159 102 36 5 49 9 180 0,97
PFG_MOEA,177,3,321.43,1884.2,0 20 57 81 0,
PFG_MOEA,177,4,321.43,1884.2,0 135 125 89 156 157 104 186 176 38 195 7 58 34 29 131 185 27 44 128 80 71 14 146 32 167 42 100 79 141 138 98 28 173 66 85 72 54 39 18 187 165 48 191 182 95 198 139 16 0,89 185
PFG_MOEA,177,5,321.43,1884.2,0 70 164 150 200 21 96 197 43 194 174 76 116 106 92 126 133 91 74 154 103 188 171 181 192 40 63 117 140 110 101 68 15 123 175 122 46 51 107 134 19 0,21
PFG_MOEA,177,6,321.43,1884.2,0 60 50 64 78 193 163 13 8 55 62 177 65 130 161 170 143 145 82 33 178 160 83 99 59 108 166 73 26 114 179 113 37 121 148 129 93 25 4 111 56 132 17 0,
PFG_MOEA,178,1,363.45,1848.54,0 56 111 151 11 137 124 169 88 61 67 155 23 10 162 22 142 119 41 183 53 87 69 127 90 172 158 168 190 35 118 120 31 30 115 144 184 0,137
PFG_MOEA,178,2,363.45,1848.54,0 196 6 105 52 112 189 89 156 157 104 186 176 38 7 195 58 34 29 131 185 27 44 128 80 71 14 146 32 167 42 100 81 57 20 152 45 75 24 147 77 153 94 109 1 12 136 149 3 84 86 47 199 0,185
PFG_MOEA,178,3,363.45,1848.54,0 135 173 28 141 79 138 98 125 0,
PFG_MOEA,178,4,363.45,1848.54,0 159 2 97 85 66 102 36 5 49 0,
PFG_MOEA,178,5,363.45,1848.54,0 180 9 95 182 48 191 110 140 165 187 18 39 54 72 70 164 150 200 21 96 197 43 194 174 76 116 106 92 126 133 91 74 154 103 188 171 181 192 40 63 117 101 68 15 123 175 122 139 198 16 25 4 13 163 193 78 60 0,40 188
PFG_MOEA,178,6,363.45,1848.54,0 46 51 107 134 19 8 55 62 177 65 130 161 170 143 145 82 33 178 160 83 99 59 108 166 73 26 114 179 113 37 121 148 129 93 132 64 50 17 0,46
PFG_MOEA,179,1,261.55,2016.67,0 56 111 169 124 88 155 10 162 31 30 120 118 35 190 168 158 172 90 127 69 87 53 183 41 119 142 22 23 67 61 137 11 151 0,56 124
PFG_MOEA,179,2,261.55,2016.67,0 144 115 184 89 156 157 104 186 176 38 7 195 58 34 29 131 185 27 44 128 80 71 14 146 32 167 42 100 81 189 112 52 105 6 196 0,185
PFG_MOEA,179,3,261.55,2016.67,0 199 94 109 1 12 136 149 3 84 86 47 153 77 147 75 24 45 152 20 57 28 141 79 138 98 173 125 135 66 85 97 2 159 102 0,199
PFG_MOEA,179,4,261.55,2016.67,0 180 9 49 36 5 70 72 54 164 21 96 197 43 76 116 106 92 126 174 194 200 150 39 18 187 165 140 110 191 48 182 95 0,
PFG_MOEA,179,5,261.55,2016.67,0 16 139 198 117 63 181 171 192 40 74 91 133 154 103 188 101 68 15 123 175 25 129 148 93 4 13 163 193 78 60 0,63 188
PFG_MOEA,179,6,261.55,2016.67,0 46 122 51 107 134 19 8 55 62 177 65 130 161 170 143 145 82 33 178 160 83 99 59 108 166 73 26 114 179 113 37 121 132 64 50 17 0,46
PFG_MOEA,180,1,372.87,1829.64,0 199 47 86 84 3 149 136 12 1 109 94 153 77 147 24 75 45 152 20 57 28 42 100 173 98 138 141 79 167 32 146 14 71 80 128 44 27 185 131 29 34 58 195 7 38 176 186 104 157 156 89 81 135 125 189 112 52 159 0,
PFG_MOEA,180,2,372.87,1829.64,0 2 97 85 66 102 36 5 0,
PFG_MOEA,180,3,372.87,1829.64,0 180 9 49 95 182 48 191 110 140 165 187 18 39 54 72 70 164 150 200 21 96 197 43 194 174 76 116 106 92 126 133 91 74 154 103 188 171 181 192 40 63 117 101 68 15 123 175 122 139 198 16 0,40
PFG_MOEA,180,4,372.87,1829.64,0 60 78 193 13 64 50 17 132 4 8 55 62 177 65 130 161 170 143 145 82 33 178 160 83 99 59 108 166 73 26 114 179 113 37 121 148 129 93 25 19 134 107 51 46 0,
PFG_MOEA,180,5,372.87,1829.64,0 163 56 111 151 11 137 88 22 142 119 41 183 53 87 69 127 90 172 158 168 190 35 118 120 31 162 10 23 155 67 61 124 169 0,
PFG_MOEA,180,6,372.87,1829.64,0 144 115 30 184 105 6 196 0,105
PFG_MOEA,181,1,343.52,1869.54,0 184 144 115 120 118 35 190 168 158 172 90 127 69 87 53 183 41 119 30 31 162 142 22 10 23 155 67 61 88 137 11 151 0,
PFG_MOEA,181,2,343.52,1869.54,0 189 81 89 156 157 104 186 176 38 7 195 58 34 29 131 185 27 44 128 80 71 14 146 32 167 42 100 112 0,
PFG_MOEA,181,3,343.52,1869.54,0 94 109 1 12 136 149 3 84 86 47 153 77 147 75 24 45 199 196 6 52 105 152 20 57 28 141 79 138 98 173 125 135 66 85 97 2 159 102 49 9 180 0,173
PFG_MOEA,181,4,343.52,1869.54,0 36 5 0,
PFG_MOEA,181,5,343.52,1869.54,0 17 50 16 139 198 191 117 63 192 181 171 188 103 154 40 74 91 133 194 174 126 92 106 116 76 43 197 96 72 54 70 164 21 200 150 39 18 187 165 48 182 95 0,21 188 198
PFG_MOEA,181,6,343.52,1869.54,0 140 110 101 68 15 123 175 122 46 51 107 134 19 8 55 62 177 65 130 161 170 143 145 82 33 178 160 83 99 59 108 166 73 26 114 179 113 37 121 148 129 93 25 124 169 4 111 56 13 132 163 193 78 64 60 0,46 56 68 179
PFG_MOEA,182,1,403.49,1779.21,0 196 6 77 0,
PFG_MOEA,182,2,403.49,1779.21,0 199 94 109 1 144 61 124 169 151 11 137 88 67 155 23 10 162 22 142 119 41 183 53 87 69 127 90 172 158 168 190 35 118 120 31 30 115 184 12 136 149 3 84 86 47 153 147 24 75 45 152 105 189 112 52 2 159 102 36 5 49 9 180 0,
PFG_MOEA,182,3,403.49,1779.21,0 97 0,
PFG_MOEA,182,4,403.49,1779.21,0 20 57 81 89 156 157 104 186 176 38 195 7 58 34 29 131 185 27 44 128 80 71 14 146 32 167 42 100 79 141 138 98 28 173 66 85 125 135 0,89 131
PFG_MOEA,182,5,403.49,1779.21,0 16 139 198 95 182 191 48 165 187 18 39 54 72 70 164 150 200 21 96 197 43 194 174 76 116 106 92 126 133 91 74 154 103 188 171 181 192 40 63 117 140 110 101 68 15 123 175 122 46 51 107 134 19 8 55 0,21 198
PFG_MOEA,182,6,403.49,1779.21,0 60 78 193 163 13 62 177 65 130 161 170 143 145 82 33 178 160 83 99 59 108 166 73 26 114 179 113 37 121 148 129 93 25 4 111 56 132 64 50 17 0,56
PFG_MOEA,183,1,547.48,1749.89,0 151 0,
PFG_MOEA,183,2,547.48,1749.89,0 50 17 169 124 137 11 88 61 67 155 23 10 162 22 142 119 41 183 53 87 69 127 90 172 158 168 190 35 118 120 31 30 115 144 184 12 136 149 0,50 87 155
PFG_MOEA,183,3,547.48,1749.89,0 196 6 105 52 112 189 100 81 57 20 152 45 75 24 147 77 153 94 109 1 3 84 86 47 199 0,1
PFG_MOEA,183,4,547.48,1749.89,0 159 2 97 85 66 98 138 141 79 167 32 146 14 71 80 128 44 27 185 131 29 34 58 195 7 38 176 186 104 157 156 89 42 28 173 125 135 102 36 0,89
PFG_MOEA,183,5,547.48,1749.89,0 60 78 193 13 163 64 132 56 111 4 25 93 129 148 121 37 113 179 114 26 73 166 108 59 99 83 160 178 33 82 145 143 170 161 130 65 177 62 55 8 19 134 123 175 122 16 139 198 15 68 101 117 63 40 192 181 171 188 103 154 74 91 133 126 92 106 116 76 174 194 43 197 96 21 200 150 164 70 72 54 39 18 187 165 140 110 191 48 182 95 5 49 9 180 0,5 63 68
PFG_MOEA,183,6,547.48,1749.89,0 51 107 46 0,
PFG_MOEA,184,1,321.43,1884.2,0 196 6 199 77 94 109 1 184 115 30 31 120 118 35 190 168 158 172 90 127 69 87 53 183 41 119 142 22 162 10 23 155 67 88 137 11 151 169 124 61 144 0,
PFG_MOEA,184,2,321.43,1884.2,0 12 136 149 3 84 86 47 153 147 24 75 45 152 105 189 112 97 52 2 159 102 36 5 49 9 180 0,97
PFG_MOEA,184,3,321.43,1884.2,0 20 57 81 0,
PFG_MOEA,184,4,321.43,1884.2,0 135 125 89 156 157 104 186 176 38 195 7 58 34 29 131 185 27 44 128 80 71 14 146 32 167 42 100 79 141 138 98 28 173 66 85 72 54 39 18 187 165 48 191 182 95 198 139 16 0,89 185
PFG_MOEA,184,5,321.43,1884.2,0 70 164 150 200 21 96 197 43 194 174 76 116 106 92 126 133 91 74 154 103 188 171 181 192 40 63 117 140 110 101 68 15 123 175 122 46 51 107 134 19 0,21
PFG_MOEA,184,6,321.43,1884.2,0 60 50 64 78 193 163 13 8 55 62 177 65 130 161 170 143 145 82 33 178 160 83 99 59 108 166 73 26 114 179 113 37 121 148 129 93 25 4 111 56 132 17 0,
PFG_MOEA,185,1,363.45,1848.54,0 56 111 151 11 137 124 169 88 61 67 155 23 10 162 22 142 119 41 183 53 87 69 127 90 172 158 168 190 35 118 120 31 30 115 144 184 0,137
PFG_MOEA,185,2,363.45,1848.54,0 196 6 105 52 112 189 89 156 157 104 186 176 38 7 195 58 34 29 131 185 27 44 128 80 71 14 146 32 167 42 100 81 57 20 152 45 75 24 147 77 153 94 109 1 12 136 149 3 84 86 47 199 0,185
PFG_MOEA,185,3,363.45,1848.54,0 135 173 28 141 79 138 98 125 0,
PFG_MOEA,185,4,363.45,1848.54,0 159 2 97 85 66 102 36 5 49 0,
PFG_MOEA,185,5,363.45,1848.54,0 180 9 95 182 48 191 110 140 165 187 18 39 54 72 70 164 150 200 21 96 197 43 194 174 76 116 106 92 126 133 91 74 154 103 188 171 181 192 40 63 117 101 68 15 123 175 122 139 198 16 25 4 13 163 193 78 60 0,40 188
PFG_MOEA,185,6,363.45,1848.54,0 46 51 107 134 19 8 55 62 177 65 130 161 170 143 145 82 33 178 160 83 99 59 108 166 73 26 114 179 113 37 121 148 129 93 132 64 50 17 0,46
PFG_MOEA,186,1,261.55,2016.67,0 56 111 169 124 88 155 10 162 31 30 120 118 35 190 168 158 172 90 127 69 87 53 183 41 119 142 22 23 67 61 137 11 151 0,56 124
PFG_MOEA,186,2,261.55,2016.67,0 144 115 184 89 156 157 104 186 176 38 7 195 58 34 29 131 185 27 44 128 80 71 14 146 32 167 42 100 81 189 112 52 105 6 196 0,185
PFG_MOEA,186,3,261.55,2016.67,0 199 94 109 1 12 136 149 3 84 86 47 153 77 147 75 24 45 152 20 57 28 141 79 138 98 173 125 135 66 85 97 2 159 102 0,199
PFG_MOEA,186,4,261.55,2016.67,0 180 9 49 36 5 70 72 54 164 21 96 197 43 76 116 106 92 126 174 194 200 150 39 18 187 165 140 110 191 48 182 95 0,
PFG_MOEA,186,5,261.55,2016.67,0 16 139 198 117 63 181 171 192 40 74 91 133 154 103 188 101 68 15 123 175 25 129 148 93 4 13 163 193 78 60 0,63 188
PFG_MOEA,186,6,261.55,2016.67,0 46 122 51 107 134 19 8 55 62 177 65 130 161 170 143 145 82 33 178 160 83 99 59 108 166 73 26 114 179 113 37 121 132 64 50 17 0,46
PFG_MOEA,187,1,372.87,1829.64,0 199 47 86 84 3 149 136 12 1 109 94 153 77 147 24 75 45 152 20 57 28 42 100 173 98 138 141 79 167 32 146 14 71 80 128 44 27 185 131 29 34 58 195 7 38 176 186 104 157 156 89 81 135 125 189 112 52 159 0,
PFG_MOEA,187,2,372.87,1829.64,0 2 97 85 66 102 36 5 0,
PFG_MOEA,187,3,372.87,1829.64,0 180 9 49 95 182 48 191 110 140 165 187 18 39 54 72 70 164 150 200 21 96 197 43 194 174 76 116 106 92 126 133 91 74 154 103 188 171 181 192 40 63 117 101 68 15 123 175 122 139 198 16 0,40
PFG_MOEA,187,4,372.87,1829.64,0 60 78 193 13 64 50 17 132 4 8 55 62 177 65 130 161 170 143 145 82 33 178 160 83 99 59 108 166 73 26 114 179 113 37 121 148 129 93 25 19 134 107 51 46 0,
PFG_MOEA,187,5,372.87,1829.64,0 163 56 111 151 11 137 88 22 142 119 41 183 53 87 69 127 90 172 158 168 190 35 118 120 31 162 10 23 155 67 61 124 169 0,
PFG_MOEA,187,6,372.87,1829.64,0 144 115 30 184 105 6 196 0,105
PFG_MOEA,188,1,343.52,1869.54,0 184 144 115 120 118 35 190 168 158 172 90 127 69 87 53 183 41 119 30 31 162 142 22 10 23 155 67 61 88 137 11 151 0,
PFG_MOEA,188,2,343.52,1869.54,0 189 81 89 156 157 104 186 176 38 7 195 58 34 29 131 185 27 44 128 80 71 14 146 32 167 42 100 112 0,
PFG_MOEA,188,3,343.52,1869.54,0 94 109 1 12 136 149 3 84 86 47 153 77 147 75 24 45 199 196 6 52 105 152 20 57 28 141 79 138 98 173 125 135 66 85 97 2 159 102 49 9 180 0,173
PFG_MOEA,188,4,343.52,1869.54,0 36 5 0,
PFG_MOEA,188,5,343.52,1869.54,0 17 50 16 139 198 191 117 63 192 181 171 188 103 154 40 74 91 133 194 174 126 92 106 116 76 43 197 96 72 54 70 164 21 200 150 39 18 187 165 48 182 95 0,21 188 198
PFG_MOEA,188,6,343.52,1869.54,0 140 110 101 68 15 123 175 122 46 51 107 134 19 8 55 62 177 65 130 161 170 143 145 82 33 178 160 83 99 59 108 166 73 26 114 179 113 37 121 148 129 93 25 124 169 4 111 56 13 132 163 193 78 64 60 0,46 56 68 179
PFG_MOEA,189,1,403.49,1779.21,0 196 6 77 0,
PFG_MOEA,189,2,403.49,1779.21,0 199 94 109 1 144 61 124 169 151 11 137 88 67 155 23 10 162 22 142 119 41 183 53 87 69 127 90 172 158 168 190 35 118 120 31 30 115 184 12 136 149 3 84 86 47 153 147 24 75 45 152 105 189 112 52 2 159 102 36 5 49 9 180 0,
PFG_MOEA,189,3,403.49,1779.21,0 97 0,
PFG_MOEA,189,4,403.49,1779.21,0 20 57 81 89 156 157 104 186 176 38 195 7 58 34 29 131 185 27 44 128 80 71 14 146 32 167 42 100 79 141 138 98 28 173 66 85 125 135 0,89 131
PFG_MOEA,189,5,403.49,1779.21,0 16 139 198 95 182 191 48 165 187 18 39 54 72 70 164 150 200 21 96 197 43 194 174 76 116 106 92 126 133 91 74 154 103 188 171 181 192 40 63 117 140 110 101 68 15 123 175 122 46 51 107 134 19 8 55 0,21 198
PFG_MOEA,189,6,403.49,1779.21,0 60 78 193 163 13 62 177 65 130 161 170 143 145 82 33 178 160 83 99 59 108 166 73 26 114 179 113 37 121 148 129 93 25 4 111 56 132 64 50 17 0,56
PFG_MOEA,190,1,547.48,1749.89,0 151 0,
PFG_MOEA,190,2,547.48,1749.89,0 50 17 169 124 137 11 88 61 67 155 23 10 162 22 142 119 41 183 53 87 69 127 90 172 158 168 190 35 118 120 31 30 115 144 184 12 136 149 0,50 87 155
PFG_MOEA,190,3,547.48,1749.89,0 196 6 105 52 112 189 100 81 57 20 152 45 75 24 147 77 153 94 109 1 3 84 86 47 199 0,1
PFG_MOEA,190,4,547.48,1749.89,0 159 2 97 85 66 98 138 141 79 167 32 146 14 71 80 128 44 27 185 131 29 34 58 195 7 38 176 186 104 157 156 89 42 28 173 125 135 102 36 0,89
PFG_MOEA,190,5,547.48,1749.89,0 60 78 193 13 163 64 132 56 111 4 25 93 129 148 121 37 113 179 114 26 73 166 108 59 99 83 160 178 33 82 145 143 170 161 130 65 177 62 55 8 19 134 123 175 122 16 139 198 15 68 101 117 63 40 192 181 171 188 103 154 74 91 133 126 92 106 116 76 174 194 43 197 96 21 200 150 164 70 72 54 39 18 187 165 140 110 191 48 182 95 5 49 9 180 0,5 63 68
PFG_MOEA,190,6,547.48,1749.89,0 51 107 46 0,
PFG_MOEA,191,1,321.43,1884.2,0 196 6 199 77 94 109 1 184 115 30 31 120 118 35 190 168 158 172 90 127 69 87 53 183 41 119 142 22 162 10 23 155 67 88 137 11 151 169 124 61 144 0,
PFG_MOEA,191,2,321.43,1884.2,0 12 136 149 3 84 86 47 153 147 24 75 45 152 105 189 112 97 52 2 159 102 36 5 49 9 180 0,97
PFG_MOEA,191,3,321.43,1884.2,0 20 57 81 0,
PFG_MOEA,191,4,321.43,1884.2,0 135 125 89 156 157 104 186 176 38 195 7 58 34 29 131 185 27 44 128 80 71 14 146 32 167 42 100 79 141 138 98 28 173 66 85 72 54 39 18 187 165 48 191 182 95 198 139 16 0,89 185
PFG_MOEA,191,5,321.43,1884.2,0 70 164 150 200 21 96 197 43 194 174 76 116 106 92 126 133 91 74 154 103 188 171 181 192 40 63 117 140 110 101 68 15 123 175 122 46 51 107 134 19 0,21
PFG_MOEA,191,6,321.43,1884.2,0 60 50 64 78 193 163 13 8 55 62 177 65 130 161 170 143 145 82 33 178 160 83 99 59 108 166 73 26 114 179 113 37 121 148 129 93 25 4 111 56 132 17 0,
PFG_MOEA,192,1,363.45,1848.54,0 56 111 151 11 137 124 169 88 61 67 155 23 10 162 22 142 119 41 183 53 87 69 127 90 172 158 168 190 35 118 120 31 30 115 144 184 0,137
PFG_MOEA,192,2,363.45,1848.54,0 196 6 105 52 112 189 89 156 157 104 186 176 38 7 195 58 34 29 131 185 27 44 128 80 71 14 146 32 167 42 100 81 57 20 152 45 75 24 147 77 153 94 109 1 12 136 149 3 84 86 47 199 0,185
PFG_MOEA,192,3,363.45,1848.54,0 135 173 28 141 79 138 98 125 0,
PFG_MOEA,192,4,363.45,1848.54,0 159 2 97 85 66 102 36 5 49 0,
PFG_MOEA,192,5,363.45,1848.54,0 180 9 95 182 48 191 110 140 165 187 18 39 54 72 70 164 150 200 21 96 197 43 194 174 76 116 106 92 126 133 91 74 154 103 188 171 181 192 40 63 117 101 68 15 123 175 122 139 198 16 25 4 13 163 193 78 60 0,40 188
PFG_MOEA,192,6,363.45,1848.54,0 46 51 107 134 19 8 55 62 177 65 130 161 170 143 145 82 33 178 160 83 99 59 108 166 73 26 114 179 113 37 121 148 129 93 132 64 50 17 0,46
PFG_MOEA,193,1,261.55,2016.67,0 56 111 169 124 88 155 10 162 31 30 120 118 35 190 168 158 172 90 127 69 87 53 183 41 119 142 22 23 67 61 137 11 151 0,56 124
PFG_MOEA,193,2,261.55,2016.67,0 144 115 184 89 156 157 104 186 176 38 7 195 58 34 29 131 185 27 44 128 80 71 14 146 32 167 42 100 81 189 112 52 105 6 196 0,185
PFG_MOEA,193,3,261.55,2016.67,0 199 94 109 1 12 136 149 3 84 86 47 153 77 147 75 24 45 152 20 57 28 141 79 138 98 173 125 135 66 85 97 2 159 102 0,199
PFG_MOEA,193,4,261.55,2016.67,0 180 9 49 36 5 70 72 54 164 21 96 197 43 76 116 106 92 126 174 194 200 150 39 18 187 165 140 110 191 48 182 95 0,
PFG_MOEA,193,5,261.55,2016.67,0 16 139 198 117 63 181 171 192 40 74 91 133 154 103 188 101 68 15 123 175 25 129 148 93 4 13 163 193 78 60 0,63 188
PFG_MOEA,193,6,261.55,2016.67,0 46 122 51 107 134 19 8 55 62 177 65 130 161 170 143 145 82 33 178 160 83 99 59 108 166 73 26 114 179 113 37 121 132 64 50 17 0,46
PFG_MOEA,194,1,372.87,1829.64,0 199 47 86 84 3 149 136 12 1 109 94 153 77 147 24 75 45 152 20 57 28 42 100 173 98 138 141 79 167 32 146 14 71 80 128 44 27 185 131 29 34 58 195 7 38 176 186 104 157 156 89 81 135 125 189 112 52 159 0,
PFG_MOEA,194,2,372.87,1829.64,0 2 97 85 66 102 36 5 0,
PFG_MOEA,194,3,372.87,1829.64,0 180 9 49 95 182 48 191 110 140 165 187 18 39 54 72 70 164 150 200 21 96 197 43 194 174 76 116 106 92 126 133 91 74 154 103 188 171 181 192 40 63 117 101 68 15 123 175 122 139 198 16 0,40
PFG_MOEA,194,4,372.87,1829.64,0 60 78 193 13 64 50 17 132 4 8 55 62 177 65 130 161 170 143 145 82 33 178 160 83 99 59 108 166 73 26 114 179 113 37 121 148 129 93 25 19 134 107 51 46 0,
PFG_MOEA,194,5,372.87,1829.64,0 163 56 111 151 11 137 88 22 142 119 41 183 53 87 69 127 90 172 158 168 190 35 118 120 31 162 10 23 155 67 61 124 169 0,
PFG_MOEA,194,6,372.87,1829.64,0 144 115 30 184 105 6 196 0,105
PFG_MOEA,195,1,343.52,1869.54,0 184 144 115 120 118 35 190 168 158 172 90 127 69 87 53 183 41 119 30 31 162 142 22 10 23 155 67 61 88 137 11 151 0,
PFG_MOEA,195,2,343.52,1869.54,0 189 81 89 156 157 104 186 176 38 7 195 58 34 29 131 185 27 44 128 80 71 14 146 32 167 42 100 112 0,
PFG_MOEA,195,3,343.52,1869.54,0 94 109 1 12 136 149 3 84 86 47 153 77 147 75 24 45 199 196 6 52 105 152 20 57 28 141 79 138 98 173 125 135 66 85 97 2 159 102 49 9 180 0,173
PFG_MOEA,195,4,343.52,1869.54,0 36 5 0,
PFG_MOEA,195,5,343.52,1869.54,0 17 50 16 139 198 191 117 63 192 181 171 188 103 154 40 74 91 133 194 174 126 92 106 116 76 43 197 96 72 54 70 164 21 200 150 39 18 187 165 48 182 95 0,21 188 198
PFG_MOEA,195,6,343.52,1869.54,0 140 110 101 68 15 123 175 122 46 51 107 134 19 8 55 62 177 65 130 161 170 143 145 82 33 178 160 83 99 59 108 166 73 26 114 179 113 37 121 148 129 93 25 124 169 4 111 56 13 132 163 193 78 64 60 0,46 56 68 179
PFG_MOEA,196,1,403.49,1779.21,0 196 6 77 0,
PFG_MOEA,196,2,403.49,1779.21,0 199 94 109 1 144 61 124 169 151 11 137 88 67 155 23 10 162 22 142 119 41 183 53 87 69 127 90 172 158 168 190 35 118 120 31 30 115 184 12 136 149 3 84 86 47 153 147 24 75 45 152 105 189 112 52 2 159 102 36 5 49 9 180 0,
PFG_MOEA,196,3,403.49,1779.21,0 97 0,
PFG_MOEA,196,4,403.49,1779.21,0 20 57 81 89 156 157 104 186 176 38 195 7 58 34 29 131 185 27 44 128 80 71 14 146 32 167 42 100 79 141 138 98 28 173 66 85 125 135 0,89 131
PFG_MOEA,196,5,403.49,1779.21,0 16 139 198 95 182 191 48 165 187 18 39 54 72 70 164 150 200 21 96 197 43 194 174 76 116 106 92 126 133 91 74 154 103 188 171 181 192 40 63 117 140 110 101 68 15 123 175 122 46 51 107 134 19 8 55 0,21 198
PFG_MOEA,196,6,403.49,1779.21,0 60 78 193 163 13 62 177 65 130 161 170 143 145 82 33 178 160 83 99 59 108 166 73 26 114 179 113 37 121 148 129 93 25 4 111 56 132 64 50 17 0,56
PFG_MOEA,197,1,547.48,1749.89,0 151 0,
PFG_MOEA,197,2,547.48,1749.89,0 50 17 169 124 137 11 88 61 67 155 23 10 162 22 142 119 41 183 53 87 69 127 90 172 158 168 190 35 118 120 31 30 115 144 184 12 136 149 0,50 87 155
PFG_MOEA,197,3,547.48,1749.89,0 196 6 105 52 112 189 100 81 57 20 152 45 75 24 147 77 153 94 109 1 3 84 86 47 199 0,1
PFG_MOEA,197,4,547.48,1749.89,0 159 2 97 85 66 98 138 141 79 167 32 146 14 71 80 128 44 27 185 131 29 34 58 195 7 38 176 186 104 157 156 89 42 28 173 125 135 102 36 0,89
PFG_MOEA,197,5,547.48,1749.89,0 60 78 193 13 163 64 132 56 111 4 25 93 129 148 121 37 113 179 114 26 73 166 108 59 99 83 160 178 33 82 145 143 170 161 130 65 177 62 55 8 19 134 123 175 122 16 139 198 15 68 101 117 63 40 192 181 171 188 103 154 74 91 133 126 92 106 116 76 174 194 43 197 96 21 200 150 164 70 72 54 39 18 187 165 140 110 191 48 182 95 5 49 9 180 0,5 63 68
PFG_MOEA,197,6,547.48,1749.89,0 51 107 46 0,
PFG_MOEA,198,1,321.43,1884.2,0 196 6 199 77 94 109 1 184 115 30 31 120 118 35 190 168 158 172 90 127 69 87 53 183 41 119 142 22 162 10 23 155 67 88 137 11 151 169 124 61 144 0,
PFG_MOEA,198,2,321.43,1884.2,0 12 136 149 3 84 86 47 153 147 24 75 45 152 105 189 112 97 52 2 159 102 36 5 49 9 180 0,97
PFG_MOEA,198,3,321.43,1884.2,0 20 57 81 0,
PFG_MOEA,198,4,321.43,1884.2,0 135 125 89 156 157 104 186 176 38 195 7 58 34 29 131 185 27 44 128 80 71 14 146 32 167 42 100 79 141 138 98 28 173 66 85 72 54 39 18 187 165 48 191 182 95 198 139 16 0,89 185
PFG_MOEA,198,5,321.43,1884.2,0 70 164 150 200 21 96 197 43 194 174 76 116 106 92 126 133 91 74 154 103 188 171 181 192 40 63 117 140 110 101 68 15 123 175 122 46 51 107 134 19 0,21
PFG_MOEA,198,6,321.43,1884.2,0 60 50 64 78 193 163 13 8 55 62 177 65 130 161 170 143 145 82 33 178 160 83 99 59 108 166 73 26 114 179 113 37 121 148 129 93 25 4 111 56 132 17 0,
PFG_MOEA,199,1,363.45,1848.54,0 56 111 151 11 137 124 169 88 61 67 155 23 10 162 22 142 119 41 183 53 87 69 127 90 172 158 168 190 35 118 120 31 30 115 144 184 0,137
PFG_MOEA,199,2,363.45,1848.54,0 196 6 105 52 112 189 89 156 157 104 186 176 38 7 195 58 34 29 131 185 27 44 128 80 71 14 146 32 167 42 100 81 57 20 152 45 75 24 147 77 153 94 109 1 12 136 149 3 84 86 47 199 0,185
PFG_MOEA,199,3,363.45,1848.54,0 135 173 28 141 79 138 98 125 0,
PFG_MOEA,199,4,363.45,1848.54,0 159 2 97 85 66 102 36 5 49 0,
PFG_MOEA,199,5,363.45,1848.54,0 180 9 95 182 48 191 110 140 165 187 18 39 54 72 70 164 150 200 21 96 197 43 194 174 76 116 106 92 126 133 91 74 154 103 188 171 181 192 40 63 117 101 68 15 123 175 122 139 198 16 25 4 13 163 193 78 60 0,40 188
PFG_MOEA,199,6,363.45,1848.54,0 46 51 107 134 19 8 55 62 177 65 130 161 170 143 145 82 33 178 160 83 99 59 108 166 73 26 114 179 113 37 121 148 129 93 132 64 50 17 0,46
PFG_MOEA,200,1,261.55,2016.67,0 56 111 169 124 88 155 10 162 31 30 120 118 35 190 168 158 172 90 127 69 87 53 183 41 119 142 22 23 67 61 137 11 151 0,56 124
PFG_MOEA,200,2,261.55,2016.67,0 144 115 184 89 156 157 104 186 176 38 7 195 58 34 29 131 185 27 44 128 80 71 14 146 32 167 42 100 81 189 112 52 105 6 196 0,185
PFG_MOEA,200,3,261.55,2016.67,0 199 94 109 1 12 136 149 3 84 86 47 153 77 147 75 24 45 152 20 57 28 141 79 138 98 173 125 135 66 85 97 2 159 102 0,199
PFG_MOEA,200,4,261.55,2016.67,0 180 9 49 36 5 70 72 54 164 21 96 197 43 76 116 106 92 126 174 194 200 150 39 18 187 165 140 110 191 48 182 95 0,
PFG_MOEA,200,5,261.55,2016.67,0 16 139 198 117 63 181 171 192 40 74 91 133 154 103 188 101 68 15 123 175 25 129 148 93 4 13 163 193 78 60 0,63 188
PFG_MOEA,200,6,261.55,2016.67,0 46 122 51 107 134 19 8 55 62 177 65 130 161 170 143 145 82 33 178 160 83 99 59 108 166 73 26 114 179 113 37 121 132 64 50 17 0,46
PFG_MOEA,201,1,372.87,1829.64,0 199 47 86 84 3 149 136 12 1 109 94 153 77 147 24 75 45 152 20 57 28 42 100 173 98 138 141 79 167 32 146 14 71 80 128 44 27 185 131 29 34 58 195 7 38 176 186 104 157 156 89 81 135 125 189 112 52 159 0,
PFG_MOEA,201,2,372.87,1829.64,0 2 97 85 66 102 36 5 0,
PFG_MOEA,201,3,372.87,1829.64,0 180 9 49 95 182 48 191 110 140 165 187 18 39 54 72 70 164 150 200 21 96 197 43 194 174 76 116 106 92 126 133 91 74 154 103 188 171 181 192 40 63 117 101 68 15 123 175 122 139 198 16 0,40
PFG_MOEA,201,4,372.87,1829.64,0 60 78 193 13 64 50 17 132 4 8 55 62 177 65 130 161 170 143 145 82 33 178 160 83 99 59 108 166 73 26 114 179 113 37 121 148 129 93 25 19 134 107 51 46 0,
PFG_MOEA,201,5,372.87,1829.64,0 163 56 111 151 11 137 88 22 142 119 41 183 53 87 69 127 90 172 158 168 190 35 118 120 31 162 10 23 155 67 61 124 169 0,
PFG_MOEA,201,6,372.87,1829.64,0 144 115 30 184 105 6 196 0,105
PFG_MOEA,202,1,343.52,1869.54,0 184 144 115 120 118 35 190 168 158 172 90 127 69 87 53 183 41 119 30 31 162 142 22 10 23 155 67 61 88 137 11 151 0,
PFG_MOEA,202,2,343.52,1869.54,0 189 81 89 156 157 104 186 176 38 7 195 58 34 29 131 185 27 44 128 80 71 14 146 32 167 42 100 112 0,
PFG_MOEA,202,3,343.52,1869.54,0 94 109 1 12 136 149 3 84 86 47 153 77 147 75 24 45 199 196 6 52 105 152 20 57 28 141 79 138 98 173 125 135 66 85 97 2 159 102 49 9 180 0,173
PFG_MOEA,202,4,343.52,1869.54,0 36 5 0,
PFG_MOEA,202,5,343.52,1869.54,0 17 50 16 139 198 191 117 63 192 181 171 188 103 154 40 74 91 133 194 174 126 92 106 116 76 43 197 96 72 54 70 164 21 200 150 39 18 187 165 48 182 95 0,21 188 198
PFG_MOEA,202,6,343.52,1869.54,0 140 110 101 68 15 123 175 122 46 51 107 134 19 8 55 62 177 65 130 161 170 143 145 82 33 178 160 83 99 59 108 166 73 26 114 179 113 37 121 148 129 93 25 124 169 4 111 56 13 132 163 193 78 64 60 0,46 56 68 179
PFG_MOEA,203,1,336.24,1871.66,0 199 47 86 84 3 149 136 12 1 109 94 153 77 147 24 45 75 0,
PFG_MOEA,203,2,336.24,1871.66,0 95 5 36 102 97 112 85 66 125 135 81 89 156 157 104 186 176 38 7 195 58 34 29 131 185 27 44 128 80 71 14 146 32 167 79 141 138 98 173 100 42 28 57 20 152 189 52 2 159 180 49 9 0,89 185
PFG_MOEA,203,3,336.24,1871.66,0 182 48 191 110 140 165 187 18 39 54 72 70 164 150 200 21 96 197 43 194 174 76 116 106 92 126 133 91 74 154 103 188 171 181 192 40 63 117 101 68 15 123 175 122 139 0,68 91 139
PFG_MOEA,203,4,336.24,1871.66,0 16 198 46 51 107 134 19 25 93 129 148 121 37 113 179 114 26 73 166 108 59 99 83 160 178 33 82 145 143 170 161 130 65 177 62 55 8 4 111 132 163 56 13 193 78 60 64 50 17 151 0,
PFG_MOEA,203,5,336.24,1871.66,0 11 88 137 0,
PFG_MOEA,203,6,336.24,1871.66,0 169 124 61 67 155 23 10 162 22 142 119 41 183 53 87 69 127 90 172 158 168 190 35 118 120 30 31 115 144 184 105 6 196 0,155
PFG_MOEA,204,1,403.49,1779.21,0 196 6 77 0,
PFG_MOEA,204,2,403.49,1779.21,0 199 94 109 1 144 61 124 169 151 11 137 88 67 155 23 10 162 22 142 119 41 183 53 87 69 127 90 172 158 168 190 35 118 120 31 30 115 184 12 136 149 3 84 86 47 153 147 24 75 45 152 105 189 112 52 2 159 102 36 5 49 9 180 0,
PFG_MOEA,204,3,403.49,1779.21,0 97 0,
PFG_MOEA,204,4,403.49,1779.21,0 20 57 81 89 156 157 104 186 176 38 195 7 58 34 29 131 185 27 44 128 80 71 14 146 32 167 42 100 79 141 138 98 28 173 66 85 125 135 0,89 131
PFG_MOEA,204,5,403.49,1779.21,0 16 139 198 95 182 191 48 165 187 18 39 54 72 70 164 150 200 21 96 197 43 194 174 76 116 106 92 126 133 91 74 154 103 188 171 181 192 40 63 117 140 110 101 68 15 123 175 122 46 51 107 134 19 8 55 0,21 198
PFG_MOEA,204,6,403.49,1779.21,0 60 78 193 163 13 62 177 65 130 161 170 143 145 82 33 178 160 83 99 59 108 166 73 26 114 179 113 37 121 148 129 93 25 4 111 56 132 64 50 17 0,56
PFG_MOEA,205,1,547.48,1749.89,0 151 0,
PFG_MOEA,205,2,547.48,1749.89,0 50 17 169 124 137 11 88 61 67 155 23 10 162 22 142 119 41 183 53 87 69 127 90 172 158 168 190 35 118 120 31 30 115 144 184 12 136 149 0,50 87 155
PFG_MOEA,205,3,547.48,1749.89,0 196 6 105 52 112 189 100 81 57 20 152 45 75 24 147 77 153 94 109 1 3 84 86 47 199 0,1
PFG_MOEA,205,4,547.48,1749.89,0 159 2 97 85 66 98 138 141 79 167 32 146 14 71 80 128 44 27 185 131 29 34 58 195 7 38 176 186 104 157 156 89 42 28 173 125 135 102 36 0,89
PFG_MOEA,205,5,547.48,1749.89,0 60 78 193 13 163 64 132 56 111 4 25 93 129 148 121 37 113 179 114 26 73 166 108 59 99 83 160 178 33 82 145 143 170 161 130 65 177 62 55 8 19 134 123 175 122 16 139 198 15 68 101 117 63 40 192 181 171 188 103 154 74 91 133 126 92 106 116 76 174 194 43 197 96 21 200 150 164 70 72 54 39 18 187 165 140 110 191 48 182 95 5 49 9 180 0,5 63 68
PFG_MOEA,205,6,547.48,1749.89,0 51 107 46 0,
PFG_MOEA,206,1,321.43,1884.2,0 196 6 199 77 94 109 1 184 115 30 31 120 118 35 190 168 158 172 90 127 69 87 53 183 41 119 142 22 162 10 23 155 67 88 137 11 151 169 124 61 144 0,
PFG_MOEA,206,2,321.43,1884.2,0 12 136 149 3 84 86 47 153 147 24 75 45 152 105 189 112 97 52 2 159 102 36 5 49 9 180 0,97
PFG_MOEA,206,3,321.43,1884.2,0 20 57 81 0,
PFG_MOEA,206,4,321.43,1884.2,0 135 125 89 156 157 104 186 176 38 195 7 58 34 29 131 185 27 44 128 80 71 14 146 32 167 42 100 79 141 138 98 28 173 66 85 72 54 39 18 187 165 48 191 182 95 198 139 16 0,89 185
PFG_MOEA,206,5,321.43,1884.2,0 70 164 150 200 21 96 197 43 194 174 76 116 106 92 126 133 91 74 154 103 188 171 181 192 40 63 117 140 110 101 68 15 123 175 122 46 51 107 134 19 0,21
PFG_MOEA,206,6,321.43,1884.2,0 60 50 64 78 193 163 13 8 55 62 177 65 130 161 170 143 145 82 33 178 160 83 99 59 108 166 73 26 114 179 113 37 121 148 129 93 25 4 111 56 132 17 0,
PFG_MOEA,207,1,363.45,1848.54,0 56 111 151 11 137 124 169 88 61 67 155 23 10 162 22 142 119 41 183 53 87 69 127 90 172 158 168 190 35 118 120 31 30 115 144 184 0,137
PFG_MOEA,207,2,363.45,1848.54,0 196 6 105 52 112 189 89 156 157 104 186 176 38 7 195 58 34 29 131 185 27 44 128 80 71 14 146 32 167 42 100 81 57 20 152 45 75 24 147 77 153 94 109 1 12 136 149 3 84 86 47 199 0,185
PFG_MOEA,207,3,363.45,1848.54,0 135 173 28 141 79 138 98 125 0,
PFG_MOEA,207,4,363.45,1848.54,0 159 2 97 85 66 102 36 5 49 0,
PFG_MOEA,207,5,363.45,1848.54,0 180 9 95 182 48 191 110 140 165 187 18 39 54 72 70 164 150 200 21 96 197 43 194 174 76 116 106 92 126 133 91 74 154 103 188 171 181 192 40 63 117 101 68 15 123 175 122 139 198 16 25 4 13 163 193 78 60 0,40 188
PFG_MOEA,207,6,363.45,1848.54,0 46 51 107 134 19 8 55 62 177 65 130 161 170 143 145 82 33 178 160 83 99 59 108 166 73 26 114 179 113 37 121 148 129 93 132 64 50 17 0,46
PFG_MOEA,208,1,261.55,2016.67,0 56 111 169 124 88 155 10 162 31 30 120 118 35 190 168 158 172 90 127 69 87 53 183 41 119 142 22 23 67 61 137 11 151 0,56 124
PFG_MOEA,208,2,261.55,2016.67,0 144 115 184 89 156 157 104 186 176 38 7 195 58 34 29 131 185 27 44 128 80 71 14 146 32 167 42 100 81 189 112 52 105 6 196 0,185
PFG_MOEA,208,3,261.55,2016.67,0 199 94 109 1 12 136 149 3 84 86 47 153 77 147 75 24 45 152 20 57 28 141 79 138 98 173 125 135 66 85 97 2 159 102 0,199
PFG_MOEA,208,4,261.55,2016.67,0 180 9 49 36 5 70 72 54 164 21 96 197 43 76 116 106 92 126 174 194 200 150 39 18 187 165 140 110 191 48 182 95 0,
PFG_MOEA,208,5,261.55,2016.67,0 16 139 198 117 63 181 171 192 40 74 91 133 154 103 188 101 68 15 123 175 25 129 148 93 4 13 163 193 78 60 0,63 188
PFG_MOEA,208,6,261.55,2016.67,0 46 122 51 107 134 19 8 55 62 177 65 130 161 170 143 145 82 33 178 160 83 99 59 108 166 73 26 114 179 113 37 121 132 64 50 17 0,46
PFG_MOEA,209,1,372.87,1829.64,0 199 47 86 84 3 149 136 12 1 109 94 153 77 147 24 75 45 152 20 57 28 42 100 173 98 138 141 79 167 32 146 14 71 80 128 44 27 185 131 29 34 58 195 7 38 176 186 104 157 156 89 81 135 125 189 112 52 159 0,
PFG_MOEA,209,2,372.87,1829.64,0 2 97 85 66 102 36 5 0,
PFG_MOEA,209,3,372.87,1829.64,0 180 9 49 95 182 48 191 110 140 165 187 18 39 54 72 70 164 150 200 21 96 197 43 194 174 76 116 106 92 126 133 91 74 154 103 188 171 181 192 40 63 117 101 68 15 123 175 122 139 198 16 0,40
PFG_MOEA,209,4,372.87,1829.64,0 60 78 193 13 64 50 17 132 4 8 55 62 177 65 130 161 170 143 145 82 33 178 160 83 99 59 108 166 73 26 114 179 113 37 121 148 129 93 25 19 134 107 51 46 0,
PFG_MOEA,209,5,372.87,1829.64,0 163 56 111 151 11 137 88 22 142 119 41 183 53 87 69 127 90 172 158 168 190 35 118 120 31 162 10 23 155 67 61 124 169 0,
PFG_MOEA,209,6,372.87,1829.64,0 144 115 30 184 105 6 196 0,105
PFG_MOEA,210,1,343.52,1869.54,0 184 144 115 120 118 35 190 168 158 172 90 127 69 87 53 183 41 119 30 31 162 142 22 10 23 155 67 61 88 137 11 151 0,
PFG_MOEA,210,2,343.52,1869.54,0 189 81 89 156 157 104 186 176 38 7 195 58 34 29 131 185 27 44 128 80 71 14 146 32 167 42 100 112 0,
PFG_MOEA,210,3,343.52,1869.54,0 94 109 1 12 136 149 3 84 86 47 153 77 147 75 24 45 199 196 6 52 105 152 20 57 28 141 79 138 98 173 125 135 66 85 97 2 159 102 49 9 180 0,173
PFG_MOEA,210,4,343.52,1869.54,0 36 5 0,
PFG_MOEA,210,5,343.52,1869.54,0 17 50 16 139 198 191 117 63 192 181 171 188 103 154 40 74 91 133 194 174 126 92 106 116 76 43 197 96 72 54 70 164 21 200 150 39 18 187 165 48 182 95 0,21 188 198
PFG_MOEA,210,6,343.52,1869.54,0 140 110 101 68 15 123 175 122 46 51 107 134 19 8 55 62 177 65 130 161 170 143 145 82 33 178 160 83 99 59 108 166 73 26 114 179 113 37 121 148 129 93 25 124 169 4 111 56 13 132 163 193 78 64 60 0,46 56 68 179
PFG_MOEA,211,1,336.24,1871.66,0 199 47 86 84 3 149 136 12 1 109 94 153 77 147 24 45 75 0,
PFG_MOEA,211,2,336.24,1871.66,0 95 5 36 102 97 112 85 66 125 135 81 89 156 157 104 186 176 38 7 195 58 34 29 131 185 27 44 128 80 71 14 146 32 167 79 141 138 98 173 100 42 28 57 20 152 189 52 2 159 180 49 9 0,89 185
PFG_MOEA,211,3,336.24,1871.66,0 182 48 191 110 140 165 187 18 39 54 72 70 164 150 200 21 96 197 43 194 174 76 116 106 92 126 133 91 74 154 103 188 171 181 192 40 63 117 101 68 15 123 175 122 139 0,68 91 139
PFG_MOEA,211,4,336.24,1871.66,0 16 198 46 51 107 134 19 25 93 129 148 121 37 113 179 114 26 73 166 108 59 99 83 160 178 33 82 145 143 170 161 130 65 177 62 55 8 4 111 132 163 56 13 193 78 60 64 50 17 151 0,
PFG_MOEA,211,5,336.24,1871.66,0 11 88 137 0,
PFG_MOEA,211,6,336.24,1871.66,0 169 124 61 67 155 23 10 162 22 142 119 41 183 53 87 69 127 90 172 158 168 190 35 118 120 30 31 115 144 184 105 6 196 0,155
PFG_MOEA,212,1,787.39,1705.64,0 196 153 0,
PFG_MOEA,212,2,787.39,1705.64,0 147 24 75 45 152 180 9 49 0,
PFG_MOEA,212,3,787.39,1705.64,0 5 36 102 0,
PFG_MOEA,212,4,787.39,1705.64,0 77 47 86 84 3 149 136 12 184 115 57 20 98 138 141 79 167 32 146 14 71 80 128 44 27 185 131 29 34 58 7 195 38 176 186 104 157 156 89 81 42 100 28 173 125 135 189 105 66 85 112 97 52 2 159 95 182 48 191 110 140 165 187 18 39 70 72 54 164 150 200 21 96 197 43 194 174 76 116 106 92 126 133 91 74 154 103 188 171 181 192 40 63 117 101 68 15 123 175 122 139 198 16 46 51 107 134 19 25 93 129 148 121 37 113 179 114 26 73 166 108 59 99 83 160 178 33 82 145 143 170 161 130 65 177 62 55 8 0,
PFG_MOEA,212,5,787.39,1705.64,0 163 132 4 111 56 13 193 78 60 0,
PFG_MOEA,212,6,787.39,1705.64,0 64 50 17 151 11 137 124 169 88 61 67 155 23 10 162 22 142 119 41 183 53 87 69 127 90 172 158 168 190 35 118 120 30 31 144 1 109 94 199 6 0,10 41 155
PFG_MOEA,213,1,403.49,1779.21,0 196 6 77 0,
PFG_MOEA,213,2,403.49,1779.21,0 199 94 109 1 144 61 124 169 151 11 137 88 67 155 23 10 162 22 142 119 41 183 53 87 69 127 90 172 158 168 190 35 118 120 31 30 115 184 12 136 149 3 84 86 47 153 147 24 75 45 152 105 189 112 52 2 159 102 36 5 49 9 180 0,
PFG_MOEA,213,3,403.49,1779.21,0 97 0,
PFG_MOEA,213,4,403.49,1779.21,0 20 57 81 89 156 157 104 186 176 38 195 7 58 34 29 131 185 27 44 128 80 71 14 146 32 167 42 100 79 141 138 98 28 173 66 85 125 135 0,89 131
PFG_MOEA,213,5,403.49,1779.21,0 16 139 198 95 182 191 48 165 187 18 39 54 72 70 164 150 200 21 96 197 43 194 174 76 116 106 92 126 133 91 74 154 103 188 171 181 192 40 63 117 140 110 101 68 15 123 175 122 46 51 107 134 19 8 55 0,21 198
PFG_MOEA,213,6,403.49,1779.21,0 60 78 193 163 13 62 177 65 130 161 170 143 145 82 33 178 160 83 99 59 108 166 73 26 114 179 113 37 121 148 129 93 25 4 111 56 132 64 50 17 0,56
PFG_MOEA,214,1,547.48,1749.89,0 151 0,
PFG_MOEA,214,2,547.48,1749.89,0 50 17 169 124 137 11 88 61 67 155 23 10 162 22 142 119 41 183 53 87 69 127 90 172 158 168 190 35 118 120 31 30 115 144 184 12 136 149 0,50 87 155
PFG_MOEA,214,3,547.48,1749.89,0 196 6 105 52 112 189 100 81 57 20 152 45 75 24 147 77 153 94 109 1 3 84 86 47 199 0,1
PFG_MOEA,214,4,547.48,1749.89,0 159 2 97 85 66 98 138 141 79 167 32 146 14 71 80 128 44 27 185 131 29 34 58 195 7 38 176 186 104 157 156 89 42 28 173 125 135 102 36 0,89
PFG_MOEA,214,5,547.48,1749.89,0 60 78 193 13 163 64 132 56 111 4 25 93 129 148 121 37 113 179 114 26 73 166 108 59 99 83 160 178 33 82 145 143 170 161 130 65 177 62 55 8 19 134 123 175 122 16 139 198 15 68 101 117 63 40 192 181 171 188 103 154 74 91 133 126 92 106 116 76 174 194 43 197 96 21 200 150 164 70 72 54 39 18 187 165 140 110 191 48 182 95 5 49 9 180 0,5 63 68
PFG_MOEA,214,6,547.48,1749.89,0 51 107 46 0,
PFG_MOEA,215,1,321.43,1884.2,0 196 6 199 77 94 109 1 184 115 30 31 120 118 35 190 168 158 172 90 127 69 87 53 183 41 119 142 22 162 10 23 155 67 88 137 11 151 169 124 61 144 0,
PFG_MOEA,215,2,321.43,1884.2,0 12 136 149 3 84 86 47 153 147 24 75 45 152 105 189 112 97 52 2 159 102 36 5 49 9 180 0,97
PFG_MOEA,215,3,321.43,1884.2,0 20 57 81 0,
PFG_MOEA,215,4,321.43,1884.2,0 135 125 89 156 157 104 186 176 38 195 7 58 34 29 131 185 27 44 128 80 71 14 146 32 167 42 100 79 141 138 98 28 173 66 85 72 54 39 18 187 165 48 191 182 95 198 139 16 0,89 185
PFG_MOEA,215,5,321.43,1884.2,0 70 164 150 200 21 96 197 43 194 174 76 116 106 92 126 133 91 74 154 103 188 171 181 192 40 63 117 140 110 101 68 15 123 175 122 46 51 107 134 19 0,21
PFG_MOEA,215,6,321.43,1884.2,0 60 50 64 78 193 163 13 8 55 62 177 65 130 161 170 143 145 82 33 178 160 83 99 59 108 166 73 26 114 179 113 37 121 148 129 93 25 4 111 56 132 17 0,
PFG_MOEA,216,1,363.45,1848.54,0 56 111 151 11 137 124 169 88 61 67 155 23 10 162 22 142 119 41 183 53 87 69 127 90 172 158 168 190 35 118 120 31 30 115 144 184 0,137
PFG_MOEA,216,2,363.45,1848.54,0 196 6 105 52 112 189 89 156 157 104 186 176 38 7 195 58 34 29 131 185 27 44 128 80 71 14 146 32 167 42 100 81 57 20 152 45 75 24 147 77 153 94 109 1 12 136 149 3 84 86 47 199 0,185
PFG_MOEA,216,3,363.45,1848.54,0 135 173 28 141 79 138 98 125 0,
PFG_MOEA,216,4,363.45,1848.54,0 159 2 97 85 66 102 36 5 49 0,
PFG_MOEA,216,5,363.45,1848.54,0 180 9 95 182 48 191 110 140 165 187 18 39 54 72 70 164 150 200 21 96 197 43 194 174 76 116 106 92 126 133 91 74 154 103 188 171 181 192 40 63 117 101 68 15 123 175 122 139 198 16 25 4 13 163 193 78 60 0,40 188
PFG_MOEA,216,6,363.45,1848.54,0 46 51 107 134 19 8 55 62 177 65 130 161 170 143 145 82 33 178 160 83 99 59 108 166 73 26 114 179 113 37 121 148 129 93 132 64 50 17 0,46
PFG_MOEA,217,1,261.55,2016.67,0 56 111 169 124 88 155 10 162 31 30 120 118 35 190 168 158 172 90 127 69 87 53 183 41 119 142 22 23 67 61 137 11 151 0,56 124
PFG_MOEA,217,2,261.55,2016.67,0 144 115 184 89 156 157 104 186 176 38 7 195 58 34 29 131 185 27 44 128 80 71 14 146 32 167 42 100 81 189 112 52 105 6 196 0,185
PFG_MOEA,217,3,261.55,2016.67,0 199 94 109 1 12 136 149 3 84 86 47 153 77 147 75 24 45 152 20 57 28 141 79 138 98 173 125 135 66 85 97 2 159 102 0,199
PFG_MOEA,217,4,261.55,2016.67,0 180 9 49 36 5 70 72 54 164 21 96 197 43 76 116 106 92 126 174 194 200 150 39 18 187 165 140 110 191 48 182 95 0,
PFG_MOEA,217,5,261.55,2016.67,0 16 139 198 117 63 181 171 192 40 74 91 133 154 103 188 101 68 15 123 175 25 129 148 93 4 13 163 193 78 60 0,63 188
PFG_MOEA,217,6,261.55,2016.67,0 46 122 51 107 134 19 8 55 62 177 65 130 161 170 143 145 82 33 178 160 83 99 59 108 166 73 26 114 179 113 37 121 132 64 50 17 0,46
PFG_MOEA,218,1,372.87,1829.64,0 199 47 86 84 3 149 136 12 1 109 94 153 77 147 24 75 45 152 20 57 28 42 100 173 98 138 141 79 167 32 146 14 71 80 128 44 27 185 131 29 34 58 195 7 38 176 186 104 157 156 89 81 135 125 189 112 52 159 0,
PFG_MOEA,218,2,372.87,1829.64,0 2 97 85 66 102 36 5 0,
PFG_MOEA,218,3,372.87,1829.64,0 180 9 49 95 182 48 191 110 140 165 187 18 39 54 72 70 164 150 200 21 96 197 43 194 174 76 116 106 92 126 133 91 74 154 103 188 171 181 192 40 63 117 101 68 15 123 175 122 139 198 16 0,40
PFG_MOEA,218,4,372.87,1829.64,0 60 78 193 13 64 50 17 132 4 8 55 62 177 65 130 161 170 143 145 82 33 178 160 83 99 59 108 166 73 26 114 179 113 37 121 148 129 93 25 19 134 107 51 46 0,
PFG_MOEA,218,5,372.87,1829.64,0 163 56 111 151 11 137 88 22 142 119 41 183 53 87 69 127 90 172 158 168 190 35 118 120 31 162 10 23 155 67 61 124 169 0,
PFG_MOEA,218,6,372.87,1829.64,0 144 115 30 184 105 6 196 0,105
PFG_MOEA,219,1,343.52,1869.54,0 184 144 115 120 118 35 190 168 158 172 90 127 69 87 53 183 41 119 30 31 162 142 22 10 23 155 67 61 88 137 11 151 0,
PFG_MOEA,219,2,343.52,1869.54,0 189 81 89 156 157 104 186 176 38 7 195 58 34 29 131 185 27 44 128 80 71 14 146 32 167 42 100 112 0,
PFG_MOEA,219,3,343.52,1869.54,0 94 109 1 12 136 149 3 84 86 47 153 77 147 75 24 45 199 196 6 52 105 152 20 57 28 141 79 138 98 173 125 135 66 85 97 2 159 102 49 9 180 0,173
PFG_MOEA,219,4,343.52,1869.54,0 36 5 0,
PFG_MOEA,219,5,343.52,1869.54,0 17 50 16 139 198 191 117 63 192 181 171 188 103 154 40 74 91 133 194 174 126 92 106 116 76 43 197 96 72 54 70 164 21 200 150 39 18 187 165 48 182 95 0,21 188 198
PFG_MOEA,219,6,343.52,1869.54,0 140 110 101 68 15 123 175 122 46 51 107 134 19 8 55 62 177 65 130 161 170 143 145 82 33 178 160 83 99 59 108 166 73 26 114 179 113 37 121 148 129 93 25 124 169 4 111 56 13 132 163 193 78 64 60 0,46 56 68 179
PFG_MOEA,220,1,336.24,1871.66,0 199 47 86 84 3 149 136 12 1 109 94 153 77 147 24 45 75 0,
PFG_MOEA,220,2,336.24,1871.66,0 95 5 36 102 97 112 85 66 125 135 81 89 156 157 104 186 176 38 7 195 58 34 29 131 185 27 44 128 80 71 14 146 32 167 79 141 138 98 173 100 42 28 57 20 152 189 52 2 159 180 49 9 0,89 185
PFG_MOEA,220,3,336.24,1871.66,0 182 48 191 110 140 165 187 18 39 54 72 70 164 150 200 21 96 197 43 194 174 76 116 106 92 126 133 91 74 154 103 188 171 181 192 40 63 117 101 68 15 123 175 122 139 0,68 91 139
PFG_MOEA,220,4,336.24,1871.66,0 16 198 46 51 107 134 19 25 93 129 148 121 37 113 179 114 26 73 166 108 59 99 83 160 178 33 82 145 143 170 161 130 65 177 62 55 8 4 111 132 163 56 13 193 78 60 64 50 17 151 0,
PFG_MOEA,220,5,336.24,1871.66,0 11 88 137 0,
PFG_MOEA,220,6,336.24,1871.66,0 169 124 61 67 155 23 10 162 22 142 119 41 183 53 87 69 127 90 172 158 168 190 35 118 120 30 31 115 144 184 105 6 196 0,155
PFG_MOEA,221,1,787.39,1705.64,0 196 153 0,
PFG_MOEA,221,2,787.39,1705.64,0 147 24 75 45 152 180 9 49 0,
PFG_MOEA,221,3,787.39,1705.64,0 5 36 102 0,
PFG_MOEA,221,4,787.39,1705.64,0 77 47 86 84 3 149 136 12 184 115 57 20 98 138 141 79 167 32 146 14 71 80 128 44 27 185 131 29 34 58 7 195 38 176 186 104 157 156 89 81 42 100 28 173 125 135 189 105 66 85 112 97 52 2 159 95 182 48 191 110 140 165 187 18 39 70 72 54 164 150 200 21 96 197 43 194 174 76 116 106 92 126 133 91 74 154 103 188 171 181 192 40 63 117 101 68 15 123 175 122 139 198 16 46 51 107 134 19 25 93 129 148 121 37 113 179 114 26 73 166 108 59 99 83 160 178 33 82 145 143 170 161 130 65 177 62 55 8 0,
PFG_MOEA,221,5,787.39,1705.64,0 163 132 4 111 56 13 193 78 60 0,
PFG_MOEA,221,6,787.39,1705.64,0 64 50 17 151 11 137 124 169 88 61 67 155 23 10 162 22 142 119 41 183 53 87 69 127 90 172 158 168 190 35 118 120 30 31 144 1 109 94 199 6 0,10 41 155
PFG_MOEA,222,1,403.49,1779.21,0 196 6 77 0,
PFG_MOEA,222,2,403.49,1779.21,0 199 94 109 1 144 61 124 169 151 11 137 88 67 155 23 10 162 22 142 119 41 183 53 87 69 127 90 172 158 168 190 35 118 120 31 30 115 184 12 136 149 3 84 86 47 153 147 24 75 45 152 105 189 112 52 2 159 102 36 5 49 9 180 0,
PFG_MOEA,222,3,403.49,1779.21,0 97 0,
PFG_MOEA,222,4,403.49,1779.21,0 20 57 81 89 156 157 104 186 176 38 195 7 58 34 29 131 185 27 44 128 80 71 14 146 32 167 42 100 79 141 138 98 28 173 66 85 125 135 0,89 131
PFG_MOEA,222,5,403.49,1779.21,0 16 139 198 95 182 191 48 165 187 18 39 54 72 70 164 150 200 21 96 197 43 194 174 76 116 106 92 126 133 91 74 154 103 188 171 181 192 40 63 117 140 110 101 68 15 123 175 122 46 51 107 134 19 8 55 0,21 198
PFG_MOEA,222,6,403.49,1779.21,0 60 78 193 163 13 62 177 65 130 161 170 143 145 82 33 178 160 83 99 59 108 166 73 26 114 179 113 37 121 148 129 93 25 4 111 56 132 64 50 17 0,56
PFG_MOEA,223,1,547.48,1749.89,0 151 0,
PFG_MOEA,223,2,547.48,1749.89,0 50 17 169 124 137 11 88 61 67 155 23 10 162 22 142 119 41 183 53 87 69 127 90 172 158 168 190 35 118 120 31 30 115 144 184 12 136 149 0,50 87 155
PFG_MOEA,223,3,547.48,1749.89,0 196 6 105 52 112 189 100 81 57 20 152 45 75 24 147 77 153 94 109 1 3 84 86 47 199 0,1
PFG_MOEA,223,4,547.48,1749.89,0 159 2 97 85 66 98 138 141 79 167 32 146 14 71 80 128 44 27 185 131 29 34 58 195 7 38 176 186 104 157 156 89 42 28 173 125 135 102 36 0,89
PFG_MOEA,223,5,547.48,1749.89,0 60 78 193 13 163 64 132 56 111 4 25 93 129 148 121 37 113 179 114 26 73 166 108 59 99 83 160 178 33 82 145 143 170 161 130 65 177 62 55 8 19 134 123 175 122 16 139 198 15 68 101 117 63 40 192 181 171 188 103 154 74 91 133 126 92 106 116 76 174 194 43 197 96 21 200 150 164 70 72 54 39 18 187 165 140 110 191 48 182 95 5 49 9 180 0,5 63 68
PFG_MOEA,223,6,547.48,1749.89,0 51 107 46 0,
PFG_MOEA,224,1,321.43,1884.2,0 196 6 199 77 94 109 1 184 115 30 31 120 118 35 190 168 158 172 90 127 69 87 53 183 41 119 142 22 162 10 23 155 67 88 137 11 151 169 124 61 144 0,
PFG_MOEA,224,2,321.43,1884.2,0 12 136 149 3 84 86 47 153 147 24 75 45 152 105 189 112 97 52 2 159 102 36 5 49 9 180 0,97
PFG_MOEA,224,3,321.43,1884.2,0 20 57 81 0,
PFG_MOEA,224,4,321.43,1884.2,0 135 125 89 156 157 104 186 176 38 195 7 58 34 29 131 185 27 44 128 80 71 14 146 32 167 42 100 79 141 138 98 28 173 66 85 72 54 39 18 187 165 48 191 182 95 198 139 16 0,89 185
PFG_MOEA,224,5,321.43,1884.2,0 70 164 150 200 21 96 197 43 194 174 76 116 106 92 126 133 91 74 154 103 188 171 181 192 40 63 117 140 110 101 68 15 123 175 122 46 51 107 134 19 0,21
PFG_MOEA,224,6,321.43,1884.2,0 60 50 64 78 193 163 13 8 55 62 177 65 130 161 170 143 145 82 33 178 160 83 99 59 108 166 73 26 114 179 113 37 121 148 129 93 25 4 111 56 132 17 0,
PFG_MOEA,225,1,363.45,1848.54,0 56 111 151 11 137 124 169 88 61 67 155 23 10 162 22 142 119 41 183 53 87 69 127 90 172 158 168 190 35 118 120 31 30 115 144 184 0,137
PFG_MOEA,225,2,363.45,1848.54,0 196 6 105 52 112 189 89 156 157 104 186 176 38 7 195 58 34 29 131 185 27 44 128 80 71 14 146 32 167 42 100 81 57 20 152 45 75 24 147 77 153 94 109 1 12 136 149 3 84 86 47 199 0,185
PFG_MOEA,225,3,363.45,1848.54,0 135 173 28 141 79 138 98 125 0,
PFG_MOEA,225,4,363.45,1848.54,0 159 2 97 85 66 102 36 5 49 0,
PFG_MOEA,225,5,363.45,1848.54,0 180 9 95 182 48 191 110 140 165 187 18 39 54 72 70 164 150 200 21 96 197 43 194 174 76 116 106 92 126 133 91 74 154 103 188 171 181 192 40 63 117 101 68 15 123 175 122 139 198 16 25 4 13 163 193 78 60 0,40 188
PFG_MOEA,225,6,363.45,1848.54,0 46 51 107 134 19 8 55 62 177 65 130 161 170 143 145 82 33 178 160 83 99 59 108 166 73 26 114 179 113 37 121 148 129 93 132 64 50 17 0,46
PFG_MOEA,226,1,261.55,2016.67,0 56 111 169 124 88 155 10 162 31 30 120 118 35 190 168 158 172 90 127 69 87 53 183 41 119 142 22 23 67 61 137 11 151 0,56 124
PFG_MOEA,226,2,261.55,2016.67,0 144 115 184 89 156 157 104 186 176 38 7 195 58 34 29 131 185 27 44 128 80 71 14 146 32 167 42 100 81 189 112 52 105 6 196 0,185
PFG_MOEA,226,3,261.55,2016.67,0 199 94 109 1 12 136 149 3 84 86 47 153 77 147 75 24 45 152 20 57 28 141 79 138 98 173 125 135 66 85 97 2 159 102 0,199
PFG_MOEA,226,4,261.55,2016.67,0 180 9 49 36 5 70 72 54 164 21 96 197 43 76 116 106 92 126 174 194 200 150 39 18 187 165 140 110 191 48 182 95 0,
PFG_MOEA,226,5,261.55,2016.67,0 16 139 198 117 63 181 171 192 40 74 91 133 154 103 188 101 68 15 123 175 25 129 148 93 4 13 163 193 78 60 0,63 188
PFG_MOEA,226,6,261.55,2016.67,0 46 122 51 107 134 19 8 55 62 177 65 130 161 170 143 145 82 33 178 160 83 99 59 108 166 73 26 114 179 113 37 121 132 64 50 17 0,46
PFG_MOEA,227,1,372.87,1829.64,0 199 47 86 84 3 149 136 12 1 109 94 153 77 147 24 75 45 152 20 57 28 42 100 173 98 138 141 79 167 32 146 14 71 80 128 44 27 185 131 29 34 58 195 7 38 176 186 104 157 156 89 81 135 125 189 112 52 159 0,
PFG_MOEA,227,2,372.87,1829.64,0 2 97 85 66 102 36 5 0,
PFG_MOEA,227,3,372.87,1829.64,0 180 9 49 95 182 48 191 110 140 165 187 18 39 54 72 70 164 150 200 21 96 197 43 194 174 76 116 106 92 126 133 91 74 154 103 188 171 181 192 40 63 117 101 68 15 123 175 122 139 198 16 0,40
PFG_MOEA,227,4,372.87,1829.64,0 60 78 193 13 64 50 17 132 4 8 55 62 177 65 130 161 170 143 145 82 33 178 160 83 99 59 108 166 73 26 114 179 113 37 121 148 129 93 25 19 134 107 51 46 0,
PFG_MOEA,227,5,372.87,1829.64,0 163 56 111 151 11 137 88 22 142 119 41 183 53 87 69 127 90 172 158 168 190 35 118 120 31 162 10 23 155 67 61 124 169 0,
PFG_MOEA,227,6,372.87,1829.64,0 144 115 30 184 105 6 196 0,105
PFG_MOEA,228,1,343.52,1869.54,0 184 144 115 120 118 35 190 168 158 172 90 127 69 87 53 183 41 119 30 31 162 142 22 10 23 155 67 61 88 137 11 151 0,
PFG_MOEA,228,2,343.52,1869.54,0 189 81 89 156 157 104 186 176 38 7 195 58 34 29 131 185 27 44 128 80 71 14 146 32 167 42 100 112 0,
PFG_MOEA,228,3,343.52,1869.54,0 94 109 1 12 136 149 3 84 86 47 153 77 147 75 24 45 199 196 6 52 105 152 20 57 28 141 79 138 98 173 125 135 66 85 97 2 159 102 49 9 180 0,173
PFG_MOEA,228,4,343.52,1869.54,0 36 5 0,
PFG_MOEA,228,5,343.52,1869.54,0 17 50 16 139 198 191 117 63 192 181 171 188 103 154 40 74 91 133 194 174 126 92 106 116 76 43 197 96 72 54 70 164 21 200 150 39 18 187 165 48 182 95 0,21 188 198
PFG_MOEA,228,6,343.52,1869.54,0 140 110 101 68 15 123 175 122 46 51 107 134 19 8 55 62 177 65 130 161 170 143 145 82 33 178 160 83 99 59 108 166 73 26 114 179 113 37 121 148 129 93 25 124 169 4 111 56 13 132 163 193 78 64 60 0,46 56 68 179
PFG_MOEA,229,1,336.24,1871.66,0 199 47 86 84 3 149 136 12 1 109 94 153 77 147 24 45 75 0,
PFG_MOEA,229,2,336.24,1871.66,0 95 5 36 102 97 112 85 66 125 135 81 89 156 157 104 186 176 38 7 195 58 34 29 131 185 27 44 128 80 71 14 146 32 167 79 141 138 98 173 100 42 28 57 20 152 189 52 2 159 180 49 9 0,89 185
PFG_MOEA,229,3,336.24,1871.66,0 182 48 191 110 140 165 187 18 39 54 72 70 164 150 200 21 96 197 43 194 174 76 116 106 92 126 133 91 74 154 103 188 171 181 192 40 63 117 101 68 15 123 175 122 139 0,68 91 139
PFG_MOEA,229,4,336.24,1871.66,0 16 198 46 51 107 134 19 25 93 129 148 121 37 113 179 114 26 73 166 108 59 99 83 160 178 33 82 145 143 170 161 130 65 177 62 55 8 4 111 132 163 56 13 193 78 60 64 50 17 151 0,
PFG_MOEA,229,5,336.24,1871.66,0 11 88 137 0,
PFG_MOEA,229,6,336.24,1871.66,0 169 124 61 67 155 23 10 162 22 142 119 41 183 53 87 69 127 90 172 158 168 190 35 118 120 30 31 115 144 184 105 6 196 0,155
PFG_MOEA,230,1,787.39,1705.64,0 196 153 0,
PFG_MOEA,230,2,787.39,1705.64,0 147 24 75 45 152 180 9 49 0,
PFG_MOEA,230,3,787.39,1705.64,0 5 36 102 0,
PFG_MOEA,230,4,787.39,1705.64,0 77 47 86 84 3 149 136 12 184 115 57 20 98 138 141 79 167 32 146 14 71 80 128 44 27 185 131 29 34 58 7 195 38 176 186 104 157 156 89 81 42 100 28 173 125 135 189 105 66 85 112 97 52 2 159 95 182 48 191 110 140 165 187 18 39 70 72 54 164 150 200 21 96 197 43 194 174 76 116 106 92 126 133 91 74 154 103 188 171 181 192 40 63 117 101 68 15 123 175 122 139 198 16 46 51 107 134 19 25 93 129 148 121 37 113 179 114 26 73 166 108 59 99 83 160 178 33 82 145 143 170 161 130 65 177 62 55 8 0,
PFG_MOEA,230,5,787.39,1705.64,0 163 132 4 111 56 13 193 78 60 0,
PFG_MOEA,230,6,787.39,1705.64,0 64 50 17 151 11 137 124 169 88 61 67 155 23 10 162 22 142 119 41 183 53 87 69 127 90 172 158 168 190 35 118 120 30 31 144 1 109 94 199 6 0,10 41 155
PFG_MOEA,231,1,403.49,1779.21,0 196 6 77 0,
PFG_MOEA,231,2,403.49,1779.21,0 199 94 109 1 144 61 124 169 151 11 137 88 67 155 23 10 162 22 142 119 41 183 53 87 69 127 90 172 158 168 190 35 118 120 31 30 115 184 12 136 149 3 84 86 47 153 147 24 75 45 152 105 189 112 52 2 159 102 36 5 49 9 180 0,
PFG_MOEA,231,3,403.49,1779.21,0 97 0,
PFG_MOEA,231,4,403.49,1779.21,0 20 57 81 89 156 157 104 186 176 38 195 7 58 34 29 131 185 27 44 128 80 71 14 146 32 167 42 100 79 141 138 98 28 173 66 85 125 135 0,89 131
PFG_MOEA,231,5,403.49,1779.21,0 16 139 198 95 182 191 48 165 187 18 39 54 72 70 164 150 200 21 96 197 43 194 174 76 116 106 92 126 133 91 74 154 103 188 171 181 192 40 63 117 140 110 101 68 15 123 175 122 46 51 107 134 19 8 55 0,21 198
PFG_MOEA,231,6,403.49,1779.21,0 60 78 193 163 13 62 177 65 130 161 170 143 145 82 33 178 160 83 99 59 108 166 73 26 114 179 113 37 121 148 129 93 25 4 111 56 132 64 50 17 0,56
PFG_MOEA,232,1,547.48,1749.89,0 151 0,
PFG_MOEA,232,2,547.48,1749.89,0 50 17 169 124 137 11 88 61 67 155 23 10 162 22 142 119 41 183 53 87 69 127 90 172 158 168 190 35 118 120 31 30 115 144 184 12 136 149 0,50 87 155
PFG_MOEA,232,3,547.48,1749.89,0 196 6 105 52 112 189 100 81 57 20 152 45 75 24 147 77 153 94 109 1 3 84 86 47 199 0,1
PFG_MOEA,232,4,547.48,1749.89,0 159 2 97 85 66 98 138 141 79 167 32 146 14 71 80 128 44 27 185 131 29 34 58 195 7 38 176 186 104 157 156 89 42 28 173 125 135 102 36 0,89
PFG_MOEA,232,5,547.48,1749.89,0 60 78 193 13 163 64 132 56 111 4 25 93 129 148 121 37 113 179 114 26 73 166 108 59 99 83 160 178 33 82 145 143 170 161 130 65 177 62 55 8 19 134 123 175 122 16 139 198 15 68 101 117 63 40 192 181 171 188 103 154 74 91 133 126 92 106 116 76 174 194 43 197 96 21 200 150 164 70 72 54 39 18 187 165 140 110 191 48 182 95 5 49 9 180 0,5 63 68
PFG_MOEA,232,6,547.48,1749.89,0 51 107 46 0,
PFG_MOEA,233,1,321.43,1884.2,0 196 6 199 77 94 109 1 184 115 30 31 120 118 35 190 168 158 172 90 127 69 87 53 183 41 119 142 22 162 10 23 155 67 88 137 11 151 169 124 61 144 0,
PFG_MOEA,233,2,321.43,1884.2,0 12 136 149 3 84 86 47 153 147 24 75 45 152 105 189 112 97 52 2 159 102 36 5 49 9 180 0,97
PFG_MOEA,233,3,321.43,1884.2,0 20 57 81 0,
PFG_MOEA,233,4,321.43,1884.2,0 135 125 89 156 157 104 186 176 38 195 7 58 34 29 131 185 27 44 128 80 71 14 146 32 167 42 100 79 141 138 98 28 173 66 85 72 54 39 18 187 165 48 191 182 95 198 139 16 0,89 185
PFG_MOEA,233,5,321.43,1884.2,0 70 164 150 200 21 96 197 43 194 174 76 116 106 92 126 133 91 74 154 103 188 171 181 192 40 63 117 140 110 101 68 15 123 175 122 46 51 107 134 19 0,21
PFG_MOEA,233,6,321.43,1884.2,0 60 50 64 78 193 163 13 8 55 62 177 65 130 161 170 143 145 82 33 178 160 83 99 59 108 166 73 26 114 179 113 37 121 148 129 93 25 4 111 56 132 17 0,
PFG_MOEA,234,1,363.45,1848.54,0 56 111 151 11 137 124 169 88 61 67 155 23 10 162 22 142 119 41 183 53 87 69 127 90 172 158 168 190 35 118 120 31 30 115 144 184 0,137
PFG_MOEA,234,2,363.45,1848.54,0 196 6 105 52 112 189 89 156 157 104 186 176 38 7 195 58 34 29 131 185 27 44 128 80 71 14 146 32 167 42 100 81 57 20 152 45 75 24 147 77 153 94 109 1 12 136 149 3 84 86 47 199 0,185
PFG_MOEA,234,3,363.45,1848.54,0 135 173 28 141 79 138 98 125 0,
PFG_MOEA,234,4,363.45,1848.54,0 159 2 97 85 66 102 36 5 49 0,
PFG_MOEA,234,5,363.45,1848.54,0 180 9 95 182 48 191 110 140 165 187 18 39 54 72 70 164 150 200 21 96 197 43 194 174 76 116 106 92 126 133 91 74 154 103 188 171 181 192 40 63 117 101 68 15 123 175 122 139 198 16 25 4 13 163 193 78 60 0,40 188
PFG_MOEA,234,6,363.45,1848.54,0 46 51 107 134 19 8 55 62 177 65 130 161 170 143 145 82 33 178 160 83 99 59 108 166 73 26 114 179 113 37 121 148 129 93 132 64 50 17 0,46
PFG_MOEA,235,1,261.55,2016.67,0 56 111 169 124 88 155 10 162 31 30 120 118 35 190 168 158 172 90 127 69 87 53 183 41 119 142 22 23 67 61 137 11 151 0,56 124
PFG_MOEA,235,2,261.55,2016.67,0 144 115 184 89 156 157 104 186 176 38 7 195 58 34 29 131 185 27 44 128 80 71 14 146 32 167 42 100 81 189 112 52 105 6 196 0,185
PFG_MOEA,235,3,261.55,2016.67,0 199 94 109 1 12 136 149 3 84 86 47 153 77 147 75 24 45 152 20 57 28 141 79 138 98 173 125 135 66 85 97 2 159 102 0,199
PFG_MOEA,235,4,261.55,2016.67,0 180 9 49 36 5 70 72 54 164 21 96 197 43 76 116 106 92 126 174 194 200 150 39 18 187 165 140 110 191 48 182 95 0,
PFG_MOEA,235,5,261.55,2016.67,0 16 139 198 117 63 181 171 192 40 74 91 133 154 103 188 101 68 15 123 175 25 129 148 93 4 13 163 193 78 60 0,63 188
PFG_MOEA,235,6,261.55,2016.67,0 46 122 51 107 134 19 8 55 62 177 65 130 161 170 143 145 82 33 178 160 83 99 59 108 166 73 26 114 179 113 37 121 132 64 50 17 0,46
PFG_MOEA,236,1,372.87,1829.64,0 199 47 86 84 3 149 136 12 1 109 94 153 77 147 24 75 45 152 20 57 28 42 100 173 98 138 141 79 167 32 146 14 71 80 128 44 27 185 131 29 34 58 195 7 38 176 186 104 157 156 89 81 135 125 189 112 52 159 0,
PFG_MOEA,236,2,372.87,1829.64,0 2 97 85 66 102 36 5 0,
PFG_MOEA,236,3,372.87,1829.64,0 180 9 49 95 182 48 191 110 140 165 187 18 39 54 72 70 164 150 200 21 96 197 43 194 174 76 116 106 92 126 133 91 74 154 103 188 171 181 192 40 63 117 101 68 15 123 175 122 139 198 16 0,40
PFG_MOEA,236,4,372.87,1829.64,0 60 78 193 13 64 50 17 132 4 8 55 62 177 65 130 161 170 143 145 82 33 178 160 83 99 59 108 166 73 26 114 179 113 37 121 148 129 93 25 19 134 107 51 46 0,
PFG_MOEA,236,5,372.87,1829.64,0 163 56 111 151 11 137 88 22 142 119 41 183 53 87 69 127 90 172 158 168 190 35 118 120 31 162 10 23 155 67 61 124 169 0,
PFG_MOEA,236,6,372.87,1829.64,0 144 115 30 184 105 6 196 0,105
PFG_MOEA,237,1,343.52,1869.54,0 184 144 115 120 118 35 190 168 158 172 90 127 69 87 53 183 41 119 30 31 162 142 22 10 23 155 67 61 88 137 11 151 0,
PFG_MOEA,237,2,343.52,1869.54,0 189 81 89 156 157 104 186 176 38 7 195 58 34 29 131 185 27 44 128 80 71 14 146 32 167 42 100 112 0,
PFG_MOEA,237,3,343.52,1869.54,0 94 109 1 12 136 149 3 84 86 47 153 77 147 75 24 45 199 196 6 52 105 152 20 57 28 141 79 138 98 173 125 135 66 85 97 2 159 102 49 9 180 0,173
PFG_MOEA,237,4,343.52,1869.54,0 36 5 0,
PFG_MOEA,237,5,343.52,1869.54,0 17 50 16 139 198 191 117 63 192 181 171 188 103 154 40 74 91 133 194 174 126 92 106 116 76 43 197 96 72 54 70 164 21 200 150 39 18 187 165 48 182 95 0,21 188 198
PFG_MOEA,237,6,343.52,1869.54,0 140 110 101 68 15 123 175 122 46 51 107 134 19 8 55 62 177 65 130 161 170 143 145 82 33 178 160 83 99 59 108 166 73 26 114 179 113 37 121 148 129 93 25 124 169 4 111 56 13 132 163 193 78 64 60 0,46 56 68 179
PFG_MOEA,238,1,336.24,1871.66,0 199 47 86 84 3 149 136 12 1 109 94 153 77 147 24 45 75 0,
PFG_MOEA,238,2,336.24,1871.66,0 95 5 36 102 97 112 85 66 125 135 81 89 156 157 104 186 176 38 7 195 58 34 29 131 185 27 44 128 80 71 14 146 32 167 79 141 138 98 173 100 42 28 57 20 152 189 52 2 159 180 49 9 0,89 185
PFG_MOEA,238,3,336.24,1871.66,0 182 48 191 110 140 165 187 18 39 54 72 70 164 150 200 21 96 197 43 194 174 76 116 106 92 126 133 91 74 154 103 188 171 181 192 40 63 117 101 68 15 123 175 122 139 0,68 91 139
PFG_MOEA,238,4,336.24,1871.66,0 16 198 46 51 107 134 19 25 93 129 148 121 37 113 179 114 26 73 166 108 59 99 83 160 178 33 82 145 143 170 161 130 65 177 62 55 8 4 111 132 163 56 13 193 78 60 64 50 17 151 0,
PFG_MOEA,238,5,336.24,1871.66,0 11 88 137 0,
PFG_MOEA,238,6,336.24,1871.66,0 169 124 61 67 155 23 10 162 22 142 119 41 183 53 87 69 127 90 172 158 168 190 35 118 120 30 31 115 144 184 105 6 196 0,155
PFG_MOEA,239,1,787.39,1705.64,0 196 153 0,
PFG_MOEA,239,2,787.39,1705.64,0 147 24 75 45 152 180 9 49 0,
PFG_MOEA,239,3,787.39,1705.64,0 5 36 102 0,
PFG_MOEA,239,4,787.39,1705.64,0 77 47 86 84 3 149 136 12 184 115 57 20 98 138 141 79 167 32 146 14 71 80 128 44 27 185 131 29 34 58 7 195 38 176 186 104 157 156 89 81 42 100 28 173 125 135 189 105 66 85 112 97 52 2 159 95 182 48 191 110 140 165 187 18 39 70 72 54 164 150 200 21 96 197 43 194 174 76 116 106 92 126 133 91 74 154 103 188 171 181 192 40 63 117 101 68 15 123 175 122 139 198 16 46 51 107 134 19 25 93 129 148 121 37 113 179 114 26 73 166 108 59 99 83 160 178 33 82 145 143 170 161 130 65 177 62 55 8 0,
PFG_MOEA,239,5,787.39,1705.64,0 163 132 4 111 56 13 193 78 60 0,
PFG_MOEA,239,6,787.39,1705.64,0 64 50 17 151 11 137 124 169 88 61 67 155 23 10 162 22 142 119 41 183 53 87 69 127 90 172 158 168 190 35 118 120 30 31 144 1 109 94 199 6 0,10 41 155
PFG_MOEA,240,1,403.49,1779.21,0 196 6 77 0,
PFG_MOEA,240,2,403.49,1779.21,0 199 94 109 1 144 61 124 169 151 11 137 88 67 155 23 10 162 22 142 119 41 183 53 87 69 127 90 172 158 168 190 35 118 120 31 30 115 184 12 136 149 3 84 86 47 153 147 24 75 45 152 105 189 112 52 2 159 102 36 5 49 9 180 0,
PFG_MOEA,240,3,403.49,1779.21,0 97 0,
PFG_MOEA,240,4,403.49,1779.21,0 20 57 81 89 156 157 104 186 176 38 195 7 58 34 29 131 185 27 44 128 80 71 14 146 32 167 42 100 79 141 138 98 28 173 66 85 125 135 0,89 131
PFG_MOEA,240,5,403.49,1779.21,0 16 139 198 95 182 191 48 165 187 18 39 54 72 70 164 150 200 21 96 197 43 194 174 76 116 106 92 126 133 91 74 154 103 188 171 181 192 40 63 117 140 110 101 68 15 123 175 122 46 51 107 134 19 8 55 0,21 198
PFG_MOEA,240,6,403.49,1779.21,0 60 78 193 163 13 62 177 65 130 161 170 143 145 82 33 178 160 83 99 59 108 166 73 26 114 179 113 37 121 148 129 93 25 4 111 56 132 64 50 17 0,56
PFG_MOEA,241,1,547.48,1749.89,0 151 0,
PFG_MOEA,241,2,547.48,1749.89,0 50 17 169 124 137 11 88 61 67 155 23 10 162 22 142 119 41 183 53 87 69 127 90 172 158 168 190 35 118 120 31 30 115 144 184 12 136 149 0,50 87 155
PFG_MOEA,241,3,547.48,1749.89,0 196 6 105 52 112 189 100 81 57 20 152 45 75 24 147 77 153 94 109 1 3 84 86 47 199 0,1
PFG_MOEA,241,4,547.48,1749.89,0 159 2 97 85 66 98 138 141 79 167 32 146 14 71 80 128 44 27 185 131 29 34 58 195 7 38 176 186 104 157 156 89 42 28 173 125 135 102 36 0,89
PFG_MOEA,241,5,547.48,1749.89,0 60 78 193 13 163 64 132 56 111 4 25 93 129 148 121 37 113 179 114 26 73 166 108 59 99 83 160 178 33 82 145 143 170 161 130 65 177 62 55 8 19 134 123 175 122 16 139 198 15 68 101 117 63 40 192 181 171 188 103 154 74 91 133 126 92 106 116 76 174 194 43 197 96 21 200 150 164 70 72 54 39 18 187 165 140 110 191 48 182 95 5 49 9 180 0,5 63 68
PFG_MOEA,241,6,547.48,1749.89,0 51 107 46 0,
PFG_MOEA,242,1,321.43,1884.2,0 196 6 199 77 94 109 1 184 115 30 31 120 118 35 190 168 158 172 90 127 69 87 53 183 41 119 142 22 162 10 23 155 67 88 137 11 151 169 124 61 144 0,
PFG_MOEA,242,2,321.43,1884.2,0 12 136 149 3 84 86 47 153 147 24 75 45 152 105 189 112 97 52 2 159 102 36 5 49 9 180 0,97
PFG_MOEA,242,3,321.43,1884.2,0 20 57 81 0,
PFG_MOEA,242,4,321.43,1884.2,0 135 125 89 156 157 104 186 176 38 195 7 58 34 29 131 185 27 44 128 80 71 14 146 32 167 42 100 79 141 138 98 28 173 66 85 72 54 39 18 187 165 48 191 182 95 198 139 16 0,89 185
PFG_MOEA,242,5,321.43,1884.2,0 70 164 150 200 21 96 197 43 194 174 76 116 106 92 126 133 91 74 154 103 188 171 181 192 40 63 117 140 110 101 68 15 123 175 122 46 51 107 134 19 0,21
PFG_MOEA,242,6,321.43,1884.2,0 60 50 64 78 193 163 13 8 55 62 177 65 130 161 170 143 145 82 33 178 160 83 99 59 108 166 73 26 114 179 113 37 121 148 129 93 25 4 111 56 132 17 0,
PFG_MOEA,243,1,363.45,1848.54,0 56 111 151 11 137 124 169 88 61 67 155 23 10 162 22 142 119 41 183 53 87 69 127 90 172 158 168 190 35 118 120 31 30 115 144 184 0,137
PFG_MOEA,243,2,363.45,1848.54,0 196 6 105 52 112 189 89 156 157 104 186 176 38 7 195 58 34 29 131 185 27 44 128 80 71 14 146 32 167 42 100 81 57 20 152 45 75 24 147 77 153 94 109 1 12 136 149 3 84 86 47 199 0,185
PFG_MOEA,243,3,363.45,1848.54,0 135 173 28 141 79 138 98 125 0,
PFG_MOEA,243,4,363.45,1848.54,0 159 2 97 85 66 102 36 5 49 0,
PFG_MOEA,243,5,363.45,1848.54,0 180 9 95 182 48 191 110 140 165 187 18 39 54 72 70 164 150 200 21 96 197 43 194 174 76 116 106 92 126 133 91 74 154 103 188 171 181 192 40 63 117 101 68 15 123 175 122 139 198 16 25 4 13 163 193 78 60 0,40 188
PFG_MOEA,243,6,363.45,1848.54,0 46 51 107 134 19 8 55 62 177 65 130 161 170 143 145 82 33 178 160 83 99 59 108 166 73 26 114 179 113 37 121 148 129 93 132 64 50 17 0,46
PFG_MOEA,244,1,261.55,2016.67,0 56 111 169 124 88 155 10 162 31 30 120 118 35 190 168 158 172 90 127 69 87 53 183 41 119 142 22 23 67 61 137 11 151 0,56 124
PFG_MOEA,244,2,261.55,2016.67,0 144 115 184 89 156 157 104 186 176 38 7 195 58 34 29 131 185 27 44 128 80 71 14 146 32 167 42 100 81 189 112 52 105 6 196 0,185
PFG_MOEA,244,3,261.55,2016.67,0 199 94 109 1 12 136 149 3 84 86 47 153 77 147 75 24 45 152 20 57 28 141 79 138 98 173 125 135 66 85 97 2 159 102 0,199
PFG_MOEA,244,4,261.55,2016.67,0 180 9 49 36 5 70 72 54 164 21 96 197 43 76 116 106 92 126 174 194 200 150 39 18 187 165 140 110 191 48 182 95 0,
PFG_MOEA,244,5,261.55,2016.67,0 16 139 198 117 63 181 171 192 40 74 91 133 154 103 188 101 68 15 123 175 25 129 148 93 4 13 163 193 78 60 0,63 188
PFG_MOEA,244,6,261.55,2016.67,0 46 122 51 107 134 19 8 55 62 177 65 130 161 170 143 145 82 33 178 160 83 99 59 108 166 73 26 114 179 113 37 121 132 64 50 17 0,46
PFG_MOEA,245,1,372.87,1829.64,0 199 47 86 84 3 149 136 12 1 109 94 153 77 147 24 75 45 152 20 57 28 42 100 173 98 138 141 79 167 32 146 14 71 80 128 44 27 185 131 29 34 58 195 7 38 176 186 104 157 156 89 81 135 125 189 112 52 159 0,
PFG_MOEA,245,2,372.87,1829.64,0 2 97 85 66 102 36 5 0,
PFG_MOEA,245,3,372.87,1829.64,0 180 9 49 95 182 48 191 110 140 165 187 18 39 54 72 70 164 150 200 21 96 197 43 194 174 76 116 106 92 126 133 91 74 154 103 188 171 181 192 40 63 117 101 68 15 123 175 122 139 198 16 0,40
PFG_MOEA,245,4,372.87,1829.64,0 60 78 193 13 64 50 17 132 4 8 55 62 177 65 130 161 170 143 145 82 33 178 160 83 99 59 108 166 73 26 114 179 113 37 121 148 129 93 25 19 134 107 51 46 0,
PFG_MOEA,245,5,372.87,1829.64,0 163 56 111 151 11 137 88 22 142 119 41 183 53 87 69 127 90 172 158 168 190 35 118 120 31 162 10 23 155 67 61 124 169 0,
PFG_MOEA,245,6,372.87,1829.64,0 144 115 30 184 105 6 196 0,105
PFG_MOEA,246,1,343.52,1869.54,0 184 144 115 120 118 35 190 168 158 172 90 127 69 87 53 183 41 119 30 31 162 142 22 10 23 155 67 61 88 137 11 151 0,
PFG_MOEA,246,2,343.52,1869.54,0 189 81 89 156 157 104 186 176 38 7 195 58 34 29 131 185 27 44 128 80 71 14 146 32 167 42 100 112 0,
PFG_MOEA,246,3,343.52,1869.54,0 94 109 1 12 136 149 3 84 86 47 153 77 147 75 24 45 199 196 6 52 105 152 20 57 28 141 79 138 98 173 125 135 66 85 97 2 159 102 49 9 180 0,173
PFG_MOEA,246,4,343.52,1869.54,0 36 5 0,
PFG_MOEA,246,5,343.52,1869.54,0 17 50 16 139 198 191 117 63 192 181 171 188 103 154 40 74 91 133 194 174 126 92 106 116 76 43 197 96 72 54 70 164 21 200 150 39 18 187 165 48 182 95 0,21 188 198
PFG_MOEA,246,6,343.52,1869.54,0 140 110 101 68 15 123 175 122 46 51 107 134 19 8 55 62 177 65 130 161 170 143 145 82 33 178 160 83 99 59 108 166 73 26 114 179 113 37 121 148 129 93 25 124 169 4 111 56 13 132 163 193 78 64 60 0,46 56 68 179
PFG_MOEA,247,1,336.24,1871.66,0 199 47 86 84 3 149 136 12 1 109 94 153 77 147 24 45 75 0,
PFG_MOEA,247,2,336.24,1871.66,0 95 5 36 102 97 112 85 66 125 135 81 89 156 157 104 186 176 38 7 195 58 34 29 131 185 27 44 128 80 71 14 146 32 167 79 141 138 98 173 100 42 28 57 20 152 189 52 2 159 180 49 9 0,89 185
PFG_MOEA,247,3,336.24,1871.66,0 182 48 191 110 140 165 187 18 39 54 72 70 164 150 200 21 96 197 43 194 174 76 116 106 92 126 133 91 74 154 103 188 171 181 192 40 63 117 101 68 15 123 175 122 139 0,68 91 139
PFG_MOEA,247,4,336.24,1871.66,0 16 198 46 51 107 134 19 25 93 129 148 121 37 113 179 114 26 73 166 108 59 99 83 160 178 33 82 145 143 170 161 130 65 177 62 55 8 4 111 132 163 56 13 193 78 60 64 50 17 151 0,
PFG_MOEA,247,5,336.24,1871.66,0 11 88 137 0,
PFG_MOEA,247,6,336.24,1871.66,0 169 124 61 67 155 23 10 162 22 142 119 41 183 53 87 69 127 90 172 158 168 190 35 118 120 30 31 115 144 184 105 6 196 0,155
PFG_MOEA,248,1,787.39,1705.64,0 196 153 0,
PFG_MOEA,248,2,787.39,1705.64,0 147 24 75 45 152 180 9 49 0,
PFG_MOEA,248,3,787.39,1705.64,0 5 36 102 0,
PFG_MOEA,248,4,787.39,1705.64,0 77 47 86 84 3 149 136 12 184 115 57 20 98 138 141 79 167 32 146 14 71 80 128 44 27 185 131 29 34 58 7 195 38 176 186 104 157 156 89 81 42 100 28 173 125 135 189 105 66 85 112 97 52 2 159 95 182 48 191 110 140 165 187 18 39 70 72 54 164 150 200 21 96 197 43 194 174 76 116 106 92 126 133 91 74 154 103 188 171 181 192 40 63 117 101 68 15 123 175 122 139 198 16 46 51 107 134 19 25 93 129 148 121 37 113 179 114 26 73 166 108 59 99 83 160 178 33 82 145 143 170 161 130 65 177 62 55 8 0,
PFG_MOEA,248,5,787.39,1705.64,0 163 132 4 111 56 13 193 78 60 0,
PFG_MOEA,248,6,787.39,1705.64,0 64 50 17 151 11 137 124 169 88 61 67 155 23 10 162 22 142 119 41 183 53 87 69 127 90 172 158 168 190 35 118 120 30 31 144 1 109 94 199 6 0,10 41 155
PFG_MOEA,249,1,313.2,1915.8,0 60 78 64 50 17 151 11 137 124 0,124
PFG_MOEA,249,2,313.2,1915.8,0 169 88 61 67 155 23 10 162 22 142 119 41 183 53 87 69 127 90 172 158 168 190 35 118 120 30 31 104 186 176 38 7 157 156 144 0,
PFG_MOEA,249,3,313.2,1915.8,0 189 81 100 42 167 32 146 14 71 80 128 44 27 185 131 29 34 58 195 112 0,29
PFG_MOEA,249,4,313.2,1915.8,0 196 6 199 75 45 24 147 77 153 94 109 1 115 184 12 136 149 3 84 86 47 57 20 98 138 141 79 89 28 173 125 135 66 85 97 52 105 152 2 159 102 36 5 49 9 180 0,5
PFG_MOEA,249,5,313.2,1915.8,0 139 122 175 123 15 68 101 117 63 40 192 181 171 188 103 154 74 91 133 126 92 106 116 76 174 194 43 197 96 21 200 150 164 54 72 70 39 18 187 165 140 110 191 48 182 95 198 0,63 91 188
PFG_MOEA,249,6,313.2,1915.8,0 16 46 51 107 134 19 25 93 129 148 121 37 113 179 114 26 73 166 108 59 99 83 160 178 33 82 145 143 170 161 130 65 177 62 55 8 4 111 132 163 56 13 193 0,46 145
PFG_MOEA,250,1,403.49,1779.21,0 196 6 77 0,
PFG_MOEA,250,2,403.49,1779.21,0 199 94 109 1 144 61 124 169 151 11 137 88 67 155 23 10 162 22 142 119 41 183 53 87 69 127 90 172 158 168 190 35 118 120 31 30 115 184 12 136 149 3 84 86 47 153 147 24 75 45 152 105 189 112 52 2 159 102 36 5 49 9 180 0,
PFG_MOEA,250,3,403.49,1779.21,0 97 0,
PFG_MOEA,250,4,403.49,1779.21,0 20 57 81 89 156 157 104 186 176 38 195 7 58 34 29 131 185 27 44 128 80 71 14 146 32 167 42 100 79 141 138 98 28 173 66 85 125 135 0,89 131
PFG_MOEA,250,5,403.49,1779.21,0 16 139 198 95 182 191 48 165 187 18 39 54 72 70 164 150 200 21 96 197 43 194 174 76 116 106 92 126 133 91 74 154 103 188 171 181 192 40 63 117 140 110 101 68 15 123 175 122 46 51 107 134 19 8 55 0,21 198
PFG_MOEA,250,6,403.49,1779.21,0 60 78 193 163 13 62 177 65 130 161 170 143 145 82 33 178 160 83 99 59 108 166 73 26 114 179 113 37 121 148 129 93 25 4 111 56 132 64 50 17 0,56
PFG_MOEA,251,1,547.48,1749.89,0 151 0,
PFG_MOEA,251,2,547.48,1749.89,0 50 17 169 124 137 11 88 61 67 155 23 10 162 22 142 119 41 183 53 87 69 127 90 172 158 168 190 35 118 120 31 30 115 144 184 12 136 149 0,50 87 155
PFG_MOEA,251,3,547.48,1749.89,0 196 6 105 52 112 189 100 81 57 20 152 45 75 24 147 77 153 94 109 1 3 84 86 47 199 0,1
PFG_MOEA,251,4,547.48,1749.89,0 159 2 97 85 66 98 138 141 79 167 32 146 14 71 80 128 44 27 185 131 29 34 58 195 7 38 176 186 104 157 156 89 42 28 173 125 135 102 36 0,89
PFG_MOEA,251,5,547.48,1749.89,0 60 78 193 13 163 64 132 56 111 4 25 93 129 148 121 37 113 179 114 26 73 166 108 59 99 83 160 178 33 82 145 143 170 161 130 65 177 62 55 8 19 134 123 175 122 16 139 198 15 68 101 117 63 40 192 181 171 188 103 154 74 91 133 126 92 106 116 76 174 194 43 197 96 21 200 150 164 70 72 54 39 18 187 165 140 110 191 48 182 95 5 49 9 180 0,5 63 68
PFG_MOEA,251,6,547.48,1749.89,0 51 107 46 0,
PFG_MOEA,252,1,321.43,1884.2,0 196 6 199 77 94 109 1 184 115 30 31 120 118 35 190 168 158 172 90 127 69 87 53 183 41 119 142 22 162 10 23 155 67 88 137 11 151 169 124 61 144 0,
PFG_MOEA,252,2,321.43,1884.2,0 12 136 149 3 84 86 47 153 147 24 75 45 152 105 189 112 97 52 2 159 102 36 5 49 9 180 0,97
PFG_MOEA,252,3,321.43,1884.2,0 20 57 81 0,
PFG_MOEA,252,4,321.43,1884.2,0 135 125 89 156 157 104 186 176 38 195 7 58 34 29 131 185 27 44 128 80 71 14 146 32 167 42 100 79 141 138 98 28 173 66 85 72 54 39 18 187 165 48 191 182 95 198 139 16 0,89 185
PFG_MOEA,252,5,321.43,1884.2,0 70 164 150 200 21 96 197 43 194 174 76 116 106 92 126 133 91 74 154 103 188 171 181 192 40 63 117 140 110 101 68 15 123 175 122 46 51 107 134 19 0,21
PFG_MOEA,252,6,321.43,1884.2,0 60 50 64 78 193 163 13 8 55 62 177 65 130 161 170 143 145 82 33 178 160 83 99 59 108 166 73 26 114 179 113 37 121 148 129 93 25 4 111 56 132 17 0,
PFG_MOEA,253,1,363.45,1848.54,0 56 111 151 11 137 124 169 88 61 67 155 23 10 162 22 142 119 41 183 53 87 69 127 90 172 158 168 190 35 118 120 31 30 115 144 184 0,137
PFG_MOEA,253,2,363.45,1848.54,0 196 6 105 52 112 189 89 156 157 104 186 176 38 7 195 58 34 29 131 185 27 44 128 80 71 14 146 32 167 42 100 81 57 20 152 45 75 24 147 77 153 94 109 1 12 136 149 3 84 86 47 199 0,185
PFG_MOEA,253,3,363.45,1848.54,0 135 173 28 141 79 138 98 125 0,
PFG_MOEA,253,4,363.45,1848.54,0 159 2 97 85 66 102 36 5 49 0,
PFG_MOEA,253,5,363.45,1848.54,0 180 9 95 182 48 191 110 140 165 187 18 39 54 72 70 164 150 200 21 96 197 43 194 174 76 116 106 92 126 133 91 74 154 103 188 171 181 192 40 63 117 101 68 15 123 175 122 139 198 16 25 4 13 163 193 78 60 0,40 188
PFG_MOEA,253,6,363.45,1848.54,0 46 51 107 134 19 8 55 62 177 65 130 161 170 143 145 82 33 178 160 83 99 59 108 166 73 26 114 179 113 37 121 148 129 93 132 64 50 17 0,46
PFG_MOEA,254,1,261.55,2016.67,0 56 111 169 124 88 155 10 162 31 30 120 118 35 190 168 158 172 90 127 69 87 53 183 41 119 142 22 23 67 61 137 11 151 0,56 124
PFG_MOEA,254,2,261.55,2016.67,0 144 115 184 89 156 157 104 186 176 38 7 195 58 34 29 131 185 27 44 128 80 71 14 146 32 167 42 100 81 189 112 52 105 6 196 0,185
PFG_MOEA,254,3,261.55,2016.67,0 199 94 109 1 12 136 149 3 84 86 47 153 77 147 75 24 45 152 20 57 28 141 79 138 98 173 125 135 66 85 97 2 159 102 0,199
PFG_MOEA,254,4,261.55,2016.67,0 180 9 49 36 5 70 72 54 164 21 96 197 43 76 116 106 92 126 174 194 200 150 39 18 187 165 140 110 191 48 182 95 0,
PFG_MOEA,254,5,261.55,2016.67,0 16 139 198 117 63 181 171 192 40 74 91 133 154 103 188 101 68 15 123 175 25 129 148 93 4 13 163 193 78 60 0,63 188
PFG_MOEA,254,6,261.55,2016.67,0 46 122 51 107 134 19 8 55 62 177 65 130 161 170 143 145 82 33 178 160 83 99 59 108 166 73 26 114 179 113 37 121 132 64 50 17 0,46
PFG_MOEA,255,1,372.87,1829.64,0 199 47 86 84 3 149 136 12 1 109 94 153 77 147 24 75 45 152 20 57 28 42 100 173 98 138 141 79 167 32 146 14 71 80 128 44 27 185 131 29 34 58 195 7 38 176 186 104 157 156 89 81 135 125 189 112 52 159 0,
PFG_MOEA,255,2,372.87,1829.64,0 2 97 85 66 102 36 5 0,
PFG_MOEA,255,3,372.87,1829.64,0 180 9 49 95 182 48 191 110 140 165 187 18 39 54 72 70 164 150 200 21 96 197 43 194 174 76 116 106 92 126 133 91 74 154 103 188 171 181 192 40 63 117 101 68 15 123 175 122 139 198 16 0,40
PFG_MOEA,255,4,372.87,1829.64,0 60 78 193 13 64 50 17 132 4 8 55 62 177 65 130 161 170 143 145 82 33 178 160 83 99 59 108 166 73 26 114 179 113 37 121 148 129 93 25 19 134 107 51 46 0,
PFG_MOEA,255,5,372.87,1829.64,0 163 56 111 151 11 137 88 22 142 119 41 183 53 87 69 127 90 172 158 168 190 35 118 120 31 162 10 23 155 67 61 124 169 0,
PFG_MOEA,255,6,372.87,1829.64,0 144 115 30 184 105 6 196 0,105
PFG_MOEA,256,1,343.52,1869.54,0 184 144 115 120 118 35 190 168 158 172 90 127 69 87 53 183 41 119 30 31 162 142 22 10 23 155 67 61 88 137 11 151 0,
PFG_MOEA,256,2,343.52,1869.54,0 189 81 89 156 157 104 186 176 38 7 195 58 34 29 131 185 27 44 128 80 71 14 146 32 167 42 100 112 0,
PFG_MOEA,256,3,343.52,1869.54,0 94 109 1 12 136 149 3 84 86 47 153 77 147 75 24 45 199 196 6 52 105 152 20 57 28 141 79 138 98 173 125 135 66 85 97 2 159 102 49 9 180 0,173
PFG_MOEA,256,4,343.52,1869.54,0 36 5 0,
PFG_MOEA,256,5,343.52,1869.54,0 17 50 16 139 198 191 117 63 192 181 171 188 103 154 40 74 91 133 194 174 126 92 106 116 76 43 197 96 72 54 70 164 21 200 150 39 18 187 165 48 182 95 0,21 188 198
PFG_MOEA,256,6,343.52,1869.54,0 140 110 101 68 15 123 175 122 46 51 107 134 19 8 55 62 177 65 130 161 170 143 145 82 33 178 160 83 99 59 108 166 73 26 114 179 113 37 121 148 129 93 25 124 169 4 111 56 13 132 163 193 78 64 60 0,46 56 68 179
PFG_MOEA,257,1,336.24,1871.66,0 199 47 86 84 3 149 136 12 1 109 94 153 77 147 24 45 75 0,
PFG_MOEA,257,2,336.24,1871.66,0 95 5 36 102 97 112 85 66 125 135 81 89 156 157 104 186 176 38 7 195 58 34 29 131 185 27 44 128 80 71 14 146 32 167 79 141 138 98 173 100 42 28 57 20 152 189 52 2 159 180 49 9 0,89 185
PFG_MOEA,257,3,336.24,1871.66,0 182 48 191 110 140 165 187 18 39 54 72 70 164 150 200 21 96 197 43 194 174 76 116 106 92 126 133 91 74 154 103 188 171 181 192 40 63 117 101 68 15 123 175 122 139 0,68 91 139
PFG_MOEA,257,4,336.24,1871.66,0 16 198 46 51 107 134 19 25 93 129 148 121 37 113 179 114 26 73 166 108 59 99 83 160 178 33 82 145 143 170 161 130 65 177 62 55 8 4 111 132 163 56 13 193 78 60 64 50 17 151 0,
PFG_MOEA,257,5,336.24,1871.66,0 11 88 137 0,
PFG_MOEA,257,6,336.24,1871.66,0 169 124 61 67 155 23 10 162 22 142 119 41 183 53 87 69 127 90 172 158 168 190 35 118 120 30 31 115 144 184 105 6 196 0,155
PFG_MOEA,258,1,787.39,1705.64,0 196 153 0,
PFG_MOEA,258,2,787.39,1705.64,0 147 24 75 45 152 180 9 49 0,
PFG_MOEA,258,3,787.39,1705.64,0 5 36 102 0,
PFG_MOEA,258,4,787.39,1705.64,0 77 47 86 84 3 149 136 12 184 115 57 20 98 138 141 79 167 32 146 14 71 80 128 44 27 185 131 29 34 58 7 195 38 176 186 104 157 156 89 81 42 100 28 173 125 135 189 105 66 85 112 97 52 2 159 95 182 48 191 110 140 165 187 18 39 70 72 54 164 150 200 21 96 197 43 194 174 76 116 106 92 126 133 91 74 154 103 188 171 181 192 40 63 117 101 68 15 123 175 122 139 198 16 46 51 107 134 19 25 93 129 148 121 37 113 179 114 26 73 166 108 59 99 83 160 178 33 82 145 143 170 161 130 65 177 62 55 8 0,
PFG_MOEA,258,5,787.39,1705.64,0 163 132 4 111 56 13 193 78 60 0,
PFG_MOEA,258,6,787.39,1705.64,0 64 50 17 151 11 137 124 169 88 61 67 155 23 10 162 22 142 119 41 183 53 87 69 127 90 172 158 168 190 35 118 120 30 31 144 1 109 94 199 6 0,10 41 155
PFG_MOEA,259,1,313.2,1915.8,0 60 78 64 50 17 151 11 137 124 0,124
PFG_MOEA,259,2,313.2,1915.8,0 169 88 61 67 155 23 10 162 22 142 119 41 183 53 87 69 127 90 172 158 168 190 35 118 120 30 31 104 186 176 38 7 157 156 144 0,
PFG_MOEA,259,3,313.2,1915.8,0 189 81 100 42 167 32 146 14 71 80 128 44 27 185 131 29 34 58 195 112 0,29
PFG_MOEA,259,4,313.2,1915.8,0 196 6 199 75 45 24 147 77 153 94 109 1 115 184 12 136 149 3 84 86 47 57 20 98 138 141 79 89 28 173 125 135 66 85 97 52 105 152 2 159 102 36 5 49 9 180 0,5
PFG_MOEA,259,5,313.2,1915.8,0 139 122 175 123 15 68 101 117 63 40 192 181 171 188 103 154 74 91 133 126 92 106 116 76 174 194 43 197 96 21 200 150 164 54 72 70 39 18 187 165 140 110 191 48 182 95 198 0,63 91 188
PFG_MOEA,259,6,313.2,1915.8,0 16 46 51 107 134 19 25 93 129 148 121 37 113 179 114 26 73 166 108 59 99 83 160 178 33 82 145 143 170 161 130 65 177 62 55 8 4 111 132 163 56 13 193 0,46 145
PFG_MOEA,260,1,403.49,1779.21,0 196 6 77 0,
PFG_MOEA,260,2,403.49,1779.21,0 199 94 109 1 144 61 124 169 151 11 137 88 67 155 23 10 162 22 142 119 41 183 53 87 69 127 90 172 158 168 190 35 118 120 31 30 115 184 12 136 149 3 84 86 47 153 147 24 75 45 152 105 189 112 52 2 159 102 36 5 49 9 180 0,
PFG_MOEA,260,3,403.49,1779.21,0 97 0,
PFG_MOEA,260,4,403.49,1779.21,0 20 57 81 89 156 157 104 186 176 38 195 7 58 34 29 131 185 27 44 128 80 71 14 146 32 167 42 100 79 141 138 98 28 173 66 85 125 135 0,89 131
PFG_MOEA,260,5,403.49,1779.21,0 16 139 198 95 182 191 48 165 187 18 39 54 72 70 164 150 200 21 96 197 43 194 174 76 116 106 92 126 133 91 74 154 103 188 171 181 192 40 63 117 140 110 101 68 15 123 175 122 46 51 107 134 19 8 55 0,21 198
PFG_MOEA,260,6,403.49,1779.21,0 60 78 193 163 13 62 177 65 130 161 170 143 145 82 33 178 160 83 99 59 108 166 73 26 114 179 113 37 121 148 129 93 25 4 111 56 132 64 50 17 0,56
PFG_MOEA,261,1,547.48,1749.89,0 151 0,
PFG_MOEA,261,2,547.48,1749.89,0 50 17 169 124 137 11 88 61 67 155 23 10 162 22 142 119 41 183 53 87 69 127 90 172 158 168 190 35 118 120 31 30 115 144 184 12 136 149 0,50 87 155
PFG_MOEA,261,3,547.48,1749.89,0 196 6 105 52 112 189 100 81 57 20 152 45 75 24 147 77 153 94 109 1 3 84 86 47 199 0,1
PFG_MOEA,261,4,547.48,1749.89,0 159 2 97 85 66 98 138 141 79 167 32 146 14 71 80 128 44 27 185 131 29 34 58 195 7 38 176 186 104 157 156 89 42 28 173 125 135 102 36 0,89
PFG_MOEA,261,5,547.48,1749.89,0 60 78 193 13 163 64 132 56 111 4 25 93 129 148 121 37 113 179 114 26 73 166 108 59 99 83 160 178 33 82 145 143 170 161 130 65 177 62 55 8 19 134 123 175 122 16 139 198 15 68 101 117 63 40 192 181 171 188 103 154 74 91 133 126 92 106 116 76 174 194 43 197 96 21 200 150 164 70 72 54 39 18 187 165 140 110 191 48 182 95 5 49 9 180 0,5 63 68
PFG_MOEA,261,6,547.48,1749.89,0 51 107 46 0,
PFG_MOEA,262,1,321.43,1884.2,0 196 6 199 77 94 109 1 184 115 30 31 120 118 35 190 168 158 172 90 127 69 87 53 183 41 119 142 22 162 10 23 155 67 88 137 11 151 169 124 61 144 0,
PFG_MOEA,262,2,321.43,1884.2,0 12 136 149 3 84 86 47 153 147 24 75 45 152 105 189 112 97 52 2 159 102 36 5 49 9 180 0,97
PFG_MOEA,262,3,321.43,1884.2,0 20 57 81 0,
PFG_MOEA,262,4,321.43,1884.2,0 135 125 89 156 157 104 186 176 38 195 7 58 34 29 131 185 27 44 128 80 71 14 146 32 167 42 100 79 141 138 98 28 173 66 85 72 54 39 18 187 165 48 191 182 95 198 139 16 0,89 185
PFG_MOEA,262,5,321.43,1884.2,0 70 164 150 200 21 96 197 43 194 174 76 116 106 92 126 133 91 74 154 103 188 171 181 192 40 63 117 140 110 101 68 15 123 175 122 46 51 107 134 19 0,21
PFG_MOEA,262,6,321.43,1884.2,0 60 50 64 78 193 163 13 8 55 62 177 65 130 161 170 143 145 82 33 178 160 83 99 59 108 166 73 26 114 179 113 37 121 148 129 93 25 4 111 56 132 17 0,
PFG_MOEA,263,1,363.45,1848.54,0 56 111 151 11 137 124 169 88 61 67 155 23 10 162 22 142 119 41 183 53 87 69 127 90 172 158 168 190 35 118 120 31 30 115 144 184 0,137
PFG_MOEA,263,2,363.45,1848.54,0 196 6 105 52 112 189 89 156 157 104 186 176 38 7 195 58 34 29 131 185 27 44 128 80 71 14 146 32 167 42 100 81 57 20 152 45 75 24 147 77 153 94 109 1 12 136 149 3 84 86 47 199 0,185
PFG_MOEA,263,3,363.45,1848.54,0 135 173 28 141 79 138 98 125 0,
PFG_MOEA,263,4,363.45,1848.54,0 159 2 97 85 66 102 36 5 49 0,
PFG_MOEA,263,5,363.45,1848.54,0 180 9 95 182 48 191 110 140 165 187 18 39 54 72 70 164 150 200 21 96 197 43 194 174 76 116 106 92 126 133 91 74 154 103 188 171 181 192 40 63 117 101 68 15 123 175 122 139 198 16 25 4 13 163 193 78 60 0,40 188
PFG_MOEA,263,6,363.45,1848.54,0 46 51 107 134 19 8 55 62 177 65 130 161 170 143 145 82 33 178 160 83 99 59 108 166 73 26 114 179 113 37 121 148 129 93 132 64 50 17 0,46
PFG_MOEA,264,1,261.55,2016.67,0 56 111 169 124 88 155 10 162 31 30 120 118 35 190 168 158 172 90 127 69 87 53 183 41 119 142 22 23 67 61 137 11 151 0,56 124
PFG_MOEA,264,2,261.55,2016.67,0 144 115 184 89 156 157 104 186 176 38 7 195 58 34 29 131 185 27 44 128 80 71 14 146 32 167 42 100 81 189 112 52 105 6 196 0,185
PFG_MOEA,264,3,261.55,2016.67,0 199 94 109 1 12 136 149 3 84 86 47 153 77 147 75 24 45 152 20 57 28 141 79 138 98 173 125 135 66 85 97 2 159 102 0,199
PFG_MOEA,264,4,261.55,2016.67,0 180 9 49 36 5 70 72 54 164 21 96 197 43 76 116 106 92 126 174 194 200 150 39 18 187 165 140 110 191 48 182 95 0,
PFG_MOEA,264,5,261.55,2016.67,0 16 139 198 117 63 181 171 192 40 74 91 133 154 103 188 101 68 15 123 175 25 129 148 93 4 13 163 193 78 60 0,63 188
PFG_MOEA,264,6,261.55,2016.67,0 46 122 51 107 134 19 8 55 62 177 65 130 161 170 143 145 82 33 178 160 83 99 59 108 166 73 26 114 179 113 37 121 132 64 50 17 0,46
PFG_MOEA,265,1,372.87,1829.64,0 199 47 86 84 3 149 136 12 1 109 94 153 77 147 24 75 45 152 20 57 28 42 100 173 98 138 141 79 167 32 146 14 71 80 128 44 27 185 131 29 34 58 195 7 38 176 186 104 157 156 89 81 135 125 189 112 52 159 0,
PFG_MOEA,265,2,372.87,1829.64,0 2 97 85 66 102 36 5 0,
PFG_MOEA,265,3,372.87,1829.64,0 180 9 49 95 182 48 191 110 140 165 187 18 39 54 72 70 164 150 200 21 96 197 43 194 174 76 116 106 92 126 133 91 74 154 103 188 171 181 192 40 63 117 101 68 15 123 175 122 139 198 16 0,40
PFG_MOEA,265,4,372.87,1829.64,0 60 78 193 13 64 50 17 132 4 8 55 62 177 65 130 161 170 143 145 82 33 178 160 83 99 59 108 166 73 26 114 179 113 37 121 148 129 93 25 19 134 107 51 46 0,
PFG_MOEA,265,5,372.87,1829.64,0 163 56 111 151 11 137 88 22 142 119 41 183 53 87 69 127 90 172 158 168 190 35 118 120 31 162 10 23 155 67 61 124 169 0,
PFG_MOEA,265,6,372.87,1829.64,0 144 115 30 184 105 6 196 0,105
PFG_MOEA,266,1,343.52,1869.54,0 184 144 115 120 118 35 190 168 158 172 90 127 69 87 53 183 41 119 30 31 162 142 22 10 23 155 67 61 88 137 11 151 0,
PFG_MOEA,266,2,343.52,1869.54,0 189 81 89 156 157 104 186 176 38 7 195 58 34 29 131 185 27 44 128 80 71 14 146 32 167 42 100 112 0,
PFG_MOEA,266,3,343.52,1869.54,0 94 109 1 12 136 149 3 84 86 47 153 77 147 75 24 45 199 196 6 52 105 152 20 57 28 141 79 138 98 173 125 135 66 85 97 2 159 102 49 9 180 0,173
PFG_MOEA,266,4,343.52,1869.54,0 36 5 0,
PFG_MOEA,266,5,343.52,1869.54,0 17 50 16 139 198 191 117 63 192 181 171 188 103 154 40 74 91 133 194 174 126 92 106 116 76 43 197 96 72 54 70 164 21 200 150 39 18 187 165 48 182 95 0,21 188 198
PFG_MOEA,266,6,343.52,1869.54,0 140 110 101 68 15 123 175 122 46 51 107 134 19 8 55 62 177 65 130 161 170 143 145 82 33 178 160 83 99 59 108 166 73 26 114 179 113 37 121 148 129 93 25 124 169 4 111 56 13 132 163 193 78 64 60 0,46 56 68 179
PFG_MOEA,267,1,336.24,1871.66,0 199 47 86 84 3 149 136 12 1 109 94 153 77 147 24 45 75 0,
PFG_MOEA,267,2,336.24,1871.66,0 95 5 36 102 97 112 85 66 125 135 81 89 156 157 104 186 176 38 7 195 58 34 29 131 185 27 44 128 80 71 14 146 32 167 79 141 138 98 173 100 42 28 57 20 152 189 52 2 159 180 49 9 0,89 185
PFG_MOEA,267,3,336.24,1871.66,0 182 48 191 110 140 165 187 18 39 54 72 70 164 150 200 21 96 197 43 194 174 76 116 106 92 126 133 91 74 154 103 188 171 181 192 40 63 117 101 68 15 123 175 122 139 0,68 91 139
PFG_MOEA,267,4,336.24,1871.66,0 16 198 46 51 107 134 19 25 93 129 148 121 37 113 179 114 26 73 166 108 59 99 83 160 178 33 82 145 143 170 161 130 65 177 62 55 8 4 111 132 163 56 13 193 78 60 64 50 17 151 0,
PFG_MOEA,267,5,336.24,1871.66,0 11 88 137 0,
PFG_MOEA,267,6,336.24,1871.66,0 169 124 61 67 155 23 10 162 22 142 119 41 183 53 87 69 127 90 172 158 168 190 35 118 120 30 31 115 144 184 105 6 196 0,155
PFG_MOEA,268,1,787.39,1705.64,0 196 153 0,
PFG_MOEA,268,2,787.39,1705.64,0 147 24 75 45 152 180 9 49 0,
PFG_MOEA,268,3,787.39,1705.64,0 5 36 102 0,
PFG_MOEA,268,4,787.39,1705.64,0 77 47 86 84 3 149 136 12 184 115 57 20 98 138 141 79 167 32 146 14 71 80 128 44 27 185 131 29 34 58 7 195 38 176 186 104 157 156 89 81 42 100 28 173 125 135 189 105 66 85 112 97 52 2 159 95 182 48 191 110 140 165 187 18 39 70 72 54 164 150 200 21 96 197 43 194 174 76 116 106 92 126 133 91 74 154 103 188 171 181 192 40 63 117 101 68 15 123 175 122 139 198 16 46 51 107 134 19 25 93 129 148 121 37 113 179 114 26 73 166 108 59 99 83 160 178 33 82 145 143 170 161 130 65 177 62 55 8 0,
PFG_MOEA,268,5,787.39,1705.64,0 163 132 4 111 56 13 193 78 60 0,
PFG_MOEA,268,6,787.39,1705.64,0 64 50 17 151 11 137 124 169 88 61 67 155 23 10 162 22 142 119 41 183 53 87 69 127 90 172 158 168 190 35 118 120 30 31 144 1 109 94 199 6 0,10 41 155
PFG_MOEA,269,1,313.2,1915.8,0 60 78 64 50 17 151 11 137 124 0,124
PFG_MOEA,269,2,313.2,1915.8,0 169 88 61 67 155 23 10 162 22 142 119 41 183 53 87 69 127 90 172 158 168 190 35 118 120 30 31 104 186 176 38 7 157 156 144 0,
PFG_MOEA,269,3,313.2,1915.8,0 189 81 100 42 167 32 146 14 71 80 128 44 27 185 131 29 34 58 195 112 0,29
PFG_MOEA,269,4,313.2,1915.8,0 196 6 199 75 45 24 147 77 153 94 109 1 115 184 12 136 149 3 84 86 47 57 20 98 138 141 79 89 28 173 125 135 66 85 97 52 105 152 2 159 102 36 5 49 9 180 0,5
PFG_MOEA,269,5,313.2,1915.8,0 139 122 175 123 15 68 101 117 63 40 192 181 171 188 103 154 74 91 133 126 92 106 116 76 174 194 43 197 96 21 200 150 164 54 72 70 39 18 187 165 140 110 191 48 182 95 198 0,63 91 188
PFG_MOEA,269,6,313.2,1915.8,0 16 46 51 107 134 19 25 93 129 148 121 37 113 179 114 26 73 166 108 59 99 83 160 178 33 82 145 143 170 161 130 65 177 62 55 8 4 111 132 163 56 13 193 0,46 145
PFG_MOEA,270,1,403.49,1779.21,0 196 6 77 0,
PFG_MOEA,270,2,403.49,1779.21,0 199 94 109 1 144 61 124 169 151 11 137 88 67 155 23 10 162 22 142 119 41 183 53 87 69 127 90 172 158 168 190 35 118 120 31 30 115 184 12 136 149 3 84 86 47 153 147 24 75 45 152 105 189 112 52 2 159 102 36 5 49 9 180 0,
PFG_MOEA,270,3,403.49,1779.21,0 97 0,
PFG_MOEA,270,4,403.49,1779.21,0 20 57 81 89 156 157 104 186 176 38 195 7 58 34 29 131 185 27 44 128 80 71 14 146 32 167 42 100 79 141 138 98 28 173 66 85 125 135 0,89 131
PFG_MOEA,270,5,403.49,1779.21,0 16 139 198 95 182 191 48 165 187 18 39 54 72 70 164 150 200 21 96 197 43 194 174 76 116 106 92 126 133 91 74 154 103 188 171 181 192 40 63 117 140 110 101 68 15 123 175 122 46 51 107 134 19 8 55 0,21 198
PFG_MOEA,270,6,403.49,1779.21,0 60 78 193 163 13 62 177 65 130 161 170 143 145 82 33 178 160 83 99 59 108 166 73 26 114 179 113 37 121 148 129 93 25 4 111 56 132 64 50 17 0,56
PFG_MOEA,271,1,547.48,1749.89,0 151 0,
PFG_MOEA,271,2,547.48,1749.89,0 50 17 169 124 137 11 88 61 67 155 23 10 162 22 142 119 41 183 53 87 69 127 90 172 158 168 190 35 118 120 31 30 115 144 184 12 136 149 0,50 87 155
PFG_MOEA,271,3,547.48,1749.89,0 196 6 105 52 112 189 100 81 57 20 152 45 75 24 147 77 153 94 109 1 3 84 86 47 199 0,1
PFG_MOEA,271,4,547.48,1749.89,0 159 2 97 85 66 98 138 141 79 167 32 146 14 71 80 128 44 27 185 131 29 34 58 195 7 38 176 186 104 157 156 89 42 28 173 125 135 102 36 0,89
PFG_MOEA,271,5,547.48,1749.89,0 60 78 193 13 163 64 132 56 111 4 25 93 129 148 121 37 113 179 114 26 73 166 108 59 99 83 160 178 33 82 145 143 170 161 130 65 177 62 55 8 19 134 123 175 122 16 139 198 15 68 101 117 63 40 192 181 171 188 103 154 74 91 133 126 92 106 116 76 174 194 43 197 96 21 200 150 164 70 72 54 39 18 187 165 140 110 191 48 182 95 5 49 9 180 0,5 63 68
PFG_MOEA,271,6,547.48,1749.89,0 51 107 46 0,
PFG_MOEA,272,1,321.43,1884.2,0 196 6 199 77 94 109 1 184 115 30 31 120 118 35 190 168 158 172 90 127 69 87 53 183 41 119 142 22 162 10 23 155 67 88 137 11 151 169 124 61 144 0,
PFG_MOEA,272,2,321.43,1884.2,0 12 136 149 3 84 86 47 153 147 24 75 45 152 105 189 112 97 52 2 159 102 36 5 49 9 180 0,97
PFG_MOEA,272,3,321.43,1884.2,0 20 57 81 0,
PFG_MOEA,272,4,321.43,1884.2,0 135 125 89 156 157 104 186 176 38 195 7 58 34 29 131 185 27 44 128 80 71 14 146 32 167 42 100 79 141 138 98 28 173 66 85 72 54 39 18 187 165 48 191 182 95 198 139 16 0,89 185
PFG_MOEA,272,5,321.43,1884.2,0 70 164 150 200 21 96 197 43 194 174 76 116 106 92 126 133 91 74 154 103 188 171 181 192 40 63 117 140 110 101 68 15 123 175 122 46 51 107 134 19 0,21
PFG_MOEA,272,6,321.43,1884.2,0 60 50 64 78 193 163 13 8 55 62 177 65 130 161 170 143 145 82 33 178 160 83 99 59 108 166 73 26 114 179 113 37 121 148 129 93 25 4 111 56 132 17 0,
PFG_MOEA,273,1,363.45,1848.54,0 56 111 151 11 137 124 169 88 61 67 155 23 10 162 22 142 119 41 183 53 87 69 127 90 172 158 168 190 35 118 120 31 30 115 144 184 0,137
PFG_MOEA,273,2,363.45,1848.54,0 196 6 105 52 112 189 89 156 157 104 186 176 38 7 195 58 34 29 131 185 27 44 128 80 71 14 146 32 167 42 100 81 57 20 152 45 75 24 147 77 153 94 109 1 12 136 149 3 84 86 47 199 0,185
PFG_MOEA,273,3,363.45,1848.54,0 135 173 28 141 79 138 98 125 0,
PFG_MOEA,273,4,363.45,1848.54,0 159 2 97 85 66 102 36 5 49 0,
PFG_MOEA,273,5,363.45,1848.54,0 180 9 95 182 48 191 110 140 165 187 18 39 54 72 70 164 150 200 21 96 197 43 194 174 76 116 106 92 126 133 91 74 154 103 188 171 181 192 40 63 117 101 68 15 123 175 122 139 198 16 25 4 13 163 193 78 60 0,40 188
PFG_MOEA,273,6,363.45,1848.54,0 46 51 107 134 19 8 55 62 177 65 130 161 170 143 145 82 33 178 160 83 99 59 108 166 73 26 114 179 113 37 121 148 129 93 132 64 50 17 0,46
PFG_MOEA,274,1,261.55,2016.67,0 56 111 169 124 88 155 10 162 31 30 120 118 35 190 168 158 172 90 127 69 87 53 183 41 119 142 22 23 67 61 137 11 151 0,56 124
PFG_MOEA,274,2,261.55,2016.67,0 144 115 184 89 156 157 104 186 176 38 7 195 58 34 29 131 185 27 44 128 80 71 14 146 32 167 42 100 81 189 112 52 105 6 196 0,185
PFG_MOEA,274,3,261.55,2016.67,0 199 94 109 1 12 136 149 3 84 86 47 153 77 147 75 24 45 152 20 57 28 141 79 138 98 173 125 135 66 85 97 2 159 102 0,199
PFG_MOEA,274,4,261.55,2016.67,0 180 9 49 36 5 70 72 54 164 21 96 197 43 76 116 106 92 126 174 194 200 150 39 18 187 165 140 110 191 48 182 95 0,
PFG_MOEA,274,5,261.55,2016.67,0 16 139 198 117 63 181 171 192 40 74 91 133 154 103 188 101 68 15 123 175 25 129 148 93 4 13 163 193 78 60 0,63 188
PFG_MOEA,274,6,261.55,2016.67,0 46 122 51 107 134 19 8 55 62 177 65 130 161 170 143 145 82 33 178 160 83 99 59 108 166 73 26 114 179 113 37 121 132 64 50 17 0,46
PFG_MOEA,275,1,372.87,1829.64,0 199 47 86 84 3 149 136 12 1 109 94 153 77 147 24 75 45 152 20 57 28 42 100 173 98 138 141 79 167 32 146 14 71 80 128 44 27 185 131 29 34 58 195 7 38 176 186 104 157 156 89 81 135 125 189 112 52 159 0,
PFG_MOEA,275,2,372.87,1829.64,0 2 97 85 66 102 36 5 0,
PFG_MOEA,275,3,372.87,1829.64,0 180 9 49 95 182 48 191 110 140 165 187 18 39 54 72 70 164 150 200 21 96 197 43 194 174 76 116 106 92 126 133 91 74 154 103 188 171 181 192 40 63 117 101 68 15 123 175 122 139 198 16 0,40
PFG_MOEA,275,4,372.87,1829.64,0 60 78 193 13 64 50 17 132 4 8 55 62 177 65 130 161 170 143 145 82 33 178 160 83 99 59 108 166 73 26 114 179 113 37 121 148 129 93 25 19 134 107 51 46 0,
PFG_MOEA,275,5,372.87,1829.64,0 163 56 111 151 11 137 88 22 142 119 41 183 53 87 69 127 90 172 158 168 190 35 118 120 31 162 10 23 155 67 61 124 169 0,
PFG_MOEA,275,6,372.87,1829.64,0 144 115 30 184 105 6 196 0,105
PFG_MOEA,276,1,343.52,1869.54,0 184 144 115 120 118 35 190 168 158 172 90 127 69 87 53 183 41 119 30 31 162 142 22 10 23 155 67 61 88 137 11 151 0,
PFG_MOEA,276,2,343.52,1869.54,0 189 81 89 156 157 104 186 176 38 7 195 58 34 29 131 185 27 44 128 80 71 14 146 32 167 42 100 112 0,
PFG_MOEA,276,3,343.52,1869.54,0 94 109 1 12 136 149 3 84 86 47 153 77 147 75 24 45 199 196 6 52 105 152 20 57 28 141 79 138 98 173 125 135 66 85 97 2 159 102 49 9 180 0,173
PFG_MOEA,276,4,343.52,1869.54,0 36 5 0,
PFG_MOEA,276,5,343.52,1869.54,0 17 50 16 139 198 191 117 63 192 181 171 188 103 154 40 74 91 133 194 174 126 92 106 116 76 43 197 96 72 54 70 164 21 200 150 39 18 187 165 48 182 95 0,21 188 198
PFG_MOEA,276,6,343.52,1869.54,0 140 110 101 68 15 123 175 122 46 51 107 134 19 8 55 62 177 65 130 161 170 143 145 82 33 178 160 83 99 59 108 166 73 26 114 179 113 37 121 148 129 93 25 124 169 4 111 56 13 132 163 193 78 64 60 0,46 56 68 179
PFG_MOEA,277,1,336.24,1871.66,0 199 47 86 84 3 149 136 12 1 109 94 153 77 147 24 45 75 0,
PFG_MOEA,277,2,336.24,1871.66,0 95 5 36 102 97 112 85 66 125 135 81 89 156 157 104 186 176 38 7 195 58 34 29 131 185 27 44 128 80 71 14 146 32 167 79 141 138 98 173 100 42 28 57 20 152 189 52 2 159 180 49 9 0,89 185
PFG_MOEA,277,3,336.24,1871.66,0 182 48 191 110 140 165 187 18 39 54 72 70 164 150 200 21 96 197 43 194 174 76 116 106 92 126 133 91 74 154 103 188 171 181 192 40 63 117 101 68 15 123 175 122 139 0,68 91 139
PFG_MOEA,277,4,336.24,1871.66,0 16 198 46 51 107 134 19 25 93 129 148 121 37 113 179 114 26 73 166 108 59 99 83 160 178 33 82 145 143 170 161 130 65 177 62 55 8 4 111 132 163 56 13 193 78 60 64 50 17 151 0,
PFG_MOEA,277,5,336.24,1871.66,0 11 88 137 0,
PFG_MOEA,277,6,336.24,1871.66,0 169 124 61 67 155 23 10 162 22 142 119 41 183 53 87 69 127 90 172 158 168 190 35 118 120 30 31 115 144 184 105 6 196 0,155
PFG_MOEA,278,1,787.39,1705.64,0 196 153 0,
PFG_MOEA,278,2,787.39,1705.64,0 147 24 75 45 152 180 9 49 0,
PFG_MOEA,278,3,787.39,1705.64,0 5 36 102 0,
PFG_MOEA,278,4,787.39,1705.64,0 77 47 86 84 3 149 136 12 184 115 57 20 98 138 141 79 167 32 146 14 71 80 128 44 27 185 131 29 34 58 7 195 38 176 186 104 157 156 89 81 42 100 28 173 125 135 189 105 66 85 112 97 52 2 159 95 182 48 191 110 140 165 187 18 39 70 72 54 164 150 200 21 96 197 43 194 174 76 116 106 92 126 133 91 74 154 103 188 171 181 192 40 63 117 101 68 15 123 175 122 139 198 16 46 51 107 134 19 25 93 129 148 121 37 113 179 114 26 73 166 108 59 99 83 160 178 33 82 145 143 170 161 130 65 177 62 55 8 0,
PFG_MOEA,278,5,787.39,1705.64,0 163 132 4 111 56 13 193 78 60 0,
PFG_MOEA,278,6,787.39,1705.64,0 64 50 17 151 11 137 124 169 88 61 67 155 23 10 162 22 142 119 41 183 53 87 69 127 90 172 158 168 190 35 118 120 30 31 144 1 109 94 199 6 0,10 41 155
PFG_MOEA,279,1,313.2,1915.8,0 60 78 64 50 17 151 11 137 124 0,124
PFG_MOEA,279,2,313.2,1915.8,0 169 88 61 67 155 23 10 162 22 142 119 41 183 53 87 69 127 90 172 158 168 190 35 118 120 30 31 104 186 176 38 7 157 156 144 0,
PFG_MOEA,279,3,313.2,1915.8,0 189 81 100 42 167 32 146 14 71 80 128 44 27 185 131 29 34 58 195 112 0,29
PFG_MOEA,279,4,313.2,1915.8,0 196 6 199 75 45 24 147 77 153 94 109 1 115 184 12 136 149 3 84 86 47 57 20 98 138 141 79 89 28 173 125 135 66 85 97 52 105 152 2 159 102 36 5 49 9 180 0,5
PFG_MOEA,279,5,313.2,1915.8,0 139 122 175 123 15 68 101 117 63 40 192 181 171 188 103 154 74 91 133 126 92 106 116 76 174 194 43 197 96 21 200 150 164 54 72 70 39 18 187 165 140 110 191 48 182 95 198 0,63 91 188
PFG_MOEA,279,6,313.2,1915.8,0 16 46 51 107 134 19 25 93 129 148 121 37 113 179 114 26 73 166 108 59 99 83 160 178 33 82 145 143 170 161 130 65 177 62 55 8 4 111 132 163 56 13 193 0,46 145
PFG_MOEA,280,1,520.32,1777.06,0 50 17 151 11 137 124 169 88 61 67 155 23 10 162 22 142 119 41 183 53 87 69 127 90 172 158 168 190 35 118 120 31 30 115 144 184 0,137
PFG_MOEA,280,2,520.32,1777.06,0 196 6 105 52 112 189 89 156 157 104 186 176 38 7 195 58 34 29 131 185 27 44 128 80 71 14 146 32 167 42 100 81 57 20 152 45 75 24 147 77 0,
PFG_MOEA,280,3,520.32,1777.06,0 199 47 86 84 3 149 136 12 1 109 94 153 135 180 0,1
PFG_MOEA,280,4,520.32,1777.06,0 9 49 159 2 97 85 98 138 79 141 28 173 125 66 102 36 5 95 182 48 0,
PFG_MOEA,280,5,520.32,1777.06,0 16 198 191 110 140 165 187 18 39 70 72 54 164 150 200 21 96 197 43 194 174 76 116 106 92 126 133 91 74 154 103 188 171 181 192 40 63 117 101 68 15 123 175 122 139 46 51 107 134 19 25 93 129 148 121 37 113 179 114 26 73 166 108 59 99 83 160 178 33 82 145 143 170 161 130 65 177 62 55 8 4 111 132 163 56 13 193 78 0,106 111
PFG_MOEA,280,6,520.32,1777.06,0 60 64 0,
PFG_MOEA,281,1,403.49,1779.21,0 196 6 77 0,
PFG_MOEA,281,2,403.49,1779.21,0 199 94 109 1 144 61 124 169 151 11 137 88 67 155 23 10 162 22 142 119 41 183 53 87 69 127 90 172 158 168 190 35 118 120 31 30 115 184 12 136 149 3 84 86 47 153 147 24 75 45 152 105 189 112 52 2 159 102 36 5 49 9 180 0,
PFG_MOEA,281,3,403.49,1779.21,0 97 0,
PFG_MOEA,281,4,403.49,1779.21,0 20 57 81 89 156 157 104 186 176 38 195 7 58 34 29 131 185 27 44 128 80 71 14 146 32 167 42 100 79 141 138 98 28 173 66 85 125 135 0,89 131
PFG_MOEA,281,5,403.49,1779.21,0 16 139 198 95 182 191 48 165 187 18 39 54 72 70 164 150 200 21 96 197 43 194 174 76 116 106 92 126 133 91 74 154 103 188 171 181 192 40 63 117 140 110 101 68 15 123 175 122 46 51 107 134 19 8 55 0,21 198
PFG_MOEA,281,6,403.49,1779.21,0 60 78 193 163 13 62 177 65 130 161 170 143 145 82 33 178 160 83 99 59 108 166 73 26 114 179 113 37 121 148 129 93 25 4 111 56 132 64 50 17 0,56
PFG_MOEA,282,1,547.48,1749.89,0 151 0,
PFG_MOEA,282,2,547.48,1749.89,0 50 17 169 124 137 11 88 61 67 155 23 10 162 22 142 119 41 183 53 87 69 127 90 172 158 168 190 35 118 120 31 30 115 144 184 12 136 149 0,50 87 155
PFG_MOEA,282,3,547.48,1749.89,0 196 6 105 52 112 189 100 81 57 20 152 45 75 24 147 77 153 94 109 1 3 84 86 47 199 0,1
PFG_MOEA,282,4,547.48,1749.89,0 159 2 97 85 66 98 138 141 79 167 32 146 14 71 80 128 44 27 185 131 29 34 58 195 7 38 176 186 104 157 156 89 42 28 173 125 135 102 36 0,89
PFG_MOEA,282,5,547.48,1749.89,0 60 78 193 13 163 64 132 56 111 4 25 93 129 148 121 37 113 179 114 26 73 166 108 59 99 83 160 178 33 82 145 143 170 161 130 65 177 62 55 8 19 134 123 175 122 16 139 198 15 68 101 117 63 40 192 181 171 188 103 154 74 91 133 126 92 106 116 76 174 194 43 197 96 21 200 150 164 70 72 54 39 18 187 165 140 110 191 48 182 95 5 49 9 180 0,5 63 68
PFG_MOEA,282,6,547.48,1749.89,0 51 107 46 0,
PFG_MOEA,283,1,321.43,1884.2,0 196 6 199 77 94 109 1 184 115 30 31 120 118 35 190 168 158 172 90 127 69 87 53 183 41 119 142 22 162 10 23 155 67 88 137 11 151 169 124 61 144 0,
PFG_MOEA,283,2,321.43,1884.2,0 12 136 149 3 84 86 47 153 147 24 75 45 152 105 189 112 97 52 2 159 102 36 5 49 9 180 0,97
PFG_MOEA,283,3,321.43,1884.2,0 20 57 81 0,
PFG_MOEA,283,4,321.43,1884.2,0 135 125 89 156 157 104 186 176 38 195 7 58 34 29 131 185 27 44 128 80 71 14 146 32 167 42 100 79 141 138 98 28 173 66 85 72 54 39 18 187 165 48 191 182 95 198 139 16 0,89 185
PFG_MOEA,283,5,321.43,1884.2,0 70 164 150 200 21 96 197 43 194 174 76 116 106 92 126 133 91 74 154 103 188 171 181 192 40 63 117 140 110 101 68 15 123 175 122 46 51 107 134 19 0,21
PFG_MOEA,283,6,321.43,1884.2,0 60 50 64 78 193 163 13 8 55 62 177 65 130 161 170 143 145 82 33 178 160 83 99 59 108 166 73 26 114 179 113 37 121 148 129 93 25 4 111 56 132 17 0,
PFG_MOEA,284,1,363.45,1848.54,0 56 111 151 11 137 124 169 88 61 67 155 23 10 162 22 142 119 41 183 53 87 69 127 90 172 158 168 190 35 118 120 31 30 115 144 184 0,137
PFG_MOEA,284,2,363.45,1848.54,0 196 6 105 52 112 189 89 156 157 104 186 176 38 7 195 58 34 29 131 185 27 44 128 80 71 14 146 32 167 42 100 81 57 20 152 45 75 24 147 77 153 94 109 1 12 136 149 3 84 86 47 199 0,185
PFG_MOEA,284,3,363.45,1848.54,0 135 173 28 141 79 138 98 125 0,
PFG_MOEA,284,4,363.45,1848.54,0 159 2 97 85 66 102 36 5 49 0,
PFG_MOEA,284,5,363.45,1848.54,0 180 9 95 182 48 191 110 140 165 187 18 39 54 72 70 164 150 200 21 96 197 43 194 174 76 116 106 92 126 133 91 74 154 103 188 171 181 192 40 63 117 101 68 15 123 175 122 139 198 16 25 4 13 163 193 78 60 0,40 188
PFG_MOEA,284,6,363.45,1848.54,0 46 51 107 134 19 8 55 62 177 65 130 161 170 143 145 82 33 178 160 83 99 59 108 166 73 26 114 179 113 37 121 148 129 93 132 64 50 17 0,46
PFG_MOEA,285,1,261.55,2016.67,0 56 111 169 124 88 155 10 162 31 30 120 118 35 190 168 158 172 90 127 69 87 53 183 41 119 142 22 23 67 61 137 11 151 0,56 124
PFG_MOEA,285,2,261.55,2016.67,0 144 115 184 89 156 157 104 186 176 38 7 195 58 34 29 131 185 27 44 128 80 71 14 146 32 167 42 100 81 189 112 52 105 6 196 0,185
PFG_MOEA,285,3,261.55,2016.67,0 199 94 109 1 12 136 149 3 84 86 47 153 77 147 75 24 45 152 20 57 28 141 79 138 98 173 125 135 66 85 97 2 159 102 0,199
PFG_MOEA,285,4,261.55,2016.67,0 180 9 49 36 5 70 72 54 164 21 96 197 43 76 116 106 92 126 174 194 200 150 39 18 187 165 140 110 191 48 182 95 0,
PFG_MOEA,285,5,261.55,2016.67,0 16 139 198 117 63 181 171 192 40 74 91 133 154 103 188 101 68 15 123 175 25 129 148 93 4 13 163 193 78 60 0,63 188
PFG_MOEA,285,6,261.55,2016.67,0 46 122 51 107 134 19 8 55 62 177 65 130 161 170 143 145 82 33 178 160 83 99 59 108 166 73 26 114 179 113 37 121 132 64 50 17 0,46
PFG_MOEA,286,1,372.87,1829.64,0 199 47 86 84 3 149 136 12 1 109 94 153 77 147 24 75 45 152 20 57 28 42 100 173 98 138 141 79 167 32 146 14 71 80 128 44 27 185 131 29 34 58 195 7 38 176 186 104 157 156 89 81 135 125 189 112 52 159 0,
PFG_MOEA,286,2,372.87,1829.64,0 2 97 85 66 102 36 5 0,
PFG_MOEA,286,3,372.87,1829.64,0 180 9 49 95 182 48 191 110 140 165 187 18 39 54 72 70 164 150 200 21 96 197 43 194 174 76 116 106 92 126 133 91 74 154 103 188 171 181 192 40 63 117 101 68 15 123 175 122 139 198 16 0,40
PFG_MOEA,286,4,372.87,1829.64,0 60 78 193 13 64 50 17 132 4 8 55 62 177 65 130 161 170 143 145 82 33 178 160 83 99 59 108 166 73 26 114 179 113 37 121 148 129 93 25 19 134 107 51 46 0,
PFG_MOEA,286,5,372.87,1829.64,0 163 56 111 151 11 137 88 22 142 119 41 183 53 87 69 127 90 172 158 168 190 35 118 120 31 162 10 23 155 67 61 124 169 0,
PFG_MOEA,286,6,372.87,1829.64,0 144 115 30 184 105 6 196 0,105
PFG_MOEA,287,1,343.52,1869.54,0 184 144 115 120 118 35 190 168 158 172 90 127 69 87 53 183 41 119 30 31 162 142 22 10 23 155 67 61 88 137 11 151 0,
PFG_MOEA,287,2,343.52,1869.54,0 189 81 89 156 157 104 186 176 38 7 195 58 34 29 131 185 27 44 128 80 71 14 146 32 167 42 100 112 0,
PFG_MOEA,287,3,343.52,1869.54,0 94 109 1 12 136 149 3 84 86 47 153 77 147 75 24 45 199 196 6 52 105 152 20 57 28 141 79 138 98 173 125 135 66 85 97 2 159 102 49 9 180 0,173
PFG_MOEA,287,4,343.52,1869.54,0 36 5 0,
PFG_MOEA,287,5,343.52,1869.54,0 17 50 16 139 198 191 117 63 192 181 171 188 103 154 40 74 91 133 194 174 126 92 106 116 76 43 197 96 72 54 70 164 21 200 150 39 18 187 165 48 182 95 0,21 188 198
PFG_MOEA,287,6,343.52,1869.54,0 140 110 101 68 15 123 175 122 46 51 107 134 19 8 55 62 177 65 130 161 170 143 145 82 33 178 160 83 99 59 108 166 73 26 114 179 113 37 121 148 129 93 25 124 169 4 111 56 13 132 163 193 78 64 60 0,46 56 68 179
PFG_MOEA,288,1,336.24,1871.66,0 199 47 86 84 3 149 136 12 1 109 94 153 77 147 24 45 75 0,
PFG_MOEA,288,2,336.24,1871.66,0 95 5 36 102 97 112 85 66 125 135 81 89 156 157 104 186 176 38 7 195 58 34 29 131 185 27 44 128 80 71 14 146 32 167 79 141 138 98 173 100 42 28 57 20 152 189 52 2 159 180 49 9 0,89 185
PFG_MOEA,288,3,336.24,1871.66,0 182 48 191 110 140 165 187 18 39 54 72 70 164 150 200 21 96 197 43 194 174 76 116 106 92 126 133 91 74 154 103 188 171 181 192 40 63 117 101 68 15 123 175 122 139 0,68 91 139
PFG_MOEA,288,4,336.24,1871.66,0 16 198 46 51 107 134 19 25 93 129 148 121 37 113 179 114 26 73 166 108 59 99 83 160 178 33 82 145 143 170 161 130 65 177 62 55 8 4 111 132 163 56 13 193 78 60 64 50 17 151 0,
PFG_MOEA,288,5,336.24,1871.66,0 11 88 137 0,
PFG_MOEA,288,6,336.24,1871.66,0 169 124 61 67 155 23 10 162 22 142 119 41 183 53 87 69 127 90 172 158 168 190 35 118 120 30 31 115 144 184 105 6 196 0,155
PFG_MOEA,289,1,787.39,1705.64,0 196 153 0,
PFG_MOEA,289,2,787.39,1705.64,0 147 24 75 45 152 180 9 49 0,
PFG_MOEA,289,3,787.39,1705.64,0 5 36 102 0,
PFG_MOEA,289,4,787.39,1705.64,0 77 47 86 84 3 149 136 12 184 115 57 20 98 138 141 79 167 32 146 14 71 80 128 44 27 185 131 29 34 58 7 195 38 176 186 104 157 156 89 81 42 100 28 173 125 135 189 105 66 85 112 97 52 2 159 95 182 48 191 110 140 165 187 18 39 70 72 54 164 150 200 21 96 197 43 194 174 76 116 106 92 126 133 91 74 154 103 188 171 181 192 40 63 117 101 68 15 123 175 122 139 198 16 46 51 107 134 19 25 93 129 148 121 37 113 179 114 26 73 166 108 59 99 83 160 178 33 82 145 143 170 161 130 65 177 62 55 8 0,
PFG_MOEA,289,5,787.39,1705.64,0 163 132 4 111 56 13 193 78 60 0,
PFG_MOEA,289,6,787.39,1705.64,0 64 50 17 151 11 137 124 169 88 61 67 155 23 10 162 22 142 119 41 183 53 87 69 127 90 172 158 168 190 35 118 120 30 31 144 1 109 94 199 6 0,10 41 155
PFG_MOEA,290,1,313.2,1915.8,0 60 78 64 50 17 151 11 137 124 0,124
PFG_MOEA,290,2,313.2,1915.8,0 169 88 61 67 155 23 10 162 22 142 119 41 183 53 87 69 127 90 172 158 168 190 35 118 120 30 31 104 186 176 38 7 157 156 144 0,
PFG_MOEA,290,3,313.2,1915.8,0 189 81 100 42 167 32 146 14 71 80 128 44 27 185 131 29 34 58 195 112 0,29
PFG_MOEA,290,4,313.2,1915.8,0 196 6 199 75 45 24 147 77 153 94 109 1 115 184 12 136 149 3 84 86 47 57 20 98 138 141 79 89 28 173 125 135 66 85 97 52 105 152 2 159 102 36 5 49 9 180 0,5
PFG_MOEA,290,5,313.2,1915.8,0 139 122 175 123 15 68 101 117 63 40 192 181 171 188 103 154 74 91 133 126 92 106 116 76 174 194 43 197 96 21 200 150 164 54 72 70 39 18 187 165 140 110 191 48 182 95 198 0,63 91 188
PFG_MOEA,290,6,313.2,1915.8,0 16 46 51 107 134 19 25 93 129 148 121 37 113 179 114 26 73 166 108 59 99 83 160 178 33 82 145 143 170 161 130 65 177 62 55 8 4 111 132 163 56 13 193 0,46 145
PFG_MOEA,291,1,520.32,1777.06,0 50 17 151 11 137 124 169 88 61 67 155 23 10 162 22 142 119 41 183 53 87 69 127 90 172 158 168 190 35 118 120 31 30 115 144 184 0,137
PFG_MOEA,291,2,520.32,1777.06,0 196 6 105 52 112 189 89 156 157 104 186 176 38 7 195 58 34 29 131 185 27 44 128 80 71 14 146 32 167 42 100 81 57 20 152 45 75 24 147 77 0,
PFG_MOEA,291,3,520.32,1777.06,0 199 47 86 84 3 149 136 12 1 109 94 153 135 180 0,1
PFG_MOEA,291,4,520.32,1777.06,0 9 49 159 2 97 85 98 138 79 141 28 173 125 66 102 36 5 95 182 48 0,
PFG_MOEA,291,5,520.32,1777.06,0 16 198 191 110 140 165 187 18 39 70 72 54 164 150 200 21 96 197 43 194 174 76 116 106 92 126 133 91 74 154 103 188 171 181 192 40 63 117 101 68 15 123 175 122 139 46 51 107 134 19 25 93 129 148 121 37 113 179 114 26 73 166 108 59 99 83 160 178 33 82 145 143 170 161 130 65 177 62 55 8 4 111 132 163 56 13 193 78 0,106 111
PFG_MOEA,291,6,520.32,1777.06,0 60 64 0,
PFG_MOEA,292,1,403.49,1779.21,0 196 6 77 0,
PFG_MOEA,292,2,403.49,1779.21,0 199 94 109 1 144 61 124 169 151 11 137 88 67 155 23 10 162 22 142 119 41 183 53 87 69 127 90 172 158 168 190 35 118 120 31 30 115 184 12 136 149 3 84 86 47 153 147 24 75 45 152 105 189 112 52 2 159 102 36 5 49 9 180 0,
PFG_MOEA,292,3,403.49,1779.21,0 97 0,
PFG_MOEA,292,4,403.49,1779.21,0 20 57 81 89 156 157 104 186 176 38 195 7 58 34 29 131 185 27 44 128 80 71 14 146 32 167 42 100 79 141 138 98 28 173 66 85 125 135 0,89 131
PFG_MOEA,292,5,403.49,1779.21,0 16 139 198 95 182 191 48 165 187 18 39 54 72 70 164 150 200 21 96 197 43 194 174 76 116 106 92 126 133 91 74 154 103 188 171 181 192 40 63 117 140 110 101 68 15 123 175 122 46 51 107 134 19 8 55 0,21 198
PFG_MOEA,292,6,403.49,1779.21,0 60 78 193 163 13 62 177 65 130 161 170 143 145 82 33 178 160 83 99 59 108 166 73 26 114 179 113 37 121 148 129 93 25 4 111 56 132 64 50 17 0,56
PFG_MOEA,293,1,547.48,1749.89,0 151 0,
PFG_MOEA,293,2,547.48,1749.89,0 50 17 169 124 137 11 88 61 67 155 23 10 162 22 142 119 41 183 53 87 69 127 90 172 158 168 190 35 118 120 31 30 115 144 184 12 136 149 0,50 87 155
PFG_MOEA,293,3,547.48,1749.89,0 196 6 105 52 112 189 100 81 57 20 152 45 75 24 147 77 153 94 109 1 3 84 86 47 199 0,1
PFG_MOEA,293,4,547.48,1749.89,0 159 2 97 85 66 98 138 141 79 167 32 146 14 71 80 128 44 27 185 131 29 34 58 195 7 38 176 186 104 157 156 89 42 28 173 125 135 102 36 0,89
PFG_MOEA,293,5,547.48,1749.89,0 60 78 193 13 163 64 132 56 111 4 25 93 129 148 121 37 113 179 114 26 73 166 108 59 99 83 160 178 33 82 145 143 170 161 130 65 177 62 55 8 19 134 123 175 122 16 139 198 15 68 101 117 63 40 192 181 171 188 103 154 74 91 133 126 92 106 116 76 174 194 43 197 96 21 200 150 164 70 72 54 39 18 187 165 140 110 191 48 182 95 5 49 9 180 0,5 63 68
PFG_MOEA,293,6,547.48,1749.89,0 51 107 46 0,
PFG_MOEA,294,1,321.43,1884.2,0 196 6 199 77 94 109 1 184 115 30 31 120 118 35 190 168 158 172 90 127 69 87 53 183 41 119 142 22 162 10 23 155 67 88 137 11 151 169 124 61 144 0,
PFG_MOEA,294,2,321.43,1884.2,0 12 136 149 3 84 86 47 153 147 24 75 45 152 105 189 112 97 52 2 159 102 36 5 49 9 180 0,97
PFG_MOEA,294,3,321.43,1884.2,0 20 57 81 0,
PFG_MOEA,294,4,321.43,1884.2,0 135 125 89 156 157 104 186 176 38 195 7 58 34 29 131 185 27 44 128 80 71 14 146 32 167 42 100 79 141 138 98 28 173 66 85 72 54 39 18 187 165 48 191 182 95 198 139 16 0,89 185
PFG_MOEA,294,5,321.43,1884.2,0 70 164 150 200 21 96 197 43 194 174 76 116 106 92 126 133 91 74 154 103 188 171 181 192 40 63 117 140 110 101 68 15 123 175 122 46 51 107 134 19 0,21
PFG_MOEA,294,6,321.43,1884.2,0 60 50 64 78 193 163 13 8 55 62 177 65 130 161 170 143 145 82 33 178 160 83 99 59 108 166 73 26 114 179 113 37 121 148 129 93 25 4 111 56 132 17 0,
PFG_MOEA,295,1,363.45,1848.54,0 56 111 151 11 137 124 169 88 61 67 155 23 10 162 22 142 119 41 183 53 87 69 127 90 172 158 168 190 35 118 120 31 30 115 144 184 0,137
PFG_MOEA,295,2,363.45,1848.54,0 196 6 105 52 112 189 89 156 157 104 186 176 38 7 195 58 34 29 131 185 27 44 128 80 71 14 146 32 167 42 100 81 57 20 152 45 75 24 147 77 153 94 109 1 12 136 149 3 84 86 47 199 0,185
PFG_MOEA,295,3,363.45,1848.54,0 135 173 28 141 79 138 98 125 0,
PFG_MOEA,295,4,363.45,1848.54,0 159 2 97 85 66 102 36 5 49 0,
PFG_MOEA,295,5,363.45,1848.54,0 180 9 95 182 48 191 110 140 165 187 18 39 54 72 70 164 150 200 21 96 197 43 194 174 76 116 106 92 126 133 91 74 154 103 188 171 181 192 40 63 117 101 68 15 123 175 122 139 198 16 25 4 13 163 193 78 60 0,40 188
PFG_MOEA,295,6,363.45,1848.54,0 46 51 107 134 19 8 55 62 177 65 130 161 170 143 145 82 33 178 160 83 99 59 108 166 73 26 114 179 113 37 121 148 129 93 132 64 50 17 0,46
PFG_MOEA,296,1,261.55,2016.67,0 56 111 169 124 88 155 10 162 31 30 120 118 35 190 168 158 172 90 127 69 87 53 183 41 119 142 22 23 67 61 137 11 151 0,56 124
PFG_MOEA,296,2,261.55,2016.67,0 144 115 184 89 156 157 104 186 176 38 7 195 58 34 29 131 185 27 44 128 80 71 14 146 32 167 42 100 81 189 112 52 105 6 196 0,185
PFG_MOEA,296,3,261.55,2016.67,0 199 94 109 1 12 136 149 3 84 86 47 153 77 147 75 24 45 152 20 57 28 141 79 138 98 173 125 135 66 85 97 2 159 102 0,199
PFG_MOEA,296,4,261.55,2016.67,0 180 9 49 36 5 70 72 54 164 21 96 197 43 76 116 106 92 126 174 194 200 150 39 18 187 165 140 110 191 48 182 95 0,
PFG_MOEA,296,5,261.55,2016.67,0 16 139 198 117 63 181 171 192 40 74 91 133 154 103 188 101 68 15 123 175 25 129 148 93 4 13 163 193 78 60 0,63 188
PFG_MOEA,296,6,261.55,2016.67,0 46 122 51 107 134 19 8 55 62 177 65 130 161 170 143 145 82 33 178 160 83 99 59 108 166 73 26 114 179 113 37 121 132 64 50 17 0,46
PFG_MOEA,297,1,372.87,1829.64,0 199 47 86 84 3 149 136 12 1 109 94 153 77 147 24 75 45 152 20 57 28 42 100 173 98 138 141 79 167 32 146 14 71 80 128 44 27 185 131 29 34 58 195 7 38 176 186 104 157 156 89 81 135 125 189 112 52 159 0,
PFG_MOEA,297,2,372.87,1829.64,0 2 97 85 66 102 36 5 0,
PFG_MOEA,297,3,372.87,1829.64,0 180 9 49 95 182 48 191 110 140 165 187 18 39 54 72 70 164 150 200 21 96 197 43 194 174 76 116 106 92 126 133 91 74 154 103 188 171 181 192 40 63 117 101 68 15 123 175 122 139 198 16 0,40
PFG_MOEA,297,4,372.87,1829.64,0 60 78 193 13 64 50 17 132 4 8 55 62 177 65 130 161 170 143 145 82 33 178 160 83 99 59 108 166 73 26 114 179 113 37 121 148 129 93 25 19 134 107 51 46 0,
PFG_MOEA,297,5,372.87,1829.64,0 163 56 111 151 11 137 88 22 142 119 41 183 53 87 69 127 90 172 158 168 190 35 118 120 31 162 10 23 155 67 61 124 169 0,
PFG_MOEA,297,6,372.87,1829.64,0 144 115 30 184 105 6 196 0,105
PFG_MOEA,298,1,343.52,1869.54,0 184 144 115 120 118 35 190 168 158 172 90 127 69 87 53 183 41 119 30 31 162 142 22 10 23 155 67 61 88 137 11 151 0,
PFG_MOEA,298,2,343.52,1869.54,0 189 81 89 156 157 104 186 176 38 7 195 58 34 29 131 185 27 44 128 80 71 14 146 32 167 42 100 112 0,
PFG_MOEA,298,3,343.52,1869.54,0 94 109 1 12 136 149 3 84 86 47 153 77 147 75 24 45 199 196 6 52 105 152 20 57 28 141 79 138 98 173 125 135 66 85 97 2 159 102 49 9 180 0,173
PFG_MOEA,298,4,343.52,1869.54,0 36 5 0,
PFG_MOEA,298,5,343.52,1869.54,0 17 50 16 139 198 191 117 63 192 181 171 188 103 154 40 74 91 133 194 174 126 92 106 116 76 43 197 96 72 54 70 164 21 200 150 39 18 187 165 48 182 95 0,21 188 198
PFG_MOEA,298,6,343.52,1869.54,0 140 110 101 68 15 123 175 122 46 51 107 134 19 8 55 62 177 65 130 161 170 143 145 82 33 178 160 83 99 59 108 166 73 26 114 179 113 37 121 148 129 93 25 124 169 4 111 56 13 132 163 193 78 64 60 0,46 56 68 179
PFG_MOEA,299,1,336.24,1871.66,0 199 47 86 84 3 149 136 12 1 109 94 153 77 147 24 45 75 0,
PFG_MOEA,299,2,336.24,1871.66,0 95 5 36 102 97 112 85 66 125 135 81 89 156 157 104 186 176 38 7 195 58 34 29 131 185 27 44 128 80 71 14 146 32 167 79 141 138 98 173 100 42 28 57 20 152 189 52 2 159 180 49 9 0,89 185
PFG_MOEA,299,3,336.24,1871.66,0 182 48 191 110 140 165 187 18 39 54 72 70 164 150 200 21 96 197 43 194 174 76 116 106 92 126 133 91 74 154 103 188 171 181 192 40 63 117 101 68 15 123 175 122 139 0,68 91 139
PFG_MOEA,299,4,336.24,1871.66,0 16 198 46 51 107 134 19 25 93 129 148 121 37 113 179 114 26 73 166 108 59 99 83 160 178 33 82 145 143 170 161 130 65 177 62 55 8 4 111 132 163 56 13 193 78 60 64 50 17 151 0,
PFG_MOEA,299,5,336.24,1871.66,0 11 88 137 0,
PFG_MOEA,299,6,336.24,1871.66,0 169 124 61 67 155 23 10 162 22 142 119 41 183 53 87 69 127 90 172 158 168 190 35 118 120 30 31 115 144 184 105 6 196 0,155
PFG_MOEA,300,1,787.39,1705.64,0 196 153 0,
PFG_MOEA,300,2,787.39,1705.64,0 147 24 75 45 152 180 9 49 0,
PFG_MOEA,300,3,787.39,1705.64,0 5 36 102 0,
PFG_MOEA,300,4,787.39,1705.64,0 77 47 86 84 3 149 136 12 184 115 57 20 98 138 141 79 167 32 146 14 71 80 128 44 27 185 131 29 34 58 7 195 38 176 186 104 157 156 89 81 42 100 28 173 125 135 189 105 66 85 112 97 52 2 159 95 182 48 191 110 140 165 187 18 39 70 72 54 164 150 200 21 96 197 43 194 174 76 116 106 92 126 133 91 74 154 103 188 171 181 192 40 63 117 101 68 15 123 175 122 139 198 16 46 51 107 134 19 25 93 129 148 121 37 113 179 114 26 73 166 108 59 99 83 160 178 33 82 145 143 170 161 130 65 177 62 55 8 0,
PFG_MOEA,300,5,787.39,1705.64,0 163 132 4 111 56 13 193 78 60 0,
PFG_MOEA,300,6,787.39,1705.64,0 64 50 17 151 11 137 124 169 88 61 67 155 23 10 162 22 142 119 41 183 53 87 69 127 90 172 158 168 190 35 118 120 30 31 144 1 109 94 199 6 0,10 41 155
PFG_MOEA,301,1,313.2,1915.8,0 60 78 64 50 17 151 11 137 124 0,124
PFG_MOEA,301,2,313.2,1915.8,0 169 88 61 67 155 23 10 162 22 142 119 41 183 53 87 69 127 90 172 158 168 190 35 118 120 30 31 104 186 176 38 7 157 156 144 0,
PFG_MOEA,301,3,313.2,1915.8,0 189 81 100 42 167 32 146 14 71 80 128 44 27 185 131 29 34 58 195 112 0,29
PFG_MOEA,301,4,313.2,1915.8,0 196 6 199 75 45 24 147 77 153 94 109 1 115 184 12 136 149 3 84 86 47 57 20 98 138 141 79 89 28 173 125 135 66 85 97 52 105 152 2 159 102 36 5 49 9 180 0,5
PFG_MOEA,301,5,313.2,1915.8,0 139 122 175 123 15 68 101 117 63 40 192 181 171 188 103 154 74 91 133 126 92 106 116 76 174 194 43 197 96 21 200 150 164 54 72 70 39 18 187 165 140 110 191 48 182 95 198 0,63 91 188
PFG_MOEA,301,6,313.2,1915.8,0 16 46 51 107 134 19 25 93 129 148 121 37 113 179 114 26 73 166 108 59 99 83 160 178 33 82 145 143 170 161 130 65 177 62 55 8 4 111 132 163 56 13 193 0,46 145
PFG_MOEA,302,1,520.32,1777.06,0 50 17 151 11 137 124 169 88 61 67 155 23 10 162 22 142 119 41 183 53 87 69 127 90 172 158 168 190 35 118 120 31 30 115 144 184 0,137
PFG_MOEA,302,2,520.32,1777.06,0 196 6 105 52 112 189 89 156 157 104 186 176 38 7 195 58 34 29 131 185 27 44 128 80 71 14 146 32 167 42 100 81 57 20 152 45 75 24 147 77 0,
PFG_MOEA,302,3,520.32,1777.06,0 199 47 86 84 3 149 136 12 1 109 94 153 135 180 0,1
PFG_MOEA,302,4,520.32,1777.06,0 9 49 159 2 97 85 98 138 79 141 28 173 125 66 102 36 5 95 182 48 0,
PFG_MOEA,302,5,520.32,1777.06,0 16 198 191 110 140 165 187 18 39 70 72 54 164 150 200 21 96 197 43 194 174 76 116 106 92 126 133 91 74 154 103 188 171 181 192 40 63 117 101 68 15 123 175 122 139 46 51 107 134 19 25 93 129 148 121 37 113 179 114 26 73 166 108 59 99 83 160 178 33 82 145 143 170 161 130 65 177 62 55 8 4 111 132 163 56 13 193 78 0,106 111
PFG_MOEA,302,6,520.32,1777.06,0 60 64 0,
PFG_MOEA,303,1,403.49,1779.21,0 196 6 77 0,
PFG_MOEA,303,2,403.49,1779.21,0 199 94 109 1 144 61 124 169 151 11 137 88 67 155 23 10 162 22 142 119 41 183 53 87 69 127 90 172 158 168 190 35 118 120 31 30 115 184 12 136 149 3 84 86 47 153 147 24 75 45 152 105 189 112 52 2 159 102 36 5 49 9 180 0,
PFG_MOEA,303,3,403.49,1779.21,0 97 0,
PFG_MOEA,303,4,403.49,1779.21,0 20 57 81 89 156 157 104 186 176 38 195 7 58 34 29 131 185 27 44 128 80 71 14 146 32 167 42 100 79 141 138 98 28 173 66 85 125 135 0,89 131
PFG_MOEA,303,5,403.49,1779.21,0 16 139 198 95 182 191 48 165 187 18 39 54 72 70 164 150 200 21 96 197 43 194 174 76 116 106 92 126 133 91 74 154 103 188 171 181 192 40 63 117 140 110 101 68 15 123 175 122 46 51 107 134 19 8 55 0,21 198
PFG_MOEA,303,6,403.49,1779.21,0 60 78 193 163 13 62 177 65 130 161 170 143 145 82 33 178 160 83 99 59 108 166 73 26 114 179 113 37 121 148 129 93 25 4 111 56 132 64 50 17 0,56
PFG_MOEA,304,1,547.48,1749.89,0 151 0,
PFG_MOEA,304,2,547.48,1749.89,0 50 17 169 124 137 11 88 61 67 155 23 10 162 22 142 119 41 183 53 87 69 127 90 172 158 168 190 35 118 120 31 30 115 144 184 12 136 149 0,50 87 155
PFG_MOEA,304,3,547.48,1749.89,0 196 6 105 52 112 189 100 81 57 20 152 45 75 24 147 77 153 94 109 1 3 84 86 47 199 0,1
PFG_MOEA,304,4,547.48,1749.89,0 159 2 97 85 66 98 138 141 79 167 32 146 14 71 80 128 44 27 185 131 29 34 58 195 7 38 176 186 104 157 156 89 42 28 173 125 135 102 36 0,89
PFG_MOEA,304,5,547.48,1749.89,0 60 78 193 13 163 64 132 56 111 4 25 93 129 148 121 37 113 179 114 26 73 166 108 59 99 83 160 178 33 82 145 143 170 161 130 65 177 62 55 8 19 134 123 175 122 16 139 198 15 68 101 117 63 40 192 181 171 188 103 154 74 91 133 126 92 106 116 76 174 194 43 197 96 21 200 150 164 70 72 54 39 18 187 165 140 110 191 48 182 95 5 49 9 180 0,5 63 68
PFG_MOEA,304,6,547.48,1749.89,0 51 107 46 0,
PFG_MOEA,305,1,321.43,1884.2,0 196 6 199 77 94 109 1 184 115 30 31 120 118 35 190 168 158 172 90 127 69 87 53 183 41 119 142 22 162 10 23 155 67 88 137 11 151 169 124 61 144 0,
PFG_MOEA,305,2,321.43,1884.2,0 12 136 149 3 84 86 47 153 147 24 75 45 152 105 189 112 97 52 2 159 102 36 5 49 9 180 0,97
PFG_MOEA,305,3,321.43,1884.2,0 20 57 81 0,
PFG_MOEA,305,4,321.43,1884.2,0 135 125 89 156 157 104 186 176 38 195 7 58 34 29 131 185 27 44 128 80 71 14 146 32 167 42 100 79 141 138 98 28 173 66 85 72 54 39 18 187 165 48 191 182 95 198 139 16 0,89 185
PFG_MOEA,305,5,321.43,1884.2,0 70 164 150 200 21 96 197 43 194 174 76 116 106 92 126 133 91 74 154 103 188 171 181 192 40 63 117 140 110 101 68 15 123 175 122 46 51 107 134 19 0,21
PFG_MOEA,305,6,321.43,1884.2,0 60 50 64 78 193 163 13 8 55 62 177 65 130 161 170 143 145 82 33 178 160 83 99 59 108 166 73 26 114 179 113 37 121 148 129 93 25 4 111 56 132 17 0,
PFG_MOEA,306,1,363.45,1848.54,0 56 111 151 11 137 124 169 88 61 67 155 23 10 162 22 142 119 41 183 53 87 69 127 90 172 158 168 190 35 118 120 31 30 115 144 184 0,137
PFG_MOEA,306,2,363.45,1848.54,0 196 6 105 52 112 189 89 156 157 104 186 176 38 7 195 58 34 29 131 185 27 44 128 80 71 14 146 32 167 42 100 81 57 20 152 45 75 24 147 77 153 94 109 1 12 136 149 3 84 86 47 199 0,185
PFG_MOEA,306,3,363.45,1848.54,0 135 173 28 141 79 138 98 125 0,
PFG_MOEA,306,4,363.45,1848.54,0 159 2 97 85 66 102 36 5 49 0,
PFG_MOEA,306,5,363.45,1848.54,0 180 9 95 182 48 191 110 140 165 187 18 39 54 72 70 164 150 200 21 96 197 43 194 174 76 116 106 92 126 133 91 74 154 103 188 171 181 192 40 63 117 101 68 15 123 175 122 139 198 16 25 4 13 163 193 78 60 0,40 188
PFG_MOEA,306,6,363.45,1848.54,0 46 51 107 134 19 8 55 62 177 65 130 161 170 143 145 82 33 178 160 83 99 59 108 166 73 26 114 179 113 37 121 148 129 93 132 64 50 17 0,46
PFG_MOEA,307,1,261.55,2016.67,0 56 111 169 124 88 155 10 162 31 30 120 118 35 190 168 158 172 90 127 69 87 53 183 41 119 142 22 23 67 61 137 11 151 0,56 124
PFG_MOEA,307,2,261.55,2016.67,0 144 115 184 89 156 157 104 186 176 38 7 195 58 34 29 131 185 27 44 128 80 71 14 146 32 167 42 100 81 189 112 52 105 6 196 0,185
PFG_MOEA,307,3,261.55,2016.67,0 199 94 109 1 12 136 149 3 84 86 47 153 77 147 75 24 45 152 20 57 28 141 79 138 98 173 125 135 66 85 97 2 159 102 0,199
PFG_MOEA,307,4,261.55,2016.67,0 180 9 49 36 5 70 72 54 164 21 96 197 43 76 116 106 92 126 174 194 200 150 39 18 187 165 140 110 191 48 182 95 0,
PFG_MOEA,307,5,261.55,2016.67,0 16 139 198 117 63 181 171 192 40 74 91 133 154 103 188 101 68 15 123 175 25 129 148 93 4 13 163 193 78 60 0,63 188
PFG_MOEA,307,6,261.55,2016.67,0 46 122 51 107 134 19 8 55 62 177 65 130 161 170 143 145 82 33 178 160 83 99 59 108 166 73 26 114 179 113 37 121 132 64 50 17 0,46
PFG_MOEA,308,1,372.87,1829.64,0 199 47 86 84 3 149 136 12 1 109 94 153 77 147 24 75 45 152 20 57 28 42 100 173 98 138 141 79 167 32 146 14 71 80 128 44 27 185 131 29 34 58 195 7 38 176 186 104 157 156 89 81 135 125 189 112 52 159 0,
PFG_MOEA,308,2,372.87,1829.64,0 2 97 85 66 102 36 5 0,
PFG_MOEA,308,3,372.87,1829.64,0 180 9 49 95 182 48 191 110 140 165 187 18 39 54 72 70 164 150 200 21 96 197 43 194 174 76 116 106 92 126 133 91 74 154 103 188 171 181 192 40 63 117 101 68 15 123 175 122 139 198 16 0,40
PFG_MOEA,308,4,372.87,1829.64,0 60 78 193 13 64 50 17 132 4 8 55 62 177 65 130 161 170 143 145 82 33 178 160 83 99 59 108 166 73 26 114 179 113 37 121 148 129 93 25 19 134 107 51 46 0,
PFG_MOEA,308,5,372.87,1829.64,0 163 56 111 151 11 137 88 22 142 119 41 183 53 87 69 127 90 172 158 168 190 35 118 120 31 162 10 23 155 67 61 124 169 0,
PFG_MOEA,308,6,372.87,1829.64,0 144 115 30 184 105 6 196 0,105
PFG_MOEA,309,1,343.52,1869.54,0 184 144 115 120 118 35 190 168 158 172 90 127 69 87 53 183 41 119 30 31 162 142 22 10 23 155 67 61 88 137 11 151 0,
PFG_MOEA,309,2,343.52,1869.54,0 189 81 89 156 157 104 186 176 38 7 195 58 34 29 131 185 27 44 128 80 71 14 146 32 167 42 100 112 0,
PFG_MOEA,309,3,343.52,1869.54,0 94 109 1 12 136 149 3 84 86 47 153 77 147 75 24 45 199 196 6 52 105 152 20 57 28 141 79 138 98 173 125 135 66 85 97 2 159 102 49 9 180 0,173
PFG_MOEA,309,4,343.52,1869.54,0 36 5 0,
PFG_MOEA,309,5,343.52,1869.54,0 17 50 16 139 198 191 117 63 192 181 171 188 103 154 40 74 91 133 194 174 126 92 106 116 76 43 197 96 72 54 70 164 21 200 150 39 18 187 165 48 182 95 0,21 188 198
PFG_MOEA,309,6,343.52,1869.54,0 140 110 101 68 15 123 175 122 46 51 107 134 19 8 55 62 177 65 130 161 170 143 145 82 33 178 160 83 99 59 108 166 73 26 114 179 113 37 121 148 129 93 25 124 169 4 111 56 13 132 163 193 78 64 60 0,46 56 68 179
PFG_MOEA,310,1,336.24,1871.66,0 199 47 86 84 3 149 136 12 1 109 94 153 77 147 24 45 75 0,
PFG_MOEA,310,2,336.24,1871.66,0 95 5 36 102 97 112 85 66 125 135 81 89 156 157 104 186 176 38 7 195 58 34 29 131 185 27 44 128 80 71 14 146 32 167 79 141 138 98 173 100 42 28 57 20 152 189 52 2 159 180 49 9 0,89 185
PFG_MOEA,310,3,336.24,1871.66,0 182 48 191 110 140 165 187 18 39 54 72 70 164 150 200 21 96 197 43 194 174 76 116 106 92 126 133 91 74 154 103 188 171 181 192 40 63 117 101 68 15 123 175 122 139 0,68 91 139
PFG_MOEA,310,4,336.24,1871.66,0 16 198 46 51 107 134 19 25 93 129 148 121 37 113 179 114 26 73 166 108 59 99 83 160 178 33 82 145 143 170 161 130 65 177 62 55 8 4 111 132 163 56 13 193 78 60 64 50 17 151 0,
PFG_MOEA,310,5,336.24,1871.66,0 11 88 137 0,
PFG_MOEA,310,6,336.24,1871.66,0 169 124 61 67 155 23 10 162 22 142 119 41 183 53 87 69 127 90 172 158 168 190 35 118 120 30 31 115 144 184 105 6 196 0,155
PFG_MOEA,311,1,787.39,1705.64,0 196 153 0,
PFG_MOEA,311,2,787.39,1705.64,0 147 24 75 45 152 180 9 49 0,
PFG_MOEA,311,3,787.39,1705.64,0 5 36 102 0,
PFG_MOEA,311,4,787.39,1705.64,0 77 47 86 84 3 149 136 12 184 115 57 20 98 138 141 79 167 32 146 14 71 80 128 44 27 185 131 29 34 58 7 195 38 176 186 104 157 156 89 81 42 100 28 173 125 135 189 105 66 85 112 97 52 2 159 95 182 48 191 110 140 165 187 18 39 70 72 54 164 150 200 21 96 197 43 194 174 76 116 106 92 126 133 91 74 154 103 188 171 181 192 40 63 117 101 68 15 123 175 122 139 198 16 46 51 107 134 19 25 93 129 148 121 37 113 179 114 26 73 166 108 59 99 83 160 178 33 82 145 143 170 161 130 65 177 62 55 8 0,
PFG_MOEA,311,5,787.39,1705.64,0 163 132 4 111 56 13 193 78 60 0,
PFG_MOEA,311,6,787.39,1705.64,0 64 50 17 151 11 137 124 169 88 61 67 155 23 10 162 22 142 119 41 183 53 87 69 127 90 172 158 168 190 35 118 120 30 31 144 1 109 94 199 6 0,10 41 155
PFG_MOEA,312,1,313.2,1915.8,0 60 78 64 50 17 151 11 137 124 0,124
PFG_MOEA,312,2,313.2,1915.8,0 169 88 61 67 155 23 10 162 22 142 119 41 183 53 87 69 127 90 172 158 168 190 35 118 120 30 31 104 186 176 38 7 157 156 144 0,
PFG_MOEA,312,3,313.2,1915.8,0 189 81 100 42 167 32 146 14 71 80 128 44 27 185 131 29 34 58 195 112 0,29
PFG_MOEA,312,4,313.2,1915.8,0 196 6 199 75 45 24 147 77 153 94 109 1 115 184 12 136 149 3 84 86 47 57 20 98 138 141 79 89 28 173 125 135 66 85 97 52 105 152 2 159 102 36 5 49 9 180 0,5
PFG_MOEA,312,5,313.2,1915.8,0 139 122 175 123 15 68 101 117 63 40 192 181 171 188 103 154 74 91 133 126 92 106 116 76 174 194 43 197 96 21 200 150 164 54 72 70 39 18 187 165 140 110 191 48 182 95 198 0,63 91 188
PFG_MOEA,312,6,313.2,1915.8,0 16 46 51 107 134 19 25 93 129 148 121 37 113 179 114 26 73 166 108 59 99 83 160 178 33 82 145 143 170 161 130 65 177 62 55 8 4 111 132 163 56 13 193 0,46 145
PFG_MOEA,313,1,520.32,1777.06,0 50 17 151 11 137 124 169 88 61 67 155 23 10 162 22 142 119 41 183 53 87 69 127 90 172 158 168 190 35 118 120 31 30 115 144 184 0,137
PFG_MOEA,313,2,520.32,1777.06,0 196 6 105 52 112 189 89 156 157 104 186 176 38 7 195 58 34 29 131 185 27 44 128 80 71 14 146 32 167 42 100 81 57 20 152 45 75 24 147 77 0,
PFG_MOEA,313,3,520.32,1777.06,0 199 47 86 84 3 149 136 12 1 109 94 153 135 180 0,1
PFG_MOEA,313,4,520.32,1777.06,0 9 49 159 2 97 85 98 138 79 141 28 173 125 66 102 36 5 95 182 48 0,
PFG_MOEA,313,5,520.32,1777.06,0 16 198 191 110 140 165 187 18 39 70 72 54 164 150 200 21 96 197 43 194 174 76 116 106 92 126 133 91 74 154 103 188 171 181 192 40 63 117 101 68 15 123 175 122 139 46 51 107 134 19 25 93 129 148 121 37 113 179 114 26 73 166 108 59 99 83 160 178 33 82 145 143 170 161 130 65 177 62 55 8 4 111 132 163 56 13 193 78 0,106 111
PFG_MOEA,313,6,520.32,1777.06,0 60 64 0,
PFG_MOEA,314,1,403.49,1779.21,0 196 6 77 0,
PFG_MOEA,314,2,403.49,1779.21,0 199 94 109 1 144 61 124 169 151 11 137 88 67 155 23 10 162 22 142 119 41 183 53 87 69 127 90 172 158 168 190 35 118 120 31 30 115 184 12 136 149 3 84 86 47 153 147 24 75 45 152 105 189 112 52 2 159 102 36 5 49 9 180 0,
PFG_MOEA,314,3,403.49,1779.21,0 97 0,
PFG_MOEA,314,4,403.49,1779.21,0 20 57 81 89 156 157 104 186 176 38 195 7 58 34 29 131 185 27 44 128 80 71 14 146 32 167 42 100 79 141 138 98 28 173 66 85 125 135 0,89 131
PFG_MOEA,314,5,403.49,1779.21,0 16 139 198 95 182 191 48 165 187 18 39 54 72 70 164 150 200 21 96 197 43 194 174 76 116 106 92 126 133 91 74 154 103 188 171 181 192 40 63 117 140 110 101 68 15 123 175 122 46 51 107 134 19 8 55 0,21 198
PFG_MOEA,314,6,403.49,1779.21,0 60 78 193 163 13 62 177 65 130 161 170 143 145 82 33 178 160 83 99 59 108 166 73 26 114 179 113 37 121 148 129 93 25 4 111 56 132 64 50 17 0,56
PFG_MOEA,315,1,547.48,1749.89,0 151 0,
PFG_MOEA,315,2,547.48,1749.89,0 50 17 169 124 137 11 88 61 67 155 23 10 162 22 142 119 41 183 53 87 69 127 90 172 158 168 190 35 118 120 31 30 115 144 184 12 136 149 0,50 87 155
PFG_MOEA,315,3,547.48,1749.89,0 196 6 105 52 112 189 100 81 57 20 152 45 75 24 147 77 153 94 109 1 3 84 86 47 199 0,1
PFG_MOEA,315,4,547.48,1749.89,0 159 2 97 85 66 98 138 141 79 167 32 146 14 71 80 128 44 27 185 131 29 34 58 195 7 38 176 186 104 157 156 89 42 28 173 125 135 102 36 0,89
PFG_MOEA,315,5,547.48,1749.89,0 60 78 193 13 163 64 132 56 111 4 25 93 129 148 121 37 113 179 114 26 73 166 108 59 99 83 160 178 33 82 145 143 170 161 130 65 177 62 55 8 19 134 123 175 122 16 139 198 15 68 101 117 63 40 192 181 171 188 103 154 74 91 133 126 92 106 116 76 174 194 43 197 96 21 200 150 164 70 72 54 39 18 187 165 140 110 191 48 182 95 5 49 9 180 0,5 63 68
PFG_MOEA,315,6,547.48,1749.89,0 51 107 46 0,
PFG_MOEA,316,1,321.43,1884.2,0 196 6 199 77 94 109 1 184 115 30 31 120 118 35 190 168 158 172 90 127 69 87 53 183 41 119 142 22 162 10 23 155 67 88 137 11 151 169 124 61 144 0,
PFG_MOEA,316,2,321.43,1884.2,0 12 136 149 3 84 86 47 153 147 24 75 45 152 105 189 112 97 52 2 159 102 36 5 49 9 180 0,97
PFG_MOEA,316,3,321.43,1884.2,0 20 57 81 0,
PFG_MOEA,316,4,321.43,1884.2,0 135 125 89 156 157 104 186 176 38 195 7 58 34 29 131 185 27 44 128 80 71 14 146 32 167 42 100 79 141 138 98 28 173 66 85 72 54 39 18 187 165 48 191 182 95 198 139 16 0,89 185
PFG_MOEA,316,5,321.43,1884.2,0 70 164 150 200 21 96 197 43 194 174 76 116 106 92 126 133 91 74 154 103 188 171 181 192 40 63 117 140 110 101 68 15 123 175 122 46 51 107 134 19 0,21
PFG_MOEA,316,6,321.43,1884.2,0 60 50 64 78 193 163 13 8 55 62 177 65 130 161 170 143 145 82 33 178 160 83 99 59 108 166 73 26 114 179 113 37 121 148 129 93 25 4 111 56 132 17 0,
PFG_MOEA,317,1,363.45,1848.54,0 56 111 151 11 137 124 169 88 61 67 155 23 10 162 22 142 119 41 183 53 87 69 127 90 172 158 168 190 35 118 120 31 30 115 144 184 0,137
PFG_MOEA,317,2,363.45,1848.54,0 196 6 105 52 112 189 89 156 157 104 186 176 38 7 195 58 34 29 131 185 27 44 128 80 71 14 146 32 167 42 100 81 57 20 152 45 75 24 147 77 153 94 109 1 12 136 149 3 84 86 47 199 0,185
PFG_MOEA,317,3,363.45,1848.54,0 135 173 28 141 79 138 98 125 0,
PFG_MOEA,317,4,363.45,1848.54,0 159 2 97 85 66 102 36 5 49 0,
PFG_MOEA,317,5,363.45,1848.54,0 180 9 95 182 48 191 110 140 165 187 18 39 54 72 70 164 150 200 21 96 197 43 194 174 76 116 106 92 126 133 91 74 154 103 188 171 181 192 40 63 117 101 68 15 123 175 122 139 198 16 25 4 13 163 193 78 60 0,40 188
PFG_MOEA,317,6,363.45,1848.54,0 46 51 107 134 19 8 55 62 177 65 130 161 170 143 145 82 33 178 160 83 99 59 108 166 73 26 114 179 113 37 121 148 129 93 132 64 50 17 0,46
PFG_MOEA,318,1,261.55,2016.67,0 56 111 169 124 88 155 10 162 31 30 120 118 35 190 168 158 172 90 127 69 87 53 183 41 119 142 22 23 67 61 137 11 151 0,56 124
PFG_MOEA,318,2,261.55,2016.67,0 144 115 184 89 156 157 104 186 176 38 7 195 58 34 29 131 185 27 44 128 80 71 14 146 32 167 42 100 81 189 112 52 105 6 196 0,185
PFG_MOEA,318,3,261.55,2016.67,0 199 94 109 1 12 136 149 3 84 86 47 153 77 147 75 24 45 152 20 57 28 141 79 138 98 173 125 135 66 85 97 2 159 102 0,199
PFG_MOEA,318,4,261.55,2016.67,0 180 9 49 36 5 70 72 54 164 21 96 197 43 76 116 106 92 126 174 194 200 150 39 18 187 165 140 110 191 48 182 95 0,
PFG_MOEA,318,5,261.55,2016.67,0 16 139 198 117 63 181 171 192 40 74 91 133 154 103 188 101 68 15 123 175 25 129 148 93 4 13 163 193 78 60 0,63 188
PFG_MOEA,318,6,261.55,2016.67,0 46 122 51 107 134 19 8 55 62 177 65 130 161 170 143 145 82 33 178 160 83 99 59 108 166 73 26 114 179 113 37 121 132 64 50 17 0,46
PFG_MOEA,319,1,372.87,1829.64,0 199 47 86 84 3 149 136 12 1 109 94 153 77 147 24 75 45 152 20 57 28 42 100 173 98 138 141 79 167 32 146 14 71 80 128 44 27 185 131 29 34 58 195 7 38 176 186 104 157 156 89 81 135 125 189 112 52 159 0,
PFG_MOEA,319,2,372.87,1829.64,0 2 97 85 66 102 36 5 0,
PFG_MOEA,319,3,372.87,1829.64,0 180 9 49 95 182 48 191 110 140 165 187 18 39 54 72 70 164 150 200 21 96 197 43 194 174 76 116 106 92 126 133 91 74 154 103 188 171 181 192 40 63 117 101 68 15 123 175 122 139 198 16 0,40
PFG_MOEA,319,4,372.87,1829.64,0 60 78 193 13 64 50 17 132 4 8 55 62 177 65 130 161 170 143 145 82 33 178 160 83 99 59 108 166 73 26 114 179 113 37 121 148 129 93 25 19 134 107 51 46 0,
PFG_MOEA,319,5,372.87,1829.64,0 163 56 111 151 11 137 88 22 142 119 41 183 53 87 69 127 90 172 158 168 190 35 118 120 31 162 10 23 155 67 61 124 169 0,
PFG_MOEA,319,6,372.87,1829.64,0 144 115 30 184 105 6 196 0,105
PFG_MOEA,320,1,343.52,1869.54,0 184 144 115 120 118 35 190 168 158 172 90 127 69 87 53 183 41 119 30 31 162 142 22 10 23 155 67 61 88 137 11 151 0,
PFG_MOEA,320,2,343.52,1869.54,0 189 81 89 156 157 104 186 176 38 7 195 58 34 29 131 185 27 44 128 80 71 14 146 32 167 42 100 112 0,
PFG_MOEA,320,3,343.52,1869.54,0 94 109 1 12 136 149 3 84 86 47 153 77 147 75 24 45 199 196 6 52 105 152 20 57 28 141 79 138 98 173 125 135 66 85 97 2 159 102 49 9 180 0,173
PFG_MOEA,320,4,343.52,1869.54,0 36 5 0,
PFG_MOEA,320,5,343.52,1869.54,0 17 50 16 139 198 191 117 63 192 181 171 188 103 154 40 74 91 133 194 174 126 92 106 116 76 43 197 96 72 54 70 164 21 200 150 39 18 187 165 48 182 95 0,21 188 198
PFG_MOEA,320,6,343.52,1869.54,0 140 110 101 68 15 123 175 122 46 51 107 134 19 8 55 62 177 65 130 161 170 143 145 82 33 178 160 83 99 59 108 166 73 26 114 179 113 37 121 148 129 93 25 124 169 4 111 56 13 132 163 193 78 64 60 0,46 56 68 179
PFG_MOEA,321,1,336.24,1871.66,0 199 47 86 84 3 149 136 12 1 109 94 153 77 147 24 45 75 0,
PFG_MOEA,321,2,336.24,1871.66,0 95 5 36 102 97 112 85 66 125 135 81 89 156 157 104 186 176 38 7 195 58 34 29 131 185 27 44 128 80 71 14 146 32 167 79 141 138 98 173 100 42 28 57 20 152 189 52 2 159 180 49 9 0,89 185
PFG_MOEA,321,3,336.24,1871.66,0 182 48 191 110 140 165 187 18 39 54 72 70 164 150 200 21 96 197 43 194 174 76 116 106 92 126 133 91 74 154 103 188 171 181 192 40 63 117 101 68 15 123 175 122 139 0,68 91 139
PFG_MOEA,321,4,336.24,1871.66,0 16 198 46 51 107 134 19 25 93 129 148 121 37 113 179 114 26 73 166 108 59 99 83 160 178 33 82 145 143 170 161 130 65 177 62 55 8 4 111 132 163 56 13 193 78 60 64 50 17 151 0,
PFG_MOEA,321,5,336.24,1871.66,0 11 88 137 0,
PFG_MOEA,321,6,336.24,1871.66,0 169 124 61 67 155 23 10 162 22 142 119 41 183 53 87 69 127 90 172 158 168 190 35 118 120 30 31 115 144 184 105 6 196 0,155
PFG_MOEA,322,1,787.39,1705.64,0 196 153 0,
PFG_MOEA,322,2,787.39,1705.64,0 147 24 75 45 152 180 9 49 0,
PFG_MOEA,322,3,787.39,1705.64,0 5 36 102 0,
PFG_MOEA,322,4,787.39,1705.64,0 77 47 86 84 3 149 136 12 184 115 57 20 98 138 141 79 167 32 146 14 71 80 128 44 27 185 131 29 34 58 7 195 38 176 186 104 157 156 89 81 42 100 28 173 125 135 189 105 66 85 112 97 52 2 159 95 182 48 191 110 140 165 187 18 39 70 72 54 164 150 200 21 96 197 43 194 174 76 116 106 92 126 133 91 74 154 103 188 171 181 192 40 63 117 101 68 15 123 175 122 139 198 16 46 51 107 134 19 25 93 129 148 121 37 113 179 114 26 73 166 108 59 99 83 160 178 33 82 145 143 170 161 130 65 177 62 55 8 0,
PFG_MOEA,322,5,787.39,1705.64,0 163 132 4 111 56 13 193 78 60 0,
PFG_MOEA,322,6,787.39,1705.64,0 64 50 17 151 11 137 124 169 88 61 67 155 23 10 162 22 142 119 41 183 53 87 69 127 90 172 158 168 190 35 118 120 30 31 144 1 109 94 199 6 0,10 41 155
PFG_MOEA,323,1,313.2,1915.8,0 60 78 64 50 17 151 11 137 124 0,124
PFG_MOEA,323,2,313.2,1915.8,0 169 88 61 67 155 23 10 162 22 142 119 41 183 53 87 69 127 90 172 158 168 190 35 118 120 30 31 104 186 176 38 7 157 156 144 0,
PFG_MOEA,323,3,313.2,1915.8,0 189 81 100 42 167 32 146 14 71 80 128 44 27 185 131 29 34 58 195 112 0,29
PFG_MOEA,323,4,313.2,1915.8,0 196 6 199 75 45 24 147 77 153 94 109 1 115 184 12 136 149 3 84 86 47 57 20 98 138 141 79 89 28 173 125 135 66 85 97 52 105 152 2 159 102 36 5 49 9 180 0,5
PFG_MOEA,323,5,313.2,1915.8,0 139 122 175 123 15 68 101 117 63 40 192 181 171 188 103 154 74 91 133 126 92 106 116 76 174 194 43 197 96 21 200 150 164 54 72 70 39 18 187 165 140 110 191 48 182 95 198 0,63 91 188
PFG_MOEA,323,6,313.2,1915.8,0 16 46 51 107 134 19 25 93 129 148 121 37 113 179 114 26 73 166 108 59 99 83 160 178 33 82 145 143 170 161 130 65 177 62 55 8 4 111 132 163 56 13 193 0,46 145
PFG_MOEA,324,1,520.32,1777.06,0 50 17 151 11 137 124 169 88 61 67 155 23 10 162 22 142 119 41 183 53 87 69 127 90 172 158 168 190 35 118 120 31 30 115 144 184 0,137
PFG_MOEA,324,2,520.32,1777.06,0 196 6 105 52 112 189 89 156 157 104 186 176 38 7 195 58 34 29 131 185 27 44 128 80 71 14 146 32 167 42 100 81 57 20 152 45 75 24 147 77 0,
PFG_MOEA,324,3,520.32,1777.06,0 199 47 86 84 3 149 136 12 1 109 94 153 135 180 0,1
PFG_MOEA,324,4,520.32,1777.06,0 9 49 159 2 97 85 98 138 79 141 28 173 125 66 102 36 5 95 182 48 0,
PFG_MOEA,324,5,520.32,1777.06,0 16 198 191 110 140 165 187 18 39 70 72 54 164 150 200 21 96 197 43 194 174 76 116 106 92 126 133 91 74 154 103 188 171 181 192 40 63 117 101 68 15 123 175 122 139 46 51 107 134 19 25 93 129 148 121 37 113 179 114 26 73 166 108 59 99 83 160 178 33 82 145 143 170 161 130 65 177 62 55 8 4 111 132 163 56 13 193 78 0,106 111
PFG_MOEA,324,6,520.32,1777.06,0 60 64 0,
PFG_MOEA,325,1,403.49,1779.21,0 196 6 77 0,
PFG_MOEA,325,2,403.49,1779.21,0 199 94 109 1 144 61 124 169 151 11 137 88 67 155 23 10 162 22 142 119 41 183 53 87 69 127 90 172 158 168 190 35 118 120 31 30 115 184 12 136 149 3 84 86 47 153 147 24 75 45 152 105 189 112 52 2 159 102 36 5 49 9 180 0,
PFG_MOEA,325,3,403.49,1779.21,0 97 0,
PFG_MOEA,325,4,403.49,1779.21,0 20 57 81 89 156 157 104 186 176 38 195 7 58 34 29 131 185 27 44 128 80 71 14 146 32 167 42 100 79 141 138 98 28 173 66 85 125 135 0,89 131
PFG_MOEA,325,5,403.49,1779.21,0 16 139 198 95 182 191 48 165 187 18 39 54 72 70 164 150 200 21 96 197 43 194 174 76 116 106 92 126 133 91 74 154 103 188 171 181 192 40 63 117 140 110 101 68 15 123 175 122 46 51 107 134 19 8 55 0,21 198
PFG_MOEA,325,6,403.49,1779.21,0 60 78 193 163 13 62 177 65 130 161 170 143 145 82 33 178 160 83 99 59 108 166 73 26 114 179 113 37 121 148 129 93 25 4 111 56 132 64 50 17 0,56
PFG_MOEA,326,1,547.48,1749.89,0 151 0,
PFG_MOEA,326,2,547.48,1749.89,0 50 17 169 124 137 11 88 61 67 155 23 10 162 22 142 119 41 183 53 87 69 127 90 172 158 168 190 35 118 120 31 30 115 144 184 12 136 149 0,50 87 155
PFG_MOEA,326,3,547.48,1749.89,0 196 6 105 52 112 189 100 81 57 20 152 45 75 24 147 77 153 94 109 1 3 84 86 47 199 0,1
PFG_MOEA,326,4,547.48,1749.89,0 159 2 97 85 66 98 138 141 79 167 32 146 14 71 80 128 44 27 185 131 29 34 58 195 7 38 176 186 104 157 156 89 42 28 173 125 135 102 36 0,89
PFG_MOEA,326,5,547.48,1749.89,0 60 78 193 13 163 64 132 56 111 4 25 93 129 148 121 37 113 179 114 26 73 166 108 59 99 83 160 178 33 82 145 143 170 161 130 65 177 62 55 8 19 134 123 175 122 16 139 198 15 68 101 117 63 40 192 181 171 188 103 154 74 91 133 126 92 106 116 76 174 194 43 197 96 21 200 150 164 70 72 54 39 18 187 165 140 110 191 48 182 95 5 49 9 180 0,5 63 68
PFG_MOEA,326,6,547.48,1749.89,0 51 107 46 0,
PFG_MOEA,327,1,321.43,1884.2,0 196 6 199 77 94 109 1 184 115 30 31 120 118 35 190 168 158 172 90 127 69 87 53 183 41 119 142 22 162 10 23 155 67 88 137 11 151 169 124 61 144 0,
PFG_MOEA,327,2,321.43,1884.2,0 12 136 149 3 84 86 47 153 147 24 75 45 152 105 189 112 97 52 2 159 102 36 5 49 9 180 0,97
PFG_MOEA,327,3,321.43,1884.2,0 20 57 81 0,
PFG_MOEA,327,4,321.43,1884.2,0 135 125 89 156 157 104 186 176 38 195 7 58 34 29 131 185 27 44 128 80 71 14 146 32 167 42 100 79 141 138 98 28 173 66 85 72 54 39 18 187 165 48 191 182 95 198 139 16 0,89 185
PFG_MOEA,327,5,321.43,1884.2,0 70 164 150 200 21 96 197 43 194 174 76 116 106 92 126 133 91 74 154 103 188 171 181 192 40 63 117 140 110 101 68 15 123 175 122 46 51 107 134 19 0,21
PFG_MOEA,327,6,321.43,1884.2,0 60 50 64 78 193 163 13 8 55 62 177 65 130 161 170 143 145 82 33 178 160 83 99 59 108 166 73 26 114 179 113 37 121 148 129 93 25 4 111 56 132 17 0,
PFG_MOEA,328,1,363.45,1848.54,0 56 111 151 11 137 124 169 88 61 67 155 23 10 162 22 142 119 41 183 53 87 69 127 90 172 158 168 190 35 118 120 31 30 115 144 184 0,137
PFG_MOEA,328,2,363.45,1848.54,0 196 6 105 52 112 189 89 156 157 104 186 176 38 7 195 58 34 29 131 185 27 44 128 80 71 14 146 32 167 42 100 81 57 20 152 45 75 24 147 77 153 94 109 1 12 136 149 3 84 86 47 199 0,185
PFG_MOEA,328,3,363.45,1848.54,0 135 173 28 141 79 138 98 125 0,
PFG_MOEA,328,4,363.45,1848.54,0 159 2 97 85 66 102 36 5 49 0,
PFG_MOEA,328,5,363.45,1848.54,0 180 9 95 182 48 191 110 140 165 187 18 39 54 72 70 164 150 200 21 96 197 43 194 174 76 116 106 92 126 133 91 74 154 103 188 171 181 192 40 63 117 101 68 15 123 175 122 139 198 16 25 4 13 163 193 78 60 0,40 188
PFG_MOEA,328,6,363.45,1848.54,0 46 51 107 134 19 8 55 62 177 65 130 161 170 143 145 82 33 178 160 83 99 59 108 166 73 26 114 179 113 37 121 148 129 93 132 64 50 17 0,46
PFG_MOEA,329,1,261.55,2016.67,0 56 111 169 124 88 155 10 162 31 30 120 118 35 190 168 158 172 90 127 69 87 53 183 41 119 142 22 23 67 61 137 11 151 0,56 124
PFG_MOEA,329,2,261.55,2016.67,0 144 115 184 89 156 157 104 186 176 38 7 195 58 34 29 131 185 27 44 128 80 71 14 146 32 167 42 100 81 189 112 52 105 6 196 0,185
PFG_MOEA,329,3,261.55,2016.67,0 199 94 109 1 12 136 149 3 84 86 47 153 77 147 75 24 45 152 20 57 28 141 79 138 98 173 125 135 66 85 97 2 159 102 0,199
PFG_MOEA,329,4,261.55,2016.67,0 180 9 49 36 5 70 72 54 164 21 96 197 43 76 116 106 92 126 174 194 200 150 39 18 187 165 140 110 191 48 182 95 0,
PFG_MOEA,329,5,261.55,2016.67,0 16 139 198 117 63 181 171 192 40 74 91 133 154 103 188 101 68 15 123 175 25 129 148 93 4 13 163 193 78 60 0,63 188
PFG_MOEA,329,6,261.55,2016.67,0 46 122 51 107 134 19 8 55 62 177 65 130 161 170 143 145 82 33 178 160 83 99 59 108 166 73 26 114 179 113 37 121 132 64 50 17 0,46
PFG_MOEA,330,1,372.87,1829.64,0 199 47 86 84 3 149 136 12 1 109 94 153 77 147 24 75 45 152 20 57 28 42 100 173 98 138 141 79 167 32 146 14 71 80 128 44 27 185 131 29 34 58 195 7 38 176 186 104 157 156 89 81 135 125 189 112 52 159 0,
PFG_MOEA,330,2,372.87,1829.64,0 2 97 85 66 102 36 5 0,
PFG_MOEA,330,3,372.87,1829.64,0 180 9 49 95 182 48 191 110 140 165 187 18 39 54 72 70 164 150 200 21 96 197 43 194 174 76 116 106 92 126 133 91 74 154 103 188 171 181 192 40 63 117 101 68 15 123 175 122 139 198 16 0,40
PFG_MOEA,330,4,372.87,1829.64,0 60 78 193 13 64 50 17 132 4 8 55 62 177 65 130 161 170 143 145 82 33 178 160 83 99 59 108 166 73 26 114 179 113 37 121 148 129 93 25 19 134 107 51 46 0,
PFG_MOEA,330,5,372.87,1829.64,0 163 56 111 151 11 137 88 22 142 119 41 183 53 87 69 127 90 172 158 168 190 35 118 120 31 162 10 23 155 67 61 124 169 0,
PFG_MOEA,330,6,372.87,1829.64,0 144 115 30 184 105 6 196 0,105
PFG_MOEA,331,1,343.52,1869.54,0 184 144 115 120 118 35 190 168 158 172 90 127 69 87 53 183 41 119 30 31 162 142 22 10 23 155 67 61 88 137 11 151 0,
PFG_MOEA,331,2,343.52,1869.54,0 189 81 89 156 157 104 186 176 38 7 195 58 34 29 131 185 27 44 128 80 71 14 146 32 167 42 100 112 0,
PFG_MOEA,331,3,343.52,1869.54,0 94 109 1 12 136 149 3 84 86 47 153 77 147 75 24 45 199 196 6 52 105 152 20 57 28 141 79 138 98 173 125 135 66 85 97 2 159 102 49 9 180 0,173
PFG_MOEA,331,4,343.52,1869.54,0 36 5 0,
PFG_MOEA,331,5,343.52,1869.54,0 17 50 16 139 198 191 117 63 192 181 171 188 103 154 40 74 91 133 194 174 126 92 106 116 76 43 197 96 72 54 70 164 21 200 150 39 18 187 165 48 182 95 0,21 188 198
PFG_MOEA,331,6,343.52,1869.54,0 140 110 101 68 15 123 175 122 46 51 107 134 19 8 55 62 177 65 130 161 170 143 145 82 33 178 160 83 99 59 108 166 73 26 114 179 113 37 121 148 129 93 25 124 169 4 111 56 13 132 163 193 78 64 60 0,46 56 68 179
PFG_MOEA,332,1,336.24,1871.66,0 199 47 86 84 3 149 136 12 1 109 94 153 77 147 24 45 75 0,
PFG_MOEA,332,2,336.24,1871.66,0 95 5 36 102 97 112 85 66 125 135 81 89 156 157 104 186 176 38 7 195 58 34 29 131 185 27 44 128 80 71 14 146 32 167 79 141 138 98 173 100 42 28 57 20 152 189 52 2 159 180 49 9 0,89 185
PFG_MOEA,332,3,336.24,1871.66,0 182 48 191 110 140 165 187 18 39 54 72 70 164 150 200 21 96 197 43 194 174 76 116 106 92 126 133 91 74 154 103 188 171 181 192 40 63 117 101 68 15 123 175 122 139 0,68 91 139
PFG_MOEA,332,4,336.24,1871.66,0 16 198 46 51 107 134 19 25 93 129 148 121 37 113 179 114 26 73 166 108 59 99 83 160 178 33 82 145 143 170 161 130 65 177 62 55 8 4 111 132 163 56 13 193 78 60 64 50 17 151 0,
PFG_MOEA,332,5,336.24,1871.66,0 11 88 137 0,
PFG_MOEA,332,6,336.24,1871.66,0 169 124 61 67 155 23 10 162 22 142 119 41 183 53 87 69 127 90 172 158 168 190 35 118 120 30 31 115 144 184 105 6 196 0,155
PFG_MOEA,333,1,787.39,1705.64,0 196 153 0,
PFG_MOEA,333,2,787.39,1705.64,0 147 24 75 45 152 180 9 49 0,
PFG_MOEA,333,3,787.39,1705.64,0 5 36 102 0,
PFG_MOEA,333,4,787.39,1705.64,0 77 47 86 84 3 149 136 12 184 115 57 20 98 138 141 79 167 32 146 14 71 80 128 44 27 185 131 29 34 58 7 195 38 176 186 104 157 156 89 81 42 100 28 173 125 135 189 105 66 85 112 97 52 2 159 95 182 48 191 110 140 165 187 18 39 70 72 54 164 150 200 21 96 197 43 194 174 76 116 106 92 126 133 91 74 154 103 188 171 181 192 40 63 117 101 68 15 123 175 122 139 198 16 46 51 107 134 19 25 93 129 148 121 37 113 179 114 26 73 166 108 59 99 83 160 178 33 82 145 143 170 161 130 65 177 62 55 8 0,
PFG_MOEA,333,5,787.39,1705.64,0 163 132 4 111 56 13 193 78 60 0,
PFG_MOEA,333,6,787.39,1705.64,0 64 50 17 151 11 137 124 169 88 61 67 155 23 10 162 22 142 119 41 183 53 87 69 127 90 172 158 168 190 35 118 120 30 31 144 1 109 94 199 6 0,10 41 155
PFG_MOEA,334,1,313.2,1915.8,0 60 78 64 50 17 151 11 137 124 0,124
PFG_MOEA,334,2,313.2,1915.8,0 169 88 61 67 155 23 10 162 22 142 119 41 183 53 87 69 127 90 172 158 168 190 35 118 120 30 31 104 186 176 38 7 157 156 144 0,
PFG_MOEA,334,3,313.2,1915.8,0 189 81 100 42 167 32 146 14 71 80 128 44 27 185 131 29 34 58 195 112 0,29
PFG_MOEA,334,4,313.2,1915.8,0 196 6 199 75 45 24 147 77 153 94 109 1 115 184 12 136 149 3 84 86 47 57 20 98 138 141 79 89 28 173 125 135 66 85 97 52 105 152 2 159 102 36 5 49 9 180 0,5
PFG_MOEA,334,5,313.2,1915.8,0 139 122 175 123 15 68 101 117 63 40 192 181 171 188 103 154 74 91 133 126 92 106 116 76 174 194 43 197 96 21 200 150 164 54 72 70 39 18 187 165 140 110 191 48 182 95 198 0,63 91 188
PFG_MOEA,334,6,313.2,1915.8,0 16 46 51 107 134 19 25 93 129 148 121 37 113 179 114 26 73 166 108 59 99 83 160 178 33 82 145 143 170 161 130 65 177 62 55 8 4 111 132 163 56 13 193 0,46 145
PFG_MOEA,335,1,520.32,1777.06,0 50 17 151 11 137 124 169 88 61 67 155 23 10 162 22 142 119 41 183 53 87 69 127 90 172 158 168 190 35 118 120 31 30 115 144 184 0,137
PFG_MOEA,335,2,520.32,1777.06,0 196 6 105 52 112 189 89 156 157 104 186 176 38 7 195 58 34 29 131 185 27 44 128 80 71 14 146 32 167 42 100 81 57 20 152 45 75 24 147 77 0,
PFG_MOEA,335,3,520.32,1777.06,0 199 47 86 84 3 149 136 12 1 109 94 153 135 180 0,1
PFG_MOEA,335,4,520.32,1777.06,0 9 49 159 2 97 85 98 138 79 141 28 173 125 66 102 36 5 95 182 48 0,
PFG_MOEA,335,5,520.32,1777.06,0 16 198 191 110 140 165 187 18 39 70 72 54 164 150 200 21 96 197 43 194 174 76 116 106 92 126 133 91 74 154 103 188 171 181 192 40 63 117 101 68 15 123 175 122 139 46 51 107 134 19 25 93 129 148 121 37 113 179 114 26 73 166 108 59 99 83 160 178 33 82 145 143 170 161 130 65 177 62 55 8 4 111 132 163 56 13 193 78 0,106 111
PFG_MOEA,335,6,520.32,1777.06,0 60 64 0,
PFG_MOEA,336,1,403.49,1779.21,0 196 6 77 0,
PFG_MOEA,336,2,403.49,1779.21,0 199 94 109 1 144 61 124 169 151 11 137 88 67 155 23 10 162 22 142 119 41 183 53 87 69 127 90 172 158 168 190 35 118 120 31 30 115 184 12 136 149 3 84 86 47 153 147 24 75 45 152 105 189 112 52 2 159 102 36 5 49 9 180 0,
PFG_MOEA,336,3,403.49,1779.21,0 97 0,
PFG_MOEA,336,4,403.49,1779.21,0 20 57 81 89 156 157 104 186 176 38 195 7 58 34 29 131 185 27 44 128 80 71 14 146 32 167 42 100 79 141 138 98 28 173 66 85 125 135 0,89 131
PFG_MOEA,336,5,403.49,1779.21,0 16 139 198 95 182 191 48 165 187 18 39 54 72 70 164 150 200 21 96 197 43 194 174 76 116 106 92 126 133 91 74 154 103 188 171 181 192 40 63 117 140 110 101 68 15 123 175 122 46 51 107 134 19 8 55 0,21 198
PFG_MOEA,336,6,403.49,1779.21,0 60 78 193 163 13 62 177 65 130 161 170 143 145 82 33 178 160 83 99 59 108 166 73 26 114 179 113 37 121 148 129 93 25 4 111 56 132 64 50 17 0,56
PFG_MOEA,337,1,547.48,1749.89,0 151 0,
PFG_MOEA,337,2,547.48,1749.89,0 50 17 169 124 137 11 88 61 67 155 23 10 162 22 142 119 41 183 53 87 69 127 90 172 158 168 190 35 118 120 31 30 115 144 184 12 136 149 0,50 87 155
PFG_MOEA,337,3,547.48,1749.89,0 196 6 105 52 112 189 100 81 57 20 152 45 75 24 147 77 153 94 109 1 3 84 86 47 199 0,1
PFG_MOEA,337,4,547.48,1749.89,0 159 2 97 85 66 98 138 141 79 167 32 146 14 71 80 128 44 27 185 131 29 34 58 195 7 38 176 186 104 157 156 89 42 28 173 125 135 102 36 0,89
PFG_MOEA,337,5,547.48,1749.89,0 60 78 193 13 163 64 132 56 111 4 25 93 129 148 121 37 113 179 114 26 73 166 108 59 99 83 160 178 33 82 145 143 170 161 130 65 177 62 55 8 19 134 123 175 122 16 139 198 15 68 101 117 63 40 192 181 171 188 103 154 74 91 133 126 92 106 116 76 174 194 43 197 96 21 200 150 164 70 72 54 39 18 187 165 140 110 191 48 182 95 5 49 9 180 0,5 63 68
PFG_MOEA,337,6,547.48,1749.89,0 51 107 46 0,
PFG_MOEA,338,1,321.43,1884.2,0 196 6 199 77 94 109 1 184 115 30 31 120 118 35 190 168 158 172 90 127 69 87 53 183 41 119 142 22 162 10 23 155 67 88 137 11 151 169 124 61 144 0,
PFG_MOEA,338,2,321.43,1884.2,0 12 136 149 3 84 86 47 153 147 24 75 45 152 105 189 112 97 52 2 159 102 36 5 49 9 180 0,97
PFG_MOEA,338,3,321.43,1884.2,0 20 57 81 0,
PFG_MOEA,338,4,321.43,1884.2,0 135 125 89 156 157 104 186 176 38 195 7 58 34 29 131 185 27 44 128 80 71 14 146 32 167 42 100 79 141 138 98 28 173 66 85 72 54 39 18 187 165 48 191 182 95 198 139 16 0,89 185
PFG_MOEA,338,5,321.43,1884.2,0 70 164 150 200 21 96 197 43 194 174 76 116 106 92 126 133 91 74 154 103 188 171 181 192 40 63 117 140 110 101 68 15 123 175 122 46 51 107 134 19 0,21
PFG_MOEA,338,6,321.43,1884.2,0 60 50 64 78 193 163 13 8 55 62 177 65 130 161 170 143 145 82 33 178 160 83 99 59 108 166 73 26 114 179 113 37 121 148 129 93 25 4 111 56 132 17 0,
PFG_MOEA,339,1,363.45,1848.54,0 56 111 151 11 137 124 169 88 61 67 155 23 10 162 22 142 119 41 183 53 87 69 127 90 172 158 168 190 35 118 120 31 30 115 144 184 0,137
PFG_MOEA,339,2,363.45,1848.54,0 196 6 105 52 112 189 89 156 157 104 186 176 38 7 195 58 34 29 131 185 27 44 128 80 71 14 146 32 167 42 100 81 57 20 152 45 75 24 147 77 153 94 109 1 12 136 149 3 84 86 47 199 0,185
PFG_MOEA,339,3,363.45,1848.54,0 135 173 28 141 79 138 98 125 0,
PFG_MOEA,339,4,363.45,1848.54,0 159 2 97 85 66 102 36 5 49 0,
PFG_MOEA,339,5,363.45,1848.54,0 180 9 95 182 48 191 110 140 165 187 18 39 54 72 70 164 150 200 21 96 197 43 194 174 76 116 106 92 126 133 91 74 154 103 188 171 181 192 40 63 117 101 68 15 123 175 122 139 198 16 25 4 13 163 193 78 60 0,40 188
PFG_MOEA,339,6,363.45,1848.54,0 46 51 107 134 19 8 55 62 177 65 130 161 170 143 145 82 33 178 160 83 99 59 108 166 73 26 114 179 113 37 121 148 129 93 132 64 50 17 0,46
PFG_MOEA,340,1,261.55,2016.67,0 56 111 169 124 88 155 10 162 31 30 120 118 35 190 168 158 172 90 127 69 87 53 183 41 119 142 22 23 67 61 137 11 151 0,56 124
PFG_MOEA,340,2,261.55,2016.67,0 144 115 184 89 156 157 104 186 176 38 7 195 58 34 29 131 185 27 44 128 80 71 14 146 32 167 42 100 81 189 112 52 105 6 196 0,185
PFG_MOEA,340,3,261.55,2016.67,0 199 94 109 1 12 136 149 3 84 86 47 153 77 147 75 24 45 152 20 57 28 141 79 138 98 173 125 135 66 85 97 2 159 102 0,199
PFG_MOEA,340,4,261.55,2016.67,0 180 9 49 36 5 70 72 54 164 21 96 197 43 76 116 106 92 126 174 194 200 150 39 18 187 165 140 110 191 48 182 95 0,
PFG_MOEA,340,5,261.55,2016.67,0 16 139 198 117 63 181 171 192 40 74 91 133 154 103 188 101 68 15 123 175 25 129 148 93 4 13 163 193 78 60 0,63 188
PFG_MOEA,340,6,261.55,2016.67,0 46 122 51 107 134 19 8 55 62 177 65 130 161 170 143 145 82 33 178 160 83 99 59 108 166 73 26 114 179 113 37 121 132 64 50 17 0,46
PFG_MOEA,341,1,372.87,1829.64,0 199 47 86 84 3 149 136 12 1 109 94 153 77 147 24 75 45 152 20 57 28 42 100 173 98 138 141 79 167 32 146 14 71 80 128 44 27 185 131 29 34 58 195 7 38 176 186 104 157 156 89 81 135 125 189 112 52 159 0,
PFG_MOEA,341,2,372.87,1829.64,0 2 97 85 66 102 36 5 0,
PFG_MOEA,341,3,372.87,1829.64,0 180 9 49 95 182 48 191 110 140 165 187 18 39 54 72 70 164 150 200 21 96 197 43 194 174 76 116 106 92 126 133 91 74 154 103 188 171 181 192 40 63 117 101 68 15 123 175 122 139 198 16 0,40
PFG_MOEA,341,4,372.87,1829.64,0 60 78 193 13 64 50 17 132 4 8 55 62 177 65 130 161 170 143 145 82 33 178 160 83 99 59 108 166 73 26 114 179 113 37 121 148 129 93 25 19 134 107 51 46 0,
PFG_MOEA,341,5,372.87,1829.64,0 163 56 111 151 11 137 88 22 142 119 41 183 53 87 69 127 90 172 158 168 190 35 118 120 31 162 10 23 155 67 61 124 169 0,
PFG_MOEA,341,6,372.87,1829.64,0 144 115 30 184 105 6 196 0,105
PFG_MOEA,342,1,343.52,1869.54,0 184 144 115 120 118 35 190 168 158 172 90 127 69 87 53 183 41 119 30 31 162 142 22 10 23 155 67 61 88 137 11 151 0,
PFG_MOEA,342,2,343.52,1869.54,0 189 81 89 156 157 104 186 176 38 7 195 58 34 29 131 185 27 44 128 80 71 14 146 32 167 42 100 112 0,
PFG_MOEA,342,3,343.52,1869.54,0 94 109 1 12 136 149 3 84 86 47 153 77 147 75 24 45 199 196 6 52 105 152 20 57 28 141 79 138 98 173 125 135 66 85 97 2 159 102 49 9 180 0,173
PFG_MOEA,342,4,343.52,1869.54,0 36 5 0,
PFG_MOEA,342,5,343.52,1869.54,0 17 50 16 139 198 191 117 63 192 181 171 188 103 154 40 74 91 133 194 174 126 92 106 116 76 43 197 96 72 54 70 164 21 200 150 39 18 187 165 48 182 95 0,21 188 198
PFG_MOEA,342,6,343.52,1869.54,0 140 110 101 68 15 123 175 122 46 51 107 134 19 8 55 62 177 65 130 161 170 143 145 82 33 178 160 83 99 59 108 166 73 26 114 179 113 37 121 148 129 93 25 124 169 4 111 56 13 132 163 193 78 64 60 0,46 56 68 179
PFG_MOEA,343,1,336.24,1871.66,0 199 47 86 84 3 149 136 12 1 109 94 153 77 147 24 45 75 0,
PFG_MOEA,343,2,336.24,1871.66,0 95 5 36 102 97 112 85 66 125 135 81 89 156 157 104 186 176 38 7 195 58 34 29 131 185 27 44 128 80 71 14 146 32 167 79 141 138 98 173 100 42 28 57 20 152 189 52 2 159 180 49 9 0,89 185
PFG_MOEA,343,3,336.24,1871.66,0 182 48 191 110 140 165 187 18 39 54 72 70 164 150 200 21 96 197 43 194 174 76 116 106 92 126 133 91 74 154 103 188 171 181 192 40 63 117 101 68 15 123 175 122 139 0,68 91 139
PFG_MOEA,343,4,336.24,1871.66,0 16 198 46 51 107 134 19 25 93 129 148 121 37 113 179 114 26 73 166 108 59 99 83 160 178 33 82 145 143 170 161 130 65 177 62 55 8 4 111 132 163 56 13 193 78 60 64 50 17 151 0,
PFG_MOEA,343,5,336.24,1871.66,0 11 88 137 0,
PFG_MOEA,343,6,336.24,1871.66,0 169 124 61 67 155 23 10 162 22 142 119 41 183 53 87 69 127 90 172 158 168 190 35 118 120 30 31 115 144 184 105 6 196 0,155
PFG_MOEA,344,1,787.39,1705.64,0 196 153 0,
PFG_MOEA,344,2,787.39,1705.64,0 147 24 75 45 152 180 9 49 0,
PFG_MOEA,344,3,787.39,1705.64,0 5 36 102 0,
PFG_MOEA,344,4,787.39,1705.64,0 77 47 86 84 3 149 136 12 184 115 57 20 98 138 141 79 167 32 146 14 71 80 128 44 27 185 131 29 34 58 7 195 38 176 186 104 157 156 89 81 42 100 28 173 125 135 189 105 66 85 112 97 52 2 159 95 182 48 191 110 140 165 187 18 39 70 72 54 164 150 200 21 96 197 43 194 174 76 116 106 92 126 133 91 74 154 103 188 171 181 192 40 63 117 101 68 15 123 175 122 139 198 16 46 51 107 134 19 25 93 129 148 121 37 113 179 114 26 73 166 108 59 99 83 160 178 33 82 145 143 170 161 130 65 177 62 55 8 0,
PFG_MOEA,344,5,787.39,1705.64,0 163 132 4 111 56 13 193 78 60 0,
PFG_MOEA,344,6,787.39,1705.64,0 64 50 17 151 11 137 124 169 88 61 67 155 23 10 162 22 142 119 41 183 53 87 69 127 90 172 158 168 190 35 118 120 30 31 144 1 109 94 199 6 0,10 41 155
PFG_MOEA,345,1,313.2,1915.8,0 60 78 64 50 17 151 11 137 124 0,124
PFG_MOEA,345,2,313.2,1915.8,0 169 88 61 67 155 23 10 162 22 142 119 41 183 53 87 69 127 90 172 158 168 190 35 118 120 30 31 104 186 176 38 7 157 156 144 0,
PFG_MOEA,345,3,313.2,1915.8,0 189 81 100 42 167 32 146 14 71 80 128 44 27 185 131 29 34 58 195 112 0,29
PFG_MOEA,345,4,313.2,1915.8,0 196 6 199 75 45 24 147 77 153 94 109 1 115 184 12 136 149 3 84 86 47 57 20 98 138 141 79 89 28 173 125 135 66 85 97 52 105 152 2 159 102 36 5 49 9 180 0,5
PFG_MOEA,345,5,313.2,1915.8,0 139 122 175 123 15 68 101 117 63 40 192 181 171 188 103 154 74 91 133 126 92 106 116 76 174 194 43 197 96 21 200 150 164 54 72 70 39 18 187 165 140 110 191 48 182 95 198 0,63 91 188
PFG_MOEA,345,6,313.2,1915.8,0 16 46 51 107 134 19 25 93 129 148 121 37 113 179 114 26 73 166 108 59 99 83 160 178 33 82 145 143 170 161 130 65 177 62 55 8 4 111 132 163 56 13 193 0,46 145
PFG_MOEA,346,1,520.32,1777.06,0 50 17 151 11 137 124 169 88 61 67 155 23 10 162 22 142 119 41 183 53 87 69 127 90 172 158 168 190 35 118 120 31 30 115 144 184 0,137
PFG_MOEA,346,2,520.32,1777.06,0 196 6 105 52 112 189 89 156 157 104 186 176 38 7 195 58 34 29 131 185 27 44 128 80 71 14 146 32 167 42 100 81 57 20 152 45 75 24 147 77 0,
PFG_MOEA,346,3,520.32,1777.06,0 199 47 86 84 3 149 136 12 1 109 94 153 135 180 0,1
PFG_MOEA,346,4,520.32,1777.06,0 9 49 159 2 97 85 98 138 79 141 28 173 125 66 102 36 5 95 182 48 0,
PFG_MOEA,346,5,520.32,1777.06,0 16 198 191 110 140 165 187 18 39 70 72 54 164 150 200 21 96 197 43 194 174 76 116 106 92 126 133 91 74 154 103 188 171 181 192 40 63 117 101 68 15 123 175 122 139 46 51 107 134 19 25 93 129 148 121 37 113 179 114 26 73 166 108 59 99 83 160 178 33 82 145 143 170 161 130 65 177 62 55 8 4 111 132 163 56 13 193 78 0,106 111
PFG_MOEA,346,6,520.32,1777.06,0 60 64 0,
PFG_MOEA,347,1,403.49,1779.21,0 196 6 77 0,
PFG_MOEA,347,2,403.49,1779.21,0 199 94 109 1 144 61 124 169 151 11 137 88 67 155 23 10 162 22 142 119 41 183 53 87 69 127 90 172 158 168 190 35 118 120 31 30 115 184 12 136 149 3 84 86 47 153 147 24 75 45 152 105 189 112 52 2 159 102 36 5 49 9 180 0,
PFG_MOEA,347,3,403.49,1779.21,0 97 0,
PFG_MOEA,347,4,403.49,1779.21,0 20 57 81 89 156 157 104 186 176 38 195 7 58 34 29 131 185 27 44 128 80 71 14 146 32 167 42 100 79 141 138 98 28 173 66 85 125 135 0,89 131
PFG_MOEA,347,5,403.49,1779.21,0 16 139 198 95 182 191 48 165 187 18 39 54 72 70 164 150 200 21 96 197 43 194 174 76 116 106 92 126 133 91 74 154 103 188 171 181 192 40 63 117 140 110 101 68 15 123 175 122 46 51 107 134 19 8 55 0,21 198
PFG_MOEA,347,6,403.49,1779.21,0 60 78 193 163 13 62 177 65 130 161 170 143 145 82 33 178 160 83 99 59 108 166 73 26 114 179 113 37 121 148 129 93 25 4 111 56 132 64 50 17 0,56
PFG_MOEA,348,1,547.48,1749.89,0 151 0,
PFG_MOEA,348,2,547.48,1749.89,0 50 17 169 124 137 11 88 61 67 155 23 10 162 22 142 119 41 183 53 87 69 127 90 172 158 168 190 35 118 120 31 30 115 144 184 12 136 149 0,50 87 155
PFG_MOEA,348,3,547.48,1749.89,0 196 6 105 52 112 189 100 81 57 20 152 45 75 24 147 77 153 94 109 1 3 84 86 47 199 0,1
PFG_MOEA,348,4,547.48,1749.89,0 159 2 97 85 66 98 138 141 79 167 32 146 14 71 80 128 44 27 185 131 29 34 58 195 7 38 176 186 104 157 156 89 42 28 173 125 135 102 36 0,89
PFG_MOEA,348,5,547.48,1749.89,0 60 78 193 13 163 64 132 56 111 4 25 93 129 148 121 37 113 179 114 26 73 166 108 59 99 83 160 178 33 82 145 143 170 161 130 65 177 62 55 8 19 134 123 175 122 16 139 198 15 68 101 117 63 40 192 181 171 188 103 154 74 91 133 126 92 106 116 76 174 194 43 197 96 21 200 150 164 70 72 54 39 18 187 165 140 110 191 48 182 95 5 49 9 180 0,5 63 68
PFG_MOEA,348,6,547.48,1749.89,0 51 107 46 0,
PFG_MOEA,349,1,321.43,1884.2,0 196 6 199 77 94 109 1 184 115 30 31 120 118 35 190 168 158 172 90 127 69 87 53 183 41 119 142 22 162 10 23 155 67 88 137 11 151 169 124 61 144 0,
PFG_MOEA,349,2,321.43,1884.2,0 12 136 149 3 84 86 47 153 147 24 75 45 152 105 189 112 97 52 2 159 102 36 5 49 9 180 0,97
PFG_MOEA,349,3,321.43,1884.2,0 20 57 81 0,
PFG_MOEA,349,4,321.43,1884.2,0 135 125 89 156 157 104 186 176 38 195 7 58 34 29 131 185 27 44 128 80 71 14 146 32 167 42 100 79 141 138 98 28 173 66 85 72 54 39 18 187 165 48 191 182 95 198 139 16 0,89 185
PFG_MOEA,349,5,321.43,1884.2,0 70 164 150 200 21 96 197 43 194 174 76 116 106 92 126 133 91 74 154 103 188 171 181 192 40 63 117 140 110 101 68 15 123 175 122 46 51 107 134 19 0,21
PFG_MOEA,349,6,321.43,1884.2,0 60 50 64 78 193 163 13 8 55 62 177 65 130 161 170 143 145 82 33 178 160 83 99 59 108 166 73 26 114 179 113 37 121 148 129 93 25 4 111 56 132 17 0,
PFG_MOEA,350,1,363.45,1848.54,0 56 111 151 11 137 124 169 88 61 67 155 23 10 162 22 142 119 41 183 53 87 69 127 90 172 158 168 190 35 118 120 31 30 115 144 184 0,137
PFG_MOEA,350,2,363.45,1848.54,0 196 6 105 52 112 189 89 156 157 104 186 176 38 7 195 58 34 29 131 185 27 44 128 80 71 14 146 32 167 42 100 81 57 20 152 45 75 24 147 77 153 94 109 1 12 136 149 3 84 86 47 199 0,185
PFG_MOEA,350,3,363.45,1848.54,0 135 173 28 141 79 138 98 125 0,
PFG_MOEA,350,4,363.45,1848.54,0 159 2 97 85 66 102 36 5 49 0,
PFG_MOEA,350,5,363.45,1848.54,0 180 9 95 182 48 191 110 140 165 187 18 39 54 72 70 164 150 200 21 96 197 43 194 174 76 116 106 92 126 133 91 74 154 103 188 171 181 192 40 63 117 101 68 15 123 175 122 139 198 16 25 4 13 163 193 78 60 0,40 188
PFG_MOEA,350,6,363.45,1848.54,0 46 51 107 134 19 8 55 62 177 65 130 161 170 143 145 82 33 178 160 83 99 59 108 166 73 26 114 179 113 37 121 148 129 93 132 64 50 17 0,46
PFG_MOEA,351,1,261.55,2016.67,0 56 111 169 124 88 155 10 162 31 30 120 118 35 190 168 158 172 90 127 69 87 53 183 41 119 142 22 23 67 61 137 11 151 0,56 124
PFG_MOEA,351,2,261.55,2016.67,0 144 115 184 89 156 157 104 186 176 38 7 195 58 34 29 131 185 27 44 128 80 71 14 146 32 167 42 100 81 189 112 52 105 6 196 0,185
PFG_MOEA,351,3,261.55,2016.67,0 199 94 109 1 12 136 149 3 84 86 47 153 77 147 75 24 45 152 20 57 28 141 79 138 98 173 125 135 66 85 97 2 159 102 0,199
PFG_MOEA,351,4,261.55,2016.67,0 180 9 49 36 5 70 72 54 164 21 96 197 43 76 116 106 92 126 174 194 200 150 39 18 187 165 140 110 191 48 182 95 0,
PFG_MOEA,351,5,261.55,2016.67,0 16 139 198 117 63 181 171 192 40 74 91 133 154 103 188 101 68 15 123 175 25 129 148 93 4 13 163 193 78 60 0,63 188
PFG_MOEA,351,6,261.55,2016.67,0 46 122 51 107 134 19 8 55 62 177 65 130 161 170 143 145 82 33 178 160 83 99 59 108 166 73 26 114 179 113 37 121 132 64 50 17 0,46
PFG_MOEA,352,1,372.87,1829.64,0 199 47 86 84 3 149 136 12 1 109 94 153 77 147 24 75 45 152 20 57 28 42 100 173 98 138 141 79 167 32 146 14 71 80 128 44 27 185 131 29 34 58 195 7 38 176 186 104 157 156 89 81 135 125 189 112 52 159 0,
PFG_MOEA,352,2,372.87,1829.64,0 2 97 85 66 102 36 5 0,
PFG_MOEA,352,3,372.87,1829.64,0 180 9 49 95 182 48 191 110 140 165 187 18 39 54 72 70 164 150 200 21 96 197 43 194 174 76 116 106 92 126 133 91 74 154 103 188 171 181 192 40 63 117 101 68 15 123 175 122 139 198 16 0,40
PFG_MOEA,352,4,372.87,1829.64,0 60 78 193 13 64 50 17 132 4 8 55 62 177 65 130 161 170 143 145 82 33 178 160 83 99 59 108 166 73 26 114 179 113 37 121 148 129 93 25 19 134 107 51 46 0,
PFG_MOEA,352,5,372.87,1829.64,0 163 56 111 151 11 137 88 22 142 119 41 183 53 87 69 127 90 172 158 168 190 35 118 120 31 162 10 23 155 67 61 124 169 0,
PFG_MOEA,352,6,372.87,1829.64,0 144 115 30 184 105 6 196 0,105
PFG_MOEA,353,1,343.52,1869.54,0 184 144 115 120 118 35 190 168 158 172 90 127 69 87 53 183 41 119 30 31 162 142 22 10 23 155 67 61 88 137 11 151 0,
PFG_MOEA,353,2,343.52,1869.54,0 189 81 89 156 157 104 186 176 38 7 195 58 34 29 131 185 27 44 128 80 71 14 146 32 167 42 100 112 0,
PFG_MOEA,353,3,343.52,1869.54,0 94 109 1 12 136 149 3 84 86 47 153 77 147 75 24 45 199 196 6 52 105 152 20 57 28 141 79 138 98 173 125 135 66 85 97 2 159 102 49 9 180 0,173
PFG_MOEA,353,4,343.52,1869.54,0 36 5 0,
PFG_MOEA,353,5,343.52,1869.54,0 17 50 16 139 198 191 117 63 192 181 171 188 103 154 40 74 91 133 194 174 126 92 106 116 76 43 197 96 72 54 70 164 21 200 150 39 18 187 165 48 182 95 0,21 188 198
PFG_MOEA,353,6,343.52,1869.54,0 140 110 101 68 15 123 175 122 46 51 107 134 19 8 55 62 177 65 130 161 170 143 145 82 33 178 160 83 99 59 108 166 73 26 114 179 113 37 121 148 129 93 25 124 169 4 111 56 13 132 163 193 78 64 60 0,46 56 68 179
PFG_MOEA,354,1,336.24,1871.66,0 199 47 86 84 3 149 136 12 1 109 94 153 77 147 24 45 75 0,
PFG_MOEA,354,2,336.24,1871.66,0 95 5 36 102 97 112 85 66 125 135 81 89 156 157 104 186 176 38 7 195 58 34 29 131 185 27 44 128 80 71 14 146 32 167 79 141 138 98 173 100 42 28 57 20 152 189 52 2 159 180 49 9 0,89 185
PFG_MOEA,354,3,336.24,1871.66,0 182 48 191 110 140 165 187 18 39 54 72 70 164 150 200 21 96 197 43 194 174 76 116 106 92 126 133 91 74 154 103 188 171 181 192 40 63 117 101 68 15 123 175 122 139 0,68 91 139
PFG_MOEA,354,4,336.24,1871.66,0 16 198 46 51 107 134 19 25 93 129 148 121 37 113 179 114 26 73 166 108 59 99 83 160 178 33 82 145 143 170 161 130 65 177 62 55 8 4 111 132 163 56 13 193 78 60 64 50 17 151 0,
PFG_MOEA,354,5,336.24,1871.66,0 11 88 137 0,
PFG_MOEA,354,6,336.24,1871.66,0 169 124 61 67 155 23 10 162 22 142 119 41 183 53 87 69 127 90 172 158 168 190 35 118 120 30 31 115 144 184 105 6 196 0,155
PFG_MOEA,355,1,787.39,1705.64,0 196 153 0,
PFG_MOEA,355,2,787.39,1705.64,0 147 24 75 45 152 180 9 49 0,
PFG_MOEA,355,3,787.39,1705.64,0 5 36 102 0,
PFG_MOEA,355,4,787.39,1705.64,0 77 47 86 84 3 149 136 12 184 115 57 20 98 138 141 79 167 32 146 14 71 80 128 44 27 185 131 29 34 58 7 195 38 176 186 104 157 156 89 81 42 100 28 173 125 135 189 105 66 85 112 97 52 2 159 95 182 48 191 110 140 165 187 18 39 70 72 54 164 150 200 21 96 197 43 194 174 76 116 106 92 126 133 91 74 154 103 188 171 181 192 40 63 117 101 68 15 123 175 122 139 198 16 46 51 107 134 19 25 93 129 148 121 37 113 179 114 26 73 166 108 59 99 83 160 178 33 82 145 143 170 161 130 65 177 62 55 8 0,
PFG_MOEA,355,5,787.39,1705.64,0 163 132 4 111 56 13 193 78 60 0,
PFG_MOEA,355,6,787.39,1705.64,0 64 50 17 151 11 137 124 169 88 61 67 155 23 10 162 22 142 119 41 183 53 87 69 127 90 172 158 168 190 35 118 120 30 31 144 1 109 94 199 6 0,10 41 155
PFG_MOEA,356,1,313.2,1915.8,0 60 78 64 50 17 151 11 137 124 0,124
PFG_MOEA,356,2,313.2,1915.8,0 169 88 61 67 155 23 10 162 22 142 119 41 183 53 87 69 127 90 172 158 168 190 35 118 120 30 31 104 186 176 38 7 157 156 144 0,
PFG_MOEA,356,3,313.2,1915.8,0 189 81 100 42 167 32 146 14 71 80 128 44 27 185 131 29 34 58 195 112 0,29
PFG_MOEA,356,4,313.2,1915.8,0 196 6 199 75 45 24 147 77 153 94 109 1 115 184 12 136 149 3 84 86 47 57 20 98 138 141 79 89 28 173 125 135 66 85 97 52 105 152 2 159 102 36 5 49 9 180 0,5
PFG_MOEA,356,5,313.2,1915.8,0 139 122 175 123 15 68 101 117 63 40 192 181 171 188 103 154 74 91 133 126 92 106 116 76 174 194 43 197 96 21 200 150 164 54 72 70 39 18 187 165 140 110 191 48 182 95 198 0,63 91 188
PFG_MOEA,356,6,313.2,1915.8,0 16 46 51 107 134 19 25 93 129 148 121 37 113 179 114 26 73 166 108 59 99 83 160 178 33 82 145 143 170 161 130 65 177 62 55 8 4 111 132 163 56 13 193 0,46 145
PFG_MOEA,357,1,520.32,1777.06,0 50 17 151 11 137 124 169 88 61 67 155 23 10 162 22 142 119 41 183 53 87 69 127 90 172 158 168 190 35 118 120 31 30 115 144 184 0,137
PFG_MOEA,357,2,520.32,1777.06,0 196 6 105 52 112 189 89 156 157 104 186 176 38 7 195 58 34 29 131 185 27 44 128 80 71 14 146 32 167 42 100 81 57 20 152 45 75 24 147 77 0,
PFG_MOEA,357,3,520.32,1777.06,0 199 47 86 84 3 149 136 12 1 109 94 153 135 180 0,1
PFG_MOEA,357,4,520.32,1777.06,0 9 49 159 2 97 85 98 138 79 141 28 173 125 66 102 36 5 95 182 48 0,
PFG_MOEA,357,5,520.32,1777.06,0 16 198 191 110 140 165 187 18 39 70 72 54 164 150 200 21 96 197 43 194 174 76 116 106 92 126 133 91 74 154 103 188 171 181 192 40 63 117 101 68 15 123 175 122 139 46 51 107 134 19 25 93 129 148 121 37 113 179 114 26 73 166 108 59 99 83 160 178 33 82 145 143 170 161 130 65 177 62 55 8 4 111 132 163 56 13 193 78 0,106 111
PFG_MOEA,357,6,520.32,1777.06,0 60 64 0,
PFG_MOEA,358,1,403.49,1779.21,0 196 6 77 0,
PFG_MOEA,358,2,403.49,1779.21,0 199 94 109 1 144 61 124 169 151 11 137 88 67 155 23 10 162 22 142 119 41 183 53 87 69 127 90 172 158 168 190 35 118 120 31 30 115 184 12 136 149 3 84 86 47 153 147 24 75 45 152 105 189 112 52 2 159 102 36 5 49 9 180 0,
PFG_MOEA,358,3,403.49,1779.21,0 97 0,
PFG_MOEA,358,4,403.49,1779.21,0 20 57 81 89 156 157 104 186 176 38 195 7 58 34 29 131 185 27 44 128 80 71 14 146 32 167 42 100 79 141 138 98 28 173 66 85 125 135 0,89 131
PFG_MOEA,358,5,403.49,1779.21,0 16 139 198 95 182 191 48 165 187 18 39 54 72 70 164 150 200 21 96 197 43 194 174 76 116 106 92 126 133 91 74 154 103 188 171 181 192 40 63 117 140 110 101 68 15 123 175 122 46 51 107 134 19 8 55 0,21 198
PFG_MOEA,358,6,403.49,1779.21,0 60 78 193 163 13 62 177 65 130 161 170 143 145 82 33 178 160 83 99 59 108 166 73 26 114 179 113 37 121 148 129 93 25 4 111 56 132 64 50 17 0,56
PFG_MOEA,359,1,547.48,1749.89,0 151 0,
PFG_MOEA,359,2,547.48,1749.89,0 50 17 169 124 137 11 88 61 67 155 23 10 162 22 142 119 41 183 53 87 69 127 90 172 158 168 190 35 118 120 31 30 115 144 184 12 136 149 0,50 87 155
PFG_MOEA,359,3,547.48,1749.89,0 196 6 105 52 112 189 100 81 57 20 152 45 75 24 147 77 153 94 109 1 3 84 86 47 199 0,1
PFG_MOEA,359,4,547.48,1749.89,0 159 2 97 85 66 98 138 141 79 167 32 146 14 71 80 128 44 27 185 131 29 34 58 195 7 38 176 186 104 157 156 89 42 28 173 125 135 102 36 0,89
PFG_MOEA,359,5,547.48,1749.89,0 60 78 193 13 163 64 132 56 111 4 25 93 129 148 121 37 113 179 114 26 73 166 108 59 99 83 160 178 33 82 145 143 170 161 130 65 177 62 55 8 19 134 123 175 122 16 139 198 15 68 101 117 63 40 192 181 171 188 103 154 74 91 133 126 92 106 116 76 174 194 43 197 96 21 200 150 164 70 72 54 39 18 187 165 140 110 191 48 182 95 5 49 9 180 0,5 63 68
PFG_MOEA,359,6,547.48,1749.89,0 51 107 46 0,
PFG_MOEA,360,1,321.43,1884.2,0 196 6 199 77 94 109 1 184 115 30 31 120 118 35 190 168 158 172 90 127 69 87 53 183 41 119 142 22 162 10 23 155 67 88 137 11 151 169 124 61 144 0,
PFG_MOEA,360,2,321.43,1884.2,0 12 136 149 3 84 86 47 153 147 24 75 45 152 105 189 112 97 52 2 159 102 36 5 49 9 180 0,97
PFG_MOEA,360,3,321.43,1884.2,0 20 57 81 0,
PFG_MOEA,360,4,321.43,1884.2,0 135 125 89 156 157 104 186 176 38 195 7 58 34 29 131 185 27 44 128 80 71 14 146 32 167 42 100 79 141 138 98 28 173 66 85 72 54 39 18 187 165 48 191 182 95 198 139 16 0,89 185
PFG_MOEA,360,5,321.43,1884.2,0 70 164 150 200 21 96 197 43 194 174 76 116 106 92 126 133 91 74 154 103 188 171 181 192 40 63 117 140 110 101 68 15 123 175 122 46 51 107 134 19 0,21
PFG_MOEA,360,6,321.43,1884.2,0 60 50 64 78 193 163 13 8 55 62 177 65 130 161 170 143 145 82 33 178 160 83 99 59 108 166 73 26 114 179 113 37 121 148 129 93 25 4 111 56 132 17 0,
PFG_MOEA,361,1,363.45,1848.54,0 56 111 151 11 137 124 169 88 61 67 155 23 10 162 22 142 119 41 183 53 87 69 127 90 172 158 168 190 35 118 120 31 30 115 144 184 0,137
PFG_MOEA,361,2,363.45,1848.54,0 196 6 105 52 112 189 89 156 157 104 186 176 38 7 195 58 34 29 131 185 27 44 128 80 71 14 146 32 167 42 100 81 57 20 152 45 75 24 147 77 153 94 109 1 12 136 149 3 84 86 47 199 0,185
PFG_MOEA,361,3,363.45,1848.54,0 135 173 28 141 79 138 98 125 0,
PFG_MOEA,361,4,363.45,1848.54,0 159 2 97 85 66 102 36 5 49 0,
PFG_MOEA,361,5,363.45,1848.54,0 180 9 95 182 48 191 110 140 165 187 18 39 54 72 70 164 150 200 21 96 197 43 194 174 76 116 106 92 126 133 91 74 154 103 188 171 181 192 40 63 117 101 68 15 123 175 122 139 198 16 25 4 13 163 193 78 60 0,40 188
PFG_MOEA,361,6,363.45,1848.54,0 46 51 107 134 19 8 55 62 177 65 130 161 170 143 145 82 33 178 160 83 99 59 108 166 73 26 114 179 113 37 121 148 129 93 132 64 50 17 0,46
PFG_MOEA,362,1,261.55,2016.67,0 56 111 169 124 88 155 10 162 31 30 120 118 35 190 168 158 172 90 127 69 87 53 183 41 119 142 22 23 67 61 137 11 151 0,56 124
PFG_MOEA,362,2,261.55,2016.67,0 144 115 184 89 156 157 104 186 176 38 7 195 58 34 29 131 185 27 44 128 80 71 14 146 32 167 42 100 81 189 112 52 105 6 196 0,185
PFG_MOEA,362,3,261.55,2016.67,0 199 94 109 1 12 136 149 3 84 86 47 153 77 147 75 24 45 152 20 57 28 141 79 138 98 173 125 135 66 85 97 2 159 102 0,199
PFG_MOEA,362,4,261.55,2016.67,0 180 9 49 36 5 70 72 54 164 21 96 197 43 76 116 106 92 126 174 194 200 150 39 18 187 165 140 110 191 48 182 95 0,
PFG_MOEA,362,5,261.55,2016.67,0 16 139 198 117 63 181 171 192 40 74 91 133 154 103 188 101 68 15 123 175 25 129 148 93 4 13 163 193 78 60 0,63 188
PFG_MOEA,362,6,261.55,2016.67,0 46 122 51 107 134 19 8 55 62 177 65 130 161 170 143 145 82 33 178 160 83 99 59 108 166 73 26 114 179 113 37 121 132 64 50 17 0,46
PFG_MOEA,363,1,372.87,1829.64,0 199 47 86 84 3 149 136 12 1 109 94 153 77 147 24 75 45 152 20 57 28 42 100 173 98 138 141 79 167 32 146 14 71 80 128 44 27 185 131 29 34 58 195 7 38 176 186 104 157 156 89 81 135 125 189 112 52 159 0,
PFG_MOEA,363,2,372.87,1829.64,0 2 97 85 66 102 36 5 0,
PFG_MOEA,363,3,372.87,1829.64,0 180 9 49 95 182 48 191 110 140 165 187 18 39 54 72 70 164 150 200 21 96 197 43 194 174 76 116 106 92 126 133 91 74 154 103 188 171 181 192 40 63 117 101 68 15 123 175 122 139 198 16 0,40
PFG_MOEA,363,4,372.87,1829.64,0 60 78 193 13 64 50 17 132 4 8 55 62 177 65 130 161 170 143 145 82 33 178 160 83 99 59 108 166 73 26 114 179 113 37 121 148 129 93 25 19 134 107 51 46 0,
PFG_MOEA,363,5,372.87,1829.64,0 163 56 111 151 11 137 88 22 142 119 41 183 53 87 69 127 90 172 158 168 190 35 118 120 31 162 10 23 155 67 61 124 169 0,
PFG_MOEA,363,6,372.87,1829.64,0 144 115 30 184 105 6 196 0,105
PFG_MOEA,364,1,343.52,1869.54,0 184 144 115 120 118 35 190 168 158 172 90 127 69 87 53 183 41 119 30 31 162 142 22 10 23 155 67 61 88 137 11 151 0,
PFG_MOEA,364,2,343.52,1869.54,0 189 81 89 156 157 104 186 176 38 7 195 58 34 29 131 185 27 44 128 80 71 14 146 32 167 42 100 112 0,
PFG_MOEA,364,3,343.52,1869.54,0 94 109 1 12 136 149 3 84 86 47 153 77 147 75 24 45 199 196 6 52 105 152 20 57 28 141 79 138 98 173 125 135 66 85 97 2 159 102 49 9 180 0,173
PFG_MOEA,364,4,343.52,1869.54,0 36 5 0,
PFG_MOEA,364,5,343.52,1869.54,0 17 50 16 139 198 191 117 63 192 181 171 188 103 154 40 74 91 133 194 174 126 92 106 116 76 43 197 96 72 54 70 164 21 200 150 39 18 187 165 48 182 95 0,21 188 198
PFG_MOEA,364,6,343.52,1869.54,0 140 110 101 68 15 123 175 122 46 51 107 134 19 8 55 62 177 65 130 161 170 143 145 82 33 178 160 83 99 59 108 166 73 26 114 179 113 37 121 148 129 93 25 124 169 4 111 56 13 132 163 193 78 64 60 0,46 56 68 179
PFG_MOEA,365,1,336.24,1871.66,0 199 47 86 84 3 149 136 12 1 109 94 153 77 147 24 45 75 0,
PFG_MOEA,365,2,336.24,1871.66,0 95 5 36 102 97 112 85 66 125 135 81 89 156 157 104 186 176 38 7 195 58 34 29 131 185 27 44 128 80 71 14 146 32 167 79 141 138 98 173 100 42 28 57 20 152 189 52 2 159 180 49 9 0,89 185
PFG_MOEA,365,3,336.24,1871.66,0 182 48 191 110 140 165 187 18 39 54 72 70 164 150 200 21 96 197 43 194 174 76 116 106 92 126 133 91 74 154 103 188 171 181 192 40 63 117 101 68 15 123 175 122 139 0,68 91 139
PFG_MOEA,365,4,336.24,1871.66,0 16 198 46 51 107 134 19 25 93 129 148 121 37 113 179 114 26 73 166 108 59 99 83 160 178 33 82 145 143 170 161 130 65 177 62 55 8 4 111 132 163 56 13 193 78 60 64 50 17 151 0,
PFG_MOEA,365,5,336.24,1871.66,0 11 88 137 0,
PFG_MOEA,365,6,336.24,1871.66,0 169 124 61 67 155 23 10 162 22 142 119 41 183 53 87 69 127 90 172 158 168 190 35 118 120 30 31 115 144 184 105 6 196 0,155
PFG_MOEA,366,1,787.39,1705.64,0 196 153 0,
PFG_MOEA,366,2,787.39,1705.64,0 147 24 75 45 152 180 9 49 0,
PFG_MOEA,366,3,787.39,1705.64,0 5 36 102 0,
PFG_MOEA,366,4,787.39,1705.64,0 77 47 86 84 3 149 136 12 184 115 57 20 98 138 141 79 167 32 146 14 71 80 128 44 27 185 131 29 34 58 7 195 38 176 186 104 157 156 89 81 42 100 28 173 125 135 189 105 66 85 112 97 52 2 159 95 182 48 191 110 140 165 187 18 39 70 72 54 164 150 200 21 96 197 43 194 174 76 116 106 92 126 133 91 74 154 103 188 171 181 192 40 63 117 101 68 15 123 175 122 139 198 16 46 51 107 134 19 25 93 129 148 121 37 113 179 114 26 73 166 108 59 99 83 160 178 33 82 145 143 170 161 130 65 177 62 55 8 0,
PFG_MOEA,366,5,787.39,1705.64,0 163 132 4 111 56 13 193 78 60 0,
PFG_MOEA,366,6,787.39,1705.64,0 64 50 17 151 11 137 124 169 88 61 67 155 23 10 162 22 142 119 41 183 53 87 69 127 90 172 158 168 190 35 118 120 30 31 144 1 109 94 199 6 0,10 41 155
PFG_MOEA,367,1,313.2,1915.8,0 60 78 64 50 17 151 11 137 124 0,124
PFG_MOEA,367,2,313.2,1915.8,0 169 88 61 67 155 23 10 162 22 142 119 41 183 53 87 69 127 90 172 158 168 190 35 118 120 30 31 104 186 176 38 7 157 156 144 0,
PFG_MOEA,367,3,313.2,1915.8,0 189 81 100 42 167 32 146 14 71 80 128 44 27 185 131 29 34 58 195 112 0,29
PFG_MOEA,367,4,313.2,1915.8,0 196 6 199 75 45 24 147 77 153 94 109 1 115 184 12 136 149 3 84 86 47 57 20 98 138 141 79 89 28 173 125 135 66 85 97 52 105 152 2 159 102 36 5 49 9 180 0,5
PFG_MOEA,367,5,313.2,1915.8,0 139 122 175 123 15 68 101 117 63 40 192 181 171 188 103 154 74 91 133 126 92 106 116 76 174 194 43 197 96 21 200 150 164 54 72 70 39 18 187 165 140 110 191 48 182 95 198 0,63 91 188
PFG_MOEA,367,6,313.2,1915.8,0 16 46 51 107 134 19 25 93 129 148 121 37 113 179 114 26 73 166 108 59 99 83 160 178 33 82 145 143 170 161 130 65 177 62 55 8 4 111 132 163 56 13 193 0,46 145
PFG_MOEA,368,1,520.32,1777.06,0 50 17 151 11 137 124 169 88 61 67 155 23 10 162 22 142 119 41 183 53 87 69 127 90 172 158 168 190 35 118 120 31 30 115 144 184 0,137
PFG_MOEA,368,2,520.32,1777.06,0 196 6 105 52 112 189 89 156 157 104 186 176 38 7 195 58 34 29 131 185 27 44 128 80 71 14 146 32 167 42 100 81 57 20 152 45 75 24 147 77 0,
PFG_MOEA,368,3,520.32,1777.06,0 199 47 86 84 3 149 136 12 1 109 94 153 135 180 0,1
PFG_MOEA,368,4,520.32,1777.06,0 9 49 159 2 97 85 98 138 79 141 28 173 125 66 102 36 5 95 182 48 0,
PFG_MOEA,368,5,520.32,1777.06,0 16 198 191 110 140 165 187 18 39 70 72 54 164 150 200 21 96 197 43 194 174 76 116 106 92 126 133 91 74 154 103 188 171 181 192 40 63 117 101 68 15 123 175 122 139 46 51 107 134 19 25 93 129 148 121 37 113 179 114 26 73 166 108 59 99 83 160 178 33 82 145 143 170 161 130 65 177 62 55 8 4 111 132 163 56 13 193 78 0,106 111
PFG_MOEA,368,6,520.32,1777.06,0 60 64 0,
PFG_MOEA,369,1,546.46,1762.35,0 50 17 151 11 137 0,
PFG_MOEA,369,2,546.46,1762.35,0 169 124 88 67 61 0,
PFG_MOEA,369,3,546.46,1762.35,0 159 2 52 97 112 85 105 189 100 81 57 20 152 45 75 24 147 77 153 94 1 47 86 84 3 149 136 12 184 144 115 30 31 120 118 35 190 168 158 172 90 127 69 87 53 183 41 119 142 22 162 10 23 155 109 199 6 196 0,1
PFG_MOEA,369,4,546.46,1762.35,0 9 49 5 36 180 135 125 173 28 42 89 156 157 104 186 176 38 195 7 58 34 29 131 185 27 44 128 80 71 14 146 32 167 79 141 138 98 66 102 95 182 48 191 110 140 165 187 18 39 70 72 54 164 150 200 21 96 197 43 194 174 76 116 106 92 126 133 91 74 154 103 188 171 181 192 40 63 117 101 68 15 123 175 122 139 198 16 46 51 107 134 19 0,91
PFG_MOEA,369,5,546.46,1762.35,0 163 132 111 4 8 55 62 177 65 130 161 170 143 145 82 33 178 160 83 99 59 108 166 73 26 114 179 113 37 121 148 129 93 25 56 13 193 78 0,
PFG_MOEA,369,6,546.46,1762.35,0 60 64 0,
PFG_MOEA,370,1,403.49,1779.21,0 196 6 77 0,
PFG_MOEA,370,2,403.49,1779.21,0 199 94 109 1 144 61 124 169 151 11 137 88 67 155 23 10 162 22 142 119 41 183 53 87 69 127 90 172 158 168 190 35 118 120 31 30 115 184 12 136 149 3 84 86 47 153 147 24 75 45 152 105 189 112 52 2 159 102 36 5 49 9 180 0,
PFG_MOEA,370,3,403.49,1779.21,0 97 0,
PFG_MOEA,370,4,403.49,1779.21,0 20 57 81 89 156 157 104 186 176 38 195 7 58 34 29 131 185 27 44 128 80 71 14 146 32 167 42 100 79 141 138 98 28 173 66 85 125 135 0,89 131
PFG_MOEA,370,5,403.49,1779.21,0 16 139 198 95 182 191 48 165 187 18 39 54 72 70 164 150 200 21 96 197 43 194 174 76 116 106 92 126 133 91 74 154 103 188 171 181 192 40 63 117 140 110 101 68 15 123 175 122 46 51 107 134 19 8 55 0,21 198
PFG_MOEA,370,6,403.49,1779.21,0 60 78 193 163 13 62 177 65 130 161 170 143 145 82 33 178 160 83 99 59 108 166 73 26 114 179 113 37 121 148 129 93 25 4 111 56 132 64 50 17 0,56
PFG_MOEA,371,1,547.48,1749.89,0 151 0,
PFG_MOEA,371,2,547.48,1749.89,0 50 17 169 124 137 11 88 61 67 155 23 10 162 22 142 119 41 183 53 87 69 127 90 172 158 168 190 35 118 120 31 30 115 144 184 12 136 149 0,50 87 155
PFG_MOEA,371,3,547.48,1749.89,0 196 6 105 52 112 189 100 81 57 20 152 45 75 24 147 77 153 94 109 1 3 84 86 47 199 0,1
PFG_MOEA,371,4,547.48,1749.89,0 159 2 97 85 66 98 138 141 79 167 32 146 14 71 80 128 44 27 185 131 29 34 58 195 7 38 176 186 104 157 156 89 42 28 173 125 135 102 36 0,89
PFG_MOEA,371,5,547.48,1749.89,0 60 78 193 13 163 64 132 56 111 4 25 93 129 148 121 37 113 179 114 26 73 166 108 59 99 83 160 178 33 82 145 143 170 161 130 65 177 62 55 8 19 134 123 175 122 16 139 198 15 68 101 117 63 40 192 181 171 188 103 154 74 91 133 126 92 106 116 76 174 194 43 197 96 21 200 150 164 70 72 54 39 18 187 165 140 110 191 48 182 95 5 49 9 180 0,5 63 68
PFG_MOEA,371,6,547.48,1749.89,0 51 107 46 0,
PFG_MOEA,372,1,321.43,1884.2,0 196 6 199 77 94 109 1 184 115 30 31 120 118 35 190 168 158 172 90 127 69 87 53 183 41 119 142 22 162 10 23 155 67 88 137 11 151 169 124 61 144 0,
PFG_MOEA,372,2,321.43,1884.2,0 12 136 149 3 84 86 47 153 147 24 75 45 152 105 189 112 97 52 2 159 102 36 5 49 9 180 0,97
PFG_MOEA,372,3,321.43,1884.2,0 20 57 81 0,
PFG_MOEA,372,4,321.43,1884.2,0 135 125 89 156 157 104 186 176 38 195 7 58 34 29 131 185 27 44 128 80 71 14 146 32 167 42 100 79 141 138 98 28 173 66 85 72 54 39 18 187 165 48 191 182 95 198 139 16 0,89 185
PFG_MOEA,372,5,321.43,1884.2,0 70 164 150 200 21 96 197 43 194 174 76 116 106 92 126 133 91 74 154 103 188 171 181 192 40 63 117 140 110 101 68 15 123 175 122 46 51 107 134 19 0,21
PFG_MOEA,372,6,321.43,1884.2,0 60 50 64 78 193 163 13 8 55 62 177 65 130 161 170 143 145 82 33 178 160 83 99 59 108 166 73 26 114 179 113 37 121 148 129 93 25 4 111 56 132 17 0,
PFG_MOEA,373,1,363.45,1848.54,0 56 111 151 11 137 124 169 88 61 67 155 23 10 162 22 142 119 41 183 53 87 69 127 90 172 158 168 190 35 118 120 31 30 115 144 184 0,137
PFG_MOEA,373,2,363.45,1848.54,0 196 6 105 52 112 189 89 156 157 104 186 176 38 7 195 58 34 29 131 185 27 44 128 80 71 14 146 32 167 42 100 81 57 20 152 45 75 24 147 77 153 94 109 1 12 136 149 3 84 86 47 199 0,185
PFG_MOEA,373,3,363.45,1848.54,0 135 173 28 141 79 138 98 125 0,
PFG_MOEA,373,4,363.45,1848.54,0 159 2 97 85 66 102 36 5 49 0,
PFG_MOEA,373,5,363.45,1848.54,0 180 9 95 182 48 191 110 140 165 187 18 39 54 72 70 164 150 200 21 96 197 43 194 174 76 116 106 92 126 133 91 74 154 103 188 171 181 192 40 63 117 101 68 15 123 175 122 139 198 16 25 4 13 163 193 78 60 0,40 188
PFG_MOEA,373,6,363.45,1848.54,0 46 51 107 134 19 8 55 62 177 65 130 161 170 143 145 82 33 178 160 83 99 59 108 166 73 26 114 179 113 37 121 148 129 93 132 64 50 17 0,46
PFG_MOEA,374,1,261.55,2016.67,0 56 111 169 124 88 155 10 162 31 30 120 118 35 190 168 158 172 90 127 69 87 53 183 41 119 142 22 23 67 61 137 11 151 0,56 124
PFG_MOEA,374,2,261.55,2016.67,0 144 115 184 89 156 157 104 186 176 38 7 195 58 34 29 131 185 27 44 128 80 71 14 146 32 167 42 100 81 189 112 52 105 6 196 0,185
PFG_MOEA,374,3,261.55,2016.67,0 199 94 109 1 12 136 149 3 84 86 47 153 77 147 75 24 45 152 20 57 28 141 79 138 98 173 125 135 66 85 97 2 159 102 0,199
PFG_MOEA,374,4,261.55,2016.67,0 180 9 49 36 5 70 72 54 164 21 96 197 43 76 116 106 92 126 174 194 200 150 39 18 187 165 140 110 191 48 182 95 0,
PFG_MOEA,374,5,261.55,2016.67,0 16 139 198 117 63 181 171 192 40 74 91 133 154 103 188 101 68 15 123 175 25 129 148 93 4 13 163 193 78 60 0,63 188
PFG_MOEA,374,6,261.55,2016.67,0 46 122 51 107 134 19 8 55 62 177 65 130 161 170 143 145 82 33 178 160 83 99 59 108 166 73 26 114 179 113 37 121 132 64 50 17 0,46
PFG_MOEA,375,1,372.87,1829.64,0 199 47 86 84 3 149 136 12 1 109 94 153 77 147 24 75 45 152 20 57 28 42 100 173 98 138 141 79 167 32 146 14 71 80 128 44 27 185 131 29 34 58 195 7 38 176 186 104 157 156 89 81 135 125 189 112 52 159 0,
PFG_MOEA,375,2,372.87,1829.64,0 2 97 85 66 102 36 5 0,
PFG_MOEA,375,3,372.87,1829.64,0 180 9 49 95 182 48 191 110 140 165 187 18 39 54 72 70 164 150 200 21 96 197 43 194 174 76 116 106 92 126 133 91 74 154 103 188 171 181 192 40 63 117 101 68 15 123 175 122 139 198 16 0,40
PFG_MOEA,375,4,372.87,1829.64,0 60 78 193 13 64 50 17 132 4 8 55 62 177 65 130 161 170 143 145 82 33 178 160 83 99 59 108 166 73 26 114 179 113 37 121 148 129 93 25 19 134 107 51 46 0,
PFG_MOEA,375,5,372.87,1829.64,0 163 56 111 151 11 137 88 22 142 119 41 183 53 87 69 127 90 172 158 168 190 35 118 120 31 162 10 23 155 67 61 124 169 0,
PFG_MOEA,375,6,372.87,1829.64,0 144 115 30 184 105 6 196 0,105
PFG_MOEA,376,1,343.52,1869.54,0 184 144 115 120 118 35 190 168 158 172 90 127 69 87 53 183 41 119 30 31 162 142 22 10 23 155 67 61 88 137 11 151 0,
PFG_MOEA,376,2,343.52,1869.54,0 189 81 89 156 157 104 186 176 38 7 195 58 34 29 131 185 27 44 128 80 71 14 146 32 167 42 100 112 0,
PFG_MOEA,376,3,343.52,1869.54,0 94 109 1 12 136 149 3 84 86 47 153 77 147 75 24 45 199 196 6 52 105 152 20 57 28 141 79 138 98 173 125 135 66 85 97 2 159 102 49 9 180 0,173
PFG_MOEA,376,4,343.52,1869.54,0 36 5 0,
PFG_MOEA,376,5,343.52,1869.54,0 17 50 16 139 198 191 117 63 192 181 171 188 103 154 40 74 91 133 194 174 126 92 106 116 76 43 197 96 72 54 70 164 21 200 150 39 18 187 165 48 182 95 0,21 188 198
PFG_MOEA,376,6,343.52,1869.54,0 140 110 101 68 15 123 175 122 46 51 107 134 19 8 55 62 177 65 130 161 170 143 145 82 33 178 160 83 99 59 108 166 73 26 114 179 113 37 121 148 129 93 25 124 169 4 111 56 13 132 163 193 78 64 60 0,46 56 68 179
PFG_MOEA,377,1,336.24,1871.66,0 199 47 86 84 3 149 136 12 1 109 94 153 77 147 24 45 75 0,
PFG_MOEA,377,2,336.24,1871.66,0 95 5 36 102 97 112 85 66 125 135 81 89 156 157 104 186 176 38 7 195 58 34 29 131 185 27 44 128 80 71 14 146 32 167 79 141 138 98 173 100 42 28 57 20 152 189 52 2 159 180 49 9 0,89 185
PFG_MOEA,377,3,336.24,1871.66,0 182 48 191 110 140 165 187 18 39 54 72 70 164 150 200 21 96 197 43 194 174 76 116 106 92 126 133 91 74 154 103 188 171 181 192 40 63 117 101 68 15 123 175 122 139 0,68 91 139
PFG_MOEA,377,4,336.24,1871.66,0 16 198 46 51 107 134 19 25 93 129 148 121 37 113 179 114 26 73 166 108 59 99 83 160 178 33 82 145 143 170 161 130 65 177 62 55 8 4 111 132 163 56 13 193 78 60 64 50 17 151 0,
PFG_MOEA,377,5,336.24,1871.66,0 11 88 137 0,
PFG_MOEA,377,6,336.24,1871.66,0 169 124 61 67 155 23 10 162 22 142 119 41 183 53 87 69 127 90 172 158 168 190 35 118 120 30 31 115 144 184 105 6 196 0,155
PFG_MOEA,378,1,787.39,1705.64,0 196 153 0,
PFG_MOEA,378,2,787.39,1705.64,0 147 24 75 45 152 180 9 49 0,
PFG_MOEA,378,3,787.39,1705.64,0 5 36 102 0,
PFG_MOEA,378,4,787.39,1705.64,0 77 47 86 84 3 149 136 12 184 115 57 20 98 138 141 79 167 32 146 14 71 80 128 44 27 185 131 29 34 58 7 195 38 176 186 104 157 156 89 81 42 100 28 173 125 135 189 105 66 85 112 97 52 2 159 95 182 48 191 110 140 165 187 18 39 70 72 54 164 150 200 21 96 197 43 194 174 76 116 106 92 126 133 91 74 154 103 188 171 181 192 40 63 117 101 68 15 123 175 122 139 198 16 46 51 107 134 19 25 93 129 148 121 37 113 179 114 26 73 166 108 59 99 83 160 178 33 82 145 143 170 161 130 65 177 62 55 8 0,
PFG_MOEA,378,5,787.39,1705.64,0 163 132 4 111 56 13 193 78 60 0,
PFG_MOEA,378,6,787.39,1705.64,0 64 50 17 151 11 137 124 169 88 61 67 155 23 10 162 22 142 119 41 183 53 87 69 127 90 172 158 168 190 35 118 120 30 31 144 1 109 94 199 6 0,10 41 155
PFG_MOEA,379,1,313.2,1915.8,0 60 78 64 50 17 151 11 137 124 0,124
PFG_MOEA,379,2,313.2,1915.8,0 169 88 61 67 155 23 10 162 22 142 119 41 183 53 87 69 127 90 172 158 168 190 35 118 120 30 31 104 186 176 38 7 157 156 144 0,
PFG_MOEA,379,3,313.2,1915.8,0 189 81 100 42 167 32 146 14 71 80 128 44 27 185 131 29 34 58 195 112 0,29
PFG_MOEA,379,4,313.2,1915.8,0 196 6 199 75 45 24 147 77 153 94 109 1 115 184 12 136 149 3 84 86 47 57 20 98 138 141 79 89 28 173 125 135 66 85 97 52 105 152 2 159 102 36 5 49 9 180 0,5
PFG_MOEA,379,5,313.2,1915.8,0 139 122 175 123 15 68 101 117 63 40 192 181 171 188 103 154 74 91 133 126 92 106 116 76 174 194 43 197 96 21 200 150 164 54 72 70 39 18 187 165 140 110 191 48 182 95 198 0,63 91 188
PFG_MOEA,379,6,313.2,1915.8,0 16 46 51 107 134 19 25 93 129 148 121 37 113 179 114 26 73 166 108 59 99 83 160 178 33 82 145 143 170 161 130 65 177 62 55 8 4 111 132 163 56 13 193 0,46 145
PFG_MOEA,380,1,520.32,1777.06,0 50 17 151 11 137 124 169 88 61 67 155 23 10 162 22 142 119 41 183 53 87 69 127 90 172 158 168 190 35 118 120 31 30 115 144 184 0,137
PFG_MOEA,380,2,520.32,1777.06,0 196 6 105 52 112 189 89 156 157 104 186 176 38 7 195 58 34 29 131 185 27 44 128 80 71 14 146 32 167 42 100 81 57 20 152 45 75 24 147 77 0,
PFG_MOEA,380,3,520.32,1777.06,0 199 47 86 84 3 149 136 12 1 109 94 153 135 180 0,1
PFG_MOEA,380,4,520.32,1777.06,0 9 49 159 2 97 85 98 138 79 141 28 173 125 66 102 36 5 95 182 48 0,
PFG_MOEA,380,5,520.32,1777.06,0 16 198 191 110 140 165 187 18 39 70 72 54 164 150 200 21 96 197 43 194 174 76 116 106 92 126 133 91 74 154 103 188 171 181 192 40 63 117 101 68 15 123 175 122 139 46 51 107 134 19 25 93 129 148 121 37 113 179 114 26 73 166 108 59 99 83 160 178 33 82 145 143 170 161 130 65 177 62 55 8 4 111 132 163 56 13 193 78 0,106 111
PFG_MOEA,380,6,520.32,1777.06,0 60 64 0,
PFG_MOEA,381,1,546.46,1762.35,0 50 17 151 11 137 0,
PFG_MOEA,381,2,546.46,1762.35,0 169 124 88 67 61 0,
PFG_MOEA,381,3,546.46,1762.35,0 159 2 52 97 112 85 105 189 100 81 57 20 152 45 75 24 147 77 153 94 1 47 86 84 3 149 136 12 184 144 115 30 31 120 118 35 190 168 158 172 90 127 69 87 53 183 41 119 142 22 162 10 23 155 109 199 6 196 0,1
PFG_MOEA,381,4,546.46,1762.35,0 9 49 5 36 180 135 125 173 28 42 89 156 157 104 186 176 38 195 7 58 34 29 131 185 27 44 128 80 71 14 146 32 167 79 141 138 98 66 102 95 182 48 191 110 140 165 187 18 39 70 72 54 164 150 200 21 96 197 43 194 174 76 116 106 92 126 133 91 74 154 103 188 171 181 192 40 63 117 101 68 15 123 175 122 139 198 16 46 51 107 134 19 0,91
PFG_MOEA,381,5,546.46,1762.35,0 163 132 111 4 8 55 62 177 65 130 161 170 143 145 82 33 178 160 83 99 59 108 166 73 26 114 179 113 37 121 148 129 93 25 56 13 193 78 0,
PFG_MOEA,381,6,546.46,1762.35,0 60 64 0,
PFG_MOEA,382,1,403.49,1779.21,0 196 6 77 0,
PFG_MOEA,382,2,403.49,1779.21,0 199 94 109 1 144 61 124 169 151 11 137 88 67 155 23 10 162 22 142 119 41 183 53 87 69 127 90 172 158 168 190 35 118 120 31 30 115 184 12 136 149 3 84 86 47 153 147 24 75 45 152 105 189 112 52 2 159 102 36 5 49 9 180 0,
PFG_MOEA,382,3,403.49,1779.21,0 97 0,
PFG_MOEA,382,4,403.49,1779.21,0 20 57 81 89 156 157 104 186 176 38 195 7 58 34 29 131 185 27 44 128 80 71 14 146 32 167 42 100 79 141 138 98 28 173 66 85 125 135 0,89 131
PFG_MOEA,382,5,403.49,1779.21,0 16 139 198 95 182 191 48 165 187 18 39 54 72 70 164 150 200 21 96 197 43 194 174 76 116 106 92 126 133 91 74 154 103 188 171 181 192 40 63 117 140 110 101 68 15 123 175 122 46 51 107 134 19 8 55 0,21 198
PFG_MOEA,382,6,403.49,1779.21,0 60 78 193 163 13 62 177 65 130 161 170 143 145 82 33 178 160 83 99 59 108 166 73 26 114 179 113 37 121 148 129 93 25 4 111 56 132 64 50 17 0,56
PFG_MOEA,383,1,547.48,1749.89,0 151 0,
PFG_MOEA,383,2,547.48,1749.89,0 50 17 169 124 137 11 88 61 67 155 23 10 162 22 142 119 41 183 53 87 69 127 90 172 158 168 190 35 118 120 31 30 115 144 184 12 136 149 0,50 87 155
PFG_MOEA,383,3,547.48,1749.89,0 196 6 105 52 112 189 100 81 57 20 152 45 75 24 147 77 153 94 109 1 3 84 86 47 199 0,1
PFG_MOEA,383,4,547.48,1749.89,0 159 2 97 85 66 98 138 141 79 167 32 146 14 71 80 128 44 27 185 131 29 34 58 195 7 38 176 186 104 157 156 89 42 28 173 125 135 102 36 0,89
PFG_MOEA,383,5,547.48,1749.89,0 60 78 193 13 163 64 132 56 111 4 25 93 129 148 121 37 113 179 114 26 73 166 108 59 99 83 160 178 33 82 145 143 170 161 130 65 177 62 55 8 19 134 123 175 122 16 139 198 15 68 101 117 63 40 192 181 171 188 103 154 74 91 133 126 92 106 116 76 174 194 43 197 96 21 200 150 164 70 72 54 39 18 187 165 140 110 191 48 182 95 5 49 9 180 0,5 63 68
PFG_MOEA,383,6,547.48,1749.89,0 51 107 46 0,
PFG_MOEA,384,1,321.43,1884.2,0 196 6 199 77 94 109 1 184 115 30 31 120 118 35 190 168 158 172 90 127 69 87 53 183 41 119 142 22 162 10 23 155 67 88 137 11 151 169 124 61 144 0,
PFG_MOEA,384,2,321.43,1884.2,0 12 136 149 3 84 86 47 153 147 24 75 45 152 105 189 112 97 52 2 159 102 36 5 49 9 180 0,97
PFG_MOEA,384,3,321.43,1884.2,0 20 57 81 0,
PFG_MOEA,384,4,321.43,1884.2,0 135 125 89 156 157 104 186 176 38 195 7 58 34 29 131 185 27 44 128 80 71 14 146 32 167 42 100 79 141 138 98 28 173 66 85 72 54 39 18 187 165 48 191 182 95 198 139 16 0,89 185
PFG_MOEA,384,5,321.43,1884.2,0 70 164 150 200 21 96 197 43 194 174 76 116 106 92 126 133 91 74 154 103 188 171 181 192 40 63 117 140 110 101 68 15 123 175 122 46 51 107 134 19 0,21
PFG_MOEA,384,6,321.43,1884.2,0 60 50 64 78 193 163 13 8 55 62 177 65 130 161 170 143 145 82 33 178 160 83 99 59 108 166 73 26 114 179 113 37 121 148 129 93 25 4 111 56 132 17 0,
PFG_MOEA,385,1,363.45,1848.54,0 56 111 151 11 137 124 169 88 61 67 155 23 10 162 22 142 119 41 183 53 87 69 127 90 172 158 168 190 35 118 120 31 30 115 144 184 0,137
PFG_MOEA,385,2,363.45,1848.54,0 196 6 105 52 112 189 89 156 157 104 186 176 38 7 195 58 34 29 131 185 27 44 128 80 71 14 146 32 167 42 100 81 57 20 152 45 75 24 147 77 153 94 109 1 12 136 149 3 84 86 47 199 0,185
PFG_MOEA,385,3,363.45,1848.54,0 135 173 28 141 79 138 98 125 0,
PFG_MOEA,385,4,363.45,1848.54,0 159 2 97 85 66 102 36 5 49 0,
PFG_MOEA,385,5,363.45,1848.54,0 180 9 95 182 48 191 110 140 165 187 18 39 54 72 70 164 150 200 21 96 197 43 194 174 76 116 106 92 126 133 91 74 154 103 188 171 181 192 40 63 117 101 68 15 123 175 122 139 198 16 25 4 13 163 193 78 60 0,40 188
PFG_MOEA,385,6,363.45,1848.54,0 46 51 107 134 19 8 55 62 177 65 130 161 170 143 145 82 33 178 160 83 99 59 108 166 73 26 114 179 113 37 121 148 129 93 132 64 50 17 0,46
PFG_MOEA,386,1,261.55,2016.67,0 56 111 169 124 88 155 10 162 31 30 120 118 35 190 168 158 172 90 127 69 87 53 183 41 119 142 22 23 67 61 137 11 151 0,56 124
PFG_MOEA,386,2,261.55,2016.67,0 144 115 184 89 156 157 104 186 176 38 7 195 58 34 29 131 185 27 44 128 80 71 14 146 32 167 42 100 81 189 112 52 105 6 196 0,185
PFG_MOEA,386,3,261.55,2016.67,0 199 94 109 1 12 136 149 3 84 86 47 153 77 147 75 24 45 152 20 57 28 141 79 138 98 173 125 135 66 85 97 2 159 102 0,199
PFG_MOEA,386,4,261.55,2016.67,0 180 9 49 36 5 70 72 54 164 21 96 197 43 76 116 106 92 126 174 194 200 150 39 18 187 165 140 110 191 48 182 95 0,
PFG_MOEA,386,5,261.55,2016.67,0 16 139 198 117 63 181 171 192 40 74 91 133 154 103 188 101 68 15 123 175 25 129 148 93 4 13 163 193 78 60 0,63 188
PFG_MOEA,386,6,261.55,2016.67,0 46 122 51 107 134 19 8 55 62 177 65 130 161 170 143 145 82 33 178 160 83 99 59 108 166 73 26 114 179 113 37 121 132 64 50 17 0,46
PFG_MOEA,387,1,372.87,1829.64,0 199 47 86 84 3 149 136 12 1 109 94 153 77 147 24 75 45 152 20 57 28 42 100 173 98 138 141 79 167 32 146 14 71 80 128 44 27 185 131 29 34 58 195 7 38 176 186 104 157 156 89 81 135 125 189 112 52 159 0,
PFG_MOEA,387,2,372.87,1829.64,0 2 97 85 66 102 36 5 0,
PFG_MOEA,387,3,372.87,1829.64,0 180 9 49 95 182 48 191 110 140 165 187 18 39 54 72 70 164 150 200 21 96 197 43 194 174 76 116 106 92 126 133 91 74 154 103 188 171 181 192 40 63 117 101 68 15 123 175 122 139 198 16 0,40
PFG_MOEA,387,4,372.87,1829.64,0 60 78 193 13 64 50 17 132 4 8 55 62 177 65 130 161 170 143 145 82 33 178 160 83 99 59 108 166 73 26 114 179 113 37 121 148 129 93 25 19 134 107 51 46 0,
PFG_MOEA,387,5,372.87,1829.64,0 163 56 111 151 11 137 88 22 142 119 41 183 53 87 69 127 90 172 158 168 190 35 118 120 31 162 10 23 155 67 61 124 169 0,
PFG_MOEA,387,6,372.87,1829.64,0 144 115 30 184 105 6 196 0,105
PFG_MOEA,388,1,343.52,1869.54,0 184 144 115 120 118 35 190 168 158 172 90 127 69 87 53 183 41 119 30 31 162 142 22 10 23 155 67 61 88 137 11 151 0,
PFG_MOEA,388,2,343.52,1869.54,0 189 81 89 156 157 104 186 176 38 7 195 58 34 29 131 185 27 44 128 80 71 14 146 32 167 42 100 112 0,
PFG_MOEA,388,3,343.52,1869.54,0 94 109 1 12 136 149 3 84 86 47 153 77 147 75 24 45 199 196 6 52 105 152 20 57 28 141 79 138 98 173 125 135 66 85 97 2 159 102 49 9 180 0,173
PFG_MOEA,388,4,343.52,1869.54,0 36 5 0,
PFG_MOEA,388,5,343.52,1869.54,0 17 50 16 139 198 191 117 63 192 181 171 188 103 154 40 74 91 133 194 174 126 92 106 116 76 43 197 96 72 54 70 164 21 200 150 39 18 187 165 48 182 95 0,21 188 198
PFG_MOEA,388,6,343.52,1869.54,0 140 110 101 68 15 123 175 122 46 51 107 134 19 8 55 62 177 65 130 161 170 143 145 82 33 178 160 83 99 59 108 166 73 26 114 179 113 37 121 148 129 93 25 124 169 4 111 56 13 132 163 193 78 64 60 0,46 56 68 179
PFG_MOEA,389,1,336.24,1871.66,0 199 47 86 84 3 149 136 12 1 109 94 153 77 147 24 45 75 0,
PFG_MOEA,389,2,336.24,1871.66,0 95 5 36 102 97 112 85 66 125 135 81 89 156 157 104 186 176 38 7 195 58 34 29 131 185 27 44 128 80 71 14 146 32 167 79 141 138 98 173 100 42 28 57 20 152 189 52 2 159 180 49 9 0,89 185
PFG_MOEA,389,3,336.24,1871.66,0 182 48 191 110 140 165 187 18 39 54 72 70 164 150 200 21 96 197 43 194 174 76 116 106 92 126 133 91 74 154 103 188 171 181 192 40 63 117 101 68 15 123 175 122 139 0,68 91 139
PFG_MOEA,389,4,336.24,1871.66,0 16 198 46 51 107 134 19 25 93 129 148 121 37 113 179 114 26 73 166 108 59 99 83 160 178 33 82 145 143 170 161 130 65 177 62 55 8 4 111 132 163 56 13 193 78 60 64 50 17 151 0,
PFG_MOEA,389,5,336.24,1871.66,0 11 88 137 0,
PFG_MOEA,389,6,336.24,1871.66,0 169 124 61 67 155 23 10 162 22 142 119 41 183 53 87 69 127 90 172 158 168 190 35 118 120 30 31 115 144 184 105 6 196 0,155
PFG_MOEA,390,1,787.39,1705.64,0 196 153 0,
PFG_MOEA,390,2,787.39,1705.64,0 147 24 75 45 152 180 9 49 0,
PFG_MOEA,390,3,787.39,1705.64,0 5 36 102 0,
PFG_MOEA,390,4,787.39,1705.64,0 77 47 86 84 3 149 136 12 184 115 57 20 98 138 141 79 167 32 146 14 71 80 128 44 27 185 131 29 34 58 7 195 38 176 186 104 157 156 89 81 42 100 28 173 125 135 189 105 66 85 112 97 52 2 159 95 182 48 191 110 140 165 187 18 39 70 72 54 164 150 200 21 96 197 43 194 174 76 116 106 92 126 133 91 74 154 103 188 171 181 192 40 63 117 101 68 15 123 175 122 139 198 16 46 51 107 134 19 25 93 129 148 121 37 113 179 114 26 73 166 108 59 99 83 160 178 33 82 145 143 170 161 130 65 177 62 55 8 0,
PFG_MOEA,390,5,787.39,1705.64,0 163 132 4 111 56 13 193 78 60 0,
PFG_MOEA,390,6,787.39,1705.64,0 64 50 17 151 11 137 124 169 88 61 67 155 23 10 162 22 142 119 41 183 53 87 69 127 90 172 158 168 190 35 118 120 30 31 144 1 109 94 199 6 0,10 41 155
PFG_MOEA,391,1,313.2,1915.8,0 60 78 64 50 17 151 11 137 124 0,124
PFG_MOEA,391,2,313.2,1915.8,0 169 88 61 67 155 23 10 162 22 142 119 41 183 53 87 69 127 90 172 158 168 190 35 118 120 30 31 104 186 176 38 7 157 156 144 0,
PFG_MOEA,391,3,313.2,1915.8,0 189 81 100 42 167 32 146 14 71 80 128 44 27 185 131 29 34 58 195 112 0,29
PFG_MOEA,391,4,313.2,1915.8,0 196 6 199 75 45 24 147 77 153 94 109 1 115 184 12 136 149 3 84 86 47 57 20 98 138 141 79 89 28 173 125 135 66 85 97 52 105 152 2 159 102 36 5 49 9 180 0,5
PFG_MOEA,391,5,313.2,1915.8,0 139 122 175 123 15 68 101 117 63 40 192 181 171 188 103 154 74 91 133 126 92 106 116 76 174 194 43 197 96 21 200 150 164 54 72 70 39 18 187 165 140 110 191 48 182 95 198 0,63 91 188
PFG_MOEA,391,6,313.2,1915.8,0 16 46 51 107 134 19 25 93 129 148 121 37 113 179 114 26 73 166 108 59 99 83 160 178 33 82 145 143 170 161 130 65 177 62 55 8 4 111 132 163 56 13 193 0,46 145
PFG_MOEA,392,1,520.32,1777.06,0 50 17 151 11 137 124 169 88 61 67 155 23 10 162 22 142 119 41 183 53 87 69 127 90 172 158 168 190 35 118 120 31 30 115 144 184 0,137
PFG_MOEA,392,2,520.32,1777.06,0 196 6 105 52 112 189 89 156 157 104 186 176 38 7 195 58 34 29 131 185 27 44 128 80 71 14 146 32 167 42 100 81 57 20 152 45 75 24 147 77 0,
PFG_MOEA,392,3,520.32,1777.06,0 199 47 86 84 3 149 136 12 1 109 94 153 135 180 0,1
PFG_MOEA,392,4,520.32,1777.06,0 9 49 159 2 97 85 98 138 79 141 28 173 125 66 102 36 5 95 182 48 0,
PFG_MOEA,392,5,520.32,1777.06,0 16 198 191 110 140 165 187 18 39 70 72 54 164 150 200 21 96 197 43 194 174 76 116 106 92 126 133 91 74 154 103 188 171 181 192 40 63 117 101 68 15 123 175 122 139 46 51 107 134 19 25 93 129 148 121 37 113 179 114 26 73 166 108 59 99 83 160 178 33 82 145 143 170 161 130 65 177 62 55 8 4 111 132 163 56 13 193 78 0,106 111
PFG_MOEA,392,6,520.32,1777.06,0 60 64 0,
PFG_MOEA,393,1,546.46,1762.35,0 50 17 151 11 137 0,
PFG_MOEA,393,2,546.46,1762.35,0 169 124 88 67 61 0,
PFG_MOEA,393,3,546.46,1762.35,0 159 2 52 97 112 85 105 189 100 81 57 20 152 45 75 24 147 77 153 94 1 47 86 84 3 149 136 12 184 144 115 30 31 120 118 35 190 168 158 172 90 127 69 87 53 183 41 119 142 22 162 10 23 155 109 199 6 196 0,1
PFG_MOEA,393,4,546.46,1762.35,0 9 49 5 36 180 135 125 173 28 42 89 156 157 104 186 176 38 195 7 58 34 29 131 185 27 44 128 80 71 14 146 32 167 79 141 138 98 66 102 95 182 48 191 110 140 165 187 18 39 70 72 54 164 150 200 21 96 197 43 194 174 76 116 106 92 126 133 91 74 154 103 188 171 181 192 40 63 117 101 68 15 123 175 122 139 198 16 46 51 107 134 19 0,91
PFG_MOEA,393,5,546.46,1762.35,0 163 132 111 4 8 55 62 177 65 130 161 170 143 145 82 33 178 160 83 99 59 108 166 73 26 114 179 113 37 121 148 129 93 25 56 13 193 78 0,
PFG_MOEA,393,6,546.46,1762.35,0 60 64 0,
PFG_MOEA,394,1,403.49,1779.21,0 196 6 77 0,
PFG_MOEA,394,2,403.49,1779.21,0 199 94 109 1 144 61 124 169 151 11 137 88 67 155 23 10 162 22 142 119 41 183 53 87 69 127 90 172 158 168 190 35 118 120 31 30 115 184 12 136 149 3 84 86 47 153 147 24 75 45 152 105 189 112 52 2 159 102 36 5 49 9 180 0,
PFG_MOEA,394,3,403.49,1779.21,0 97 0,
PFG_MOEA,394,4,403.49,1779.21,0 20 57 81 89 156 157 104 186 176 38 195 7 58 34 29 131 185 27 44 128 80 71 14 146 32 167 42 100 79 141 138 98 28 173 66 85 125 135 0,89 131
PFG_MOEA,394,5,403.49,1779.21,0 16 139 198 95 182 191 48 165 187 18 39 54 72 70 164 150 200 21 96 197 43 194 174 76 116 106 92 126 133 91 74 154 103 188 171 181 192 40 63 117 140 110 101 68 15 123 175 122 46 51 107 134 19 8 55 0,21 198
PFG_MOEA,394,6,403.49,1779.21,0 60 78 193 163 13 62 177 65 130 161 170 143 145 82 33 178 160 83 99 59 108 166 73 26 114 179 113 37 121 148 129 93 25 4 111 56 132 64 50 17 0,56
PFG_MOEA,395,1,547.48,1749.89,0 151 0,
PFG_MOEA,395,2,547.48,1749.89,0 50 17 169 124 137 11 88 61 67 155 23 10 162 22 142 119 41 183 53 87 69 127 90 172 158 168 190 35 118 120 31 30 115 144 184 12 136 149 0,50 87 155
PFG_MOEA,395,3,547.48,1749.89,0 196 6 105 52 112 189 100 81 57 20 152 45 75 24 147 77 153 94 109 1 3 84 86 47 199 0,1
PFG_MOEA,395,4,547.48,1749.89,0 159 2 97 85 66 98 138 141 79 167 32 146 14 71 80 128 44 27 185 131 29 34 58 195 7 38 176 186 104 157 156 89 42 28 173 125 135 102 36 0,89
PFG_MOEA,395,5,547.48,1749.89,0 60 78 193 13 163 64 132 56 111 4 25 93 129 148 121 37 113 179 114 26 73 166 108 59 99 83 160 178 33 82 145 143 170 161 130 65 177 62 55 8 19 134 123 175 122 16 139 198 15 68 101 117 63 40 192 181 171 188 103 154 74 91 133 126 92 106 116 76 174 194 43 197 96 21 200 150 164 70 72 54 39 18 187 165 140 110 191 48 182 95 5 49 9 180 0,5 63 68
PFG_MOEA,395,6,547.48,1749.89,0 51 107 46 0,
PFG_MOEA,396,1,321.43,1884.2,0 196 6 199 77 94 109 1 184 115 30 31 120 118 35 190 168 158 172 90 127 69 87 53 183 41 119 142 22 162 10 23 155 67 88 137 11 151 169 124 61 144 0,
PFG_MOEA,396,2,321.43,1884.2,0 12 136 149 3 84 86 47 153 147 24 75 45 152 105 189 112 97 52 2 159 102 36 5 49 9 180 0,97
PFG_MOEA,396,3,321.43,1884.2,0 20 57 81 0,
PFG_MOEA,396,4,321.43,1884.2,0 135 125 89 156 157 104 186 176 38 195 7 58 34 29 131 185 27 44 128 80 71 14 146 32 167 42 100 79 141 138 98 28 173 66 85 72 54 39 18 187 165 48 191 182 95 198 139 16 0,89 185
PFG_MOEA,396,5,321.43,1884.2,0 70 164 150 200 21 96 197 43 194 174 76 116 106 92 126 133 91 74 154 103 188 171 181 192 40 63 117 140 110 101 68 15 123 175 122 46 51 107 134 19 0,21
PFG_MOEA,396,6,321.43,1884.2,0 60 50 64 78 193 163 13 8 55 62 177 65 130 161 170 143 145 82 33 178 160 83 99 59 108 166 73 26 114 179 113 37 121 148 129 93 25 4 111 56 132 17 0,
PFG_MOEA,397,1,363.45,1848.54,0 56 111 151 11 137 124 169 88 61 67 155 23 10 162 22 142 119 41 183 53 87 69 127 90 172 158 168 190 35 118 120 31 30 115 144 184 0,137
PFG_MOEA,397,2,363.45,1848.54,0 196 6 105 52 112 189 89 156 157 104 186 176 38 7 195 58 34 29 131 185 27 44 128 80 71 14 146 32 167 42 100 81 57 20 152 45 75 24 147 77 153 94 109 1 12 136 149 3 84 86 47 199 0,185
PFG_MOEA,397,3,363.45,1848.54,0 135 173 28 141 79 138 98 125 0,
PFG_MOEA,397,4,363.45,1848.54,0 159 2 97 85 66 102 36 5 49 0,
PFG_MOEA,397,5,363.45,1848.54,0 180 9 95 182 48 191 110 140 165 187 18 39 54 72 70 164 150 200 21 96 197 43 194 174 76 116 106 92 126 133 91 74 154 103 188 171 181 192 40 63 117 101 68 15 123 175 122 139 198 16 25 4 13 163 193 78 60 0,40 188
PFG_MOEA,397,6,363.45,1848.54,0 46 51 107 134 19 8 55 62 177 65 130 161 170 143 145 82 33 178 160 83 99 59 108 166 73 26 114 179 113 37 121 148 129 93 132 64 50 17 0,46
PFG_MOEA,398,1,261.55,2016.67,0 56 111 169 124 88 155 10 162 31 30 120 118 35 190 168 158 172 90 127 69 87 53 183 41 119 142 22 23 67 61 137 11 151 0,56 124
PFG_MOEA,398,2,261.55,2016.67,0 144 115 184 89 156 157 104 186 176 38 7 195 58 34 29 131 185 27 44 128 80 71 14 146 32 167 42 100 81 189 112 52 105 6 196 0,185
PFG_MOEA,398,3,261.55,2016.67,0 199 94 109 1 12 136 149 3 84 86 47 153 77 147 75 24 45 152 20 57 28 141 79 138 98 173 125 135 66 85 97 2 159 102 0,199
PFG_MOEA,398,4,261.55,2016.67,0 180 9 49 36 5 70 72 54 164 21 96 197 43 76 116 106 92 126 174 194 200 150 39 18 187 165 140 110 191 48 182 95 0,
PFG_MOEA,398,5,261.55,2016.67,0 16 139 198 117 63 181 171 192 40 74 91 133 154 103 188 101 68 15 123 175 25 129 148 93 4 13 163 193 78 60 0,63 188
PFG_MOEA,398,6,261.55,2016.67,0 46 122 51 107 134 19 8 55 62 177 65 130 161 170 143 145 82 33 178 160 83 99 59 108 166 73 26 114 179 113 37 121 132 64 50 17 0,46
PFG_MOEA,399,1,372.87,1829.64,0 199 47 86 84 3 149 136 12 1 109 94 153 77 147 24 75 45 152 20 57 28 42 100 173 98 138 141 79 167 32 146 14 71 80 128 44 27 185 131 29 34 58 195 7 38 176 186 104 157 156 89 81 135 125 189 112 52 159 0,
PFG_MOEA,399,2,372.87,1829.64,0 2 97 85 66 102 36 5 0,
PFG_MOEA,399,3,372.87,1829.64,0 180 9 49 95 182 48 191 110 140 165 187 18 39 54 72 70 164 150 200 21 96 197 43 194 174 76 116 106 92 126 133 91 74 154 103 188 171 181 192 40 63 117 101 68 15 123 175 122 139 198 16 0,40
PFG_MOEA,399,4,372.87,1829.64,0 60 78 193 13 64 50 17 132 4 8 55 62 177 65 130 161 170 143 145 82 33 178 160 83 99 59 108 166 73 26 114 179 113 37 121 148 129 93 25 19 134 107 51 46 0,
PFG_MOEA,399,5,372.87,1829.64,0 163 56 111 151 11 137 88 22 142 119 41 183 53 87 69 127 90 172 158 168 190 35 118 120 31 162 10 23 155 67 61 124 169 0,
PFG_MOEA,399,6,372.87,1829.64,0 144 115 30 184 105 6 196 0,105
PFG_MOEA,400,1,343.52,1869.54,0 184 144 115 120 118 35 190 168 158 172 90 127 69 87 53 183 41 119 30 31 162 142 22 10 23 155 67 61 88 137 11 151 0,
PFG_MOEA,400,2,343.52,1869.54,0 189 81 89 156 157 104 186 176 38 7 195 58 34 29 131 185 27 44 128 80 71 14 146 32 167 42 100 112 0,
PFG_MOEA,400,3,343.52,1869.54,0 94 109 1 12 136 149 3 84 86 47 153 77 147 75 24 45 199 196 6 52 105 152 20 57 28 141 79 138 98 173 125 135 66 85 97 2 159 102 49 9 180 0,173
PFG_MOEA,400,4,343.52,1869.54,0 36 5 0,
PFG_MOEA,400,5,343.52,1869.54,0 17 50 16 139 198 191 117 63 192 181 171 188 103 154 40 74 91 133 194 174 126 92 106 116 76 43 197 96 72 54 70 164 21 200 150 39 18 187 165 48 182 95 0,21 188 198
PFG_MOEA,400,6,343.52,1869.54,0 140 110 101 68 15 123 175 122 46 51 107 134 19 8 55 62 177 65 130 161 170 143 145 82 33 178 160 83 99 59 108 166 73 26 114 179 113 37 121 148 129 93 25 124 169 4 111 56 13 132 163 193 78 64 60 0,46 56 68 179
PFG_MOEA,401,1,336.24,1871.66,0 199 47 86 84 3 149 136 12 1 109 94 153 77 147 24 45 75 0,
PFG_MOEA,401,2,336.24,1871.66,0 95 5 36 102 97 112 85 66 125 135 81 89 156 157 104 186 176 38 7 195 58 34 29 131 185 27 44 128 80 71 14 146 32 167 79 141 138 98 173 100 42 28 57 20 152 189 52 2 159 180 49 9 0,89 185
PFG_MOEA,401,3,336.24,1871.66,0 182 48 191 110 140 165 187 18 39 54 72 70 164 150 200 21 96 197 43 194 174 76 116 106 92 126 133 91 74 154 103 188 171 181 192 40 63 117 101 68 15 123 175 122 139 0,68 91 139
PFG_MOEA,401,4,336.24,1871.66,0 16 198 46 51 107 134 19 25 93 129 148 121 37 113 179 114 26 73 166 108 59 99 83 160 178 33 82 145 143 170 161 130 65 177 62 55 8 4 111 132 163 56 13 193 78 60 64 50 17 151 0,
PFG_MOEA,401,5,336.24,1871.66,0 11 88 137 0,
PFG_MOEA,401,6,336.24,1871.66,0 169 124 61 67 155 23 10 162 22 142 119 41 183 53 87 69 127 90 172 158 168 190 35 118 120 30 31 115 144 184 105 6 196 0,155
PFG_MOEA,402,1,787.39,1705.64,0 196 153 0,
PFG_MOEA,402,2,787.39,1705.64,0 147 24 75 45 152 180 9 49 0,
PFG_MOEA,402,3,787.39,1705.64,0 5 36 102 0,
PFG_MOEA,402,4,787.39,1705.64,0 77 47 86 84 3 149 136 12 184 115 57 20 98 138 141 79 167 32 146 14 71 80 128 44 27 185 131 29 34 58 7 195 38 176 186 104 157 156 89 81 42 100 28 173 125 135 189 105 66 85 112 97 52 2 159 95 182 48 191 110 140 165 187 18 39 70 72 54 164 150 200 21 96 197 43 194 174 76 116 106 92 126 133 91 74 154 103 188 171 181 192 40 63 117 101 68 15 123 175 122 139 198 16 46 51 107 134 19 25 93 129 148 121 37 113 179 114 26 73 166 108 59 99 83 160 178 33 82 145 143 170 161 130 65 177 62 55 8 0,
PFG_MOEA,402,5,787.39,1705.64,0 163 132 4 111 56 13 193 78 60 0,
PFG_MOEA,402,6,787.39,1705.64,0 64 50 17 151 11 137 124 169 88 61 67 155 23 10 162 22 142 119 41 183 53 87 69 127 90 172 158 168 190 35 118 120 30 31 144 1 109 94 199 6 0,10 41 155
PFG_MOEA,403,1,313.2,1915.8,0 60 78 64 50 17 151 11 137 124 0,124
PFG_MOEA,403,2,313.2,1915.8,0 169 88 61 67 155 23 10 162 22 142 119 41 183 53 87 69 127 90 172 158 168 190 35 118 120 30 31 104 186 176 38 7 157 156 144 0,
PFG_MOEA,403,3,313.2,1915.8,0 189 81 100 42 167 32 146 14 71 80 128 44 27 185 131 29 34 58 195 112 0,29
PFG_MOEA,403,4,313.2,1915.8,0 196 6 199 75 45 24 147 77 153 94 109 1 115 184 12 136 149 3 84 86 47 57 20 98 138 141 79 89 28 173 125 135 66 85 97 52 105 152 2 159 102 36 5 49 9 180 0,5
PFG_MOEA,403,5,313.2,1915.8,0 139 122 175 123 15 68 101 117 63 40 192 181 171 188 103 154 74 91 133 126 92 106 116 76 174 194 43 197 96 21 200 150 164 54 72 70 39 18 187 165 140 110 191 48 182 95 198 0,63 91 188
PFG_MOEA,403,6,313.2,1915.8,0 16 46 51 107 134 19 25 93 129 148 121 37 113 179 114 26 73 166 108 59 99 83 160 178 33 82 145 143 170 161 130 65 177 62 55 8 4 111 132 163 56 13 193 0,46 145
PFG_MOEA,404,1,520.32,1777.06,0 50 17 151 11 137 124 169 88 61 67 155 23 10 162 22 142 119 41 183 53 87 69 127 90 172 158 168 190 35 118 120 31 30 115 144 184 0,137
PFG_MOEA,404,2,520.32,1777.06,0 196 6 105 52 112 189 89 156 157 104 186 176 38 7 195 58 34 29 131 185 27 44 128 80 71 14 146 32 167 42 100 81 57 20 152 45 75 24 147 77 0,
PFG_MOEA,404,3,520.32,1777.06,0 199 47 86 84 3 149 136 12 1 109 94 153 135 180 0,1
PFG_MOEA,404,4,520.32,1777.06,0 9 49 159 2 97 85 98 138 79 141 28 173 125 66 102 36 5 95 182 48 0,
PFG_MOEA,404,5,520.32,1777.06,0 16 198 191 110 140 165 187 18 39 70 72 54 164 150 200 21 96 197 43 194 174 76 116 106 92 126 133 91 74 154 103 188 171 181 192 40 63 117 101 68 15 123 175 122 139 46 51 107 134 19 25 93 129 148 121 37 113 179 114 26 73 166 108 59 99 83 160 178 33 82 145 143 170 161 130 65 177 62 55 8 4 111 132 163 56 13 193 78 0,106 111
PFG_MOEA,404,6,520.32,1777.06,0 60 64 0,
PFG_MOEA,405,1,546.46,1762.35,0 50 17 151 11 137 0,
PFG_MOEA,405,2,546.46,1762.35,0 169 124 88 67 61 0,
PFG_MOEA,405,3,546.46,1762.35,0 159 2 52 97 112 85 105 189 100 81 57 20 152 45 75 24 147 77 153 94 1 47 86 84 3 149 136 12 184 144 115 30 31 120 118 35 190 168 158 172 90 127 69 87 53 183 41 119 142 22 162 10 23 155 109 199 6 196 0,1
PFG_MOEA,405,4,546.46,1762.35,0 9 49 5 36 180 135 125 173 28 42 89 156 157 104 186 176 38 195 7 58 34 29 131 185 27 44 128 80 71 14 146 32 167 79 141 138 98 66 102 95 182 48 191 110 140 165 187 18 39 70 72 54 164 150 200 21 96 197 43 194 174 76 116 106 92 126 133 91 74 154 103 188 171 181 192 40 63 117 101 68 15 123 175 122 139 198 16 46 51 107 134 19 0,91
PFG_MOEA,405,5,546.46,1762.35,0 163 132 111 4 8 55 62 177 65 130 161 170 143 145 82 33 178 160 83 99 59 108 166 73 26 114 179 113 37 121 148 129 93 25 56 13 193 78 0,
PFG_MOEA,405,6,546.46,1762.35,0 60 64 0,
PFG_MOEA,406,1,403.49,1779.21,0 196 6 77 0,
PFG_MOEA,406,2,403.49,1779.21,0 199 94 109 1 144 61 124 169 151 11 137 88 67 155 23 10 162 22 142 119 41 183 53 87 69 127 90 172 158 168 190 35 118 120 31 30 115 184 12 136 149 3 84 86 47 153 147 24 75 45 152 105 189 112 52 2 159 102 36 5 49 9 180 0,
PFG_MOEA,406,3,403.49,1779.21,0 97 0,
PFG_MOEA,406,4,403.49,1779.21,0 20 57 81 89 156 157 104 186 176 38 195 7 58 34 29 131 185 27 44 128 80 71 14 146 32 167 42 100 79 141 138 98 28 173 66 85 125 135 0,89 131
PFG_MOEA,406,5,403.49,1779.21,0 16 139 198 95 182 191 48 165 187 18 39 54 72 70 164 150 200 21 96 197 43 194 174 76 116 106 92 126 133 91 74 154 103 188 171 181 192 40 63 117 140 110 101 68 15 123 175 122 46 51 107 134 19 8 55 0,21 198
PFG_MOEA,406,6,403.49,1779.21,0 60 78 193 163 13 62 177 65 130 161 170 143 145 82 33 178 160 83 99 59 108 166 73 26 114 179 113 37 121 148 129 93 25 4 111 56 132 64 50 17 0,56
PFG_MOEA,407,1,547.48,1749.89,0 151 0,
PFG_MOEA,407,2,547.48,1749.89,0 50 17 169 124 137 11 88 61 67 155 23 10 162 22 142 119 41 183 53 87 69 127 90 172 158 168 190 35 118 120 31 30 115 144 184 12 136 149 0,50 87 155
PFG_MOEA,407,3,547.48,1749.89,0 196 6 105 52 112 189 100 81 57 20 152 45 75 24 147 77 153 94 109 1 3 84 86 47 199 0,1
PFG_MOEA,407,4,547.48,1749.89,0 159 2 97 85 66 98 138 141 79 167 32 146 14 71 80 128 44 27 185 131 29 34 58 195 7 38 176 186 104 157 156 89 42 28 173 125 135 102 36 0,89
PFG_MOEA,407,5,547.48,1749.89,0 60 78 193 13 163 64 132 56 111 4 25 93 129 148 121 37 113 179 114 26 73 166 108 59 99 83 160 178 33 82 145 143 170 161 130 65 177 62 55 8 19 134 123 175 122 16 139 198 15 68 101 117 63 40 192 181 171 188 103 154 74 91 133 126 92 106 116 76 174 194 43 197 96 21 200 150 164 70 72 54 39 18 187 165 140 110 191 48 182 95 5 49 9 180 0,5 63 68
PFG_MOEA,407,6,547.48,1749.89,0 51 107 46 0,
PFG_MOEA,408,1,321.43,1884.2,0 196 6 199 77 94 109 1 184 115 30 31 120 118 35 190 168 158 172 90 127 69 87 53 183 41 119 142 22 162 10 23 155 67 88 137 11 151 169 124 61 144 0,
PFG_MOEA,408,2,321.43,1884.2,0 12 136 149 3 84 86 47 153 147 24 75 45 152 105 189 112 97 52 2 159 102 36 5 49 9 180 0,97
PFG_MOEA,408,3,321.43,1884.2,0 20 57 81 0,
PFG_MOEA,408,4,321.43,1884.2,0 135 125 89 156 157 104 186 176 38 195 7 58 34 29 131 185 27 44 128 80 71 14 146 32 167 42 100 79 141 138 98 28 173 66 85 72 54 39 18 187 165 48 191 182 95 198 139 16 0,89 185
PFG_MOEA,408,5,321.43,1884.2,0 70 164 150 200 21 96 197 43 194 174 76 116 106 92 126 133 91 74 154 103 188 171 181 192 40 63 117 140 110 101 68 15 123 175 122 46 51 107 134 19 0,21
PFG_MOEA,408,6,321.43,1884.2,0 60 50 64 78 193 163 13 8 55 62 177 65 130 161 170 143 145 82 33 178 160 83 99 59 108 166 73 26 114 179 113 37 121 148 129 93 25 4 111 56 132 17 0,
PFG_MOEA,409,1,363.45,1848.54,0 56 111 151 11 137 124 169 88 61 67 155 23 10 162 22 142 119 41 183 53 87 69 127 90 172 158 168 190 35 118 120 31 30 115 144 184 0,137
PFG_MOEA,409,2,363.45,1848.54,0 196 6 105 52 112 189 89 156 157 104 186 176 38 7 195 58 34 29 131 185 27 44 128 80 71 14 146 32 167 42 100 81 57 20 152 45 75 24 147 77 153 94 109 1 12 136 149 3 84 86 47 199 0,185
PFG_MOEA,409,3,363.45,1848.54,0 135 173 28 141 79 138 98 125 0,
PFG_MOEA,409,4,363.45,1848.54,0 159 2 97 85 66 102 36 5 49 0,
PFG_MOEA,409,5,363.45,1848.54,0 180 9 95 182 48 191 110 140 165 187 18 39 54 72 70 164 150 200 21 96 197 43 194 174 76 116 106 92 126 133 91 74 154 103 188 171 181 192 40 63 117 101 68 15 123 175 122 139 198 16 25 4 13 163 193 78 60 0,40 188
PFG_MOEA,409,6,363.45,1848.54,0 46 51 107 134 19 8 55 62 177 65 130 161 170 143 145 82 33 178 160 83 99 59 108 166 73 26 114 179 113 37 121 148 129 93 132 64 50 17 0,46
PFG_MOEA,410,1,261.55,2016.67,0 56 111 169 124 88 155 10 162 31 30 120 118 35 190 168 158 172 90 127 69 87 53 183 41 119 142 22 23 67 61 137 11 151 0,56 124
PFG_MOEA,410,2,261.55,2016.67,0 144 115 184 89 156 157 104 186 176 38 7 195 58 34 29 131 185 27 44 128 80 71 14 146 32 167 42 100 81 189 112 52 105 6 196 0,185
PFG_MOEA,410,3,261.55,2016.67,0 199 94 109 1 12 136 149 3 84 86 47 153 77 147 75 24 45 152 20 57 28 141 79 138 98 173 125 135 66 85 97 2 159 102 0,199
PFG_MOEA,410,4,261.55,2016.67,0 180 9 49 36 5 70 72 54 164 21 96 197 43 76 116 106 92 126 174 194 200 150 39 18 187 165 140 110 191 48 182 95 0,
PFG_MOEA,410,5,261.55,2016.67,0 16 139 198 117 63 181 171 192 40 74 91 133 154 103 188 101 68 15 123 175 25 129 148 93 4 13 163 193 78 60 0,63 188
PFG_MOEA,410,6,261.55,2016.67,0 46 122 51 107 134 19 8 55 62 177 65 130 161 170 143 145 82 33 178 160 83 99 59 108 166 73 26 114 179 113 37 121 132 64 50 17 0,46
PFG_MOEA,411,1,372.87,1829.64,0 199 47 86 84 3 149 136 12 1 109 94 153 77 147 24 75 45 152 20 57 28 42 100 173 98 138 141 79 167 32 146 14 71 80 128 44 27 185 131 29 34 58 195 7 38 176 186 104 157 156 89 81 135 125 189 112 52 159 0,
PFG_MOEA,411,2,372.87,1829.64,0 2 97 85 66 102 36 5 0,
PFG_MOEA,411,3,372.87,1829.64,0 180 9 49 95 182 48 191 110 140 165 187 18 39 54 72 70 164 150 200 21 96 197 43 194 174 76 116 106 92 126 133 91 74 154 103 188 171 181 192 40 63 117 101 68 15 123 175 122 139 198 16 0,40
PFG_MOEA,411,4,372.87,1829.64,0 60 78 193 13 64 50 17 132 4 8 55 62 177 65 130 161 170 143 145 82 33 178 160 83 99 59 108 166 73 26 114 179 113 37 121 148 129 93 25 19 134 107 51 46 0,
PFG_MOEA,411,5,372.87,1829.64,0 163 56 111 151 11 137 88 22 142 119 41 183 53 87 69 127 90 172 158 168 190 35 118 120 31 162 10 23 155 67 61 124 169 0,
PFG_MOEA,411,6,372.87,1829.64,0 144 115 30 184 105 6 196 0,105
PFG_MOEA,412,1,343.52,1869.54,0 184 144 115 120 118 35 190 168 158 172 90 127 69 87 53 183 41 119 30 31 162 142 22 10 23 155 67 61 88 137 11 151 0,
PFG_MOEA,412,2,343.52,1869.54,0 189 81 89 156 157 104 186 176 38 7 195 58 34 29 131 185 27 44 128 80 71 14 146 32 167 42 100 112 0,
PFG_MOEA,412,3,343.52,1869.54,0 94 109 1 12 136 149 3 84 86 47 153 77 147 75 24 45 199 196 6 52 105 152 20 57 28 141 79 138 98 173 125 135 66 85 97 2 159 102 49 9 180 0,173
PFG_MOEA,412,4,343.52,1869.54,0 36 5 0,
PFG_MOEA,412,5,343.52,1869.54,0 17 50 16 139 198 191 117 63 192 181 171 188 103 154 40 74 91 133 194 174 126 92 106 116 76 43 197 96 72 54 70 164 21 200 150 39 18 187 165 48 182 95 0,21 188 198
PFG_MOEA,412,6,343.52,1869.54,0 140 110 101 68 15 123 175 122 46 51 107 134 19 8 55 62 177 65 130 161 170 143 145 82 33 178 160 83 99 59 108 166 73 26 114 179 113 37 121 148 129 93 25 124 169 4 111 56 13 132 163 193 78 64 60 0,46 56 68 179
PFG_MOEA,413,1,336.24,1871.66,0 199 47 86 84 3 149 136 12 1 109 94 153 77 147 24 45 75 0,
PFG_MOEA,413,2,336.24,1871.66,0 95 5 36 102 97 112 85 66 125 135 81 89 156 157 104 186 176 38 7 195 58 34 29 131 185 27 44 128 80 71 14 146 32 167 79 141 138 98 173 100 42 28 57 20 152 189 52 2 159 180 49 9 0,89 185
PFG_MOEA,413,3,336.24,1871.66,0 182 48 191 110 140 165 187 18 39 54 72 70 164 150 200 21 96 197 43 194 174 76 116 106 92 126 133 91 74 154 103 188 171 181 192 40 63 117 101 68 15 123 175 122 139 0,68 91 139
PFG_MOEA,413,4,336.24,1871.66,0 16 198 46 51 107 134 19 25 93 129 148 121 37 113 179 114 26 73 166 108 59 99 83 160 178 33 82 145 143 170 161 130 65 177 62 55 8 4 111 132 163 56 13 193 78 60 64 50 17 151 0,
PFG_MOEA,413,5,336.24,1871.66,0 11 88 137 0,
PFG_MOEA,413,6,336.24,1871.66,0 169 124 61 67 155 23 10 162 22 142 119 41 183 53 87 69 127 90 172 158 168 190 35 118 120 30 31 115 144 184 105 6 196 0,155
PFG_MOEA,414,1,787.39,1705.64,0 196 153 0,
PFG_MOEA,414,2,787.39,1705.64,0 147 24 75 45 152 180 9 49 0,
PFG_MOEA,414,3,787.39,1705.64,0 5 36 102 0,
PFG_MOEA,414,4,787.39,1705.64,0 77 47 86 84 3 149 136 12 184 115 57 20 98 138 141 79 167 32 146 14 71 80 128 44 27 185 131 29 34 58 7 195 38 176 186 104 157 156 89 81 42 100 28 173 125 135 189 105 66 85 112 97 52 2 159 95 182 48 191 110 140 165 187 18 39 70 72 54 164 150 200 21 96 197 43 194 174 76 116 106 92 126 133 91 74 154 103 188 171 181 192 40 63 117 101 68 15 123 175 122 139 198 16 46 51 107 134 19 25 93 129 148 121 37 113 179 114 26 73 166 108 59 99 83 160 178 33 82 145 143 170 161 130 65 177 62 55 8 0,
PFG_MOEA,414,5,787.39,1705.64,0 163 132 4 111 56 13 193 78 60 0,
PFG_MOEA,414,6,787.39,1705.64,0 64 50 17 151 11 137 124 169 88 61 67 155 23 10 162 22 142 119 41 183 53 87 69 127 90 172 158 168 190 35 118 120 30 31 144 1 109 94 199 6 0,10 41 155
PFG_MOEA,415,1,313.2,1915.8,0 60 78 64 50 17 151 11 137 124 0,124
PFG_MOEA,415,2,313.2,1915.8,0 169 88 61 67 155 23 10 162 22 142 119 41 183 53 87 69 127 90 172 158 168 190 35 118 120 30 31 104 186 176 38 7 157 156 144 0,
PFG_MOEA,415,3,313.2,1915.8,0 189 81 100 42 167 32 146 14 71 80 128 44 27 185 131 29 34 58 195 112 0,29
PFG_MOEA,415,4,313.2,1915.8,0 196 6 199 75 45 24 147 77 153 94 109 1 115 184 12 136 149 3 84 86 47 57 20 98 138 141 79 89 28 173 125 135 66 85 97 52 105 152 2 159 102 36 5 49 9 180 0,5
PFG_MOEA,415,5,313.2,1915.8,0 139 122 175 123 15 68 101 117 63 40 192 181 171 188 103 154 74 91 133 126 92 106 116 76 174 194 43 197 96 21 200 150 164 54 72 70 39 18 187 165 140 110 191 48 182 95 198 0,63 91 188
PFG_MOEA,415,6,313.2,1915.8,0 16 46 51 107 134 19 25 93 129 148 121 37 113 179 114 26 73 166 108 59 99 83 160 178 33 82 145 143 170 161 130 65 177 62 55 8 4 111 132 163 56 13 193 0,46 145
PFG_MOEA,416,1,520.32,1777.06,0 50 17 151 11 137 124 169 88 61 67 155 23 10 162 22 142 119 41 183 53 87 69 127 90 172 158 168 190 35 118 120 31 30 115 144 184 0,137
PFG_MOEA,416,2,520.32,1777.06,0 196 6 105 52 112 189 89 156 157 104 186 176 38 7 195 58 34 29 131 185 27 44 128 80 71 14 146 32 167 42 100 81 57 20 152 45 75 24 147 77 0,
PFG_MOEA,416,3,520.32,1777.06,0 199 47 86 84 3 149 136 12 1 109 94 153 135 180 0,1
PFG_MOEA,416,4,520.32,1777.06,0 9 49 159 2 97 85 98 138 79 141 28 173 125 66 102 36 5 95 182 48 0,
PFG_MOEA,416,5,520.32,1777.06,0 16 198 191 110 140 165 187 18 39 70 72 54 164 150 200 21 96 197 43 194 174 76 116 106 92 126 133 91 74 154 103 188 171 181 192 40 63 117 101 68 15 123 175 122 139 46 51 107 134 19 25 93 129 148 121 37 113 179 114 26 73 166 108 59 99 83 160 178 33 82 145 143 170 161 130 65 177 62 55 8 4 111 132 163 56 13 193 78 0,106 111
PFG_MOEA,416,6,520.32,1777.06,0 60 64 0,
PFG_MOEA,417,1,546.46,1762.35,0 50 17 151 11 137 0,
PFG_MOEA,417,2,546.46,1762.35,0 169 124 88 67 61 0,
PFG_MOEA,417,3,546.46,1762.35,0 159 2 52 97 112 85 105 189 100 81 57 20 152 45 75 24 147 77 153 94 1 47 86 84 3 149 136 12 184 144 115 30 31 120 118 35 190 168 158 172 90 127 69 87 53 183 41 119 142 22 162 10 23 155 109 199 6 196 0,1
PFG_MOEA,417,4,546.46,1762.35,0 9 49 5 36 180 135 125 173 28 42 89 156 157 104 186 176 38 195 7 58 34 29 131 185 27 44 128 80 71 14 146 32 167 79 141 138 98 66 102 95 182 48 191 110 140 165 187 18 39 70 72 54 164 150 200 21 96 197 43 194 174 76 116 106 92 126 133 91 74 154 103 188 171 181 192 40 63 117 101 68 15 123 175 122 139 198 16 46 51 107 134 19 0,91
PFG_MOEA,417,5,546.46,1762.35,0 163 132 111 4 8 55 62 177 65 130 161 170 143 145 82 33 178 160 83 99 59 108 166 73 26 114 179 113 37 121 148 129 93 25 56 13 193 78 0,
PFG_MOEA,417,6,546.46,1762.35,0 60 64 0,
PFG_MOEA,418,1,403.49,1779.21,0 196 6 77 0,
PFG_MOEA,418,2,403.49,1779.21,0 199 94 109 1 144 61 124 169 151 11 137 88 67 155 23 10 162 22 142 119 41 183 53 87 69 127 90 172 158 168 190 35 118 120 31 30 115 184 12 136 149 3 84 86 47 153 147 24 75 45 152 105 189 112 52 2 159 102 36 5 49 9 180 0,
PFG_MOEA,418,3,403.49,1779.21,0 97 0,
PFG_MOEA,418,4,403.49,1779.21,0 20 57 81 89 156 157 104 186 176 38 195 7 58 34 29 131 185 27 44 128 80 71 14 146 32 167 42 100 79 141 138 98 28 173 66 85 125 135 0,89 131
PFG_MOEA,418,5,403.49,1779.21,0 16 139 198 95 182 191 48 165 187 18 39 54 72 70 164 150 200 21 96 197 43 194 174 76 116 106 92 126 133 91 74 154 103 188 171 181 192 40 63 117 140 110 101 68 15 123 175 122 46 51 107 134 19 8 55 0,21 198
PFG_MOEA,418,6,403.49,1779.21,0 60 78 193 163 13 62 177 65 130 161 170 143 145 82 33 178 160 83 99 59 108 166 73 26 114 179 113 37 121 148 129 93 25 4 111 56 132 64 50 17 0,56
PFG_MOEA,419,1,547.48,1749.89,0 151 0,
PFG_MOEA,419,2,547.48,1749.89,0 50 17 169 124 137 11 88 61 67 155 23 10 162 22 142 119 41 183 53 87 69 127 90 172 158 168 190 35 118 120 31 30 115 144 184 12 136 149 0,50 87 155
PFG_MOEA,419,3,547.48,1749.89,0 196 6 105 52 112 189 100 81 57 20 152 45 75 24 147 77 153 94 109 1 3 84 86 47 199 0,1
PFG_MOEA,419,4,547.48,1749.89,0 159 2 97 85 66 98 138 141 79 167 32 146 14 71 80 128 44 27 185 131 29 34 58 195 7 38 176 186 104 157 156 89 42 28 173 125 135 102 36 0,89
PFG_MOEA,419,5,547.48,1749.89,0 60 78 193 13 163 64 132 56 111 4 25 93 129 148 121 37 113 179 114 26 73 166 108 59 99 83 160 178 33 82 145 143 170 161 130 65 177 62 55 8 19 134 123 175 122 16 139 198 15 68 101 117 63 40 192 181 171 188 103 154 74 91 133 126 92 106 116 76 174 194 43 197 96 21 200 150 164 70 72 54 39 18 187 165 140 110 191 48 182 95 5 49 9 180 0,5 63 68
PFG_MOEA,419,6,547.48,1749.89,0 51 107 46 0,
PFG_MOEA,420,1,321.43,1884.2,0 196 6 199 77 94 109 1 184 115 30 31 120 118 35 190 168 158 172 90 127 69 87 53 183 41 119 142 22 162 10 23 155 67 88 137 11 151 169 124 61 144 0,
PFG_MOEA,420,2,321.43,1884.2,0 12 136 149 3 84 86 47 153 147 24 75 45 152 105 189 112 97 52 2 159 102 36 5 49 9 180 0,97
PFG_MOEA,420,3,321.43,1884.2,0 20 57 81 0,
PFG_MOEA,420,4,321.43,1884.2,0 135 125 89 156 157 104 186 176 38 195 7 58 34 29 131 185 27 44 128 80 71 14 146 32 167 42 100 79 141 138 98 28 173 66 85 72 54 39 18 187 165 48 191 182 95 198 139 16 0,89 185
PFG_MOEA,420,5,321.43,1884.2,0 70 164 150 200 21 96 197 43 194 174 76 116 106 92 126 133 91 74 154 103 188 171 181 192 40 63 117 140 110 101 68 15 123 175 122 46 51 107 134 19 0,21
PFG_MOEA,420,6,321.43,1884.2,0 60 50 64 78 193 163 13 8 55 62 177 65 130 161 170 143 145 82 33 178 160 83 99 59 108 166 73 26 114 179 113 37 121 148 129 93 25 4 111 56 132 17 0,
PFG_MOEA,421,1,363.45,1848.54,0 56 111 151 11 137 124 169 88 61 67 155 23 10 162 22 142 119 41 183 53 87 69 127 90 172 158 168 190 35 118 120 31 30 115 144 184 0,137
PFG_MOEA,421,2,363.45,1848.54,0 196 6 105 52 112 189 89 156 157 104 186 176 38 7 195 58 34 29 131 185 27 44 128 80 71 14 146 32 167 42 100 81 57 20 152 45 75 24 147 77 153 94 109 1 12 136 149 3 84 86 47 199 0,185
PFG_MOEA,421,3,363.45,1848.54,0 135 173 28 141 79 138 98 125 0,
PFG_MOEA,421,4,363.45,1848.54,0 159 2 97 85 66 102 36 5 49 0,
PFG_MOEA,421,5,363.45,1848.54,0 180 9 95 182 48 191 110 140 165 187 18 39 54 72 70 164 150 200 21 96 197 43 194 174 76 116 106 92 126 133 91 74 154 103 188 171 181 192 40 63 117 101 68 15 123 175 122 139 198 16 25 4 13 163 193 78 60 0,40 188
PFG_MOEA,421,6,363.45,1848.54,0 46 51 107 134 19 8 55 62 177 65 130 161 170 143 145 82 33 178 160 83 99 59 108 166 73 26 114 179 113 37 121 148 129 93 132 64 50 17 0,46
PFG_MOEA,422,1,261.55,2016.67,0 56 111 169 124 88 155 10 162 31 30 120 118 35 190 168 158 172 90 127 69 87 53 183 41 119 142 22 23 67 61 137 11 151 0,56 124
PFG_MOEA,422,2,261.55,2016.67,0 144 115 184 89 156 157 104 186 176 38 7 195 58 34 29 131 185 27 44 128 80 71 14 146 32 167 42 100 81 189 112 52 105 6 196 0,185
PFG_MOEA,422,3,261.55,2016.67,0 199 94 109 1 12 136 149 3 84 86 47 153 77 147 75 24 45 152 20 57 28 141 79 138 98 173 125 135 66 85 97 2 159 102 0,199
PFG_MOEA,422,4,261.55,2016.67,0 180 9 49 36 5 70 72 54 164 21 96 197 43 76 116 106 92 126 174 194 200 150 39 18 187 165 140 110 191 48 182 95 0,
PFG_MOEA,422,5,261.55,2016.67,0 16 139 198 117 63 181 171 192 40 74 91 133 154 103 188 101 68 15 123 175 25 129 148 93 4 13 163 193 78 60 0,63 188
PFG_MOEA,422,6,261.55,2016.67,0 46 122 51 107 134 19 8 55 62 177 65 130 161 170 143 145 82 33 178 160 83 99 59 108 166 73 26 114 179 113 37 121 132 64 50 17 0,46
PFG_MOEA,423,1,372.87,1829.64,0 199 47 86 84 3 149 136 12 1 109 94 153 77 147 24 75 45 152 20 57 28 42 100 173 98 138 141 79 167 32 146 14 71 80 128 44 27 185 131 29 34 58 195 7 38 176 186 104 157 156 89 81 135 125 189 112 52 159 0,
PFG_MOEA,423,2,372.87,1829.64,0 2 97 85 66 102 36 5 0,
PFG_MOEA,423,3,372.87,1829.64,0 180 9 49 95 182 48 191 110 140 165 187 18 39 54 72 70 164 150 200 21 96 197 43 194 174 76 116 106 92 126 133 91 74 154 103 188 171 181 192 40 63 117 101 68 15 123 175 122 139 198 16 0,40
PFG_MOEA,423,4,372.87,1829.64,0 60 78 193 13 64 50 17 132 4 8 55 62 177 65 130 161 170 143 145 82 33 178 160 83 99 59 108 166 73 26 114 179 113 37 121 148 129 93 25 19 134 107 51 46 0,
PFG_MOEA,423,5,372.87,1829.64,0 163 56 111 151 11 137 88 22 142 119 41 183 53 87 69 127 90 172 158 168 190 35 118 120 31 162 10 23 155 67 61 124 169 0,
PFG_MOEA,423,6,372.87,1829.64,0 144 115 30 184 105 6 196 0,105
PFG_MOEA,424,1,343.52,1869.54,0 184 144 115 120 118 35 190 168 158 172 90 127 69 87 53 183 41 119 30 31 162 142 22 10 23 155 67 61 88 137 11 151 0,
PFG_MOEA,424,2,343.52,1869.54,0 189 81 89 156 157 104 186 176 38 7 195 58 34 29 131 185 27 44 128 80 71 14 146 32 167 42 100 112 0,
PFG_MOEA,424,3,343.52,1869.54,0 94 109 1 12 136 149 3 84 86 47 153 77 147 75 24 45 199 196 6 52 105 152 20 57 28 141 79 138 98 173 125 135 66 85 97 2 159 102 49 9 180 0,173
PFG_MOEA,424,4,343.52,1869.54,0 36 5 0,
PFG_MOEA,424,5,343.52,1869.54,0 17 50 16 139 198 191 117 63 192 181 171 188 103 154 40 74 91 133 194 174 126 92 106 116 76 43 197 96 72 54 70 164 21 200 150 39 18 187 165 48 182 95 0,21 188 198
PFG_MOEA,424,6,343.52,1869.54,0 140 110 101 68 15 123 175 122 46 51 107 134 19 8 55 62 177 65 130 161 170 143 145 82 33 178 160 83 99 59 108 166 73 26 114 179 113 37 121 148 129 93 25 124 169 4 111 56 13 132 163 193 78 64 60 0,46 56 68 179
PFG_MOEA,425,1,336.24,1871.66,0 199 47 86 84 3 149 136 12 1 109 94 153 77 147 24 45 75 0,
PFG_MOEA,425,2,336.24,1871.66,0 95 5 36 102 97 112 85 66 125 135 81 89 156 157 104 186 176 38 7 195 58 34 29 131 185 27 44 128 80 71 14 146 32 167 79 141 138 98 173 100 42 28 57 20 152 189 52 2 159 180 49 9 0,89 185
PFG_MOEA,425,3,336.24,1871.66,0 182 48 191 110 140 165 187 18 39 54 72 70 164 150 200 21 96 197 43 194 174 76 116 106 92 126 133 91 74 154 103 188 171 181 192 40 63 117 101 68 15 123 175 122 139 0,68 91 139
PFG_MOEA,425,4,336.24,1871.66,0 16 198 46 51 107 134 19 25 93 129 148 121 37 113 179 114 26 73 166 108 59 99 83 160 178 33 82 145 143 170 161 130 65 177 62 55 8 4 111 132 163 56 13 193 78 60 64 50 17 151 0,
PFG_MOEA,425,5,336.24,1871.66,0 11 88 137 0,
PFG_MOEA,425,6,336.24,1871.66,0 169 124 61 67 155 23 10 162 22 142 119 41 183 53 87 69 127 90 172 158 168 190 35 118 120 30 31 115 144 184 105 6 196 0,155
PFG_MOEA,426,1,787.39,1705.64,0 196 153 0,
PFG_MOEA,426,2,787.39,1705.64,0 147 24 75 45 152 180 9 49 0,
PFG_MOEA,426,3,787.39,1705.64,0 5 36 102 0,
PFG_MOEA,426,4,787.39,1705.64,0 77 47 86 84 3 149 136 12 184 115 57 20 98 138 141 79 167 32 146 14 71 80 128 44 27 185 131 29 34 58 7 195 38 176 186 104 157 156 89 81 42 100 28 173 125 135 189 105 66 85 112 97 52 2 159 95 182 48 191 110 140 165 187 18 39 70 72 54 164 150 200 21 96 197 43 194 174 76 116 106 92 126 133 91 74 154 103 188 171 181 192 40 63 117 101 68 15 123 175 122 139 198 16 46 51 107 134 19 25 93 129 148 121 37 113 179 114 26 73 166 108 59 99 83 160 178 33 82 145 143 170 161 130 65 177 62 55 8 0,
PFG_MOEA,426,5,787.39,1705.64,0 163 132 4 111 56 13 193 78 60 0,
PFG_MOEA,426,6,787.39,1705.64,0 64 50 17 151 11 137 124 169 88 61 67 155 23 10 162 22 142 119 41 183 53 87 69 127 90 172 158 168 190 35 118 120 30 31 144 1 109 94 199 6 0,10 41 155
PFG_MOEA,427,1,313.2,1915.8,0 60 78 64 50 17 151 11 137 124 0,124
PFG_MOEA,427,2,313.2,1915.8,0 169 88 61 67 155 23 10 162 22 142 119 41 183 53 87 69 127 90 172 158 168 190 35 118 120 30 31 104 186 176 38 7 157 156 144 0,
PFG_MOEA,427,3,313.2,1915.8,0 189 81 100 42 167 32 146 14 71 80 128 44 27 185 131 29 34 58 195 112 0,29
PFG_MOEA,427,4,313.2,1915.8,0 196 6 199 75 45 24 147 77 153 94 109 1 115 184 12 136 149 3 84 86 47 57 20 98 138 141 79 89 28 173 125 135 66 85 97 52 105 152 2 159 102 36 5 49 9 180 0,5
PFG_MOEA,427,5,313.2,1915.8,0 139 122 175 123 15 68 101 117 63 40 192 181 171 188 103 154 74 91 133 126 92 106 116 76 174 194 43 197 96 21 200 150 164 54 72 70 39 18 187 165 140 110 191 48 182 95 198 0,63 91 188
PFG_MOEA,427,6,313.2,1915.8,0 16 46 51 107 134 19 25 93 129 148 121 37 113 179 114 26 73 166 108 59 99 83 160 178 33 82 145 143 170 161 130 65 177 62 55 8 4 111 132 163 56 13 193 0,46 145
PFG_MOEA,428,1,520.32,1777.06,0 50 17 151 11 137 124 169 88 61 67 155 23 10 162 22 142 119 41 183 53 87 69 127 90 172 158 168 190 35 118 120 31 30 115 144 184 0,137
PFG_MOEA,428,2,520.32,1777.06,0 196 6 105 52 112 189 89 156 157 104 186 176 38 7 195 58 34 29 131 185 27 44 128 80 71 14 146 32 167 42 100 81 57 20 152 45 75 24 147 77 0,
PFG_MOEA,428,3,520.32,1777.06,0 199 47 86 84 3 149 136 12 1 109 94 153 135 180 0,1
PFG_MOEA,428,4,520.32,1777.06,0 9 49 159 2 97 85 98 138 79 141 28 173 125 66 102 36 5 95 182 48 0,
PFG_MOEA,428,5,520.32,1777.06,0 16 198 191 110 140 165 187 18 39 70 72 54 164 150 200 21 96 197 43 194 174 76 116 106 92 126 133 91 74 154 103 188 171 181 192 40 63 117 101 68 15 123 175 122 139 46 51 107 134 19 25 93 129 148 121 37 113 179 114 26 73 166 108 59 99 83 160 178 33 82 145 143 170 161 130 65 177 62 55 8 4 111 132 163 56 13 193 78 0,106 111
PFG_MOEA,428,6,520.32,1777.06,0 60 64 0,
PFG_MOEA,429,1,546.46,1762.35,0 50 17 151 11 137 0,
PFG_MOEA,429,2,546.46,1762.35,0 169 124 88 67 61 0,
PFG_MOEA,429,3,546.46,1762.35,0 159 2 52 97 112 85 105 189 100 81 57 20 152 45 75 24 147 77 153 94 1 47 86 84 3 149 136 12 184 144 115 30 31 120 118 35 190 168 158 172 90 127 69 87 53 183 41 119 142 22 162 10 23 155 109 199 6 196 0,1
PFG_MOEA,429,4,546.46,1762.35,0 9 49 5 36 180 135 125 173 28 42 89 156 157 104 186 176 38 195 7 58 34 29 131 185 27 44 128 80 71 14 146 32 167 79 141 138 98 66 102 95 182 48 191 110 140 165 187 18 39 70 72 54 164 150 200 21 96 197 43 194 174 76 116 106 92 126 133 91 74 154 103 188 171 181 192 40 63 117 101 68 15 123 175 122 139 198 16 46 51 107 134 19 0,91
PFG_MOEA,429,5,546.46,1762.35,0 163 132 111 4 8 55 62 177 65 130 161 170 143 145 82 33 178 160 83 99 59 108 166 73 26 114 179 113 37 121 148 129 93 25 56 13 193 78 0,
PFG_MOEA,429,6,546.46,1762.35,0 60 64 0,
PFG_MOEA,430,1,403.49,1779.21,0 196 6 77 0,
PFG_MOEA,430,2,403.49,1779.21,0 199 94 109 1 144 61 124 169 151 11 137 88 67 155 23 10 162 22 142 119 41 183 53 87 69 127 90 172 158 168 190 35 118 120 31 30 115 184 12 136 149 3 84 86 47 153 147 24 75 45 152 105 189 112 52 2 159 102 36 5 49 9 180 0,
PFG_MOEA,430,3,403.49,1779.21,0 97 0,
PFG_MOEA,430,4,403.49,1779.21,0 20 57 81 89 156 157 104 186 176 38 195 7 58 34 29 131 185 27 44 128 80 71 14 146 32 167 42 100 79 141 138 98 28 173 66 85 125 135 0,89 131
PFG_MOEA,430,5,403.49,1779.21,0 16 139 198 95 182 191 48 165 187 18 39 54 72 70 164 150 200 21 96 197 43 194 174 76 116 106 92 126 133 91 74 154 103 188 171 181 192 40 63 117 140 110 101 68 15 123 175 122 46 51 107 134 19 8 55 0,21 198
PFG_MOEA,430,6,403.49,1779.21,0 60 78 193 163 13 62 177 65 130 161 170 143 145 82 33 178 160 83 99 59 108 166 73 26 114 179 113 37 121 148 129 93 25 4 111 56 132 64 50 17 0,56
PFG_MOEA,431,1,547.48,1749.89,0 151 0,
PFG_MOEA,431,2,547.48,1749.89,0 50 17 169 124 137 11 88 61 67 155 23 10 162 22 142 119 41 183 53 87 69 127 90 172 158 168 190 35 118 120 31 30 115 144 184 12 136 149 0,50 87 155
PFG_MOEA,431,3,547.48,1749.89,0 196 6 105 52 112 189 100 81 57 20 152 45 75 24 147 77 153 94 109 1 3 84 86 47 199 0,1
PFG_MOEA,431,4,547.48,1749.89,0 159 2 97 85 66 98 138 141 79 167 32 146 14 71 80 128 44 27 185 131 29 34 58 195 7 38 176 186 104 157 156 89 42 28 173 125 135 102 36 0,89
PFG_MOEA,431,5,547.48,1749.89,0 60 78 193 13 163 64 132 56 111 4 25 93 129 148 121 37 113 179 114 26 73 166 108 59 99 83 160 178 33 82 145 143 170 161 130 65 177 62 55 8 19 134 123 175 122 16 139 198 15 68 101 117 63 40 192 181 171 188 103 154 74 91 133 126 92 106 116 76 174 194 43 197 96 21 200 150 164 70 72 54 39 18 187 165 140 110 191 48 182 95 5 49 9 180 0,5 63 68
PFG_MOEA,431,6,547.48,1749.89,0 51 107 46 0,
PFG_MOEA,432,1,321.43,1884.2,0 196 6 199 77 94 109 1 184 115 30 31 120 118 35 190 168 158 172 90 127 69 87 53 183 41 119 142 22 162 10 23 155 67 88 137 11 151 169 124 61 144 0,
PFG_MOEA,432,2,321.43,1884.2,0 12 136 149 3 84 86 47 153 147 24 75 45 152 105 189 112 97 52 2 159 102 36 5 49 9 180 0,97
PFG_MOEA,432,3,321.43,1884.2,0 20 57 81 0,
PFG_MOEA,432,4,321.43,1884.2,0 135 125 89 156 157 104 186 176 38 195 7 58 34 29 131 185 27 44 128 80 71 14 146 32 167 42 100 79 141 138 98 28 173 66 85 72 54 39 18 187 165 48 191 182 95 198 139 16 0,89 185
PFG_MOEA,432,5,321.43,1884.2,0 70 164 150 200 21 96 197 43 194 174 76 116 106 92 126 133 91 74 154 103 188 171 181 192 40 63 117 140 110 101 68 15 123 175 122 46 51 107 134 19 0,21
PFG_MOEA,432,6,321.43,1884.2,0 60 50 64 78 193 163 13 8 55 62 177 65 130 161 170 143 145 82 33 178 160 83 99 59 108 166 73 26 114 179 113 37 121 148 129 93 25 4 111 56 132 17 0,
PFG_MOEA,433,1,363.45,1848.54,0 56 111 151 11 137 124 169 88 61 67 155 23 10 162 22 142 119 41 183 53 87 69 127 90 172 158 168 190 35 118 120 31 30 115 144 184 0,137
PFG_MOEA,433,2,363.45,1848.54,0 196 6 105 52 112 189 89 156 157 104 186 176 38 7 195 58 34 29 131 185 27 44 128 80 71 14 146 32 167 42 100 81 57 20 152 45 75 24 147 77 153 94 109 1 12 136 149 3 84 86 47 199 0,185
PFG_MOEA,433,3,363.45,1848.54,0 135 173 28 141 79 138 98 125 0,
PFG_MOEA,433,4,363.45,1848.54,0 159 2 97 85 66 102 36 5 49 0,
PFG_MOEA,433,5,363.45,1848.54,0 180 9 95 182 48 191 110 140 165 187 18 39 54 72 70 164 150 200 21 96 197 43 194 174 76 116 106 92 126 133 91 74 154 103 188 171 181 192 40 63 117 101 68 15 123 175 122 139 198 16 25 4 13 163 193 78 60 0,40 188
PFG_MOEA,433,6,363.45,1848.54,0 46 51 107 134 19 8 55 62 177 65 130 161 170 143 145 82 33 178 160 83 99 59 108 166 73 26 114 179 113 37 121 148 129 93 132 64 50 17 0,46
PFG_MOEA,434,1,261.55,2016.67,0 56 111 169 124 88 155 10 162 31 30 120 118 35 190 168 158 172 90 127 69 87 53 183 41 119 142 22 23 67 61 137 11 151 0,56 124
PFG_MOEA,434,2,261.55,2016.67,0 144 115 184 89 156 157 104 186 176 38 7 195 58 34 29 131 185 27 44 128 80 71 14 146 32 167 42 100 81 189 112 52 105 6 196 0,185
PFG_MOEA,434,3,261.55,2016.67,0 199 94 109 1 12 136 149 3 84 86 47 153 77 147 75 24 45 152 20 57 28 141 79 138 98 173 125 135 66 85 97 2 159 102 0,199
PFG_MOEA,434,4,261.55,2016.67,0 180 9 49 36 5 70 72 54 164 21 96 197 43 76 116 106 92 126 174 194 200 150 39 18 187 165 140 110 191 48 182 95 0,
PFG_MOEA,434,5,261.55,2016.67,0 16 139 198 117 63 181 171 192 40 74 91 133 154 103 188 101 68 15 123 175 25 129 148 93 4 13 163 193 78 60 0,63 188
PFG_MOEA,434,6,261.55,2016.67,0 46 122 51 107 134 19 8 55 62 177 65 130 161 170 143 145 82 33 178 160 83 99 59 108 166 73 26 114 179 113 37 121 132 64 50 17 0,46
PFG_MOEA,435,1,372.87,1829.64,0 199 47 86 84 3 149 136 12 1 109 94 153 77 147 24 75 45 152 20 57 28 42 100 173 98 138 141 79 167 32 146 14 71 80 128 44 27 185 131 29 34 58 195 7 38 176 186 104 157 156 89 81 135 125 189 112 52 159 0,
PFG_MOEA,435,2,372.87,1829.64,0 2 97 85 66 102 36 5 0,
PFG_MOEA,435,3,372.87,1829.64,0 180 9 49 95 182 48 191 110 140 165 187 18 39 54 72 70 164 150 200 21 96 197 43 194 174 76 116 106 92 126 133 91 74 154 103 188 171 181 192 40 63 117 101 68 15 123 175 122 139 198 16 0,40
PFG_MOEA,435,4,372.87,1829.64,0 60 78 193 13 64 50 17 132 4 8 55 62 177 65 130 161 170 143 145 82 33 178 160 83 99 59 108 166 73 26 114 179 113 37 121 148 129 93 25 19 134 107 51 46 0,
PFG_MOEA,435,5,372.87,1829.64,0 163 56 111 151 11 137 88 22 142 119 41 183 53 87 69 127 90 172 158 168 190 35 118 120 31 162 10 23 155 67 61 124 169 0,
PFG_MOEA,435,6,372.87,1829.64,0 144 115 30 184 105 6 196 0,105
PFG_MOEA,436,1,343.52,1869.54,0 184 144 115 120 118 35 190 168 158 172 90 127 69 87 53 183 41 119 30 31 162 142 22 10 23 155 67 61 88 137 11 151 0,
PFG_MOEA,436,2,343.52,1869.54,0 189 81 89 156 157 104 186 176 38 7 195 58 34 29 131 185 27 44 128 80 71 14 146 32 167 42 100 112 0,
PFG_MOEA,436,3,343.52,1869.54,0 94 109 1 12 136 149 3 84 86 47 153 77 147 75 24 45 199 196 6 52 105 152 20 57 28 141 79 138 98 173 125 135 66 85 97 2 159 102 49 9 180 0,173
PFG_MOEA,436,4,343.52,1869.54,0 36 5 0,
PFG_MOEA,436,5,343.52,1869.54,0 17 50 16 139 198 191 117 63 192 181 171 188 103 154 40 74 91 133 194 174 126 92 106 116 76 43 197 96 72 54 70 164 21 200 150 39 18 187 165 48 182 95 0,21 188 198
PFG_MOEA,436,6,343.52,1869.54,0 140 110 101 68 15 123 175 122 46 51 107 134 19 8 55 62 177 65 130 161 170 143 145 82 33 178 160 83 99 59 108 166 73 26 114 179 113 37 121 148 129 93 25 124 169 4 111 56 13 132 163 193 78 64 60 0,46 56 68 179
PFG_MOEA,437,1,336.24,1871.66,0 199 47 86 84 3 149 136 12 1 109 94 153 77 147 24 45 75 0,
PFG_MOEA,437,2,336.24,1871.66,0 95 5 36 102 97 112 85 66 125 135 81 89 156 157 104 186 176 38 7 195 58 34 29 131 185 27 44 128 80 71 14 146 32 167 79 141 138 98 173 100 42 28 57 20 152 189 52 2 159 180 49 9 0,89 185
PFG_MOEA,437,3,336.24,1871.66,0 182 48 191 110 140 165 187 18 39 54 72 70 164 150 200 21 96 197 43 194 174 76 116 106 92 126 133 91 74 154 103 188 171 181 192 40 63 117 101 68 15 123 175 122 139 0,68 91 139
PFG_MOEA,437,4,336.24,1871.66,0 16 198 46 51 107 134 19 25 93 129 148 121 37 113 179 114 26 73 166 108 59 99 83 160 178 33 82 145 143 170 161 130 65 177 62 55 8 4 111 132 163 56 13 193 78 60 64 50 17 151 0,
PFG_MOEA,437,5,336.24,1871.66,0 11 88 137 0,
PFG_MOEA,437,6,336.24,1871.66,0 169 124 61 67 155 23 10 162 22 142 119 41 183 53 87 69 127 90 172 158 168 190 35 118 120 30 31 115 144 184 105 6 196 0,155
PFG_MOEA,438,1,787.39,1705.64,0 196 153 0,
PFG_MOEA,438,2,787.39,1705.64,0 147 24 75 45 152 180 9 49 0,
PFG_MOEA,438,3,787.39,1705.64,0 5 36 102 0,
PFG_MOEA,438,4,787.39,1705.64,0 77 47 86 84 3 149 136 12 184 115 57 20 98 138 141 79 167 32 146 14 71 80 128 44 27 185 131 29 34 58 7 195 38 176 186 104 157 156 89 81 42 100 28 173 125 135 189 105 66 85 112 97 52 2 159 95 182 48 191 110 140 165 187 18 39 70 72 54 164 150 200 21 96 197 43 194 174 76 116 106 92 126 133 91 74 154 103 188 171 181 192 40 63 117 101 68 15 123 175 122 139 198 16 46 51 107 134 19 25 93 129 148 121 37 113 179 114 26 73 166 108 59 99 83 160 178 33 82 145 143 170 161 130 65 177 62 55 8 0,
PFG_MOEA,438,5,787.39,1705.64,0 163 132 4 111 56 13 193 78 60 0,
PFG_MOEA,438,6,787.39,1705.64,0 64 50 17 151 11 137 124 169 88 61 67 155 23 10 162 22 142 119 41 183 53 87 69 127 90 172 158 168 190 35 118 120 30 31 144 1 109 94 199 6 0,10 41 155
PFG_MOEA,439,1,313.2,1915.8,0 60 78 64 50 17 151 11 137 124 0,124
PFG_MOEA,439,2,313.2,1915.8,0 169 88 61 67 155 23 10 162 22 142 119 41 183 53 87 69 127 90 172 158 168 190 35 118 120 30 31 104 186 176 38 7 157 156 144 0,
PFG_MOEA,439,3,313.2,1915.8,0 189 81 100 42 167 32 146 14 71 80 128 44 27 185 131 29 34 58 195 112 0,29
PFG_MOEA,439,4,313.2,1915.8,0 196 6 199 75 45 24 147 77 153 94 109 1 115 184 12 136 149 3 84 86 47 57 20 98 138 141 79 89 28 173 125 135 66 85 97 52 105 152 2 159 102 36 5 49 9 180 0,5
PFG_MOEA,439,5,313.2,1915.8,0 139 122 175 123 15 68 101 117 63 40 192 181 171 188 103 154 74 91 133 126 92 106 116 76 174 194 43 197 96 21 200 150 164 54 72 70 39 18 187 165 140 110 191 48 182 95 198 0,63 91 188
PFG_MOEA,439,6,313.2,1915.8,0 16 46 51 107 134 19 25 93 129 148 121 37 113 179 114 26 73 166 108 59 99 83 160 178 33 82 145 143 170 161 130 65 177 62 55 8 4 111 132 163 56 13 193 0,46 145
PFG_MOEA,440,1,520.32,1777.06,0 50 17 151 11 137 124 169 88 61 67 155 23 10 162 22 142 119 41 183 53 87 69 127 90 172 158 168 190 35 118 120 31 30 115 144 184 0,137
PFG_MOEA,440,2,520.32,1777.06,0 196 6 105 52 112 189 89 156 157 104 186 176 38 7 195 58 34 29 131 185 27 44 128 80 71 14 146 32 167 42 100 81 57 20 152 45 75 24 147 77 0,
PFG_MOEA,440,3,520.32,1777.06,0 199 47 86 84 3 149 136 12 1 109 94 153 135 180 0,1
PFG_MOEA,440,4,520.32,1777.06,0 9 49 159 2 97 85 98 138 79 141 28 173 125 66 102 36 5 95 182 48 0,
PFG_MOEA,440,5,520.32,1777.06,0 16 198 191 110 140 165 187 18 39 70 72 54 164 150 200 21 96 197 43 194 174 76 116 106 92 126 133 91 74 154 103 188 171 181 192 40 63 117 101 68 15 123 175 122 139 46 51 107 134 19 25 93 129 148 121 37 113 179 114 26 73 166 108 59 99 83 160 178 33 82 145 143 170 161 130 65 177 62 55 8 4 111 132 163 56 13 193 78 0,106 111
PFG_MOEA,440,6,520.32,1777.06,0 60 64 0,
PFG_MOEA,441,1,546.46,1762.35,0 50 17 151 11 137 0,
PFG_MOEA,441,2,546.46,1762.35,0 169 124 88 67 61 0,
PFG_MOEA,441,3,546.46,1762.35,0 159 2 52 97 112 85 105 189 100 81 57 20 152 45 75 24 147 77 153 94 1 47 86 84 3 149 136 12 184 144 115 30 31 120 118 35 190 168 158 172 90 127 69 87 53 183 41 119 142 22 162 10 23 155 109 199 6 196 0,1
PFG_MOEA,441,4,546.46,1762.35,0 9 49 5 36 180 135 125 173 28 42 89 156 157 104 186 176 38 195 7 58 34 29 131 185 27 44 128 80 71 14 146 32 167 79 141 138 98 66 102 95 182 48 191 110 140 165 187 18 39 70 72 54 164 150 200 21 96 197 43 194 174 76 116 106 92 126 133 91 74 154 103 188 171 181 192 40 63 117 101 68 15 123 175 122 139 198 16 46 51 107 134 19 0,91
PFG_MOEA,441,5,546.46,1762.35,0 163 132 111 4 8 55 62 177 65 130 161 170 143 145 82 33 178 160 83 99 59 108 166 73 26 114 179 113 37 121 148 129 93 25 56 13 193 78 0,
PFG_MOEA,441,6,546.46,1762.35,0 60 64 0,
PFG_MOEA,442,1,403.49,1779.21,0 196 6 77 0,
PFG_MOEA,442,2,403.49,1779.21,0 199 94 109 1 144 61 124 169 151 11 137 88 67 155 23 10 162 22 142 119 41 183 53 87 69 127 90 172 158 168 190 35 118 120 31 30 115 184 12 136 149 3 84 86 47 153 147 24 75 45 152 105 189 112 52 2 159 102 36 5 49 9 180 0,
PFG_MOEA,442,3,403.49,1779.21,0 97 0,
PFG_MOEA,442,4,403.49,1779.21,0 20 57 81 89 156 157 104 186 176 38 195 7 58 34 29 131 185 27 44 128 80 71 14 146 32 167 42 100 79 141 138 98 28 173 66 85 125 135 0,89 131
PFG_MOEA,442,5,403.49,1779.21,0 16 139 198 95 182 191 48 165 187 18 39 54 72 70 164 150 200 21 96 197 43 194 174 76 116 106 92 126 133 91 74 154 103 188 171 181 192 40 63 117 140 110 101 68 15 123 175 122 46 51 107 134 19 8 55 0,21 198
PFG_MOEA,442,6,403.49,1779.21,0 60 78 193 163 13 62 177 65 130 161 170 143 145 82 33 178 160 83 99 59 108 166 73 26 114 179 113 37 121 148 129 93 25 4 111 56 132 64 50 17 0,56
PFG_MOEA,443,1,547.48,1749.89,0 151 0,
PFG_MOEA,443,2,547.48,1749.89,0 50 17 169 124 137 11 88 61 67 155 23 10 162 22 142 119 41 183 53 87 69 127 90 172 158 168 190 35 118 120 31 30 115 144 184 12 136 149 0,50 87 155
PFG_MOEA,443,3,547.48,1749.89,0 196 6 105 52 112 189 100 81 57 20 152 45 75 24 147 77 153 94 109 1 3 84 86 47 199 0,1
PFG_MOEA,443,4,547.48,1749.89,0 159 2 97 85 66 98 138 141 79 167 32 146 14 71 80 128 44 27 185 131 29 34 58 195 7 38 176 186 104 157 156 89 42 28 173 125 135 102 36 0,89
PFG_MOEA,443,5,547.48,1749.89,0 60 78 193 13 163 64 132 56 111 4 25 93 129 148 121 37 113 179 114 26 73 166 108 59 99 83 160 178 33 82 145 143 170 161 130 65 177 62 55 8 19 134 123 175 122 16 139 198 15 68 101 117 63 40 192 181 171 188 103 154 74 91 133 126 92 106 116 76 174 194 43 197 96 21 200 150 164 70 72 54 39 18 187 165 140 110 191 48 182 95 5 49 9 180 0,5 63 68
PFG_MOEA,443,6,547.48,1749.89,0 51 107 46 0,
PFG_MOEA,444,1,321.43,1884.2,0 196 6 199 77 94 109 1 184 115 30 31 120 118 35 190 168 158 172 90 127 69 87 53 183 41 119 142 22 162 10 23 155 67 88 137 11 151 169 124 61 144 0,
PFG_MOEA,444,2,321.43,1884.2,0 12 136 149 3 84 86 47 153 147 24 75 45 152 105 189 112 97 52 2 159 102 36 5 49 9 180 0,97
PFG_MOEA,444,3,321.43,1884.2,0 20 57 81 0,
PFG_MOEA,444,4,321.43,1884.2,0 135 125 89 156 157 104 186 176 38 195 7 58 34 29 131 185 27 44 128 80 71 14 146 32 167 42 100 79 141 138 98 28 173 66 85 72 54 39 18 187 165 48 191 182 95 198 139 16 0,89 185
PFG_MOEA,444,5,321.43,1884.2,0 70 164 150 200 21 96 197 43 194 174 76 116 106 92 126 133 91 74 154 103 188 171 181 192 40 63 117 140 110 101 68 15 123 175 122 46 51 107 134 19 0,21
PFG_MOEA,444,6,321.43,1884.2,0 60 50 64 78 193 163 13 8 55 62 177 65 130 161 170 143 145 82 33 178 160 83 99 59 108 166 73 26 114 179 113 37 121 148 129 93 25 4 111 56 132 17 0,
PFG_MOEA,445,1,363.45,1848.54,0 56 111 151 11 137 124 169 88 61 67 155 23 10 162 22 142 119 41 183 53 87 69 127 90 172 158 168 190 35 118 120 31 30 115 144 184 0,137
PFG_MOEA,445,2,363.45,1848.54,0 196 6 105 52 112 189 89 156 157 104 186 176 38 7 195 58 34 29 131 185 27 44 128 80 71 14 146 32 167 42 100 81 57 20 152 45 75 24 147 77 153 94 109 1 12 136 149 3 84 86 47 199 0,185
PFG_MOEA,445,3,363.45,1848.54,0 135 173 28 141 79 138 98 125 0,
PFG_MOEA,445,4,363.45,1848.54,0 159 2 97 85 66 102 36 5 49 0,
PFG_MOEA,445,5,363.45,1848.54,0 180 9 95 182 48 191 110 140 165 187 18 39 54 72 70 164 150 200 21 96 197 43 194 174 76 116 106 92 126 133 91 74 154 103 188 171 181 192 40 63 117 101 68 15 123 175 122 139 198 16 25 4 13 163 193 78 60 0,40 188
PFG_MOEA,445,6,363.45,1848.54,0 46 51 107 134 19 8 55 62 177 65 130 161 170 143 145 82 33 178 160 83 99 59 108 166 73 26 114 179 113 37 121 148 129 93 132 64 50 17 0,46
PFG_MOEA,446,1,261.55,2016.67,0 56 111 169 124 88 155 10 162 31 30 120 118 35 190 168 158 172 90 127 69 87 53 183 41 119 142 22 23 67 61 137 11 151 0,56 124
PFG_MOEA,446,2,261.55,2016.67,0 144 115 184 89 156 157 104 186 176 38 7 195 58 34 29 131 185 27 44 128 80 71 14 146 32 167 42 100 81 189 112 52 105 6 196 0,185
PFG_MOEA,446,3,261.55,2016.67,0 199 94 109 1 12 136 149 3 84 86 47 153 77 147 75 24 45 152 20 57 28 141 79 138 98 173 125 135 66 85 97 2 159 102 0,199
PFG_MOEA,446,4,261.55,2016.67,0 180 9 49 36 5 70 72 54 164 21 96 197 43 76 116 106 92 126 174 194 200 150 39 18 187 165 140 110 191 48 182 95 0,
PFG_MOEA,446,5,261.55,2016.67,0 16 139 198 117 63 181 171 192 40 74 91 133 154 103 188 101 68 15 123 175 25 129 148 93 4 13 163 193 78 60 0,63 188
PFG_MOEA,446,6,261.55,2016.67,0 46 122 51 107 134 19 8 55 62 177 65 130 161 170 143 145 82 33 178 160 83 99 59 108 166 73 26 114 179 113 37 121 132 64 50 17 0,46
PFG_MOEA,447,1,372.87,1829.64,0 199 47 86 84 3 149 136 12 1 109 94 153 77 147 24 75 45 152 20 57 28 42 100 173 98 138 141 79 167 32 146 14 71 80 128 44 27 185 131 29 34 58 195 7 38 176 186 104 157 156 89 81 135 125 189 112 52 159 0,
PFG_MOEA,447,2,372.87,1829.64,0 2 97 85 66 102 36 5 0,
PFG_MOEA,447,3,372.87,1829.64,0 180 9 49 95 182 48 191 110 140 165 187 18 39 54 72 70 164 150 200 21 96 197 43 194 174 76 116 106 92 126 133 91 74 154 103 188 171 181 192 40 63 117 101 68 15 123 175 122 139 198 16 0,40
PFG_MOEA,447,4,372.87,1829.64,0 60 78 193 13 64 50 17 132 4 8 55 62 177 65 130 161 170 143 145 82 33 178 160 83 99 59 108 166 73 26 114 179 113 37 121 148 129 93 25 19 134 107 51 46 0,
PFG_MOEA,447,5,372.87,1829.64,0 163 56 111 151 11 137 88 22 142 119 41 183 53 87 69 127 90 172 158 168 190 35 118 120 31 162 10 23 155 67 61 124 169 0,
PFG_MOEA,447,6,372.87,1829.64,0 144 115 30 184 105 6 196 0,105
PFG_MOEA,448,1,343.52,1869.54,0 184 144 115 120 118 35 190 168 158 172 90 127 69 87 53 183 41 119 30 31 162 142 22 10 23 155 67 61 88 137 11 151 0,
PFG_MOEA,448,2,343.52,1869.54,0 189 81 89 156 157 104 186 176 38 7 195 58 34 29 131 185 27 44 128 80 71 14 146 32 167 42 100 112 0,
PFG_MOEA,448,3,343.52,1869.54,0 94 109 1 12 136 149 3 84 86 47 153 77 147 75 24 45 199 196 6 52 105 152 20 57 28 141 79 138 98 173 125 135 66 85 97 2 159 102 49 9 180 0,173
PFG_MOEA,448,4,343.52,1869.54,0 36 5 0,
PFG_MOEA,448,5,343.52,1869.54,0 17 50 16 139 198 191 117 63 192 181 171 188 103 154 40 74 91 133 194 174 126 92 106 116 76 43 197 96 72 54 70 164 21 200 150 39 18 187 165 48 182 95 0,21 188 198
PFG_MOEA,448,6,343.52,1869.54,0 140 110 101 68 15 123 175 122 46 51 107 134 19 8 55 62 177 65 130 161 170 143 145 82 33 178 160 83 99 59 108 166 73 26 114 179 113 37 121 148 129 93 25 124 169 4 111 56 13 132 163 193 78 64 60 0,46 56 68 179
PFG_MOEA,449,1,336.24,1871.66,0 199 47 86 84 3 149 136 12 1 109 94 153 77 147 24 45 75 0,
PFG_MOEA,449,2,336.24,1871.66,0 95 5 36 102 97 112 85 66 125 135 81 89 156 157 104 186 176 38 7 195 58 34 29 131 185 27 44 128 80 71 14 146 32 167 79 141 138 98 173 100 42 28 57 20 152 189 52 2 159 180 49 9 0,89 185
PFG_MOEA,449,3,336.24,1871.66,0 182 48 191 110 140 165 187 18 39 54 72 70 164 150 200 21 96 197 43 194 174 76 116 106 92 126 133 91 74 154 103 188 171 181 192 40 63 117 101 68 15 123 175 122 139 0,68 91 139
PFG_MOEA,449,4,336.24,1871.66,0 16 198 46 51 107 134 19 25 93 129 148 121 37 113 179 114 26 73 166 108 59 99 83 160 178 33 82 145 143 170 161 130 65 177 62 55 8 4 111 132 163 56 13 193 78 60 64 50 17 151 0,
PFG_MOEA,449,5,336.24,1871.66,0 11 88 137 0,
PFG_MOEA,449,6,336.24,1871.66,0 169 124 61 67 155 23 10 162 22 142 119 41 183 53 87 69 127 90 172 158 168 190 35 118 120 30 31 115 144 184 105 6 196 0,155
PFG_MOEA,450,1,787.39,1705.64,0 196 153 0,
PFG_MOEA,450,2,787.39,1705.64,0 147 24 75 45 152 180 9 49 0,
PFG_MOEA,450,3,787.39,1705.64,0 5 36 102 0,
PFG_MOEA,450,4,787.39,1705.64,0 77 47 86 84 3 149 136 12 184 115 57 20 98 138 141 79 167 32 146 14 71 80 128 44 27 185 131 29 34 58 7 195 38 176 186 104 157 156 89 81 42 100 28 173 125 135 189 105 66 85 112 97 52 2 159 95 182 48 191 110 140 165 187 18 39 70 72 54 164 150 200 21 96 197 43 194 174 76 116 106 92 126 133 91 74 154 103 188 171 181 192 40 63 117 101 68 15 123 175 122 139 198 16 46 51 107 134 19 25 93 129 148 121 37 113 179 114 26 73 166 108 59 99 83 160 178 33 82 145 143 170 161 130 65 177 62 55 8 0,
PFG_MOEA,450,5,787.39,1705.64,0 163 132 4 111 56 13 193 78 60 0,
PFG_MOEA,450,6,787.39,1705.64,0 64 50 17 151 11 137 124 169 88 61 67 155 23 10 162 22 142 119 41 183 53 87 69 127 90 172 158 168 190 35 118 120 30 31 144 1 109 94 199 6 0,10 41 155
PFG_MOEA,451,1,313.2,1915.8,0 60 78 64 50 17 151 11 137 124 0,124
PFG_MOEA,451,2,313.2,1915.8,0 169 88 61 67 155 23 10 162 22 142 119 41 183 53 87 69 127 90 172 158 168 190 35 118 120 30 31 104 186 176 38 7 157 156 144 0,
PFG_MOEA,451,3,313.2,1915.8,0 189 81 100 42 167 32 146 14 71 80 128 44 27 185 131 29 34 58 195 112 0,29
PFG_MOEA,451,4,313.2,1915.8,0 196 6 199 75 45 24 147 77 153 94 109 1 115 184 12 136 149 3 84 86 47 57 20 98 138 141 79 89 28 173 125 135 66 85 97 52 105 152 2 159 102 36 5 49 9 180 0,5
PFG_MOEA,451,5,313.2,1915.8,0 139 122 175 123 15 68 101 117 63 40 192 181 171 188 103 154 74 91 133 126 92 106 116 76 174 194 43 197 96 21 200 150 164 54 72 70 39 18 187 165 140 110 191 48 182 95 198 0,63 91 188
PFG_MOEA,451,6,313.2,1915.8,0 16 46 51 107 134 19 25 93 129 148 121 37 113 179 114 26 73 166 108 59 99 83 160 178 33 82 145 143 170 161 130 65 177 62 55 8 4 111 132 163 56 13 193 0,46 145
PFG_MOEA,452,1,520.32,1777.06,0 50 17 151 11 137 124 169 88 61 67 155 23 10 162 22 142 119 41 183 53 87 69 127 90 172 158 168 190 35 118 120 31 30 115 144 184 0,137
PFG_MOEA,452,2,520.32,1777.06,0 196 6 105 52 112 189 89 156 157 104 186 176 38 7 195 58 34 29 131 185 27 44 128 80 71 14 146 32 167 42 100 81 57 20 152 45 75 24 147 77 0,
PFG_MOEA,452,3,520.32,1777.06,0 199 47 86 84 3 149 136 12 1 109 94 153 135 180 0,1
PFG_MOEA,452,4,520.32,1777.06,0 9 49 159 2 97 85 98 138 79 141 28 173 125 66 102 36 5 95 182 48 0,
PFG_MOEA,452,5,520.32,1777.06,0 16 198 191 110 140 165 187 18 39 70 72 54 164 150 200 21 96 197 43 194 174 76 116 106 92 126 133 91 74 154 103 188 171 181 192 40 63 117 101 68 15 123 175 122 139 46 51 107 134 19 25 93 129 148 121 37 113 179 114 26 73 166 108 59 99 83 160 178 33 82 145 143 170 161 130 65 177 62 55 8 4 111 132 163 56 13 193 78 0,106 111
PFG_MOEA,452,6,520.32,1777.06,0 60 64 0,
PFG_MOEA,453,1,546.46,1762.35,0 50 17 151 11 137 0,
PFG_MOEA,453,2,546.46,1762.35,0 169 124 88 67 61 0,
PFG_MOEA,453,3,546.46,1762.35,0 159 2 52 97 112 85 105 189 100 81 57 20 152 45 75 24 147 77 153 94 1 47 86 84 3 149 136 12 184 144 115 30 31 120 118 35 190 168 158 172 90 127 69 87 53 183 41 119 142 22 162 10 23 155 109 199 6 196 0,1
PFG_MOEA,453,4,546.46,1762.35,0 9 49 5 36 180 135 125 173 28 42 89 156 157 104 186 176 38 195 7 58 34 29 131 185 27 44 128 80 71 14 146 32 167 79 141 138 98 66 102 95 182 48 191 110 140 165 187 18 39 70 72 54 164 150 200 21 96 197 43 194 174 76 116 106 92 126 133 91 74 154 103 188 171 181 192 40 63 117 101 68 15 123 175 122 139 198 16 46 51 107 134 19 0,91
PFG_MOEA,453,5,546.46,1762.35,0 163 132 111 4 8 55 62 177 65 130 161 170 143 145 82 33 178 160 83 99 59 108 166 73 26 114 179 113 37 121 148 129 93 25 56 13 193 78 0,
PFG_MOEA,453,6,546.46,1762.35,0 60 64 0,
PFG_MOEA,454,1,403.49,1779.21,0 196 6 77 0,
PFG_MOEA,454,2,403.49,1779.21,0 199 94 109 1 144 61 124 169 151 11 137 88 67 155 23 10 162 22 142 119 41 183 53 87 69 127 90 172 158 168 190 35 118 120 31 30 115 184 12 136 149 3 84 86 47 153 147 24 75 45 152 105 189 112 52 2 159 102 36 5 49 9 180 0,
PFG_MOEA,454,3,403.49,1779.21,0 97 0,
PFG_MOEA,454,4,403.49,1779.21,0 20 57 81 89 156 157 104 186 176 38 195 7 58 34 29 131 185 27 44 128 80 71 14 146 32 167 42 100 79 141 138 98 28 173 66 85 125 135 0,89 131
PFG_MOEA,454,5,403.49,1779.21,0 16 139 198 95 182 191 48 165 187 18 39 54 72 70 164 150 200 21 96 197 43 194 174 76 116 106 92 126 133 91 74 154 103 188 171 181 192 40 63 117 140 110 101 68 15 123 175 122 46 51 107 134 19 8 55 0,21 198
PFG_MOEA,454,6,403.49,1779.21,0 60 78 193 163 13 62 177 65 130 161 170 143 145 82 33 178 160 83 99 59 108 166 73 26 114 179 113 37 121 148 129 93 25 4 111 56 132 64 50 17 0,56
PFG_MOEA,455,1,547.48,1749.89,0 151 0,
PFG_MOEA,455,2,547.48,1749.89,0 50 17 169 124 137 11 88 61 67 155 23 10 162 22 142 119 41 183 53 87 69 127 90 172 158 168 190 35 118 120 31 30 115 144 184 12 136 149 0,50 87 155
PFG_MOEA,455,3,547.48,1749.89,0 196 6 105 52 112 189 100 81 57 20 152 45 75 24 147 77 153 94 109 1 3 84 86 47 199 0,1
PFG_MOEA,455,4,547.48,1749.89,0 159 2 97 85 66 98 138 141 79 167 32 146 14 71 80 128 44 27 185 131 29 34 58 195 7 38 176 186 104 157 156 89 42 28 173 125 135 102 36 0,89
PFG_MOEA,455,5,547.48,1749.89,0 60 78 193 13 163 64 132 56 111 4 25 93 129 148 121 37 113 179 114 26 73 166 108 59 99 83 160 178 33 82 145 143 170 161 130 65 177 62 55 8 19 134 123 175 122 16 139 198 15 68 101 117 63 40 192 181 171 188 103 154 74 91 133 126 92 106 116 76 174 194 43 197 96 21 200 150 164 70 72 54 39 18 187 165 140 110 191 48 182 95 5 49 9 180 0,5 63 68
PFG_MOEA,455,6,547.48,1749.89,0 51 107 46 0,
PFG_MOEA,456,1,321.43,1884.2,0 196 6 199 77 94 109 1 184 115 30 31 120 118 35 190 168 158 172 90 127 69 87 53 183 41 119 142 22 162 10 23 155 67 88 137 11 151 169 124 61 144 0,
PFG_MOEA,456,2,321.43,1884.2,0 12 136 149 3 84 86 47 153 147 24 75 45 152 105 189 112 97 52 2 159 102 36 5 49 9 180 0,97
PFG_MOEA,456,3,321.43,1884.2,0 20 57 81 0,
PFG_MOEA,456,4,321.43,1884.2,0 135 125 89 156 157 104 186 176 38 195 7 58 34 29 131 185 27 44 128 80 71 14 146 32 167 42 100 79 141 138 98 28 173 66 85 72 54 39 18 187 165 48 191 182 95 198 139 16 0,89 185
PFG_MOEA,456,5,321.43,1884.2,0 70 164 150 200 21 96 197 43 194 174 76 116 106 92 126 133 91 74 154 103 188 171 181 192 40 63 117 140 110 101 68 15 123 175 122 46 51 107 134 19 0,21
PFG_MOEA,456,6,321.43,1884.2,0 60 50 64 78 193 163 13 8 55 62 177 65 130 161 170 143 145 82 33 178 160 83 99 59 108 166 73 26 114 179 113 37 121 148 129 93 25 4 111 56 132 17 0,
PFG_MOEA,457,1,363.45,1848.54,0 56 111 151 11 137 124 169 88 61 67 155 23 10 162 22 142 119 41 183 53 87 69 127 90 172 158 168 190 35 118 120 31 30 115 144 184 0,137
PFG_MOEA,457,2,363.45,1848.54,0 196 6 105 52 112 189 89 156 157 104 186 176 38 7 195 58 34 29 131 185 27 44 128 80 71 14 146 32 167 42 100 81 57 20 152 45 75 24 147 77 153 94 109 1 12 136 149 3 84 86 47 199 0,185
PFG_MOEA,457,3,363.45,1848.54,0 135 173 28 141 79 138 98 125 0,
PFG_MOEA,457,4,363.45,1848.54,0 159 2 97 85 66 102 36 5 49 0,
PFG_MOEA,457,5,363.45,1848.54,0 180 9 95 182 48 191 110 140 165 187 18 39 54 72 70 164 150 200 21 96 197 43 194 174 76 116 106 92 126 133 91 74 154 103 188 171 181 192 40 63 117 101 68 15 123 175 122 139 198 16 25 4 13 163 193 78 60 0,40 188
PFG_MOEA,457,6,363.45,1848.54,0 46 51 107 134 19 8 55 62 177 65 130 161 170 143 145 82 33 178 160 83 99 59 108 166 73 26 114 179 113 37 121 148 129 93 132 64 50 17 0,46
PFG_MOEA,458,1,261.55,2016.67,0 56 111 169 124 88 155 10 162 31 30 120 118 35 190 168 158 172 90 127 69 87 53 183 41 119 142 22 23 67 61 137 11 151 0,56 124
PFG_MOEA,458,2,261.55,2016.67,0 144 115 184 89 156 157 104 186 176 38 7 195 58 34 29 131 185 27 44 128 80 71 14 146 32 167 42 100 81 189 112 52 105 6 196 0,185
PFG_MOEA,458,3,261.55,2016.67,0 199 94 109 1 12 136 149 3 84 86 47 153 77 147 75 24 45 152 20 57 28 141 79 138 98 173 125 135 66 85 97 2 159 102 0,199
PFG_MOEA,458,4,261.55,2016.67,0 180 9 49 36 5 70 72 54 164 21 96 197 43 76 116 106 92 126 174 194 200 150 39 18 187 165 140 110 191 48 182 95 0,
PFG_MOEA,458,5,261.55,2016.67,0 16 139 198 117 63 181 171 192 40 74 91 133 154 103 188 101 68 15 123 175 25 129 148 93 4 13 163 193 78 60 0,63 188
PFG_MOEA,458,6,261.55,2016.67,0 46 122 51 107 134 19 8 55 62 177 65 130 161 170 143 145 82 33 178 160 83 99 59 108 166 73 26 114 179 113 37 121 132 64 50 17 0,46
PFG_MOEA,459,1,372.87,1829.64,0 199 47 86 84 3 149 136 12 1 109 94 153 77 147 24 75 45 152 20 57 28 42 100 173 98 138 141 79 167 32 146 14 71 80 128 44 27 185 131 29 34 58 195 7 38 176 186 104 157 156 89 81 135 125 189 112 52 159 0,
PFG_MOEA,459,2,372.87,1829.64,0 2 97 85 66 102 36 5 0,
PFG_MOEA,459,3,372.87,1829.64,0 180 9 49 95 182 48 191 110 140 165 187 18 39 54 72 70 164 150 200 21 96 197 43 194 174 76 116 106 92 126 133 91 74 154 103 188 171 181 192 40 63 117 101 68 15 123 175 122 139 198 16 0,40
PFG_MOEA,459,4,372.87,1829.64,0 60 78 193 13 64 50 17 132 4 8 55 62 177 65 130 161 170 143 145 82 33 178 160 83 99 59 108 166 73 26 114 179 113 37 121 148 129 93 25 19 134 107 51 46 0,
PFG_MOEA,459,5,372.87,1829.64,0 163 56 111 151 11 137 88 22 142 119 41 183 53 87 69 127 90 172 158 168 190 35 118 120 31 162 10 23 155 67 61 124 169 0,
PFG_MOEA,459,6,372.87,1829.64,0 144 115 30 184 105 6 196 0,105
PFG_MOEA,460,1,343.52,1869.54,0 184 144 115 120 118 35 190 168 158 172 90 127 69 87 53 183 41 119 30 31 162 142 22 10 23 155 67 61 88 137 11 151 0,
PFG_MOEA,460,2,343.52,1869.54,0 189 81 89 156 157 104 186 176 38 7 195 58 34 29 131 185 27 44 128 80 71 14 146 32 167 42 100 112 0,
PFG_MOEA,460,3,343.52,1869.54,0 94 109 1 12 136 149 3 84 86 47 153 77 147 75 24 45 199 196 6 52 105 152 20 57 28 141 79 138 98 173 125 135 66 85 97 2 159 102 49 9 180 0,173
PFG_MOEA,460,4,343.52,1869.54,0 36 5 0,
PFG_MOEA,460,5,343.52,1869.54,0 17 50 16 139 198 191 117 63 192 181 171 188 103 154 40 74 91 133 194 174 126 92 106 116 76 43 197 96 72 54 70 164 21 200 150 39 18 187 165 48 182 95 0,21 188 198
PFG_MOEA,460,6,343.52,1869.54,0 140 110 101 68 15 123 175 122 46 51 107 134 19 8 55 62 177 65 130 161 170 143 145 82 33 178 160 83 99 59 108 166 73 26 114 179 113 37 121 148 129 93 25 124 169 4 111 56 13 132 163 193 78 64 60 0,46 56 68 179
PFG_MOEA,461,1,336.24,1871.66,0 199 47 86 84 3 149 136 12 1 109 94 153 77 147 24 45 75 0,
PFG_MOEA,461,2,336.24,1871.66,0 95 5 36 102 97 112 85 66 125 135 81 89 156 157 104 186 176 38 7 195 58 34 29 131 185 27 44 128 80 71 14 146 32 167 79 141 138 98 173 100 42 28 57 20 152 189 52 2 159 180 49 9 0,89 185
PFG_MOEA,461,3,336.24,1871.66,0 182 48 191 110 140 165 187 18 39 54 72 70 164 150 200 21 96 197 43 194 174 76 116 106 92 126 133 91 74 154 103 188 171 181 192 40 63 117 101 68 15 123 175 122 139 0,68 91 139
PFG_MOEA,461,4,336.24,1871.66,0 16 198 46 51 107 134 19 25 93 129 148 121 37 113 179 114 26 73 166 108 59 99 83 160 178 33 82 145 143 170 161 130 65 177 62 55 8 4 111 132 163 56 13 193 78 60 64 50 17 151 0,
PFG_MOEA,461,5,336.24,1871.66,0 11 88 137 0,
PFG_MOEA,461,6,336.24,1871.66,0 169 124 61 67 155 23 10 162 22 142 119 41 183 53 87 69 127 90 172 158 168 190 35 118 120 30 31 115 144 184 105 6 196 0,155
PFG_MOEA,462,1,787.39,1705.64,0 196 153 0,
PFG_MOEA,462,2,787.39,1705.64,0 147 24 75 45 152 180 9 49 0,
PFG_MOEA,462,3,787.39,1705.64,0 5 36 102 0,
PFG_MOEA,462,4,787.39,1705.64,0 77 47 86 84 3 149 136 12 184 115 57 20 98 138 141 79 167 32 146 14 71 80 128 44 27 185 131 29 34 58 7 195 38 176 186 104 157 156 89 81 42 100 28 173 125 135 189 105 66 85 112 97 52 2 159 95 182 48 191 110 140 165 187 18 39 70 72 54 164 150 200 21 96 197 43 194 174 76 116 106 92 126 133 91 74 154 103 188 171 181 192 40 63 117 101 68 15 123 175 122 139 198 16 46 51 107 134 19 25 93 129 148 121 37 113 179 114 26 73 166 108 59 99 83 160 178 33 82 145 143 170 161 130 65 177 62 55 8 0,
PFG_MOEA,462,5,787.39,1705.64,0 163 132 4 111 56 13 193 78 60 0,
PFG_MOEA,462,6,787.39,1705.64,0 64 50 17 151 11 137 124 169 88 61 67 155 23 10 162 22 142 119 41 183 53 87 69 127 90 172 158 168 190 35 118 120 30 31 144 1 109 94 199 6 0,10 41 155
PFG_MOEA,463,1,313.2,1915.8,0 60 78 64 50 17 151 11 137 124 0,124
PFG_MOEA,463,2,313.2,1915.8,0 169 88 61 67 155 23 10 162 22 142 119 41 183 53 87 69 127 90 172 158 168 190 35 118 120 30 31 104 186 176 38 7 157 156 144 0,
PFG_MOEA,463,3,313.2,1915.8,0 189 81 100 42 167 32 146 14 71 80 128 44 27 185 131 29 34 58 195 112 0,29
PFG_MOEA,463,4,313.2,1915.8,0 196 6 199 75 45 24 147 77 153 94 109 1 115 184 12 136 149 3 84 86 47 57 20 98 138 141 79 89 28 173 125 135 66 85 97 52 105 152 2 159 102 36 5 49 9 180 0,5
PFG_MOEA,463,5,313.2,1915.8,0 139 122 175 123 15 68 101 117 63 40 192 181 171 188 103 154 74 91 133 126 92 106 116 76 174 194 43 197 96 21 200 150 164 54 72 70 39 18 187 165 140 110 191 48 182 95 198 0,63 91 188
PFG_MOEA,463,6,313.2,1915.8,0 16 46 51 107 134 19 25 93 129 148 121 37 113 179 114 26 73 166 108 59 99 83 160 178 33 82 145 143 170 161 130 65 177 62 55 8 4 111 132 163 56 13 193 0,46 145
PFG_MOEA,464,1,520.32,1777.06,0 50 17 151 11 137 124 169 88 61 67 155 23 10 162 22 142 119 41 183 53 87 69 127 90 172 158 168 190 35 118 120 31 30 115 144 184 0,137
PFG_MOEA,464,2,520.32,1777.06,0 196 6 105 52 112 189 89 156 157 104 186 176 38 7 195 58 34 29 131 185 27 44 128 80 71 14 146 32 167 42 100 81 57 20 152 45 75 24 147 77 0,
PFG_MOEA,464,3,520.32,1777.06,0 199 47 86 84 3 149 136 12 1 109 94 153 135 180 0,1
PFG_MOEA,464,4,520.32,1777.06,0 9 49 159 2 97 85 98 138 79 141 28 173 125 66 102 36 5 95 182 48 0,
PFG_MOEA,464,5,520.32,1777.06,0 16 198 191 110 140 165 187 18 39 70 72 54 164 150 200 21 96 197 43 194 174 76 116 106 92 126 133 91 74 154 103 188 171 181 192 40 63 117 101 68 15 123 175 122 139 46 51 107 134 19 25 93 129 148 121 37 113 179 114 26 73 166 108 59 99 83 160 178 33 82 145 143 170 161 130 65 177 62 55 8 4 111 132 163 56 13 193 78 0,106 111
PFG_MOEA,464,6,520.32,1777.06,0 60 64 0,
PFG_MOEA,465,1,546.46,1762.35,0 50 17 151 11 137 0,
PFG_MOEA,465,2,546.46,1762.35,0 169 124 88 67 61 0,
PFG_MOEA,465,3,546.46,1762.35,0 159 2 52 97 112 85 105 189 100 81 57 20 152 45 75 24 147 77 153 94 1 47 86 84 3 149 136 12 184 144 115 30 31 120 118 35 190 168 158 172 90 127 69 87 53 183 41 119 142 22 162 10 23 155 109 199 6 196 0,1
PFG_MOEA,465,4,546.46,1762.35,0 9 49 5 36 180 135 125 173 28 42 89 156 157 104 186 176 38 195 7 58 34 29 131 185 27 44 128 80 71 14 146 32 167 79 141 138 98 66 102 95 182 48 191 110 140 165 187 18 39 70 72 54 164 150 200 21 96 197 43 194 174 76 116 106 92 126 133 91 74 154 103 188 171 181 192 40 63 117 101 68 15 123 175 122 139 198 16 46 51 107 134 19 0,91
PFG_MOEA,465,5,546.46,1762.35,0 163 132 111 4 8 55 62 177 65 130 161 170 143 145 82 33 178 160 83 99 59 108 166 73 26 114 179 113 37 121 148 129 93 25 56 13 193 78 0,
PFG_MOEA,465,6,546.46,1762.35,0 60 64 0,
PFG_MOEA,466,1,403.49,1779.21,0 196 6 77 0,
PFG_MOEA,466,2,403.49,1779.21,0 199 94 109 1 144 61 124 169 151 11 137 88 67 155 23 10 162 22 142 119 41 183 53 87 69 127 90 172 158 168 190 35 118 120 31 30 115 184 12 136 149 3 84 86 47 153 147 24 75 45 152 105 189 112 52 2 159 102 36 5 49 9 180 0,
PFG_MOEA,466,3,403.49,1779.21,0 97 0,
PFG_MOEA,466,4,403.49,1779.21,0 20 57 81 89 156 157 104 186 176 38 195 7 58 34 29 131 185 27 44 128 80 71 14 146 32 167 42 100 79 141 138 98 28 173 66 85 125 135 0,89 131
PFG_MOEA,466,5,403.49,1779.21,0 16 139 198 95 182 191 48 165 187 18 39 54 72 70 164 150 200 21 96 197 43 194 174 76 116 106 92 126 133 91 74 154 103 188 171 181 192 40 63 117 140 110 101 68 15 123 175 122 46 51 107 134 19 8 55 0,21 198
PFG_MOEA,466,6,403.49,1779.21,0 60 78 193 163 13 62 177 65 130 161 170 143 145 82 33 178 160 83 99 59 108 166 73 26 114 179 113 37 121 148 129 93 25 4 111 56 132 64 50 17 0,56
PFG_MOEA,467,1,547.48,1749.89,0 151 0,
PFG_MOEA,467,2,547.48,1749.89,0 50 17 169 124 137 11 88 61 67 155 23 10 162 22 142 119 41 183 53 87 69 127 90 172 158 168 190 35 118 120 31 30 115 144 184 12 136 149 0,50 87 155
PFG_MOEA,467,3,547.48,1749.89,0 196 6 105 52 112 189 100 81 57 20 152 45 75 24 147 77 153 94 109 1 3 84 86 47 199 0,1
PFG_MOEA,467,4,547.48,1749.89,0 159 2 97 85 66 98 138 141 79 167 32 146 14 71 80 128 44 27 185 131 29 34 58 195 7 38 176 186 104 157 156 89 42 28 173 125 135 102 36 0,89
PFG_MOEA,467,5,547.48,1749.89,0 60 78 193 13 163 64 132 56 111 4 25 93 129 148 121 37 113 179 114 26 73 166 108 59 99 83 160 178 33 82 145 143 170 161 130 65 177 62 55 8 19 134 123 175 122 16 139 198 15 68 101 117 63 40 192 181 171 188 103 154 74 91 133 126 92 106 116 76 174 194 43 197 96 21 200 150 164 70 72 54 39 18 187 165 140 110 191 48 182 95 5 49 9 180 0,5 63 68
PFG_MOEA,467,6,547.48,1749.89,0 51 107 46 0,
PFG_MOEA,468,1,321.43,1884.2,0 196 6 199 77 94 109 1 184 115 30 31 120 118 35 190 168 158 172 90 127 69 87 53 183 41 119 142 22 162 10 23 155 67 88 137 11 151 169 124 61 144 0,
PFG_MOEA,468,2,321.43,1884.2,0 12 136 149 3 84 86 47 153 147 24 75 45 152 105 189 112 97 52 2 159 102 36 5 49 9 180 0,97
PFG_MOEA,468,3,321.43,1884.2,0 20 57 81 0,
PFG_MOEA,468,4,321.43,1884.2,0 135 125 89 156 157 104 186 176 38 195 7 58 34 29 131 185 27 44 128 80 71 14 146 32 167 42 100 79 141 138 98 28 173 66 85 72 54 39 18 187 165 48 191 182 95 198 139 16 0,89 185
PFG_MOEA,468,5,321.43,1884.2,0 70 164 150 200 21 96 197 43 194 174 76 116 106 92 126 133 91 74 154 103 188 171 181 192 40 63 117 140 110 101 68 15 123 175 122 46 51 107 134 19 0,21
PFG_MOEA,468,6,321.43,1884.2,0 60 50 64 78 193 163 13 8 55 62 177 65 130 161 170 143 145 82 33 178 160 83 99 59 108 166 73 26 114 179 113 37 121 148 129 93 25 4 111 56 132 17 0,
PFG_MOEA,469,1,363.45,1848.54,0 56 111 151 11 137 124 169 88 61 67 155 23 10 162 22 142 119 41 183 53 87 69 127 90 172 158 168 190 35 118 120 31 30 115 144 184 0,137
PFG_MOEA,469,2,363.45,1848.54,0 196 6 105 52 112 189 89 156 157 104 186 176 38 7 195 58 34 29 131 185 27 44 128 80 71 14 146 32 167 42 100 81 57 20 152 45 75 24 147 77 153 94 109 1 12 136 149 3 84 86 47 199 0,185
PFG_MOEA,469,3,363.45,1848.54,0 135 173 28 141 79 138 98 125 0,
PFG_MOEA,469,4,363.45,1848.54,0 159 2 97 85 66 102 36 5 49 0,
PFG_MOEA,469,5,363.45,1848.54,0 180 9 95 182 48 191 110 140 165 187 18 39 54 72 70 164 150 200 21 96 197 43 194 174 76 116 106 92 126 133 91 74 154 103 188 171 181 192 40 63 117 101 68 15 123 175 122 139 198 16 25 4 13 163 193 78 60 0,40 188
PFG_MOEA,469,6,363.45,1848.54,0 46 51 107 134 19 8 55 62 177 65 130 161 170 143 145 82 33 178 160 83 99 59 108 166 73 26 114 179 113 37 121 148 129 93 132 64 50 17 0,46
PFG_MOEA,470,1,261.55,2016.67,0 56 111 169 124 88 155 10 162 31 30 120 118 35 190 168 158 172 90 127 69 87 53 183 41 119 142 22 23 67 61 137 11 151 0,56 124
PFG_MOEA,470,2,261.55,2016.67,0 144 115 184 89 156 157 104 186 176 38 7 195 58 34 29 131 185 27 44 128 80 71 14 146 32 167 42 100 81 189 112 52 105 6 196 0,185
PFG_MOEA,470,3,261.55,2016.67,0 199 94 109 1 12 136 149 3 84 86 47 153 77 147 75 24 45 152 20 57 28 141 79 138 98 173 125 135 66 85 97 2 159 102 0,199
PFG_MOEA,470,4,261.55,2016.67,0 180 9 49 36 5 70 72 54 164 21 96 197 43 76 116 106 92 126 174 194 200 150 39 18 187 165 140 110 191 48 182 95 0,
PFG_MOEA,470,5,261.55,2016.67,0 16 139 198 117 63 181 171 192 40 74 91 133 154 103 188 101 68 15 123 175 25 129 148 93 4 13 163 193 78 60 0,63 188
PFG_MOEA,470,6,261.55,2016.67,0 46 122 51 107 134 19 8 55 62 177 65 130 161 170 143 145 82 33 178 160 83 99 59 108 166 73 26 114 179 113 37 121 132 64 50 17 0,46
PFG_MOEA,471,1,372.87,1829.64,0 199 47 86 84 3 149 136 12 1 109 94 153 77 147 24 75 45 152 20 57 28 42 100 173 98 138 141 79 167 32 146 14 71 80 128 44 27 185 131 29 34 58 195 7 38 176 186 104 157 156 89 81 135 125 189 112 52 159 0,
PFG_MOEA,471,2,372.87,1829.64,0 2 97 85 66 102 36 5 0,
PFG_MOEA,471,3,372.87,1829.64,0 180 9 49 95 182 48 191 110 140 165 187 18 39 54 72 70 164 150 200 21 96 197 43 194 174 76 116 106 92 126 133 91 74 154 103 188 171 181 192 40 63 117 101 68 15 123 175 122 139 198 16 0,40
PFG_MOEA,471,4,372.87,1829.64,0 60 78 193 13 64 50 17 132 4 8 55 62 177 65 130 161 170 143 145 82 33 178 160 83 99 59 108 166 73 26 114 179 113 37 121 148 129 93 25 19 134 107 51 46 0,
PFG_MOEA,471,5,372.87,1829.64,0 163 56 111 151 11 137 88 22 142 119 41 183 53 87 69 127 90 172 158 168 190 35 118 120 31 162 10 23 155 67 61 124 169 0,
PFG_MOEA,471,6,372.87,1829.64,0 144 115 30 184 105 6 196 0,105
PFG_MOEA,472,1,343.52,1869.54,0 184 144 115 120 118 35 190 168 158 172 90 127 69 87 53 183 41 119 30 31 162 142 22 10 23 155 67 61 88 137 11 151 0,
PFG_MOEA,472,2,343.52,1869.54,0 189 81 89 156 157 104 186 176 38 7 195 58 34 29 131 185 27 44 128 80 71 14 146 32 167 42 100 112 0,
PFG_MOEA,472,3,343.52,1869.54,0 94 109 1 12 136 149 3 84 86 47 153 77 147 75 24 45 199 196 6 52 105 152 20 57 28 141 79 138 98 173 125 135 66 85 97 2 159 102 49 9 180 0,173
PFG_MOEA,472,4,343.52,1869.54,0 36 5 0,
PFG_MOEA,472,5,343.52,1869.54,0 17 50 16 139 198 191 117 63 192 181 171 188 103 154 40 74 91 133 194 174 126 92 106 116 76 43 197 96 72 54 70 164 21 200 150 39 18 187 165 48 182 95 0,21 188 198
PFG_MOEA,472,6,343.52,1869.54,0 140 110 101 68 15 123 175 122 46 51 107 134 19 8 55 62 177 65 130 161 170 143 145 82 33 178 160 83 99 59 108 166 73 26 114 179 113 37 121 148 129 93 25 124 169 4 111 56 13 132 163 193 78 64 60 0,46 56 68 179
PFG_MOEA,473,1,336.24,1871.66,0 199 47 86 84 3 149 136 12 1 109 94 153 77 147 24 45 75 0,
PFG_MOEA,473,2,336.24,1871.66,0 95 5 36 102 97 112 85 66 125 135 81 89 156 157 104 186 176 38 7 195 58 34 29 131 185 27 44 128 80 71 14 146 32 167 79 141 138 98 173 100 42 28 57 20 152 189 52 2 159 180 49 9 0,89 185
PFG_MOEA,473,3,336.24,1871.66,0 182 48 191 110 140 165 187 18 39 54 72 70 164 150 200 21 96 197 43 194 174 76 116 106 92 126 133 91 74 154 103 188 171 181 192 40 63 117 101 68 15 123 175 122 139 0,68 91 139
PFG_MOEA,473,4,336.24,1871.66,0 16 198 46 51 107 134 19 25 93 129 148 121 37 113 179 114 26 73 166 108 59 99 83 160 178 33 82 145 143 170 161 130 65 177 62 55 8 4 111 132 163 56 13 193 78 60 64 50 17 151 0,
PFG_MOEA,473,5,336.24,1871.66,0 11 88 137 0,
PFG_MOEA,473,6,336.24,1871.66,0 169 124 61 67 155 23 10 162 22 142 119 41 183 53 87 69 127 90 172 158 168 190 35 118 120 30 31 115 144 184 105 6 196 0,155
PFG_MOEA,474,1,787.39,1705.64,0 196 153 0,
PFG_MOEA,474,2,787.39,1705.64,0 147 24 75 45 152 180 9 49 0,
PFG_MOEA,474,3,787.39,1705.64,0 5 36 102 0,
PFG_MOEA,474,4,787.39,1705.64,0 77 47 86 84 3 149 136 12 184 115 57 20 98 138 141 79 167 32 146 14 71 80 128 44 27 185 131 29 34 58 7 195 38 176 186 104 157 156 89 81 42 100 28 173 125 135 189 105 66 85 112 97 52 2 159 95 182 48 191 110 140 165 187 18 39 70 72 54 164 150 200 21 96 197 43 194 174 76 116 106 92 126 133 91 74 154 103 188 171 181 192 40 63 117 101 68 15 123 175 122 139 198 16 46 51 107 134 19 25 93 129 148 121 37 113 179 114 26 73 166 108 59 99 83 160 178 33 82 145 143 170 161 130 65 177 62 55 8 0,
PFG_MOEA,474,5,787.39,1705.64,0 163 132 4 111 56 13 193 78 60 0,
PFG_MOEA,474,6,787.39,1705.64,0 64 50 17 151 11 137 124 169 88 61 67 155 23 10 162 22 142 119 41 183 53 87 69 127 90 172 158 168 190 35 118 120 30 31 144 1 109 94 199 6 0,10 41 155
PFG_MOEA,475,1,313.2,1915.8,0 60 78 64 50 17 151 11 137 124 0,124
PFG_MOEA,475,2,313.2,1915.8,0 169 88 61 67 155 23 10 162 22 142 119 41 183 53 87 69 127 90 172 158 168 190 35 118 120 30 31 104 186 176 38 7 157 156 144 0,
PFG_MOEA,475,3,313.2,1915.8,0 189 81 100 42 167 32 146 14 71 80 128 44 27 185 131 29 34 58 195 112 0,29
PFG_MOEA,475,4,313.2,1915.8,0 196 6 199 75 45 24 147 77 153 94 109 1 115 184 12 136 149 3 84 86 47 57 20 98 138 141 79 89 28 173 125 135 66 85 97 52 105 152 2 159 102 36 5 49 9 180 0,5
PFG_MOEA,475,5,313.2,1915.8,0 139 122 175 123 15 68 101 117 63 40 192 181 171 188 103 154 74 91 133 126 92 106 116 76 174 194 43 197 96 21 200 150 164 54 72 70 39 18 187 165 140 110 191 48 182 95 198 0,63 91 188
PFG_MOEA,475,6,313.2,1915.8,0 16 46 51 107 134 19 25 93 129 148 121 37 113 179 114 26 73 166 108 59 99 83 160 178 33 82 145 143 170 161 130 65 177 62 55 8 4 111 132 163 56 13 193 0,46 145
PFG_MOEA,476,1,520.32,1777.06,0 50 17 151 11 137 124 169 88 61 67 155 23 10 162 22 142 119 41 183 53 87 69 127 90 172 158 168 190 35 118 120 31 30 115 144 184 0,137
PFG_MOEA,476,2,520.32,1777.06,0 196 6 105 52 112 189 89 156 157 104 186 176 38 7 195 58 34 29 131 185 27 44 128 80 71 14 146 32 167 42 100 81 57 20 152 45 75 24 147 77 0,
PFG_MOEA,476,3,520.32,1777.06,0 199 47 86 84 3 149 136 12 1 109 94 153 135 180 0,1
PFG_MOEA,476,4,520.32,1777.06,0 9 49 159 2 97 85 98 138 79 141 28 173 125 66 102 36 5 95 182 48 0,
PFG_MOEA,476,5,520.32,1777.06,0 16 198 191 110 140 165 187 18 39 70 72 54 164 150 200 21 96 197 43 194 174 76 116 106 92 126 133 91 74 154 103 188 171 181 192 40 63 117 101 68 15 123 175 122 139 46 51 107 134 19 25 93 129 148 121 37 113 179 114 26 73 166 108 59 99 83 160 178 33 82 145 143 170 161 130 65 177 62 55 8 4 111 132 163 56 13 193 78 0,106 111
PFG_MOEA,476,6,520.32,1777.06,0 60 64 0,
PFG_MOEA,477,1,546.46,1762.35,0 50 17 151 11 137 0,
PFG_MOEA,477,2,546.46,1762.35,0 169 124 88 67 61 0,
PFG_MOEA,477,3,546.46,1762.35,0 159 2 52 97 112 85 105 189 100 81 57 20 152 45 75 24 147 77 153 94 1 47 86 84 3 149 136 12 184 144 115 30 31 120 118 35 190 168 158 172 90 127 69 87 53 183 41 119 142 22 162 10 23 155 109 199 6 196 0,1
PFG_MOEA,477,4,546.46,1762.35,0 9 49 5 36 180 135 125 173 28 42 89 156 157 104 186 176 38 195 7 58 34 29 131 185 27 44 128 80 71 14 146 32 167 79 141 138 98 66 102 95 182 48 191 110 140 165 187 18 39 70 72 54 164 150 200 21 96 197 43 194 174 76 116 106 92 126 133 91 74 154 103 188 171 181 192 40 63 117 101 68 15 123 175 122 139 198 16 46 51 107 134 19 0,91
PFG_MOEA,477,5,546.46,1762.35,0 163 132 111 4 8 55 62 177 65 130 161 170 143 145 82 33 178 160 83 99 59 108 166 73 26 114 179 113 37 121 148 129 93 25 56 13 193 78 0,
PFG_MOEA,477,6,546.46,1762.35,0 60 64 0,
PFG_MOEA,478,1,403.49,1779.21,0 196 6 77 0,
PFG_MOEA,478,2,403.49,1779.21,0 199 94 109 1 144 61 124 169 151 11 137 88 67 155 23 10 162 22 142 119 41 183 53 87 69 127 90 172 158 168 190 35 118 120 31 30 115 184 12 136 149 3 84 86 47 153 147 24 75 45 152 105 189 112 52 2 159 102 36 5 49 9 180 0,
PFG_MOEA,478,3,403.49,1779.21,0 97 0,
PFG_MOEA,478,4,403.49,1779.21,0 20 57 81 89 156 157 104 186 176 38 195 7 58 34 29 131 185 27 44 128 80 71 14 146 32 167 42 100 79 141 138 98 28 173 66 85 125 135 0,89 131
PFG_MOEA,478,5,403.49,1779.21,0 16 139 198 95 182 191 48 165 187 18 39 54 72 70 164 150 200 21 96 197 43 194 174 76 116 106 92 126 133 91 74 154 103 188 171 181 192 40 63 117 140 110 101 68 15 123 175 122 46 51 107 134 19 8 55 0,21 198
PFG_MOEA,478,6,403.49,1779.21,0 60 78 193 163 13 62 177 65 130 161 170 143 145 82 33 178 160 83 99 59 108 166 73 26 114 179 113 37 121 148 129 93 25 4 111 56 132 64 50 17 0,56
PFG_MOEA,479,1,547.48,1749.89,0 151 0,
PFG_MOEA,479,2,547.48,1749.89,0 50 17 169 124 137 11 88 61 67 155 23 10 162 22 142 119 41 183 53 87 69 127 90 172 158 168 190 35 118 120 31 30 115 144 184 12 136 149 0,50 87 155
PFG_MOEA,479,3,547.48,1749.89,0 196 6 105 52 112 189 100 81 57 20 152 45 75 24 147 77 153 94 109 1 3 84 86 47 199 0,1
PFG_MOEA,479,4,547.48,1749.89,0 159 2 97 85 66 98 138 141 79 167 32 146 14 71 80 128 44 27 185 131 29 34 58 195 7 38 176 186 104 157 156 89 42 28 173 125 135 102 36 0,89
PFG_MOEA,479,5,547.48,1749.89,0 60 78 193 13 163 64 132 56 111 4 25 93 129 148 121 37 113 179 114 26 73 166 108 59 99 83 160 178 33 82 145 143 170 161 130 65 177 62 55 8 19 134 123 175 122 16 139 198 15 68 101 117 63 40 192 181 171 188 103 154 74 91 133 126 92 106 116 76 174 194 43 197 96 21 200 150 164 70 72 54 39 18 187 165 140 110 191 48 182 95 5 49 9 180 0,5 63 68
PFG_MOEA,479,6,547.48,1749.89,0 51 107 46 0,
PFG_MOEA,480,1,321.43,1884.2,0 196 6 199 77 94 109 1 184 115 30 31 120 118 35 190 168 158 172 90 127 69 87 53 183 41 119 142 22 162 10 23 155 67 88 137 11 151 169 124 61 144 0,
PFG_MOEA,480,2,321.43,1884.2,0 12 136 149 3 84 86 47 153 147 24 75 45 152 105 189 112 97 52 2 159 102 36 5 49 9 180 0,97
PFG_MOEA,480,3,321.43,1884.2,0 20 57 81 0,
PFG_MOEA,480,4,321.43,1884.2,0 135 125 89 156 157 104 186 176 38 195 7 58 34 29 131 185 27 44 128 80 71 14 146 32 167 42 100 79 141 138 98 28 173 66 85 72 54 39 18 187 165 48 191 182 95 198 139 16 0,89 185
PFG_MOEA,480,5,321.43,1884.2,0 70 164 150 200 21 96 197 43 194 174 76 116 106 92 126 133 91 74 154 103 188 171 181 192 40 63 117 140 110 101 68 15 123 175 122 46 51 107 134 19 0,21
PFG_MOEA,480,6,321.43,1884.2,0 60 50 64 78 193 163 13 8 55 62 177 65 130 161 170 143 145 82 33 178 160 83 99 59 108 166 73 26 114 179 113 37 121 148 129 93 25 4 111 56 132 17 0,
PFG_MOEA,481,1,363.45,1848.54,0 56 111 151 11 137 124 169 88 61 67 155 23 10 162 22 142 119 41 183 53 87 69 127 90 172 158 168 190 35 118 120 31 30 115 144 184 0,137
PFG_MOEA,481,2,363.45,1848.54,0 196 6 105 52 112 189 89 156 157 104 186 176 38 7 195 58 34 29 131 185 27 44 128 80 71 14 146 32 167 42 100 81 57 20 152 45 75 24 147 77 153 94 109 1 12 136 149 3 84 86 47 199 0,185
PFG_MOEA,481,3,363.45,1848.54,0 135 173 28 141 79 138 98 125 0,
PFG_MOEA,481,4,363.45,1848.54,0 159 2 97 85 66 102 36 5 49 0,
PFG_MOEA,481,5,363.45,1848.54,0 180 9 95 182 48 191 110 140 165 187 18 39 54 72 70 164 150 200 21 96 197 43 194 174 76 116 106 92 126 133 91 74 154 103 188 171 181 192 40 63 117 101 68 15 123 175 122 139 198 16 25 4 13 163 193 78 60 0,40 188
PFG_MOEA,481,6,363.45,1848.54,0 46 51 107 134 19 8 55 62 177 65 130 161 170 143 145 82 33 178 160 83 99 59 108 166 73 26 114 179 113 37 121 148 129 93 132 64 50 17 0,46
PFG_MOEA,482,1,261.55,2016.67,0 56 111 169 124 88 155 10 162 31 30 120 118 35 190 168 158 172 90 127 69 87 53 183 41 119 142 22 23 67 61 137 11 151 0,56 124
PFG_MOEA,482,2,261.55,2016.67,0 144 115 184 89 156 157 104 186 176 38 7 195 58 34 29 131 185 27 44 128 80 71 14 146 32 167 42 100 81 189 112 52 105 6 196 0,185
PFG_MOEA,482,3,261.55,2016.67,0 199 94 109 1 12 136 149 3 84 86 47 153 77 147 75 24 45 152 20 57 28 141 79 138 98 173 125 135 66 85 97 2 159 102 0,199
PFG_MOEA,482,4,261.55,2016.67,0 180 9 49 36 5 70 72 54 164 21 96 197 43 76 116 106 92 126 174 194 200 150 39 18 187 165 140 110 191 48 182 95 0,
PFG_MOEA,482,5,261.55,2016.67,0 16 139 198 117 63 181 171 192 40 74 91 133 154 103 188 101 68 15 123 175 25 129 148 93 4 13 163 193 78 60 0,63 188
PFG_MOEA,482,6,261.55,2016.67,0 46 122 51 107 134 19 8 55 62 177 65 130 161 170 143 145 82 33 178 160 83 99 59 108 166 73 26 114 179 113 37 121 132 64 50 17 0,46
PFG_MOEA,483,1,372.87,1829.64,0 199 47 86 84 3 149 136 12 1 109 94 153 77 147 24 75 45 152 20 57 28 42 100 173 98 138 141 79 167 32 146 14 71 80 128 44 27 185 131 29 34 58 195 7 38 176 186 104 157 156 89 81 135 125 189 112 52 159 0,
PFG_MOEA,483,2,372.87,1829.64,0 2 97 85 66 102 36 5 0,
PFG_MOEA,483,3,372.87,1829.64,0 180 9 49 95 182 48 191 110 140 165 187 18 39 54 72 70 164 150 200 21 96 197 43 194 174 76 116 106 92 126 133 91 74 154 103 188 171 181 192 40 63 117 101 68 15 123 175 122 139 198 16 0,40
PFG_MOEA,483,4,372.87,1829.64,0 60 78 193 13 64 50 17 132 4 8 55 62 177 65 130 161 170 143 145 82 33 178 160 83 99 59 108 166 73 26 114 179 113 37 121 148 129 93 25 19 134 107 51 46 0,
PFG_MOEA,483,5,372.87,1829.64,0 163 56 111 151 11 137 88 22 142 119 41 183 53 87 69 127 90 172 158 168 190 35 118 120 31 162 10 23 155 67 61 124 169 0,
PFG_MOEA,483,6,372.87,1829.64,0 144 115 30 184 105 6 196 0,105
PFG_MOEA,484,1,343.52,1869.54,0 184 144 115 120 118 35 190 168 158 172 90 127 69 87 53 183 41 119 30 31 162 142 22 10 23 155 67 61 88 137 11 151 0,
PFG_MOEA,484,2,343.52,1869.54,0 189 81 89 156 157 104 186 176 38 7 195 58 34 29 131 185 27 44 128 80 71 14 146 32 167 42 100 112 0,
PFG_MOEA,484,3,343.52,1869.54,0 94 109 1 12 136 149 3 84 86 47 153 77 147 75 24 45 199 196 6 52 105 152 20 57 28 141 79 138 98 173 125 135 66 85 97 2 159 102 49 9 180 0,173
PFG_MOEA,484,4,343.52,1869.54,0 36 5 0,
PFG_MOEA,484,5,343.52,1869.54,0 17 50 16 139 198 191 117 63 192 181 171 188 103 154 40 74 91 133 194 174 126 92 106 116 76 43 197 96 72 54 70 164 21 200 150 39 18 187 165 48 182 95 0,21 188 198
PFG_MOEA,484,6,343.52,1869.54,0 140 110 101 68 15 123 175 122 46 51 107 134 19 8 55 62 177 65 130 161 170 143 145 82 33 178 160 83 99 59 108 166 73 26 114 179 113 37 121 148 129 93 25 124 169 4 111 56 13 132 163 193 78 64 60 0,46 56 68 179
PFG_MOEA,485,1,336.24,1871.66,0 199 47 86 84 3 149 136 12 1 109 94 153 77 147 24 45 75 0,
PFG_MOEA,485,2,336.24,1871.66,0 95 5 36 102 97 112 85 66 125 135 81 89 156 157 104 186 176 38 7 195 58 34 29 131 185 27 44 128 80 71 14 146 32 167 79 141 138 98 173 100 42 28 57 20 152 189 52 2 159 180 49 9 0,89 185
PFG_MOEA,485,3,336.24,1871.66,0 182 48 191 110 140 165 187 18 39 54 72 70 164 150 200 21 96 197 43 194 174 76 116 106 92 126 133 91 74 154 103 188 171 181 192 40 63 117 101 68 15 123 175 122 139 0,68 91 139
PFG_MOEA,485,4,336.24,1871.66,0 16 198 46 51 107 134 19 25 93 129 148 121 37 113 179 114 26 73 166 108 59 99 83 160 178 33 82 145 143 170 161 130 65 177 62 55 8 4 111 132 163 56 13 193 78 60 64 50 17 151 0,
PFG_MOEA,485,5,336.24,1871.66,0 11 88 137 0,
PFG_MOEA,485,6,336.24,1871.66,0 169 124 61 67 155 23 10 162 22 142 119 41 183 53 87 69 127 90 172 158 168 190 35 118 120 30 31 115 144 184 105 6 196 0,155
PFG_MOEA,486,1,787.39,1705.64,0 196 153 0,
PFG_MOEA,486,2,787.39,1705.64,0 147 24 75 45 152 180 9 49 0,
PFG_MOEA,486,3,787.39,1705.64,0 5 36 102 0,
PFG_MOEA,486,4,787.39,1705.64,0 77 47 86 84 3 149 136 12 184 115 57 20 98 138 141 79 167 32 146 14 71 80 128 44 27 185 131 29 34 58 7 195 38 176 186 104 157 156 89 81 42 100 28 173 125 135 189 105 66 85 112 97 52 2 159 95 182 48 191 110 140 165 187 18 39 70 72 54 164 150 200 21 96 197 43 194 174 76 116 106 92 126 133 91 74 154 103 188 171 181 192 40 63 117 101 68 15 123 175 122 139 198 16 46 51 107 134 19 25 93 129 148 121 37 113 179 114 26 73 166 108 59 99 83 160 178 33 82 145 143 170 161 130 65 177 62 55 8 0,
PFG_MOEA,486,5,787.39,1705.64,0 163 132 4 111 56 13 193 78 60 0,
PFG_MOEA,486,6,787.39,1705.64,0 64 50 17 151 11 137 124 169 88 61 67 155 23 10 162 22 142 119 41 183 53 87 69 127 90 172 158 168 190 35 118 120 30 31 144 1 109 94 199 6 0,10 41 155
PFG_MOEA,487,1,313.2,1915.8,0 60 78 64 50 17 151 11 137 124 0,124
PFG_MOEA,487,2,313.2,1915.8,0 169 88 61 67 155 23 10 162 22 142 119 41 183 53 87 69 127 90 172 158 168 190 35 118 120 30 31 104 186 176 38 7 157 156 144 0,
PFG_MOEA,487,3,313.2,1915.8,0 189 81 100 42 167 32 146 14 71 80 128 44 27 185 131 29 34 58 195 112 0,29
PFG_MOEA,487,4,313.2,1915.8,0 196 6 199 75 45 24 147 77 153 94 109 1 115 184 12 136 149 3 84 86 47 57 20 98 138 141 79 89 28 173 125 135 66 85 97 52 105 152 2 159 102 36 5 49 9 180 0,5
PFG_MOEA,487,5,313.2,1915.8,0 139 122 175 123 15 68 101 117 63 40 192 181 171 188 103 154 74 91 133 126 92 106 116 76 174 194 43 197 96 21 200 150 164 54 72 70 39 18 187 165 140 110 191 48 182 95 198 0,63 91 188
PFG_MOEA,487,6,313.2,1915.8,0 16 46 51 107 134 19 25 93 129 148 121 37 113 179 114 26 73 166 108 59 99 83 160 178 33 82 145 143 170 161 130 65 177 62 55 8 4 111 132 163 56 13 193 0,46 145
PFG_MOEA,488,1,520.32,1777.06,0 50 17 151 11 137 124 169 88 61 67 155 23 10 162 22 142 119 41 183 53 87 69 127 90 172 158 168 190 35 118 120 31 30 115 144 184 0,137
PFG_MOEA,488,2,520.32,1777.06,0 196 6 105 52 112 189 89 156 157 104 186 176 38 7 195 58 34 29 131 185 27 44 128 80 71 14 146 32 167 42 100 81 57 20 152 45 75 24 147 77 0,
PFG_MOEA,488,3,520.32,1777.06,0 199 47 86 84 3 149 136 12 1 109 94 153 135 180 0,1
PFG_MOEA,488,4,520.32,1777.06,0 9 49 159 2 97 85 98 138 79 141 28 173 125 66 102 36 5 95 182 48 0,
PFG_MOEA,488,5,520.32,1777.06,0 16 198 191 110 140 165 187 18 39 70 72 54 164 150 200 21 96 197 43 194 174 76 116 106 92 126 133 91 74 154 103 188 171 181 192 40 63 117 101 68 15 123 175 122 139 46 51 107 134 19 25 93 129 148 121 37 113 179 114 26 73 166 108 59 99 83 160 178 33 82 145 143 170 161 130 65 177 62 55 8 4 111 132 163 56 13 193 78 0,106 111
PFG_MOEA,488,6,520.32,1777.06,0 60 64 0,
PFG_MOEA,489,1,546.46,1762.35,0 50 17 151 11 137 0,
PFG_MOEA,489,2,546.46,1762.35,0 169 124 88 67 61 0,
PFG_MOEA,489,3,546.46,1762.35,0 159 2 52 97 112 85 105 189 100 81 57 20 152 45 75 24 147 77 153 94 1 47 86 84 3 149 136 12 184 144 115 30 31 120 118 35 190 168 158 172 90 127 69 87 53 183 41 119 142 22 162 10 23 155 109 199 6 196 0,1
PFG_MOEA,489,4,546.46,1762.35,0 9 49 5 36 180 135 125 173 28 42 89 156 157 104 186 176 38 195 7 58 34 29 131 185 27 44 128 80 71 14 146 32 167 79 141 138 98 66 102 95 182 48 191 110 140 165 187 18 39 70 72 54 164 150 200 21 96 197 43 194 174 76 116 106 92 126 133 91 74 154 103 188 171 181 192 40 63 117 101 68 15 123 175 122 139 198 16 46 51 107 134 19 0,91
PFG_MOEA,489,5,546.46,1762.35,0 163 132 111 4 8 55 62 177 65 130 161 170 143 145 82 33 178 160 83 99 59 108 166 73 26 114 179 113 37 121 148 129 93 25 56 13 193 78 0,
PFG_MOEA,489,6,546.46,1762.35,0 60 64 0,
PFG_MOEA,490,1,403.49,1779.21,0 196 6 77 0,
PFG_MOEA,490,2,403.49,1779.21,0 199 94 109 1 144 61 124 169 151 11 137 88 67 155 23 10 162 22 142 119 41 183 53 87 69 127 90 172 158 168 190 35 118 120 31 30 115 184 12 136 149 3 84 86 47 153 147 24 75 45 152 105 189 112 52 2 159 102 36 5 49 9 180 0,
PFG_MOEA,490,3,403.49,1779.21,0 97 0,
PFG_MOEA,490,4,403.49,1779.21,0 20 57 81 89 156 157 104 186 176 38 195 7 58 34 29 131 185 27 44 128 80 71 14 146 32 167 42 100 79 141 138 98 28 173 66 85 125 135 0,89 131
PFG_MOEA,490,5,403.49,1779.21,0 16 139 198 95 182 191 48 165 187 18 39 54 72 70 164 150 200 21 96 197 43 194 174 76 116 106 92 126 133 91 74 154 103 188 171 181 192 40 63 117 140 110 101 68 15 123 175 122 46 51 107 134 19 8 55 0,21 198
PFG_MOEA,490,6,403.49,1779.21,0 60 78 193 163 13 62 177 65 130 161 170 143 145 82 33 178 160 83 99 59 108 166 73 26 114 179 113 37 121 148 129 93 25 4 111 56 132 64 50 17 0,56
PFG_MOEA,491,1,547.48,1749.89,0 151 0,
PFG_MOEA,491,2,547.48,1749.89,0 50 17 169 124 137 11 88 61 67 155 23 10 162 22 142 119 41 183 53 87 69 127 90 172 158 168 190 35 118 120 31 30 115 144 184 12 136 149 0,50 87 155
PFG_MOEA,491,3,547.48,1749.89,0 196 6 105 52 112 189 100 81 57 20 152 45 75 24 147 77 153 94 109 1 3 84 86 47 199 0,1
PFG_MOEA,491,4,547.48,1749.89,0 159 2 97 85 66 98 138 141 79 167 32 146 14 71 80 128 44 27 185 131 29 34 58 195 7 38 176 186 104 157 156 89 42 28 173 125 135 102 36 0,89
PFG_MOEA,491,5,547.48,1749.89,0 60 78 193 13 163 64 132 56 111 4 25 93 129 148 121 37 113 179 114 26 73 166 108 59 99 83 160 178 33 82 145 143 170 161 130 65 177 62 55 8 19 134 123 175 122 16 139 198 15 68 101 117 63 40 192 181 171 188 103 154 74 91 133 126 92 106 116 76 174 194 43 197 96 21 200 150 164 70 72 54 39 18 187 165 140 110 191 48 182 95 5 49 9 180 0,5 63 68
PFG_MOEA,491,6,547.48,1749.89,0 51 107 46 0,
PFG_MOEA,492,1,321.43,1884.2,0 196 6 199 77 94 109 1 184 115 30 31 120 118 35 190 168 158 172 90 127 69 87 53 183 41 119 142 22 162 10 23 155 67 88 137 11 151 169 124 61 144 0,
PFG_MOEA,492,2,321.43,1884.2,0 12 136 149 3 84 86 47 153 147 24 75 45 152 105 189 112 97 52 2 159 102 36 5 49 9 180 0,97
PFG_MOEA,492,3,321.43,1884.2,0 20 57 81 0,
PFG_MOEA,492,4,321.43,1884.2,0 135 125 89 156 157 104 186 176 38 195 7 58 34 29 131 185 27 44 128 80 71 14 146 32 167 42 100 79 141 138 98 28 173 66 85 72 54 39 18 187 165 48 191 182 95 198 139 16 0,89 185
PFG_MOEA,492,5,321.43,1884.2,0 70 164 150 200 21 96 197 43 194 174 76 116 106 92 126 133 91 74 154 103 188 171 181 192 40 63 117 140 110 101 68 15 123 175 122 46 51 107 134 19 0,21
PFG_MOEA,492,6,321.43,1884.2,0 60 50 64 78 193 163 13 8 55 62 177 65 130 161 170 143 145 82 33 178 160 83 99 59 108 166 73 26 114 179 113 37 121 148 129 93 25 4 111 56 132 17 0,
PFG_MOEA,493,1,363.45,1848.54,0 56 111 151 11 137 124 169 88 61 67 155 23 10 162 22 142 119 41 183 53 87 69 127 90 172 158 168 190 35 118 120 31 30 115 144 184 0,137
PFG_MOEA,493,2,363.45,1848.54,0 196 6 105 52 112 189 89 156 157 104 186 176 38 7 195 58 34 29 131 185 27 44 128 80 71 14 146 32 167 42 100 81 57 20 152 45 75 24 147 77 153 94 109 1 12 136 149 3 84 86 47 199 0,185
PFG_MOEA,493,3,363.45,1848.54,0 135 173 28 141 79 138 98 125 0,
PFG_MOEA,493,4,363.45,1848.54,0 159 2 97 85 66 102 36 5 49 0,
PFG_MOEA,493,5,363.45,1848.54,0 180 9 95 182 48 191 110 140 165 187 18 39 54 72 70 164 150 200 21 96 197 43 194 174 76 116 106 92 126 133 91 74 154 103 188 171 181 192 40 63 117 101 68 15 123 175 122 139 198 16 25 4 13 163 193 78 60 0,40 188
PFG_MOEA,493,6,363.45,1848.54,0 46 51 107 134 19 8 55 62 177 65 130 161 170 143 145 82 33 178 160 83 99 59 108 166 73 26 114 179 113 37 121 148 129 93 132 64 50 17 0,46
PFG_MOEA,494,1,261.55,2016.67,0 56 111 169 124 88 155 10 162 31 30 120 118 35 190 168 158 172 90 127 69 87 53 183 41 119 142 22 23 67 61 137 11 151 0,56 124
PFG_MOEA,494,2,261.55,2016.67,0 144 115 184 89 156 157 104 186 176 38 7 195 58 34 29 131 185 27 44 128 80 71 14 146 32 167 42 100 81 189 112 52 105 6 196 0,185
PFG_MOEA,494,3,261.55,2016.67,0 199 94 109 1 12 136 149 3 84 86 47 153 77 147 75 24 45 152 20 57 28 141 79 138 98 173 125 135 66 85 97 2 159 102 0,199
PFG_MOEA,494,4,261.55,2016.67,0 180 9 49 36 5 70 72 54 164 21 96 197 43 76 116 106 92 126 174 194 200 150 39 18 187 165 140 110 191 48 182 95 0,
PFG_MOEA,494,5,261.55,2016.67,0 16 139 198 117 63 181 171 192 40 74 91 133 154 103 188 101 68 15 123 175 25 129 148 93 4 13 163 193 78 60 0,63 188
PFG_MOEA,494,6,261.55,2016.67,0 46 122 51 107 134 19 8 55 62 177 65 130 161 170 143 145 82 33 178 160 83 99 59 108 166 73 26 114 179 113 37 121 132 64 50 17 0,46
PFG_MOEA,495,1,372.87,1829.64,0 199 47 86 84 3 149 136 12 1 109 94 153 77 147 24 75 45 152 20 57 28 42 100 173 98 138 141 79 167 32 146 14 71 80 128 44 27 185 131 29 34 58 195 7 38 176 186 104 157 156 89 81 135 125 189 112 52 159 0,
PFG_MOEA,495,2,372.87,1829.64,0 2 97 85 66 102 36 5 0,
PFG_MOEA,495,3,372.87,1829.64,0 180 9 49 95 182 48 191 110 140 165 187 18 39 54 72 70 164 150 200 21 96 197 43 194 174 76 116 106 92 126 133 91 74 154 103 188 171 181 192 40 63 117 101 68 15 123 175 122 139 198 16 0,40
PFG_MOEA,495,4,372.87,1829.64,0 60 78 193 13 64 50 17 132 4 8 55 62 177 65 130 161 170 143 145 82 33 178 160 83 99 59 108 166 73 26 114 179 113 37 121 148 129 93 25 19 134 107 51 46 0,
PFG_MOEA,495,5,372.87,1829.64,0 163 56 111 151 11 137 88 22 142 119 41 183 53 87 69 127 90 172 158 168 190 35 118 120 31 162 10 23 155 67 61 124 169 0,
PFG_MOEA,495,6,372.87,1829.64,0 144 115 30 184 105 6 196 0,105
PFG_MOEA,496,1,343.52,1869.54,0 184 144 115 120 118 35 190 168 158 172 90 127 69 87 53 183 41 119 30 31 162 142 22 10 23 155 67 61 88 137 11 151 0,
PFG_MOEA,496,2,343.52,1869.54,0 189 81 89 156 157 104 186 176 38 7 195 58 34 29 131 185 27 44 128 80 71 14 146 32 167 42 100 112 0,
PFG_MOEA,496,3,343.52,1869.54,0 94 109 1 12 136 149 3 84 86 47 153 77 147 75 24 45 199 196 6 52 105 152 20 57 28 141 79 138 98 173 125 135 66 85 97 2 159 102 49 9 180 0,173
PFG_MOEA,496,4,343.52,1869.54,0 36 5 0,
PFG_MOEA,496,5,343.52,1869.54,0 17 50 16 139 198 191 117 63 192 181 171 188 103 154 40 74 91 133 194 174 126 92 106 116 76 43 197 96 72 54 70 164 21 200 150 39 18 187 165 48 182 95 0,21 188 198
PFG_MOEA,496,6,343.52,1869.54,0 140 110 101 68 15 123 175 122 46 51 107 134 19 8 55 62 177 65 130 161 170 143 145 82 33 178 160 83 99 59 108 166 73 26 114 179 113 37 121 148 129 93 25 124 169 4 111 56 13 132 163 193 78 64 60 0,46 56 68 179
PFG_MOEA,497,1,336.24,1871.66,0 199 47 86 84 3 149 136 12 1 109 94 153 77 147 24 45 75 0,
PFG_MOEA,497,2,336.24,1871.66,0 95 5 36 102 97 112 85 66 125 135 81 89 156 157 104 186 176 38 7 195 58 34 29 131 185 27 44 128 80 71 14 146 32 167 79 141 138 98 173 100 42 28 57 20 152 189 52 2 159 180 49 9 0,89 185
PFG_MOEA,497,3,336.24,1871.66,0 182 48 191 110 140 165 187 18 39 54 72 70 164 150 200 21 96 197 43 194 174 76 116 106 92 126 133 91 74 154 103 188 171 181 192 40 63 117 101 68 15 123 175 122 139 0,68 91 139
PFG_MOEA,497,4,336.24,1871.66,0 16 198 46 51 107 134 19 25 93 129 148 121 37 113 179 114 26 73 166 108 59 99 83 160 178 33 82 145 143 170 161 130 65 177 62 55 8 4 111 132 163 56 13 193 78 60 64 50 17 151 0,
PFG_MOEA,497,5,336.24,1871.66,0 11 88 137 0,
PFG_MOEA,497,6,336.24,1871.66,0 169 124 61 67 155 23 10 162 22 142 119 41 183 53 87 69 127 90 172 158 168 190 35 118 120 30 31 115 144 184 105 6 196 0,155
PFG_MOEA,498,1,787.39,1705.64,0 196 153 0,
PFG_MOEA,498,2,787.39,1705.64,0 147 24 75 45 152 180 9 49 0,
PFG_MOEA,498,3,787.39,1705.64,0 5 36 102 0,
PFG_MOEA,498,4,787.39,1705.64,0 77 47 86 84 3 149 136 12 184 115 57 20 98 138 141 79 167 32 146 14 71 80 128 44 27 185 131 29 34 58 7 195 38 176 186 104 157 156 89 81 42 100 28 173 125 135 189 105 66 85 112 97 52 2 159 95 182 48 191 110 140 165 187 18 39 70 72 54 164 150 200 21 96 197 43 194 174 76 116 106 92 126 133 91 74 154 103 188 171 181 192 40 63 117 101 68 15 123 175 122 139 198 16 46 51 107 134 19 25 93 129 148 121 37 113 179 114 26 73 166 108 59 99 83 160 178 33 82 145 143 170 161 130 65 177 62 55 8 0,
PFG_MOEA,498,5,787.39,1705.64,0 163 132 4 111 56 13 193 78 60 0,
PFG_MOEA,498,6,787.39,1705.64,0 64 50 17 151 11 137 124 169 88 61 67 155 23 10 162 22 142 119 41 183 53 87 69 127 90 172 158 168 190 35 118 120 30 31 144 1 109 94 199 6 0,10 41 155
PFG_MOEA,499,1,313.2,1915.8,0 60 78 64 50 17 151 11 137 124 0,124
PFG_MOEA,499,2,313.2,1915.8,0 169 88 61 67 155 23 10 162 22 142 119 41 183 53 87 69 127 90 172 158 168 190 35 118 120 30 31 104 186 176 38 7 157 156 144 0,
PFG_MOEA,499,3,313.2,1915.8,0 189 81 100 42 167 32 146 14 71 80 128 44 27 185 131 29 34 58 195 112 0,29
PFG_MOEA,499,4,313.2,1915.8,0 196 6 199 75 45 24 147 77 153 94 109 1 115 184 12 136 149 3 84 86 47 57 20 98 138 141 79 89 28 173 125 135 66 85 97 52 105 152 2 159 102 36 5 49 9 180 0,5
PFG_MOEA,499,5,313.2,1915.8,0 139 122 175 123 15 68 101 117 63 40 192 181 171 188 103 154 74 91 133 126 92 106 116 76 174 194 43 197 96 21 200 150 164 54 72 70 39 18 187 165 140 110 191 48 182 95 198 0,63 91 188
PFG_MOEA,499,6,313.2,1915.8,0 16 46 51 107 134 19 25 93 129 148 121 37 113 179 114 26 73 166 108 59 99 83 160 178 33 82 145 143 170 161 130 65 177 62 55 8 4 111 132 163 56 13 193 0,46 145
PFG_MOEA,500,1,520.32,1777.06,0 50 17 151 11 137 124 169 88 61 67 155 23 10 162 22 142 119 41 183 53 87 69 127 90 172 158 168 190 35 118 120 31 30 115 144 184 0,137
PFG_MOEA,500,2,520.32,1777.06,0 196 6 105 52 112 189 89 156 157 104 186 176 38 7 195 58 34 29 131 185 27 44 128 80 71 14 146 32 167 42 100 81 57 20 152 45 75 24 147 77 0,
PFG_MOEA,500,3,520.32,1777.06,0 199 47 86 84 3 149 136 12 1 109 94 153 135 180 0,1
PFG_MOEA,500,4,520.32,1777.06,0 9 49 159 2 97 85 98 138 79 141 28 173 125 66 102 36 5 95 182 48 0,
PFG_MOEA,500,5,520.32,1777.06,0 16 198 191 110 140 165 187 18 39 70 72 54 164 150 200 21 96 197 43 194 174 76 116 106 92 126 133 91 74 154 103 188 171 181 192 40 63 117 101 68 15 123 175 122 139 46 51 107 134 19 25 93 129 148 121 37 113 179 114 26 73 166 108 59 99 83 160 178 33 82 145 143 170 161 130 65 177 62 55 8 4 111 132 163 56 13 193 78 0,106 111
PFG_MOEA,500,6,520.32,1777.06,0 60 64 0,
PFG_MOEA,501,1,546.46,1762.35,0 50 17 151 11 137 0,
PFG_MOEA,501,2,546.46,1762.35,0 169 124 88 67 61 0,
PFG_MOEA,501,3,546.46,1762.35,0 159 2 52 97 112 85 105 189 100 81 57 20 152 45 75 24 147 77 153 94 1 47 86 84 3 149 136 12 184 144 115 30 31 120 118 35 190 168 158 172 90 127 69 87 53 183 41 119 142 22 162 10 23 155 109 199 6 196 0,1
PFG_MOEA,501,4,546.46,1762.35,0 9 49 5 36 180 135 125 173 28 42 89 156 157 104 186 176 38 195 7 58 34 29 131 185 27 44 128 80 71 14 146 32 167 79 141 138 98 66 102 95 182 48 191 110 140 165 187 18 39 70 72 54 164 150 200 21 96 197 43 194 174 76 116 106 92 126 133 91 74 154 103 188 171 181 192 40 63 117 101 68 15 123 175 122 139 198 16 46 51 107 134 19 0,91
PFG_MOEA,501,5,546.46,1762.35,0 163 132 111 4 8 55 62 177 65 130 161 170 143 145 82 33 178 160 83 99 59 108 166 73 26 114 179 113 37 121 148 129 93 25 56 13 193 78 0,
PFG_MOEA,501,6,546.46,1762.35,0 60 64 0,
PFG_MOEA,502,1,403.49,1779.21,0 196 6 77 0,
PFG_MOEA,502,2,403.49,1779.21,0 199 94 109 1 144 61 124 169 151 11 137 88 67 155 23 10 162 22 142 119 41 183 53 87 69 127 90 172 158 168 190 35 118 120 31 30 115 184 12 136 149 3 84 86 47 153 147 24 75 45 152 105 189 112 52 2 159 102 36 5 49 9 180 0,
PFG_MOEA,502,3,403.49,1779.21,0 97 0,
PFG_MOEA,502,4,403.49,1779.21,0 20 57 81 89 156 157 104 186 176 38 195 7 58 34 29 131 185 27 44 128 80 71 14 146 32 167 42 100 79 141 138 98 28 173 66 85 125 135 0,89 131
PFG_MOEA,502,5,403.49,1779.21,0 16 139 198 95 182 191 48 165 187 18 39 54 72 70 164 150 200 21 96 197 43 194 174 76 116 106 92 126 133 91 74 154 103 188 171 181 192 40 63 117 140 110 101 68 15 123 175 122 46 51 107 134 19 8 55 0,21 198
PFG_MOEA,502,6,403.49,1779.21,0 60 78 193 163 13 62 177 65 130 161 170 143 145 82 33 178 160 83 99 59 108 166 73 26 114 179 113 37 121 148 129 93 25 4 111 56 132 64 50 17 0,56
PFG_MOEA,503,1,547.48,1749.89,0 151 0,
PFG_MOEA,503,2,547.48,1749.89,0 50 17 169 124 137 11 88 61 67 155 23 10 162 22 142 119 41 183 53 87 69 127 90 172 158 168 190 35 118 120 31 30 115 144 184 12 136 149 0,50 87 155
PFG_MOEA,503,3,547.48,1749.89,0 196 6 105 52 112 189 100 81 57 20 152 45 75 24 147 77 153 94 109 1 3 84 86 47 199 0,1
PFG_MOEA,503,4,547.48,1749.89,0 159 2 97 85 66 98 138 141 79 167 32 146 14 71 80 128 44 27 185 131 29 34 58 195 7 38 176 186 104 157 156 89 42 28 173 125 135 102 36 0,89
PFG_MOEA,503,5,547.48,1749.89,0 60 78 193 13 163 64 132 56 111 4 25 93 129 148 121 37 113 179 114 26 73 166 108 59 99 83 160 178 33 82 145 143 170 161 130 65 177 62 55 8 19 134 123 175 122 16 139 198 15 68 101 117 63 40 192 181 171 188 103 154 74 91 133 126 92 106 116 76 174 194 43 197 96 21 200 150 164 70 72 54 39 18 187 165 140 110 191 48 182 95 5 49 9 180 0,5 63 68
PFG_MOEA,503,6,547.48,1749.89,0 51 107 46 0,
PFG_MOEA,504,1,321.43,1884.2,0 196 6 199 77 94 109 1 184 115 30 31 120 118 35 190 168 158 172 90 127 69 87 53 183 41 119 142 22 162 10 23 155 67 88 137 11 151 169 124 61 144 0,
PFG_MOEA,504,2,321.43,1884.2,0 12 136 149 3 84 86 47 153 147 24 75 45 152 105 189 112 97 52 2 159 102 36 5 49 9 180 0,97
PFG_MOEA,504,3,321.43,1884.2,0 20 57 81 0,
PFG_MOEA,504,4,321.43,1884.2,0 135 125 89 156 157 104 186 176 38 195 7 58 34 29 131 185 27 44 128 80 71 14 146 32 167 42 100 79 141 138 98 28 173 66 85 72 54 39 18 187 165 48 191 182 95 198 139 16 0,89 185
PFG_MOEA,504,5,321.43,1884.2,0 70 164 150 200 21 96 197 43 194 174 76 116 106 92 126 133 91 74 154 103 188 171 181 192 40 63 117 140 110 101 68 15 123 175 122 46 51 107 134 19 0,21
PFG_MOEA,504,6,321.43,1884.2,0 60 50 64 78 193 163 13 8 55 62 177 65 130 161 170 143 145 82 33 178 160 83 99 59 108 166 73 26 114 179 113 37 121 148 129 93 25 4 111 56 132 17 0,
PFG_MOEA,505,1,363.45,1848.54,0 56 111 151 11 137 124 169 88 61 67 155 23 10 162 22 142 119 41 183 53 87 69 127 90 172 158 168 190 35 118 120 31 30 115 144 184 0,137
PFG_MOEA,505,2,363.45,1848.54,0 196 6 105 52 112 189 89 156 157 104 186 176 38 7 195 58 34 29 131 185 27 44 128 80 71 14 146 32 167 42 100 81 57 20 152 45 75 24 147 77 153 94 109 1 12 136 149 3 84 86 47 199 0,185
PFG_MOEA,505,3,363.45,1848.54,0 135 173 28 141 79 138 98 125 0,
PFG_MOEA,505,4,363.45,1848.54,0 159 2 97 85 66 102 36 5 49 0,
PFG_MOEA,505,5,363.45,1848.54,0 180 9 95 182 48 191 110 140 165 187 18 39 54 72 70 164 150 200 21 96 197 43 194 174 76 116 106 92 126 133 91 74 154 103 188 171 181 192 40 63 117 101 68 15 123 175 122 139 198 16 25 4 13 163 193 78 60 0,40 188
PFG_MOEA,505,6,363.45,1848.54,0 46 51 107 134 19 8 55 62 177 65 130 161 170 143 145 82 33 178 160 83 99 59 108 166 73 26 114 179 113 37 121 148 129 93 132 64 50 17 0,46
PFG_MOEA,506,1,261.55,2016.67,0 56 111 169 124 88 155 10 162 31 30 120 118 35 190 168 158 172 90 127 69 87 53 183 41 119 142 22 23 67 61 137 11 151 0,56 124
PFG_MOEA,506,2,261.55,2016.67,0 144 115 184 89 156 157 104 186 176 38 7 195 58 34 29 131 185 27 44 128 80 71 14 146 32 167 42 100 81 189 112 52 105 6 196 0,185
PFG_MOEA,506,3,261.55,2016.67,0 199 94 109 1 12 136 149 3 84 86 47 153 77 147 75 24 45 152 20 57 28 141 79 138 98 173 125 135 66 85 97 2 159 102 0,199
PFG_MOEA,506,4,261.55,2016.67,0 180 9 49 36 5 70 72 54 164 21 96 197 43 76 116 106 92 126 174 194 200 150 39 18 187 165 140 110 191 48 182 95 0,
PFG_MOEA,506,5,261.55,2016.67,0 16 139 198 117 63 181 171 192 40 74 91 133 154 103 188 101 68 15 123 175 25 129 148 93 4 13 163 193 78 60 0,63 188
PFG_MOEA,506,6,261.55,2016.67,0 46 122 51 107 134 19 8 55 62 177 65 130 161 170 143 145 82 33 178 160 83 99 59 108 166 73 26 114 179 113 37 121 132 64 50 17 0,46
PFG_MOEA,507,1,372.87,1829.64,0 199 47 86 84 3 149 136 12 1 109 94 153 77 147 24 75 45 152 20 57 28 42 100 173 98 138 141 79 167 32 146 14 71 80 128 44 27 185 131 29 34 58 195 7 38 176 186 104 157 156 89 81 135 125 189 112 52 159 0,
PFG_MOEA,507,2,372.87,1829.64,0 2 97 85 66 102 36 5 0,
PFG_MOEA,507,3,372.87,1829.64,0 180 9 49 95 182 48 191 110 140 165 187 18 39 54 72 70 164 150 200 21 96 197 43 194 174 76 116 106 92 126 133 91 74 154 103 188 171 181 192 40 63 117 101 68 15 123 175 122 139 198 16 0,40
PFG_MOEA,507,4,372.87,1829.64,0 60 78 193 13 64 50 17 132 4 8 55 62 177 65 130 161 170 143 145 82 33 178 160 83 99 59 108 166 73 26 114 179 113 37 121 148 129 93 25 19 134 107 51 46 0,
PFG_MOEA,507,5,372.87,1829.64,0 163 56 111 151 11 137 88 22 142 119 41 183 53 87 69 127 90 172 158 168 190 35 118 120 31 162 10 23 155 67 61 124 169 0,
PFG_MOEA,507,6,372.87,1829.64,0 144 115 30 184 105 6 196 0,105
PFG_MOEA,508,1,343.52,1869.54,0 184 144 115 120 118 35 190 168 158 172 90 127 69 87 53 183 41 119 30 31 162 142 22 10 23 155 67 61 88 137 11 151 0,
PFG_MOEA,508,2,343.52,1869.54,0 189 81 89 156 157 104 186 176 38 7 195 58 34 29 131 185 27 44 128 80 71 14 146 32 167 42 100 112 0,
PFG_MOEA,508,3,343.52,1869.54,0 94 109 1 12 136 149 3 84 86 47 153 77 147 75 24 45 199 196 6 52 105 152 20 57 28 141 79 138 98 173 125 135 66 85 97 2 159 102 49 9 180 0,173
PFG_MOEA,508,4,343.52,1869.54,0 36 5 0,
PFG_MOEA,508,5,343.52,1869.54,0 17 50 16 139 198 191 117 63 192 181 171 188 103 154 40 74 91 133 194 174 126 92 106 116 76 43 197 96 72 54 70 164 21 200 150 39 18 187 165 48 182 95 0,21 188 198
PFG_MOEA,508,6,343.52,1869.54,0 140 110 101 68 15 123 175 122 46 51 107 134 19 8 55 62 177 65 130 161 170 143 145 82 33 178 160 83 99 59 108 166 73 26 114 179 113 37 121 148 129 93 25 124 169 4 111 56 13 132 163 193 78 64 60 0,46 56 68 179
PFG_MOEA,509,1,336.24,1871.66,0 199 47 86 84 3 149 136 12 1 109 94 153 77 147 24 45 75 0,
PFG_MOEA,509,2,336.24,1871.66,0 95 5 36 102 97 112 85 66 125 135 81 89 156 157 104 186 176 38 7 195 58 34 29 131 185 27 44 128 80 71 14 146 32 167 79 141 138 98 173 100 42 28 57 20 152 189 52 2 159 180 49 9 0,89 185
PFG_MOEA,509,3,336.24,1871.66,0 182 48 191 110 140 165 187 18 39 54 72 70 164 150 200 21 96 197 43 194 174 76 116 106 92 126 133 91 74 154 103 188 171 181 192 40 63 117 101 68 15 123 175 122 139 0,68 91 139
PFG_MOEA,509,4,336.24,1871.66,0 16 198 46 51 107 134 19 25 93 129 148 121 37 113 179 114 26 73 166 108 59 99 83 160 178 33 82 145 143 170 161 130 65 177 62 55 8 4 111 132 163 56 13 193 78 60 64 50 17 151 0,
PFG_MOEA,509,5,336.24,1871.66,0 11 88 137 0,
PFG_MOEA,509,6,336.24,1871.66,0 169 124 61 67 155 23 10 162 22 142 119 41 183 53 87 69 127 90 172 158 168 190 35 118 120 30 31 115 144 184 105 6 196 0,155
PFG_MOEA,510,1,787.39,1705.64,0 196 153 0,
PFG_MOEA,510,2,787.39,1705.64,0 147 24 75 45 152 180 9 49 0,
PFG_MOEA,510,3,787.39,1705.64,0 5 36 102 0,
PFG_MOEA,510,4,787.39,1705.64,0 77 47 86 84 3 149 136 12 184 115 57 20 98 138 141 79 167 32 146 14 71 80 128 44 27 185 131 29 34 58 7 195 38 176 186 104 157 156 89 81 42 100 28 173 125 135 189 105 66 85 112 97 52 2 159 95 182 48 191 110 140 165 187 18 39 70 72 54 164 150 200 21 96 197 43 194 174 76 116 106 92 126 133 91 74 154 103 188 171 181 192 40 63 117 101 68 15 123 175 122 139 198 16 46 51 107 134 19 25 93 129 148 121 37 113 179 114 26 73 166 108 59 99 83 160 178 33 82 145 143 170 161 130 65 177 62 55 8 0,
PFG_MOEA,510,5,787.39,1705.64,0 163 132 4 111 56 13 193 78 60 0,
PFG_MOEA,510,6,787.39,1705.64,0 64 50 17 151 11 137 124 169 88 61 67 155 23 10 162 22 142 119 41 183 53 87 69 127 90 172 158 168 190 35 118 120 30 31 144 1 109 94 199 6 0,10 41 155
PFG_MOEA,511,1,313.2,1915.8,0 60 78 64 50 17 151 11 137 124 0,124
PFG_MOEA,511,2,313.2,1915.8,0 169 88 61 67 155 23 10 162 22 142 119 41 183 53 87 69 127 90 172 158 168 190 35 118 120 30 31 104 186 176 38 7 157 156 144 0,
PFG_MOEA,511,3,313.2,1915.8,0 189 81 100 42 167 32 146 14 71 80 128 44 27 185 131 29 34 58 195 112 0,29
PFG_MOEA,511,4,313.2,1915.8,0 196 6 199 75 45 24 147 77 153 94 109 1 115 184 12 136 149 3 84 86 47 57 20 98 138 141 79 89 28 173 125 135 66 85 97 52 105 152 2 159 102 36 5 49 9 180 0,5
PFG_MOEA,511,5,313.2,1915.8,0 139 122 175 123 15 68 101 117 63 40 192 181 171 188 103 154 74 91 133 126 92 106 116 76 174 194 43 197 96 21 200 150 164 54 72 70 39 18 187 165 140 110 191 48 182 95 198 0,63 91 188
PFG_MOEA,511,6,313.2,1915.8,0 16 46 51 107 134 19 25 93 129 148 121 37 113 179 114 26 73 166 108 59 99 83 160 178 33 82 145 143 170 161 130 65 177 62 55 8 4 111 132 163 56 13 193 0,46 145
PFG_MOEA,512,1,520.32,1777.06,0 50 17 151 11 137 124 169 88 61 67 155 23 10 162 22 142 119 41 183 53 87 69 127 90 172 158 168 190 35 118 120 31 30 115 144 184 0,137
PFG_MOEA,512,2,520.32,1777.06,0 196 6 105 52 112 189 89 156 157 104 186 176 38 7 195 58 34 29 131 185 27 44 128 80 71 14 146 32 167 42 100 81 57 20 152 45 75 24 147 77 0,
PFG_MOEA,512,3,520.32,1777.06,0 199 47 86 84 3 149 136 12 1 109 94 153 135 180 0,1
PFG_MOEA,512,4,520.32,1777.06,0 9 49 159 2 97 85 98 138 79 141 28 173 125 66 102 36 5 95 182 48 0,
PFG_MOEA,512,5,520.32,1777.06,0 16 198 191 110 140 165 187 18 39 70 72 54 164 150 200 21 96 197 43 194 174 76 116 106 92 126 133 91 74 154 103 188 171 181 192 40 63 117 101 68 15 123 175 122 139 46 51 107 134 19 25 93 129 148 121 37 113 179 114 26 73 166 108 59 99 83 160 178 33 82 145 143 170 161 130 65 177 62 55 8 4 111 132 163 56 13 193 78 0,106 111
PFG_MOEA,512,6,520.32,1777.06,0 60 64 0,
PFG_MOEA,513,1,546.46,1762.35,0 50 17 151 11 137 0,
PFG_MOEA,513,2,546.46,1762.35,0 169 124 88 67 61 0,
PFG_MOEA,513,3,546.46,1762.35,0 159 2 52 97 112 85 105 189 100 81 57 20 152 45 75 24 147 77 153 94 1 47 86 84 3 149 136 12 184 144 115 30 31 120 118 35 190 168 158 172 90 127 69 87 53 183 41 119 142 22 162 10 23 155 109 199 6 196 0,1
PFG_MOEA,513,4,546.46,1762.35,0 9 49 5 36 180 135 125 173 28 42 89 156 157 104 186 176 38 195 7 58 34 29 131 185 27 44 128 80 71 14 146 32 167 79 141 138 98 66 102 95 182 48 191 110 140 165 187 18 39 70 72 54 164 150 200 21 96 197 43 194 174 76 116 106 92 126 133 91 74 154 103 188 171 181 192 40 63 117 101 68 15 123 175 122 139 198 16 46 51 107 134 19 0,91
PFG_MOEA,513,5,546.46,1762.35,0 163 132 111 4 8 55 62 177 65 130 161 170 143 145 82 33 178 160 83 99 59 108 166 73 26 114 179 113 37 121 148 129 93 25 56 13 193 78 0,
PFG_MOEA,513,6,546.46,1762.35,0 60 64 0,
PFG_MOEA,514,1,403.49,1779.21,0 196 6 77 0,
PFG_MOEA,514,2,403.49,1779.21,0 199 94 109 1 144 61 124 169 151 11 137 88 67 155 23 10 162 22 142 119 41 183 53 87 69 127 90 172 158 168 190 35 118 120 31 30 115 184 12 136 149 3 84 86 47 153 147 24 75 45 152 105 189 112 52 2 159 102 36 5 49 9 180 0,
PFG_MOEA,514,3,403.49,1779.21,0 97 0,
PFG_MOEA,514,4,403.49,1779.21,0 20 57 81 89 156 157 104 186 176 38 195 7 58 34 29 131 185 27 44 128 80 71 14 146 32 167 42 100 79 141 138 98 28 173 66 85 125 135 0,89 131
PFG_MOEA,514,5,403.49,1779.21,0 16 139 198 95 182 191 48 165 187 18 39 54 72 70 164 150 200 21 96 197 43 194 174 76 116 106 92 126 133 91 74 154 103 188 171 181 192 40 63 117 140 110 101 68 15 123 175 122 46 51 107 134 19 8 55 0,21 198
PFG_MOEA,514,6,403.49,1779.21,0 60 78 193 163 13 62 177 65 130 161 170 143 145 82 33 178 160 83 99 59 108 166 73 26 114 179 113 37 121 148 129 93 25 4 111 56 132 64 50 17 0,56
PFG_MOEA,515,1,547.48,1749.89,0 151 0,
PFG_MOEA,515,2,547.48,1749.89,0 50 17 169 124 137 11 88 61 67 155 23 10 162 22 142 119 41 183 53 87 69 127 90 172 158 168 190 35 118 120 31 30 115 144 184 12 136 149 0,50 87 155
PFG_MOEA,515,3,547.48,1749.89,0 196 6 105 52 112 189 100 81 57 20 152 45 75 24 147 77 153 94 109 1 3 84 86 47 199 0,1
PFG_MOEA,515,4,547.48,1749.89,0 159 2 97 85 66 98 138 141 79 167 32 146 14 71 80 128 44 27 185 131 29 34 58 195 7 38 176 186 104 157 156 89 42 28 173 125 135 102 36 0,89
PFG_MOEA,515,5,547.48,1749.89,0 60 78 193 13 163 64 132 56 111 4 25 93 129 148 121 37 113 179 114 26 73 166 108 59 99 83 160 178 33 82 145 143 170 161 130 65 177 62 55 8 19 134 123 175 122 16 139 198 15 68 101 117 63 40 192 181 171 188 103 154 74 91 133 126 92 106 116 76 174 194 43 197 96 21 200 150 164 70 72 54 39 18 187 165 140 110 191 48 182 95 5 49 9 180 0,5 63 68
PFG_MOEA,515,6,547.48,1749.89,0 51 107 46 0,
PFG_MOEA,516,1,321.43,1884.2,0 196 6 199 77 94 109 1 184 115 30 31 120 118 35 190 168 158 172 90 127 69 87 53 183 41 119 142 22 162 10 23 155 67 88 137 11 151 169 124 61 144 0,
PFG_MOEA,516,2,321.43,1884.2,0 12 136 149 3 84 86 47 153 147 24 75 45 152 105 189 112 97 52 2 159 102 36 5 49 9 180 0,97
PFG_MOEA,516,3,321.43,1884.2,0 20 57 81 0,
PFG_MOEA,516,4,321.43,1884.2,0 135 125 89 156 157 104 186 176 38 195 7 58 34 29 131 185 27 44 128 80 71 14 146 32 167 42 100 79 141 138 98 28 173 66 85 72 54 39 18 187 165 48 191 182 95 198 139 16 0,89 185
PFG_MOEA,516,5,321.43,1884.2,0 70 164 150 200 21 96 197 43 194 174 76 116 106 92 126 133 91 74 154 103 188 171 181 192 40 63 117 140 110 101 68 15 123 175 122 46 51 107 134 19 0,21
PFG_MOEA,516,6,321.43,1884.2,0 60 50 64 78 193 163 13 8 55 62 177 65 130 161 170 143 145 82 33 178 160 83 99 59 108 166 73 26 114 179 113 37 121 148 129 93 25 4 111 56 132 17 0,
PFG_MOEA,517,1,363.45,1848.54,0 56 111 151 11 137 124 169 88 61 67 155 23 10 162 22 142 119 41 183 53 87 69 127 90 172 158 168 190 35 118 120 31 30 115 144 184 0,137
PFG_MOEA,517,2,363.45,1848.54,0 196 6 105 52 112 189 89 156 157 104 186 176 38 7 195 58 34 29 131 185 27 44 128 80 71 14 146 32 167 42 100 81 57 20 152 45 75 24 147 77 153 94 109 1 12 136 149 3 84 86 47 199 0,185
PFG_MOEA,517,3,363.45,1848.54,0 135 173 28 141 79 138 98 125 0,
PFG_MOEA,517,4,363.45,1848.54,0 159 2 97 85 66 102 36 5 49 0,
PFG_MOEA,517,5,363.45,1848.54,0 180 9 95 182 48 191 110 140 165 187 18 39 54 72 70 164 150 200 21 96 197 43 194 174 76 116 106 92 126 133 91 74 154 103 188 171 181 192 40 63 117 101 68 15 123 175 122 139 198 16 25 4 13 163 193 78 60 0,40 188
PFG_MOEA,517,6,363.45,1848.54,0 46 51 107 134 19 8 55 62 177 65 130 161 170 143 145 82 33 178 160 83 99 59 108 166 73 26 114 179 113 37 121 148 129 93 132 64 50 17 0,46
PFG_MOEA,518,1,261.55,2016.67,0 56 111 169 124 88 155 10 162 31 30 120 118 35 190 168 158 172 90 127 69 87 53 183 41 119 142 22 23 67 61 137 11 151 0,56 124
PFG_MOEA,518,2,261.55,2016.67,0 144 115 184 89 156 157 104 186 176 38 7 195 58 34 29 131 185 27 44 128 80 71 14 146 32 167 42 100 81 189 112 52 105 6 196 0,185
PFG_MOEA,518,3,261.55,2016.67,0 199 94 109 1 12 136 149 3 84 86 47 153 77 147 75 24 45 152 20 57 28 141 79 138 98 173 125 135 66 85 97 2 159 102 0,199
PFG_MOEA,518,4,261.55,2016.67,0 180 9 49 36 5 70 72 54 164 21 96 197 43 76 116 106 92 126 174 194 200 150 39 18 187 165 140 110 191 48 182 95 0,
PFG_MOEA,518,5,261.55,2016.67,0 16 139 198 117 63 181 171 192 40 74 91 133 154 103 188 101 68 15 123 175 25 129 148 93 4 13 163 193 78 60 0,63 188
PFG_MOEA,518,6,261.55,2016.67,0 46 122 51 107 134 19 8 55 62 177 65 130 161 170 143 145 82 33 178 160 83 99 59 108 166 73 26 114 179 113 37 121 132 64 50 17 0,46
PFG_MOEA,519,1,372.87,1829.64,0 199 47 86 84 3 149 136 12 1 109 94 153 77 147 24 75 45 152 20 57 28 42 100 173 98 138 141 79 167 32 146 14 71 80 128 44 27 185 131 29 34 58 195 7 38 176 186 104 157 156 89 81 135 125 189 112 52 159 0,
PFG_MOEA,519,2,372.87,1829.64,0 2 97 85 66 102 36 5 0,
PFG_MOEA,519,3,372.87,1829.64,0 180 9 49 95 182 48 191 110 140 165 187 18 39 54 72 70 164 150 200 21 96 197 43 194 174 76 116 106 92 126 133 91 74 154 103 188 171 181 192 40 63 117 101 68 15 123 175 122 139 198 16 0,40
PFG_MOEA,519,4,372.87,1829.64,0 60 78 193 13 64 50 17 132 4 8 55 62 177 65 130 161 170 143 145 82 33 178 160 83 99 59 108 166 73 26 114 179 113 37 121 148 129 93 25 19 134 107 51 46 0,
PFG_MOEA,519,5,372.87,1829.64,0 163 56 111 151 11 137 88 22 142 119 41 183 53 87 69 127 90 172 158 168 190 35 118 120 31 162 10 23 155 67 61 124 169 0,
PFG_MOEA,519,6,372.87,1829.64,0 144 115 30 184 105 6 196 0,105
PFG_MOEA,520,1,343.52,1869.54,0 184 144 115 120 118 35 190 168 158 172 90 127 69 87 53 183 41 119 30 31 162 142 22 10 23 155 67 61 88 137 11 151 0,
PFG_MOEA,520,2,343.52,1869.54,0 189 81 89 156 157 104 186 176 38 7 195 58 34 29 131 185 27 44 128 80 71 14 146 32 167 42 100 112 0,
PFG_MOEA,520,3,343.52,1869.54,0 94 109 1 12 136 149 3 84 86 47 153 77 147 75 24 45 199 196 6 52 105 152 20 57 28 141 79 138 98 173 125 135 66 85 97 2 159 102 49 9 180 0,173
PFG_MOEA,520,4,343.52,1869.54,0 36 5 0,
PFG_MOEA,520,5,343.52,1869.54,0 17 50 16 139 198 191 117 63 192 181 171 188 103 154 40 74 91 133 194 174 126 92 106 116 76 43 197 96 72 54 70 164 21 200 150 39 18 187 165 48 182 95 0,21 188 198
PFG_MOEA,520,6,343.52,1869.54,0 140 110 101 68 15 123 175 122 46 51 107 134 19 8 55 62 177 65 130 161 170 143 145 82 33 178 160 83 99 59 108 166 73 26 114 179 113 37 121 148 129 93 25 124 169 4 111 56 13 132 163 193 78 64 60 0,46 56 68 179
PFG_MOEA,521,1,336.24,1871.66,0 199 47 86 84 3 149 136 12 1 109 94 153 77 147 24 45 75 0,
PFG_MOEA,521,2,336.24,1871.66,0 95 5 36 102 97 112 85 66 125 135 81 89 156 157 104 186 176 38 7 195 58 34 29 131 185 27 44 128 80 71 14 146 32 167 79 141 138 98 173 100 42 28 57 20 152 189 52 2 159 180 49 9 0,89 185
PFG_MOEA,521,3,336.24,1871.66,0 182 48 191 110 140 165 187 18 39 54 72 70 164 150 200 21 96 197 43 194 174 76 116 106 92 126 133 91 74 154 103 188 171 181 192 40 63 117 101 68 15 123 175 122 139 0,68 91 139
PFG_MOEA,521,4,336.24,1871.66,0 16 198 46 51 107 134 19 25 93 129 148 121 37 113 179 114 26 73 166 108 59 99 83 160 178 33 82 145 143 170 161 130 65 177 62 55 8 4 111 132 163 56 13 193 78 60 64 50 17 151 0,
PFG_MOEA,521,5,336.24,1871.66,0 11 88 137 0,
PFG_MOEA,521,6,336.24,1871.66,0 169 124 61 67 155 23 10 162 22 142 119 41 183 53 87 69 127 90 172 158 168 190 35 118 120 30 31 115 144 184 105 6 196 0,155
PFG_MOEA,522,1,787.39,1705.64,0 196 153 0,
PFG_MOEA,522,2,787.39,1705.64,0 147 24 75 45 152 180 9 49 0,
PFG_MOEA,522,3,787.39,1705.64,0 5 36 102 0,
PFG_MOEA,522,4,787.39,1705.64,0 77 47 86 84 3 149 136 12 184 115 57 20 98 138 141 79 167 32 146 14 71 80 128 44 27 185 131 29 34 58 7 195 38 176 186 104 157 156 89 81 42 100 28 173 125 135 189 105 66 85 112 97 52 2 159 95 182 48 191 110 140 165 187 18 39 70 72 54 164 150 200 21 96 197 43 194 174 76 116 106 92 126 133 91 74 154 103 188 171 181 192 40 63 117 101 68 15 123 175 122 139 198 16 46 51 107 134 19 25 93 129 148 121 37 113 179 114 26 73 166 108 59 99 83 160 178 33 82 145 143 170 161 130 65 177 62 55 8 0,
PFG_MOEA,522,5,787.39,1705.64,0 163 132 4 111 56 13 193 78 60 0,
PFG_MOEA,522,6,787.39,1705.64,0 64 50 17 151 11 137 124 169 88 61 67 155 23 10 162 22 142 119 41 183 53 87 69 127 90 172 158 168 190 35 118 120 30 31 144 1 109 94 199 6 0,10 41 155
PFG_MOEA,523,1,313.2,1915.8,0 60 78 64 50 17 151 11 137 124 0,124
PFG_MOEA,523,2,313.2,1915.8,0 169 88 61 67 155 23 10 162 22 142 119 41 183 53 87 69 127 90 172 158 168 190 35 118 120 30 31 104 186 176 38 7 157 156 144 0,
PFG_MOEA,523,3,313.2,1915.8,0 189 81 100 42 167 32 146 14 71 80 128 44 27 185 131 29 34 58 195 112 0,29
PFG_MOEA,523,4,313.2,1915.8,0 196 6 199 75 45 24 147 77 153 94 109 1 115 184 12 136 149 3 84 86 47 57 20 98 138 141 79 89 28 173 125 135 66 85 97 52 105 152 2 159 102 36 5 49 9 180 0,5
PFG_MOEA,523,5,313.2,1915.8,0 139 122 175 123 15 68 101 117 63 40 192 181 171 188 103 154 74 91 133 126 92 106 116 76 174 194 43 197 96 21 200 150 164 54 72 70 39 18 187 165 140 110 191 48 182 95 198 0,63 91 188
PFG_MOEA,523,6,313.2,1915.8,0 16 46 51 107 134 19 25 93 129 148 121 37 113 179 114 26 73 166 108 59 99 83 160 178 33 82 145 143 170 161 130 65 177 62 55 8 4 111 132 163 56 13 193 0,46 145
PFG_MOEA,524,1,520.32,1777.06,0 50 17 151 11 137 124 169 88 61 67 155 23 10 162 22 142 119 41 183 53 87 69 127 90 172 158 168 190 35 118 120 31 30 115 144 184 0,137
PFG_MOEA,524,2,520.32,1777.06,0 196 6 105 52 112 189 89 156 157 104 186 176 38 7 195 58 34 29 131 185 27 44 128 80 71 14 146 32 167 42 100 81 57 20 152 45 75 24 147 77 0,
PFG_MOEA,524,3,520.32,1777.06,0 199 47 86 84 3 149 136 12 1 109 94 153 135 180 0,1
PFG_MOEA,524,4,520.32,1777.06,0 9 49 159 2 97 85 98 138 79 141 28 173 125 66 102 36 5 95 182 48 0,
PFG_MOEA,524,5,520.32,1777.06,0 16 198 191 110 140 165 187 18 39 70 72 54 164 150 200 21 96 197 43 194 174 76 116 106 92 126 133 91 74 154 103 188 171 181 192 40 63 117 101 68 15 123 175 122 139 46 51 107 134 19 25 93 129 148 121 37 113 179 114 26 73 166 108 59 99 83 160 178 33 82 145 143 170 161 130 65 177 62 55 8 4 111 132 163 56 13 193 78 0,106 111
PFG_MOEA,524,6,520.32,1777.06,0 60 64 0,
PFG_MOEA,525,1,546.46,1762.35,0 50 17 151 11 137 0,
PFG_MOEA,525,2,546.46,1762.35,0 169 124 88 67 61 0,
PFG_MOEA,525,3,546.46,1762.35,0 159 2 52 97 112 85 105 189 100 81 57 20 152 45 75 24 147 77 153 94 1 47 86 84 3 149 136 12 184 144 115 30 31 120 118 35 190 168 158 172 90 127 69 87 53 183 41 119 142 22 162 10 23 155 109 199 6 196 0,1
PFG_MOEA,525,4,546.46,1762.35,0 9 49 5 36 180 135 125 173 28 42 89 156 157 104 186 176 38 195 7 58 34 29 131 185 27 44 128 80 71 14 146 32 167 79 141 138 98 66 102 95 182 48 191 110 140 165 187 18 39 70 72 54 164 150 200 21 96 197 43 194 174 76 116 106 92 126 133 91 74 154 103 188 171 181 192 40 63 117 101 68 15 123 175 122 139 198 16 46 51 107 134 19 0,91
PFG_MOEA,525,5,546.46,1762.35,0 163 132 111 4 8 55 62 177 65 130 161 170 143 145 82 33 178 160 83 99 59 108 166 73 26 114 179 113 37 121 148 129 93 25 56 13 193 78 0,
PFG_MOEA,525,6,546.46,1762.35,0 60 64 0,
PFG_MOEA,526,1,403.49,1779.21,0 196 6 77 0,
PFG_MOEA,526,2,403.49,1779.21,0 199 94 109 1 144 61 124 169 151 11 137 88 67 155 23 10 162 22 142 119 41 183 53 87 69 127 90 172 158 168 190 35 118 120 31 30 115 184 12 136 149 3 84 86 47 153 147 24 75 45 152 105 189 112 52 2 159 102 36 5 49 9 180 0,
PFG_MOEA,526,3,403.49,1779.21,0 97 0,
PFG_MOEA,526,4,403.49,1779.21,0 20 57 81 89 156 157 104 186 176 38 195 7 58 34 29 131 185 27 44 128 80 71 14 146 32 167 42 100 79 141 138 98 28 173 66 85 125 135 0,89 131
PFG_MOEA,526,5,403.49,1779.21,0 16 139 198 95 182 191 48 165 187 18 39 54 72 70 164 150 200 21 96 197 43 194 174 76 116 106 92 126 133 91 74 154 103 188 171 181 192 40 63 117 140 110 101 68 15 123 175 122 46 51 107 134 19 8 55 0,21 198
PFG_MOEA,526,6,403.49,1779.21,0 60 78 193 163 13 62 177 65 130 161 170 143 145 82 33 178 160 83 99 59 108 166 73 26 114 179 113 37 121 148 129 93 25 4 111 56 132 64 50 17 0,56
PFG_MOEA,527,1,547.48,1749.89,0 151 0,
PFG_MOEA,527,2,547.48,1749.89,0 50 17 169 124 137 11 88 61 67 155 23 10 162 22 142 119 41 183 53 87 69 127 90 172 158 168 190 35 118 120 31 30 115 144 184 12 136 149 0,50 87 155
PFG_MOEA,527,3,547.48,1749.89,0 196 6 105 52 112 189 100 81 57 20 152 45 75 24 147 77 153 94 109 1 3 84 86 47 199 0,1
PFG_MOEA,527,4,547.48,1749.89,0 159 2 97 85 66 98 138 141 79 167 32 146 14 71 80 128 44 27 185 131 29 34 58 195 7 38 176 186 104 157 156 89 42 28 173 125 135 102 36 0,89
PFG_MOEA,527,5,547.48,1749.89,0 60 78 193 13 163 64 132 56 111 4 25 93 129 148 121 37 113 179 114 26 73 166 108 59 99 83 160 178 33 82 145 143 170 161 130 65 177 62 55 8 19 134 123 175 122 16 139 198 15 68 101 117 63 40 192 181 171 188 103 154 74 91 133 126 92 106 116 76 174 194 43 197 96 21 200 150 164 70 72 54 39 18 187 165 140 110 191 48 182 95 5 49 9 180 0,5 63 68
PFG_MOEA,527,6,547.48,1749.89,0 51 107 46 0,
PFG_MOEA,528,1,321.43,1884.2,0 196 6 199 77 94 109 1 184 115 30 31 120 118 35 190 168 158 172 90 127 69 87 53 183 41 119 142 22 162 10 23 155 67 88 137 11 151 169 124 61 144 0,
PFG_MOEA,528,2,321.43,1884.2,0 12 136 149 3 84 86 47 153 147 24 75 45 152 105 189 112 97 52 2 159 102 36 5 49 9 180 0,97
PFG_MOEA,528,3,321.43,1884.2,0 20 57 81 0,
PFG_MOEA,528,4,321.43,1884.2,0 135 125 89 156 157 104 186 176 38 195 7 58 34 29 131 185 27 44 128 80 71 14 146 32 167 42 100 79 141 138 98 28 173 66 85 72 54 39 18 187 165 48 191 182 95 198 139 16 0,89 185
PFG_MOEA,528,5,321.43,1884.2,0 70 164 150 200 21 96 197 43 194 174 76 116 106 92 126 133 91 74 154 103 188 171 181 192 40 63 117 140 110 101 68 15 123 175 122 46 51 107 134 19 0,21
PFG_MOEA,528,6,321.43,1884.2,0 60 50 64 78 193 163 13 8 55 62 177 65 130 161 170 143 145 82 33 178 160 83 99 59 108 166 73 26 114 179 113 37 121 148 129 93 25 4 111 56 132 17 0,
PFG_MOEA,529,1,363.45,1848.54,0 56 111 151 11 137 124 169 88 61 67 155 23 10 162 22 142 119 41 183 53 87 69 127 90 172 158 168 190 35 118 120 31 30 115 144 184 0,137
PFG_MOEA,529,2,363.45,1848.54,0 196 6 105 52 112 189 89 156 157 104 186 176 38 7 195 58 34 29 131 185 27 44 128 80 71 14 146 32 167 42 100 81 57 20 152 45 75 24 147 77 153 94 109 1 12 136 149 3 84 86 47 199 0,185
PFG_MOEA,529,3,363.45,1848.54,0 135 173 28 141 79 138 98 125 0,
PFG_MOEA,529,4,363.45,1848.54,0 159 2 97 85 66 102 36 5 49 0,
PFG_MOEA,529,5,363.45,1848.54,0 180 9 95 182 48 191 110 140 165 187 18 39 54 72 70 164 150 200 21 96 197 43 194 174 76 116 106 92 126 133 91 74 154 103 188 171 181 192 40 63 117 101 68 15 123 175 122 139 198 16 25 4 13 163 193 78 60 0,40 188
PFG_MOEA,529,6,363.45,1848.54,0 46 51 107 134 19 8 55 62 177 65 130 161 170 143 145 82 33 178 160 83 99 59 108 166 73 26 114 179 113 37 121 148 129 93 132 64 50 17 0,46
PFG_MOEA,530,1,261.55,2016.67,0 56 111 169 124 88 155 10 162 31 30 120 118 35 190 168 158 172 90 127 69 87 53 183 41 119 142 22 23 67 61 137 11 151 0,56 124
PFG_MOEA,530,2,261.55,2016.67,0 144 115 184 89 156 157 104 186 176 38 7 195 58 34 29 131 185 27 44 128 80 71 14 146 32 167 42 100 81 189 112 52 105 6 196 0,185
PFG_MOEA,530,3,261.55,2016.67,0 199 94 109 1 12 136 149 3 84 86 47 153 77 147 75 24 45 152 20 57 28 141 79 138 98 173 125 135 66 85 97 2 159 102 0,199
PFG_MOEA,530,4,261.55,2016.67,0 180 9 49 36 5 70 72 54 164 21 96 197 43 76 116 106 92 126 174 194 200 150 39 18 187 165 140 110 191 48 182 95 0,
PFG_MOEA,530,5,261.55,2016.67,0 16 139 198 117 63 181 171 192 40 74 91 133 154 103 188 101 68 15 123 175 25 129 148 93 4 13 163 193 78 60 0,63 188
PFG_MOEA,530,6,261.55,2016.67,0 46 122 51 107 134 19 8 55 62 177 65 130 161 170 143 145 82 33 178 160 83 99 59 108 166 73 26 114 179 113 37 121 132 64 50 17 0,46
PFG_MOEA,531,1,372.87,1829.64,0 199 47 86 84 3 149 136 12 1 109 94 153 77 147 24 75 45 152 20 57 28 42 100 173 98 138 141 79 167 32 146 14 71 80 128 44 27 185 131 29 34 58 195 7 38 176 186 104 157 156 89 81 135 125 189 112 52 159 0,
PFG_MOEA,531,2,372.87,1829.64,0 2 97 85 66 102 36 5 0,
PFG_MOEA,531,3,372.87,1829.64,0 180 9 49 95 182 48 191 110 140 165 187 18 39 54 72 70 164 150 200 21 96 197 43 194 174 76 116 106 92 126 133 91 74 154 103 188 171 181 192 40 63 117 101 68 15 123 175 122 139 198 16 0,40
PFG_MOEA,531,4,372.87,1829.64,0 60 78 193 13 64 50 17 132 4 8 55 62 177 65 130 161 170 143 145 82 33 178 160 83 99 59 108 166 73 26 114 179 113 37 121 148 129 93 25 19 134 107 51 46 0,
PFG_MOEA,531,5,372.87,1829.64,0 163 56 111 151 11 137 88 22 142 119 41 183 53 87 69 127 90 172 158 168 190 35 118 120 31 162 10 23 155 67 61 124 169 0,
PFG_MOEA,531,6,372.87,1829.64,0 144 115 30 184 105 6 196 0,105
PFG_MOEA,532,1,343.52,1869.54,0 184 144 115 120 118 35 190 168 158 172 90 127 69 87 53 183 41 119 30 31 162 142 22 10 23 155 67 61 88 137 11 151 0,
PFG_MOEA,532,2,343.52,1869.54,0 189 81 89 156 157 104 186 176 38 7 195 58 34 29 131 185 27 44 128 80 71 14 146 32 167 42 100 112 0,
PFG_MOEA,532,3,343.52,1869.54,0 94 109 1 12 136 149 3 84 86 47 153 77 147 75 24 45 199 196 6 52 105 152 20 57 28 141 79 138 98 173 125 135 66 85 97 2 159 102 49 9 180 0,173
PFG_MOEA,532,4,343.52,1869.54,0 36 5 0,
PFG_MOEA,532,5,343.52,1869.54,0 17 50 16 139 198 191 117 63 192 181 171 188 103 154 40 74 91 133 194 174 126 92 106 116 76 43 197 96 72 54 70 164 21 200 150 39 18 187 165 48 182 95 0,21 188 198
PFG_MOEA,532,6,343.52,1869.54,0 140 110 101 68 15 123 175 122 46 51 107 134 19 8 55 62 177 65 130 161 170 143 145 82 33 178 160 83 99 59 108 166 73 26 114 179 113 37 121 148 129 93 25 124 169 4 111 56 13 132 163 193 78 64 60 0,46 56 68 179
PFG_MOEA,533,1,336.24,1871.66,0 199 47 86 84 3 149 136 12 1 109 94 153 77 147 24 45 75 0,
PFG_MOEA,533,2,336.24,1871.66,0 95 5 36 102 97 112 85 66 125 135 81 89 156 157 104 186 176 38 7 195 58 34 29 131 185 27 44 128 80 71 14 146 32 167 79 141 138 98 173 100 42 28 57 20 152 189 52 2 159 180 49 9 0,89 185
PFG_MOEA,533,3,336.24,1871.66,0 182 48 191 110 140 165 187 18 39 54 72 70 164 150 200 21 96 197 43 194 174 76 116 106 92 126 133 91 74 154 103 188 171 181 192 40 63 117 101 68 15 123 175 122 139 0,68 91 139
PFG_MOEA,533,4,336.24,1871.66,0 16 198 46 51 107 134 19 25 93 129 148 121 37 113 179 114 26 73 166 108 59 99 83 160 178 33 82 145 143 170 161 130 65 177 62 55 8 4 111 132 163 56 13 193 78 60 64 50 17 151 0,
PFG_MOEA,533,5,336.24,1871.66,0 11 88 137 0,
PFG_MOEA,533,6,336.24,1871.66,0 169 124 61 67 155 23 10 162 22 142 119 41 183 53 87 69 127 90 172 158 168 190 35 118 120 30 31 115 144 184 105 6 196 0,155
PFG_MOEA,534,1,787.39,1705.64,0 196 153 0,
PFG_MOEA,534,2,787.39,1705.64,0 147 24 75 45 152 180 9 49 0,
PFG_MOEA,534,3,787.39,1705.64,0 5 36 102 0,
PFG_MOEA,534,4,787.39,1705.64,0 77 47 86 84 3 149 136 12 184 115 57 20 98 138 141 79 167 32 146 14 71 80 128 44 27 185 131 29 34 58 7 195 38 176 186 104 157 156 89 81 42 100 28 173 125 135 189 105 66 85 112 97 52 2 159 95 182 48 191 110 140 165 187 18 39 70 72 54 164 150 200 21 96 197 43 194 174 76 116 106 92 126 133 91 74 154 103 188 171 181 192 40 63 117 101 68 15 123 175 122 139 198 16 46 51 107 134 19 25 93 129 148 121 37 113 179 114 26 73 166 108 59 99 83 160 178 33 82 145 143 170 161 130 65 177 62 55 8 0,
PFG_MOEA,534,5,787.39,1705.64,0 163 132 4 111 56 13 193 78 60 0,
PFG_MOEA,534,6,787.39,1705.64,0 64 50 17 151 11 137 124 169 88 61 67 155 23 10 162 22 142 119 41 183 53 87 69 127 90 172 158 168 190 35 118 120 30 31 144 1 109 94 199 6 0,10 41 155
PFG_MOEA,535,1,313.2,1915.8,0 60 78 64 50 17 151 11 137 124 0,124
PFG_MOEA,535,2,313.2,1915.8,0 169 88 61 67 155 23 10 162 22 142 119 41 183 53 87 69 127 90 172 158 168 190 35 118 120 30 31 104 186 176 38 7 157 156 144 0,
PFG_MOEA,535,3,313.2,1915.8,0 189 81 100 42 167 32 146 14 71 80 128 44 27 185 131 29 34 58 195 112 0,29
PFG_MOEA,535,4,313.2,1915.8,0 196 6 199 75 45 24 147 77 153 94 109 1 115 184 12 136 149 3 84 86 47 57 20 98 138 141 79 89 28 173 125 135 66 85 97 52 105 152 2 159 102 36 5 49 9 180 0,5
PFG_MOEA,535,5,313.2,1915.8,0 139 122 175 123 15 68 101 117 63 40 192 181 171 188 103 154 74 91 133 126 92 106 116 76 174 194 43 197 96 21 200 150 164 54 72 70 39 18 187 165 140 110 191 48 182 95 198 0,63 91 188
PFG_MOEA,535,6,313.2,1915.8,0 16 46 51 107 134 19 25 93 129 148 121 37 113 179 114 26 73 166 108 59 99 83 160 178 33 82 145 143 170 161 130 65 177 62 55 8 4 111 132 163 56 13 193 0,46 145
PFG_MOEA,536,1,520.32,1777.06,0 50 17 151 11 137 124 169 88 61 67 155 23 10 162 22 142 119 41 183 53 87 69 127 90 172 158 168 190 35 118 120 31 30 115 144 184 0,137
PFG_MOEA,536,2,520.32,1777.06,0 196 6 105 52 112 189 89 156 157 104 186 176 38 7 195 58 34 29 131 185 27 44 128 80 71 14 146 32 167 42 100 81 57 20 152 45 75 24 147 77 0,
PFG_MOEA,536,3,520.32,1777.06,0 199 47 86 84 3 149 136 12 1 109 94 153 135 180 0,1
PFG_MOEA,536,4,520.32,1777.06,0 9 49 159 2 97 85 98 138 79 141 28 173 125 66 102 36 5 95 182 48 0,
PFG_MOEA,536,5,520.32,1777.06,0 16 198 191 110 140 165 187 18 39 70 72 54 164 150 200 21 96 197 43 194 174 76 116 106 92 126 133 91 74 154 103 188 171 181 192 40 63 117 101 68 15 123 175 122 139 46 51 107 134 19 25 93 129 148 121 37 113 179 114 26 73 166 108 59 99 83 160 178 33 82 145 143 170 161 130 65 177 62 55 8 4 111 132 163 56 13 193 78 0,106 111
PFG_MOEA,536,6,520.32,1777.06,0 60 64 0,
PFG_MOEA,537,1,546.46,1762.35,0 50 17 151 11 137 0,
PFG_MOEA,537,2,546.46,1762.35,0 169 124 88 67 61 0,
PFG_MOEA,537,3,546.46,1762.35,0 159 2 52 97 112 85 105 189 100 81 57 20 152 45 75 24 147 77 153 94 1 47 86 84 3 149 136 12 184 144 115 30 31 120 118 35 190 168 158 172 90 127 69 87 53 183 41 119 142 22 162 10 23 155 109 199 6 196 0,1
PFG_MOEA,537,4,546.46,1762.35,0 9 49 5 36 180 135 125 173 28 42 89 156 157 104 186 176 38 195 7 58 34 29 131 185 27 44 128 80 71 14 146 32 167 79 141 138 98 66 102 95 182 48 191 110 140 165 187 18 39 70 72 54 164 150 200 21 96 197 43 194 174 76 116 106 92 126 133 91 74 154 103 188 171 181 192 40 63 117 101 68 15 123 175 122 139 198 16 46 51 107 134 19 0,91
PFG_MOEA,537,5,546.46,1762.35,0 163 132 111 4 8 55 62 177 65 130 161 170 143 145 82 33 178 160 83 99 59 108 166 73 26 114 179 113 37 121 148 129 93 25 56 13 193 78 0,
PFG_MOEA,537,6,546.46,1762.35,0 60 64 0,
PFG_MOEA,538,1,403.49,1779.21,0 196 6 77 0,
PFG_MOEA,538,2,403.49,1779.21,0 199 94 109 1 144 61 124 169 151 11 137 88 67 155 23 10 162 22 142 119 41 183 53 87 69 127 90 172 158 168 190 35 118 120 31 30 115 184 12 136 149 3 84 86 47 153 147 24 75 45 152 105 189 112 52 2 159 102 36 5 49 9 180 0,
PFG_MOEA,538,3,403.49,1779.21,0 97 0,
PFG_MOEA,538,4,403.49,1779.21,0 20 57 81 89 156 157 104 186 176 38 195 7 58 34 29 131 185 27 44 128 80 71 14 146 32 167 42 100 79 141 138 98 28 173 66 85 125 135 0,89 131
PFG_MOEA,538,5,403.49,1779.21,0 16 139 198 95 182 191 48 165 187 18 39 54 72 70 164 150 200 21 96 197 43 194 174 76 116 106 92 126 133 91 74 154 103 188 171 181 192 40 63 117 140 110 101 68 15 123 175 122 46 51 107 134 19 8 55 0,21 198
PFG_MOEA,538,6,403.49,1779.21,0 60 78 193 163 13 62 177 65 130 161 170 143 145 82 33 178 160 83 99 59 108 166 73 26 114 179 113 37 121 148 129 93 25 4 111 56 132 64 50 17 0,56
PFG_MOEA,539,1,547.48,1749.89,0 151 0,
PFG_MOEA,539,2,547.48,1749.89,0 50 17 169 124 137 11 88 61 67 155 23 10 162 22 142 119 41 183 53 87 69 127 90 172 158 168 190 35 118 120 31 30 115 144 184 12 136 149 0,50 87 155
PFG_MOEA,539,3,547.48,1749.89,0 196 6 105 52 112 189 100 81 57 20 152 45 75 24 147 77 153 94 109 1 3 84 86 47 199 0,1
PFG_MOEA,539,4,547.48,1749.89,0 159 2 97 85 66 98 138 141 79 167 32 146 14 71 80 128 44 27 185 131 29 34 58 195 7 38 176 186 104 157 156 89 42 28 173 125 135 102 36 0,89
PFG_MOEA,539,5,547.48,1749.89,0 60 78 193 13 163 64 132 56 111 4 25 93 129 148 121 37 113 179 114 26 73 166 108 59 99 83 160 178 33 82 145 143 170 161 130 65 177 62 55 8 19 134 123 175 122 16 139 198 15 68 101 117 63 40 192 181 171 188 103 154 74 91 133 126 92 106 116 76 174 194 43 197 96 21 200 150 164 70 72 54 39 18 187 165 140 110 191 48 182 95 5 49 9 180 0,5 63 68
PFG_MOEA,539,6,547.48,1749.89,0 51 107 46 0,
PFG_MOEA,540,1,321.43,1884.2,0 196 6 199 77 94 109 1 184 115 30 31 120 118 35 190 168 158 172 90 127 69 87 53 183 41 119 142 22 162 10 23 155 67 88 137 11 151 169 124 61 144 0,
PFG_MOEA,540,2,321.43,1884.2,0 12 136 149 3 84 86 47 153 147 24 75 45 152 105 189 112 97 52 2 159 102 36 5 49 9 180 0,97
PFG_MOEA,540,3,321.43,1884.2,0 20 57 81 0,
PFG_MOEA,540,4,321.43,1884.2,0 135 125 89 156 157 104 186 176 38 195 7 58 34 29 131 185 27 44 128 80 71 14 146 32 167 42 100 79 141 138 98 28 173 66 85 72 54 39 18 187 165 48 191 182 95 198 139 16 0,89 185
PFG_MOEA,540,5,321.43,1884.2,0 70 164 150 200 21 96 197 43 194 174 76 116 106 92 126 133 91 74 154 103 188 171 181 192 40 63 117 140 110 101 68 15 123 175 122 46 51 107 134 19 0,21
PFG_MOEA,540,6,321.43,1884.2,0 60 50 64 78 193 163 13 8 55 62 177 65 130 161 170 143 145 82 33 178 160 83 99 59 108 166 73 26 114 179 113 37 121 148 129 93 25 4 111 56 132 17 0,
PFG_MOEA,541,1,363.45,1848.54,0 56 111 151 11 137 124 169 88 61 67 155 23 10 162 22 142 119 41 183 53 87 69 127 90 172 158 168 190 35 118 120 31 30 115 144 184 0,137
PFG_MOEA,541,2,363.45,1848.54,0 196 6 105 52 112 189 89 156 157 104 186 176 38 7 195 58 34 29 131 185 27 44 128 80 71 14 146 32 167 42 100 81 57 20 152 45 75 24 147 77 153 94 109 1 12 136 149 3 84 86 47 199 0,185
PFG_MOEA,541,3,363.45,1848.54,0 135 173 28 141 79 138 98 125 0,
PFG_MOEA,541,4,363.45,1848.54,0 159 2 97 85 66 102 36 5 49 0,
PFG_MOEA,541,5,363.45,1848.54,0 180 9 95 182 48 191 110 140 165 187 18 39 54 72 70 164 150 200 21 96 197 43 194 174 76 116 106 92 126 133 91 74 154 103 188 171 181 192 40 63 117 101 68 15 123 175 122 139 198 16 25 4 13 163 193 78 60 0,40 188
PFG_MOEA,541,6,363.45,1848.54,0 46 51 107 134 19 8 55 62 177 65 130 161 170 143 145 82 33 178 160 83 99 59 108 166 73 26 114 179 113 37 121 148 129 93 132 64 50 17 0,46
PFG_MOEA,542,1,261.55,2016.67,0 56 111 169 124 88 155 10 162 31 30 120 118 35 190 168 158 172 90 127 69 87 53 183 41 119 142 22 23 67 61 137 11 151 0,56 124
PFG_MOEA,542,2,261.55,2016.67,0 144 115 184 89 156 157 104 186 176 38 7 195 58 34 29 131 185 27 44 128 80 71 14 146 32 167 42 100 81 189 112 52 105 6 196 0,185
PFG_MOEA,542,3,261.55,2016.67,0 199 94 109 1 12 136 149 3 84 86 47 153 77 147 75 24 45 152 20 57 28 141 79 138 98 173 125 135 66 85 97 2 159 102 0,199
PFG_MOEA,542,4,261.55,2016.67,0 180 9 49 36 5 70 72 54 164 21 96 197 43 76 116 106 92 126 174 194 200 150 39 18 187 165 140 110 191 48 182 95 0,
PFG_MOEA,542,5,261.55,2016.67,0 16 139 198 117 63 181 171 192 40 74 91 133 154 103 188 101 68 15 123 175 25 129 148 93 4 13 163 193 78 60 0,63 188
PFG_MOEA,542,6,261.55,2016.67,0 46 122 51 107 134 19 8 55 62 177 65 130 161 170 143 145 82 33 178 160 83 99 59 108 166 73 26 114 179 113 37 121 132 64 50 17 0,46
PFG_MOEA,543,1,372.87,1829.64,0 199 47 86 84 3 149 136 12 1 109 94 153 77 147 24 75 45 152 20 57 28 42 100 173 98 138 141 79 167 32 146 14 71 80 128 44 27 185 131 29 34 58 195 7 38 176 186 104 157 156 89 81 135 125 189 112 52 159 0,
PFG_MOEA,543,2,372.87,1829.64,0 2 97 85 66 102 36 5 0,
PFG_MOEA,543,3,372.87,1829.64,0 180 9 49 95 182 48 191 110 140 165 187 18 39 54 72 70 164 150 200 21 96 197 43 194 174 76 116 106 92 126 133 91 74 154 103 188 171 181 192 40 63 117 101 68 15 123 175 122 139 198 16 0,40
PFG_MOEA,543,4,372.87,1829.64,0 60 78 193 13 64 50 17 132 4 8 55 62 177 65 130 161 170 143 145 82 33 178 160 83 99 59 108 166 73 26 114 179 113 37 121 148 129 93 25 19 134 107 51 46 0,
PFG_MOEA,543,5,372.87,1829.64,0 163 56 111 151 11 137 88 22 142 119 41 183 53 87 69 127 90 172 158 168 190 35 118 120 31 162 10 23 155 67 61 124 169 0,
PFG_MOEA,543,6,372.87,1829.64,0 144 115 30 184 105 6 196 0,105
PFG_MOEA,544,1,343.52,1869.54,0 184 144 115 120 118 35 190 168 158 172 90 127 69 87 53 183 41 119 30 31 162 142 22 10 23 155 67 61 88 137 11 151 0,
PFG_MOEA,544,2,343.52,1869.54,0 189 81 89 156 157 104 186 176 38 7 195 58 34 29 131 185 27 44 128 80 71 14 146 32 167 42 100 112 0,
PFG_MOEA,544,3,343.52,1869.54,0 94 109 1 12 136 149 3 84 86 47 153 77 147 75 24 45 199 196 6 52 105 152 20 57 28 141 79 138 98 173 125 135 66 85 97 2 159 102 49 9 180 0,173
PFG_MOEA,544,4,343.52,1869.54,0 36 5 0,
PFG_MOEA,544,5,343.52,1869.54,0 17 50 16 139 198 191 117 63 192 181 171 188 103 154 40 74 91 133 194 174 126 92 106 116 76 43 197 96 72 54 70 164 21 200 150 39 18 187 165 48 182 95 0,21 188 198
PFG_MOEA,544,6,343.52,1869.54,0 140 110 101 68 15 123 175 122 46 51 107 134 19 8 55 62 177 65 130 161 170 143 145 82 33 178 160 83 99 59 108 166 73 26 114 179 113 37 121 148 129 93 25 124 169 4 111 56 13 132 163 193 78 64 60 0,46 56 68 179
PFG_MOEA,545,1,336.24,1871.66,0 199 47 86 84 3 149 136 12 1 109 94 153 77 147 24 45 75 0,
PFG_MOEA,545,2,336.24,1871.66,0 95 5 36 102 97 112 85 66 125 135 81 89 156 157 104 186 176 38 7 195 58 34 29 131 185 27 44 128 80 71 14 146 32 167 79 141 138 98 173 100 42 28 57 20 152 189 52 2 159 180 49 9 0,89 185
PFG_MOEA,545,3,336.24,1871.66,0 182 48 191 110 140 165 187 18 39 54 72 70 164 150 200 21 96 197 43 194 174 76 116 106 92 126 133 91 74 154 103 188 171 181 192 40 63 117 101 68 15 123 175 122 139 0,68 91 139
PFG_MOEA,545,4,336.24,1871.66,0 16 198 46 51 107 134 19 25 93 129 148 121 37 113 179 114 26 73 166 108 59 99 83 160 178 33 82 145 143 170 161 130 65 177 62 55 8 4 111 132 163 56 13 193 78 60 64 50 17 151 0,
PFG_MOEA,545,5,336.24,1871.66,0 11 88 137 0,
PFG_MOEA,545,6,336.24,1871.66,0 169 124 61 67 155 23 10 162 22 142 119 41 183 53 87 69 127 90 172 158 168 190 35 118 120 30 31 115 144 184 105 6 196 0,155
PFG_MOEA,546,1,787.39,1705.64,0 196 153 0,
PFG_MOEA,546,2,787.39,1705.64,0 147 24 75 45 152 180 9 49 0,
PFG_MOEA,546,3,787.39,1705.64,0 5 36 102 0,
PFG_MOEA,546,4,787.39,1705.64,0 77 47 86 84 3 149 136 12 184 115 57 20 98 138 141 79 167 32 146 14 71 80 128 44 27 185 131 29 34 58 7 195 38 176 186 104 157 156 89 81 42 100 28 173 125 135 189 105 66 85 112 97 52 2 159 95 182 48 191 110 140 165 187 18 39 70 72 54 164 150 200 21 96 197 43 194 174 76 116 106 92 126 133 91 74 154 103 188 171 181 192 40 63 117 101 68 15 123 175 122 139 198 16 46 51 107 134 19 25 93 129 148 121 37 113 179 114 26 73 166 108 59 99 83 160 178 33 82 145 143 170 161 130 65 177 62 55 8 0,
PFG_MOEA,546,5,787.39,1705.64,0 163 132 4 111 56 13 193 78 60 0,
PFG_MOEA,546,6,787.39,1705.64,0 64 50 17 151 11 137 124 169 88 61 67 155 23 10 162 22 142 119 41 183 53 87 69 127 90 172 158 168 190 35 118 120 30 31 144 1 109 94 199 6 0,10 41 155
PFG_MOEA,547,1,313.2,1915.8,0 60 78 64 50 17 151 11 137 124 0,124
PFG_MOEA,547,2,313.2,1915.8,0 169 88 61 67 155 23 10 162 22 142 119 41 183 53 87 69 127 90 172 158 168 190 35 118 120 30 31 104 186 176 38 7 157 156 144 0,
PFG_MOEA,547,3,313.2,1915.8,0 189 81 100 42 167 32 146 14 71 80 128 44 27 185 131 29 34 58 195 112 0,29
PFG_MOEA,547,4,313.2,1915.8,0 196 6 199 75 45 24 147 77 153 94 109 1 115 184 12 136 149 3 84 86 47 57 20 98 138 141 79 89 28 173 125 135 66 85 97 52 105 152 2 159 102 36 5 49 9 180 0,5
PFG_MOEA,547,5,313.2,1915.8,0 139 122 175 123 15 68 101 117 63 40 192 181 171 188 103 154 74 91 133 126 92 106 116 76 174 194 43 197 96 21 200 150 164 54 72 70 39 18 187 165 140 110 191 48 182 95 198 0,63 91 188
PFG_MOEA,547,6,313.2,1915.8,0 16 46 51 107 134 19 25 93 129 148 121 37 113 179 114 26 73 166 108 59 99 83 160 178 33 82 145 143 170 161 130 65 177 62 55 8 4 111 132 163 56 13 193 0,46 145
PFG_MOEA,548,1,520.32,1777.06,0 50 17 151 11 137 124 169 88 61 67 155 23 10 162 22 142 119 41 183 53 87 69 127 90 172 158 168 190 35 118 120 31 30 115 144 184 0,137
PFG_MOEA,548,2,520.32,1777.06,0 196 6 105 52 112 189 89 156 157 104 186 176 38 7 195 58 34 29 131 185 27 44 128 80 71 14 146 32 167 42 100 81 57 20 152 45 75 24 147 77 0,
PFG_MOEA,548,3,520.32,1777.06,0 199 47 86 84 3 149 136 12 1 109 94 153 135 180 0,1
PFG_MOEA,548,4,520.32,1777.06,0 9 49 159 2 97 85 98 138 79 141 28 173 125 66 102 36 5 95 182 48 0,
PFG_MOEA,548,5,520.32,1777.06,0 16 198 191 110 140 165 187 18 39 70 72 54 164 150 200 21 96 197 43 194 174 76 116 106 92 126 133 91 74 154 103 188 171 181 192 40 63 117 101 68 15 123 175 122 139 46 51 107 134 19 25 93 129 148 121 37 113 179 114 26 73 166 108 59 99 83 160 178 33 82 145 143 170 161 130 65 177 62 55 8 4 111 132 163 56 13 193 78 0,106 111
PFG_MOEA,548,6,520.32,1777.06,0 60 64 0,
PFG_MOEA,549,1,546.46,1762.35,0 50 17 151 11 137 0,
PFG_MOEA,549,2,546.46,1762.35,0 169 124 88 67 61 0,
PFG_MOEA,549,3,546.46,1762.35,0 159 2 52 97 112 85 105 189 100 81 57 20 152 45 75 24 147 77 153 94 1 47 86 84 3 149 136 12 184 144 115 30 31 120 118 35 190 168 158 172 90 127 69 87 53 183 41 119 142 22 162 10 23 155 109 199 6 196 0,1
PFG_MOEA,549,4,546.46,1762.35,0 9 49 5 36 180 135 125 173 28 42 89 156 157 104 186 176 38 195 7 58 34 29 131 185 27 44 128 80 71 14 146 32 167 79 141 138 98 66 102 95 182 48 191 110 140 165 187 18 39 70 72 54 164 150 200 21 96 197 43 194 174 76 116 106 92 126 133 91 74 154 103 188 171 181 192 40 63 117 101 68 15 123 175 122 139 198 16 46 51 107 134 19 0,91
PFG_MOEA,549,5,546.46,1762.35,0 163 132 111 4 8 55 62 177 65 130 161 170 143 145 82 33 178 160 83 99 59 108 166 73 26 114 179 113 37 121 148 129 93 25 56 13 193 78 0,
PFG_MOEA,549,6,546.46,1762.35,0 60 64 0,
PFG_MOEA,550,1,403.49,1779.21,0 196 6 77 0,
PFG_MOEA,550,2,403.49,1779.21,0 199 94 109 1 144 61 124 169 151 11 137 88 67 155 23 10 162 22 142 119 41 183 53 87 69 127 90 172 158 168 190 35 118 120 31 30 115 184 12 136 149 3 84 86 47 153 147 24 75 45 152 105 189 112 52 2 159 102 36 5 49 9 180 0,
PFG_MOEA,550,3,403.49,1779.21,0 97 0,
PFG_MOEA,550,4,403.49,1779.21,0 20 57 81 89 156 157 104 186 176 38 195 7 58 34 29 131 185 27 44 128 80 71 14 146 32 167 42 100 79 141 138 98 28 173 66 85 125 135 0,89 131
PFG_MOEA,550,5,403.49,1779.21,0 16 139 198 95 182 191 48 165 187 18 39 54 72 70 164 150 200 21 96 197 43 194 174 76 116 106 92 126 133 91 74 154 103 188 171 181 192 40 63 117 140 110 101 68 15 123 175 122 46 51 107 134 19 8 55 0,21 198
PFG_MOEA,550,6,403.49,1779.21,0 60 78 193 163 13 62 177 65 130 161 170 143 145 82 33 178 160 83 99 59 108 166 73 26 114 179 113 37 121 148 129 93 25 4 111 56 132 64 50 17 0,56
PFG_MOEA,551,1,547.48,1749.89,0 151 0,
PFG_MOEA,551,2,547.48,1749.89,0 50 17 169 124 137 11 88 61 67 155 23 10 162 22 142 119 41 183 53 87 69 127 90 172 158 168 190 35 118 120 31 30 115 144 184 12 136 149 0,50 87 155
PFG_MOEA,551,3,547.48,1749.89,0 196 6 105 52 112 189 100 81 57 20 152 45 75 24 147 77 153 94 109 1 3 84 86 47 199 0,1
PFG_MOEA,551,4,547.48,1749.89,0 159 2 97 85 66 98 138 141 79 167 32 146 14 71 80 128 44 27 185 131 29 34 58 195 7 38 176 186 104 157 156 89 42 28 173 125 135 102 36 0,89
PFG_MOEA,551,5,547.48,1749.89,0 60 78 193 13 163 64 132 56 111 4 25 93 129 148 121 37 113 179 114 26 73 166 108 59 99 83 160 178 33 82 145 143 170 161 130 65 177 62 55 8 19 134 123 175 122 16 139 198 15 68 101 117 63 40 192 181 171 188 103 154 74 91 133 126 92 106 116 76 174 194 43 197 96 21 200 150 164 70 72 54 39 18 187 165 140 110 191 48 182 95 5 49 9 180 0,5 63 68
PFG_MOEA,551,6,547.48,1749.89,0 51 107 46 0,
PFG_MOEA,552,1,321.43,1884.2,0 196 6 199 77 94 109 1 184 115 30 31 120 118 35 190 168 158 172 90 127 69 87 53 183 41 119 142 22 162 10 23 155 67 88 137 11 151 169 124 61 144 0,
PFG_MOEA,552,2,321.43,1884.2,0 12 136 149 3 84 86 47 153 147 24 75 45 152 105 189 112 97 52 2 159 102 36 5 49 9 180 0,97
PFG_MOEA,552,3,321.43,1884.2,0 20 57 81 0,
PFG_MOEA,552,4,321.43,1884.2,0 135 125 89 156 157 104 186 176 38 195 7 58 34 29 131 185 27 44 128 80 71 14 146 32 167 42 100 79 141 138 98 28 173 66 85 72 54 39 18 187 165 48 191 182 95 198 139 16 0,89 185
PFG_MOEA,552,5,321.43,1884.2,0 70 164 150 200 21 96 197 43 194 174 76 116 106 92 126 133 91 74 154 103 188 171 181 192 40 63 117 140 110 101 68 15 123 175 122 46 51 107 134 19 0,21
PFG_MOEA,552,6,321.43,1884.2,0 60 50 64 78 193 163 13 8 55 62 177 65 130 161 170 143 145 82 33 178 160 83 99 59 108 166 73 26 114 179 113 37 121 148 129 93 25 4 111 56 132 17 0,
PFG_MOEA,553,1,363.45,1848.54,0 56 111 151 11 137 124 169 88 61 67 155 23 10 162 22 142 119 41 183 53 87 69 127 90 172 158 168 190 35 118 120 31 30 115 144 184 0,137
PFG_MOEA,553,2,363.45,1848.54,0 196 6 105 52 112 189 89 156 157 104 186 176 38 7 195 58 34 29 131 185 27 44 128 80 71 14 146 32 167 42 100 81 57 20 152 45 75 24 147 77 153 94 109 1 12 136 149 3 84 86 47 199 0,185
PFG_MOEA,553,3,363.45,1848.54,0 135 173 28 141 79 138 98 125 0,
PFG_MOEA,553,4,363.45,1848.54,0 159 2 97 85 66 102 36 5 49 0,
PFG_MOEA,553,5,363.45,1848.54,0 180 9 95 182 48 191 110 140 165 187 18 39 54 72 70 164 150 200 21 96 197 43 194 174 76 116 106 92 126 133 91 74 154 103 188 171 181 192 40 63 117 101 68 15 123 175 122 139 198 16 25 4 13 163 193 78 60 0,40 188
PFG_MOEA,553,6,363.45,1848.54,0 46 51 107 134 19 8 55 62 177 65 130 161 170 143 145 82 33 178 160 83 99 59 108 166 73 26 114 179 113 37 121 148 129 93 132 64 50 17 0,46
PFG_MOEA,554,1,261.55,2016.67,0 56 111 169 124 88 155 10 162 31 30 120 118 35 190 168 158 172 90 127 69 87 53 183 41 119 142 22 23 67 61 137 11 151 0,56 124
PFG_MOEA,554,2,261.55,2016.67,0 144 115 184 89 156 157 104 186 176 38 7 195 58 34 29 131 185 27 44 128 80 71 14 146 32 167 42 100 81 189 112 52 105 6 196 0,185
PFG_MOEA,554,3,261.55,2016.67,0 199 94 109 1 12 136 149 3 84 86 47 153 77 147 75 24 45 152 20 57 28 141 79 138 98 173 125 135 66 85 97 2 159 102 0,199
PFG_MOEA,554,4,261.55,2016.67,0 180 9 49 36 5 70 72 54 164 21 96 197 43 76 116 106 92 126 174 194 200 150 39 18 187 165 140 110 191 48 182 95 0,
PFG_MOEA,554,5,261.55,2016.67,0 16 139 198 117 63 181 171 192 40 74 91 133 154 103 188 101 68 15 123 175 25 129 148 93 4 13 163 193 78 60 0,63 188
PFG_MOEA,554,6,261.55,2016.67,0 46 122 51 107 134 19 8 55 62 177 65 130 161 170 143 145 82 33 178 160 83 99 59 108 166 73 26 114 179 113 37 121 132 64 50 17 0,46
PFG_MOEA,555,1,372.87,1829.64,0 199 47 86 84 3 149 136 12 1 109 94 153 77 147 24 75 45 152 20 57 28 42 100 173 98 138 141 79 167 32 146 14 71 80 128 44 27 185 131 29 34 58 195 7 38 176 186 104 157 156 89 81 135 125 189 112 52 159 0,
PFG_MOEA,555,2,372.87,1829.64,0 2 97 85 66 102 36 5 0,
PFG_MOEA,555,3,372.87,1829.64,0 180 9 49 95 182 48 191 110 140 165 187 18 39 54 72 70 164 150 200 21 96 197 43 194 174 76 116 106 92 126 133 91 74 154 103 188 171 181 192 40 63 117 101 68 15 123 175 122 139 198 16 0,40
PFG_MOEA,555,4,372.87,1829.64,0 60 78 193 13 64 50 17 132 4 8 55 62 177 65 130 161 170 143 145 82 33 178 160 83 99 59 108 166 73 26 114 179 113 37 121 148 129 93 25 19 134 107 51 46 0,
PFG_MOEA,555,5,372.87,1829.64,0 163 56 111 151 11 137 88 22 142 119 41 183 53 87 69 127 90 172 158 168 190 35 118 120 31 162 10 23 155 67 61 124 169 0,
PFG_MOEA,555,6,372.87,1829.64,0 144 115 30 184 105 6 196 0,105
PFG_MOEA,556,1,343.52,1869.54,0 184 144 115 120 118 35 190 168 158 172 90 127 69 87 53 183 41 119 30 31 162 142 22 10 23 155 67 61 88 137 11 151 0,
PFG_MOEA,556,2,343.52,1869.54,0 189 81 89 156 157 104 186 176 38 7 195 58 34 29 131 185 27 44 128 80 71 14 146 32 167 42 100 112 0,
PFG_MOEA,556,3,343.52,1869.54,0 94 109 1 12 136 149 3 84 86 47 153 77 147 75 24 45 199 196 6 52 105 152 20 57 28 141 79 138 98 173 125 135 66 85 97 2 159 102 49 9 180 0,173
PFG_MOEA,556,4,343.52,1869.54,0 36 5 0,
PFG_MOEA,556,5,343.52,1869.54,0 17 50 16 139 198 191 117 63 192 181 171 188 103 154 40 74 91 133 194 174 126 92 106 116 76 43 197 96 72 54 70 164 21 200 150 39 18 187 165 48 182 95 0,21 188 198
PFG_MOEA,556,6,343.52,1869.54,0 140 110 101 68 15 123 175 122 46 51 107 134 19 8 55 62 177 65 130 161 170 143 145 82 33 178 160 83 99 59 108 166 73 26 114 179 113 37 121 148 129 93 25 124 169 4 111 56 13 132 163 193 78 64 60 0,46 56 68 179
PFG_MOEA,557,1,336.24,1871.66,0 199 47 86 84 3 149 136 12 1 109 94 153 77 147 24 45 75 0,
PFG_MOEA,557,2,336.24,1871.66,0 95 5 36 102 97 112 85 66 125 135 81 89 156 157 104 186 176 38 7 195 58 34 29 131 185 27 44 128 80 71 14 146 32 167 79 141 138 98 173 100 42 28 57 20 152 189 52 2 159 180 49 9 0,89 185
PFG_MOEA,557,3,336.24,1871.66,0 182 48 191 110 140 165 187 18 39 54 72 70 164 150 200 21 96 197 43 194 174 76 116 106 92 126 133 91 74 154 103 188 171 181 192 40 63 117 101 68 15 123 175 122 139 0,68 91 139
PFG_MOEA,557,4,336.24,1871.66,0 16 198 46 51 107 134 19 25 93 129 148 121 37 113 179 114 26 73 166 108 59 99 83 160 178 33 82 145 143 170 161 130 65 177 62 55 8 4 111 132 163 56 13 193 78 60 64 50 17 151 0,
PFG_MOEA,557,5,336.24,1871.66,0 11 88 137 0,
PFG_MOEA,557,6,336.24,1871.66,0 169 124 61 67 155 23 10 162 22 142 119 41 183 53 87 69 127 90 172 158 168 190 35 118 120 30 31 115 144 184 105 6 196 0,155
PFG_MOEA,558,1,787.39,1705.64,0 196 153 0,
PFG_MOEA,558,2,787.39,1705.64,0 147 24 75 45 152 180 9 49 0,
PFG_MOEA,558,3,787.39,1705.64,0 5 36 102 0,
PFG_MOEA,558,4,787.39,1705.64,0 77 47 86 84 3 149 136 12 184 115 57 20 98 138 141 79 167 32 146 14 71 80 128 44 27 185 131 29 34 58 7 195 38 176 186 104 157 156 89 81 42 100 28 173 125 135 189 105 66 85 112 97 52 2 159 95 182 48 191 110 140 165 187 18 39 70 72 54 164 150 200 21 96 197 43 194 174 76 116 106 92 126 133 91 74 154 103 188 171 181 192 40 63 117 101 68 15 123 175 122 139 198 16 46 51 107 134 19 25 93 129 148 121 37 113 179 114 26 73 166 108 59 99 83 160 178 33 82 145 143 170 161 130 65 177 62 55 8 0,
PFG_MOEA,558,5,787.39,1705.64,0 163 132 4 111 56 13 193 78 60 0,
PFG_MOEA,558,6,787.39,1705.64,0 64 50 17 151 11 137 124 169 88 61 67 155 23 10 162 22 142 119 41 183 53 87 69 127 90 172 158 168 190 35 118 120 30 31 144 1 109 94 199 6 0,10 41 155
PFG_MOEA,559,1,313.2,1915.8,0 60 78 64 50 17 151 11 137 124 0,124
PFG_MOEA,559,2,313.2,1915.8,0 169 88 61 67 155 23 10 162 22 142 119 41 183 53 87 69 127 90 172 158 168 190 35 118 120 30 31 104 186 176 38 7 157 156 144 0,
PFG_MOEA,559,3,313.2,1915.8,0 189 81 100 42 167 32 146 14 71 80 128 44 27 185 131 29 34 58 195 112 0,29
PFG_MOEA,559,4,313.2,1915.8,0 196 6 199 75 45 24 147 77 153 94 109 1 115 184 12 136 149 3 84 86 47 57 20 98 138 141 79 89 28 173 125 135 66 85 97 52 105 152 2 159 102 36 5 49 9 180 0,5
PFG_MOEA,559,5,313.2,1915.8,0 139 122 175 123 15 68 101 117 63 40 192 181 171 188 103 154 74 91 133 126 92 106 116 76 174 194 43 197 96 21 200 150 164 54 72 70 39 18 187 165 140 110 191 48 182 95 198 0,63 91 188
PFG_MOEA,559,6,313.2,1915.8,0 16 46 51 107 134 19 25 93 129 148 121 37 113 179 114 26 73 166 108 59 99 83 160 178 33 82 145 143 170 161 130 65 177 62 55 8 4 111 132 163 56 13 193 0,46 145
PFG_MOEA,560,1,520.32,1777.06,0 50 17 151 11 137 124 169 88 61 67 155 23 10 162 22 142 119 41 183 53 87 69 127 90 172 158 168 190 35 118 120 31 30 115 144 184 0,137
PFG_MOEA,560,2,520.32,1777.06,0 196 6 105 52 112 189 89 156 157 104 186 176 38 7 195 58 34 29 131 185 27 44 128 80 71 14 146 32 167 42 100 81 57 20 152 45 75 24 147 77 0,
PFG_MOEA,560,3,520.32,1777.06,0 199 47 86 84 3 149 136 12 1 109 94 153 135 180 0,1
PFG_MOEA,560,4,520.32,1777.06,0 9 49 159 2 97 85 98 138 79 141 28 173 125 66 102 36 5 95 182 48 0,
PFG_MOEA,560,5,520.32,1777.06,0 16 198 191 110 140 165 187 18 39 70 72 54 164 150 200 21 96 197 43 194 174 76 116 106 92 126 133 91 74 154 103 188 171 181 192 40 63 117 101 68 15 123 175 122 139 46 51 107 134 19 25 93 129 148 121 37 113 179 114 26 73 166 108 59 99 83 160 178 33 82 145 143 170 161 130 65 177 62 55 8 4 111 132 163 56 13 193 78 0,106 111
PFG_MOEA,560,6,520.32,1777.06,0 60 64 0,
PFG_MOEA,561,1,546.46,1762.35,0 50 17 151 11 137 0,
PFG_MOEA,561,2,546.46,1762.35,0 169 124 88 67 61 0,
PFG_MOEA,561,3,546.46,1762.35,0 159 2 52 97 112 85 105 189 100 81 57 20 152 45 75 24 147 77 153 94 1 47 86 84 3 149 136 12 184 144 115 30 31 120 118 35 190 168 158 172 90 127 69 87 53 183 41 119 142 22 162 10 23 155 109 199 6 196 0,1
PFG_MOEA,561,4,546.46,1762.35,0 9 49 5 36 180 135 125 173 28 42 89 156 157 104 186 176 38 195 7 58 34 29 131 185 27 44 128 80 71 14 146 32 167 79 141 138 98 66 102 95 182 48 191 110 140 165 187 18 39 70 72 54 164 150 200 21 96 197 43 194 174 76 116 106 92 126 133 91 74 154 103 188 171 181 192 40 63 117 101 68 15 123 175 122 139 198 16 46 51 107 134 19 0,91
PFG_MOEA,561,5,546.46,1762.35,0 163 132 111 4 8 55 62 177 65 130 161 170 143 145 82 33 178 160 83 99 59 108 166 73 26 114 179 113 37 121 148 129 93 25 56 13 193 78 0,
PFG_MOEA,561,6,546.46,1762.35,0 60 64 0,
PFG_MOEA,562,1,403.49,1779.21,0 196 6 77 0,
PFG_MOEA,562,2,403.49,1779.21,0 199 94 109 1 144 61 124 169 151 11 137 88 67 155 23 10 162 22 142 119 41 183 53 87 69 127 90 172 158 168 190 35 118 120 31 30 115 184 12 136 149 3 84 86 47 153 147 24 75 45 152 105 189 112 52 2 159 102 36 5 49 9 180 0,
PFG_MOEA,562,3,403.49,1779.21,0 97 0,
PFG_MOEA,562,4,403.49,1779.21,0 20 57 81 89 156 157 104 186 176 38 195 7 58 34 29 131 185 27 44 128 80 71 14 146 32 167 42 100 79 141 138 98 28 173 66 85 125 135 0,89 131
PFG_MOEA,562,5,403.49,1779.21,0 16 139 198 95 182 191 48 165 187 18 39 54 72 70 164 150 200 21 96 197 43 194 174 76 116 106 92 126 133 91 74 154 103 188 171 181 192 40 63 117 140 110 101 68 15 123 175 122 46 51 107 134 19 8 55 0,21 198
PFG_MOEA,562,6,403.49,1779.21,0 60 78 193 163 13 62 177 65 130 161 170 143 145 82 33 178 160 83 99 59 108 166 73 26 114 179 113 37 121 148 129 93 25 4 111 56 132 64 50 17 0,56
PFG_MOEA,563,1,547.48,1749.89,0 151 0,
PFG_MOEA,563,2,547.48,1749.89,0 50 17 169 124 137 11 88 61 67 155 23 10 162 22 142 119 41 183 53 87 69 127 90 172 158 168 190 35 118 120 31 30 115 144 184 12 136 149 0,50 87 155
PFG_MOEA,563,3,547.48,1749.89,0 196 6 105 52 112 189 100 81 57 20 152 45 75 24 147 77 153 94 109 1 3 84 86 47 199 0,1
PFG_MOEA,563,4,547.48,1749.89,0 159 2 97 85 66 98 138 141 79 167 32 146 14 71 80 128 44 27 185 131 29 34 58 195 7 38 176 186 104 157 156 89 42 28 173 125 135 102 36 0,89
PFG_MOEA,563,5,547.48,1749.89,0 60 78 193 13 163 64 132 56 111 4 25 93 129 148 121 37 113 179 114 26 73 166 108 59 99 83 160 178 33 82 145 143 170 161 130 65 177 62 55 8 19 134 123 175 122 16 139 198 15 68 101 117 63 40 192 181 171 188 103 154 74 91 133 126 92 106 116 76 174 194 43 197 96 21 200 150 164 70 72 54 39 18 187 165 140 110 191 48 182 95 5 49 9 180 0,5 63 68
PFG_MOEA,563,6,547.48,1749.89,0 51 107 46 0,
PFG_MOEA,564,1,321.43,1884.2,0 196 6 199 77 94 109 1 184 115 30 31 120 118 35 190 168 158 172 90 127 69 87 53 183 41 119 142 22 162 10 23 155 67 88 137 11 151 169 124 61 144 0,
PFG_MOEA,564,2,321.43,1884.2,0 12 136 149 3 84 86 47 153 147 24 75 45 152 105 189 112 97 52 2 159 102 36 5 49 9 180 0,97
PFG_MOEA,564,3,321.43,1884.2,0 20 57 81 0,
PFG_MOEA,564,4,321.43,1884.2,0 135 125 89 156 157 104 186 176 38 195 7 58 34 29 131 185 27 44 128 80 71 14 146 32 167 42 100 79 141 138 98 28 173 66 85 72 54 39 18 187 165 48 191 182 95 198 139 16 0,89 185
PFG_MOEA,564,5,321.43,1884.2,0 70 164 150 200 21 96 197 43 194 174 76 116 106 92 126 133 91 74 154 103 188 171 181 192 40 63 117 140 110 101 68 15 123 175 122 46 51 107 134 19 0,21
PFG_MOEA,564,6,321.43,1884.2,0 60 50 64 78 193 163 13 8 55 62 177 65 130 161 170 143 145 82 33 178 160 83 99 59 108 166 73 26 114 179 113 37 121 148 129 93 25 4 111 56 132 17 0,
PFG_MOEA,565,1,363.45,1848.54,0 56 111 151 11 137 124 169 88 61 67 155 23 10 162 22 142 119 41 183 53 87 69 127 90 172 158 168 190 35 118 120 31 30 115 144 184 0,137
PFG_MOEA,565,2,363.45,1848.54,0 196 6 105 52 112 189 89 156 157 104 186 176 38 7 195 58 34 29 131 185 27 44 128 80 71 14 146 32 167 42 100 81 57 20 152 45 75 24 147 77 153 94 109 1 12 136 149 3 84 86 47 199 0,185
PFG_MOEA,565,3,363.45,1848.54,0 135 173 28 141 79 138 98 125 0,
PFG_MOEA,565,4,363.45,1848.54,0 159 2 97 85 66 102 36 5 49 0,
PFG_MOEA,565,5,363.45,1848.54,0 180 9 95 182 48 191 110 140 165 187 18 39 54 72 70 164 150 200 21 96 197 43 194 174 76 116 106 92 126 133 91 74 154 103 188 171 181 192 40 63 117 101 68 15 123 175 122 139 198 16 25 4 13 163 193 78 60 0,40 188
PFG_MOEA,565,6,363.45,1848.54,0 46 51 107 134 19 8 55 62 177 65 130 161 170 143 145 82 33 178 160 83 99 59 108 166 73 26 114 179 113 37 121 148 129 93 132 64 50 17 0,46
PFG_MOEA,566,1,261.55,2016.67,0 56 111 169 124 88 155 10 162 31 30 120 118 35 190 168 158 172 90 127 69 87 53 183 41 119 142 22 23 67 61 137 11 151 0,56 124
PFG_MOEA,566,2,261.55,2016.67,0 144 115 184 89 156 157 104 186 176 38 7 195 58 34 29 131 185 27 44 128 80 71 14 146 32 167 42 100 81 189 112 52 105 6 196 0,185
PFG_MOEA,566,3,261.55,2016.67,0 199 94 109 1 12 136 149 3 84 86 47 153 77 147 75 24 45 152 20 57 28 141 79 138 98 173 125 135 66 85 97 2 159 102 0,199
PFG_MOEA,566,4,261.55,2016.67,0 180 9 49 36 5 70 72 54 164 21 96 197 43 76 116 106 92 126 174 194 200 150 39 18 187 165 140 110 191 48 182 95 0,
PFG_MOEA,566,5,261.55,2016.67,0 16 139 198 117 63 181 171 192 40 74 91 133 154 103 188 101 68 15 123 175 25 129 148 93 4 13 163 193 78 60 0,63 188
PFG_MOEA,566,6,261.55,2016.67,0 46 122 51 107 134 19 8 55 62 177 65 130 161 170 143 145 82 33 178 160 83 99 59 108 166 73 26 114 179 113 37 121 132 64 50 17 0,46
PFG_MOEA,567,1,372.87,1829.64,0 199 47 86 84 3 149 136 12 1 109 94 153 77 147 24 75 45 152 20 57 28 42 100 173 98 138 141 79 167 32 146 14 71 80 128 44 27 185 131 29 34 58 195 7 38 176 186 104 157 156 89 81 135 125 189 112 52 159 0,
PFG_MOEA,567,2,372.87,1829.64,0 2 97 85 66 102 36 5 0,
PFG_MOEA,567,3,372.87,1829.64,0 180 9 49 95 182 48 191 110 140 165 187 18 39 54 72 70 164 150 200 21 96 197 43 194 174 76 116 106 92 126 133 91 74 154 103 188 171 181 192 40 63 117 101 68 15 123 175 122 139 198 16 0,40
PFG_MOEA,567,4,372.87,1829.64,0 60 78 193 13 64 50 17 132 4 8 55 62 177 65 130 161 170 143 145 82 33 178 160 83 99 59 108 166 73 26 114 179 113 37 121 148 129 93 25 19 134 107 51 46 0,
PFG_MOEA,567,5,372.87,1829.64,0 163 56 111 151 11 137 88 22 142 119 41 183 53 87 69 127 90 172 158 168 190 35 118 120 31 162 10 23 155 67 61 124 169 0,
PFG_MOEA,567,6,372.87,1829.64,0 144 115 30 184 105 6 196 0,105
PFG_MOEA,568,1,343.52,1869.54,0 184 144 115 120 118 35 190 168 158 172 90 127 69 87 53 183 41 119 30 31 162 142 22 10 23 155 67 61 88 137 11 151 0,
PFG_MOEA,568,2,343.52,1869.54,0 189 81 89 156 157 104 186 176 38 7 195 58 34 29 131 185 27 44 128 80 71 14 146 32 167 42 100 112 0,
PFG_MOEA,568,3,343.52,1869.54,0 94 109 1 12 136 149 3 84 86 47 153 77 147 75 24 45 199 196 6 52 105 152 20 57 28 141 79 138 98 173 125 135 66 85 97 2 159 102 49 9 180 0,173
PFG_MOEA,568,4,343.52,1869.54,0 36 5 0,
PFG_MOEA,568,5,343.52,1869.54,0 17 50 16 139 198 191 117 63 192 181 171 188 103 154 40 74 91 133 194 174 126 92 106 116 76 43 197 96 72 54 70 164 21 200 150 39 18 187 165 48 182 95 0,21 188 198
PFG_MOEA,568,6,343.52,1869.54,0 140 110 101 68 15 123 175 122 46 51 107 134 19 8 55 62 177 65 130 161 170 143 145 82 33 178 160 83 99 59 108 166 73 26 114 179 113 37 121 148 129 93 25 124 169 4 111 56 13 132 163 193 78 64 60 0,46 56 68 179
PFG_MOEA,569,1,336.24,1871.66,0 199 47 86 84 3 149 136 12 1 109 94 153 77 147 24 45 75 0,
PFG_MOEA,569,2,336.24,1871.66,0 95 5 36 102 97 112 85 66 125 135 81 89 156 157 104 186 176 38 7 195 58 34 29 131 185 27 44 128 80 71 14 146 32 167 79 141 138 98 173 100 42 28 57 20 152 189 52 2 159 180 49 9 0,89 185
PFG_MOEA,569,3,336.24,1871.66,0 182 48 191 110 140 165 187 18 39 54 72 70 164 150 200 21 96 197 43 194 174 76 116 106 92 126 133 91 74 154 103 188 171 181 192 40 63 117 101 68 15 123 175 122 139 0,68 91 139
PFG_MOEA,569,4,336.24,1871.66,0 16 198 46 51 107 134 19 25 93 129 148 121 37 113 179 114 26 73 166 108 59 99 83 160 178 33 82 145 143 170 161 130 65 177 62 55 8 4 111 132 163 56 13 193 78 60 64 50 17 151 0,
PFG_MOEA,569,5,336.24,1871.66,0 11 88 137 0,
PFG_MOEA,569,6,336.24,1871.66,0 169 124 61 67 155 23 10 162 22 142 119 41 183 53 87 69 127 90 172 158 168 190 35 118 120 30 31 115 144 184 105 6 196 0,155
PFG_MOEA,570,1,787.39,1705.64,0 196 153 0,
PFG_MOEA,570,2,787.39,1705.64,0 147 24 75 45 152 180 9 49 0,
PFG_MOEA,570,3,787.39,1705.64,0 5 36 102 0,
PFG_MOEA,570,4,787.39,1705.64,0 77 47 86 84 3 149 136 12 184 115 57 20 98 138 141 79 167 32 146 14 71 80 128 44 27 185 131 29 34 58 7 195 38 176 186 104 157 156 89 81 42 100 28 173 125 135 189 105 66 85 112 97 52 2 159 95 182 48 191 110 140 165 187 18 39 70 72 54 164 150 200 21 96 197 43 194 174 76 116 106 92 126 133 91 74 154 103 188 171 181 192 40 63 117 101 68 15 123 175 122 139 198 16 46 51 107 134 19 25 93 129 148 121 37 113 179 114 26 73 166 108 59 99 83 160 178 33 82 145 143 170 161 130 65 177 62 55 8 0,
PFG_MOEA,570,5,787.39,1705.64,0 163 132 4 111 56 13 193 78 60 0,
PFG_MOEA,570,6,787.39,1705.64,0 64 50 17 151 11 137 124 169 88 61 67 155 23 10 162 22 142 119 41 183 53 87 69 127 90 172 158 168 190 35 118 120 30 31 144 1 109 94 199 6 0,10 41 155
PFG_MOEA,571,1,313.2,1915.8,0 60 78 64 50 17 151 11 137 124 0,124
PFG_MOEA,571,2,313.2,1915.8,0 169 88 61 67 155 23 10 162 22 142 119 41 183 53 87 69 127 90 172 158 168 190 35 118 120 30 31 104 186 176 38 7 157 156 144 0,
PFG_MOEA,571,3,313.2,1915.8,0 189 81 100 42 167 32 146 14 71 80 128 44 27 185 131 29 34 58 195 112 0,29
PFG_MOEA,571,4,313.2,1915.8,0 196 6 199 75 45 24 147 77 153 94 109 1 115 184 12 136 149 3 84 86 47 57 20 98 138 141 79 89 28 173 125 135 66 85 97 52 105 152 2 159 102 36 5 49 9 180 0,5
PFG_MOEA,571,5,313.2,1915.8,0 139 122 175 123 15 68 101 117 63 40 192 181 171 188 103 154 74 91 133 126 92 106 116 76 174 194 43 197 96 21 200 150 164 54 72 70 39 18 187 165 140 110 191 48 182 95 198 0,63 91 188
PFG_MOEA,571,6,313.2,1915.8,0 16 46 51 107 134 19 25 93 129 148 121 37 113 179 114 26 73 166 108 59 99 83 160 178 33 82 145 143 170 161 130 65 177 62 55 8 4 111 132 163 56 13 193 0,46 145
PFG_MOEA,572,1,520.32,1777.06,0 50 17 151 11 137 124 169 88 61 67 155 23 10 162 22 142 119 41 183 53 87 69 127 90 172 158 168 190 35 118 120 31 30 115 144 184 0,137
PFG_MOEA,572,2,520.32,1777.06,0 196 6 105 52 112 189 89 156 157 104 186 176 38 7 195 58 34 29 131 185 27 44 128 80 71 14 146 32 167 42 100 81 57 20 152 45 75 24 147 77 0,
PFG_MOEA,572,3,520.32,1777.06,0 199 47 86 84 3 149 136 12 1 109 94 153 135 180 0,1
PFG_MOEA,572,4,520.32,1777.06,0 9 49 159 2 97 85 98 138 79 141 28 173 125 66 102 36 5 95 182 48 0,
PFG_MOEA,572,5,520.32,1777.06,0 16 198 191 110 140 165 187 18 39 70 72 54 164 150 200 21 96 197 43 194 174 76 116 106 92 126 133 91 74 154 103 188 171 181 192 40 63 117 101 68 15 123 175 122 139 46 51 107 134 19 25 93 129 148 121 37 113 179 114 26 73 166 108 59 99 83 160 178 33 82 145 143 170 161 130 65 177 62 55 8 4 111 132 163 56 13 193 78 0,106 111
PFG_MOEA,572,6,520.32,1777.06,0 60 64 0,
PFG_MOEA,573,1,546.46,1762.35,0 50 17 151 11 137 0,
PFG_MOEA,573,2,546.46,1762.35,0 169 124 88 67 61 0,
PFG_MOEA,573,3,546.46,1762.35,0 159 2 52 97 112 85 105 189 100 81 57 20 152 45 75 24 147 77 153 94 1 47 86 84 3 149 136 12 184 144 115 30 31 120 118 35 190 168 158 172 90 127 69 87 53 183 41 119 142 22 162 10 23 155 109 199 6 196 0,1
PFG_MOEA,573,4,546.46,1762.35,0 9 49 5 36 180 135 125 173 28 42 89 156 157 104 186 176 38 195 7 58 34 29 131 185 27 44 128 80 71 14 146 32 167 79 141 138 98 66 102 95 182 48 191 110 140 165 187 18 39 70 72 54 164 150 200 21 96 197 43 194 174 76 116 106 92 126 133 91 74 154 103 188 171 181 192 40 63 117 101 68 15 123 175 122 139 198 16 46 51 107 134 19 0,91
PFG_MOEA,573,5,546.46,1762.35,0 163 132 111 4 8 55 62 177 65 130 161 170 143 145 82 33 178 160 83 99 59 108 166 73 26 114 179 113 37 121 148 129 93 25 56 13 193 78 0,
PFG_MOEA,573,6,546.46,1762.35,0 60 64 0,
PFG_MOEA,574,1,403.49,1779.21,0 196 6 77 0,
PFG_MOEA,574,2,403.49,1779.21,0 199 94 109 1 144 61 124 169 151 11 137 88 67 155 23 10 162 22 142 119 41 183 53 87 69 127 90 172 158 168 190 35 118 120 31 30 115 184 12 136 149 3 84 86 47 153 147 24 75 45 152 105 189 112 52 2 159 102 36 5 49 9 180 0,
PFG_MOEA,574,3,403.49,1779.21,0 97 0,
PFG_MOEA,574,4,403.49,1779.21,0 20 57 81 89 156 157 104 186 176 38 195 7 58 34 29 131 185 27 44 128 80 71 14 146 32 167 42 100 79 141 138 98 28 173 66 85 125 135 0,89 131
PFG_MOEA,574,5,403.49,1779.21,0 16 139 198 95 182 191 48 165 187 18 39 54 72 70 164 150 200 21 96 197 43 194 174 76 116 106 92 126 133 91 74 154 103 188 171 181 192 40 63 117 140 110 101 68 15 123 175 122 46 51 107 134 19 8 55 0,21 198
PFG_MOEA,574,6,403.49,1779.21,0 60 78 193 163 13 62 177 65 130 161 170 143 145 82 33 178 160 83 99 59 108 166 73 26 114 179 113 37 121 148 129 93 25 4 111 56 132 64 50 17 0,56
PFG_MOEA,575,1,547.48,1749.89,0 151 0,
PFG_MOEA,575,2,547.48,1749.89,0 50 17 169 124 137 11 88 61 67 155 23 10 162 22 142 119 41 183 53 87 69 127 90 172 158 168 190 35 118 120 31 30 115 144 184 12 136 149 0,50 87 155
PFG_MOEA,575,3,547.48,1749.89,0 196 6 105 52 112 189 100 81 57 20 152 45 75 24 147 77 153 94 109 1 3 84 86 47 199 0,1
PFG_MOEA,575,4,547.48,1749.89,0 159 2 97 85 66 98 138 141 79 167 32 146 14 71 80 128 44 27 185 131 29 34 58 195 7 38 176 186 104 157 156 89 42 28 173 125 135 102 36 0,89
PFG_MOEA,575,5,547.48,1749.89,0 60 78 193 13 163 64 132 56 111 4 25 93 129 148 121 37 113 179 114 26 73 166 108 59 99 83 160 178 33 82 145 143 170 161 130 65 177 62 55 8 19 134 123 175 122 16 139 198 15 68 101 117 63 40 192 181 171 188 103 154 74 91 133 126 92 106 116 76 174 194 43 197 96 21 200 150 164 70 72 54 39 18 187 165 140 110 191 48 182 95 5 49 9 180 0,5 63 68
PFG_MOEA,575,6,547.48,1749.89,0 51 107 46 0,
PFG_MOEA,576,1,321.43,1884.2,0 196 6 199 77 94 109 1 184 115 30 31 120 118 35 190 168 158 172 90 127 69 87 53 183 41 119 142 22 162 10 23 155 67 88 137 11 151 169 124 61 144 0,
PFG_MOEA,576,2,321.43,1884.2,0 12 136 149 3 84 86 47 153 147 24 75 45 152 105 189 112 97 52 2 159 102 36 5 49 9 180 0,97
PFG_MOEA,576,3,321.43,1884.2,0 20 57 81 0,
PFG_MOEA,576,4,321.43,1884.2,0 135 125 89 156 157 104 186 176 38 195 7 58 34 29 131 185 27 44 128 80 71 14 146 32 167 42 100 79 141 138 98 28 173 66 85 72 54 39 18 187 165 48 191 182 95 198 139 16 0,89 185
PFG_MOEA,576,5,321.43,1884.2,0 70 164 150 200 21 96 197 43 194 174 76 116 106 92 126 133 91 74 154 103 188 171 181 192 40 63 117 140 110 101 68 15 123 175 122 46 51 107 134 19 0,21
PFG_MOEA,576,6,321.43,1884.2,0 60 50 64 78 193 163 13 8 55 62 177 65 130 161 170 143 145 82 33 178 160 83 99 59 108 166 73 26 114 179 113 37 121 148 129 93 25 4 111 56 132 17 0,
PFG_MOEA,577,1,363.45,1848.54,0 56 111 151 11 137 124 169 88 61 67 155 23 10 162 22 142 119 41 183 53 87 69 127 90 172 158 168 190 35 118 120 31 30 115 144 184 0,137
PFG_MOEA,577,2,363.45,1848.54,0 196 6 105 52 112 189 89 156 157 104 186 176 38 7 195 58 34 29 131 185 27 44 128 80 71 14 146 32 167 42 100 81 57 20 152 45 75 24 147 77 153 94 109 1 12 136 149 3 84 86 47 199 0,185
PFG_MOEA,577,3,363.45,1848.54,0 135 173 28 141 79 138 98 125 0,
PFG_MOEA,577,4,363.45,1848.54,0 159 2 97 85 66 102 36 5 49 0,
PFG_MOEA,577,5,363.45,1848.54,0 180 9 95 182 48 191 110 140 165 187 18 39 54 72 70 164 150 200 21 96 197 43 194 174 76 116 106 92 126 133 91 74 154 103 188 171 181 192 40 63 117 101 68 15 123 175 122 139 198 16 25 4 13 163 193 78 60 0,40 188
PFG_MOEA,577,6,363.45,1848.54,0 46 51 107 134 19 8 55 62 177 65 130 161 170 143 145 82 33 178 160 83 99 59 108 166 73 26 114 179 113 37 121 148 129 93 132 64 50 17 0,46
PFG_MOEA,578,1,261.55,2016.67,0 56 111 169 124 88 155 10 162 31 30 120 118 35 190 168 158 172 90 127 69 87 53 183 41 119 142 22 23 67 61 137 11 151 0,56 124
PFG_MOEA,578,2,261.55,2016.67,0 144 115 184 89 156 157 104 186 176 38 7 195 58 34 29 131 185 27 44 128 80 71 14 146 32 167 42 100 81 189 112 52 105 6 196 0,185
PFG_MOEA,578,3,261.55,2016.67,0 199 94 109 1 12 136 149 3 84 86 47 153 77 147 75 24 45 152 20 57 28 141 79 138 98 173 125 135 66 85 97 2 159 102 0,199
PFG_MOEA,578,4,261.55,2016.67,0 180 9 49 36 5 70 72 54 164 21 96 197 43 76 116 106 92 126 174 194 200 150 39 18 187 165 140 110 191 48 182 95 0,
PFG_MOEA,578,5,261.55,2016.67,0 16 139 198 117 63 181 171 192 40 74 91 133 154 103 188 101 68 15 123 175 25 129 148 93 4 13 163 193 78 60 0,63 188
PFG_MOEA,578,6,261.55,2016.67,0 46 122 51 107 134 19 8 55 62 177 65 130 161 170 143 145 82 33 178 160 83 99 59 108 166 73 26 114 179 113 37 121 132 64 50 17 0,46
PFG_MOEA,579,1,372.87,1829.64,0 199 47 86 84 3 149 136 12 1 109 94 153 77 147 24 75 45 152 20 57 28 42 100 173 98 138 141 79 167 32 146 14 71 80 128 44 27 185 131 29 34 58 195 7 38 176 186 104 157 156 89 81 135 125 189 112 52 159 0,
PFG_MOEA,579,2,372.87,1829.64,0 2 97 85 66 102 36 5 0,
PFG_MOEA,579,3,372.87,1829.64,0 180 9 49 95 182 48 191 110 140 165 187 18 39 54 72 70 164 150 200 21 96 197 43 194 174 76 116 106 92 126 133 91 74 154 103 188 171 181 192 40 63 117 101 68 15 123 175 122 139 198 16 0,40
PFG_MOEA,579,4,372.87,1829.64,0 60 78 193 13 64 50 17 132 4 8 55 62 177 65 130 161 170 143 145 82 33 178 160 83 99 59 108 166 73 26 114 179 113 37 121 148 129 93 25 19 134 107 51 46 0,
PFG_MOEA,579,5,372.87,1829.64,0 163 56 111 151 11 137 88 22 142 119 41 183 53 87 69 127 90 172 158 168 190 35 118 120 31 162 10 23 155 67 61 124 169 0,
PFG_MOEA,579,6,372.87,1829.64,0 144 115 30 184 105 6 196 0,105
PFG_MOEA,580,1,343.52,1869.54,0 184 144 115 120 118 35 190 168 158 172 90 127 69 87 53 183 41 119 30 31 162 142 22 10 23 155 67 61 88 137 11 151 0,
PFG_MOEA,580,2,343.52,1869.54,0 189 81 89 156 157 104 186 176 38 7 195 58 34 29 131 185 27 44 128 80 71 14 146 32 167 42 100 112 0,
PFG_MOEA,580,3,343.52,1869.54,0 94 109 1 12 136 149 3 84 86 47 153 77 147 75 24 45 199 196 6 52 105 152 20 57 28 141 79 138 98 173 125 135 66 85 97 2 159 102 49 9 180 0,173
PFG_MOEA,580,4,343.52,1869.54,0 36 5 0,
PFG_MOEA,580,5,343.52,1869.54,0 17 50 16 139 198 191 117 63 192 181 171 188 103 154 40 74 91 133 194 174 126 92 106 116 76 43 197 96 72 54 70 164 21 200 150 39 18 187 165 48 182 95 0,21 188 198
PFG_MOEA,580,6,343.52,1869.54,0 140 110 101 68 15 123 175 122 46 51 107 134 19 8 55 62 177 65 130 161 170 143 145 82 33 178 160 83 99 59 108 166 73 26 114 179 113 37 121 148 129 93 25 124 169 4 111 56 13 132 163 193 78 64 60 0,46 56 68 179
PFG_MOEA,581,1,336.24,1871.66,0 199 47 86 84 3 149 136 12 1 109 94 153 77 147 24 45 75 0,
PFG_MOEA,581,2,336.24,1871.66,0 95 5 36 102 97 112 85 66 125 135 81 89 156 157 104 186 176 38 7 195 58 34 29 131 185 27 44 128 80 71 14 146 32 167 79 141 138 98 173 100 42 28 57 20 152 189 52 2 159 180 49 9 0,89 185
PFG_MOEA,581,3,336.24,1871.66,0 182 48 191 110 140 165 187 18 39 54 72 70 164 150 200 21 96 197 43 194 174 76 116 106 92 126 133 91 74 154 103 188 171 181 192 40 63 117 101 68 15 123 175 122 139 0,68 91 139
PFG_MOEA,581,4,336.24,1871.66,0 16 198 46 51 107 134 19 25 93 129 148 121 37 113 179 114 26 73 166 108 59 99 83 160 178 33 82 145 143 170 161 130 65 177 62 55 8 4 111 132 163 56 13 193 78 60 64 50 17 151 0,
PFG_MOEA,581,5,336.24,1871.66,0 11 88 137 0,
PFG_MOEA,581,6,336.24,1871.66,0 169 124 61 67 155 23 10 162 22 142 119 41 183 53 87 69 127 90 172 158 168 190 35 118 120 30 31 115 144 184 105 6 196 0,155
PFG_MOEA,582,1,787.39,1705.64,0 196 153 0,
PFG_MOEA,582,2,787.39,1705.64,0 147 24 75 45 152 180 9 49 0,
PFG_MOEA,582,3,787.39,1705.64,0 5 36 102 0,
PFG_MOEA,582,4,787.39,1705.64,0 77 47 86 84 3 149 136 12 184 115 57 20 98 138 141 79 167 32 146 14 71 80 128 44 27 185 131 29 34 58 7 195 38 176 186 104 157 156 89 81 42 100 28 173 125 135 189 105 66 85 112 97 52 2 159 95 182 48 191 110 140 165 187 18 39 70 72 54 164 150 200 21 96 197 43 194 174 76 116 106 92 126 133 91 74 154 103 188 171 181 192 40 63 117 101 68 15 123 175 122 139 198 16 46 51 107 134 19 25 93 129 148 121 37 113 179 114 26 73 166 108 59 99 83 160 178 33 82 145 143 170 161 130 65 177 62 55 8 0,
PFG_MOEA,582,5,787.39,1705.64,0 163 132 4 111 56 13 193 78 60 0,
PFG_MOEA,582,6,787.39,1705.64,0 64 50 17 151 11 137 124 169 88 61 67 155 23 10 162 22 142 119 41 183 53 87 69 127 90 172 158 168 190 35 118 120 30 31 144 1 109 94 199 6 0,10 41 155
PFG_MOEA,583,1,313.2,1915.8,0 60 78 64 50 17 151 11 137 124 0,124
PFG_MOEA,583,2,313.2,1915.8,0 169 88 61 67 155 23 10 162 22 142 119 41 183 53 87 69 127 90 172 158 168 190 35 118 120 30 31 104 186 176 38 7 157 156 144 0,
PFG_MOEA,583,3,313.2,1915.8,0 189 81 100 42 167 32 146 14 71 80 128 44 27 185 131 29 34 58 195 112 0,29
PFG_MOEA,583,4,313.2,1915.8,0 196 6 199 75 45 24 147 77 153 94 109 1 115 184 12 136 149 3 84 86 47 57 20 98 138 141 79 89 28 173 125 135 66 85 97 52 105 152 2 159 102 36 5 49 9 180 0,5
PFG_MOEA,583,5,313.2,1915.8,0 139 122 175 123 15 68 101 117 63 40 192 181 171 188 103 154 74 91 133 126 92 106 116 76 174 194 43 197 96 21 200 150 164 54 72 70 39 18 187 165 140 110 191 48 182 95 198 0,63 91 188
PFG_MOEA,583,6,313.2,1915.8,0 16 46 51 107 134 19 25 93 129 148 121 37 113 179 114 26 73 166 108 59 99 83 160 178 33 82 145 143 170 161 130 65 177 62 55 8 4 111 132 163 56 13 193 0,46 145
PFG_MOEA,584,1,520.32,1777.06,0 50 17 151 11 137 124 169 88 61 67 155 23 10 162 22 142 119 41 183 53 87 69 127 90 172 158 168 190 35 118 120 31 30 115 144 184 0,137
PFG_MOEA,584,2,520.32,1777.06,0 196 6 105 52 112 189 89 156 157 104 186 176 38 7 195 58 34 29 131 185 27 44 128 80 71 14 146 32 167 42 100 81 57 20 152 45 75 24 147 77 0,
PFG_MOEA,584,3,520.32,1777.06,0 199 47 86 84 3 149 136 12 1 109 94 153 135 180 0,1
PFG_MOEA,584,4,520.32,1777.06,0 9 49 159 2 97 85 98 138 79 141 28 173 125 66 102 36 5 95 182 48 0,
PFG_MOEA,584,5,520.32,1777.06,0 16 198 191 110 140 165 187 18 39 70 72 54 164 150 200 21 96 197 43 194 174 76 116 106 92 126 133 91 74 154 103 188 171 181 192 40 63 117 101 68 15 123 175 122 139 46 51 107 134 19 25 93 129 148 121 37 113 179 114 26 73 166 108 59 99 83 160 178 33 82 145 143 170 161 130 65 177 62 55 8 4 111 132 163 56 13 193 78 0,106 111
PFG_MOEA,584,6,520.32,1777.06,0 60 64 0,
PFG_MOEA,585,1,546.46,1762.35,0 50 17 151 11 137 0,
PFG_MOEA,585,2,546.46,1762.35,0 169 124 88 67 61 0,
PFG_MOEA,585,3,546.46,1762.35,0 159 2 52 97 112 85 105 189 100 81 57 20 152 45 75 24 147 77 153 94 1 47 86 84 3 149 136 12 184 144 115 30 31 120 118 35 190 168 158 172 90 127 69 87 53 183 41 119 142 22 162 10 23 155 109 199 6 196 0,1
PFG_MOEA,585,4,546.46,1762.35,0 9 49 5 36 180 135 125 173 28 42 89 156 157 104 186 176 38 195 7 58 34 29 131 185 27 44 128 80 71 14 146 32 167 79 141 138 98 66 102 95 182 48 191 110 140 165 187 18 39 70 72 54 164 150 200 21 96 197 43 194 174 76 116 106 92 126 133 91 74 154 103 188 171 181 192 40 63 117 101 68 15 123 175 122 139 198 16 46 51 107 134 19 0,91
PFG_MOEA,585,5,546.46,1762.35,0 163 132 111 4 8 55 62 177 65 130 161 170 143 145 82 33 178 160 83 99 59 108 166 73 26 114 179 113 37 121 148 129 93 25 56 13 193 78 0,
PFG_MOEA,585,6,546.46,1762.35,0 60 64 0,
PFG_MOEA,586,1,403.49,1779.21,0 196 6 77 0,
PFG_MOEA,586,2,403.49,1779.21,0 199 94 109 1 144 61 124 169 151 11 137 88 67 155 23 10 162 22 142 119 41 183 53 87 69 127 90 172 158 168 190 35 118 120 31 30 115 184 12 136 149 3 84 86 47 153 147 24 75 45 152 105 189 112 52 2 159 102 36 5 49 9 180 0,
PFG_MOEA,586,3,403.49,1779.21,0 97 0,
PFG_MOEA,586,4,403.49,1779.21,0 20 57 81 89 156 157 104 186 176 38 195 7 58 34 29 131 185 27 44 128 80 71 14 146 32 167 42 100 79 141 138 98 28 173 66 85 125 135 0,89 131
PFG_MOEA,586,5,403.49,1779.21,0 16 139 198 95 182 191 48 165 187 18 39 54 72 70 164 150 200 21 96 197 43 194 174 76 116 106 92 126 133 91 74 154 103 188 171 181 192 40 63 117 140 110 101 68 15 123 175 122 46 51 107 134 19 8 55 0,21 198
PFG_MOEA,586,6,403.49,1779.21,0 60 78 193 163 13 62 177 65 130 161 170 143 145 82 33 178 160 83 99 59 108 166 73 26 114 179 113 37 121 148 129 93 25 4 111 56 132 64 50 17 0,56
PFG_MOEA,587,1,547.48,1749.89,0 151 0,
PFG_MOEA,587,2,547.48,1749.89,0 50 17 169 124 137 11 88 61 67 155 23 10 162 22 142 119 41 183 53 87 69 127 90 172 158 168 190 35 118 120 31 30 115 144 184 12 136 149 0,50 87 155
PFG_MOEA,587,3,547.48,1749.89,0 196 6 105 52 112 189 100 81 57 20 152 45 75 24 147 77 153 94 109 1 3 84 86 47 199 0,1
PFG_MOEA,587,4,547.48,1749.89,0 159 2 97 85 66 98 138 141 79 167 32 146 14 71 80 128 44 27 185 131 29 34 58 195 7 38 176 186 104 157 156 89 42 28 173 125 135 102 36 0,89
PFG_MOEA,587,5,547.48,1749.89,0 60 78 193 13 163 64 132 56 111 4 25 93 129 148 121 37 113 179 114 26 73 166 108 59 99 83 160 178 33 82 145 143 170 161 130 65 177 62 55 8 19 134 123 175 122 16 139 198 15 68 101 117 63 40 192 181 171 188 103 154 74 91 133 126 92 106 116 76 174 194 43 197 96 21 200 150 164 70 72 54 39 18 187 165 140 110 191 48 182 95 5 49 9 180 0,5 63 68
PFG_MOEA,587,6,547.48,1749.89,0 51 107 46 0,
PFG_MOEA,588,1,321.43,1884.2,0 196 6 199 77 94 109 1 184 115 30 31 120 118 35 190 168 158 172 90 127 69 87 53 183 41 119 142 22 162 10 23 155 67 88 137 11 151 169 124 61 144 0,
PFG_MOEA,588,2,321.43,1884.2,0 12 136 149 3 84 86 47 153 147 24 75 45 152 105 189 112 97 52 2 159 102 36 5 49 9 180 0,97
PFG_MOEA,588,3,321.43,1884.2,0 20 57 81 0,
PFG_MOEA,588,4,321.43,1884.2,0 135 125 89 156 157 104 186 176 38 195 7 58 34 29 131 185 27 44 128 80 71 14 146 32 167 42 100 79 141 138 98 28 173 66 85 72 54 39 18 187 165 48 191 182 95 198 139 16 0,89 185
PFG_MOEA,588,5,321.43,1884.2,0 70 164 150 200 21 96 197 43 194 174 76 116 106 92 126 133 91 74 154 103 188 171 181 192 40 63 117 140 110 101 68 15 123 175 122 46 51 107 134 19 0,21
PFG_MOEA,588,6,321.43,1884.2,0 60 50 64 78 193 163 13 8 55 62 177 65 130 161 170 143 145 82 33 178 160 83 99 59 108 166 73 26 114 179 113 37 121 148 129 93 25 4 111 56 132 17 0,
PFG_MOEA,589,1,363.45,1848.54,0 56 111 151 11 137 124 169 88 61 67 155 23 10 162 22 142 119 41 183 53 87 69 127 90 172 158 168 190 35 118 120 31 30 115 144 184 0,137
PFG_MOEA,589,2,363.45,1848.54,0 196 6 105 52 112 189 89 156 157 104 186 176 38 7 195 58 34 29 131 185 27 44 128 80 71 14 146 32 167 42 100 81 57 20 152 45 75 24 147 77 153 94 109 1 12 136 149 3 84 86 47 199 0,185
PFG_MOEA,589,3,363.45,1848.54,0 135 173 28 141 79 138 98 125 0,
PFG_MOEA,589,4,363.45,1848.54,0 159 2 97 85 66 102 36 5 49 0,
PFG_MOEA,589,5,363.45,1848.54,0 180 9 95 182 48 191 110 140 165 187 18 39 54 72 70 164 150 200 21 96 197 43 194 174 76 116 106 92 126 133 91 74 154 103 188 171 181 192 40 63 117 101 68 15 123 175 122 139 198 16 25 4 13 163 193 78 60 0,40 188
PFG_MOEA,589,6,363.45,1848.54,0 46 51 107 134 19 8 55 62 177 65 130 161 170 143 145 82 33 178 160 83 99 59 108 166 73 26 114 179 113 37 121 148 129 93 132 64 50 17 0,46
PFG_MOEA,590,1,261.55,2016.67,0 56 111 169 124 88 155 10 162 31 30 120 118 35 190 168 158 172 90 127 69 87 53 183 41 119 142 22 23 67 61 137 11 151 0,56 124
PFG_MOEA,590,2,261.55,2016.67,0 144 115 184 89 156 157 104 186 176 38 7 195 58 34 29 131 185 27 44 128 80 71 14 146 32 167 42 100 81 189 112 52 105 6 196 0,185
PFG_MOEA,590,3,261.55,2016.67,0 199 94 109 1 12 136 149 3 84 86 47 153 77 147 75 24 45 152 20 57 28 141 79 138 98 173 125 135 66 85 97 2 159 102 0,199
PFG_MOEA,590,4,261.55,2016.67,0 180 9 49 36 5 70 72 54 164 21 96 197 43 76 116 106 92 126 174 194 200 150 39 18 187 165 140 110 191 48 182 95 0,
PFG_MOEA,590,5,261.55,2016.67,0 16 139 198 117 63 181 171 192 40 74 91 133 154 103 188 101 68 15 123 175 25 129 148 93 4 13 163 193 78 60 0,63 188
PFG_MOEA,590,6,261.55,2016.67,0 46 122 51 107 134 19 8 55 62 177 65 130 161 170 143 145 82 33 178 160 83 99 59 108 166 73 26 114 179 113 37 121 132 64 50 17 0,46
PFG_MOEA,591,1,372.87,1829.64,0 199 47 86 84 3 149 136 12 1 109 94 153 77 147 24 75 45 152 20 57 28 42 100 173 98 138 141 79 167 32 146 14 71 80 128 44 27 185 131 29 34 58 195 7 38 176 186 104 157 156 89 81 135 125 189 112 52 159 0,
PFG_MOEA,591,2,372.87,1829.64,0 2 97 85 66 102 36 5 0,
PFG_MOEA,591,3,372.87,1829.64,0 180 9 49 95 182 48 191 110 140 165 187 18 39 54 72 70 164 150 200 21 96 197 43 194 174 76 116 106 92 126 133 91 74 154 103 188 171 181 192 40 63 117 101 68 15 123 175 122 139 198 16 0,40
PFG_MOEA,591,4,372.87,1829.64,0 60 78 193 13 64 50 17 132 4 8 55 62 177 65 130 161 170 143 145 82 33 178 160 83 99 59 108 166 73 26 114 179 113 37 121 148 129 93 25 19 134 107 51 46 0,
PFG_MOEA,591,5,372.87,1829.64,0 163 56 111 151 11 137 88 22 142 119 41 183 53 87 69 127 90 172 158 168 190 35 118 120 31 162 10 23 155 67 61 124 169 0,
PFG_MOEA,591,6,372.87,1829.64,0 144 115 30 184 105 6 196 0,105
PFG_MOEA,592,1,343.52,1869.54,0 184 144 115 120 118 35 190 168 158 172 90 127 69 87 53 183 41 119 30 31 162 142 22 10 23 155 67 61 88 137 11 151 0,
PFG_MOEA,592,2,343.52,1869.54,0 189 81 89 156 157 104 186 176 38 7 195 58 34 29 131 185 27 44 128 80 71 14 146 32 167 42 100 112 0,
PFG_MOEA,592,3,343.52,1869.54,0 94 109 1 12 136 149 3 84 86 47 153 77 147 75 24 45 199 196 6 52 105 152 20 57 28 141 79 138 98 173 125 135 66 85 97 2 159 102 49 9 180 0,173
PFG_MOEA,592,4,343.52,1869.54,0 36 5 0,
PFG_MOEA,592,5,343.52,1869.54,0 17 50 16 139 198 191 117 63 192 181 171 188 103 154 40 74 91 133 194 174 126 92 106 116 76 43 197 96 72 54 70 164 21 200 150 39 18 187 165 48 182 95 0,21 188 198
PFG_MOEA,592,6,343.52,1869.54,0 140 110 101 68 15 123 175 122 46 51 107 134 19 8 55 62 177 65 130 161 170 143 145 82 33 178 160 83 99 59 108 166 73 26 114 179 113 37 121 148 129 93 25 124 169 4 111 56 13 132 163 193 78 64 60 0,46 56 68 179
PFG_MOEA,593,1,336.24,1871.66,0 199 47 86 84 3 149 136 12 1 109 94 153 77 147 24 45 75 0,
PFG_MOEA,593,2,336.24,1871.66,0 95 5 36 102 97 112 85 66 125 135 81 89 156 157 104 186 176 38 7 195 58 34 29 131 185 27 44 128 80 71 14 146 32 167 79 141 138 98 173 100 42 28 57 20 152 189 52 2 159 180 49 9 0,89 185
PFG_MOEA,593,3,336.24,1871.66,0 182 48 191 110 140 165 187 18 39 54 72 70 164 150 200 21 96 197 43 194 174 76 116 106 92 126 133 91 74 154 103 188 171 181 192 40 63 117 101 68 15 123 175 122 139 0,68 91 139
PFG_MOEA,593,4,336.24,1871.66,0 16 198 46 51 107 134 19 25 93 129 148 121 37 113 179 114 26 73 166 108 59 99 83 160 178 33 82 145 143 170 161 130 65 177 62 55 8 4 111 132 163 56 13 193 78 60 64 50 17 151 0,
PFG_MOEA,593,5,336.24,1871.66,0 11 88 137 0,
PFG_MOEA,593,6,336.24,1871.66,0 169 124 61 67 155 23 10 162 22 142 119 41 183 53 87 69 127 90 172 158 168 190 35 118 120 30 31 115 144 184 105 6 196 0,155
PFG_MOEA,594,1,787.39,1705.64,0 196 153 0,
PFG_MOEA,594,2,787.39,1705.64,0 147 24 75 45 152 180 9 49 0,
PFG_MOEA,594,3,787.39,1705.64,0 5 36 102 0,
PFG_MOEA,594,4,787.39,1705.64,0 77 47 86 84 3 149 136 12 184 115 57 20 98 138 141 79 167 32 146 14 71 80 128 44 27 185 131 29 34 58 7 195 38 176 186 104 157 156 89 81 42 100 28 173 125 135 189 105 66 85 112 97 52 2 159 95 182 48 191 110 140 165 187 18 39 70 72 54 164 150 200 21 96 197 43 194 174 76 116 106 92 126 133 91 74 154 103 188 171 181 192 40 63 117 101 68 15 123 175 122 139 198 16 46 51 107 134 19 25 93 129 148 121 37 113 179 114 26 73 166 108 59 99 83 160 178 33 82 145 143 170 161 130 65 177 62 55 8 0,
PFG_MOEA,594,5,787.39,1705.64,0 163 132 4 111 56 13 193 78 60 0,
PFG_MOEA,594,6,787.39,1705.64,0 64 50 17 151 11 137 124 169 88 61 67 155 23 10 162 22 142 119 41 183 53 87 69 127 90 172 158 168 190 35 118 120 30 31 144 1 109 94 199 6 0,10 41 155
PFG_MOEA,595,1,313.2,1915.8,0 60 78 64 50 17 151 11 137 124 0,124
PFG_MOEA,595,2,313.2,1915.8,0 169 88 61 67 155 23 10 162 22 142 119 41 183 53 87 69 127 90 172 158 168 190 35 118 120 30 31 104 186 176 38 7 157 156 144 0,
PFG_MOEA,595,3,313.2,1915.8,0 189 81 100 42 167 32 146 14 71 80 128 44 27 185 131 29 34 58 195 112 0,29
PFG_MOEA,595,4,313.2,1915.8,0 196 6 199 75 45 24 147 77 153 94 109 1 115 184 12 136 149 3 84 86 47 57 20 98 138 141 79 89 28 173 125 135 66 85 97 52 105 152 2 159 102 36 5 49 9 180 0,5
PFG_MOEA,595,5,313.2,1915.8,0 139 122 175 123 15 68 101 117 63 40 192 181 171 188 103 154 74 91 133 126 92 106 116 76 174 194 43 197 96 21 200 150 164 54 72 70 39 18 187 165 140 110 191 48 182 95 198 0,63 91 188
PFG_MOEA,595,6,313.2,1915.8,0 16 46 51 107 134 19 25 93 129 148 121 37 113 179 114 26 73 166 108 59 99 83 160 178 33 82 145 143 170 161 130 65 177 62 55 8 4 111 132 163 56 13 193 0,46 145
PFG_MOEA,596,1,520.32,1777.06,0 50 17 151 11 137 124 169 88 61 67 155 23 10 162 22 142 119 41 183 53 87 69 127 90 172 158 168 190 35 118 120 31 30 115 144 184 0,137
PFG_MOEA,596,2,520.32,1777.06,0 196 6 105 52 112 189 89 156 157 104 186 176 38 7 195 58 34 29 131 185 27 44 128 80 71 14 146 32 167 42 100 81 57 20 152 45 75 24 147 77 0,
PFG_MOEA,596,3,520.32,1777.06,0 199 47 86 84 3 149 136 12 1 109 94 153 135 180 0,1
PFG_MOEA,596,4,520.32,1777.06,0 9 49 159 2 97 85 98 138 79 141 28 173 125 66 102 36 5 95 182 48 0,
PFG_MOEA,596,5,520.32,1777.06,0 16 198 191 110 140 165 187 18 39 70 72 54 164 150 200 21 96 197 43 194 174 76 116 106 92 126 133 91 74 154 103 188 171 181 192 40 63 117 101 68 15 123 175 122 139 46 51 107 134 19 25 93 129 148 121 37 113 179 114 26 73 166 108 59 99 83 160 178 33 82 145 143 170 161 130 65 177 62 55 8 4 111 132 163 56 13 193 78 0,106 111
PFG_MOEA,596,6,520.32,1777.06,0 60 64 0,
PFG_MOEA,597,1,546.46,1762.35,0 50 17 151 11 137 0,
PFG_MOEA,597,2,546.46,1762.35,0 169 124 88 67 61 0,
PFG_MOEA,597,3,546.46,1762.35,0 159 2 52 97 112 85 105 189 100 81 57 20 152 45 75 24 147 77 153 94 1 47 86 84 3 149 136 12 184 144 115 30 31 120 118 35 190 168 158 172 90 127 69 87 53 183 41 119 142 22 162 10 23 155 109 199 6 196 0,1
PFG_MOEA,597,4,546.46,1762.35,0 9 49 5 36 180 135 125 173 28 42 89 156 157 104 186 176 38 195 7 58 34 29 131 185 27 44 128 80 71 14 146 32 167 79 141 138 98 66 102 95 182 48 191 110 140 165 187 18 39 70 72 54 164 150 200 21 96 197 43 194 174 76 116 106 92 126 133 91 74 154 103 188 171 181 192 40 63 117 101 68 15 123 175 122 139 198 16 46 51 107 134 19 0,91
PFG_MOEA,597,5,546.46,1762.35,0 163 132 111 4 8 55 62 177 65 130 161 170 143 145 82 33 178 160 83 99 59 108 166 73 26 114 179 113 37 121 148 129 93 25 56 13 193 78 0,
PFG_MOEA,597,6,546.46,1762.35,0 60 64 0,
PFG_MOEA,598,1,403.49,1779.21,0 196 6 77 0,
PFG_MOEA,598,2,403.49,1779.21,0 199 94 109 1 144 61 124 169 151 11 137 88 67 155 23 10 162 22 142 119 41 183 53 87 69 127 90 172 158 168 190 35 118 120 31 30 115 184 12 136 149 3 84 86 47 153 147 24 75 45 152 105 189 112 52 2 159 102 36 5 49 9 180 0,
PFG_MOEA,598,3,403.49,1779.21,0 97 0,
PFG_MOEA,598,4,403.49,1779.21,0 20 57 81 89 156 157 104 186 176 38 195 7 58 34 29 131 185 27 44 128 80 71 14 146 32 167 42 100 79 141 138 98 28 173 66 85 125 135 0,89 131
PFG_MOEA,598,5,403.49,1779.21,0 16 139 198 95 182 191 48 165 187 18 39 54 72 70 164 150 200 21 96 197 43 194 174 76 116 106 92 126 133 91 74 154 103 188 171 181 192 40 63 117 140 110 101 68 15 123 175 122 46 51 107 134 19 8 55 0,21 198
PFG_MOEA,598,6,403.49,1779.21,0 60 78 193 163 13 62 177 65 130 161 170 143 145 82 33 178 160 83 99 59 108 166 73 26 114 179 113 37 121 148 129 93 25 4 111 56 132 64 50 17 0,56
PFG_MOEA,599,1,547.48,1749.89,0 151 0,
PFG_MOEA,599,2,547.48,1749.89,0 50 17 169 124 137 11 88 61 67 155 23 10 162 22 142 119 41 183 53 87 69 127 90 172 158 168 190 35 118 120 31 30 115 144 184 12 136 149 0,50 87 155
PFG_MOEA,599,3,547.48,1749.89,0 196 6 105 52 112 189 100 81 57 20 152 45 75 24 147 77 153 94 109 1 3 84 86 47 199 0,1
PFG_MOEA,599,4,547.48,1749.89,0 159 2 97 85 66 98 138 141 79 167 32 146 14 71 80 128 44 27 185 131 29 34 58 195 7 38 176 186 104 157 156 89 42 28 173 125 135 102 36 0,89
PFG_MOEA,599,5,547.48,1749.89,0 60 78 193 13 163 64 132 56 111 4 25 93 129 148 121 37 113 179 114 26 73 166 108 59 99 83 160 178 33 82 145 143 170 161 130 65 177 62 55 8 19 134 123 175 122 16 139 198 15 68 101 117 63 40 192 181 171 188 103 154 74 91 133 126 92 106 116 76 174 194 43 197 96 21 200 150 164 70 72 54 39 18 187 165 140 110 191 48 182 95 5 49 9 180 0,5 63 68
PFG_MOEA,599,6,547.48,1749.89,0 51 107 46 0,
PFG_MOEA,600,1,321.43,1884.2,0 196 6 199 77 94 109 1 184 115 30 31 120 118 35 190 168 158 172 90 127 69 87 53 183 41 119 142 22 162 10 23 155 67 88 137 11 151 169 124 61 144 0,
PFG_MOEA,600,2,321.43,1884.2,0 12 136 149 3 84 86 47 153 147 24 75 45 152 105 189 112 97 52 2 159 102 36 5 49 9 180 0,97
PFG_MOEA,600,3,321.43,1884.2,0 20 57 81 0,
PFG_MOEA,600,4,321.43,1884.2,0 135 125 89 156 157 104 186 176 38 195 7 58 34 29 131 185 27 44 128 80 71 14 146 32 167 42 100 79 141 138 98 28 173 66 85 72 54 39 18 187 165 48 191 182 95 198 139 16 0,89 185
PFG_MOEA,600,5,321.43,1884.2,0 70 164 150 200 21 96 197 43 194 174 76 116 106 92 126 133 91 74 154 103 188 171 181 192 40 63 117 140 110 101 68 15 123 175 122 46 51 107 134 19 0,21
PFG_MOEA,600,6,321.43,1884.2,0 60 50 64 78 193 163 13 8 55 62 177 65 130 161 170 143 145 82 33 178 160 83 99 59 108 166 73 26 114 179 113 37 121 148 129 93 25 4 111 56 132 17 0,
PFG_MOEA,601,1,363.45,1848.54,0 56 111 151 11 137 124 169 88 61 67 155 23 10 162 22 142 119 41 183 53 87 69 127 90 172 158 168 190 35 118 120 31 30 115 144 184 0,137
PFG_MOEA,601,2,363.45,1848.54,0 196 6 105 52 112 189 89 156 157 104 186 176 38 7 195 58 34 29 131 185 27 44 128 80 71 14 146 32 167 42 100 81 57 20 152 45 75 24 147 77 153 94 109 1 12 136 149 3 84 86 47 199 0,185
PFG_MOEA,601,3,363.45,1848.54,0 135 173 28 141 79 138 98 125 0,
PFG_MOEA,601,4,363.45,1848.54,0 159 2 97 85 66 102 36 5 49 0,
PFG_MOEA,601,5,363.45,1848.54,0 180 9 95 182 48 191 110 140 165 187 18 39 54 72 70 164 150 200 21 96 197 43 194 174 76 116 106 92 126 133 91 74 154 103 188 171 181 192 40 63 117 101 68 15 123 175 122 139 198 16 25 4 13 163 193 78 60 0,40 188
PFG_MOEA,601,6,363.45,1848.54,0 46 51 107 134 19 8 55 62 177 65 130 161 170 143 145 82 33 178 160 83 99 59 108 166 73 26 114 179 113 37 121 148 129 93 132 64 50 17 0,46
PFG_MOEA,602,1,261.55,2016.67,0 56 111 169 124 88 155 10 162 31 30 120 118 35 190 168 158 172 90 127 69 87 53 183 41 119 142 22 23 67 61 137 11 151 0,56 124
PFG_MOEA,602,2,261.55,2016.67,0 144 115 184 89 156 157 104 186 176 38 7 195 58 34 29 131 185 27 44 128 80 71 14 146 32 167 42 100 81 189 112 52 105 6 196 0,185
PFG_MOEA,602,3,261.55,2016.67,0 199 94 109 1 12 136 149 3 84 86 47 153 77 147 75 24 45 152 20 57 28 141 79 138 98 173 125 135 66 85 97 2 159 102 0,199
PFG_MOEA,602,4,261.55,2016.67,0 180 9 49 36 5 70 72 54 164 21 96 197 43 76 116 106 92 126 174 194 200 150 39 18 187 165 140 110 191 48 182 95 0,
PFG_MOEA,602,5,261.55,2016.67,0 16 139 198 117 63 181 171 192 40 74 91 133 154 103 188 101 68 15 123 175 25 129 148 93 4 13 163 193 78 60 0,63 188
PFG_MOEA,602,6,261.55,2016.67,0 46 122 51 107 134 19 8 55 62 177 65 130 161 170 143 145 82 33 178 160 83 99 59 108 166 73 26 114 179 113 37 121 132 64 50 17 0,46
PFG_MOEA,603,1,372.87,1829.64,0 199 47 86 84 3 149 136 12 1 109 94 153 77 147 24 75 45 152 20 57 28 42 100 173 98 138 141 79 167 32 146 14 71 80 128 44 27 185 131 29 34 58 195 7 38 176 186 104 157 156 89 81 135 125 189 112 52 159 0,
PFG_MOEA,603,2,372.87,1829.64,0 2 97 85 66 102 36 5 0,
PFG_MOEA,603,3,372.87,1829.64,0 180 9 49 95 182 48 191 110 140 165 187 18 39 54 72 70 164 150 200 21 96 197 43 194 174 76 116 106 92 126 133 91 74 154 103 188 171 181 192 40 63 117 101 68 15 123 175 122 139 198 16 0,40
PFG_MOEA,603,4,372.87,1829.64,0 60 78 193 13 64 50 17 132 4 8 55 62 177 65 130 161 170 143 145 82 33 178 160 83 99 59 108 166 73 26 114 179 113 37 121 148 129 93 25 19 134 107 51 46 0,
PFG_MOEA,603,5,372.87,1829.64,0 163 56 111 151 11 137 88 22 142 119 41 183 53 87 69 127 90 172 158 168 190 35 118 120 31 162 10 23 155 67 61 124 169 0,
PFG_MOEA,603,6,372.87,1829.64,0 144 115 30 184 105 6 196 0,105
PFG_MOEA,604,1,343.52,1869.54,0 184 144 115 120 118 35 190 168 158 172 90 127 69 87 53 183 41 119 30 31 162 142 22 10 23 155 67 61 88 137 11 151 0,
PFG_MOEA,604,2,343.52,1869.54,0 189 81 89 156 157 104 186 176 38 7 195 58 34 29 131 185 27 44 128 80 71 14 146 32 167 42 100 112 0,
PFG_MOEA,604,3,343.52,1869.54,0 94 109 1 12 136 149 3 84 86 47 153 77 147 75 24 45 199 196 6 52 105 152 20 57 28 141 79 138 98 173 125 135 66 85 97 2 159 102 49 9 180 0,173
PFG_MOEA,604,4,343.52,1869.54,0 36 5 0,
PFG_MOEA,604,5,343.52,1869.54,0 17 50 16 139 198 191 117 63 192 181 171 188 103 154 40 74 91 133 194 174 126 92 106 116 76 43 197 96 72 54 70 164 21 200 150 39 18 187 165 48 182 95 0,21 188 198
PFG_MOEA,604,6,343.52,1869.54,0 140 110 101 68 15 123 175 122 46 51 107 134 19 8 55 62 177 65 130 161 170 143 145 82 33 178 160 83 99 59 108 166 73 26 114 179 113 37 121 148 129 93 25 124 169 4 111 56 13 132 163 193 78 64 60 0,46 56 68 179
PFG_MOEA,605,1,336.24,1871.66,0 199 47 86 84 3 149 136 12 1 109 94 153 77 147 24 45 75 0,
PFG_MOEA,605,2,336.24,1871.66,0 95 5 36 102 97 112 85 66 125 135 81 89 156 157 104 186 176 38 7 195 58 34 29 131 185 27 44 128 80 71 14 146 32 167 79 141 138 98 173 100 42 28 57 20 152 189 52 2 159 180 49 9 0,89 185
PFG_MOEA,605,3,336.24,1871.66,0 182 48 191 110 140 165 187 18 39 54 72 70 164 150 200 21 96 197 43 194 174 76 116 106 92 126 133 91 74 154 103 188 171 181 192 40 63 117 101 68 15 123 175 122 139 0,68 91 139
PFG_MOEA,605,4,336.24,1871.66,0 16 198 46 51 107 134 19 25 93 129 148 121 37 113 179 114 26 73 166 108 59 99 83 160 178 33 82 145 143 170 161 130 65 177 62 55 8 4 111 132 163 56 13 193 78 60 64 50 17 151 0,
PFG_MOEA,605,5,336.24,1871.66,0 11 88 137 0,
PFG_MOEA,605,6,336.24,1871.66,0 169 124 61 67 155 23 10 162 22 142 119 41 183 53 87 69 127 90 172 158 168 190 35 118 120 30 31 115 144 184 105 6 196 0,155
PFG_MOEA,606,1,787.39,1705.64,0 196 153 0,
PFG_MOEA,606,2,787.39,1705.64,0 147 24 75 45 152 180 9 49 0,
PFG_MOEA,606,3,787.39,1705.64,0 5 36 102 0,
PFG_MOEA,606,4,787.39,1705.64,0 77 47 86 84 3 149 136 12 184 115 57 20 98 138 141 79 167 32 146 14 71 80 128 44 27 185 131 29 34 58 7 195 38 176 186 104 157 156 89 81 42 100 28 173 125 135 189 105 66 85 112 97 52 2 159 95 182 48 191 110 140 165 187 18 39 70 72 54 164 150 200 21 96 197 43 194 174 76 116 106 92 126 133 91 74 154 103 188 171 181 192 40 63 117 101 68 15 123 175 122 139 198 16 46 51 107 134 19 25 93 129 148 121 37 113 179 114 26 73 166 108 59 99 83 160 178 33 82 145 143 170 161 130 65 177 62 55 8 0,
PFG_MOEA,606,5,787.39,1705.64,0 163 132 4 111 56 13 193 78 60 0,
PFG_MOEA,606,6,787.39,1705.64,0 64 50 17 151 11 137 124 169 88 61 67 155 23 10 162 22 142 119 41 183 53 87 69 127 90 172 158 168 190 35 118 120 30 31 144 1 109 94 199 6 0,10 41 155
PFG_MOEA,607,1,313.2,1915.8,0 60 78 64 50 17 151 11 137 124 0,124
PFG_MOEA,607,2,313.2,1915.8,0 169 88 61 67 155 23 10 162 22 142 119 41 183 53 87 69 127 90 172 158 168 190 35 118 120 30 31 104 186 176 38 7 157 156 144 0,
PFG_MOEA,607,3,313.2,1915.8,0 189 81 100 42 167 32 146 14 71 80 128 44 27 185 131 29 34 58 195 112 0,29
PFG_MOEA,607,4,313.2,1915.8,0 196 6 199 75 45 24 147 77 153 94 109 1 115 184 12 136 149 3 84 86 47 57 20 98 138 141 79 89 28 173 125 135 66 85 97 52 105 152 2 159 102 36 5 49 9 180 0,5
PFG_MOEA,607,5,313.2,1915.8,0 139 122 175 123 15 68 101 117 63 40 192 181 171 188 103 154 74 91 133 126 92 106 116 76 174 194 43 197 96 21 200 150 164 54 72 70 39 18 187 165 140 110 191 48 182 95 198 0,63 91 188
PFG_MOEA,607,6,313.2,1915.8,0 16 46 51 107 134 19 25 93 129 148 121 37 113 179 114 26 73 166 108 59 99 83 160 178 33 82 145 143 170 161 130 65 177 62 55 8 4 111 132 163 56 13 193 0,46 145
PFG_MOEA,608,1,520.32,1777.06,0 50 17 151 11 137 124 169 88 61 67 155 23 10 162 22 142 119 41 183 53 87 69 127 90 172 158 168 190 35 118 120 31 30 115 144 184 0,137
PFG_MOEA,608,2,520.32,1777.06,0 196 6 105 52 112 189 89 156 157 104 186 176 38 7 195 58 34 29 131 185 27 44 128 80 71 14 146 32 167 42 100 81 57 20 152 45 75 24 147 77 0,
PFG_MOEA,608,3,520.32,1777.06,0 199 47 86 84 3 149 136 12 1 109 94 153 135 180 0,1
PFG_MOEA,608,4,520.32,1777.06,0 9 49 159 2 97 85 98 138 79 141 28 173 125 66 102 36 5 95 182 48 0,
PFG_MOEA,608,5,520.32,1777.06,0 16 198 191 110 140 165 187 18 39 70 72 54 164 150 200 21 96 197 43 194 174 76 116 106 92 126 133 91 74 154 103 188 171 181 192 40 63 117 101 68 15 123 175 122 139 46 51 107 134 19 25 93 129 148 121 37 113 179 114 26 73 166 108 59 99 83 160 178 33 82 145 143 170 161 130 65 177 62 55 8 4 111 132 163 56 13 193 78 0,106 111
PFG_MOEA,608,6,520.32,1777.06,0 60 64 0,
PFG_MOEA,609,1,546.46,1762.35,0 50 17 151 11 137 0,
PFG_MOEA,609,2,546.46,1762.35,0 169 124 88 67 61 0,
PFG_MOEA,609,3,546.46,1762.35,0 159 2 52 97 112 85 105 189 100 81 57 20 152 45 75 24 147 77 153 94 1 47 86 84 3 149 136 12 184 144 115 30 31 120 118 35 190 168 158 172 90 127 69 87 53 183 41 119 142 22 162 10 23 155 109 199 6 196 0,1
PFG_MOEA,609,4,546.46,1762.35,0 9 49 5 36 180 135 125 173 28 42 89 156 157 104 186 176 38 195 7 58 34 29 131 185 27 44 128 80 71 14 146 32 167 79 141 138 98 66 102 95 182 48 191 110 140 165 187 18 39 70 72 54 164 150 200 21 96 197 43 194 174 76 116 106 92 126 133 91 74 154 103 188 171 181 192 40 63 117 101 68 15 123 175 122 139 198 16 46 51 107 134 19 0,91
PFG_MOEA,609,5,546.46,1762.35,0 163 132 111 4 8 55 62 177 65 130 161 170 143 145 82 33 178 160 83 99 59 108 166 73 26 114 179 113 37 121 148 129 93 25 56 13 193 78 0,
PFG_MOEA,609,6,546.46,1762.35,0 60 64 0,
PFG_MOEA,610,1,403.49,1779.21,0 196 6 77 0,
PFG_MOEA,610,2,403.49,1779.21,0 199 94 109 1 144 61 124 169 151 11 137 88 67 155 23 10 162 22 142 119 41 183 53 87 69 127 90 172 158 168 190 35 118 120 31 30 115 184 12 136 149 3 84 86 47 153 147 24 75 45 152 105 189 112 52 2 159 102 36 5 49 9 180 0,
PFG_MOEA,610,3,403.49,1779.21,0 97 0,
PFG_MOEA,610,4,403.49,1779.21,0 20 57 81 89 156 157 104 186 176 38 195 7 58 34 29 131 185 27 44 128 80 71 14 146 32 167 42 100 79 141 138 98 28 173 66 85 125 135 0,89 131
PFG_MOEA,610,5,403.49,1779.21,0 16 139 198 95 182 191 48 165 187 18 39 54 72 70 164 150 200 21 96 197 43 194 174 76 116 106 92 126 133 91 74 154 103 188 171 181 192 40 63 117 140 110 101 68 15 123 175 122 46 51 107 134 19 8 55 0,21 198
PFG_MOEA,610,6,403.49,1779.21,0 60 78 193 163 13 62 177 65 130 161 170 143 145 82 33 178 160 83 99 59 108 166 73 26 114 179 113 37 121 148 129 93 25 4 111 56 132 64 50 17 0,56
PFG_MOEA,611,1,547.48,1749.89,0 151 0,
PFG_MOEA,611,2,547.48,1749.89,0 50 17 169 124 137 11 88 61 67 155 23 10 162 22 142 119 41 183 53 87 69 127 90 172 158 168 190 35 118 120 31 30 115 144 184 12 136 149 0,50 87 155
PFG_MOEA,611,3,547.48,1749.89,0 196 6 105 52 112 189 100 81 57 20 152 45 75 24 147 77 153 94 109 1 3 84 86 47 199 0,1
PFG_MOEA,611,4,547.48,1749.89,0 159 2 97 85 66 98 138 141 79 167 32 146 14 71 80 128 44 27 185 131 29 34 58 195 7 38 176 186 104 157 156 89 42 28 173 125 135 102 36 0,89
PFG_MOEA,611,5,547.48,1749.89,0 60 78 193 13 163 64 132 56 111 4 25 93 129 148 121 37 113 179 114 26 73 166 108 59 99 83 160 178 33 82 145 143 170 161 130 65 177 62 55 8 19 134 123 175 122 16 139 198 15 68 101 117 63 40 192 181 171 188 103 154 74 91 133 126 92 106 116 76 174 194 43 197 96 21 200 150 164 70 72 54 39 18 187 165 140 110 191 48 182 95 5 49 9 180 0,5 63 68
PFG_MOEA,611,6,547.48,1749.89,0 51 107 46 0,
PFG_MOEA,612,1,321.43,1884.2,0 196 6 199 77 94 109 1 184 115 30 31 120 118 35 190 168 158 172 90 127 69 87 53 183 41 119 142 22 162 10 23 155 67 88 137 11 151 169 124 61 144 0,
PFG_MOEA,612,2,321.43,1884.2,0 12 136 149 3 84 86 47 153 147 24 75 45 152 105 189 112 97 52 2 159 102 36 5 49 9 180 0,97
PFG_MOEA,612,3,321.43,1884.2,0 20 57 81 0,
PFG_MOEA,612,4,321.43,1884.2,0 135 125 89 156 157 104 186 176 38 195 7 58 34 29 131 185 27 44 128 80 71 14 146 32 167 42 100 79 141 138 98 28 173 66 85 72 54 39 18 187 165 48 191 182 95 198 139 16 0,89 185
PFG_MOEA,612,5,321.43,1884.2,0 70 164 150 200 21 96 197 43 194 174 76 116 106 92 126 133 91 74 154 103 188 171 181 192 40 63 117 140 110 101 68 15 123 175 122 46 51 107 134 19 0,21
PFG_MOEA,612,6,321.43,1884.2,0 60 50 64 78 193 163 13 8 55 62 177 65 130 161 170 143 145 82 33 178 160 83 99 59 108 166 73 26 114 179 113 37 121 148 129 93 25 4 111 56 132 17 0,
PFG_MOEA,613,1,363.45,1848.54,0 56 111 151 11 137 124 169 88 61 67 155 23 10 162 22 142 119 41 183 53 87 69 127 90 172 158 168 190 35 118 120 31 30 115 144 184 0,137
PFG_MOEA,613,2,363.45,1848.54,0 196 6 105 52 112 189 89 156 157 104 186 176 38 7 195 58 34 29 131 185 27 44 128 80 71 14 146 32 167 42 100 81 57 20 152 45 75 24 147 77 153 94 109 1 12 136 149 3 84 86 47 199 0,185
PFG_MOEA,613,3,363.45,1848.54,0 135 173 28 141 79 138 98 125 0,
PFG_MOEA,613,4,363.45,1848.54,0 159 2 97 85 66 102 36 5 49 0,
PFG_MOEA,613,5,363.45,1848.54,0 180 9 95 182 48 191 110 140 165 187 18 39 54 72 70 164 150 200 21 96 197 43 194 174 76 116 106 92 126 133 91 74 154 103 188 171 181 192 40 63 117 101 68 15 123 175 122 139 198 16 25 4 13 163 193 78 60 0,40 188
PFG_MOEA,613,6,363.45,1848.54,0 46 51 107 134 19 8 55 62 177 65 130 161 170 143 145 82 33 178 160 83 99 59 108 166 73 26 114 179 113 37 121 148 129 93 132 64 50 17 0,46
PFG_MOEA,614,1,261.55,2016.67,0 56 111 169 124 88 155 10 162 31 30 120 118 35 190 168 158 172 90 127 69 87 53 183 41 119 142 22 23 67 61 137 11 151 0,56 124
PFG_MOEA,614,2,261.55,2016.67,0 144 115 184 89 156 157 104 186 176 38 7 195 58 34 29 131 185 27 44 128 80 71 14 146 32 167 42 100 81 189 112 52 105 6 196 0,185
PFG_MOEA,614,3,261.55,2016.67,0 199 94 109 1 12 136 149 3 84 86 47 153 77 147 75 24 45 152 20 57 28 141 79 138 98 173 125 135 66 85 97 2 159 102 0,199
PFG_MOEA,614,4,261.55,2016.67,0 180 9 49 36 5 70 72 54 164 21 96 197 43 76 116 106 92 126 174 194 200 150 39 18 187 165 140 110 191 48 182 95 0,
PFG_MOEA,614,5,261.55,2016.67,0 16 139 198 117 63 181 171 192 40 74 91 133 154 103 188 101 68 15 123 175 25 129 148 93 4 13 163 193 78 60 0,63 188
PFG_MOEA,614,6,261.55,2016.67,0 46 122 51 107 134 19 8 55 62 177 65 130 161 170 143 145 82 33 178 160 83 99 59 108 166 73 26 114 179 113 37 121 132 64 50 17 0,46
PFG_MOEA,615,1,372.87,1829.64,0 199 47 86 84 3 149 136 12 1 109 94 153 77 147 24 75 45 152 20 57 28 42 100 173 98 138 141 79 167 32 146 14 71 80 128 44 27 185 131 29 34 58 195 7 38 176 186 104 157 156 89 81 135 125 189 112 52 159 0,
PFG_MOEA,615,2,372.87,1829.64,0 2 97 85 66 102 36 5 0,
PFG_MOEA,615,3,372.87,1829.64,0 180 9 49 95 182 48 191 110 140 165 187 18 39 54 72 70 164 150 200 21 96 197 43 194 174 76 116 106 92 126 133 91 74 154 103 188 171 181 192 40 63 117 101 68 15 123 175 122 139 198 16 0,40
PFG_MOEA,615,4,372.87,1829.64,0 60 78 193 13 64 50 17 132 4 8 55 62 177 65 130 161 170 143 145 82 33 178 160 83 99 59 108 166 73 26 114 179 113 37 121 148 129 93 25 19 134 107 51 46 0,
PFG_MOEA,615,5,372.87,1829.64,0 163 56 111 151 11 137 88 22 142 119 41 183 53 87 69 127 90 172 158 168 190 35 118 120 31 162 10 23 155 67 61 124 169 0,
PFG_MOEA,615,6,372.87,1829.64,0 144 115 30 184 105 6 196 0,105
PFG_MOEA,616,1,343.52,1869.54,0 184 144 115 120 118 35 190 168 158 172 90 127 69 87 53 183 41 119 30 31 162 142 22 10 23 155 67 61 88 137 11 151 0,
PFG_MOEA,616,2,343.52,1869.54,0 189 81 89 156 157 104 186 176 38 7 195 58 34 29 131 185 27 44 128 80 71 14 146 32 167 42 100 112 0,
PFG_MOEA,616,3,343.52,1869.54,0 94 109 1 12 136 149 3 84 86 47 153 77 147 75 24 45 199 196 6 52 105 152 20 57 28 141 79 138 98 173 125 135 66 85 97 2 159 102 49 9 180 0,173
PFG_MOEA,616,4,343.52,1869.54,0 36 5 0,
PFG_MOEA,616,5,343.52,1869.54,0 17 50 16 139 198 191 117 63 192 181 171 188 103 154 40 74 91 133 194 174 126 92 106 116 76 43 197 96 72 54 70 164 21 200 150 39 18 187 165 48 182 95 0,21 188 198
PFG_MOEA,616,6,343.52,1869.54,0 140 110 101 68 15 123 175 122 46 51 107 134 19 8 55 62 177 65 130 161 170 143 145 82 33 178 160 83 99 59 108 166 73 26 114 179 113 37 121 148 129 93 25 124 169 4 111 56 13 132 163 193 78 64 60 0,46 56 68 179
PFG_MOEA,617,1,336.24,1871.66,0 199 47 86 84 3 149 136 12 1 109 94 153 77 147 24 45 75 0,
PFG_MOEA,617,2,336.24,1871.66,0 95 5 36 102 97 112 85 66 125 135 81 89 156 157 104 186 176 38 7 195 58 34 29 131 185 27 44 128 80 71 14 146 32 167 79 141 138 98 173 100 42 28 57 20 152 189 52 2 159 180 49 9 0,89 185
PFG_MOEA,617,3,336.24,1871.66,0 182 48 191 110 140 165 187 18 39 54 72 70 164 150 200 21 96 197 43 194 174 76 116 106 92 126 133 91 74 154 103 188 171 181 192 40 63 117 101 68 15 123 175 122 139 0,68 91 139
PFG_MOEA,617,4,336.24,1871.66,0 16 198 46 51 107 134 19 25 93 129 148 121 37 113 179 114 26 73 166 108 59 99 83 160 178 33 82 145 143 170 161 130 65 177 62 55 8 4 111 132 163 56 13 193 78 60 64 50 17 151 0,
PFG_MOEA,617,5,336.24,1871.66,0 11 88 137 0,
PFG_MOEA,617,6,336.24,1871.66,0 169 124 61 67 155 23 10 162 22 142 119 41 183 53 87 69 127 90 172 158 168 190 35 118 120 30 31 115 144 184 105 6 196 0,155
PFG_MOEA,618,1,787.39,1705.64,0 196 153 0,
PFG_MOEA,618,2,787.39,1705.64,0 147 24 75 45 152 180 9 49 0,
PFG_MOEA,618,3,787.39,1705.64,0 5 36 102 0,
PFG_MOEA,618,4,787.39,1705.64,0 77 47 86 84 3 149 136 12 184 115 57 20 98 138 141 79 167 32 146 14 71 80 128 44 27 185 131 29 34 58 7 195 38 176 186 104 157 156 89 81 42 100 28 173 125 135 189 105 66 85 112 97 52 2 159 95 182 48 191 110 140 165 187 18 39 70 72 54 164 150 200 21 96 197 43 194 174 76 116 106 92 126 133 91 74 154 103 188 171 181 192 40 63 117 101 68 15 123 175 122 139 198 16 46 51 107 134 19 25 93 129 148 121 37 113 179 114 26 73 166 108 59 99 83 160 178 33 82 145 143 170 161 130 65 177 62 55 8 0,
PFG_MOEA,618,5,787.39,1705.64,0 163 132 4 111 56 13 193 78 60 0,
PFG_MOEA,618,6,787.39,1705.64,0 64 50 17 151 11 137 124 169 88 61 67 155 23 10 162 22 142 119 41 183 53 87 69 127 90 172 158 168 190 35 118 120 30 31 144 1 109 94 199 6 0,10 41 155
PFG_MOEA,619,1,313.2,1915.8,0 60 78 64 50 17 151 11 137 124 0,124
PFG_MOEA,619,2,313.2,1915.8,0 169 88 61 67 155 23 10 162 22 142 119 41 183 53 87 69 127 90 172 158 168 190 35 118 120 30 31 104 186 176 38 7 157 156 144 0,
PFG_MOEA,619,3,313.2,1915.8,0 189 81 100 42 167 32 146 14 71 80 128 44 27 185 131 29 34 58 195 112 0,29
PFG_MOEA,619,4,313.2,1915.8,0 196 6 199 75 45 24 147 77 153 94 109 1 115 184 12 136 149 3 84 86 47 57 20 98 138 141 79 89 28 173 125 135 66 85 97 52 105 152 2 159 102 36 5 49 9 180 0,5
PFG_MOEA,619,5,313.2,1915.8,0 139 122 175 123 15 68 101 117 63 40 192 181 171 188 103 154 74 91 133 126 92 106 116 76 174 194 43 197 96 21 200 150 164 54 72 70 39 18 187 165 140 110 191 48 182 95 198 0,63 91 188
PFG_MOEA,619,6,313.2,1915.8,0 16 46 51 107 134 19 25 93 129 148 121 37 113 179 114 26 73 166 108 59 99 83 160 178 33 82 145 143 170 161 130 65 177 62 55 8 4 111 132 163 56 13 193 0,46 145
PFG_MOEA,620,1,520.32,1777.06,0 50 17 151 11 137 124 169 88 61 67 155 23 10 162 22 142 119 41 183 53 87 69 127 90 172 158 168 190 35 118 120 31 30 115 144 184 0,137
PFG_MOEA,620,2,520.32,1777.06,0 196 6 105 52 112 189 89 156 157 104 186 176 38 7 195 58 34 29 131 185 27 44 128 80 71 14 146 32 167 42 100 81 57 20 152 45 75 24 147 77 0,
PFG_MOEA,620,3,520.32,1777.06,0 199 47 86 84 3 149 136 12 1 109 94 153 135 180 0,1
PFG_MOEA,620,4,520.32,1777.06,0 9 49 159 2 97 85 98 138 79 141 28 173 125 66 102 36 5 95 182 48 0,
PFG_MOEA,620,5,520.32,1777.06,0 16 198 191 110 140 165 187 18 39 70 72 54 164 150 200 21 96 197 43 194 174 76 116 106 92 126 133 91 74 154 103 188 171 181 192 40 63 117 101 68 15 123 175 122 139 46 51 107 134 19 25 93 129 148 121 37 113 179 114 26 73 166 108 59 99 83 160 178 33 82 145 143 170 161 130 65 177 62 55 8 4 111 132 163 56 13 193 78 0,106 111
PFG_MOEA,620,6,520.32,1777.06,0 60 64 0,
PFG_MOEA,621,1,546.46,1762.35,0 50 17 151 11 137 0,
PFG_MOEA,621,2,546.46,1762.35,0 169 124 88 67 61 0,
PFG_MOEA,621,3,546.46,1762.35,0 159 2 52 97 112 85 105 189 100 81 57 20 152 45 75 24 147 77 153 94 1 47 86 84 3 149 136 12 184 144 115 30 31 120 118 35 190 168 158 172 90 127 69 87 53 183 41 119 142 22 162 10 23 155 109 199 6 196 0,1
PFG_MOEA,621,4,546.46,1762.35,0 9 49 5 36 180 135 125 173 28 42 89 156 157 104 186 176 38 195 7 58 34 29 131 185 27 44 128 80 71 14 146 32 167 79 141 138 98 66 102 95 182 48 191 110 140 165 187 18 39 70 72 54 164 150 200 21 96 197 43 194 174 76 116 106 92 126 133 91 74 154 103 188 171 181 192 40 63 117 101 68 15 123 175 122 139 198 16 46 51 107 134 19 0,91
PFG_MOEA,621,5,546.46,1762.35,0 163 132 111 4 8 55 62 177 65 130 161 170 143 145 82 33 178 160 83 99 59 108 166 73 26 114 179 113 37 121 148 129 93 25 56 13 193 78 0,
PFG_MOEA,621,6,546.46,1762.35,0 60 64 0,
PFG_MOEA,622,1,403.49,1779.21,0 196 6 77 0,
PFG_MOEA,622,2,403.49,1779.21,0 199 94 109 1 144 61 124 169 151 11 137 88 67 155 23 10 162 22 142 119 41 183 53 87 69 127 90 172 158 168 190 35 118 120 31 30 115 184 12 136 149 3 84 86 47 153 147 24 75 45 152 105 189 112 52 2 159 102 36 5 49 9 180 0,
PFG_MOEA,622,3,403.49,1779.21,0 97 0,
PFG_MOEA,622,4,403.49,1779.21,0 20 57 81 89 156 157 104 186 176 38 195 7 58 34 29 131 185 27 44 128 80 71 14 146 32 167 42 100 79 141 138 98 28 173 66 85 125 135 0,89 131
PFG_MOEA,622,5,403.49,1779.21,0 16 139 198 95 182 191 48 165 187 18 39 54 72 70 164 150 200 21 96 197 43 194 174 76 116 106 92 126 133 91 74 154 103 188 171 181 192 40 63 117 140 110 101 68 15 123 175 122 46 51 107 134 19 8 55 0,21 198
PFG_MOEA,622,6,403.49,1779.21,0 60 78 193 163 13 62 177 65 130 161 170 143 145 82 33 178 160 83 99 59 108 166 73 26 114 179 113 37 121 148 129 93 25 4 111 56 132 64 50 17 0,56
PFG_MOEA,623,1,547.48,1749.89,0 151 0,
PFG_MOEA,623,2,547.48,1749.89,0 50 17 169 124 137 11 88 61 67 155 23 10 162 22 142 119 41 183 53 87 69 127 90 172 158 168 190 35 118 120 31 30 115 144 184 12 136 149 0,50 87 155
PFG_MOEA,623,3,547.48,1749.89,0 196 6 105 52 112 189 100 81 57 20 152 45 75 24 147 77 153 94 109 1 3 84 86 47 199 0,1
PFG_MOEA,623,4,547.48,1749.89,0 159 2 97 85 66 98 138 141 79 167 32 146 14 71 80 128 44 27 185 131 29 34 58 195 7 38 176 186 104 157 156 89 42 28 173 125 135 102 36 0,89
PFG_MOEA,623,5,547.48,1749.89,0 60 78 193 13 163 64 132 56 111 4 25 93 129 148 121 37 113 179 114 26 73 166 108 59 99 83 160 178 33 82 145 143 170 161 130 65 177 62 55 8 19 134 123 175 122 16 139 198 15 68 101 117 63 40 192 181 171 188 103 154 74 91 133 126 92 106 116 76 174 194 43 197 96 21 200 150 164 70 72 54 39 18 187 165 140 110 191 48 182 95 5 49 9 180 0,5 63 68
PFG_MOEA,623,6,547.48,1749.89,0 51 107 46 0,
PFG_MOEA,624,1,321.43,1884.2,0 196 6 199 77 94 109 1 184 115 30 31 120 118 35 190 168 158 172 90 127 69 87 53 183 41 119 142 22 162 10 23 155 67 88 137 11 151 169 124 61 144 0,
PFG_MOEA,624,2,321.43,1884.2,0 12 136 149 3 84 86 47 153 147 24 75 45 152 105 189 112 97 52 2 159 102 36 5 49 9 180 0,97
PFG_MOEA,624,3,321.43,1884.2,0 20 57 81 0,
PFG_MOEA,624,4,321.43,1884.2,0 135 125 89 156 157 104 186 176 38 195 7 58 34 29 131 185 27 44 128 80 71 14 146 32 167 42 100 79 141 138 98 28 173 66 85 72 54 39 18 187 165 48 191 182 95 198 139 16 0,89 185
PFG_MOEA,624,5,321.43,1884.2,0 70 164 150 200 21 96 197 43 194 174 76 116 106 92 126 133 91 74 154 103 188 171 181 192 40 63 117 140 110 101 68 15 123 175 122 46 51 107 134 19 0,21
PFG_MOEA,624,6,321.43,1884.2,0 60 50 64 78 193 163 13 8 55 62 177 65 130 161 170 143 145 82 33 178 160 83 99 59 108 166 73 26 114 179 113 37 121 148 129 93 25 4 111 56 132 17 0,
PFG_MOEA,625,1,363.45,1848.54,0 56 111 151 11 137 124 169 88 61 67 155 23 10 162 22 142 119 41 183 53 87 69 127 90 172 158 168 190 35 118 120 31 30 115 144 184 0,137
PFG_MOEA,625,2,363.45,1848.54,0 196 6 105 52 112 189 89 156 157 104 186 176 38 7 195 58 34 29 131 185 27 44 128 80 71 14 146 32 167 42 100 81 57 20 152 45 75 24 147 77 153 94 109 1 12 136 149 3 84 86 47 199 0,185
PFG_MOEA,625,3,363.45,1848.54,0 135 173 28 141 79 138 98 125 0,
PFG_MOEA,625,4,363.45,1848.54,0 159 2 97 85 66 102 36 5 49 0,
PFG_MOEA,625,5,363.45,1848.54,0 180 9 95 182 48 191 110 140 165 187 18 39 54 72 70 164 150 200 21 96 197 43 194 174 76 116 106 92 126 133 91 74 154 103 188 171 181 192 40 63 117 101 68 15 123 175 122 139 198 16 25 4 13 163 193 78 60 0,40 188
PFG_MOEA,625,6,363.45,1848.54,0 46 51 107 134 19 8 55 62 177 65 130 161 170 143 145 82 33 178 160 83 99 59 108 166 73 26 114 179 113 37 121 148 129 93 132 64 50 17 0,46
PFG_MOEA,626,1,261.55,2016.67,0 56 111 169 124 88 155 10 162 31 30 120 118 35 190 168 158 172 90 127 69 87 53 183 41 119 142 22 23 67 61 137 11 151 0,56 124
PFG_MOEA,626,2,261.55,2016.67,0 144 115 184 89 156 157 104 186 176 38 7 195 58 34 29 131 185 27 44 128 80 71 14 146 32 167 42 100 81 189 112 52 105 6 196 0,185
PFG_MOEA,626,3,261.55,2016.67,0 199 94 109 1 12 136 149 3 84 86 47 153 77 147 75 24 45 152 20 57 28 141 79 138 98 173 125 135 66 85 97 2 159 102 0,199
PFG_MOEA,626,4,261.55,2016.67,0 180 9 49 36 5 70 72 54 164 21 96 197 43 76 116 106 92 126 174 194 200 150 39 18 187 165 140 110 191 48 182 95 0,
PFG_MOEA,626,5,261.55,2016.67,0 16 139 198 117 63 181 171 192 40 74 91 133 154 103 188 101 68 15 123 175 25 129 148 93 4 13 163 193 78 60 0,63 188
PFG_MOEA,626,6,261.55,2016.67,0 46 122 51 107 134 19 8 55 62 177 65 130 161 170 143 145 82 33 178 160 83 99 59 108 166 73 26 114 179 113 37 121 132 64 50 17 0,46
PFG_MOEA,627,1,372.87,1829.64,0 199 47 86 84 3 149 136 12 1 109 94 153 77 147 24 75 45 152 20 57 28 42 100 173 98 138 141 79 167 32 146 14 71 80 128 44 27 185 131 29 34 58 195 7 38 176 186 104 157 156 89 81 135 125 189 112 52 159 0,
PFG_MOEA,627,2,372.87,1829.64,0 2 97 85 66 102 36 5 0,
PFG_MOEA,627,3,372.87,1829.64,0 180 9 49 95 182 48 191 110 140 165 187 18 39 54 72 70 164 150 200 21 96 197 43 194 174 76 116 106 92 126 133 91 74 154 103 188 171 181 192 40 63 117 101 68 15 123 175 122 139 198 16 0,40
PFG_MOEA,627,4,372.87,1829.64,0 60 78 193 13 64 50 17 132 4 8 55 62 177 65 130 161 170 143 145 82 33 178 160 83 99 59 108 166 73 26 114 179 113 37 121 148 129 93 25 19 134 107 51 46 0,
PFG_MOEA,627,5,372.87,1829.64,0 163 56 111 151 11 137 88 22 142 119 41 183 53 87 69 127 90 172 158 168 190 35 118 120 31 162 10 23 155 67 61 124 169 0,
PFG_MOEA,627,6,372.87,1829.64,0 144 115 30 184 105 6 196 0,105
PFG_MOEA,628,1,343.52,1869.54,0 184 144 115 120 118 35 190 168 158 172 90 127 69 87 53 183 41 119 30 31 162 142 22 10 23 155 67 61 88 137 11 151 0,
PFG_MOEA,628,2,343.52,1869.54,0 189 81 89 156 157 104 186 176 38 7 195 58 34 29 131 185 27 44 128 80 71 14 146 32 167 42 100 112 0,
PFG_MOEA,628,3,343.52,1869.54,0 94 109 1 12 136 149 3 84 86 47 153 77 147 75 24 45 199 196 6 52 105 152 20 57 28 141 79 138 98 173 125 135 66 85 97 2 159 102 49 9 180 0,173
PFG_MOEA,628,4,343.52,1869.54,0 36 5 0,
PFG_MOEA,628,5,343.52,1869.54,0 17 50 16 139 198 191 117 63 192 181 171 188 103 154 40 74 91 133 194 174 126 92 106 116 76 43 197 96 72 54 70 164 21 200 150 39 18 187 165 48 182 95 0,21 188 198
PFG_MOEA,628,6,343.52,1869.54,0 140 110 101 68 15 123 175 122 46 51 107 134 19 8 55 62 177 65 130 161 170 143 145 82 33 178 160 83 99 59 108 166 73 26 114 179 113 37 121 148 129 93 25 124 169 4 111 56 13 132 163 193 78 64 60 0,46 56 68 179
PFG_MOEA,629,1,336.24,1871.66,0 199 47 86 84 3 149 136 12 1 109 94 153 77 147 24 45 75 0,
PFG_MOEA,629,2,336.24,1871.66,0 95 5 36 102 97 112 85 66 125 135 81 89 156 157 104 186 176 38 7 195 58 34 29 131 185 27 44 128 80 71 14 146 32 167 79 141 138 98 173 100 42 28 57 20 152 189 52 2 159 180 49 9 0,89 185
PFG_MOEA,629,3,336.24,1871.66,0 182 48 191 110 140 165 187 18 39 54 72 70 164 150 200 21 96 197 43 194 174 76 116 106 92 126 133 91 74 154 103 188 171 181 192 40 63 117 101 68 15 123 175 122 139 0,68 91 139
PFG_MOEA,629,4,336.24,1871.66,0 16 198 46 51 107 134 19 25 93 129 148 121 37 113 179 114 26 73 166 108 59 99 83 160 178 33 82 145 143 170 161 130 65 177 62 55 8 4 111 132 163 56 13 193 78 60 64 50 17 151 0,
PFG_MOEA,629,5,336.24,1871.66,0 11 88 137 0,
PFG_MOEA,629,6,336.24,1871.66,0 169 124 61 67 155 23 10 162 22 142 119 41 183 53 87 69 127 90 172 158 168 190 35 118 120 30 31 115 144 184 105 6 196 0,155
PFG_MOEA,630,1,787.39,1705.64,0 196 153 0,
PFG_MOEA,630,2,787.39,1705.64,0 147 24 75 45 152 180 9 49 0,
PFG_MOEA,630,3,787.39,1705.64,0 5 36 102 0,
PFG_MOEA,630,4,787.39,1705.64,0 77 47 86 84 3 149 136 12 184 115 57 20 98 138 141 79 167 32 146 14 71 80 128 44 27 185 131 29 34 58 7 195 38 176 186 104 157 156 89 81 42 100 28 173 125 135 189 105 66 85 112 97 52 2 159 95 182 48 191 110 140 165 187 18 39 70 72 54 164 150 200 21 96 197 43 194 174 76 116 106 92 126 133 91 74 154 103 188 171 181 192 40 63 117 101 68 15 123 175 122 139 198 16 46 51 107 134 19 25 93 129 148 121 37 113 179 114 26 73 166 108 59 99 83 160 178 33 82 145 143 170 161 130 65 177 62 55 8 0,
PFG_MOEA,630,5,787.39,1705.64,0 163 132 4 111 56 13 193 78 60 0,
PFG_MOEA,630,6,787.39,1705.64,0 64 50 17 151 11 137 124 169 88 61 67 155 23 10 162 22 142 119 41 183 53 87 69 127 90 172 158 168 190 35 118 120 30 31 144 1 109 94 199 6 0,10 41 155
PFG_MOEA,631,1,313.2,1915.8,0 60 78 64 50 17 151 11 137 124 0,124
PFG_MOEA,631,2,313.2,1915.8,0 169 88 61 67 155 23 10 162 22 142 119 41 183 53 87 69 127 90 172 158 168 190 35 118 120 30 31 104 186 176 38 7 157 156 144 0,
PFG_MOEA,631,3,313.2,1915.8,0 189 81 100 42 167 32 146 14 71 80 128 44 27 185 131 29 34 58 195 112 0,29
PFG_MOEA,631,4,313.2,1915.8,0 196 6 199 75 45 24 147 77 153 94 109 1 115 184 12 136 149 3 84 86 47 57 20 98 138 141 79 89 28 173 125 135 66 85 97 52 105 152 2 159 102 36 5 49 9 180 0,5
PFG_MOEA,631,5,313.2,1915.8,0 139 122 175 123 15 68 101 117 63 40 192 181 171 188 103 154 74 91 133 126 92 106 116 76 174 194 43 197 96 21 200 150 164 54 72 70 39 18 187 165 140 110 191 48 182 95 198 0,63 91 188
PFG_MOEA,631,6,313.2,1915.8,0 16 46 51 107 134 19 25 93 129 148 121 37 113 179 114 26 73 166 108 59 99 83 160 178 33 82 145 143 170 161 130 65 177 62 55 8 4 111 132 163 56 13 193 0,46 145
PFG_MOEA,632,1,520.32,1777.06,0 50 17 151 11 137 124 169 88 61 67 155 23 10 162 22 142 119 41 183 53 87 69 127 90 172 158 168 190 35 118 120 31 30 115 144 184 0,137
PFG_MOEA,632,2,520.32,1777.06,0 196 6 105 52 112 189 89 156 157 104 186 176 38 7 195 58 34 29 131 185 27 44 128 80 71 14 146 32 167 42 100 81 57 20 152 45 75 24 147 77 0,
PFG_MOEA,632,3,520.32,1777.06,0 199 47 86 84 3 149 136 12 1 109 94 153 135 180 0,1
PFG_MOEA,632,4,520.32,1777.06,0 9 49 159 2 97 85 98 138 79 141 28 173 125 66 102 36 5 95 182 48 0,
PFG_MOEA,632,5,520.32,1777.06,0 16 198 191 110 140 165 187 18 39 70 72 54 164 150 200 21 96 197 43 194 174 76 116 106 92 126 133 91 74 154 103 188 171 181 192 40 63 117 101 68 15 123 175 122 139 46 51 107 134 19 25 93 129 148 121 37 113 179 114 26 73 166 108 59 99 83 160 178 33 82 145 143 170 161 130 65 177 62 55 8 4 111 132 163 56 13 193 78 0,106 111
PFG_MOEA,632,6,520.32,1777.06,0 60 64 0,
PFG_MOEA,633,1,546.46,1762.35,0 50 17 151 11 137 0,
PFG_MOEA,633,2,546.46,1762.35,0 169 124 88 67 61 0,
PFG_MOEA,633,3,546.46,1762.35,0 159 2 52 97 112 85 105 189 100 81 57 20 152 45 75 24 147 77 153 94 1 47 86 84 3 149 136 12 184 144 115 30 31 120 118 35 190 168 158 172 90 127 69 87 53 183 41 119 142 22 162 10 23 155 109 199 6 196 0,1
PFG_MOEA,633,4,546.46,1762.35,0 9 49 5 36 180 135 125 173 28 42 89 156 157 104 186 176 38 195 7 58 34 29 131 185 27 44 128 80 71 14 146 32 167 79 141 138 98 66 102 95 182 48 191 110 140 165 187 18 39 70 72 54 164 150 200 21 96 197 43 194 174 76 116 106 92 126 133 91 74 154 103 188 171 181 192 40 63 117 101 68 15 123 175 122 139 198 16 46 51 107 134 19 0,91
PFG_MOEA,633,5,546.46,1762.35,0 163 132 111 4 8 55 62 177 65 130 161 170 143 145 82 33 178 160 83 99 59 108 166 73 26 114 179 113 37 121 148 129 93 25 56 13 193 78 0,
PFG_MOEA,633,6,546.46,1762.35,0 60 64 0,
PFG_MOEA,634,1,403.49,1779.21,0 196 6 77 0,
PFG_MOEA,634,2,403.49,1779.21,0 199 94 109 1 144 61 124 169 151 11 137 88 67 155 23 10 162 22 142 119 41 183 53 87 69 127 90 172 158 168 190 35 118 120 31 30 115 184 12 136 149 3 84 86 47 153 147 24 75 45 152 105 189 112 52 2 159 102 36 5 49 9 180 0,
PFG_MOEA,634,3,403.49,1779.21,0 97 0,
PFG_MOEA,634,4,403.49,1779.21,0 20 57 81 89 156 157 104 186 176 38 195 7 58 34 29 131 185 27 44 128 80 71 14 146 32 167 42 100 79 141 138 98 28 173 66 85 125 135 0,89 131
PFG_MOEA,634,5,403.49,1779.21,0 16 139 198 95 182 191 48 165 187 18 39 54 72 70 164 150 200 21 96 197 43 194 174 76 116 106 92 126 133 91 74 154 103 188 171 181 192 40 63 117 140 110 101 68 15 123 175 122 46 51 107 134 19 8 55 0,21 198
PFG_MOEA,634,6,403.49,1779.21,0 60 78 193 163 13 62 177 65 130 161 170 143 145 82 33 178 160 83 99 59 108 166 73 26 114 179 113 37 121 148 129 93 25 4 111 56 132 64 50 17 0,56
PFG_MOEA,635,1,547.48,1749.89,0 151 0,
PFG_MOEA,635,2,547.48,1749.89,0 50 17 169 124 137 11 88 61 67 155 23 10 162 22 142 119 41 183 53 87 69 127 90 172 158 168 190 35 118 120 31 30 115 144 184 12 136 149 0,50 87 155
PFG_MOEA,635,3,547.48,1749.89,0 196 6 105 52 112 189 100 81 57 20 152 45 75 24 147 77 153 94 109 1 3 84 86 47 199 0,1
PFG_MOEA,635,4,547.48,1749.89,0 159 2 97 85 66 98 138 141 79 167 32 146 14 71 80 128 44 27 185 131 29 34 58 195 7 38 176 186 104 157 156 89 42 28 173 125 135 102 36 0,89
PFG_MOEA,635,5,547.48,1749.89,0 60 78 193 13 163 64 132 56 111 4 25 93 129 148 121 37 113 179 114 26 73 166 108 59 99 83 160 178 33 82 145 143 170 161 130 65 177 62 55 8 19 134 123 175 122 16 139 198 15 68 101 117 63 40 192 181 171 188 103 154 74 91 133 126 92 106 116 76 174 194 43 197 96 21 200 150 164 70 72 54 39 18 187 165 140 110 191 48 182 95 5 49 9 180 0,5 63 68
PFG_MOEA,635,6,547.48,1749.89,0 51 107 46 0,
PFG_MOEA,636,1,321.43,1884.2,0 196 6 199 77 94 109 1 184 115 30 31 120 118 35 190 168 158 172 90 127 69 87 53 183 41 119 142 22 162 10 23 155 67 88 137 11 151 169 124 61 144 0,
PFG_MOEA,636,2,321.43,1884.2,0 12 136 149 3 84 86 47 153 147 24 75 45 152 105 189 112 97 52 2 159 102 36 5 49 9 180 0,97
PFG_MOEA,636,3,321.43,1884.2,0 20 57 81 0,
PFG_MOEA,636,4,321.43,1884.2,0 135 125 89 156 157 104 186 176 38 195 7 58 34 29 131 185 27 44 128 80 71 14 146 32 167 42 100 79 141 138 98 28 173 66 85 72 54 39 18 187 165 48 191 182 95 198 139 16 0,89 185
PFG_MOEA,636,5,321.43,1884.2,0 70 164 150 200 21 96 197 43 194 174 76 116 106 92 126 133 91 74 154 103 188 171 181 192 40 63 117 140 110 101 68 15 123 175 122 46 51 107 134 19 0,21
PFG_MOEA,636,6,321.43,1884.2,0 60 50 64 78 193 163 13 8 55 62 177 65 130 161 170 143 145 82 33 178 160 83 99 59 108 166 73 26 114 179 113 37 121 148 129 93 25 4 111 56 132 17 0,
PFG_MOEA,637,1,363.45,1848.54,0 56 111 151 11 137 124 169 88 61 67 155 23 10 162 22 142 119 41 183 53 87 69 127 90 172 158 168 190 35 118 120 31 30 115 144 184 0,137
PFG_MOEA,637,2,363.45,1848.54,0 196 6 105 52 112 189 89 156 157 104 186 176 38 7 195 58 34 29 131 185 27 44 128 80 71 14 146 32 167 42 100 81 57 20 152 45 75 24 147 77 153 94 109 1 12 136 149 3 84 86 47 199 0,185
PFG_MOEA,637,3,363.45,1848.54,0 135 173 28 141 79 138 98 125 0,
PFG_MOEA,637,4,363.45,1848.54,0 159 2 97 85 66 102 36 5 49 0,
PFG_MOEA,637,5,363.45,1848.54,0 180 9 95 182 48 191 110 140 165 187 18 39 54 72 70 164 150 200 21 96 197 43 194 174 76 116 106 92 126 133 91 74 154 103 188 171 181 192 40 63 117 101 68 15 123 175 122 139 198 16 25 4 13 163 193 78 60 0,40 188
PFG_MOEA,637,6,363.45,1848.54,0 46 51 107 134 19 8 55 62 177 65 130 161 170 143 145 82 33 178 160 83 99 59 108 166 73 26 114 179 113 37 121 148 129 93 132 64 50 17 0,46
PFG_MOEA,638,1,261.55,2016.67,0 56 111 169 124 88 155 10 162 31 30 120 118 35 190 168 158 172 90 127 69 87 53 183 41 119 142 22 23 67 61 137 11 151 0,56 124
PFG_MOEA,638,2,261.55,2016.67,0 144 115 184 89 156 157 104 186 176 38 7 195 58 34 29 131 185 27 44 128 80 71 14 146 32 167 42 100 81 189 112 52 105 6 196 0,185
PFG_MOEA,638,3,261.55,2016.67,0 199 94 109 1 12 136 149 3 84 86 47 153 77 147 75 24 45 152 20 57 28 141 79 138 98 173 125 135 66 85 97 2 159 102 0,199
PFG_MOEA,638,4,261.55,2016.67,0 180 9 49 36 5 70 72 54 164 21 96 197 43 76 116 106 92 126 174 194 200 150 39 18 187 165 140 110 191 48 182 95 0,
PFG_MOEA,638,5,261.55,2016.67,0 16 139 198 117 63 181 171 192 40 74 91 133 154 103 188 101 68 15 123 175 25 129 148 93 4 13 163 193 78 60 0,63 188
PFG_MOEA,638,6,261.55,2016.67,0 46 122 51 107 134 19 8 55 62 177 65 130 161 170 143 145 82 33 178 160 83 99 59 108 166 73 26 114 179 113 37 121 132 64 50 17 0,46
PFG_MOEA,639,1,372.87,1829.64,0 199 47 86 84 3 149 136 12 1 109 94 153 77 147 24 75 45 152 20 57 28 42 100 173 98 138 141 79 167 32 146 14 71 80 128 44 27 185 131 29 34 58 195 7 38 176 186 104 157 156 89 81 135 125 189 112 52 159 0,
PFG_MOEA,639,2,372.87,1829.64,0 2 97 85 66 102 36 5 0,
PFG_MOEA,639,3,372.87,1829.64,0 180 9 49 95 182 48 191 110 140 165 187 18 39 54 72 70 164 150 200 21 96 197 43 194 174 76 116 106 92 126 133 91 74 154 103 188 171 181 192 40 63 117 101 68 15 123 175 122 139 198 16 0,40
PFG_MOEA,639,4,372.87,1829.64,0 60 78 193 13 64 50 17 132 4 8 55 62 177 65 130 161 170 143 145 82 33 178 160 83 99 59 108 166 73 26 114 179 113 37 121 148 129 93 25 19 134 107 51 46 0,
PFG_MOEA,639,5,372.87,1829.64,0 163 56 111 151 11 137 88 22 142 119 41 183 53 87 69 127 90 172 158 168 190 35 118 120 31 162 10 23 155 67 61 124 169 0,
PFG_MOEA,639,6,372.87,1829.64,0 144 115 30 184 105 6 196 0,105
PFG_MOEA,640,1,343.52,1869.54,0 184 144 115 120 118 35 190 168 158 172 90 127 69 87 53 183 41 119 30 31 162 142 22 10 23 155 67 61 88 137 11 151 0,
PFG_MOEA,640,2,343.52,1869.54,0 189 81 89 156 157 104 186 176 38 7 195 58 34 29 131 185 27 44 128 80 71 14 146 32 167 42 100 112 0,
PFG_MOEA,640,3,343.52,1869.54,0 94 109 1 12 136 149 3 84 86 47 153 77 147 75 24 45 199 196 6 52 105 152 20 57 28 141 79 138 98 173 125 135 66 85 97 2 159 102 49 9 180 0,173
PFG_MOEA,640,4,343.52,1869.54,0 36 5 0,
PFG_MOEA,640,5,343.52,1869.54,0 17 50 16 139 198 191 117 63 192 181 171 188 103 154 40 74 91 133 194 174 126 92 106 116 76 43 197 96 72 54 70 164 21 200 150 39 18 187 165 48 182 95 0,21 188 198
PFG_MOEA,640,6,343.52,1869.54,0 140 110 101 68 15 123 175 122 46 51 107 134 19 8 55 62 177 65 130 161 170 143 145 82 33 178 160 83 99 59 108 166 73 26 114 179 113 37 121 148 129 93 25 124 169 4 111 56 13 132 163 193 78 64 60 0,46 56 68 179
PFG_MOEA,641,1,336.24,1871.66,0 199 47 86 84 3 149 136 12 1 109 94 153 77 147 24 45 75 0,
PFG_MOEA,641,2,336.24,1871.66,0 95 5 36 102 97 112 85 66 125 135 81 89 156 157 104 186 176 38 7 195 58 34 29 131 185 27 44 128 80 71 14 146 32 167 79 141 138 98 173 100 42 28 57 20 152 189 52 2 159 180 49 9 0,89 185
PFG_MOEA,641,3,336.24,1871.66,0 182 48 191 110 140 165 187 18 39 54 72 70 164 150 200 21 96 197 43 194 174 76 116 106 92 126 133 91 74 154 103 188 171 181 192 40 63 117 101 68 15 123 175 122 139 0,68 91 139
PFG_MOEA,641,4,336.24,1871.66,0 16 198 46 51 107 134 19 25 93 129 148 121 37 113 179 114 26 73 166 108 59 99 83 160 178 33 82 145 143 170 161 130 65 177 62 55 8 4 111 132 163 56 13 193 78 60 64 50 17 151 0,
PFG_MOEA,641,5,336.24,1871.66,0 11 88 137 0,
PFG_MOEA,641,6,336.24,1871.66,0 169 124 61 67 155 23 10 162 22 142 119 41 183 53 87 69 127 90 172 158 168 190 35 118 120 30 31 115 144 184 105 6 196 0,155
PFG_MOEA,642,1,787.39,1705.64,0 196 153 0,
PFG_MOEA,642,2,787.39,1705.64,0 147 24 75 45 152 180 9 49 0,
PFG_MOEA,642,3,787.39,1705.64,0 5 36 102 0,
PFG_MOEA,642,4,787.39,1705.64,0 77 47 86 84 3 149 136 12 184 115 57 20 98 138 141 79 167 32 146 14 71 80 128 44 27 185 131 29 34 58 7 195 38 176 186 104 157 156 89 81 42 100 28 173 125 135 189 105 66 85 112 97 52 2 159 95 182 48 191 110 140 165 187 18 39 70 72 54 164 150 200 21 96 197 43 194 174 76 116 106 92 126 133 91 74 154 103 188 171 181 192 40 63 117 101 68 15 123 175 122 139 198 16 46 51 107 134 19 25 93 129 148 121 37 113 179 114 26 73 166 108 59 99 83 160 178 33 82 145 143 170 161 130 65 177 62 55 8 0,
PFG_MOEA,642,5,787.39,1705.64,0 163 132 4 111 56 13 193 78 60 0,
PFG_MOEA,642,6,787.39,1705.64,0 64 50 17 151 11 137 124 169 88 61 67 155 23 10 162 22 142 119 41 183 53 87 69 127 90 172 158 168 190 35 118 120 30 31 144 1 109 94 199 6 0,10 41 155
PFG_MOEA,643,1,313.2,1915.8,0 60 78 64 50 17 151 11 137 124 0,124
PFG_MOEA,643,2,313.2,1915.8,0 169 88 61 67 155 23 10 162 22 142 119 41 183 53 87 69 127 90 172 158 168 190 35 118 120 30 31 104 186 176 38 7 157 156 144 0,
PFG_MOEA,643,3,313.2,1915.8,0 189 81 100 42 167 32 146 14 71 80 128 44 27 185 131 29 34 58 195 112 0,29
PFG_MOEA,643,4,313.2,1915.8,0 196 6 199 75 45 24 147 77 153 94 109 1 115 184 12 136 149 3 84 86 47 57 20 98 138 141 79 89 28 173 125 135 66 85 97 52 105 152 2 159 102 36 5 49 9 180 0,5
PFG_MOEA,643,5,313.2,1915.8,0 139 122 175 123 15 68 101 117 63 40 192 181 171 188 103 154 74 91 133 126 92 106 116 76 174 194 43 197 96 21 200 150 164 54 72 70 39 18 187 165 140 110 191 48 182 95 198 0,63 91 188
PFG_MOEA,643,6,313.2,1915.8,0 16 46 51 107 134 19 25 93 129 148 121 37 113 179 114 26 73 166 108 59 99 83 160 178 33 82 145 143 170 161 130 65 177 62 55 8 4 111 132 163 56 13 193 0,46 145
PFG_MOEA,644,1,520.32,1777.06,0 50 17 151 11 137 124 169 88 61 67 155 23 10 162 22 142 119 41 183 53 87 69 127 90 172 158 168 190 35 118 120 31 30 115 144 184 0,137
PFG_MOEA,644,2,520.32,1777.06,0 196 6 105 52 112 189 89 156 157 104 186 176 38 7 195 58 34 29 131 185 27 44 128 80 71 14 146 32 167 42 100 81 57 20 152 45 75 24 147 77 0,
PFG_MOEA,644,3,520.32,1777.06,0 199 47 86 84 3 149 136 12 1 109 94 153 135 180 0,1
PFG_MOEA,644,4,520.32,1777.06,0 9 49 159 2 97 85 98 138 79 141 28 173 125 66 102 36 5 95 182 48 0,
PFG_MOEA,644,5,520.32,1777.06,0 16 198 191 110 140 165 187 18 39 70 72 54 164 150 200 21 96 197 43 194 174 76 116 106 92 126 133 91 74 154 103 188 171 181 192 40 63 117 101 68 15 123 175 122 139 46 51 107 134 19 25 93 129 148 121 37 113 179 114 26 73 166 108 59 99 83 160 178 33 82 145 143 170 161 130 65 177 62 55 8 4 111 132 163 56 13 193 78 0,106 111
PFG_MOEA,644,6,520.32,1777.06,0 60 64 0,
PFG_MOEA,645,1,546.46,1762.35,0 50 17 151 11 137 0,
PFG_MOEA,645,2,546.46,1762.35,0 169 124 88 67 61 0,
PFG_MOEA,645,3,546.46,1762.35,0 159 2 52 97 112 85 105 189 100 81 57 20 152 45 75 24 147 77 153 94 1 47 86 84 3 149 136 12 184 144 115 30 31 120 118 35 190 168 158 172 90 127 69 87 53 183 41 119 142 22 162 10 23 155 109 199 6 196 0,1
PFG_MOEA,645,4,546.46,1762.35,0 9 49 5 36 180 135 125 173 28 42 89 156 157 104 186 176 38 195 7 58 34 29 131 185 27 44 128 80 71 14 146 32 167 79 141 138 98 66 102 95 182 48 191 110 140 165 187 18 39 70 72 54 164 150 200 21 96 197 43 194 174 76 116 106 92 126 133 91 74 154 103 188 171 181 192 40 63 117 101 68 15 123 175 122 139 198 16 46 51 107 134 19 0,91
PFG_MOEA,645,5,546.46,1762.35,0 163 132 111 4 8 55 62 177 65 130 161 170 143 145 82 33 178 160 83 99 59 108 166 73 26 114 179 113 37 121 148 129 93 25 56 13 193 78 0,
PFG_MOEA,645,6,546.46,1762.35,0 60 64 0,
PFG_MOEA,646,1,403.49,1779.21,0 196 6 77 0,
PFG_MOEA,646,2,403.49,1779.21,0 199 94 109 1 144 61 124 169 151 11 137 88 67 155 23 10 162 22 142 119 41 183 53 87 69 127 90 172 158 168 190 35 118 120 31 30 115 184 12 136 149 3 84 86 47 153 147 24 75 45 152 105 189 112 52 2 159 102 36 5 49 9 180 0,
PFG_MOEA,646,3,403.49,1779.21,0 97 0,
PFG_MOEA,646,4,403.49,1779.21,0 20 57 81 89 156 157 104 186 176 38 195 7 58 34 29 131 185 27 44 128 80 71 14 146 32 167 42 100 79 141 138 98 28 173 66 85 125 135 0,89 131
PFG_MOEA,646,5,403.49,1779.21,0 16 139 198 95 182 191 48 165 187 18 39 54 72 70 164 150 200 21 96 197 43 194 174 76 116 106 92 126 133 91 74 154 103 188 171 181 192 40 63 117 140 110 101 68 15 123 175 122 46 51 107 134 19 8 55 0,21 198
PFG_MOEA,646,6,403.49,1779.21,0 60 78 193 163 13 62 177 65 130 161 170 143 145 82 33 178 160 83 99 59 108 166 73 26 114 179 113 37 121 148 129 93 25 4 111 56 132 64 50 17 0,56
PFG_MOEA,647,1,547.48,1749.89,0 151 0,
PFG_MOEA,647,2,547.48,1749.89,0 50 17 169 124 137 11 88 61 67 155 23 10 162 22 142 119 41 183 53 87 69 127 90 172 158 168 190 35 118 120 31 30 115 144 184 12 136 149 0,50 87 155
PFG_MOEA,647,3,547.48,1749.89,0 196 6 105 52 112 189 100 81 57 20 152 45 75 24 147 77 153 94 109 1 3 84 86 47 199 0,1
PFG_MOEA,647,4,547.48,1749.89,0 159 2 97 85 66 98 138 141 79 167 32 146 14 71 80 128 44 27 185 131 29 34 58 195 7 38 176 186 104 157 156 89 42 28 173 125 135 102 36 0,89
PFG_MOEA,647,5,547.48,1749.89,0 60 78 193 13 163 64 132 56 111 4 25 93 129 148 121 37 113 179 114 26 73 166 108 59 99 83 160 178 33 82 145 143 170 161 130 65 177 62 55 8 19 134 123 175 122 16 139 198 15 68 101 117 63 40 192 181 171 188 103 154 74 91 133 126 92 106 116 76 174 194 43 197 96 21 200 150 164 70 72 54 39 18 187 165 140 110 191 48 182 95 5 49 9 180 0,5 63 68
PFG_MOEA,647,6,547.48,1749.89,0 51 107 46 0,
PFG_MOEA,648,1,321.43,1884.2,0 196 6 199 77 94 109 1 184 115 30 31 120 118 35 190 168 158 172 90 127 69 87 53 183 41 119 142 22 162 10 23 155 67 88 137 11 151 169 124 61 144 0,
PFG_MOEA,648,2,321.43,1884.2,0 12 136 149 3 84 86 47 153 147 24 75 45 152 105 189 112 97 52 2 159 102 36 5 49 9 180 0,97
PFG_MOEA,648,3,321.43,1884.2,0 20 57 81 0,
PFG_MOEA,648,4,321.43,1884.2,0 135 125 89 156 157 104 186 176 38 195 7 58 34 29 131 185 27 44 128 80 71 14 146 32 167 42 100 79 141 138 98 28 173 66 85 72 54 39 18 187 165 48 191 182 95 198 139 16 0,89 185
PFG_MOEA,648,5,321.43,1884.2,0 70 164 150 200 21 96 197 43 194 174 76 116 106 92 126 133 91 74 154 103 188 171 181 192 40 63 117 140 110 101 68 15 123 175 122 46 51 107 134 19 0,21
PFG_MOEA,648,6,321.43,1884.2,0 60 50 64 78 193 163 13 8 55 62 177 65 130 161 170 143 145 82 33 178 160 83 99 59 108 166 73 26 114 179 113 37 121 148 129 93 25 4 111 56 132 17 0,
PFG_MOEA,649,1,363.45,1848.54,0 56 111 151 11 137 124 169 88 61 67 155 23 10 162 22 142 119 41 183 53 87 69 127 90 172 158 168 190 35 118 120 31 30 115 144 184 0,137
PFG_MOEA,649,2,363.45,1848.54,0 196 6 105 52 112 189 89 156 157 104 186 176 38 7 195 58 34 29 131 185 27 44 128 80 71 14 146 32 167 42 100 81 57 20 152 45 75 24 147 77 153 94 109 1 12 136 149 3 84 86 47 199 0,185
PFG_MOEA,649,3,363.45,1848.54,0 135 173 28 141 79 138 98 125 0,
PFG_MOEA,649,4,363.45,1848.54,0 159 2 97 85 66 102 36 5 49 0,
PFG_MOEA,649,5,363.45,1848.54,0 180 9 95 182 48 191 110 140 165 187 18 39 54 72 70 164 150 200 21 96 197 43 194 174 76 116 106 92 126 133 91 74 154 103 188 171 181 192 40 63 117 101 68 15 123 175 122 139 198 16 25 4 13 163 193 78 60 0,40 188
PFG_MOEA,649,6,363.45,1848.54,0 46 51 107 134 19 8 55 62 177 65 130 161 170 143 145 82 33 178 160 83 99 59 108 166 73 26 114 179 113 37 121 148 129 93 132 64 50 17 0,46
PFG_MOEA,650,1,261.55,2016.67,0 56 111 169 124 88 155 10 162 31 30 120 118 35 190 168 158 172 90 127 69 87 53 183 41 119 142 22 23 67 61 137 11 151 0,56 124
PFG_MOEA,650,2,261.55,2016.67,0 144 115 184 89 156 157 104 186 176 38 7 195 58 34 29 131 185 27 44 128 80 71 14 146 32 167 42 100 81 189 112 52 105 6 196 0,185
PFG_MOEA,650,3,261.55,2016.67,0 199 94 109 1 12 136 149 3 84 86 47 153 77 147 75 24 45 152 20 57 28 141 79 138 98 173 125 135 66 85 97 2 159 102 0,199
PFG_MOEA,650,4,261.55,2016.67,0 180 9 49 36 5 70 72 54 164 21 96 197 43 76 116 106 92 126 174 194 200 150 39 18 187 165 140 110 191 48 182 95 0,
PFG_MOEA,650,5,261.55,2016.67,0 16 139 198 117 63 181 171 192 40 74 91 133 154 103 188 101 68 15 123 175 25 129 148 93 4 13 163 193 78 60 0,63 188
PFG_MOEA,650,6,261.55,2016.67,0 46 122 51 107 134 19 8 55 62 177 65 130 161 170 143 145 82 33 178 160 83 99 59 108 166 73 26 114 179 113 37 121 132 64 50 17 0,46
PFG_MOEA,651,1,372.87,1829.64,0 199 47 86 84 3 149 136 12 1 109 94 153 77 147 24 75 45 152 20 57 28 42 100 173 98 138 141 79 167 32 146 14 71 80 128 44 27 185 131 29 34 58 195 7 38 176 186 104 157 156 89 81 135 125 189 112 52 159 0,
PFG_MOEA,651,2,372.87,1829.64,0 2 97 85 66 102 36 5 0,
PFG_MOEA,651,3,372.87,1829.64,0 180 9 49 95 182 48 191 110 140 165 187 18 39 54 72 70 164 150 200 21 96 197 43 194 174 76 116 106 92 126 133 91 74 154 103 188 171 181 192 40 63 117 101 68 15 123 175 122 139 198 16 0,40
PFG_MOEA,651,4,372.87,1829.64,0 60 78 193 13 64 50 17 132 4 8 55 62 177 65 130 161 170 143 145 82 33 178 160 83 99 59 108 166 73 26 114 179 113 37 121 148 129 93 25 19 134 107 51 46 0,
PFG_MOEA,651,5,372.87,1829.64,0 163 56 111 151 11 137 88 22 142 119 41 183 53 87 69 127 90 172 158 168 190 35 118 120 31 162 10 23 155 67 61 124 169 0,
PFG_MOEA,651,6,372.87,1829.64,0 144 115 30 184 105 6 196 0,105
PFG_MOEA,652,1,343.52,1869.54,0 184 144 115 120 118 35 190 168 158 172 90 127 69 87 53 183 41 119 30 31 162 142 22 10 23 155 67 61 88 137 11 151 0,
PFG_MOEA,652,2,343.52,1869.54,0 189 81 89 156 157 104 186 176 38 7 195 58 34 29 131 185 27 44 128 80 71 14 146 32 167 42 100 112 0,
PFG_MOEA,652,3,343.52,1869.54,0 94 109 1 12 136 149 3 84 86 47 153 77 147 75 24 45 199 196 6 52 105 152 20 57 28 141 79 138 98 173 125 135 66 85 97 2 159 102 49 9 180 0,173
PFG_MOEA,652,4,343.52,1869.54,0 36 5 0,
PFG_MOEA,652,5,343.52,1869.54,0 17 50 16 139 198 191 117 63 192 181 171 188 103 154 40 74 91 133 194 174 126 92 106 116 76 43 197 96 72 54 70 164 21 200 150 39 18 187 165 48 182 95 0,21 188 198
PFG_MOEA,652,6,343.52,1869.54,0 140 110 101 68 15 123 175 122 46 51 107 134 19 8 55 62 177 65 130 161 170 143 145 82 33 178 160 83 99 59 108 166 73 26 114 179 113 37 121 148 129 93 25 124 169 4 111 56 13 132 163 193 78 64 60 0,46 56 68 179
PFG_MOEA,653,1,336.24,1871.66,0 199 47 86 84 3 149 136 12 1 109 94 153 77 147 24 45 75 0,
PFG_MOEA,653,2,336.24,1871.66,0 95 5 36 102 97 112 85 66 125 135 81 89 156 157 104 186 176 38 7 195 58 34 29 131 185 27 44 128 80 71 14 146 32 167 79 141 138 98 173 100 42 28 57 20 152 189 52 2 159 180 49 9 0,89 185
PFG_MOEA,653,3,336.24,1871.66,0 182 48 191 110 140 165 187 18 39 54 72 70 164 150 200 21 96 197 43 194 174 76 116 106 92 126 133 91 74 154 103 188 171 181 192 40 63 117 101 68 15 123 175 122 139 0,68 91 139
PFG_MOEA,653,4,336.24,1871.66,0 16 198 46 51 107 134 19 25 93 129 148 121 37 113 179 114 26 73 166 108 59 99 83 160 178 33 82 145 143 170 161 130 65 177 62 55 8 4 111 132 163 56 13 193 78 60 64 50 17 151 0,
PFG_MOEA,653,5,336.24,1871.66,0 11 88 137 0,
PFG_MOEA,653,6,336.24,1871.66,0 169 124 61 67 155 23 10 162 22 142 119 41 183 53 87 69 127 90 172 158 168 190 35 118 120 30 31 115 144 184 105 6 196 0,155
PFG_MOEA,654,1,787.39,1705.64,0 196 153 0,
PFG_MOEA,654,2,787.39,1705.64,0 147 24 75 45 152 180 9 49 0,
PFG_MOEA,654,3,787.39,1705.64,0 5 36 102 0,
PFG_MOEA,654,4,787.39,1705.64,0 77 47 86 84 3 149 136 12 184 115 57 20 98 138 141 79 167 32 146 14 71 80 128 44 27 185 131 29 34 58 7 195 38 176 186 104 157 156 89 81 42 100 28 173 125 135 189 105 66 85 112 97 52 2 159 95 182 48 191 110 140 165 187 18 39 70 72 54 164 150 200 21 96 197 43 194 174 76 116 106 92 126 133 91 74 154 103 188 171 181 192 40 63 117 101 68 15 123 175 122 139 198 16 46 51 107 134 19 25 93 129 148 121 37 113 179 114 26 73 166 108 59 99 83 160 178 33 82 145 143 170 161 130 65 177 62 55 8 0,
PFG_MOEA,654,5,787.39,1705.64,0 163 132 4 111 56 13 193 78 60 0,
PFG_MOEA,654,6,787.39,1705.64,0 64 50 17 151 11 137 124 169 88 61 67 155 23 10 162 22 142 119 41 183 53 87 69 127 90 172 158 168 190 35 118 120 30 31 144 1 109 94 199 6 0,10 41 155
PFG_MOEA,655,1,313.2,1915.8,0 60 78 64 50 17 151 11 137 124 0,124
PFG_MOEA,655,2,313.2,1915.8,0 169 88 61 67 155 23 10 162 22 142 119 41 183 53 87 69 127 90 172 158 168 190 35 118 120 30 31 104 186 176 38 7 157 156 144 0,
PFG_MOEA,655,3,313.2,1915.8,0 189 81 100 42 167 32 146 14 71 80 128 44 27 185 131 29 34 58 195 112 0,29
PFG_MOEA,655,4,313.2,1915.8,0 196 6 199 75 45 24 147 77 153 94 109 1 115 184 12 136 149 3 84 86 47 57 20 98 138 141 79 89 28 173 125 135 66 85 97 52 105 152 2 159 102 36 5 49 9 180 0,5
PFG_MOEA,655,5,313.2,1915.8,0 139 122 175 123 15 68 101 117 63 40 192 181 171 188 103 154 74 91 133 126 92 106 116 76 174 194 43 197 96 21 200 150 164 54 72 70 39 18 187 165 140 110 191 48 182 95 198 0,63 91 188
PFG_MOEA,655,6,313.2,1915.8,0 16 46 51 107 134 19 25 93 129 148 121 37 113 179 114 26 73 166 108 59 99 83 160 178 33 82 145 143 170 161 130 65 177 62 55 8 4 111 132 163 56 13 193 0,46 145
PFG_MOEA,656,1,520.32,1777.06,0 50 17 151 11 137 124 169 88 61 67 155 23 10 162 22 142 119 41 183 53 87 69 127 90 172 158 168 190 35 118 120 31 30 115 144 184 0,137
PFG_MOEA,656,2,520.32,1777.06,0 196 6 105 52 112 189 89 156 157 104 186 176 38 7 195 58 34 29 131 185 27 44 128 80 71 14 146 32 167 42 100 81 57 20 152 45 75 24 147 77 0,
PFG_MOEA,656,3,520.32,1777.06,0 199 47 86 84 3 149 136 12 1 109 94 153 135 180 0,1
PFG_MOEA,656,4,520.32,1777.06,0 9 49 159 2 97 85 98 138 79 141 28 173 125 66 102 36 5 95 182 48 0,
PFG_MOEA,656,5,520.32,1777.06,0 16 198 191 110 140 165 187 18 39 70 72 54 164 150 200 21 96 197 43 194 174 76 116 106 92 126 133 91 74 154 103 188 171 181 192 40 63 117 101 68 15 123 175 122 139 46 51 107 134 19 25 93 129 148 121 37 113 179 114 26 73 166 108 59 99 83 160 178 33 82 145 143 170 161 130 65 177 62 55 8 4 111 132 163 56 13 193 78 0,106 111
PFG_MOEA,656,6,520.32,1777.06,0 60 64 0,
PFG_MOEA,657,1,546.46,1762.35,0 50 17 151 11 137 0,
PFG_MOEA,657,2,546.46,1762.35,0 169 124 88 67 61 0,
PFG_MOEA,657,3,546.46,1762.35,0 159 2 52 97 112 85 105 189 100 81 57 20 152 45 75 24 147 77 153 94 1 47 86 84 3 149 136 12 184 144 115 30 31 120 118 35 190 168 158 172 90 127 69 87 53 183 41 119 142 22 162 10 23 155 109 199 6 196 0,1
PFG_MOEA,657,4,546.46,1762.35,0 9 49 5 36 180 135 125 173 28 42 89 156 157 104 186 176 38 195 7 58 34 29 131 185 27 44 128 80 71 14 146 32 167 79 141 138 98 66 102 95 182 48 191 110 140 165 187 18 39 70 72 54 164 150 200 21 96 197 43 194 174 76 116 106 92 126 133 91 74 154 103 188 171 181 192 40 63 117 101 68 15 123 175 122 139 198 16 46 51 107 134 19 0,91
PFG_MOEA,657,5,546.46,1762.35,0 163 132 111 4 8 55 62 177 65 130 161 170 143 145 82 33 178 160 83 99 59 108 166 73 26 114 179 113 37 121 148 129 93 25 56 13 193 78 0,
PFG_MOEA,657,6,546.46,1762.35,0 60 64 0,
PFG_MOEA,658,1,403.49,1779.21,0 196 6 77 0,
PFG_MOEA,658,2,403.49,1779.21,0 199 94 109 1 144 61 124 169 151 11 137 88 67 155 23 10 162 22 142 119 41 183 53 87 69 127 90 172 158 168 190 35 118 120 31 30 115 184 12 136 149 3 84 86 47 153 147 24 75 45 152 105 189 112 52 2 159 102 36 5 49 9 180 0,
PFG_MOEA,658,3,403.49,1779.21,0 97 0,
PFG_MOEA,658,4,403.49,1779.21,0 20 57 81 89 156 157 104 186 176 38 195 7 58 34 29 131 185 27 44 128 80 71 14 146 32 167 42 100 79 141 138 98 28 173 66 85 125 135 0,89 131
PFG_MOEA,658,5,403.49,1779.21,0 16 139 198 95 182 191 48 165 187 18 39 54 72 70 164 150 200 21 96 197 43 194 174 76 116 106 92 126 133 91 74 154 103 188 171 181 192 40 63 117 140 110 101 68 15 123 175 122 46 51 107 134 19 8 55 0,21 198
PFG_MOEA,658,6,403.49,1779.21,0 60 78 193 163 13 62 177 65 130 161 170 143 145 82 33 178 160 83 99 59 108 166 73 26 114 179 113 37 121 148 129 93 25 4 111 56 132 64 50 17 0,56
PFG_MOEA,659,1,547.48,1749.89,0 151 0,
PFG_MOEA,659,2,547.48,1749.89,0 50 17 169 124 137 11 88 61 67 155 23 10 162 22 142 119 41 183 53 87 69 127 90 172 158 168 190 35 118 120 31 30 115 144 184 12 136 149 0,50 87 155
PFG_MOEA,659,3,547.48,1749.89,0 196 6 105 52 112 189 100 81 57 20 152 45 75 24 147 77 153 94 109 1 3 84 86 47 199 0,1
PFG_MOEA,659,4,547.48,1749.89,0 159 2 97 85 66 98 138 141 79 167 32 146 14 71 80 128 44 27 185 131 29 34 58 195 7 38 176 186 104 157 156 89 42 28 173 125 135 102 36 0,89
PFG_MOEA,659,5,547.48,1749.89,0 60 78 193 13 163 64 132 56 111 4 25 93 129 148 121 37 113 179 114 26 73 166 108 59 99 83 160 178 33 82 145 143 170 161 130 65 177 62 55 8 19 134 123 175 122 16 139 198 15 68 101 117 63 40 192 181 171 188 103 154 74 91 133 126 92 106 116 76 174 194 43 197 96 21 200 150 164 70 72 54 39 18 187 165 140 110 191 48 182 95 5 49 9 180 0,5 63 68
PFG_MOEA,659,6,547.48,1749.89,0 51 107 46 0,
PFG_MOEA,660,1,321.43,1884.2,0 196 6 199 77 94 109 1 184 115 30 31 120 118 35 190 168 158 172 90 127 69 87 53 183 41 119 142 22 162 10 23 155 67 88 137 11 151 169 124 61 144 0,
PFG_MOEA,660,2,321.43,1884.2,0 12 136 149 3 84 86 47 153 147 24 75 45 152 105 189 112 97 52 2 159 102 36 5 49 9 180 0,97
PFG_MOEA,660,3,321.43,1884.2,0 20 57 81 0,
PFG_MOEA,660,4,321.43,1884.2,0 135 125 89 156 157 104 186 176 38 195 7 58 34 29 131 185 27 44 128 80 71 14 146 32 167 42 100 79 141 138 98 28 173 66 85 72 54 39 18 187 165 48 191 182 95 198 139 16 0,89 185
PFG_MOEA,660,5,321.43,1884.2,0 70 164 150 200 21 96 197 43 194 174 76 116 106 92 126 133 91 74 154 103 188 171 181 192 40 63 117 140 110 101 68 15 123 175 122 46 51 107 134 19 0,21
PFG_MOEA,660,6,321.43,1884.2,0 60 50 64 78 193 163 13 8 55 62 177 65 130 161 170 143 145 82 33 178 160 83 99 59 108 166 73 26 114 179 113 37 121 148 129 93 25 4 111 56 132 17 0,
PFG_MOEA,661,1,363.45,1848.54,0 56 111 151 11 137 124 169 88 61 67 155 23 10 162 22 142 119 41 183 53 87 69 127 90 172 158 168 190 35 118 120 31 30 115 144 184 0,137
PFG_MOEA,661,2,363.45,1848.54,0 196 6 105 52 112 189 89 156 157 104 186 176 38 7 195 58 34 29 131 185 27 44 128 80 71 14 146 32 167 42 100 81 57 20 152 45 75 24 147 77 153 94 109 1 12 136 149 3 84 86 47 199 0,185
PFG_MOEA,661,3,363.45,1848.54,0 135 173 28 141 79 138 98 125 0,
PFG_MOEA,661,4,363.45,1848.54,0 159 2 97 85 66 102 36 5 49 0,
PFG_MOEA,661,5,363.45,1848.54,0 180 9 95 182 48 191 110 140 165 187 18 39 54 72 70 164 150 200 21 96 197 43 194 174 76 116 106 92 126 133 91 74 154 103 188 171 181 192 40 63 117 101 68 15 123 175 122 139 198 16 25 4 13 163 193 78 60 0,40 188
PFG_MOEA,661,6,363.45,1848.54,0 46 51 107 134 19 8 55 62 177 65 130 161 170 143 145 82 33 178 160 83 99 59 108 166 73 26 114 179 113 37 121 148 129 93 132 64 50 17 0,46
PFG_MOEA,662,1,261.55,2016.67,0 56 111 169 124 88 155 10 162 31 30 120 118 35 190 168 158 172 90 127 69 87 53 183 41 119 142 22 23 67 61 137 11 151 0,56 124
PFG_MOEA,662,2,261.55,2016.67,0 144 115 184 89 156 157 104 186 176 38 7 195 58 34 29 131 185 27 44 128 80 71 14 146 32 167 42 100 81 189 112 52 105 6 196 0,185
PFG_MOEA,662,3,261.55,2016.67,0 199 94 109 1 12 136 149 3 84 86 47 153 77 147 75 24 45 152 20 57 28 141 79 138 98 173 125 135 66 85 97 2 159 102 0,199
PFG_MOEA,662,4,261.55,2016.67,0 180 9 49 36 5 70 72 54 164 21 96 197 43 76 116 106 92 126 174 194 200 150 39 18 187 165 140 110 191 48 182 95 0,
PFG_MOEA,662,5,261.55,2016.67,0 16 139 198 117 63 181 171 192 40 74 91 133 154 103 188 101 68 15 123 175 25 129 148 93 4 13 163 193 78 60 0,63 188
PFG_MOEA,662,6,261.55,2016.67,0 46 122 51 107 134 19 8 55 62 177 65 130 161 170 143 145 82 33 178 160 83 99 59 108 166 73 26 114 179 113 37 121 132 64 50 17 0,46
PFG_MOEA,663,1,372.87,1829.64,0 199 47 86 84 3 149 136 12 1 109 94 153 77 147 24 75 45 152 20 57 28 42 100 173 98 138 141 79 167 32 146 14 71 80 128 44 27 185 131 29 34 58 195 7 38 176 186 104 157 156 89 81 135 125 189 112 52 159 0,
PFG_MOEA,663,2,372.87,1829.64,0 2 97 85 66 102 36 5 0,
PFG_MOEA,663,3,372.87,1829.64,0 180 9 49 95 182 48 191 110 140 165 187 18 39 54 72 70 164 150 200 21 96 197 43 194 174 76 116 106 92 126 133 91 74 154 103 188 171 181 192 40 63 117 101 68 15 123 175 122 139 198 16 0,40
PFG_MOEA,663,4,372.87,1829.64,0 60 78 193 13 64 50 17 132 4 8 55 62 177 65 130 161 170 143 145 82 33 178 160 83 99 59 108 166 73 26 114 179 113 37 121 148 129 93 25 19 134 107 51 46 0,
PFG_MOEA,663,5,372.87,1829.64,0 163 56 111 151 11 137 88 22 142 119 41 183 53 87 69 127 90 172 158 168 190 35 118 120 31 162 10 23 155 67 61 124 169 0,
PFG_MOEA,663,6,372.87,1829.64,0 144 115 30 184 105 6 196 0,105
PFG_MOEA,664,1,343.52,1869.54,0 184 144 115 120 118 35 190 168 158 172 90 127 69 87 53 183 41 119 30 31 162 142 22 10 23 155 67 61 88 137 11 151 0,
PFG_MOEA,664,2,343.52,1869.54,0 189 81 89 156 157 104 186 176 38 7 195 58 34 29 131 185 27 44 128 80 71 14 146 32 167 42 100 112 0,
PFG_MOEA,664,3,343.52,1869.54,0 94 109 1 12 136 149 3 84 86 47 153 77 147 75 24 45 199 196 6 52 105 152 20 57 28 141 79 138 98 173 125 135 66 85 97 2 159 102 49 9 180 0,173
PFG_MOEA,664,4,343.52,1869.54,0 36 5 0,
PFG_MOEA,664,5,343.52,1869.54,0 17 50 16 139 198 191 117 63 192 181 171 188 103 154 40 74 91 133 194 174 126 92 106 116 76 43 197 96 72 54 70 164 21 200 150 39 18 187 165 48 182 95 0,21 188 198
PFG_MOEA,664,6,343.52,1869.54,0 140 110 101 68 15 123 175 122 46 51 107 134 19 8 55 62 177 65 130 161 170 143 145 82 33 178 160 83 99 59 108 166 73 26 114 179 113 37 121 148 129 93 25 124 169 4 111 56 13 132 163 193 78 64 60 0,46 56 68 179
PFG_MOEA,665,1,336.24,1871.66,0 199 47 86 84 3 149 136 12 1 109 94 153 77 147 24 45 75 0,
PFG_MOEA,665,2,336.24,1871.66,0 95 5 36 102 97 112 85 66 125 135 81 89 156 157 104 186 176 38 7 195 58 34 29 131 185 27 44 128 80 71 14 146 32 167 79 141 138 98 173 100 42 28 57 20 152 189 52 2 159 180 49 9 0,89 185
PFG_MOEA,665,3,336.24,1871.66,0 182 48 191 110 140 165 187 18 39 54 72 70 164 150 200 21 96 197 43 194 174 76 116 106 92 126 133 91 74 154 103 188 171 181 192 40 63 117 101 68 15 123 175 122 139 0,68 91 139
PFG_MOEA,665,4,336.24,1871.66,0 16 198 46 51 107 134 19 25 93 129 148 121 37 113 179 114 26 73 166 108 59 99 83 160 178 33 82 145 143 170 161 130 65 177 62 55 8 4 111 132 163 56 13 193 78 60 64 50 17 151 0,
PFG_MOEA,665,5,336.24,1871.66,0 11 88 137 0,
PFG_MOEA,665,6,336.24,1871.66,0 169 124 61 67 155 23 10 162 22 142 119 41 183 53 87 69 127 90 172 158 168 190 35 118 120 30 31 115 144 184 105 6 196 0,155
PFG_MOEA,666,1,787.39,1705.64,0 196 153 0,
PFG_MOEA,666,2,787.39,1705.64,0 147 24 75 45 152 180 9 49 0,
PFG_MOEA,666,3,787.39,1705.64,0 5 36 102 0,
PFG_MOEA,666,4,787.39,1705.64,0 77 47 86 84 3 149 136 12 184 115 57 20 98 138 141 79 167 32 146 14 71 80 128 44 27 185 131 29 34 58 7 195 38 176 186 104 157 156 89 81 42 100 28 173 125 135 189 105 66 85 112 97 52 2 159 95 182 48 191 110 140 165 187 18 39 70 72 54 164 150 200 21 96 197 43 194 174 76 116 106 92 126 133 91 74 154 103 188 171 181 192 40 63 117 101 68 15 123 175 122 139 198 16 46 51 107 134 19 25 93 129 148 121 37 113 179 114 26 73 166 108 59 99 83 160 178 33 82 145 143 170 161 130 65 177 62 55 8 0,
PFG_MOEA,666,5,787.39,1705.64,0 163 132 4 111 56 13 193 78 60 0,
PFG_MOEA,666,6,787.39,1705.64,0 64 50 17 151 11 137 124 169 88 61 67 155 23 10 162 22 142 119 41 183 53 87 69 127 90 172 158 168 190 35 118 120 30 31 144 1 109 94 199 6 0,10 41 155
PFG_MOEA,667,1,313.2,1915.8,0 60 78 64 50 17 151 11 137 124 0,124
PFG_MOEA,667,2,313.2,1915.8,0 169 88 61 67 155 23 10 162 22 142 119 41 183 53 87 69 127 90 172 158 168 190 35 118 120 30 31 104 186 176 38 7 157 156 144 0,
PFG_MOEA,667,3,313.2,1915.8,0 189 81 100 42 167 32 146 14 71 80 128 44 27 185 131 29 34 58 195 112 0,29
PFG_MOEA,667,4,313.2,1915.8,0 196 6 199 75 45 24 147 77 153 94 109 1 115 184 12 136 149 3 84 86 47 57 20 98 138 141 79 89 28 173 125 135 66 85 97 52 105 152 2 159 102 36 5 49 9 180 0,5
PFG_MOEA,667,5,313.2,1915.8,0 139 122 175 123 15 68 101 117 63 40 192 181 171 188 103 154 74 91 133 126 92 106 116 76 174 194 43 197 96 21 200 150 164 54 72 70 39 18 187 165 140 110 191 48 182 95 198 0,63 91 188
PFG_MOEA,667,6,313.2,1915.8,0 16 46 51 107 134 19 25 93 129 148 121 37 113 179 114 26 73 166 108 59 99 83 160 178 33 82 145 143 170 161 130 65 177 62 55 8 4 111 132 163 56 13 193 0,46 145
PFG_MOEA,668,1,520.32,1777.06,0 50 17 151 11 137 124 169 88 61 67 155 23 10 162 22 142 119 41 183 53 87 69 127 90 172 158 168 190 35 118 120 31 30 115 144 184 0,137
PFG_MOEA,668,2,520.32,1777.06,0 196 6 105 52 112 189 89 156 157 104 186 176 38 7 195 58 34 29 131 185 27 44 128 80 71 14 146 32 167 42 100 81 57 20 152 45 75 24 147 77 0,
PFG_MOEA,668,3,520.32,1777.06,0 199 47 86 84 3 149 136 12 1 109 94 153 135 180 0,1
PFG_MOEA,668,4,520.32,1777.06,0 9 49 159 2 97 85 98 138 79 141 28 173 125 66 102 36 5 95 182 48 0,
PFG_MOEA,668,5,520.32,1777.06,0 16 198 191 110 140 165 187 18 39 70 72 54 164 150 200 21 96 197 43 194 174 76 116 106 92 126 133 91 74 154 103 188 171 181 192 40 63 117 101 68 15 123 175 122 139 46 51 107 134 19 25 93 129 148 121 37 113 179 114 26 73 166 108 59 99 83 160 178 33 82 145 143 170 161 130 65 177 62 55 8 4 111 132 163 56 13 193 78 0,106 111
PFG_MOEA,668,6,520.32,1777.06,0 60 64 0,
PFG_MOEA,669,1,546.46,1762.35,0 50 17 151 11 137 0,
PFG_MOEA,669,2,546.46,1762.35,0 169 124 88 67 61 0,
PFG_MOEA,669,3,546.46,1762.35,0 159 2 52 97 112 85 105 189 100 81 57 20 152 45 75 24 147 77 153 94 1 47 86 84 3 149 136 12 184 144 115 30 31 120 118 35 190 168 158 172 90 127 69 87 53 183 41 119 142 22 162 10 23 155 109 199 6 196 0,1
PFG_MOEA,669,4,546.46,1762.35,0 9 49 5 36 180 135 125 173 28 42 89 156 157 104 186 176 38 195 7 58 34 29 131 185 27 44 128 80 71 14 146 32 167 79 141 138 98 66 102 95 182 48 191 110 140 165 187 18 39 70 72 54 164 150 200 21 96 197 43 194 174 76 116 106 92 126 133 91 74 154 103 188 171 181 192 40 63 117 101 68 15 123 175 122 139 198 16 46 51 107 134 19 0,91
PFG_MOEA,669,5,546.46,1762.35,0 163 132 111 4 8 55 62 177 65 130 161 170 143 145 82 33 178 160 83 99 59 108 166 73 26 114 179 113 37 121 148 129 93 25 56 13 193 78 0,
PFG_MOEA,669,6,546.46,1762.35,0 60 64 0,
PFG_MOEA,670,1,403.49,1779.21,0 196 6 77 0,
PFG_MOEA,670,2,403.49,1779.21,0 199 94 109 1 144 61 124 169 151 11 137 88 67 155 23 10 162 22 142 119 41 183 53 87 69 127 90 172 158 168 190 35 118 120 31 30 115 184 12 136 149 3 84 86 47 153 147 24 75 45 152 105 189 112 52 2 159 102 36 5 49 9 180 0,
PFG_MOEA,670,3,403.49,1779.21,0 97 0,
PFG_MOEA,670,4,403.49,1779.21,0 20 57 81 89 156 157 104 186 176 38 195 7 58 34 29 131 185 27 44 128 80 71 14 146 32 167 42 100 79 141 138 98 28 173 66 85 125 135 0,89 131
PFG_MOEA,670,5,403.49,1779.21,0 16 139 198 95 182 191 48 165 187 18 39 54 72 70 164 150 200 21 96 197 43 194 174 76 116 106 92 126 133 91 74 154 103 188 171 181 192 40 63 117 140 110 101 68 15 123 175 122 46 51 107 134 19 8 55 0,21 198
PFG_MOEA,670,6,403.49,1779.21,0 60 78 193 163 13 62 177 65 130 161 170 143 145 82 33 178 160 83 99 59 108 166 73 26 114 179 113 37 121 148 129 93 25 4 111 56 132 64 50 17 0,56
PFG_MOEA,671,1,547.48,1749.89,0 151 0,
PFG_MOEA,671,2,547.48,1749.89,0 50 17 169 124 137 11 88 61 67 155 23 10 162 22 142 119 41 183 53 87 69 127 90 172 158 168 190 35 118 120 31 30 115 144 184 12 136 149 0,50 87 155
PFG_MOEA,671,3,547.48,1749.89,0 196 6 105 52 112 189 100 81 57 20 152 45 75 24 147 77 153 94 109 1 3 84 86 47 199 0,1
PFG_MOEA,671,4,547.48,1749.89,0 159 2 97 85 66 98 138 141 79 167 32 146 14 71 80 128 44 27 185 131 29 34 58 195 7 38 176 186 104 157 156 89 42 28 173 125 135 102 36 0,89
PFG_MOEA,671,5,547.48,1749.89,0 60 78 193 13 163 64 132 56 111 4 25 93 129 148 121 37 113 179 114 26 73 166 108 59 99 83 160 178 33 82 145 143 170 161 130 65 177 62 55 8 19 134 123 175 122 16 139 198 15 68 101 117 63 40 192 181 171 188 103 154 74 91 133 126 92 106 116 76 174 194 43 197 96 21 200 150 164 70 72 54 39 18 187 165 140 110 191 48 182 95 5 49 9 180 0,5 63 68
PFG_MOEA,671,6,547.48,1749.89,0 51 107 46 0,
PFG_MOEA,672,1,321.43,1884.2,0 196 6 199 77 94 109 1 184 115 30 31 120 118 35 190 168 158 172 90 127 69 87 53 183 41 119 142 22 162 10 23 155 67 88 137 11 151 169 124 61 144 0,
PFG_MOEA,672,2,321.43,1884.2,0 12 136 149 3 84 86 47 153 147 24 75 45 152 105 189 112 97 52 2 159 102 36 5 49 9 180 0,97
PFG_MOEA,672,3,321.43,1884.2,0 20 57 81 0,
PFG_MOEA,672,4,321.43,1884.2,0 135 125 89 156 157 104 186 176 38 195 7 58 34 29 131 185 27 44 128 80 71 14 146 32 167 42 100 79 141 138 98 28 173 66 85 72 54 39 18 187 165 48 191 182 95 198 139 16 0,89 185
PFG_MOEA,672,5,321.43,1884.2,0 70 164 150 200 21 96 197 43 194 174 76 116 106 92 126 133 91 74 154 103 188 171 181 192 40 63 117 140 110 101 68 15 123 175 122 46 51 107 134 19 0,21
PFG_MOEA,672,6,321.43,1884.2,0 60 50 64 78 193 163 13 8 55 62 177 65 130 161 170 143 145 82 33 178 160 83 99 59 108 166 73 26 114 179 113 37 121 148 129 93 25 4 111 56 132 17 0,
PFG_MOEA,673,1,363.45,1848.54,0 56 111 151 11 137 124 169 88 61 67 155 23 10 162 22 142 119 41 183 53 87 69 127 90 172 158 168 190 35 118 120 31 30 115 144 184 0,137
PFG_MOEA,673,2,363.45,1848.54,0 196 6 105 52 112 189 89 156 157 104 186 176 38 7 195 58 34 29 131 185 27 44 128 80 71 14 146 32 167 42 100 81 57 20 152 45 75 24 147 77 153 94 109 1 12 136 149 3 84 86 47 199 0,185
PFG_MOEA,673,3,363.45,1848.54,0 135 173 28 141 79 138 98 125 0,
PFG_MOEA,673,4,363.45,1848.54,0 159 2 97 85 66 102 36 5 49 0,
PFG_MOEA,673,5,363.45,1848.54,0 180 9 95 182 48 191 110 140 165 187 18 39 54 72 70 164 150 200 21 96 197 43 194 174 76 116 106 92 126 133 91 74 154 103 188 171 181 192 40 63 117 101 68 15 123 175 122 139 198 16 25 4 13 163 193 78 60 0,40 188
PFG_MOEA,673,6,363.45,1848.54,0 46 51 107 134 19 8 55 62 177 65 130 161 170 143 145 82 33 178 160 83 99 59 108 166 73 26 114 179 113 37 121 148 129 93 132 64 50 17 0,46
PFG_MOEA,674,1,261.55,2016.67,0 56 111 169 124 88 155 10 162 31 30 120 118 35 190 168 158 172 90 127 69 87 53 183 41 119 142 22 23 67 61 137 11 151 0,56 124
PFG_MOEA,674,2,261.55,2016.67,0 144 115 184 89 156 157 104 186 176 38 7 195 58 34 29 131 185 27 44 128 80 71 14 146 32 167 42 100 81 189 112 52 105 6 196 0,185
PFG_MOEA,674,3,261.55,2016.67,0 199 94 109 1 12 136 149 3 84 86 47 153 77 147 75 24 45 152 20 57 28 141 79 138 98 173 125 135 66 85 97 2 159 102 0,199
PFG_MOEA,674,4,261.55,2016.67,0 180 9 49 36 5 70 72 54 164 21 96 197 43 76 116 106 92 126 174 194 200 150 39 18 187 165 140 110 191 48 182 95 0,
PFG_MOEA,674,5,261.55,2016.67,0 16 139 198 117 63 181 171 192 40 74 91 133 154 103 188 101 68 15 123 175 25 129 148 93 4 13 163 193 78 60 0,63 188
PFG_MOEA,674,6,261.55,2016.67,0 46 122 51 107 134 19 8 55 62 177 65 130 161 170 143 145 82 33 178 160 83 99 59 108 166 73 26 114 179 113 37 121 132 64 50 17 0,46
PFG_MOEA,675,1,372.87,1829.64,0 199 47 86 84 3 149 136 12 1 109 94 153 77 147 24 75 45 152 20 57 28 42 100 173 98 138 141 79 167 32 146 14 71 80 128 44 27 185 131 29 34 58 195 7 38 176 186 104 157 156 89 81 135 125 189 112 52 159 0,
PFG_MOEA,675,2,372.87,1829.64,0 2 97 85 66 102 36 5 0,
PFG_MOEA,675,3,372.87,1829.64,0 180 9 49 95 182 48 191 110 140 165 187 18 39 54 72 70 164 150 200 21 96 197 43 194 174 76 116 106 92 126 133 91 74 154 103 188 171 181 192 40 63 117 101 68 15 123 175 122 139 198 16 0,40
PFG_MOEA,675,4,372.87,1829.64,0 60 78 193 13 64 50 17 132 4 8 55 62 177 65 130 161 170 143 145 82 33 178 160 83 99 59 108 166 73 26 114 179 113 37 121 148 129 93 25 19 134 107 51 46 0,
PFG_MOEA,675,5,372.87,1829.64,0 163 56 111 151 11 137 88 22 142 119 41 183 53 87 69 127 90 172 158 168 190 35 118 120 31 162 10 23 155 67 61 124 169 0,
PFG_MOEA,675,6,372.87,1829.64,0 144 115 30 184 105 6 196 0,105
PFG_MOEA,676,1,343.52,1869.54,0 184 144 115 120 118 35 190 168 158 172 90 127 69 87 53 183 41 119 30 31 162 142 22 10 23 155 67 61 88 137 11 151 0,
PFG_MOEA,676,2,343.52,1869.54,0 189 81 89 156 157 104 186 176 38 7 195 58 34 29 131 185 27 44 128 80 71 14 146 32 167 42 100 112 0,
PFG_MOEA,676,3,343.52,1869.54,0 94 109 1 12 136 149 3 84 86 47 153 77 147 75 24 45 199 196 6 52 105 152 20 57 28 141 79 138 98 173 125 135 66 85 97 2 159 102 49 9 180 0,173
PFG_MOEA,676,4,343.52,1869.54,0 36 5 0,
PFG_MOEA,676,5,343.52,1869.54,0 17 50 16 139 198 191 117 63 192 181 171 188 103 154 40 74 91 133 194 174 126 92 106 116 76 43 197 96 72 54 70 164 21 200 150 39 18 187 165 48 182 95 0,21 188 198
PFG_MOEA,676,6,343.52,1869.54,0 140 110 101 68 15 123 175 122 46 51 107 134 19 8 55 62 177 65 130 161 170 143 145 82 33 178 160 83 99 59 108 166 73 26 114 179 113 37 121 148 129 93 25 124 169 4 111 56 13 132 163 193 78 64 60 0,46 56 68 179
PFG_MOEA,677,1,336.24,1871.66,0 199 47 86 84 3 149 136 12 1 109 94 153 77 147 24 45 75 0,
PFG_MOEA,677,2,336.24,1871.66,0 95 5 36 102 97 112 85 66 125 135 81 89 156 157 104 186 176 38 7 195 58 34 29 131 185 27 44 128 80 71 14 146 32 167 79 141 138 98 173 100 42 28 57 20 152 189 52 2 159 180 49 9 0,89 185
PFG_MOEA,677,3,336.24,1871.66,0 182 48 191 110 140 165 187 18 39 54 72 70 164 150 200 21 96 197 43 194 174 76 116 106 92 126 133 91 74 154 103 188 171 181 192 40 63 117 101 68 15 123 175 122 139 0,68 91 139
PFG_MOEA,677,4,336.24,1871.66,0 16 198 46 51 107 134 19 25 93 129 148 121 37 113 179 114 26 73 166 108 59 99 83 160 178 33 82 145 143 170 161 130 65 177 62 55 8 4 111 132 163 56 13 193 78 60 64 50 17 151 0,
PFG_MOEA,677,5,336.24,1871.66,0 11 88 137 0,
PFG_MOEA,677,6,336.24,1871.66,0 169 124 61 67 155 23 10 162 22 142 119 41 183 53 87 69 127 90 172 158 168 190 35 118 120 30 31 115 144 184 105 6 196 0,155
PFG_MOEA,678,1,787.39,1705.64,0 196 153 0,
PFG_MOEA,678,2,787.39,1705.64,0 147 24 75 45 152 180 9 49 0,
PFG_MOEA,678,3,787.39,1705.64,0 5 36 102 0,
PFG_MOEA,678,4,787.39,1705.64,0 77 47 86 84 3 149 136 12 184 115 57 20 98 138 141 79 167 32 146 14 71 80 128 44 27 185 131 29 34 58 7 195 38 176 186 104 157 156 89 81 42 100 28 173 125 135 189 105 66 85 112 97 52 2 159 95 182 48 191 110 140 165 187 18 39 70 72 54 164 150 200 21 96 197 43 194 174 76 116 106 92 126 133 91 74 154 103 188 171 181 192 40 63 117 101 68 15 123 175 122 139 198 16 46 51 107 134 19 25 93 129 148 121 37 113 179 114 26 73 166 108 59 99 83 160 178 33 82 145 143 170 161 130 65 177 62 55 8 0,
PFG_MOEA,678,5,787.39,1705.64,0 163 132 4 111 56 13 193 78 60 0,
PFG_MOEA,678,6,787.39,1705.64,0 64 50 17 151 11 137 124 169 88 61 67 155 23 10 162 22 142 119 41 183 53 87 69 127 90 172 158 168 190 35 118 120 30 31 144 1 109 94 199 6 0,10 41 155
PFG_MOEA,679,1,313.2,1915.8,0 60 78 64 50 17 151 11 137 124 0,124
PFG_MOEA,679,2,313.2,1915.8,0 169 88 61 67 155 23 10 162 22 142 119 41 183 53 87 69 127 90 172 158 168 190 35 118 120 30 31 104 186 176 38 7 157 156 144 0,
PFG_MOEA,679,3,313.2,1915.8,0 189 81 100 42 167 32 146 14 71 80 128 44 27 185 131 29 34 58 195 112 0,29
PFG_MOEA,679,4,313.2,1915.8,0 196 6 199 75 45 24 147 77 153 94 109 1 115 184 12 136 149 3 84 86 47 57 20 98 138 141 79 89 28 173 125 135 66 85 97 52 105 152 2 159 102 36 5 49 9 180 0,5
PFG_MOEA,679,5,313.2,1915.8,0 139 122 175 123 15 68 101 117 63 40 192 181 171 188 103 154 74 91 133 126 92 106 116 76 174 194 43 197 96 21 200 150 164 54 72 70 39 18 187 165 140 110 191 48 182 95 198 0,63 91 188
PFG_MOEA,679,6,313.2,1915.8,0 16 46 51 107 134 19 25 93 129 148 121 37 113 179 114 26 73 166 108 59 99 83 160 178 33 82 145 143 170 161 130 65 177 62 55 8 4 111 132 163 56 13 193 0,46 145
PFG_MOEA,680,1,520.32,1777.06,0 50 17 151 11 137 124 169 88 61 67 155 23 10 162 22 142 119 41 183 53 87 69 127 90 172 158 168 190 35 118 120 31 30 115 144 184 0,137
PFG_MOEA,680,2,520.32,1777.06,0 196 6 105 52 112 189 89 156 157 104 186 176 38 7 195 58 34 29 131 185 27 44 128 80 71 14 146 32 167 42 100 81 57 20 152 45 75 24 147 77 0,
PFG_MOEA,680,3,520.32,1777.06,0 199 47 86 84 3 149 136 12 1 109 94 153 135 180 0,1
PFG_MOEA,680,4,520.32,1777.06,0 9 49 159 2 97 85 98 138 79 141 28 173 125 66 102 36 5 95 182 48 0,
PFG_MOEA,680,5,520.32,1777.06,0 16 198 191 110 140 165 187 18 39 70 72 54 164 150 200 21 96 197 43 194 174 76 116 106 92 126 133 91 74 154 103 188 171 181 192 40 63 117 101 68 15 123 175 122 139 46 51 107 134 19 25 93 129 148 121 37 113 179 114 26 73 166 108 59 99 83 160 178 33 82 145 143 170 161 130 65 177 62 55 8 4 111 132 163 56 13 193 78 0,106 111
PFG_MOEA,680,6,520.32,1777.06,0 60 64 0,
PFG_MOEA,681,1,546.46,1762.35,0 50 17 151 11 137 0,
PFG_MOEA,681,2,546.46,1762.35,0 169 124 88 67 61 0,
PFG_MOEA,681,3,546.46,1762.35,0 159 2 52 97 112 85 105 189 100 81 57 20 152 45 75 24 147 77 153 94 1 47 86 84 3 149 136 12 184 144 115 30 31 120 118 35 190 168 158 172 90 127 69 87 53 183 41 119 142 22 162 10 23 155 109 199 6 196 0,1
PFG_MOEA,681,4,546.46,1762.35,0 9 49 5 36 180 135 125 173 28 42 89 156 157 104 186 176 38 195 7 58 34 29 131 185 27 44 128 80 71 14 146 32 167 79 141 138 98 66 102 95 182 48 191 110 140 165 187 18 39 70 72 54 164 150 200 21 96 197 43 194 174 76 116 106 92 126 133 91 74 154 103 188 171 181 192 40 63 117 101 68 15 123 175 122 139 198 16 46 51 107 134 19 0,91
PFG_MOEA,681,5,546.46,1762.35,0 163 132 111 4 8 55 62 177 65 130 161 170 143 145 82 33 178 160 83 99 59 108 166 73 26 114 179 113 37 121 148 129 93 25 56 13 193 78 0,
PFG_MOEA,681,6,546.46,1762.35,0 60 64 0,
PFG_MOEA,682,1,403.49,1779.21,0 196 6 77 0,
PFG_MOEA,682,2,403.49,1779.21,0 199 94 109 1 144 61 124 169 151 11 137 88 67 155 23 10 162 22 142 119 41 183 53 87 69 127 90 172 158 168 190 35 118 120 31 30 115 184 12 136 149 3 84 86 47 153 147 24 75 45 152 105 189 112 52 2 159 102 36 5 49 9 180 0,
PFG_MOEA,682,3,403.49,1779.21,0 97 0,
PFG_MOEA,682,4,403.49,1779.21,0 20 57 81 89 156 157 104 186 176 38 195 7 58 34 29 131 185 27 44 128 80 71 14 146 32 167 42 100 79 141 138 98 28 173 66 85 125 135 0,89 131
PFG_MOEA,682,5,403.49,1779.21,0 16 139 198 95 182 191 48 165 187 18 39 54 72 70 164 150 200 21 96 197 43 194 174 76 116 106 92 126 133 91 74 154 103 188 171 181 192 40 63 117 140 110 101 68 15 123 175 122 46 51 107 134 19 8 55 0,21 198
PFG_MOEA,682,6,403.49,1779.21,0 60 78 193 163 13 62 177 65 130 161 170 143 145 82 33 178 160 83 99 59 108 166 73 26 114 179 113 37 121 148 129 93 25 4 111 56 132 64 50 17 0,56
PFG_MOEA,683,1,547.48,1749.89,0 151 0,
PFG_MOEA,683,2,547.48,1749.89,0 50 17 169 124 137 11 88 61 67 155 23 10 162 22 142 119 41 183 53 87 69 127 90 172 158 168 190 35 118 120 31 30 115 144 184 12 136 149 0,50 87 155
PFG_MOEA,683,3,547.48,1749.89,0 196 6 105 52 112 189 100 81 57 20 152 45 75 24 147 77 153 94 109 1 3 84 86 47 199 0,1
PFG_MOEA,683,4,547.48,1749.89,0 159 2 97 85 66 98 138 141 79 167 32 146 14 71 80 128 44 27 185 131 29 34 58 195 7 38 176 186 104 157 156 89 42 28 173 125 135 102 36 0,89
PFG_MOEA,683,5,547.48,1749.89,0 60 78 193 13 163 64 132 56 111 4 25 93 129 148 121 37 113 179 114 26 73 166 108 59 99 83 160 178 33 82 145 143 170 161 130 65 177 62 55 8 19 134 123 175 122 16 139 198 15 68 101 117 63 40 192 181 171 188 103 154 74 91 133 126 92 106 116 76 174 194 43 197 96 21 200 150 164 70 72 54 39 18 187 165 140 110 191 48 182 95 5 49 9 180 0,5 63 68
PFG_MOEA,683,6,547.48,1749.89,0 51 107 46 0,
PFG_MOEA,684,1,321.43,1884.2,0 196 6 199 77 94 109 1 184 115 30 31 120 118 35 190 168 158 172 90 127 69 87 53 183 41 119 142 22 162 10 23 155 67 88 137 11 151 169 124 61 144 0,
PFG_MOEA,684,2,321.43,1884.2,0 12 136 149 3 84 86 47 153 147 24 75 45 152 105 189 112 97 52 2 159 102 36 5 49 9 180 0,97
PFG_MOEA,684,3,321.43,1884.2,0 20 57 81 0,
PFG_MOEA,684,4,321.43,1884.2,0 135 125 89 156 157 104 186 176 38 195 7 58 34 29 131 185 27 44 128 80 71 14 146 32 167 42 100 79 141 138 98 28 173 66 85 72 54 39 18 187 165 48 191 182 95 198 139 16 0,89 185
PFG_MOEA,684,5,321.43,1884.2,0 70 164 150 200 21 96 197 43 194 174 76 116 106 92 126 133 91 74 154 103 188 171 181 192 40 63 117 140 110 101 68 15 123 175 122 46 51 107 134 19 0,21
PFG_MOEA,684,6,321.43,1884.2,0 60 50 64 78 193 163 13 8 55 62 177 65 130 161 170 143 145 82 33 178 160 83 99 59 108 166 73 26 114 179 113 37 121 148 129 93 25 4 111 56 132 17 0,
PFG_MOEA,685,1,363.45,1848.54,0 56 111 151 11 137 124 169 88 61 67 155 23 10 162 22 142 119 41 183 53 87 69 127 90 172 158 168 190 35 118 120 31 30 115 144 184 0,137
PFG_MOEA,685,2,363.45,1848.54,0 196 6 105 52 112 189 89 156 157 104 186 176 38 7 195 58 34 29 131 185 27 44 128 80 71 14 146 32 167 42 100 81 57 20 152 45 75 24 147 77 153 94 109 1 12 136 149 3 84 86 47 199 0,185
PFG_MOEA,685,3,363.45,1848.54,0 135 173 28 141 79 138 98 125 0,
PFG_MOEA,685,4,363.45,1848.54,0 159 2 97 85 66 102 36 5 49 0,
PFG_MOEA,685,5,363.45,1848.54,0 180 9 95 182 48 191 110 140 165 187 18 39 54 72 70 164 150 200 21 96 197 43 194 174 76 116 106 92 126 133 91 74 154 103 188 171 181 192 40 63 117 101 68 15 123 175 122 139 198 16 25 4 13 163 193 78 60 0,40 188
PFG_MOEA,685,6,363.45,1848.54,0 46 51 107 134 19 8 55 62 177 65 130 161 170 143 145 82 33 178 160 83 99 59 108 166 73 26 114 179 113 37 121 148 129 93 132 64 50 17 0,46
PFG_MOEA,686,1,261.55,2016.67,0 56 111 169 124 88 155 10 162 31 30 120 118 35 190 168 158 172 90 127 69 87 53 183 41 119 142 22 23 67 61 137 11 151 0,56 124
PFG_MOEA,686,2,261.55,2016.67,0 144 115 184 89 156 157 104 186 176 38 7 195 58 34 29 131 185 27 44 128 80 71 14 146 32 167 42 100 81 189 112 52 105 6 196 0,185
PFG_MOEA,686,3,261.55,2016.67,0 199 94 109 1 12 136 149 3 84 86 47 153 77 147 75 24 45 152 20 57 28 141 79 138 98 173 125 135 66 85 97 2 159 102 0,199
PFG_MOEA,686,4,261.55,2016.67,0 180 9 49 36 5 70 72 54 164 21 96 197 43 76 116 106 92 126 174 194 200 150 39 18 187 165 140 110 191 48 182 95 0,
PFG_MOEA,686,5,261.55,2016.67,0 16 139 198 117 63 181 171 192 40 74 91 133 154 103 188 101 68 15 123 175 25 129 148 93 4 13 163 193 78 60 0,63 188
PFG_MOEA,686,6,261.55,2016.67,0 46 122 51 107 134 19 8 55 62 177 65 130 161 170 143 145 82 33 178 160 83 99 59 108 166 73 26 114 179 113 37 121 132 64 50 17 0,46
PFG_MOEA,687,1,372.87,1829.64,0 199 47 86 84 3 149 136 12 1 109 94 153 77 147 24 75 45 152 20 57 28 42 100 173 98 138 141 79 167 32 146 14 71 80 128 44 27 185 131 29 34 58 195 7 38 176 186 104 157 156 89 81 135 125 189 112 52 159 0,
PFG_MOEA,687,2,372.87,1829.64,0 2 97 85 66 102 36 5 0,
PFG_MOEA,687,3,372.87,1829.64,0 180 9 49 95 182 48 191 110 140 165 187 18 39 54 72 70 164 150 200 21 96 197 43 194 174 76 116 106 92 126 133 91 74 154 103 188 171 181 192 40 63 117 101 68 15 123 175 122 139 198 16 0,40
PFG_MOEA,687,4,372.87,1829.64,0 60 78 193 13 64 50 17 132 4 8 55 62 177 65 130 161 170 143 145 82 33 178 160 83 99 59 108 166 73 26 114 179 113 37 121 148 129 93 25 19 134 107 51 46 0,
PFG_MOEA,687,5,372.87,1829.64,0 163 56 111 151 11 137 88 22 142 119 41 183 53 87 69 127 90 172 158 168 190 35 118 120 31 162 10 23 155 67 61 124 169 0,
PFG_MOEA,687,6,372.87,1829.64,0 144 115 30 184 105 6 196 0,105
PFG_MOEA,688,1,343.52,1869.54,0 184 144 115 120 118 35 190 168 158 172 90 127 69 87 53 183 41 119 30 31 162 142 22 10 23 155 67 61 88 137 11 151 0,
PFG_MOEA,688,2,343.52,1869.54,0 189 81 89 156 157 104 186 176 38 7 195 58 34 29 131 185 27 44 128 80 71 14 146 32 167 42 100 112 0,
PFG_MOEA,688,3,343.52,1869.54,0 94 109 1 12 136 149 3 84 86 47 153 77 147 75 24 45 199 196 6 52 105 152 20 57 28 141 79 138 98 173 125 135 66 85 97 2 159 102 49 9 180 0,173
PFG_MOEA,688,4,343.52,1869.54,0 36 5 0,
PFG_MOEA,688,5,343.52,1869.54,0 17 50 16 139 198 191 117 63 192 181 171 188 103 154 40 74 91 133 194 174 126 92 106 116 76 43 197 96 72 54 70 164 21 200 150 39 18 187 165 48 182 95 0,21 188 198
PFG_MOEA,688,6,343.52,1869.54,0 140 110 101 68 15 123 175 122 46 51 107 134 19 8 55 62 177 65 130 161 170 143 145 82 33 178 160 83 99 59 108 166 73 26 114 179 113 37 121 148 129 93 25 124 169 4 111 56 13 132 163 193 78 64 60 0,46 56 68 179
PFG_MOEA,689,1,336.24,1871.66,0 199 47 86 84 3 149 136 12 1 109 94 153 77 147 24 45 75 0,
PFG_MOEA,689,2,336.24,1871.66,0 95 5 36 102 97 112 85 66 125 135 81 89 156 157 104 186 176 38 7 195 58 34 29 131 185 27 44 128 80 71 14 146 32 167 79 141 138 98 173 100 42 28 57 20 152 189 52 2 159 180 49 9 0,89 185
PFG_MOEA,689,3,336.24,1871.66,0 182 48 191 110 140 165 187 18 39 54 72 70 164 150 200 21 96 197 43 194 174 76 116 106 92 126 133 91 74 154 103 188 171 181 192 40 63 117 101 68 15 123 175 122 139 0,68 91 139
PFG_MOEA,689,4,336.24,1871.66,0 16 198 46 51 107 134 19 25 93 129 148 121 37 113 179 114 26 73 166 108 59 99 83 160 178 33 82 145 143 170 161 130 65 177 62 55 8 4 111 132 163 56 13 193 78 60 64 50 17 151 0,
PFG_MOEA,689,5,336.24,1871.66,0 11 88 137 0,
PFG_MOEA,689,6,336.24,1871.66,0 169 124 61 67 155 23 10 162 22 142 119 41 183 53 87 69 127 90 172 158 168 190 35 118 120 30 31 115 144 184 105 6 196 0,155
PFG_MOEA,690,1,787.39,1705.64,0 196 153 0,
PFG_MOEA,690,2,787.39,1705.64,0 147 24 75 45 152 180 9 49 0,
PFG_MOEA,690,3,787.39,1705.64,0 5 36 102 0,
PFG_MOEA,690,4,787.39,1705.64,0 77 47 86 84 3 149 136 12 184 115 57 20 98 138 141 79 167 32 146 14 71 80 128 44 27 185 131 29 34 58 7 195 38 176 186 104 157 156 89 81 42 100 28 173 125 135 189 105 66 85 112 97 52 2 159 95 182 48 191 110 140 165 187 18 39 70 72 54 164 150 200 21 96 197 43 194 174 76 116 106 92 126 133 91 74 154 103 188 171 181 192 40 63 117 101 68 15 123 175 122 139 198 16 46 51 107 134 19 25 93 129 148 121 37 113 179 114 26 73 166 108 59 99 83 160 178 33 82 145 143 170 161 130 65 177 62 55 8 0,
PFG_MOEA,690,5,787.39,1705.64,0 163 132 4 111 56 13 193 78 60 0,
PFG_MOEA,690,6,787.39,1705.64,0 64 50 17 151 11 137 124 169 88 61 67 155 23 10 162 22 142 119 41 183 53 87 69 127 90 172 158 168 190 35 118 120 30 31 144 1 109 94 199 6 0,10 41 155
PFG_MOEA,691,1,313.2,1915.8,0 60 78 64 50 17 151 11 137 124 0,124
PFG_MOEA,691,2,313.2,1915.8,0 169 88 61 67 155 23 10 162 22 142 119 41 183 53 87 69 127 90 172 158 168 190 35 118 120 30 31 104 186 176 38 7 157 156 144 0,
PFG_MOEA,691,3,313.2,1915.8,0 189 81 100 42 167 32 146 14 71 80 128 44 27 185 131 29 34 58 195 112 0,29
PFG_MOEA,691,4,313.2,1915.8,0 196 6 199 75 45 24 147 77 153 94 109 1 115 184 12 136 149 3 84 86 47 57 20 98 138 141 79 89 28 173 125 135 66 85 97 52 105 152 2 159 102 36 5 49 9 180 0,5
PFG_MOEA,691,5,313.2,1915.8,0 139 122 175 123 15 68 101 117 63 40 192 181 171 188 103 154 74 91 133 126 92 106 116 76 174 194 43 197 96 21 200 150 164 54 72 70 39 18 187 165 140 110 191 48 182 95 198 0,63 91 188
PFG_MOEA,691,6,313.2,1915.8,0 16 46 51 107 134 19 25 93 129 148 121 37 113 179 114 26 73 166 108 59 99 83 160 178 33 82 145 143 170 161 130 65 177 62 55 8 4 111 132 163 56 13 193 0,46 145
PFG_MOEA,692,1,520.32,1777.06,0 50 17 151 11 137 124 169 88 61 67 155 23 10 162 22 142 119 41 183 53 87 69 127 90 172 158 168 190 35 118 120 31 30 115 144 184 0,137
PFG_MOEA,692,2,520.32,1777.06,0 196 6 105 52 112 189 89 156 157 104 186 176 38 7 195 58 34 29 131 185 27 44 128 80 71 14 146 32 167 42 100 81 57 20 152 45 75 24 147 77 0,
PFG_MOEA,692,3,520.32,1777.06,0 199 47 86 84 3 149 136 12 1 109 94 153 135 180 0,1
PFG_MOEA,692,4,520.32,1777.06,0 9 49 159 2 97 85 98 138 79 141 28 173 125 66 102 36 5 95 182 48 0,
PFG_MOEA,692,5,520.32,1777.06,0 16 198 191 110 140 165 187 18 39 70 72 54 164 150 200 21 96 197 43 194 174 76 116 106 92 126 133 91 74 154 103 188 171 181 192 40 63 117 101 68 15 123 175 122 139 46 51 107 134 19 25 93 129 148 121 37 113 179 114 26 73 166 108 59 99 83 160 178 33 82 145 143 170 161 130 65 177 62 55 8 4 111 132 163 56 13 193 78 0,106 111
PFG_MOEA,692,6,520.32,1777.06,0 60 64 0,
PFG_MOEA,693,1,546.46,1762.35,0 50 17 151 11 137 0,
PFG_MOEA,693,2,546.46,1762.35,0 169 124 88 67 61 0,
PFG_MOEA,693,3,546.46,1762.35,0 159 2 52 97 112 85 105 189 100 81 57 20 152 45 75 24 147 77 153 94 1 47 86 84 3 149 136 12 184 144 115 30 31 120 118 35 190 168 158 172 90 127 69 87 53 183 41 119 142 22 162 10 23 155 109 199 6 196 0,1
PFG_MOEA,693,4,546.46,1762.35,0 9 49 5 36 180 135 125 173 28 42 89 156 157 104 186 176 38 195 7 58 34 29 131 185 27 44 128 80 71 14 146 32 167 79 141 138 98 66 102 95 182 48 191 110 140 165 187 18 39 70 72 54 164 150 200 21 96 197 43 194 174 76 116 106 92 126 133 91 74 154 103 188 171 181 192 40 63 117 101 68 15 123 175 122 139 198 16 46 51 107 134 19 0,91
PFG_MOEA,693,5,546.46,1762.35,0 163 132 111 4 8 55 62 177 65 130 161 170 143 145 82 33 178 160 83 99 59 108 166 73 26 114 179 113 37 121 148 129 93 25 56 13 193 78 0,
PFG_MOEA,693,6,546.46,1762.35,0 60 64 0,
PFG_MOEA,694,1,403.49,1779.21,0 196 6 77 0,
PFG_MOEA,694,2,403.49,1779.21,0 199 94 109 1 144 61 124 169 151 11 137 88 67 155 23 10 162 22 142 119 41 183 53 87 69 127 90 172 158 168 190 35 118 120 31 30 115 184 12 136 149 3 84 86 47 153 147 24 75 45 152 105 189 112 52 2 159 102 36 5 49 9 180 0,
PFG_MOEA,694,3,403.49,1779.21,0 97 0,
PFG_MOEA,694,4,403.49,1779.21,0 20 57 81 89 156 157 104 186 176 38 195 7 58 34 29 131 185 27 44 128 80 71 14 146 32 167 42 100 79 141 138 98 28 173 66 85 125 135 0,89 131
PFG_MOEA,694,5,403.49,1779.21,0 16 139 198 95 182 191 48 165 187 18 39 54 72 70 164 150 200 21 96 197 43 194 174 76 116 106 92 126 133 91 74 154 103 188 171 181 192 40 63 117 140 110 101 68 15 123 175 122 46 51 107 134 19 8 55 0,21 198
PFG_MOEA,694,6,403.49,1779.21,0 60 78 193 163 13 62 177 65 130 161 170 143 145 82 33 178 160 83 99 59 108 166 73 26 114 179 113 37 121 148 129 93 25 4 111 56 132 64 50 17 0,56
PFG_MOEA,695,1,547.48,1749.89,0 151 0,
PFG_MOEA,695,2,547.48,1749.89,0 50 17 169 124 137 11 88 61 67 155 23 10 162 22 142 119 41 183 53 87 69 127 90 172 158 168 190 35 118 120 31 30 115 144 184 12 136 149 0,50 87 155
PFG_MOEA,695,3,547.48,1749.89,0 196 6 105 52 112 189 100 81 57 20 152 45 75 24 147 77 153 94 109 1 3 84 86 47 199 0,1
PFG_MOEA,695,4,547.48,1749.89,0 159 2 97 85 66 98 138 141 79 167 32 146 14 71 80 128 44 27 185 131 29 34 58 195 7 38 176 186 104 157 156 89 42 28 173 125 135 102 36 0,89
PFG_MOEA,695,5,547.48,1749.89,0 60 78 193 13 163 64 132 56 111 4 25 93 129 148 121 37 113 179 114 26 73 166 108 59 99 83 160 178 33 82 145 143 170 161 130 65 177 62 55 8 19 134 123 175 122 16 139 198 15 68 101 117 63 40 192 181 171 188 103 154 74 91 133 126 92 106 116 76 174 194 43 197 96 21 200 150 164 70 72 54 39 18 187 165 140 110 191 48 182 95 5 49 9 180 0,5 63 68
PFG_MOEA,695,6,547.48,1749.89,0 51 107 46 0,
PFG_MOEA,696,1,321.43,1884.2,0 196 6 199 77 94 109 1 184 115 30 31 120 118 35 190 168 158 172 90 127 69 87 53 183 41 119 142 22 162 10 23 155 67 88 137 11 151 169 124 61 144 0,
PFG_MOEA,696,2,321.43,1884.2,0 12 136 149 3 84 86 47 153 147 24 75 45 152 105 189 112 97 52 2 159 102 36 5 49 9 180 0,97
PFG_MOEA,696,3,321.43,1884.2,0 20 57 81 0,
PFG_MOEA,696,4,321.43,1884.2,0 135 125 89 156 157 104 186 176 38 195 7 58 34 29 131 185 27 44 128 80 71 14 146 32 167 42 100 79 141 138 98 28 173 66 85 72 54 39 18 187 165 48 191 182 95 198 139 16 0,89 185
PFG_MOEA,696,5,321.43,1884.2,0 70 164 150 200 21 96 197 43 194 174 76 116 106 92 126 133 91 74 154 103 188 171 181 192 40 63 117 140 110 101 68 15 123 175 122 46 51 107 134 19 0,21
PFG_MOEA,696,6,321.43,1884.2,0 60 50 64 78 193 163 13 8 55 62 177 65 130 161 170 143 145 82 33 178 160 83 99 59 108 166 73 26 114 179 113 37 121 148 129 93 25 4 111 56 132 17 0,
PFG_MOEA,697,1,363.45,1848.54,0 56 111 151 11 137 124 169 88 61 67 155 23 10 162 22 142 119 41 183 53 87 69 127 90 172 158 168 190 35 118 120 31 30 115 144 184 0,137
PFG_MOEA,697,2,363.45,1848.54,0 196 6 105 52 112 189 89 156 157 104 186 176 38 7 195 58 34 29 131 185 27 44 128 80 71 14 146 32 167 42 100 81 57 20 152 45 75 24 147 77 153 94 109 1 12 136 149 3 84 86 47 199 0,185
PFG_MOEA,697,3,363.45,1848.54,0 135 173 28 141 79 138 98 125 0,
PFG_MOEA,697,4,363.45,1848.54,0 159 2 97 85 66 102 36 5 49 0,
PFG_MOEA,697,5,363.45,1848.54,0 180 9 95 182 48 191 110 140 165 187 18 39 54 72 70 164 150 200 21 96 197 43 194 174 76 116 106 92 126 133 91 74 154 103 188 171 181 192 40 63 117 101 68 15 123 175 122 139 198 16 25 4 13 163 193 78 60 0,40 188
PFG_MOEA,697,6,363.45,1848.54,0 46 51 107 134 19 8 55 62 177 65 130 161 170 143 145 82 33 178 160 83 99 59 108 166 73 26 114 179 113 37 121 148 129 93 132 64 50 17 0,46
PFG_MOEA,698,1,261.55,2016.67,0 56 111 169 124 88 155 10 162 31 30 120 118 35 190 168 158 172 90 127 69 87 53 183 41 119 142 22 23 67 61 137 11 151 0,56 124
PFG_MOEA,698,2,261.55,2016.67,0 144 115 184 89 156 157 104 186 176 38 7 195 58 34 29 131 185 27 44 128 80 71 14 146 32 167 42 100 81 189 112 52 105 6 196 0,185
PFG_MOEA,698,3,261.55,2016.67,0 199 94 109 1 12 136 149 3 84 86 47 153 77 147 75 24 45 152 20 57 28 141 79 138 98 173 125 135 66 85 97 2 159 102 0,199
PFG_MOEA,698,4,261.55,2016.67,0 180 9 49 36 5 70 72 54 164 21 96 197 43 76 116 106 92 126 174 194 200 150 39 18 187 165 140 110 191 48 182 95 0,
PFG_MOEA,698,5,261.55,2016.67,0 16 139 198 117 63 181 171 192 40 74 91 133 154 103 188 101 68 15 123 175 25 129 148 93 4 13 163 193 78 60 0,63 188
PFG_MOEA,698,6,261.55,2016.67,0 46 122 51 107 134 19 8 55 62 177 65 130 161 170 143 145 82 33 178 160 83 99 59 108 166 73 26 114 179 113 37 121 132 64 50 17 0,46
PFG_MOEA,699,1,372.87,1829.64,0 199 47 86 84 3 149 136 12 1 109 94 153 77 147 24 75 45 152 20 57 28 42 100 173 98 138 141 79 167 32 146 14 71 80 128 44 27 185 131 29 34 58 195 7 38 176 186 104 157 156 89 81 135 125 189 112 52 159 0,
PFG_MOEA,699,2,372.87,1829.64,0 2 97 85 66 102 36 5 0,
PFG_MOEA,699,3,372.87,1829.64,0 180 9 49 95 182 48 191 110 140 165 187 18 39 54 72 70 164 150 200 21 96 197 43 194 174 76 116 106 92 126 133 91 74 154 103 188 171 181 192 40 63 117 101 68 15 123 175 122 139 198 16 0,40
PFG_MOEA,699,4,372.87,1829.64,0 60 78 193 13 64 50 17 132 4 8 55 62 177 65 130 161 170 143 145 82 33 178 160 83 99 59 108 166 73 26 114 179 113 37 121 148 129 93 25 19 134 107 51 46 0,
PFG_MOEA,699,5,372.87,1829.64,0 163 56 111 151 11 137 88 22 142 119 41 183 53 87 69 127 90 172 158 168 190 35 118 120 31 162 10 23 155 67 61 124 169 0,
PFG_MOEA,699,6,372.87,1829.64,0 144 115 30 184 105 6 196 0,105
PFG_MOEA,700,1,343.52,1869.54,0 184 144 115 120 118 35 190 168 158 172 90 127 69 87 53 183 41 119 30 31 162 142 22 10 23 155 67 61 88 137 11 151 0,
PFG_MOEA,700,2,343.52,1869.54,0 189 81 89 156 157 104 186 176 38 7 195 58 34 29 131 185 27 44 128 80 71 14 146 32 167 42 100 112 0,
PFG_MOEA,700,3,343.52,1869.54,0 94 109 1 12 136 149 3 84 86 47 153 77 147 75 24 45 199 196 6 52 105 152 20 57 28 141 79 138 98 173 125 135 66 85 97 2 159 102 49 9 180 0,173
PFG_MOEA,700,4,343.52,1869.54,0 36 5 0,
PFG_MOEA,700,5,343.52,1869.54,0 17 50 16 139 198 191 117 63 192 181 171 188 103 154 40 74 91 133 194 174 126 92 106 116 76 43 197 96 72 54 70 164 21 200 150 39 18 187 165 48 182 95 0,21 188 198
PFG_MOEA,700,6,343.52,1869.54,0 140 110 101 68 15 123 175 122 46 51 107 134 19 8 55 62 177 65 130 161 170 143 145 82 33 178 160 83 99 59 108 166 73 26 114 179 113 37 121 148 129 93 25 124 169 4 111 56 13 132 163 193 78 64 60 0,46 56 68 179
PFG_MOEA,701,1,336.24,1871.66,0 199 47 86 84 3 149 136 12 1 109 94 153 77 147 24 45 75 0,
PFG_MOEA,701,2,336.24,1871.66,0 95 5 36 102 97 112 85 66 125 135 81 89 156 157 104 186 176 38 7 195 58 34 29 131 185 27 44 128 80 71 14 146 32 167 79 141 138 98 173 100 42 28 57 20 152 189 52 2 159 180 49 9 0,89 185
PFG_MOEA,701,3,336.24,1871.66,0 182 48 191 110 140 165 187 18 39 54 72 70 164 150 200 21 96 197 43 194 174 76 116 106 92 126 133 91 74 154 103 188 171 181 192 40 63 117 101 68 15 123 175 122 139 0,68 91 139
PFG_MOEA,701,4,336.24,1871.66,0 16 198 46 51 107 134 19 25 93 129 148 121 37 113 179 114 26 73 166 108 59 99 83 160 178 33 82 145 143 170 161 130 65 177 62 55 8 4 111 132 163 56 13 193 78 60 64 50 17 151 0,
PFG_MOEA,701,5,336.24,1871.66,0 11 88 137 0,
PFG_MOEA,701,6,336.24,1871.66,0 169 124 61 67 155 23 10 162 22 142 119 41 183 53 87 69 127 90 172 158 168 190 35 118 120 30 31 115 144 184 105 6 196 0,155
PFG_MOEA,702,1,787.39,1705.64,0 196 153 0,
PFG_MOEA,702,2,787.39,1705.64,0 147 24 75 45 152 180 9 49 0,
PFG_MOEA,702,3,787.39,1705.64,0 5 36 102 0,
PFG_MOEA,702,4,787.39,1705.64,0 77 47 86 84 3 149 136 12 184 115 57 20 98 138 141 79 167 32 146 14 71 80 128 44 27 185 131 29 34 58 7 195 38 176 186 104 157 156 89 81 42 100 28 173 125 135 189 105 66 85 112 97 52 2 159 95 182 48 191 110 140 165 187 18 39 70 72 54 164 150 200 21 96 197 43 194 174 76 116 106 92 126 133 91 74 154 103 188 171 181 192 40 63 117 101 68 15 123 175 122 139 198 16 46 51 107 134 19 25 93 129 148 121 37 113 179 114 26 73 166 108 59 99 83 160 178 33 82 145 143 170 161 130 65 177 62 55 8 0,
PFG_MOEA,702,5,787.39,1705.64,0 163 132 4 111 56 13 193 78 60 0,
PFG_MOEA,702,6,787.39,1705.64,0 64 50 17 151 11 137 124 169 88 61 67 155 23 10 162 22 142 119 41 183 53 87 69 127 90 172 158 168 190 35 118 120 30 31 144 1 109 94 199 6 0,10 41 155
PFG_MOEA,703,1,313.2,1915.8,0 60 78 64 50 17 151 11 137 124 0,124
PFG_MOEA,703,2,313.2,1915.8,0 169 88 61 67 155 23 10 162 22 142 119 41 183 53 87 69 127 90 172 158 168 190 35 118 120 30 31 104 186 176 38 7 157 156 144 0,
PFG_MOEA,703,3,313.2,1915.8,0 189 81 100 42 167 32 146 14 71 80 128 44 27 185 131 29 34 58 195 112 0,29
PFG_MOEA,703,4,313.2,1915.8,0 196 6 199 75 45 24 147 77 153 94 109 1 115 184 12 136 149 3 84 86 47 57 20 98 138 141 79 89 28 173 125 135 66 85 97 52 105 152 2 159 102 36 5 49 9 180 0,5
PFG_MOEA,703,5,313.2,1915.8,0 139 122 175 123 15 68 101 117 63 40 192 181 171 188 103 154 74 91 133 126 92 106 116 76 174 194 43 197 96 21 200 150 164 54 72 70 39 18 187 165 140 110 191 48 182 95 198 0,63 91 188
PFG_MOEA,703,6,313.2,1915.8,0 16 46 51 107 134 19 25 93 129 148 121 37 113 179 114 26 73 166 108 59 99 83 160 178 33 82 145 143 170 161 130 65 177 62 55 8 4 111 132 163 56 13 193 0,46 145
PFG_MOEA,704,1,520.32,1777.06,0 50 17 151 11 137 124 169 88 61 67 155 23 10 162 22 142 119 41 183 53 87 69 127 90 172 158 168 190 35 118 120 31 30 115 144 184 0,137
PFG_MOEA,704,2,520.32,1777.06,0 196 6 105 52 112 189 89 156 157 104 186 176 38 7 195 58 34 29 131 185 27 44 128 80 71 14 146 32 167 42 100 81 57 20 152 45 75 24 147 77 0,
PFG_MOEA,704,3,520.32,1777.06,0 199 47 86 84 3 149 136 12 1 109 94 153 135 180 0,1
PFG_MOEA,704,4,520.32,1777.06,0 9 49 159 2 97 85 98 138 79 141 28 173 125 66 102 36 5 95 182 48 0,
PFG_MOEA,704,5,520.32,1777.06,0 16 198 191 110 140 165 187 18 39 70 72 54 164 150 200 21 96 197 43 194 174 76 116 106 92 126 133 91 74 154 103 188 171 181 192 40 63 117 101 68 15 123 175 122 139 46 51 107 134 19 25 93 129 148 121 37 113 179 114 26 73 166 108 59 99 83 160 178 33 82 145 143 170 161 130 65 177 62 55 8 4 111 132 163 56 13 193 78 0,106 111
PFG_MOEA,704,6,520.32,1777.06,0 60 64 0,
PFG_MOEA,705,1,546.46,1762.35,0 50 17 151 11 137 0,
PFG_MOEA,705,2,546.46,1762.35,0 169 124 88 67 61 0,
PFG_MOEA,705,3,546.46,1762.35,0 159 2 52 97 112 85 105 189 100 81 57 20 152 45 75 24 147 77 153 94 1 47 86 84 3 149 136 12 184 144 115 30 31 120 118 35 190 168 158 172 90 127 69 87 53 183 41 119 142 22 162 10 23 155 109 199 6 196 0,1
PFG_MOEA,705,4,546.46,1762.35,0 9 49 5 36 180 135 125 173 28 42 89 156 157 104 186 176 38 195 7 58 34 29 131 185 27 44 128 80 71 14 146 32 167 79 141 138 98 66 102 95 182 48 191 110 140 165 187 18 39 70 72 54 164 150 200 21 96 197 43 194 174 76 116 106 92 126 133 91 74 154 103 188 171 181 192 40 63 117 101 68 15 123 175 122 139 198 16 46 51 107 134 19 0,91
PFG_MOEA,705,5,546.46,1762.35,0 163 132 111 4 8 55 62 177 65 130 161 170 143 145 82 33 178 160 83 99 59 108 166 73 26 114 179 113 37 121 148 129 93 25 56 13 193 78 0,
PFG_MOEA,705,6,546.46,1762.35,0 60 64 0,
PFG_MOEA,706,1,403.49,1779.21,0 196 6 77 0,
PFG_MOEA,706,2,403.49,1779.21,0 199 94 109 1 144 61 124 169 151 11 137 88 67 155 23 10 162 22 142 119 41 183 53 87 69 127 90 172 158 168 190 35 118 120 31 30 115 184 12 136 149 3 84 86 47 153 147 24 75 45 152 105 189 112 52 2 159 102 36 5 49 9 180 0,
PFG_MOEA,706,3,403.49,1779.21,0 97 0,
PFG_MOEA,706,4,403.49,1779.21,0 20 57 81 89 156 157 104 186 176 38 195 7 58 34 29 131 185 27 44 128 80 71 14 146 32 167 42 100 79 141 138 98 28 173 66 85 125 135 0,89 131
PFG_MOEA,706,5,403.49,1779.21,0 16 139 198 95 182 191 48 165 187 18 39 54 72 70 164 150 200 21 96 197 43 194 174 76 116 106 92 126 133 91 74 154 103 188 171 181 192 40 63 117 140 110 101 68 15 123 175 122 46 51 107 134 19 8 55 0,21 198
PFG_MOEA,706,6,403.49,1779.21,0 60 78 193 163 13 62 177 65 130 161 170 143 145 82 33 178 160 83 99 59 108 166 73 26 114 179 113 37 121 148 129 93 25 4 111 56 132 64 50 17 0,56
PFG_MOEA,707,1,547.48,1749.89,0 151 0,
PFG_MOEA,707,2,547.48,1749.89,0 50 17 169 124 137 11 88 61 67 155 23 10 162 22 142 119 41 183 53 87 69 127 90 172 158 168 190 35 118 120 31 30 115 144 184 12 136 149 0,50 87 155
PFG_MOEA,707,3,547.48,1749.89,0 196 6 105 52 112 189 100 81 57 20 152 45 75 24 147 77 153 94 109 1 3 84 86 47 199 0,1
PFG_MOEA,707,4,547.48,1749.89,0 159 2 97 85 66 98 138 141 79 167 32 146 14 71 80 128 44 27 185 131 29 34 58 195 7 38 176 186 104 157 156 89 42 28 173 125 135 102 36 0,89
PFG_MOEA,707,5,547.48,1749.89,0 60 78 193 13 163 64 132 56 111 4 25 93 129 148 121 37 113 179 114 26 73 166 108 59 99 83 160 178 33 82 145 143 170 161 130 65 177 62 55 8 19 134 123 175 122 16 139 198 15 68 101 117 63 40 192 181 171 188 103 154 74 91 133 126 92 106 116 76 174 194 43 197 96 21 200 150 164 70 72 54 39 18 187 165 140 110 191 48 182 95 5 49 9 180 0,5 63 68
PFG_MOEA,707,6,547.48,1749.89,0 51 107 46 0,
PFG_MOEA,708,1,321.43,1884.2,0 196 6 199 77 94 109 1 184 115 30 31 120 118 35 190 168 158 172 90 127 69 87 53 183 41 119 142 22 162 10 23 155 67 88 137 11 151 169 124 61 144 0,
PFG_MOEA,708,2,321.43,1884.2,0 12 136 149 3 84 86 47 153 147 24 75 45 152 105 189 112 97 52 2 159 102 36 5 49 9 180 0,97
PFG_MOEA,708,3,321.43,1884.2,0 20 57 81 0,
PFG_MOEA,708,4,321.43,1884.2,0 135 125 89 156 157 104 186 176 38 195 7 58 34 29 131 185 27 44 128 80 71 14 146 32 167 42 100 79 141 138 98 28 173 66 85 72 54 39 18 187 165 48 191 182 95 198 139 16 0,89 185
PFG_MOEA,708,5,321.43,1884.2,0 70 164 150 200 21 96 197 43 194 174 76 116 106 92 126 133 91 74 154 103 188 171 181 192 40 63 117 140 110 101 68 15 123 175 122 46 51 107 134 19 0,21
PFG_MOEA,708,6,321.43,1884.2,0 60 50 64 78 193 163 13 8 55 62 177 65 130 161 170 143 145 82 33 178 160 83 99 59 108 166 73 26 114 179 113 37 121 148 129 93 25 4 111 56 132 17 0,
PFG_MOEA,709,1,363.45,1848.54,0 56 111 151 11 137 124 169 88 61 67 155 23 10 162 22 142 119 41 183 53 87 69 127 90 172 158 168 190 35 118 120 31 30 115 144 184 0,137
PFG_MOEA,709,2,363.45,1848.54,0 196 6 105 52 112 189 89 156 157 104 186 176 38 7 195 58 34 29 131 185 27 44 128 80 71 14 146 32 167 42 100 81 57 20 152 45 75 24 147 77 153 94 109 1 12 136 149 3 84 86 47 199 0,185
PFG_MOEA,709,3,363.45,1848.54,0 135 173 28 141 79 138 98 125 0,
PFG_MOEA,709,4,363.45,1848.54,0 159 2 97 85 66 102 36 5 49 0,
PFG_MOEA,709,5,363.45,1848.54,0 180 9 95 182 48 191 110 140 165 187 18 39 54 72 70 164 150 200 21 96 197 43 194 174 76 116 106 92 126 133 91 74 154 103 188 171 181 192 40 63 117 101 68 15 123 175 122 139 198 16 25 4 13 163 193 78 60 0,40 188
PFG_MOEA,709,6,363.45,1848.54,0 46 51 107 134 19 8 55 62 177 65 130 161 170 143 145 82 33 178 160 83 99 59 108 166 73 26 114 179 113 37 121 148 129 93 132 64 50 17 0,46
PFG_MOEA,710,1,261.55,2016.67,0 56 111 169 124 88 155 10 162 31 30 120 118 35 190 168 158 172 90 127 69 87 53 183 41 119 142 22 23 67 61 137 11 151 0,56 124
PFG_MOEA,710,2,261.55,2016.67,0 144 115 184 89 156 157 104 186 176 38 7 195 58 34 29 131 185 27 44 128 80 71 14 146 32 167 42 100 81 189 112 52 105 6 196 0,185
PFG_MOEA,710,3,261.55,2016.67,0 199 94 109 1 12 136 149 3 84 86 47 153 77 147 75 24 45 152 20 57 28 141 79 138 98 173 125 135 66 85 97 2 159 102 0,199
PFG_MOEA,710,4,261.55,2016.67,0 180 9 49 36 5 70 72 54 164 21 96 197 43 76 116 106 92 126 174 194 200 150 39 18 187 165 140 110 191 48 182 95 0,
PFG_MOEA,710,5,261.55,2016.67,0 16 139 198 117 63 181 171 192 40 74 91 133 154 103 188 101 68 15 123 175 25 129 148 93 4 13 163 193 78 60 0,63 188
PFG_MOEA,710,6,261.55,2016.67,0 46 122 51 107 134 19 8 55 62 177 65 130 161 170 143 145 82 33 178 160 83 99 59 108 166 73 26 114 179 113 37 121 132 64 50 17 0,46
PFG_MOEA,711,1,372.87,1829.64,0 199 47 86 84 3 149 136 12 1 109 94 153 77 147 24 75 45 152 20 57 28 42 100 173 98 138 141 79 167 32 146 14 71 80 128 44 27 185 131 29 34 58 195 7 38 176 186 104 157 156 89 81 135 125 189 112 52 159 0,
PFG_MOEA,711,2,372.87,1829.64,0 2 97 85 66 102 36 5 0,
PFG_MOEA,711,3,372.87,1829.64,0 180 9 49 95 182 48 191 110 140 165 187 18 39 54 72 70 164 150 200 21 96 197 43 194 174 76 116 106 92 126 133 91 74 154 103 188 171 181 192 40 63 117 101 68 15 123 175 122 139 198 16 0,40
PFG_MOEA,711,4,372.87,1829.64,0 60 78 193 13 64 50 17 132 4 8 55 62 177 65 130 161 170 143 145 82 33 178 160 83 99 59 108 166 73 26 114 179 113 37 121 148 129 93 25 19 134 107 51 46 0,
PFG_MOEA,711,5,372.87,1829.64,0 163 56 111 151 11 137 88 22 142 119 41 183 53 87 69 127 90 172 158 168 190 35 118 120 31 162 10 23 155 67 61 124 169 0,
PFG_MOEA,711,6,372.87,1829.64,0 144 115 30 184 105 6 196 0,105
PFG_MOEA,712,1,343.52,1869.54,0 184 144 115 120 118 35 190 168 158 172 90 127 69 87 53 183 41 119 30 31 162 142 22 10 23 155 67 61 88 137 11 151 0,
PFG_MOEA,712,2,343.52,1869.54,0 189 81 89 156 157 104 186 176 38 7 195 58 34 29 131 185 27 44 128 80 71 14 146 32 167 42 100 112 0,
PFG_MOEA,712,3,343.52,1869.54,0 94 109 1 12 136 149 3 84 86 47 153 77 147 75 24 45 199 196 6 52 105 152 20 57 28 141 79 138 98 173 125 135 66 85 97 2 159 102 49 9 180 0,173
PFG_MOEA,712,4,343.52,1869.54,0 36 5 0,
PFG_MOEA,712,5,343.52,1869.54,0 17 50 16 139 198 191 117 63 192 181 171 188 103 154 40 74 91 133 194 174 126 92 106 116 76 43 197 96 72 54 70 164 21 200 150 39 18 187 165 48 182 95 0,21 188 198
PFG_MOEA,712,6,343.52,1869.54,0 140 110 101 68 15 123 175 122 46 51 107 134 19 8 55 62 177 65 130 161 170 143 145 82 33 178 160 83 99 59 108 166 73 26 114 179 113 37 121 148 129 93 25 124 169 4 111 56 13 132 163 193 78 64 60 0,46 56 68 179
PFG_MOEA,713,1,336.24,1871.66,0 199 47 86 84 3 149 136 12 1 109 94 153 77 147 24 45 75 0,
PFG_MOEA,713,2,336.24,1871.66,0 95 5 36 102 97 112 85 66 125 135 81 89 156 157 104 186 176 38 7 195 58 34 29 131 185 27 44 128 80 71 14 146 32 167 79 141 138 98 173 100 42 28 57 20 152 189 52 2 159 180 49 9 0,89 185
PFG_MOEA,713,3,336.24,1871.66,0 182 48 191 110 140 165 187 18 39 54 72 70 164 150 200 21 96 197 43 194 174 76 116 106 92 126 133 91 74 154 103 188 171 181 192 40 63 117 101 68 15 123 175 122 139 0,68 91 139
PFG_MOEA,713,4,336.24,1871.66,0 16 198 46 51 107 134 19 25 93 129 148 121 37 113 179 114 26 73 166 108 59 99 83 160 178 33 82 145 143 170 161 130 65 177 62 55 8 4 111 132 163 56 13 193 78 60 64 50 17 151 0,
PFG_MOEA,713,5,336.24,1871.66,0 11 88 137 0,
PFG_MOEA,713,6,336.24,1871.66,0 169 124 61 67 155 23 10 162 22 142 119 41 183 53 87 69 127 90 172 158 168 190 35 118 120 30 31 115 144 184 105 6 196 0,155
PFG_MOEA,714,1,787.39,1705.64,0 196 153 0,
PFG_MOEA,714,2,787.39,1705.64,0 147 24 75 45 152 180 9 49 0,
PFG_MOEA,714,3,787.39,1705.64,0 5 36 102 0,
PFG_MOEA,714,4,787.39,1705.64,0 77 47 86 84 3 149 136 12 184 115 57 20 98 138 141 79 167 32 146 14 71 80 128 44 27 185 131 29 34 58 7 195 38 176 186 104 157 156 89 81 42 100 28 173 125 135 189 105 66 85 112 97 52 2 159 95 182 48 191 110 140 165 187 18 39 70 72 54 164 150 200 21 96 197 43 194 174 76 116 106 92 126 133 91 74 154 103 188 171 181 192 40 63 117 101 68 15 123 175 122 139 198 16 46 51 107 134 19 25 93 129 148 121 37 113 179 114 26 73 166 108 59 99 83 160 178 33 82 145 143 170 161 130 65 177 62 55 8 0,
PFG_MOEA,714,5,787.39,1705.64,0 163 132 4 111 56 13 193 78 60 0,
PFG_MOEA,714,6,787.39,1705.64,0 64 50 17 151 11 137 124 169 88 61 67 155 23 10 162 22 142 119 41 183 53 87 69 127 90 172 158 168 190 35 118 120 30 31 144 1 109 94 199 6 0,10 41 155
PFG_MOEA,715,1,313.2,1915.8,0 60 78 64 50 17 151 11 137 124 0,124
PFG_MOEA,715,2,313.2,1915.8,0 169 88 61 67 155 23 10 162 22 142 119 41 183 53 87 69 127 90 172 158 168 190 35 118 120 30 31 104 186 176 38 7 157 156 144 0,
PFG_MOEA,715,3,313.2,1915.8,0 189 81 100 42 167 32 146 14 71 80 128 44 27 185 131 29 34 58 195 112 0,29
PFG_MOEA,715,4,313.2,1915.8,0 196 6 199 75 45 24 147 77 153 94 109 1 115 184 12 136 149 3 84 86 47 57 20 98 138 141 79 89 28 173 125 135 66 85 97 52 105 152 2 159 102 36 5 49 9 180 0,5
PFG_MOEA,715,5,313.2,1915.8,0 139 122 175 123 15 68 101 117 63 40 192 181 171 188 103 154 74 91 133 126 92 106 116 76 174 194 43 197 96 21 200 150 164 54 72 70 39 18 187 165 140 110 191 48 182 95 198 0,63 91 188
PFG_MOEA,715,6,313.2,1915.8,0 16 46 51 107 134 19 25 93 129 148 121 37 113 179 114 26 73 166 108 59 99 83 160 178 33 82 145 143 170 161 130 65 177 62 55 8 4 111 132 163 56 13 193 0,46 145
PFG_MOEA,716,1,520.32,1777.06,0 50 17 151 11 137 124 169 88 61 67 155 23 10 162 22 142 119 41 183 53 87 69 127 90 172 158 168 190 35 118 120 31 30 115 144 184 0,137
PFG_MOEA,716,2,520.32,1777.06,0 196 6 105 52 112 189 89 156 157 104 186 176 38 7 195 58 34 29 131 185 27 44 128 80 71 14 146 32 167 42 100 81 57 20 152 45 75 24 147 77 0,
PFG_MOEA,716,3,520.32,1777.06,0 199 47 86 84 3 149 136 12 1 109 94 153 135 180 0,1
PFG_MOEA,716,4,520.32,1777.06,0 9 49 159 2 97 85 98 138 79 141 28 173 125 66 102 36 5 95 182 48 0,
PFG_MOEA,716,5,520.32,1777.06,0 16 198 191 110 140 165 187 18 39 70 72 54 164 150 200 21 96 197 43 194 174 76 116 106 92 126 133 91 74 154 103 188 171 181 192 40 63 117 101 68 15 123 175 122 139 46 51 107 134 19 25 93 129 148 121 37 113 179 114 26 73 166 108 59 99 83 160 178 33 82 145 143 170 161 130 65 177 62 55 8 4 111 132 163 56 13 193 78 0,106 111
PFG_MOEA,716,6,520.32,1777.06,0 60 64 0,
PFG_MOEA,717,1,546.46,1762.35,0 50 17 151 11 137 0,
PFG_MOEA,717,2,546.46,1762.35,0 169 124 88 67 61 0,
PFG_MOEA,717,3,546.46,1762.35,0 159 2 52 97 112 85 105 189 100 81 57 20 152 45 75 24 147 77 153 94 1 47 86 84 3 149 136 12 184 144 115 30 31 120 118 35 190 168 158 172 90 127 69 87 53 183 41 119 142 22 162 10 23 155 109 199 6 196 0,1
PFG_MOEA,717,4,546.46,1762.35,0 9 49 5 36 180 135 125 173 28 42 89 156 157 104 186 176 38 195 7 58 34 29 131 185 27 44 128 80 71 14 146 32 167 79 141 138 98 66 102 95 182 48 191 110 140 165 187 18 39 70 72 54 164 150 200 21 96 197 43 194 174 76 116 106 92 126 133 91 74 154 103 188 171 181 192 40 63 117 101 68 15 123 175 122 139 198 16 46 51 107 134 19 0,91
PFG_MOEA,717,5,546.46,1762.35,0 163 132 111 4 8 55 62 177 65 130 161 170 143 145 82 33 178 160 83 99 59 108 166 73 26 114 179 113 37 121 148 129 93 25 56 13 193 78 0,
PFG_MOEA,717,6,546.46,1762.35,0 60 64 0,
PFG_MOEA,718,1,403.49,1779.21,0 196 6 77 0,
PFG_MOEA,718,2,403.49,1779.21,0 199 94 109 1 144 61 124 169 151 11 137 88 67 155 23 10 162 22 142 119 41 183 53 87 69 127 90 172 158 168 190 35 118 120 31 30 115 184 12 136 149 3 84 86 47 153 147 24 75 45 152 105 189 112 52 2 159 102 36 5 49 9 180 0,
PFG_MOEA,718,3,403.49,1779.21,0 97 0,
PFG_MOEA,718,4,403.49,1779.21,0 20 57 81 89 156 157 104 186 176 38 195 7 58 34 29 131 185 27 44 128 80 71 14 146 32 167 42 100 79 141 138 98 28 173 66 85 125 135 0,89 131
PFG_MOEA,718,5,403.49,1779.21,0 16 139 198 95 182 191 48 165 187 18 39 54 72 70 164 150 200 21 96 197 43 194 174 76 116 106 92 126 133 91 74 154 103 188 171 181 192 40 63 117 140 110 101 68 15 123 175 122 46 51 107 134 19 8 55 0,21 198
PFG_MOEA,718,6,403.49,1779.21,0 60 78 193 163 13 62 177 65 130 161 170 143 145 82 33 178 160 83 99 59 108 166 73 26 114 179 113 37 121 148 129 93 25 4 111 56 132 64 50 17 0,56
PFG_MOEA,719,1,547.48,1749.89,0 151 0,
PFG_MOEA,719,2,547.48,1749.89,0 50 17 169 124 137 11 88 61 67 155 23 10 162 22 142 119 41 183 53 87 69 127 90 172 158 168 190 35 118 120 31 30 115 144 184 12 136 149 0,50 87 155
PFG_MOEA,719,3,547.48,1749.89,0 196 6 105 52 112 189 100 81 57 20 152 45 75 24 147 77 153 94 109 1 3 84 86 47 199 0,1
PFG_MOEA,719,4,547.48,1749.89,0 159 2 97 85 66 98 138 141 79 167 32 146 14 71 80 128 44 27 185 131 29 34 58 195 7 38 176 186 104 157 156 89 42 28 173 125 135 102 36 0,89
PFG_MOEA,719,5,547.48,1749.89,0 60 78 193 13 163 64 132 56 111 4 25 93 129 148 121 37 113 179 114 26 73 166 108 59 99 83 160 178 33 82 145 143 170 161 130 65 177 62 55 8 19 134 123 175 122 16 139 198 15 68 101 117 63 40 192 181 171 188 103 154 74 91 133 126 92 106 116 76 174 194 43 197 96 21 200 150 164 70 72 54 39 18 187 165 140 110 191 48 182 95 5 49 9 180 0,5 63 68
PFG_MOEA,719,6,547.48,1749.89,0 51 107 46 0,
PFG_MOEA,720,1,321.43,1884.2,0 196 6 199 77 94 109 1 184 115 30 31 120 118 35 190 168 158 172 90 127 69 87 53 183 41 119 142 22 162 10 23 155 67 88 137 11 151 169 124 61 144 0,
PFG_MOEA,720,2,321.43,1884.2,0 12 136 149 3 84 86 47 153 147 24 75 45 152 105 189 112 97 52 2 159 102 36 5 49 9 180 0,97
PFG_MOEA,720,3,321.43,1884.2,0 20 57 81 0,
PFG_MOEA,720,4,321.43,1884.2,0 135 125 89 156 157 104 186 176 38 195 7 58 34 29 131 185 27 44 128 80 71 14 146 32 167 42 100 79 141 138 98 28 173 66 85 72 54 39 18 187 165 48 191 182 95 198 139 16 0,89 185
PFG_MOEA,720,5,321.43,1884.2,0 70 164 150 200 21 96 197 43 194 174 76 116 106 92 126 133 91 74 154 103 188 171 181 192 40 63 117 140 110 101 68 15 123 175 122 46 51 107 134 19 0,21
PFG_MOEA,720,6,321.43,1884.2,0 60 50 64 78 193 163 13 8 55 62 177 65 130 161 170 143 145 82 33 178 160 83 99 59 108 166 73 26 114 179 113 37 121 148 129 93 25 4 111 56 132 17 0,
PFG_MOEA,721,1,363.45,1848.54,0 56 111 151 11 137 124 169 88 61 67 155 23 10 162 22 142 119 41 183 53 87 69 127 90 172 158 168 190 35 118 120 31 30 115 144 184 0,137
PFG_MOEA,721,2,363.45,1848.54,0 196 6 105 52 112 189 89 156 157 104 186 176 38 7 195 58 34 29 131 185 27 44 128 80 71 14 146 32 167 42 100 81 57 20 152 45 75 24 147 77 153 94 109 1 12 136 149 3 84 86 47 199 0,185
PFG_MOEA,721,3,363.45,1848.54,0 135 173 28 141 79 138 98 125 0,
PFG_MOEA,721,4,363.45,1848.54,0 159 2 97 85 66 102 36 5 49 0,
PFG_MOEA,721,5,363.45,1848.54,0 180 9 95 182 48 191 110 140 165 187 18 39 54 72 70 164 150 200 21 96 197 43 194 174 76 116 106 92 126 133 91 74 154 103 188 171 181 192 40 63 117 101 68 15 123 175 122 139 198 16 25 4 13 163 193 78 60 0,40 188
PFG_MOEA,721,6,363.45,1848.54,0 46 51 107 134 19 8 55 62 177 65 130 161 170 143 145 82 33 178 160 83 99 59 108 166 73 26 114 179 113 37 121 148 129 93 132 64 50 17 0,46
PFG_MOEA,722,1,261.55,2016.67,0 56 111 169 124 88 155 10 162 31 30 120 118 35 190 168 158 172 90 127 69 87 53 183 41 119 142 22 23 67 61 137 11 151 0,56 124
PFG_MOEA,722,2,261.55,2016.67,0 144 115 184 89 156 157 104 186 176 38 7 195 58 34 29 131 185 27 44 128 80 71 14 146 32 167 42 100 81 189 112 52 105 6 196 0,185
PFG_MOEA,722,3,261.55,2016.67,0 199 94 109 1 12 136 149 3 84 86 47 153 77 147 75 24 45 152 20 57 28 141 79 138 98 173 125 135 66 85 97 2 159 102 0,199
PFG_MOEA,722,4,261.55,2016.67,0 180 9 49 36 5 70 72 54 164 21 96 197 43 76 116 106 92 126 174 194 200 150 39 18 187 165 140 110 191 48 182 95 0,
PFG_MOEA,722,5,261.55,2016.67,0 16 139 198 117 63 181 171 192 40 74 91 133 154 103 188 101 68 15 123 175 25 129 148 93 4 13 163 193 78 60 0,63 188
PFG_MOEA,722,6,261.55,2016.67,0 46 122 51 107 134 19 8 55 62 177 65 130 161 170 143 145 82 33 178 160 83 99 59 108 166 73 26 114 179 113 37 121 132 64 50 17 0,46
PFG_MOEA,723,1,372.87,1829.64,0 199 47 86 84 3 149 136 12 1 109 94 153 77 147 24 75 45 152 20 57 28 42 100 173 98 138 141 79 167 32 146 14 71 80 128 44 27 185 131 29 34 58 195 7 38 176 186 104 157 156 89 81 135 125 189 112 52 159 0,
PFG_MOEA,723,2,372.87,1829.64,0 2 97 85 66 102 36 5 0,
PFG_MOEA,723,3,372.87,1829.64,0 180 9 49 95 182 48 191 110 140 165 187 18 39 54 72 70 164 150 200 21 96 197 43 194 174 76 116 106 92 126 133 91 74 154 103 188 171 181 192 40 63 117 101 68 15 123 175 122 139 198 16 0,40
PFG_MOEA,723,4,372.87,1829.64,0 60 78 193 13 64 50 17 132 4 8 55 62 177 65 130 161 170 143 145 82 33 178 160 83 99 59 108 166 73 26 114 179 113 37 121 148 129 93 25 19 134 107 51 46 0,
PFG_MOEA,723,5,372.87,1829.64,0 163 56 111 151 11 137 88 22 142 119 41 183 53 87 69 127 90 172 158 168 190 35 118 120 31 162 10 23 155 67 61 124 169 0,
PFG_MOEA,723,6,372.87,1829.64,0 144 115 30 184 105 6 196 0,105
PFG_MOEA,724,1,343.52,1869.54,0 184 144 115 120 118 35 190 168 158 172 90 127 69 87 53 183 41 119 30 31 162 142 22 10 23 155 67 61 88 137 11 151 0,
PFG_MOEA,724,2,343.52,1869.54,0 189 81 89 156 157 104 186 176 38 7 195 58 34 29 131 185 27 44 128 80 71 14 146 32 167 42 100 112 0,
PFG_MOEA,724,3,343.52,1869.54,0 94 109 1 12 136 149 3 84 86 47 153 77 147 75 24 45 199 196 6 52 105 152 20 57 28 141 79 138 98 173 125 135 66 85 97 2 159 102 49 9 180 0,173
PFG_MOEA,724,4,343.52,1869.54,0 36 5 0,
PFG_MOEA,724,5,343.52,1869.54,0 17 50 16 139 198 191 117 63 192 181 171 188 103 154 40 74 91 133 194 174 126 92 106 116 76 43 197 96 72 54 70 164 21 200 150 39 18 187 165 48 182 95 0,21 188 198
PFG_MOEA,724,6,343.52,1869.54,0 140 110 101 68 15 123 175 122 46 51 107 134 19 8 55 62 177 65 130 161 170 143 145 82 33 178 160 83 99 59 108 166 73 26 114 179 113 37 121 148 129 93 25 124 169 4 111 56 13 132 163 193 78 64 60 0,46 56 68 179
PFG_MOEA,725,1,336.24,1871.66,0 199 47 86 84 3 149 136 12 1 109 94 153 77 147 24 45 75 0,
PFG_MOEA,725,2,336.24,1871.66,0 95 5 36 102 97 112 85 66 125 135 81 89 156 157 104 186 176 38 7 195 58 34 29 131 185 27 44 128 80 71 14 146 32 167 79 141 138 98 173 100 42 28 57 20 152 189 52 2 159 180 49 9 0,89 185
PFG_MOEA,725,3,336.24,1871.66,0 182 48 191 110 140 165 187 18 39 54 72 70 164 150 200 21 96 197 43 194 174 76 116 106 92 126 133 91 74 154 103 188 171 181 192 40 63 117 101 68 15 123 175 122 139 0,68 91 139
PFG_MOEA,725,4,336.24,1871.66,0 16 198 46 51 107 134 19 25 93 129 148 121 37 113 179 114 26 73 166 108 59 99 83 160 178 33 82 145 143 170 161 130 65 177 62 55 8 4 111 132 163 56 13 193 78 60 64 50 17 151 0,
PFG_MOEA,725,5,336.24,1871.66,0 11 88 137 0,
PFG_MOEA,725,6,336.24,1871.66,0 169 124 61 67 155 23 10 162 22 142 119 41 183 53 87 69 127 90 172 158 168 190 35 118 120 30 31 115 144 184 105 6 196 0,155
PFG_MOEA,726,1,787.39,1705.64,0 196 153 0,
PFG_MOEA,726,2,787.39,1705.64,0 147 24 75 45 152 180 9 49 0,
PFG_MOEA,726,3,787.39,1705.64,0 5 36 102 0,
PFG_MOEA,726,4,787.39,1705.64,0 77 47 86 84 3 149 136 12 184 115 57 20 98 138 141 79 167 32 146 14 71 80 128 44 27 185 131 29 34 58 7 195 38 176 186 104 157 156 89 81 42 100 28 173 125 135 189 105 66 85 112 97 52 2 159 95 182 48 191 110 140 165 187 18 39 70 72 54 164 150 200 21 96 197 43 194 174 76 116 106 92 126 133 91 74 154 103 188 171 181 192 40 63 117 101 68 15 123 175 122 139 198 16 46 51 107 134 19 25 93 129 148 121 37 113 179 114 26 73 166 108 59 99 83 160 178 33 82 145 143 170 161 130 65 177 62 55 8 0,
PFG_MOEA,726,5,787.39,1705.64,0 163 132 4 111 56 13 193 78 60 0,
PFG_MOEA,726,6,787.39,1705.64,0 64 50 17 151 11 137 124 169 88 61 67 155 23 10 162 22 142 119 41 183 53 87 69 127 90 172 158 168 190 35 118 120 30 31 144 1 109 94 199 6 0,10 41 155
PFG_MOEA,727,1,313.2,1915.8,0 60 78 64 50 17 151 11 137 124 0,124
PFG_MOEA,727,2,313.2,1915.8,0 169 88 61 67 155 23 10 162 22 142 119 41 183 53 87 69 127 90 172 158 168 190 35 118 120 30 31 104 186 176 38 7 157 156 144 0,
PFG_MOEA,727,3,313.2,1915.8,0 189 81 100 42 167 32 146 14 71 80 128 44 27 185 131 29 34 58 195 112 0,29
PFG_MOEA,727,4,313.2,1915.8,0 196 6 199 75 45 24 147 77 153 94 109 1 115 184 12 136 149 3 84 86 47 57 20 98 138 141 79 89 28 173 125 135 66 85 97 52 105 152 2 159 102 36 5 49 9 180 0,5
PFG_MOEA,727,5,313.2,1915.8,0 139 122 175 123 15 68 101 117 63 40 192 181 171 188 103 154 74 91 133 126 92 106 116 76 174 194 43 197 96 21 200 150 164 54 72 70 39 18 187 165 140 110 191 48 182 95 198 0,63 91 188
PFG_MOEA,727,6,313.2,1915.8,0 16 46 51 107 134 19 25 93 129 148 121 37 113 179 114 26 73 166 108 59 99 83 160 178 33 82 145 143 170 161 130 65 177 62 55 8 4 111 132 163 56 13 193 0,46 145
PFG_MOEA,728,1,520.32,1777.06,0 50 17 151 11 137 124 169 88 61 67 155 23 10 162 22 142 119 41 183 53 87 69 127 90 172 158 168 190 35 118 120 31 30 115 144 184 0,137
PFG_MOEA,728,2,520.32,1777.06,0 196 6 105 52 112 189 89 156 157 104 186 176 38 7 195 58 34 29 131 185 27 44 128 80 71 14 146 32 167 42 100 81 57 20 152 45 75 24 147 77 0,
PFG_MOEA,728,3,520.32,1777.06,0 199 47 86 84 3 149 136 12 1 109 94 153 135 180 0,1
PFG_MOEA,728,4,520.32,1777.06,0 9 49 159 2 97 85 98 138 79 141 28 173 125 66 102 36 5 95 182 48 0,
PFG_MOEA,728,5,520.32,1777.06,0 16 198 191 110 140 165 187 18 39 70 72 54 164 150 200 21 96 197 43 194 174 76 116 106 92 126 133 91 74 154 103 188 171 181 192 40 63 117 101 68 15 123 175 122 139 46 51 107 134 19 25 93 129 148 121 37 113 179 114 26 73 166 108 59 99 83 160 178 33 82 145 143 170 161 130 65 177 62 55 8 4 111 132 163 56 13 193 78 0,106 111
PFG_MOEA,728,6,520.32,1777.06,0 60 64 0,
PFG_MOEA,729,1,546.46,1762.35,0 50 17 151 11 137 0,
PFG_MOEA,729,2,546.46,1762.35,0 169 124 88 67 61 0,
PFG_MOEA,729,3,546.46,1762.35,0 159 2 52 97 112 85 105 189 100 81 57 20 152 45 75 24 147 77 153 94 1 47 86 84 3 149 136 12 184 144 115 30 31 120 118 35 190 168 158 172 90 127 69 87 53 183 41 119 142 22 162 10 23 155 109 199 6 196 0,1
PFG_MOEA,729,4,546.46,1762.35,0 9 49 5 36 180 135 125 173 28 42 89 156 157 104 186 176 38 195 7 58 34 29 131 185 27 44 128 80 71 14 146 32 167 79 141 138 98 66 102 95 182 48 191 110 140 165 187 18 39 70 72 54 164 150 200 21 96 197 43 194 174 76 116 106 92 126 133 91 74 154 103 188 171 181 192 40 63 117 101 68 15 123 175 122 139 198 16 46 51 107 134 19 0,91
PFG_MOEA,729,5,546.46,1762.35,0 163 132 111 4 8 55 62 177 65 130 161 170 143 145 82 33 178 160 83 99 59 108 166 73 26 114 179 113 37 121 148 129 93 25 56 13 193 78 0,
PFG_MOEA,729,6,546.46,1762.35,0 60 64 0,
PFG_MOEA,730,1,403.49,1779.21,0 196 6 77 0,
PFG_MOEA,730,2,403.49,1779.21,0 199 94 109 1 144 61 124 169 151 11 137 88 67 155 23 10 162 22 142 119 41 183 53 87 69 127 90 172 158 168 190 35 118 120 31 30 115 184 12 136 149 3 84 86 47 153 147 24 75 45 152 105 189 112 52 2 159 102 36 5 49 9 180 0,
PFG_MOEA,730,3,403.49,1779.21,0 97 0,
PFG_MOEA,730,4,403.49,1779.21,0 20 57 81 89 156 157 104 186 176 38 195 7 58 34 29 131 185 27 44 128 80 71 14 146 32 167 42 100 79 141 138 98 28 173 66 85 125 135 0,89 131
PFG_MOEA,730,5,403.49,1779.21,0 16 139 198 95 182 191 48 165 187 18 39 54 72 70 164 150 200 21 96 197 43 194 174 76 116 106 92 126 133 91 74 154 103 188 171 181 192 40 63 117 140 110 101 68 15 123 175 122 46 51 107 134 19 8 55 0,21 198
PFG_MOEA,730,6,403.49,1779.21,0 60 78 193 163 13 62 177 65 130 161 170 143 145 82 33 178 160 83 99 59 108 166 73 26 114 179 113 37 121 148 129 93 25 4 111 56 132 64 50 17 0,56
PFG_MOEA,731,1,547.48,1749.89,0 151 0,
PFG_MOEA,731,2,547.48,1749.89,0 50 17 169 124 137 11 88 61 67 155 23 10 162 22 142 119 41 183 53 87 69 127 90 172 158 168 190 35 118 120 31 30 115 144 184 12 136 149 0,50 87 155
PFG_MOEA,731,3,547.48,1749.89,0 196 6 105 52 112 189 100 81 57 20 152 45 75 24 147 77 153 94 109 1 3 84 86 47 199 0,1
PFG_MOEA,731,4,547.48,1749.89,0 159 2 97 85 66 98 138 141 79 167 32 146 14 71 80 128 44 27 185 131 29 34 58 195 7 38 176 186 104 157 156 89 42 28 173 125 135 102 36 0,89
PFG_MOEA,731,5,547.48,1749.89,0 60 78 193 13 163 64 132 56 111 4 25 93 129 148 121 37 113 179 114 26 73 166 108 59 99 83 160 178 33 82 145 143 170 161 130 65 177 62 55 8 19 134 123 175 122 16 139 198 15 68 101 117 63 40 192 181 171 188 103 154 74 91 133 126 92 106 116 76 174 194 43 197 96 21 200 150 164 70 72 54 39 18 187 165 140 110 191 48 182 95 5 49 9 180 0,5 63 68
PFG_MOEA,731,6,547.48,1749.89,0 51 107 46 0,
PFG_MOEA,732,1,321.43,1884.2,0 196 6 199 77 94 109 1 184 115 30 31 120 118 35 190 168 158 172 90 127 69 87 53 183 41 119 142 22 162 10 23 155 67 88 137 11 151 169 124 61 144 0,
PFG_MOEA,732,2,321.43,1884.2,0 12 136 149 3 84 86 47 153 147 24 75 45 152 105 189 112 97 52 2 159 102 36 5 49 9 180 0,97
PFG_MOEA,732,3,321.43,1884.2,0 20 57 81 0,
PFG_MOEA,732,4,321.43,1884.2,0 135 125 89 156 157 104 186 176 38 195 7 58 34 29 131 185 27 44 128 80 71 14 146 32 167 42 100 79 141 138 98 28 173 66 85 72 54 39 18 187 165 48 191 182 95 198 139 16 0,89 185
PFG_MOEA,732,5,321.43,1884.2,0 70 164 150 200 21 96 197 43 194 174 76 116 106 92 126 133 91 74 154 103 188 171 181 192 40 63 117 140 110 101 68 15 123 175 122 46 51 107 134 19 0,21
PFG_MOEA,732,6,321.43,1884.2,0 60 50 64 78 193 163 13 8 55 62 177 65 130 161 170 143 145 82 33 178 160 83 99 59 108 166 73 26 114 179 113 37 121 148 129 93 25 4 111 56 132 17 0,
PFG_MOEA,733,1,363.45,1848.54,0 56 111 151 11 137 124 169 88 61 67 155 23 10 162 22 142 119 41 183 53 87 69 127 90 172 158 168 190 35 118 120 31 30 115 144 184 0,137
PFG_MOEA,733,2,363.45,1848.54,0 196 6 105 52 112 189 89 156 157 104 186 176 38 7 195 58 34 29 131 185 27 44 128 80 71 14 146 32 167 42 100 81 57 20 152 45 75 24 147 77 153 94 109 1 12 136 149 3 84 86 47 199 0,185
PFG_MOEA,733,3,363.45,1848.54,0 135 173 28 141 79 138 98 125 0,
PFG_MOEA,733,4,363.45,1848.54,0 159 2 97 85 66 102 36 5 49 0,
PFG_MOEA,733,5,363.45,1848.54,0 180 9 95 182 48 191 110 140 165 187 18 39 54 72 70 164 150 200 21 96 197 43 194 174 76 116 106 92 126 133 91 74 154 103 188 171 181 192 40 63 117 101 68 15 123 175 122 139 198 16 25 4 13 163 193 78 60 0,40 188
PFG_MOEA,733,6,363.45,1848.54,0 46 51 107 134 19 8 55 62 177 65 130 161 170 143 145 82 33 178 160 83 99 59 108 166 73 26 114 179 113 37 121 148 129 93 132 64 50 17 0,46
PFG_MOEA,734,1,261.55,2016.67,0 56 111 169 124 88 155 10 162 31 30 120 118 35 190 168 158 172 90 127 69 87 53 183 41 119 142 22 23 67 61 137 11 151 0,56 124
PFG_MOEA,734,2,261.55,2016.67,0 144 115 184 89 156 157 104 186 176 38 7 195 58 34 29 131 185 27 44 128 80 71 14 146 32 167 42 100 81 189 112 52 105 6 196 0,185
PFG_MOEA,734,3,261.55,2016.67,0 199 94 109 1 12 136 149 3 84 86 47 153 77 147 75 24 45 152 20 57 28 141 79 138 98 173 125 135 66 85 97 2 159 102 0,199
PFG_MOEA,734,4,261.55,2016.67,0 180 9 49 36 5 70 72 54 164 21 96 197 43 76 116 106 92 126 174 194 200 150 39 18 187 165 140 110 191 48 182 95 0,
PFG_MOEA,734,5,261.55,2016.67,0 16 139 198 117 63 181 171 192 40 74 91 133 154 103 188 101 68 15 123 175 25 129 148 93 4 13 163 193 78 60 0,63 188
PFG_MOEA,734,6,261.55,2016.67,0 46 122 51 107 134 19 8 55 62 177 65 130 161 170 143 145 82 33 178 160 83 99 59 108 166 73 26 114 179 113 37 121 132 64 50 17 0,46
PFG_MOEA,735,1,372.87,1829.64,0 199 47 86 84 3 149 136 12 1 109 94 153 77 147 24 75 45 152 20 57 28 42 100 173 98 138 141 79 167 32 146 14 71 80 128 44 27 185 131 29 34 58 195 7 38 176 186 104 157 156 89 81 135 125 189 112 52 159 0,
PFG_MOEA,735,2,372.87,1829.64,0 2 97 85 66 102 36 5 0,
PFG_MOEA,735,3,372.87,1829.64,0 180 9 49 95 182 48 191 110 140 165 187 18 39 54 72 70 164 150 200 21 96 197 43 194 174 76 116 106 92 126 133 91 74 154 103 188 171 181 192 40 63 117 101 68 15 123 175 122 139 198 16 0,40
PFG_MOEA,735,4,372.87,1829.64,0 60 78 193 13 64 50 17 132 4 8 55 62 177 65 130 161 170 143 145 82 33 178 160 83 99 59 108 166 73 26 114 179 113 37 121 148 129 93 25 19 134 107 51 46 0,
PFG_MOEA,735,5,372.87,1829.64,0 163 56 111 151 11 137 88 22 142 119 41 183 53 87 69 127 90 172 158 168 190 35 118 120 31 162 10 23 155 67 61 124 169 0,
PFG_MOEA,735,6,372.87,1829.64,0 144 115 30 184 105 6 196 0,105
PFG_MOEA,736,1,343.52,1869.54,0 184 144 115 120 118 35 190 168 158 172 90 127 69 87 53 183 41 119 30 31 162 142 22 10 23 155 67 61 88 137 11 151 0,
PFG_MOEA,736,2,343.52,1869.54,0 189 81 89 156 157 104 186 176 38 7 195 58 34 29 131 185 27 44 128 80 71 14 146 32 167 42 100 112 0,
PFG_MOEA,736,3,343.52,1869.54,0 94 109 1 12 136 149 3 84 86 47 153 77 147 75 24 45 199 196 6 52 105 152 20 57 28 141 79 138 98 173 125 135 66 85 97 2 159 102 49 9 180 0,173
PFG_MOEA,736,4,343.52,1869.54,0 36 5 0,
PFG_MOEA,736,5,343.52,1869.54,0 17 50 16 139 198 191 117 63 192 181 171 188 103 154 40 74 91 133 194 174 126 92 106 116 76 43 197 96 72 54 70 164 21 200 150 39 18 187 165 48 182 95 0,21 188 198
PFG_MOEA,736,6,343.52,1869.54,0 140 110 101 68 15 123 175 122 46 51 107 134 19 8 55 62 177 65 130 161 170 143 145 82 33 178 160 83 99 59 108 166 73 26 114 179 113 37 121 148 129 93 25 124 169 4 111 56 13 132 163 193 78 64 60 0,46 56 68 179
PFG_MOEA,737,1,336.24,1871.66,0 199 47 86 84 3 149 136 12 1 109 94 153 77 147 24 45 75 0,
PFG_MOEA,737,2,336.24,1871.66,0 95 5 36 102 97 112 85 66 125 135 81 89 156 157 104 186 176 38 7 195 58 34 29 131 185 27 44 128 80 71 14 146 32 167 79 141 138 98 173 100 42 28 57 20 152 189 52 2 159 180 49 9 0,89 185
PFG_MOEA,737,3,336.24,1871.66,0 182 48 191 110 140 165 187 18 39 54 72 70 164 150 200 21 96 197 43 194 174 76 116 106 92 126 133 91 74 154 103 188 171 181 192 40 63 117 101 68 15 123 175 122 139 0,68 91 139
PFG_MOEA,737,4,336.24,1871.66,0 16 198 46 51 107 134 19 25 93 129 148 121 37 113 179 114 26 73 166 108 59 99 83 160 178 33 82 145 143 170 161 130 65 177 62 55 8 4 111 132 163 56 13 193 78 60 64 50 17 151 0,
PFG_MOEA,737,5,336.24,1871.66,0 11 88 137 0,
PFG_MOEA,737,6,336.24,1871.66,0 169 124 61 67 155 23 10 162 22 142 119 41 183 53 87 69 127 90 172 158 168 190 35 118 120 30 31 115 144 184 105 6 196 0,155
PFG_MOEA,738,1,787.39,1705.64,0 196 153 0,
PFG_MOEA,738,2,787.39,1705.64,0 147 24 75 45 152 180 9 49 0,
PFG_MOEA,738,3,787.39,1705.64,0 5 36 102 0,
PFG_MOEA,738,4,787.39,1705.64,0 77 47 86 84 3 149 136 12 184 115 57 20 98 138 141 79 167 32 146 14 71 80 128 44 27 185 131 29 34 58 7 195 38 176 186 104 157 156 89 81 42 100 28 173 125 135 189 105 66 85 112 97 52 2 159 95 182 48 191 110 140 165 187 18 39 70 72 54 164 150 200 21 96 197 43 194 174 76 116 106 92 126 133 91 74 154 103 188 171 181 192 40 63 117 101 68 15 123 175 122 139 198 16 46 51 107 134 19 25 93 129 148 121 37 113 179 114 26 73 166 108 59 99 83 160 178 33 82 145 143 170 161 130 65 177 62 55 8 0,
PFG_MOEA,738,5,787.39,1705.64,0 163 132 4 111 56 13 193 78 60 0,
PFG_MOEA,738,6,787.39,1705.64,0 64 50 17 151 11 137 124 169 88 61 67 155 23 10 162 22 142 119 41 183 53 87 69 127 90 172 158 168 190 35 118 120 30 31 144 1 109 94 199 6 0,10 41 155
PFG_MOEA,739,1,313.2,1915.8,0 60 78 64 50 17 151 11 137 124 0,124
PFG_MOEA,739,2,313.2,1915.8,0 169 88 61 67 155 23 10 162 22 142 119 41 183 53 87 69 127 90 172 158 168 190 35 118 120 30 31 104 186 176 38 7 157 156 144 0,
PFG_MOEA,739,3,313.2,1915.8,0 189 81 100 42 167 32 146 14 71 80 128 44 27 185 131 29 34 58 195 112 0,29
PFG_MOEA,739,4,313.2,1915.8,0 196 6 199 75 45 24 147 77 153 94 109 1 115 184 12 136 149 3 84 86 47 57 20 98 138 141 79 89 28 173 125 135 66 85 97 52 105 152 2 159 102 36 5 49 9 180 0,5
PFG_MOEA,739,5,313.2,1915.8,0 139 122 175 123 15 68 101 117 63 40 192 181 171 188 103 154 74 91 133 126 92 106 116 76 174 194 43 197 96 21 200 150 164 54 72 70 39 18 187 165 140 110 191 48 182 95 198 0,63 91 188
PFG_MOEA,739,6,313.2,1915.8,0 16 46 51 107 134 19 25 93 129 148 121 37 113 179 114 26 73 166 108 59 99 83 160 178 33 82 145 143 170 161 130 65 177 62 55 8 4 111 132 163 56 13 193 0,46 145
PFG_MOEA,740,1,520.32,1777.06,0 50 17 151 11 137 124 169 88 61 67 155 23 10 162 22 142 119 41 183 53 87 69 127 90 172 158 168 190 35 118 120 31 30 115 144 184 0,137
PFG_MOEA,740,2,520.32,1777.06,0 196 6 105 52 112 189 89 156 157 104 186 176 38 7 195 58 34 29 131 185 27 44 128 80 71 14 146 32 167 42 100 81 57 20 152 45 75 24 147 77 0,
PFG_MOEA,740,3,520.32,1777.06,0 199 47 86 84 3 149 136 12 1 109 94 153 135 180 0,1
PFG_MOEA,740,4,520.32,1777.06,0 9 49 159 2 97 85 98 138 79 141 28 173 125 66 102 36 5 95 182 48 0,
PFG_MOEA,740,5,520.32,1777.06,0 16 198 191 110 140 165 187 18 39 70 72 54 164 150 200 21 96 197 43 194 174 76 116 106 92 126 133 91 74 154 103 188 171 181 192 40 63 117 101 68 15 123 175 122 139 46 51 107 134 19 25 93 129 148 121 37 113 179 114 26 73 166 108 59 99 83 160 178 33 82 145 143 170 161 130 65 177 62 55 8 4 111 132 163 56 13 193 78 0,106 111
PFG_MOEA,740,6,520.32,1777.06,0 60 64 0,
PFG_MOEA,741,1,546.46,1762.35,0 50 17 151 11 137 0,
PFG_MOEA,741,2,546.46,1762.35,0 169 124 88 67 61 0,
PFG_MOEA,741,3,546.46,1762.35,0 159 2 52 97 112 85 105 189 100 81 57 20 152 45 75 24 147 77 153 94 1 47 86 84 3 149 136 12 184 144 115 30 31 120 118 35 190 168 158 172 90 127 69 87 53 183 41 119 142 22 162 10 23 155 109 199 6 196 0,1
PFG_MOEA,741,4,546.46,1762.35,0 9 49 5 36 180 135 125 173 28 42 89 156 157 104 186 176 38 195 7 58 34 29 131 185 27 44 128 80 71 14 146 32 167 79 141 138 98 66 102 95 182 48 191 110 140 165 187 18 39 70 72 54 164 150 200 21 96 197 43 194 174 76 116 106 92 126 133 91 74 154 103 188 171 181 192 40 63 117 101 68 15 123 175 122 139 198 16 46 51 107 134 19 0,91
PFG_MOEA,741,5,546.46,1762.35,0 163 132 111 4 8 55 62 177 65 130 161 170 143 145 82 33 178 160 83 99 59 108 166 73 26 114 179 113 37 121 148 129 93 25 56 13 193 78 0,
PFG_MOEA,741,6,546.46,1762.35,0 60 64 0,
PFG_MOEA,742,1,403.49,1779.21,0 196 6 77 0,
PFG_MOEA,742,2,403.49,1779.21,0 199 94 109 1 144 61 124 169 151 11 137 88 67 155 23 10 162 22 142 119 41 183 53 87 69 127 90 172 158 168 190 35 118 120 31 30 115 184 12 136 149 3 84 86 47 153 147 24 75 45 152 105 189 112 52 2 159 102 36 5 49 9 180 0,
PFG_MOEA,742,3,403.49,1779.21,0 97 0,
PFG_MOEA,742,4,403.49,1779.21,0 20 57 81 89 156 157 104 186 176 38 195 7 58 34 29 131 185 27 44 128 80 71 14 146 32 167 42 100 79 141 138 98 28 173 66 85 125 135 0,89 131
PFG_MOEA,742,5,403.49,1779.21,0 16 139 198 95 182 191 48 165 187 18 39 54 72 70 164 150 200 21 96 197 43 194 174 76 116 106 92 126 133 91 74 154 103 188 171 181 192 40 63 117 140 110 101 68 15 123 175 122 46 51 107 134 19 8 55 0,21 198
PFG_MOEA,742,6,403.49,1779.21,0 60 78 193 163 13 62 177 65 130 161 170 143 145 82 33 178 160 83 99 59 108 166 73 26 114 179 113 37 121 148 129 93 25 4 111 56 132 64 50 17 0,56
PFG_MOEA,743,1,547.48,1749.89,0 151 0,
PFG_MOEA,743,2,547.48,1749.89,0 50 17 169 124 137 11 88 61 67 155 23 10 162 22 142 119 41 183 53 87 69 127 90 172 158 168 190 35 118 120 31 30 115 144 184 12 136 149 0,50 87 155
PFG_MOEA,743,3,547.48,1749.89,0 196 6 105 52 112 189 100 81 57 20 152 45 75 24 147 77 153 94 109 1 3 84 86 47 199 0,1
PFG_MOEA,743,4,547.48,1749.89,0 159 2 97 85 66 98 138 141 79 167 32 146 14 71 80 128 44 27 185 131 29 34 58 195 7 38 176 186 104 157 156 89 42 28 173 125 135 102 36 0,89
PFG_MOEA,743,5,547.48,1749.89,0 60 78 193 13 163 64 132 56 111 4 25 93 129 148 121 37 113 179 114 26 73 166 108 59 99 83 160 178 33 82 145 143 170 161 130 65 177 62 55 8 19 134 123 175 122 16 139 198 15 68 101 117 63 40 192 181 171 188 103 154 74 91 133 126 92 106 116 76 174 194 43 197 96 21 200 150 164 70 72 54 39 18 187 165 140 110 191 48 182 95 5 49 9 180 0,5 63 68
PFG_MOEA,743,6,547.48,1749.89,0 51 107 46 0,
PFG_MOEA,744,1,321.43,1884.2,0 196 6 199 77 94 109 1 184 115 30 31 120 118 35 190 168 158 172 90 127 69 87 53 183 41 119 142 22 162 10 23 155 67 88 137 11 151 169 124 61 144 0,
PFG_MOEA,744,2,321.43,1884.2,0 12 136 149 3 84 86 47 153 147 24 75 45 152 105 189 112 97 52 2 159 102 36 5 49 9 180 0,97
PFG_MOEA,744,3,321.43,1884.2,0 20 57 81 0,
PFG_MOEA,744,4,321.43,1884.2,0 135 125 89 156 157 104 186 176 38 195 7 58 34 29 131 185 27 44 128 80 71 14 146 32 167 42 100 79 141 138 98 28 173 66 85 72 54 39 18 187 165 48 191 182 95 198 139 16 0,89 185
PFG_MOEA,744,5,321.43,1884.2,0 70 164 150 200 21 96 197 43 194 174 76 116 106 92 126 133 91 74 154 103 188 171 181 192 40 63 117 140 110 101 68 15 123 175 122 46 51 107 134 19 0,21
PFG_MOEA,744,6,321.43,1884.2,0 60 50 64 78 193 163 13 8 55 62 177 65 130 161 170 143 145 82 33 178 160 83 99 59 108 166 73 26 114 179 113 37 121 148 129 93 25 4 111 56 132 17 0,
PFG_MOEA,745,1,363.45,1848.54,0 56 111 151 11 137 124 169 88 61 67 155 23 10 162 22 142 119 41 183 53 87 69 127 90 172 158 168 190 35 118 120 31 30 115 144 184 0,137
PFG_MOEA,745,2,363.45,1848.54,0 196 6 105 52 112 189 89 156 157 104 186 176 38 7 195 58 34 29 131 185 27 44 128 80 71 14 146 32 167 42 100 81 57 20 152 45 75 24 147 77 153 94 109 1 12 136 149 3 84 86 47 199 0,185
PFG_MOEA,745,3,363.45,1848.54,0 135 173 28 141 79 138 98 125 0,
PFG_MOEA,745,4,363.45,1848.54,0 159 2 97 85 66 102 36 5 49 0,
PFG_MOEA,745,5,363.45,1848.54,0 180 9 95 182 48 191 110 140 165 187 18 39 54 72 70 164 150 200 21 96 197 43 194 174 76 116 106 92 126 133 91 74 154 103 188 171 181 192 40 63 117 101 68 15 123 175 122 139 198 16 25 4 13 163 193 78 60 0,40 188
PFG_MOEA,745,6,363.45,1848.54,0 46 51 107 134 19 8 55 62 177 65 130 161 170 143 145 82 33 178 160 83 99 59 108 166 73 26 114 179 113 37 121 148 129 93 132 64 50 17 0,46
PFG_MOEA,746,1,261.55,2016.67,0 56 111 169 124 88 155 10 162 31 30 120 118 35 190 168 158 172 90 127 69 87 53 183 41 119 142 22 23 67 61 137 11 151 0,56 124
PFG_MOEA,746,2,261.55,2016.67,0 144 115 184 89 156 157 104 186 176 38 7 195 58 34 29 131 185 27 44 128 80 71 14 146 32 167 42 100 81 189 112 52 105 6 196 0,185
PFG_MOEA,746,3,261.55,2016.67,0 199 94 109 1 12 136 149 3 84 86 47 153 77 147 75 24 45 152 20 57 28 141 79 138 98 173 125 135 66 85 97 2 159 102 0,199
PFG_MOEA,746,4,261.55,2016.67,0 180 9 49 36 5 70 72 54 164 21 96 197 43 76 116 106 92 126 174 194 200 150 39 18 187 165 140 110 191 48 182 95 0,
PFG_MOEA,746,5,261.55,2016.67,0 16 139 198 117 63 181 171 192 40 74 91 133 154 103 188 101 68 15 123 175 25 129 148 93 4 13 163 193 78 60 0,63 188
PFG_MOEA,746,6,261.55,2016.67,0 46 122 51 107 134 19 8 55 62 177 65 130 161 170 143 145 82 33 178 160 83 99 59 108 166 73 26 114 179 113 37 121 132 64 50 17 0,46
PFG_MOEA,747,1,372.87,1829.64,0 199 47 86 84 3 149 136 12 1 109 94 153 77 147 24 75 45 152 20 57 28 42 100 173 98 138 141 79 167 32 146 14 71 80 128 44 27 185 131 29 34 58 195 7 38 176 186 104 157 156 89 81 135 125 189 112 52 159 0,
PFG_MOEA,747,2,372.87,1829.64,0 2 97 85 66 102 36 5 0,
PFG_MOEA,747,3,372.87,1829.64,0 180 9 49 95 182 48 191 110 140 165 187 18 39 54 72 70 164 150 200 21 96 197 43 194 174 76 116 106 92 126 133 91 74 154 103 188 171 181 192 40 63 117 101 68 15 123 175 122 139 198 16 0,40
PFG_MOEA,747,4,372.87,1829.64,0 60 78 193 13 64 50 17 132 4 8 55 62 177 65 130 161 170 143 145 82 33 178 160 83 99 59 108 166 73 26 114 179 113 37 121 148 129 93 25 19 134 107 51 46 0,
PFG_MOEA,747,5,372.87,1829.64,0 163 56 111 151 11 137 88 22 142 119 41 183 53 87 69 127 90 172 158 168 190 35 118 120 31 162 10 23 155 67 61 124 169 0,
PFG_MOEA,747,6,372.87,1829.64,0 144 115 30 184 105 6 196 0,105
PFG_MOEA,748,1,343.52,1869.54,0 184 144 115 120 118 35 190 168 158 172 90 127 69 87 53 183 41 119 30 31 162 142 22 10 23 155 67 61 88 137 11 151 0,
PFG_MOEA,748,2,343.52,1869.54,0 189 81 89 156 157 104 186 176 38 7 195 58 34 29 131 185 27 44 128 80 71 14 146 32 167 42 100 112 0,
PFG_MOEA,748,3,343.52,1869.54,0 94 109 1 12 136 149 3 84 86 47 153 77 147 75 24 45 199 196 6 52 105 152 20 57 28 141 79 138 98 173 125 135 66 85 97 2 159 102 49 9 180 0,173
PFG_MOEA,748,4,343.52,1869.54,0 36 5 0,
PFG_MOEA,748,5,343.52,1869.54,0 17 50 16 139 198 191 117 63 192 181 171 188 103 154 40 74 91 133 194 174 126 92 106 116 76 43 197 96 72 54 70 164 21 200 150 39 18 187 165 48 182 95 0,21 188 198
PFG_MOEA,748,6,343.52,1869.54,0 140 110 101 68 15 123 175 122 46 51 107 134 19 8 55 62 177 65 130 161 170 143 145 82 33 178 160 83 99 59 108 166 73 26 114 179 113 37 121 148 129 93 25 124 169 4 111 56 13 132 163 193 78 64 60 0,46 56 68 179
PFG_MOEA,749,1,336.24,1871.66,0 199 47 86 84 3 149 136 12 1 109 94 153 77 147 24 45 75 0,
PFG_MOEA,749,2,336.24,1871.66,0 95 5 36 102 97 112 85 66 125 135 81 89 156 157 104 186 176 38 7 195 58 34 29 131 185 27 44 128 80 71 14 146 32 167 79 141 138 98 173 100 42 28 57 20 152 189 52 2 159 180 49 9 0,89 185
PFG_MOEA,749,3,336.24,1871.66,0 182 48 191 110 140 165 187 18 39 54 72 70 164 150 200 21 96 197 43 194 174 76 116 106 92 126 133 91 74 154 103 188 171 181 192 40 63 117 101 68 15 123 175 122 139 0,68 91 139
PFG_MOEA,749,4,336.24,1871.66,0 16 198 46 51 107 134 19 25 93 129 148 121 37 113 179 114 26 73 166 108 59 99 83 160 178 33 82 145 143 170 161 130 65 177 62 55 8 4 111 132 163 56 13 193 78 60 64 50 17 151 0,
PFG_MOEA,749,5,336.24,1871.66,0 11 88 137 0,
PFG_MOEA,749,6,336.24,1871.66,0 169 124 61 67 155 23 10 162 22 142 119 41 183 53 87 69 127 90 172 158 168 190 35 118 120 30 31 115 144 184 105 6 196 0,155
PFG_MOEA,750,1,787.39,1705.64,0 196 153 0,
PFG_MOEA,750,2,787.39,1705.64,0 147 24 75 45 152 180 9 49 0,
PFG_MOEA,750,3,787.39,1705.64,0 5 36 102 0,
PFG_MOEA,750,4,787.39,1705.64,0 77 47 86 84 3 149 136 12 184 115 57 20 98 138 141 79 167 32 146 14 71 80 128 44 27 185 131 29 34 58 7 195 38 176 186 104 157 156 89 81 42 100 28 173 125 135 189 105 66 85 112 97 52 2 159 95 182 48 191 110 140 165 187 18 39 70 72 54 164 150 200 21 96 197 43 194 174 76 116 106 92 126 133 91 74 154 103 188 171 181 192 40 63 117 101 68 15 123 175 122 139 198 16 46 51 107 134 19 25 93 129 148 121 37 113 179 114 26 73 166 108 59 99 83 160 178 33 82 145 143 170 161 130 65 177 62 55 8 0,
PFG_MOEA,750,5,787.39,1705.64,0 163 132 4 111 56 13 193 78 60 0,
PFG_MOEA,750,6,787.39,1705.64,0 64 50 17 151 11 137 124 169 88 61 67 155 23 10 162 22 142 119 41 183 53 87 69 127 90 172 158 168 190 35 118 120 30 31 144 1 109 94 199 6 0,10 41 155
PFG_MOEA,751,1,313.2,1915.8,0 60 78 64 50 17 151 11 137 124 0,124
PFG_MOEA,751,2,313.2,1915.8,0 169 88 61 67 155 23 10 162 22 142 119 41 183 53 87 69 127 90 172 158 168 190 35 118 120 30 31 104 186 176 38 7 157 156 144 0,
PFG_MOEA,751,3,313.2,1915.8,0 189 81 100 42 167 32 146 14 71 80 128 44 27 185 131 29 34 58 195 112 0,29
PFG_MOEA,751,4,313.2,1915.8,0 196 6 199 75 45 24 147 77 153 94 109 1 115 184 12 136 149 3 84 86 47 57 20 98 138 141 79 89 28 173 125 135 66 85 97 52 105 152 2 159 102 36 5 49 9 180 0,5
PFG_MOEA,751,5,313.2,1915.8,0 139 122 175 123 15 68 101 117 63 40 192 181 171 188 103 154 74 91 133 126 92 106 116 76 174 194 43 197 96 21 200 150 164 54 72 70 39 18 187 165 140 110 191 48 182 95 198 0,63 91 188
PFG_MOEA,751,6,313.2,1915.8,0 16 46 51 107 134 19 25 93 129 148 121 37 113 179 114 26 73 166 108 59 99 83 160 178 33 82 145 143 170 161 130 65 177 62 55 8 4 111 132 163 56 13 193 0,46 145
PFG_MOEA,752,1,520.32,1777.06,0 50 17 151 11 137 124 169 88 61 67 155 23 10 162 22 142 119 41 183 53 87 69 127 90 172 158 168 190 35 118 120 31 30 115 144 184 0,137
PFG_MOEA,752,2,520.32,1777.06,0 196 6 105 52 112 189 89 156 157 104 186 176 38 7 195 58 34 29 131 185 27 44 128 80 71 14 146 32 167 42 100 81 57 20 152 45 75 24 147 77 0,
PFG_MOEA,752,3,520.32,1777.06,0 199 47 86 84 3 149 136 12 1 109 94 153 135 180 0,1
PFG_MOEA,752,4,520.32,1777.06,0 9 49 159 2 97 85 98 138 79 141 28 173 125 66 102 36 5 95 182 48 0,
PFG_MOEA,752,5,520.32,1777.06,0 16 198 191 110 140 165 187 18 39 70 72 54 164 150 200 21 96 197 43 194 174 76 116 106 92 126 133 91 74 154 103 188 171 181 192 40 63 117 101 68 15 123 175 122 139 46 51 107 134 19 25 93 129 148 121 37 113 179 114 26 73 166 108 59 99 83 160 178 33 82 145 143 170 161 130 65 177 62 55 8 4 111 132 163 56 13 193 78 0,106 111
PFG_MOEA,752,6,520.32,1777.06,0 60 64 0,
PFG_MOEA,753,1,546.46,1762.35,0 50 17 151 11 137 0,
PFG_MOEA,753,2,546.46,1762.35,0 169 124 88 67 61 0,
PFG_MOEA,753,3,546.46,1762.35,0 159 2 52 97 112 85 105 189 100 81 57 20 152 45 75 24 147 77 153 94 1 47 86 84 3 149 136 12 184 144 115 30 31 120 118 35 190 168 158 172 90 127 69 87 53 183 41 119 142 22 162 10 23 155 109 199 6 196 0,1
PFG_MOEA,753,4,546.46,1762.35,0 9 49 5 36 180 135 125 173 28 42 89 156 157 104 186 176 38 195 7 58 34 29 131 185 27 44 128 80 71 14 146 32 167 79 141 138 98 66 102 95 182 48 191 110 140 165 187 18 39 70 72 54 164 150 200 21 96 197 43 194 174 76 116 106 92 126 133 91 74 154 103 188 171 181 192 40 63 117 101 68 15 123 175 122 139 198 16 46 51 107 134 19 0,91
PFG_MOEA,753,5,546.46,1762.35,0 163 132 111 4 8 55 62 177 65 130 161 170 143 145 82 33 178 160 83 99 59 108 166 73 26 114 179 113 37 121 148 129 93 25 56 13 193 78 0,
PFG_MOEA,753,6,546.46,1762.35,0 60 64 0,
PFG_MOEA,754,1,403.49,1779.21,0 196 6 77 0,
PFG_MOEA,754,2,403.49,1779.21,0 199 94 109 1 144 61 124 169 151 11 137 88 67 155 23 10 162 22 142 119 41 183 53 87 69 127 90 172 158 168 190 35 118 120 31 30 115 184 12 136 149 3 84 86 47 153 147 24 75 45 152 105 189 112 52 2 159 102 36 5 49 9 180 0,
PFG_MOEA,754,3,403.49,1779.21,0 97 0,
PFG_MOEA,754,4,403.49,1779.21,0 20 57 81 89 156 157 104 186 176 38 195 7 58 34 29 131 185 27 44 128 80 71 14 146 32 167 42 100 79 141 138 98 28 173 66 85 125 135 0,89 131
PFG_MOEA,754,5,403.49,1779.21,0 16 139 198 95 182 191 48 165 187 18 39 54 72 70 164 150 200 21 96 197 43 194 174 76 116 106 92 126 133 91 74 154 103 188 171 181 192 40 63 117 140 110 101 68 15 123 175 122 46 51 107 134 19 8 55 0,21 198
PFG_MOEA,754,6,403.49,1779.21,0 60 78 193 163 13 62 177 65 130 161 170 143 145 82 33 178 160 83 99 59 108 166 73 26 114 179 113 37 121 148 129 93 25 4 111 56 132 64 50 17 0,56
PFG_MOEA,755,1,547.48,1749.89,0 151 0,
PFG_MOEA,755,2,547.48,1749.89,0 50 17 169 124 137 11 88 61 67 155 23 10 162 22 142 119 41 183 53 87 69 127 90 172 158 168 190 35 118 120 31 30 115 144 184 12 136 149 0,50 87 155
PFG_MOEA,755,3,547.48,1749.89,0 196 6 105 52 112 189 100 81 57 20 152 45 75 24 147 77 153 94 109 1 3 84 86 47 199 0,1
PFG_MOEA,755,4,547.48,1749.89,0 159 2 97 85 66 98 138 141 79 167 32 146 14 71 80 128 44 27 185 131 29 34 58 195 7 38 176 186 104 157 156 89 42 28 173 125 135 102 36 0,89
PFG_MOEA,755,5,547.48,1749.89,0 60 78 193 13 163 64 132 56 111 4 25 93 129 148 121 37 113 179 114 26 73 166 108 59 99 83 160 178 33 82 145 143 170 161 130 65 177 62 55 8 19 134 123 175 122 16 139 198 15 68 101 117 63 40 192 181 171 188 103 154 74 91 133 126 92 106 116 76 174 194 43 197 96 21 200 150 164 70 72 54 39 18 187 165 140 110 191 48 182 95 5 49 9 180 0,5 63 68
PFG_MOEA,755,6,547.48,1749.89,0 51 107 46 0,
PFG_MOEA,756,1,321.43,1884.2,0 196 6 199 77 94 109 1 184 115 30 31 120 118 35 190 168 158 172 90 127 69 87 53 183 41 119 142 22 162 10 23 155 67 88 137 11 151 169 124 61 144 0,
PFG_MOEA,756,2,321.43,1884.2,0 12 136 149 3 84 86 47 153 147 24 75 45 152 105 189 112 97 52 2 159 102 36 5 49 9 180 0,97
PFG_MOEA,756,3,321.43,1884.2,0 20 57 81 0,
PFG_MOEA,756,4,321.43,1884.2,0 135 125 89 156 157 104 186 176 38 195 7 58 34 29 131 185 27 44 128 80 71 14 146 32 167 42 100 79 141 138 98 28 173 66 85 72 54 39 18 187 165 48 191 182 95 198 139 16 0,89 185
PFG_MOEA,756,5,321.43,1884.2,0 70 164 150 200 21 96 197 43 194 174 76 116 106 92 126 133 91 74 154 103 188 171 181 192 40 63 117 140 110 101 68 15 123 175 122 46 51 107 134 19 0,21
PFG_MOEA,756,6,321.43,1884.2,0 60 50 64 78 193 163 13 8 55 62 177 65 130 161 170 143 145 82 33 178 160 83 99 59 108 166 73 26 114 179 113 37 121 148 129 93 25 4 111 56 132 17 0,
PFG_MOEA,757,1,363.45,1848.54,0 56 111 151 11 137 124 169 88 61 67 155 23 10 162 22 142 119 41 183 53 87 69 127 90 172 158 168 190 35 118 120 31 30 115 144 184 0,137
PFG_MOEA,757,2,363.45,1848.54,0 196 6 105 52 112 189 89 156 157 104 186 176 38 7 195 58 34 29 131 185 27 44 128 80 71 14 146 32 167 42 100 81 57 20 152 45 75 24 147 77 153 94 109 1 12 136 149 3 84 86 47 199 0,185
PFG_MOEA,757,3,363.45,1848.54,0 135 173 28 141 79 138 98 125 0,
PFG_MOEA,757,4,363.45,1848.54,0 159 2 97 85 66 102 36 5 49 0,
PFG_MOEA,757,5,363.45,1848.54,0 180 9 95 182 48 191 110 140 165 187 18 39 54 72 70 164 150 200 21 96 197 43 194 174 76 116 106 92 126 133 91 74 154 103 188 171 181 192 40 63 117 101 68 15 123 175 122 139 198 16 25 4 13 163 193 78 60 0,40 188
PFG_MOEA,757,6,363.45,1848.54,0 46 51 107 134 19 8 55 62 177 65 130 161 170 143 145 82 33 178 160 83 99 59 108 166 73 26 114 179 113 37 121 148 129 93 132 64 50 17 0,46
PFG_MOEA,758,1,261.55,2016.67,0 56 111 169 124 88 155 10 162 31 30 120 118 35 190 168 158 172 90 127 69 87 53 183 41 119 142 22 23 67 61 137 11 151 0,56 124
PFG_MOEA,758,2,261.55,2016.67,0 144 115 184 89 156 157 104 186 176 38 7 195 58 34 29 131 185 27 44 128 80 71 14 146 32 167 42 100 81 189 112 52 105 6 196 0,185
PFG_MOEA,758,3,261.55,2016.67,0 199 94 109 1 12 136 149 3 84 86 47 153 77 147 75 24 45 152 20 57 28 141 79 138 98 173 125 135 66 85 97 2 159 102 0,199
PFG_MOEA,758,4,261.55,2016.67,0 180 9 49 36 5 70 72 54 164 21 96 197 43 76 116 106 92 126 174 194 200 150 39 18 187 165 140 110 191 48 182 95 0,
PFG_MOEA,758,5,261.55,2016.67,0 16 139 198 117 63 181 171 192 40 74 91 133 154 103 188 101 68 15 123 175 25 129 148 93 4 13 163 193 78 60 0,63 188
PFG_MOEA,758,6,261.55,2016.67,0 46 122 51 107 134 19 8 55 62 177 65 130 161 170 143 145 82 33 178 160 83 99 59 108 166 73 26 114 179 113 37 121 132 64 50 17 0,46
PFG_MOEA,759,1,372.87,1829.64,0 199 47 86 84 3 149 136 12 1 109 94 153 77 147 24 75 45 152 20 57 28 42 100 173 98 138 141 79 167 32 146 14 71 80 128 44 27 185 131 29 34 58 195 7 38 176 186 104 157 156 89 81 135 125 189 112 52 159 0,
PFG_MOEA,759,2,372.87,1829.64,0 2 97 85 66 102 36 5 0,
PFG_MOEA,759,3,372.87,1829.64,0 180 9 49 95 182 48 191 110 140 165 187 18 39 54 72 70 164 150 200 21 96 197 43 194 174 76 116 106 92 126 133 91 74 154 103 188 171 181 192 40 63 117 101 68 15 123 175 122 139 198 16 0,40
PFG_MOEA,759,4,372.87,1829.64,0 60 78 193 13 64 50 17 132 4 8 55 62 177 65 130 161 170 143 145 82 33 178 160 83 99 59 108 166 73 26 114 179 113 37 121 148 129 93 25 19 134 107 51 46 0,
PFG_MOEA,759,5,372.87,1829.64,0 163 56 111 151 11 137 88 22 142 119 41 183 53 87 69 127 90 172 158 168 190 35 118 120 31 162 10 23 155 67 61 124 169 0,
PFG_MOEA,759,6,372.87,1829.64,0 144 115 30 184 105 6 196 0,105
PFG_MOEA,760,1,343.52,1869.54,0 184 144 115 120 118 35 190 168 158 172 90 127 69 87 53 183 41 119 30 31 162 142 22 10 23 155 67 61 88 137 11 151 0,
PFG_MOEA,760,2,343.52,1869.54,0 189 81 89 156 157 104 186 176 38 7 195 58 34 29 131 185 27 44 128 80 71 14 146 32 167 42 100 112 0,
PFG_MOEA,760,3,343.52,1869.54,0 94 109 1 12 136 149 3 84 86 47 153 77 147 75 24 45 199 196 6 52 105 152 20 57 28 141 79 138 98 173 125 135 66 85 97 2 159 102 49 9 180 0,173
PFG_MOEA,760,4,343.52,1869.54,0 36 5 0,
PFG_MOEA,760,5,343.52,1869.54,0 17 50 16 139 198 191 117 63 192 181 171 188 103 154 40 74 91 133 194 174 126 92 106 116 76 43 197 96 72 54 70 164 21 200 150 39 18 187 165 48 182 95 0,21 188 198
PFG_MOEA,760,6,343.52,1869.54,0 140 110 101 68 15 123 175 122 46 51 107 134 19 8 55 62 177 65 130 161 170 143 145 82 33 178 160 83 99 59 108 166 73 26 114 179 113 37 121 148 129 93 25 124 169 4 111 56 13 132 163 193 78 64 60 0,46 56 68 179
PFG_MOEA,761,1,336.24,1871.66,0 199 47 86 84 3 149 136 12 1 109 94 153 77 147 24 45 75 0,
PFG_MOEA,761,2,336.24,1871.66,0 95 5 36 102 97 112 85 66 125 135 81 89 156 157 104 186 176 38 7 195 58 34 29 131 185 27 44 128 80 71 14 146 32 167 79 141 138 98 173 100 42 28 57 20 152 189 52 2 159 180 49 9 0,89 185
PFG_MOEA,761,3,336.24,1871.66,0 182 48 191 110 140 165 187 18 39 54 72 70 164 150 200 21 96 197 43 194 174 76 116 106 92 126 133 91 74 154 103 188 171 181 192 40 63 117 101 68 15 123 175 122 139 0,68 91 139
PFG_MOEA,761,4,336.24,1871.66,0 16 198 46 51 107 134 19 25 93 129 148 121 37 113 179 114 26 73 166 108 59 99 83 160 178 33 82 145 143 170 161 130 65 177 62 55 8 4 111 132 163 56 13 193 78 60 64 50 17 151 0,
PFG_MOEA,761,5,336.24,1871.66,0 11 88 137 0,
PFG_MOEA,761,6,336.24,1871.66,0 169 124 61 67 155 23 10 162 22 142 119 41 183 53 87 69 127 90 172 158 168 190 35 118 120 30 31 115 144 184 105 6 196 0,155
PFG_MOEA,762,1,787.39,1705.64,0 196 153 0,
PFG_MOEA,762,2,787.39,1705.64,0 147 24 75 45 152 180 9 49 0,
PFG_MOEA,762,3,787.39,1705.64,0 5 36 102 0,
PFG_MOEA,762,4,787.39,1705.64,0 77 47 86 84 3 149 136 12 184 115 57 20 98 138 141 79 167 32 146 14 71 80 128 44 27 185 131 29 34 58 7 195 38 176 186 104 157 156 89 81 42 100 28 173 125 135 189 105 66 85 112 97 52 2 159 95 182 48 191 110 140 165 187 18 39 70 72 54 164 150 200 21 96 197 43 194 174 76 116 106 92 126 133 91 74 154 103 188 171 181 192 40 63 117 101 68 15 123 175 122 139 198 16 46 51 107 134 19 25 93 129 148 121 37 113 179 114 26 73 166 108 59 99 83 160 178 33 82 145 143 170 161 130 65 177 62 55 8 0,
PFG_MOEA,762,5,787.39,1705.64,0 163 132 4 111 56 13 193 78 60 0,
PFG_MOEA,762,6,787.39,1705.64,0 64 50 17 151 11 137 124 169 88 61 67 155 23 10 162 22 142 119 41 183 53 87 69 127 90 172 158 168 190 35 118 120 30 31 144 1 109 94 199 6 0,10 41 155
PFG_MOEA,763,1,313.2,1915.8,0 60 78 64 50 17 151 11 137 124 0,124
PFG_MOEA,763,2,313.2,1915.8,0 169 88 61 67 155 23 10 162 22 142 119 41 183 53 87 69 127 90 172 158 168 190 35 118 120 30 31 104 186 176 38 7 157 156 144 0,
PFG_MOEA,763,3,313.2,1915.8,0 189 81 100 42 167 32 146 14 71 80 128 44 27 185 131 29 34 58 195 112 0,29
PFG_MOEA,763,4,313.2,1915.8,0 196 6 199 75 45 24 147 77 153 94 109 1 115 184 12 136 149 3 84 86 47 57 20 98 138 141 79 89 28 173 125 135 66 85 97 52 105 152 2 159 102 36 5 49 9 180 0,5
PFG_MOEA,763,5,313.2,1915.8,0 139 122 175 123 15 68 101 117 63 40 192 181 171 188 103 154 74 91 133 126 92 106 116 76 174 194 43 197 96 21 200 150 164 54 72 70 39 18 187 165 140 110 191 48 182 95 198 0,63 91 188
PFG_MOEA,763,6,313.2,1915.8,0 16 46 51 107 134 19 25 93 129 148 121 37 113 179 114 26 73 166 108 59 99 83 160 178 33 82 145 143 170 161 130 65 177 62 55 8 4 111 132 163 56 13 193 0,46 145
PFG_MOEA,764,1,520.32,1777.06,0 50 17 151 11 137 124 169 88 61 67 155 23 10 162 22 142 119 41 183 53 87 69 127 90 172 158 168 190 35 118 120 31 30 115 144 184 0,137
PFG_MOEA,764,2,520.32,1777.06,0 196 6 105 52 112 189 89 156 157 104 186 176 38 7 195 58 34 29 131 185 27 44 128 80 71 14 146 32 167 42 100 81 57 20 152 45 75 24 147 77 0,
PFG_MOEA,764,3,520.32,1777.06,0 199 47 86 84 3 149 136 12 1 109 94 153 135 180 0,1
PFG_MOEA,764,4,520.32,1777.06,0 9 49 159 2 97 85 98 138 79 141 28 173 125 66 102 36 5 95 182 48 0,
PFG_MOEA,764,5,520.32,1777.06,0 16 198 191 110 140 165 187 18 39 70 72 54 164 150 200 21 96 197 43 194 174 76 116 106 92 126 133 91 74 154 103 188 171 181 192 40 63 117 101 68 15 123 175 122 139 46 51 107 134 19 25 93 129 148 121 37 113 179 114 26 73 166 108 59 99 83 160 178 33 82 145 143 170 161 130 65 177 62 55 8 4 111 132 163 56 13 193 78 0,106 111
PFG_MOEA,764,6,520.32,1777.06,0 60 64 0,
PFG_MOEA,765,1,546.46,1762.35,0 50 17 151 11 137 0,
PFG_MOEA,765,2,546.46,1762.35,0 169 124 88 67 61 0,
PFG_MOEA,765,3,546.46,1762.35,0 159 2 52 97 112 85 105 189 100 81 57 20 152 45 75 24 147 77 153 94 1 47 86 84 3 149 136 12 184 144 115 30 31 120 118 35 190 168 158 172 90 127 69 87 53 183 41 119 142 22 162 10 23 155 109 199 6 196 0,1
PFG_MOEA,765,4,546.46,1762.35,0 9 49 5 36 180 135 125 173 28 42 89 156 157 104 186 176 38 195 7 58 34 29 131 185 27 44 128 80 71 14 146 32 167 79 141 138 98 66 102 95 182 48 191 110 140 165 187 18 39 70 72 54 164 150 200 21 96 197 43 194 174 76 116 106 92 126 133 91 74 154 103 188 171 181 192 40 63 117 101 68 15 123 175 122 139 198 16 46 51 107 134 19 0,91
PFG_MOEA,765,5,546.46,1762.35,0 163 132 111 4 8 55 62 177 65 130 161 170 143 145 82 33 178 160 83 99 59 108 166 73 26 114 179 113 37 121 148 129 93 25 56 13 193 78 0,
PFG_MOEA,765,6,546.46,1762.35,0 60 64 0,
PFG_MOEA,766,1,403.49,1779.21,0 196 6 77 0,
PFG_MOEA,766,2,403.49,1779.21,0 199 94 109 1 144 61 124 169 151 11 137 88 67 155 23 10 162 22 142 119 41 183 53 87 69 127 90 172 158 168 190 35 118 120 31 30 115 184 12 136 149 3 84 86 47 153 147 24 75 45 152 105 189 112 52 2 159 102 36 5 49 9 180 0,
PFG_MOEA,766,3,403.49,1779.21,0 97 0,
PFG_MOEA,766,4,403.49,1779.21,0 20 57 81 89 156 157 104 186 176 38 195 7 58 34 29 131 185 27 44 128 80 71 14 146 32 167 42 100 79 141 138 98 28 173 66 85 125 135 0,89 131
PFG_MOEA,766,5,403.49,1779.21,0 16 139 198 95 182 191 48 165 187 18 39 54 72 70 164 150 200 21 96 197 43 194 174 76 116 106 92 126 133 91 74 154 103 188 171 181 192 40 63 117 140 110 101 68 15 123 175 122 46 51 107 134 19 8 55 0,21 198
PFG_MOEA,766,6,403.49,1779.21,0 60 78 193 163 13 62 177 65 130 161 170 143 145 82 33 178 160 83 99 59 108 166 73 26 114 179 113 37 121 148 129 93 25 4 111 56 132 64 50 17 0,56
PFG_MOEA,767,1,547.48,1749.89,0 151 0,
PFG_MOEA,767,2,547.48,1749.89,0 50 17 169 124 137 11 88 61 67 155 23 10 162 22 142 119 41 183 53 87 69 127 90 172 158 168 190 35 118 120 31 30 115 144 184 12 136 149 0,50 87 155
PFG_MOEA,767,3,547.48,1749.89,0 196 6 105 52 112 189 100 81 57 20 152 45 75 24 147 77 153 94 109 1 3 84 86 47 199 0,1
PFG_MOEA,767,4,547.48,1749.89,0 159 2 97 85 66 98 138 141 79 167 32 146 14 71 80 128 44 27 185 131 29 34 58 195 7 38 176 186 104 157 156 89 42 28 173 125 135 102 36 0,89
PFG_MOEA,767,5,547.48,1749.89,0 60 78 193 13 163 64 132 56 111 4 25 93 129 148 121 37 113 179 114 26 73 166 108 59 99 83 160 178 33 82 145 143 170 161 130 65 177 62 55 8 19 134 123 175 122 16 139 198 15 68 101 117 63 40 192 181 171 188 103 154 74 91 133 126 92 106 116 76 174 194 43 197 96 21 200 150 164 70 72 54 39 18 187 165 140 110 191 48 182 95 5 49 9 180 0,5 63 68
PFG_MOEA,767,6,547.48,1749.89,0 51 107 46 0,
PFG_MOEA,768,1,321.43,1884.2,0 196 6 199 77 94 109 1 184 115 30 31 120 118 35 190 168 158 172 90 127 69 87 53 183 41 119 142 22 162 10 23 155 67 88 137 11 151 169 124 61 144 0,
PFG_MOEA,768,2,321.43,1884.2,0 12 136 149 3 84 86 47 153 147 24 75 45 152 105 189 112 97 52 2 159 102 36 5 49 9 180 0,97
PFG_MOEA,768,3,321.43,1884.2,0 20 57 81 0,
PFG_MOEA,768,4,321.43,1884.2,0 135 125 89 156 157 104 186 176 38 195 7 58 34 29 131 185 27 44 128 80 71 14 146 32 167 42 100 79 141 138 98 28 173 66 85 72 54 39 18 187 165 48 191 182 95 198 139 16 0,89 185
PFG_MOEA,768,5,321.43,1884.2,0 70 164 150 200 21 96 197 43 194 174 76 116 106 92 126 133 91 74 154 103 188 171 181 192 40 63 117 140 110 101 68 15 123 175 122 46 51 107 134 19 0,21
PFG_MOEA,768,6,321.43,1884.2,0 60 50 64 78 193 163 13 8 55 62 177 65 130 161 170 143 145 82 33 178 160 83 99 59 108 166 73 26 114 179 113 37 121 148 129 93 25 4 111 56 132 17 0,
PFG_MOEA,769,1,363.45,1848.54,0 56 111 151 11 137 124 169 88 61 67 155 23 10 162 22 142 119 41 183 53 87 69 127 90 172 158 168 190 35 118 120 31 30 115 144 184 0,137
PFG_MOEA,769,2,363.45,1848.54,0 196 6 105 52 112 189 89 156 157 104 186 176 38 7 195 58 34 29 131 185 27 44 128 80 71 14 146 32 167 42 100 81 57 20 152 45 75 24 147 77 153 94 109 1 12 136 149 3 84 86 47 199 0,185
PFG_MOEA,769,3,363.45,1848.54,0 135 173 28 141 79 138 98 125 0,
PFG_MOEA,769,4,363.45,1848.54,0 159 2 97 85 66 102 36 5 49 0,
PFG_MOEA,769,5,363.45,1848.54,0 180 9 95 182 48 191 110 140 165 187 18 39 54 72 70 164 150 200 21 96 197 43 194 174 76 116 106 92 126 133 91 74 154 103 188 171 181 192 40 63 117 101 68 15 123 175 122 139 198 16 25 4 13 163 193 78 60 0,40 188
PFG_MOEA,769,6,363.45,1848.54,0 46 51 107 134 19 8 55 62 177 65 130 161 170 143 145 82 33 178 160 83 99 59 108 166 73 26 114 179 113 37 121 148 129 93 132 64 50 17 0,46
PFG_MOEA,770,1,261.55,2016.67,0 56 111 169 124 88 155 10 162 31 30 120 118 35 190 168 158 172 90 127 69 87 53 183 41 119 142 22 23 67 61 137 11 151 0,56 124
PFG_MOEA,770,2,261.55,2016.67,0 144 115 184 89 156 157 104 186 176 38 7 195 58 34 29 131 185 27 44 128 80 71 14 146 32 167 42 100 81 189 112 52 105 6 196 0,185
PFG_MOEA,770,3,261.55,2016.67,0 199 94 109 1 12 136 149 3 84 86 47 153 77 147 75 24 45 152 20 57 28 141 79 138 98 173 125 135 66 85 97 2 159 102 0,199
PFG_MOEA,770,4,261.55,2016.67,0 180 9 49 36 5 70 72 54 164 21 96 197 43 76 116 106 92 126 174 194 200 150 39 18 187 165 140 110 191 48 182 95 0,
PFG_MOEA,770,5,261.55,2016.67,0 16 139 198 117 63 181 171 192 40 74 91 133 154 103 188 101 68 15 123 175 25 129 148 93 4 13 163 193 78 60 0,63 188
PFG_MOEA,770,6,261.55,2016.67,0 46 122 51 107 134 19 8 55 62 177 65 130 161 170 143 145 82 33 178 160 83 99 59 108 166 73 26 114 179 113 37 121 132 64 50 17 0,46
PFG_MOEA,771,1,372.87,1829.64,0 199 47 86 84 3 149 136 12 1 109 94 153 77 147 24 75 45 152 20 57 28 42 100 173 98 138 141 79 167 32 146 14 71 80 128 44 27 185 131 29 34 58 195 7 38 176 186 104 157 156 89 81 135 125 189 112 52 159 0,
PFG_MOEA,771,2,372.87,1829.64,0 2 97 85 66 102 36 5 0,
PFG_MOEA,771,3,372.87,1829.64,0 180 9 49 95 182 48 191 110 140 165 187 18 39 54 72 70 164 150 200 21 96 197 43 194 174 76 116 106 92 126 133 91 74 154 103 188 171 181 192 40 63 117 101 68 15 123 175 122 139 198 16 0,40
PFG_MOEA,771,4,372.87,1829.64,0 60 78 193 13 64 50 17 132 4 8 55 62 177 65 130 161 170 143 145 82 33 178 160 83 99 59 108 166 73 26 114 179 113 37 121 148 129 93 25 19 134 107 51 46 0,
PFG_MOEA,771,5,372.87,1829.64,0 163 56 111 151 11 137 88 22 142 119 41 183 53 87 69 127 90 172 158 168 190 35 118 120 31 162 10 23 155 67 61 124 169 0,
PFG_MOEA,771,6,372.87,1829.64,0 144 115 30 184 105 6 196 0,105
PFG_MOEA,772,1,343.52,1869.54,0 184 144 115 120 118 35 190 168 158 172 90 127 69 87 53 183 41 119 30 31 162 142 22 10 23 155 67 61 88 137 11 151 0,
PFG_MOEA,772,2,343.52,1869.54,0 189 81 89 156 157 104 186 176 38 7 195 58 34 29 131 185 27 44 128 80 71 14 146 32 167 42 100 112 0,
PFG_MOEA,772,3,343.52,1869.54,0 94 109 1 12 136 149 3 84 86 47 153 77 147 75 24 45 199 196 6 52 105 152 20 57 28 141 79 138 98 173 125 135 66 85 97 2 159 102 49 9 180 0,173
PFG_MOEA,772,4,343.52,1869.54,0 36 5 0,
PFG_MOEA,772,5,343.52,1869.54,0 17 50 16 139 198 191 117 63 192 181 171 188 103 154 40 74 91 133 194 174 126 92 106 116 76 43 197 96 72 54 70 164 21 200 150 39 18 187 165 48 182 95 0,21 188 198
PFG_MOEA,772,6,343.52,1869.54,0 140 110 101 68 15 123 175 122 46 51 107 134 19 8 55 62 177 65 130 161 170 143 145 82 33 178 160 83 99 59 108 166 73 26 114 179 113 37 121 148 129 93 25 124 169 4 111 56 13 132 163 193 78 64 60 0,46 56 68 179
PFG_MOEA,773,1,336.24,1871.66,0 199 47 86 84 3 149 136 12 1 109 94 153 77 147 24 45 75 0,
PFG_MOEA,773,2,336.24,1871.66,0 95 5 36 102 97 112 85 66 125 135 81 89 156 157 104 186 176 38 7 195 58 34 29 131 185 27 44 128 80 71 14 146 32 167 79 141 138 98 173 100 42 28 57 20 152 189 52 2 159 180 49 9 0,89 185
PFG_MOEA,773,3,336.24,1871.66,0 182 48 191 110 140 165 187 18 39 54 72 70 164 150 200 21 96 197 43 194 174 76 116 106 92 126 133 91 74 154 103 188 171 181 192 40 63 117 101 68 15 123 175 122 139 0,68 91 139
PFG_MOEA,773,4,336.24,1871.66,0 16 198 46 51 107 134 19 25 93 129 148 121 37 113 179 114 26 73 166 108 59 99 83 160 178 33 82 145 143 170 161 130 65 177 62 55 8 4 111 132 163 56 13 193 78 60 64 50 17 151 0,
PFG_MOEA,773,5,336.24,1871.66,0 11 88 137 0,
PFG_MOEA,773,6,336.24,1871.66,0 169 124 61 67 155 23 10 162 22 142 119 41 183 53 87 69 127 90 172 158 168 190 35 118 120 30 31 115 144 184 105 6 196 0,155
PFG_MOEA,774,1,787.39,1705.64,0 196 153 0,
PFG_MOEA,774,2,787.39,1705.64,0 147 24 75 45 152 180 9 49 0,
PFG_MOEA,774,3,787.39,1705.64,0 5 36 102 0,
PFG_MOEA,774,4,787.39,1705.64,0 77 47 86 84 3 149 136 12 184 115 57 20 98 138 141 79 167 32 146 14 71 80 128 44 27 185 131 29 34 58 7 195 38 176 186 104 157 156 89 81 42 100 28 173 125 135 189 105 66 85 112 97 52 2 159 95 182 48 191 110 140 165 187 18 39 70 72 54 164 150 200 21 96 197 43 194 174 76 116 106 92 126 133 91 74 154 103 188 171 181 192 40 63 117 101 68 15 123 175 122 139 198 16 46 51 107 134 19 25 93 129 148 121 37 113 179 114 26 73 166 108 59 99 83 160 178 33 82 145 143 170 161 130 65 177 62 55 8 0,
PFG_MOEA,774,5,787.39,1705.64,0 163 132 4 111 56 13 193 78 60 0,
PFG_MOEA,774,6,787.39,1705.64,0 64 50 17 151 11 137 124 169 88 61 67 155 23 10 162 22 142 119 41 183 53 87 69 127 90 172 158 168 190 35 118 120 30 31 144 1 109 94 199 6 0,10 41 155
PFG_MOEA,775,1,313.2,1915.8,0 60 78 64 50 17 151 11 137 124 0,124
PFG_MOEA,775,2,313.2,1915.8,0 169 88 61 67 155 23 10 162 22 142 119 41 183 53 87 69 127 90 172 158 168 190 35 118 120 30 31 104 186 176 38 7 157 156 144 0,
PFG_MOEA,775,3,313.2,1915.8,0 189 81 100 42 167 32 146 14 71 80 128 44 27 185 131 29 34 58 195 112 0,29
PFG_MOEA,775,4,313.2,1915.8,0 196 6 199 75 45 24 147 77 153 94 109 1 115 184 12 136 149 3 84 86 47 57 20 98 138 141 79 89 28 173 125 135 66 85 97 52 105 152 2 159 102 36 5 49 9 180 0,5
PFG_MOEA,775,5,313.2,1915.8,0 139 122 175 123 15 68 101 117 63 40 192 181 171 188 103 154 74 91 133 126 92 106 116 76 174 194 43 197 96 21 200 150 164 54 72 70 39 18 187 165 140 110 191 48 182 95 198 0,63 91 188
PFG_MOEA,775,6,313.2,1915.8,0 16 46 51 107 134 19 25 93 129 148 121 37 113 179 114 26 73 166 108 59 99 83 160 178 33 82 145 143 170 161 130 65 177 62 55 8 4 111 132 163 56 13 193 0,46 145
PFG_MOEA,776,1,520.32,1777.06,0 50 17 151 11 137 124 169 88 61 67 155 23 10 162 22 142 119 41 183 53 87 69 127 90 172 158 168 190 35 118 120 31 30 115 144 184 0,137
PFG_MOEA,776,2,520.32,1777.06,0 196 6 105 52 112 189 89 156 157 104 186 176 38 7 195 58 34 29 131 185 27 44 128 80 71 14 146 32 167 42 100 81 57 20 152 45 75 24 147 77 0,
PFG_MOEA,776,3,520.32,1777.06,0 199 47 86 84 3 149 136 12 1 109 94 153 135 180 0,1
PFG_MOEA,776,4,520.32,1777.06,0 9 49 159 2 97 85 98 138 79 141 28 173 125 66 102 36 5 95 182 48 0,
PFG_MOEA,776,5,520.32,1777.06,0 16 198 191 110 140 165 187 18 39 70 72 54 164 150 200 21 96 197 43 194 174 76 116 106 92 126 133 91 74 154 103 188 171 181 192 40 63 117 101 68 15 123 175 122 139 46 51 107 134 19 25 93 129 148 121 37 113 179 114 26 73 166 108 59 99 83 160 178 33 82 145 143 170 161 130 65 177 62 55 8 4 111 132 163 56 13 193 78 0,106 111
PFG_MOEA,776,6,520.32,1777.06,0 60 64 0,
PFG_MOEA,777,1,546.46,1762.35,0 50 17 151 11 137 0,
PFG_MOEA,777,2,546.46,1762.35,0 169 124 88 67 61 0,
PFG_MOEA,777,3,546.46,1762.35,0 159 2 52 97 112 85 105 189 100 81 57 20 152 45 75 24 147 77 153 94 1 47 86 84 3 149 136 12 184 144 115 30 31 120 118 35 190 168 158 172 90 127 69 87 53 183 41 119 142 22 162 10 23 155 109 199 6 196 0,1
PFG_MOEA,777,4,546.46,1762.35,0 9 49 5 36 180 135 125 173 28 42 89 156 157 104 186 176 38 195 7 58 34 29 131 185 27 44 128 80 71 14 146 32 167 79 141 138 98 66 102 95 182 48 191 110 140 165 187 18 39 70 72 54 164 150 200 21 96 197 43 194 174 76 116 106 92 126 133 91 74 154 103 188 171 181 192 40 63 117 101 68 15 123 175 122 139 198 16 46 51 107 134 19 0,91
PFG_MOEA,777,5,546.46,1762.35,0 163 132 111 4 8 55 62 177 65 130 161 170 143 145 82 33 178 160 83 99 59 108 166 73 26 114 179 113 37 121 148 129 93 25 56 13 193 78 0,
PFG_MOEA,777,6,546.46,1762.35,0 60 64 0,
PFG_MOEA,778,1,403.49,1779.21,0 196 6 77 0,
PFG_MOEA,778,2,403.49,1779.21,0 199 94 109 1 144 61 124 169 151 11 137 88 67 155 23 10 162 22 142 119 41 183 53 87 69 127 90 172 158 168 190 35 118 120 31 30 115 184 12 136 149 3 84 86 47 153 147 24 75 45 152 105 189 112 52 2 159 102 36 5 49 9 180 0,
PFG_MOEA,778,3,403.49,1779.21,0 97 0,
PFG_MOEA,778,4,403.49,1779.21,0 20 57 81 89 156 157 104 186 176 38 195 7 58 34 29 131 185 27 44 128 80 71 14 146 32 167 42 100 79 141 138 98 28 173 66 85 125 135 0,89 131
PFG_MOEA,778,5,403.49,1779.21,0 16 139 198 95 182 191 48 165 187 18 39 54 72 70 164 150 200 21 96 197 43 194 174 76 116 106 92 126 133 91 74 154 103 188 171 181 192 40 63 117 140 110 101 68 15 123 175 122 46 51 107 134 19 8 55 0,21 198
PFG_MOEA,778,6,403.49,1779.21,0 60 78 193 163 13 62 177 65 130 161 170 143 145 82 33 178 160 83 99 59 108 166 73 26 114 179 113 37 121 148 129 93 25 4 111 56 132 64 50 17 0,56
PFG_MOEA,779,1,547.48,1749.89,0 151 0,
PFG_MOEA,779,2,547.48,1749.89,0 50 17 169 124 137 11 88 61 67 155 23 10 162 22 142 119 41 183 53 87 69 127 90 172 158 168 190 35 118 120 31 30 115 144 184 12 136 149 0,50 87 155
PFG_MOEA,779,3,547.48,1749.89,0 196 6 105 52 112 189 100 81 57 20 152 45 75 24 147 77 153 94 109 1 3 84 86 47 199 0,1
PFG_MOEA,779,4,547.48,1749.89,0 159 2 97 85 66 98 138 141 79 167 32 146 14 71 80 128 44 27 185 131 29 34 58 195 7 38 176 186 104 157 156 89 42 28 173 125 135 102 36 0,89
PFG_MOEA,779,5,547.48,1749.89,0 60 78 193 13 163 64 132 56 111 4 25 93 129 148 121 37 113 179 114 26 73 166 108 59 99 83 160 178 33 82 145 143 170 161 130 65 177 62 55 8 19 134 123 175 122 16 139 198 15 68 101 117 63 40 192 181 171 188 103 154 74 91 133 126 92 106 116 76 174 194 43 197 96 21 200 150 164 70 72 54 39 18 187 165 140 110 191 48 182 95 5 49 9 180 0,5 63 68
PFG_MOEA,779,6,547.48,1749.89,0 51 107 46 0,
PFG_MOEA,780,1,321.43,1884.2,0 196 6 199 77 94 109 1 184 115 30 31 120 118 35 190 168 158 172 90 127 69 87 53 183 41 119 142 22 162 10 23 155 67 88 137 11 151 169 124 61 144 0,
PFG_MOEA,780,2,321.43,1884.2,0 12 136 149 3 84 86 47 153 147 24 75 45 152 105 189 112 97 52 2 159 102 36 5 49 9 180 0,97
PFG_MOEA,780,3,321.43,1884.2,0 20 57 81 0,
PFG_MOEA,780,4,321.43,1884.2,0 135 125 89 156 157 104 186 176 38 195 7 58 34 29 131 185 27 44 128 80 71 14 146 32 167 42 100 79 141 138 98 28 173 66 85 72 54 39 18 187 165 48 191 182 95 198 139 16 0,89 185
PFG_MOEA,780,5,321.43,1884.2,0 70 164 150 200 21 96 197 43 194 174 76 116 106 92 126 133 91 74 154 103 188 171 181 192 40 63 117 140 110 101 68 15 123 175 122 46 51 107 134 19 0,21
PFG_MOEA,780,6,321.43,1884.2,0 60 50 64 78 193 163 13 8 55 62 177 65 130 161 170 143 145 82 33 178 160 83 99 59 108 166 73 26 114 179 113 37 121 148 129 93 25 4 111 56 132 17 0,
PFG_MOEA,781,1,363.45,1848.54,0 56 111 151 11 137 124 169 88 61 67 155 23 10 162 22 142 119 41 183 53 87 69 127 90 172 158 168 190 35 118 120 31 30 115 144 184 0,137
PFG_MOEA,781,2,363.45,1848.54,0 196 6 105 52 112 189 89 156 157 104 186 176 38 7 195 58 34 29 131 185 27 44 128 80 71 14 146 32 167 42 100 81 57 20 152 45 75 24 147 77 153 94 109 1 12 136 149 3 84 86 47 199 0,185
PFG_MOEA,781,3,363.45,1848.54,0 135 173 28 141 79 138 98 125 0,
PFG_MOEA,781,4,363.45,1848.54,0 159 2 97 85 66 102 36 5 49 0,
PFG_MOEA,781,5,363.45,1848.54,0 180 9 95 182 48 191 110 140 165 187 18 39 54 72 70 164 150 200 21 96 197 43 194 174 76 116 106 92 126 133 91 74 154 103 188 171 181 192 40 63 117 101 68 15 123 175 122 139 198 16 25 4 13 163 193 78 60 0,40 188
PFG_MOEA,781,6,363.45,1848.54,0 46 51 107 134 19 8 55 62 177 65 130 161 170 143 145 82 33 178 160 83 99 59 108 166 73 26 114 179 113 37 121 148 129 93 132 64 50 17 0,46
PFG_MOEA,782,1,261.55,2016.67,0 56 111 169 124 88 155 10 162 31 30 120 118 35 190 168 158 172 90 127 69 87 53 183 41 119 142 22 23 67 61 137 11 151 0,56 124
PFG_MOEA,782,2,261.55,2016.67,0 144 115 184 89 156 157 104 186 176 38 7 195 58 34 29 131 185 27 44 128 80 71 14 146 32 167 42 100 81 189 112 52 105 6 196 0,185
PFG_MOEA,782,3,261.55,2016.67,0 199 94 109 1 12 136 149 3 84 86 47 153 77 147 75 24 45 152 20 57 28 141 79 138 98 173 125 135 66 85 97 2 159 102 0,199
PFG_MOEA,782,4,261.55,2016.67,0 180 9 49 36 5 70 72 54 164 21 96 197 43 76 116 106 92 126 174 194 200 150 39 18 187 165 140 110 191 48 182 95 0,
PFG_MOEA,782,5,261.55,2016.67,0 16 139 198 117 63 181 171 192 40 74 91 133 154 103 188 101 68 15 123 175 25 129 148 93 4 13 163 193 78 60 0,63 188
PFG_MOEA,782,6,261.55,2016.67,0 46 122 51 107 134 19 8 55 62 177 65 130 161 170 143 145 82 33 178 160 83 99 59 108 166 73 26 114 179 113 37 121 132 64 50 17 0,46
PFG_MOEA,783,1,372.87,1829.64,0 199 47 86 84 3 149 136 12 1 109 94 153 77 147 24 75 45 152 20 57 28 42 100 173 98 138 141 79 167 32 146 14 71 80 128 44 27 185 131 29 34 58 195 7 38 176 186 104 157 156 89 81 135 125 189 112 52 159 0,
PFG_MOEA,783,2,372.87,1829.64,0 2 97 85 66 102 36 5 0,
PFG_MOEA,783,3,372.87,1829.64,0 180 9 49 95 182 48 191 110 140 165 187 18 39 54 72 70 164 150 200 21 96 197 43 194 174 76 116 106 92 126 133 91 74 154 103 188 171 181 192 40 63 117 101 68 15 123 175 122 139 198 16 0,40
PFG_MOEA,783,4,372.87,1829.64,0 60 78 193 13 64 50 17 132 4 8 55 62 177 65 130 161 170 143 145 82 33 178 160 83 99 59 108 166 73 26 114 179 113 37 121 148 129 93 25 19 134 107 51 46 0,
PFG_MOEA,783,5,372.87,1829.64,0 163 56 111 151 11 137 88 22 142 119 41 183 53 87 69 127 90 172 158 168 190 35 118 120 31 162 10 23 155 67 61 124 169 0,
PFG_MOEA,783,6,372.87,1829.64,0 144 115 30 184 105 6 196 0,105
PFG_MOEA,784,1,343.52,1869.54,0 184 144 115 120 118 35 190 168 158 172 90 127 69 87 53 183 41 119 30 31 162 142 22 10 23 155 67 61 88 137 11 151 0,
PFG_MOEA,784,2,343.52,1869.54,0 189 81 89 156 157 104 186 176 38 7 195 58 34 29 131 185 27 44 128 80 71 14 146 32 167 42 100 112 0,
PFG_MOEA,784,3,343.52,1869.54,0 94 109 1 12 136 149 3 84 86 47 153 77 147 75 24 45 199 196 6 52 105 152 20 57 28 141 79 138 98 173 125 135 66 85 97 2 159 102 49 9 180 0,173
PFG_MOEA,784,4,343.52,1869.54,0 36 5 0,
PFG_MOEA,784,5,343.52,1869.54,0 17 50 16 139 198 191 117 63 192 181 171 188 103 154 40 74 91 133 194 174 126 92 106 116 76 43 197 96 72 54 70 164 21 200 150 39 18 187 165 48 182 95 0,21 188 198
PFG_MOEA,784,6,343.52,1869.54,0 140 110 101 68 15 123 175 122 46 51 107 134 19 8 55 62 177 65 130 161 170 143 145 82 33 178 160 83 99 59 108 166 73 26 114 179 113 37 121 148 129 93 25 124 169 4 111 56 13 132 163 193 78 64 60 0,46 56 68 179
PFG_MOEA,785,1,336.24,1871.66,0 199 47 86 84 3 149 136 12 1 109 94 153 77 147 24 45 75 0,
PFG_MOEA,785,2,336.24,1871.66,0 95 5 36 102 97 112 85 66 125 135 81 89 156 157 104 186 176 38 7 195 58 34 29 131 185 27 44 128 80 71 14 146 32 167 79 141 138 98 173 100 42 28 57 20 152 189 52 2 159 180 49 9 0,89 185
PFG_MOEA,785,3,336.24,1871.66,0 182 48 191 110 140 165 187 18 39 54 72 70 164 150 200 21 96 197 43 194 174 76 116 106 92 126 133 91 74 154 103 188 171 181 192 40 63 117 101 68 15 123 175 122 139 0,68 91 139
PFG_MOEA,785,4,336.24,1871.66,0 16 198 46 51 107 134 19 25 93 129 148 121 37 113 179 114 26 73 166 108 59 99 83 160 178 33 82 145 143 170 161 130 65 177 62 55 8 4 111 132 163 56 13 193 78 60 64 50 17 151 0,
PFG_MOEA,785,5,336.24,1871.66,0 11 88 137 0,
PFG_MOEA,785,6,336.24,1871.66,0 169 124 61 67 155 23 10 162 22 142 119 41 183 53 87 69 127 90 172 158 168 190 35 118 120 30 31 115 144 184 105 6 196 0,155
PFG_MOEA,786,1,787.39,1705.64,0 196 153 0,
PFG_MOEA,786,2,787.39,1705.64,0 147 24 75 45 152 180 9 49 0,
PFG_MOEA,786,3,787.39,1705.64,0 5 36 102 0,
PFG_MOEA,786,4,787.39,1705.64,0 77 47 86 84 3 149 136 12 184 115 57 20 98 138 141 79 167 32 146 14 71 80 128 44 27 185 131 29 34 58 7 195 38 176 186 104 157 156 89 81 42 100 28 173 125 135 189 105 66 85 112 97 52 2 159 95 182 48 191 110 140 165 187 18 39 70 72 54 164 150 200 21 96 197 43 194 174 76 116 106 92 126 133 91 74 154 103 188 171 181 192 40 63 117 101 68 15 123 175 122 139 198 16 46 51 107 134 19 25 93 129 148 121 37 113 179 114 26 73 166 108 59 99 83 160 178 33 82 145 143 170 161 130 65 177 62 55 8 0,
PFG_MOEA,786,5,787.39,1705.64,0 163 132 4 111 56 13 193 78 60 0,
PFG_MOEA,786,6,787.39,1705.64,0 64 50 17 151 11 137 124 169 88 61 67 155 23 10 162 22 142 119 41 183 53 87 69 127 90 172 158 168 190 35 118 120 30 31 144 1 109 94 199 6 0,10 41 155
PFG_MOEA,787,1,313.2,1915.8,0 60 78 64 50 17 151 11 137 124 0,124
PFG_MOEA,787,2,313.2,1915.8,0 169 88 61 67 155 23 10 162 22 142 119 41 183 53 87 69 127 90 172 158 168 190 35 118 120 30 31 104 186 176 38 7 157 156 144 0,
PFG_MOEA,787,3,313.2,1915.8,0 189 81 100 42 167 32 146 14 71 80 128 44 27 185 131 29 34 58 195 112 0,29
PFG_MOEA,787,4,313.2,1915.8,0 196 6 199 75 45 24 147 77 153 94 109 1 115 184 12 136 149 3 84 86 47 57 20 98 138 141 79 89 28 173 125 135 66 85 97 52 105 152 2 159 102 36 5 49 9 180 0,5
PFG_MOEA,787,5,313.2,1915.8,0 139 122 175 123 15 68 101 117 63 40 192 181 171 188 103 154 74 91 133 126 92 106 116 76 174 194 43 197 96 21 200 150 164 54 72 70 39 18 187 165 140 110 191 48 182 95 198 0,63 91 188
PFG_MOEA,787,6,313.2,1915.8,0 16 46 51 107 134 19 25 93 129 148 121 37 113 179 114 26 73 166 108 59 99 83 160 178 33 82 145 143 170 161 130 65 177 62 55 8 4 111 132 163 56 13 193 0,46 145
PFG_MOEA,788,1,520.32,1777.06,0 50 17 151 11 137 124 169 88 61 67 155 23 10 162 22 142 119 41 183 53 87 69 127 90 172 158 168 190 35 118 120 31 30 115 144 184 0,137
PFG_MOEA,788,2,520.32,1777.06,0 196 6 105 52 112 189 89 156 157 104 186 176 38 7 195 58 34 29 131 185 27 44 128 80 71 14 146 32 167 42 100 81 57 20 152 45 75 24 147 77 0,
PFG_MOEA,788,3,520.32,1777.06,0 199 47 86 84 3 149 136 12 1 109 94 153 135 180 0,1
PFG_MOEA,788,4,520.32,1777.06,0 9 49 159 2 97 85 98 138 79 141 28 173 125 66 102 36 5 95 182 48 0,
PFG_MOEA,788,5,520.32,1777.06,0 16 198 191 110 140 165 187 18 39 70 72 54 164 150 200 21 96 197 43 194 174 76 116 106 92 126 133 91 74 154 103 188 171 181 192 40 63 117 101 68 15 123 175 122 139 46 51 107 134 19 25 93 129 148 121 37 113 179 114 26 73 166 108 59 99 83 160 178 33 82 145 143 170 161 130 65 177 62 55 8 4 111 132 163 56 13 193 78 0,106 111
PFG_MOEA,788,6,520.32,1777.06,0 60 64 0,
PFG_MOEA,789,1,546.46,1762.35,0 50 17 151 11 137 0,
PFG_MOEA,789,2,546.46,1762.35,0 169 124 88 67 61 0,
PFG_MOEA,789,3,546.46,1762.35,0 159 2 52 97 112 85 105 189 100 81 57 20 152 45 75 24 147 77 153 94 1 47 86 84 3 149 136 12 184 144 115 30 31 120 118 35 190 168 158 172 90 127 69 87 53 183 41 119 142 22 162 10 23 155 109 199 6 196 0,1
PFG_MOEA,789,4,546.46,1762.35,0 9 49 5 36 180 135 125 173 28 42 89 156 157 104 186 176 38 195 7 58 34 29 131 185 27 44 128 80 71 14 146 32 167 79 141 138 98 66 102 95 182 48 191 110 140 165 187 18 39 70 72 54 164 150 200 21 96 197 43 194 174 76 116 106 92 126 133 91 74 154 103 188 171 181 192 40 63 117 101 68 15 123 175 122 139 198 16 46 51 107 134 19 0,91
PFG_MOEA,789,5,546.46,1762.35,0 163 132 111 4 8 55 62 177 65 130 161 170 143 145 82 33 178 160 83 99 59 108 166 73 26 114 179 113 37 121 148 129 93 25 56 13 193 78 0,
PFG_MOEA,789,6,546.46,1762.35,0 60 64 0,
PFG_MOEA,790,1,403.49,1779.21,0 196 6 77 0,
PFG_MOEA,790,2,403.49,1779.21,0 199 94 109 1 144 61 124 169 151 11 137 88 67 155 23 10 162 22 142 119 41 183 53 87 69 127 90 172 158 168 190 35 118 120 31 30 115 184 12 136 149 3 84 86 47 153 147 24 75 45 152 105 189 112 52 2 159 102 36 5 49 9 180 0,
PFG_MOEA,790,3,403.49,1779.21,0 97 0,
PFG_MOEA,790,4,403.49,1779.21,0 20 57 81 89 156 157 104 186 176 38 195 7 58 34 29 131 185 27 44 128 80 71 14 146 32 167 42 100 79 141 138 98 28 173 66 85 125 135 0,89 131
PFG_MOEA,790,5,403.49,1779.21,0 16 139 198 95 182 191 48 165 187 18 39 54 72 70 164 150 200 21 96 197 43 194 174 76 116 106 92 126 133 91 74 154 103 188 171 181 192 40 63 117 140 110 101 68 15 123 175 122 46 51 107 134 19 8 55 0,21 198
PFG_MOEA,790,6,403.49,1779.21,0 60 78 193 163 13 62 177 65 130 161 170 143 145 82 33 178 160 83 99 59 108 166 73 26 114 179 113 37 121 148 129 93 25 4 111 56 132 64 50 17 0,56
PFG_MOEA,791,1,547.48,1749.89,0 151 0,
PFG_MOEA,791,2,547.48,1749.89,0 50 17 169 124 137 11 88 61 67 155 23 10 162 22 142 119 41 183 53 87 69 127 90 172 158 168 190 35 118 120 31 30 115 144 184 12 136 149 0,50 87 155
PFG_MOEA,791,3,547.48,1749.89,0 196 6 105 52 112 189 100 81 57 20 152 45 75 24 147 77 153 94 109 1 3 84 86 47 199 0,1
PFG_MOEA,791,4,547.48,1749.89,0 159 2 97 85 66 98 138 141 79 167 32 146 14 71 80 128 44 27 185 131 29 34 58 195 7 38 176 186 104 157 156 89 42 28 173 125 135 102 36 0,89
PFG_MOEA,791,5,547.48,1749.89,0 60 78 193 13 163 64 132 56 111 4 25 93 129 148 121 37 113 179 114 26 73 166 108 59 99 83 160 178 33 82 145 143 170 161 130 65 177 62 55 8 19 134 123 175 122 16 139 198 15 68 101 117 63 40 192 181 171 188 103 154 74 91 133 126 92 106 116 76 174 194 43 197 96 21 200 150 164 70 72 54 39 18 187 165 140 110 191 48 182 95 5 49 9 180 0,5 63 68
PFG_MOEA,791,6,547.48,1749.89,0 51 107 46 0,
PFG_MOEA,792,1,321.43,1884.2,0 196 6 199 77 94 109 1 184 115 30 31 120 118 35 190 168 158 172 90 127 69 87 53 183 41 119 142 22 162 10 23 155 67 88 137 11 151 169 124 61 144 0,
PFG_MOEA,792,2,321.43,1884.2,0 12 136 149 3 84 86 47 153 147 24 75 45 152 105 189 112 97 52 2 159 102 36 5 49 9 180 0,97
PFG_MOEA,792,3,321.43,1884.2,0 20 57 81 0,
PFG_MOEA,792,4,321.43,1884.2,0 135 125 89 156 157 104 186 176 38 195 7 58 34 29 131 185 27 44 128 80 71 14 146 32 167 42 100 79 141 138 98 28 173 66 85 72 54 39 18 187 165 48 191 182 95 198 139 16 0,89 185
PFG_MOEA,792,5,321.43,1884.2,0 70 164 150 200 21 96 197 43 194 174 76 116 106 92 126 133 91 74 154 103 188 171 181 192 40 63 117 140 110 101 68 15 123 175 122 46 51 107 134 19 0,21
PFG_MOEA,792,6,321.43,1884.2,0 60 50 64 78 193 163 13 8 55 62 177 65 130 161 170 143 145 82 33 178 160 83 99 59 108 166 73 26 114 179 113 37 121 148 129 93 25 4 111 56 132 17 0,
PFG_MOEA,793,1,363.45,1848.54,0 56 111 151 11 137 124 169 88 61 67 155 23 10 162 22 142 119 41 183 53 87 69 127 90 172 158 168 190 35 118 120 31 30 115 144 184 0,137
PFG_MOEA,793,2,363.45,1848.54,0 196 6 105 52 112 189 89 156 157 104 186 176 38 7 195 58 34 29 131 185 27 44 128 80 71 14 146 32 167 42 100 81 57 20 152 45 75 24 147 77 153 94 109 1 12 136 149 3 84 86 47 199 0,185
PFG_MOEA,793,3,363.45,1848.54,0 135 173 28 141 79 138 98 125 0,
PFG_MOEA,793,4,363.45,1848.54,0 159 2 97 85 66 102 36 5 49 0,
PFG_MOEA,793,5,363.45,1848.54,0 180 9 95 182 48 191 110 140 165 187 18 39 54 72 70 164 150 200 21 96 197 43 194 174 76 116 106 92 126 133 91 74 154 103 188 171 181 192 40 63 117 101 68 15 123 175 122 139 198 16 25 4 13 163 193 78 60 0,40 188
PFG_MOEA,793,6,363.45,1848.54,0 46 51 107 134 19 8 55 62 177 65 130 161 170 143 145 82 33 178 160 83 99 59 108 166 73 26 114 179 113 37 121 148 129 93 132 64 50 17 0,46
PFG_MOEA,794,1,261.55,2016.67,0 56 111 169 124 88 155 10 162 31 30 120 118 35 190 168 158 172 90 127 69 87 53 183 41 119 142 22 23 67 61 137 11 151 0,56 124
PFG_MOEA,794,2,261.55,2016.67,0 144 115 184 89 156 157 104 186 176 38 7 195 58 34 29 131 185 27 44 128 80 71 14 146 32 167 42 100 81 189 112 52 105 6 196 0,185
PFG_MOEA,794,3,261.55,2016.67,0 199 94 109 1 12 136 149 3 84 86 47 153 77 147 75 24 45 152 20 57 28 141 79 138 98 173 125 135 66 85 97 2 159 102 0,199
PFG_MOEA,794,4,261.55,2016.67,0 180 9 49 36 5 70 72 54 164 21 96 197 43 76 116 106 92 126 174 194 200 150 39 18 187 165 140 110 191 48 182 95 0,
PFG_MOEA,794,5,261.55,2016.67,0 16 139 198 117 63 181 171 192 40 74 91 133 154 103 188 101 68 15 123 175 25 129 148 93 4 13 163 193 78 60 0,63 188
PFG_MOEA,794,6,261.55,2016.67,0 46 122 51 107 134 19 8 55 62 177 65 130 161 170 143 145 82 33 178 160 83 99 59 108 166 73 26 114 179 113 37 121 132 64 50 17 0,46
PFG_MOEA,795,1,372.87,1829.64,0 199 47 86 84 3 149 136 12 1 109 94 153 77 147 24 75 45 152 20 57 28 42 100 173 98 138 141 79 167 32 146 14 71 80 128 44 27 185 131 29 34 58 195 7 38 176 186 104 157 156 89 81 135 125 189 112 52 159 0,
PFG_MOEA,795,2,372.87,1829.64,0 2 97 85 66 102 36 5 0,
PFG_MOEA,795,3,372.87,1829.64,0 180 9 49 95 182 48 191 110 140 165 187 18 39 54 72 70 164 150 200 21 96 197 43 194 174 76 116 106 92 126 133 91 74 154 103 188 171 181 192 40 63 117 101 68 15 123 175 122 139 198 16 0,40
PFG_MOEA,795,4,372.87,1829.64,0 60 78 193 13 64 50 17 132 4 8 55 62 177 65 130 161 170 143 145 82 33 178 160 83 99 59 108 166 73 26 114 179 113 37 121 148 129 93 25 19 134 107 51 46 0,
PFG_MOEA,795,5,372.87,1829.64,0 163 56 111 151 11 137 88 22 142 119 41 183 53 87 69 127 90 172 158 168 190 35 118 120 31 162 10 23 155 67 61 124 169 0,
PFG_MOEA,795,6,372.87,1829.64,0 144 115 30 184 105 6 196 0,105
PFG_MOEA,796,1,343.52,1869.54,0 184 144 115 120 118 35 190 168 158 172 90 127 69 87 53 183 41 119 30 31 162 142 22 10 23 155 67 61 88 137 11 151 0,
PFG_MOEA,796,2,343.52,1869.54,0 189 81 89 156 157 104 186 176 38 7 195 58 34 29 131 185 27 44 128 80 71 14 146 32 167 42 100 112 0,
PFG_MOEA,796,3,343.52,1869.54,0 94 109 1 12 136 149 3 84 86 47 153 77 147 75 24 45 199 196 6 52 105 152 20 57 28 141 79 138 98 173 125 135 66 85 97 2 159 102 49 9 180 0,173
PFG_MOEA,796,4,343.52,1869.54,0 36 5 0,
PFG_MOEA,796,5,343.52,1869.54,0 17 50 16 139 198 191 117 63 192 181 171 188 103 154 40 74 91 133 194 174 126 92 106 116 76 43 197 96 72 54 70 164 21 200 150 39 18 187 165 48 182 95 0,21 188 198
PFG_MOEA,796,6,343.52,1869.54,0 140 110 101 68 15 123 175 122 46 51 107 134 19 8 55 62 177 65 130 161 170 143 145 82 33 178 160 83 99 59 108 166 73 26 114 179 113 37 121 148 129 93 25 124 169 4 111 56 13 132 163 193 78 64 60 0,46 56 68 179
PFG_MOEA,797,1,336.24,1871.66,0 199 47 86 84 3 149 136 12 1 109 94 153 77 147 24 45 75 0,
PFG_MOEA,797,2,336.24,1871.66,0 95 5 36 102 97 112 85 66 125 135 81 89 156 157 104 186 176 38 7 195 58 34 29 131 185 27 44 128 80 71 14 146 32 167 79 141 138 98 173 100 42 28 57 20 152 189 52 2 159 180 49 9 0,89 185
PFG_MOEA,797,3,336.24,1871.66,0 182 48 191 110 140 165 187 18 39 54 72 70 164 150 200 21 96 197 43 194 174 76 116 106 92 126 133 91 74 154 103 188 171 181 192 40 63 117 101 68 15 123 175 122 139 0,68 91 139
PFG_MOEA,797,4,336.24,1871.66,0 16 198 46 51 107 134 19 25 93 129 148 121 37 113 179 114 26 73 166 108 59 99 83 160 178 33 82 145 143 170 161 130 65 177 62 55 8 4 111 132 163 56 13 193 78 60 64 50 17 151 0,
PFG_MOEA,797,5,336.24,1871.66,0 11 88 137 0,
PFG_MOEA,797,6,336.24,1871.66,0 169 124 61 67 155 23 10 162 22 142 119 41 183 53 87 69 127 90 172 158 168 190 35 118 120 30 31 115 144 184 105 6 196 0,155
PFG_MOEA,798,1,787.39,1705.64,0 196 153 0,
PFG_MOEA,798,2,787.39,1705.64,0 147 24 75 45 152 180 9 49 0,
PFG_MOEA,798,3,787.39,1705.64,0 5 36 102 0,
PFG_MOEA,798,4,787.39,1705.64,0 77 47 86 84 3 149 136 12 184 115 57 20 98 138 141 79 167 32 146 14 71 80 128 44 27 185 131 29 34 58 7 195 38 176 186 104 157 156 89 81 42 100 28 173 125 135 189 105 66 85 112 97 52 2 159 95 182 48 191 110 140 165 187 18 39 70 72 54 164 150 200 21 96 197 43 194 174 76 116 106 92 126 133 91 74 154 103 188 171 181 192 40 63 117 101 68 15 123 175 122 139 198 16 46 51 107 134 19 25 93 129 148 121 37 113 179 114 26 73 166 108 59 99 83 160 178 33 82 145 143 170 161 130 65 177 62 55 8 0,
PFG_MOEA,798,5,787.39,1705.64,0 163 132 4 111 56 13 193 78 60 0,
PFG_MOEA,798,6,787.39,1705.64,0 64 50 17 151 11 137 124 169 88 61 67 155 23 10 162 22 142 119 41 183 53 87 69 127 90 172 158 168 190 35 118 120 30 31 144 1 109 94 199 6 0,10 41 155
PFG_MOEA,799,1,313.2,1915.8,0 60 78 64 50 17 151 11 137 124 0,124
PFG_MOEA,799,2,313.2,1915.8,0 169 88 61 67 155 23 10 162 22 142 119 41 183 53 87 69 127 90 172 158 168 190 35 118 120 30 31 104 186 176 38 7 157 156 144 0,
PFG_MOEA,799,3,313.2,1915.8,0 189 81 100 42 167 32 146 14 71 80 128 44 27 185 131 29 34 58 195 112 0,29
PFG_MOEA,799,4,313.2,1915.8,0 196 6 199 75 45 24 147 77 153 94 109 1 115 184 12 136 149 3 84 86 47 57 20 98 138 141 79 89 28 173 125 135 66 85 97 52 105 152 2 159 102 36 5 49 9 180 0,5
PFG_MOEA,799,5,313.2,1915.8,0 139 122 175 123 15 68 101 117 63 40 192 181 171 188 103 154 74 91 133 126 92 106 116 76 174 194 43 197 96 21 200 150 164 54 72 70 39 18 187 165 140 110 191 48 182 95 198 0,63 91 188
PFG_MOEA,799,6,313.2,1915.8,0 16 46 51 107 134 19 25 93 129 148 121 37 113 179 114 26 73 166 108 59 99 83 160 178 33 82 145 143 170 161 130 65 177 62 55 8 4 111 132 163 56 13 193 0,46 145
PFG_MOEA,800,1,520.32,1777.06,0 50 17 151 11 137 124 169 88 61 67 155 23 10 162 22 142 119 41 183 53 87 69 127 90 172 158 168 190 35 118 120 31 30 115 144 184 0,137
PFG_MOEA,800,2,520.32,1777.06,0 196 6 105 52 112 189 89 156 157 104 186 176 38 7 195 58 34 29 131 185 27 44 128 80 71 14 146 32 167 42 100 81 57 20 152 45 75 24 147 77 0,
PFG_MOEA,800,3,520.32,1777.06,0 199 47 86 84 3 149 136 12 1 109 94 153 135 180 0,1
PFG_MOEA,800,4,520.32,1777.06,0 9 49 159 2 97 85 98 138 79 141 28 173 125 66 102 36 5 95 182 48 0,
PFG_MOEA,800,5,520.32,1777.06,0 16 198 191 110 140 165 187 18 39 70 72 54 164 150 200 21 96 197 43 194 174 76 116 106 92 126 133 91 74 154 103 188 171 181 192 40 63 117 101 68 15 123 175 122 139 46 51 107 134 19 25 93 129 148 121 37 113 179 114 26 73 166 108 59 99 83 160 178 33 82 145 143 170 161 130 65 177 62 55 8 4 111 132 163 56 13 193 78 0,106 111
PFG_MOEA,800,6,520.32,1777.06,0 60 64 0,
PFG_MOEA,801,1,546.46,1762.35,0 50 17 151 11 137 0,
PFG_MOEA,801,2,546.46,1762.35,0 169 124 88 67 61 0,
PFG_MOEA,801,3,546.46,1762.35,0 159 2 52 97 112 85 105 189 100 81 57 20 152 45 75 24 147 77 153 94 1 47 86 84 3 149 136 12 184 144 115 30 31 120 118 35 190 168 158 172 90 127 69 87 53 183 41 119 142 22 162 10 23 155 109 199 6 196 0,1
PFG_MOEA,801,4,546.46,1762.35,0 9 49 5 36 180 135 125 173 28 42 89 156 157 104 186 176 38 195 7 58 34 29 131 185 27 44 128 80 71 14 146 32 167 79 141 138 98 66 102 95 182 48 191 110 140 165 187 18 39 70 72 54 164 150 200 21 96 197 43 194 174 76 116 106 92 126 133 91 74 154 103 188 171 181 192 40 63 117 101 68 15 123 175 122 139 198 16 46 51 107 134 19 0,91
PFG_MOEA,801,5,546.46,1762.35,0 163 132 111 4 8 55 62 177 65 130 161 170 143 145 82 33 178 160 83 99 59 108 166 73 26 114 179 113 37 121 148 129 93 25 56 13 193 78 0,
PFG_MOEA,801,6,546.46,1762.35,0 60 64 0,
