algorithm,solution_id,truck_id,makespan,carbon,truck_route,drone_customers
PFG_MOEA,1,1,201.36,1069.24,0 27 12 73 14 11 83 96 26 10 89 59 44 38 47 69 28 46 0,83
PFG_MOEA,1,2,201.36,1069.24,0 7 30 15 71 35 40 16 18 19 31 17 20 91 0,31
PFG_MOEA,1,3,201.36,1069.24,0 25 2 99 34 43 92 1 84 23 22 70 72 67 86 82 58 77 50 0,
PFG_MOEA,1,4,201.36,1069.24,0 4 80 53 66 54 36 3 39 56 68 37 33 21 62 48 0,36 62
PFG_MOEA,1,5,201.36,1069.24,0 24 45 94 49 32 51 79 5 29 90 65 6 87 52 60 61 97 0,
PFG_MOEA,1,6,201.36,1069.24,0 42 76 9 55 75 81 93 100 8 57 95 41 98 85 88 63 74 78 64 13 0,42 88
PFG_MOEA,2,1,201.36,1069.24,0 27 12 73 14 11 83 96 26 10 89 59 44 38 47 69 28 46 0,83
PFG_MOEA,2,2,201.36,1069.24,0 7 30 15 71 35 40 16 18 19 31 17 20 91 0,31
PFG_MOEA,2,3,201.36,1069.24,0 25 2 99 34 43 92 1 84 23 22 70 72 67 86 82 58 77 50 0,
PFG_MOEA,2,4,201.36,1069.24,0 4 80 53 66 54 36 3 39 56 68 37 33 21 62 48 0,36 62
PFG_MOEA,2,5,201.36,1069.24,0 24 45 94 49 32 51 79 5 29 90 65 6 87 52 60 61 97 0,
PFG_MOEA,2,6,201.36,1069.24,0 42 76 9 55 75 81 93 100 8 57 95 41 98 85 88 63 74 78 64 13 0,42 88
PFG_MOEA,3,1,201.36,1069.24,0 27 12 73 14 11 83 96 26 10 89 59 44 38 47 69 28 46 0,83
PFG_MOEA,3,2,201.36,1069.24,0 7 30 15 71 35 40 16 18 19 31 17 20 91 0,31
PFG_MOEA,3,3,201.36,1069.24,0 25 2 99 34 43 92 1 84 23 22 70 72 67 86 82 58 77 50 0,
PFG_MOEA,3,4,201.36,1069.24,0 4 80 53 66 54 36 3 39 56 68 37 33 21 62 48 0,36 62
PFG_MOEA,3,5,201.36,1069.24,0 24 45 94 49 32 51 79 5 29 90 65 6 87 52 60 61 97 0,
PFG_MOEA,3,6,201.36,1069.24,0 42 76 9 55 75 81 93 100 8 57 95 41 98 85 88 63 74 78 64 13 0,42 88
PFG_MOEA,4,1,201.36,1069.24,0 27 12 73 14 11 83 96 26 10 89 59 44 38 47 69 28 46 0,83
PFG_MOEA,4,2,201.36,1069.24,0 7 30 15 71 35 40 16 18 19 31 17 20 91 0,31
PFG_MOEA,4,3,201.36,1069.24,0 25 2 99 34 43 92 1 84 23 22 70 72 67 86 82 58 77 50 0,
PFG_MOEA,4,4,201.36,1069.24,0 4 80 53 66 54 36 3 39 56 68 37 33 21 62 48 0,36 62
PFG_MOEA,4,5,201.36,1069.24,0 24 45 94 49 32 51 79 5 29 90 65 6 87 52 60 61 97 0,
PFG_MOEA,4,6,201.36,1069.24,0 42 76 9 55 75 81 93 100 8 57 95 41 98 85 88 63 74 78 64 13 0,42 88
PFG_MOEA,5,1,201.36,1069.24,0 27 12 73 14 11 83 96 26 10 89 59 44 38 47 69 28 46 0,83
PFG_MOEA,5,2,201.36,1069.24,0 7 30 15 71 35 40 16 18 19 31 17 20 91 0,31
PFG_MOEA,5,3,201.36,1069.24,0 25 2 99 34 43 92 1 84 23 22 70 72 67 86 82 58 77 50 0,
PFG_MOEA,5,4,201.36,1069.24,0 4 80 53 66 54 36 3 39 56 68 37 33 21 62 48 0,36 62
PFG_MOEA,5,5,201.36,1069.24,0 24 45 94 49 32 51 79 5 29 90 65 6 87 52 60 61 97 0,
PFG_MOEA,5,6,201.36,1069.24,0 42 76 9 55 75 81 93 100 8 57 95 41 98 85 88 63 74 78 64 13 0,42 88
PFG_MOEA,6,1,201.36,1069.24,0 27 12 73 14 11 83 96 26 10 89 59 44 38 47 69 28 46 0,83
PFG_MOEA,6,2,201.36,1069.24,0 7 30 15 71 35 40 16 18 19 31 17 20 91 0,31
PFG_MOEA,6,3,201.36,1069.24,0 25 2 99 34 43 92 1 84 23 22 70 72 67 86 82 58 77 50 0,
PFG_MOEA,6,4,201.36,1069.24,0 4 80 53 66 54 36 3 39 56 68 37 33 21 62 48 0,36 62
PFG_MOEA,6,5,201.36,1069.24,0 24 45 94 49 32 51 79 5 29 90 65 6 87 52 60 61 97 0,
PFG_MOEA,6,6,201.36,1069.24,0 42 76 9 55 75 81 93 100 8 57 95 41 98 85 88 63 74 78 64 13 0,42 88
PFG_MOEA,7,1,201.36,1069.24,0 27 12 73 14 11 83 96 26 10 89 59 44 38 47 69 28 46 0,83
PFG_MOEA,7,2,201.36,1069.24,0 7 30 15 71 35 40 16 18 19 31 17 20 91 0,31
PFG_MOEA,7,3,201.36,1069.24,0 25 2 99 34 43 92 1 84 23 22 70 72 67 86 82 58 77 50 0,
PFG_MOEA,7,4,201.36,1069.24,0 4 80 53 66 54 36 3 39 56 68 37 33 21 62 48 0,36 62
PFG_MOEA,7,5,201.36,1069.24,0 24 45 94 49 32 51 79 5 29 90 65 6 87 52 60 61 97 0,
PFG_MOEA,7,6,201.36,1069.24,0 42 76 9 55 75 81 93 100 8 57 95 41 98 85 88 63 74 78 64 13 0,42 88
PFG_MOEA,8,1,201.36,1069.24,0 27 12 73 14 11 83 96 26 10 89 59 44 38 47 69 28 46 0,83
PFG_MOEA,8,2,201.36,1069.24,0 7 30 15 71 35 40 16 18 19 31 17 20 91 0,31
PFG_MOEA,8,3,201.36,1069.24,0 25 2 99 34 43 92 1 84 23 22 70 72 67 86 82 58 77 50 0,
PFG_MOEA,8,4,201.36,1069.24,0 4 80 53 66 54 36 3 39 56 68 37 33 21 62 48 0,36 62
PFG_MOEA,8,5,201.36,1069.24,0 24 45 94 49 32 51 79 5 29 90 65 6 87 52 60 61 97 0,
PFG_MOEA,8,6,201.36,1069.24,0 42 76 9 55 75 81 93 100 8 57 95 41 98 85 88 63 74 78 64 13 0,42 88
PFG_MOEA,9,1,201.36,1069.24,0 27 12 73 14 11 83 96 26 10 89 59 44 38 47 69 28 46 0,83
PFG_MOEA,9,2,201.36,1069.24,0 7 30 15 71 35 40 16 18 19 31 17 20 91 0,31
PFG_MOEA,9,3,201.36,1069.24,0 25 2 99 34 43 92 1 84 23 22 70 72 67 86 82 58 77 50 0,
PFG_MOEA,9,4,201.36,1069.24,0 4 80 53 66 54 36 3 39 56 68 37 33 21 62 48 0,36 62
PFG_MOEA,9,5,201.36,1069.24,0 24 45 94 49 32 51 79 5 29 90 65 6 87 52 60 61 97 0,
PFG_MOEA,9,6,201.36,1069.24,0 42 76 9 55 75 81 93 100 8 57 95 41 98 85 88 63 74 78 64 13 0,42 88
PFG_MOEA,10,1,201.36,1069.24,0 27 12 73 14 11 83 96 26 10 89 59 44 38 47 69 28 46 0,83
PFG_MOEA,10,2,201.36,1069.24,0 7 30 15 71 35 40 16 18 19 31 17 20 91 0,31
PFG_MOEA,10,3,201.36,1069.24,0 25 2 99 34 43 92 1 84 23 22 70 72 67 86 82 58 77 50 0,
PFG_MOEA,10,4,201.36,1069.24,0 4 80 53 66 54 36 3 39 56 68 37 33 21 62 48 0,36 62
PFG_MOEA,10,5,201.36,1069.24,0 24 45 94 49 32 51 79 5 29 90 65 6 87 52 60 61 97 0,
PFG_MOEA,10,6,201.36,1069.24,0 42 76 9 55 75 81 93 100 8 57 95 41 98 85 88 63 74 78 64 13 0,42 88
PFG_MOEA,11,1,201.36,1069.24,0 27 12 73 14 11 83 96 26 10 89 59 44 38 47 69 28 46 0,83
PFG_MOEA,11,2,201.36,1069.24,0 7 30 15 71 35 40 16 18 19 31 17 20 91 0,31
PFG_MOEA,11,3,201.36,1069.24,0 25 2 99 34 43 92 1 84 23 22 70 72 67 86 82 58 77 50 0,
PFG_MOEA,11,4,201.36,1069.24,0 4 80 53 66 54 36 3 39 56 68 37 33 21 62 48 0,36 62
PFG_MOEA,11,5,201.36,1069.24,0 24 45 94 49 32 51 79 5 29 90 65 6 87 52 60 61 97 0,
PFG_MOEA,11,6,201.36,1069.24,0 42 76 9 55 75 81 93 100 8 57 95 41 98 85 88 63 74 78 64 13 0,42 88
PFG_MOEA,12,1,235.98,829.78,0 20 91 21 33 37 68 56 39 84 23 22 1 34 43 92 0,34
PFG_MOEA,12,2,235.98,829.78,0 99 0,99
PFG_MOEA,12,3,235.98,829.78,0 4 80 53 66 94 45 24 51 49 32 3 36 54 70 72 67 86 82 58 77 62 48 50 25 2 0,
PFG_MOEA,12,4,235.98,829.78,0 12 73 14 11 83 96 26 10 89 59 44 38 47 69 28 46 7 0,26
PFG_MOEA,12,5,235.98,829.78,0 79 5 29 90 65 6 87 52 60 61 97 75 13 27 0,
PFG_MOEA,12,6,235.98,829.78,0 8 100 93 9 55 76 42 81 57 95 41 98 85 88 63 74 78 64 30 15 71 35 31 17 40 16 18 19 0,42 64
PFG_MOEA,13,1,201.36,1069.24,0 27 12 73 14 11 83 96 26 10 89 59 44 38 47 69 28 46 0,83
PFG_MOEA,13,2,201.36,1069.24,0 7 30 15 71 35 40 16 18 19 31 17 20 91 0,31
PFG_MOEA,13,3,201.36,1069.24,0 25 2 99 34 43 92 1 84 23 22 70 72 67 86 82 58 77 50 0,
PFG_MOEA,13,4,201.36,1069.24,0 4 80 53 66 54 36 3 39 56 68 37 33 21 62 48 0,36 62
PFG_MOEA,13,5,201.36,1069.24,0 24 45 94 49 32 51 79 5 29 90 65 6 87 52 60 61 97 0,
PFG_MOEA,13,6,201.36,1069.24,0 42 76 9 55 75 81 93 100 8 57 95 41 98 85 88 63 74 78 64 13 0,42 88
PFG_MOEA,14,1,235.98,829.78,0 20 91 21 33 37 68 56 39 84 23 22 1 34 43 92 0,34
PFG_MOEA,14,2,235.98,829.78,0 99 0,99
PFG_MOEA,14,3,235.98,829.78,0 4 80 53 66 94 45 24 51 49 32 3 36 54 70 72 67 86 82 58 77 62 48 50 25 2 0,
PFG_MOEA,14,4,235.98,829.78,0 12 73 14 11 83 96 26 10 89 59 44 38 47 69 28 46 7 0,26
PFG_MOEA,14,5,235.98,829.78,0 79 5 29 90 65 6 87 52 60 61 97 75 13 27 0,
PFG_MOEA,14,6,235.98,829.78,0 8 100 93 9 55 76 42 81 57 95 41 98 85 88 63 74 78 64 30 15 71 35 31 17 40 16 18 19 0,42 64
PFG_MOEA,15,1,201.36,1069.24,0 27 12 73 14 11 83 96 26 10 89 59 44 38 47 69 28 46 0,83
PFG_MOEA,15,2,201.36,1069.24,0 7 30 15 71 35 40 16 18 19 31 17 20 91 0,31
PFG_MOEA,15,3,201.36,1069.24,0 25 2 99 34 43 92 1 84 23 22 70 72 67 86 82 58 77 50 0,
PFG_MOEA,15,4,201.36,1069.24,0 4 80 53 66 54 36 3 39 56 68 37 33 21 62 48 0,36 62
PFG_MOEA,15,5,201.36,1069.24,0 24 45 94 49 32 51 79 5 29 90 65 6 87 52 60 61 97 0,
PFG_MOEA,15,6,201.36,1069.24,0 42 76 9 55 75 81 93 100 8 57 95 41 98 85 88 63 74 78 64 13 0,42 88
PFG_MOEA,16,1,235.98,829.78,0 20 91 21 33 37 68 56 39 84 23 22 1 34 43 92 0,34
PFG_MOEA,16,2,235.98,829.78,0 99 0,99
PFG_MOEA,16,3,235.98,829.78,0 4 80 53 66 94 45 24 51 49 32 3 36 54 70 72 67 86 82 58 77 62 48 50 25 2 0,
PFG_MOEA,16,4,235.98,829.78,0 12 73 14 11 83 96 26 10 89 59 44 38 47 69 28 46 7 0,26
PFG_MOEA,16,5,235.98,829.78,0 79 5 29 90 65 6 87 52 60 61 97 75 13 27 0,
PFG_MOEA,16,6,235.98,829.78,0 8 100 93 9 55 76 42 81 57 95 41 98 85 88 63 74 78 64 30 15 71 35 31 17 40 16 18 19 0,42 64
PFG_MOEA,17,1,201.36,1069.24,0 27 12 73 14 11 83 96 26 10 89 59 44 38 47 69 28 46 0,83
PFG_MOEA,17,2,201.36,1069.24,0 7 30 15 71 35 40 16 18 19 31 17 20 91 0,31
PFG_MOEA,17,3,201.36,1069.24,0 25 2 99 34 43 92 1 84 23 22 70 72 67 86 82 58 77 50 0,
PFG_MOEA,17,4,201.36,1069.24,0 4 80 53 66 54 36 3 39 56 68 37 33 21 62 48 0,36 62
PFG_MOEA,17,5,201.36,1069.24,0 24 45 94 49 32 51 79 5 29 90 65 6 87 52 60 61 97 0,
PFG_MOEA,17,6,201.36,1069.24,0 42 76 9 55 75 81 93 100 8 57 95 41 98 85 88 63 74 78 64 13 0,42 88
PFG_MOEA,18,1,235.98,829.78,0 20 91 21 33 37 68 56 39 84 23 22 1 34 43 92 0,34
PFG_MOEA,18,2,235.98,829.78,0 99 0,99
PFG_MOEA,18,3,235.98,829.78,0 4 80 53 66 94 45 24 51 49 32 3 36 54 70 72 67 86 82 58 77 62 48 50 25 2 0,
PFG_MOEA,18,4,235.98,829.78,0 12 73 14 11 83 96 26 10 89 59 44 38 47 69 28 46 7 0,26
PFG_MOEA,18,5,235.98,829.78,0 79 5 29 90 65 6 87 52 60 61 97 75 13 27 0,
PFG_MOEA,18,6,235.98,829.78,0 8 100 93 9 55 76 42 81 57 95 41 98 85 88 63 74 78 64 30 15 71 35 31 17 40 16 18 19 0,42 64
PFG_MOEA,19,1,201.36,1069.24,0 27 12 73 14 11 83 96 26 10 89 59 44 38 47 69 28 46 0,83
PFG_MOEA,19,2,201.36,1069.24,0 7 30 15 71 35 40 16 18 19 31 17 20 91 0,31
PFG_MOEA,19,3,201.36,1069.24,0 25 2 99 34 43 92 1 84 23 22 70 72 67 86 82 58 77 50 0,
PFG_MOEA,19,4,201.36,1069.24,0 4 80 53 66 54 36 3 39 56 68 37 33 21 62 48 0,36 62
PFG_MOEA,19,5,201.36,1069.24,0 24 45 94 49 32 51 79 5 29 90 65 6 87 52 60 61 97 0,
PFG_MOEA,19,6,201.36,1069.24,0 42 76 9 55 75 81 93 100 8 57 95 41 98 85 88 63 74 78 64 13 0,42 88
PFG_MOEA,20,1,235.98,829.78,0 20 91 21 33 37 68 56 39 84 23 22 1 34 43 92 0,34
PFG_MOEA,20,2,235.98,829.78,0 99 0,99
PFG_MOEA,20,3,235.98,829.78,0 4 80 53 66 94 45 24 51 49 32 3 36 54 70 72 67 86 82 58 77 62 48 50 25 2 0,
PFG_MOEA,20,4,235.98,829.78,0 12 73 14 11 83 96 26 10 89 59 44 38 47 69 28 46 7 0,26
PFG_MOEA,20,5,235.98,829.78,0 79 5 29 90 65 6 87 52 60 61 97 75 13 27 0,
PFG_MOEA,20,6,235.98,829.78,0 8 100 93 9 55 76 42 81 57 95 41 98 85 88 63 74 78 64 30 15 71 35 31 17 40 16 18 19 0,42 64
PFG_MOEA,21,1,201.36,1069.24,0 27 12 73 14 11 83 96 26 10 89 59 44 38 47 69 28 46 0,83
PFG_MOEA,21,2,201.36,1069.24,0 7 30 15 71 35 40 16 18 19 31 17 20 91 0,31
PFG_MOEA,21,3,201.36,1069.24,0 25 2 99 34 43 92 1 84 23 22 70 72 67 86 82 58 77 50 0,
PFG_MOEA,21,4,201.36,1069.24,0 4 80 53 66 54 36 3 39 56 68 37 33 21 62 48 0,36 62
PFG_MOEA,21,5,201.36,1069.24,0 24 45 94 49 32 51 79 5 29 90 65 6 87 52 60 61 97 0,
PFG_MOEA,21,6,201.36,1069.24,0 42 76 9 55 75 81 93 100 8 57 95 41 98 85 88 63 74 78 64 13 0,42 88
PFG_MOEA,22,1,235.98,829.78,0 20 91 21 33 37 68 56 39 84 23 22 1 34 43 92 0,34
PFG_MOEA,22,2,235.98,829.78,0 99 0,99
PFG_MOEA,22,3,235.98,829.78,0 4 80 53 66 94 45 24 51 49 32 3 36 54 70 72 67 86 82 58 77 62 48 50 25 2 0,
PFG_MOEA,22,4,235.98,829.78,0 12 73 14 11 83 96 26 10 89 59 44 38 47 69 28 46 7 0,26
PFG_MOEA,22,5,235.98,829.78,0 79 5 29 90 65 6 87 52 60 61 97 75 13 27 0,
PFG_MOEA,22,6,235.98,829.78,0 8 100 93 9 55 76 42 81 57 95 41 98 85 88 63 74 78 64 30 15 71 35 31 17 40 16 18 19 0,42 64
PFG_MOEA,23,1,201.36,1069.24,0 27 12 73 14 11 83 96 26 10 89 59 44 38 47 69 28 46 0,83
PFG_MOEA,23,2,201.36,1069.24,0 7 30 15 71 35 40 16 18 19 31 17 20 91 0,31
PFG_MOEA,23,3,201.36,1069.24,0 25 2 99 34 43 92 1 84 23 22 70 72 67 86 82 58 77 50 0,
PFG_MOEA,23,4,201.36,1069.24,0 4 80 53 66 54 36 3 39 56 68 37 33 21 62 48 0,36 62
PFG_MOEA,23,5,201.36,1069.24,0 24 45 94 49 32 51 79 5 29 90 65 6 87 52 60 61 97 0,
PFG_MOEA,23,6,201.36,1069.24,0 42 76 9 55 75 81 93 100 8 57 95 41 98 85 88 63 74 78 64 13 0,42 88
PFG_MOEA,24,1,235.98,829.78,0 20 91 21 33 37 68 56 39 84 23 22 1 34 43 92 0,34
PFG_MOEA,24,2,235.98,829.78,0 99 0,99
PFG_MOEA,24,3,235.98,829.78,0 4 80 53 66 94 45 24 51 49 32 3 36 54 70 72 67 86 82 58 77 62 48 50 25 2 0,
PFG_MOEA,24,4,235.98,829.78,0 12 73 14 11 83 96 26 10 89 59 44 38 47 69 28 46 7 0,26
PFG_MOEA,24,5,235.98,829.78,0 79 5 29 90 65 6 87 52 60 61 97 75 13 27 0,
PFG_MOEA,24,6,235.98,829.78,0 8 100 93 9 55 76 42 81 57 95 41 98 85 88 63 74 78 64 30 15 71 35 31 17 40 16 18 19 0,42 64
PFG_MOEA,25,1,201.36,1069.24,0 27 12 73 14 11 83 96 26 10 89 59 44 38 47 69 28 46 0,83
PFG_MOEA,25,2,201.36,1069.24,0 7 30 15 71 35 40 16 18 19 31 17 20 91 0,31
PFG_MOEA,25,3,201.36,1069.24,0 25 2 99 34 43 92 1 84 23 22 70 72 67 86 82 58 77 50 0,
PFG_MOEA,25,4,201.36,1069.24,0 4 80 53 66 54 36 3 39 56 68 37 33 21 62 48 0,36 62
PFG_MOEA,25,5,201.36,1069.24,0 24 45 94 49 32 51 79 5 29 90 65 6 87 52 60 61 97 0,
PFG_MOEA,25,6,201.36,1069.24,0 42 76 9 55 75 81 93 100 8 57 95 41 98 85 88 63 74 78 64 13 0,42 88
PFG_MOEA,26,1,235.98,829.78,0 20 91 21 33 37 68 56 39 84 23 22 1 34 43 92 0,34
PFG_MOEA,26,2,235.98,829.78,0 99 0,99
PFG_MOEA,26,3,235.98,829.78,0 4 80 53 66 94 45 24 51 49 32 3 36 54 70 72 67 86 82 58 77 62 48 50 25 2 0,
PFG_MOEA,26,4,235.98,829.78,0 12 73 14 11 83 96 26 10 89 59 44 38 47 69 28 46 7 0,26
PFG_MOEA,26,5,235.98,829.78,0 79 5 29 90 65 6 87 52 60 61 97 75 13 27 0,
PFG_MOEA,26,6,235.98,829.78,0 8 100 93 9 55 76 42 81 57 95 41 98 85 88 63 74 78 64 30 15 71 35 31 17 40 16 18 19 0,42 64
PFG_MOEA,27,1,201.36,1069.24,0 27 12 73 14 11 83 96 26 10 89 59 44 38 47 69 28 46 0,83
PFG_MOEA,27,2,201.36,1069.24,0 7 30 15 71 35 40 16 18 19 31 17 20 91 0,31
PFG_MOEA,27,3,201.36,1069.24,0 25 2 99 34 43 92 1 84 23 22 70 72 67 86 82 58 77 50 0,
PFG_MOEA,27,4,201.36,1069.24,0 4 80 53 66 54 36 3 39 56 68 37 33 21 62 48 0,36 62
PFG_MOEA,27,5,201.36,1069.24,0 24 45 94 49 32 51 79 5 29 90 65 6 87 52 60 61 97 0,
PFG_MOEA,27,6,201.36,1069.24,0 42 76 9 55 75 81 93 100 8 57 95 41 98 85 88 63 74 78 64 13 0,42 88
PFG_MOEA,28,1,235.98,829.78,0 20 91 21 33 37 68 56 39 84 23 22 1 34 43 92 0,34
PFG_MOEA,28,2,235.98,829.78,0 99 0,99
PFG_MOEA,28,3,235.98,829.78,0 4 80 53 66 94 45 24 51 49 32 3 36 54 70 72 67 86 82 58 77 62 48 50 25 2 0,
PFG_MOEA,28,4,235.98,829.78,0 12 73 14 11 83 96 26 10 89 59 44 38 47 69 28 46 7 0,26
PFG_MOEA,28,5,235.98,829.78,0 79 5 29 90 65 6 87 52 60 61 97 75 13 27 0,
PFG_MOEA,28,6,235.98,829.78,0 8 100 93 9 55 76 42 81 57 95 41 98 85 88 63 74 78 64 30 15 71 35 31 17 40 16 18 19 0,42 64
PFG_MOEA,29,1,201.36,1069.24,0 27 12 73 14 11 83 96 26 10 89 59 44 38 47 69 28 46 0,83
PFG_MOEA,29,2,201.36,1069.24,0 7 30 15 71 35 40 16 18 19 31 17 20 91 0,31
PFG_MOEA,29,3,201.36,1069.24,0 25 2 99 34 43 92 1 84 23 22 70 72 67 86 82 58 77 50 0,
PFG_MOEA,29,4,201.36,1069.24,0 4 80 53 66 54 36 3 39 56 68 37 33 21 62 48 0,36 62
PFG_MOEA,29,5,201.36,1069.24,0 24 45 94 49 32 51 79 5 29 90 65 6 87 52 60 61 97 0,
PFG_MOEA,29,6,201.36,1069.24,0 42 76 9 55 75 81 93 100 8 57 95 41 98 85 88 63 74 78 64 13 0,42 88
PFG_MOEA,30,1,235.98,829.78,0 20 91 21 33 37 68 56 39 84 23 22 1 34 43 92 0,34
PFG_MOEA,30,2,235.98,829.78,0 99 0,99
PFG_MOEA,30,3,235.98,829.78,0 4 80 53 66 94 45 24 51 49 32 3 36 54 70 72 67 86 82 58 77 62 48 50 25 2 0,
PFG_MOEA,30,4,235.98,829.78,0 12 73 14 11 83 96 26 10 89 59 44 38 47 69 28 46 7 0,26
PFG_MOEA,30,5,235.98,829.78,0 79 5 29 90 65 6 87 52 60 61 97 75 13 27 0,
PFG_MOEA,30,6,235.98,829.78,0 8 100 93 9 55 76 42 81 57 95 41 98 85 88 63 74 78 64 30 15 71 35 31 17 40 16 18 19 0,42 64
PFG_MOEA,31,1,201.36,1069.24,0 27 12 73 14 11 83 96 26 10 89 59 44 38 47 69 28 46 0,83
PFG_MOEA,31,2,201.36,1069.24,0 7 30 15 71 35 40 16 18 19 31 17 20 91 0,31
PFG_MOEA,31,3,201.36,1069.24,0 25 2 99 34 43 92 1 84 23 22 70 72 67 86 82 58 77 50 0,
PFG_MOEA,31,4,201.36,1069.24,0 4 80 53 66 54 36 3 39 56 68 37 33 21 62 48 0,36 62
PFG_MOEA,31,5,201.36,1069.24,0 24 45 94 49 32 51 79 5 29 90 65 6 87 52 60 61 97 0,
PFG_MOEA,31,6,201.36,1069.24,0 42 76 9 55 75 81 93 100 8 57 95 41 98 85 88 63 74 78 64 13 0,42 88
PFG_MOEA,32,1,235.98,829.78,0 20 91 21 33 37 68 56 39 84 23 22 1 34 43 92 0,34
PFG_MOEA,32,2,235.98,829.78,0 99 0,99
PFG_MOEA,32,3,235.98,829.78,0 4 80 53 66 94 45 24 51 49 32 3 36 54 70 72 67 86 82 58 77 62 48 50 25 2 0,
PFG_MOEA,32,4,235.98,829.78,0 12 73 14 11 83 96 26 10 89 59 44 38 47 69 28 46 7 0,26
PFG_MOEA,32,5,235.98,829.78,0 79 5 29 90 65 6 87 52 60 61 97 75 13 27 0,
PFG_MOEA,32,6,235.98,829.78,0 8 100 93 9 55 76 42 81 57 95 41 98 85 88 63 74 78 64 30 15 71 35 31 17 40 16 18 19 0,42 64
PFG_MOEA,33,1,201.36,1069.24,0 27 12 73 14 11 83 96 26 10 89 59 44 38 47 69 28 46 0,83
PFG_MOEA,33,2,201.36,1069.24,0 7 30 15 71 35 40 16 18 19 31 17 20 91 0,31
PFG_MOEA,33,3,201.36,1069.24,0 25 2 99 34 43 92 1 84 23 22 70 72 67 86 82 58 77 50 0,
PFG_MOEA,33,4,201.36,1069.24,0 4 80 53 66 54 36 3 39 56 68 37 33 21 62 48 0,36 62
PFG_MOEA,33,5,201.36,1069.24,0 24 45 94 49 32 51 79 5 29 90 65 6 87 52 60 61 97 0,
PFG_MOEA,33,6,201.36,1069.24,0 42 76 9 55 75 81 93 100 8 57 95 41 98 85 88 63 74 78 64 13 0,42 88
PFG_MOEA,34,1,235.98,829.78,0 20 91 21 33 37 68 56 39 84 23 22 1 34 43 92 0,34
PFG_MOEA,34,2,235.98,829.78,0 99 0,99
PFG_MOEA,34,3,235.98,829.78,0 4 80 53 66 94 45 24 51 49 32 3 36 54 70 72 67 86 82 58 77 62 48 50 25 2 0,
PFG_MOEA,34,4,235.98,829.78,0 12 73 14 11 83 96 26 10 89 59 44 38 47 69 28 46 7 0,26
PFG_MOEA,34,5,235.98,829.78,0 79 5 29 90 65 6 87 52 60 61 97 75 13 27 0,
PFG_MOEA,34,6,235.98,829.78,0 8 100 93 9 55 76 42 81 57 95 41 98 85 88 63 74 78 64 30 15 71 35 31 17 40 16 18 19 0,42 64
PFG_MOEA,35,1,201.36,1069.24,0 27 12 73 14 11 83 96 26 10 89 59 44 38 47 69 28 46 0,83
PFG_MOEA,35,2,201.36,1069.24,0 7 30 15 71 35 40 16 18 19 31 17 20 91 0,31
PFG_MOEA,35,3,201.36,1069.24,0 25 2 99 34 43 92 1 84 23 22 70 72 67 86 82 58 77 50 0,
PFG_MOEA,35,4,201.36,1069.24,0 4 80 53 66 54 36 3 39 56 68 37 33 21 62 48 0,36 62
PFG_MOEA,35,5,201.36,1069.24,0 24 45 94 49 32 51 79 5 29 90 65 6 87 52 60 61 97 0,
PFG_MOEA,35,6,201.36,1069.24,0 42 76 9 55 75 81 93 100 8 57 95 41 98 85 88 63 74 78 64 13 0,42 88
PFG_MOEA,36,1,235.98,829.78,0 20 91 21 33 37 68 56 39 84 23 22 1 34 43 92 0,34
PFG_MOEA,36,2,235.98,829.78,0 99 0,99
PFG_MOEA,36,3,235.98,829.78,0 4 80 53 66 94 45 24 51 49 32 3 36 54 70 72 67 86 82 58 77 62 48 50 25 2 0,
PFG_MOEA,36,4,235.98,829.78,0 12 73 14 11 83 96 26 10 89 59 44 38 47 69 28 46 7 0,26
PFG_MOEA,36,5,235.98,829.78,0 79 5 29 90 65 6 87 52 60 61 97 75 13 27 0,
PFG_MOEA,36,6,235.98,829.78,0 8 100 93 9 55 76 42 81 57 95 41 98 85 88 63 74 78 64 30 15 71 35 31 17 40 16 18 19 0,42 64
PFG_MOEA,37,1,201.36,1069.24,0 27 12 73 14 11 83 96 26 10 89 59 44 38 47 69 28 46 0,83
PFG_MOEA,37,2,201.36,1069.24,0 7 30 15 71 35 40 16 18 19 31 17 20 91 0,31
PFG_MOEA,37,3,201.36,1069.24,0 25 2 99 34 43 92 1 84 23 22 70 72 67 86 82 58 77 50 0,
PFG_MOEA,37,4,201.36,1069.24,0 4 80 53 66 54 36 3 39 56 68 37 33 21 62 48 0,36 62
PFG_MOEA,37,5,201.36,1069.24,0 24 45 94 49 32 51 79 5 29 90 65 6 87 52 60 61 97 0,
PFG_MOEA,37,6,201.36,1069.24,0 42 76 9 55 75 81 93 100 8 57 95 41 98 85 88 63 74 78 64 13 0,42 88
PFG_MOEA,38,1,235.98,829.78,0 20 91 21 33 37 68 56 39 84 23 22 1 34 43 92 0,34
PFG_MOEA,38,2,235.98,829.78,0 99 0,99
PFG_MOEA,38,3,235.98,829.78,0 4 80 53 66 94 45 24 51 49 32 3 36 54 70 72 67 86 82 58 77 62 48 50 25 2 0,
PFG_MOEA,38,4,235.98,829.78,0 12 73 14 11 83 96 26 10 89 59 44 38 47 69 28 46 7 0,26
PFG_MOEA,38,5,235.98,829.78,0 79 5 29 90 65 6 87 52 60 61 97 75 13 27 0,
PFG_MOEA,38,6,235.98,829.78,0 8 100 93 9 55 76 42 81 57 95 41 98 85 88 63 74 78 64 30 15 71 35 31 17 40 16 18 19 0,42 64
PFG_MOEA,39,1,201.36,1069.24,0 27 12 73 14 11 83 96 26 10 89 59 44 38 47 69 28 46 0,83
PFG_MOEA,39,2,201.36,1069.24,0 7 30 15 71 35 40 16 18 19 31 17 20 91 0,31
PFG_MOEA,39,3,201.36,1069.24,0 25 2 99 34 43 92 1 84 23 22 70 72 67 86 82 58 77 50 0,
PFG_MOEA,39,4,201.36,1069.24,0 4 80 53 66 54 36 3 39 56 68 37 33 21 62 48 0,36 62
PFG_MOEA,39,5,201.36,1069.24,0 24 45 94 49 32 51 79 5 29 90 65 6 87 52 60 61 97 0,
PFG_MOEA,39,6,201.36,1069.24,0 42 76 9 55 75 81 93 100 8 57 95 41 98 85 88 63 74 78 64 13 0,42 88
PFG_MOEA,40,1,235.98,829.78,0 20 91 21 33 37 68 56 39 84 23 22 1 34 43 92 0,34
PFG_MOEA,40,2,235.98,829.78,0 99 0,99
PFG_MOEA,40,3,235.98,829.78,0 4 80 53 66 94 45 24 51 49 32 3 36 54 70 72 67 86 82 58 77 62 48 50 25 2 0,
PFG_MOEA,40,4,235.98,829.78,0 12 73 14 11 83 96 26 10 89 59 44 38 47 69 28 46 7 0,26
PFG_MOEA,40,5,235.98,829.78,0 79 5 29 90 65 6 87 52 60 61 97 75 13 27 0,
PFG_MOEA,40,6,235.98,829.78,0 8 100 93 9 55 76 42 81 57 95 41 98 85 88 63 74 78 64 30 15 71 35 31 17 40 16 18 19 0,42 64
PFG_MOEA,41,1,201.36,1069.24,0 27 12 73 14 11 83 96 26 10 89 59 44 38 47 69 28 46 0,83
PFG_MOEA,41,2,201.36,1069.24,0 7 30 15 71 35 40 16 18 19 31 17 20 91 0,31
PFG_MOEA,41,3,201.36,1069.24,0 25 2 99 34 43 92 1 84 23 22 70 72 67 86 82 58 77 50 0,
PFG_MOEA,41,4,201.36,1069.24,0 4 80 53 66 54 36 3 39 56 68 37 33 21 62 48 0,36 62
PFG_MOEA,41,5,201.36,1069.24,0 24 45 94 49 32 51 79 5 29 90 65 6 87 52 60 61 97 0,
PFG_MOEA,41,6,201.36,1069.24,0 42 76 9 55 75 81 93 100 8 57 95 41 98 85 88 63 74 78 64 13 0,42 88
PFG_MOEA,42,1,235.98,829.78,0 20 91 21 33 37 68 56 39 84 23 22 1 34 43 92 0,34
PFG_MOEA,42,2,235.98,829.78,0 99 0,99
PFG_MOEA,42,3,235.98,829.78,0 4 80 53 66 94 45 24 51 49 32 3 36 54 70 72 67 86 82 58 77 62 48 50 25 2 0,
PFG_MOEA,42,4,235.98,829.78,0 12 73 14 11 83 96 26 10 89 59 44 38 47 69 28 46 7 0,26
PFG_MOEA,42,5,235.98,829.78,0 79 5 29 90 65 6 87 52 60 61 97 75 13 27 0,
PFG_MOEA,42,6,235.98,829.78,0 8 100 93 9 55 76 42 81 57 95 41 98 85 88 63 74 78 64 30 15 71 35 31 17 40 16 18 19 0,42 64
PFG_MOEA,43,1,201.36,1069.24,0 27 12 73 14 11 83 96 26 10 89 59 44 38 47 69 28 46 0,83
PFG_MOEA,43,2,201.36,1069.24,0 7 30 15 71 35 40 16 18 19 31 17 20 91 0,31
PFG_MOEA,43,3,201.36,1069.24,0 25 2 99 34 43 92 1 84 23 22 70 72 67 86 82 58 77 50 0,
PFG_MOEA,43,4,201.36,1069.24,0 4 80 53 66 54 36 3 39 56 68 37 33 21 62 48 0,36 62
PFG_MOEA,43,5,201.36,1069.24,0 24 45 94 49 32 51 79 5 29 90 65 6 87 52 60 61 97 0,
PFG_MOEA,43,6,201.36,1069.24,0 42 76 9 55 75 81 93 100 8 57 95 41 98 85 88 63 74 78 64 13 0,42 88
PFG_MOEA,44,1,235.98,829.78,0 20 91 21 33 37 68 56 39 84 23 22 1 34 43 92 0,34
PFG_MOEA,44,2,235.98,829.78,0 99 0,99
PFG_MOEA,44,3,235.98,829.78,0 4 80 53 66 94 45 24 51 49 32 3 36 54 70 72 67 86 82 58 77 62 48 50 25 2 0,
PFG_MOEA,44,4,235.98,829.78,0 12 73 14 11 83 96 26 10 89 59 44 38 47 69 28 46 7 0,26
PFG_MOEA,44,5,235.98,829.78,0 79 5 29 90 65 6 87 52 60 61 97 75 13 27 0,
PFG_MOEA,44,6,235.98,829.78,0 8 100 93 9 55 76 42 81 57 95 41 98 85 88 63 74 78 64 30 15 71 35 31 17 40 16 18 19 0,42 64
PFG_MOEA,45,1,201.36,1069.24,0 27 12 73 14 11 83 96 26 10 89 59 44 38 47 69 28 46 0,83
PFG_MOEA,45,2,201.36,1069.24,0 7 30 15 71 35 40 16 18 19 31 17 20 91 0,31
PFG_MOEA,45,3,201.36,1069.24,0 25 2 99 34 43 92 1 84 23 22 70 72 67 86 82 58 77 50 0,
PFG_MOEA,45,4,201.36,1069.24,0 4 80 53 66 54 36 3 39 56 68 37 33 21 62 48 0,36 62
PFG_MOEA,45,5,201.36,1069.24,0 24 45 94 49 32 51 79 5 29 90 65 6 87 52 60 61 97 0,
PFG_MOEA,45,6,201.36,1069.24,0 42 76 9 55 75 81 93 100 8 57 95 41 98 85 88 63 74 78 64 13 0,42 88
PFG_MOEA,46,1,235.98,829.78,0 20 91 21 33 37 68 56 39 84 23 22 1 34 43 92 0,34
PFG_MOEA,46,2,235.98,829.78,0 99 0,99
PFG_MOEA,46,3,235.98,829.78,0 4 80 53 66 94 45 24 51 49 32 3 36 54 70 72 67 86 82 58 77 62 48 50 25 2 0,
PFG_MOEA,46,4,235.98,829.78,0 12 73 14 11 83 96 26 10 89 59 44 38 47 69 28 46 7 0,26
PFG_MOEA,46,5,235.98,829.78,0 79 5 29 90 65 6 87 52 60 61 97 75 13 27 0,
PFG_MOEA,46,6,235.98,829.78,0 8 100 93 9 55 76 42 81 57 95 41 98 85 88 63 74 78 64 30 15 71 35 31 17 40 16 18 19 0,42 64
PFG_MOEA,47,1,201.36,1069.24,0 27 12 73 14 11 83 96 26 10 89 59 44 38 47 69 28 46 0,83
PFG_MOEA,47,2,201.36,1069.24,0 7 30 15 71 35 40 16 18 19 31 17 20 91 0,31
PFG_MOEA,47,3,201.36,1069.24,0 25 2 99 34 43 92 1 84 23 22 70 72 67 86 82 58 77 50 0,
PFG_MOEA,47,4,201.36,1069.24,0 4 80 53 66 54 36 3 39 56 68 37 33 21 62 48 0,36 62
PFG_MOEA,47,5,201.36,1069.24,0 24 45 94 49 32 51 79 5 29 90 65 6 87 52 60 61 97 0,
PFG_MOEA,47,6,201.36,1069.24,0 42 76 9 55 75 81 93 100 8 57 95 41 98 85 88 63 74 78 64 13 0,42 88
PFG_MOEA,48,1,235.98,829.78,0 20 91 21 33 37 68 56 39 84 23 22 1 34 43 92 0,34
PFG_MOEA,48,2,235.98,829.78,0 99 0,99
PFG_MOEA,48,3,235.98,829.78,0 4 80 53 66 94 45 24 51 49 32 3 36 54 70 72 67 86 82 58 77 62 48 50 25 2 0,
PFG_MOEA,48,4,235.98,829.78,0 12 73 14 11 83 96 26 10 89 59 44 38 47 69 28 46 7 0,26
PFG_MOEA,48,5,235.98,829.78,0 79 5 29 90 65 6 87 52 60 61 97 75 13 27 0,
PFG_MOEA,48,6,235.98,829.78,0 8 100 93 9 55 76 42 81 57 95 41 98 85 88 63 74 78 64 30 15 71 35 31 17 40 16 18 19 0,42 64
PFG_MOEA,49,1,201.36,1069.24,0 27 12 73 14 11 83 96 26 10 89 59 44 38 47 69 28 46 0,83
PFG_MOEA,49,2,201.36,1069.24,0 7 30 15 71 35 40 16 18 19 31 17 20 91 0,31
PFG_MOEA,49,3,201.36,1069.24,0 25 2 99 34 43 92 1 84 23 22 70 72 67 86 82 58 77 50 0,
PFG_MOEA,49,4,201.36,1069.24,0 4 80 53 66 54 36 3 39 56 68 37 33 21 62 48 0,36 62
PFG_MOEA,49,5,201.36,1069.24,0 24 45 94 49 32 51 79 5 29 90 65 6 87 52 60 61 97 0,
PFG_MOEA,49,6,201.36,1069.24,0 42 76 9 55 75 81 93 100 8 57 95 41 98 85 88 63 74 78 64 13 0,42 88
PFG_MOEA,50,1,235.98,829.78,0 20 91 21 33 37 68 56 39 84 23 22 1 34 43 92 0,34
PFG_MOEA,50,2,235.98,829.78,0 99 0,99
PFG_MOEA,50,3,235.98,829.78,0 4 80 53 66 94 45 24 51 49 32 3 36 54 70 72 67 86 82 58 77 62 48 50 25 2 0,
PFG_MOEA,50,4,235.98,829.78,0 12 73 14 11 83 96 26 10 89 59 44 38 47 69 28 46 7 0,26
PFG_MOEA,50,5,235.98,829.78,0 79 5 29 90 65 6 87 52 60 61 97 75 13 27 0,
PFG_MOEA,50,6,235.98,829.78,0 8 100 93 9 55 76 42 81 57 95 41 98 85 88 63 74 78 64 30 15 71 35 31 17 40 16 18 19 0,42 64
PFG_MOEA,51,1,199.67,1096.55,0 5 29 90 65 6 87 52 60 61 97 75 7 14 73 12 99 2 25 50 48 0,6 52
PFG_MOEA,51,2,199.67,1096.55,0 24 79 51 45 94 49 32 36 54 70 72 67 86 82 3 62 0,
PFG_MOEA,51,3,199.67,1096.55,0 4 80 53 66 58 77 46 28 69 47 38 44 59 89 10 26 96 0,69
PFG_MOEA,51,4,199.67,1096.55,0 8 100 93 81 55 9 76 42 83 11 98 41 95 57 0,
PFG_MOEA,51,5,199.67,1096.55,0 20 91 21 33 37 18 16 40 35 71 15 30 64 78 74 63 88 85 0,63
PFG_MOEA,51,6,199.67,1096.55,0 92 43 34 1 22 23 84 39 56 68 19 17 31 27 13 0,31
PFG_MOEA,52,1,201.36,1069.24,0 27 12 73 14 11 83 96 26 10 89 59 44 38 47 69 28 46 0,83
PFG_MOEA,52,2,201.36,1069.24,0 7 30 15 71 35 40 16 18 19 31 17 20 91 0,31
PFG_MOEA,52,3,201.36,1069.24,0 25 2 99 34 43 92 1 84 23 22 70 72 67 86 82 58 77 50 0,
PFG_MOEA,52,4,201.36,1069.24,0 4 80 53 66 54 36 3 39 56 68 37 33 21 62 48 0,36 62
PFG_MOEA,52,5,201.36,1069.24,0 24 45 94 49 32 51 79 5 29 90 65 6 87 52 60 61 97 0,
PFG_MOEA,52,6,201.36,1069.24,0 42 76 9 55 75 81 93 100 8 57 95 41 98 85 88 63 74 78 64 13 0,42 88
PFG_MOEA,53,1,235.98,829.78,0 20 91 21 33 37 68 56 39 84 23 22 1 34 43 92 0,34
PFG_MOEA,53,2,235.98,829.78,0 99 0,99
PFG_MOEA,53,3,235.98,829.78,0 4 80 53 66 94 45 24 51 49 32 3 36 54 70 72 67 86 82 58 77 62 48 50 25 2 0,
PFG_MOEA,53,4,235.98,829.78,0 12 73 14 11 83 96 26 10 89 59 44 38 47 69 28 46 7 0,26
PFG_MOEA,53,5,235.98,829.78,0 79 5 29 90 65 6 87 52 60 61 97 75 13 27 0,
PFG_MOEA,53,6,235.98,829.78,0 8 100 93 9 55 76 42 81 57 95 41 98 85 88 63 74 78 64 30 15 71 35 31 17 40 16 18 19 0,42 64
PFG_MOEA,54,1,199.67,1096.55,0 5 29 90 65 6 87 52 60 61 97 75 7 14 73 12 99 2 25 50 48 0,6 52
PFG_MOEA,54,2,199.67,1096.55,0 24 79 51 45 94 49 32 36 54 70 72 67 86 82 3 62 0,
PFG_MOEA,54,3,199.67,1096.55,0 4 80 53 66 58 77 46 28 69 47 38 44 59 89 10 26 96 0,69
PFG_MOEA,54,4,199.67,1096.55,0 8 100 93 81 55 9 76 42 83 11 98 41 95 57 0,
PFG_MOEA,54,5,199.67,1096.55,0 20 91 21 33 37 18 16 40 35 71 15 30 64 78 74 63 88 85 0,63
PFG_MOEA,54,6,199.67,1096.55,0 92 43 34 1 22 23 84 39 56 68 19 17 31 27 13 0,31
PFG_MOEA,55,1,201.36,1069.24,0 27 12 73 14 11 83 96 26 10 89 59 44 38 47 69 28 46 0,83
PFG_MOEA,55,2,201.36,1069.24,0 7 30 15 71 35 40 16 18 19 31 17 20 91 0,31
PFG_MOEA,55,3,201.36,1069.24,0 25 2 99 34 43 92 1 84 23 22 70 72 67 86 82 58 77 50 0,
PFG_MOEA,55,4,201.36,1069.24,0 4 80 53 66 54 36 3 39 56 68 37 33 21 62 48 0,36 62
PFG_MOEA,55,5,201.36,1069.24,0 24 45 94 49 32 51 79 5 29 90 65 6 87 52 60 61 97 0,
PFG_MOEA,55,6,201.36,1069.24,0 42 76 9 55 75 81 93 100 8 57 95 41 98 85 88 63 74 78 64 13 0,42 88
PFG_MOEA,56,1,235.98,829.78,0 20 91 21 33 37 68 56 39 84 23 22 1 34 43 92 0,34
PFG_MOEA,56,2,235.98,829.78,0 99 0,99
PFG_MOEA,56,3,235.98,829.78,0 4 80 53 66 94 45 24 51 49 32 3 36 54 70 72 67 86 82 58 77 62 48 50 25 2 0,
PFG_MOEA,56,4,235.98,829.78,0 12 73 14 11 83 96 26 10 89 59 44 38 47 69 28 46 7 0,26
PFG_MOEA,56,5,235.98,829.78,0 79 5 29 90 65 6 87 52 60 61 97 75 13 27 0,
PFG_MOEA,56,6,235.98,829.78,0 8 100 93 9 55 76 42 81 57 95 41 98 85 88 63 74 78 64 30 15 71 35 31 17 40 16 18 19 0,42 64
PFG_MOEA,57,1,199.67,1096.55,0 5 29 90 65 6 87 52 60 61 97 75 7 14 73 12 99 2 25 50 48 0,6 52
PFG_MOEA,57,2,199.67,1096.55,0 24 79 51 45 94 49 32 36 54 70 72 67 86 82 3 62 0,
PFG_MOEA,57,3,199.67,1096.55,0 4 80 53 66 58 77 46 28 69 47 38 44 59 89 10 26 96 0,69
PFG_MOEA,57,4,199.67,1096.55,0 8 100 93 81 55 9 76 42 83 11 98 41 95 57 0,
PFG_MOEA,57,5,199.67,1096.55,0 20 91 21 33 37 18 16 40 35 71 15 30 64 78 74 63 88 85 0,63
PFG_MOEA,57,6,199.67,1096.55,0 92 43 34 1 22 23 84 39 56 68 19 17 31 27 13 0,31
PFG_MOEA,58,1,201.36,1069.24,0 27 12 73 14 11 83 96 26 10 89 59 44 38 47 69 28 46 0,83
PFG_MOEA,58,2,201.36,1069.24,0 7 30 15 71 35 40 16 18 19 31 17 20 91 0,31
PFG_MOEA,58,3,201.36,1069.24,0 25 2 99 34 43 92 1 84 23 22 70 72 67 86 82 58 77 50 0,
PFG_MOEA,58,4,201.36,1069.24,0 4 80 53 66 54 36 3 39 56 68 37 33 21 62 48 0,36 62
PFG_MOEA,58,5,201.36,1069.24,0 24 45 94 49 32 51 79 5 29 90 65 6 87 52 60 61 97 0,
PFG_MOEA,58,6,201.36,1069.24,0 42 76 9 55 75 81 93 100 8 57 95 41 98 85 88 63 74 78 64 13 0,42 88
PFG_MOEA,59,1,235.98,829.78,0 20 91 21 33 37 68 56 39 84 23 22 1 34 43 92 0,34
PFG_MOEA,59,2,235.98,829.78,0 99 0,99
PFG_MOEA,59,3,235.98,829.78,0 4 80 53 66 94 45 24 51 49 32 3 36 54 70 72 67 86 82 58 77 62 48 50 25 2 0,
PFG_MOEA,59,4,235.98,829.78,0 12 73 14 11 83 96 26 10 89 59 44 38 47 69 28 46 7 0,26
PFG_MOEA,59,5,235.98,829.78,0 79 5 29 90 65 6 87 52 60 61 97 75 13 27 0,
PFG_MOEA,59,6,235.98,829.78,0 8 100 93 9 55 76 42 81 57 95 41 98 85 88 63 74 78 64 30 15 71 35 31 17 40 16 18 19 0,42 64
PFG_MOEA,60,1,199.67,1096.55,0 5 29 90 65 6 87 52 60 61 97 75 7 14 73 12 99 2 25 50 48 0,6 52
PFG_MOEA,60,2,199.67,1096.55,0 24 79 51 45 94 49 32 36 54 70 72 67 86 82 3 62 0,
PFG_MOEA,60,3,199.67,1096.55,0 4 80 53 66 58 77 46 28 69 47 38 44 59 89 10 26 96 0,69
PFG_MOEA,60,4,199.67,1096.55,0 8 100 93 81 55 9 76 42 83 11 98 41 95 57 0,
PFG_MOEA,60,5,199.67,1096.55,0 20 91 21 33 37 18 16 40 35 71 15 30 64 78 74 63 88 85 0,63
PFG_MOEA,60,6,199.67,1096.55,0 92 43 34 1 22 23 84 39 56 68 19 17 31 27 13 0,31
PFG_MOEA,61,1,201.36,1069.24,0 27 12 73 14 11 83 96 26 10 89 59 44 38 47 69 28 46 0,83
PFG_MOEA,61,2,201.36,1069.24,0 7 30 15 71 35 40 16 18 19 31 17 20 91 0,31
PFG_MOEA,61,3,201.36,1069.24,0 25 2 99 34 43 92 1 84 23 22 70 72 67 86 82 58 77 50 0,
PFG_MOEA,61,4,201.36,1069.24,0 4 80 53 66 54 36 3 39 56 68 37 33 21 62 48 0,36 62
PFG_MOEA,61,5,201.36,1069.24,0 24 45 94 49 32 51 79 5 29 90 65 6 87 52 60 61 97 0,
PFG_MOEA,61,6,201.36,1069.24,0 42 76 9 55 75 81 93 100 8 57 95 41 98 85 88 63 74 78 64 13 0,42 88
PFG_MOEA,62,1,235.98,829.78,0 20 91 21 33 37 68 56 39 84 23 22 1 34 43 92 0,34
PFG_MOEA,62,2,235.98,829.78,0 99 0,99
PFG_MOEA,62,3,235.98,829.78,0 4 80 53 66 94 45 24 51 49 32 3 36 54 70 72 67 86 82 58 77 62 48 50 25 2 0,
PFG_MOEA,62,4,235.98,829.78,0 12 73 14 11 83 96 26 10 89 59 44 38 47 69 28 46 7 0,26
PFG_MOEA,62,5,235.98,829.78,0 79 5 29 90 65 6 87 52 60 61 97 75 13 27 0,
PFG_MOEA,62,6,235.98,829.78,0 8 100 93 9 55 76 42 81 57 95 41 98 85 88 63 74 78 64 30 15 71 35 31 17 40 16 18 19 0,42 64
PFG_MOEA,63,1,199.67,1096.55,0 5 29 90 65 6 87 52 60 61 97 75 7 14 73 12 99 2 25 50 48 0,6 52
PFG_MOEA,63,2,199.67,1096.55,0 24 79 51 45 94 49 32 36 54 70 72 67 86 82 3 62 0,
PFG_MOEA,63,3,199.67,1096.55,0 4 80 53 66 58 77 46 28 69 47 38 44 59 89 10 26 96 0,69
PFG_MOEA,63,4,199.67,1096.55,0 8 100 93 81 55 9 76 42 83 11 98 41 95 57 0,
PFG_MOEA,63,5,199.67,1096.55,0 20 91 21 33 37 18 16 40 35 71 15 30 64 78 74 63 88 85 0,63
PFG_MOEA,63,6,199.67,1096.55,0 92 43 34 1 22 23 84 39 56 68 19 17 31 27 13 0,31
PFG_MOEA,64,1,201.36,1069.24,0 27 12 73 14 11 83 96 26 10 89 59 44 38 47 69 28 46 0,83
PFG_MOEA,64,2,201.36,1069.24,0 7 30 15 71 35 40 16 18 19 31 17 20 91 0,31
PFG_MOEA,64,3,201.36,1069.24,0 25 2 99 34 43 92 1 84 23 22 70 72 67 86 82 58 77 50 0,
PFG_MOEA,64,4,201.36,1069.24,0 4 80 53 66 54 36 3 39 56 68 37 33 21 62 48 0,36 62
PFG_MOEA,64,5,201.36,1069.24,0 24 45 94 49 32 51 79 5 29 90 65 6 87 52 60 61 97 0,
PFG_MOEA,64,6,201.36,1069.24,0 42 76 9 55 75 81 93 100 8 57 95 41 98 85 88 63 74 78 64 13 0,42 88
PFG_MOEA,65,1,235.98,829.78,0 20 91 21 33 37 68 56 39 84 23 22 1 34 43 92 0,34
PFG_MOEA,65,2,235.98,829.78,0 99 0,99
PFG_MOEA,65,3,235.98,829.78,0 4 80 53 66 94 45 24 51 49 32 3 36 54 70 72 67 86 82 58 77 62 48 50 25 2 0,
PFG_MOEA,65,4,235.98,829.78,0 12 73 14 11 83 96 26 10 89 59 44 38 47 69 28 46 7 0,26
PFG_MOEA,65,5,235.98,829.78,0 79 5 29 90 65 6 87 52 60 61 97 75 13 27 0,
PFG_MOEA,65,6,235.98,829.78,0 8 100 93 9 55 76 42 81 57 95 41 98 85 88 63 74 78 64 30 15 71 35 31 17 40 16 18 19 0,42 64
PFG_MOEA,66,1,199.67,1096.55,0 5 29 90 65 6 87 52 60 61 97 75 7 14 73 12 99 2 25 50 48 0,6 52
PFG_MOEA,66,2,199.67,1096.55,0 24 79 51 45 94 49 32 36 54 70 72 67 86 82 3 62 0,
PFG_MOEA,66,3,199.67,1096.55,0 4 80 53 66 58 77 46 28 69 47 38 44 59 89 10 26 96 0,69
PFG_MOEA,66,4,199.67,1096.55,0 8 100 93 81 55 9 76 42 83 11 98 41 95 57 0,
PFG_MOEA,66,5,199.67,1096.55,0 20 91 21 33 37 18 16 40 35 71 15 30 64 78 74 63 88 85 0,63
PFG_MOEA,66,6,199.67,1096.55,0 92 43 34 1 22 23 84 39 56 68 19 17 31 27 13 0,31
PFG_MOEA,67,1,201.36,1069.24,0 27 12 73 14 11 83 96 26 10 89 59 44 38 47 69 28 46 0,83
PFG_MOEA,67,2,201.36,1069.24,0 7 30 15 71 35 40 16 18 19 31 17 20 91 0,31
PFG_MOEA,67,3,201.36,1069.24,0 25 2 99 34 43 92 1 84 23 22 70 72 67 86 82 58 77 50 0,
PFG_MOEA,67,4,201.36,1069.24,0 4 80 53 66 54 36 3 39 56 68 37 33 21 62 48 0,36 62
PFG_MOEA,67,5,201.36,1069.24,0 24 45 94 49 32 51 79 5 29 90 65 6 87 52 60 61 97 0,
PFG_MOEA,67,6,201.36,1069.24,0 42 76 9 55 75 81 93 100 8 57 95 41 98 85 88 63 74 78 64 13 0,42 88
PFG_MOEA,68,1,235.98,829.78,0 20 91 21 33 37 68 56 39 84 23 22 1 34 43 92 0,34
PFG_MOEA,68,2,235.98,829.78,0 99 0,99
PFG_MOEA,68,3,235.98,829.78,0 4 80 53 66 94 45 24 51 49 32 3 36 54 70 72 67 86 82 58 77 62 48 50 25 2 0,
PFG_MOEA,68,4,235.98,829.78,0 12 73 14 11 83 96 26 10 89 59 44 38 47 69 28 46 7 0,26
PFG_MOEA,68,5,235.98,829.78,0 79 5 29 90 65 6 87 52 60 61 97 75 13 27 0,
PFG_MOEA,68,6,235.98,829.78,0 8 100 93 9 55 76 42 81 57 95 41 98 85 88 63 74 78 64 30 15 71 35 31 17 40 16 18 19 0,42 64
PFG_MOEA,69,1,199.67,1096.55,0 5 29 90 65 6 87 52 60 61 97 75 7 14 73 12 99 2 25 50 48 0,6 52
PFG_MOEA,69,2,199.67,1096.55,0 24 79 51 45 94 49 32 36 54 70 72 67 86 82 3 62 0,
PFG_MOEA,69,3,199.67,1096.55,0 4 80 53 66 58 77 46 28 69 47 38 44 59 89 10 26 96 0,69
PFG_MOEA,69,4,199.67,1096.55,0 8 100 93 81 55 9 76 42 83 11 98 41 95 57 0,
PFG_MOEA,69,5,199.67,1096.55,0 20 91 21 33 37 18 16 40 35 71 15 30 64 78 74 63 88 85 0,63
PFG_MOEA,69,6,199.67,1096.55,0 92 43 34 1 22 23 84 39 56 68 19 17 31 27 13 0,31
PFG_MOEA,70,1,201.36,1069.24,0 27 12 73 14 11 83 96 26 10 89 59 44 38 47 69 28 46 0,83
PFG_MOEA,70,2,201.36,1069.24,0 7 30 15 71 35 40 16 18 19 31 17 20 91 0,31
PFG_MOEA,70,3,201.36,1069.24,0 25 2 99 34 43 92 1 84 23 22 70 72 67 86 82 58 77 50 0,
PFG_MOEA,70,4,201.36,1069.24,0 4 80 53 66 54 36 3 39 56 68 37 33 21 62 48 0,36 62
PFG_MOEA,70,5,201.36,1069.24,0 24 45 94 49 32 51 79 5 29 90 65 6 87 52 60 61 97 0,
PFG_MOEA,70,6,201.36,1069.24,0 42 76 9 55 75 81 93 100 8 57 95 41 98 85 88 63 74 78 64 13 0,42 88
PFG_MOEA,71,1,235.98,829.78,0 20 91 21 33 37 68 56 39 84 23 22 1 34 43 92 0,34
PFG_MOEA,71,2,235.98,829.78,0 99 0,99
PFG_MOEA,71,3,235.98,829.78,0 4 80 53 66 94 45 24 51 49 32 3 36 54 70 72 67 86 82 58 77 62 48 50 25 2 0,
PFG_MOEA,71,4,235.98,829.78,0 12 73 14 11 83 96 26 10 89 59 44 38 47 69 28 46 7 0,26
PFG_MOEA,71,5,235.98,829.78,0 79 5 29 90 65 6 87 52 60 61 97 75 13 27 0,
PFG_MOEA,71,6,235.98,829.78,0 8 100 93 9 55 76 42 81 57 95 41 98 85 88 63 74 78 64 30 15 71 35 31 17 40 16 18 19 0,42 64
PFG_MOEA,72,1,199.67,1096.55,0 5 29 90 65 6 87 52 60 61 97 75 7 14 73 12 99 2 25 50 48 0,6 52
PFG_MOEA,72,2,199.67,1096.55,0 24 79 51 45 94 49 32 36 54 70 72 67 86 82 3 62 0,
PFG_MOEA,72,3,199.67,1096.55,0 4 80 53 66 58 77 46 28 69 47 38 44 59 89 10 26 96 0,69
PFG_MOEA,72,4,199.67,1096.55,0 8 100 93 81 55 9 76 42 83 11 98 41 95 57 0,
PFG_MOEA,72,5,199.67,1096.55,0 20 91 21 33 37 18 16 40 35 71 15 30 64 78 74 63 88 85 0,63
PFG_MOEA,72,6,199.67,1096.55,0 92 43 34 1 22 23 84 39 56 68 19 17 31 27 13 0,31
PFG_MOEA,73,1,201.36,1069.24,0 27 12 73 14 11 83 96 26 10 89 59 44 38 47 69 28 46 0,83
PFG_MOEA,73,2,201.36,1069.24,0 7 30 15 71 35 40 16 18 19 31 17 20 91 0,31
PFG_MOEA,73,3,201.36,1069.24,0 25 2 99 34 43 92 1 84 23 22 70 72 67 86 82 58 77 50 0,
PFG_MOEA,73,4,201.36,1069.24,0 4 80 53 66 54 36 3 39 56 68 37 33 21 62 48 0,36 62
PFG_MOEA,73,5,201.36,1069.24,0 24 45 94 49 32 51 79 5 29 90 65 6 87 52 60 61 97 0,
PFG_MOEA,73,6,201.36,1069.24,0 42 76 9 55 75 81 93 100 8 57 95 41 98 85 88 63 74 78 64 13 0,42 88
PFG_MOEA,74,1,235.98,829.78,0 20 91 21 33 37 68 56 39 84 23 22 1 34 43 92 0,34
PFG_MOEA,74,2,235.98,829.78,0 99 0,99
PFG_MOEA,74,3,235.98,829.78,0 4 80 53 66 94 45 24 51 49 32 3 36 54 70 72 67 86 82 58 77 62 48 50 25 2 0,
PFG_MOEA,74,4,235.98,829.78,0 12 73 14 11 83 96 26 10 89 59 44 38 47 69 28 46 7 0,26
PFG_MOEA,74,5,235.98,829.78,0 79 5 29 90 65 6 87 52 60 61 97 75 13 27 0,
PFG_MOEA,74,6,235.98,829.78,0 8 100 93 9 55 76 42 81 57 95 41 98 85 88 63 74 78 64 30 15 71 35 31 17 40 16 18 19 0,42 64
PFG_MOEA,75,1,199.67,1096.55,0 5 29 90 65 6 87 52 60 61 97 75 7 14 73 12 99 2 25 50 48 0,6 52
PFG_MOEA,75,2,199.67,1096.55,0 24 79 51 45 94 49 32 36 54 70 72 67 86 82 3 62 0,
PFG_MOEA,75,3,199.67,1096.55,0 4 80 53 66 58 77 46 28 69 47 38 44 59 89 10 26 96 0,69
PFG_MOEA,75,4,199.67,1096.55,0 8 100 93 81 55 9 76 42 83 11 98 41 95 57 0,
PFG_MOEA,75,5,199.67,1096.55,0 20 91 21 33 37 18 16 40 35 71 15 30 64 78 74 63 88 85 0,63
PFG_MOEA,75,6,199.67,1096.55,0 92 43 34 1 22 23 84 39 56 68 19 17 31 27 13 0,31
PFG_MOEA,76,1,201.36,1069.24,0 27 12 73 14 11 83 96 26 10 89 59 44 38 47 69 28 46 0,83
PFG_MOEA,76,2,201.36,1069.24,0 7 30 15 71 35 40 16 18 19 31 17 20 91 0,31
PFG_MOEA,76,3,201.36,1069.24,0 25 2 99 34 43 92 1 84 23 22 70 72 67 86 82 58 77 50 0,
PFG_MOEA,76,4,201.36,1069.24,0 4 80 53 66 54 36 3 39 56 68 37 33 21 62 48 0,36 62
PFG_MOEA,76,5,201.36,1069.24,0 24 45 94 49 32 51 79 5 29 90 65 6 87 52 60 61 97 0,
PFG_MOEA,76,6,201.36,1069.24,0 42 76 9 55 75 81 93 100 8 57 95 41 98 85 88 63 74 78 64 13 0,42 88
PFG_MOEA,77,1,235.98,829.78,0 20 91 21 33 37 68 56 39 84 23 22 1 34 43 92 0,34
PFG_MOEA,77,2,235.98,829.78,0 99 0,99
PFG_MOEA,77,3,235.98,829.78,0 4 80 53 66 94 45 24 51 49 32 3 36 54 70 72 67 86 82 58 77 62 48 50 25 2 0,
PFG_MOEA,77,4,235.98,829.78,0 12 73 14 11 83 96 26 10 89 59 44 38 47 69 28 46 7 0,26
PFG_MOEA,77,5,235.98,829.78,0 79 5 29 90 65 6 87 52 60 61 97 75 13 27 0,
PFG_MOEA,77,6,235.98,829.78,0 8 100 93 9 55 76 42 81 57 95 41 98 85 88 63 74 78 64 30 15 71 35 31 17 40 16 18 19 0,42 64
PFG_MOEA,78,1,199.67,1096.55,0 5 29 90 65 6 87 52 60 61 97 75 7 14 73 12 99 2 25 50 48 0,6 52
PFG_MOEA,78,2,199.67,1096.55,0 24 79 51 45 94 49 32 36 54 70 72 67 86 82 3 62 0,
PFG_MOEA,78,3,199.67,1096.55,0 4 80 53 66 58 77 46 28 69 47 38 44 59 89 10 26 96 0,69
PFG_MOEA,78,4,199.67,1096.55,0 8 100 93 81 55 9 76 42 83 11 98 41 95 57 0,
PFG_MOEA,78,5,199.67,1096.55,0 20 91 21 33 37 18 16 40 35 71 15 30 64 78 74 63 88 85 0,63
PFG_MOEA,78,6,199.67,1096.55,0 92 43 34 1 22 23 84 39 56 68 19 17 31 27 13 0,31
PFG_MOEA,79,1,201.36,1069.24,0 27 12 73 14 11 83 96 26 10 89 59 44 38 47 69 28 46 0,83
PFG_MOEA,79,2,201.36,1069.24,0 7 30 15 71 35 40 16 18 19 31 17 20 91 0,31
PFG_MOEA,79,3,201.36,1069.24,0 25 2 99 34 43 92 1 84 23 22 70 72 67 86 82 58 77 50 0,
PFG_MOEA,79,4,201.36,1069.24,0 4 80 53 66 54 36 3 39 56 68 37 33 21 62 48 0,36 62
PFG_MOEA,79,5,201.36,1069.24,0 24 45 94 49 32 51 79 5 29 90 65 6 87 52 60 61 97 0,
PFG_MOEA,79,6,201.36,1069.24,0 42 76 9 55 75 81 93 100 8 57 95 41 98 85 88 63 74 78 64 13 0,42 88
PFG_MOEA,80,1,235.98,829.78,0 20 91 21 33 37 68 56 39 84 23 22 1 34 43 92 0,34
PFG_MOEA,80,2,235.98,829.78,0 99 0,99
PFG_MOEA,80,3,235.98,829.78,0 4 80 53 66 94 45 24 51 49 32 3 36 54 70 72 67 86 82 58 77 62 48 50 25 2 0,
PFG_MOEA,80,4,235.98,829.78,0 12 73 14 11 83 96 26 10 89 59 44 38 47 69 28 46 7 0,26
PFG_MOEA,80,5,235.98,829.78,0 79 5 29 90 65 6 87 52 60 61 97 75 13 27 0,
PFG_MOEA,80,6,235.98,829.78,0 8 100 93 9 55 76 42 81 57 95 41 98 85 88 63 74 78 64 30 15 71 35 31 17 40 16 18 19 0,42 64
PFG_MOEA,81,1,199.67,1096.55,0 5 29 90 65 6 87 52 60 61 97 75 7 14 73 12 99 2 25 50 48 0,6 52
PFG_MOEA,81,2,199.67,1096.55,0 24 79 51 45 94 49 32 36 54 70 72 67 86 82 3 62 0,
PFG_MOEA,81,3,199.67,1096.55,0 4 80 53 66 58 77 46 28 69 47 38 44 59 89 10 26 96 0,69
PFG_MOEA,81,4,199.67,1096.55,0 8 100 93 81 55 9 76 42 83 11 98 41 95 57 0,
PFG_MOEA,81,5,199.67,1096.55,0 20 91 21 33 37 18 16 40 35 71 15 30 64 78 74 63 88 85 0,63
PFG_MOEA,81,6,199.67,1096.55,0 92 43 34 1 22 23 84 39 56 68 19 17 31 27 13 0,31
PFG_MOEA,82,1,201.36,1069.24,0 27 12 73 14 11 83 96 26 10 89 59 44 38 47 69 28 46 0,83
PFG_MOEA,82,2,201.36,1069.24,0 7 30 15 71 35 40 16 18 19 31 17 20 91 0,31
PFG_MOEA,82,3,201.36,1069.24,0 25 2 99 34 43 92 1 84 23 22 70 72 67 86 82 58 77 50 0,
PFG_MOEA,82,4,201.36,1069.24,0 4 80 53 66 54 36 3 39 56 68 37 33 21 62 48 0,36 62
PFG_MOEA,82,5,201.36,1069.24,0 24 45 94 49 32 51 79 5 29 90 65 6 87 52 60 61 97 0,
PFG_MOEA,82,6,201.36,1069.24,0 42 76 9 55 75 81 93 100 8 57 95 41 98 85 88 63 74 78 64 13 0,42 88
PFG_MOEA,83,1,235.98,829.78,0 20 91 21 33 37 68 56 39 84 23 22 1 34 43 92 0,34
PFG_MOEA,83,2,235.98,829.78,0 99 0,99
PFG_MOEA,83,3,235.98,829.78,0 4 80 53 66 94 45 24 51 49 32 3 36 54 70 72 67 86 82 58 77 62 48 50 25 2 0,
PFG_MOEA,83,4,235.98,829.78,0 12 73 14 11 83 96 26 10 89 59 44 38 47 69 28 46 7 0,26
PFG_MOEA,83,5,235.98,829.78,0 79 5 29 90 65 6 87 52 60 61 97 75 13 27 0,
PFG_MOEA,83,6,235.98,829.78,0 8 100 93 9 55 76 42 81 57 95 41 98 85 88 63 74 78 64 30 15 71 35 31 17 40 16 18 19 0,42 64
PFG_MOEA,84,1,199.67,1096.55,0 5 29 90 65 6 87 52 60 61 97 75 7 14 73 12 99 2 25 50 48 0,6 52
PFG_MOEA,84,2,199.67,1096.55,0 24 79 51 45 94 49 32 36 54 70 72 67 86 82 3 62 0,
PFG_MOEA,84,3,199.67,1096.55,0 4 80 53 66 58 77 46 28 69 47 38 44 59 89 10 26 96 0,69
PFG_MOEA,84,4,199.67,1096.55,0 8 100 93 81 55 9 76 42 83 11 98 41 95 57 0,
PFG_MOEA,84,5,199.67,1096.55,0 20 91 21 33 37 18 16 40 35 71 15 30 64 78 74 63 88 85 0,63
PFG_MOEA,84,6,199.67,1096.55,0 92 43 34 1 22 23 84 39 56 68 19 17 31 27 13 0,31
PFG_MOEA,85,1,201.36,1069.24,0 27 12 73 14 11 83 96 26 10 89 59 44 38 47 69 28 46 0,83
PFG_MOEA,85,2,201.36,1069.24,0 7 30 15 71 35 40 16 18 19 31 17 20 91 0,31
PFG_MOEA,85,3,201.36,1069.24,0 25 2 99 34 43 92 1 84 23 22 70 72 67 86 82 58 77 50 0,
PFG_MOEA,85,4,201.36,1069.24,0 4 80 53 66 54 36 3 39 56 68 37 33 21 62 48 0,36 62
PFG_MOEA,85,5,201.36,1069.24,0 24 45 94 49 32 51 79 5 29 90 65 6 87 52 60 61 97 0,
PFG_MOEA,85,6,201.36,1069.24,0 42 76 9 55 75 81 93 100 8 57 95 41 98 85 88 63 74 78 64 13 0,42 88
PFG_MOEA,86,1,235.98,829.78,0 20 91 21 33 37 68 56 39 84 23 22 1 34 43 92 0,34
PFG_MOEA,86,2,235.98,829.78,0 99 0,99
PFG_MOEA,86,3,235.98,829.78,0 4 80 53 66 94 45 24 51 49 32 3 36 54 70 72 67 86 82 58 77 62 48 50 25 2 0,
PFG_MOEA,86,4,235.98,829.78,0 12 73 14 11 83 96 26 10 89 59 44 38 47 69 28 46 7 0,26
PFG_MOEA,86,5,235.98,829.78,0 79 5 29 90 65 6 87 52 60 61 97 75 13 27 0,
PFG_MOEA,86,6,235.98,829.78,0 8 100 93 9 55 76 42 81 57 95 41 98 85 88 63 74 78 64 30 15 71 35 31 17 40 16 18 19 0,42 64
PFG_MOEA,87,1,199.67,1096.55,0 5 29 90 65 6 87 52 60 61 97 75 7 14 73 12 99 2 25 50 48 0,6 52
PFG_MOEA,87,2,199.67,1096.55,0 24 79 51 45 94 49 32 36 54 70 72 67 86 82 3 62 0,
PFG_MOEA,87,3,199.67,1096.55,0 4 80 53 66 58 77 46 28 69 47 38 44 59 89 10 26 96 0,69
PFG_MOEA,87,4,199.67,1096.55,0 8 100 93 81 55 9 76 42 83 11 98 41 95 57 0,
PFG_MOEA,87,5,199.67,1096.55,0 20 91 21 33 37 18 16 40 35 71 15 30 64 78 74 63 88 85 0,63
PFG_MOEA,87,6,199.67,1096.55,0 92 43 34 1 22 23 84 39 56 68 19 17 31 27 13 0,31
PFG_MOEA,88,1,201.36,1069.24,0 27 12 73 14 11 83 96 26 10 89 59 44 38 47 69 28 46 0,83
PFG_MOEA,88,2,201.36,1069.24,0 7 30 15 71 35 40 16 18 19 31 17 20 91 0,31
PFG_MOEA,88,3,201.36,1069.24,0 25 2 99 34 43 92 1 84 23 22 70 72 67 86 82 58 77 50 0,
PFG_MOEA,88,4,201.36,1069.24,0 4 80 53 66 54 36 3 39 56 68 37 33 21 62 48 0,36 62
PFG_MOEA,88,5,201.36,1069.24,0 24 45 94 49 32 51 79 5 29 90 65 6 87 52 60 61 97 0,
PFG_MOEA,88,6,201.36,1069.24,0 42 76 9 55 75 81 93 100 8 57 95 41 98 85 88 63 74 78 64 13 0,42 88
PFG_MOEA,89,1,235.98,829.78,0 20 91 21 33 37 68 56 39 84 23 22 1 34 43 92 0,34
PFG_MOEA,89,2,235.98,829.78,0 99 0,99
PFG_MOEA,89,3,235.98,829.78,0 4 80 53 66 94 45 24 51 49 32 3 36 54 70 72 67 86 82 58 77 62 48 50 25 2 0,
PFG_MOEA,89,4,235.98,829.78,0 12 73 14 11 83 96 26 10 89 59 44 38 47 69 28 46 7 0,26
PFG_MOEA,89,5,235.98,829.78,0 79 5 29 90 65 6 87 52 60 61 97 75 13 27 0,
PFG_MOEA,89,6,235.98,829.78,0 8 100 93 9 55 76 42 81 57 95 41 98 85 88 63 74 78 64 30 15 71 35 31 17 40 16 18 19 0,42 64
PFG_MOEA,90,1,199.67,1096.55,0 5 29 90 65 6 87 52 60 61 97 75 7 14 73 12 99 2 25 50 48 0,6 52
PFG_MOEA,90,2,199.67,1096.55,0 24 79 51 45 94 49 32 36 54 70 72 67 86 82 3 62 0,
PFG_MOEA,90,3,199.67,1096.55,0 4 80 53 66 58 77 46 28 69 47 38 44 59 89 10 26 96 0,69
PFG_MOEA,90,4,199.67,1096.55,0 8 100 93 81 55 9 76 42 83 11 98 41 95 57 0,
PFG_MOEA,90,5,199.67,1096.55,0 20 91 21 33 37 18 16 40 35 71 15 30 64 78 74 63 88 85 0,63
PFG_MOEA,90,6,199.67,1096.55,0 92 43 34 1 22 23 84 39 56 68 19 17 31 27 13 0,31
PFG_MOEA,91,1,201.36,1069.24,0 27 12 73 14 11 83 96 26 10 89 59 44 38 47 69 28 46 0,83
PFG_MOEA,91,2,201.36,1069.24,0 7 30 15 71 35 40 16 18 19 31 17 20 91 0,31
PFG_MOEA,91,3,201.36,1069.24,0 25 2 99 34 43 92 1 84 23 22 70 72 67 86 82 58 77 50 0,
PFG_MOEA,91,4,201.36,1069.24,0 4 80 53 66 54 36 3 39 56 68 37 33 21 62 48 0,36 62
PFG_MOEA,91,5,201.36,1069.24,0 24 45 94 49 32 51 79 5 29 90 65 6 87 52 60 61 97 0,
PFG_MOEA,91,6,201.36,1069.24,0 42 76 9 55 75 81 93 100 8 57 95 41 98 85 88 63 74 78 64 13 0,42 88
PFG_MOEA,92,1,235.98,829.78,0 20 91 21 33 37 68 56 39 84 23 22 1 34 43 92 0,34
PFG_MOEA,92,2,235.98,829.78,0 99 0,99
PFG_MOEA,92,3,235.98,829.78,0 4 80 53 66 94 45 24 51 49 32 3 36 54 70 72 67 86 82 58 77 62 48 50 25 2 0,
PFG_MOEA,92,4,235.98,829.78,0 12 73 14 11 83 96 26 10 89 59 44 38 47 69 28 46 7 0,26
PFG_MOEA,92,5,235.98,829.78,0 79 5 29 90 65 6 87 52 60 61 97 75 13 27 0,
PFG_MOEA,92,6,235.98,829.78,0 8 100 93 9 55 76 42 81 57 95 41 98 85 88 63 74 78 64 30 15 71 35 31 17 40 16 18 19 0,42 64
PFG_MOEA,93,1,199.67,1096.55,0 5 29 90 65 6 87 52 60 61 97 75 7 14 73 12 99 2 25 50 48 0,6 52
PFG_MOEA,93,2,199.67,1096.55,0 24 79 51 45 94 49 32 36 54 70 72 67 86 82 3 62 0,
PFG_MOEA,93,3,199.67,1096.55,0 4 80 53 66 58 77 46 28 69 47 38 44 59 89 10 26 96 0,69
PFG_MOEA,93,4,199.67,1096.55,0 8 100 93 81 55 9 76 42 83 11 98 41 95 57 0,
PFG_MOEA,93,5,199.67,1096.55,0 20 91 21 33 37 18 16 40 35 71 15 30 64 78 74 63 88 85 0,63
PFG_MOEA,93,6,199.67,1096.55,0 92 43 34 1 22 23 84 39 56 68 19 17 31 27 13 0,31
PFG_MOEA,94,1,201.36,1069.24,0 27 12 73 14 11 83 96 26 10 89 59 44 38 47 69 28 46 0,83
PFG_MOEA,94,2,201.36,1069.24,0 7 30 15 71 35 40 16 18 19 31 17 20 91 0,31
PFG_MOEA,94,3,201.36,1069.24,0 25 2 99 34 43 92 1 84 23 22 70 72 67 86 82 58 77 50 0,
PFG_MOEA,94,4,201.36,1069.24,0 4 80 53 66 54 36 3 39 56 68 37 33 21 62 48 0,36 62
PFG_MOEA,94,5,201.36,1069.24,0 24 45 94 49 32 51 79 5 29 90 65 6 87 52 60 61 97 0,
PFG_MOEA,94,6,201.36,1069.24,0 42 76 9 55 75 81 93 100 8 57 95 41 98 85 88 63 74 78 64 13 0,42 88
PFG_MOEA,95,1,235.98,829.78,0 20 91 21 33 37 68 56 39 84 23 22 1 34 43 92 0,34
PFG_MOEA,95,2,235.98,829.78,0 99 0,99
PFG_MOEA,95,3,235.98,829.78,0 4 80 53 66 94 45 24 51 49 32 3 36 54 70 72 67 86 82 58 77 62 48 50 25 2 0,
PFG_MOEA,95,4,235.98,829.78,0 12 73 14 11 83 96 26 10 89 59 44 38 47 69 28 46 7 0,26
PFG_MOEA,95,5,235.98,829.78,0 79 5 29 90 65 6 87 52 60 61 97 75 13 27 0,
PFG_MOEA,95,6,235.98,829.78,0 8 100 93 9 55 76 42 81 57 95 41 98 85 88 63 74 78 64 30 15 71 35 31 17 40 16 18 19 0,42 64
PFG_MOEA,96,1,199.67,1096.55,0 5 29 90 65 6 87 52 60 61 97 75 7 14 73 12 99 2 25 50 48 0,6 52
PFG_MOEA,96,2,199.67,1096.55,0 24 79 51 45 94 49 32 36 54 70 72 67 86 82 3 62 0,
PFG_MOEA,96,3,199.67,1096.55,0 4 80 53 66 58 77 46 28 69 47 38 44 59 89 10 26 96 0,69
PFG_MOEA,96,4,199.67,1096.55,0 8 100 93 81 55 9 76 42 83 11 98 41 95 57 0,
PFG_MOEA,96,5,199.67,1096.55,0 20 91 21 33 37 18 16 40 35 71 15 30 64 78 74 63 88 85 0,63
PFG_MOEA,96,6,199.67,1096.55,0 92 43 34 1 22 23 84 39 56 68 19 17 31 27 13 0,31
PFG_MOEA,97,1,201.36,1069.24,0 27 12 73 14 11 83 96 26 10 89 59 44 38 47 69 28 46 0,83
PFG_MOEA,97,2,201.36,1069.24,0 7 30 15 71 35 40 16 18 19 31 17 20 91 0,31
PFG_MOEA,97,3,201.36,1069.24,0 25 2 99 34 43 92 1 84 23 22 70 72 67 86 82 58 77 50 0,
PFG_MOEA,97,4,201.36,1069.24,0 4 80 53 66 54 36 3 39 56 68 37 33 21 62 48 0,36 62
PFG_MOEA,97,5,201.36,1069.24,0 24 45 94 49 32 51 79 5 29 90 65 6 87 52 60 61 97 0,
PFG_MOEA,97,6,201.36,1069.24,0 42 76 9 55 75 81 93 100 8 57 95 41 98 85 88 63 74 78 64 13 0,42 88
PFG_MOEA,98,1,235.98,829.78,0 20 91 21 33 37 68 56 39 84 23 22 1 34 43 92 0,34
PFG_MOEA,98,2,235.98,829.78,0 99 0,99
PFG_MOEA,98,3,235.98,829.78,0 4 80 53 66 94 45 24 51 49 32 3 36 54 70 72 67 86 82 58 77 62 48 50 25 2 0,
PFG_MOEA,98,4,235.98,829.78,0 12 73 14 11 83 96 26 10 89 59 44 38 47 69 28 46 7 0,26
PFG_MOEA,98,5,235.98,829.78,0 79 5 29 90 65 6 87 52 60 61 97 75 13 27 0,
PFG_MOEA,98,6,235.98,829.78,0 8 100 93 9 55 76 42 81 57 95 41 98 85 88 63 74 78 64 30 15 71 35 31 17 40 16 18 19 0,42 64
PFG_MOEA,99,1,199.67,1096.55,0 5 29 90 65 6 87 52 60 61 97 75 7 14 73 12 99 2 25 50 48 0,6 52
PFG_MOEA,99,2,199.67,1096.55,0 24 79 51 45 94 49 32 36 54 70 72 67 86 82 3 62 0,
PFG_MOEA,99,3,199.67,1096.55,0 4 80 53 66 58 77 46 28 69 47 38 44 59 89 10 26 96 0,69
PFG_MOEA,99,4,199.67,1096.55,0 8 100 93 81 55 9 76 42 83 11 98 41 95 57 0,
PFG_MOEA,99,5,199.67,1096.55,0 20 91 21 33 37 18 16 40 35 71 15 30 64 78 74 63 88 85 0,63
PFG_MOEA,99,6,199.67,1096.55,0 92 43 34 1 22 23 84 39 56 68 19 17 31 27 13 0,31
PFG_MOEA,100,1,201.36,1069.24,0 27 12 73 14 11 83 96 26 10 89 59 44 38 47 69 28 46 0,83
PFG_MOEA,100,2,201.36,1069.24,0 7 30 15 71 35 40 16 18 19 31 17 20 91 0,31
PFG_MOEA,100,3,201.36,1069.24,0 25 2 99 34 43 92 1 84 23 22 70 72 67 86 82 58 77 50 0,
PFG_MOEA,100,4,201.36,1069.24,0 4 80 53 66 54 36 3 39 56 68 37 33 21 62 48 0,36 62
PFG_MOEA,100,5,201.36,1069.24,0 24 45 94 49 32 51 79 5 29 90 65 6 87 52 60 61 97 0,
PFG_MOEA,100,6,201.36,1069.24,0 42 76 9 55 75 81 93 100 8 57 95 41 98 85 88 63 74 78 64 13 0,42 88
PFG_MOEA,101,1,235.98,829.78,0 20 91 21 33 37 68 56 39 84 23 22 1 34 43 92 0,34
PFG_MOEA,101,2,235.98,829.78,0 99 0,99
PFG_MOEA,101,3,235.98,829.78,0 4 80 53 66 94 45 24 51 49 32 3 36 54 70 72 67 86 82 58 77 62 48 50 25 2 0,
PFG_MOEA,101,4,235.98,829.78,0 12 73 14 11 83 96 26 10 89 59 44 38 47 69 28 46 7 0,26
PFG_MOEA,101,5,235.98,829.78,0 79 5 29 90 65 6 87 52 60 61 97 75 13 27 0,
PFG_MOEA,101,6,235.98,829.78,0 8 100 93 9 55 76 42 81 57 95 41 98 85 88 63 74 78 64 30 15 71 35 31 17 40 16 18 19 0,42 64
PFG_MOEA,102,1,199.67,1096.55,0 5 29 90 65 6 87 52 60 61 97 75 7 14 73 12 99 2 25 50 48 0,6 52
PFG_MOEA,102,2,199.67,1096.55,0 24 79 51 45 94 49 32 36 54 70 72 67 86 82 3 62 0,
PFG_MOEA,102,3,199.67,1096.55,0 4 80 53 66 58 77 46 28 69 47 38 44 59 89 10 26 96 0,69
PFG_MOEA,102,4,199.67,1096.55,0 8 100 93 81 55 9 76 42 83 11 98 41 95 57 0,
PFG_MOEA,102,5,199.67,1096.55,0 20 91 21 33 37 18 16 40 35 71 15 30 64 78 74 63 88 85 0,63
PFG_MOEA,102,6,199.67,1096.55,0 92 43 34 1 22 23 84 39 56 68 19 17 31 27 13 0,31
PFG_MOEA,103,1,201.36,1069.24,0 27 12 73 14 11 83 96 26 10 89 59 44 38 47 69 28 46 0,83
PFG_MOEA,103,2,201.36,1069.24,0 7 30 15 71 35 40 16 18 19 31 17 20 91 0,31
PFG_MOEA,103,3,201.36,1069.24,0 25 2 99 34 43 92 1 84 23 22 70 72 67 86 82 58 77 50 0,
PFG_MOEA,103,4,201.36,1069.24,0 4 80 53 66 54 36 3 39 56 68 37 33 21 62 48 0,36 62
PFG_MOEA,103,5,201.36,1069.24,0 24 45 94 49 32 51 79 5 29 90 65 6 87 52 60 61 97 0,
PFG_MOEA,103,6,201.36,1069.24,0 42 76 9 55 75 81 93 100 8 57 95 41 98 85 88 63 74 78 64 13 0,42 88
PFG_MOEA,104,1,235.98,829.78,0 20 91 21 33 37 68 56 39 84 23 22 1 34 43 92 0,34
PFG_MOEA,104,2,235.98,829.78,0 99 0,99
PFG_MOEA,104,3,235.98,829.78,0 4 80 53 66 94 45 24 51 49 32 3 36 54 70 72 67 86 82 58 77 62 48 50 25 2 0,
PFG_MOEA,104,4,235.98,829.78,0 12 73 14 11 83 96 26 10 89 59 44 38 47 69 28 46 7 0,26
PFG_MOEA,104,5,235.98,829.78,0 79 5 29 90 65 6 87 52 60 61 97 75 13 27 0,
PFG_MOEA,104,6,235.98,829.78,0 8 100 93 9 55 76 42 81 57 95 41 98 85 88 63 74 78 64 30 15 71 35 31 17 40 16 18 19 0,42 64
PFG_MOEA,105,1,199.67,1096.55,0 5 29 90 65 6 87 52 60 61 97 75 7 14 73 12 99 2 25 50 48 0,6 52
PFG_MOEA,105,2,199.67,1096.55,0 24 79 51 45 94 49 32 36 54 70 72 67 86 82 3 62 0,
PFG_MOEA,105,3,199.67,1096.55,0 4 80 53 66 58 77 46 28 69 47 38 44 59 89 10 26 96 0,69
PFG_MOEA,105,4,199.67,1096.55,0 8 100 93 81 55 9 76 42 83 11 98 41 95 57 0,
PFG_MOEA,105,5,199.67,1096.55,0 20 91 21 33 37 18 16 40 35 71 15 30 64 78 74 63 88 85 0,63
PFG_MOEA,105,6,199.67,1096.55,0 92 43 34 1 22 23 84 39 56 68 19 17 31 27 13 0,31
PFG_MOEA,106,1,201.36,1069.24,0 27 12 73 14 11 83 96 26 10 89 59 44 38 47 69 28 46 0,83
PFG_MOEA,106,2,201.36,1069.24,0 7 30 15 71 35 40 16 18 19 31 17 20 91 0,31
PFG_MOEA,106,3,201.36,1069.24,0 25 2 99 34 43 92 1 84 23 22 70 72 67 86 82 58 77 50 0,
PFG_MOEA,106,4,201.36,1069.24,0 4 80 53 66 54 36 3 39 56 68 37 33 21 62 48 0,36 62
PFG_MOEA,106,5,201.36,1069.24,0 24 45 94 49 32 51 79 5 29 90 65 6 87 52 60 61 97 0,
PFG_MOEA,106,6,201.36,1069.24,0 42 76 9 55 75 81 93 100 8 57 95 41 98 85 88 63 74 78 64 13 0,42 88
PFG_MOEA,107,1,235.98,829.78,0 20 91 21 33 37 68 56 39 84 23 22 1 34 43 92 0,34
PFG_MOEA,107,2,235.98,829.78,0 99 0,99
PFG_MOEA,107,3,235.98,829.78,0 4 80 53 66 94 45 24 51 49 32 3 36 54 70 72 67 86 82 58 77 62 48 50 25 2 0,
PFG_MOEA,107,4,235.98,829.78,0 12 73 14 11 83 96 26 10 89 59 44 38 47 69 28 46 7 0,26
PFG_MOEA,107,5,235.98,829.78,0 79 5 29 90 65 6 87 52 60 61 97 75 13 27 0,
PFG_MOEA,107,6,235.98,829.78,0 8 100 93 9 55 76 42 81 57 95 41 98 85 88 63 74 78 64 30 15 71 35 31 17 40 16 18 19 0,42 64
PFG_MOEA,108,1,199.67,1096.55,0 5 29 90 65 6 87 52 60 61 97 75 7 14 73 12 99 2 25 50 48 0,6 52
PFG_MOEA,108,2,199.67,1096.55,0 24 79 51 45 94 49 32 36 54 70 72 67 86 82 3 62 0,
PFG_MOEA,108,3,199.67,1096.55,0 4 80 53 66 58 77 46 28 69 47 38 44 59 89 10 26 96 0,69
PFG_MOEA,108,4,199.67,1096.55,0 8 100 93 81 55 9 76 42 83 11 98 41 95 57 0,
PFG_MOEA,108,5,199.67,1096.55,0 20 91 21 33 37 18 16 40 35 71 15 30 64 78 74 63 88 85 0,63
PFG_MOEA,108,6,199.67,1096.55,0 92 43 34 1 22 23 84 39 56 68 19 17 31 27 13 0,31
PFG_MOEA,109,1,201.36,1069.24,0 27 12 73 14 11 83 96 26 10 89 59 44 38 47 69 28 46 0,83
PFG_MOEA,109,2,201.36,1069.24,0 7 30 15 71 35 40 16 18 19 31 17 20 91 0,31
PFG_MOEA,109,3,201.36,1069.24,0 25 2 99 34 43 92 1 84 23 22 70 72 67 86 82 58 77 50 0,
PFG_MOEA,109,4,201.36,1069.24,0 4 80 53 66 54 36 3 39 56 68 37 33 21 62 48 0,36 62
PFG_MOEA,109,5,201.36,1069.24,0 24 45 94 49 32 51 79 5 29 90 65 6 87 52 60 61 97 0,
PFG_MOEA,109,6,201.36,1069.24,0 42 76 9 55 75 81 93 100 8 57 95 41 98 85 88 63 74 78 64 13 0,42 88
PFG_MOEA,110,1,235.98,829.78,0 20 91 21 33 37 68 56 39 84 23 22 1 34 43 92 0,34
PFG_MOEA,110,2,235.98,829.78,0 99 0,99
PFG_MOEA,110,3,235.98,829.78,0 4 80 53 66 94 45 24 51 49 32 3 36 54 70 72 67 86 82 58 77 62 48 50 25 2 0,
PFG_MOEA,110,4,235.98,829.78,0 12 73 14 11 83 96 26 10 89 59 44 38 47 69 28 46 7 0,26
PFG_MOEA,110,5,235.98,829.78,0 79 5 29 90 65 6 87 52 60 61 97 75 13 27 0,
PFG_MOEA,110,6,235.98,829.78,0 8 100 93 9 55 76 42 81 57 95 41 98 85 88 63 74 78 64 30 15 71 35 31 17 40 16 18 19 0,42 64
PFG_MOEA,111,1,199.67,1096.55,0 5 29 90 65 6 87 52 60 61 97 75 7 14 73 12 99 2 25 50 48 0,6 52
PFG_MOEA,111,2,199.67,1096.55,0 24 79 51 45 94 49 32 36 54 70 72 67 86 82 3 62 0,
PFG_MOEA,111,3,199.67,1096.55,0 4 80 53 66 58 77 46 28 69 47 38 44 59 89 10 26 96 0,69
PFG_MOEA,111,4,199.67,1096.55,0 8 100 93 81 55 9 76 42 83 11 98 41 95 57 0,
PFG_MOEA,111,5,199.67,1096.55,0 20 91 21 33 37 18 16 40 35 71 15 30 64 78 74 63 88 85 0,63
PFG_MOEA,111,6,199.67,1096.55,0 92 43 34 1 22 23 84 39 56 68 19 17 31 27 13 0,31
PFG_MOEA,112,1,201.36,1069.24,0 27 12 73 14 11 83 96 26 10 89 59 44 38 47 69 28 46 0,83
PFG_MOEA,112,2,201.36,1069.24,0 7 30 15 71 35 40 16 18 19 31 17 20 91 0,31
PFG_MOEA,112,3,201.36,1069.24,0 25 2 99 34 43 92 1 84 23 22 70 72 67 86 82 58 77 50 0,
PFG_MOEA,112,4,201.36,1069.24,0 4 80 53 66 54 36 3 39 56 68 37 33 21 62 48 0,36 62
PFG_MOEA,112,5,201.36,1069.24,0 24 45 94 49 32 51 79 5 29 90 65 6 87 52 60 61 97 0,
PFG_MOEA,112,6,201.36,1069.24,0 42 76 9 55 75 81 93 100 8 57 95 41 98 85 88 63 74 78 64 13 0,42 88
PFG_MOEA,113,1,235.98,829.78,0 20 91 21 33 37 68 56 39 84 23 22 1 34 43 92 0,34
PFG_MOEA,113,2,235.98,829.78,0 99 0,99
PFG_MOEA,113,3,235.98,829.78,0 4 80 53 66 94 45 24 51 49 32 3 36 54 70 72 67 86 82 58 77 62 48 50 25 2 0,
PFG_MOEA,113,4,235.98,829.78,0 12 73 14 11 83 96 26 10 89 59 44 38 47 69 28 46 7 0,26
PFG_MOEA,113,5,235.98,829.78,0 79 5 29 90 65 6 87 52 60 61 97 75 13 27 0,
PFG_MOEA,113,6,235.98,829.78,0 8 100 93 9 55 76 42 81 57 95 41 98 85 88 63 74 78 64 30 15 71 35 31 17 40 16 18 19 0,42 64
PFG_MOEA,114,1,199.67,1096.55,0 5 29 90 65 6 87 52 60 61 97 75 7 14 73 12 99 2 25 50 48 0,6 52
PFG_MOEA,114,2,199.67,1096.55,0 24 79 51 45 94 49 32 36 54 70 72 67 86 82 3 62 0,
PFG_MOEA,114,3,199.67,1096.55,0 4 80 53 66 58 77 46 28 69 47 38 44 59 89 10 26 96 0,69
PFG_MOEA,114,4,199.67,1096.55,0 8 100 93 81 55 9 76 42 83 11 98 41 95 57 0,
PFG_MOEA,114,5,199.67,1096.55,0 20 91 21 33 37 18 16 40 35 71 15 30 64 78 74 63 88 85 0,63
PFG_MOEA,114,6,199.67,1096.55,0 92 43 34 1 22 23 84 39 56 68 19 17 31 27 13 0,31
PFG_MOEA,115,1,201.36,1069.24,0 27 12 73 14 11 83 96 26 10 89 59 44 38 47 69 28 46 0,83
PFG_MOEA,115,2,201.36,1069.24,0 7 30 15 71 35 40 16 18 19 31 17 20 91 0,31
PFG_MOEA,115,3,201.36,1069.24,0 25 2 99 34 43 92 1 84 23 22 70 72 67 86 82 58 77 50 0,
PFG_MOEA,115,4,201.36,1069.24,0 4 80 53 66 54 36 3 39 56 68 37 33 21 62 48 0,36 62
PFG_MOEA,115,5,201.36,1069.24,0 24 45 94 49 32 51 79 5 29 90 65 6 87 52 60 61 97 0,
PFG_MOEA,115,6,201.36,1069.24,0 42 76 9 55 75 81 93 100 8 57 95 41 98 85 88 63 74 78 64 13 0,42 88
PFG_MOEA,116,1,235.98,829.78,0 20 91 21 33 37 68 56 39 84 23 22 1 34 43 92 0,34
PFG_MOEA,116,2,235.98,829.78,0 99 0,99
PFG_MOEA,116,3,235.98,829.78,0 4 80 53 66 94 45 24 51 49 32 3 36 54 70 72 67 86 82 58 77 62 48 50 25 2 0,
PFG_MOEA,116,4,235.98,829.78,0 12 73 14 11 83 96 26 10 89 59 44 38 47 69 28 46 7 0,26
PFG_MOEA,116,5,235.98,829.78,0 79 5 29 90 65 6 87 52 60 61 97 75 13 27 0,
PFG_MOEA,116,6,235.98,829.78,0 8 100 93 9 55 76 42 81 57 95 41 98 85 88 63 74 78 64 30 15 71 35 31 17 40 16 18 19 0,42 64
PFG_MOEA,117,1,199.67,1096.55,0 5 29 90 65 6 87 52 60 61 97 75 7 14 73 12 99 2 25 50 48 0,6 52
PFG_MOEA,117,2,199.67,1096.55,0 24 79 51 45 94 49 32 36 54 70 72 67 86 82 3 62 0,
PFG_MOEA,117,3,199.67,1096.55,0 4 80 53 66 58 77 46 28 69 47 38 44 59 89 10 26 96 0,69
PFG_MOEA,117,4,199.67,1096.55,0 8 100 93 81 55 9 76 42 83 11 98 41 95 57 0,
PFG_MOEA,117,5,199.67,1096.55,0 20 91 21 33 37 18 16 40 35 71 15 30 64 78 74 63 88 85 0,63
PFG_MOEA,117,6,199.67,1096.55,0 92 43 34 1 22 23 84 39 56 68 19 17 31 27 13 0,31
PFG_MOEA,118,1,201.36,1069.24,0 27 12 73 14 11 83 96 26 10 89 59 44 38 47 69 28 46 0,83
PFG_MOEA,118,2,201.36,1069.24,0 7 30 15 71 35 40 16 18 19 31 17 20 91 0,31
PFG_MOEA,118,3,201.36,1069.24,0 25 2 99 34 43 92 1 84 23 22 70 72 67 86 82 58 77 50 0,
PFG_MOEA,118,4,201.36,1069.24,0 4 80 53 66 54 36 3 39 56 68 37 33 21 62 48 0,36 62
PFG_MOEA,118,5,201.36,1069.24,0 24 45 94 49 32 51 79 5 29 90 65 6 87 52 60 61 97 0,
PFG_MOEA,118,6,201.36,1069.24,0 42 76 9 55 75 81 93 100 8 57 95 41 98 85 88 63 74 78 64 13 0,42 88
PFG_MOEA,119,1,235.98,829.78,0 20 91 21 33 37 68 56 39 84 23 22 1 34 43 92 0,34
PFG_MOEA,119,2,235.98,829.78,0 99 0,99
PFG_MOEA,119,3,235.98,829.78,0 4 80 53 66 94 45 24 51 49 32 3 36 54 70 72 67 86 82 58 77 62 48 50 25 2 0,
PFG_MOEA,119,4,235.98,829.78,0 12 73 14 11 83 96 26 10 89 59 44 38 47 69 28 46 7 0,26
PFG_MOEA,119,5,235.98,829.78,0 79 5 29 90 65 6 87 52 60 61 97 75 13 27 0,
PFG_MOEA,119,6,235.98,829.78,0 8 100 93 9 55 76 42 81 57 95 41 98 85 88 63 74 78 64 30 15 71 35 31 17 40 16 18 19 0,42 64
PFG_MOEA,120,1,199.67,1096.55,0 5 29 90 65 6 87 52 60 61 97 75 7 14 73 12 99 2 25 50 48 0,6 52
PFG_MOEA,120,2,199.67,1096.55,0 24 79 51 45 94 49 32 36 54 70 72 67 86 82 3 62 0,
PFG_MOEA,120,3,199.67,1096.55,0 4 80 53 66 58 77 46 28 69 47 38 44 59 89 10 26 96 0,69
PFG_MOEA,120,4,199.67,1096.55,0 8 100 93 81 55 9 76 42 83 11 98 41 95 57 0,
PFG_MOEA,120,5,199.67,1096.55,0 20 91 21 33 37 18 16 40 35 71 15 30 64 78 74 63 88 85 0,63
PFG_MOEA,120,6,199.67,1096.55,0 92 43 34 1 22 23 84 39 56 68 19 17 31 27 13 0,31
PFG_MOEA,121,1,201.36,1069.24,0 27 12 73 14 11 83 96 26 10 89 59 44 38 47 69 28 46 0,83
PFG_MOEA,121,2,201.36,1069.24,0 7 30 15 71 35 40 16 18 19 31 17 20 91 0,31
PFG_MOEA,121,3,201.36,1069.24,0 25 2 99 34 43 92 1 84 23 22 70 72 67 86 82 58 77 50 0,
PFG_MOEA,121,4,201.36,1069.24,0 4 80 53 66 54 36 3 39 56 68 37 33 21 62 48 0,36 62
PFG_MOEA,121,5,201.36,1069.24,0 24 45 94 49 32 51 79 5 29 90 65 6 87 52 60 61 97 0,
PFG_MOEA,121,6,201.36,1069.24,0 42 76 9 55 75 81 93 100 8 57 95 41 98 85 88 63 74 78 64 13 0,42 88
PFG_MOEA,122,1,235.98,829.78,0 20 91 21 33 37 68 56 39 84 23 22 1 34 43 92 0,34
PFG_MOEA,122,2,235.98,829.78,0 99 0,99
PFG_MOEA,122,3,235.98,829.78,0 4 80 53 66 94 45 24 51 49 32 3 36 54 70 72 67 86 82 58 77 62 48 50 25 2 0,
PFG_MOEA,122,4,235.98,829.78,0 12 73 14 11 83 96 26 10 89 59 44 38 47 69 28 46 7 0,26
PFG_MOEA,122,5,235.98,829.78,0 79 5 29 90 65 6 87 52 60 61 97 75 13 27 0,
PFG_MOEA,122,6,235.98,829.78,0 8 100 93 9 55 76 42 81 57 95 41 98 85 88 63 74 78 64 30 15 71 35 31 17 40 16 18 19 0,42 64
PFG_MOEA,123,1,199.67,1096.55,0 5 29 90 65 6 87 52 60 61 97 75 7 14 73 12 99 2 25 50 48 0,6 52
PFG_MOEA,123,2,199.67,1096.55,0 24 79 51 45 94 49 32 36 54 70 72 67 86 82 3 62 0,
PFG_MOEA,123,3,199.67,1096.55,0 4 80 53 66 58 77 46 28 69 47 38 44 59 89 10 26 96 0,69
PFG_MOEA,123,4,199.67,1096.55,0 8 100 93 81 55 9 76 42 83 11 98 41 95 57 0,
PFG_MOEA,123,5,199.67,1096.55,0 20 91 21 33 37 18 16 40 35 71 15 30 64 78 74 63 88 85 0,63
PFG_MOEA,123,6,199.67,1096.55,0 92 43 34 1 22 23 84 39 56 68 19 17 31 27 13 0,31
PFG_MOEA,124,1,201.36,1069.24,0 27 12 73 14 11 83 96 26 10 89 59 44 38 47 69 28 46 0,83
PFG_MOEA,124,2,201.36,1069.24,0 7 30 15 71 35 40 16 18 19 31 17 20 91 0,31
PFG_MOEA,124,3,201.36,1069.24,0 25 2 99 34 43 92 1 84 23 22 70 72 67 86 82 58 77 50 0,
PFG_MOEA,124,4,201.36,1069.24,0 4 80 53 66 54 36 3 39 56 68 37 33 21 62 48 0,36 62
PFG_MOEA,124,5,201.36,1069.24,0 24 45 94 49 32 51 79 5 29 90 65 6 87 52 60 61 97 0,
PFG_MOEA,124,6,201.36,1069.24,0 42 76 9 55 75 81 93 100 8 57 95 41 98 85 88 63 74 78 64 13 0,42 88
PFG_MOEA,125,1,235.98,829.78,0 20 91 21 33 37 68 56 39 84 23 22 1 34 43 92 0,34
PFG_MOEA,125,2,235.98,829.78,0 99 0,99
PFG_MOEA,125,3,235.98,829.78,0 4 80 53 66 94 45 24 51 49 32 3 36 54 70 72 67 86 82 58 77 62 48 50 25 2 0,
PFG_MOEA,125,4,235.98,829.78,0 12 73 14 11 83 96 26 10 89 59 44 38 47 69 28 46 7 0,26
PFG_MOEA,125,5,235.98,829.78,0 79 5 29 90 65 6 87 52 60 61 97 75 13 27 0,
PFG_MOEA,125,6,235.98,829.78,0 8 100 93 9 55 76 42 81 57 95 41 98 85 88 63 74 78 64 30 15 71 35 31 17 40 16 18 19 0,42 64
PFG_MOEA,126,1,199.67,1096.55,0 5 29 90 65 6 87 52 60 61 97 75 7 14 73 12 99 2 25 50 48 0,6 52
PFG_MOEA,126,2,199.67,1096.55,0 24 79 51 45 94 49 32 36 54 70 72 67 86 82 3 62 0,
PFG_MOEA,126,3,199.67,1096.55,0 4 80 53 66 58 77 46 28 69 47 38 44 59 89 10 26 96 0,69
PFG_MOEA,126,4,199.67,1096.55,0 8 100 93 81 55 9 76 42 83 11 98 41 95 57 0,
PFG_MOEA,126,5,199.67,1096.55,0 20 91 21 33 37 18 16 40 35 71 15 30 64 78 74 63 88 85 0,63
PFG_MOEA,126,6,199.67,1096.55,0 92 43 34 1 22 23 84 39 56 68 19 17 31 27 13 0,31
PFG_MOEA,127,1,218.48,880.23,0 98 85 88 63 74 78 64 30 15 71 35 40 16 18 19 31 17 20 91 34 43 48 0,43 98
PFG_MOEA,127,2,218.48,880.23,0 50 92 21 33 37 68 56 39 84 23 22 1 99 2 25 0,99
PFG_MOEA,127,3,218.48,880.23,0 4 80 53 66 94 49 51 45 24 79 32 3 36 54 70 72 67 86 82 58 77 62 0,
PFG_MOEA,127,4,218.48,880.23,0 93 9 100 8 7 46 0,
PFG_MOEA,127,5,218.48,880.23,0 28 69 47 38 44 59 26 10 89 96 83 11 14 73 0,26
PFG_MOEA,127,6,218.48,880.23,0 5 29 90 65 6 87 52 60 61 97 75 55 76 42 81 57 95 41 12 27 13 0,29 42
PFG_MOEA,128,1,201.36,1069.24,0 27 12 73 14 11 83 96 26 10 89 59 44 38 47 69 28 46 0,83
PFG_MOEA,128,2,201.36,1069.24,0 7 30 15 71 35 40 16 18 19 31 17 20 91 0,31
PFG_MOEA,128,3,201.36,1069.24,0 25 2 99 34 43 92 1 84 23 22 70 72 67 86 82 58 77 50 0,
PFG_MOEA,128,4,201.36,1069.24,0 4 80 53 66 54 36 3 39 56 68 37 33 21 62 48 0,36 62
PFG_MOEA,128,5,201.36,1069.24,0 24 45 94 49 32 51 79 5 29 90 65 6 87 52 60 61 97 0,
PFG_MOEA,128,6,201.36,1069.24,0 42 76 9 55 75 81 93 100 8 57 95 41 98 85 88 63 74 78 64 13 0,42 88
PFG_MOEA,129,1,235.98,829.78,0 20 91 21 33 37 68 56 39 84 23 22 1 34 43 92 0,34
PFG_MOEA,129,2,235.98,829.78,0 99 0,99
PFG_MOEA,129,3,235.98,829.78,0 4 80 53 66 94 45 24 51 49 32 3 36 54 70 72 67 86 82 58 77 62 48 50 25 2 0,
PFG_MOEA,129,4,235.98,829.78,0 12 73 14 11 83 96 26 10 89 59 44 38 47 69 28 46 7 0,26
PFG_MOEA,129,5,235.98,829.78,0 79 5 29 90 65 6 87 52 60 61 97 75 13 27 0,
PFG_MOEA,129,6,235.98,829.78,0 8 100 93 9 55 76 42 81 57 95 41 98 85 88 63 74 78 64 30 15 71 35 31 17 40 16 18 19 0,42 64
PFG_MOEA,130,1,199.67,1096.55,0 5 29 90 65 6 87 52 60 61 97 75 7 14 73 12 99 2 25 50 48 0,6 52
PFG_MOEA,130,2,199.67,1096.55,0 24 79 51 45 94 49 32 36 54 70 72 67 86 82 3 62 0,
PFG_MOEA,130,3,199.67,1096.55,0 4 80 53 66 58 77 46 28 69 47 38 44 59 89 10 26 96 0,69
PFG_MOEA,130,4,199.67,1096.55,0 8 100 93 81 55 9 76 42 83 11 98 41 95 57 0,
PFG_MOEA,130,5,199.67,1096.55,0 20 91 21 33 37 18 16 40 35 71 15 30 64 78 74 63 88 85 0,63
PFG_MOEA,130,6,199.67,1096.55,0 92 43 34 1 22 23 84 39 56 68 19 17 31 27 13 0,31
PFG_MOEA,131,1,218.48,880.23,0 98 85 88 63 74 78 64 30 15 71 35 40 16 18 19 31 17 20 91 34 43 48 0,43 98
PFG_MOEA,131,2,218.48,880.23,0 50 92 21 33 37 68 56 39 84 23 22 1 99 2 25 0,99
PFG_MOEA,131,3,218.48,880.23,0 4 80 53 66 94 49 51 45 24 79 32 3 36 54 70 72 67 86 82 58 77 62 0,
PFG_MOEA,131,4,218.48,880.23,0 93 9 100 8 7 46 0,
PFG_MOEA,131,5,218.48,880.23,0 28 69 47 38 44 59 26 10 89 96 83 11 14 73 0,26
PFG_MOEA,131,6,218.48,880.23,0 5 29 90 65 6 87 52 60 61 97 75 55 76 42 81 57 95 41 12 27 13 0,29 42
PFG_MOEA,132,1,201.36,1069.24,0 27 12 73 14 11 83 96 26 10 89 59 44 38 47 69 28 46 0,83
PFG_MOEA,132,2,201.36,1069.24,0 7 30 15 71 35 40 16 18 19 31 17 20 91 0,31
PFG_MOEA,132,3,201.36,1069.24,0 25 2 99 34 43 92 1 84 23 22 70 72 67 86 82 58 77 50 0,
PFG_MOEA,132,4,201.36,1069.24,0 4 80 53 66 54 36 3 39 56 68 37 33 21 62 48 0,36 62
PFG_MOEA,132,5,201.36,1069.24,0 24 45 94 49 32 51 79 5 29 90 65 6 87 52 60 61 97 0,
PFG_MOEA,132,6,201.36,1069.24,0 42 76 9 55 75 81 93 100 8 57 95 41 98 85 88 63 74 78 64 13 0,42 88
PFG_MOEA,133,1,235.98,829.78,0 20 91 21 33 37 68 56 39 84 23 22 1 34 43 92 0,34
PFG_MOEA,133,2,235.98,829.78,0 99 0,99
PFG_MOEA,133,3,235.98,829.78,0 4 80 53 66 94 45 24 51 49 32 3 36 54 70 72 67 86 82 58 77 62 48 50 25 2 0,
PFG_MOEA,133,4,235.98,829.78,0 12 73 14 11 83 96 26 10 89 59 44 38 47 69 28 46 7 0,26
PFG_MOEA,133,5,235.98,829.78,0 79 5 29 90 65 6 87 52 60 61 97 75 13 27 0,
PFG_MOEA,133,6,235.98,829.78,0 8 100 93 9 55 76 42 81 57 95 41 98 85 88 63 74 78 64 30 15 71 35 31 17 40 16 18 19 0,42 64
PFG_MOEA,134,1,199.67,1096.55,0 5 29 90 65 6 87 52 60 61 97 75 7 14 73 12 99 2 25 50 48 0,6 52
PFG_MOEA,134,2,199.67,1096.55,0 24 79 51 45 94 49 32 36 54 70 72 67 86 82 3 62 0,
PFG_MOEA,134,3,199.67,1096.55,0 4 80 53 66 58 77 46 28 69 47 38 44 59 89 10 26 96 0,69
PFG_MOEA,134,4,199.67,1096.55,0 8 100 93 81 55 9 76 42 83 11 98 41 95 57 0,
PFG_MOEA,134,5,199.67,1096.55,0 20 91 21 33 37 18 16 40 35 71 15 30 64 78 74 63 88 85 0,63
PFG_MOEA,134,6,199.67,1096.55,0 92 43 34 1 22 23 84 39 56 68 19 17 31 27 13 0,31
PFG_MOEA,135,1,218.48,880.23,0 98 85 88 63 74 78 64 30 15 71 35 40 16 18 19 31 17 20 91 34 43 48 0,43 98
PFG_MOEA,135,2,218.48,880.23,0 50 92 21 33 37 68 56 39 84 23 22 1 99 2 25 0,99
PFG_MOEA,135,3,218.48,880.23,0 4 80 53 66 94 49 51 45 24 79 32 3 36 54 70 72 67 86 82 58 77 62 0,
PFG_MOEA,135,4,218.48,880.23,0 93 9 100 8 7 46 0,
PFG_MOEA,135,5,218.48,880.23,0 28 69 47 38 44 59 26 10 89 96 83 11 14 73 0,26
PFG_MOEA,135,6,218.48,880.23,0 5 29 90 65 6 87 52 60 61 97 75 55 76 42 81 57 95 41 12 27 13 0,29 42
PFG_MOEA,136,1,201.36,1069.24,0 27 12 73 14 11 83 96 26 10 89 59 44 38 47 69 28 46 0,83
PFG_MOEA,136,2,201.36,1069.24,0 7 30 15 71 35 40 16 18 19 31 17 20 91 0,31
PFG_MOEA,136,3,201.36,1069.24,0 25 2 99 34 43 92 1 84 23 22 70 72 67 86 82 58 77 50 0,
PFG_MOEA,136,4,201.36,1069.24,0 4 80 53 66 54 36 3 39 56 68 37 33 21 62 48 0,36 62
PFG_MOEA,136,5,201.36,1069.24,0 24 45 94 49 32 51 79 5 29 90 65 6 87 52 60 61 97 0,
PFG_MOEA,136,6,201.36,1069.24,0 42 76 9 55 75 81 93 100 8 57 95 41 98 85 88 63 74 78 64 13 0,42 88
PFG_MOEA,137,1,235.98,829.78,0 20 91 21 33 37 68 56 39 84 23 22 1 34 43 92 0,34
PFG_MOEA,137,2,235.98,829.78,0 99 0,99
PFG_MOEA,137,3,235.98,829.78,0 4 80 53 66 94 45 24 51 49 32 3 36 54 70 72 67 86 82 58 77 62 48 50 25 2 0,
PFG_MOEA,137,4,235.98,829.78,0 12 73 14 11 83 96 26 10 89 59 44 38 47 69 28 46 7 0,26
PFG_MOEA,137,5,235.98,829.78,0 79 5 29 90 65 6 87 52 60 61 97 75 13 27 0,
PFG_MOEA,137,6,235.98,829.78,0 8 100 93 9 55 76 42 81 57 95 41 98 85 88 63 74 78 64 30 15 71 35 31 17 40 16 18 19 0,42 64
PFG_MOEA,138,1,199.67,1096.55,0 5 29 90 65 6 87 52 60 61 97 75 7 14 73 12 99 2 25 50 48 0,6 52
PFG_MOEA,138,2,199.67,1096.55,0 24 79 51 45 94 49 32 36 54 70 72 67 86 82 3 62 0,
PFG_MOEA,138,3,199.67,1096.55,0 4 80 53 66 58 77 46 28 69 47 38 44 59 89 10 26 96 0,69
PFG_MOEA,138,4,199.67,1096.55,0 8 100 93 81 55 9 76 42 83 11 98 41 95 57 0,
PFG_MOEA,138,5,199.67,1096.55,0 20 91 21 33 37 18 16 40 35 71 15 30 64 78 74 63 88 85 0,63
PFG_MOEA,138,6,199.67,1096.55,0 92 43 34 1 22 23 84 39 56 68 19 17 31 27 13 0,31
PFG_MOEA,139,1,218.48,880.23,0 98 85 88 63 74 78 64 30 15 71 35 40 16 18 19 31 17 20 91 34 43 48 0,43 98
PFG_MOEA,139,2,218.48,880.23,0 50 92 21 33 37 68 56 39 84 23 22 1 99 2 25 0,99
PFG_MOEA,139,3,218.48,880.23,0 4 80 53 66 94 49 51 45 24 79 32 3 36 54 70 72 67 86 82 58 77 62 0,
PFG_MOEA,139,4,218.48,880.23,0 93 9 100 8 7 46 0,
PFG_MOEA,139,5,218.48,880.23,0 28 69 47 38 44 59 26 10 89 96 83 11 14 73 0,26
PFG_MOEA,139,6,218.48,880.23,0 5 29 90 65 6 87 52 60 61 97 75 55 76 42 81 57 95 41 12 27 13 0,29 42
PFG_MOEA,140,1,201.36,1069.24,0 27 12 73 14 11 83 96 26 10 89 59 44 38 47 69 28 46 0,83
PFG_MOEA,140,2,201.36,1069.24,0 7 30 15 71 35 40 16 18 19 31 17 20 91 0,31
PFG_MOEA,140,3,201.36,1069.24,0 25 2 99 34 43 92 1 84 23 22 70 72 67 86 82 58 77 50 0,
PFG_MOEA,140,4,201.36,1069.24,0 4 80 53 66 54 36 3 39 56 68 37 33 21 62 48 0,36 62
PFG_MOEA,140,5,201.36,1069.24,0 24 45 94 49 32 51 79 5 29 90 65 6 87 52 60 61 97 0,
PFG_MOEA,140,6,201.36,1069.24,0 42 76 9 55 75 81 93 100 8 57 95 41 98 85 88 63 74 78 64 13 0,42 88
PFG_MOEA,141,1,235.98,829.78,0 20 91 21 33 37 68 56 39 84 23 22 1 34 43 92 0,34
PFG_MOEA,141,2,235.98,829.78,0 99 0,99
PFG_MOEA,141,3,235.98,829.78,0 4 80 53 66 94 45 24 51 49 32 3 36 54 70 72 67 86 82 58 77 62 48 50 25 2 0,
PFG_MOEA,141,4,235.98,829.78,0 12 73 14 11 83 96 26 10 89 59 44 38 47 69 28 46 7 0,26
PFG_MOEA,141,5,235.98,829.78,0 79 5 29 90 65 6 87 52 60 61 97 75 13 27 0,
PFG_MOEA,141,6,235.98,829.78,0 8 100 93 9 55 76 42 81 57 95 41 98 85 88 63 74 78 64 30 15 71 35 31 17 40 16 18 19 0,42 64
PFG_MOEA,142,1,199.67,1096.55,0 5 29 90 65 6 87 52 60 61 97 75 7 14 73 12 99 2 25 50 48 0,6 52
PFG_MOEA,142,2,199.67,1096.55,0 24 79 51 45 94 49 32 36 54 70 72 67 86 82 3 62 0,
PFG_MOEA,142,3,199.67,1096.55,0 4 80 53 66 58 77 46 28 69 47 38 44 59 89 10 26 96 0,69
PFG_MOEA,142,4,199.67,1096.55,0 8 100 93 81 55 9 76 42 83 11 98 41 95 57 0,
PFG_MOEA,142,5,199.67,1096.55,0 20 91 21 33 37 18 16 40 35 71 15 30 64 78 74 63 88 85 0,63
PFG_MOEA,142,6,199.67,1096.55,0 92 43 34 1 22 23 84 39 56 68 19 17 31 27 13 0,31
PFG_MOEA,143,1,218.48,880.23,0 98 85 88 63 74 78 64 30 15 71 35 40 16 18 19 31 17 20 91 34 43 48 0,43 98
PFG_MOEA,143,2,218.48,880.23,0 50 92 21 33 37 68 56 39 84 23 22 1 99 2 25 0,99
PFG_MOEA,143,3,218.48,880.23,0 4 80 53 66 94 49 51 45 24 79 32 3 36 54 70 72 67 86 82 58 77 62 0,
PFG_MOEA,143,4,218.48,880.23,0 93 9 100 8 7 46 0,
PFG_MOEA,143,5,218.48,880.23,0 28 69 47 38 44 59 26 10 89 96 83 11 14 73 0,26
PFG_MOEA,143,6,218.48,880.23,0 5 29 90 65 6 87 52 60 61 97 75 55 76 42 81 57 95 41 12 27 13 0,29 42
PFG_MOEA,144,1,201.36,1069.24,0 27 12 73 14 11 83 96 26 10 89 59 44 38 47 69 28 46 0,83
PFG_MOEA,144,2,201.36,1069.24,0 7 30 15 71 35 40 16 18 19 31 17 20 91 0,31
PFG_MOEA,144,3,201.36,1069.24,0 25 2 99 34 43 92 1 84 23 22 70 72 67 86 82 58 77 50 0,
PFG_MOEA,144,4,201.36,1069.24,0 4 80 53 66 54 36 3 39 56 68 37 33 21 62 48 0,36 62
PFG_MOEA,144,5,201.36,1069.24,0 24 45 94 49 32 51 79 5 29 90 65 6 87 52 60 61 97 0,
PFG_MOEA,144,6,201.36,1069.24,0 42 76 9 55 75 81 93 100 8 57 95 41 98 85 88 63 74 78 64 13 0,42 88
PFG_MOEA,145,1,235.98,829.78,0 20 91 21 33 37 68 56 39 84 23 22 1 34 43 92 0,34
PFG_MOEA,145,2,235.98,829.78,0 99 0,99
PFG_MOEA,145,3,235.98,829.78,0 4 80 53 66 94 45 24 51 49 32 3 36 54 70 72 67 86 82 58 77 62 48 50 25 2 0,
PFG_MOEA,145,4,235.98,829.78,0 12 73 14 11 83 96 26 10 89 59 44 38 47 69 28 46 7 0,26
PFG_MOEA,145,5,235.98,829.78,0 79 5 29 90 65 6 87 52 60 61 97 75 13 27 0,
PFG_MOEA,145,6,235.98,829.78,0 8 100 93 9 55 76 42 81 57 95 41 98 85 88 63 74 78 64 30 15 71 35 31 17 40 16 18 19 0,42 64
PFG_MOEA,146,1,199.67,1096.55,0 5 29 90 65 6 87 52 60 61 97 75 7 14 73 12 99 2 25 50 48 0,6 52
PFG_MOEA,146,2,199.67,1096.55,0 24 79 51 45 94 49 32 36 54 70 72 67 86 82 3 62 0,
PFG_MOEA,146,3,199.67,1096.55,0 4 80 53 66 58 77 46 28 69 47 38 44 59 89 10 26 96 0,69
PFG_MOEA,146,4,199.67,1096.55,0 8 100 93 81 55 9 76 42 83 11 98 41 95 57 0,
PFG_MOEA,146,5,199.67,1096.55,0 20 91 21 33 37 18 16 40 35 71 15 30 64 78 74 63 88 85 0,63
PFG_MOEA,146,6,199.67,1096.55,0 92 43 34 1 22 23 84 39 56 68 19 17 31 27 13 0,31
PFG_MOEA,147,1,218.48,880.23,0 98 85 88 63 74 78 64 30 15 71 35 40 16 18 19 31 17 20 91 34 43 48 0,43 98
PFG_MOEA,147,2,218.48,880.23,0 50 92 21 33 37 68 56 39 84 23 22 1 99 2 25 0,99
PFG_MOEA,147,3,218.48,880.23,0 4 80 53 66 94 49 51 45 24 79 32 3 36 54 70 72 67 86 82 58 77 62 0,
PFG_MOEA,147,4,218.48,880.23,0 93 9 100 8 7 46 0,
PFG_MOEA,147,5,218.48,880.23,0 28 69 47 38 44 59 26 10 89 96 83 11 14 73 0,26
PFG_MOEA,147,6,218.48,880.23,0 5 29 90 65 6 87 52 60 61 97 75 55 76 42 81 57 95 41 12 27 13 0,29 42
PFG_MOEA,148,1,201.36,1069.24,0 27 12 73 14 11 83 96 26 10 89 59 44 38 47 69 28 46 0,83
PFG_MOEA,148,2,201.36,1069.24,0 7 30 15 71 35 40 16 18 19 31 17 20 91 0,31
PFG_MOEA,148,3,201.36,1069.24,0 25 2 99 34 43 92 1 84 23 22 70 72 67 86 82 58 77 50 0,
PFG_MOEA,148,4,201.36,1069.24,0 4 80 53 66 54 36 3 39 56 68 37 33 21 62 48 0,36 62
PFG_MOEA,148,5,201.36,1069.24,0 24 45 94 49 32 51 79 5 29 90 65 6 87 52 60 61 97 0,
PFG_MOEA,148,6,201.36,1069.24,0 42 76 9 55 75 81 93 100 8 57 95 41 98 85 88 63 74 78 64 13 0,42 88
PFG_MOEA,149,1,235.98,829.78,0 20 91 21 33 37 68 56 39 84 23 22 1 34 43 92 0,34
PFG_MOEA,149,2,235.98,829.78,0 99 0,99
PFG_MOEA,149,3,235.98,829.78,0 4 80 53 66 94 45 24 51 49 32 3 36 54 70 72 67 86 82 58 77 62 48 50 25 2 0,
PFG_MOEA,149,4,235.98,829.78,0 12 73 14 11 83 96 26 10 89 59 44 38 47 69 28 46 7 0,26
PFG_MOEA,149,5,235.98,829.78,0 79 5 29 90 65 6 87 52 60 61 97 75 13 27 0,
PFG_MOEA,149,6,235.98,829.78,0 8 100 93 9 55 76 42 81 57 95 41 98 85 88 63 74 78 64 30 15 71 35 31 17 40 16 18 19 0,42 64
PFG_MOEA,150,1,199.67,1096.55,0 5 29 90 65 6 87 52 60 61 97 75 7 14 73 12 99 2 25 50 48 0,6 52
PFG_MOEA,150,2,199.67,1096.55,0 24 79 51 45 94 49 32 36 54 70 72 67 86 82 3 62 0,
PFG_MOEA,150,3,199.67,1096.55,0 4 80 53 66 58 77 46 28 69 47 38 44 59 89 10 26 96 0,69
PFG_MOEA,150,4,199.67,1096.55,0 8 100 93 81 55 9 76 42 83 11 98 41 95 57 0,
PFG_MOEA,150,5,199.67,1096.55,0 20 91 21 33 37 18 16 40 35 71 15 30 64 78 74 63 88 85 0,63
PFG_MOEA,150,6,199.67,1096.55,0 92 43 34 1 22 23 84 39 56 68 19 17 31 27 13 0,31
PFG_MOEA,151,1,218.48,880.23,0 98 85 88 63 74 78 64 30 15 71 35 40 16 18 19 31 17 20 91 34 43 48 0,43 98
PFG_MOEA,151,2,218.48,880.23,0 50 92 21 33 37 68 56 39 84 23 22 1 99 2 25 0,99
PFG_MOEA,151,3,218.48,880.23,0 4 80 53 66 94 49 51 45 24 79 32 3 36 54 70 72 67 86 82 58 77 62 0,
PFG_MOEA,151,4,218.48,880.23,0 93 9 100 8 7 46 0,
PFG_MOEA,151,5,218.48,880.23,0 28 69 47 38 44 59 26 10 89 96 83 11 14 73 0,26
PFG_MOEA,151,6,218.48,880.23,0 5 29 90 65 6 87 52 60 61 97 75 55 76 42 81 57 95 41 12 27 13 0,29 42
PFG_MOEA,152,1,201.36,1069.24,0 27 12 73 14 11 83 96 26 10 89 59 44 38 47 69 28 46 0,83
PFG_MOEA,152,2,201.36,1069.24,0 7 30 15 71 35 40 16 18 19 31 17 20 91 0,31
PFG_MOEA,152,3,201.36,1069.24,0 25 2 99 34 43 92 1 84 23 22 70 72 67 86 82 58 77 50 0,
PFG_MOEA,152,4,201.36,1069.24,0 4 80 53 66 54 36 3 39 56 68 37 33 21 62 48 0,36 62
PFG_MOEA,152,5,201.36,1069.24,0 24 45 94 49 32 51 79 5 29 90 65 6 87 52 60 61 97 0,
PFG_MOEA,152,6,201.36,1069.24,0 42 76 9 55 75 81 93 100 8 57 95 41 98 85 88 63 74 78 64 13 0,42 88
PFG_MOEA,153,1,235.98,829.78,0 20 91 21 33 37 68 56 39 84 23 22 1 34 43 92 0,34
PFG_MOEA,153,2,235.98,829.78,0 99 0,99
PFG_MOEA,153,3,235.98,829.78,0 4 80 53 66 94 45 24 51 49 32 3 36 54 70 72 67 86 82 58 77 62 48 50 25 2 0,
PFG_MOEA,153,4,235.98,829.78,0 12 73 14 11 83 96 26 10 89 59 44 38 47 69 28 46 7 0,26
PFG_MOEA,153,5,235.98,829.78,0 79 5 29 90 65 6 87 52 60 61 97 75 13 27 0,
PFG_MOEA,153,6,235.98,829.78,0 8 100 93 9 55 76 42 81 57 95 41 98 85 88 63 74 78 64 30 15 71 35 31 17 40 16 18 19 0,42 64
PFG_MOEA,154,1,199.67,1096.55,0 5 29 90 65 6 87 52 60 61 97 75 7 14 73 12 99 2 25 50 48 0,6 52
PFG_MOEA,154,2,199.67,1096.55,0 24 79 51 45 94 49 32 36 54 70 72 67 86 82 3 62 0,
PFG_MOEA,154,3,199.67,1096.55,0 4 80 53 66 58 77 46 28 69 47 38 44 59 89 10 26 96 0,69
PFG_MOEA,154,4,199.67,1096.55,0 8 100 93 81 55 9 76 42 83 11 98 41 95 57 0,
PFG_MOEA,154,5,199.67,1096.55,0 20 91 21 33 37 18 16 40 35 71 15 30 64 78 74 63 88 85 0,63
PFG_MOEA,154,6,199.67,1096.55,0 92 43 34 1 22 23 84 39 56 68 19 17 31 27 13 0,31
PFG_MOEA,155,1,218.48,880.23,0 98 85 88 63 74 78 64 30 15 71 35 40 16 18 19 31 17 20 91 34 43 48 0,43 98
PFG_MOEA,155,2,218.48,880.23,0 50 92 21 33 37 68 56 39 84 23 22 1 99 2 25 0,99
PFG_MOEA,155,3,218.48,880.23,0 4 80 53 66 94 49 51 45 24 79 32 3 36 54 70 72 67 86 82 58 77 62 0,
PFG_MOEA,155,4,218.48,880.23,0 93 9 100 8 7 46 0,
PFG_MOEA,155,5,218.48,880.23,0 28 69 47 38 44 59 26 10 89 96 83 11 14 73 0,26
PFG_MOEA,155,6,218.48,880.23,0 5 29 90 65 6 87 52 60 61 97 75 55 76 42 81 57 95 41 12 27 13 0,29 42
PFG_MOEA,156,1,198.33,1121.84,0 13 27 12 41 95 78 64 30 15 71 35 40 16 18 19 31 17 20 91 0,
PFG_MOEA,156,2,198.33,1121.84,0 50 48 92 22 23 84 39 56 68 37 33 21 34 43 0,
PFG_MOEA,156,3,198.33,1121.84,0 4 80 53 66 94 49 51 45 24 79 32 54 36 3 1 99 2 25 0,2
PFG_MOEA,156,4,198.33,1121.84,0 62 77 58 82 86 67 72 70 93 9 100 8 7 46 28 69 47 0,58 93
PFG_MOEA,156,5,198.33,1121.84,0 73 98 85 88 63 74 14 11 83 96 44 38 59 26 10 89 5 29 90 0,11 26 63 98
PFG_MOEA,156,6,198.33,1121.84,0 65 6 87 52 60 61 97 75 55 76 42 81 57 0,
PFG_MOEA,157,1,201.36,1069.24,0 27 12 73 14 11 83 96 26 10 89 59 44 38 47 69 28 46 0,83
PFG_MOEA,157,2,201.36,1069.24,0 7 30 15 71 35 40 16 18 19 31 17 20 91 0,31
PFG_MOEA,157,3,201.36,1069.24,0 25 2 99 34 43 92 1 84 23 22 70 72 67 86 82 58 77 50 0,
PFG_MOEA,157,4,201.36,1069.24,0 4 80 53 66 54 36 3 39 56 68 37 33 21 62 48 0,36 62
PFG_MOEA,157,5,201.36,1069.24,0 24 45 94 49 32 51 79 5 29 90 65 6 87 52 60 61 97 0,
PFG_MOEA,157,6,201.36,1069.24,0 42 76 9 55 75 81 93 100 8 57 95 41 98 85 88 63 74 78 64 13 0,42 88
PFG_MOEA,158,1,235.98,829.78,0 20 91 21 33 37 68 56 39 84 23 22 1 34 43 92 0,34
PFG_MOEA,158,2,235.98,829.78,0 99 0,99
PFG_MOEA,158,3,235.98,829.78,0 4 80 53 66 94 45 24 51 49 32 3 36 54 70 72 67 86 82 58 77 62 48 50 25 2 0,
PFG_MOEA,158,4,235.98,829.78,0 12 73 14 11 83 96 26 10 89 59 44 38 47 69 28 46 7 0,26
PFG_MOEA,158,5,235.98,829.78,0 79 5 29 90 65 6 87 52 60 61 97 75 13 27 0,
PFG_MOEA,158,6,235.98,829.78,0 8 100 93 9 55 76 42 81 57 95 41 98 85 88 63 74 78 64 30 15 71 35 31 17 40 16 18 19 0,42 64
PFG_MOEA,159,1,199.67,1096.55,0 5 29 90 65 6 87 52 60 61 97 75 7 14 73 12 99 2 25 50 48 0,6 52
PFG_MOEA,159,2,199.67,1096.55,0 24 79 51 45 94 49 32 36 54 70 72 67 86 82 3 62 0,
PFG_MOEA,159,3,199.67,1096.55,0 4 80 53 66 58 77 46 28 69 47 38 44 59 89 10 26 96 0,69
PFG_MOEA,159,4,199.67,1096.55,0 8 100 93 81 55 9 76 42 83 11 98 41 95 57 0,
PFG_MOEA,159,5,199.67,1096.55,0 20 91 21 33 37 18 16 40 35 71 15 30 64 78 74 63 88 85 0,63
PFG_MOEA,159,6,199.67,1096.55,0 92 43 34 1 22 23 84 39 56 68 19 17 31 27 13 0,31
PFG_MOEA,160,1,218.48,880.23,0 98 85 88 63 74 78 64 30 15 71 35 40 16 18 19 31 17 20 91 34 43 48 0,43 98
PFG_MOEA,160,2,218.48,880.23,0 50 92 21 33 37 68 56 39 84 23 22 1 99 2 25 0,99
PFG_MOEA,160,3,218.48,880.23,0 4 80 53 66 94 49 51 45 24 79 32 3 36 54 70 72 67 86 82 58 77 62 0,
PFG_MOEA,160,4,218.48,880.23,0 93 9 100 8 7 46 0,
PFG_MOEA,160,5,218.48,880.23,0 28 69 47 38 44 59 26 10 89 96 83 11 14 73 0,26
PFG_MOEA,160,6,218.48,880.23,0 5 29 90 65 6 87 52 60 61 97 75 55 76 42 81 57 95 41 12 27 13 0,29 42
PFG_MOEA,161,1,198.33,1121.84,0 13 27 12 41 95 78 64 30 15 71 35 40 16 18 19 31 17 20 91 0,
PFG_MOEA,161,2,198.33,1121.84,0 50 48 92 22 23 84 39 56 68 37 33 21 34 43 0,
PFG_MOEA,161,3,198.33,1121.84,0 4 80 53 66 94 49 51 45 24 79 32 54 36 3 1 99 2 25 0,2
PFG_MOEA,161,4,198.33,1121.84,0 62 77 58 82 86 67 72 70 93 9 100 8 7 46 28 69 47 0,58 93
PFG_MOEA,161,5,198.33,1121.84,0 73 98 85 88 63 74 14 11 83 96 44 38 59 26 10 89 5 29 90 0,11 26 63 98
PFG_MOEA,161,6,198.33,1121.84,0 65 6 87 52 60 61 97 75 55 76 42 81 57 0,
PFG_MOEA,162,1,201.36,1069.24,0 27 12 73 14 11 83 96 26 10 89 59 44 38 47 69 28 46 0,83
PFG_MOEA,162,2,201.36,1069.24,0 7 30 15 71 35 40 16 18 19 31 17 20 91 0,31
PFG_MOEA,162,3,201.36,1069.24,0 25 2 99 34 43 92 1 84 23 22 70 72 67 86 82 58 77 50 0,
PFG_MOEA,162,4,201.36,1069.24,0 4 80 53 66 54 36 3 39 56 68 37 33 21 62 48 0,36 62
PFG_MOEA,162,5,201.36,1069.24,0 24 45 94 49 32 51 79 5 29 90 65 6 87 52 60 61 97 0,
PFG_MOEA,162,6,201.36,1069.24,0 42 76 9 55 75 81 93 100 8 57 95 41 98 85 88 63 74 78 64 13 0,42 88
PFG_MOEA,163,1,235.98,829.78,0 20 91 21 33 37 68 56 39 84 23 22 1 34 43 92 0,34
PFG_MOEA,163,2,235.98,829.78,0 99 0,99
PFG_MOEA,163,3,235.98,829.78,0 4 80 53 66 94 45 24 51 49 32 3 36 54 70 72 67 86 82 58 77 62 48 50 25 2 0,
PFG_MOEA,163,4,235.98,829.78,0 12 73 14 11 83 96 26 10 89 59 44 38 47 69 28 46 7 0,26
PFG_MOEA,163,5,235.98,829.78,0 79 5 29 90 65 6 87 52 60 61 97 75 13 27 0,
PFG_MOEA,163,6,235.98,829.78,0 8 100 93 9 55 76 42 81 57 95 41 98 85 88 63 74 78 64 30 15 71 35 31 17 40 16 18 19 0,42 64
PFG_MOEA,164,1,199.67,1096.55,0 5 29 90 65 6 87 52 60 61 97 75 7 14 73 12 99 2 25 50 48 0,6 52
PFG_MOEA,164,2,199.67,1096.55,0 24 79 51 45 94 49 32 36 54 70 72 67 86 82 3 62 0,
PFG_MOEA,164,3,199.67,1096.55,0 4 80 53 66 58 77 46 28 69 47 38 44 59 89 10 26 96 0,69
PFG_MOEA,164,4,199.67,1096.55,0 8 100 93 81 55 9 76 42 83 11 98 41 95 57 0,
PFG_MOEA,164,5,199.67,1096.55,0 20 91 21 33 37 18 16 40 35 71 15 30 64 78 74 63 88 85 0,63
PFG_MOEA,164,6,199.67,1096.55,0 92 43 34 1 22 23 84 39 56 68 19 17 31 27 13 0,31
PFG_MOEA,165,1,218.48,880.23,0 98 85 88 63 74 78 64 30 15 71 35 40 16 18 19 31 17 20 91 34 43 48 0,43 98
PFG_MOEA,165,2,218.48,880.23,0 50 92 21 33 37 68 56 39 84 23 22 1 99 2 25 0,99
PFG_MOEA,165,3,218.48,880.23,0 4 80 53 66 94 49 51 45 24 79 32 3 36 54 70 72 67 86 82 58 77 62 0,
PFG_MOEA,165,4,218.48,880.23,0 93 9 100 8 7 46 0,
PFG_MOEA,165,5,218.48,880.23,0 28 69 47 38 44 59 26 10 89 96 83 11 14 73 0,26
PFG_MOEA,165,6,218.48,880.23,0 5 29 90 65 6 87 52 60 61 97 75 55 76 42 81 57 95 41 12 27 13 0,29 42
PFG_MOEA,166,1,198.33,1121.84,0 13 27 12 41 95 78 64 30 15 71 35 40 16 18 19 31 17 20 91 0,
PFG_MOEA,166,2,198.33,1121.84,0 50 48 92 22 23 84 39 56 68 37 33 21 34 43 0,
PFG_MOEA,166,3,198.33,1121.84,0 4 80 53 66 94 49 51 45 24 79 32 54 36 3 1 99 2 25 0,2
PFG_MOEA,166,4,198.33,1121.84,0 62 77 58 82 86 67 72 70 93 9 100 8 7 46 28 69 47 0,58 93
PFG_MOEA,166,5,198.33,1121.84,0 73 98 85 88 63 74 14 11 83 96 44 38 59 26 10 89 5 29 90 0,11 26 63 98
PFG_MOEA,166,6,198.33,1121.84,0 65 6 87 52 60 61 97 75 55 76 42 81 57 0,
PFG_MOEA,167,1,201.36,1069.24,0 27 12 73 14 11 83 96 26 10 89 59 44 38 47 69 28 46 0,83
PFG_MOEA,167,2,201.36,1069.24,0 7 30 15 71 35 40 16 18 19 31 17 20 91 0,31
PFG_MOEA,167,3,201.36,1069.24,0 25 2 99 34 43 92 1 84 23 22 70 72 67 86 82 58 77 50 0,
PFG_MOEA,167,4,201.36,1069.24,0 4 80 53 66 54 36 3 39 56 68 37 33 21 62 48 0,36 62
PFG_MOEA,167,5,201.36,1069.24,0 24 45 94 49 32 51 79 5 29 90 65 6 87 52 60 61 97 0,
PFG_MOEA,167,6,201.36,1069.24,0 42 76 9 55 75 81 93 100 8 57 95 41 98 85 88 63 74 78 64 13 0,42 88
PFG_MOEA,168,1,235.98,829.78,0 20 91 21 33 37 68 56 39 84 23 22 1 34 43 92 0,34
PFG_MOEA,168,2,235.98,829.78,0 99 0,99
PFG_MOEA,168,3,235.98,829.78,0 4 80 53 66 94 45 24 51 49 32 3 36 54 70 72 67 86 82 58 77 62 48 50 25 2 0,
PFG_MOEA,168,4,235.98,829.78,0 12 73 14 11 83 96 26 10 89 59 44 38 47 69 28 46 7 0,26
PFG_MOEA,168,5,235.98,829.78,0 79 5 29 90 65 6 87 52 60 61 97 75 13 27 0,
PFG_MOEA,168,6,235.98,829.78,0 8 100 93 9 55 76 42 81 57 95 41 98 85 88 63 74 78 64 30 15 71 35 31 17 40 16 18 19 0,42 64
PFG_MOEA,169,1,199.67,1096.55,0 5 29 90 65 6 87 52 60 61 97 75 7 14 73 12 99 2 25 50 48 0,6 52
PFG_MOEA,169,2,199.67,1096.55,0 24 79 51 45 94 49 32 36 54 70 72 67 86 82 3 62 0,
PFG_MOEA,169,3,199.67,1096.55,0 4 80 53 66 58 77 46 28 69 47 38 44 59 89 10 26 96 0,69
PFG_MOEA,169,4,199.67,1096.55,0 8 100 93 81 55 9 76 42 83 11 98 41 95 57 0,
PFG_MOEA,169,5,199.67,1096.55,0 20 91 21 33 37 18 16 40 35 71 15 30 64 78 74 63 88 85 0,63
PFG_MOEA,169,6,199.67,1096.55,0 92 43 34 1 22 23 84 39 56 68 19 17 31 27 13 0,31
PFG_MOEA,170,1,218.48,880.23,0 98 85 88 63 74 78 64 30 15 71 35 40 16 18 19 31 17 20 91 34 43 48 0,43 98
PFG_MOEA,170,2,218.48,880.23,0 50 92 21 33 37 68 56 39 84 23 22 1 99 2 25 0,99
PFG_MOEA,170,3,218.48,880.23,0 4 80 53 66 94 49 51 45 24 79 32 3 36 54 70 72 67 86 82 58 77 62 0,
PFG_MOEA,170,4,218.48,880.23,0 93 9 100 8 7 46 0,
PFG_MOEA,170,5,218.48,880.23,0 28 69 47 38 44 59 26 10 89 96 83 11 14 73 0,26
PFG_MOEA,170,6,218.48,880.23,0 5 29 90 65 6 87 52 60 61 97 75 55 76 42 81 57 95 41 12 27 13 0,29 42
PFG_MOEA,171,1,198.33,1121.84,0 13 27 12 41 95 78 64 30 15 71 35 40 16 18 19 31 17 20 91 0,
PFG_MOEA,171,2,198.33,1121.84,0 50 48 92 22 23 84 39 56 68 37 33 21 34 43 0,
PFG_MOEA,171,3,198.33,1121.84,0 4 80 53 66 94 49 51 45 24 79 32 54 36 3 1 99 2 25 0,2
PFG_MOEA,171,4,198.33,1121.84,0 62 77 58 82 86 67 72 70 93 9 100 8 7 46 28 69 47 0,58 93
PFG_MOEA,171,5,198.33,1121.84,0 73 98 85 88 63 74 14 11 83 96 44 38 59 26 10 89 5 29 90 0,11 26 63 98
PFG_MOEA,171,6,198.33,1121.84,0 65 6 87 52 60 61 97 75 55 76 42 81 57 0,
PFG_MOEA,172,1,201.36,1069.24,0 27 12 73 14 11 83 96 26 10 89 59 44 38 47 69 28 46 0,83
PFG_MOEA,172,2,201.36,1069.24,0 7 30 15 71 35 40 16 18 19 31 17 20 91 0,31
PFG_MOEA,172,3,201.36,1069.24,0 25 2 99 34 43 92 1 84 23 22 70 72 67 86 82 58 77 50 0,
PFG_MOEA,172,4,201.36,1069.24,0 4 80 53 66 54 36 3 39 56 68 37 33 21 62 48 0,36 62
PFG_MOEA,172,5,201.36,1069.24,0 24 45 94 49 32 51 79 5 29 90 65 6 87 52 60 61 97 0,
PFG_MOEA,172,6,201.36,1069.24,0 42 76 9 55 75 81 93 100 8 57 95 41 98 85 88 63 74 78 64 13 0,42 88
PFG_MOEA,173,1,235.98,829.78,0 20 91 21 33 37 68 56 39 84 23 22 1 34 43 92 0,34
PFG_MOEA,173,2,235.98,829.78,0 99 0,99
PFG_MOEA,173,3,235.98,829.78,0 4 80 53 66 94 45 24 51 49 32 3 36 54 70 72 67 86 82 58 77 62 48 50 25 2 0,
PFG_MOEA,173,4,235.98,829.78,0 12 73 14 11 83 96 26 10 89 59 44 38 47 69 28 46 7 0,26
PFG_MOEA,173,5,235.98,829.78,0 79 5 29 90 65 6 87 52 60 61 97 75 13 27 0,
PFG_MOEA,173,6,235.98,829.78,0 8 100 93 9 55 76 42 81 57 95 41 98 85 88 63 74 78 64 30 15 71 35 31 17 40 16 18 19 0,42 64
PFG_MOEA,174,1,199.67,1096.55,0 5 29 90 65 6 87 52 60 61 97 75 7 14 73 12 99 2 25 50 48 0,6 52
PFG_MOEA,174,2,199.67,1096.55,0 24 79 51 45 94 49 32 36 54 70 72 67 86 82 3 62 0,
PFG_MOEA,174,3,199.67,1096.55,0 4 80 53 66 58 77 46 28 69 47 38 44 59 89 10 26 96 0,69
PFG_MOEA,174,4,199.67,1096.55,0 8 100 93 81 55 9 76 42 83 11 98 41 95 57 0,
PFG_MOEA,174,5,199.67,1096.55,0 20 91 21 33 37 18 16 40 35 71 15 30 64 78 74 63 88 85 0,63
PFG_MOEA,174,6,199.67,1096.55,0 92 43 34 1 22 23 84 39 56 68 19 17 31 27 13 0,31
PFG_MOEA,175,1,218.48,880.23,0 98 85 88 63 74 78 64 30 15 71 35 40 16 18 19 31 17 20 91 34 43 48 0,43 98
PFG_MOEA,175,2,218.48,880.23,0 50 92 21 33 37 68 56 39 84 23 22 1 99 2 25 0,99
PFG_MOEA,175,3,218.48,880.23,0 4 80 53 66 94 49 51 45 24 79 32 3 36 54 70 72 67 86 82 58 77 62 0,
PFG_MOEA,175,4,218.48,880.23,0 93 9 100 8 7 46 0,
PFG_MOEA,175,5,218.48,880.23,0 28 69 47 38 44 59 26 10 89 96 83 11 14 73 0,26
PFG_MOEA,175,6,218.48,880.23,0 5 29 90 65 6 87 52 60 61 97 75 55 76 42 81 57 95 41 12 27 13 0,29 42
PFG_MOEA,176,1,198.33,1121.84,0 13 27 12 41 95 78 64 30 15 71 35 40 16 18 19 31 17 20 91 0,
PFG_MOEA,176,2,198.33,1121.84,0 50 48 92 22 23 84 39 56 68 37 33 21 34 43 0,
PFG_MOEA,176,3,198.33,1121.84,0 4 80 53 66 94 49 51 45 24 79 32 54 36 3 1 99 2 25 0,2
PFG_MOEA,176,4,198.33,1121.84,0 62 77 58 82 86 67 72 70 93 9 100 8 7 46 28 69 47 0,58 93
PFG_MOEA,176,5,198.33,1121.84,0 73 98 85 88 63 74 14 11 83 96 44 38 59 26 10 89 5 29 90 0,11 26 63 98
PFG_MOEA,176,6,198.33,1121.84,0 65 6 87 52 60 61 97 75 55 76 42 81 57 0,
PFG_MOEA,177,1,201.36,1069.24,0 27 12 73 14 11 83 96 26 10 89 59 44 38 47 69 28 46 0,83
PFG_MOEA,177,2,201.36,1069.24,0 7 30 15 71 35 40 16 18 19 31 17 20 91 0,31
PFG_MOEA,177,3,201.36,1069.24,0 25 2 99 34 43 92 1 84 23 22 70 72 67 86 82 58 77 50 0,
PFG_MOEA,177,4,201.36,1069.24,0 4 80 53 66 54 36 3 39 56 68 37 33 21 62 48 0,36 62
PFG_MOEA,177,5,201.36,1069.24,0 24 45 94 49 32 51 79 5 29 90 65 6 87 52 60 61 97 0,
PFG_MOEA,177,6,201.36,1069.24,0 42 76 9 55 75 81 93 100 8 57 95 41 98 85 88 63 74 78 64 13 0,42 88
PFG_MOEA,178,1,235.98,829.78,0 20 91 21 33 37 68 56 39 84 23 22 1 34 43 92 0,34
PFG_MOEA,178,2,235.98,829.78,0 99 0,99
PFG_MOEA,178,3,235.98,829.78,0 4 80 53 66 94 45 24 51 49 32 3 36 54 70 72 67 86 82 58 77 62 48 50 25 2 0,
PFG_MOEA,178,4,235.98,829.78,0 12 73 14 11 83 96 26 10 89 59 44 38 47 69 28 46 7 0,26
PFG_MOEA,178,5,235.98,829.78,0 79 5 29 90 65 6 87 52 60 61 97 75 13 27 0,
PFG_MOEA,178,6,235.98,829.78,0 8 100 93 9 55 76 42 81 57 95 41 98 85 88 63 74 78 64 30 15 71 35 31 17 40 16 18 19 0,42 64
PFG_MOEA,179,1,199.67,1096.55,0 5 29 90 65 6 87 52 60 61 97 75 7 14 73 12 99 2 25 50 48 0,6 52
PFG_MOEA,179,2,199.67,1096.55,0 24 79 51 45 94 49 32 36 54 70 72 67 86 82 3 62 0,
PFG_MOEA,179,3,199.67,1096.55,0 4 80 53 66 58 77 46 28 69 47 38 44 59 89 10 26 96 0,69
PFG_MOEA,179,4,199.67,1096.55,0 8 100 93 81 55 9 76 42 83 11 98 41 95 57 0,
PFG_MOEA,179,5,199.67,1096.55,0 20 91 21 33 37 18 16 40 35 71 15 30 64 78 74 63 88 85 0,63
PFG_MOEA,179,6,199.67,1096.55,0 92 43 34 1 22 23 84 39 56 68 19 17 31 27 13 0,31
PFG_MOEA,180,1,218.48,880.23,0 98 85 88 63 74 78 64 30 15 71 35 40 16 18 19 31 17 20 91 34 43 48 0,43 98
PFG_MOEA,180,2,218.48,880.23,0 50 92 21 33 37 68 56 39 84 23 22 1 99 2 25 0,99
PFG_MOEA,180,3,218.48,880.23,0 4 80 53 66 94 49 51 45 24 79 32 3 36 54 70 72 67 86 82 58 77 62 0,
PFG_MOEA,180,4,218.48,880.23,0 93 9 100 8 7 46 0,
PFG_MOEA,180,5,218.48,880.23,0 28 69 47 38 44 59 26 10 89 96 83 11 14 73 0,26
PFG_MOEA,180,6,218.48,880.23,0 5 29 90 65 6 87 52 60 61 97 75 55 76 42 81 57 95 41 12 27 13 0,29 42
PFG_MOEA,181,1,198.33,1121.84,0 13 27 12 41 95 78 64 30 15 71 35 40 16 18 19 31 17 20 91 0,
PFG_MOEA,181,2,198.33,1121.84,0 50 48 92 22 23 84 39 56 68 37 33 21 34 43 0,
PFG_MOEA,181,3,198.33,1121.84,0 4 80 53 66 94 49 51 45 24 79 32 54 36 3 1 99 2 25 0,2
PFG_MOEA,181,4,198.33,1121.84,0 62 77 58 82 86 67 72 70 93 9 100 8 7 46 28 69 47 0,58 93
PFG_MOEA,181,5,198.33,1121.84,0 73 98 85 88 63 74 14 11 83 96 44 38 59 26 10 89 5 29 90 0,11 26 63 98
PFG_MOEA,181,6,198.33,1121.84,0 65 6 87 52 60 61 97 75 55 76 42 81 57 0,
PFG_MOEA,182,1,201.36,1069.24,0 27 12 73 14 11 83 96 26 10 89 59 44 38 47 69 28 46 0,83
PFG_MOEA,182,2,201.36,1069.24,0 7 30 15 71 35 40 16 18 19 31 17 20 91 0,31
PFG_MOEA,182,3,201.36,1069.24,0 25 2 99 34 43 92 1 84 23 22 70 72 67 86 82 58 77 50 0,
PFG_MOEA,182,4,201.36,1069.24,0 4 80 53 66 54 36 3 39 56 68 37 33 21 62 48 0,36 62
PFG_MOEA,182,5,201.36,1069.24,0 24 45 94 49 32 51 79 5 29 90 65 6 87 52 60 61 97 0,
PFG_MOEA,182,6,201.36,1069.24,0 42 76 9 55 75 81 93 100 8 57 95 41 98 85 88 63 74 78 64 13 0,42 88
PFG_MOEA,183,1,235.98,829.78,0 20 91 21 33 37 68 56 39 84 23 22 1 34 43 92 0,34
PFG_MOEA,183,2,235.98,829.78,0 99 0,99
PFG_MOEA,183,3,235.98,829.78,0 4 80 53 66 94 45 24 51 49 32 3 36 54 70 72 67 86 82 58 77 62 48 50 25 2 0,
PFG_MOEA,183,4,235.98,829.78,0 12 73 14 11 83 96 26 10 89 59 44 38 47 69 28 46 7 0,26
PFG_MOEA,183,5,235.98,829.78,0 79 5 29 90 65 6 87 52 60 61 97 75 13 27 0,
PFG_MOEA,183,6,235.98,829.78,0 8 100 93 9 55 76 42 81 57 95 41 98 85 88 63 74 78 64 30 15 71 35 31 17 40 16 18 19 0,42 64
PFG_MOEA,184,1,199.67,1096.55,0 5 29 90 65 6 87 52 60 61 97 75 7 14 73 12 99 2 25 50 48 0,6 52
PFG_MOEA,184,2,199.67,1096.55,0 24 79 51 45 94 49 32 36 54 70 72 67 86 82 3 62 0,
PFG_MOEA,184,3,199.67,1096.55,0 4 80 53 66 58 77 46 28 69 47 38 44 59 89 10 26 96 0,69
PFG_MOEA,184,4,199.67,1096.55,0 8 100 93 81 55 9 76 42 83 11 98 41 95 57 0,
PFG_MOEA,184,5,199.67,1096.55,0 20 91 21 33 37 18 16 40 35 71 15 30 64 78 74 63 88 85 0,63
PFG_MOEA,184,6,199.67,1096.55,0 92 43 34 1 22 23 84 39 56 68 19 17 31 27 13 0,31
PFG_MOEA,185,1,218.48,880.23,0 98 85 88 63 74 78 64 30 15 71 35 40 16 18 19 31 17 20 91 34 43 48 0,43 98
PFG_MOEA,185,2,218.48,880.23,0 50 92 21 33 37 68 56 39 84 23 22 1 99 2 25 0,99
PFG_MOEA,185,3,218.48,880.23,0 4 80 53 66 94 49 51 45 24 79 32 3 36 54 70 72 67 86 82 58 77 62 0,
PFG_MOEA,185,4,218.48,880.23,0 93 9 100 8 7 46 0,
PFG_MOEA,185,5,218.48,880.23,0 28 69 47 38 44 59 26 10 89 96 83 11 14 73 0,26
PFG_MOEA,185,6,218.48,880.23,0 5 29 90 65 6 87 52 60 61 97 75 55 76 42 81 57 95 41 12 27 13 0,29 42
PFG_MOEA,186,1,198.33,1121.84,0 13 27 12 41 95 78 64 30 15 71 35 40 16 18 19 31 17 20 91 0,
PFG_MOEA,186,2,198.33,1121.84,0 50 48 92 22 23 84 39 56 68 37 33 21 34 43 0,
PFG_MOEA,186,3,198.33,1121.84,0 4 80 53 66 94 49 51 45 24 79 32 54 36 3 1 99 2 25 0,2
PFG_MOEA,186,4,198.33,1121.84,0 62 77 58 82 86 67 72 70 93 9 100 8 7 46 28 69 47 0,58 93
PFG_MOEA,186,5,198.33,1121.84,0 73 98 85 88 63 74 14 11 83 96 44 38 59 26 10 89 5 29 90 0,11 26 63 98
PFG_MOEA,186,6,198.33,1121.84,0 65 6 87 52 60 61 97 75 55 76 42 81 57 0,
PFG_MOEA,187,1,201.36,1069.24,0 27 12 73 14 11 83 96 26 10 89 59 44 38 47 69 28 46 0,83
PFG_MOEA,187,2,201.36,1069.24,0 7 30 15 71 35 40 16 18 19 31 17 20 91 0,31
PFG_MOEA,187,3,201.36,1069.24,0 25 2 99 34 43 92 1 84 23 22 70 72 67 86 82 58 77 50 0,
PFG_MOEA,187,4,201.36,1069.24,0 4 80 53 66 54 36 3 39 56 68 37 33 21 62 48 0,36 62
PFG_MOEA,187,5,201.36,1069.24,0 24 45 94 49 32 51 79 5 29 90 65 6 87 52 60 61 97 0,
PFG_MOEA,187,6,201.36,1069.24,0 42 76 9 55 75 81 93 100 8 57 95 41 98 85 88 63 74 78 64 13 0,42 88
PFG_MOEA,188,1,235.98,829.78,0 20 91 21 33 37 68 56 39 84 23 22 1 34 43 92 0,34
PFG_MOEA,188,2,235.98,829.78,0 99 0,99
PFG_MOEA,188,3,235.98,829.78,0 4 80 53 66 94 45 24 51 49 32 3 36 54 70 72 67 86 82 58 77 62 48 50 25 2 0,
PFG_MOEA,188,4,235.98,829.78,0 12 73 14 11 83 96 26 10 89 59 44 38 47 69 28 46 7 0,26
PFG_MOEA,188,5,235.98,829.78,0 79 5 29 90 65 6 87 52 60 61 97 75 13 27 0,
PFG_MOEA,188,6,235.98,829.78,0 8 100 93 9 55 76 42 81 57 95 41 98 85 88 63 74 78 64 30 15 71 35 31 17 40 16 18 19 0,42 64
PFG_MOEA,189,1,199.67,1096.55,0 5 29 90 65 6 87 52 60 61 97 75 7 14 73 12 99 2 25 50 48 0,6 52
PFG_MOEA,189,2,199.67,1096.55,0 24 79 51 45 94 49 32 36 54 70 72 67 86 82 3 62 0,
PFG_MOEA,189,3,199.67,1096.55,0 4 80 53 66 58 77 46 28 69 47 38 44 59 89 10 26 96 0,69
PFG_MOEA,189,4,199.67,1096.55,0 8 100 93 81 55 9 76 42 83 11 98 41 95 57 0,
PFG_MOEA,189,5,199.67,1096.55,0 20 91 21 33 37 18 16 40 35 71 15 30 64 78 74 63 88 85 0,63
PFG_MOEA,189,6,199.67,1096.55,0 92 43 34 1 22 23 84 39 56 68 19 17 31 27 13 0,31
PFG_MOEA,190,1,218.48,880.23,0 98 85 88 63 74 78 64 30 15 71 35 40 16 18 19 31 17 20 91 34 43 48 0,43 98
PFG_MOEA,190,2,218.48,880.23,0 50 92 21 33 37 68 56 39 84 23 22 1 99 2 25 0,99
PFG_MOEA,190,3,218.48,880.23,0 4 80 53 66 94 49 51 45 24 79 32 3 36 54 70 72 67 86 82 58 77 62 0,
PFG_MOEA,190,4,218.48,880.23,0 93 9 100 8 7 46 0,
PFG_MOEA,190,5,218.48,880.23,0 28 69 47 38 44 59 26 10 89 96 83 11 14 73 0,26
PFG_MOEA,190,6,218.48,880.23,0 5 29 90 65 6 87 52 60 61 97 75 55 76 42 81 57 95 41 12 27 13 0,29 42
PFG_MOEA,191,1,198.33,1121.84,0 13 27 12 41 95 78 64 30 15 71 35 40 16 18 19 31 17 20 91 0,
PFG_MOEA,191,2,198.33,1121.84,0 50 48 92 22 23 84 39 56 68 37 33 21 34 43 0,
PFG_MOEA,191,3,198.33,1121.84,0 4 80 53 66 94 49 51 45 24 79 32 54 36 3 1 99 2 25 0,2
PFG_MOEA,191,4,198.33,1121.84,0 62 77 58 82 86 67 72 70 93 9 100 8 7 46 28 69 47 0,58 93
PFG_MOEA,191,5,198.33,1121.84,0 73 98 85 88 63 74 14 11 83 96 44 38 59 26 10 89 5 29 90 0,11 26 63 98
PFG_MOEA,191,6,198.33,1121.84,0 65 6 87 52 60 61 97 75 55 76 42 81 57 0,
PFG_MOEA,192,1,201.36,1069.24,0 27 12 73 14 11 83 96 26 10 89 59 44 38 47 69 28 46 0,83
PFG_MOEA,192,2,201.36,1069.24,0 7 30 15 71 35 40 16 18 19 31 17 20 91 0,31
PFG_MOEA,192,3,201.36,1069.24,0 25 2 99 34 43 92 1 84 23 22 70 72 67 86 82 58 77 50 0,
PFG_MOEA,192,4,201.36,1069.24,0 4 80 53 66 54 36 3 39 56 68 37 33 21 62 48 0,36 62
PFG_MOEA,192,5,201.36,1069.24,0 24 45 94 49 32 51 79 5 29 90 65 6 87 52 60 61 97 0,
PFG_MOEA,192,6,201.36,1069.24,0 42 76 9 55 75 81 93 100 8 57 95 41 98 85 88 63 74 78 64 13 0,42 88
PFG_MOEA,193,1,235.98,829.78,0 20 91 21 33 37 68 56 39 84 23 22 1 34 43 92 0,34
PFG_MOEA,193,2,235.98,829.78,0 99 0,99
PFG_MOEA,193,3,235.98,829.78,0 4 80 53 66 94 45 24 51 49 32 3 36 54 70 72 67 86 82 58 77 62 48 50 25 2 0,
PFG_MOEA,193,4,235.98,829.78,0 12 73 14 11 83 96 26 10 89 59 44 38 47 69 28 46 7 0,26
PFG_MOEA,193,5,235.98,829.78,0 79 5 29 90 65 6 87 52 60 61 97 75 13 27 0,
PFG_MOEA,193,6,235.98,829.78,0 8 100 93 9 55 76 42 81 57 95 41 98 85 88 63 74 78 64 30 15 71 35 31 17 40 16 18 19 0,42 64
PFG_MOEA,194,1,199.67,1096.55,0 5 29 90 65 6 87 52 60 61 97 75 7 14 73 12 99 2 25 50 48 0,6 52
PFG_MOEA,194,2,199.67,1096.55,0 24 79 51 45 94 49 32 36 54 70 72 67 86 82 3 62 0,
PFG_MOEA,194,3,199.67,1096.55,0 4 80 53 66 58 77 46 28 69 47 38 44 59 89 10 26 96 0,69
PFG_MOEA,194,4,199.67,1096.55,0 8 100 93 81 55 9 76 42 83 11 98 41 95 57 0,
PFG_MOEA,194,5,199.67,1096.55,0 20 91 21 33 37 18 16 40 35 71 15 30 64 78 74 63 88 85 0,63
PFG_MOEA,194,6,199.67,1096.55,0 92 43 34 1 22 23 84 39 56 68 19 17 31 27 13 0,31
PFG_MOEA,195,1,218.48,880.23,0 98 85 88 63 74 78 64 30 15 71 35 40 16 18 19 31 17 20 91 34 43 48 0,43 98
PFG_MOEA,195,2,218.48,880.23,0 50 92 21 33 37 68 56 39 84 23 22 1 99 2 25 0,99
PFG_MOEA,195,3,218.48,880.23,0 4 80 53 66 94 49 51 45 24 79 32 3 36 54 70 72 67 86 82 58 77 62 0,
PFG_MOEA,195,4,218.48,880.23,0 93 9 100 8 7 46 0,
PFG_MOEA,195,5,218.48,880.23,0 28 69 47 38 44 59 26 10 89 96 83 11 14 73 0,26
PFG_MOEA,195,6,218.48,880.23,0 5 29 90 65 6 87 52 60 61 97 75 55 76 42 81 57 95 41 12 27 13 0,29 42
PFG_MOEA,196,1,198.33,1121.84,0 13 27 12 41 95 78 64 30 15 71 35 40 16 18 19 31 17 20 91 0,
PFG_MOEA,196,2,198.33,1121.84,0 50 48 92 22 23 84 39 56 68 37 33 21 34 43 0,
PFG_MOEA,196,3,198.33,1121.84,0 4 80 53 66 94 49 51 45 24 79 32 54 36 3 1 99 2 25 0,2
PFG_MOEA,196,4,198.33,1121.84,0 62 77 58 82 86 67 72 70 93 9 100 8 7 46 28 69 47 0,58 93
PFG_MOEA,196,5,198.33,1121.84,0 73 98 85 88 63 74 14 11 83 96 44 38 59 26 10 89 5 29 90 0,11 26 63 98
PFG_MOEA,196,6,198.33,1121.84,0 65 6 87 52 60 61 97 75 55 76 42 81 57 0,
PFG_MOEA,197,1,201.36,1069.24,0 27 12 73 14 11 83 96 26 10 89 59 44 38 47 69 28 46 0,83
PFG_MOEA,197,2,201.36,1069.24,0 7 30 15 71 35 40 16 18 19 31 17 20 91 0,31
PFG_MOEA,197,3,201.36,1069.24,0 25 2 99 34 43 92 1 84 23 22 70 72 67 86 82 58 77 50 0,
PFG_MOEA,197,4,201.36,1069.24,0 4 80 53 66 54 36 3 39 56 68 37 33 21 62 48 0,36 62
PFG_MOEA,197,5,201.36,1069.24,0 24 45 94 49 32 51 79 5 29 90 65 6 87 52 60 61 97 0,
PFG_MOEA,197,6,201.36,1069.24,0 42 76 9 55 75 81 93 100 8 57 95 41 98 85 88 63 74 78 64 13 0,42 88
PFG_MOEA,198,1,235.98,829.78,0 20 91 21 33 37 68 56 39 84 23 22 1 34 43 92 0,34
PFG_MOEA,198,2,235.98,829.78,0 99 0,99
PFG_MOEA,198,3,235.98,829.78,0 4 80 53 66 94 45 24 51 49 32 3 36 54 70 72 67 86 82 58 77 62 48 50 25 2 0,
PFG_MOEA,198,4,235.98,829.78,0 12 73 14 11 83 96 26 10 89 59 44 38 47 69 28 46 7 0,26
PFG_MOEA,198,5,235.98,829.78,0 79 5 29 90 65 6 87 52 60 61 97 75 13 27 0,
PFG_MOEA,198,6,235.98,829.78,0 8 100 93 9 55 76 42 81 57 95 41 98 85 88 63 74 78 64 30 15 71 35 31 17 40 16 18 19 0,42 64
PFG_MOEA,199,1,199.67,1096.55,0 5 29 90 65 6 87 52 60 61 97 75 7 14 73 12 99 2 25 50 48 0,6 52
PFG_MOEA,199,2,199.67,1096.55,0 24 79 51 45 94 49 32 36 54 70 72 67 86 82 3 62 0,
PFG_MOEA,199,3,199.67,1096.55,0 4 80 53 66 58 77 46 28 69 47 38 44 59 89 10 26 96 0,69
PFG_MOEA,199,4,199.67,1096.55,0 8 100 93 81 55 9 76 42 83 11 98 41 95 57 0,
PFG_MOEA,199,5,199.67,1096.55,0 20 91 21 33 37 18 16 40 35 71 15 30 64 78 74 63 88 85 0,63
PFG_MOEA,199,6,199.67,1096.55,0 92 43 34 1 22 23 84 39 56 68 19 17 31 27 13 0,31
PFG_MOEA,200,1,218.48,880.23,0 98 85 88 63 74 78 64 30 15 71 35 40 16 18 19 31 17 20 91 34 43 48 0,43 98
PFG_MOEA,200,2,218.48,880.23,0 50 92 21 33 37 68 56 39 84 23 22 1 99 2 25 0,99
PFG_MOEA,200,3,218.48,880.23,0 4 80 53 66 94 49 51 45 24 79 32 3 36 54 70 72 67 86 82 58 77 62 0,
PFG_MOEA,200,4,218.48,880.23,0 93 9 100 8 7 46 0,
PFG_MOEA,200,5,218.48,880.23,0 28 69 47 38 44 59 26 10 89 96 83 11 14 73 0,26
PFG_MOEA,200,6,218.48,880.23,0 5 29 90 65 6 87 52 60 61 97 75 55 76 42 81 57 95 41 12 27 13 0,29 42
PFG_MOEA,201,1,198.33,1121.84,0 13 27 12 41 95 78 64 30 15 71 35 40 16 18 19 31 17 20 91 0,
PFG_MOEA,201,2,198.33,1121.84,0 50 48 92 22 23 84 39 56 68 37 33 21 34 43 0,
PFG_MOEA,201,3,198.33,1121.84,0 4 80 53 66 94 49 51 45 24 79 32 54 36 3 1 99 2 25 0,2
PFG_MOEA,201,4,198.33,1121.84,0 62 77 58 82 86 67 72 70 93 9 100 8 7 46 28 69 47 0,58 93
PFG_MOEA,201,5,198.33,1121.84,0 73 98 85 88 63 74 14 11 83 96 44 38 59 26 10 89 5 29 90 0,11 26 63 98
PFG_MOEA,201,6,198.33,1121.84,0 65 6 87 52 60 61 97 75 55 76 42 81 57 0,
PFG_MOEA,202,1,201.36,1069.24,0 27 12 73 14 11 83 96 26 10 89 59 44 38 47 69 28 46 0,83
PFG_MOEA,202,2,201.36,1069.24,0 7 30 15 71 35 40 16 18 19 31 17 20 91 0,31
PFG_MOEA,202,3,201.36,1069.24,0 25 2 99 34 43 92 1 84 23 22 70 72 67 86 82 58 77 50 0,
PFG_MOEA,202,4,201.36,1069.24,0 4 80 53 66 54 36 3 39 56 68 37 33 21 62 48 0,36 62
PFG_MOEA,202,5,201.36,1069.24,0 24 45 94 49 32 51 79 5 29 90 65 6 87 52 60 61 97 0,
PFG_MOEA,202,6,201.36,1069.24,0 42 76 9 55 75 81 93 100 8 57 95 41 98 85 88 63 74 78 64 13 0,42 88
PFG_MOEA,203,1,235.98,829.78,0 20 91 21 33 37 68 56 39 84 23 22 1 34 43 92 0,34
PFG_MOEA,203,2,235.98,829.78,0 99 0,99
PFG_MOEA,203,3,235.98,829.78,0 4 80 53 66 94 45 24 51 49 32 3 36 54 70 72 67 86 82 58 77 62 48 50 25 2 0,
PFG_MOEA,203,4,235.98,829.78,0 12 73 14 11 83 96 26 10 89 59 44 38 47 69 28 46 7 0,26
PFG_MOEA,203,5,235.98,829.78,0 79 5 29 90 65 6 87 52 60 61 97 75 13 27 0,
PFG_MOEA,203,6,235.98,829.78,0 8 100 93 9 55 76 42 81 57 95 41 98 85 88 63 74 78 64 30 15 71 35 31 17 40 16 18 19 0,42 64
PFG_MOEA,204,1,199.67,1096.55,0 5 29 90 65 6 87 52 60 61 97 75 7 14 73 12 99 2 25 50 48 0,6 52
PFG_MOEA,204,2,199.67,1096.55,0 24 79 51 45 94 49 32 36 54 70 72 67 86 82 3 62 0,
PFG_MOEA,204,3,199.67,1096.55,0 4 80 53 66 58 77 46 28 69 47 38 44 59 89 10 26 96 0,69
PFG_MOEA,204,4,199.67,1096.55,0 8 100 93 81 55 9 76 42 83 11 98 41 95 57 0,
PFG_MOEA,204,5,199.67,1096.55,0 20 91 21 33 37 18 16 40 35 71 15 30 64 78 74 63 88 85 0,63
PFG_MOEA,204,6,199.67,1096.55,0 92 43 34 1 22 23 84 39 56 68 19 17 31 27 13 0,31
PFG_MOEA,205,1,218.48,880.23,0 98 85 88 63 74 78 64 30 15 71 35 40 16 18 19 31 17 20 91 34 43 48 0,43 98
PFG_MOEA,205,2,218.48,880.23,0 50 92 21 33 37 68 56 39 84 23 22 1 99 2 25 0,99
PFG_MOEA,205,3,218.48,880.23,0 4 80 53 66 94 49 51 45 24 79 32 3 36 54 70 72 67 86 82 58 77 62 0,
PFG_MOEA,205,4,218.48,880.23,0 93 9 100 8 7 46 0,
PFG_MOEA,205,5,218.48,880.23,0 28 69 47 38 44 59 26 10 89 96 83 11 14 73 0,26
PFG_MOEA,205,6,218.48,880.23,0 5 29 90 65 6 87 52 60 61 97 75 55 76 42 81 57 95 41 12 27 13 0,29 42
PFG_MOEA,206,1,198.33,1121.84,0 13 27 12 41 95 78 64 30 15 71 35 40 16 18 19 31 17 20 91 0,
PFG_MOEA,206,2,198.33,1121.84,0 50 48 92 22 23 84 39 56 68 37 33 21 34 43 0,
PFG_MOEA,206,3,198.33,1121.84,0 4 80 53 66 94 49 51 45 24 79 32 54 36 3 1 99 2 25 0,2
PFG_MOEA,206,4,198.33,1121.84,0 62 77 58 82 86 67 72 70 93 9 100 8 7 46 28 69 47 0,58 93
PFG_MOEA,206,5,198.33,1121.84,0 73 98 85 88 63 74 14 11 83 96 44 38 59 26 10 89 5 29 90 0,11 26 63 98
PFG_MOEA,206,6,198.33,1121.84,0 65 6 87 52 60 61 97 75 55 76 42 81 57 0,
PFG_MOEA,207,1,201.36,1069.24,0 27 12 73 14 11 83 96 26 10 89 59 44 38 47 69 28 46 0,83
PFG_MOEA,207,2,201.36,1069.24,0 7 30 15 71 35 40 16 18 19 31 17 20 91 0,31
PFG_MOEA,207,3,201.36,1069.24,0 25 2 99 34 43 92 1 84 23 22 70 72 67 86 82 58 77 50 0,
PFG_MOEA,207,4,201.36,1069.24,0 4 80 53 66 54 36 3 39 56 68 37 33 21 62 48 0,36 62
PFG_MOEA,207,5,201.36,1069.24,0 24 45 94 49 32 51 79 5 29 90 65 6 87 52 60 61 97 0,
PFG_MOEA,207,6,201.36,1069.24,0 42 76 9 55 75 81 93 100 8 57 95 41 98 85 88 63 74 78 64 13 0,42 88
PFG_MOEA,208,1,235.98,829.78,0 20 91 21 33 37 68 56 39 84 23 22 1 34 43 92 0,34
PFG_MOEA,208,2,235.98,829.78,0 99 0,99
PFG_MOEA,208,3,235.98,829.78,0 4 80 53 66 94 45 24 51 49 32 3 36 54 70 72 67 86 82 58 77 62 48 50 25 2 0,
PFG_MOEA,208,4,235.98,829.78,0 12 73 14 11 83 96 26 10 89 59 44 38 47 69 28 46 7 0,26
PFG_MOEA,208,5,235.98,829.78,0 79 5 29 90 65 6 87 52 60 61 97 75 13 27 0,
PFG_MOEA,208,6,235.98,829.78,0 8 100 93 9 55 76 42 81 57 95 41 98 85 88 63 74 78 64 30 15 71 35 31 17 40 16 18 19 0,42 64
PFG_MOEA,209,1,199.67,1096.55,0 5 29 90 65 6 87 52 60 61 97 75 7 14 73 12 99 2 25 50 48 0,6 52
PFG_MOEA,209,2,199.67,1096.55,0 24 79 51 45 94 49 32 36 54 70 72 67 86 82 3 62 0,
PFG_MOEA,209,3,199.67,1096.55,0 4 80 53 66 58 77 46 28 69 47 38 44 59 89 10 26 96 0,69
PFG_MOEA,209,4,199.67,1096.55,0 8 100 93 81 55 9 76 42 83 11 98 41 95 57 0,
PFG_MOEA,209,5,199.67,1096.55,0 20 91 21 33 37 18 16 40 35 71 15 30 64 78 74 63 88 85 0,63
PFG_MOEA,209,6,199.67,1096.55,0 92 43 34 1 22 23 84 39 56 68 19 17 31 27 13 0,31
PFG_MOEA,210,1,218.48,880.23,0 98 85 88 63 74 78 64 30 15 71 35 40 16 18 19 31 17 20 91 34 43 48 0,43 98
PFG_MOEA,210,2,218.48,880.23,0 50 92 21 33 37 68 56 39 84 23 22 1 99 2 25 0,99
PFG_MOEA,210,3,218.48,880.23,0 4 80 53 66 94 49 51 45 24 79 32 3 36 54 70 72 67 86 82 58 77 62 0,
PFG_MOEA,210,4,218.48,880.23,0 93 9 100 8 7 46 0,
PFG_MOEA,210,5,218.48,880.23,0 28 69 47 38 44 59 26 10 89 96 83 11 14 73 0,26
PFG_MOEA,210,6,218.48,880.23,0 5 29 90 65 6 87 52 60 61 97 75 55 76 42 81 57 95 41 12 27 13 0,29 42
PFG_MOEA,211,1,198.33,1121.84,0 13 27 12 41 95 78 64 30 15 71 35 40 16 18 19 31 17 20 91 0,
PFG_MOEA,211,2,198.33,1121.84,0 50 48 92 22 23 84 39 56 68 37 33 21 34 43 0,
PFG_MOEA,211,3,198.33,1121.84,0 4 80 53 66 94 49 51 45 24 79 32 54 36 3 1 99 2 25 0,2
PFG_MOEA,211,4,198.33,1121.84,0 62 77 58 82 86 67 72 70 93 9 100 8 7 46 28 69 47 0,58 93
PFG_MOEA,211,5,198.33,1121.84,0 73 98 85 88 63 74 14 11 83 96 44 38 59 26 10 89 5 29 90 0,11 26 63 98
PFG_MOEA,211,6,198.33,1121.84,0 65 6 87 52 60 61 97 75 55 76 42 81 57 0,
PFG_MOEA,212,1,201.36,1069.24,0 27 12 73 14 11 83 96 26 10 89 59 44 38 47 69 28 46 0,83
PFG_MOEA,212,2,201.36,1069.24,0 7 30 15 71 35 40 16 18 19 31 17 20 91 0,31
PFG_MOEA,212,3,201.36,1069.24,0 25 2 99 34 43 92 1 84 23 22 70 72 67 86 82 58 77 50 0,
PFG_MOEA,212,4,201.36,1069.24,0 4 80 53 66 54 36 3 39 56 68 37 33 21 62 48 0,36 62
PFG_MOEA,212,5,201.36,1069.24,0 24 45 94 49 32 51 79 5 29 90 65 6 87 52 60 61 97 0,
PFG_MOEA,212,6,201.36,1069.24,0 42 76 9 55 75 81 93 100 8 57 95 41 98 85 88 63 74 78 64 13 0,42 88
PFG_MOEA,213,1,235.98,829.78,0 20 91 21 33 37 68 56 39 84 23 22 1 34 43 92 0,34
PFG_MOEA,213,2,235.98,829.78,0 99 0,99
PFG_MOEA,213,3,235.98,829.78,0 4 80 53 66 94 45 24 51 49 32 3 36 54 70 72 67 86 82 58 77 62 48 50 25 2 0,
PFG_MOEA,213,4,235.98,829.78,0 12 73 14 11 83 96 26 10 89 59 44 38 47 69 28 46 7 0,26
PFG_MOEA,213,5,235.98,829.78,0 79 5 29 90 65 6 87 52 60 61 97 75 13 27 0,
PFG_MOEA,213,6,235.98,829.78,0 8 100 93 9 55 76 42 81 57 95 41 98 85 88 63 74 78 64 30 15 71 35 31 17 40 16 18 19 0,42 64
PFG_MOEA,214,1,199.67,1096.55,0 5 29 90 65 6 87 52 60 61 97 75 7 14 73 12 99 2 25 50 48 0,6 52
PFG_MOEA,214,2,199.67,1096.55,0 24 79 51 45 94 49 32 36 54 70 72 67 86 82 3 62 0,
PFG_MOEA,214,3,199.67,1096.55,0 4 80 53 66 58 77 46 28 69 47 38 44 59 89 10 26 96 0,69
PFG_MOEA,214,4,199.67,1096.55,0 8 100 93 81 55 9 76 42 83 11 98 41 95 57 0,
PFG_MOEA,214,5,199.67,1096.55,0 20 91 21 33 37 18 16 40 35 71 15 30 64 78 74 63 88 85 0,63
PFG_MOEA,214,6,199.67,1096.55,0 92 43 34 1 22 23 84 39 56 68 19 17 31 27 13 0,31
PFG_MOEA,215,1,218.48,880.23,0 98 85 88 63 74 78 64 30 15 71 35 40 16 18 19 31 17 20 91 34 43 48 0,43 98
PFG_MOEA,215,2,218.48,880.23,0 50 92 21 33 37 68 56 39 84 23 22 1 99 2 25 0,99
PFG_MOEA,215,3,218.48,880.23,0 4 80 53 66 94 49 51 45 24 79 32 3 36 54 70 72 67 86 82 58 77 62 0,
PFG_MOEA,215,4,218.48,880.23,0 93 9 100 8 7 46 0,
PFG_MOEA,215,5,218.48,880.23,0 28 69 47 38 44 59 26 10 89 96 83 11 14 73 0,26
PFG_MOEA,215,6,218.48,880.23,0 5 29 90 65 6 87 52 60 61 97 75 55 76 42 81 57 95 41 12 27 13 0,29 42
PFG_MOEA,216,1,198.33,1121.84,0 13 27 12 41 95 78 64 30 15 71 35 40 16 18 19 31 17 20 91 0,
PFG_MOEA,216,2,198.33,1121.84,0 50 48 92 22 23 84 39 56 68 37 33 21 34 43 0,
PFG_MOEA,216,3,198.33,1121.84,0 4 80 53 66 94 49 51 45 24 79 32 54 36 3 1 99 2 25 0,2
PFG_MOEA,216,4,198.33,1121.84,0 62 77 58 82 86 67 72 70 93 9 100 8 7 46 28 69 47 0,58 93
PFG_MOEA,216,5,198.33,1121.84,0 73 98 85 88 63 74 14 11 83 96 44 38 59 26 10 89 5 29 90 0,11 26 63 98
PFG_MOEA,216,6,198.33,1121.84,0 65 6 87 52 60 61 97 75 55 76 42 81 57 0,
PFG_MOEA,217,1,201.36,1069.24,0 27 12 73 14 11 83 96 26 10 89 59 44 38 47 69 28 46 0,83
PFG_MOEA,217,2,201.36,1069.24,0 7 30 15 71 35 40 16 18 19 31 17 20 91 0,31
PFG_MOEA,217,3,201.36,1069.24,0 25 2 99 34 43 92 1 84 23 22 70 72 67 86 82 58 77 50 0,
PFG_MOEA,217,4,201.36,1069.24,0 4 80 53 66 54 36 3 39 56 68 37 33 21 62 48 0,36 62
PFG_MOEA,217,5,201.36,1069.24,0 24 45 94 49 32 51 79 5 29 90 65 6 87 52 60 61 97 0,
PFG_MOEA,217,6,201.36,1069.24,0 42 76 9 55 75 81 93 100 8 57 95 41 98 85 88 63 74 78 64 13 0,42 88
PFG_MOEA,218,1,235.98,829.78,0 20 91 21 33 37 68 56 39 84 23 22 1 34 43 92 0,34
PFG_MOEA,218,2,235.98,829.78,0 99 0,99
PFG_MOEA,218,3,235.98,829.78,0 4 80 53 66 94 45 24 51 49 32 3 36 54 70 72 67 86 82 58 77 62 48 50 25 2 0,
PFG_MOEA,218,4,235.98,829.78,0 12 73 14 11 83 96 26 10 89 59 44 38 47 69 28 46 7 0,26
PFG_MOEA,218,5,235.98,829.78,0 79 5 29 90 65 6 87 52 60 61 97 75 13 27 0,
PFG_MOEA,218,6,235.98,829.78,0 8 100 93 9 55 76 42 81 57 95 41 98 85 88 63 74 78 64 30 15 71 35 31 17 40 16 18 19 0,42 64
PFG_MOEA,219,1,199.67,1096.55,0 5 29 90 65 6 87 52 60 61 97 75 7 14 73 12 99 2 25 50 48 0,6 52
PFG_MOEA,219,2,199.67,1096.55,0 24 79 51 45 94 49 32 36 54 70 72 67 86 82 3 62 0,
PFG_MOEA,219,3,199.67,1096.55,0 4 80 53 66 58 77 46 28 69 47 38 44 59 89 10 26 96 0,69
PFG_MOEA,219,4,199.67,1096.55,0 8 100 93 81 55 9 76 42 83 11 98 41 95 57 0,
PFG_MOEA,219,5,199.67,1096.55,0 20 91 21 33 37 18 16 40 35 71 15 30 64 78 74 63 88 85 0,63
PFG_MOEA,219,6,199.67,1096.55,0 92 43 34 1 22 23 84 39 56 68 19 17 31 27 13 0,31
PFG_MOEA,220,1,218.48,880.23,0 98 85 88 63 74 78 64 30 15 71 35 40 16 18 19 31 17 20 91 34 43 48 0,43 98
PFG_MOEA,220,2,218.48,880.23,0 50 92 21 33 37 68 56 39 84 23 22 1 99 2 25 0,99
PFG_MOEA,220,3,218.48,880.23,0 4 80 53 66 94 49 51 45 24 79 32 3 36 54 70 72 67 86 82 58 77 62 0,
PFG_MOEA,220,4,218.48,880.23,0 93 9 100 8 7 46 0,
PFG_MOEA,220,5,218.48,880.23,0 28 69 47 38 44 59 26 10 89 96 83 11 14 73 0,26
PFG_MOEA,220,6,218.48,880.23,0 5 29 90 65 6 87 52 60 61 97 75 55 76 42 81 57 95 41 12 27 13 0,29 42
PFG_MOEA,221,1,198.33,1121.84,0 13 27 12 41 95 78 64 30 15 71 35 40 16 18 19 31 17 20 91 0,
PFG_MOEA,221,2,198.33,1121.84,0 50 48 92 22 23 84 39 56 68 37 33 21 34 43 0,
PFG_MOEA,221,3,198.33,1121.84,0 4 80 53 66 94 49 51 45 24 79 32 54 36 3 1 99 2 25 0,2
PFG_MOEA,221,4,198.33,1121.84,0 62 77 58 82 86 67 72 70 93 9 100 8 7 46 28 69 47 0,58 93
PFG_MOEA,221,5,198.33,1121.84,0 73 98 85 88 63 74 14 11 83 96 44 38 59 26 10 89 5 29 90 0,11 26 63 98
PFG_MOEA,221,6,198.33,1121.84,0 65 6 87 52 60 61 97 75 55 76 42 81 57 0,
PFG_MOEA,222,1,201.36,1069.24,0 27 12 73 14 11 83 96 26 10 89 59 44 38 47 69 28 46 0,83
PFG_MOEA,222,2,201.36,1069.24,0 7 30 15 71 35 40 16 18 19 31 17 20 91 0,31
PFG_MOEA,222,3,201.36,1069.24,0 25 2 99 34 43 92 1 84 23 22 70 72 67 86 82 58 77 50 0,
PFG_MOEA,222,4,201.36,1069.24,0 4 80 53 66 54 36 3 39 56 68 37 33 21 62 48 0,36 62
PFG_MOEA,222,5,201.36,1069.24,0 24 45 94 49 32 51 79 5 29 90 65 6 87 52 60 61 97 0,
PFG_MOEA,222,6,201.36,1069.24,0 42 76 9 55 75 81 93 100 8 57 95 41 98 85 88 63 74 78 64 13 0,42 88
PFG_MOEA,223,1,235.98,829.78,0 20 91 21 33 37 68 56 39 84 23 22 1 34 43 92 0,34
PFG_MOEA,223,2,235.98,829.78,0 99 0,99
PFG_MOEA,223,3,235.98,829.78,0 4 80 53 66 94 45 24 51 49 32 3 36 54 70 72 67 86 82 58 77 62 48 50 25 2 0,
PFG_MOEA,223,4,235.98,829.78,0 12 73 14 11 83 96 26 10 89 59 44 38 47 69 28 46 7 0,26
PFG_MOEA,223,5,235.98,829.78,0 79 5 29 90 65 6 87 52 60 61 97 75 13 27 0,
PFG_MOEA,223,6,235.98,829.78,0 8 100 93 9 55 76 42 81 57 95 41 98 85 88 63 74 78 64 30 15 71 35 31 17 40 16 18 19 0,42 64
PFG_MOEA,224,1,199.67,1096.55,0 5 29 90 65 6 87 52 60 61 97 75 7 14 73 12 99 2 25 50 48 0,6 52
PFG_MOEA,224,2,199.67,1096.55,0 24 79 51 45 94 49 32 36 54 70 72 67 86 82 3 62 0,
PFG_MOEA,224,3,199.67,1096.55,0 4 80 53 66 58 77 46 28 69 47 38 44 59 89 10 26 96 0,69
PFG_MOEA,224,4,199.67,1096.55,0 8 100 93 81 55 9 76 42 83 11 98 41 95 57 0,
PFG_MOEA,224,5,199.67,1096.55,0 20 91 21 33 37 18 16 40 35 71 15 30 64 78 74 63 88 85 0,63
PFG_MOEA,224,6,199.67,1096.55,0 92 43 34 1 22 23 84 39 56 68 19 17 31 27 13 0,31
PFG_MOEA,225,1,218.48,880.23,0 98 85 88 63 74 78 64 30 15 71 35 40 16 18 19 31 17 20 91 34 43 48 0,43 98
PFG_MOEA,225,2,218.48,880.23,0 50 92 21 33 37 68 56 39 84 23 22 1 99 2 25 0,99
PFG_MOEA,225,3,218.48,880.23,0 4 80 53 66 94 49 51 45 24 79 32 3 36 54 70 72 67 86 82 58 77 62 0,
PFG_MOEA,225,4,218.48,880.23,0 93 9 100 8 7 46 0,
PFG_MOEA,225,5,218.48,880.23,0 28 69 47 38 44 59 26 10 89 96 83 11 14 73 0,26
PFG_MOEA,225,6,218.48,880.23,0 5 29 90 65 6 87 52 60 61 97 75 55 76 42 81 57 95 41 12 27 13 0,29 42
PFG_MOEA,226,1,198.33,1121.84,0 13 27 12 41 95 78 64 30 15 71 35 40 16 18 19 31 17 20 91 0,
PFG_MOEA,226,2,198.33,1121.84,0 50 48 92 22 23 84 39 56 68 37 33 21 34 43 0,
PFG_MOEA,226,3,198.33,1121.84,0 4 80 53 66 94 49 51 45 24 79 32 54 36 3 1 99 2 25 0,2
PFG_MOEA,226,4,198.33,1121.84,0 62 77 58 82 86 67 72 70 93 9 100 8 7 46 28 69 47 0,58 93
PFG_MOEA,226,5,198.33,1121.84,0 73 98 85 88 63 74 14 11 83 96 44 38 59 26 10 89 5 29 90 0,11 26 63 98
PFG_MOEA,226,6,198.33,1121.84,0 65 6 87 52 60 61 97 75 55 76 42 81 57 0,
PFG_MOEA,227,1,201.36,1069.24,0 27 12 73 14 11 83 96 26 10 89 59 44 38 47 69 28 46 0,83
PFG_MOEA,227,2,201.36,1069.24,0 7 30 15 71 35 40 16 18 19 31 17 20 91 0,31
PFG_MOEA,227,3,201.36,1069.24,0 25 2 99 34 43 92 1 84 23 22 70 72 67 86 82 58 77 50 0,
PFG_MOEA,227,4,201.36,1069.24,0 4 80 53 66 54 36 3 39 56 68 37 33 21 62 48 0,36 62
PFG_MOEA,227,5,201.36,1069.24,0 24 45 94 49 32 51 79 5 29 90 65 6 87 52 60 61 97 0,
PFG_MOEA,227,6,201.36,1069.24,0 42 76 9 55 75 81 93 100 8 57 95 41 98 85 88 63 74 78 64 13 0,42 88
PFG_MOEA,228,1,235.98,829.78,0 20 91 21 33 37 68 56 39 84 23 22 1 34 43 92 0,34
PFG_MOEA,228,2,235.98,829.78,0 99 0,99
PFG_MOEA,228,3,235.98,829.78,0 4 80 53 66 94 45 24 51 49 32 3 36 54 70 72 67 86 82 58 77 62 48 50 25 2 0,
PFG_MOEA,228,4,235.98,829.78,0 12 73 14 11 83 96 26 10 89 59 44 38 47 69 28 46 7 0,26
PFG_MOEA,228,5,235.98,829.78,0 79 5 29 90 65 6 87 52 60 61 97 75 13 27 0,
PFG_MOEA,228,6,235.98,829.78,0 8 100 93 9 55 76 42 81 57 95 41 98 85 88 63 74 78 64 30 15 71 35 31 17 40 16 18 19 0,42 64
PFG_MOEA,229,1,199.67,1096.55,0 5 29 90 65 6 87 52 60 61 97 75 7 14 73 12 99 2 25 50 48 0,6 52
PFG_MOEA,229,2,199.67,1096.55,0 24 79 51 45 94 49 32 36 54 70 72 67 86 82 3 62 0,
PFG_MOEA,229,3,199.67,1096.55,0 4 80 53 66 58 77 46 28 69 47 38 44 59 89 10 26 96 0,69
PFG_MOEA,229,4,199.67,1096.55,0 8 100 93 81 55 9 76 42 83 11 98 41 95 57 0,
PFG_MOEA,229,5,199.67,1096.55,0 20 91 21 33 37 18 16 40 35 71 15 30 64 78 74 63 88 85 0,63
PFG_MOEA,229,6,199.67,1096.55,0 92 43 34 1 22 23 84 39 56 68 19 17 31 27 13 0,31
PFG_MOEA,230,1,218.48,880.23,0 98 85 88 63 74 78 64 30 15 71 35 40 16 18 19 31 17 20 91 34 43 48 0,43 98
PFG_MOEA,230,2,218.48,880.23,0 50 92 21 33 37 68 56 39 84 23 22 1 99 2 25 0,99
PFG_MOEA,230,3,218.48,880.23,0 4 80 53 66 94 49 51 45 24 79 32 3 36 54 70 72 67 86 82 58 77 62 0,
PFG_MOEA,230,4,218.48,880.23,0 93 9 100 8 7 46 0,
PFG_MOEA,230,5,218.48,880.23,0 28 69 47 38 44 59 26 10 89 96 83 11 14 73 0,26
PFG_MOEA,230,6,218.48,880.23,0 5 29 90 65 6 87 52 60 61 97 75 55 76 42 81 57 95 41 12 27 13 0,29 42
PFG_MOEA,231,1,198.33,1121.84,0 13 27 12 41 95 78 64 30 15 71 35 40 16 18 19 31 17 20 91 0,
PFG_MOEA,231,2,198.33,1121.84,0 50 48 92 22 23 84 39 56 68 37 33 21 34 43 0,
PFG_MOEA,231,3,198.33,1121.84,0 4 80 53 66 94 49 51 45 24 79 32 54 36 3 1 99 2 25 0,2
PFG_MOEA,231,4,198.33,1121.84,0 62 77 58 82 86 67 72 70 93 9 100 8 7 46 28 69 47 0,58 93
PFG_MOEA,231,5,198.33,1121.84,0 73 98 85 88 63 74 14 11 83 96 44 38 59 26 10 89 5 29 90 0,11 26 63 98
PFG_MOEA,231,6,198.33,1121.84,0 65 6 87 52 60 61 97 75 55 76 42 81 57 0,
PFG_MOEA,232,1,201.36,1069.24,0 27 12 73 14 11 83 96 26 10 89 59 44 38 47 69 28 46 0,83
PFG_MOEA,232,2,201.36,1069.24,0 7 30 15 71 35 40 16 18 19 31 17 20 91 0,31
PFG_MOEA,232,3,201.36,1069.24,0 25 2 99 34 43 92 1 84 23 22 70 72 67 86 82 58 77 50 0,
PFG_MOEA,232,4,201.36,1069.24,0 4 80 53 66 54 36 3 39 56 68 37 33 21 62 48 0,36 62
PFG_MOEA,232,5,201.36,1069.24,0 24 45 94 49 32 51 79 5 29 90 65 6 87 52 60 61 97 0,
PFG_MOEA,232,6,201.36,1069.24,0 42 76 9 55 75 81 93 100 8 57 95 41 98 85 88 63 74 78 64 13 0,42 88
PFG_MOEA,233,1,235.98,829.78,0 20 91 21 33 37 68 56 39 84 23 22 1 34 43 92 0,34
PFG_MOEA,233,2,235.98,829.78,0 99 0,99
PFG_MOEA,233,3,235.98,829.78,0 4 80 53 66 94 45 24 51 49 32 3 36 54 70 72 67 86 82 58 77 62 48 50 25 2 0,
PFG_MOEA,233,4,235.98,829.78,0 12 73 14 11 83 96 26 10 89 59 44 38 47 69 28 46 7 0,26
PFG_MOEA,233,5,235.98,829.78,0 79 5 29 90 65 6 87 52 60 61 97 75 13 27 0,
PFG_MOEA,233,6,235.98,829.78,0 8 100 93 9 55 76 42 81 57 95 41 98 85 88 63 74 78 64 30 15 71 35 31 17 40 16 18 19 0,42 64
PFG_MOEA,234,1,199.67,1096.55,0 5 29 90 65 6 87 52 60 61 97 75 7 14 73 12 99 2 25 50 48 0,6 52
PFG_MOEA,234,2,199.67,1096.55,0 24 79 51 45 94 49 32 36 54 70 72 67 86 82 3 62 0,
PFG_MOEA,234,3,199.67,1096.55,0 4 80 53 66 58 77 46 28 69 47 38 44 59 89 10 26 96 0,69
PFG_MOEA,234,4,199.67,1096.55,0 8 100 93 81 55 9 76 42 83 11 98 41 95 57 0,
PFG_MOEA,234,5,199.67,1096.55,0 20 91 21 33 37 18 16 40 35 71 15 30 64 78 74 63 88 85 0,63
PFG_MOEA,234,6,199.67,1096.55,0 92 43 34 1 22 23 84 39 56 68 19 17 31 27 13 0,31
PFG_MOEA,235,1,218.48,880.23,0 98 85 88 63 74 78 64 30 15 71 35 40 16 18 19 31 17 20 91 34 43 48 0,43 98
PFG_MOEA,235,2,218.48,880.23,0 50 92 21 33 37 68 56 39 84 23 22 1 99 2 25 0,99
PFG_MOEA,235,3,218.48,880.23,0 4 80 53 66 94 49 51 45 24 79 32 3 36 54 70 72 67 86 82 58 77 62 0,
PFG_MOEA,235,4,218.48,880.23,0 93 9 100 8 7 46 0,
PFG_MOEA,235,5,218.48,880.23,0 28 69 47 38 44 59 26 10 89 96 83 11 14 73 0,26
PFG_MOEA,235,6,218.48,880.23,0 5 29 90 65 6 87 52 60 61 97 75 55 76 42 81 57 95 41 12 27 13 0,29 42
PFG_MOEA,236,1,198.33,1121.84,0 13 27 12 41 95 78 64 30 15 71 35 40 16 18 19 31 17 20 91 0,
PFG_MOEA,236,2,198.33,1121.84,0 50 48 92 22 23 84 39 56 68 37 33 21 34 43 0,
PFG_MOEA,236,3,198.33,1121.84,0 4 80 53 66 94 49 51 45 24 79 32 54 36 3 1 99 2 25 0,2
PFG_MOEA,236,4,198.33,1121.84,0 62 77 58 82 86 67 72 70 93 9 100 8 7 46 28 69 47 0,58 93
PFG_MOEA,236,5,198.33,1121.84,0 73 98 85 88 63 74 14 11 83 96 44 38 59 26 10 89 5 29 90 0,11 26 63 98
PFG_MOEA,236,6,198.33,1121.84,0 65 6 87 52 60 61 97 75 55 76 42 81 57 0,
PFG_MOEA,237,1,201.36,1069.24,0 27 12 73 14 11 83 96 26 10 89 59 44 38 47 69 28 46 0,83
PFG_MOEA,237,2,201.36,1069.24,0 7 30 15 71 35 40 16 18 19 31 17 20 91 0,31
PFG_MOEA,237,3,201.36,1069.24,0 25 2 99 34 43 92 1 84 23 22 70 72 67 86 82 58 77 50 0,
PFG_MOEA,237,4,201.36,1069.24,0 4 80 53 66 54 36 3 39 56 68 37 33 21 62 48 0,36 62
PFG_MOEA,237,5,201.36,1069.24,0 24 45 94 49 32 51 79 5 29 90 65 6 87 52 60 61 97 0,
PFG_MOEA,237,6,201.36,1069.24,0 42 76 9 55 75 81 93 100 8 57 95 41 98 85 88 63 74 78 64 13 0,42 88
PFG_MOEA,238,1,235.98,829.78,0 20 91 21 33 37 68 56 39 84 23 22 1 34 43 92 0,34
PFG_MOEA,238,2,235.98,829.78,0 99 0,99
PFG_MOEA,238,3,235.98,829.78,0 4 80 53 66 94 45 24 51 49 32 3 36 54 70 72 67 86 82 58 77 62 48 50 25 2 0,
PFG_MOEA,238,4,235.98,829.78,0 12 73 14 11 83 96 26 10 89 59 44 38 47 69 28 46 7 0,26
PFG_MOEA,238,5,235.98,829.78,0 79 5 29 90 65 6 87 52 60 61 97 75 13 27 0,
PFG_MOEA,238,6,235.98,829.78,0 8 100 93 9 55 76 42 81 57 95 41 98 85 88 63 74 78 64 30 15 71 35 31 17 40 16 18 19 0,42 64
PFG_MOEA,239,1,199.67,1096.55,0 5 29 90 65 6 87 52 60 61 97 75 7 14 73 12 99 2 25 50 48 0,6 52
PFG_MOEA,239,2,199.67,1096.55,0 24 79 51 45 94 49 32 36 54 70 72 67 86 82 3 62 0,
PFG_MOEA,239,3,199.67,1096.55,0 4 80 53 66 58 77 46 28 69 47 38 44 59 89 10 26 96 0,69
PFG_MOEA,239,4,199.67,1096.55,0 8 100 93 81 55 9 76 42 83 11 98 41 95 57 0,
PFG_MOEA,239,5,199.67,1096.55,0 20 91 21 33 37 18 16 40 35 71 15 30 64 78 74 63 88 85 0,63
PFG_MOEA,239,6,199.67,1096.55,0 92 43 34 1 22 23 84 39 56 68 19 17 31 27 13 0,31
PFG_MOEA,240,1,218.48,880.23,0 98 85 88 63 74 78 64 30 15 71 35 40 16 18 19 31 17 20 91 34 43 48 0,43 98
PFG_MOEA,240,2,218.48,880.23,0 50 92 21 33 37 68 56 39 84 23 22 1 99 2 25 0,99
PFG_MOEA,240,3,218.48,880.23,0 4 80 53 66 94 49 51 45 24 79 32 3 36 54 70 72 67 86 82 58 77 62 0,
PFG_MOEA,240,4,218.48,880.23,0 93 9 100 8 7 46 0,
PFG_MOEA,240,5,218.48,880.23,0 28 69 47 38 44 59 26 10 89 96 83 11 14 73 0,26
PFG_MOEA,240,6,218.48,880.23,0 5 29 90 65 6 87 52 60 61 97 75 55 76 42 81 57 95 41 12 27 13 0,29 42
PFG_MOEA,241,1,198.33,1121.84,0 13 27 12 41 95 78 64 30 15 71 35 40 16 18 19 31 17 20 91 0,
PFG_MOEA,241,2,198.33,1121.84,0 50 48 92 22 23 84 39 56 68 37 33 21 34 43 0,
PFG_MOEA,241,3,198.33,1121.84,0 4 80 53 66 94 49 51 45 24 79 32 54 36 3 1 99 2 25 0,2
PFG_MOEA,241,4,198.33,1121.84,0 62 77 58 82 86 67 72 70 93 9 100 8 7 46 28 69 47 0,58 93
PFG_MOEA,241,5,198.33,1121.84,0 73 98 85 88 63 74 14 11 83 96 44 38 59 26 10 89 5 29 90 0,11 26 63 98
PFG_MOEA,241,6,198.33,1121.84,0 65 6 87 52 60 61 97 75 55 76 42 81 57 0,
PFG_MOEA,242,1,201.36,1069.24,0 27 12 73 14 11 83 96 26 10 89 59 44 38 47 69 28 46 0,83
PFG_MOEA,242,2,201.36,1069.24,0 7 30 15 71 35 40 16 18 19 31 17 20 91 0,31
PFG_MOEA,242,3,201.36,1069.24,0 25 2 99 34 43 92 1 84 23 22 70 72 67 86 82 58 77 50 0,
PFG_MOEA,242,4,201.36,1069.24,0 4 80 53 66 54 36 3 39 56 68 37 33 21 62 48 0,36 62
PFG_MOEA,242,5,201.36,1069.24,0 24 45 94 49 32 51 79 5 29 90 65 6 87 52 60 61 97 0,
PFG_MOEA,242,6,201.36,1069.24,0 42 76 9 55 75 81 93 100 8 57 95 41 98 85 88 63 74 78 64 13 0,42 88
PFG_MOEA,243,1,235.98,829.78,0 20 91 21 33 37 68 56 39 84 23 22 1 34 43 92 0,34
PFG_MOEA,243,2,235.98,829.78,0 99 0,99
PFG_MOEA,243,3,235.98,829.78,0 4 80 53 66 94 45 24 51 49 32 3 36 54 70 72 67 86 82 58 77 62 48 50 25 2 0,
PFG_MOEA,243,4,235.98,829.78,0 12 73 14 11 83 96 26 10 89 59 44 38 47 69 28 46 7 0,26
PFG_MOEA,243,5,235.98,829.78,0 79 5 29 90 65 6 87 52 60 61 97 75 13 27 0,
PFG_MOEA,243,6,235.98,829.78,0 8 100 93 9 55 76 42 81 57 95 41 98 85 88 63 74 78 64 30 15 71 35 31 17 40 16 18 19 0,42 64
PFG_MOEA,244,1,199.67,1096.55,0 5 29 90 65 6 87 52 60 61 97 75 7 14 73 12 99 2 25 50 48 0,6 52
PFG_MOEA,244,2,199.67,1096.55,0 24 79 51 45 94 49 32 36 54 70 72 67 86 82 3 62 0,
PFG_MOEA,244,3,199.67,1096.55,0 4 80 53 66 58 77 46 28 69 47 38 44 59 89 10 26 96 0,69
PFG_MOEA,244,4,199.67,1096.55,0 8 100 93 81 55 9 76 42 83 11 98 41 95 57 0,
PFG_MOEA,244,5,199.67,1096.55,0 20 91 21 33 37 18 16 40 35 71 15 30 64 78 74 63 88 85 0,63
PFG_MOEA,244,6,199.67,1096.55,0 92 43 34 1 22 23 84 39 56 68 19 17 31 27 13 0,31
PFG_MOEA,245,1,218.48,880.23,0 98 85 88 63 74 78 64 30 15 71 35 40 16 18 19 31 17 20 91 34 43 48 0,43 98
PFG_MOEA,245,2,218.48,880.23,0 50 92 21 33 37 68 56 39 84 23 22 1 99 2 25 0,99
PFG_MOEA,245,3,218.48,880.23,0 4 80 53 66 94 49 51 45 24 79 32 3 36 54 70 72 67 86 82 58 77 62 0,
PFG_MOEA,245,4,218.48,880.23,0 93 9 100 8 7 46 0,
PFG_MOEA,245,5,218.48,880.23,0 28 69 47 38 44 59 26 10 89 96 83 11 14 73 0,26
PFG_MOEA,245,6,218.48,880.23,0 5 29 90 65 6 87 52 60 61 97 75 55 76 42 81 57 95 41 12 27 13 0,29 42
PFG_MOEA,246,1,198.33,1121.84,0 13 27 12 41 95 78 64 30 15 71 35 40 16 18 19 31 17 20 91 0,
PFG_MOEA,246,2,198.33,1121.84,0 50 48 92 22 23 84 39 56 68 37 33 21 34 43 0,
PFG_MOEA,246,3,198.33,1121.84,0 4 80 53 66 94 49 51 45 24 79 32 54 36 3 1 99 2 25 0,2
PFG_MOEA,246,4,198.33,1121.84,0 62 77 58 82 86 67 72 70 93 9 100 8 7 46 28 69 47 0,58 93
PFG_MOEA,246,5,198.33,1121.84,0 73 98 85 88 63 74 14 11 83 96 44 38 59 26 10 89 5 29 90 0,11 26 63 98
PFG_MOEA,246,6,198.33,1121.84,0 65 6 87 52 60 61 97 75 55 76 42 81 57 0,
PFG_MOEA,247,1,201.36,1069.24,0 27 12 73 14 11 83 96 26 10 89 59 44 38 47 69 28 46 0,83
PFG_MOEA,247,2,201.36,1069.24,0 7 30 15 71 35 40 16 18 19 31 17 20 91 0,31
PFG_MOEA,247,3,201.36,1069.24,0 25 2 99 34 43 92 1 84 23 22 70 72 67 86 82 58 77 50 0,
PFG_MOEA,247,4,201.36,1069.24,0 4 80 53 66 54 36 3 39 56 68 37 33 21 62 48 0,36 62
PFG_MOEA,247,5,201.36,1069.24,0 24 45 94 49 32 51 79 5 29 90 65 6 87 52 60 61 97 0,
PFG_MOEA,247,6,201.36,1069.24,0 42 76 9 55 75 81 93 100 8 57 95 41 98 85 88 63 74 78 64 13 0,42 88
PFG_MOEA,248,1,235.98,829.78,0 20 91 21 33 37 68 56 39 84 23 22 1 34 43 92 0,34
PFG_MOEA,248,2,235.98,829.78,0 99 0,99
PFG_MOEA,248,3,235.98,829.78,0 4 80 53 66 94 45 24 51 49 32 3 36 54 70 72 67 86 82 58 77 62 48 50 25 2 0,
PFG_MOEA,248,4,235.98,829.78,0 12 73 14 11 83 96 26 10 89 59 44 38 47 69 28 46 7 0,26
PFG_MOEA,248,5,235.98,829.78,0 79 5 29 90 65 6 87 52 60 61 97 75 13 27 0,
PFG_MOEA,248,6,235.98,829.78,0 8 100 93 9 55 76 42 81 57 95 41 98 85 88 63 74 78 64 30 15 71 35 31 17 40 16 18 19 0,42 64
PFG_MOEA,249,1,199.67,1096.55,0 5 29 90 65 6 87 52 60 61 97 75 7 14 73 12 99 2 25 50 48 0,6 52
PFG_MOEA,249,2,199.67,1096.55,0 24 79 51 45 94 49 32 36 54 70 72 67 86 82 3 62 0,
PFG_MOEA,249,3,199.67,1096.55,0 4 80 53 66 58 77 46 28 69 47 38 44 59 89 10 26 96 0,69
PFG_MOEA,249,4,199.67,1096.55,0 8 100 93 81 55 9 76 42 83 11 98 41 95 57 0,
PFG_MOEA,249,5,199.67,1096.55,0 20 91 21 33 37 18 16 40 35 71 15 30 64 78 74 63 88 85 0,63
PFG_MOEA,249,6,199.67,1096.55,0 92 43 34 1 22 23 84 39 56 68 19 17 31 27 13 0,31
PFG_MOEA,250,1,218.48,880.23,0 98 85 88 63 74 78 64 30 15 71 35 40 16 18 19 31 17 20 91 34 43 48 0,43 98
PFG_MOEA,250,2,218.48,880.23,0 50 92 21 33 37 68 56 39 84 23 22 1 99 2 25 0,99
PFG_MOEA,250,3,218.48,880.23,0 4 80 53 66 94 49 51 45 24 79 32 3 36 54 70 72 67 86 82 58 77 62 0,
PFG_MOEA,250,4,218.48,880.23,0 93 9 100 8 7 46 0,
PFG_MOEA,250,5,218.48,880.23,0 28 69 47 38 44 59 26 10 89 96 83 11 14 73 0,26
PFG_MOEA,250,6,218.48,880.23,0 5 29 90 65 6 87 52 60 61 97 75 55 76 42 81 57 95 41 12 27 13 0,29 42
PFG_MOEA,251,1,198.33,1121.84,0 13 27 12 41 95 78 64 30 15 71 35 40 16 18 19 31 17 20 91 0,
PFG_MOEA,251,2,198.33,1121.84,0 50 48 92 22 23 84 39 56 68 37 33 21 34 43 0,
PFG_MOEA,251,3,198.33,1121.84,0 4 80 53 66 94 49 51 45 24 79 32 54 36 3 1 99 2 25 0,2
PFG_MOEA,251,4,198.33,1121.84,0 62 77 58 82 86 67 72 70 93 9 100 8 7 46 28 69 47 0,58 93
PFG_MOEA,251,5,198.33,1121.84,0 73 98 85 88 63 74 14 11 83 96 44 38 59 26 10 89 5 29 90 0,11 26 63 98
PFG_MOEA,251,6,198.33,1121.84,0 65 6 87 52 60 61 97 75 55 76 42 81 57 0,
PFG_MOEA,252,1,201.36,1069.24,0 27 12 73 14 11 83 96 26 10 89 59 44 38 47 69 28 46 0,83
PFG_MOEA,252,2,201.36,1069.24,0 7 30 15 71 35 40 16 18 19 31 17 20 91 0,31
PFG_MOEA,252,3,201.36,1069.24,0 25 2 99 34 43 92 1 84 23 22 70 72 67 86 82 58 77 50 0,
PFG_MOEA,252,4,201.36,1069.24,0 4 80 53 66 54 36 3 39 56 68 37 33 21 62 48 0,36 62
PFG_MOEA,252,5,201.36,1069.24,0 24 45 94 49 32 51 79 5 29 90 65 6 87 52 60 61 97 0,
PFG_MOEA,252,6,201.36,1069.24,0 42 76 9 55 75 81 93 100 8 57 95 41 98 85 88 63 74 78 64 13 0,42 88
PFG_MOEA,253,1,235.98,829.78,0 20 91 21 33 37 68 56 39 84 23 22 1 34 43 92 0,34
PFG_MOEA,253,2,235.98,829.78,0 99 0,99
PFG_MOEA,253,3,235.98,829.78,0 4 80 53 66 94 45 24 51 49 32 3 36 54 70 72 67 86 82 58 77 62 48 50 25 2 0,
PFG_MOEA,253,4,235.98,829.78,0 12 73 14 11 83 96 26 10 89 59 44 38 47 69 28 46 7 0,26
PFG_MOEA,253,5,235.98,829.78,0 79 5 29 90 65 6 87 52 60 61 97 75 13 27 0,
PFG_MOEA,253,6,235.98,829.78,0 8 100 93 9 55 76 42 81 57 95 41 98 85 88 63 74 78 64 30 15 71 35 31 17 40 16 18 19 0,42 64
PFG_MOEA,254,1,199.67,1096.55,0 5 29 90 65 6 87 52 60 61 97 75 7 14 73 12 99 2 25 50 48 0,6 52
PFG_MOEA,254,2,199.67,1096.55,0 24 79 51 45 94 49 32 36 54 70 72 67 86 82 3 62 0,
PFG_MOEA,254,3,199.67,1096.55,0 4 80 53 66 58 77 46 28 69 47 38 44 59 89 10 26 96 0,69
PFG_MOEA,254,4,199.67,1096.55,0 8 100 93 81 55 9 76 42 83 11 98 41 95 57 0,
PFG_MOEA,254,5,199.67,1096.55,0 20 91 21 33 37 18 16 40 35 71 15 30 64 78 74 63 88 85 0,63
PFG_MOEA,254,6,199.67,1096.55,0 92 43 34 1 22 23 84 39 56 68 19 17 31 27 13 0,31
PFG_MOEA,255,1,218.48,880.23,0 98 85 88 63 74 78 64 30 15 71 35 40 16 18 19 31 17 20 91 34 43 48 0,43 98
PFG_MOEA,255,2,218.48,880.23,0 50 92 21 33 37 68 56 39 84 23 22 1 99 2 25 0,99
PFG_MOEA,255,3,218.48,880.23,0 4 80 53 66 94 49 51 45 24 79 32 3 36 54 70 72 67 86 82 58 77 62 0,
PFG_MOEA,255,4,218.48,880.23,0 93 9 100 8 7 46 0,
PFG_MOEA,255,5,218.48,880.23,0 28 69 47 38 44 59 26 10 89 96 83 11 14 73 0,26
PFG_MOEA,255,6,218.48,880.23,0 5 29 90 65 6 87 52 60 61 97 75 55 76 42 81 57 95 41 12 27 13 0,29 42
PFG_MOEA,256,1,198.33,1121.84,0 13 27 12 41 95 78 64 30 15 71 35 40 16 18 19 31 17 20 91 0,
PFG_MOEA,256,2,198.33,1121.84,0 50 48 92 22 23 84 39 56 68 37 33 21 34 43 0,
PFG_MOEA,256,3,198.33,1121.84,0 4 80 53 66 94 49 51 45 24 79 32 54 36 3 1 99 2 25 0,2
PFG_MOEA,256,4,198.33,1121.84,0 62 77 58 82 86 67 72 70 93 9 100 8 7 46 28 69 47 0,58 93
PFG_MOEA,256,5,198.33,1121.84,0 73 98 85 88 63 74 14 11 83 96 44 38 59 26 10 89 5 29 90 0,11 26 63 98
PFG_MOEA,256,6,198.33,1121.84,0 65 6 87 52 60 61 97 75 55 76 42 81 57 0,
PFG_MOEA,257,1,201.36,1069.24,0 27 12 73 14 11 83 96 26 10 89 59 44 38 47 69 28 46 0,83
PFG_MOEA,257,2,201.36,1069.24,0 7 30 15 71 35 40 16 18 19 31 17 20 91 0,31
PFG_MOEA,257,3,201.36,1069.24,0 25 2 99 34 43 92 1 84 23 22 70 72 67 86 82 58 77 50 0,
PFG_MOEA,257,4,201.36,1069.24,0 4 80 53 66 54 36 3 39 56 68 37 33 21 62 48 0,36 62
PFG_MOEA,257,5,201.36,1069.24,0 24 45 94 49 32 51 79 5 29 90 65 6 87 52 60 61 97 0,
PFG_MOEA,257,6,201.36,1069.24,0 42 76 9 55 75 81 93 100 8 57 95 41 98 85 88 63 74 78 64 13 0,42 88
PFG_MOEA,258,1,235.98,829.78,0 20 91 21 33 37 68 56 39 84 23 22 1 34 43 92 0,34
PFG_MOEA,258,2,235.98,829.78,0 99 0,99
PFG_MOEA,258,3,235.98,829.78,0 4 80 53 66 94 45 24 51 49 32 3 36 54 70 72 67 86 82 58 77 62 48 50 25 2 0,
PFG_MOEA,258,4,235.98,829.78,0 12 73 14 11 83 96 26 10 89 59 44 38 47 69 28 46 7 0,26
PFG_MOEA,258,5,235.98,829.78,0 79 5 29 90 65 6 87 52 60 61 97 75 13 27 0,
PFG_MOEA,258,6,235.98,829.78,0 8 100 93 9 55 76 42 81 57 95 41 98 85 88 63 74 78 64 30 15 71 35 31 17 40 16 18 19 0,42 64
PFG_MOEA,259,1,199.67,1096.55,0 5 29 90 65 6 87 52 60 61 97 75 7 14 73 12 99 2 25 50 48 0,6 52
PFG_MOEA,259,2,199.67,1096.55,0 24 79 51 45 94 49 32 36 54 70 72 67 86 82 3 62 0,
PFG_MOEA,259,3,199.67,1096.55,0 4 80 53 66 58 77 46 28 69 47 38 44 59 89 10 26 96 0,69
PFG_MOEA,259,4,199.67,1096.55,0 8 100 93 81 55 9 76 42 83 11 98 41 95 57 0,
PFG_MOEA,259,5,199.67,1096.55,0 20 91 21 33 37 18 16 40 35 71 15 30 64 78 74 63 88 85 0,63
PFG_MOEA,259,6,199.67,1096.55,0 92 43 34 1 22 23 84 39 56 68 19 17 31 27 13 0,31
PFG_MOEA,260,1,218.48,880.23,0 98 85 88 63 74 78 64 30 15 71 35 40 16 18 19 31 17 20 91 34 43 48 0,43 98
PFG_MOEA,260,2,218.48,880.23,0 50 92 21 33 37 68 56 39 84 23 22 1 99 2 25 0,99
PFG_MOEA,260,3,218.48,880.23,0 4 80 53 66 94 49 51 45 24 79 32 3 36 54 70 72 67 86 82 58 77 62 0,
PFG_MOEA,260,4,218.48,880.23,0 93 9 100 8 7 46 0,
PFG_MOEA,260,5,218.48,880.23,0 28 69 47 38 44 59 26 10 89 96 83 11 14 73 0,26
PFG_MOEA,260,6,218.48,880.23,0 5 29 90 65 6 87 52 60 61 97 75 55 76 42 81 57 95 41 12 27 13 0,29 42
PFG_MOEA,261,1,198.33,1121.84,0 13 27 12 41 95 78 64 30 15 71 35 40 16 18 19 31 17 20 91 0,
PFG_MOEA,261,2,198.33,1121.84,0 50 48 92 22 23 84 39 56 68 37 33 21 34 43 0,
PFG_MOEA,261,3,198.33,1121.84,0 4 80 53 66 94 49 51 45 24 79 32 54 36 3 1 99 2 25 0,2
PFG_MOEA,261,4,198.33,1121.84,0 62 77 58 82 86 67 72 70 93 9 100 8 7 46 28 69 47 0,58 93
PFG_MOEA,261,5,198.33,1121.84,0 73 98 85 88 63 74 14 11 83 96 44 38 59 26 10 89 5 29 90 0,11 26 63 98
PFG_MOEA,261,6,198.33,1121.84,0 65 6 87 52 60 61 97 75 55 76 42 81 57 0,
PFG_MOEA,262,1,201.36,1069.24,0 27 12 73 14 11 83 96 26 10 89 59 44 38 47 69 28 46 0,83
PFG_MOEA,262,2,201.36,1069.24,0 7 30 15 71 35 40 16 18 19 31 17 20 91 0,31
PFG_MOEA,262,3,201.36,1069.24,0 25 2 99 34 43 92 1 84 23 22 70 72 67 86 82 58 77 50 0,
PFG_MOEA,262,4,201.36,1069.24,0 4 80 53 66 54 36 3 39 56 68 37 33 21 62 48 0,36 62
PFG_MOEA,262,5,201.36,1069.24,0 24 45 94 49 32 51 79 5 29 90 65 6 87 52 60 61 97 0,
PFG_MOEA,262,6,201.36,1069.24,0 42 76 9 55 75 81 93 100 8 57 95 41 98 85 88 63 74 78 64 13 0,42 88
PFG_MOEA,263,1,235.98,829.78,0 20 91 21 33 37 68 56 39 84 23 22 1 34 43 92 0,34
PFG_MOEA,263,2,235.98,829.78,0 99 0,99
PFG_MOEA,263,3,235.98,829.78,0 4 80 53 66 94 45 24 51 49 32 3 36 54 70 72 67 86 82 58 77 62 48 50 25 2 0,
PFG_MOEA,263,4,235.98,829.78,0 12 73 14 11 83 96 26 10 89 59 44 38 47 69 28 46 7 0,26
PFG_MOEA,263,5,235.98,829.78,0 79 5 29 90 65 6 87 52 60 61 97 75 13 27 0,
PFG_MOEA,263,6,235.98,829.78,0 8 100 93 9 55 76 42 81 57 95 41 98 85 88 63 74 78 64 30 15 71 35 31 17 40 16 18 19 0,42 64
PFG_MOEA,264,1,199.67,1096.55,0 5 29 90 65 6 87 52 60 61 97 75 7 14 73 12 99 2 25 50 48 0,6 52
PFG_MOEA,264,2,199.67,1096.55,0 24 79 51 45 94 49 32 36 54 70 72 67 86 82 3 62 0,
PFG_MOEA,264,3,199.67,1096.55,0 4 80 53 66 58 77 46 28 69 47 38 44 59 89 10 26 96 0,69
PFG_MOEA,264,4,199.67,1096.55,0 8 100 93 81 55 9 76 42 83 11 98 41 95 57 0,
PFG_MOEA,264,5,199.67,1096.55,0 20 91 21 33 37 18 16 40 35 71 15 30 64 78 74 63 88 85 0,63
PFG_MOEA,264,6,199.67,1096.55,0 92 43 34 1 22 23 84 39 56 68 19 17 31 27 13 0,31
PFG_MOEA,265,1,218.48,880.23,0 98 85 88 63 74 78 64 30 15 71 35 40 16 18 19 31 17 20 91 34 43 48 0,43 98
PFG_MOEA,265,2,218.48,880.23,0 50 92 21 33 37 68 56 39 84 23 22 1 99 2 25 0,99
PFG_MOEA,265,3,218.48,880.23,0 4 80 53 66 94 49 51 45 24 79 32 3 36 54 70 72 67 86 82 58 77 62 0,
PFG_MOEA,265,4,218.48,880.23,0 93 9 100 8 7 46 0,
PFG_MOEA,265,5,218.48,880.23,0 28 69 47 38 44 59 26 10 89 96 83 11 14 73 0,26
PFG_MOEA,265,6,218.48,880.23,0 5 29 90 65 6 87 52 60 61 97 75 55 76 42 81 57 95 41 12 27 13 0,29 42
PFG_MOEA,266,1,198.33,1121.84,0 13 27 12 41 95 78 64 30 15 71 35 40 16 18 19 31 17 20 91 0,
PFG_MOEA,266,2,198.33,1121.84,0 50 48 92 22 23 84 39 56 68 37 33 21 34 43 0,
PFG_MOEA,266,3,198.33,1121.84,0 4 80 53 66 94 49 51 45 24 79 32 54 36 3 1 99 2 25 0,2
PFG_MOEA,266,4,198.33,1121.84,0 62 77 58 82 86 67 72 70 93 9 100 8 7 46 28 69 47 0,58 93
PFG_MOEA,266,5,198.33,1121.84,0 73 98 85 88 63 74 14 11 83 96 44 38 59 26 10 89 5 29 90 0,11 26 63 98
PFG_MOEA,266,6,198.33,1121.84,0 65 6 87 52 60 61 97 75 55 76 42 81 57 0,
PFG_MOEA,267,1,201.36,1069.24,0 27 12 73 14 11 83 96 26 10 89 59 44 38 47 69 28 46 0,83
PFG_MOEA,267,2,201.36,1069.24,0 7 30 15 71 35 40 16 18 19 31 17 20 91 0,31
PFG_MOEA,267,3,201.36,1069.24,0 25 2 99 34 43 92 1 84 23 22 70 72 67 86 82 58 77 50 0,
PFG_MOEA,267,4,201.36,1069.24,0 4 80 53 66 54 36 3 39 56 68 37 33 21 62 48 0,36 62
PFG_MOEA,267,5,201.36,1069.24,0 24 45 94 49 32 51 79 5 29 90 65 6 87 52 60 61 97 0,
PFG_MOEA,267,6,201.36,1069.24,0 42 76 9 55 75 81 93 100 8 57 95 41 98 85 88 63 74 78 64 13 0,42 88
PFG_MOEA,268,1,235.98,829.78,0 20 91 21 33 37 68 56 39 84 23 22 1 34 43 92 0,34
PFG_MOEA,268,2,235.98,829.78,0 99 0,99
PFG_MOEA,268,3,235.98,829.78,0 4 80 53 66 94 45 24 51 49 32 3 36 54 70 72 67 86 82 58 77 62 48 50 25 2 0,
PFG_MOEA,268,4,235.98,829.78,0 12 73 14 11 83 96 26 10 89 59 44 38 47 69 28 46 7 0,26
PFG_MOEA,268,5,235.98,829.78,0 79 5 29 90 65 6 87 52 60 61 97 75 13 27 0,
PFG_MOEA,268,6,235.98,829.78,0 8 100 93 9 55 76 42 81 57 95 41 98 85 88 63 74 78 64 30 15 71 35 31 17 40 16 18 19 0,42 64
PFG_MOEA,269,1,199.67,1096.55,0 5 29 90 65 6 87 52 60 61 97 75 7 14 73 12 99 2 25 50 48 0,6 52
PFG_MOEA,269,2,199.67,1096.55,0 24 79 51 45 94 49 32 36 54 70 72 67 86 82 3 62 0,
PFG_MOEA,269,3,199.67,1096.55,0 4 80 53 66 58 77 46 28 69 47 38 44 59 89 10 26 96 0,69
PFG_MOEA,269,4,199.67,1096.55,0 8 100 93 81 55 9 76 42 83 11 98 41 95 57 0,
PFG_MOEA,269,5,199.67,1096.55,0 20 91 21 33 37 18 16 40 35 71 15 30 64 78 74 63 88 85 0,63
PFG_MOEA,269,6,199.67,1096.55,0 92 43 34 1 22 23 84 39 56 68 19 17 31 27 13 0,31
PFG_MOEA,270,1,218.48,880.23,0 98 85 88 63 74 78 64 30 15 71 35 40 16 18 19 31 17 20 91 34 43 48 0,43 98
PFG_MOEA,270,2,218.48,880.23,0 50 92 21 33 37 68 56 39 84 23 22 1 99 2 25 0,99
PFG_MOEA,270,3,218.48,880.23,0 4 80 53 66 94 49 51 45 24 79 32 3 36 54 70 72 67 86 82 58 77 62 0,
PFG_MOEA,270,4,218.48,880.23,0 93 9 100 8 7 46 0,
PFG_MOEA,270,5,218.48,880.23,0 28 69 47 38 44 59 26 10 89 96 83 11 14 73 0,26
PFG_MOEA,270,6,218.48,880.23,0 5 29 90 65 6 87 52 60 61 97 75 55 76 42 81 57 95 41 12 27 13 0,29 42
PFG_MOEA,271,1,198.33,1121.84,0 13 27 12 41 95 78 64 30 15 71 35 40 16 18 19 31 17 20 91 0,
PFG_MOEA,271,2,198.33,1121.84,0 50 48 92 22 23 84 39 56 68 37 33 21 34 43 0,
PFG_MOEA,271,3,198.33,1121.84,0 4 80 53 66 94 49 51 45 24 79 32 54 36 3 1 99 2 25 0,2
PFG_MOEA,271,4,198.33,1121.84,0 62 77 58 82 86 67 72 70 93 9 100 8 7 46 28 69 47 0,58 93
PFG_MOEA,271,5,198.33,1121.84,0 73 98 85 88 63 74 14 11 83 96 44 38 59 26 10 89 5 29 90 0,11 26 63 98
PFG_MOEA,271,6,198.33,1121.84,0 65 6 87 52 60 61 97 75 55 76 42 81 57 0,
PFG_MOEA,272,1,201.36,1069.24,0 27 12 73 14 11 83 96 26 10 89 59 44 38 47 69 28 46 0,83
PFG_MOEA,272,2,201.36,1069.24,0 7 30 15 71 35 40 16 18 19 31 17 20 91 0,31
PFG_MOEA,272,3,201.36,1069.24,0 25 2 99 34 43 92 1 84 23 22 70 72 67 86 82 58 77 50 0,
PFG_MOEA,272,4,201.36,1069.24,0 4 80 53 66 54 36 3 39 56 68 37 33 21 62 48 0,36 62
PFG_MOEA,272,5,201.36,1069.24,0 24 45 94 49 32 51 79 5 29 90 65 6 87 52 60 61 97 0,
PFG_MOEA,272,6,201.36,1069.24,0 42 76 9 55 75 81 93 100 8 57 95 41 98 85 88 63 74 78 64 13 0,42 88
PFG_MOEA,273,1,235.98,829.78,0 20 91 21 33 37 68 56 39 84 23 22 1 34 43 92 0,34
PFG_MOEA,273,2,235.98,829.78,0 99 0,99
PFG_MOEA,273,3,235.98,829.78,0 4 80 53 66 94 45 24 51 49 32 3 36 54 70 72 67 86 82 58 77 62 48 50 25 2 0,
PFG_MOEA,273,4,235.98,829.78,0 12 73 14 11 83 96 26 10 89 59 44 38 47 69 28 46 7 0,26
PFG_MOEA,273,5,235.98,829.78,0 79 5 29 90 65 6 87 52 60 61 97 75 13 27 0,
PFG_MOEA,273,6,235.98,829.78,0 8 100 93 9 55 76 42 81 57 95 41 98 85 88 63 74 78 64 30 15 71 35 31 17 40 16 18 19 0,42 64
PFG_MOEA,274,1,199.67,1096.55,0 5 29 90 65 6 87 52 60 61 97 75 7 14 73 12 99 2 25 50 48 0,6 52
PFG_MOEA,274,2,199.67,1096.55,0 24 79 51 45 94 49 32 36 54 70 72 67 86 82 3 62 0,
PFG_MOEA,274,3,199.67,1096.55,0 4 80 53 66 58 77 46 28 69 47 38 44 59 89 10 26 96 0,69
PFG_MOEA,274,4,199.67,1096.55,0 8 100 93 81 55 9 76 42 83 11 98 41 95 57 0,
PFG_MOEA,274,5,199.67,1096.55,0 20 91 21 33 37 18 16 40 35 71 15 30 64 78 74 63 88 85 0,63
PFG_MOEA,274,6,199.67,1096.55,0 92 43 34 1 22 23 84 39 56 68 19 17 31 27 13 0,31
PFG_MOEA,275,1,218.48,880.23,0 98 85 88 63 74 78 64 30 15 71 35 40 16 18 19 31 17 20 91 34 43 48 0,43 98
PFG_MOEA,275,2,218.48,880.23,0 50 92 21 33 37 68 56 39 84 23 22 1 99 2 25 0,99
PFG_MOEA,275,3,218.48,880.23,0 4 80 53 66 94 49 51 45 24 79 32 3 36 54 70 72 67 86 82 58 77 62 0,
PFG_MOEA,275,4,218.48,880.23,0 93 9 100 8 7 46 0,
PFG_MOEA,275,5,218.48,880.23,0 28 69 47 38 44 59 26 10 89 96 83 11 14 73 0,26
PFG_MOEA,275,6,218.48,880.23,0 5 29 90 65 6 87 52 60 61 97 75 55 76 42 81 57 95 41 12 27 13 0,29 42
PFG_MOEA,276,1,198.33,1121.84,0 13 27 12 41 95 78 64 30 15 71 35 40 16 18 19 31 17 20 91 0,
PFG_MOEA,276,2,198.33,1121.84,0 50 48 92 22 23 84 39 56 68 37 33 21 34 43 0,
PFG_MOEA,276,3,198.33,1121.84,0 4 80 53 66 94 49 51 45 24 79 32 54 36 3 1 99 2 25 0,2
PFG_MOEA,276,4,198.33,1121.84,0 62 77 58 82 86 67 72 70 93 9 100 8 7 46 28 69 47 0,58 93
PFG_MOEA,276,5,198.33,1121.84,0 73 98 85 88 63 74 14 11 83 96 44 38 59 26 10 89 5 29 90 0,11 26 63 98
PFG_MOEA,276,6,198.33,1121.84,0 65 6 87 52 60 61 97 75 55 76 42 81 57 0,
PFG_MOEA,277,1,201.36,1069.24,0 27 12 73 14 11 83 96 26 10 89 59 44 38 47 69 28 46 0,83
PFG_MOEA,277,2,201.36,1069.24,0 7 30 15 71 35 40 16 18 19 31 17 20 91 0,31
PFG_MOEA,277,3,201.36,1069.24,0 25 2 99 34 43 92 1 84 23 22 70 72 67 86 82 58 77 50 0,
PFG_MOEA,277,4,201.36,1069.24,0 4 80 53 66 54 36 3 39 56 68 37 33 21 62 48 0,36 62
PFG_MOEA,277,5,201.36,1069.24,0 24 45 94 49 32 51 79 5 29 90 65 6 87 52 60 61 97 0,
PFG_MOEA,277,6,201.36,1069.24,0 42 76 9 55 75 81 93 100 8 57 95 41 98 85 88 63 74 78 64 13 0,42 88
PFG_MOEA,278,1,235.98,829.78,0 20 91 21 33 37 68 56 39 84 23 22 1 34 43 92 0,34
PFG_MOEA,278,2,235.98,829.78,0 99 0,99
PFG_MOEA,278,3,235.98,829.78,0 4 80 53 66 94 45 24 51 49 32 3 36 54 70 72 67 86 82 58 77 62 48 50 25 2 0,
PFG_MOEA,278,4,235.98,829.78,0 12 73 14 11 83 96 26 10 89 59 44 38 47 69 28 46 7 0,26
PFG_MOEA,278,5,235.98,829.78,0 79 5 29 90 65 6 87 52 60 61 97 75 13 27 0,
PFG_MOEA,278,6,235.98,829.78,0 8 100 93 9 55 76 42 81 57 95 41 98 85 88 63 74 78 64 30 15 71 35 31 17 40 16 18 19 0,42 64
PFG_MOEA,279,1,199.67,1096.55,0 5 29 90 65 6 87 52 60 61 97 75 7 14 73 12 99 2 25 50 48 0,6 52
PFG_MOEA,279,2,199.67,1096.55,0 24 79 51 45 94 49 32 36 54 70 72 67 86 82 3 62 0,
PFG_MOEA,279,3,199.67,1096.55,0 4 80 53 66 58 77 46 28 69 47 38 44 59 89 10 26 96 0,69
PFG_MOEA,279,4,199.67,1096.55,0 8 100 93 81 55 9 76 42 83 11 98 41 95 57 0,
PFG_MOEA,279,5,199.67,1096.55,0 20 91 21 33 37 18 16 40 35 71 15 30 64 78 74 63 88 85 0,63
PFG_MOEA,279,6,199.67,1096.55,0 92 43 34 1 22 23 84 39 56 68 19 17 31 27 13 0,31
PFG_MOEA,280,1,218.48,880.23,0 98 85 88 63 74 78 64 30 15 71 35 40 16 18 19 31 17 20 91 34 43 48 0,43 98
PFG_MOEA,280,2,218.48,880.23,0 50 92 21 33 37 68 56 39 84 23 22 1 99 2 25 0,99
PFG_MOEA,280,3,218.48,880.23,0 4 80 53 66 94 49 51 45 24 79 32 3 36 54 70 72 67 86 82 58 77 62 0,
PFG_MOEA,280,4,218.48,880.23,0 93 9 100 8 7 46 0,
PFG_MOEA,280,5,218.48,880.23,0 28 69 47 38 44 59 26 10 89 96 83 11 14 73 0,26
PFG_MOEA,280,6,218.48,880.23,0 5 29 90 65 6 87 52 60 61 97 75 55 76 42 81 57 95 41 12 27 13 0,29 42
PFG_MOEA,281,1,198.33,1121.84,0 13 27 12 41 95 78 64 30 15 71 35 40 16 18 19 31 17 20 91 0,
PFG_MOEA,281,2,198.33,1121.84,0 50 48 92 22 23 84 39 56 68 37 33 21 34 43 0,
PFG_MOEA,281,3,198.33,1121.84,0 4 80 53 66 94 49 51 45 24 79 32 54 36 3 1 99 2 25 0,2
PFG_MOEA,281,4,198.33,1121.84,0 62 77 58 82 86 67 72 70 93 9 100 8 7 46 28 69 47 0,58 93
PFG_MOEA,281,5,198.33,1121.84,0 73 98 85 88 63 74 14 11 83 96 44 38 59 26 10 89 5 29 90 0,11 26 63 98
PFG_MOEA,281,6,198.33,1121.84,0 65 6 87 52 60 61 97 75 55 76 42 81 57 0,
PFG_MOEA,282,1,205.55,1025.13,0 81 57 95 41 15 30 64 78 74 63 88 85 98 71 35 40 16 18 19 17 31 0,78
PFG_MOEA,282,2,205.55,1025.13,0 20 91 21 33 37 68 56 39 84 23 22 1 99 34 43 92 53 80 4 0,99
PFG_MOEA,282,3,205.55,1025.13,0 66 94 3 36 54 70 72 67 32 49 51 45 24 0,
PFG_MOEA,282,4,205.55,1025.13,0 77 58 82 86 62 48 50 25 2 12 73 14 11 83 96 59 26 89 10 0,12 26 83
PFG_MOEA,282,5,205.55,1025.13,0 44 38 47 69 28 46 7 75 97 61 60 52 87 6 65 90 29 5 79 0,
PFG_MOEA,282,6,205.55,1025.13,0 13 27 8 100 93 9 55 76 42 0,76
PFG_MOEA,283,1,201.36,1069.24,0 27 12 73 14 11 83 96 26 10 89 59 44 38 47 69 28 46 0,83
PFG_MOEA,283,2,201.36,1069.24,0 7 30 15 71 35 40 16 18 19 31 17 20 91 0,31
PFG_MOEA,283,3,201.36,1069.24,0 25 2 99 34 43 92 1 84 23 22 70 72 67 86 82 58 77 50 0,
PFG_MOEA,283,4,201.36,1069.24,0 4 80 53 66 54 36 3 39 56 68 37 33 21 62 48 0,36 62
PFG_MOEA,283,5,201.36,1069.24,0 24 45 94 49 32 51 79 5 29 90 65 6 87 52 60 61 97 0,
PFG_MOEA,283,6,201.36,1069.24,0 42 76 9 55 75 81 93 100 8 57 95 41 98 85 88 63 74 78 64 13 0,42 88
PFG_MOEA,284,1,235.98,829.78,0 20 91 21 33 37 68 56 39 84 23 22 1 34 43 92 0,34
PFG_MOEA,284,2,235.98,829.78,0 99 0,99
PFG_MOEA,284,3,235.98,829.78,0 4 80 53 66 94 45 24 51 49 32 3 36 54 70 72 67 86 82 58 77 62 48 50 25 2 0,
PFG_MOEA,284,4,235.98,829.78,0 12 73 14 11 83 96 26 10 89 59 44 38 47 69 28 46 7 0,26
PFG_MOEA,284,5,235.98,829.78,0 79 5 29 90 65 6 87 52 60 61 97 75 13 27 0,
PFG_MOEA,284,6,235.98,829.78,0 8 100 93 9 55 76 42 81 57 95 41 98 85 88 63 74 78 64 30 15 71 35 31 17 40 16 18 19 0,42 64
PFG_MOEA,285,1,199.67,1096.55,0 5 29 90 65 6 87 52 60 61 97 75 7 14 73 12 99 2 25 50 48 0,6 52
PFG_MOEA,285,2,199.67,1096.55,0 24 79 51 45 94 49 32 36 54 70 72 67 86 82 3 62 0,
PFG_MOEA,285,3,199.67,1096.55,0 4 80 53 66 58 77 46 28 69 47 38 44 59 89 10 26 96 0,69
PFG_MOEA,285,4,199.67,1096.55,0 8 100 93 81 55 9 76 42 83 11 98 41 95 57 0,
PFG_MOEA,285,5,199.67,1096.55,0 20 91 21 33 37 18 16 40 35 71 15 30 64 78 74 63 88 85 0,63
PFG_MOEA,285,6,199.67,1096.55,0 92 43 34 1 22 23 84 39 56 68 19 17 31 27 13 0,31
PFG_MOEA,286,1,218.48,880.23,0 98 85 88 63 74 78 64 30 15 71 35 40 16 18 19 31 17 20 91 34 43 48 0,43 98
PFG_MOEA,286,2,218.48,880.23,0 50 92 21 33 37 68 56 39 84 23 22 1 99 2 25 0,99
PFG_MOEA,286,3,218.48,880.23,0 4 80 53 66 94 49 51 45 24 79 32 3 36 54 70 72 67 86 82 58 77 62 0,
PFG_MOEA,286,4,218.48,880.23,0 93 9 100 8 7 46 0,
PFG_MOEA,286,5,218.48,880.23,0 28 69 47 38 44 59 26 10 89 96 83 11 14 73 0,26
PFG_MOEA,286,6,218.48,880.23,0 5 29 90 65 6 87 52 60 61 97 75 55 76 42 81 57 95 41 12 27 13 0,29 42
PFG_MOEA,287,1,198.33,1121.84,0 13 27 12 41 95 78 64 30 15 71 35 40 16 18 19 31 17 20 91 0,
PFG_MOEA,287,2,198.33,1121.84,0 50 48 92 22 23 84 39 56 68 37 33 21 34 43 0,
PFG_MOEA,287,3,198.33,1121.84,0 4 80 53 66 94 49 51 45 24 79 32 54 36 3 1 99 2 25 0,2
PFG_MOEA,287,4,198.33,1121.84,0 62 77 58 82 86 67 72 70 93 9 100 8 7 46 28 69 47 0,58 93
PFG_MOEA,287,5,198.33,1121.84,0 73 98 85 88 63 74 14 11 83 96 44 38 59 26 10 89 5 29 90 0,11 26 63 98
PFG_MOEA,287,6,198.33,1121.84,0 65 6 87 52 60 61 97 75 55 76 42 81 57 0,
PFG_MOEA,288,1,205.55,1025.13,0 81 57 95 41 15 30 64 78 74 63 88 85 98 71 35 40 16 18 19 17 31 0,78
PFG_MOEA,288,2,205.55,1025.13,0 20 91 21 33 37 68 56 39 84 23 22 1 99 34 43 92 53 80 4 0,99
PFG_MOEA,288,3,205.55,1025.13,0 66 94 3 36 54 70 72 67 32 49 51 45 24 0,
PFG_MOEA,288,4,205.55,1025.13,0 77 58 82 86 62 48 50 25 2 12 73 14 11 83 96 59 26 89 10 0,12 26 83
PFG_MOEA,288,5,205.55,1025.13,0 44 38 47 69 28 46 7 75 97 61 60 52 87 6 65 90 29 5 79 0,
PFG_MOEA,288,6,205.55,1025.13,0 13 27 8 100 93 9 55 76 42 0,76
PFG_MOEA,289,1,201.36,1069.24,0 27 12 73 14 11 83 96 26 10 89 59 44 38 47 69 28 46 0,83
PFG_MOEA,289,2,201.36,1069.24,0 7 30 15 71 35 40 16 18 19 31 17 20 91 0,31
PFG_MOEA,289,3,201.36,1069.24,0 25 2 99 34 43 92 1 84 23 22 70 72 67 86 82 58 77 50 0,
PFG_MOEA,289,4,201.36,1069.24,0 4 80 53 66 54 36 3 39 56 68 37 33 21 62 48 0,36 62
PFG_MOEA,289,5,201.36,1069.24,0 24 45 94 49 32 51 79 5 29 90 65 6 87 52 60 61 97 0,
PFG_MOEA,289,6,201.36,1069.24,0 42 76 9 55 75 81 93 100 8 57 95 41 98 85 88 63 74 78 64 13 0,42 88
PFG_MOEA,290,1,235.98,829.78,0 20 91 21 33 37 68 56 39 84 23 22 1 34 43 92 0,34
PFG_MOEA,290,2,235.98,829.78,0 99 0,99
PFG_MOEA,290,3,235.98,829.78,0 4 80 53 66 94 45 24 51 49 32 3 36 54 70 72 67 86 82 58 77 62 48 50 25 2 0,
PFG_MOEA,290,4,235.98,829.78,0 12 73 14 11 83 96 26 10 89 59 44 38 47 69 28 46 7 0,26
PFG_MOEA,290,5,235.98,829.78,0 79 5 29 90 65 6 87 52 60 61 97 75 13 27 0,
PFG_MOEA,290,6,235.98,829.78,0 8 100 93 9 55 76 42 81 57 95 41 98 85 88 63 74 78 64 30 15 71 35 31 17 40 16 18 19 0,42 64
PFG_MOEA,291,1,199.67,1096.55,0 5 29 90 65 6 87 52 60 61 97 75 7 14 73 12 99 2 25 50 48 0,6 52
PFG_MOEA,291,2,199.67,1096.55,0 24 79 51 45 94 49 32 36 54 70 72 67 86 82 3 62 0,
PFG_MOEA,291,3,199.67,1096.55,0 4 80 53 66 58 77 46 28 69 47 38 44 59 89 10 26 96 0,69
PFG_MOEA,291,4,199.67,1096.55,0 8 100 93 81 55 9 76 42 83 11 98 41 95 57 0,
PFG_MOEA,291,5,199.67,1096.55,0 20 91 21 33 37 18 16 40 35 71 15 30 64 78 74 63 88 85 0,63
PFG_MOEA,291,6,199.67,1096.55,0 92 43 34 1 22 23 84 39 56 68 19 17 31 27 13 0,31
PFG_MOEA,292,1,218.48,880.23,0 98 85 88 63 74 78 64 30 15 71 35 40 16 18 19 31 17 20 91 34 43 48 0,43 98
PFG_MOEA,292,2,218.48,880.23,0 50 92 21 33 37 68 56 39 84 23 22 1 99 2 25 0,99
PFG_MOEA,292,3,218.48,880.23,0 4 80 53 66 94 49 51 45 24 79 32 3 36 54 70 72 67 86 82 58 77 62 0,
PFG_MOEA,292,4,218.48,880.23,0 93 9 100 8 7 46 0,
PFG_MOEA,292,5,218.48,880.23,0 28 69 47 38 44 59 26 10 89 96 83 11 14 73 0,26
PFG_MOEA,292,6,218.48,880.23,0 5 29 90 65 6 87 52 60 61 97 75 55 76 42 81 57 95 41 12 27 13 0,29 42
PFG_MOEA,293,1,198.33,1121.84,0 13 27 12 41 95 78 64 30 15 71 35 40 16 18 19 31 17 20 91 0,
PFG_MOEA,293,2,198.33,1121.84,0 50 48 92 22 23 84 39 56 68 37 33 21 34 43 0,
PFG_MOEA,293,3,198.33,1121.84,0 4 80 53 66 94 49 51 45 24 79 32 54 36 3 1 99 2 25 0,2
PFG_MOEA,293,4,198.33,1121.84,0 62 77 58 82 86 67 72 70 93 9 100 8 7 46 28 69 47 0,58 93
PFG_MOEA,293,5,198.33,1121.84,0 73 98 85 88 63 74 14 11 83 96 44 38 59 26 10 89 5 29 90 0,11 26 63 98
PFG_MOEA,293,6,198.33,1121.84,0 65 6 87 52 60 61 97 75 55 76 42 81 57 0,
PFG_MOEA,294,1,205.55,1025.13,0 81 57 95 41 15 30 64 78 74 63 88 85 98 71 35 40 16 18 19 17 31 0,78
PFG_MOEA,294,2,205.55,1025.13,0 20 91 21 33 37 68 56 39 84 23 22 1 99 34 43 92 53 80 4 0,99
PFG_MOEA,294,3,205.55,1025.13,0 66 94 3 36 54 70 72 67 32 49 51 45 24 0,
PFG_MOEA,294,4,205.55,1025.13,0 77 58 82 86 62 48 50 25 2 12 73 14 11 83 96 59 26 89 10 0,12 26 83
PFG_MOEA,294,5,205.55,1025.13,0 44 38 47 69 28 46 7 75 97 61 60 52 87 6 65 90 29 5 79 0,
PFG_MOEA,294,6,205.55,1025.13,0 13 27 8 100 93 9 55 76 42 0,76
PFG_MOEA,295,1,201.36,1069.24,0 27 12 73 14 11 83 96 26 10 89 59 44 38 47 69 28 46 0,83
PFG_MOEA,295,2,201.36,1069.24,0 7 30 15 71 35 40 16 18 19 31 17 20 91 0,31
PFG_MOEA,295,3,201.36,1069.24,0 25 2 99 34 43 92 1 84 23 22 70 72 67 86 82 58 77 50 0,
PFG_MOEA,295,4,201.36,1069.24,0 4 80 53 66 54 36 3 39 56 68 37 33 21 62 48 0,36 62
PFG_MOEA,295,5,201.36,1069.24,0 24 45 94 49 32 51 79 5 29 90 65 6 87 52 60 61 97 0,
PFG_MOEA,295,6,201.36,1069.24,0 42 76 9 55 75 81 93 100 8 57 95 41 98 85 88 63 74 78 64 13 0,42 88
PFG_MOEA,296,1,235.98,829.78,0 20 91 21 33 37 68 56 39 84 23 22 1 34 43 92 0,34
PFG_MOEA,296,2,235.98,829.78,0 99 0,99
PFG_MOEA,296,3,235.98,829.78,0 4 80 53 66 94 45 24 51 49 32 3 36 54 70 72 67 86 82 58 77 62 48 50 25 2 0,
PFG_MOEA,296,4,235.98,829.78,0 12 73 14 11 83 96 26 10 89 59 44 38 47 69 28 46 7 0,26
PFG_MOEA,296,5,235.98,829.78,0 79 5 29 90 65 6 87 52 60 61 97 75 13 27 0,
PFG_MOEA,296,6,235.98,829.78,0 8 100 93 9 55 76 42 81 57 95 41 98 85 88 63 74 78 64 30 15 71 35 31 17 40 16 18 19 0,42 64
PFG_MOEA,297,1,199.67,1096.55,0 5 29 90 65 6 87 52 60 61 97 75 7 14 73 12 99 2 25 50 48 0,6 52
PFG_MOEA,297,2,199.67,1096.55,0 24 79 51 45 94 49 32 36 54 70 72 67 86 82 3 62 0,
PFG_MOEA,297,3,199.67,1096.55,0 4 80 53 66 58 77 46 28 69 47 38 44 59 89 10 26 96 0,69
PFG_MOEA,297,4,199.67,1096.55,0 8 100 93 81 55 9 76 42 83 11 98 41 95 57 0,
PFG_MOEA,297,5,199.67,1096.55,0 20 91 21 33 37 18 16 40 35 71 15 30 64 78 74 63 88 85 0,63
PFG_MOEA,297,6,199.67,1096.55,0 92 43 34 1 22 23 84 39 56 68 19 17 31 27 13 0,31
PFG_MOEA,298,1,218.48,880.23,0 98 85 88 63 74 78 64 30 15 71 35 40 16 18 19 31 17 20 91 34 43 48 0,43 98
PFG_MOEA,298,2,218.48,880.23,0 50 92 21 33 37 68 56 39 84 23 22 1 99 2 25 0,99
PFG_MOEA,298,3,218.48,880.23,0 4 80 53 66 94 49 51 45 24 79 32 3 36 54 70 72 67 86 82 58 77 62 0,
PFG_MOEA,298,4,218.48,880.23,0 93 9 100 8 7 46 0,
PFG_MOEA,298,5,218.48,880.23,0 28 69 47 38 44 59 26 10 89 96 83 11 14 73 0,26
PFG_MOEA,298,6,218.48,880.23,0 5 29 90 65 6 87 52 60 61 97 75 55 76 42 81 57 95 41 12 27 13 0,29 42
PFG_MOEA,299,1,198.33,1121.84,0 13 27 12 41 95 78 64 30 15 71 35 40 16 18 19 31 17 20 91 0,
PFG_MOEA,299,2,198.33,1121.84,0 50 48 92 22 23 84 39 56 68 37 33 21 34 43 0,
PFG_MOEA,299,3,198.33,1121.84,0 4 80 53 66 94 49 51 45 24 79 32 54 36 3 1 99 2 25 0,2
PFG_MOEA,299,4,198.33,1121.84,0 62 77 58 82 86 67 72 70 93 9 100 8 7 46 28 69 47 0,58 93
PFG_MOEA,299,5,198.33,1121.84,0 73 98 85 88 63 74 14 11 83 96 44 38 59 26 10 89 5 29 90 0,11 26 63 98
PFG_MOEA,299,6,198.33,1121.84,0 65 6 87 52 60 61 97 75 55 76 42 81 57 0,
PFG_MOEA,300,1,205.55,1025.13,0 81 57 95 41 15 30 64 78 74 63 88 85 98 71 35 40 16 18 19 17 31 0,78
PFG_MOEA,300,2,205.55,1025.13,0 20 91 21 33 37 68 56 39 84 23 22 1 99 34 43 92 53 80 4 0,99
PFG_MOEA,300,3,205.55,1025.13,0 66 94 3 36 54 70 72 67 32 49 51 45 24 0,
PFG_MOEA,300,4,205.55,1025.13,0 77 58 82 86 62 48 50 25 2 12 73 14 11 83 96 59 26 89 10 0,12 26 83
PFG_MOEA,300,5,205.55,1025.13,0 44 38 47 69 28 46 7 75 97 61 60 52 87 6 65 90 29 5 79 0,
PFG_MOEA,300,6,205.55,1025.13,0 13 27 8 100 93 9 55 76 42 0,76
PFG_MOEA,301,1,201.36,1069.24,0 27 12 73 14 11 83 96 26 10 89 59 44 38 47 69 28 46 0,83
PFG_MOEA,301,2,201.36,1069.24,0 7 30 15 71 35 40 16 18 19 31 17 20 91 0,31
PFG_MOEA,301,3,201.36,1069.24,0 25 2 99 34 43 92 1 84 23 22 70 72 67 86 82 58 77 50 0,
PFG_MOEA,301,4,201.36,1069.24,0 4 80 53 66 54 36 3 39 56 68 37 33 21 62 48 0,36 62
PFG_MOEA,301,5,201.36,1069.24,0 24 45 94 49 32 51 79 5 29 90 65 6 87 52 60 61 97 0,
PFG_MOEA,301,6,201.36,1069.24,0 42 76 9 55 75 81 93 100 8 57 95 41 98 85 88 63 74 78 64 13 0,42 88
PFG_MOEA,302,1,235.98,829.78,0 20 91 21 33 37 68 56 39 84 23 22 1 34 43 92 0,34
PFG_MOEA,302,2,235.98,829.78,0 99 0,99
PFG_MOEA,302,3,235.98,829.78,0 4 80 53 66 94 45 24 51 49 32 3 36 54 70 72 67 86 82 58 77 62 48 50 25 2 0,
PFG_MOEA,302,4,235.98,829.78,0 12 73 14 11 83 96 26 10 89 59 44 38 47 69 28 46 7 0,26
PFG_MOEA,302,5,235.98,829.78,0 79 5 29 90 65 6 87 52 60 61 97 75 13 27 0,
PFG_MOEA,302,6,235.98,829.78,0 8 100 93 9 55 76 42 81 57 95 41 98 85 88 63 74 78 64 30 15 71 35 31 17 40 16 18 19 0,42 64
PFG_MOEA,303,1,199.67,1096.55,0 5 29 90 65 6 87 52 60 61 97 75 7 14 73 12 99 2 25 50 48 0,6 52
PFG_MOEA,303,2,199.67,1096.55,0 24 79 51 45 94 49 32 36 54 70 72 67 86 82 3 62 0,
PFG_MOEA,303,3,199.67,1096.55,0 4 80 53 66 58 77 46 28 69 47 38 44 59 89 10 26 96 0,69
PFG_MOEA,303,4,199.67,1096.55,0 8 100 93 81 55 9 76 42 83 11 98 41 95 57 0,
PFG_MOEA,303,5,199.67,1096.55,0 20 91 21 33 37 18 16 40 35 71 15 30 64 78 74 63 88 85 0,63
PFG_MOEA,303,6,199.67,1096.55,0 92 43 34 1 22 23 84 39 56 68 19 17 31 27 13 0,31
PFG_MOEA,304,1,218.48,880.23,0 98 85 88 63 74 78 64 30 15 71 35 40 16 18 19 31 17 20 91 34 43 48 0,43 98
PFG_MOEA,304,2,218.48,880.23,0 50 92 21 33 37 68 56 39 84 23 22 1 99 2 25 0,99
PFG_MOEA,304,3,218.48,880.23,0 4 80 53 66 94 49 51 45 24 79 32 3 36 54 70 72 67 86 82 58 77 62 0,
PFG_MOEA,304,4,218.48,880.23,0 93 9 100 8 7 46 0,
PFG_MOEA,304,5,218.48,880.23,0 28 69 47 38 44 59 26 10 89 96 83 11 14 73 0,26
PFG_MOEA,304,6,218.48,880.23,0 5 29 90 65 6 87 52 60 61 97 75 55 76 42 81 57 95 41 12 27 13 0,29 42
PFG_MOEA,305,1,198.33,1121.84,0 13 27 12 41 95 78 64 30 15 71 35 40 16 18 19 31 17 20 91 0,
PFG_MOEA,305,2,198.33,1121.84,0 50 48 92 22 23 84 39 56 68 37 33 21 34 43 0,
PFG_MOEA,305,3,198.33,1121.84,0 4 80 53 66 94 49 51 45 24 79 32 54 36 3 1 99 2 25 0,2
PFG_MOEA,305,4,198.33,1121.84,0 62 77 58 82 86 67 72 70 93 9 100 8 7 46 28 69 47 0,58 93
PFG_MOEA,305,5,198.33,1121.84,0 73 98 85 88 63 74 14 11 83 96 44 38 59 26 10 89 5 29 90 0,11 26 63 98
PFG_MOEA,305,6,198.33,1121.84,0 65 6 87 52 60 61 97 75 55 76 42 81 57 0,
PFG_MOEA,306,1,205.55,1025.13,0 81 57 95 41 15 30 64 78 74 63 88 85 98 71 35 40 16 18 19 17 31 0,78
PFG_MOEA,306,2,205.55,1025.13,0 20 91 21 33 37 68 56 39 84 23 22 1 99 34 43 92 53 80 4 0,99
PFG_MOEA,306,3,205.55,1025.13,0 66 94 3 36 54 70 72 67 32 49 51 45 24 0,
PFG_MOEA,306,4,205.55,1025.13,0 77 58 82 86 62 48 50 25 2 12 73 14 11 83 96 59 26 89 10 0,12 26 83
PFG_MOEA,306,5,205.55,1025.13,0 44 38 47 69 28 46 7 75 97 61 60 52 87 6 65 90 29 5 79 0,
PFG_MOEA,306,6,205.55,1025.13,0 13 27 8 100 93 9 55 76 42 0,76
PFG_MOEA,307,1,201.36,1069.24,0 27 12 73 14 11 83 96 26 10 89 59 44 38 47 69 28 46 0,83
PFG_MOEA,307,2,201.36,1069.24,0 7 30 15 71 35 40 16 18 19 31 17 20 91 0,31
PFG_MOEA,307,3,201.36,1069.24,0 25 2 99 34 43 92 1 84 23 22 70 72 67 86 82 58 77 50 0,
PFG_MOEA,307,4,201.36,1069.24,0 4 80 53 66 54 36 3 39 56 68 37 33 21 62 48 0,36 62
PFG_MOEA,307,5,201.36,1069.24,0 24 45 94 49 32 51 79 5 29 90 65 6 87 52 60 61 97 0,
PFG_MOEA,307,6,201.36,1069.24,0 42 76 9 55 75 81 93 100 8 57 95 41 98 85 88 63 74 78 64 13 0,42 88
PFG_MOEA,308,1,235.98,829.78,0 20 91 21 33 37 68 56 39 84 23 22 1 34 43 92 0,34
PFG_MOEA,308,2,235.98,829.78,0 99 0,99
PFG_MOEA,308,3,235.98,829.78,0 4 80 53 66 94 45 24 51 49 32 3 36 54 70 72 67 86 82 58 77 62 48 50 25 2 0,
PFG_MOEA,308,4,235.98,829.78,0 12 73 14 11 83 96 26 10 89 59 44 38 47 69 28 46 7 0,26
PFG_MOEA,308,5,235.98,829.78,0 79 5 29 90 65 6 87 52 60 61 97 75 13 27 0,
PFG_MOEA,308,6,235.98,829.78,0 8 100 93 9 55 76 42 81 57 95 41 98 85 88 63 74 78 64 30 15 71 35 31 17 40 16 18 19 0,42 64
PFG_MOEA,309,1,199.67,1096.55,0 5 29 90 65 6 87 52 60 61 97 75 7 14 73 12 99 2 25 50 48 0,6 52
PFG_MOEA,309,2,199.67,1096.55,0 24 79 51 45 94 49 32 36 54 70 72 67 86 82 3 62 0,
PFG_MOEA,309,3,199.67,1096.55,0 4 80 53 66 58 77 46 28 69 47 38 44 59 89 10 26 96 0,69
PFG_MOEA,309,4,199.67,1096.55,0 8 100 93 81 55 9 76 42 83 11 98 41 95 57 0,
PFG_MOEA,309,5,199.67,1096.55,0 20 91 21 33 37 18 16 40 35 71 15 30 64 78 74 63 88 85 0,63
PFG_MOEA,309,6,199.67,1096.55,0 92 43 34 1 22 23 84 39 56 68 19 17 31 27 13 0,31
PFG_MOEA,310,1,218.48,880.23,0 98 85 88 63 74 78 64 30 15 71 35 40 16 18 19 31 17 20 91 34 43 48 0,43 98
PFG_MOEA,310,2,218.48,880.23,0 50 92 21 33 37 68 56 39 84 23 22 1 99 2 25 0,99
PFG_MOEA,310,3,218.48,880.23,0 4 80 53 66 94 49 51 45 24 79 32 3 36 54 70 72 67 86 82 58 77 62 0,
PFG_MOEA,310,4,218.48,880.23,0 93 9 100 8 7 46 0,
PFG_MOEA,310,5,218.48,880.23,0 28 69 47 38 44 59 26 10 89 96 83 11 14 73 0,26
PFG_MOEA,310,6,218.48,880.23,0 5 29 90 65 6 87 52 60 61 97 75 55 76 42 81 57 95 41 12 27 13 0,29 42
PFG_MOEA,311,1,198.33,1121.84,0 13 27 12 41 95 78 64 30 15 71 35 40 16 18 19 31 17 20 91 0,
PFG_MOEA,311,2,198.33,1121.84,0 50 48 92 22 23 84 39 56 68 37 33 21 34 43 0,
PFG_MOEA,311,3,198.33,1121.84,0 4 80 53 66 94 49 51 45 24 79 32 54 36 3 1 99 2 25 0,2
PFG_MOEA,311,4,198.33,1121.84,0 62 77 58 82 86 67 72 70 93 9 100 8 7 46 28 69 47 0,58 93
PFG_MOEA,311,5,198.33,1121.84,0 73 98 85 88 63 74 14 11 83 96 44 38 59 26 10 89 5 29 90 0,11 26 63 98
PFG_MOEA,311,6,198.33,1121.84,0 65 6 87 52 60 61 97 75 55 76 42 81 57 0,
PFG_MOEA,312,1,205.55,1025.13,0 81 57 95 41 15 30 64 78 74 63 88 85 98 71 35 40 16 18 19 17 31 0,78
PFG_MOEA,312,2,205.55,1025.13,0 20 91 21 33 37 68 56 39 84 23 22 1 99 34 43 92 53 80 4 0,99
PFG_MOEA,312,3,205.55,1025.13,0 66 94 3 36 54 70 72 67 32 49 51 45 24 0,
PFG_MOEA,312,4,205.55,1025.13,0 77 58 82 86 62 48 50 25 2 12 73 14 11 83 96 59 26 89 10 0,12 26 83
PFG_MOEA,312,5,205.55,1025.13,0 44 38 47 69 28 46 7 75 97 61 60 52 87 6 65 90 29 5 79 0,
PFG_MOEA,312,6,205.55,1025.13,0 13 27 8 100 93 9 55 76 42 0,76
PFG_MOEA,313,1,201.36,1069.24,0 27 12 73 14 11 83 96 26 10 89 59 44 38 47 69 28 46 0,83
PFG_MOEA,313,2,201.36,1069.24,0 7 30 15 71 35 40 16 18 19 31 17 20 91 0,31
PFG_MOEA,313,3,201.36,1069.24,0 25 2 99 34 43 92 1 84 23 22 70 72 67 86 82 58 77 50 0,
PFG_MOEA,313,4,201.36,1069.24,0 4 80 53 66 54 36 3 39 56 68 37 33 21 62 48 0,36 62
PFG_MOEA,313,5,201.36,1069.24,0 24 45 94 49 32 51 79 5 29 90 65 6 87 52 60 61 97 0,
PFG_MOEA,313,6,201.36,1069.24,0 42 76 9 55 75 81 93 100 8 57 95 41 98 85 88 63 74 78 64 13 0,42 88
PFG_MOEA,314,1,235.98,829.78,0 20 91 21 33 37 68 56 39 84 23 22 1 34 43 92 0,34
PFG_MOEA,314,2,235.98,829.78,0 99 0,99
PFG_MOEA,314,3,235.98,829.78,0 4 80 53 66 94 45 24 51 49 32 3 36 54 70 72 67 86 82 58 77 62 48 50 25 2 0,
PFG_MOEA,314,4,235.98,829.78,0 12 73 14 11 83 96 26 10 89 59 44 38 47 69 28 46 7 0,26
PFG_MOEA,314,5,235.98,829.78,0 79 5 29 90 65 6 87 52 60 61 97 75 13 27 0,
PFG_MOEA,314,6,235.98,829.78,0 8 100 93 9 55 76 42 81 57 95 41 98 85 88 63 74 78 64 30 15 71 35 31 17 40 16 18 19 0,42 64
PFG_MOEA,315,1,199.67,1096.55,0 5 29 90 65 6 87 52 60 61 97 75 7 14 73 12 99 2 25 50 48 0,6 52
PFG_MOEA,315,2,199.67,1096.55,0 24 79 51 45 94 49 32 36 54 70 72 67 86 82 3 62 0,
PFG_MOEA,315,3,199.67,1096.55,0 4 80 53 66 58 77 46 28 69 47 38 44 59 89 10 26 96 0,69
PFG_MOEA,315,4,199.67,1096.55,0 8 100 93 81 55 9 76 42 83 11 98 41 95 57 0,
PFG_MOEA,315,5,199.67,1096.55,0 20 91 21 33 37 18 16 40 35 71 15 30 64 78 74 63 88 85 0,63
PFG_MOEA,315,6,199.67,1096.55,0 92 43 34 1 22 23 84 39 56 68 19 17 31 27 13 0,31
PFG_MOEA,316,1,218.48,880.23,0 98 85 88 63 74 78 64 30 15 71 35 40 16 18 19 31 17 20 91 34 43 48 0,43 98
PFG_MOEA,316,2,218.48,880.23,0 50 92 21 33 37 68 56 39 84 23 22 1 99 2 25 0,99
PFG_MOEA,316,3,218.48,880.23,0 4 80 53 66 94 49 51 45 24 79 32 3 36 54 70 72 67 86 82 58 77 62 0,
PFG_MOEA,316,4,218.48,880.23,0 93 9 100 8 7 46 0,
PFG_MOEA,316,5,218.48,880.23,0 28 69 47 38 44 59 26 10 89 96 83 11 14 73 0,26
PFG_MOEA,316,6,218.48,880.23,0 5 29 90 65 6 87 52 60 61 97 75 55 76 42 81 57 95 41 12 27 13 0,29 42
PFG_MOEA,317,1,198.33,1121.84,0 13 27 12 41 95 78 64 30 15 71 35 40 16 18 19 31 17 20 91 0,
PFG_MOEA,317,2,198.33,1121.84,0 50 48 92 22 23 84 39 56 68 37 33 21 34 43 0,
PFG_MOEA,317,3,198.33,1121.84,0 4 80 53 66 94 49 51 45 24 79 32 54 36 3 1 99 2 25 0,2
PFG_MOEA,317,4,198.33,1121.84,0 62 77 58 82 86 67 72 70 93 9 100 8 7 46 28 69 47 0,58 93
PFG_MOEA,317,5,198.33,1121.84,0 73 98 85 88 63 74 14 11 83 96 44 38 59 26 10 89 5 29 90 0,11 26 63 98
PFG_MOEA,317,6,198.33,1121.84,0 65 6 87 52 60 61 97 75 55 76 42 81 57 0,
PFG_MOEA,318,1,205.55,1025.13,0 81 57 95 41 15 30 64 78 74 63 88 85 98 71 35 40 16 18 19 17 31 0,78
PFG_MOEA,318,2,205.55,1025.13,0 20 91 21 33 37 68 56 39 84 23 22 1 99 34 43 92 53 80 4 0,99
PFG_MOEA,318,3,205.55,1025.13,0 66 94 3 36 54 70 72 67 32 49 51 45 24 0,
PFG_MOEA,318,4,205.55,1025.13,0 77 58 82 86 62 48 50 25 2 12 73 14 11 83 96 59 26 89 10 0,12 26 83
PFG_MOEA,318,5,205.55,1025.13,0 44 38 47 69 28 46 7 75 97 61 60 52 87 6 65 90 29 5 79 0,
PFG_MOEA,318,6,205.55,1025.13,0 13 27 8 100 93 9 55 76 42 0,76
PFG_MOEA,319,1,201.36,1069.24,0 27 12 73 14 11 83 96 26 10 89 59 44 38 47 69 28 46 0,83
PFG_MOEA,319,2,201.36,1069.24,0 7 30 15 71 35 40 16 18 19 31 17 20 91 0,31
PFG_MOEA,319,3,201.36,1069.24,0 25 2 99 34 43 92 1 84 23 22 70 72 67 86 82 58 77 50 0,
PFG_MOEA,319,4,201.36,1069.24,0 4 80 53 66 54 36 3 39 56 68 37 33 21 62 48 0,36 62
PFG_MOEA,319,5,201.36,1069.24,0 24 45 94 49 32 51 79 5 29 90 65 6 87 52 60 61 97 0,
PFG_MOEA,319,6,201.36,1069.24,0 42 76 9 55 75 81 93 100 8 57 95 41 98 85 88 63 74 78 64 13 0,42 88
PFG_MOEA,320,1,235.98,829.78,0 20 91 21 33 37 68 56 39 84 23 22 1 34 43 92 0,34
PFG_MOEA,320,2,235.98,829.78,0 99 0,99
PFG_MOEA,320,3,235.98,829.78,0 4 80 53 66 94 45 24 51 49 32 3 36 54 70 72 67 86 82 58 77 62 48 50 25 2 0,
PFG_MOEA,320,4,235.98,829.78,0 12 73 14 11 83 96 26 10 89 59 44 38 47 69 28 46 7 0,26
PFG_MOEA,320,5,235.98,829.78,0 79 5 29 90 65 6 87 52 60 61 97 75 13 27 0,
PFG_MOEA,320,6,235.98,829.78,0 8 100 93 9 55 76 42 81 57 95 41 98 85 88 63 74 78 64 30 15 71 35 31 17 40 16 18 19 0,42 64
PFG_MOEA,321,1,199.67,1096.55,0 5 29 90 65 6 87 52 60 61 97 75 7 14 73 12 99 2 25 50 48 0,6 52
PFG_MOEA,321,2,199.67,1096.55,0 24 79 51 45 94 49 32 36 54 70 72 67 86 82 3 62 0,
PFG_MOEA,321,3,199.67,1096.55,0 4 80 53 66 58 77 46 28 69 47 38 44 59 89 10 26 96 0,69
PFG_MOEA,321,4,199.67,1096.55,0 8 100 93 81 55 9 76 42 83 11 98 41 95 57 0,
PFG_MOEA,321,5,199.67,1096.55,0 20 91 21 33 37 18 16 40 35 71 15 30 64 78 74 63 88 85 0,63
PFG_MOEA,321,6,199.67,1096.55,0 92 43 34 1 22 23 84 39 56 68 19 17 31 27 13 0,31
PFG_MOEA,322,1,218.48,880.23,0 98 85 88 63 74 78 64 30 15 71 35 40 16 18 19 31 17 20 91 34 43 48 0,43 98
PFG_MOEA,322,2,218.48,880.23,0 50 92 21 33 37 68 56 39 84 23 22 1 99 2 25 0,99
PFG_MOEA,322,3,218.48,880.23,0 4 80 53 66 94 49 51 45 24 79 32 3 36 54 70 72 67 86 82 58 77 62 0,
PFG_MOEA,322,4,218.48,880.23,0 93 9 100 8 7 46 0,
PFG_MOEA,322,5,218.48,880.23,0 28 69 47 38 44 59 26 10 89 96 83 11 14 73 0,26
PFG_MOEA,322,6,218.48,880.23,0 5 29 90 65 6 87 52 60 61 97 75 55 76 42 81 57 95 41 12 27 13 0,29 42
PFG_MOEA,323,1,198.33,1121.84,0 13 27 12 41 95 78 64 30 15 71 35 40 16 18 19 31 17 20 91 0,
PFG_MOEA,323,2,198.33,1121.84,0 50 48 92 22 23 84 39 56 68 37 33 21 34 43 0,
PFG_MOEA,323,3,198.33,1121.84,0 4 80 53 66 94 49 51 45 24 79 32 54 36 3 1 99 2 25 0,2
PFG_MOEA,323,4,198.33,1121.84,0 62 77 58 82 86 67 72 70 93 9 100 8 7 46 28 69 47 0,58 93
PFG_MOEA,323,5,198.33,1121.84,0 73 98 85 88 63 74 14 11 83 96 44 38 59 26 10 89 5 29 90 0,11 26 63 98
PFG_MOEA,323,6,198.33,1121.84,0 65 6 87 52 60 61 97 75 55 76 42 81 57 0,
PFG_MOEA,324,1,205.55,1025.13,0 81 57 95 41 15 30 64 78 74 63 88 85 98 71 35 40 16 18 19 17 31 0,78
PFG_MOEA,324,2,205.55,1025.13,0 20 91 21 33 37 68 56 39 84 23 22 1 99 34 43 92 53 80 4 0,99
PFG_MOEA,324,3,205.55,1025.13,0 66 94 3 36 54 70 72 67 32 49 51 45 24 0,
PFG_MOEA,324,4,205.55,1025.13,0 77 58 82 86 62 48 50 25 2 12 73 14 11 83 96 59 26 89 10 0,12 26 83
PFG_MOEA,324,5,205.55,1025.13,0 44 38 47 69 28 46 7 75 97 61 60 52 87 6 65 90 29 5 79 0,
PFG_MOEA,324,6,205.55,1025.13,0 13 27 8 100 93 9 55 76 42 0,76
PFG_MOEA,325,1,201.36,1069.24,0 27 12 73 14 11 83 96 26 10 89 59 44 38 47 69 28 46 0,83
PFG_MOEA,325,2,201.36,1069.24,0 7 30 15 71 35 40 16 18 19 31 17 20 91 0,31
PFG_MOEA,325,3,201.36,1069.24,0 25 2 99 34 43 92 1 84 23 22 70 72 67 86 82 58 77 50 0,
PFG_MOEA,325,4,201.36,1069.24,0 4 80 53 66 54 36 3 39 56 68 37 33 21 62 48 0,36 62
PFG_MOEA,325,5,201.36,1069.24,0 24 45 94 49 32 51 79 5 29 90 65 6 87 52 60 61 97 0,
PFG_MOEA,325,6,201.36,1069.24,0 42 76 9 55 75 81 93 100 8 57 95 41 98 85 88 63 74 78 64 13 0,42 88
PFG_MOEA,326,1,235.98,829.78,0 20 91 21 33 37 68 56 39 84 23 22 1 34 43 92 0,34
PFG_MOEA,326,2,235.98,829.78,0 99 0,99
PFG_MOEA,326,3,235.98,829.78,0 4 80 53 66 94 45 24 51 49 32 3 36 54 70 72 67 86 82 58 77 62 48 50 25 2 0,
PFG_MOEA,326,4,235.98,829.78,0 12 73 14 11 83 96 26 10 89 59 44 38 47 69 28 46 7 0,26
PFG_MOEA,326,5,235.98,829.78,0 79 5 29 90 65 6 87 52 60 61 97 75 13 27 0,
PFG_MOEA,326,6,235.98,829.78,0 8 100 93 9 55 76 42 81 57 95 41 98 85 88 63 74 78 64 30 15 71 35 31 17 40 16 18 19 0,42 64
PFG_MOEA,327,1,199.67,1096.55,0 5 29 90 65 6 87 52 60 61 97 75 7 14 73 12 99 2 25 50 48 0,6 52
PFG_MOEA,327,2,199.67,1096.55,0 24 79 51 45 94 49 32 36 54 70 72 67 86 82 3 62 0,
PFG_MOEA,327,3,199.67,1096.55,0 4 80 53 66 58 77 46 28 69 47 38 44 59 89 10 26 96 0,69
PFG_MOEA,327,4,199.67,1096.55,0 8 100 93 81 55 9 76 42 83 11 98 41 95 57 0,
PFG_MOEA,327,5,199.67,1096.55,0 20 91 21 33 37 18 16 40 35 71 15 30 64 78 74 63 88 85 0,63
PFG_MOEA,327,6,199.67,1096.55,0 92 43 34 1 22 23 84 39 56 68 19 17 31 27 13 0,31
PFG_MOEA,328,1,218.48,880.23,0 98 85 88 63 74 78 64 30 15 71 35 40 16 18 19 31 17 20 91 34 43 48 0,43 98
PFG_MOEA,328,2,218.48,880.23,0 50 92 21 33 37 68 56 39 84 23 22 1 99 2 25 0,99
PFG_MOEA,328,3,218.48,880.23,0 4 80 53 66 94 49 51 45 24 79 32 3 36 54 70 72 67 86 82 58 77 62 0,
PFG_MOEA,328,4,218.48,880.23,0 93 9 100 8 7 46 0,
PFG_MOEA,328,5,218.48,880.23,0 28 69 47 38 44 59 26 10 89 96 83 11 14 73 0,26
PFG_MOEA,328,6,218.48,880.23,0 5 29 90 65 6 87 52 60 61 97 75 55 76 42 81 57 95 41 12 27 13 0,29 42
PFG_MOEA,329,1,198.33,1121.84,0 13 27 12 41 95 78 64 30 15 71 35 40 16 18 19 31 17 20 91 0,
PFG_MOEA,329,2,198.33,1121.84,0 50 48 92 22 23 84 39 56 68 37 33 21 34 43 0,
PFG_MOEA,329,3,198.33,1121.84,0 4 80 53 66 94 49 51 45 24 79 32 54 36 3 1 99 2 25 0,2
PFG_MOEA,329,4,198.33,1121.84,0 62 77 58 82 86 67 72 70 93 9 100 8 7 46 28 69 47 0,58 93
PFG_MOEA,329,5,198.33,1121.84,0 73 98 85 88 63 74 14 11 83 96 44 38 59 26 10 89 5 29 90 0,11 26 63 98
PFG_MOEA,329,6,198.33,1121.84,0 65 6 87 52 60 61 97 75 55 76 42 81 57 0,
PFG_MOEA,330,1,205.55,1025.13,0 81 57 95 41 15 30 64 78 74 63 88 85 98 71 35 40 16 18 19 17 31 0,78
PFG_MOEA,330,2,205.55,1025.13,0 20 91 21 33 37 68 56 39 84 23 22 1 99 34 43 92 53 80 4 0,99
PFG_MOEA,330,3,205.55,1025.13,0 66 94 3 36 54 70 72 67 32 49 51 45 24 0,
PFG_MOEA,330,4,205.55,1025.13,0 77 58 82 86 62 48 50 25 2 12 73 14 11 83 96 59 26 89 10 0,12 26 83
PFG_MOEA,330,5,205.55,1025.13,0 44 38 47 69 28 46 7 75 97 61 60 52 87 6 65 90 29 5 79 0,
PFG_MOEA,330,6,205.55,1025.13,0 13 27 8 100 93 9 55 76 42 0,76
PFG_MOEA,331,1,201.36,1069.24,0 27 12 73 14 11 83 96 26 10 89 59 44 38 47 69 28 46 0,83
PFG_MOEA,331,2,201.36,1069.24,0 7 30 15 71 35 40 16 18 19 31 17 20 91 0,31
PFG_MOEA,331,3,201.36,1069.24,0 25 2 99 34 43 92 1 84 23 22 70 72 67 86 82 58 77 50 0,
PFG_MOEA,331,4,201.36,1069.24,0 4 80 53 66 54 36 3 39 56 68 37 33 21 62 48 0,36 62
PFG_MOEA,331,5,201.36,1069.24,0 24 45 94 49 32 51 79 5 29 90 65 6 87 52 60 61 97 0,
PFG_MOEA,331,6,201.36,1069.24,0 42 76 9 55 75 81 93 100 8 57 95 41 98 85 88 63 74 78 64 13 0,42 88
PFG_MOEA,332,1,235.98,829.78,0 20 91 21 33 37 68 56 39 84 23 22 1 34 43 92 0,34
PFG_MOEA,332,2,235.98,829.78,0 99 0,99
PFG_MOEA,332,3,235.98,829.78,0 4 80 53 66 94 45 24 51 49 32 3 36 54 70 72 67 86 82 58 77 62 48 50 25 2 0,
PFG_MOEA,332,4,235.98,829.78,0 12 73 14 11 83 96 26 10 89 59 44 38 47 69 28 46 7 0,26
PFG_MOEA,332,5,235.98,829.78,0 79 5 29 90 65 6 87 52 60 61 97 75 13 27 0,
PFG_MOEA,332,6,235.98,829.78,0 8 100 93 9 55 76 42 81 57 95 41 98 85 88 63 74 78 64 30 15 71 35 31 17 40 16 18 19 0,42 64
PFG_MOEA,333,1,199.67,1096.55,0 5 29 90 65 6 87 52 60 61 97 75 7 14 73 12 99 2 25 50 48 0,6 52
PFG_MOEA,333,2,199.67,1096.55,0 24 79 51 45 94 49 32 36 54 70 72 67 86 82 3 62 0,
PFG_MOEA,333,3,199.67,1096.55,0 4 80 53 66 58 77 46 28 69 47 38 44 59 89 10 26 96 0,69
PFG_MOEA,333,4,199.67,1096.55,0 8 100 93 81 55 9 76 42 83 11 98 41 95 57 0,
PFG_MOEA,333,5,199.67,1096.55,0 20 91 21 33 37 18 16 40 35 71 15 30 64 78 74 63 88 85 0,63
PFG_MOEA,333,6,199.67,1096.55,0 92 43 34 1 22 23 84 39 56 68 19 17 31 27 13 0,31
PFG_MOEA,334,1,218.48,880.23,0 98 85 88 63 74 78 64 30 15 71 35 40 16 18 19 31 17 20 91 34 43 48 0,43 98
PFG_MOEA,334,2,218.48,880.23,0 50 92 21 33 37 68 56 39 84 23 22 1 99 2 25 0,99
PFG_MOEA,334,3,218.48,880.23,0 4 80 53 66 94 49 51 45 24 79 32 3 36 54 70 72 67 86 82 58 77 62 0,
PFG_MOEA,334,4,218.48,880.23,0 93 9 100 8 7 46 0,
PFG_MOEA,334,5,218.48,880.23,0 28 69 47 38 44 59 26 10 89 96 83 11 14 73 0,26
PFG_MOEA,334,6,218.48,880.23,0 5 29 90 65 6 87 52 60 61 97 75 55 76 42 81 57 95 41 12 27 13 0,29 42
PFG_MOEA,335,1,198.33,1121.84,0 13 27 12 41 95 78 64 30 15 71 35 40 16 18 19 31 17 20 91 0,
PFG_MOEA,335,2,198.33,1121.84,0 50 48 92 22 23 84 39 56 68 37 33 21 34 43 0,
PFG_MOEA,335,3,198.33,1121.84,0 4 80 53 66 94 49 51 45 24 79 32 54 36 3 1 99 2 25 0,2
PFG_MOEA,335,4,198.33,1121.84,0 62 77 58 82 86 67 72 70 93 9 100 8 7 46 28 69 47 0,58 93
PFG_MOEA,335,5,198.33,1121.84,0 73 98 85 88 63 74 14 11 83 96 44 38 59 26 10 89 5 29 90 0,11 26 63 98
PFG_MOEA,335,6,198.33,1121.84,0 65 6 87 52 60 61 97 75 55 76 42 81 57 0,
PFG_MOEA,336,1,205.55,1025.13,0 81 57 95 41 15 30 64 78 74 63 88 85 98 71 35 40 16 18 19 17 31 0,78
PFG_MOEA,336,2,205.55,1025.13,0 20 91 21 33 37 68 56 39 84 23 22 1 99 34 43 92 53 80 4 0,99
PFG_MOEA,336,3,205.55,1025.13,0 66 94 3 36 54 70 72 67 32 49 51 45 24 0,
PFG_MOEA,336,4,205.55,1025.13,0 77 58 82 86 62 48 50 25 2 12 73 14 11 83 96 59 26 89 10 0,12 26 83
PFG_MOEA,336,5,205.55,1025.13,0 44 38 47 69 28 46 7 75 97 61 60 52 87 6 65 90 29 5 79 0,
PFG_MOEA,336,6,205.55,1025.13,0 13 27 8 100 93 9 55 76 42 0,76
PFG_MOEA,337,1,201.36,1069.24,0 27 12 73 14 11 83 96 26 10 89 59 44 38 47 69 28 46 0,83
PFG_MOEA,337,2,201.36,1069.24,0 7 30 15 71 35 40 16 18 19 31 17 20 91 0,31
PFG_MOEA,337,3,201.36,1069.24,0 25 2 99 34 43 92 1 84 23 22 70 72 67 86 82 58 77 50 0,
PFG_MOEA,337,4,201.36,1069.24,0 4 80 53 66 54 36 3 39 56 68 37 33 21 62 48 0,36 62
PFG_MOEA,337,5,201.36,1069.24,0 24 45 94 49 32 51 79 5 29 90 65 6 87 52 60 61 97 0,
PFG_MOEA,337,6,201.36,1069.24,0 42 76 9 55 75 81 93 100 8 57 95 41 98 85 88 63 74 78 64 13 0,42 88
PFG_MOEA,338,1,235.98,829.78,0 20 91 21 33 37 68 56 39 84 23 22 1 34 43 92 0,34
PFG_MOEA,338,2,235.98,829.78,0 99 0,99
PFG_MOEA,338,3,235.98,829.78,0 4 80 53 66 94 45 24 51 49 32 3 36 54 70 72 67 86 82 58 77 62 48 50 25 2 0,
PFG_MOEA,338,4,235.98,829.78,0 12 73 14 11 83 96 26 10 89 59 44 38 47 69 28 46 7 0,26
PFG_MOEA,338,5,235.98,829.78,0 79 5 29 90 65 6 87 52 60 61 97 75 13 27 0,
PFG_MOEA,338,6,235.98,829.78,0 8 100 93 9 55 76 42 81 57 95 41 98 85 88 63 74 78 64 30 15 71 35 31 17 40 16 18 19 0,42 64
PFG_MOEA,339,1,199.67,1096.55,0 5 29 90 65 6 87 52 60 61 97 75 7 14 73 12 99 2 25 50 48 0,6 52
PFG_MOEA,339,2,199.67,1096.55,0 24 79 51 45 94 49 32 36 54 70 72 67 86 82 3 62 0,
PFG_MOEA,339,3,199.67,1096.55,0 4 80 53 66 58 77 46 28 69 47 38 44 59 89 10 26 96 0,69
PFG_MOEA,339,4,199.67,1096.55,0 8 100 93 81 55 9 76 42 83 11 98 41 95 57 0,
PFG_MOEA,339,5,199.67,1096.55,0 20 91 21 33 37 18 16 40 35 71 15 30 64 78 74 63 88 85 0,63
PFG_MOEA,339,6,199.67,1096.55,0 92 43 34 1 22 23 84 39 56 68 19 17 31 27 13 0,31
PFG_MOEA,340,1,218.48,880.23,0 98 85 88 63 74 78 64 30 15 71 35 40 16 18 19 31 17 20 91 34 43 48 0,43 98
PFG_MOEA,340,2,218.48,880.23,0 50 92 21 33 37 68 56 39 84 23 22 1 99 2 25 0,99
PFG_MOEA,340,3,218.48,880.23,0 4 80 53 66 94 49 51 45 24 79 32 3 36 54 70 72 67 86 82 58 77 62 0,
PFG_MOEA,340,4,218.48,880.23,0 93 9 100 8 7 46 0,
PFG_MOEA,340,5,218.48,880.23,0 28 69 47 38 44 59 26 10 89 96 83 11 14 73 0,26
PFG_MOEA,340,6,218.48,880.23,0 5 29 90 65 6 87 52 60 61 97 75 55 76 42 81 57 95 41 12 27 13 0,29 42
PFG_MOEA,341,1,198.33,1121.84,0 13 27 12 41 95 78 64 30 15 71 35 40 16 18 19 31 17 20 91 0,
PFG_MOEA,341,2,198.33,1121.84,0 50 48 92 22 23 84 39 56 68 37 33 21 34 43 0,
PFG_MOEA,341,3,198.33,1121.84,0 4 80 53 66 94 49 51 45 24 79 32 54 36 3 1 99 2 25 0,2
PFG_MOEA,341,4,198.33,1121.84,0 62 77 58 82 86 67 72 70 93 9 100 8 7 46 28 69 47 0,58 93
PFG_MOEA,341,5,198.33,1121.84,0 73 98 85 88 63 74 14 11 83 96 44 38 59 26 10 89 5 29 90 0,11 26 63 98
PFG_MOEA,341,6,198.33,1121.84,0 65 6 87 52 60 61 97 75 55 76 42 81 57 0,
PFG_MOEA,342,1,205.55,1025.13,0 81 57 95 41 15 30 64 78 74 63 88 85 98 71 35 40 16 18 19 17 31 0,78
PFG_MOEA,342,2,205.55,1025.13,0 20 91 21 33 37 68 56 39 84 23 22 1 99 34 43 92 53 80 4 0,99
PFG_MOEA,342,3,205.55,1025.13,0 66 94 3 36 54 70 72 67 32 49 51 45 24 0,
PFG_MOEA,342,4,205.55,1025.13,0 77 58 82 86 62 48 50 25 2 12 73 14 11 83 96 59 26 89 10 0,12 26 83
PFG_MOEA,342,5,205.55,1025.13,0 44 38 47 69 28 46 7 75 97 61 60 52 87 6 65 90 29 5 79 0,
PFG_MOEA,342,6,205.55,1025.13,0 13 27 8 100 93 9 55 76 42 0,76
PFG_MOEA,343,1,201.36,1069.24,0 27 12 73 14 11 83 96 26 10 89 59 44 38 47 69 28 46 0,83
PFG_MOEA,343,2,201.36,1069.24,0 7 30 15 71 35 40 16 18 19 31 17 20 91 0,31
PFG_MOEA,343,3,201.36,1069.24,0 25 2 99 34 43 92 1 84 23 22 70 72 67 86 82 58 77 50 0,
PFG_MOEA,343,4,201.36,1069.24,0 4 80 53 66 54 36 3 39 56 68 37 33 21 62 48 0,36 62
PFG_MOEA,343,5,201.36,1069.24,0 24 45 94 49 32 51 79 5 29 90 65 6 87 52 60 61 97 0,
PFG_MOEA,343,6,201.36,1069.24,0 42 76 9 55 75 81 93 100 8 57 95 41 98 85 88 63 74 78 64 13 0,42 88
PFG_MOEA,344,1,235.98,829.78,0 20 91 21 33 37 68 56 39 84 23 22 1 34 43 92 0,34
PFG_MOEA,344,2,235.98,829.78,0 99 0,99
PFG_MOEA,344,3,235.98,829.78,0 4 80 53 66 94 45 24 51 49 32 3 36 54 70 72 67 86 82 58 77 62 48 50 25 2 0,
PFG_MOEA,344,4,235.98,829.78,0 12 73 14 11 83 96 26 10 89 59 44 38 47 69 28 46 7 0,26
PFG_MOEA,344,5,235.98,829.78,0 79 5 29 90 65 6 87 52 60 61 97 75 13 27 0,
PFG_MOEA,344,6,235.98,829.78,0 8 100 93 9 55 76 42 81 57 95 41 98 85 88 63 74 78 64 30 15 71 35 31 17 40 16 18 19 0,42 64
PFG_MOEA,345,1,199.67,1096.55,0 5 29 90 65 6 87 52 60 61 97 75 7 14 73 12 99 2 25 50 48 0,6 52
PFG_MOEA,345,2,199.67,1096.55,0 24 79 51 45 94 49 32 36 54 70 72 67 86 82 3 62 0,
PFG_MOEA,345,3,199.67,1096.55,0 4 80 53 66 58 77 46 28 69 47 38 44 59 89 10 26 96 0,69
PFG_MOEA,345,4,199.67,1096.55,0 8 100 93 81 55 9 76 42 83 11 98 41 95 57 0,
PFG_MOEA,345,5,199.67,1096.55,0 20 91 21 33 37 18 16 40 35 71 15 30 64 78 74 63 88 85 0,63
PFG_MOEA,345,6,199.67,1096.55,0 92 43 34 1 22 23 84 39 56 68 19 17 31 27 13 0,31
PFG_MOEA,346,1,218.48,880.23,0 98 85 88 63 74 78 64 30 15 71 35 40 16 18 19 31 17 20 91 34 43 48 0,43 98
PFG_MOEA,346,2,218.48,880.23,0 50 92 21 33 37 68 56 39 84 23 22 1 99 2 25 0,99
PFG_MOEA,346,3,218.48,880.23,0 4 80 53 66 94 49 51 45 24 79 32 3 36 54 70 72 67 86 82 58 77 62 0,
PFG_MOEA,346,4,218.48,880.23,0 93 9 100 8 7 46 0,
PFG_MOEA,346,5,218.48,880.23,0 28 69 47 38 44 59 26 10 89 96 83 11 14 73 0,26
PFG_MOEA,346,6,218.48,880.23,0 5 29 90 65 6 87 52 60 61 97 75 55 76 42 81 57 95 41 12 27 13 0,29 42
PFG_MOEA,347,1,198.33,1121.84,0 13 27 12 41 95 78 64 30 15 71 35 40 16 18 19 31 17 20 91 0,
PFG_MOEA,347,2,198.33,1121.84,0 50 48 92 22 23 84 39 56 68 37 33 21 34 43 0,
PFG_MOEA,347,3,198.33,1121.84,0 4 80 53 66 94 49 51 45 24 79 32 54 36 3 1 99 2 25 0,2
PFG_MOEA,347,4,198.33,1121.84,0 62 77 58 82 86 67 72 70 93 9 100 8 7 46 28 69 47 0,58 93
PFG_MOEA,347,5,198.33,1121.84,0 73 98 85 88 63 74 14 11 83 96 44 38 59 26 10 89 5 29 90 0,11 26 63 98
PFG_MOEA,347,6,198.33,1121.84,0 65 6 87 52 60 61 97 75 55 76 42 81 57 0,
PFG_MOEA,348,1,205.55,1025.13,0 81 57 95 41 15 30 64 78 74 63 88 85 98 71 35 40 16 18 19 17 31 0,78
PFG_MOEA,348,2,205.55,1025.13,0 20 91 21 33 37 68 56 39 84 23 22 1 99 34 43 92 53 80 4 0,99
PFG_MOEA,348,3,205.55,1025.13,0 66 94 3 36 54 70 72 67 32 49 51 45 24 0,
PFG_MOEA,348,4,205.55,1025.13,0 77 58 82 86 62 48 50 25 2 12 73 14 11 83 96 59 26 89 10 0,12 26 83
PFG_MOEA,348,5,205.55,1025.13,0 44 38 47 69 28 46 7 75 97 61 60 52 87 6 65 90 29 5 79 0,
PFG_MOEA,348,6,205.55,1025.13,0 13 27 8 100 93 9 55 76 42 0,76
PFG_MOEA,349,1,201.36,1069.24,0 27 12 73 14 11 83 96 26 10 89 59 44 38 47 69 28 46 0,83
PFG_MOEA,349,2,201.36,1069.24,0 7 30 15 71 35 40 16 18 19 31 17 20 91 0,31
PFG_MOEA,349,3,201.36,1069.24,0 25 2 99 34 43 92 1 84 23 22 70 72 67 86 82 58 77 50 0,
PFG_MOEA,349,4,201.36,1069.24,0 4 80 53 66 54 36 3 39 56 68 37 33 21 62 48 0,36 62
PFG_MOEA,349,5,201.36,1069.24,0 24 45 94 49 32 51 79 5 29 90 65 6 87 52 60 61 97 0,
PFG_MOEA,349,6,201.36,1069.24,0 42 76 9 55 75 81 93 100 8 57 95 41 98 85 88 63 74 78 64 13 0,42 88
PFG_MOEA,350,1,235.98,829.78,0 20 91 21 33 37 68 56 39 84 23 22 1 34 43 92 0,34
PFG_MOEA,350,2,235.98,829.78,0 99 0,99
PFG_MOEA,350,3,235.98,829.78,0 4 80 53 66 94 45 24 51 49 32 3 36 54 70 72 67 86 82 58 77 62 48 50 25 2 0,
PFG_MOEA,350,4,235.98,829.78,0 12 73 14 11 83 96 26 10 89 59 44 38 47 69 28 46 7 0,26
PFG_MOEA,350,5,235.98,829.78,0 79 5 29 90 65 6 87 52 60 61 97 75 13 27 0,
PFG_MOEA,350,6,235.98,829.78,0 8 100 93 9 55 76 42 81 57 95 41 98 85 88 63 74 78 64 30 15 71 35 31 17 40 16 18 19 0,42 64
PFG_MOEA,351,1,199.67,1096.55,0 5 29 90 65 6 87 52 60 61 97 75 7 14 73 12 99 2 25 50 48 0,6 52
PFG_MOEA,351,2,199.67,1096.55,0 24 79 51 45 94 49 32 36 54 70 72 67 86 82 3 62 0,
PFG_MOEA,351,3,199.67,1096.55,0 4 80 53 66 58 77 46 28 69 47 38 44 59 89 10 26 96 0,69
PFG_MOEA,351,4,199.67,1096.55,0 8 100 93 81 55 9 76 42 83 11 98 41 95 57 0,
PFG_MOEA,351,5,199.67,1096.55,0 20 91 21 33 37 18 16 40 35 71 15 30 64 78 74 63 88 85 0,63
PFG_MOEA,351,6,199.67,1096.55,0 92 43 34 1 22 23 84 39 56 68 19 17 31 27 13 0,31
PFG_MOEA,352,1,218.48,880.23,0 98 85 88 63 74 78 64 30 15 71 35 40 16 18 19 31 17 20 91 34 43 48 0,43 98
PFG_MOEA,352,2,218.48,880.23,0 50 92 21 33 37 68 56 39 84 23 22 1 99 2 25 0,99
PFG_MOEA,352,3,218.48,880.23,0 4 80 53 66 94 49 51 45 24 79 32 3 36 54 70 72 67 86 82 58 77 62 0,
PFG_MOEA,352,4,218.48,880.23,0 93 9 100 8 7 46 0,
PFG_MOEA,352,5,218.48,880.23,0 28 69 47 38 44 59 26 10 89 96 83 11 14 73 0,26
PFG_MOEA,352,6,218.48,880.23,0 5 29 90 65 6 87 52 60 61 97 75 55 76 42 81 57 95 41 12 27 13 0,29 42
PFG_MOEA,353,1,198.33,1121.84,0 13 27 12 41 95 78 64 30 15 71 35 40 16 18 19 31 17 20 91 0,
PFG_MOEA,353,2,198.33,1121.84,0 50 48 92 22 23 84 39 56 68 37 33 21 34 43 0,
PFG_MOEA,353,3,198.33,1121.84,0 4 80 53 66 94 49 51 45 24 79 32 54 36 3 1 99 2 25 0,2
PFG_MOEA,353,4,198.33,1121.84,0 62 77 58 82 86 67 72 70 93 9 100 8 7 46 28 69 47 0,58 93
PFG_MOEA,353,5,198.33,1121.84,0 73 98 85 88 63 74 14 11 83 96 44 38 59 26 10 89 5 29 90 0,11 26 63 98
PFG_MOEA,353,6,198.33,1121.84,0 65 6 87 52 60 61 97 75 55 76 42 81 57 0,
PFG_MOEA,354,1,205.55,1025.13,0 81 57 95 41 15 30 64 78 74 63 88 85 98 71 35 40 16 18 19 17 31 0,78
PFG_MOEA,354,2,205.55,1025.13,0 20 91 21 33 37 68 56 39 84 23 22 1 99 34 43 92 53 80 4 0,99
PFG_MOEA,354,3,205.55,1025.13,0 66 94 3 36 54 70 72 67 32 49 51 45 24 0,
PFG_MOEA,354,4,205.55,1025.13,0 77 58 82 86 62 48 50 25 2 12 73 14 11 83 96 59 26 89 10 0,12 26 83
PFG_MOEA,354,5,205.55,1025.13,0 44 38 47 69 28 46 7 75 97 61 60 52 87 6 65 90 29 5 79 0,
PFG_MOEA,354,6,205.55,1025.13,0 13 27 8 100 93 9 55 76 42 0,76
PFG_MOEA,355,1,201.36,1069.24,0 27 12 73 14 11 83 96 26 10 89 59 44 38 47 69 28 46 0,83
PFG_MOEA,355,2,201.36,1069.24,0 7 30 15 71 35 40 16 18 19 31 17 20 91 0,31
PFG_MOEA,355,3,201.36,1069.24,0 25 2 99 34 43 92 1 84 23 22 70 72 67 86 82 58 77 50 0,
PFG_MOEA,355,4,201.36,1069.24,0 4 80 53 66 54 36 3 39 56 68 37 33 21 62 48 0,36 62
PFG_MOEA,355,5,201.36,1069.24,0 24 45 94 49 32 51 79 5 29 90 65 6 87 52 60 61 97 0,
PFG_MOEA,355,6,201.36,1069.24,0 42 76 9 55 75 81 93 100 8 57 95 41 98 85 88 63 74 78 64 13 0,42 88
PFG_MOEA,356,1,235.98,829.78,0 20 91 21 33 37 68 56 39 84 23 22 1 34 43 92 0,34
PFG_MOEA,356,2,235.98,829.78,0 99 0,99
PFG_MOEA,356,3,235.98,829.78,0 4 80 53 66 94 45 24 51 49 32 3 36 54 70 72 67 86 82 58 77 62 48 50 25 2 0,
PFG_MOEA,356,4,235.98,829.78,0 12 73 14 11 83 96 26 10 89 59 44 38 47 69 28 46 7 0,26
PFG_MOEA,356,5,235.98,829.78,0 79 5 29 90 65 6 87 52 60 61 97 75 13 27 0,
PFG_MOEA,356,6,235.98,829.78,0 8 100 93 9 55 76 42 81 57 95 41 98 85 88 63 74 78 64 30 15 71 35 31 17 40 16 18 19 0,42 64
PFG_MOEA,357,1,199.67,1096.55,0 5 29 90 65 6 87 52 60 61 97 75 7 14 73 12 99 2 25 50 48 0,6 52
PFG_MOEA,357,2,199.67,1096.55,0 24 79 51 45 94 49 32 36 54 70 72 67 86 82 3 62 0,
PFG_MOEA,357,3,199.67,1096.55,0 4 80 53 66 58 77 46 28 69 47 38 44 59 89 10 26 96 0,69
PFG_MOEA,357,4,199.67,1096.55,0 8 100 93 81 55 9 76 42 83 11 98 41 95 57 0,
PFG_MOEA,357,5,199.67,1096.55,0 20 91 21 33 37 18 16 40 35 71 15 30 64 78 74 63 88 85 0,63
PFG_MOEA,357,6,199.67,1096.55,0 92 43 34 1 22 23 84 39 56 68 19 17 31 27 13 0,31
PFG_MOEA,358,1,218.48,880.23,0 98 85 88 63 74 78 64 30 15 71 35 40 16 18 19 31 17 20 91 34 43 48 0,43 98
PFG_MOEA,358,2,218.48,880.23,0 50 92 21 33 37 68 56 39 84 23 22 1 99 2 25 0,99
PFG_MOEA,358,3,218.48,880.23,0 4 80 53 66 94 49 51 45 24 79 32 3 36 54 70 72 67 86 82 58 77 62 0,
PFG_MOEA,358,4,218.48,880.23,0 93 9 100 8 7 46 0,
PFG_MOEA,358,5,218.48,880.23,0 28 69 47 38 44 59 26 10 89 96 83 11 14 73 0,26
PFG_MOEA,358,6,218.48,880.23,0 5 29 90 65 6 87 52 60 61 97 75 55 76 42 81 57 95 41 12 27 13 0,29 42
PFG_MOEA,359,1,198.33,1121.84,0 13 27 12 41 95 78 64 30 15 71 35 40 16 18 19 31 17 20 91 0,
PFG_MOEA,359,2,198.33,1121.84,0 50 48 92 22 23 84 39 56 68 37 33 21 34 43 0,
PFG_MOEA,359,3,198.33,1121.84,0 4 80 53 66 94 49 51 45 24 79 32 54 36 3 1 99 2 25 0,2
PFG_MOEA,359,4,198.33,1121.84,0 62 77 58 82 86 67 72 70 93 9 100 8 7 46 28 69 47 0,58 93
PFG_MOEA,359,5,198.33,1121.84,0 73 98 85 88 63 74 14 11 83 96 44 38 59 26 10 89 5 29 90 0,11 26 63 98
PFG_MOEA,359,6,198.33,1121.84,0 65 6 87 52 60 61 97 75 55 76 42 81 57 0,
PFG_MOEA,360,1,205.55,1025.13,0 81 57 95 41 15 30 64 78 74 63 88 85 98 71 35 40 16 18 19 17 31 0,78
PFG_MOEA,360,2,205.55,1025.13,0 20 91 21 33 37 68 56 39 84 23 22 1 99 34 43 92 53 80 4 0,99
PFG_MOEA,360,3,205.55,1025.13,0 66 94 3 36 54 70 72 67 32 49 51 45 24 0,
PFG_MOEA,360,4,205.55,1025.13,0 77 58 82 86 62 48 50 25 2 12 73 14 11 83 96 59 26 89 10 0,12 26 83
PFG_MOEA,360,5,205.55,1025.13,0 44 38 47 69 28 46 7 75 97 61 60 52 87 6 65 90 29 5 79 0,
PFG_MOEA,360,6,205.55,1025.13,0 13 27 8 100 93 9 55 76 42 0,76
PFG_MOEA,361,1,201.36,1069.24,0 27 12 73 14 11 83 96 26 10 89 59 44 38 47 69 28 46 0,83
PFG_MOEA,361,2,201.36,1069.24,0 7 30 15 71 35 40 16 18 19 31 17 20 91 0,31
PFG_MOEA,361,3,201.36,1069.24,0 25 2 99 34 43 92 1 84 23 22 70 72 67 86 82 58 77 50 0,
PFG_MOEA,361,4,201.36,1069.24,0 4 80 53 66 54 36 3 39 56 68 37 33 21 62 48 0,36 62
PFG_MOEA,361,5,201.36,1069.24,0 24 45 94 49 32 51 79 5 29 90 65 6 87 52 60 61 97 0,
PFG_MOEA,361,6,201.36,1069.24,0 42 76 9 55 75 81 93 100 8 57 95 41 98 85 88 63 74 78 64 13 0,42 88
PFG_MOEA,362,1,235.98,829.78,0 20 91 21 33 37 68 56 39 84 23 22 1 34 43 92 0,34
PFG_MOEA,362,2,235.98,829.78,0 99 0,99
PFG_MOEA,362,3,235.98,829.78,0 4 80 53 66 94 45 24 51 49 32 3 36 54 70 72 67 86 82 58 77 62 48 50 25 2 0,
PFG_MOEA,362,4,235.98,829.78,0 12 73 14 11 83 96 26 10 89 59 44 38 47 69 28 46 7 0,26
PFG_MOEA,362,5,235.98,829.78,0 79 5 29 90 65 6 87 52 60 61 97 75 13 27 0,
PFG_MOEA,362,6,235.98,829.78,0 8 100 93 9 55 76 42 81 57 95 41 98 85 88 63 74 78 64 30 15 71 35 31 17 40 16 18 19 0,42 64
PFG_MOEA,363,1,199.67,1096.55,0 5 29 90 65 6 87 52 60 61 97 75 7 14 73 12 99 2 25 50 48 0,6 52
PFG_MOEA,363,2,199.67,1096.55,0 24 79 51 45 94 49 32 36 54 70 72 67 86 82 3 62 0,
PFG_MOEA,363,3,199.67,1096.55,0 4 80 53 66 58 77 46 28 69 47 38 44 59 89 10 26 96 0,69
PFG_MOEA,363,4,199.67,1096.55,0 8 100 93 81 55 9 76 42 83 11 98 41 95 57 0,
PFG_MOEA,363,5,199.67,1096.55,0 20 91 21 33 37 18 16 40 35 71 15 30 64 78 74 63 88 85 0,63
PFG_MOEA,363,6,199.67,1096.55,0 92 43 34 1 22 23 84 39 56 68 19 17 31 27 13 0,31
PFG_MOEA,364,1,218.48,880.23,0 98 85 88 63 74 78 64 30 15 71 35 40 16 18 19 31 17 20 91 34 43 48 0,43 98
PFG_MOEA,364,2,218.48,880.23,0 50 92 21 33 37 68 56 39 84 23 22 1 99 2 25 0,99
PFG_MOEA,364,3,218.48,880.23,0 4 80 53 66 94 49 51 45 24 79 32 3 36 54 70 72 67 86 82 58 77 62 0,
PFG_MOEA,364,4,218.48,880.23,0 93 9 100 8 7 46 0,
PFG_MOEA,364,5,218.48,880.23,0 28 69 47 38 44 59 26 10 89 96 83 11 14 73 0,26
PFG_MOEA,364,6,218.48,880.23,0 5 29 90 65 6 87 52 60 61 97 75 55 76 42 81 57 95 41 12 27 13 0,29 42
PFG_MOEA,365,1,198.33,1121.84,0 13 27 12 41 95 78 64 30 15 71 35 40 16 18 19 31 17 20 91 0,
PFG_MOEA,365,2,198.33,1121.84,0 50 48 92 22 23 84 39 56 68 37 33 21 34 43 0,
PFG_MOEA,365,3,198.33,1121.84,0 4 80 53 66 94 49 51 45 24 79 32 54 36 3 1 99 2 25 0,2
PFG_MOEA,365,4,198.33,1121.84,0 62 77 58 82 86 67 72 70 93 9 100 8 7 46 28 69 47 0,58 93
PFG_MOEA,365,5,198.33,1121.84,0 73 98 85 88 63 74 14 11 83 96 44 38 59 26 10 89 5 29 90 0,11 26 63 98
PFG_MOEA,365,6,198.33,1121.84,0 65 6 87 52 60 61 97 75 55 76 42 81 57 0,
PFG_MOEA,366,1,205.55,1025.13,0 81 57 95 41 15 30 64 78 74 63 88 85 98 71 35 40 16 18 19 17 31 0,78
PFG_MOEA,366,2,205.55,1025.13,0 20 91 21 33 37 68 56 39 84 23 22 1 99 34 43 92 53 80 4 0,99
PFG_MOEA,366,3,205.55,1025.13,0 66 94 3 36 54 70 72 67 32 49 51 45 24 0,
PFG_MOEA,366,4,205.55,1025.13,0 77 58 82 86 62 48 50 25 2 12 73 14 11 83 96 59 26 89 10 0,12 26 83
PFG_MOEA,366,5,205.55,1025.13,0 44 38 47 69 28 46 7 75 97 61 60 52 87 6 65 90 29 5 79 0,
PFG_MOEA,366,6,205.55,1025.13,0 13 27 8 100 93 9 55 76 42 0,76
PFG_MOEA,367,1,201.36,1069.24,0 27 12 73 14 11 83 96 26 10 89 59 44 38 47 69 28 46 0,83
PFG_MOEA,367,2,201.36,1069.24,0 7 30 15 71 35 40 16 18 19 31 17 20 91 0,31
PFG_MOEA,367,3,201.36,1069.24,0 25 2 99 34 43 92 1 84 23 22 70 72 67 86 82 58 77 50 0,
PFG_MOEA,367,4,201.36,1069.24,0 4 80 53 66 54 36 3 39 56 68 37 33 21 62 48 0,36 62
PFG_MOEA,367,5,201.36,1069.24,0 24 45 94 49 32 51 79 5 29 90 65 6 87 52 60 61 97 0,
PFG_MOEA,367,6,201.36,1069.24,0 42 76 9 55 75 81 93 100 8 57 95 41 98 85 88 63 74 78 64 13 0,42 88
PFG_MOEA,368,1,235.98,829.78,0 20 91 21 33 37 68 56 39 84 23 22 1 34 43 92 0,34
PFG_MOEA,368,2,235.98,829.78,0 99 0,99
PFG_MOEA,368,3,235.98,829.78,0 4 80 53 66 94 45 24 51 49 32 3 36 54 70 72 67 86 82 58 77 62 48 50 25 2 0,
PFG_MOEA,368,4,235.98,829.78,0 12 73 14 11 83 96 26 10 89 59 44 38 47 69 28 46 7 0,26
PFG_MOEA,368,5,235.98,829.78,0 79 5 29 90 65 6 87 52 60 61 97 75 13 27 0,
PFG_MOEA,368,6,235.98,829.78,0 8 100 93 9 55 76 42 81 57 95 41 98 85 88 63 74 78 64 30 15 71 35 31 17 40 16 18 19 0,42 64
PFG_MOEA,369,1,199.67,1096.55,0 5 29 90 65 6 87 52 60 61 97 75 7 14 73 12 99 2 25 50 48 0,6 52
PFG_MOEA,369,2,199.67,1096.55,0 24 79 51 45 94 49 32 36 54 70 72 67 86 82 3 62 0,
PFG_MOEA,369,3,199.67,1096.55,0 4 80 53 66 58 77 46 28 69 47 38 44 59 89 10 26 96 0,69
PFG_MOEA,369,4,199.67,1096.55,0 8 100 93 81 55 9 76 42 83 11 98 41 95 57 0,
PFG_MOEA,369,5,199.67,1096.55,0 20 91 21 33 37 18 16 40 35 71 15 30 64 78 74 63 88 85 0,63
PFG_MOEA,369,6,199.67,1096.55,0 92 43 34 1 22 23 84 39 56 68 19 17 31 27 13 0,31
PFG_MOEA,370,1,218.48,880.23,0 98 85 88 63 74 78 64 30 15 71 35 40 16 18 19 31 17 20 91 34 43 48 0,43 98
PFG_MOEA,370,2,218.48,880.23,0 50 92 21 33 37 68 56 39 84 23 22 1 99 2 25 0,99
PFG_MOEA,370,3,218.48,880.23,0 4 80 53 66 94 49 51 45 24 79 32 3 36 54 70 72 67 86 82 58 77 62 0,
PFG_MOEA,370,4,218.48,880.23,0 93 9 100 8 7 46 0,
PFG_MOEA,370,5,218.48,880.23,0 28 69 47 38 44 59 26 10 89 96 83 11 14 73 0,26
PFG_MOEA,370,6,218.48,880.23,0 5 29 90 65 6 87 52 60 61 97 75 55 76 42 81 57 95 41 12 27 13 0,29 42
PFG_MOEA,371,1,198.33,1121.84,0 13 27 12 41 95 78 64 30 15 71 35 40 16 18 19 31 17 20 91 0,
PFG_MOEA,371,2,198.33,1121.84,0 50 48 92 22 23 84 39 56 68 37 33 21 34 43 0,
PFG_MOEA,371,3,198.33,1121.84,0 4 80 53 66 94 49 51 45 24 79 32 54 36 3 1 99 2 25 0,2
PFG_MOEA,371,4,198.33,1121.84,0 62 77 58 82 86 67 72 70 93 9 100 8 7 46 28 69 47 0,58 93
PFG_MOEA,371,5,198.33,1121.84,0 73 98 85 88 63 74 14 11 83 96 44 38 59 26 10 89 5 29 90 0,11 26 63 98
PFG_MOEA,371,6,198.33,1121.84,0 65 6 87 52 60 61 97 75 55 76 42 81 57 0,
PFG_MOEA,372,1,205.55,1025.13,0 81 57 95 41 15 30 64 78 74 63 88 85 98 71 35 40 16 18 19 17 31 0,78
PFG_MOEA,372,2,205.55,1025.13,0 20 91 21 33 37 68 56 39 84 23 22 1 99 34 43 92 53 80 4 0,99
PFG_MOEA,372,3,205.55,1025.13,0 66 94 3 36 54 70 72 67 32 49 51 45 24 0,
PFG_MOEA,372,4,205.55,1025.13,0 77 58 82 86 62 48 50 25 2 12 73 14 11 83 96 59 26 89 10 0,12 26 83
PFG_MOEA,372,5,205.55,1025.13,0 44 38 47 69 28 46 7 75 97 61 60 52 87 6 65 90 29 5 79 0,
PFG_MOEA,372,6,205.55,1025.13,0 13 27 8 100 93 9 55 76 42 0,76
PFG_MOEA,373,1,201.36,1069.24,0 27 12 73 14 11 83 96 26 10 89 59 44 38 47 69 28 46 0,83
PFG_MOEA,373,2,201.36,1069.24,0 7 30 15 71 35 40 16 18 19 31 17 20 91 0,31
PFG_MOEA,373,3,201.36,1069.24,0 25 2 99 34 43 92 1 84 23 22 70 72 67 86 82 58 77 50 0,
PFG_MOEA,373,4,201.36,1069.24,0 4 80 53 66 54 36 3 39 56 68 37 33 21 62 48 0,36 62
PFG_MOEA,373,5,201.36,1069.24,0 24 45 94 49 32 51 79 5 29 90 65 6 87 52 60 61 97 0,
PFG_MOEA,373,6,201.36,1069.24,0 42 76 9 55 75 81 93 100 8 57 95 41 98 85 88 63 74 78 64 13 0,42 88
PFG_MOEA,374,1,235.98,829.78,0 20 91 21 33 37 68 56 39 84 23 22 1 34 43 92 0,34
PFG_MOEA,374,2,235.98,829.78,0 99 0,99
PFG_MOEA,374,3,235.98,829.78,0 4 80 53 66 94 45 24 51 49 32 3 36 54 70 72 67 86 82 58 77 62 48 50 25 2 0,
PFG_MOEA,374,4,235.98,829.78,0 12 73 14 11 83 96 26 10 89 59 44 38 47 69 28 46 7 0,26
PFG_MOEA,374,5,235.98,829.78,0 79 5 29 90 65 6 87 52 60 61 97 75 13 27 0,
PFG_MOEA,374,6,235.98,829.78,0 8 100 93 9 55 76 42 81 57 95 41 98 85 88 63 74 78 64 30 15 71 35 31 17 40 16 18 19 0,42 64
PFG_MOEA,375,1,199.67,1096.55,0 5 29 90 65 6 87 52 60 61 97 75 7 14 73 12 99 2 25 50 48 0,6 52
PFG_MOEA,375,2,199.67,1096.55,0 24 79 51 45 94 49 32 36 54 70 72 67 86 82 3 62 0,
PFG_MOEA,375,3,199.67,1096.55,0 4 80 53 66 58 77 46 28 69 47 38 44 59 89 10 26 96 0,69
PFG_MOEA,375,4,199.67,1096.55,0 8 100 93 81 55 9 76 42 83 11 98 41 95 57 0,
PFG_MOEA,375,5,199.67,1096.55,0 20 91 21 33 37 18 16 40 35 71 15 30 64 78 74 63 88 85 0,63
PFG_MOEA,375,6,199.67,1096.55,0 92 43 34 1 22 23 84 39 56 68 19 17 31 27 13 0,31
PFG_MOEA,376,1,218.48,880.23,0 98 85 88 63 74 78 64 30 15 71 35 40 16 18 19 31 17 20 91 34 43 48 0,43 98
PFG_MOEA,376,2,218.48,880.23,0 50 92 21 33 37 68 56 39 84 23 22 1 99 2 25 0,99
PFG_MOEA,376,3,218.48,880.23,0 4 80 53 66 94 49 51 45 24 79 32 3 36 54 70 72 67 86 82 58 77 62 0,
PFG_MOEA,376,4,218.48,880.23,0 93 9 100 8 7 46 0,
PFG_MOEA,376,5,218.48,880.23,0 28 69 47 38 44 59 26 10 89 96 83 11 14 73 0,26
PFG_MOEA,376,6,218.48,880.23,0 5 29 90 65 6 87 52 60 61 97 75 55 76 42 81 57 95 41 12 27 13 0,29 42
PFG_MOEA,377,1,198.33,1121.84,0 13 27 12 41 95 78 64 30 15 71 35 40 16 18 19 31 17 20 91 0,
PFG_MOEA,377,2,198.33,1121.84,0 50 48 92 22 23 84 39 56 68 37 33 21 34 43 0,
PFG_MOEA,377,3,198.33,1121.84,0 4 80 53 66 94 49 51 45 24 79 32 54 36 3 1 99 2 25 0,2
PFG_MOEA,377,4,198.33,1121.84,0 62 77 58 82 86 67 72 70 93 9 100 8 7 46 28 69 47 0,58 93
PFG_MOEA,377,5,198.33,1121.84,0 73 98 85 88 63 74 14 11 83 96 44 38 59 26 10 89 5 29 90 0,11 26 63 98
PFG_MOEA,377,6,198.33,1121.84,0 65 6 87 52 60 61 97 75 55 76 42 81 57 0,
PFG_MOEA,378,1,205.55,1025.13,0 81 57 95 41 15 30 64 78 74 63 88 85 98 71 35 40 16 18 19 17 31 0,78
PFG_MOEA,378,2,205.55,1025.13,0 20 91 21 33 37 68 56 39 84 23 22 1 99 34 43 92 53 80 4 0,99
PFG_MOEA,378,3,205.55,1025.13,0 66 94 3 36 54 70 72 67 32 49 51 45 24 0,
PFG_MOEA,378,4,205.55,1025.13,0 77 58 82 86 62 48 50 25 2 12 73 14 11 83 96 59 26 89 10 0,12 26 83
PFG_MOEA,378,5,205.55,1025.13,0 44 38 47 69 28 46 7 75 97 61 60 52 87 6 65 90 29 5 79 0,
PFG_MOEA,378,6,205.55,1025.13,0 13 27 8 100 93 9 55 76 42 0,76
PFG_MOEA,379,1,201.36,1069.24,0 27 12 73 14 11 83 96 26 10 89 59 44 38 47 69 28 46 0,83
PFG_MOEA,379,2,201.36,1069.24,0 7 30 15 71 35 40 16 18 19 31 17 20 91 0,31
PFG_MOEA,379,3,201.36,1069.24,0 25 2 99 34 43 92 1 84 23 22 70 72 67 86 82 58 77 50 0,
PFG_MOEA,379,4,201.36,1069.24,0 4 80 53 66 54 36 3 39 56 68 37 33 21 62 48 0,36 62
PFG_MOEA,379,5,201.36,1069.24,0 24 45 94 49 32 51 79 5 29 90 65 6 87 52 60 61 97 0,
PFG_MOEA,379,6,201.36,1069.24,0 42 76 9 55 75 81 93 100 8 57 95 41 98 85 88 63 74 78 64 13 0,42 88
PFG_MOEA,380,1,235.98,829.78,0 20 91 21 33 37 68 56 39 84 23 22 1 34 43 92 0,34
PFG_MOEA,380,2,235.98,829.78,0 99 0,99
PFG_MOEA,380,3,235.98,829.78,0 4 80 53 66 94 45 24 51 49 32 3 36 54 70 72 67 86 82 58 77 62 48 50 25 2 0,
PFG_MOEA,380,4,235.98,829.78,0 12 73 14 11 83 96 26 10 89 59 44 38 47 69 28 46 7 0,26
PFG_MOEA,380,5,235.98,829.78,0 79 5 29 90 65 6 87 52 60 61 97 75 13 27 0,
PFG_MOEA,380,6,235.98,829.78,0 8 100 93 9 55 76 42 81 57 95 41 98 85 88 63 74 78 64 30 15 71 35 31 17 40 16 18 19 0,42 64
PFG_MOEA,381,1,199.67,1096.55,0 5 29 90 65 6 87 52 60 61 97 75 7 14 73 12 99 2 25 50 48 0,6 52
PFG_MOEA,381,2,199.67,1096.55,0 24 79 51 45 94 49 32 36 54 70 72 67 86 82 3 62 0,
PFG_MOEA,381,3,199.67,1096.55,0 4 80 53 66 58 77 46 28 69 47 38 44 59 89 10 26 96 0,69
PFG_MOEA,381,4,199.67,1096.55,0 8 100 93 81 55 9 76 42 83 11 98 41 95 57 0,
PFG_MOEA,381,5,199.67,1096.55,0 20 91 21 33 37 18 16 40 35 71 15 30 64 78 74 63 88 85 0,63
PFG_MOEA,381,6,199.67,1096.55,0 92 43 34 1 22 23 84 39 56 68 19 17 31 27 13 0,31
PFG_MOEA,382,1,218.48,880.23,0 98 85 88 63 74 78 64 30 15 71 35 40 16 18 19 31 17 20 91 34 43 48 0,43 98
PFG_MOEA,382,2,218.48,880.23,0 50 92 21 33 37 68 56 39 84 23 22 1 99 2 25 0,99
PFG_MOEA,382,3,218.48,880.23,0 4 80 53 66 94 49 51 45 24 79 32 3 36 54 70 72 67 86 82 58 77 62 0,
PFG_MOEA,382,4,218.48,880.23,0 93 9 100 8 7 46 0,
PFG_MOEA,382,5,218.48,880.23,0 28 69 47 38 44 59 26 10 89 96 83 11 14 73 0,26
PFG_MOEA,382,6,218.48,880.23,0 5 29 90 65 6 87 52 60 61 97 75 55 76 42 81 57 95 41 12 27 13 0,29 42
PFG_MOEA,383,1,198.33,1121.84,0 13 27 12 41 95 78 64 30 15 71 35 40 16 18 19 31 17 20 91 0,
PFG_MOEA,383,2,198.33,1121.84,0 50 48 92 22 23 84 39 56 68 37 33 21 34 43 0,
PFG_MOEA,383,3,198.33,1121.84,0 4 80 53 66 94 49 51 45 24 79 32 54 36 3 1 99 2 25 0,2
PFG_MOEA,383,4,198.33,1121.84,0 62 77 58 82 86 67 72 70 93 9 100 8 7 46 28 69 47 0,58 93
PFG_MOEA,383,5,198.33,1121.84,0 73 98 85 88 63 74 14 11 83 96 44 38 59 26 10 89 5 29 90 0,11 26 63 98
PFG_MOEA,383,6,198.33,1121.84,0 65 6 87 52 60 61 97 75 55 76 42 81 57 0,
PFG_MOEA,384,1,205.55,1025.13,0 81 57 95 41 15 30 64 78 74 63 88 85 98 71 35 40 16 18 19 17 31 0,78
PFG_MOEA,384,2,205.55,1025.13,0 20 91 21 33 37 68 56 39 84 23 22 1 99 34 43 92 53 80 4 0,99
PFG_MOEA,384,3,205.55,1025.13,0 66 94 3 36 54 70 72 67 32 49 51 45 24 0,
PFG_MOEA,384,4,205.55,1025.13,0 77 58 82 86 62 48 50 25 2 12 73 14 11 83 96 59 26 89 10 0,12 26 83
PFG_MOEA,384,5,205.55,1025.13,0 44 38 47 69 28 46 7 75 97 61 60 52 87 6 65 90 29 5 79 0,
PFG_MOEA,384,6,205.55,1025.13,0 13 27 8 100 93 9 55 76 42 0,76
PFG_MOEA,385,1,201.36,1069.24,0 27 12 73 14 11 83 96 26 10 89 59 44 38 47 69 28 46 0,83
PFG_MOEA,385,2,201.36,1069.24,0 7 30 15 71 35 40 16 18 19 31 17 20 91 0,31
PFG_MOEA,385,3,201.36,1069.24,0 25 2 99 34 43 92 1 84 23 22 70 72 67 86 82 58 77 50 0,
PFG_MOEA,385,4,201.36,1069.24,0 4 80 53 66 54 36 3 39 56 68 37 33 21 62 48 0,36 62
PFG_MOEA,385,5,201.36,1069.24,0 24 45 94 49 32 51 79 5 29 90 65 6 87 52 60 61 97 0,
PFG_MOEA,385,6,201.36,1069.24,0 42 76 9 55 75 81 93 100 8 57 95 41 98 85 88 63 74 78 64 13 0,42 88
PFG_MOEA,386,1,235.98,829.78,0 20 91 21 33 37 68 56 39 84 23 22 1 34 43 92 0,34
PFG_MOEA,386,2,235.98,829.78,0 99 0,99
PFG_MOEA,386,3,235.98,829.78,0 4 80 53 66 94 45 24 51 49 32 3 36 54 70 72 67 86 82 58 77 62 48 50 25 2 0,
PFG_MOEA,386,4,235.98,829.78,0 12 73 14 11 83 96 26 10 89 59 44 38 47 69 28 46 7 0,26
PFG_MOEA,386,5,235.98,829.78,0 79 5 29 90 65 6 87 52 60 61 97 75 13 27 0,
PFG_MOEA,386,6,235.98,829.78,0 8 100 93 9 55 76 42 81 57 95 41 98 85 88 63 74 78 64 30 15 71 35 31 17 40 16 18 19 0,42 64
PFG_MOEA,387,1,199.67,1096.55,0 5 29 90 65 6 87 52 60 61 97 75 7 14 73 12 99 2 25 50 48 0,6 52
PFG_MOEA,387,2,199.67,1096.55,0 24 79 51 45 94 49 32 36 54 70 72 67 86 82 3 62 0,
PFG_MOEA,387,3,199.67,1096.55,0 4 80 53 66 58 77 46 28 69 47 38 44 59 89 10 26 96 0,69
PFG_MOEA,387,4,199.67,1096.55,0 8 100 93 81 55 9 76 42 83 11 98 41 95 57 0,
PFG_MOEA,387,5,199.67,1096.55,0 20 91 21 33 37 18 16 40 35 71 15 30 64 78 74 63 88 85 0,63
PFG_MOEA,387,6,199.67,1096.55,0 92 43 34 1 22 23 84 39 56 68 19 17 31 27 13 0,31
PFG_MOEA,388,1,218.48,880.23,0 98 85 88 63 74 78 64 30 15 71 35 40 16 18 19 31 17 20 91 34 43 48 0,43 98
PFG_MOEA,388,2,218.48,880.23,0 50 92 21 33 37 68 56 39 84 23 22 1 99 2 25 0,99
PFG_MOEA,388,3,218.48,880.23,0 4 80 53 66 94 49 51 45 24 79 32 3 36 54 70 72 67 86 82 58 77 62 0,
PFG_MOEA,388,4,218.48,880.23,0 93 9 100 8 7 46 0,
PFG_MOEA,388,5,218.48,880.23,0 28 69 47 38 44 59 26 10 89 96 83 11 14 73 0,26
PFG_MOEA,388,6,218.48,880.23,0 5 29 90 65 6 87 52 60 61 97 75 55 76 42 81 57 95 41 12 27 13 0,29 42
PFG_MOEA,389,1,198.33,1121.84,0 13 27 12 41 95 78 64 30 15 71 35 40 16 18 19 31 17 20 91 0,
PFG_MOEA,389,2,198.33,1121.84,0 50 48 92 22 23 84 39 56 68 37 33 21 34 43 0,
PFG_MOEA,389,3,198.33,1121.84,0 4 80 53 66 94 49 51 45 24 79 32 54 36 3 1 99 2 25 0,2
PFG_MOEA,389,4,198.33,1121.84,0 62 77 58 82 86 67 72 70 93 9 100 8 7 46 28 69 47 0,58 93
PFG_MOEA,389,5,198.33,1121.84,0 73 98 85 88 63 74 14 11 83 96 44 38 59 26 10 89 5 29 90 0,11 26 63 98
PFG_MOEA,389,6,198.33,1121.84,0 65 6 87 52 60 61 97 75 55 76 42 81 57 0,
PFG_MOEA,390,1,205.55,1025.13,0 81 57 95 41 15 30 64 78 74 63 88 85 98 71 35 40 16 18 19 17 31 0,78
PFG_MOEA,390,2,205.55,1025.13,0 20 91 21 33 37 68 56 39 84 23 22 1 99 34 43 92 53 80 4 0,99
PFG_MOEA,390,3,205.55,1025.13,0 66 94 3 36 54 70 72 67 32 49 51 45 24 0,
PFG_MOEA,390,4,205.55,1025.13,0 77 58 82 86 62 48 50 25 2 12 73 14 11 83 96 59 26 89 10 0,12 26 83
PFG_MOEA,390,5,205.55,1025.13,0 44 38 47 69 28 46 7 75 97 61 60 52 87 6 65 90 29 5 79 0,
PFG_MOEA,390,6,205.55,1025.13,0 13 27 8 100 93 9 55 76 42 0,76
PFG_MOEA,391,1,201.36,1069.24,0 27 12 73 14 11 83 96 26 10 89 59 44 38 47 69 28 46 0,83
PFG_MOEA,391,2,201.36,1069.24,0 7 30 15 71 35 40 16 18 19 31 17 20 91 0,31
PFG_MOEA,391,3,201.36,1069.24,0 25 2 99 34 43 92 1 84 23 22 70 72 67 86 82 58 77 50 0,
PFG_MOEA,391,4,201.36,1069.24,0 4 80 53 66 54 36 3 39 56 68 37 33 21 62 48 0,36 62
PFG_MOEA,391,5,201.36,1069.24,0 24 45 94 49 32 51 79 5 29 90 65 6 87 52 60 61 97 0,
PFG_MOEA,391,6,201.36,1069.24,0 42 76 9 55 75 81 93 100 8 57 95 41 98 85 88 63 74 78 64 13 0,42 88
PFG_MOEA,392,1,235.98,829.78,0 20 91 21 33 37 68 56 39 84 23 22 1 34 43 92 0,34
PFG_MOEA,392,2,235.98,829.78,0 99 0,99
PFG_MOEA,392,3,235.98,829.78,0 4 80 53 66 94 45 24 51 49 32 3 36 54 70 72 67 86 82 58 77 62 48 50 25 2 0,
PFG_MOEA,392,4,235.98,829.78,0 12 73 14 11 83 96 26 10 89 59 44 38 47 69 28 46 7 0,26
PFG_MOEA,392,5,235.98,829.78,0 79 5 29 90 65 6 87 52 60 61 97 75 13 27 0,
PFG_MOEA,392,6,235.98,829.78,0 8 100 93 9 55 76 42 81 57 95 41 98 85 88 63 74 78 64 30 15 71 35 31 17 40 16 18 19 0,42 64
PFG_MOEA,393,1,199.67,1096.55,0 5 29 90 65 6 87 52 60 61 97 75 7 14 73 12 99 2 25 50 48 0,6 52
PFG_MOEA,393,2,199.67,1096.55,0 24 79 51 45 94 49 32 36 54 70 72 67 86 82 3 62 0,
PFG_MOEA,393,3,199.67,1096.55,0 4 80 53 66 58 77 46 28 69 47 38 44 59 89 10 26 96 0,69
PFG_MOEA,393,4,199.67,1096.55,0 8 100 93 81 55 9 76 42 83 11 98 41 95 57 0,
PFG_MOEA,393,5,199.67,1096.55,0 20 91 21 33 37 18 16 40 35 71 15 30 64 78 74 63 88 85 0,63
PFG_MOEA,393,6,199.67,1096.55,0 92 43 34 1 22 23 84 39 56 68 19 17 31 27 13 0,31
PFG_MOEA,394,1,218.48,880.23,0 98 85 88 63 74 78 64 30 15 71 35 40 16 18 19 31 17 20 91 34 43 48 0,43 98
PFG_MOEA,394,2,218.48,880.23,0 50 92 21 33 37 68 56 39 84 23 22 1 99 2 25 0,99
PFG_MOEA,394,3,218.48,880.23,0 4 80 53 66 94 49 51 45 24 79 32 3 36 54 70 72 67 86 82 58 77 62 0,
PFG_MOEA,394,4,218.48,880.23,0 93 9 100 8 7 46 0,
PFG_MOEA,394,5,218.48,880.23,0 28 69 47 38 44 59 26 10 89 96 83 11 14 73 0,26
PFG_MOEA,394,6,218.48,880.23,0 5 29 90 65 6 87 52 60 61 97 75 55 76 42 81 57 95 41 12 27 13 0,29 42
PFG_MOEA,395,1,198.33,1121.84,0 13 27 12 41 95 78 64 30 15 71 35 40 16 18 19 31 17 20 91 0,
PFG_MOEA,395,2,198.33,1121.84,0 50 48 92 22 23 84 39 56 68 37 33 21 34 43 0,
PFG_MOEA,395,3,198.33,1121.84,0 4 80 53 66 94 49 51 45 24 79 32 54 36 3 1 99 2 25 0,2
PFG_MOEA,395,4,198.33,1121.84,0 62 77 58 82 86 67 72 70 93 9 100 8 7 46 28 69 47 0,58 93
PFG_MOEA,395,5,198.33,1121.84,0 73 98 85 88 63 74 14 11 83 96 44 38 59 26 10 89 5 29 90 0,11 26 63 98
PFG_MOEA,395,6,198.33,1121.84,0 65 6 87 52 60 61 97 75 55 76 42 81 57 0,
PFG_MOEA,396,1,205.55,1025.13,0 81 57 95 41 15 30 64 78 74 63 88 85 98 71 35 40 16 18 19 17 31 0,78
PFG_MOEA,396,2,205.55,1025.13,0 20 91 21 33 37 68 56 39 84 23 22 1 99 34 43 92 53 80 4 0,99
PFG_MOEA,396,3,205.55,1025.13,0 66 94 3 36 54 70 72 67 32 49 51 45 24 0,
PFG_MOEA,396,4,205.55,1025.13,0 77 58 82 86 62 48 50 25 2 12 73 14 11 83 96 59 26 89 10 0,12 26 83
PFG_MOEA,396,5,205.55,1025.13,0 44 38 47 69 28 46 7 75 97 61 60 52 87 6 65 90 29 5 79 0,
PFG_MOEA,396,6,205.55,1025.13,0 13 27 8 100 93 9 55 76 42 0,76
PFG_MOEA,397,1,201.36,1069.24,0 27 12 73 14 11 83 96 26 10 89 59 44 38 47 69 28 46 0,83
PFG_MOEA,397,2,201.36,1069.24,0 7 30 15 71 35 40 16 18 19 31 17 20 91 0,31
PFG_MOEA,397,3,201.36,1069.24,0 25 2 99 34 43 92 1 84 23 22 70 72 67 86 82 58 77 50 0,
PFG_MOEA,397,4,201.36,1069.24,0 4 80 53 66 54 36 3 39 56 68 37 33 21 62 48 0,36 62
PFG_MOEA,397,5,201.36,1069.24,0 24 45 94 49 32 51 79 5 29 90 65 6 87 52 60 61 97 0,
PFG_MOEA,397,6,201.36,1069.24,0 42 76 9 55 75 81 93 100 8 57 95 41 98 85 88 63 74 78 64 13 0,42 88
PFG_MOEA,398,1,235.98,829.78,0 20 91 21 33 37 68 56 39 84 23 22 1 34 43 92 0,34
PFG_MOEA,398,2,235.98,829.78,0 99 0,99
PFG_MOEA,398,3,235.98,829.78,0 4 80 53 66 94 45 24 51 49 32 3 36 54 70 72 67 86 82 58 77 62 48 50 25 2 0,
PFG_MOEA,398,4,235.98,829.78,0 12 73 14 11 83 96 26 10 89 59 44 38 47 69 28 46 7 0,26
PFG_MOEA,398,5,235.98,829.78,0 79 5 29 90 65 6 87 52 60 61 97 75 13 27 0,
PFG_MOEA,398,6,235.98,829.78,0 8 100 93 9 55 76 42 81 57 95 41 98 85 88 63 74 78 64 30 15 71 35 31 17 40 16 18 19 0,42 64
PFG_MOEA,399,1,199.67,1096.55,0 5 29 90 65 6 87 52 60 61 97 75 7 14 73 12 99 2 25 50 48 0,6 52
PFG_MOEA,399,2,199.67,1096.55,0 24 79 51 45 94 49 32 36 54 70 72 67 86 82 3 62 0,
PFG_MOEA,399,3,199.67,1096.55,0 4 80 53 66 58 77 46 28 69 47 38 44 59 89 10 26 96 0,69
PFG_MOEA,399,4,199.67,1096.55,0 8 100 93 81 55 9 76 42 83 11 98 41 95 57 0,
PFG_MOEA,399,5,199.67,1096.55,0 20 91 21 33 37 18 16 40 35 71 15 30 64 78 74 63 88 85 0,63
PFG_MOEA,399,6,199.67,1096.55,0 92 43 34 1 22 23 84 39 56 68 19 17 31 27 13 0,31
PFG_MOEA,400,1,218.48,880.23,0 98 85 88 63 74 78 64 30 15 71 35 40 16 18 19 31 17 20 91 34 43 48 0,43 98
PFG_MOEA,400,2,218.48,880.23,0 50 92 21 33 37 68 56 39 84 23 22 1 99 2 25 0,99
PFG_MOEA,400,3,218.48,880.23,0 4 80 53 66 94 49 51 45 24 79 32 3 36 54 70 72 67 86 82 58 77 62 0,
PFG_MOEA,400,4,218.48,880.23,0 93 9 100 8 7 46 0,
PFG_MOEA,400,5,218.48,880.23,0 28 69 47 38 44 59 26 10 89 96 83 11 14 73 0,26
PFG_MOEA,400,6,218.48,880.23,0 5 29 90 65 6 87 52 60 61 97 75 55 76 42 81 57 95 41 12 27 13 0,29 42
PFG_MOEA,401,1,198.33,1121.84,0 13 27 12 41 95 78 64 30 15 71 35 40 16 18 19 31 17 20 91 0,
PFG_MOEA,401,2,198.33,1121.84,0 50 48 92 22 23 84 39 56 68 37 33 21 34 43 0,
PFG_MOEA,401,3,198.33,1121.84,0 4 80 53 66 94 49 51 45 24 79 32 54 36 3 1 99 2 25 0,2
PFG_MOEA,401,4,198.33,1121.84,0 62 77 58 82 86 67 72 70 93 9 100 8 7 46 28 69 47 0,58 93
PFG_MOEA,401,5,198.33,1121.84,0 73 98 85 88 63 74 14 11 83 96 44 38 59 26 10 89 5 29 90 0,11 26 63 98
PFG_MOEA,401,6,198.33,1121.84,0 65 6 87 52 60 61 97 75 55 76 42 81 57 0,
PFG_MOEA,402,1,205.55,1025.13,0 81 57 95 41 15 30 64 78 74 63 88 85 98 71 35 40 16 18 19 17 31 0,78
PFG_MOEA,402,2,205.55,1025.13,0 20 91 21 33 37 68 56 39 84 23 22 1 99 34 43 92 53 80 4 0,99
PFG_MOEA,402,3,205.55,1025.13,0 66 94 3 36 54 70 72 67 32 49 51 45 24 0,
PFG_MOEA,402,4,205.55,1025.13,0 77 58 82 86 62 48 50 25 2 12 73 14 11 83 96 59 26 89 10 0,12 26 83
PFG_MOEA,402,5,205.55,1025.13,0 44 38 47 69 28 46 7 75 97 61 60 52 87 6 65 90 29 5 79 0,
PFG_MOEA,402,6,205.55,1025.13,0 13 27 8 100 93 9 55 76 42 0,76
PFG_MOEA,403,1,201.36,1069.24,0 27 12 73 14 11 83 96 26 10 89 59 44 38 47 69 28 46 0,83
PFG_MOEA,403,2,201.36,1069.24,0 7 30 15 71 35 40 16 18 19 31 17 20 91 0,31
PFG_MOEA,403,3,201.36,1069.24,0 25 2 99 34 43 92 1 84 23 22 70 72 67 86 82 58 77 50 0,
PFG_MOEA,403,4,201.36,1069.24,0 4 80 53 66 54 36 3 39 56 68 37 33 21 62 48 0,36 62
PFG_MOEA,403,5,201.36,1069.24,0 24 45 94 49 32 51 79 5 29 90 65 6 87 52 60 61 97 0,
PFG_MOEA,403,6,201.36,1069.24,0 42 76 9 55 75 81 93 100 8 57 95 41 98 85 88 63 74 78 64 13 0,42 88
PFG_MOEA,404,1,235.98,829.78,0 20 91 21 33 37 68 56 39 84 23 22 1 34 43 92 0,34
PFG_MOEA,404,2,235.98,829.78,0 99 0,99
PFG_MOEA,404,3,235.98,829.78,0 4 80 53 66 94 45 24 51 49 32 3 36 54 70 72 67 86 82 58 77 62 48 50 25 2 0,
PFG_MOEA,404,4,235.98,829.78,0 12 73 14 11 83 96 26 10 89 59 44 38 47 69 28 46 7 0,26
PFG_MOEA,404,5,235.98,829.78,0 79 5 29 90 65 6 87 52 60 61 97 75 13 27 0,
PFG_MOEA,404,6,235.98,829.78,0 8 100 93 9 55 76 42 81 57 95 41 98 85 88 63 74 78 64 30 15 71 35 31 17 40 16 18 19 0,42 64
PFG_MOEA,405,1,199.67,1096.55,0 5 29 90 65 6 87 52 60 61 97 75 7 14 73 12 99 2 25 50 48 0,6 52
PFG_MOEA,405,2,199.67,1096.55,0 24 79 51 45 94 49 32 36 54 70 72 67 86 82 3 62 0,
PFG_MOEA,405,3,199.67,1096.55,0 4 80 53 66 58 77 46 28 69 47 38 44 59 89 10 26 96 0,69
PFG_MOEA,405,4,199.67,1096.55,0 8 100 93 81 55 9 76 42 83 11 98 41 95 57 0,
PFG_MOEA,405,5,199.67,1096.55,0 20 91 21 33 37 18 16 40 35 71 15 30 64 78 74 63 88 85 0,63
PFG_MOEA,405,6,199.67,1096.55,0 92 43 34 1 22 23 84 39 56 68 19 17 31 27 13 0,31
PFG_MOEA,406,1,218.48,880.23,0 98 85 88 63 74 78 64 30 15 71 35 40 16 18 19 31 17 20 91 34 43 48 0,43 98
PFG_MOEA,406,2,218.48,880.23,0 50 92 21 33 37 68 56 39 84 23 22 1 99 2 25 0,99
PFG_MOEA,406,3,218.48,880.23,0 4 80 53 66 94 49 51 45 24 79 32 3 36 54 70 72 67 86 82 58 77 62 0,
PFG_MOEA,406,4,218.48,880.23,0 93 9 100 8 7 46 0,
PFG_MOEA,406,5,218.48,880.23,0 28 69 47 38 44 59 26 10 89 96 83 11 14 73 0,26
PFG_MOEA,406,6,218.48,880.23,0 5 29 90 65 6 87 52 60 61 97 75 55 76 42 81 57 95 41 12 27 13 0,29 42
PFG_MOEA,407,1,198.33,1121.84,0 13 27 12 41 95 78 64 30 15 71 35 40 16 18 19 31 17 20 91 0,
PFG_MOEA,407,2,198.33,1121.84,0 50 48 92 22 23 84 39 56 68 37 33 21 34 43 0,
PFG_MOEA,407,3,198.33,1121.84,0 4 80 53 66 94 49 51 45 24 79 32 54 36 3 1 99 2 25 0,2
PFG_MOEA,407,4,198.33,1121.84,0 62 77 58 82 86 67 72 70 93 9 100 8 7 46 28 69 47 0,58 93
PFG_MOEA,407,5,198.33,1121.84,0 73 98 85 88 63 74 14 11 83 96 44 38 59 26 10 89 5 29 90 0,11 26 63 98
PFG_MOEA,407,6,198.33,1121.84,0 65 6 87 52 60 61 97 75 55 76 42 81 57 0,
PFG_MOEA,408,1,205.55,1025.13,0 81 57 95 41 15 30 64 78 74 63 88 85 98 71 35 40 16 18 19 17 31 0,78
PFG_MOEA,408,2,205.55,1025.13,0 20 91 21 33 37 68 56 39 84 23 22 1 99 34 43 92 53 80 4 0,99
PFG_MOEA,408,3,205.55,1025.13,0 66 94 3 36 54 70 72 67 32 49 51 45 24 0,
PFG_MOEA,408,4,205.55,1025.13,0 77 58 82 86 62 48 50 25 2 12 73 14 11 83 96 59 26 89 10 0,12 26 83
PFG_MOEA,408,5,205.55,1025.13,0 44 38 47 69 28 46 7 75 97 61 60 52 87 6 65 90 29 5 79 0,
PFG_MOEA,408,6,205.55,1025.13,0 13 27 8 100 93 9 55 76 42 0,76
PFG_MOEA,409,1,201.36,1069.24,0 27 12 73 14 11 83 96 26 10 89 59 44 38 47 69 28 46 0,83
PFG_MOEA,409,2,201.36,1069.24,0 7 30 15 71 35 40 16 18 19 31 17 20 91 0,31
PFG_MOEA,409,3,201.36,1069.24,0 25 2 99 34 43 92 1 84 23 22 70 72 67 86 82 58 77 50 0,
PFG_MOEA,409,4,201.36,1069.24,0 4 80 53 66 54 36 3 39 56 68 37 33 21 62 48 0,36 62
PFG_MOEA,409,5,201.36,1069.24,0 24 45 94 49 32 51 79 5 29 90 65 6 87 52 60 61 97 0,
PFG_MOEA,409,6,201.36,1069.24,0 42 76 9 55 75 81 93 100 8 57 95 41 98 85 88 63 74 78 64 13 0,42 88
PFG_MOEA,410,1,235.98,829.78,0 20 91 21 33 37 68 56 39 84 23 22 1 34 43 92 0,34
PFG_MOEA,410,2,235.98,829.78,0 99 0,99
PFG_MOEA,410,3,235.98,829.78,0 4 80 53 66 94 45 24 51 49 32 3 36 54 70 72 67 86 82 58 77 62 48 50 25 2 0,
PFG_MOEA,410,4,235.98,829.78,0 12 73 14 11 83 96 26 10 89 59 44 38 47 69 28 46 7 0,26
PFG_MOEA,410,5,235.98,829.78,0 79 5 29 90 65 6 87 52 60 61 97 75 13 27 0,
PFG_MOEA,410,6,235.98,829.78,0 8 100 93 9 55 76 42 81 57 95 41 98 85 88 63 74 78 64 30 15 71 35 31 17 40 16 18 19 0,42 64
PFG_MOEA,411,1,199.67,1096.55,0 5 29 90 65 6 87 52 60 61 97 75 7 14 73 12 99 2 25 50 48 0,6 52
PFG_MOEA,411,2,199.67,1096.55,0 24 79 51 45 94 49 32 36 54 70 72 67 86 82 3 62 0,
PFG_MOEA,411,3,199.67,1096.55,0 4 80 53 66 58 77 46 28 69 47 38 44 59 89 10 26 96 0,69
PFG_MOEA,411,4,199.67,1096.55,0 8 100 93 81 55 9 76 42 83 11 98 41 95 57 0,
PFG_MOEA,411,5,199.67,1096.55,0 20 91 21 33 37 18 16 40 35 71 15 30 64 78 74 63 88 85 0,63
PFG_MOEA,411,6,199.67,1096.55,0 92 43 34 1 22 23 84 39 56 68 19 17 31 27 13 0,31
PFG_MOEA,412,1,218.48,880.23,0 98 85 88 63 74 78 64 30 15 71 35 40 16 18 19 31 17 20 91 34 43 48 0,43 98
PFG_MOEA,412,2,218.48,880.23,0 50 92 21 33 37 68 56 39 84 23 22 1 99 2 25 0,99
PFG_MOEA,412,3,218.48,880.23,0 4 80 53 66 94 49 51 45 24 79 32 3 36 54 70 72 67 86 82 58 77 62 0,
PFG_MOEA,412,4,218.48,880.23,0 93 9 100 8 7 46 0,
PFG_MOEA,412,5,218.48,880.23,0 28 69 47 38 44 59 26 10 89 96 83 11 14 73 0,26
PFG_MOEA,412,6,218.48,880.23,0 5 29 90 65 6 87 52 60 61 97 75 55 76 42 81 57 95 41 12 27 13 0,29 42
PFG_MOEA,413,1,198.33,1121.84,0 13 27 12 41 95 78 64 30 15 71 35 40 16 18 19 31 17 20 91 0,
PFG_MOEA,413,2,198.33,1121.84,0 50 48 92 22 23 84 39 56 68 37 33 21 34 43 0,
PFG_MOEA,413,3,198.33,1121.84,0 4 80 53 66 94 49 51 45 24 79 32 54 36 3 1 99 2 25 0,2
PFG_MOEA,413,4,198.33,1121.84,0 62 77 58 82 86 67 72 70 93 9 100 8 7 46 28 69 47 0,58 93
PFG_MOEA,413,5,198.33,1121.84,0 73 98 85 88 63 74 14 11 83 96 44 38 59 26 10 89 5 29 90 0,11 26 63 98
PFG_MOEA,413,6,198.33,1121.84,0 65 6 87 52 60 61 97 75 55 76 42 81 57 0,
PFG_MOEA,414,1,205.55,1025.13,0 81 57 95 41 15 30 64 78 74 63 88 85 98 71 35 40 16 18 19 17 31 0,78
PFG_MOEA,414,2,205.55,1025.13,0 20 91 21 33 37 68 56 39 84 23 22 1 99 34 43 92 53 80 4 0,99
PFG_MOEA,414,3,205.55,1025.13,0 66 94 3 36 54 70 72 67 32 49 51 45 24 0,
PFG_MOEA,414,4,205.55,1025.13,0 77 58 82 86 62 48 50 25 2 12 73 14 11 83 96 59 26 89 10 0,12 26 83
PFG_MOEA,414,5,205.55,1025.13,0 44 38 47 69 28 46 7 75 97 61 60 52 87 6 65 90 29 5 79 0,
PFG_MOEA,414,6,205.55,1025.13,0 13 27 8 100 93 9 55 76 42 0,76
PFG_MOEA,415,1,201.36,1069.24,0 27 12 73 14 11 83 96 26 10 89 59 44 38 47 69 28 46 0,83
PFG_MOEA,415,2,201.36,1069.24,0 7 30 15 71 35 40 16 18 19 31 17 20 91 0,31
PFG_MOEA,415,3,201.36,1069.24,0 25 2 99 34 43 92 1 84 23 22 70 72 67 86 82 58 77 50 0,
PFG_MOEA,415,4,201.36,1069.24,0 4 80 53 66 54 36 3 39 56 68 37 33 21 62 48 0,36 62
PFG_MOEA,415,5,201.36,1069.24,0 24 45 94 49 32 51 79 5 29 90 65 6 87 52 60 61 97 0,
PFG_MOEA,415,6,201.36,1069.24,0 42 76 9 55 75 81 93 100 8 57 95 41 98 85 88 63 74 78 64 13 0,42 88
PFG_MOEA,416,1,235.98,829.78,0 20 91 21 33 37 68 56 39 84 23 22 1 34 43 92 0,34
PFG_MOEA,416,2,235.98,829.78,0 99 0,99
PFG_MOEA,416,3,235.98,829.78,0 4 80 53 66 94 45 24 51 49 32 3 36 54 70 72 67 86 82 58 77 62 48 50 25 2 0,
PFG_MOEA,416,4,235.98,829.78,0 12 73 14 11 83 96 26 10 89 59 44 38 47 69 28 46 7 0,26
PFG_MOEA,416,5,235.98,829.78,0 79 5 29 90 65 6 87 52 60 61 97 75 13 27 0,
PFG_MOEA,416,6,235.98,829.78,0 8 100 93 9 55 76 42 81 57 95 41 98 85 88 63 74 78 64 30 15 71 35 31 17 40 16 18 19 0,42 64
PFG_MOEA,417,1,199.67,1096.55,0 5 29 90 65 6 87 52 60 61 97 75 7 14 73 12 99 2 25 50 48 0,6 52
PFG_MOEA,417,2,199.67,1096.55,0 24 79 51 45 94 49 32 36 54 70 72 67 86 82 3 62 0,
PFG_MOEA,417,3,199.67,1096.55,0 4 80 53 66 58 77 46 28 69 47 38 44 59 89 10 26 96 0,69
PFG_MOEA,417,4,199.67,1096.55,0 8 100 93 81 55 9 76 42 83 11 98 41 95 57 0,
PFG_MOEA,417,5,199.67,1096.55,0 20 91 21 33 37 18 16 40 35 71 15 30 64 78 74 63 88 85 0,63
PFG_MOEA,417,6,199.67,1096.55,0 92 43 34 1 22 23 84 39 56 68 19 17 31 27 13 0,31
PFG_MOEA,418,1,218.48,880.23,0 98 85 88 63 74 78 64 30 15 71 35 40 16 18 19 31 17 20 91 34 43 48 0,43 98
PFG_MOEA,418,2,218.48,880.23,0 50 92 21 33 37 68 56 39 84 23 22 1 99 2 25 0,99
PFG_MOEA,418,3,218.48,880.23,0 4 80 53 66 94 49 51 45 24 79 32 3 36 54 70 72 67 86 82 58 77 62 0,
PFG_MOEA,418,4,218.48,880.23,0 93 9 100 8 7 46 0,
PFG_MOEA,418,5,218.48,880.23,0 28 69 47 38 44 59 26 10 89 96 83 11 14 73 0,26
PFG_MOEA,418,6,218.48,880.23,0 5 29 90 65 6 87 52 60 61 97 75 55 76 42 81 57 95 41 12 27 13 0,29 42
PFG_MOEA,419,1,198.33,1121.84,0 13 27 12 41 95 78 64 30 15 71 35 40 16 18 19 31 17 20 91 0,
PFG_MOEA,419,2,198.33,1121.84,0 50 48 92 22 23 84 39 56 68 37 33 21 34 43 0,
PFG_MOEA,419,3,198.33,1121.84,0 4 80 53 66 94 49 51 45 24 79 32 54 36 3 1 99 2 25 0,2
PFG_MOEA,419,4,198.33,1121.84,0 62 77 58 82 86 67 72 70 93 9 100 8 7 46 28 69 47 0,58 93
PFG_MOEA,419,5,198.33,1121.84,0 73 98 85 88 63 74 14 11 83 96 44 38 59 26 10 89 5 29 90 0,11 26 63 98
PFG_MOEA,419,6,198.33,1121.84,0 65 6 87 52 60 61 97 75 55 76 42 81 57 0,
PFG_MOEA,420,1,205.55,1025.13,0 81 57 95 41 15 30 64 78 74 63 88 85 98 71 35 40 16 18 19 17 31 0,78
PFG_MOEA,420,2,205.55,1025.13,0 20 91 21 33 37 68 56 39 84 23 22 1 99 34 43 92 53 80 4 0,99
PFG_MOEA,420,3,205.55,1025.13,0 66 94 3 36 54 70 72 67 32 49 51 45 24 0,
PFG_MOEA,420,4,205.55,1025.13,0 77 58 82 86 62 48 50 25 2 12 73 14 11 83 96 59 26 89 10 0,12 26 83
PFG_MOEA,420,5,205.55,1025.13,0 44 38 47 69 28 46 7 75 97 61 60 52 87 6 65 90 29 5 79 0,
PFG_MOEA,420,6,205.55,1025.13,0 13 27 8 100 93 9 55 76 42 0,76
PFG_MOEA,421,1,201.36,1069.24,0 27 12 73 14 11 83 96 26 10 89 59 44 38 47 69 28 46 0,83
PFG_MOEA,421,2,201.36,1069.24,0 7 30 15 71 35 40 16 18 19 31 17 20 91 0,31
PFG_MOEA,421,3,201.36,1069.24,0 25 2 99 34 43 92 1 84 23 22 70 72 67 86 82 58 77 50 0,
PFG_MOEA,421,4,201.36,1069.24,0 4 80 53 66 54 36 3 39 56 68 37 33 21 62 48 0,36 62
PFG_MOEA,421,5,201.36,1069.24,0 24 45 94 49 32 51 79 5 29 90 65 6 87 52 60 61 97 0,
PFG_MOEA,421,6,201.36,1069.24,0 42 76 9 55 75 81 93 100 8 57 95 41 98 85 88 63 74 78 64 13 0,42 88
PFG_MOEA,422,1,235.98,829.78,0 20 91 21 33 37 68 56 39 84 23 22 1 34 43 92 0,34
PFG_MOEA,422,2,235.98,829.78,0 99 0,99
PFG_MOEA,422,3,235.98,829.78,0 4 80 53 66 94 45 24 51 49 32 3 36 54 70 72 67 86 82 58 77 62 48 50 25 2 0,
PFG_MOEA,422,4,235.98,829.78,0 12 73 14 11 83 96 26 10 89 59 44 38 47 69 28 46 7 0,26
PFG_MOEA,422,5,235.98,829.78,0 79 5 29 90 65 6 87 52 60 61 97 75 13 27 0,
PFG_MOEA,422,6,235.98,829.78,0 8 100 93 9 55 76 42 81 57 95 41 98 85 88 63 74 78 64 30 15 71 35 31 17 40 16 18 19 0,42 64
PFG_MOEA,423,1,199.67,1096.55,0 5 29 90 65 6 87 52 60 61 97 75 7 14 73 12 99 2 25 50 48 0,6 52
PFG_MOEA,423,2,199.67,1096.55,0 24 79 51 45 94 49 32 36 54 70 72 67 86 82 3 62 0,
PFG_MOEA,423,3,199.67,1096.55,0 4 80 53 66 58 77 46 28 69 47 38 44 59 89 10 26 96 0,69
PFG_MOEA,423,4,199.67,1096.55,0 8 100 93 81 55 9 76 42 83 11 98 41 95 57 0,
PFG_MOEA,423,5,199.67,1096.55,0 20 91 21 33 37 18 16 40 35 71 15 30 64 78 74 63 88 85 0,63
PFG_MOEA,423,6,199.67,1096.55,0 92 43 34 1 22 23 84 39 56 68 19 17 31 27 13 0,31
PFG_MOEA,424,1,218.48,880.23,0 98 85 88 63 74 78 64 30 15 71 35 40 16 18 19 31 17 20 91 34 43 48 0,43 98
PFG_MOEA,424,2,218.48,880.23,0 50 92 21 33 37 68 56 39 84 23 22 1 99 2 25 0,99
PFG_MOEA,424,3,218.48,880.23,0 4 80 53 66 94 49 51 45 24 79 32 3 36 54 70 72 67 86 82 58 77 62 0,
PFG_MOEA,424,4,218.48,880.23,0 93 9 100 8 7 46 0,
PFG_MOEA,424,5,218.48,880.23,0 28 69 47 38 44 59 26 10 89 96 83 11 14 73 0,26
PFG_MOEA,424,6,218.48,880.23,0 5 29 90 65 6 87 52 60 61 97 75 55 76 42 81 57 95 41 12 27 13 0,29 42
PFG_MOEA,425,1,198.33,1121.84,0 13 27 12 41 95 78 64 30 15 71 35 40 16 18 19 31 17 20 91 0,
PFG_MOEA,425,2,198.33,1121.84,0 50 48 92 22 23 84 39 56 68 37 33 21 34 43 0,
PFG_MOEA,425,3,198.33,1121.84,0 4 80 53 66 94 49 51 45 24 79 32 54 36 3 1 99 2 25 0,2
PFG_MOEA,425,4,198.33,1121.84,0 62 77 58 82 86 67 72 70 93 9 100 8 7 46 28 69 47 0,58 93
PFG_MOEA,425,5,198.33,1121.84,0 73 98 85 88 63 74 14 11 83 96 44 38 59 26 10 89 5 29 90 0,11 26 63 98
PFG_MOEA,425,6,198.33,1121.84,0 65 6 87 52 60 61 97 75 55 76 42 81 57 0,
PFG_MOEA,426,1,205.55,1025.13,0 81 57 95 41 15 30 64 78 74 63 88 85 98 71 35 40 16 18 19 17 31 0,78
PFG_MOEA,426,2,205.55,1025.13,0 20 91 21 33 37 68 56 39 84 23 22 1 99 34 43 92 53 80 4 0,99
PFG_MOEA,426,3,205.55,1025.13,0 66 94 3 36 54 70 72 67 32 49 51 45 24 0,
PFG_MOEA,426,4,205.55,1025.13,0 77 58 82 86 62 48 50 25 2 12 73 14 11 83 96 59 26 89 10 0,12 26 83
PFG_MOEA,426,5,205.55,1025.13,0 44 38 47 69 28 46 7 75 97 61 60 52 87 6 65 90 29 5 79 0,
PFG_MOEA,426,6,205.55,1025.13,0 13 27 8 100 93 9 55 76 42 0,76
PFG_MOEA,427,1,201.36,1069.24,0 27 12 73 14 11 83 96 26 10 89 59 44 38 47 69 28 46 0,83
PFG_MOEA,427,2,201.36,1069.24,0 7 30 15 71 35 40 16 18 19 31 17 20 91 0,31
PFG_MOEA,427,3,201.36,1069.24,0 25 2 99 34 43 92 1 84 23 22 70 72 67 86 82 58 77 50 0,
PFG_MOEA,427,4,201.36,1069.24,0 4 80 53 66 54 36 3 39 56 68 37 33 21 62 48 0,36 62
PFG_MOEA,427,5,201.36,1069.24,0 24 45 94 49 32 51 79 5 29 90 65 6 87 52 60 61 97 0,
PFG_MOEA,427,6,201.36,1069.24,0 42 76 9 55 75 81 93 100 8 57 95 41 98 85 88 63 74 78 64 13 0,42 88
PFG_MOEA,428,1,235.98,829.78,0 20 91 21 33 37 68 56 39 84 23 22 1 34 43 92 0,34
PFG_MOEA,428,2,235.98,829.78,0 99 0,99
PFG_MOEA,428,3,235.98,829.78,0 4 80 53 66 94 45 24 51 49 32 3 36 54 70 72 67 86 82 58 77 62 48 50 25 2 0,
PFG_MOEA,428,4,235.98,829.78,0 12 73 14 11 83 96 26 10 89 59 44 38 47 69 28 46 7 0,26
PFG_MOEA,428,5,235.98,829.78,0 79 5 29 90 65 6 87 52 60 61 97 75 13 27 0,
PFG_MOEA,428,6,235.98,829.78,0 8 100 93 9 55 76 42 81 57 95 41 98 85 88 63 74 78 64 30 15 71 35 31 17 40 16 18 19 0,42 64
PFG_MOEA,429,1,199.67,1096.55,0 5 29 90 65 6 87 52 60 61 97 75 7 14 73 12 99 2 25 50 48 0,6 52
PFG_MOEA,429,2,199.67,1096.55,0 24 79 51 45 94 49 32 36 54 70 72 67 86 82 3 62 0,
PFG_MOEA,429,3,199.67,1096.55,0 4 80 53 66 58 77 46 28 69 47 38 44 59 89 10 26 96 0,69
PFG_MOEA,429,4,199.67,1096.55,0 8 100 93 81 55 9 76 42 83 11 98 41 95 57 0,
PFG_MOEA,429,5,199.67,1096.55,0 20 91 21 33 37 18 16 40 35 71 15 30 64 78 74 63 88 85 0,63
PFG_MOEA,429,6,199.67,1096.55,0 92 43 34 1 22 23 84 39 56 68 19 17 31 27 13 0,31
PFG_MOEA,430,1,218.48,880.23,0 98 85 88 63 74 78 64 30 15 71 35 40 16 18 19 31 17 20 91 34 43 48 0,43 98
PFG_MOEA,430,2,218.48,880.23,0 50 92 21 33 37 68 56 39 84 23 22 1 99 2 25 0,99
PFG_MOEA,430,3,218.48,880.23,0 4 80 53 66 94 49 51 45 24 79 32 3 36 54 70 72 67 86 82 58 77 62 0,
PFG_MOEA,430,4,218.48,880.23,0 93 9 100 8 7 46 0,
PFG_MOEA,430,5,218.48,880.23,0 28 69 47 38 44 59 26 10 89 96 83 11 14 73 0,26
PFG_MOEA,430,6,218.48,880.23,0 5 29 90 65 6 87 52 60 61 97 75 55 76 42 81 57 95 41 12 27 13 0,29 42
PFG_MOEA,431,1,198.33,1121.84,0 13 27 12 41 95 78 64 30 15 71 35 40 16 18 19 31 17 20 91 0,
PFG_MOEA,431,2,198.33,1121.84,0 50 48 92 22 23 84 39 56 68 37 33 21 34 43 0,
PFG_MOEA,431,3,198.33,1121.84,0 4 80 53 66 94 49 51 45 24 79 32 54 36 3 1 99 2 25 0,2
PFG_MOEA,431,4,198.33,1121.84,0 62 77 58 82 86 67 72 70 93 9 100 8 7 46 28 69 47 0,58 93
PFG_MOEA,431,5,198.33,1121.84,0 73 98 85 88 63 74 14 11 83 96 44 38 59 26 10 89 5 29 90 0,11 26 63 98
PFG_MOEA,431,6,198.33,1121.84,0 65 6 87 52 60 61 97 75 55 76 42 81 57 0,
PFG_MOEA,432,1,205.55,1025.13,0 81 57 95 41 15 30 64 78 74 63 88 85 98 71 35 40 16 18 19 17 31 0,78
PFG_MOEA,432,2,205.55,1025.13,0 20 91 21 33 37 68 56 39 84 23 22 1 99 34 43 92 53 80 4 0,99
PFG_MOEA,432,3,205.55,1025.13,0 66 94 3 36 54 70 72 67 32 49 51 45 24 0,
PFG_MOEA,432,4,205.55,1025.13,0 77 58 82 86 62 48 50 25 2 12 73 14 11 83 96 59 26 89 10 0,12 26 83
PFG_MOEA,432,5,205.55,1025.13,0 44 38 47 69 28 46 7 75 97 61 60 52 87 6 65 90 29 5 79 0,
PFG_MOEA,432,6,205.55,1025.13,0 13 27 8 100 93 9 55 76 42 0,76
PFG_MOEA,433,1,201.36,1069.24,0 27 12 73 14 11 83 96 26 10 89 59 44 38 47 69 28 46 0,83
PFG_MOEA,433,2,201.36,1069.24,0 7 30 15 71 35 40 16 18 19 31 17 20 91 0,31
PFG_MOEA,433,3,201.36,1069.24,0 25 2 99 34 43 92 1 84 23 22 70 72 67 86 82 58 77 50 0,
PFG_MOEA,433,4,201.36,1069.24,0 4 80 53 66 54 36 3 39 56 68 37 33 21 62 48 0,36 62
PFG_MOEA,433,5,201.36,1069.24,0 24 45 94 49 32 51 79 5 29 90 65 6 87 52 60 61 97 0,
PFG_MOEA,433,6,201.36,1069.24,0 42 76 9 55 75 81 93 100 8 57 95 41 98 85 88 63 74 78 64 13 0,42 88
PFG_MOEA,434,1,235.98,829.78,0 20 91 21 33 37 68 56 39 84 23 22 1 34 43 92 0,34
PFG_MOEA,434,2,235.98,829.78,0 99 0,99
PFG_MOEA,434,3,235.98,829.78,0 4 80 53 66 94 45 24 51 49 32 3 36 54 70 72 67 86 82 58 77 62 48 50 25 2 0,
PFG_MOEA,434,4,235.98,829.78,0 12 73 14 11 83 96 26 10 89 59 44 38 47 69 28 46 7 0,26
PFG_MOEA,434,5,235.98,829.78,0 79 5 29 90 65 6 87 52 60 61 97 75 13 27 0,
PFG_MOEA,434,6,235.98,829.78,0 8 100 93 9 55 76 42 81 57 95 41 98 85 88 63 74 78 64 30 15 71 35 31 17 40 16 18 19 0,42 64
PFG_MOEA,435,1,199.67,1096.55,0 5 29 90 65 6 87 52 60 61 97 75 7 14 73 12 99 2 25 50 48 0,6 52
PFG_MOEA,435,2,199.67,1096.55,0 24 79 51 45 94 49 32 36 54 70 72 67 86 82 3 62 0,
PFG_MOEA,435,3,199.67,1096.55,0 4 80 53 66 58 77 46 28 69 47 38 44 59 89 10 26 96 0,69
PFG_MOEA,435,4,199.67,1096.55,0 8 100 93 81 55 9 76 42 83 11 98 41 95 57 0,
PFG_MOEA,435,5,199.67,1096.55,0 20 91 21 33 37 18 16 40 35 71 15 30 64 78 74 63 88 85 0,63
PFG_MOEA,435,6,199.67,1096.55,0 92 43 34 1 22 23 84 39 56 68 19 17 31 27 13 0,31
PFG_MOEA,436,1,218.48,880.23,0 98 85 88 63 74 78 64 30 15 71 35 40 16 18 19 31 17 20 91 34 43 48 0,43 98
PFG_MOEA,436,2,218.48,880.23,0 50 92 21 33 37 68 56 39 84 23 22 1 99 2 25 0,99
PFG_MOEA,436,3,218.48,880.23,0 4 80 53 66 94 49 51 45 24 79 32 3 36 54 70 72 67 86 82 58 77 62 0,
PFG_MOEA,436,4,218.48,880.23,0 93 9 100 8 7 46 0,
PFG_MOEA,436,5,218.48,880.23,0 28 69 47 38 44 59 26 10 89 96 83 11 14 73 0,26
PFG_MOEA,436,6,218.48,880.23,0 5 29 90 65 6 87 52 60 61 97 75 55 76 42 81 57 95 41 12 27 13 0,29 42
PFG_MOEA,437,1,198.33,1121.84,0 13 27 12 41 95 78 64 30 15 71 35 40 16 18 19 31 17 20 91 0,
PFG_MOEA,437,2,198.33,1121.84,0 50 48 92 22 23 84 39 56 68 37 33 21 34 43 0,
PFG_MOEA,437,3,198.33,1121.84,0 4 80 53 66 94 49 51 45 24 79 32 54 36 3 1 99 2 25 0,2
PFG_MOEA,437,4,198.33,1121.84,0 62 77 58 82 86 67 72 70 93 9 100 8 7 46 28 69 47 0,58 93
PFG_MOEA,437,5,198.33,1121.84,0 73 98 85 88 63 74 14 11 83 96 44 38 59 26 10 89 5 29 90 0,11 26 63 98
PFG_MOEA,437,6,198.33,1121.84,0 65 6 87 52 60 61 97 75 55 76 42 81 57 0,
PFG_MOEA,438,1,205.55,1025.13,0 81 57 95 41 15 30 64 78 74 63 88 85 98 71 35 40 16 18 19 17 31 0,78
PFG_MOEA,438,2,205.55,1025.13,0 20 91 21 33 37 68 56 39 84 23 22 1 99 34 43 92 53 80 4 0,99
PFG_MOEA,438,3,205.55,1025.13,0 66 94 3 36 54 70 72 67 32 49 51 45 24 0,
PFG_MOEA,438,4,205.55,1025.13,0 77 58 82 86 62 48 50 25 2 12 73 14 11 83 96 59 26 89 10 0,12 26 83
PFG_MOEA,438,5,205.55,1025.13,0 44 38 47 69 28 46 7 75 97 61 60 52 87 6 65 90 29 5 79 0,
PFG_MOEA,438,6,205.55,1025.13,0 13 27 8 100 93 9 55 76 42 0,76
PFG_MOEA,439,1,201.36,1069.24,0 27 12 73 14 11 83 96 26 10 89 59 44 38 47 69 28 46 0,83
PFG_MOEA,439,2,201.36,1069.24,0 7 30 15 71 35 40 16 18 19 31 17 20 91 0,31
PFG_MOEA,439,3,201.36,1069.24,0 25 2 99 34 43 92 1 84 23 22 70 72 67 86 82 58 77 50 0,
PFG_MOEA,439,4,201.36,1069.24,0 4 80 53 66 54 36 3 39 56 68 37 33 21 62 48 0,36 62
PFG_MOEA,439,5,201.36,1069.24,0 24 45 94 49 32 51 79 5 29 90 65 6 87 52 60 61 97 0,
PFG_MOEA,439,6,201.36,1069.24,0 42 76 9 55 75 81 93 100 8 57 95 41 98 85 88 63 74 78 64 13 0,42 88
PFG_MOEA,440,1,235.98,829.78,0 20 91 21 33 37 68 56 39 84 23 22 1 34 43 92 0,34
PFG_MOEA,440,2,235.98,829.78,0 99 0,99
PFG_MOEA,440,3,235.98,829.78,0 4 80 53 66 94 45 24 51 49 32 3 36 54 70 72 67 86 82 58 77 62 48 50 25 2 0,
PFG_MOEA,440,4,235.98,829.78,0 12 73 14 11 83 96 26 10 89 59 44 38 47 69 28 46 7 0,26
PFG_MOEA,440,5,235.98,829.78,0 79 5 29 90 65 6 87 52 60 61 97 75 13 27 0,
PFG_MOEA,440,6,235.98,829.78,0 8 100 93 9 55 76 42 81 57 95 41 98 85 88 63 74 78 64 30 15 71 35 31 17 40 16 18 19 0,42 64
PFG_MOEA,441,1,199.67,1096.55,0 5 29 90 65 6 87 52 60 61 97 75 7 14 73 12 99 2 25 50 48 0,6 52
PFG_MOEA,441,2,199.67,1096.55,0 24 79 51 45 94 49 32 36 54 70 72 67 86 82 3 62 0,
PFG_MOEA,441,3,199.67,1096.55,0 4 80 53 66 58 77 46 28 69 47 38 44 59 89 10 26 96 0,69
PFG_MOEA,441,4,199.67,1096.55,0 8 100 93 81 55 9 76 42 83 11 98 41 95 57 0,
PFG_MOEA,441,5,199.67,1096.55,0 20 91 21 33 37 18 16 40 35 71 15 30 64 78 74 63 88 85 0,63
PFG_MOEA,441,6,199.67,1096.55,0 92 43 34 1 22 23 84 39 56 68 19 17 31 27 13 0,31
PFG_MOEA,442,1,218.48,880.23,0 98 85 88 63 74 78 64 30 15 71 35 40 16 18 19 31 17 20 91 34 43 48 0,43 98
PFG_MOEA,442,2,218.48,880.23,0 50 92 21 33 37 68 56 39 84 23 22 1 99 2 25 0,99
PFG_MOEA,442,3,218.48,880.23,0 4 80 53 66 94 49 51 45 24 79 32 3 36 54 70 72 67 86 82 58 77 62 0,
PFG_MOEA,442,4,218.48,880.23,0 93 9 100 8 7 46 0,
PFG_MOEA,442,5,218.48,880.23,0 28 69 47 38 44 59 26 10 89 96 83 11 14 73 0,26
PFG_MOEA,442,6,218.48,880.23,0 5 29 90 65 6 87 52 60 61 97 75 55 76 42 81 57 95 41 12 27 13 0,29 42
PFG_MOEA,443,1,198.33,1121.84,0 13 27 12 41 95 78 64 30 15 71 35 40 16 18 19 31 17 20 91 0,
PFG_MOEA,443,2,198.33,1121.84,0 50 48 92 22 23 84 39 56 68 37 33 21 34 43 0,
PFG_MOEA,443,3,198.33,1121.84,0 4 80 53 66 94 49 51 45 24 79 32 54 36 3 1 99 2 25 0,2
PFG_MOEA,443,4,198.33,1121.84,0 62 77 58 82 86 67 72 70 93 9 100 8 7 46 28 69 47 0,58 93
PFG_MOEA,443,5,198.33,1121.84,0 73 98 85 88 63 74 14 11 83 96 44 38 59 26 10 89 5 29 90 0,11 26 63 98
PFG_MOEA,443,6,198.33,1121.84,0 65 6 87 52 60 61 97 75 55 76 42 81 57 0,
PFG_MOEA,444,1,205.55,1025.13,0 81 57 95 41 15 30 64 78 74 63 88 85 98 71 35 40 16 18 19 17 31 0,78
PFG_MOEA,444,2,205.55,1025.13,0 20 91 21 33 37 68 56 39 84 23 22 1 99 34 43 92 53 80 4 0,99
PFG_MOEA,444,3,205.55,1025.13,0 66 94 3 36 54 70 72 67 32 49 51 45 24 0,
PFG_MOEA,444,4,205.55,1025.13,0 77 58 82 86 62 48 50 25 2 12 73 14 11 83 96 59 26 89 10 0,12 26 83
PFG_MOEA,444,5,205.55,1025.13,0 44 38 47 69 28 46 7 75 97 61 60 52 87 6 65 90 29 5 79 0,
PFG_MOEA,444,6,205.55,1025.13,0 13 27 8 100 93 9 55 76 42 0,76
PFG_MOEA,445,1,201.36,1069.24,0 27 12 73 14 11 83 96 26 10 89 59 44 38 47 69 28 46 0,83
PFG_MOEA,445,2,201.36,1069.24,0 7 30 15 71 35 40 16 18 19 31 17 20 91 0,31
PFG_MOEA,445,3,201.36,1069.24,0 25 2 99 34 43 92 1 84 23 22 70 72 67 86 82 58 77 50 0,
PFG_MOEA,445,4,201.36,1069.24,0 4 80 53 66 54 36 3 39 56 68 37 33 21 62 48 0,36 62
PFG_MOEA,445,5,201.36,1069.24,0 24 45 94 49 32 51 79 5 29 90 65 6 87 52 60 61 97 0,
PFG_MOEA,445,6,201.36,1069.24,0 42 76 9 55 75 81 93 100 8 57 95 41 98 85 88 63 74 78 64 13 0,42 88
PFG_MOEA,446,1,235.98,829.78,0 20 91 21 33 37 68 56 39 84 23 22 1 34 43 92 0,34
PFG_MOEA,446,2,235.98,829.78,0 99 0,99
PFG_MOEA,446,3,235.98,829.78,0 4 80 53 66 94 45 24 51 49 32 3 36 54 70 72 67 86 82 58 77 62 48 50 25 2 0,
PFG_MOEA,446,4,235.98,829.78,0 12 73 14 11 83 96 26 10 89 59 44 38 47 69 28 46 7 0,26
PFG_MOEA,446,5,235.98,829.78,0 79 5 29 90 65 6 87 52 60 61 97 75 13 27 0,
PFG_MOEA,446,6,235.98,829.78,0 8 100 93 9 55 76 42 81 57 95 41 98 85 88 63 74 78 64 30 15 71 35 31 17 40 16 18 19 0,42 64
PFG_MOEA,447,1,199.67,1096.55,0 5 29 90 65 6 87 52 60 61 97 75 7 14 73 12 99 2 25 50 48 0,6 52
PFG_MOEA,447,2,199.67,1096.55,0 24 79 51 45 94 49 32 36 54 70 72 67 86 82 3 62 0,
PFG_MOEA,447,3,199.67,1096.55,0 4 80 53 66 58 77 46 28 69 47 38 44 59 89 10 26 96 0,69
PFG_MOEA,447,4,199.67,1096.55,0 8 100 93 81 55 9 76 42 83 11 98 41 95 57 0,
PFG_MOEA,447,5,199.67,1096.55,0 20 91 21 33 37 18 16 40 35 71 15 30 64 78 74 63 88 85 0,63
PFG_MOEA,447,6,199.67,1096.55,0 92 43 34 1 22 23 84 39 56 68 19 17 31 27 13 0,31
PFG_MOEA,448,1,218.48,880.23,0 98 85 88 63 74 78 64 30 15 71 35 40 16 18 19 31 17 20 91 34 43 48 0,43 98
PFG_MOEA,448,2,218.48,880.23,0 50 92 21 33 37 68 56 39 84 23 22 1 99 2 25 0,99
PFG_MOEA,448,3,218.48,880.23,0 4 80 53 66 94 49 51 45 24 79 32 3 36 54 70 72 67 86 82 58 77 62 0,
PFG_MOEA,448,4,218.48,880.23,0 93 9 100 8 7 46 0,
PFG_MOEA,448,5,218.48,880.23,0 28 69 47 38 44 59 26 10 89 96 83 11 14 73 0,26
PFG_MOEA,448,6,218.48,880.23,0 5 29 90 65 6 87 52 60 61 97 75 55 76 42 81 57 95 41 12 27 13 0,29 42
PFG_MOEA,449,1,198.33,1121.84,0 13 27 12 41 95 78 64 30 15 71 35 40 16 18 19 31 17 20 91 0,
PFG_MOEA,449,2,198.33,1121.84,0 50 48 92 22 23 84 39 56 68 37 33 21 34 43 0,
PFG_MOEA,449,3,198.33,1121.84,0 4 80 53 66 94 49 51 45 24 79 32 54 36 3 1 99 2 25 0,2
PFG_MOEA,449,4,198.33,1121.84,0 62 77 58 82 86 67 72 70 93 9 100 8 7 46 28 69 47 0,58 93
PFG_MOEA,449,5,198.33,1121.84,0 73 98 85 88 63 74 14 11 83 96 44 38 59 26 10 89 5 29 90 0,11 26 63 98
PFG_MOEA,449,6,198.33,1121.84,0 65 6 87 52 60 61 97 75 55 76 42 81 57 0,
PFG_MOEA,450,1,205.55,1025.13,0 81 57 95 41 15 30 64 78 74 63 88 85 98 71 35 40 16 18 19 17 31 0,78
PFG_MOEA,450,2,205.55,1025.13,0 20 91 21 33 37 68 56 39 84 23 22 1 99 34 43 92 53 80 4 0,99
PFG_MOEA,450,3,205.55,1025.13,0 66 94 3 36 54 70 72 67 32 49 51 45 24 0,
PFG_MOEA,450,4,205.55,1025.13,0 77 58 82 86 62 48 50 25 2 12 73 14 11 83 96 59 26 89 10 0,12 26 83
PFG_MOEA,450,5,205.55,1025.13,0 44 38 47 69 28 46 7 75 97 61 60 52 87 6 65 90 29 5 79 0,
PFG_MOEA,450,6,205.55,1025.13,0 13 27 8 100 93 9 55 76 42 0,76
PFG_MOEA,451,1,201.36,1069.24,0 27 12 73 14 11 83 96 26 10 89 59 44 38 47 69 28 46 0,83
PFG_MOEA,451,2,201.36,1069.24,0 7 30 15 71 35 40 16 18 19 31 17 20 91 0,31
PFG_MOEA,451,3,201.36,1069.24,0 25 2 99 34 43 92 1 84 23 22 70 72 67 86 82 58 77 50 0,
PFG_MOEA,451,4,201.36,1069.24,0 4 80 53 66 54 36 3 39 56 68 37 33 21 62 48 0,36 62
PFG_MOEA,451,5,201.36,1069.24,0 24 45 94 49 32 51 79 5 29 90 65 6 87 52 60 61 97 0,
PFG_MOEA,451,6,201.36,1069.24,0 42 76 9 55 75 81 93 100 8 57 95 41 98 85 88 63 74 78 64 13 0,42 88
PFG_MOEA,452,1,235.98,829.78,0 20 91 21 33 37 68 56 39 84 23 22 1 34 43 92 0,34
PFG_MOEA,452,2,235.98,829.78,0 99 0,99
PFG_MOEA,452,3,235.98,829.78,0 4 80 53 66 94 45 24 51 49 32 3 36 54 70 72 67 86 82 58 77 62 48 50 25 2 0,
PFG_MOEA,452,4,235.98,829.78,0 12 73 14 11 83 96 26 10 89 59 44 38 47 69 28 46 7 0,26
PFG_MOEA,452,5,235.98,829.78,0 79 5 29 90 65 6 87 52 60 61 97 75 13 27 0,
PFG_MOEA,452,6,235.98,829.78,0 8 100 93 9 55 76 42 81 57 95 41 98 85 88 63 74 78 64 30 15 71 35 31 17 40 16 18 19 0,42 64
PFG_MOEA,453,1,199.67,1096.55,0 5 29 90 65 6 87 52 60 61 97 75 7 14 73 12 99 2 25 50 48 0,6 52
PFG_MOEA,453,2,199.67,1096.55,0 24 79 51 45 94 49 32 36 54 70 72 67 86 82 3 62 0,
PFG_MOEA,453,3,199.67,1096.55,0 4 80 53 66 58 77 46 28 69 47 38 44 59 89 10 26 96 0,69
PFG_MOEA,453,4,199.67,1096.55,0 8 100 93 81 55 9 76 42 83 11 98 41 95 57 0,
PFG_MOEA,453,5,199.67,1096.55,0 20 91 21 33 37 18 16 40 35 71 15 30 64 78 74 63 88 85 0,63
PFG_MOEA,453,6,199.67,1096.55,0 92 43 34 1 22 23 84 39 56 68 19 17 31 27 13 0,31
PFG_MOEA,454,1,218.48,880.23,0 98 85 88 63 74 78 64 30 15 71 35 40 16 18 19 31 17 20 91 34 43 48 0,43 98
PFG_MOEA,454,2,218.48,880.23,0 50 92 21 33 37 68 56 39 84 23 22 1 99 2 25 0,99
PFG_MOEA,454,3,218.48,880.23,0 4 80 53 66 94 49 51 45 24 79 32 3 36 54 70 72 67 86 82 58 77 62 0,
PFG_MOEA,454,4,218.48,880.23,0 93 9 100 8 7 46 0,
PFG_MOEA,454,5,218.48,880.23,0 28 69 47 38 44 59 26 10 89 96 83 11 14 73 0,26
PFG_MOEA,454,6,218.48,880.23,0 5 29 90 65 6 87 52 60 61 97 75 55 76 42 81 57 95 41 12 27 13 0,29 42
PFG_MOEA,455,1,198.33,1121.84,0 13 27 12 41 95 78 64 30 15 71 35 40 16 18 19 31 17 20 91 0,
PFG_MOEA,455,2,198.33,1121.84,0 50 48 92 22 23 84 39 56 68 37 33 21 34 43 0,
PFG_MOEA,455,3,198.33,1121.84,0 4 80 53 66 94 49 51 45 24 79 32 54 36 3 1 99 2 25 0,2
PFG_MOEA,455,4,198.33,1121.84,0 62 77 58 82 86 67 72 70 93 9 100 8 7 46 28 69 47 0,58 93
PFG_MOEA,455,5,198.33,1121.84,0 73 98 85 88 63 74 14 11 83 96 44 38 59 26 10 89 5 29 90 0,11 26 63 98
PFG_MOEA,455,6,198.33,1121.84,0 65 6 87 52 60 61 97 75 55 76 42 81 57 0,
PFG_MOEA,456,1,205.55,1025.13,0 81 57 95 41 15 30 64 78 74 63 88 85 98 71 35 40 16 18 19 17 31 0,78
PFG_MOEA,456,2,205.55,1025.13,0 20 91 21 33 37 68 56 39 84 23 22 1 99 34 43 92 53 80 4 0,99
PFG_MOEA,456,3,205.55,1025.13,0 66 94 3 36 54 70 72 67 32 49 51 45 24 0,
PFG_MOEA,456,4,205.55,1025.13,0 77 58 82 86 62 48 50 25 2 12 73 14 11 83 96 59 26 89 10 0,12 26 83
PFG_MOEA,456,5,205.55,1025.13,0 44 38 47 69 28 46 7 75 97 61 60 52 87 6 65 90 29 5 79 0,
PFG_MOEA,456,6,205.55,1025.13,0 13 27 8 100 93 9 55 76 42 0,76
PFG_MOEA,457,1,201.36,1069.24,0 27 12 73 14 11 83 96 26 10 89 59 44 38 47 69 28 46 0,83
PFG_MOEA,457,2,201.36,1069.24,0 7 30 15 71 35 40 16 18 19 31 17 20 91 0,31
PFG_MOEA,457,3,201.36,1069.24,0 25 2 99 34 43 92 1 84 23 22 70 72 67 86 82 58 77 50 0,
PFG_MOEA,457,4,201.36,1069.24,0 4 80 53 66 54 36 3 39 56 68 37 33 21 62 48 0,36 62
PFG_MOEA,457,5,201.36,1069.24,0 24 45 94 49 32 51 79 5 29 90 65 6 87 52 60 61 97 0,
PFG_MOEA,457,6,201.36,1069.24,0 42 76 9 55 75 81 93 100 8 57 95 41 98 85 88 63 74 78 64 13 0,42 88
PFG_MOEA,458,1,235.98,829.78,0 20 91 21 33 37 68 56 39 84 23 22 1 34 43 92 0,34
PFG_MOEA,458,2,235.98,829.78,0 99 0,99
PFG_MOEA,458,3,235.98,829.78,0 4 80 53 66 94 45 24 51 49 32 3 36 54 70 72 67 86 82 58 77 62 48 50 25 2 0,
PFG_MOEA,458,4,235.98,829.78,0 12 73 14 11 83 96 26 10 89 59 44 38 47 69 28 46 7 0,26
PFG_MOEA,458,5,235.98,829.78,0 79 5 29 90 65 6 87 52 60 61 97 75 13 27 0,
PFG_MOEA,458,6,235.98,829.78,0 8 100 93 9 55 76 42 81 57 95 41 98 85 88 63 74 78 64 30 15 71 35 31 17 40 16 18 19 0,42 64
PFG_MOEA,459,1,199.67,1096.55,0 5 29 90 65 6 87 52 60 61 97 75 7 14 73 12 99 2 25 50 48 0,6 52
PFG_MOEA,459,2,199.67,1096.55,0 24 79 51 45 94 49 32 36 54 70 72 67 86 82 3 62 0,
PFG_MOEA,459,3,199.67,1096.55,0 4 80 53 66 58 77 46 28 69 47 38 44 59 89 10 26 96 0,69
PFG_MOEA,459,4,199.67,1096.55,0 8 100 93 81 55 9 76 42 83 11 98 41 95 57 0,
PFG_MOEA,459,5,199.67,1096.55,0 20 91 21 33 37 18 16 40 35 71 15 30 64 78 74 63 88 85 0,63
PFG_MOEA,459,6,199.67,1096.55,0 92 43 34 1 22 23 84 39 56 68 19 17 31 27 13 0,31
PFG_MOEA,460,1,218.48,880.23,0 98 85 88 63 74 78 64 30 15 71 35 40 16 18 19 31 17 20 91 34 43 48 0,43 98
PFG_MOEA,460,2,218.48,880.23,0 50 92 21 33 37 68 56 39 84 23 22 1 99 2 25 0,99
PFG_MOEA,460,3,218.48,880.23,0 4 80 53 66 94 49 51 45 24 79 32 3 36 54 70 72 67 86 82 58 77 62 0,
PFG_MOEA,460,4,218.48,880.23,0 93 9 100 8 7 46 0,
PFG_MOEA,460,5,218.48,880.23,0 28 69 47 38 44 59 26 10 89 96 83 11 14 73 0,26
PFG_MOEA,460,6,218.48,880.23,0 5 29 90 65 6 87 52 60 61 97 75 55 76 42 81 57 95 41 12 27 13 0,29 42
PFG_MOEA,461,1,198.33,1121.84,0 13 27 12 41 95 78 64 30 15 71 35 40 16 18 19 31 17 20 91 0,
PFG_MOEA,461,2,198.33,1121.84,0 50 48 92 22 23 84 39 56 68 37 33 21 34 43 0,
PFG_MOEA,461,3,198.33,1121.84,0 4 80 53 66 94 49 51 45 24 79 32 54 36 3 1 99 2 25 0,2
PFG_MOEA,461,4,198.33,1121.84,0 62 77 58 82 86 67 72 70 93 9 100 8 7 46 28 69 47 0,58 93
PFG_MOEA,461,5,198.33,1121.84,0 73 98 85 88 63 74 14 11 83 96 44 38 59 26 10 89 5 29 90 0,11 26 63 98
PFG_MOEA,461,6,198.33,1121.84,0 65 6 87 52 60 61 97 75 55 76 42 81 57 0,
PFG_MOEA,462,1,205.55,1025.13,0 81 57 95 41 15 30 64 78 74 63 88 85 98 71 35 40 16 18 19 17 31 0,78
PFG_MOEA,462,2,205.55,1025.13,0 20 91 21 33 37 68 56 39 84 23 22 1 99 34 43 92 53 80 4 0,99
PFG_MOEA,462,3,205.55,1025.13,0 66 94 3 36 54 70 72 67 32 49 51 45 24 0,
PFG_MOEA,462,4,205.55,1025.13,0 77 58 82 86 62 48 50 25 2 12 73 14 11 83 96 59 26 89 10 0,12 26 83
PFG_MOEA,462,5,205.55,1025.13,0 44 38 47 69 28 46 7 75 97 61 60 52 87 6 65 90 29 5 79 0,
PFG_MOEA,462,6,205.55,1025.13,0 13 27 8 100 93 9 55 76 42 0,76
PFG_MOEA,463,1,201.36,1069.24,0 27 12 73 14 11 83 96 26 10 89 59 44 38 47 69 28 46 0,83
PFG_MOEA,463,2,201.36,1069.24,0 7 30 15 71 35 40 16 18 19 31 17 20 91 0,31
PFG_MOEA,463,3,201.36,1069.24,0 25 2 99 34 43 92 1 84 23 22 70 72 67 86 82 58 77 50 0,
PFG_MOEA,463,4,201.36,1069.24,0 4 80 53 66 54 36 3 39 56 68 37 33 21 62 48 0,36 62
PFG_MOEA,463,5,201.36,1069.24,0 24 45 94 49 32 51 79 5 29 90 65 6 87 52 60 61 97 0,
PFG_MOEA,463,6,201.36,1069.24,0 42 76 9 55 75 81 93 100 8 57 95 41 98 85 88 63 74 78 64 13 0,42 88
PFG_MOEA,464,1,235.98,829.78,0 20 91 21 33 37 68 56 39 84 23 22 1 34 43 92 0,34
PFG_MOEA,464,2,235.98,829.78,0 99 0,99
PFG_MOEA,464,3,235.98,829.78,0 4 80 53 66 94 45 24 51 49 32 3 36 54 70 72 67 86 82 58 77 62 48 50 25 2 0,
PFG_MOEA,464,4,235.98,829.78,0 12 73 14 11 83 96 26 10 89 59 44 38 47 69 28 46 7 0,26
PFG_MOEA,464,5,235.98,829.78,0 79 5 29 90 65 6 87 52 60 61 97 75 13 27 0,
PFG_MOEA,464,6,235.98,829.78,0 8 100 93 9 55 76 42 81 57 95 41 98 85 88 63 74 78 64 30 15 71 35 31 17 40 16 18 19 0,42 64
PFG_MOEA,465,1,199.67,1096.55,0 5 29 90 65 6 87 52 60 61 97 75 7 14 73 12 99 2 25 50 48 0,6 52
PFG_MOEA,465,2,199.67,1096.55,0 24 79 51 45 94 49 32 36 54 70 72 67 86 82 3 62 0,
PFG_MOEA,465,3,199.67,1096.55,0 4 80 53 66 58 77 46 28 69 47 38 44 59 89 10 26 96 0,69
PFG_MOEA,465,4,199.67,1096.55,0 8 100 93 81 55 9 76 42 83 11 98 41 95 57 0,
PFG_MOEA,465,5,199.67,1096.55,0 20 91 21 33 37 18 16 40 35 71 15 30 64 78 74 63 88 85 0,63
PFG_MOEA,465,6,199.67,1096.55,0 92 43 34 1 22 23 84 39 56 68 19 17 31 27 13 0,31
PFG_MOEA,466,1,218.48,880.23,0 98 85 88 63 74 78 64 30 15 71 35 40 16 18 19 31 17 20 91 34 43 48 0,43 98
PFG_MOEA,466,2,218.48,880.23,0 50 92 21 33 37 68 56 39 84 23 22 1 99 2 25 0,99
PFG_MOEA,466,3,218.48,880.23,0 4 80 53 66 94 49 51 45 24 79 32 3 36 54 70 72 67 86 82 58 77 62 0,
PFG_MOEA,466,4,218.48,880.23,0 93 9 100 8 7 46 0,
PFG_MOEA,466,5,218.48,880.23,0 28 69 47 38 44 59 26 10 89 96 83 11 14 73 0,26
PFG_MOEA,466,6,218.48,880.23,0 5 29 90 65 6 87 52 60 61 97 75 55 76 42 81 57 95 41 12 27 13 0,29 42
PFG_MOEA,467,1,198.33,1121.84,0 13 27 12 41 95 78 64 30 15 71 35 40 16 18 19 31 17 20 91 0,
PFG_MOEA,467,2,198.33,1121.84,0 50 48 92 22 23 84 39 56 68 37 33 21 34 43 0,
PFG_MOEA,467,3,198.33,1121.84,0 4 80 53 66 94 49 51 45 24 79 32 54 36 3 1 99 2 25 0,2
PFG_MOEA,467,4,198.33,1121.84,0 62 77 58 82 86 67 72 70 93 9 100 8 7 46 28 69 47 0,58 93
PFG_MOEA,467,5,198.33,1121.84,0 73 98 85 88 63 74 14 11 83 96 44 38 59 26 10 89 5 29 90 0,11 26 63 98
PFG_MOEA,467,6,198.33,1121.84,0 65 6 87 52 60 61 97 75 55 76 42 81 57 0,
PFG_MOEA,468,1,205.55,1025.13,0 81 57 95 41 15 30 64 78 74 63 88 85 98 71 35 40 16 18 19 17 31 0,78
PFG_MOEA,468,2,205.55,1025.13,0 20 91 21 33 37 68 56 39 84 23 22 1 99 34 43 92 53 80 4 0,99
PFG_MOEA,468,3,205.55,1025.13,0 66 94 3 36 54 70 72 67 32 49 51 45 24 0,
PFG_MOEA,468,4,205.55,1025.13,0 77 58 82 86 62 48 50 25 2 12 73 14 11 83 96 59 26 89 10 0,12 26 83
PFG_MOEA,468,5,205.55,1025.13,0 44 38 47 69 28 46 7 75 97 61 60 52 87 6 65 90 29 5 79 0,
PFG_MOEA,468,6,205.55,1025.13,0 13 27 8 100 93 9 55 76 42 0,76
PFG_MOEA,469,1,201.36,1069.24,0 27 12 73 14 11 83 96 26 10 89 59 44 38 47 69 28 46 0,83
PFG_MOEA,469,2,201.36,1069.24,0 7 30 15 71 35 40 16 18 19 31 17 20 91 0,31
PFG_MOEA,469,3,201.36,1069.24,0 25 2 99 34 43 92 1 84 23 22 70 72 67 86 82 58 77 50 0,
PFG_MOEA,469,4,201.36,1069.24,0 4 80 53 66 54 36 3 39 56 68 37 33 21 62 48 0,36 62
PFG_MOEA,469,5,201.36,1069.24,0 24 45 94 49 32 51 79 5 29 90 65 6 87 52 60 61 97 0,
PFG_MOEA,469,6,201.36,1069.24,0 42 76 9 55 75 81 93 100 8 57 95 41 98 85 88 63 74 78 64 13 0,42 88
PFG_MOEA,470,1,235.98,829.78,0 20 91 21 33 37 68 56 39 84 23 22 1 34 43 92 0,34
PFG_MOEA,470,2,235.98,829.78,0 99 0,99
PFG_MOEA,470,3,235.98,829.78,0 4 80 53 66 94 45 24 51 49 32 3 36 54 70 72 67 86 82 58 77 62 48 50 25 2 0,
PFG_MOEA,470,4,235.98,829.78,0 12 73 14 11 83 96 26 10 89 59 44 38 47 69 28 46 7 0,26
PFG_MOEA,470,5,235.98,829.78,0 79 5 29 90 65 6 87 52 60 61 97 75 13 27 0,
PFG_MOEA,470,6,235.98,829.78,0 8 100 93 9 55 76 42 81 57 95 41 98 85 88 63 74 78 64 30 15 71 35 31 17 40 16 18 19 0,42 64
PFG_MOEA,471,1,199.67,1096.55,0 5 29 90 65 6 87 52 60 61 97 75 7 14 73 12 99 2 25 50 48 0,6 52
PFG_MOEA,471,2,199.67,1096.55,0 24 79 51 45 94 49 32 36 54 70 72 67 86 82 3 62 0,
PFG_MOEA,471,3,199.67,1096.55,0 4 80 53 66 58 77 46 28 69 47 38 44 59 89 10 26 96 0,69
PFG_MOEA,471,4,199.67,1096.55,0 8 100 93 81 55 9 76 42 83 11 98 41 95 57 0,
PFG_MOEA,471,5,199.67,1096.55,0 20 91 21 33 37 18 16 40 35 71 15 30 64 78 74 63 88 85 0,63
PFG_MOEA,471,6,199.67,1096.55,0 92 43 34 1 22 23 84 39 56 68 19 17 31 27 13 0,31
PFG_MOEA,472,1,218.48,880.23,0 98 85 88 63 74 78 64 30 15 71 35 40 16 18 19 31 17 20 91 34 43 48 0,43 98
PFG_MOEA,472,2,218.48,880.23,0 50 92 21 33 37 68 56 39 84 23 22 1 99 2 25 0,99
PFG_MOEA,472,3,218.48,880.23,0 4 80 53 66 94 49 51 45 24 79 32 3 36 54 70 72 67 86 82 58 77 62 0,
PFG_MOEA,472,4,218.48,880.23,0 93 9 100 8 7 46 0,
PFG_MOEA,472,5,218.48,880.23,0 28 69 47 38 44 59 26 10 89 96 83 11 14 73 0,26
PFG_MOEA,472,6,218.48,880.23,0 5 29 90 65 6 87 52 60 61 97 75 55 76 42 81 57 95 41 12 27 13 0,29 42
PFG_MOEA,473,1,198.33,1121.84,0 13 27 12 41 95 78 64 30 15 71 35 40 16 18 19 31 17 20 91 0,
PFG_MOEA,473,2,198.33,1121.84,0 50 48 92 22 23 84 39 56 68 37 33 21 34 43 0,
PFG_MOEA,473,3,198.33,1121.84,0 4 80 53 66 94 49 51 45 24 79 32 54 36 3 1 99 2 25 0,2
PFG_MOEA,473,4,198.33,1121.84,0 62 77 58 82 86 67 72 70 93 9 100 8 7 46 28 69 47 0,58 93
PFG_MOEA,473,5,198.33,1121.84,0 73 98 85 88 63 74 14 11 83 96 44 38 59 26 10 89 5 29 90 0,11 26 63 98
PFG_MOEA,473,6,198.33,1121.84,0 65 6 87 52 60 61 97 75 55 76 42 81 57 0,
PFG_MOEA,474,1,205.55,1025.13,0 81 57 95 41 15 30 64 78 74 63 88 85 98 71 35 40 16 18 19 17 31 0,78
PFG_MOEA,474,2,205.55,1025.13,0 20 91 21 33 37 68 56 39 84 23 22 1 99 34 43 92 53 80 4 0,99
PFG_MOEA,474,3,205.55,1025.13,0 66 94 3 36 54 70 72 67 32 49 51 45 24 0,
PFG_MOEA,474,4,205.55,1025.13,0 77 58 82 86 62 48 50 25 2 12 73 14 11 83 96 59 26 89 10 0,12 26 83
PFG_MOEA,474,5,205.55,1025.13,0 44 38 47 69 28 46 7 75 97 61 60 52 87 6 65 90 29 5 79 0,
PFG_MOEA,474,6,205.55,1025.13,0 13 27 8 100 93 9 55 76 42 0,76
PFG_MOEA,475,1,201.36,1069.24,0 27 12 73 14 11 83 96 26 10 89 59 44 38 47 69 28 46 0,83
PFG_MOEA,475,2,201.36,1069.24,0 7 30 15 71 35 40 16 18 19 31 17 20 91 0,31
PFG_MOEA,475,3,201.36,1069.24,0 25 2 99 34 43 92 1 84 23 22 70 72 67 86 82 58 77 50 0,
PFG_MOEA,475,4,201.36,1069.24,0 4 80 53 66 54 36 3 39 56 68 37 33 21 62 48 0,36 62
PFG_MOEA,475,5,201.36,1069.24,0 24 45 94 49 32 51 79 5 29 90 65 6 87 52 60 61 97 0,
PFG_MOEA,475,6,201.36,1069.24,0 42 76 9 55 75 81 93 100 8 57 95 41 98 85 88 63 74 78 64 13 0,42 88
PFG_MOEA,476,1,235.98,829.78,0 20 91 21 33 37 68 56 39 84 23 22 1 34 43 92 0,34
PFG_MOEA,476,2,235.98,829.78,0 99 0,99
PFG_MOEA,476,3,235.98,829.78,0 4 80 53 66 94 45 24 51 49 32 3 36 54 70 72 67 86 82 58 77 62 48 50 25 2 0,
PFG_MOEA,476,4,235.98,829.78,0 12 73 14 11 83 96 26 10 89 59 44 38 47 69 28 46 7 0,26
PFG_MOEA,476,5,235.98,829.78,0 79 5 29 90 65 6 87 52 60 61 97 75 13 27 0,
PFG_MOEA,476,6,235.98,829.78,0 8 100 93 9 55 76 42 81 57 95 41 98 85 88 63 74 78 64 30 15 71 35 31 17 40 16 18 19 0,42 64
PFG_MOEA,477,1,199.67,1096.55,0 5 29 90 65 6 87 52 60 61 97 75 7 14 73 12 99 2 25 50 48 0,6 52
PFG_MOEA,477,2,199.67,1096.55,0 24 79 51 45 94 49 32 36 54 70 72 67 86 82 3 62 0,
PFG_MOEA,477,3,199.67,1096.55,0 4 80 53 66 58 77 46 28 69 47 38 44 59 89 10 26 96 0,69
PFG_MOEA,477,4,199.67,1096.55,0 8 100 93 81 55 9 76 42 83 11 98 41 95 57 0,
PFG_MOEA,477,5,199.67,1096.55,0 20 91 21 33 37 18 16 40 35 71 15 30 64 78 74 63 88 85 0,63
PFG_MOEA,477,6,199.67,1096.55,0 92 43 34 1 22 23 84 39 56 68 19 17 31 27 13 0,31
PFG_MOEA,478,1,218.48,880.23,0 98 85 88 63 74 78 64 30 15 71 35 40 16 18 19 31 17 20 91 34 43 48 0,43 98
PFG_MOEA,478,2,218.48,880.23,0 50 92 21 33 37 68 56 39 84 23 22 1 99 2 25 0,99
PFG_MOEA,478,3,218.48,880.23,0 4 80 53 66 94 49 51 45 24 79 32 3 36 54 70 72 67 86 82 58 77 62 0,
PFG_MOEA,478,4,218.48,880.23,0 93 9 100 8 7 46 0,
PFG_MOEA,478,5,218.48,880.23,0 28 69 47 38 44 59 26 10 89 96 83 11 14 73 0,26
PFG_MOEA,478,6,218.48,880.23,0 5 29 90 65 6 87 52 60 61 97 75 55 76 42 81 57 95 41 12 27 13 0,29 42
PFG_MOEA,479,1,198.33,1121.84,0 13 27 12 41 95 78 64 30 15 71 35 40 16 18 19 31 17 20 91 0,
PFG_MOEA,479,2,198.33,1121.84,0 50 48 92 22 23 84 39 56 68 37 33 21 34 43 0,
PFG_MOEA,479,3,198.33,1121.84,0 4 80 53 66 94 49 51 45 24 79 32 54 36 3 1 99 2 25 0,2
PFG_MOEA,479,4,198.33,1121.84,0 62 77 58 82 86 67 72 70 93 9 100 8 7 46 28 69 47 0,58 93
PFG_MOEA,479,5,198.33,1121.84,0 73 98 85 88 63 74 14 11 83 96 44 38 59 26 10 89 5 29 90 0,11 26 63 98
PFG_MOEA,479,6,198.33,1121.84,0 65 6 87 52 60 61 97 75 55 76 42 81 57 0,
PFG_MOEA,480,1,205.55,1025.13,0 81 57 95 41 15 30 64 78 74 63 88 85 98 71 35 40 16 18 19 17 31 0,78
PFG_MOEA,480,2,205.55,1025.13,0 20 91 21 33 37 68 56 39 84 23 22 1 99 34 43 92 53 80 4 0,99
PFG_MOEA,480,3,205.55,1025.13,0 66 94 3 36 54 70 72 67 32 49 51 45 24 0,
PFG_MOEA,480,4,205.55,1025.13,0 77 58 82 86 62 48 50 25 2 12 73 14 11 83 96 59 26 89 10 0,12 26 83
PFG_MOEA,480,5,205.55,1025.13,0 44 38 47 69 28 46 7 75 97 61 60 52 87 6 65 90 29 5 79 0,
PFG_MOEA,480,6,205.55,1025.13,0 13 27 8 100 93 9 55 76 42 0,76
PFG_MOEA,481,1,201.36,1069.24,0 27 12 73 14 11 83 96 26 10 89 59 44 38 47 69 28 46 0,83
PFG_MOEA,481,2,201.36,1069.24,0 7 30 15 71 35 40 16 18 19 31 17 20 91 0,31
PFG_MOEA,481,3,201.36,1069.24,0 25 2 99 34 43 92 1 84 23 22 70 72 67 86 82 58 77 50 0,
PFG_MOEA,481,4,201.36,1069.24,0 4 80 53 66 54 36 3 39 56 68 37 33 21 62 48 0,36 62
PFG_MOEA,481,5,201.36,1069.24,0 24 45 94 49 32 51 79 5 29 90 65 6 87 52 60 61 97 0,
PFG_MOEA,481,6,201.36,1069.24,0 42 76 9 55 75 81 93 100 8 57 95 41 98 85 88 63 74 78 64 13 0,42 88
PFG_MOEA,482,1,235.98,829.78,0 20 91 21 33 37 68 56 39 84 23 22 1 34 43 92 0,34
PFG_MOEA,482,2,235.98,829.78,0 99 0,99
PFG_MOEA,482,3,235.98,829.78,0 4 80 53 66 94 45 24 51 49 32 3 36 54 70 72 67 86 82 58 77 62 48 50 25 2 0,
PFG_MOEA,482,4,235.98,829.78,0 12 73 14 11 83 96 26 10 89 59 44 38 47 69 28 46 7 0,26
PFG_MOEA,482,5,235.98,829.78,0 79 5 29 90 65 6 87 52 60 61 97 75 13 27 0,
PFG_MOEA,482,6,235.98,829.78,0 8 100 93 9 55 76 42 81 57 95 41 98 85 88 63 74 78 64 30 15 71 35 31 17 40 16 18 19 0,42 64
PFG_MOEA,483,1,199.67,1096.55,0 5 29 90 65 6 87 52 60 61 97 75 7 14 73 12 99 2 25 50 48 0,6 52
PFG_MOEA,483,2,199.67,1096.55,0 24 79 51 45 94 49 32 36 54 70 72 67 86 82 3 62 0,
PFG_MOEA,483,3,199.67,1096.55,0 4 80 53 66 58 77 46 28 69 47 38 44 59 89 10 26 96 0,69
PFG_MOEA,483,4,199.67,1096.55,0 8 100 93 81 55 9 76 42 83 11 98 41 95 57 0,
PFG_MOEA,483,5,199.67,1096.55,0 20 91 21 33 37 18 16 40 35 71 15 30 64 78 74 63 88 85 0,63
PFG_MOEA,483,6,199.67,1096.55,0 92 43 34 1 22 23 84 39 56 68 19 17 31 27 13 0,31
PFG_MOEA,484,1,218.48,880.23,0 98 85 88 63 74 78 64 30 15 71 35 40 16 18 19 31 17 20 91 34 43 48 0,43 98
PFG_MOEA,484,2,218.48,880.23,0 50 92 21 33 37 68 56 39 84 23 22 1 99 2 25 0,99
PFG_MOEA,484,3,218.48,880.23,0 4 80 53 66 94 49 51 45 24 79 32 3 36 54 70 72 67 86 82 58 77 62 0,
PFG_MOEA,484,4,218.48,880.23,0 93 9 100 8 7 46 0,
PFG_MOEA,484,5,218.48,880.23,0 28 69 47 38 44 59 26 10 89 96 83 11 14 73 0,26
PFG_MOEA,484,6,218.48,880.23,0 5 29 90 65 6 87 52 60 61 97 75 55 76 42 81 57 95 41 12 27 13 0,29 42
PFG_MOEA,485,1,198.33,1121.84,0 13 27 12 41 95 78 64 30 15 71 35 40 16 18 19 31 17 20 91 0,
PFG_MOEA,485,2,198.33,1121.84,0 50 48 92 22 23 84 39 56 68 37 33 21 34 43 0,
PFG_MOEA,485,3,198.33,1121.84,0 4 80 53 66 94 49 51 45 24 79 32 54 36 3 1 99 2 25 0,2
PFG_MOEA,485,4,198.33,1121.84,0 62 77 58 82 86 67 72 70 93 9 100 8 7 46 28 69 47 0,58 93
PFG_MOEA,485,5,198.33,1121.84,0 73 98 85 88 63 74 14 11 83 96 44 38 59 26 10 89 5 29 90 0,11 26 63 98
PFG_MOEA,485,6,198.33,1121.84,0 65 6 87 52 60 61 97 75 55 76 42 81 57 0,
PFG_MOEA,486,1,205.55,1025.13,0 81 57 95 41 15 30 64 78 74 63 88 85 98 71 35 40 16 18 19 17 31 0,78
PFG_MOEA,486,2,205.55,1025.13,0 20 91 21 33 37 68 56 39 84 23 22 1 99 34 43 92 53 80 4 0,99
PFG_MOEA,486,3,205.55,1025.13,0 66 94 3 36 54 70 72 67 32 49 51 45 24 0,
PFG_MOEA,486,4,205.55,1025.13,0 77 58 82 86 62 48 50 25 2 12 73 14 11 83 96 59 26 89 10 0,12 26 83
PFG_MOEA,486,5,205.55,1025.13,0 44 38 47 69 28 46 7 75 97 61 60 52 87 6 65 90 29 5 79 0,
PFG_MOEA,486,6,205.55,1025.13,0 13 27 8 100 93 9 55 76 42 0,76
PFG_MOEA,487,1,201.36,1069.24,0 27 12 73 14 11 83 96 26 10 89 59 44 38 47 69 28 46 0,83
PFG_MOEA,487,2,201.36,1069.24,0 7 30 15 71 35 40 16 18 19 31 17 20 91 0,31
PFG_MOEA,487,3,201.36,1069.24,0 25 2 99 34 43 92 1 84 23 22 70 72 67 86 82 58 77 50 0,
PFG_MOEA,487,4,201.36,1069.24,0 4 80 53 66 54 36 3 39 56 68 37 33 21 62 48 0,36 62
PFG_MOEA,487,5,201.36,1069.24,0 24 45 94 49 32 51 79 5 29 90 65 6 87 52 60 61 97 0,
PFG_MOEA,487,6,201.36,1069.24,0 42 76 9 55 75 81 93 100 8 57 95 41 98 85 88 63 74 78 64 13 0,42 88
PFG_MOEA,488,1,235.98,829.78,0 20 91 21 33 37 68 56 39 84 23 22 1 34 43 92 0,34
PFG_MOEA,488,2,235.98,829.78,0 99 0,99
PFG_MOEA,488,3,235.98,829.78,0 4 80 53 66 94 45 24 51 49 32 3 36 54 70 72 67 86 82 58 77 62 48 50 25 2 0,
PFG_MOEA,488,4,235.98,829.78,0 12 73 14 11 83 96 26 10 89 59 44 38 47 69 28 46 7 0,26
PFG_MOEA,488,5,235.98,829.78,0 79 5 29 90 65 6 87 52 60 61 97 75 13 27 0,
PFG_MOEA,488,6,235.98,829.78,0 8 100 93 9 55 76 42 81 57 95 41 98 85 88 63 74 78 64 30 15 71 35 31 17 40 16 18 19 0,42 64
PFG_MOEA,489,1,199.67,1096.55,0 5 29 90 65 6 87 52 60 61 97 75 7 14 73 12 99 2 25 50 48 0,6 52
PFG_MOEA,489,2,199.67,1096.55,0 24 79 51 45 94 49 32 36 54 70 72 67 86 82 3 62 0,
PFG_MOEA,489,3,199.67,1096.55,0 4 80 53 66 58 77 46 28 69 47 38 44 59 89 10 26 96 0,69
PFG_MOEA,489,4,199.67,1096.55,0 8 100 93 81 55 9 76 42 83 11 98 41 95 57 0,
PFG_MOEA,489,5,199.67,1096.55,0 20 91 21 33 37 18 16 40 35 71 15 30 64 78 74 63 88 85 0,63
PFG_MOEA,489,6,199.67,1096.55,0 92 43 34 1 22 23 84 39 56 68 19 17 31 27 13 0,31
PFG_MOEA,490,1,218.48,880.23,0 98 85 88 63 74 78 64 30 15 71 35 40 16 18 19 31 17 20 91 34 43 48 0,43 98
PFG_MOEA,490,2,218.48,880.23,0 50 92 21 33 37 68 56 39 84 23 22 1 99 2 25 0,99
PFG_MOEA,490,3,218.48,880.23,0 4 80 53 66 94 49 51 45 24 79 32 3 36 54 70 72 67 86 82 58 77 62 0,
PFG_MOEA,490,4,218.48,880.23,0 93 9 100 8 7 46 0,
PFG_MOEA,490,5,218.48,880.23,0 28 69 47 38 44 59 26 10 89 96 83 11 14 73 0,26
PFG_MOEA,490,6,218.48,880.23,0 5 29 90 65 6 87 52 60 61 97 75 55 76 42 81 57 95 41 12 27 13 0,29 42
PFG_MOEA,491,1,198.33,1121.84,0 13 27 12 41 95 78 64 30 15 71 35 40 16 18 19 31 17 20 91 0,
PFG_MOEA,491,2,198.33,1121.84,0 50 48 92 22 23 84 39 56 68 37 33 21 34 43 0,
PFG_MOEA,491,3,198.33,1121.84,0 4 80 53 66 94 49 51 45 24 79 32 54 36 3 1 99 2 25 0,2
PFG_MOEA,491,4,198.33,1121.84,0 62 77 58 82 86 67 72 70 93 9 100 8 7 46 28 69 47 0,58 93
PFG_MOEA,491,5,198.33,1121.84,0 73 98 85 88 63 74 14 11 83 96 44 38 59 26 10 89 5 29 90 0,11 26 63 98
PFG_MOEA,491,6,198.33,1121.84,0 65 6 87 52 60 61 97 75 55 76 42 81 57 0,
PFG_MOEA,492,1,205.55,1025.13,0 81 57 95 41 15 30 64 78 74 63 88 85 98 71 35 40 16 18 19 17 31 0,78
PFG_MOEA,492,2,205.55,1025.13,0 20 91 21 33 37 68 56 39 84 23 22 1 99 34 43 92 53 80 4 0,99
PFG_MOEA,492,3,205.55,1025.13,0 66 94 3 36 54 70 72 67 32 49 51 45 24 0,
PFG_MOEA,492,4,205.55,1025.13,0 77 58 82 86 62 48 50 25 2 12 73 14 11 83 96 59 26 89 10 0,12 26 83
PFG_MOEA,492,5,205.55,1025.13,0 44 38 47 69 28 46 7 75 97 61 60 52 87 6 65 90 29 5 79 0,
PFG_MOEA,492,6,205.55,1025.13,0 13 27 8 100 93 9 55 76 42 0,76
PFG_MOEA,493,1,201.36,1069.24,0 27 12 73 14 11 83 96 26 10 89 59 44 38 47 69 28 46 0,83
PFG_MOEA,493,2,201.36,1069.24,0 7 30 15 71 35 40 16 18 19 31 17 20 91 0,31
PFG_MOEA,493,3,201.36,1069.24,0 25 2 99 34 43 92 1 84 23 22 70 72 67 86 82 58 77 50 0,
PFG_MOEA,493,4,201.36,1069.24,0 4 80 53 66 54 36 3 39 56 68 37 33 21 62 48 0,36 62
PFG_MOEA,493,5,201.36,1069.24,0 24 45 94 49 32 51 79 5 29 90 65 6 87 52 60 61 97 0,
PFG_MOEA,493,6,201.36,1069.24,0 42 76 9 55 75 81 93 100 8 57 95 41 98 85 88 63 74 78 64 13 0,42 88
PFG_MOEA,494,1,235.98,829.78,0 20 91 21 33 37 68 56 39 84 23 22 1 34 43 92 0,34
PFG_MOEA,494,2,235.98,829.78,0 99 0,99
PFG_MOEA,494,3,235.98,829.78,0 4 80 53 66 94 45 24 51 49 32 3 36 54 70 72 67 86 82 58 77 62 48 50 25 2 0,
PFG_MOEA,494,4,235.98,829.78,0 12 73 14 11 83 96 26 10 89 59 44 38 47 69 28 46 7 0,26
PFG_MOEA,494,5,235.98,829.78,0 79 5 29 90 65 6 87 52 60 61 97 75 13 27 0,
PFG_MOEA,494,6,235.98,829.78,0 8 100 93 9 55 76 42 81 57 95 41 98 85 88 63 74 78 64 30 15 71 35 31 17 40 16 18 19 0,42 64
PFG_MOEA,495,1,199.67,1096.55,0 5 29 90 65 6 87 52 60 61 97 75 7 14 73 12 99 2 25 50 48 0,6 52
PFG_MOEA,495,2,199.67,1096.55,0 24 79 51 45 94 49 32 36 54 70 72 67 86 82 3 62 0,
PFG_MOEA,495,3,199.67,1096.55,0 4 80 53 66 58 77 46 28 69 47 38 44 59 89 10 26 96 0,69
PFG_MOEA,495,4,199.67,1096.55,0 8 100 93 81 55 9 76 42 83 11 98 41 95 57 0,
PFG_MOEA,495,5,199.67,1096.55,0 20 91 21 33 37 18 16 40 35 71 15 30 64 78 74 63 88 85 0,63
PFG_MOEA,495,6,199.67,1096.55,0 92 43 34 1 22 23 84 39 56 68 19 17 31 27 13 0,31
PFG_MOEA,496,1,218.48,880.23,0 98 85 88 63 74 78 64 30 15 71 35 40 16 18 19 31 17 20 91 34 43 48 0,43 98
PFG_MOEA,496,2,218.48,880.23,0 50 92 21 33 37 68 56 39 84 23 22 1 99 2 25 0,99
PFG_MOEA,496,3,218.48,880.23,0 4 80 53 66 94 49 51 45 24 79 32 3 36 54 70 72 67 86 82 58 77 62 0,
PFG_MOEA,496,4,218.48,880.23,0 93 9 100 8 7 46 0,
PFG_MOEA,496,5,218.48,880.23,0 28 69 47 38 44 59 26 10 89 96 83 11 14 73 0,26
PFG_MOEA,496,6,218.48,880.23,0 5 29 90 65 6 87 52 60 61 97 75 55 76 42 81 57 95 41 12 27 13 0,29 42
PFG_MOEA,497,1,198.33,1121.84,0 13 27 12 41 95 78 64 30 15 71 35 40 16 18 19 31 17 20 91 0,
PFG_MOEA,497,2,198.33,1121.84,0 50 48 92 22 23 84 39 56 68 37 33 21 34 43 0,
PFG_MOEA,497,3,198.33,1121.84,0 4 80 53 66 94 49 51 45 24 79 32 54 36 3 1 99 2 25 0,2
PFG_MOEA,497,4,198.33,1121.84,0 62 77 58 82 86 67 72 70 93 9 100 8 7 46 28 69 47 0,58 93
PFG_MOEA,497,5,198.33,1121.84,0 73 98 85 88 63 74 14 11 83 96 44 38 59 26 10 89 5 29 90 0,11 26 63 98
PFG_MOEA,497,6,198.33,1121.84,0 65 6 87 52 60 61 97 75 55 76 42 81 57 0,
PFG_MOEA,498,1,205.55,1025.13,0 81 57 95 41 15 30 64 78 74 63 88 85 98 71 35 40 16 18 19 17 31 0,78
PFG_MOEA,498,2,205.55,1025.13,0 20 91 21 33 37 68 56 39 84 23 22 1 99 34 43 92 53 80 4 0,99
PFG_MOEA,498,3,205.55,1025.13,0 66 94 3 36 54 70 72 67 32 49 51 45 24 0,
PFG_MOEA,498,4,205.55,1025.13,0 77 58 82 86 62 48 50 25 2 12 73 14 11 83 96 59 26 89 10 0,12 26 83
PFG_MOEA,498,5,205.55,1025.13,0 44 38 47 69 28 46 7 75 97 61 60 52 87 6 65 90 29 5 79 0,
PFG_MOEA,498,6,205.55,1025.13,0 13 27 8 100 93 9 55 76 42 0,76
PFG_MOEA,499,1,201.36,1069.24,0 27 12 73 14 11 83 96 26 10 89 59 44 38 47 69 28 46 0,83
PFG_MOEA,499,2,201.36,1069.24,0 7 30 15 71 35 40 16 18 19 31 17 20 91 0,31
PFG_MOEA,499,3,201.36,1069.24,0 25 2 99 34 43 92 1 84 23 22 70 72 67 86 82 58 77 50 0,
PFG_MOEA,499,4,201.36,1069.24,0 4 80 53 66 54 36 3 39 56 68 37 33 21 62 48 0,36 62
PFG_MOEA,499,5,201.36,1069.24,0 24 45 94 49 32 51 79 5 29 90 65 6 87 52 60 61 97 0,
PFG_MOEA,499,6,201.36,1069.24,0 42 76 9 55 75 81 93 100 8 57 95 41 98 85 88 63 74 78 64 13 0,42 88
PFG_MOEA,500,1,235.98,829.78,0 20 91 21 33 37 68 56 39 84 23 22 1 34 43 92 0,34
PFG_MOEA,500,2,235.98,829.78,0 99 0,99
PFG_MOEA,500,3,235.98,829.78,0 4 80 53 66 94 45 24 51 49 32 3 36 54 70 72 67 86 82 58 77 62 48 50 25 2 0,
PFG_MOEA,500,4,235.98,829.78,0 12 73 14 11 83 96 26 10 89 59 44 38 47 69 28 46 7 0,26
PFG_MOEA,500,5,235.98,829.78,0 79 5 29 90 65 6 87 52 60 61 97 75 13 27 0,
PFG_MOEA,500,6,235.98,829.78,0 8 100 93 9 55 76 42 81 57 95 41 98 85 88 63 74 78 64 30 15 71 35 31 17 40 16 18 19 0,42 64
PFG_MOEA,501,1,199.67,1096.55,0 5 29 90 65 6 87 52 60 61 97 75 7 14 73 12 99 2 25 50 48 0,6 52
PFG_MOEA,501,2,199.67,1096.55,0 24 79 51 45 94 49 32 36 54 70 72 67 86 82 3 62 0,
PFG_MOEA,501,3,199.67,1096.55,0 4 80 53 66 58 77 46 28 69 47 38 44 59 89 10 26 96 0,69
PFG_MOEA,501,4,199.67,1096.55,0 8 100 93 81 55 9 76 42 83 11 98 41 95 57 0,
PFG_MOEA,501,5,199.67,1096.55,0 20 91 21 33 37 18 16 40 35 71 15 30 64 78 74 63 88 85 0,63
PFG_MOEA,501,6,199.67,1096.55,0 92 43 34 1 22 23 84 39 56 68 19 17 31 27 13 0,31
PFG_MOEA,502,1,218.48,880.23,0 98 85 88 63 74 78 64 30 15 71 35 40 16 18 19 31 17 20 91 34 43 48 0,43 98
PFG_MOEA,502,2,218.48,880.23,0 50 92 21 33 37 68 56 39 84 23 22 1 99 2 25 0,99
PFG_MOEA,502,3,218.48,880.23,0 4 80 53 66 94 49 51 45 24 79 32 3 36 54 70 72 67 86 82 58 77 62 0,
PFG_MOEA,502,4,218.48,880.23,0 93 9 100 8 7 46 0,
PFG_MOEA,502,5,218.48,880.23,0 28 69 47 38 44 59 26 10 89 96 83 11 14 73 0,26
PFG_MOEA,502,6,218.48,880.23,0 5 29 90 65 6 87 52 60 61 97 75 55 76 42 81 57 95 41 12 27 13 0,29 42
PFG_MOEA,503,1,198.33,1121.84,0 13 27 12 41 95 78 64 30 15 71 35 40 16 18 19 31 17 20 91 0,
PFG_MOEA,503,2,198.33,1121.84,0 50 48 92 22 23 84 39 56 68 37 33 21 34 43 0,
PFG_MOEA,503,3,198.33,1121.84,0 4 80 53 66 94 49 51 45 24 79 32 54 36 3 1 99 2 25 0,2
PFG_MOEA,503,4,198.33,1121.84,0 62 77 58 82 86 67 72 70 93 9 100 8 7 46 28 69 47 0,58 93
PFG_MOEA,503,5,198.33,1121.84,0 73 98 85 88 63 74 14 11 83 96 44 38 59 26 10 89 5 29 90 0,11 26 63 98
PFG_MOEA,503,6,198.33,1121.84,0 65 6 87 52 60 61 97 75 55 76 42 81 57 0,
PFG_MOEA,504,1,205.55,1025.13,0 81 57 95 41 15 30 64 78 74 63 88 85 98 71 35 40 16 18 19 17 31 0,78
PFG_MOEA,504,2,205.55,1025.13,0 20 91 21 33 37 68 56 39 84 23 22 1 99 34 43 92 53 80 4 0,99
PFG_MOEA,504,3,205.55,1025.13,0 66 94 3 36 54 70 72 67 32 49 51 45 24 0,
PFG_MOEA,504,4,205.55,1025.13,0 77 58 82 86 62 48 50 25 2 12 73 14 11 83 96 59 26 89 10 0,12 26 83
PFG_MOEA,504,5,205.55,1025.13,0 44 38 47 69 28 46 7 75 97 61 60 52 87 6 65 90 29 5 79 0,
PFG_MOEA,504,6,205.55,1025.13,0 13 27 8 100 93 9 55 76 42 0,76
PFG_MOEA,505,1,201.36,1069.24,0 27 12 73 14 11 83 96 26 10 89 59 44 38 47 69 28 46 0,83
PFG_MOEA,505,2,201.36,1069.24,0 7 30 15 71 35 40 16 18 19 31 17 20 91 0,31
PFG_MOEA,505,3,201.36,1069.24,0 25 2 99 34 43 92 1 84 23 22 70 72 67 86 82 58 77 50 0,
PFG_MOEA,505,4,201.36,1069.24,0 4 80 53 66 54 36 3 39 56 68 37 33 21 62 48 0,36 62
PFG_MOEA,505,5,201.36,1069.24,0 24 45 94 49 32 51 79 5 29 90 65 6 87 52 60 61 97 0,
PFG_MOEA,505,6,201.36,1069.24,0 42 76 9 55 75 81 93 100 8 57 95 41 98 85 88 63 74 78 64 13 0,42 88
PFG_MOEA,506,1,235.98,829.78,0 20 91 21 33 37 68 56 39 84 23 22 1 34 43 92 0,34
PFG_MOEA,506,2,235.98,829.78,0 99 0,99
PFG_MOEA,506,3,235.98,829.78,0 4 80 53 66 94 45 24 51 49 32 3 36 54 70 72 67 86 82 58 77 62 48 50 25 2 0,
PFG_MOEA,506,4,235.98,829.78,0 12 73 14 11 83 96 26 10 89 59 44 38 47 69 28 46 7 0,26
PFG_MOEA,506,5,235.98,829.78,0 79 5 29 90 65 6 87 52 60 61 97 75 13 27 0,
PFG_MOEA,506,6,235.98,829.78,0 8 100 93 9 55 76 42 81 57 95 41 98 85 88 63 74 78 64 30 15 71 35 31 17 40 16 18 19 0,42 64
PFG_MOEA,507,1,199.67,1096.55,0 5 29 90 65 6 87 52 60 61 97 75 7 14 73 12 99 2 25 50 48 0,6 52
PFG_MOEA,507,2,199.67,1096.55,0 24 79 51 45 94 49 32 36 54 70 72 67 86 82 3 62 0,
PFG_MOEA,507,3,199.67,1096.55,0 4 80 53 66 58 77 46 28 69 47 38 44 59 89 10 26 96 0,69
PFG_MOEA,507,4,199.67,1096.55,0 8 100 93 81 55 9 76 42 83 11 98 41 95 57 0,
PFG_MOEA,507,5,199.67,1096.55,0 20 91 21 33 37 18 16 40 35 71 15 30 64 78 74 63 88 85 0,63
PFG_MOEA,507,6,199.67,1096.55,0 92 43 34 1 22 23 84 39 56 68 19 17 31 27 13 0,31
PFG_MOEA,508,1,218.48,880.23,0 98 85 88 63 74 78 64 30 15 71 35 40 16 18 19 31 17 20 91 34 43 48 0,43 98
PFG_MOEA,508,2,218.48,880.23,0 50 92 21 33 37 68 56 39 84 23 22 1 99 2 25 0,99
PFG_MOEA,508,3,218.48,880.23,0 4 80 53 66 94 49 51 45 24 79 32 3 36 54 70 72 67 86 82 58 77 62 0,
PFG_MOEA,508,4,218.48,880.23,0 93 9 100 8 7 46 0,
PFG_MOEA,508,5,218.48,880.23,0 28 69 47 38 44 59 26 10 89 96 83 11 14 73 0,26
PFG_MOEA,508,6,218.48,880.23,0 5 29 90 65 6 87 52 60 61 97 75 55 76 42 81 57 95 41 12 27 13 0,29 42
PFG_MOEA,509,1,198.33,1121.84,0 13 27 12 41 95 78 64 30 15 71 35 40 16 18 19 31 17 20 91 0,
PFG_MOEA,509,2,198.33,1121.84,0 50 48 92 22 23 84 39 56 68 37 33 21 34 43 0,
PFG_MOEA,509,3,198.33,1121.84,0 4 80 53 66 94 49 51 45 24 79 32 54 36 3 1 99 2 25 0,2
PFG_MOEA,509,4,198.33,1121.84,0 62 77 58 82 86 67 72 70 93 9 100 8 7 46 28 69 47 0,58 93
PFG_MOEA,509,5,198.33,1121.84,0 73 98 85 88 63 74 14 11 83 96 44 38 59 26 10 89 5 29 90 0,11 26 63 98
PFG_MOEA,509,6,198.33,1121.84,0 65 6 87 52 60 61 97 75 55 76 42 81 57 0,
PFG_MOEA,510,1,205.55,1025.13,0 81 57 95 41 15 30 64 78 74 63 88 85 98 71 35 40 16 18 19 17 31 0,78
PFG_MOEA,510,2,205.55,1025.13,0 20 91 21 33 37 68 56 39 84 23 22 1 99 34 43 92 53 80 4 0,99
PFG_MOEA,510,3,205.55,1025.13,0 66 94 3 36 54 70 72 67 32 49 51 45 24 0,
PFG_MOEA,510,4,205.55,1025.13,0 77 58 82 86 62 48 50 25 2 12 73 14 11 83 96 59 26 89 10 0,12 26 83
PFG_MOEA,510,5,205.55,1025.13,0 44 38 47 69 28 46 7 75 97 61 60 52 87 6 65 90 29 5 79 0,
PFG_MOEA,510,6,205.55,1025.13,0 13 27 8 100 93 9 55 76 42 0,76
PFG_MOEA,511,1,201.36,1069.24,0 27 12 73 14 11 83 96 26 10 89 59 44 38 47 69 28 46 0,83
PFG_MOEA,511,2,201.36,1069.24,0 7 30 15 71 35 40 16 18 19 31 17 20 91 0,31
PFG_MOEA,511,3,201.36,1069.24,0 25 2 99 34 43 92 1 84 23 22 70 72 67 86 82 58 77 50 0,
PFG_MOEA,511,4,201.36,1069.24,0 4 80 53 66 54 36 3 39 56 68 37 33 21 62 48 0,36 62
PFG_MOEA,511,5,201.36,1069.24,0 24 45 94 49 32 51 79 5 29 90 65 6 87 52 60 61 97 0,
PFG_MOEA,511,6,201.36,1069.24,0 42 76 9 55 75 81 93 100 8 57 95 41 98 85 88 63 74 78 64 13 0,42 88
PFG_MOEA,512,1,235.98,829.78,0 20 91 21 33 37 68 56 39 84 23 22 1 34 43 92 0,34
PFG_MOEA,512,2,235.98,829.78,0 99 0,99
PFG_MOEA,512,3,235.98,829.78,0 4 80 53 66 94 45 24 51 49 32 3 36 54 70 72 67 86 82 58 77 62 48 50 25 2 0,
PFG_MOEA,512,4,235.98,829.78,0 12 73 14 11 83 96 26 10 89 59 44 38 47 69 28 46 7 0,26
PFG_MOEA,512,5,235.98,829.78,0 79 5 29 90 65 6 87 52 60 61 97 75 13 27 0,
PFG_MOEA,512,6,235.98,829.78,0 8 100 93 9 55 76 42 81 57 95 41 98 85 88 63 74 78 64 30 15 71 35 31 17 40 16 18 19 0,42 64
PFG_MOEA,513,1,199.67,1096.55,0 5 29 90 65 6 87 52 60 61 97 75 7 14 73 12 99 2 25 50 48 0,6 52
PFG_MOEA,513,2,199.67,1096.55,0 24 79 51 45 94 49 32 36 54 70 72 67 86 82 3 62 0,
PFG_MOEA,513,3,199.67,1096.55,0 4 80 53 66 58 77 46 28 69 47 38 44 59 89 10 26 96 0,69
PFG_MOEA,513,4,199.67,1096.55,0 8 100 93 81 55 9 76 42 83 11 98 41 95 57 0,
PFG_MOEA,513,5,199.67,1096.55,0 20 91 21 33 37 18 16 40 35 71 15 30 64 78 74 63 88 85 0,63
PFG_MOEA,513,6,199.67,1096.55,0 92 43 34 1 22 23 84 39 56 68 19 17 31 27 13 0,31
PFG_MOEA,514,1,218.48,880.23,0 98 85 88 63 74 78 64 30 15 71 35 40 16 18 19 31 17 20 91 34 43 48 0,43 98
PFG_MOEA,514,2,218.48,880.23,0 50 92 21 33 37 68 56 39 84 23 22 1 99 2 25 0,99
PFG_MOEA,514,3,218.48,880.23,0 4 80 53 66 94 49 51 45 24 79 32 3 36 54 70 72 67 86 82 58 77 62 0,
PFG_MOEA,514,4,218.48,880.23,0 93 9 100 8 7 46 0,
PFG_MOEA,514,5,218.48,880.23,0 28 69 47 38 44 59 26 10 89 96 83 11 14 73 0,26
PFG_MOEA,514,6,218.48,880.23,0 5 29 90 65 6 87 52 60 61 97 75 55 76 42 81 57 95 41 12 27 13 0,29 42
PFG_MOEA,515,1,198.33,1121.84,0 13 27 12 41 95 78 64 30 15 71 35 40 16 18 19 31 17 20 91 0,
PFG_MOEA,515,2,198.33,1121.84,0 50 48 92 22 23 84 39 56 68 37 33 21 34 43 0,
PFG_MOEA,515,3,198.33,1121.84,0 4 80 53 66 94 49 51 45 24 79 32 54 36 3 1 99 2 25 0,2
PFG_MOEA,515,4,198.33,1121.84,0 62 77 58 82 86 67 72 70 93 9 100 8 7 46 28 69 47 0,58 93
PFG_MOEA,515,5,198.33,1121.84,0 73 98 85 88 63 74 14 11 83 96 44 38 59 26 10 89 5 29 90 0,11 26 63 98
PFG_MOEA,515,6,198.33,1121.84,0 65 6 87 52 60 61 97 75 55 76 42 81 57 0,
PFG_MOEA,516,1,205.55,1025.13,0 81 57 95 41 15 30 64 78 74 63 88 85 98 71 35 40 16 18 19 17 31 0,78
PFG_MOEA,516,2,205.55,1025.13,0 20 91 21 33 37 68 56 39 84 23 22 1 99 34 43 92 53 80 4 0,99
PFG_MOEA,516,3,205.55,1025.13,0 66 94 3 36 54 70 72 67 32 49 51 45 24 0,
PFG_MOEA,516,4,205.55,1025.13,0 77 58 82 86 62 48 50 25 2 12 73 14 11 83 96 59 26 89 10 0,12 26 83
PFG_MOEA,516,5,205.55,1025.13,0 44 38 47 69 28 46 7 75 97 61 60 52 87 6 65 90 29 5 79 0,
PFG_MOEA,516,6,205.55,1025.13,0 13 27 8 100 93 9 55 76 42 0,76
PFG_MOEA,517,1,201.36,1069.24,0 27 12 73 14 11 83 96 26 10 89 59 44 38 47 69 28 46 0,83
PFG_MOEA,517,2,201.36,1069.24,0 7 30 15 71 35 40 16 18 19 31 17 20 91 0,31
PFG_MOEA,517,3,201.36,1069.24,0 25 2 99 34 43 92 1 84 23 22 70 72 67 86 82 58 77 50 0,
PFG_MOEA,517,4,201.36,1069.24,0 4 80 53 66 54 36 3 39 56 68 37 33 21 62 48 0,36 62
PFG_MOEA,517,5,201.36,1069.24,0 24 45 94 49 32 51 79 5 29 90 65 6 87 52 60 61 97 0,
PFG_MOEA,517,6,201.36,1069.24,0 42 76 9 55 75 81 93 100 8 57 95 41 98 85 88 63 74 78 64 13 0,42 88
PFG_MOEA,518,1,235.98,829.78,0 20 91 21 33 37 68 56 39 84 23 22 1 34 43 92 0,34
PFG_MOEA,518,2,235.98,829.78,0 99 0,99
PFG_MOEA,518,3,235.98,829.78,0 4 80 53 66 94 45 24 51 49 32 3 36 54 70 72 67 86 82 58 77 62 48 50 25 2 0,
PFG_MOEA,518,4,235.98,829.78,0 12 73 14 11 83 96 26 10 89 59 44 38 47 69 28 46 7 0,26
PFG_MOEA,518,5,235.98,829.78,0 79 5 29 90 65 6 87 52 60 61 97 75 13 27 0,
PFG_MOEA,518,6,235.98,829.78,0 8 100 93 9 55 76 42 81 57 95 41 98 85 88 63 74 78 64 30 15 71 35 31 17 40 16 18 19 0,42 64
PFG_MOEA,519,1,199.67,1096.55,0 5 29 90 65 6 87 52 60 61 97 75 7 14 73 12 99 2 25 50 48 0,6 52
PFG_MOEA,519,2,199.67,1096.55,0 24 79 51 45 94 49 32 36 54 70 72 67 86 82 3 62 0,
PFG_MOEA,519,3,199.67,1096.55,0 4 80 53 66 58 77 46 28 69 47 38 44 59 89 10 26 96 0,69
PFG_MOEA,519,4,199.67,1096.55,0 8 100 93 81 55 9 76 42 83 11 98 41 95 57 0,
PFG_MOEA,519,5,199.67,1096.55,0 20 91 21 33 37 18 16 40 35 71 15 30 64 78 74 63 88 85 0,63
PFG_MOEA,519,6,199.67,1096.55,0 92 43 34 1 22 23 84 39 56 68 19 17 31 27 13 0,31
PFG_MOEA,520,1,218.48,880.23,0 98 85 88 63 74 78 64 30 15 71 35 40 16 18 19 31 17 20 91 34 43 48 0,43 98
PFG_MOEA,520,2,218.48,880.23,0 50 92 21 33 37 68 56 39 84 23 22 1 99 2 25 0,99
PFG_MOEA,520,3,218.48,880.23,0 4 80 53 66 94 49 51 45 24 79 32 3 36 54 70 72 67 86 82 58 77 62 0,
PFG_MOEA,520,4,218.48,880.23,0 93 9 100 8 7 46 0,
PFG_MOEA,520,5,218.48,880.23,0 28 69 47 38 44 59 26 10 89 96 83 11 14 73 0,26
PFG_MOEA,520,6,218.48,880.23,0 5 29 90 65 6 87 52 60 61 97 75 55 76 42 81 57 95 41 12 27 13 0,29 42
PFG_MOEA,521,1,198.33,1121.84,0 13 27 12 41 95 78 64 30 15 71 35 40 16 18 19 31 17 20 91 0,
PFG_MOEA,521,2,198.33,1121.84,0 50 48 92 22 23 84 39 56 68 37 33 21 34 43 0,
PFG_MOEA,521,3,198.33,1121.84,0 4 80 53 66 94 49 51 45 24 79 32 54 36 3 1 99 2 25 0,2
PFG_MOEA,521,4,198.33,1121.84,0 62 77 58 82 86 67 72 70 93 9 100 8 7 46 28 69 47 0,58 93
PFG_MOEA,521,5,198.33,1121.84,0 73 98 85 88 63 74 14 11 83 96 44 38 59 26 10 89 5 29 90 0,11 26 63 98
PFG_MOEA,521,6,198.33,1121.84,0 65 6 87 52 60 61 97 75 55 76 42 81 57 0,
PFG_MOEA,522,1,205.55,1025.13,0 81 57 95 41 15 30 64 78 74 63 88 85 98 71 35 40 16 18 19 17 31 0,78
PFG_MOEA,522,2,205.55,1025.13,0 20 91 21 33 37 68 56 39 84 23 22 1 99 34 43 92 53 80 4 0,99
PFG_MOEA,522,3,205.55,1025.13,0 66 94 3 36 54 70 72 67 32 49 51 45 24 0,
PFG_MOEA,522,4,205.55,1025.13,0 77 58 82 86 62 48 50 25 2 12 73 14 11 83 96 59 26 89 10 0,12 26 83
PFG_MOEA,522,5,205.55,1025.13,0 44 38 47 69 28 46 7 75 97 61 60 52 87 6 65 90 29 5 79 0,
PFG_MOEA,522,6,205.55,1025.13,0 13 27 8 100 93 9 55 76 42 0,76
PFG_MOEA,523,1,201.36,1069.24,0 27 12 73 14 11 83 96 26 10 89 59 44 38 47 69 28 46 0,83
PFG_MOEA,523,2,201.36,1069.24,0 7 30 15 71 35 40 16 18 19 31 17 20 91 0,31
PFG_MOEA,523,3,201.36,1069.24,0 25 2 99 34 43 92 1 84 23 22 70 72 67 86 82 58 77 50 0,
PFG_MOEA,523,4,201.36,1069.24,0 4 80 53 66 54 36 3 39 56 68 37 33 21 62 48 0,36 62
PFG_MOEA,523,5,201.36,1069.24,0 24 45 94 49 32 51 79 5 29 90 65 6 87 52 60 61 97 0,
PFG_MOEA,523,6,201.36,1069.24,0 42 76 9 55 75 81 93 100 8 57 95 41 98 85 88 63 74 78 64 13 0,42 88
PFG_MOEA,524,1,235.98,829.78,0 20 91 21 33 37 68 56 39 84 23 22 1 34 43 92 0,34
PFG_MOEA,524,2,235.98,829.78,0 99 0,99
PFG_MOEA,524,3,235.98,829.78,0 4 80 53 66 94 45 24 51 49 32 3 36 54 70 72 67 86 82 58 77 62 48 50 25 2 0,
PFG_MOEA,524,4,235.98,829.78,0 12 73 14 11 83 96 26 10 89 59 44 38 47 69 28 46 7 0,26
PFG_MOEA,524,5,235.98,829.78,0 79 5 29 90 65 6 87 52 60 61 97 75 13 27 0,
PFG_MOEA,524,6,235.98,829.78,0 8 100 93 9 55 76 42 81 57 95 41 98 85 88 63 74 78 64 30 15 71 35 31 17 40 16 18 19 0,42 64
PFG_MOEA,525,1,199.67,1096.55,0 5 29 90 65 6 87 52 60 61 97 75 7 14 73 12 99 2 25 50 48 0,6 52
PFG_MOEA,525,2,199.67,1096.55,0 24 79 51 45 94 49 32 36 54 70 72 67 86 82 3 62 0,
PFG_MOEA,525,3,199.67,1096.55,0 4 80 53 66 58 77 46 28 69 47 38 44 59 89 10 26 96 0,69
PFG_MOEA,525,4,199.67,1096.55,0 8 100 93 81 55 9 76 42 83 11 98 41 95 57 0,
PFG_MOEA,525,5,199.67,1096.55,0 20 91 21 33 37 18 16 40 35 71 15 30 64 78 74 63 88 85 0,63
PFG_MOEA,525,6,199.67,1096.55,0 92 43 34 1 22 23 84 39 56 68 19 17 31 27 13 0,31
PFG_MOEA,526,1,218.48,880.23,0 98 85 88 63 74 78 64 30 15 71 35 40 16 18 19 31 17 20 91 34 43 48 0,43 98
PFG_MOEA,526,2,218.48,880.23,0 50 92 21 33 37 68 56 39 84 23 22 1 99 2 25 0,99
PFG_MOEA,526,3,218.48,880.23,0 4 80 53 66 94 49 51 45 24 79 32 3 36 54 70 72 67 86 82 58 77 62 0,
PFG_MOEA,526,4,218.48,880.23,0 93 9 100 8 7 46 0,
PFG_MOEA,526,5,218.48,880.23,0 28 69 47 38 44 59 26 10 89 96 83 11 14 73 0,26
PFG_MOEA,526,6,218.48,880.23,0 5 29 90 65 6 87 52 60 61 97 75 55 76 42 81 57 95 41 12 27 13 0,29 42
PFG_MOEA,527,1,198.33,1121.84,0 13 27 12 41 95 78 64 30 15 71 35 40 16 18 19 31 17 20 91 0,
PFG_MOEA,527,2,198.33,1121.84,0 50 48 92 22 23 84 39 56 68 37 33 21 34 43 0,
PFG_MOEA,527,3,198.33,1121.84,0 4 80 53 66 94 49 51 45 24 79 32 54 36 3 1 99 2 25 0,2
PFG_MOEA,527,4,198.33,1121.84,0 62 77 58 82 86 67 72 70 93 9 100 8 7 46 28 69 47 0,58 93
PFG_MOEA,527,5,198.33,1121.84,0 73 98 85 88 63 74 14 11 83 96 44 38 59 26 10 89 5 29 90 0,11 26 63 98
PFG_MOEA,527,6,198.33,1121.84,0 65 6 87 52 60 61 97 75 55 76 42 81 57 0,
PFG_MOEA,528,1,205.55,1025.13,0 81 57 95 41 15 30 64 78 74 63 88 85 98 71 35 40 16 18 19 17 31 0,78
PFG_MOEA,528,2,205.55,1025.13,0 20 91 21 33 37 68 56 39 84 23 22 1 99 34 43 92 53 80 4 0,99
PFG_MOEA,528,3,205.55,1025.13,0 66 94 3 36 54 70 72 67 32 49 51 45 24 0,
PFG_MOEA,528,4,205.55,1025.13,0 77 58 82 86 62 48 50 25 2 12 73 14 11 83 96 59 26 89 10 0,12 26 83
PFG_MOEA,528,5,205.55,1025.13,0 44 38 47 69 28 46 7 75 97 61 60 52 87 6 65 90 29 5 79 0,
PFG_MOEA,528,6,205.55,1025.13,0 13 27 8 100 93 9 55 76 42 0,76
PFG_MOEA,529,1,201.36,1069.24,0 27 12 73 14 11 83 96 26 10 89 59 44 38 47 69 28 46 0,83
PFG_MOEA,529,2,201.36,1069.24,0 7 30 15 71 35 40 16 18 19 31 17 20 91 0,31
PFG_MOEA,529,3,201.36,1069.24,0 25 2 99 34 43 92 1 84 23 22 70 72 67 86 82 58 77 50 0,
PFG_MOEA,529,4,201.36,1069.24,0 4 80 53 66 54 36 3 39 56 68 37 33 21 62 48 0,36 62
PFG_MOEA,529,5,201.36,1069.24,0 24 45 94 49 32 51 79 5 29 90 65 6 87 52 60 61 97 0,
PFG_MOEA,529,6,201.36,1069.24,0 42 76 9 55 75 81 93 100 8 57 95 41 98 85 88 63 74 78 64 13 0,42 88
PFG_MOEA,530,1,235.98,829.78,0 20 91 21 33 37 68 56 39 84 23 22 1 34 43 92 0,34
PFG_MOEA,530,2,235.98,829.78,0 99 0,99
PFG_MOEA,530,3,235.98,829.78,0 4 80 53 66 94 45 24 51 49 32 3 36 54 70 72 67 86 82 58 77 62 48 50 25 2 0,
PFG_MOEA,530,4,235.98,829.78,0 12 73 14 11 83 96 26 10 89 59 44 38 47 69 28 46 7 0,26
PFG_MOEA,530,5,235.98,829.78,0 79 5 29 90 65 6 87 52 60 61 97 75 13 27 0,
PFG_MOEA,530,6,235.98,829.78,0 8 100 93 9 55 76 42 81 57 95 41 98 85 88 63 74 78 64 30 15 71 35 31 17 40 16 18 19 0,42 64
PFG_MOEA,531,1,199.67,1096.55,0 5 29 90 65 6 87 52 60 61 97 75 7 14 73 12 99 2 25 50 48 0,6 52
PFG_MOEA,531,2,199.67,1096.55,0 24 79 51 45 94 49 32 36 54 70 72 67 86 82 3 62 0,
PFG_MOEA,531,3,199.67,1096.55,0 4 80 53 66 58 77 46 28 69 47 38 44 59 89 10 26 96 0,69
PFG_MOEA,531,4,199.67,1096.55,0 8 100 93 81 55 9 76 42 83 11 98 41 95 57 0,
PFG_MOEA,531,5,199.67,1096.55,0 20 91 21 33 37 18 16 40 35 71 15 30 64 78 74 63 88 85 0,63
PFG_MOEA,531,6,199.67,1096.55,0 92 43 34 1 22 23 84 39 56 68 19 17 31 27 13 0,31
PFG_MOEA,532,1,218.48,880.23,0 98 85 88 63 74 78 64 30 15 71 35 40 16 18 19 31 17 20 91 34 43 48 0,43 98
PFG_MOEA,532,2,218.48,880.23,0 50 92 21 33 37 68 56 39 84 23 22 1 99 2 25 0,99
PFG_MOEA,532,3,218.48,880.23,0 4 80 53 66 94 49 51 45 24 79 32 3 36 54 70 72 67 86 82 58 77 62 0,
PFG_MOEA,532,4,218.48,880.23,0 93 9 100 8 7 46 0,
PFG_MOEA,532,5,218.48,880.23,0 28 69 47 38 44 59 26 10 89 96 83 11 14 73 0,26
PFG_MOEA,532,6,218.48,880.23,0 5 29 90 65 6 87 52 60 61 97 75 55 76 42 81 57 95 41 12 27 13 0,29 42
PFG_MOEA,533,1,198.33,1121.84,0 13 27 12 41 95 78 64 30 15 71 35 40 16 18 19 31 17 20 91 0,
PFG_MOEA,533,2,198.33,1121.84,0 50 48 92 22 23 84 39 56 68 37 33 21 34 43 0,
PFG_MOEA,533,3,198.33,1121.84,0 4 80 53 66 94 49 51 45 24 79 32 54 36 3 1 99 2 25 0,2
PFG_MOEA,533,4,198.33,1121.84,0 62 77 58 82 86 67 72 70 93 9 100 8 7 46 28 69 47 0,58 93
PFG_MOEA,533,5,198.33,1121.84,0 73 98 85 88 63 74 14 11 83 96 44 38 59 26 10 89 5 29 90 0,11 26 63 98
PFG_MOEA,533,6,198.33,1121.84,0 65 6 87 52 60 61 97 75 55 76 42 81 57 0,
PFG_MOEA,534,1,205.55,1025.13,0 81 57 95 41 15 30 64 78 74 63 88 85 98 71 35 40 16 18 19 17 31 0,78
PFG_MOEA,534,2,205.55,1025.13,0 20 91 21 33 37 68 56 39 84 23 22 1 99 34 43 92 53 80 4 0,99
PFG_MOEA,534,3,205.55,1025.13,0 66 94 3 36 54 70 72 67 32 49 51 45 24 0,
PFG_MOEA,534,4,205.55,1025.13,0 77 58 82 86 62 48 50 25 2 12 73 14 11 83 96 59 26 89 10 0,12 26 83
PFG_MOEA,534,5,205.55,1025.13,0 44 38 47 69 28 46 7 75 97 61 60 52 87 6 65 90 29 5 79 0,
PFG_MOEA,534,6,205.55,1025.13,0 13 27 8 100 93 9 55 76 42 0,76
PFG_MOEA,535,1,201.36,1069.24,0 27 12 73 14 11 83 96 26 10 89 59 44 38 47 69 28 46 0,83
PFG_MOEA,535,2,201.36,1069.24,0 7 30 15 71 35 40 16 18 19 31 17 20 91 0,31
PFG_MOEA,535,3,201.36,1069.24,0 25 2 99 34 43 92 1 84 23 22 70 72 67 86 82 58 77 50 0,
PFG_MOEA,535,4,201.36,1069.24,0 4 80 53 66 54 36 3 39 56 68 37 33 21 62 48 0,36 62
PFG_MOEA,535,5,201.36,1069.24,0 24 45 94 49 32 51 79 5 29 90 65 6 87 52 60 61 97 0,
PFG_MOEA,535,6,201.36,1069.24,0 42 76 9 55 75 81 93 100 8 57 95 41 98 85 88 63 74 78 64 13 0,42 88
PFG_MOEA,536,1,235.98,829.78,0 20 91 21 33 37 68 56 39 84 23 22 1 34 43 92 0,34
PFG_MOEA,536,2,235.98,829.78,0 99 0,99
PFG_MOEA,536,3,235.98,829.78,0 4 80 53 66 94 45 24 51 49 32 3 36 54 70 72 67 86 82 58 77 62 48 50 25 2 0,
PFG_MOEA,536,4,235.98,829.78,0 12 73 14 11 83 96 26 10 89 59 44 38 47 69 28 46 7 0,26
PFG_MOEA,536,5,235.98,829.78,0 79 5 29 90 65 6 87 52 60 61 97 75 13 27 0,
PFG_MOEA,536,6,235.98,829.78,0 8 100 93 9 55 76 42 81 57 95 41 98 85 88 63 74 78 64 30 15 71 35 31 17 40 16 18 19 0,42 64
PFG_MOEA,537,1,199.67,1096.55,0 5 29 90 65 6 87 52 60 61 97 75 7 14 73 12 99 2 25 50 48 0,6 52
PFG_MOEA,537,2,199.67,1096.55,0 24 79 51 45 94 49 32 36 54 70 72 67 86 82 3 62 0,
PFG_MOEA,537,3,199.67,1096.55,0 4 80 53 66 58 77 46 28 69 47 38 44 59 89 10 26 96 0,69
PFG_MOEA,537,4,199.67,1096.55,0 8 100 93 81 55 9 76 42 83 11 98 41 95 57 0,
PFG_MOEA,537,5,199.67,1096.55,0 20 91 21 33 37 18 16 40 35 71 15 30 64 78 74 63 88 85 0,63
PFG_MOEA,537,6,199.67,1096.55,0 92 43 34 1 22 23 84 39 56 68 19 17 31 27 13 0,31
PFG_MOEA,538,1,218.48,880.23,0 98 85 88 63 74 78 64 30 15 71 35 40 16 18 19 31 17 20 91 34 43 48 0,43 98
PFG_MOEA,538,2,218.48,880.23,0 50 92 21 33 37 68 56 39 84 23 22 1 99 2 25 0,99
PFG_MOEA,538,3,218.48,880.23,0 4 80 53 66 94 49 51 45 24 79 32 3 36 54 70 72 67 86 82 58 77 62 0,
PFG_MOEA,538,4,218.48,880.23,0 93 9 100 8 7 46 0,
PFG_MOEA,538,5,218.48,880.23,0 28 69 47 38 44 59 26 10 89 96 83 11 14 73 0,26
PFG_MOEA,538,6,218.48,880.23,0 5 29 90 65 6 87 52 60 61 97 75 55 76 42 81 57 95 41 12 27 13 0,29 42
PFG_MOEA,539,1,198.33,1121.84,0 13 27 12 41 95 78 64 30 15 71 35 40 16 18 19 31 17 20 91 0,
PFG_MOEA,539,2,198.33,1121.84,0 50 48 92 22 23 84 39 56 68 37 33 21 34 43 0,
PFG_MOEA,539,3,198.33,1121.84,0 4 80 53 66 94 49 51 45 24 79 32 54 36 3 1 99 2 25 0,2
PFG_MOEA,539,4,198.33,1121.84,0 62 77 58 82 86 67 72 70 93 9 100 8 7 46 28 69 47 0,58 93
PFG_MOEA,539,5,198.33,1121.84,0 73 98 85 88 63 74 14 11 83 96 44 38 59 26 10 89 5 29 90 0,11 26 63 98
PFG_MOEA,539,6,198.33,1121.84,0 65 6 87 52 60 61 97 75 55 76 42 81 57 0,
PFG_MOEA,540,1,205.55,1025.13,0 81 57 95 41 15 30 64 78 74 63 88 85 98 71 35 40 16 18 19 17 31 0,78
PFG_MOEA,540,2,205.55,1025.13,0 20 91 21 33 37 68 56 39 84 23 22 1 99 34 43 92 53 80 4 0,99
PFG_MOEA,540,3,205.55,1025.13,0 66 94 3 36 54 70 72 67 32 49 51 45 24 0,
PFG_MOEA,540,4,205.55,1025.13,0 77 58 82 86 62 48 50 25 2 12 73 14 11 83 96 59 26 89 10 0,12 26 83
PFG_MOEA,540,5,205.55,1025.13,0 44 38 47 69 28 46 7 75 97 61 60 52 87 6 65 90 29 5 79 0,
PFG_MOEA,540,6,205.55,1025.13,0 13 27 8 100 93 9 55 76 42 0,76
PFG_MOEA,541,1,201.36,1069.24,0 27 12 73 14 11 83 96 26 10 89 59 44 38 47 69 28 46 0,83
PFG_MOEA,541,2,201.36,1069.24,0 7 30 15 71 35 40 16 18 19 31 17 20 91 0,31
PFG_MOEA,541,3,201.36,1069.24,0 25 2 99 34 43 92 1 84 23 22 70 72 67 86 82 58 77 50 0,
PFG_MOEA,541,4,201.36,1069.24,0 4 80 53 66 54 36 3 39 56 68 37 33 21 62 48 0,36 62
PFG_MOEA,541,5,201.36,1069.24,0 24 45 94 49 32 51 79 5 29 90 65 6 87 52 60 61 97 0,
PFG_MOEA,541,6,201.36,1069.24,0 42 76 9 55 75 81 93 100 8 57 95 41 98 85 88 63 74 78 64 13 0,42 88
PFG_MOEA,542,1,235.98,829.78,0 20 91 21 33 37 68 56 39 84 23 22 1 34 43 92 0,34
PFG_MOEA,542,2,235.98,829.78,0 99 0,99
PFG_MOEA,542,3,235.98,829.78,0 4 80 53 66 94 45 24 51 49 32 3 36 54 70 72 67 86 82 58 77 62 48 50 25 2 0,
PFG_MOEA,542,4,235.98,829.78,0 12 73 14 11 83 96 26 10 89 59 44 38 47 69 28 46 7 0,26
PFG_MOEA,542,5,235.98,829.78,0 79 5 29 90 65 6 87 52 60 61 97 75 13 27 0,
PFG_MOEA,542,6,235.98,829.78,0 8 100 93 9 55 76 42 81 57 95 41 98 85 88 63 74 78 64 30 15 71 35 31 17 40 16 18 19 0,42 64
PFG_MOEA,543,1,199.67,1096.55,0 5 29 90 65 6 87 52 60 61 97 75 7 14 73 12 99 2 25 50 48 0,6 52
PFG_MOEA,543,2,199.67,1096.55,0 24 79 51 45 94 49 32 36 54 70 72 67 86 82 3 62 0,
PFG_MOEA,543,3,199.67,1096.55,0 4 80 53 66 58 77 46 28 69 47 38 44 59 89 10 26 96 0,69
PFG_MOEA,543,4,199.67,1096.55,0 8 100 93 81 55 9 76 42 83 11 98 41 95 57 0,
PFG_MOEA,543,5,199.67,1096.55,0 20 91 21 33 37 18 16 40 35 71 15 30 64 78 74 63 88 85 0,63
PFG_MOEA,543,6,199.67,1096.55,0 92 43 34 1 22 23 84 39 56 68 19 17 31 27 13 0,31
PFG_MOEA,544,1,218.48,880.23,0 98 85 88 63 74 78 64 30 15 71 35 40 16 18 19 31 17 20 91 34 43 48 0,43 98
PFG_MOEA,544,2,218.48,880.23,0 50 92 21 33 37 68 56 39 84 23 22 1 99 2 25 0,99
PFG_MOEA,544,3,218.48,880.23,0 4 80 53 66 94 49 51 45 24 79 32 3 36 54 70 72 67 86 82 58 77 62 0,
PFG_MOEA,544,4,218.48,880.23,0 93 9 100 8 7 46 0,
PFG_MOEA,544,5,218.48,880.23,0 28 69 47 38 44 59 26 10 89 96 83 11 14 73 0,26
PFG_MOEA,544,6,218.48,880.23,0 5 29 90 65 6 87 52 60 61 97 75 55 76 42 81 57 95 41 12 27 13 0,29 42
PFG_MOEA,545,1,198.33,1121.84,0 13 27 12 41 95 78 64 30 15 71 35 40 16 18 19 31 17 20 91 0,
PFG_MOEA,545,2,198.33,1121.84,0 50 48 92 22 23 84 39 56 68 37 33 21 34 43 0,
PFG_MOEA,545,3,198.33,1121.84,0 4 80 53 66 94 49 51 45 24 79 32 54 36 3 1 99 2 25 0,2
PFG_MOEA,545,4,198.33,1121.84,0 62 77 58 82 86 67 72 70 93 9 100 8 7 46 28 69 47 0,58 93
PFG_MOEA,545,5,198.33,1121.84,0 73 98 85 88 63 74 14 11 83 96 44 38 59 26 10 89 5 29 90 0,11 26 63 98
PFG_MOEA,545,6,198.33,1121.84,0 65 6 87 52 60 61 97 75 55 76 42 81 57 0,
PFG_MOEA,546,1,205.55,1025.13,0 81 57 95 41 15 30 64 78 74 63 88 85 98 71 35 40 16 18 19 17 31 0,78
PFG_MOEA,546,2,205.55,1025.13,0 20 91 21 33 37 68 56 39 84 23 22 1 99 34 43 92 53 80 4 0,99
PFG_MOEA,546,3,205.55,1025.13,0 66 94 3 36 54 70 72 67 32 49 51 45 24 0,
PFG_MOEA,546,4,205.55,1025.13,0 77 58 82 86 62 48 50 25 2 12 73 14 11 83 96 59 26 89 10 0,12 26 83
PFG_MOEA,546,5,205.55,1025.13,0 44 38 47 69 28 46 7 75 97 61 60 52 87 6 65 90 29 5 79 0,
PFG_MOEA,546,6,205.55,1025.13,0 13 27 8 100 93 9 55 76 42 0,76
PFG_MOEA,547,1,201.36,1069.24,0 27 12 73 14 11 83 96 26 10 89 59 44 38 47 69 28 46 0,83
PFG_MOEA,547,2,201.36,1069.24,0 7 30 15 71 35 40 16 18 19 31 17 20 91 0,31
PFG_MOEA,547,3,201.36,1069.24,0 25 2 99 34 43 92 1 84 23 22 70 72 67 86 82 58 77 50 0,
PFG_MOEA,547,4,201.36,1069.24,0 4 80 53 66 54 36 3 39 56 68 37 33 21 62 48 0,36 62
PFG_MOEA,547,5,201.36,1069.24,0 24 45 94 49 32 51 79 5 29 90 65 6 87 52 60 61 97 0,
PFG_MOEA,547,6,201.36,1069.24,0 42 76 9 55 75 81 93 100 8 57 95 41 98 85 88 63 74 78 64 13 0,42 88
PFG_MOEA,548,1,235.98,829.78,0 20 91 21 33 37 68 56 39 84 23 22 1 34 43 92 0,34
PFG_MOEA,548,2,235.98,829.78,0 99 0,99
PFG_MOEA,548,3,235.98,829.78,0 4 80 53 66 94 45 24 51 49 32 3 36 54 70 72 67 86 82 58 77 62 48 50 25 2 0,
PFG_MOEA,548,4,235.98,829.78,0 12 73 14 11 83 96 26 10 89 59 44 38 47 69 28 46 7 0,26
PFG_MOEA,548,5,235.98,829.78,0 79 5 29 90 65 6 87 52 60 61 97 75 13 27 0,
PFG_MOEA,548,6,235.98,829.78,0 8 100 93 9 55 76 42 81 57 95 41 98 85 88 63 74 78 64 30 15 71 35 31 17 40 16 18 19 0,42 64
PFG_MOEA,549,1,199.67,1096.55,0 5 29 90 65 6 87 52 60 61 97 75 7 14 73 12 99 2 25 50 48 0,6 52
PFG_MOEA,549,2,199.67,1096.55,0 24 79 51 45 94 49 32 36 54 70 72 67 86 82 3 62 0,
PFG_MOEA,549,3,199.67,1096.55,0 4 80 53 66 58 77 46 28 69 47 38 44 59 89 10 26 96 0,69
PFG_MOEA,549,4,199.67,1096.55,0 8 100 93 81 55 9 76 42 83 11 98 41 95 57 0,
PFG_MOEA,549,5,199.67,1096.55,0 20 91 21 33 37 18 16 40 35 71 15 30 64 78 74 63 88 85 0,63
PFG_MOEA,549,6,199.67,1096.55,0 92 43 34 1 22 23 84 39 56 68 19 17 31 27 13 0,31
PFG_MOEA,550,1,218.48,880.23,0 98 85 88 63 74 78 64 30 15 71 35 40 16 18 19 31 17 20 91 34 43 48 0,43 98
PFG_MOEA,550,2,218.48,880.23,0 50 92 21 33 37 68 56 39 84 23 22 1 99 2 25 0,99
PFG_MOEA,550,3,218.48,880.23,0 4 80 53 66 94 49 51 45 24 79 32 3 36 54 70 72 67 86 82 58 77 62 0,
PFG_MOEA,550,4,218.48,880.23,0 93 9 100 8 7 46 0,
PFG_MOEA,550,5,218.48,880.23,0 28 69 47 38 44 59 26 10 89 96 83 11 14 73 0,26
PFG_MOEA,550,6,218.48,880.23,0 5 29 90 65 6 87 52 60 61 97 75 55 76 42 81 57 95 41 12 27 13 0,29 42
PFG_MOEA,551,1,198.33,1121.84,0 13 27 12 41 95 78 64 30 15 71 35 40 16 18 19 31 17 20 91 0,
PFG_MOEA,551,2,198.33,1121.84,0 50 48 92 22 23 84 39 56 68 37 33 21 34 43 0,
PFG_MOEA,551,3,198.33,1121.84,0 4 80 53 66 94 49 51 45 24 79 32 54 36 3 1 99 2 25 0,2
PFG_MOEA,551,4,198.33,1121.84,0 62 77 58 82 86 67 72 70 93 9 100 8 7 46 28 69 47 0,58 93
PFG_MOEA,551,5,198.33,1121.84,0 73 98 85 88 63 74 14 11 83 96 44 38 59 26 10 89 5 29 90 0,11 26 63 98
PFG_MOEA,551,6,198.33,1121.84,0 65 6 87 52 60 61 97 75 55 76 42 81 57 0,
PFG_MOEA,552,1,205.55,1025.13,0 81 57 95 41 15 30 64 78 74 63 88 85 98 71 35 40 16 18 19 17 31 0,78
PFG_MOEA,552,2,205.55,1025.13,0 20 91 21 33 37 68 56 39 84 23 22 1 99 34 43 92 53 80 4 0,99
PFG_MOEA,552,3,205.55,1025.13,0 66 94 3 36 54 70 72 67 32 49 51 45 24 0,
PFG_MOEA,552,4,205.55,1025.13,0 77 58 82 86 62 48 50 25 2 12 73 14 11 83 96 59 26 89 10 0,12 26 83
PFG_MOEA,552,5,205.55,1025.13,0 44 38 47 69 28 46 7 75 97 61 60 52 87 6 65 90 29 5 79 0,
PFG_MOEA,552,6,205.55,1025.13,0 13 27 8 100 93 9 55 76 42 0,76
PFG_MOEA,553,1,201.36,1069.24,0 27 12 73 14 11 83 96 26 10 89 59 44 38 47 69 28 46 0,83
PFG_MOEA,553,2,201.36,1069.24,0 7 30 15 71 35 40 16 18 19 31 17 20 91 0,31
PFG_MOEA,553,3,201.36,1069.24,0 25 2 99 34 43 92 1 84 23 22 70 72 67 86 82 58 77 50 0,
PFG_MOEA,553,4,201.36,1069.24,0 4 80 53 66 54 36 3 39 56 68 37 33 21 62 48 0,36 62
PFG_MOEA,553,5,201.36,1069.24,0 24 45 94 49 32 51 79 5 29 90 65 6 87 52 60 61 97 0,
PFG_MOEA,553,6,201.36,1069.24,0 42 76 9 55 75 81 93 100 8 57 95 41 98 85 88 63 74 78 64 13 0,42 88
PFG_MOEA,554,1,235.98,829.78,0 20 91 21 33 37 68 56 39 84 23 22 1 34 43 92 0,34
PFG_MOEA,554,2,235.98,829.78,0 99 0,99
PFG_MOEA,554,3,235.98,829.78,0 4 80 53 66 94 45 24 51 49 32 3 36 54 70 72 67 86 82 58 77 62 48 50 25 2 0,
PFG_MOEA,554,4,235.98,829.78,0 12 73 14 11 83 96 26 10 89 59 44 38 47 69 28 46 7 0,26
PFG_MOEA,554,5,235.98,829.78,0 79 5 29 90 65 6 87 52 60 61 97 75 13 27 0,
PFG_MOEA,554,6,235.98,829.78,0 8 100 93 9 55 76 42 81 57 95 41 98 85 88 63 74 78 64 30 15 71 35 31 17 40 16 18 19 0,42 64
PFG_MOEA,555,1,199.67,1096.55,0 5 29 90 65 6 87 52 60 61 97 75 7 14 73 12 99 2 25 50 48 0,6 52
PFG_MOEA,555,2,199.67,1096.55,0 24 79 51 45 94 49 32 36 54 70 72 67 86 82 3 62 0,
PFG_MOEA,555,3,199.67,1096.55,0 4 80 53 66 58 77 46 28 69 47 38 44 59 89 10 26 96 0,69
PFG_MOEA,555,4,199.67,1096.55,0 8 100 93 81 55 9 76 42 83 11 98 41 95 57 0,
PFG_MOEA,555,5,199.67,1096.55,0 20 91 21 33 37 18 16 40 35 71 15 30 64 78 74 63 88 85 0,63
PFG_MOEA,555,6,199.67,1096.55,0 92 43 34 1 22 23 84 39 56 68 19 17 31 27 13 0,31
PFG_MOEA,556,1,218.48,880.23,0 98 85 88 63 74 78 64 30 15 71 35 40 16 18 19 31 17 20 91 34 43 48 0,43 98
PFG_MOEA,556,2,218.48,880.23,0 50 92 21 33 37 68 56 39 84 23 22 1 99 2 25 0,99
PFG_MOEA,556,3,218.48,880.23,0 4 80 53 66 94 49 51 45 24 79 32 3 36 54 70 72 67 86 82 58 77 62 0,
PFG_MOEA,556,4,218.48,880.23,0 93 9 100 8 7 46 0,
PFG_MOEA,556,5,218.48,880.23,0 28 69 47 38 44 59 26 10 89 96 83 11 14 73 0,26
PFG_MOEA,556,6,218.48,880.23,0 5 29 90 65 6 87 52 60 61 97 75 55 76 42 81 57 95 41 12 27 13 0,29 42
PFG_MOEA,557,1,198.33,1121.84,0 13 27 12 41 95 78 64 30 15 71 35 40 16 18 19 31 17 20 91 0,
PFG_MOEA,557,2,198.33,1121.84,0 50 48 92 22 23 84 39 56 68 37 33 21 34 43 0,
PFG_MOEA,557,3,198.33,1121.84,0 4 80 53 66 94 49 51 45 24 79 32 54 36 3 1 99 2 25 0,2
PFG_MOEA,557,4,198.33,1121.84,0 62 77 58 82 86 67 72 70 93 9 100 8 7 46 28 69 47 0,58 93
PFG_MOEA,557,5,198.33,1121.84,0 73 98 85 88 63 74 14 11 83 96 44 38 59 26 10 89 5 29 90 0,11 26 63 98
PFG_MOEA,557,6,198.33,1121.84,0 65 6 87 52 60 61 97 75 55 76 42 81 57 0,
PFG_MOEA,558,1,205.55,1025.13,0 81 57 95 41 15 30 64 78 74 63 88 85 98 71 35 40 16 18 19 17 31 0,78
PFG_MOEA,558,2,205.55,1025.13,0 20 91 21 33 37 68 56 39 84 23 22 1 99 34 43 92 53 80 4 0,99
PFG_MOEA,558,3,205.55,1025.13,0 66 94 3 36 54 70 72 67 32 49 51 45 24 0,
PFG_MOEA,558,4,205.55,1025.13,0 77 58 82 86 62 48 50 25 2 12 73 14 11 83 96 59 26 89 10 0,12 26 83
PFG_MOEA,558,5,205.55,1025.13,0 44 38 47 69 28 46 7 75 97 61 60 52 87 6 65 90 29 5 79 0,
PFG_MOEA,558,6,205.55,1025.13,0 13 27 8 100 93 9 55 76 42 0,76
PFG_MOEA,559,1,201.36,1069.24,0 27 12 73 14 11 83 96 26 10 89 59 44 38 47 69 28 46 0,83
PFG_MOEA,559,2,201.36,1069.24,0 7 30 15 71 35 40 16 18 19 31 17 20 91 0,31
PFG_MOEA,559,3,201.36,1069.24,0 25 2 99 34 43 92 1 84 23 22 70 72 67 86 82 58 77 50 0,
PFG_MOEA,559,4,201.36,1069.24,0 4 80 53 66 54 36 3 39 56 68 37 33 21 62 48 0,36 62
PFG_MOEA,559,5,201.36,1069.24,0 24 45 94 49 32 51 79 5 29 90 65 6 87 52 60 61 97 0,
PFG_MOEA,559,6,201.36,1069.24,0 42 76 9 55 75 81 93 100 8 57 95 41 98 85 88 63 74 78 64 13 0,42 88
PFG_MOEA,560,1,235.98,829.78,0 20 91 21 33 37 68 56 39 84 23 22 1 34 43 92 0,34
PFG_MOEA,560,2,235.98,829.78,0 99 0,99
PFG_MOEA,560,3,235.98,829.78,0 4 80 53 66 94 45 24 51 49 32 3 36 54 70 72 67 86 82 58 77 62 48 50 25 2 0,
PFG_MOEA,560,4,235.98,829.78,0 12 73 14 11 83 96 26 10 89 59 44 38 47 69 28 46 7 0,26
PFG_MOEA,560,5,235.98,829.78,0 79 5 29 90 65 6 87 52 60 61 97 75 13 27 0,
PFG_MOEA,560,6,235.98,829.78,0 8 100 93 9 55 76 42 81 57 95 41 98 85 88 63 74 78 64 30 15 71 35 31 17 40 16 18 19 0,42 64
PFG_MOEA,561,1,199.67,1096.55,0 5 29 90 65 6 87 52 60 61 97 75 7 14 73 12 99 2 25 50 48 0,6 52
PFG_MOEA,561,2,199.67,1096.55,0 24 79 51 45 94 49 32 36 54 70 72 67 86 82 3 62 0,
PFG_MOEA,561,3,199.67,1096.55,0 4 80 53 66 58 77 46 28 69 47 38 44 59 89 10 26 96 0,69
PFG_MOEA,561,4,199.67,1096.55,0 8 100 93 81 55 9 76 42 83 11 98 41 95 57 0,
PFG_MOEA,561,5,199.67,1096.55,0 20 91 21 33 37 18 16 40 35 71 15 30 64 78 74 63 88 85 0,63
PFG_MOEA,561,6,199.67,1096.55,0 92 43 34 1 22 23 84 39 56 68 19 17 31 27 13 0,31
PFG_MOEA,562,1,218.48,880.23,0 98 85 88 63 74 78 64 30 15 71 35 40 16 18 19 31 17 20 91 34 43 48 0,43 98
PFG_MOEA,562,2,218.48,880.23,0 50 92 21 33 37 68 56 39 84 23 22 1 99 2 25 0,99
PFG_MOEA,562,3,218.48,880.23,0 4 80 53 66 94 49 51 45 24 79 32 3 36 54 70 72 67 86 82 58 77 62 0,
PFG_MOEA,562,4,218.48,880.23,0 93 9 100 8 7 46 0,
PFG_MOEA,562,5,218.48,880.23,0 28 69 47 38 44 59 26 10 89 96 83 11 14 73 0,26
PFG_MOEA,562,6,218.48,880.23,0 5 29 90 65 6 87 52 60 61 97 75 55 76 42 81 57 95 41 12 27 13 0,29 42
PFG_MOEA,563,1,198.33,1121.84,0 13 27 12 41 95 78 64 30 15 71 35 40 16 18 19 31 17 20 91 0,
PFG_MOEA,563,2,198.33,1121.84,0 50 48 92 22 23 84 39 56 68 37 33 21 34 43 0,
PFG_MOEA,563,3,198.33,1121.84,0 4 80 53 66 94 49 51 45 24 79 32 54 36 3 1 99 2 25 0,2
PFG_MOEA,563,4,198.33,1121.84,0 62 77 58 82 86 67 72 70 93 9 100 8 7 46 28 69 47 0,58 93
PFG_MOEA,563,5,198.33,1121.84,0 73 98 85 88 63 74 14 11 83 96 44 38 59 26 10 89 5 29 90 0,11 26 63 98
PFG_MOEA,563,6,198.33,1121.84,0 65 6 87 52 60 61 97 75 55 76 42 81 57 0,
PFG_MOEA,564,1,205.55,1025.13,0 81 57 95 41 15 30 64 78 74 63 88 85 98 71 35 40 16 18 19 17 31 0,78
PFG_MOEA,564,2,205.55,1025.13,0 20 91 21 33 37 68 56 39 84 23 22 1 99 34 43 92 53 80 4 0,99
PFG_MOEA,564,3,205.55,1025.13,0 66 94 3 36 54 70 72 67 32 49 51 45 24 0,
PFG_MOEA,564,4,205.55,1025.13,0 77 58 82 86 62 48 50 25 2 12 73 14 11 83 96 59 26 89 10 0,12 26 83
PFG_MOEA,564,5,205.55,1025.13,0 44 38 47 69 28 46 7 75 97 61 60 52 87 6 65 90 29 5 79 0,
PFG_MOEA,564,6,205.55,1025.13,0 13 27 8 100 93 9 55 76 42 0,76
PFG_MOEA,565,1,201.36,1069.24,0 27 12 73 14 11 83 96 26 10 89 59 44 38 47 69 28 46 0,83
PFG_MOEA,565,2,201.36,1069.24,0 7 30 15 71 35 40 16 18 19 31 17 20 91 0,31
PFG_MOEA,565,3,201.36,1069.24,0 25 2 99 34 43 92 1 84 23 22 70 72 67 86 82 58 77 50 0,
PFG_MOEA,565,4,201.36,1069.24,0 4 80 53 66 54 36 3 39 56 68 37 33 21 62 48 0,36 62
PFG_MOEA,565,5,201.36,1069.24,0 24 45 94 49 32 51 79 5 29 90 65 6 87 52 60 61 97 0,
PFG_MOEA,565,6,201.36,1069.24,0 42 76 9 55 75 81 93 100 8 57 95 41 98 85 88 63 74 78 64 13 0,42 88
PFG_MOEA,566,1,235.98,829.78,0 20 91 21 33 37 68 56 39 84 23 22 1 34 43 92 0,34
PFG_MOEA,566,2,235.98,829.78,0 99 0,99
PFG_MOEA,566,3,235.98,829.78,0 4 80 53 66 94 45 24 51 49 32 3 36 54 70 72 67 86 82 58 77 62 48 50 25 2 0,
PFG_MOEA,566,4,235.98,829.78,0 12 73 14 11 83 96 26 10 89 59 44 38 47 69 28 46 7 0,26
PFG_MOEA,566,5,235.98,829.78,0 79 5 29 90 65 6 87 52 60 61 97 75 13 27 0,
PFG_MOEA,566,6,235.98,829.78,0 8 100 93 9 55 76 42 81 57 95 41 98 85 88 63 74 78 64 30 15 71 35 31 17 40 16 18 19 0,42 64
PFG_MOEA,567,1,199.67,1096.55,0 5 29 90 65 6 87 52 60 61 97 75 7 14 73 12 99 2 25 50 48 0,6 52
PFG_MOEA,567,2,199.67,1096.55,0 24 79 51 45 94 49 32 36 54 70 72 67 86 82 3 62 0,
PFG_MOEA,567,3,199.67,1096.55,0 4 80 53 66 58 77 46 28 69 47 38 44 59 89 10 26 96 0,69
PFG_MOEA,567,4,199.67,1096.55,0 8 100 93 81 55 9 76 42 83 11 98 41 95 57 0,
PFG_MOEA,567,5,199.67,1096.55,0 20 91 21 33 37 18 16 40 35 71 15 30 64 78 74 63 88 85 0,63
PFG_MOEA,567,6,199.67,1096.55,0 92 43 34 1 22 23 84 39 56 68 19 17 31 27 13 0,31
PFG_MOEA,568,1,218.48,880.23,0 98 85 88 63 74 78 64 30 15 71 35 40 16 18 19 31 17 20 91 34 43 48 0,43 98
PFG_MOEA,568,2,218.48,880.23,0 50 92 21 33 37 68 56 39 84 23 22 1 99 2 25 0,99
PFG_MOEA,568,3,218.48,880.23,0 4 80 53 66 94 49 51 45 24 79 32 3 36 54 70 72 67 86 82 58 77 62 0,
PFG_MOEA,568,4,218.48,880.23,0 93 9 100 8 7 46 0,
PFG_MOEA,568,5,218.48,880.23,0 28 69 47 38 44 59 26 10 89 96 83 11 14 73 0,26
PFG_MOEA,568,6,218.48,880.23,0 5 29 90 65 6 87 52 60 61 97 75 55 76 42 81 57 95 41 12 27 13 0,29 42
PFG_MOEA,569,1,198.33,1121.84,0 13 27 12 41 95 78 64 30 15 71 35 40 16 18 19 31 17 20 91 0,
PFG_MOEA,569,2,198.33,1121.84,0 50 48 92 22 23 84 39 56 68 37 33 21 34 43 0,
PFG_MOEA,569,3,198.33,1121.84,0 4 80 53 66 94 49 51 45 24 79 32 54 36 3 1 99 2 25 0,2
PFG_MOEA,569,4,198.33,1121.84,0 62 77 58 82 86 67 72 70 93 9 100 8 7 46 28 69 47 0,58 93
PFG_MOEA,569,5,198.33,1121.84,0 73 98 85 88 63 74 14 11 83 96 44 38 59 26 10 89 5 29 90 0,11 26 63 98
PFG_MOEA,569,6,198.33,1121.84,0 65 6 87 52 60 61 97 75 55 76 42 81 57 0,
PFG_MOEA,570,1,205.55,1025.13,0 81 57 95 41 15 30 64 78 74 63 88 85 98 71 35 40 16 18 19 17 31 0,78
PFG_MOEA,570,2,205.55,1025.13,0 20 91 21 33 37 68 56 39 84 23 22 1 99 34 43 92 53 80 4 0,99
PFG_MOEA,570,3,205.55,1025.13,0 66 94 3 36 54 70 72 67 32 49 51 45 24 0,
PFG_MOEA,570,4,205.55,1025.13,0 77 58 82 86 62 48 50 25 2 12 73 14 11 83 96 59 26 89 10 0,12 26 83
PFG_MOEA,570,5,205.55,1025.13,0 44 38 47 69 28 46 7 75 97 61 60 52 87 6 65 90 29 5 79 0,
PFG_MOEA,570,6,205.55,1025.13,0 13 27 8 100 93 9 55 76 42 0,76
PFG_MOEA,571,1,201.36,1069.24,0 27 12 73 14 11 83 96 26 10 89 59 44 38 47 69 28 46 0,83
PFG_MOEA,571,2,201.36,1069.24,0 7 30 15 71 35 40 16 18 19 31 17 20 91 0,31
PFG_MOEA,571,3,201.36,1069.24,0 25 2 99 34 43 92 1 84 23 22 70 72 67 86 82 58 77 50 0,
PFG_MOEA,571,4,201.36,1069.24,0 4 80 53 66 54 36 3 39 56 68 37 33 21 62 48 0,36 62
PFG_MOEA,571,5,201.36,1069.24,0 24 45 94 49 32 51 79 5 29 90 65 6 87 52 60 61 97 0,
PFG_MOEA,571,6,201.36,1069.24,0 42 76 9 55 75 81 93 100 8 57 95 41 98 85 88 63 74 78 64 13 0,42 88
PFG_MOEA,572,1,235.98,829.78,0 20 91 21 33 37 68 56 39 84 23 22 1 34 43 92 0,34
PFG_MOEA,572,2,235.98,829.78,0 99 0,99
PFG_MOEA,572,3,235.98,829.78,0 4 80 53 66 94 45 24 51 49 32 3 36 54 70 72 67 86 82 58 77 62 48 50 25 2 0,
PFG_MOEA,572,4,235.98,829.78,0 12 73 14 11 83 96 26 10 89 59 44 38 47 69 28 46 7 0,26
PFG_MOEA,572,5,235.98,829.78,0 79 5 29 90 65 6 87 52 60 61 97 75 13 27 0,
PFG_MOEA,572,6,235.98,829.78,0 8 100 93 9 55 76 42 81 57 95 41 98 85 88 63 74 78 64 30 15 71 35 31 17 40 16 18 19 0,42 64
PFG_MOEA,573,1,199.67,1096.55,0 5 29 90 65 6 87 52 60 61 97 75 7 14 73 12 99 2 25 50 48 0,6 52
PFG_MOEA,573,2,199.67,1096.55,0 24 79 51 45 94 49 32 36 54 70 72 67 86 82 3 62 0,
PFG_MOEA,573,3,199.67,1096.55,0 4 80 53 66 58 77 46 28 69 47 38 44 59 89 10 26 96 0,69
PFG_MOEA,573,4,199.67,1096.55,0 8 100 93 81 55 9 76 42 83 11 98 41 95 57 0,
PFG_MOEA,573,5,199.67,1096.55,0 20 91 21 33 37 18 16 40 35 71 15 30 64 78 74 63 88 85 0,63
PFG_MOEA,573,6,199.67,1096.55,0 92 43 34 1 22 23 84 39 56 68 19 17 31 27 13 0,31
PFG_MOEA,574,1,218.48,880.23,0 98 85 88 63 74 78 64 30 15 71 35 40 16 18 19 31 17 20 91 34 43 48 0,43 98
PFG_MOEA,574,2,218.48,880.23,0 50 92 21 33 37 68 56 39 84 23 22 1 99 2 25 0,99
PFG_MOEA,574,3,218.48,880.23,0 4 80 53 66 94 49 51 45 24 79 32 3 36 54 70 72 67 86 82 58 77 62 0,
PFG_MOEA,574,4,218.48,880.23,0 93 9 100 8 7 46 0,
PFG_MOEA,574,5,218.48,880.23,0 28 69 47 38 44 59 26 10 89 96 83 11 14 73 0,26
PFG_MOEA,574,6,218.48,880.23,0 5 29 90 65 6 87 52 60 61 97 75 55 76 42 81 57 95 41 12 27 13 0,29 42
PFG_MOEA,575,1,198.33,1121.84,0 13 27 12 41 95 78 64 30 15 71 35 40 16 18 19 31 17 20 91 0,
PFG_MOEA,575,2,198.33,1121.84,0 50 48 92 22 23 84 39 56 68 37 33 21 34 43 0,
PFG_MOEA,575,3,198.33,1121.84,0 4 80 53 66 94 49 51 45 24 79 32 54 36 3 1 99 2 25 0,2
PFG_MOEA,575,4,198.33,1121.84,0 62 77 58 82 86 67 72 70 93 9 100 8 7 46 28 69 47 0,58 93
PFG_MOEA,575,5,198.33,1121.84,0 73 98 85 88 63 74 14 11 83 96 44 38 59 26 10 89 5 29 90 0,11 26 63 98
PFG_MOEA,575,6,198.33,1121.84,0 65 6 87 52 60 61 97 75 55 76 42 81 57 0,
PFG_MOEA,576,1,205.55,1025.13,0 81 57 95 41 15 30 64 78 74 63 88 85 98 71 35 40 16 18 19 17 31 0,78
PFG_MOEA,576,2,205.55,1025.13,0 20 91 21 33 37 68 56 39 84 23 22 1 99 34 43 92 53 80 4 0,99
PFG_MOEA,576,3,205.55,1025.13,0 66 94 3 36 54 70 72 67 32 49 51 45 24 0,
PFG_MOEA,576,4,205.55,1025.13,0 77 58 82 86 62 48 50 25 2 12 73 14 11 83 96 59 26 89 10 0,12 26 83
PFG_MOEA,576,5,205.55,1025.13,0 44 38 47 69 28 46 7 75 97 61 60 52 87 6 65 90 29 5 79 0,
PFG_MOEA,576,6,205.55,1025.13,0 13 27 8 100 93 9 55 76 42 0,76
PFG_MOEA,577,1,201.36,1069.24,0 27 12 73 14 11 83 96 26 10 89 59 44 38 47 69 28 46 0,83
PFG_MOEA,577,2,201.36,1069.24,0 7 30 15 71 35 40 16 18 19 31 17 20 91 0,31
PFG_MOEA,577,3,201.36,1069.24,0 25 2 99 34 43 92 1 84 23 22 70 72 67 86 82 58 77 50 0,
PFG_MOEA,577,4,201.36,1069.24,0 4 80 53 66 54 36 3 39 56 68 37 33 21 62 48 0,36 62
PFG_MOEA,577,5,201.36,1069.24,0 24 45 94 49 32 51 79 5 29 90 65 6 87 52 60 61 97 0,
PFG_MOEA,577,6,201.36,1069.24,0 42 76 9 55 75 81 93 100 8 57 95 41 98 85 88 63 74 78 64 13 0,42 88
PFG_MOEA,578,1,235.98,829.78,0 20 91 21 33 37 68 56 39 84 23 22 1 34 43 92 0,34
PFG_MOEA,578,2,235.98,829.78,0 99 0,99
PFG_MOEA,578,3,235.98,829.78,0 4 80 53 66 94 45 24 51 49 32 3 36 54 70 72 67 86 82 58 77 62 48 50 25 2 0,
PFG_MOEA,578,4,235.98,829.78,0 12 73 14 11 83 96 26 10 89 59 44 38 47 69 28 46 7 0,26
PFG_MOEA,578,5,235.98,829.78,0 79 5 29 90 65 6 87 52 60 61 97 75 13 27 0,
PFG_MOEA,578,6,235.98,829.78,0 8 100 93 9 55 76 42 81 57 95 41 98 85 88 63 74 78 64 30 15 71 35 31 17 40 16 18 19 0,42 64
PFG_MOEA,579,1,199.67,1096.55,0 5 29 90 65 6 87 52 60 61 97 75 7 14 73 12 99 2 25 50 48 0,6 52
PFG_MOEA,579,2,199.67,1096.55,0 24 79 51 45 94 49 32 36 54 70 72 67 86 82 3 62 0,
PFG_MOEA,579,3,199.67,1096.55,0 4 80 53 66 58 77 46 28 69 47 38 44 59 89 10 26 96 0,69
PFG_MOEA,579,4,199.67,1096.55,0 8 100 93 81 55 9 76 42 83 11 98 41 95 57 0,
PFG_MOEA,579,5,199.67,1096.55,0 20 91 21 33 37 18 16 40 35 71 15 30 64 78 74 63 88 85 0,63
PFG_MOEA,579,6,199.67,1096.55,0 92 43 34 1 22 23 84 39 56 68 19 17 31 27 13 0,31
PFG_MOEA,580,1,218.48,880.23,0 98 85 88 63 74 78 64 30 15 71 35 40 16 18 19 31 17 20 91 34 43 48 0,43 98
PFG_MOEA,580,2,218.48,880.23,0 50 92 21 33 37 68 56 39 84 23 22 1 99 2 25 0,99
PFG_MOEA,580,3,218.48,880.23,0 4 80 53 66 94 49 51 45 24 79 32 3 36 54 70 72 67 86 82 58 77 62 0,
PFG_MOEA,580,4,218.48,880.23,0 93 9 100 8 7 46 0,
PFG_MOEA,580,5,218.48,880.23,0 28 69 47 38 44 59 26 10 89 96 83 11 14 73 0,26
PFG_MOEA,580,6,218.48,880.23,0 5 29 90 65 6 87 52 60 61 97 75 55 76 42 81 57 95 41 12 27 13 0,29 42
PFG_MOEA,581,1,198.33,1121.84,0 13 27 12 41 95 78 64 30 15 71 35 40 16 18 19 31 17 20 91 0,
PFG_MOEA,581,2,198.33,1121.84,0 50 48 92 22 23 84 39 56 68 37 33 21 34 43 0,
PFG_MOEA,581,3,198.33,1121.84,0 4 80 53 66 94 49 51 45 24 79 32 54 36 3 1 99 2 25 0,2
PFG_MOEA,581,4,198.33,1121.84,0 62 77 58 82 86 67 72 70 93 9 100 8 7 46 28 69 47 0,58 93
PFG_MOEA,581,5,198.33,1121.84,0 73 98 85 88 63 74 14 11 83 96 44 38 59 26 10 89 5 29 90 0,11 26 63 98
PFG_MOEA,581,6,198.33,1121.84,0 65 6 87 52 60 61 97 75 55 76 42 81 57 0,
PFG_MOEA,582,1,205.55,1025.13,0 81 57 95 41 15 30 64 78 74 63 88 85 98 71 35 40 16 18 19 17 31 0,78
PFG_MOEA,582,2,205.55,1025.13,0 20 91 21 33 37 68 56 39 84 23 22 1 99 34 43 92 53 80 4 0,99
PFG_MOEA,582,3,205.55,1025.13,0 66 94 3 36 54 70 72 67 32 49 51 45 24 0,
PFG_MOEA,582,4,205.55,1025.13,0 77 58 82 86 62 48 50 25 2 12 73 14 11 83 96 59 26 89 10 0,12 26 83
PFG_MOEA,582,5,205.55,1025.13,0 44 38 47 69 28 46 7 75 97 61 60 52 87 6 65 90 29 5 79 0,
PFG_MOEA,582,6,205.55,1025.13,0 13 27 8 100 93 9 55 76 42 0,76
PFG_MOEA,583,1,201.36,1069.24,0 27 12 73 14 11 83 96 26 10 89 59 44 38 47 69 28 46 0,83
PFG_MOEA,583,2,201.36,1069.24,0 7 30 15 71 35 40 16 18 19 31 17 20 91 0,31
PFG_MOEA,583,3,201.36,1069.24,0 25 2 99 34 43 92 1 84 23 22 70 72 67 86 82 58 77 50 0,
PFG_MOEA,583,4,201.36,1069.24,0 4 80 53 66 54 36 3 39 56 68 37 33 21 62 48 0,36 62
PFG_MOEA,583,5,201.36,1069.24,0 24 45 94 49 32 51 79 5 29 90 65 6 87 52 60 61 97 0,
PFG_MOEA,583,6,201.36,1069.24,0 42 76 9 55 75 81 93 100 8 57 95 41 98 85 88 63 74 78 64 13 0,42 88
PFG_MOEA,584,1,235.98,829.78,0 20 91 21 33 37 68 56 39 84 23 22 1 34 43 92 0,34
PFG_MOEA,584,2,235.98,829.78,0 99 0,99
PFG_MOEA,584,3,235.98,829.78,0 4 80 53 66 94 45 24 51 49 32 3 36 54 70 72 67 86 82 58 77 62 48 50 25 2 0,
PFG_MOEA,584,4,235.98,829.78,0 12 73 14 11 83 96 26 10 89 59 44 38 47 69 28 46 7 0,26
PFG_MOEA,584,5,235.98,829.78,0 79 5 29 90 65 6 87 52 60 61 97 75 13 27 0,
PFG_MOEA,584,6,235.98,829.78,0 8 100 93 9 55 76 42 81 57 95 41 98 85 88 63 74 78 64 30 15 71 35 31 17 40 16 18 19 0,42 64
PFG_MOEA,585,1,199.67,1096.55,0 5 29 90 65 6 87 52 60 61 97 75 7 14 73 12 99 2 25 50 48 0,6 52
PFG_MOEA,585,2,199.67,1096.55,0 24 79 51 45 94 49 32 36 54 70 72 67 86 82 3 62 0,
PFG_MOEA,585,3,199.67,1096.55,0 4 80 53 66 58 77 46 28 69 47 38 44 59 89 10 26 96 0,69
PFG_MOEA,585,4,199.67,1096.55,0 8 100 93 81 55 9 76 42 83 11 98 41 95 57 0,
PFG_MOEA,585,5,199.67,1096.55,0 20 91 21 33 37 18 16 40 35 71 15 30 64 78 74 63 88 85 0,63
PFG_MOEA,585,6,199.67,1096.55,0 92 43 34 1 22 23 84 39 56 68 19 17 31 27 13 0,31
PFG_MOEA,586,1,218.48,880.23,0 98 85 88 63 74 78 64 30 15 71 35 40 16 18 19 31 17 20 91 34 43 48 0,43 98
PFG_MOEA,586,2,218.48,880.23,0 50 92 21 33 37 68 56 39 84 23 22 1 99 2 25 0,99
PFG_MOEA,586,3,218.48,880.23,0 4 80 53 66 94 49 51 45 24 79 32 3 36 54 70 72 67 86 82 58 77 62 0,
PFG_MOEA,586,4,218.48,880.23,0 93 9 100 8 7 46 0,
PFG_MOEA,586,5,218.48,880.23,0 28 69 47 38 44 59 26 10 89 96 83 11 14 73 0,26
PFG_MOEA,586,6,218.48,880.23,0 5 29 90 65 6 87 52 60 61 97 75 55 76 42 81 57 95 41 12 27 13 0,29 42
PFG_MOEA,587,1,198.33,1121.84,0 13 27 12 41 95 78 64 30 15 71 35 40 16 18 19 31 17 20 91 0,
PFG_MOEA,587,2,198.33,1121.84,0 50 48 92 22 23 84 39 56 68 37 33 21 34 43 0,
PFG_MOEA,587,3,198.33,1121.84,0 4 80 53 66 94 49 51 45 24 79 32 54 36 3 1 99 2 25 0,2
PFG_MOEA,587,4,198.33,1121.84,0 62 77 58 82 86 67 72 70 93 9 100 8 7 46 28 69 47 0,58 93
PFG_MOEA,587,5,198.33,1121.84,0 73 98 85 88 63 74 14 11 83 96 44 38 59 26 10 89 5 29 90 0,11 26 63 98
PFG_MOEA,587,6,198.33,1121.84,0 65 6 87 52 60 61 97 75 55 76 42 81 57 0,
PFG_MOEA,588,1,205.55,1025.13,0 81 57 95 41 15 30 64 78 74 63 88 85 98 71 35 40 16 18 19 17 31 0,78
PFG_MOEA,588,2,205.55,1025.13,0 20 91 21 33 37 68 56 39 84 23 22 1 99 34 43 92 53 80 4 0,99
PFG_MOEA,588,3,205.55,1025.13,0 66 94 3 36 54 70 72 67 32 49 51 45 24 0,
PFG_MOEA,588,4,205.55,1025.13,0 77 58 82 86 62 48 50 25 2 12 73 14 11 83 96 59 26 89 10 0,12 26 83
PFG_MOEA,588,5,205.55,1025.13,0 44 38 47 69 28 46 7 75 97 61 60 52 87 6 65 90 29 5 79 0,
PFG_MOEA,588,6,205.55,1025.13,0 13 27 8 100 93 9 55 76 42 0,76
PFG_MOEA,589,1,201.36,1069.24,0 27 12 73 14 11 83 96 26 10 89 59 44 38 47 69 28 46 0,83
PFG_MOEA,589,2,201.36,1069.24,0 7 30 15 71 35 40 16 18 19 31 17 20 91 0,31
PFG_MOEA,589,3,201.36,1069.24,0 25 2 99 34 43 92 1 84 23 22 70 72 67 86 82 58 77 50 0,
PFG_MOEA,589,4,201.36,1069.24,0 4 80 53 66 54 36 3 39 56 68 37 33 21 62 48 0,36 62
PFG_MOEA,589,5,201.36,1069.24,0 24 45 94 49 32 51 79 5 29 90 65 6 87 52 60 61 97 0,
PFG_MOEA,589,6,201.36,1069.24,0 42 76 9 55 75 81 93 100 8 57 95 41 98 85 88 63 74 78 64 13 0,42 88
PFG_MOEA,590,1,235.98,829.78,0 20 91 21 33 37 68 56 39 84 23 22 1 34 43 92 0,34
PFG_MOEA,590,2,235.98,829.78,0 99 0,99
PFG_MOEA,590,3,235.98,829.78,0 4 80 53 66 94 45 24 51 49 32 3 36 54 70 72 67 86 82 58 77 62 48 50 25 2 0,
PFG_MOEA,590,4,235.98,829.78,0 12 73 14 11 83 96 26 10 89 59 44 38 47 69 28 46 7 0,26
PFG_MOEA,590,5,235.98,829.78,0 79 5 29 90 65 6 87 52 60 61 97 75 13 27 0,
PFG_MOEA,590,6,235.98,829.78,0 8 100 93 9 55 76 42 81 57 95 41 98 85 88 63 74 78 64 30 15 71 35 31 17 40 16 18 19 0,42 64
PFG_MOEA,591,1,199.67,1096.55,0 5 29 90 65 6 87 52 60 61 97 75 7 14 73 12 99 2 25 50 48 0,6 52
PFG_MOEA,591,2,199.67,1096.55,0 24 79 51 45 94 49 32 36 54 70 72 67 86 82 3 62 0,
PFG_MOEA,591,3,199.67,1096.55,0 4 80 53 66 58 77 46 28 69 47 38 44 59 89 10 26 96 0,69
PFG_MOEA,591,4,199.67,1096.55,0 8 100 93 81 55 9 76 42 83 11 98 41 95 57 0,
PFG_MOEA,591,5,199.67,1096.55,0 20 91 21 33 37 18 16 40 35 71 15 30 64 78 74 63 88 85 0,63
PFG_MOEA,591,6,199.67,1096.55,0 92 43 34 1 22 23 84 39 56 68 19 17 31 27 13 0,31
PFG_MOEA,592,1,218.48,880.23,0 98 85 88 63 74 78 64 30 15 71 35 40 16 18 19 31 17 20 91 34 43 48 0,43 98
PFG_MOEA,592,2,218.48,880.23,0 50 92 21 33 37 68 56 39 84 23 22 1 99 2 25 0,99
PFG_MOEA,592,3,218.48,880.23,0 4 80 53 66 94 49 51 45 24 79 32 3 36 54 70 72 67 86 82 58 77 62 0,
PFG_MOEA,592,4,218.48,880.23,0 93 9 100 8 7 46 0,
PFG_MOEA,592,5,218.48,880.23,0 28 69 47 38 44 59 26 10 89 96 83 11 14 73 0,26
PFG_MOEA,592,6,218.48,880.23,0 5 29 90 65 6 87 52 60 61 97 75 55 76 42 81 57 95 41 12 27 13 0,29 42
PFG_MOEA,593,1,198.33,1121.84,0 13 27 12 41 95 78 64 30 15 71 35 40 16 18 19 31 17 20 91 0,
PFG_MOEA,593,2,198.33,1121.84,0 50 48 92 22 23 84 39 56 68 37 33 21 34 43 0,
PFG_MOEA,593,3,198.33,1121.84,0 4 80 53 66 94 49 51 45 24 79 32 54 36 3 1 99 2 25 0,2
PFG_MOEA,593,4,198.33,1121.84,0 62 77 58 82 86 67 72 70 93 9 100 8 7 46 28 69 47 0,58 93
PFG_MOEA,593,5,198.33,1121.84,0 73 98 85 88 63 74 14 11 83 96 44 38 59 26 10 89 5 29 90 0,11 26 63 98
PFG_MOEA,593,6,198.33,1121.84,0 65 6 87 52 60 61 97 75 55 76 42 81 57 0,
PFG_MOEA,594,1,205.55,1025.13,0 81 57 95 41 15 30 64 78 74 63 88 85 98 71 35 40 16 18 19 17 31 0,78
PFG_MOEA,594,2,205.55,1025.13,0 20 91 21 33 37 68 56 39 84 23 22 1 99 34 43 92 53 80 4 0,99
PFG_MOEA,594,3,205.55,1025.13,0 66 94 3 36 54 70 72 67 32 49 51 45 24 0,
PFG_MOEA,594,4,205.55,1025.13,0 77 58 82 86 62 48 50 25 2 12 73 14 11 83 96 59 26 89 10 0,12 26 83
PFG_MOEA,594,5,205.55,1025.13,0 44 38 47 69 28 46 7 75 97 61 60 52 87 6 65 90 29 5 79 0,
PFG_MOEA,594,6,205.55,1025.13,0 13 27 8 100 93 9 55 76 42 0,76
PFG_MOEA,595,1,201.36,1069.24,0 27 12 73 14 11 83 96 26 10 89 59 44 38 47 69 28 46 0,83
PFG_MOEA,595,2,201.36,1069.24,0 7 30 15 71 35 40 16 18 19 31 17 20 91 0,31
PFG_MOEA,595,3,201.36,1069.24,0 25 2 99 34 43 92 1 84 23 22 70 72 67 86 82 58 77 50 0,
PFG_MOEA,595,4,201.36,1069.24,0 4 80 53 66 54 36 3 39 56 68 37 33 21 62 48 0,36 62
PFG_MOEA,595,5,201.36,1069.24,0 24 45 94 49 32 51 79 5 29 90 65 6 87 52 60 61 97 0,
PFG_MOEA,595,6,201.36,1069.24,0 42 76 9 55 75 81 93 100 8 57 95 41 98 85 88 63 74 78 64 13 0,42 88
PFG_MOEA,596,1,235.98,829.78,0 20 91 21 33 37 68 56 39 84 23 22 1 34 43 92 0,34
PFG_MOEA,596,2,235.98,829.78,0 99 0,99
PFG_MOEA,596,3,235.98,829.78,0 4 80 53 66 94 45 24 51 49 32 3 36 54 70 72 67 86 82 58 77 62 48 50 25 2 0,
PFG_MOEA,596,4,235.98,829.78,0 12 73 14 11 83 96 26 10 89 59 44 38 47 69 28 46 7 0,26
PFG_MOEA,596,5,235.98,829.78,0 79 5 29 90 65 6 87 52 60 61 97 75 13 27 0,
PFG_MOEA,596,6,235.98,829.78,0 8 100 93 9 55 76 42 81 57 95 41 98 85 88 63 74 78 64 30 15 71 35 31 17 40 16 18 19 0,42 64
PFG_MOEA,597,1,199.67,1096.55,0 5 29 90 65 6 87 52 60 61 97 75 7 14 73 12 99 2 25 50 48 0,6 52
PFG_MOEA,597,2,199.67,1096.55,0 24 79 51 45 94 49 32 36 54 70 72 67 86 82 3 62 0,
PFG_MOEA,597,3,199.67,1096.55,0 4 80 53 66 58 77 46 28 69 47 38 44 59 89 10 26 96 0,69
PFG_MOEA,597,4,199.67,1096.55,0 8 100 93 81 55 9 76 42 83 11 98 41 95 57 0,
PFG_MOEA,597,5,199.67,1096.55,0 20 91 21 33 37 18 16 40 35 71 15 30 64 78 74 63 88 85 0,63
PFG_MOEA,597,6,199.67,1096.55,0 92 43 34 1 22 23 84 39 56 68 19 17 31 27 13 0,31
PFG_MOEA,598,1,218.48,880.23,0 98 85 88 63 74 78 64 30 15 71 35 40 16 18 19 31 17 20 91 34 43 48 0,43 98
PFG_MOEA,598,2,218.48,880.23,0 50 92 21 33 37 68 56 39 84 23 22 1 99 2 25 0,99
PFG_MOEA,598,3,218.48,880.23,0 4 80 53 66 94 49 51 45 24 79 32 3 36 54 70 72 67 86 82 58 77 62 0,
PFG_MOEA,598,4,218.48,880.23,0 93 9 100 8 7 46 0,
PFG_MOEA,598,5,218.48,880.23,0 28 69 47 38 44 59 26 10 89 96 83 11 14 73 0,26
PFG_MOEA,598,6,218.48,880.23,0 5 29 90 65 6 87 52 60 61 97 75 55 76 42 81 57 95 41 12 27 13 0,29 42
PFG_MOEA,599,1,198.33,1121.84,0 13 27 12 41 95 78 64 30 15 71 35 40 16 18 19 31 17 20 91 0,
PFG_MOEA,599,2,198.33,1121.84,0 50 48 92 22 23 84 39 56 68 37 33 21 34 43 0,
PFG_MOEA,599,3,198.33,1121.84,0 4 80 53 66 94 49 51 45 24 79 32 54 36 3 1 99 2 25 0,2
PFG_MOEA,599,4,198.33,1121.84,0 62 77 58 82 86 67 72 70 93 9 100 8 7 46 28 69 47 0,58 93
PFG_MOEA,599,5,198.33,1121.84,0 73 98 85 88 63 74 14 11 83 96 44 38 59 26 10 89 5 29 90 0,11 26 63 98
PFG_MOEA,599,6,198.33,1121.84,0 65 6 87 52 60 61 97 75 55 76 42 81 57 0,
PFG_MOEA,600,1,205.55,1025.13,0 81 57 95 41 15 30 64 78 74 63 88 85 98 71 35 40 16 18 19 17 31 0,78
PFG_MOEA,600,2,205.55,1025.13,0 20 91 21 33 37 68 56 39 84 23 22 1 99 34 43 92 53 80 4 0,99
PFG_MOEA,600,3,205.55,1025.13,0 66 94 3 36 54 70 72 67 32 49 51 45 24 0,
PFG_MOEA,600,4,205.55,1025.13,0 77 58 82 86 62 48 50 25 2 12 73 14 11 83 96 59 26 89 10 0,12 26 83
PFG_MOEA,600,5,205.55,1025.13,0 44 38 47 69 28 46 7 75 97 61 60 52 87 6 65 90 29 5 79 0,
PFG_MOEA,600,6,205.55,1025.13,0 13 27 8 100 93 9 55 76 42 0,76
PFG_MOEA,601,1,201.36,1069.24,0 27 12 73 14 11 83 96 26 10 89 59 44 38 47 69 28 46 0,83
PFG_MOEA,601,2,201.36,1069.24,0 7 30 15 71 35 40 16 18 19 31 17 20 91 0,31
PFG_MOEA,601,3,201.36,1069.24,0 25 2 99 34 43 92 1 84 23 22 70 72 67 86 82 58 77 50 0,
PFG_MOEA,601,4,201.36,1069.24,0 4 80 53 66 54 36 3 39 56 68 37 33 21 62 48 0,36 62
PFG_MOEA,601,5,201.36,1069.24,0 24 45 94 49 32 51 79 5 29 90 65 6 87 52 60 61 97 0,
PFG_MOEA,601,6,201.36,1069.24,0 42 76 9 55 75 81 93 100 8 57 95 41 98 85 88 63 74 78 64 13 0,42 88
PFG_MOEA,602,1,235.98,829.78,0 20 91 21 33 37 68 56 39 84 23 22 1 34 43 92 0,34
PFG_MOEA,602,2,235.98,829.78,0 99 0,99
PFG_MOEA,602,3,235.98,829.78,0 4 80 53 66 94 45 24 51 49 32 3 36 54 70 72 67 86 82 58 77 62 48 50 25 2 0,
PFG_MOEA,602,4,235.98,829.78,0 12 73 14 11 83 96 26 10 89 59 44 38 47 69 28 46 7 0,26
PFG_MOEA,602,5,235.98,829.78,0 79 5 29 90 65 6 87 52 60 61 97 75 13 27 0,
PFG_MOEA,602,6,235.98,829.78,0 8 100 93 9 55 76 42 81 57 95 41 98 85 88 63 74 78 64 30 15 71 35 31 17 40 16 18 19 0,42 64
PFG_MOEA,603,1,199.67,1096.55,0 5 29 90 65 6 87 52 60 61 97 75 7 14 73 12 99 2 25 50 48 0,6 52
PFG_MOEA,603,2,199.67,1096.55,0 24 79 51 45 94 49 32 36 54 70 72 67 86 82 3 62 0,
PFG_MOEA,603,3,199.67,1096.55,0 4 80 53 66 58 77 46 28 69 47 38 44 59 89 10 26 96 0,69
PFG_MOEA,603,4,199.67,1096.55,0 8 100 93 81 55 9 76 42 83 11 98 41 95 57 0,
PFG_MOEA,603,5,199.67,1096.55,0 20 91 21 33 37 18 16 40 35 71 15 30 64 78 74 63 88 85 0,63
PFG_MOEA,603,6,199.67,1096.55,0 92 43 34 1 22 23 84 39 56 68 19 17 31 27 13 0,31
PFG_MOEA,604,1,218.48,880.23,0 98 85 88 63 74 78 64 30 15 71 35 40 16 18 19 31 17 20 91 34 43 48 0,43 98
PFG_MOEA,604,2,218.48,880.23,0 50 92 21 33 37 68 56 39 84 23 22 1 99 2 25 0,99
PFG_MOEA,604,3,218.48,880.23,0 4 80 53 66 94 49 51 45 24 79 32 3 36 54 70 72 67 86 82 58 77 62 0,
PFG_MOEA,604,4,218.48,880.23,0 93 9 100 8 7 46 0,
PFG_MOEA,604,5,218.48,880.23,0 28 69 47 38 44 59 26 10 89 96 83 11 14 73 0,26
PFG_MOEA,604,6,218.48,880.23,0 5 29 90 65 6 87 52 60 61 97 75 55 76 42 81 57 95 41 12 27 13 0,29 42
PFG_MOEA,605,1,198.33,1121.84,0 13 27 12 41 95 78 64 30 15 71 35 40 16 18 19 31 17 20 91 0,
PFG_MOEA,605,2,198.33,1121.84,0 50 48 92 22 23 84 39 56 68 37 33 21 34 43 0,
PFG_MOEA,605,3,198.33,1121.84,0 4 80 53 66 94 49 51 45 24 79 32 54 36 3 1 99 2 25 0,2
PFG_MOEA,605,4,198.33,1121.84,0 62 77 58 82 86 67 72 70 93 9 100 8 7 46 28 69 47 0,58 93
PFG_MOEA,605,5,198.33,1121.84,0 73 98 85 88 63 74 14 11 83 96 44 38 59 26 10 89 5 29 90 0,11 26 63 98
PFG_MOEA,605,6,198.33,1121.84,0 65 6 87 52 60 61 97 75 55 76 42 81 57 0,
PFG_MOEA,606,1,205.55,1025.13,0 81 57 95 41 15 30 64 78 74 63 88 85 98 71 35 40 16 18 19 17 31 0,78
PFG_MOEA,606,2,205.55,1025.13,0 20 91 21 33 37 68 56 39 84 23 22 1 99 34 43 92 53 80 4 0,99
PFG_MOEA,606,3,205.55,1025.13,0 66 94 3 36 54 70 72 67 32 49 51 45 24 0,
PFG_MOEA,606,4,205.55,1025.13,0 77 58 82 86 62 48 50 25 2 12 73 14 11 83 96 59 26 89 10 0,12 26 83
PFG_MOEA,606,5,205.55,1025.13,0 44 38 47 69 28 46 7 75 97 61 60 52 87 6 65 90 29 5 79 0,
PFG_MOEA,606,6,205.55,1025.13,0 13 27 8 100 93 9 55 76 42 0,76
PFG_MOEA,607,1,201.36,1069.24,0 27 12 73 14 11 83 96 26 10 89 59 44 38 47 69 28 46 0,83
PFG_MOEA,607,2,201.36,1069.24,0 7 30 15 71 35 40 16 18 19 31 17 20 91 0,31
PFG_MOEA,607,3,201.36,1069.24,0 25 2 99 34 43 92 1 84 23 22 70 72 67 86 82 58 77 50 0,
PFG_MOEA,607,4,201.36,1069.24,0 4 80 53 66 54 36 3 39 56 68 37 33 21 62 48 0,36 62
PFG_MOEA,607,5,201.36,1069.24,0 24 45 94 49 32 51 79 5 29 90 65 6 87 52 60 61 97 0,
PFG_MOEA,607,6,201.36,1069.24,0 42 76 9 55 75 81 93 100 8 57 95 41 98 85 88 63 74 78 64 13 0,42 88
PFG_MOEA,608,1,235.98,829.78,0 20 91 21 33 37 68 56 39 84 23 22 1 34 43 92 0,34
PFG_MOEA,608,2,235.98,829.78,0 99 0,99
PFG_MOEA,608,3,235.98,829.78,0 4 80 53 66 94 45 24 51 49 32 3 36 54 70 72 67 86 82 58 77 62 48 50 25 2 0,
PFG_MOEA,608,4,235.98,829.78,0 12 73 14 11 83 96 26 10 89 59 44 38 47 69 28 46 7 0,26
PFG_MOEA,608,5,235.98,829.78,0 79 5 29 90 65 6 87 52 60 61 97 75 13 27 0,
PFG_MOEA,608,6,235.98,829.78,0 8 100 93 9 55 76 42 81 57 95 41 98 85 88 63 74 78 64 30 15 71 35 31 17 40 16 18 19 0,42 64
PFG_MOEA,609,1,199.67,1096.55,0 5 29 90 65 6 87 52 60 61 97 75 7 14 73 12 99 2 25 50 48 0,6 52
PFG_MOEA,609,2,199.67,1096.55,0 24 79 51 45 94 49 32 36 54 70 72 67 86 82 3 62 0,
PFG_MOEA,609,3,199.67,1096.55,0 4 80 53 66 58 77 46 28 69 47 38 44 59 89 10 26 96 0,69
PFG_MOEA,609,4,199.67,1096.55,0 8 100 93 81 55 9 76 42 83 11 98 41 95 57 0,
PFG_MOEA,609,5,199.67,1096.55,0 20 91 21 33 37 18 16 40 35 71 15 30 64 78 74 63 88 85 0,63
PFG_MOEA,609,6,199.67,1096.55,0 92 43 34 1 22 23 84 39 56 68 19 17 31 27 13 0,31
PFG_MOEA,610,1,218.48,880.23,0 98 85 88 63 74 78 64 30 15 71 35 40 16 18 19 31 17 20 91 34 43 48 0,43 98
PFG_MOEA,610,2,218.48,880.23,0 50 92 21 33 37 68 56 39 84 23 22 1 99 2 25 0,99
PFG_MOEA,610,3,218.48,880.23,0 4 80 53 66 94 49 51 45 24 79 32 3 36 54 70 72 67 86 82 58 77 62 0,
PFG_MOEA,610,4,218.48,880.23,0 93 9 100 8 7 46 0,
PFG_MOEA,610,5,218.48,880.23,0 28 69 47 38 44 59 26 10 89 96 83 11 14 73 0,26
PFG_MOEA,610,6,218.48,880.23,0 5 29 90 65 6 87 52 60 61 97 75 55 76 42 81 57 95 41 12 27 13 0,29 42
PFG_MOEA,611,1,198.33,1121.84,0 13 27 12 41 95 78 64 30 15 71 35 40 16 18 19 31 17 20 91 0,
PFG_MOEA,611,2,198.33,1121.84,0 50 48 92 22 23 84 39 56 68 37 33 21 34 43 0,
PFG_MOEA,611,3,198.33,1121.84,0 4 80 53 66 94 49 51 45 24 79 32 54 36 3 1 99 2 25 0,2
PFG_MOEA,611,4,198.33,1121.84,0 62 77 58 82 86 67 72 70 93 9 100 8 7 46 28 69 47 0,58 93
PFG_MOEA,611,5,198.33,1121.84,0 73 98 85 88 63 74 14 11 83 96 44 38 59 26 10 89 5 29 90 0,11 26 63 98
PFG_MOEA,611,6,198.33,1121.84,0 65 6 87 52 60 61 97 75 55 76 42 81 57 0,
PFG_MOEA,612,1,205.55,1025.13,0 81 57 95 41 15 30 64 78 74 63 88 85 98 71 35 40 16 18 19 17 31 0,78
PFG_MOEA,612,2,205.55,1025.13,0 20 91 21 33 37 68 56 39 84 23 22 1 99 34 43 92 53 80 4 0,99
PFG_MOEA,612,3,205.55,1025.13,0 66 94 3 36 54 70 72 67 32 49 51 45 24 0,
PFG_MOEA,612,4,205.55,1025.13,0 77 58 82 86 62 48 50 25 2 12 73 14 11 83 96 59 26 89 10 0,12 26 83
PFG_MOEA,612,5,205.55,1025.13,0 44 38 47 69 28 46 7 75 97 61 60 52 87 6 65 90 29 5 79 0,
PFG_MOEA,612,6,205.55,1025.13,0 13 27 8 100 93 9 55 76 42 0,76
PFG_MOEA,613,1,201.36,1069.24,0 27 12 73 14 11 83 96 26 10 89 59 44 38 47 69 28 46 0,83
PFG_MOEA,613,2,201.36,1069.24,0 7 30 15 71 35 40 16 18 19 31 17 20 91 0,31
PFG_MOEA,613,3,201.36,1069.24,0 25 2 99 34 43 92 1 84 23 22 70 72 67 86 82 58 77 50 0,
PFG_MOEA,613,4,201.36,1069.24,0 4 80 53 66 54 36 3 39 56 68 37 33 21 62 48 0,36 62
PFG_MOEA,613,5,201.36,1069.24,0 24 45 94 49 32 51 79 5 29 90 65 6 87 52 60 61 97 0,
PFG_MOEA,613,6,201.36,1069.24,0 42 76 9 55 75 81 93 100 8 57 95 41 98 85 88 63 74 78 64 13 0,42 88
PFG_MOEA,614,1,235.98,829.78,0 20 91 21 33 37 68 56 39 84 23 22 1 34 43 92 0,34
PFG_MOEA,614,2,235.98,829.78,0 99 0,99
PFG_MOEA,614,3,235.98,829.78,0 4 80 53 66 94 45 24 51 49 32 3 36 54 70 72 67 86 82 58 77 62 48 50 25 2 0,
PFG_MOEA,614,4,235.98,829.78,0 12 73 14 11 83 96 26 10 89 59 44 38 47 69 28 46 7 0,26
PFG_MOEA,614,5,235.98,829.78,0 79 5 29 90 65 6 87 52 60 61 97 75 13 27 0,
PFG_MOEA,614,6,235.98,829.78,0 8 100 93 9 55 76 42 81 57 95 41 98 85 88 63 74 78 64 30 15 71 35 31 17 40 16 18 19 0,42 64
PFG_MOEA,615,1,199.67,1096.55,0 5 29 90 65 6 87 52 60 61 97 75 7 14 73 12 99 2 25 50 48 0,6 52
PFG_MOEA,615,2,199.67,1096.55,0 24 79 51 45 94 49 32 36 54 70 72 67 86 82 3 62 0,
PFG_MOEA,615,3,199.67,1096.55,0 4 80 53 66 58 77 46 28 69 47 38 44 59 89 10 26 96 0,69
PFG_MOEA,615,4,199.67,1096.55,0 8 100 93 81 55 9 76 42 83 11 98 41 95 57 0,
PFG_MOEA,615,5,199.67,1096.55,0 20 91 21 33 37 18 16 40 35 71 15 30 64 78 74 63 88 85 0,63
PFG_MOEA,615,6,199.67,1096.55,0 92 43 34 1 22 23 84 39 56 68 19 17 31 27 13 0,31
PFG_MOEA,616,1,218.48,880.23,0 98 85 88 63 74 78 64 30 15 71 35 40 16 18 19 31 17 20 91 34 43 48 0,43 98
PFG_MOEA,616,2,218.48,880.23,0 50 92 21 33 37 68 56 39 84 23 22 1 99 2 25 0,99
PFG_MOEA,616,3,218.48,880.23,0 4 80 53 66 94 49 51 45 24 79 32 3 36 54 70 72 67 86 82 58 77 62 0,
PFG_MOEA,616,4,218.48,880.23,0 93 9 100 8 7 46 0,
PFG_MOEA,616,5,218.48,880.23,0 28 69 47 38 44 59 26 10 89 96 83 11 14 73 0,26
PFG_MOEA,616,6,218.48,880.23,0 5 29 90 65 6 87 52 60 61 97 75 55 76 42 81 57 95 41 12 27 13 0,29 42
PFG_MOEA,617,1,198.33,1121.84,0 13 27 12 41 95 78 64 30 15 71 35 40 16 18 19 31 17 20 91 0,
PFG_MOEA,617,2,198.33,1121.84,0 50 48 92 22 23 84 39 56 68 37 33 21 34 43 0,
PFG_MOEA,617,3,198.33,1121.84,0 4 80 53 66 94 49 51 45 24 79 32 54 36 3 1 99 2 25 0,2
PFG_MOEA,617,4,198.33,1121.84,0 62 77 58 82 86 67 72 70 93 9 100 8 7 46 28 69 47 0,58 93
PFG_MOEA,617,5,198.33,1121.84,0 73 98 85 88 63 74 14 11 83 96 44 38 59 26 10 89 5 29 90 0,11 26 63 98
PFG_MOEA,617,6,198.33,1121.84,0 65 6 87 52 60 61 97 75 55 76 42 81 57 0,
PFG_MOEA,618,1,205.55,1025.13,0 81 57 95 41 15 30 64 78 74 63 88 85 98 71 35 40 16 18 19 17 31 0,78
PFG_MOEA,618,2,205.55,1025.13,0 20 91 21 33 37 68 56 39 84 23 22 1 99 34 43 92 53 80 4 0,99
PFG_MOEA,618,3,205.55,1025.13,0 66 94 3 36 54 70 72 67 32 49 51 45 24 0,
PFG_MOEA,618,4,205.55,1025.13,0 77 58 82 86 62 48 50 25 2 12 73 14 11 83 96 59 26 89 10 0,12 26 83
PFG_MOEA,618,5,205.55,1025.13,0 44 38 47 69 28 46 7 75 97 61 60 52 87 6 65 90 29 5 79 0,
PFG_MOEA,618,6,205.55,1025.13,0 13 27 8 100 93 9 55 76 42 0,76
PFG_MOEA,619,1,201.36,1069.24,0 27 12 73 14 11 83 96 26 10 89 59 44 38 47 69 28 46 0,83
PFG_MOEA,619,2,201.36,1069.24,0 7 30 15 71 35 40 16 18 19 31 17 20 91 0,31
PFG_MOEA,619,3,201.36,1069.24,0 25 2 99 34 43 92 1 84 23 22 70 72 67 86 82 58 77 50 0,
PFG_MOEA,619,4,201.36,1069.24,0 4 80 53 66 54 36 3 39 56 68 37 33 21 62 48 0,36 62
PFG_MOEA,619,5,201.36,1069.24,0 24 45 94 49 32 51 79 5 29 90 65 6 87 52 60 61 97 0,
PFG_MOEA,619,6,201.36,1069.24,0 42 76 9 55 75 81 93 100 8 57 95 41 98 85 88 63 74 78 64 13 0,42 88
PFG_MOEA,620,1,235.98,829.78,0 20 91 21 33 37 68 56 39 84 23 22 1 34 43 92 0,34
PFG_MOEA,620,2,235.98,829.78,0 99 0,99
PFG_MOEA,620,3,235.98,829.78,0 4 80 53 66 94 45 24 51 49 32 3 36 54 70 72 67 86 82 58 77 62 48 50 25 2 0,
PFG_MOEA,620,4,235.98,829.78,0 12 73 14 11 83 96 26 10 89 59 44 38 47 69 28 46 7 0,26
PFG_MOEA,620,5,235.98,829.78,0 79 5 29 90 65 6 87 52 60 61 97 75 13 27 0,
PFG_MOEA,620,6,235.98,829.78,0 8 100 93 9 55 76 42 81 57 95 41 98 85 88 63 74 78 64 30 15 71 35 31 17 40 16 18 19 0,42 64
PFG_MOEA,621,1,199.67,1096.55,0 5 29 90 65 6 87 52 60 61 97 75 7 14 73 12 99 2 25 50 48 0,6 52
PFG_MOEA,621,2,199.67,1096.55,0 24 79 51 45 94 49 32 36 54 70 72 67 86 82 3 62 0,
PFG_MOEA,621,3,199.67,1096.55,0 4 80 53 66 58 77 46 28 69 47 38 44 59 89 10 26 96 0,69
PFG_MOEA,621,4,199.67,1096.55,0 8 100 93 81 55 9 76 42 83 11 98 41 95 57 0,
PFG_MOEA,621,5,199.67,1096.55,0 20 91 21 33 37 18 16 40 35 71 15 30 64 78 74 63 88 85 0,63
PFG_MOEA,621,6,199.67,1096.55,0 92 43 34 1 22 23 84 39 56 68 19 17 31 27 13 0,31
PFG_MOEA,622,1,218.48,880.23,0 98 85 88 63 74 78 64 30 15 71 35 40 16 18 19 31 17 20 91 34 43 48 0,43 98
PFG_MOEA,622,2,218.48,880.23,0 50 92 21 33 37 68 56 39 84 23 22 1 99 2 25 0,99
PFG_MOEA,622,3,218.48,880.23,0 4 80 53 66 94 49 51 45 24 79 32 3 36 54 70 72 67 86 82 58 77 62 0,
PFG_MOEA,622,4,218.48,880.23,0 93 9 100 8 7 46 0,
PFG_MOEA,622,5,218.48,880.23,0 28 69 47 38 44 59 26 10 89 96 83 11 14 73 0,26
PFG_MOEA,622,6,218.48,880.23,0 5 29 90 65 6 87 52 60 61 97 75 55 76 42 81 57 95 41 12 27 13 0,29 42
PFG_MOEA,623,1,198.33,1121.84,0 13 27 12 41 95 78 64 30 15 71 35 40 16 18 19 31 17 20 91 0,
PFG_MOEA,623,2,198.33,1121.84,0 50 48 92 22 23 84 39 56 68 37 33 21 34 43 0,
PFG_MOEA,623,3,198.33,1121.84,0 4 80 53 66 94 49 51 45 24 79 32 54 36 3 1 99 2 25 0,2
PFG_MOEA,623,4,198.33,1121.84,0 62 77 58 82 86 67 72 70 93 9 100 8 7 46 28 69 47 0,58 93
PFG_MOEA,623,5,198.33,1121.84,0 73 98 85 88 63 74 14 11 83 96 44 38 59 26 10 89 5 29 90 0,11 26 63 98
PFG_MOEA,623,6,198.33,1121.84,0 65 6 87 52 60 61 97 75 55 76 42 81 57 0,
PFG_MOEA,624,1,205.55,1025.13,0 81 57 95 41 15 30 64 78 74 63 88 85 98 71 35 40 16 18 19 17 31 0,78
PFG_MOEA,624,2,205.55,1025.13,0 20 91 21 33 37 68 56 39 84 23 22 1 99 34 43 92 53 80 4 0,99
PFG_MOEA,624,3,205.55,1025.13,0 66 94 3 36 54 70 72 67 32 49 51 45 24 0,
PFG_MOEA,624,4,205.55,1025.13,0 77 58 82 86 62 48 50 25 2 12 73 14 11 83 96 59 26 89 10 0,12 26 83
PFG_MOEA,624,5,205.55,1025.13,0 44 38 47 69 28 46 7 75 97 61 60 52 87 6 65 90 29 5 79 0,
PFG_MOEA,624,6,205.55,1025.13,0 13 27 8 100 93 9 55 76 42 0,76
PFG_MOEA,625,1,201.36,1069.24,0 27 12 73 14 11 83 96 26 10 89 59 44 38 47 69 28 46 0,83
PFG_MOEA,625,2,201.36,1069.24,0 7 30 15 71 35 40 16 18 19 31 17 20 91 0,31
PFG_MOEA,625,3,201.36,1069.24,0 25 2 99 34 43 92 1 84 23 22 70 72 67 86 82 58 77 50 0,
PFG_MOEA,625,4,201.36,1069.24,0 4 80 53 66 54 36 3 39 56 68 37 33 21 62 48 0,36 62
PFG_MOEA,625,5,201.36,1069.24,0 24 45 94 49 32 51 79 5 29 90 65 6 87 52 60 61 97 0,
PFG_MOEA,625,6,201.36,1069.24,0 42 76 9 55 75 81 93 100 8 57 95 41 98 85 88 63 74 78 64 13 0,42 88
PFG_MOEA,626,1,235.98,829.78,0 20 91 21 33 37 68 56 39 84 23 22 1 34 43 92 0,34
PFG_MOEA,626,2,235.98,829.78,0 99 0,99
PFG_MOEA,626,3,235.98,829.78,0 4 80 53 66 94 45 24 51 49 32 3 36 54 70 72 67 86 82 58 77 62 48 50 25 2 0,
PFG_MOEA,626,4,235.98,829.78,0 12 73 14 11 83 96 26 10 89 59 44 38 47 69 28 46 7 0,26
PFG_MOEA,626,5,235.98,829.78,0 79 5 29 90 65 6 87 52 60 61 97 75 13 27 0,
PFG_MOEA,626,6,235.98,829.78,0 8 100 93 9 55 76 42 81 57 95 41 98 85 88 63 74 78 64 30 15 71 35 31 17 40 16 18 19 0,42 64
PFG_MOEA,627,1,199.67,1096.55,0 5 29 90 65 6 87 52 60 61 97 75 7 14 73 12 99 2 25 50 48 0,6 52
PFG_MOEA,627,2,199.67,1096.55,0 24 79 51 45 94 49 32 36 54 70 72 67 86 82 3 62 0,
PFG_MOEA,627,3,199.67,1096.55,0 4 80 53 66 58 77 46 28 69 47 38 44 59 89 10 26 96 0,69
PFG_MOEA,627,4,199.67,1096.55,0 8 100 93 81 55 9 76 42 83 11 98 41 95 57 0,
PFG_MOEA,627,5,199.67,1096.55,0 20 91 21 33 37 18 16 40 35 71 15 30 64 78 74 63 88 85 0,63
PFG_MOEA,627,6,199.67,1096.55,0 92 43 34 1 22 23 84 39 56 68 19 17 31 27 13 0,31
PFG_MOEA,628,1,218.48,880.23,0 98 85 88 63 74 78 64 30 15 71 35 40 16 18 19 31 17 20 91 34 43 48 0,43 98
PFG_MOEA,628,2,218.48,880.23,0 50 92 21 33 37 68 56 39 84 23 22 1 99 2 25 0,99
PFG_MOEA,628,3,218.48,880.23,0 4 80 53 66 94 49 51 45 24 79 32 3 36 54 70 72 67 86 82 58 77 62 0,
PFG_MOEA,628,4,218.48,880.23,0 93 9 100 8 7 46 0,
PFG_MOEA,628,5,218.48,880.23,0 28 69 47 38 44 59 26 10 89 96 83 11 14 73 0,26
PFG_MOEA,628,6,218.48,880.23,0 5 29 90 65 6 87 52 60 61 97 75 55 76 42 81 57 95 41 12 27 13 0,29 42
PFG_MOEA,629,1,198.33,1121.84,0 13 27 12 41 95 78 64 30 15 71 35 40 16 18 19 31 17 20 91 0,
PFG_MOEA,629,2,198.33,1121.84,0 50 48 92 22 23 84 39 56 68 37 33 21 34 43 0,
PFG_MOEA,629,3,198.33,1121.84,0 4 80 53 66 94 49 51 45 24 79 32 54 36 3 1 99 2 25 0,2
PFG_MOEA,629,4,198.33,1121.84,0 62 77 58 82 86 67 72 70 93 9 100 8 7 46 28 69 47 0,58 93
PFG_MOEA,629,5,198.33,1121.84,0 73 98 85 88 63 74 14 11 83 96 44 38 59 26 10 89 5 29 90 0,11 26 63 98
PFG_MOEA,629,6,198.33,1121.84,0 65 6 87 52 60 61 97 75 55 76 42 81 57 0,
PFG_MOEA,630,1,205.55,1025.13,0 81 57 95 41 15 30 64 78 74 63 88 85 98 71 35 40 16 18 19 17 31 0,78
PFG_MOEA,630,2,205.55,1025.13,0 20 91 21 33 37 68 56 39 84 23 22 1 99 34 43 92 53 80 4 0,99
PFG_MOEA,630,3,205.55,1025.13,0 66 94 3 36 54 70 72 67 32 49 51 45 24 0,
PFG_MOEA,630,4,205.55,1025.13,0 77 58 82 86 62 48 50 25 2 12 73 14 11 83 96 59 26 89 10 0,12 26 83
PFG_MOEA,630,5,205.55,1025.13,0 44 38 47 69 28 46 7 75 97 61 60 52 87 6 65 90 29 5 79 0,
PFG_MOEA,630,6,205.55,1025.13,0 13 27 8 100 93 9 55 76 42 0,76
PFG_MOEA,631,1,353.71,825.55,0 66 94 49 51 45 24 0,
PFG_MOEA,631,2,353.71,825.55,0 2 25 50 48 62 77 58 82 86 67 72 70 54 36 3 32 79 5 29 90 65 6 87 52 60 61 55 9 42 76 81 93 100 8 7 46 28 69 47 38 44 59 89 10 26 96 83 11 14 73 12 27 13 0,32 42 44
PFG_MOEA,631,3,353.71,825.55,0 57 95 41 0,
PFG_MOEA,631,4,353.71,825.55,0 97 75 98 85 88 63 74 78 64 30 15 71 35 31 17 40 16 18 19 20 91 21 33 37 68 56 39 84 23 22 1 34 43 92 0,64
PFG_MOEA,631,5,353.71,825.55,0 99 0,
PFG_MOEA,631,6,353.71,825.55,0 4 80 53 0,
PFG_MOEA,632,1,201.36,1069.24,0 27 12 73 14 11 83 96 26 10 89 59 44 38 47 69 28 46 0,83
PFG_MOEA,632,2,201.36,1069.24,0 7 30 15 71 35 40 16 18 19 31 17 20 91 0,31
PFG_MOEA,632,3,201.36,1069.24,0 25 2 99 34 43 92 1 84 23 22 70 72 67 86 82 58 77 50 0,
PFG_MOEA,632,4,201.36,1069.24,0 4 80 53 66 54 36 3 39 56 68 37 33 21 62 48 0,36 62
PFG_MOEA,632,5,201.36,1069.24,0 24 45 94 49 32 51 79 5 29 90 65 6 87 52 60 61 97 0,
PFG_MOEA,632,6,201.36,1069.24,0 42 76 9 55 75 81 93 100 8 57 95 41 98 85 88 63 74 78 64 13 0,42 88
PFG_MOEA,633,1,235.98,829.78,0 20 91 21 33 37 68 56 39 84 23 22 1 34 43 92 0,34
PFG_MOEA,633,2,235.98,829.78,0 99 0,99
PFG_MOEA,633,3,235.98,829.78,0 4 80 53 66 94 45 24 51 49 32 3 36 54 70 72 67 86 82 58 77 62 48 50 25 2 0,
PFG_MOEA,633,4,235.98,829.78,0 12 73 14 11 83 96 26 10 89 59 44 38 47 69 28 46 7 0,26
PFG_MOEA,633,5,235.98,829.78,0 79 5 29 90 65 6 87 52 60 61 97 75 13 27 0,
PFG_MOEA,633,6,235.98,829.78,0 8 100 93 9 55 76 42 81 57 95 41 98 85 88 63 74 78 64 30 15 71 35 31 17 40 16 18 19 0,42 64
PFG_MOEA,634,1,199.67,1096.55,0 5 29 90 65 6 87 52 60 61 97 75 7 14 73 12 99 2 25 50 48 0,6 52
PFG_MOEA,634,2,199.67,1096.55,0 24 79 51 45 94 49 32 36 54 70 72 67 86 82 3 62 0,
PFG_MOEA,634,3,199.67,1096.55,0 4 80 53 66 58 77 46 28 69 47 38 44 59 89 10 26 96 0,69
PFG_MOEA,634,4,199.67,1096.55,0 8 100 93 81 55 9 76 42 83 11 98 41 95 57 0,
PFG_MOEA,634,5,199.67,1096.55,0 20 91 21 33 37 18 16 40 35 71 15 30 64 78 74 63 88 85 0,63
PFG_MOEA,634,6,199.67,1096.55,0 92 43 34 1 22 23 84 39 56 68 19 17 31 27 13 0,31
PFG_MOEA,635,1,218.48,880.23,0 98 85 88 63 74 78 64 30 15 71 35 40 16 18 19 31 17 20 91 34 43 48 0,43 98
PFG_MOEA,635,2,218.48,880.23,0 50 92 21 33 37 68 56 39 84 23 22 1 99 2 25 0,99
PFG_MOEA,635,3,218.48,880.23,0 4 80 53 66 94 49 51 45 24 79 32 3 36 54 70 72 67 86 82 58 77 62 0,
PFG_MOEA,635,4,218.48,880.23,0 93 9 100 8 7 46 0,
PFG_MOEA,635,5,218.48,880.23,0 28 69 47 38 44 59 26 10 89 96 83 11 14 73 0,26
PFG_MOEA,635,6,218.48,880.23,0 5 29 90 65 6 87 52 60 61 97 75 55 76 42 81 57 95 41 12 27 13 0,29 42
PFG_MOEA,636,1,198.33,1121.84,0 13 27 12 41 95 78 64 30 15 71 35 40 16 18 19 31 17 20 91 0,
PFG_MOEA,636,2,198.33,1121.84,0 50 48 92 22 23 84 39 56 68 37 33 21 34 43 0,
PFG_MOEA,636,3,198.33,1121.84,0 4 80 53 66 94 49 51 45 24 79 32 54 36 3 1 99 2 25 0,2
PFG_MOEA,636,4,198.33,1121.84,0 62 77 58 82 86 67 72 70 93 9 100 8 7 46 28 69 47 0,58 93
PFG_MOEA,636,5,198.33,1121.84,0 73 98 85 88 63 74 14 11 83 96 44 38 59 26 10 89 5 29 90 0,11 26 63 98
PFG_MOEA,636,6,198.33,1121.84,0 65 6 87 52 60 61 97 75 55 76 42 81 57 0,
PFG_MOEA,637,1,205.55,1025.13,0 81 57 95 41 15 30 64 78 74 63 88 85 98 71 35 40 16 18 19 17 31 0,78
PFG_MOEA,637,2,205.55,1025.13,0 20 91 21 33 37 68 56 39 84 23 22 1 99 34 43 92 53 80 4 0,99
PFG_MOEA,637,3,205.55,1025.13,0 66 94 3 36 54 70 72 67 32 49 51 45 24 0,
PFG_MOEA,637,4,205.55,1025.13,0 77 58 82 86 62 48 50 25 2 12 73 14 11 83 96 59 26 89 10 0,12 26 83
PFG_MOEA,637,5,205.55,1025.13,0 44 38 47 69 28 46 7 75 97 61 60 52 87 6 65 90 29 5 79 0,
PFG_MOEA,637,6,205.55,1025.13,0 13 27 8 100 93 9 55 76 42 0,76
PFG_MOEA,638,1,353.71,825.55,0 66 94 49 51 45 24 0,
PFG_MOEA,638,2,353.71,825.55,0 2 25 50 48 62 77 58 82 86 67 72 70 54 36 3 32 79 5 29 90 65 6 87 52 60 61 55 9 42 76 81 93 100 8 7 46 28 69 47 38 44 59 89 10 26 96 83 11 14 73 12 27 13 0,32 42 44
PFG_MOEA,638,3,353.71,825.55,0 57 95 41 0,
PFG_MOEA,638,4,353.71,825.55,0 97 75 98 85 88 63 74 78 64 30 15 71 35 31 17 40 16 18 19 20 91 21 33 37 68 56 39 84 23 22 1 34 43 92 0,64
PFG_MOEA,638,5,353.71,825.55,0 99 0,
PFG_MOEA,638,6,353.71,825.55,0 4 80 53 0,
PFG_MOEA,639,1,201.36,1069.24,0 27 12 73 14 11 83 96 26 10 89 59 44 38 47 69 28 46 0,83
PFG_MOEA,639,2,201.36,1069.24,0 7 30 15 71 35 40 16 18 19 31 17 20 91 0,31
PFG_MOEA,639,3,201.36,1069.24,0 25 2 99 34 43 92 1 84 23 22 70 72 67 86 82 58 77 50 0,
PFG_MOEA,639,4,201.36,1069.24,0 4 80 53 66 54 36 3 39 56 68 37 33 21 62 48 0,36 62
PFG_MOEA,639,5,201.36,1069.24,0 24 45 94 49 32 51 79 5 29 90 65 6 87 52 60 61 97 0,
PFG_MOEA,639,6,201.36,1069.24,0 42 76 9 55 75 81 93 100 8 57 95 41 98 85 88 63 74 78 64 13 0,42 88
PFG_MOEA,640,1,235.98,829.78,0 20 91 21 33 37 68 56 39 84 23 22 1 34 43 92 0,34
PFG_MOEA,640,2,235.98,829.78,0 99 0,99
PFG_MOEA,640,3,235.98,829.78,0 4 80 53 66 94 45 24 51 49 32 3 36 54 70 72 67 86 82 58 77 62 48 50 25 2 0,
PFG_MOEA,640,4,235.98,829.78,0 12 73 14 11 83 96 26 10 89 59 44 38 47 69 28 46 7 0,26
PFG_MOEA,640,5,235.98,829.78,0 79 5 29 90 65 6 87 52 60 61 97 75 13 27 0,
PFG_MOEA,640,6,235.98,829.78,0 8 100 93 9 55 76 42 81 57 95 41 98 85 88 63 74 78 64 30 15 71 35 31 17 40 16 18 19 0,42 64
PFG_MOEA,641,1,199.67,1096.55,0 5 29 90 65 6 87 52 60 61 97 75 7 14 73 12 99 2 25 50 48 0,6 52
PFG_MOEA,641,2,199.67,1096.55,0 24 79 51 45 94 49 32 36 54 70 72 67 86 82 3 62 0,
PFG_MOEA,641,3,199.67,1096.55,0 4 80 53 66 58 77 46 28 69 47 38 44 59 89 10 26 96 0,69
PFG_MOEA,641,4,199.67,1096.55,0 8 100 93 81 55 9 76 42 83 11 98 41 95 57 0,
PFG_MOEA,641,5,199.67,1096.55,0 20 91 21 33 37 18 16 40 35 71 15 30 64 78 74 63 88 85 0,63
PFG_MOEA,641,6,199.67,1096.55,0 92 43 34 1 22 23 84 39 56 68 19 17 31 27 13 0,31
PFG_MOEA,642,1,218.48,880.23,0 98 85 88 63 74 78 64 30 15 71 35 40 16 18 19 31 17 20 91 34 43 48 0,43 98
PFG_MOEA,642,2,218.48,880.23,0 50 92 21 33 37 68 56 39 84 23 22 1 99 2 25 0,99
PFG_MOEA,642,3,218.48,880.23,0 4 80 53 66 94 49 51 45 24 79 32 3 36 54 70 72 67 86 82 58 77 62 0,
PFG_MOEA,642,4,218.48,880.23,0 93 9 100 8 7 46 0,
PFG_MOEA,642,5,218.48,880.23,0 28 69 47 38 44 59 26 10 89 96 83 11 14 73 0,26
PFG_MOEA,642,6,218.48,880.23,0 5 29 90 65 6 87 52 60 61 97 75 55 76 42 81 57 95 41 12 27 13 0,29 42
PFG_MOEA,643,1,198.33,1121.84,0 13 27 12 41 95 78 64 30 15 71 35 40 16 18 19 31 17 20 91 0,
PFG_MOEA,643,2,198.33,1121.84,0 50 48 92 22 23 84 39 56 68 37 33 21 34 43 0,
PFG_MOEA,643,3,198.33,1121.84,0 4 80 53 66 94 49 51 45 24 79 32 54 36 3 1 99 2 25 0,2
PFG_MOEA,643,4,198.33,1121.84,0 62 77 58 82 86 67 72 70 93 9 100 8 7 46 28 69 47 0,58 93
PFG_MOEA,643,5,198.33,1121.84,0 73 98 85 88 63 74 14 11 83 96 44 38 59 26 10 89 5 29 90 0,11 26 63 98
PFG_MOEA,643,6,198.33,1121.84,0 65 6 87 52 60 61 97 75 55 76 42 81 57 0,
PFG_MOEA,644,1,205.55,1025.13,0 81 57 95 41 15 30 64 78 74 63 88 85 98 71 35 40 16 18 19 17 31 0,78
PFG_MOEA,644,2,205.55,1025.13,0 20 91 21 33 37 68 56 39 84 23 22 1 99 34 43 92 53 80 4 0,99
PFG_MOEA,644,3,205.55,1025.13,0 66 94 3 36 54 70 72 67 32 49 51 45 24 0,
PFG_MOEA,644,4,205.55,1025.13,0 77 58 82 86 62 48 50 25 2 12 73 14 11 83 96 59 26 89 10 0,12 26 83
PFG_MOEA,644,5,205.55,1025.13,0 44 38 47 69 28 46 7 75 97 61 60 52 87 6 65 90 29 5 79 0,
PFG_MOEA,644,6,205.55,1025.13,0 13 27 8 100 93 9 55 76 42 0,76
PFG_MOEA,645,1,353.71,825.55,0 66 94 49 51 45 24 0,
PFG_MOEA,645,2,353.71,825.55,0 2 25 50 48 62 77 58 82 86 67 72 70 54 36 3 32 79 5 29 90 65 6 87 52 60 61 55 9 42 76 81 93 100 8 7 46 28 69 47 38 44 59 89 10 26 96 83 11 14 73 12 27 13 0,32 42 44
PFG_MOEA,645,3,353.71,825.55,0 57 95 41 0,
PFG_MOEA,645,4,353.71,825.55,0 97 75 98 85 88 63 74 78 64 30 15 71 35 31 17 40 16 18 19 20 91 21 33 37 68 56 39 84 23 22 1 34 43 92 0,64
PFG_MOEA,645,5,353.71,825.55,0 99 0,
PFG_MOEA,645,6,353.71,825.55,0 4 80 53 0,
PFG_MOEA,646,1,201.36,1069.24,0 27 12 73 14 11 83 96 26 10 89 59 44 38 47 69 28 46 0,83
PFG_MOEA,646,2,201.36,1069.24,0 7 30 15 71 35 40 16 18 19 31 17 20 91 0,31
PFG_MOEA,646,3,201.36,1069.24,0 25 2 99 34 43 92 1 84 23 22 70 72 67 86 82 58 77 50 0,
PFG_MOEA,646,4,201.36,1069.24,0 4 80 53 66 54 36 3 39 56 68 37 33 21 62 48 0,36 62
PFG_MOEA,646,5,201.36,1069.24,0 24 45 94 49 32 51 79 5 29 90 65 6 87 52 60 61 97 0,
PFG_MOEA,646,6,201.36,1069.24,0 42 76 9 55 75 81 93 100 8 57 95 41 98 85 88 63 74 78 64 13 0,42 88
PFG_MOEA,647,1,235.98,829.78,0 20 91 21 33 37 68 56 39 84 23 22 1 34 43 92 0,34
PFG_MOEA,647,2,235.98,829.78,0 99 0,99
PFG_MOEA,647,3,235.98,829.78,0 4 80 53 66 94 45 24 51 49 32 3 36 54 70 72 67 86 82 58 77 62 48 50 25 2 0,
PFG_MOEA,647,4,235.98,829.78,0 12 73 14 11 83 96 26 10 89 59 44 38 47 69 28 46 7 0,26
PFG_MOEA,647,5,235.98,829.78,0 79 5 29 90 65 6 87 52 60 61 97 75 13 27 0,
PFG_MOEA,647,6,235.98,829.78,0 8 100 93 9 55 76 42 81 57 95 41 98 85 88 63 74 78 64 30 15 71 35 31 17 40 16 18 19 0,42 64
PFG_MOEA,648,1,199.67,1096.55,0 5 29 90 65 6 87 52 60 61 97 75 7 14 73 12 99 2 25 50 48 0,6 52
PFG_MOEA,648,2,199.67,1096.55,0 24 79 51 45 94 49 32 36 54 70 72 67 86 82 3 62 0,
PFG_MOEA,648,3,199.67,1096.55,0 4 80 53 66 58 77 46 28 69 47 38 44 59 89 10 26 96 0,69
PFG_MOEA,648,4,199.67,1096.55,0 8 100 93 81 55 9 76 42 83 11 98 41 95 57 0,
PFG_MOEA,648,5,199.67,1096.55,0 20 91 21 33 37 18 16 40 35 71 15 30 64 78 74 63 88 85 0,63
PFG_MOEA,648,6,199.67,1096.55,0 92 43 34 1 22 23 84 39 56 68 19 17 31 27 13 0,31
PFG_MOEA,649,1,218.48,880.23,0 98 85 88 63 74 78 64 30 15 71 35 40 16 18 19 31 17 20 91 34 43 48 0,43 98
PFG_MOEA,649,2,218.48,880.23,0 50 92 21 33 37 68 56 39 84 23 22 1 99 2 25 0,99
PFG_MOEA,649,3,218.48,880.23,0 4 80 53 66 94 49 51 45 24 79 32 3 36 54 70 72 67 86 82 58 77 62 0,
PFG_MOEA,649,4,218.48,880.23,0 93 9 100 8 7 46 0,
PFG_MOEA,649,5,218.48,880.23,0 28 69 47 38 44 59 26 10 89 96 83 11 14 73 0,26
PFG_MOEA,649,6,218.48,880.23,0 5 29 90 65 6 87 52 60 61 97 75 55 76 42 81 57 95 41 12 27 13 0,29 42
PFG_MOEA,650,1,198.33,1121.84,0 13 27 12 41 95 78 64 30 15 71 35 40 16 18 19 31 17 20 91 0,
PFG_MOEA,650,2,198.33,1121.84,0 50 48 92 22 23 84 39 56 68 37 33 21 34 43 0,
PFG_MOEA,650,3,198.33,1121.84,0 4 80 53 66 94 49 51 45 24 79 32 54 36 3 1 99 2 25 0,2
PFG_MOEA,650,4,198.33,1121.84,0 62 77 58 82 86 67 72 70 93 9 100 8 7 46 28 69 47 0,58 93
PFG_MOEA,650,5,198.33,1121.84,0 73 98 85 88 63 74 14 11 83 96 44 38 59 26 10 89 5 29 90 0,11 26 63 98
PFG_MOEA,650,6,198.33,1121.84,0 65 6 87 52 60 61 97 75 55 76 42 81 57 0,
PFG_MOEA,651,1,205.55,1025.13,0 81 57 95 41 15 30 64 78 74 63 88 85 98 71 35 40 16 18 19 17 31 0,78
PFG_MOEA,651,2,205.55,1025.13,0 20 91 21 33 37 68 56 39 84 23 22 1 99 34 43 92 53 80 4 0,99
PFG_MOEA,651,3,205.55,1025.13,0 66 94 3 36 54 70 72 67 32 49 51 45 24 0,
PFG_MOEA,651,4,205.55,1025.13,0 77 58 82 86 62 48 50 25 2 12 73 14 11 83 96 59 26 89 10 0,12 26 83
PFG_MOEA,651,5,205.55,1025.13,0 44 38 47 69 28 46 7 75 97 61 60 52 87 6 65 90 29 5 79 0,
PFG_MOEA,651,6,205.55,1025.13,0 13 27 8 100 93 9 55 76 42 0,76
PFG_MOEA,652,1,353.71,825.55,0 66 94 49 51 45 24 0,
PFG_MOEA,652,2,353.71,825.55,0 2 25 50 48 62 77 58 82 86 67 72 70 54 36 3 32 79 5 29 90 65 6 87 52 60 61 55 9 42 76 81 93 100 8 7 46 28 69 47 38 44 59 89 10 26 96 83 11 14 73 12 27 13 0,32 42 44
PFG_MOEA,652,3,353.71,825.55,0 57 95 41 0,
PFG_MOEA,652,4,353.71,825.55,0 97 75 98 85 88 63 74 78 64 30 15 71 35 31 17 40 16 18 19 20 91 21 33 37 68 56 39 84 23 22 1 34 43 92 0,64
PFG_MOEA,652,5,353.71,825.55,0 99 0,
PFG_MOEA,652,6,353.71,825.55,0 4 80 53 0,
PFG_MOEA,653,1,201.36,1069.24,0 27 12 73 14 11 83 96 26 10 89 59 44 38 47 69 28 46 0,83
PFG_MOEA,653,2,201.36,1069.24,0 7 30 15 71 35 40 16 18 19 31 17 20 91 0,31
PFG_MOEA,653,3,201.36,1069.24,0 25 2 99 34 43 92 1 84 23 22 70 72 67 86 82 58 77 50 0,
PFG_MOEA,653,4,201.36,1069.24,0 4 80 53 66 54 36 3 39 56 68 37 33 21 62 48 0,36 62
PFG_MOEA,653,5,201.36,1069.24,0 24 45 94 49 32 51 79 5 29 90 65 6 87 52 60 61 97 0,
PFG_MOEA,653,6,201.36,1069.24,0 42 76 9 55 75 81 93 100 8 57 95 41 98 85 88 63 74 78 64 13 0,42 88
PFG_MOEA,654,1,235.98,829.78,0 20 91 21 33 37 68 56 39 84 23 22 1 34 43 92 0,34
PFG_MOEA,654,2,235.98,829.78,0 99 0,99
PFG_MOEA,654,3,235.98,829.78,0 4 80 53 66 94 45 24 51 49 32 3 36 54 70 72 67 86 82 58 77 62 48 50 25 2 0,
PFG_MOEA,654,4,235.98,829.78,0 12 73 14 11 83 96 26 10 89 59 44 38 47 69 28 46 7 0,26
PFG_MOEA,654,5,235.98,829.78,0 79 5 29 90 65 6 87 52 60 61 97 75 13 27 0,
PFG_MOEA,654,6,235.98,829.78,0 8 100 93 9 55 76 42 81 57 95 41 98 85 88 63 74 78 64 30 15 71 35 31 17 40 16 18 19 0,42 64
PFG_MOEA,655,1,199.67,1096.55,0 5 29 90 65 6 87 52 60 61 97 75 7 14 73 12 99 2 25 50 48 0,6 52
PFG_MOEA,655,2,199.67,1096.55,0 24 79 51 45 94 49 32 36 54 70 72 67 86 82 3 62 0,
PFG_MOEA,655,3,199.67,1096.55,0 4 80 53 66 58 77 46 28 69 47 38 44 59 89 10 26 96 0,69
PFG_MOEA,655,4,199.67,1096.55,0 8 100 93 81 55 9 76 42 83 11 98 41 95 57 0,
PFG_MOEA,655,5,199.67,1096.55,0 20 91 21 33 37 18 16 40 35 71 15 30 64 78 74 63 88 85 0,63
PFG_MOEA,655,6,199.67,1096.55,0 92 43 34 1 22 23 84 39 56 68 19 17 31 27 13 0,31
PFG_MOEA,656,1,218.48,880.23,0 98 85 88 63 74 78 64 30 15 71 35 40 16 18 19 31 17 20 91 34 43 48 0,43 98
PFG_MOEA,656,2,218.48,880.23,0 50 92 21 33 37 68 56 39 84 23 22 1 99 2 25 0,99
PFG_MOEA,656,3,218.48,880.23,0 4 80 53 66 94 49 51 45 24 79 32 3 36 54 70 72 67 86 82 58 77 62 0,
PFG_MOEA,656,4,218.48,880.23,0 93 9 100 8 7 46 0,
PFG_MOEA,656,5,218.48,880.23,0 28 69 47 38 44 59 26 10 89 96 83 11 14 73 0,26
PFG_MOEA,656,6,218.48,880.23,0 5 29 90 65 6 87 52 60 61 97 75 55 76 42 81 57 95 41 12 27 13 0,29 42
PFG_MOEA,657,1,198.33,1121.84,0 13 27 12 41 95 78 64 30 15 71 35 40 16 18 19 31 17 20 91 0,
PFG_MOEA,657,2,198.33,1121.84,0 50 48 92 22 23 84 39 56 68 37 33 21 34 43 0,
PFG_MOEA,657,3,198.33,1121.84,0 4 80 53 66 94 49 51 45 24 79 32 54 36 3 1 99 2 25 0,2
PFG_MOEA,657,4,198.33,1121.84,0 62 77 58 82 86 67 72 70 93 9 100 8 7 46 28 69 47 0,58 93
PFG_MOEA,657,5,198.33,1121.84,0 73 98 85 88 63 74 14 11 83 96 44 38 59 26 10 89 5 29 90 0,11 26 63 98
PFG_MOEA,657,6,198.33,1121.84,0 65 6 87 52 60 61 97 75 55 76 42 81 57 0,
PFG_MOEA,658,1,205.55,1025.13,0 81 57 95 41 15 30 64 78 74 63 88 85 98 71 35 40 16 18 19 17 31 0,78
PFG_MOEA,658,2,205.55,1025.13,0 20 91 21 33 37 68 56 39 84 23 22 1 99 34 43 92 53 80 4 0,99
PFG_MOEA,658,3,205.55,1025.13,0 66 94 3 36 54 70 72 67 32 49 51 45 24 0,
PFG_MOEA,658,4,205.55,1025.13,0 77 58 82 86 62 48 50 25 2 12 73 14 11 83 96 59 26 89 10 0,12 26 83
PFG_MOEA,658,5,205.55,1025.13,0 44 38 47 69 28 46 7 75 97 61 60 52 87 6 65 90 29 5 79 0,
PFG_MOEA,658,6,205.55,1025.13,0 13 27 8 100 93 9 55 76 42 0,76
PFG_MOEA,659,1,353.71,825.55,0 66 94 49 51 45 24 0,
PFG_MOEA,659,2,353.71,825.55,0 2 25 50 48 62 77 58 82 86 67 72 70 54 36 3 32 79 5 29 90 65 6 87 52 60 61 55 9 42 76 81 93 100 8 7 46 28 69 47 38 44 59 89 10 26 96 83 11 14 73 12 27 13 0,32 42 44
PFG_MOEA,659,3,353.71,825.55,0 57 95 41 0,
PFG_MOEA,659,4,353.71,825.55,0 97 75 98 85 88 63 74 78 64 30 15 71 35 31 17 40 16 18 19 20 91 21 33 37 68 56 39 84 23 22 1 34 43 92 0,64
PFG_MOEA,659,5,353.71,825.55,0 99 0,
PFG_MOEA,659,6,353.71,825.55,0 4 80 53 0,
PFG_MOEA,660,1,201.36,1069.24,0 27 12 73 14 11 83 96 26 10 89 59 44 38 47 69 28 46 0,83
PFG_MOEA,660,2,201.36,1069.24,0 7 30 15 71 35 40 16 18 19 31 17 20 91 0,31
PFG_MOEA,660,3,201.36,1069.24,0 25 2 99 34 43 92 1 84 23 22 70 72 67 86 82 58 77 50 0,
PFG_MOEA,660,4,201.36,1069.24,0 4 80 53 66 54 36 3 39 56 68 37 33 21 62 48 0,36 62
PFG_MOEA,660,5,201.36,1069.24,0 24 45 94 49 32 51 79 5 29 90 65 6 87 52 60 61 97 0,
PFG_MOEA,660,6,201.36,1069.24,0 42 76 9 55 75 81 93 100 8 57 95 41 98 85 88 63 74 78 64 13 0,42 88
PFG_MOEA,661,1,235.98,829.78,0 20 91 21 33 37 68 56 39 84 23 22 1 34 43 92 0,34
PFG_MOEA,661,2,235.98,829.78,0 99 0,99
PFG_MOEA,661,3,235.98,829.78,0 4 80 53 66 94 45 24 51 49 32 3 36 54 70 72 67 86 82 58 77 62 48 50 25 2 0,
PFG_MOEA,661,4,235.98,829.78,0 12 73 14 11 83 96 26 10 89 59 44 38 47 69 28 46 7 0,26
PFG_MOEA,661,5,235.98,829.78,0 79 5 29 90 65 6 87 52 60 61 97 75 13 27 0,
PFG_MOEA,661,6,235.98,829.78,0 8 100 93 9 55 76 42 81 57 95 41 98 85 88 63 74 78 64 30 15 71 35 31 17 40 16 18 19 0,42 64
PFG_MOEA,662,1,199.67,1096.55,0 5 29 90 65 6 87 52 60 61 97 75 7 14 73 12 99 2 25 50 48 0,6 52
PFG_MOEA,662,2,199.67,1096.55,0 24 79 51 45 94 49 32 36 54 70 72 67 86 82 3 62 0,
PFG_MOEA,662,3,199.67,1096.55,0 4 80 53 66 58 77 46 28 69 47 38 44 59 89 10 26 96 0,69
PFG_MOEA,662,4,199.67,1096.55,0 8 100 93 81 55 9 76 42 83 11 98 41 95 57 0,
PFG_MOEA,662,5,199.67,1096.55,0 20 91 21 33 37 18 16 40 35 71 15 30 64 78 74 63 88 85 0,63
PFG_MOEA,662,6,199.67,1096.55,0 92 43 34 1 22 23 84 39 56 68 19 17 31 27 13 0,31
PFG_MOEA,663,1,218.48,880.23,0 98 85 88 63 74 78 64 30 15 71 35 40 16 18 19 31 17 20 91 34 43 48 0,43 98
PFG_MOEA,663,2,218.48,880.23,0 50 92 21 33 37 68 56 39 84 23 22 1 99 2 25 0,99
PFG_MOEA,663,3,218.48,880.23,0 4 80 53 66 94 49 51 45 24 79 32 3 36 54 70 72 67 86 82 58 77 62 0,
PFG_MOEA,663,4,218.48,880.23,0 93 9 100 8 7 46 0,
PFG_MOEA,663,5,218.48,880.23,0 28 69 47 38 44 59 26 10 89 96 83 11 14 73 0,26
PFG_MOEA,663,6,218.48,880.23,0 5 29 90 65 6 87 52 60 61 97 75 55 76 42 81 57 95 41 12 27 13 0,29 42
PFG_MOEA,664,1,198.33,1121.84,0 13 27 12 41 95 78 64 30 15 71 35 40 16 18 19 31 17 20 91 0,
PFG_MOEA,664,2,198.33,1121.84,0 50 48 92 22 23 84 39 56 68 37 33 21 34 43 0,
PFG_MOEA,664,3,198.33,1121.84,0 4 80 53 66 94 49 51 45 24 79 32 54 36 3 1 99 2 25 0,2
PFG_MOEA,664,4,198.33,1121.84,0 62 77 58 82 86 67 72 70 93 9 100 8 7 46 28 69 47 0,58 93
PFG_MOEA,664,5,198.33,1121.84,0 73 98 85 88 63 74 14 11 83 96 44 38 59 26 10 89 5 29 90 0,11 26 63 98
PFG_MOEA,664,6,198.33,1121.84,0 65 6 87 52 60 61 97 75 55 76 42 81 57 0,
PFG_MOEA,665,1,205.55,1025.13,0 81 57 95 41 15 30 64 78 74 63 88 85 98 71 35 40 16 18 19 17 31 0,78
PFG_MOEA,665,2,205.55,1025.13,0 20 91 21 33 37 68 56 39 84 23 22 1 99 34 43 92 53 80 4 0,99
PFG_MOEA,665,3,205.55,1025.13,0 66 94 3 36 54 70 72 67 32 49 51 45 24 0,
PFG_MOEA,665,4,205.55,1025.13,0 77 58 82 86 62 48 50 25 2 12 73 14 11 83 96 59 26 89 10 0,12 26 83
PFG_MOEA,665,5,205.55,1025.13,0 44 38 47 69 28 46 7 75 97 61 60 52 87 6 65 90 29 5 79 0,
PFG_MOEA,665,6,205.55,1025.13,0 13 27 8 100 93 9 55 76 42 0,76
PFG_MOEA,666,1,353.71,825.55,0 66 94 49 51 45 24 0,
PFG_MOEA,666,2,353.71,825.55,0 2 25 50 48 62 77 58 82 86 67 72 70 54 36 3 32 79 5 29 90 65 6 87 52 60 61 55 9 42 76 81 93 100 8 7 46 28 69 47 38 44 59 89 10 26 96 83 11 14 73 12 27 13 0,32 42 44
PFG_MOEA,666,3,353.71,825.55,0 57 95 41 0,
PFG_MOEA,666,4,353.71,825.55,0 97 75 98 85 88 63 74 78 64 30 15 71 35 31 17 40 16 18 19 20 91 21 33 37 68 56 39 84 23 22 1 34 43 92 0,64
PFG_MOEA,666,5,353.71,825.55,0 99 0,
PFG_MOEA,666,6,353.71,825.55,0 4 80 53 0,
PFG_MOEA,667,1,201.36,1069.24,0 27 12 73 14 11 83 96 26 10 89 59 44 38 47 69 28 46 0,83
PFG_MOEA,667,2,201.36,1069.24,0 7 30 15 71 35 40 16 18 19 31 17 20 91 0,31
PFG_MOEA,667,3,201.36,1069.24,0 25 2 99 34 43 92 1 84 23 22 70 72 67 86 82 58 77 50 0,
PFG_MOEA,667,4,201.36,1069.24,0 4 80 53 66 54 36 3 39 56 68 37 33 21 62 48 0,36 62
PFG_MOEA,667,5,201.36,1069.24,0 24 45 94 49 32 51 79 5 29 90 65 6 87 52 60 61 97 0,
PFG_MOEA,667,6,201.36,1069.24,0 42 76 9 55 75 81 93 100 8 57 95 41 98 85 88 63 74 78 64 13 0,42 88
PFG_MOEA,668,1,235.98,829.78,0 20 91 21 33 37 68 56 39 84 23 22 1 34 43 92 0,34
PFG_MOEA,668,2,235.98,829.78,0 99 0,99
PFG_MOEA,668,3,235.98,829.78,0 4 80 53 66 94 45 24 51 49 32 3 36 54 70 72 67 86 82 58 77 62 48 50 25 2 0,
PFG_MOEA,668,4,235.98,829.78,0 12 73 14 11 83 96 26 10 89 59 44 38 47 69 28 46 7 0,26
PFG_MOEA,668,5,235.98,829.78,0 79 5 29 90 65 6 87 52 60 61 97 75 13 27 0,
PFG_MOEA,668,6,235.98,829.78,0 8 100 93 9 55 76 42 81 57 95 41 98 85 88 63 74 78 64 30 15 71 35 31 17 40 16 18 19 0,42 64
PFG_MOEA,669,1,199.67,1096.55,0 5 29 90 65 6 87 52 60 61 97 75 7 14 73 12 99 2 25 50 48 0,6 52
PFG_MOEA,669,2,199.67,1096.55,0 24 79 51 45 94 49 32 36 54 70 72 67 86 82 3 62 0,
PFG_MOEA,669,3,199.67,1096.55,0 4 80 53 66 58 77 46 28 69 47 38 44 59 89 10 26 96 0,69
PFG_MOEA,669,4,199.67,1096.55,0 8 100 93 81 55 9 76 42 83 11 98 41 95 57 0,
PFG_MOEA,669,5,199.67,1096.55,0 20 91 21 33 37 18 16 40 35 71 15 30 64 78 74 63 88 85 0,63
PFG_MOEA,669,6,199.67,1096.55,0 92 43 34 1 22 23 84 39 56 68 19 17 31 27 13 0,31
PFG_MOEA,670,1,218.48,880.23,0 98 85 88 63 74 78 64 30 15 71 35 40 16 18 19 31 17 20 91 34 43 48 0,43 98
PFG_MOEA,670,2,218.48,880.23,0 50 92 21 33 37 68 56 39 84 23 22 1 99 2 25 0,99
PFG_MOEA,670,3,218.48,880.23,0 4 80 53 66 94 49 51 45 24 79 32 3 36 54 70 72 67 86 82 58 77 62 0,
PFG_MOEA,670,4,218.48,880.23,0 93 9 100 8 7 46 0,
PFG_MOEA,670,5,218.48,880.23,0 28 69 47 38 44 59 26 10 89 96 83 11 14 73 0,26
PFG_MOEA,670,6,218.48,880.23,0 5 29 90 65 6 87 52 60 61 97 75 55 76 42 81 57 95 41 12 27 13 0,29 42
PFG_MOEA,671,1,198.33,1121.84,0 13 27 12 41 95 78 64 30 15 71 35 40 16 18 19 31 17 20 91 0,
PFG_MOEA,671,2,198.33,1121.84,0 50 48 92 22 23 84 39 56 68 37 33 21 34 43 0,
PFG_MOEA,671,3,198.33,1121.84,0 4 80 53 66 94 49 51 45 24 79 32 54 36 3 1 99 2 25 0,2
PFG_MOEA,671,4,198.33,1121.84,0 62 77 58 82 86 67 72 70 93 9 100 8 7 46 28 69 47 0,58 93
PFG_MOEA,671,5,198.33,1121.84,0 73 98 85 88 63 74 14 11 83 96 44 38 59 26 10 89 5 29 90 0,11 26 63 98
PFG_MOEA,671,6,198.33,1121.84,0 65 6 87 52 60 61 97 75 55 76 42 81 57 0,
PFG_MOEA,672,1,205.55,1025.13,0 81 57 95 41 15 30 64 78 74 63 88 85 98 71 35 40 16 18 19 17 31 0,78
PFG_MOEA,672,2,205.55,1025.13,0 20 91 21 33 37 68 56 39 84 23 22 1 99 34 43 92 53 80 4 0,99
PFG_MOEA,672,3,205.55,1025.13,0 66 94 3 36 54 70 72 67 32 49 51 45 24 0,
PFG_MOEA,672,4,205.55,1025.13,0 77 58 82 86 62 48 50 25 2 12 73 14 11 83 96 59 26 89 10 0,12 26 83
PFG_MOEA,672,5,205.55,1025.13,0 44 38 47 69 28 46 7 75 97 61 60 52 87 6 65 90 29 5 79 0,
PFG_MOEA,672,6,205.55,1025.13,0 13 27 8 100 93 9 55 76 42 0,76
PFG_MOEA,673,1,353.71,825.55,0 66 94 49 51 45 24 0,
PFG_MOEA,673,2,353.71,825.55,0 2 25 50 48 62 77 58 82 86 67 72 70 54 36 3 32 79 5 29 90 65 6 87 52 60 61 55 9 42 76 81 93 100 8 7 46 28 69 47 38 44 59 89 10 26 96 83 11 14 73 12 27 13 0,32 42 44
PFG_MOEA,673,3,353.71,825.55,0 57 95 41 0,
PFG_MOEA,673,4,353.71,825.55,0 97 75 98 85 88 63 74 78 64 30 15 71 35 31 17 40 16 18 19 20 91 21 33 37 68 56 39 84 23 22 1 34 43 92 0,64
PFG_MOEA,673,5,353.71,825.55,0 99 0,
PFG_MOEA,673,6,353.71,825.55,0 4 80 53 0,
PFG_MOEA,674,1,201.36,1069.24,0 27 12 73 14 11 83 96 26 10 89 59 44 38 47 69 28 46 0,83
PFG_MOEA,674,2,201.36,1069.24,0 7 30 15 71 35 40 16 18 19 31 17 20 91 0,31
PFG_MOEA,674,3,201.36,1069.24,0 25 2 99 34 43 92 1 84 23 22 70 72 67 86 82 58 77 50 0,
PFG_MOEA,674,4,201.36,1069.24,0 4 80 53 66 54 36 3 39 56 68 37 33 21 62 48 0,36 62
PFG_MOEA,674,5,201.36,1069.24,0 24 45 94 49 32 51 79 5 29 90 65 6 87 52 60 61 97 0,
PFG_MOEA,674,6,201.36,1069.24,0 42 76 9 55 75 81 93 100 8 57 95 41 98 85 88 63 74 78 64 13 0,42 88
PFG_MOEA,675,1,235.98,829.78,0 20 91 21 33 37 68 56 39 84 23 22 1 34 43 92 0,34
PFG_MOEA,675,2,235.98,829.78,0 99 0,99
PFG_MOEA,675,3,235.98,829.78,0 4 80 53 66 94 45 24 51 49 32 3 36 54 70 72 67 86 82 58 77 62 48 50 25 2 0,
PFG_MOEA,675,4,235.98,829.78,0 12 73 14 11 83 96 26 10 89 59 44 38 47 69 28 46 7 0,26
PFG_MOEA,675,5,235.98,829.78,0 79 5 29 90 65 6 87 52 60 61 97 75 13 27 0,
PFG_MOEA,675,6,235.98,829.78,0 8 100 93 9 55 76 42 81 57 95 41 98 85 88 63 74 78 64 30 15 71 35 31 17 40 16 18 19 0,42 64
PFG_MOEA,676,1,199.67,1096.55,0 5 29 90 65 6 87 52 60 61 97 75 7 14 73 12 99 2 25 50 48 0,6 52
PFG_MOEA,676,2,199.67,1096.55,0 24 79 51 45 94 49 32 36 54 70 72 67 86 82 3 62 0,
PFG_MOEA,676,3,199.67,1096.55,0 4 80 53 66 58 77 46 28 69 47 38 44 59 89 10 26 96 0,69
PFG_MOEA,676,4,199.67,1096.55,0 8 100 93 81 55 9 76 42 83 11 98 41 95 57 0,
PFG_MOEA,676,5,199.67,1096.55,0 20 91 21 33 37 18 16 40 35 71 15 30 64 78 74 63 88 85 0,63
PFG_MOEA,676,6,199.67,1096.55,0 92 43 34 1 22 23 84 39 56 68 19 17 31 27 13 0,31
PFG_MOEA,677,1,218.48,880.23,0 98 85 88 63 74 78 64 30 15 71 35 40 16 18 19 31 17 20 91 34 43 48 0,43 98
PFG_MOEA,677,2,218.48,880.23,0 50 92 21 33 37 68 56 39 84 23 22 1 99 2 25 0,99
PFG_MOEA,677,3,218.48,880.23,0 4 80 53 66 94 49 51 45 24 79 32 3 36 54 70 72 67 86 82 58 77 62 0,
PFG_MOEA,677,4,218.48,880.23,0 93 9 100 8 7 46 0,
PFG_MOEA,677,5,218.48,880.23,0 28 69 47 38 44 59 26 10 89 96 83 11 14 73 0,26
PFG_MOEA,677,6,218.48,880.23,0 5 29 90 65 6 87 52 60 61 97 75 55 76 42 81 57 95 41 12 27 13 0,29 42
PFG_MOEA,678,1,198.33,1121.84,0 13 27 12 41 95 78 64 30 15 71 35 40 16 18 19 31 17 20 91 0,
PFG_MOEA,678,2,198.33,1121.84,0 50 48 92 22 23 84 39 56 68 37 33 21 34 43 0,
PFG_MOEA,678,3,198.33,1121.84,0 4 80 53 66 94 49 51 45 24 79 32 54 36 3 1 99 2 25 0,2
PFG_MOEA,678,4,198.33,1121.84,0 62 77 58 82 86 67 72 70 93 9 100 8 7 46 28 69 47 0,58 93
PFG_MOEA,678,5,198.33,1121.84,0 73 98 85 88 63 74 14 11 83 96 44 38 59 26 10 89 5 29 90 0,11 26 63 98
PFG_MOEA,678,6,198.33,1121.84,0 65 6 87 52 60 61 97 75 55 76 42 81 57 0,
PFG_MOEA,679,1,205.55,1025.13,0 81 57 95 41 15 30 64 78 74 63 88 85 98 71 35 40 16 18 19 17 31 0,78
PFG_MOEA,679,2,205.55,1025.13,0 20 91 21 33 37 68 56 39 84 23 22 1 99 34 43 92 53 80 4 0,99
PFG_MOEA,679,3,205.55,1025.13,0 66 94 3 36 54 70 72 67 32 49 51 45 24 0,
PFG_MOEA,679,4,205.55,1025.13,0 77 58 82 86 62 48 50 25 2 12 73 14 11 83 96 59 26 89 10 0,12 26 83
PFG_MOEA,679,5,205.55,1025.13,0 44 38 47 69 28 46 7 75 97 61 60 52 87 6 65 90 29 5 79 0,
PFG_MOEA,679,6,205.55,1025.13,0 13 27 8 100 93 9 55 76 42 0,76
PFG_MOEA,680,1,353.71,825.55,0 66 94 49 51 45 24 0,
PFG_MOEA,680,2,353.71,825.55,0 2 25 50 48 62 77 58 82 86 67 72 70 54 36 3 32 79 5 29 90 65 6 87 52 60 61 55 9 42 76 81 93 100 8 7 46 28 69 47 38 44 59 89 10 26 96 83 11 14 73 12 27 13 0,32 42 44
PFG_MOEA,680,3,353.71,825.55,0 57 95 41 0,
PFG_MOEA,680,4,353.71,825.55,0 97 75 98 85 88 63 74 78 64 30 15 71 35 31 17 40 16 18 19 20 91 21 33 37 68 56 39 84 23 22 1 34 43 92 0,64
PFG_MOEA,680,5,353.71,825.55,0 99 0,
PFG_MOEA,680,6,353.71,825.55,0 4 80 53 0,
PFG_MOEA,681,1,201.36,1069.24,0 27 12 73 14 11 83 96 26 10 89 59 44 38 47 69 28 46 0,83
PFG_MOEA,681,2,201.36,1069.24,0 7 30 15 71 35 40 16 18 19 31 17 20 91 0,31
PFG_MOEA,681,3,201.36,1069.24,0 25 2 99 34 43 92 1 84 23 22 70 72 67 86 82 58 77 50 0,
PFG_MOEA,681,4,201.36,1069.24,0 4 80 53 66 54 36 3 39 56 68 37 33 21 62 48 0,36 62
PFG_MOEA,681,5,201.36,1069.24,0 24 45 94 49 32 51 79 5 29 90 65 6 87 52 60 61 97 0,
PFG_MOEA,681,6,201.36,1069.24,0 42 76 9 55 75 81 93 100 8 57 95 41 98 85 88 63 74 78 64 13 0,42 88
PFG_MOEA,682,1,235.98,829.78,0 20 91 21 33 37 68 56 39 84 23 22 1 34 43 92 0,34
PFG_MOEA,682,2,235.98,829.78,0 99 0,99
PFG_MOEA,682,3,235.98,829.78,0 4 80 53 66 94 45 24 51 49 32 3 36 54 70 72 67 86 82 58 77 62 48 50 25 2 0,
PFG_MOEA,682,4,235.98,829.78,0 12 73 14 11 83 96 26 10 89 59 44 38 47 69 28 46 7 0,26
PFG_MOEA,682,5,235.98,829.78,0 79 5 29 90 65 6 87 52 60 61 97 75 13 27 0,
PFG_MOEA,682,6,235.98,829.78,0 8 100 93 9 55 76 42 81 57 95 41 98 85 88 63 74 78 64 30 15 71 35 31 17 40 16 18 19 0,42 64
PFG_MOEA,683,1,199.67,1096.55,0 5 29 90 65 6 87 52 60 61 97 75 7 14 73 12 99 2 25 50 48 0,6 52
PFG_MOEA,683,2,199.67,1096.55,0 24 79 51 45 94 49 32 36 54 70 72 67 86 82 3 62 0,
PFG_MOEA,683,3,199.67,1096.55,0 4 80 53 66 58 77 46 28 69 47 38 44 59 89 10 26 96 0,69
PFG_MOEA,683,4,199.67,1096.55,0 8 100 93 81 55 9 76 42 83 11 98 41 95 57 0,
PFG_MOEA,683,5,199.67,1096.55,0 20 91 21 33 37 18 16 40 35 71 15 30 64 78 74 63 88 85 0,63
PFG_MOEA,683,6,199.67,1096.55,0 92 43 34 1 22 23 84 39 56 68 19 17 31 27 13 0,31
PFG_MOEA,684,1,218.48,880.23,0 98 85 88 63 74 78 64 30 15 71 35 40 16 18 19 31 17 20 91 34 43 48 0,43 98
PFG_MOEA,684,2,218.48,880.23,0 50 92 21 33 37 68 56 39 84 23 22 1 99 2 25 0,99
PFG_MOEA,684,3,218.48,880.23,0 4 80 53 66 94 49 51 45 24 79 32 3 36 54 70 72 67 86 82 58 77 62 0,
PFG_MOEA,684,4,218.48,880.23,0 93 9 100 8 7 46 0,
PFG_MOEA,684,5,218.48,880.23,0 28 69 47 38 44 59 26 10 89 96 83 11 14 73 0,26
PFG_MOEA,684,6,218.48,880.23,0 5 29 90 65 6 87 52 60 61 97 75 55 76 42 81 57 95 41 12 27 13 0,29 42
PFG_MOEA,685,1,198.33,1121.84,0 13 27 12 41 95 78 64 30 15 71 35 40 16 18 19 31 17 20 91 0,
PFG_MOEA,685,2,198.33,1121.84,0 50 48 92 22 23 84 39 56 68 37 33 21 34 43 0,
PFG_MOEA,685,3,198.33,1121.84,0 4 80 53 66 94 49 51 45 24 79 32 54 36 3 1 99 2 25 0,2
PFG_MOEA,685,4,198.33,1121.84,0 62 77 58 82 86 67 72 70 93 9 100 8 7 46 28 69 47 0,58 93
PFG_MOEA,685,5,198.33,1121.84,0 73 98 85 88 63 74 14 11 83 96 44 38 59 26 10 89 5 29 90 0,11 26 63 98
PFG_MOEA,685,6,198.33,1121.84,0 65 6 87 52 60 61 97 75 55 76 42 81 57 0,
PFG_MOEA,686,1,205.55,1025.13,0 81 57 95 41 15 30 64 78 74 63 88 85 98 71 35 40 16 18 19 17 31 0,78
PFG_MOEA,686,2,205.55,1025.13,0 20 91 21 33 37 68 56 39 84 23 22 1 99 34 43 92 53 80 4 0,99
PFG_MOEA,686,3,205.55,1025.13,0 66 94 3 36 54 70 72 67 32 49 51 45 24 0,
PFG_MOEA,686,4,205.55,1025.13,0 77 58 82 86 62 48 50 25 2 12 73 14 11 83 96 59 26 89 10 0,12 26 83
PFG_MOEA,686,5,205.55,1025.13,0 44 38 47 69 28 46 7 75 97 61 60 52 87 6 65 90 29 5 79 0,
PFG_MOEA,686,6,205.55,1025.13,0 13 27 8 100 93 9 55 76 42 0,76
PFG_MOEA,687,1,353.71,825.55,0 66 94 49 51 45 24 0,
PFG_MOEA,687,2,353.71,825.55,0 2 25 50 48 62 77 58 82 86 67 72 70 54 36 3 32 79 5 29 90 65 6 87 52 60 61 55 9 42 76 81 93 100 8 7 46 28 69 47 38 44 59 89 10 26 96 83 11 14 73 12 27 13 0,32 42 44
PFG_MOEA,687,3,353.71,825.55,0 57 95 41 0,
PFG_MOEA,687,4,353.71,825.55,0 97 75 98 85 88 63 74 78 64 30 15 71 35 31 17 40 16 18 19 20 91 21 33 37 68 56 39 84 23 22 1 34 43 92 0,64
PFG_MOEA,687,5,353.71,825.55,0 99 0,
PFG_MOEA,687,6,353.71,825.55,0 4 80 53 0,
PFG_MOEA,688,1,201.36,1069.24,0 27 12 73 14 11 83 96 26 10 89 59 44 38 47 69 28 46 0,83
PFG_MOEA,688,2,201.36,1069.24,0 7 30 15 71 35 40 16 18 19 31 17 20 91 0,31
PFG_MOEA,688,3,201.36,1069.24,0 25 2 99 34 43 92 1 84 23 22 70 72 67 86 82 58 77 50 0,
PFG_MOEA,688,4,201.36,1069.24,0 4 80 53 66 54 36 3 39 56 68 37 33 21 62 48 0,36 62
PFG_MOEA,688,5,201.36,1069.24,0 24 45 94 49 32 51 79 5 29 90 65 6 87 52 60 61 97 0,
PFG_MOEA,688,6,201.36,1069.24,0 42 76 9 55 75 81 93 100 8 57 95 41 98 85 88 63 74 78 64 13 0,42 88
PFG_MOEA,689,1,235.98,829.78,0 20 91 21 33 37 68 56 39 84 23 22 1 34 43 92 0,34
PFG_MOEA,689,2,235.98,829.78,0 99 0,99
PFG_MOEA,689,3,235.98,829.78,0 4 80 53 66 94 45 24 51 49 32 3 36 54 70 72 67 86 82 58 77 62 48 50 25 2 0,
PFG_MOEA,689,4,235.98,829.78,0 12 73 14 11 83 96 26 10 89 59 44 38 47 69 28 46 7 0,26
PFG_MOEA,689,5,235.98,829.78,0 79 5 29 90 65 6 87 52 60 61 97 75 13 27 0,
PFG_MOEA,689,6,235.98,829.78,0 8 100 93 9 55 76 42 81 57 95 41 98 85 88 63 74 78 64 30 15 71 35 31 17 40 16 18 19 0,42 64
PFG_MOEA,690,1,199.67,1096.55,0 5 29 90 65 6 87 52 60 61 97 75 7 14 73 12 99 2 25 50 48 0,6 52
PFG_MOEA,690,2,199.67,1096.55,0 24 79 51 45 94 49 32 36 54 70 72 67 86 82 3 62 0,
PFG_MOEA,690,3,199.67,1096.55,0 4 80 53 66 58 77 46 28 69 47 38 44 59 89 10 26 96 0,69
PFG_MOEA,690,4,199.67,1096.55,0 8 100 93 81 55 9 76 42 83 11 98 41 95 57 0,
PFG_MOEA,690,5,199.67,1096.55,0 20 91 21 33 37 18 16 40 35 71 15 30 64 78 74 63 88 85 0,63
PFG_MOEA,690,6,199.67,1096.55,0 92 43 34 1 22 23 84 39 56 68 19 17 31 27 13 0,31
PFG_MOEA,691,1,218.48,880.23,0 98 85 88 63 74 78 64 30 15 71 35 40 16 18 19 31 17 20 91 34 43 48 0,43 98
PFG_MOEA,691,2,218.48,880.23,0 50 92 21 33 37 68 56 39 84 23 22 1 99 2 25 0,99
PFG_MOEA,691,3,218.48,880.23,0 4 80 53 66 94 49 51 45 24 79 32 3 36 54 70 72 67 86 82 58 77 62 0,
PFG_MOEA,691,4,218.48,880.23,0 93 9 100 8 7 46 0,
PFG_MOEA,691,5,218.48,880.23,0 28 69 47 38 44 59 26 10 89 96 83 11 14 73 0,26
PFG_MOEA,691,6,218.48,880.23,0 5 29 90 65 6 87 52 60 61 97 75 55 76 42 81 57 95 41 12 27 13 0,29 42
PFG_MOEA,692,1,198.33,1121.84,0 13 27 12 41 95 78 64 30 15 71 35 40 16 18 19 31 17 20 91 0,
PFG_MOEA,692,2,198.33,1121.84,0 50 48 92 22 23 84 39 56 68 37 33 21 34 43 0,
PFG_MOEA,692,3,198.33,1121.84,0 4 80 53 66 94 49 51 45 24 79 32 54 36 3 1 99 2 25 0,2
PFG_MOEA,692,4,198.33,1121.84,0 62 77 58 82 86 67 72 70 93 9 100 8 7 46 28 69 47 0,58 93
PFG_MOEA,692,5,198.33,1121.84,0 73 98 85 88 63 74 14 11 83 96 44 38 59 26 10 89 5 29 90 0,11 26 63 98
PFG_MOEA,692,6,198.33,1121.84,0 65 6 87 52 60 61 97 75 55 76 42 81 57 0,
PFG_MOEA,693,1,205.55,1025.13,0 81 57 95 41 15 30 64 78 74 63 88 85 98 71 35 40 16 18 19 17 31 0,78
PFG_MOEA,693,2,205.55,1025.13,0 20 91 21 33 37 68 56 39 84 23 22 1 99 34 43 92 53 80 4 0,99
PFG_MOEA,693,3,205.55,1025.13,0 66 94 3 36 54 70 72 67 32 49 51 45 24 0,
PFG_MOEA,693,4,205.55,1025.13,0 77 58 82 86 62 48 50 25 2 12 73 14 11 83 96 59 26 89 10 0,12 26 83
PFG_MOEA,693,5,205.55,1025.13,0 44 38 47 69 28 46 7 75 97 61 60 52 87 6 65 90 29 5 79 0,
PFG_MOEA,693,6,205.55,1025.13,0 13 27 8 100 93 9 55 76 42 0,76
PFG_MOEA,694,1,353.71,825.55,0 66 94 49 51 45 24 0,
PFG_MOEA,694,2,353.71,825.55,0 2 25 50 48 62 77 58 82 86 67 72 70 54 36 3 32 79 5 29 90 65 6 87 52 60 61 55 9 42 76 81 93 100 8 7 46 28 69 47 38 44 59 89 10 26 96 83 11 14 73 12 27 13 0,32 42 44
PFG_MOEA,694,3,353.71,825.55,0 57 95 41 0,
PFG_MOEA,694,4,353.71,825.55,0 97 75 98 85 88 63 74 78 64 30 15 71 35 31 17 40 16 18 19 20 91 21 33 37 68 56 39 84 23 22 1 34 43 92 0,64
PFG_MOEA,694,5,353.71,825.55,0 99 0,
PFG_MOEA,694,6,353.71,825.55,0 4 80 53 0,
PFG_MOEA,695,1,201.36,1069.24,0 27 12 73 14 11 83 96 26 10 89 59 44 38 47 69 28 46 0,83
PFG_MOEA,695,2,201.36,1069.24,0 7 30 15 71 35 40 16 18 19 31 17 20 91 0,31
PFG_MOEA,695,3,201.36,1069.24,0 25 2 99 34 43 92 1 84 23 22 70 72 67 86 82 58 77 50 0,
PFG_MOEA,695,4,201.36,1069.24,0 4 80 53 66 54 36 3 39 56 68 37 33 21 62 48 0,36 62
PFG_MOEA,695,5,201.36,1069.24,0 24 45 94 49 32 51 79 5 29 90 65 6 87 52 60 61 97 0,
PFG_MOEA,695,6,201.36,1069.24,0 42 76 9 55 75 81 93 100 8 57 95 41 98 85 88 63 74 78 64 13 0,42 88
PFG_MOEA,696,1,235.98,829.78,0 20 91 21 33 37 68 56 39 84 23 22 1 34 43 92 0,34
PFG_MOEA,696,2,235.98,829.78,0 99 0,99
PFG_MOEA,696,3,235.98,829.78,0 4 80 53 66 94 45 24 51 49 32 3 36 54 70 72 67 86 82 58 77 62 48 50 25 2 0,
PFG_MOEA,696,4,235.98,829.78,0 12 73 14 11 83 96 26 10 89 59 44 38 47 69 28 46 7 0,26
PFG_MOEA,696,5,235.98,829.78,0 79 5 29 90 65 6 87 52 60 61 97 75 13 27 0,
PFG_MOEA,696,6,235.98,829.78,0 8 100 93 9 55 76 42 81 57 95 41 98 85 88 63 74 78 64 30 15 71 35 31 17 40 16 18 19 0,42 64
PFG_MOEA,697,1,199.67,1096.55,0 5 29 90 65 6 87 52 60 61 97 75 7 14 73 12 99 2 25 50 48 0,6 52
PFG_MOEA,697,2,199.67,1096.55,0 24 79 51 45 94 49 32 36 54 70 72 67 86 82 3 62 0,
PFG_MOEA,697,3,199.67,1096.55,0 4 80 53 66 58 77 46 28 69 47 38 44 59 89 10 26 96 0,69
PFG_MOEA,697,4,199.67,1096.55,0 8 100 93 81 55 9 76 42 83 11 98 41 95 57 0,
PFG_MOEA,697,5,199.67,1096.55,0 20 91 21 33 37 18 16 40 35 71 15 30 64 78 74 63 88 85 0,63
PFG_MOEA,697,6,199.67,1096.55,0 92 43 34 1 22 23 84 39 56 68 19 17 31 27 13 0,31
PFG_MOEA,698,1,218.48,880.23,0 98 85 88 63 74 78 64 30 15 71 35 40 16 18 19 31 17 20 91 34 43 48 0,43 98
PFG_MOEA,698,2,218.48,880.23,0 50 92 21 33 37 68 56 39 84 23 22 1 99 2 25 0,99
PFG_MOEA,698,3,218.48,880.23,0 4 80 53 66 94 49 51 45 24 79 32 3 36 54 70 72 67 86 82 58 77 62 0,
PFG_MOEA,698,4,218.48,880.23,0 93 9 100 8 7 46 0,
PFG_MOEA,698,5,218.48,880.23,0 28 69 47 38 44 59 26 10 89 96 83 11 14 73 0,26
PFG_MOEA,698,6,218.48,880.23,0 5 29 90 65 6 87 52 60 61 97 75 55 76 42 81 57 95 41 12 27 13 0,29 42
PFG_MOEA,699,1,198.33,1121.84,0 13 27 12 41 95 78 64 30 15 71 35 40 16 18 19 31 17 20 91 0,
PFG_MOEA,699,2,198.33,1121.84,0 50 48 92 22 23 84 39 56 68 37 33 21 34 43 0,
PFG_MOEA,699,3,198.33,1121.84,0 4 80 53 66 94 49 51 45 24 79 32 54 36 3 1 99 2 25 0,2
PFG_MOEA,699,4,198.33,1121.84,0 62 77 58 82 86 67 72 70 93 9 100 8 7 46 28 69 47 0,58 93
PFG_MOEA,699,5,198.33,1121.84,0 73 98 85 88 63 74 14 11 83 96 44 38 59 26 10 89 5 29 90 0,11 26 63 98
PFG_MOEA,699,6,198.33,1121.84,0 65 6 87 52 60 61 97 75 55 76 42 81 57 0,
PFG_MOEA,700,1,205.55,1025.13,0 81 57 95 41 15 30 64 78 74 63 88 85 98 71 35 40 16 18 19 17 31 0,78
PFG_MOEA,700,2,205.55,1025.13,0 20 91 21 33 37 68 56 39 84 23 22 1 99 34 43 92 53 80 4 0,99
PFG_MOEA,700,3,205.55,1025.13,0 66 94 3 36 54 70 72 67 32 49 51 45 24 0,
PFG_MOEA,700,4,205.55,1025.13,0 77 58 82 86 62 48 50 25 2 12 73 14 11 83 96 59 26 89 10 0,12 26 83
PFG_MOEA,700,5,205.55,1025.13,0 44 38 47 69 28 46 7 75 97 61 60 52 87 6 65 90 29 5 79 0,
PFG_MOEA,700,6,205.55,1025.13,0 13 27 8 100 93 9 55 76 42 0,76
PFG_MOEA,701,1,353.71,825.55,0 66 94 49 51 45 24 0,
PFG_MOEA,701,2,353.71,825.55,0 2 25 50 48 62 77 58 82 86 67 72 70 54 36 3 32 79 5 29 90 65 6 87 52 60 61 55 9 42 76 81 93 100 8 7 46 28 69 47 38 44 59 89 10 26 96 83 11 14 73 12 27 13 0,32 42 44
PFG_MOEA,701,3,353.71,825.55,0 57 95 41 0,
PFG_MOEA,701,4,353.71,825.55,0 97 75 98 85 88 63 74 78 64 30 15 71 35 31 17 40 16 18 19 20 91 21 33 37 68 56 39 84 23 22 1 34 43 92 0,64
PFG_MOEA,701,5,353.71,825.55,0 99 0,
PFG_MOEA,701,6,353.71,825.55,0 4 80 53 0,
PFG_MOEA,702,1,201.36,1069.24,0 27 12 73 14 11 83 96 26 10 89 59 44 38 47 69 28 46 0,83
PFG_MOEA,702,2,201.36,1069.24,0 7 30 15 71 35 40 16 18 19 31 17 20 91 0,31
PFG_MOEA,702,3,201.36,1069.24,0 25 2 99 34 43 92 1 84 23 22 70 72 67 86 82 58 77 50 0,
PFG_MOEA,702,4,201.36,1069.24,0 4 80 53 66 54 36 3 39 56 68 37 33 21 62 48 0,36 62
PFG_MOEA,702,5,201.36,1069.24,0 24 45 94 49 32 51 79 5 29 90 65 6 87 52 60 61 97 0,
PFG_MOEA,702,6,201.36,1069.24,0 42 76 9 55 75 81 93 100 8 57 95 41 98 85 88 63 74 78 64 13 0,42 88
PFG_MOEA,703,1,235.98,829.78,0 20 91 21 33 37 68 56 39 84 23 22 1 34 43 92 0,34
PFG_MOEA,703,2,235.98,829.78,0 99 0,99
PFG_MOEA,703,3,235.98,829.78,0 4 80 53 66 94 45 24 51 49 32 3 36 54 70 72 67 86 82 58 77 62 48 50 25 2 0,
PFG_MOEA,703,4,235.98,829.78,0 12 73 14 11 83 96 26 10 89 59 44 38 47 69 28 46 7 0,26
PFG_MOEA,703,5,235.98,829.78,0 79 5 29 90 65 6 87 52 60 61 97 75 13 27 0,
PFG_MOEA,703,6,235.98,829.78,0 8 100 93 9 55 76 42 81 57 95 41 98 85 88 63 74 78 64 30 15 71 35 31 17 40 16 18 19 0,42 64
PFG_MOEA,704,1,199.67,1096.55,0 5 29 90 65 6 87 52 60 61 97 75 7 14 73 12 99 2 25 50 48 0,6 52
PFG_MOEA,704,2,199.67,1096.55,0 24 79 51 45 94 49 32 36 54 70 72 67 86 82 3 62 0,
PFG_MOEA,704,3,199.67,1096.55,0 4 80 53 66 58 77 46 28 69 47 38 44 59 89 10 26 96 0,69
PFG_MOEA,704,4,199.67,1096.55,0 8 100 93 81 55 9 76 42 83 11 98 41 95 57 0,
PFG_MOEA,704,5,199.67,1096.55,0 20 91 21 33 37 18 16 40 35 71 15 30 64 78 74 63 88 85 0,63
PFG_MOEA,704,6,199.67,1096.55,0 92 43 34 1 22 23 84 39 56 68 19 17 31 27 13 0,31
PFG_MOEA,705,1,218.48,880.23,0 98 85 88 63 74 78 64 30 15 71 35 40 16 18 19 31 17 20 91 34 43 48 0,43 98
PFG_MOEA,705,2,218.48,880.23,0 50 92 21 33 37 68 56 39 84 23 22 1 99 2 25 0,99
PFG_MOEA,705,3,218.48,880.23,0 4 80 53 66 94 49 51 45 24 79 32 3 36 54 70 72 67 86 82 58 77 62 0,
PFG_MOEA,705,4,218.48,880.23,0 93 9 100 8 7 46 0,
PFG_MOEA,705,5,218.48,880.23,0 28 69 47 38 44 59 26 10 89 96 83 11 14 73 0,26
PFG_MOEA,705,6,218.48,880.23,0 5 29 90 65 6 87 52 60 61 97 75 55 76 42 81 57 95 41 12 27 13 0,29 42
PFG_MOEA,706,1,198.33,1121.84,0 13 27 12 41 95 78 64 30 15 71 35 40 16 18 19 31 17 20 91 0,
PFG_MOEA,706,2,198.33,1121.84,0 50 48 92 22 23 84 39 56 68 37 33 21 34 43 0,
PFG_MOEA,706,3,198.33,1121.84,0 4 80 53 66 94 49 51 45 24 79 32 54 36 3 1 99 2 25 0,2
PFG_MOEA,706,4,198.33,1121.84,0 62 77 58 82 86 67 72 70 93 9 100 8 7 46 28 69 47 0,58 93
PFG_MOEA,706,5,198.33,1121.84,0 73 98 85 88 63 74 14 11 83 96 44 38 59 26 10 89 5 29 90 0,11 26 63 98
PFG_MOEA,706,6,198.33,1121.84,0 65 6 87 52 60 61 97 75 55 76 42 81 57 0,
PFG_MOEA,707,1,205.55,1025.13,0 81 57 95 41 15 30 64 78 74 63 88 85 98 71 35 40 16 18 19 17 31 0,78
PFG_MOEA,707,2,205.55,1025.13,0 20 91 21 33 37 68 56 39 84 23 22 1 99 34 43 92 53 80 4 0,99
PFG_MOEA,707,3,205.55,1025.13,0 66 94 3 36 54 70 72 67 32 49 51 45 24 0,
PFG_MOEA,707,4,205.55,1025.13,0 77 58 82 86 62 48 50 25 2 12 73 14 11 83 96 59 26 89 10 0,12 26 83
PFG_MOEA,707,5,205.55,1025.13,0 44 38 47 69 28 46 7 75 97 61 60 52 87 6 65 90 29 5 79 0,
PFG_MOEA,707,6,205.55,1025.13,0 13 27 8 100 93 9 55 76 42 0,76
PFG_MOEA,708,1,353.71,825.55,0 66 94 49 51 45 24 0,
PFG_MOEA,708,2,353.71,825.55,0 2 25 50 48 62 77 58 82 86 67 72 70 54 36 3 32 79 5 29 90 65 6 87 52 60 61 55 9 42 76 81 93 100 8 7 46 28 69 47 38 44 59 89 10 26 96 83 11 14 73 12 27 13 0,32 42 44
PFG_MOEA,708,3,353.71,825.55,0 57 95 41 0,
PFG_MOEA,708,4,353.71,825.55,0 97 75 98 85 88 63 74 78 64 30 15 71 35 31 17 40 16 18 19 20 91 21 33 37 68 56 39 84 23 22 1 34 43 92 0,64
PFG_MOEA,708,5,353.71,825.55,0 99 0,
PFG_MOEA,708,6,353.71,825.55,0 4 80 53 0,
PFG_MOEA,709,1,207.02,1012.48,0 50 48 62 21 33 37 68 56 39 3 36 54 66 53 80 4 24 0,
PFG_MOEA,709,2,207.02,1012.48,0 45 94 49 32 51 79 5 29 90 65 6 87 52 60 61 55 9 42 76 81 93 100 8 0,5 32 76
PFG_MOEA,709,3,207.02,1012.48,0 7 46 28 69 47 38 44 59 89 10 26 96 83 11 14 73 12 0,
PFG_MOEA,709,4,207.02,1012.48,0 97 75 98 85 88 63 74 78 64 30 15 41 57 95 27 13 0,
PFG_MOEA,709,5,207.02,1012.48,0 17 31 35 71 40 16 18 19 20 91 25 2 0,
PFG_MOEA,709,6,207.02,1012.48,0 92 43 34 99 1 84 23 22 70 72 67 86 82 58 77 0,
PFG_MOEA,710,1,201.36,1069.24,0 27 12 73 14 11 83 96 26 10 89 59 44 38 47 69 28 46 0,83
PFG_MOEA,710,2,201.36,1069.24,0 7 30 15 71 35 40 16 18 19 31 17 20 91 0,31
PFG_MOEA,710,3,201.36,1069.24,0 25 2 99 34 43 92 1 84 23 22 70 72 67 86 82 58 77 50 0,
PFG_MOEA,710,4,201.36,1069.24,0 4 80 53 66 54 36 3 39 56 68 37 33 21 62 48 0,36 62
PFG_MOEA,710,5,201.36,1069.24,0 24 45 94 49 32 51 79 5 29 90 65 6 87 52 60 61 97 0,
PFG_MOEA,710,6,201.36,1069.24,0 42 76 9 55 75 81 93 100 8 57 95 41 98 85 88 63 74 78 64 13 0,42 88
PFG_MOEA,711,1,235.98,829.78,0 20 91 21 33 37 68 56 39 84 23 22 1 34 43 92 0,34
PFG_MOEA,711,2,235.98,829.78,0 99 0,99
PFG_MOEA,711,3,235.98,829.78,0 4 80 53 66 94 45 24 51 49 32 3 36 54 70 72 67 86 82 58 77 62 48 50 25 2 0,
PFG_MOEA,711,4,235.98,829.78,0 12 73 14 11 83 96 26 10 89 59 44 38 47 69 28 46 7 0,26
PFG_MOEA,711,5,235.98,829.78,0 79 5 29 90 65 6 87 52 60 61 97 75 13 27 0,
PFG_MOEA,711,6,235.98,829.78,0 8 100 93 9 55 76 42 81 57 95 41 98 85 88 63 74 78 64 30 15 71 35 31 17 40 16 18 19 0,42 64
PFG_MOEA,712,1,199.67,1096.55,0 5 29 90 65 6 87 52 60 61 97 75 7 14 73 12 99 2 25 50 48 0,6 52
PFG_MOEA,712,2,199.67,1096.55,0 24 79 51 45 94 49 32 36 54 70 72 67 86 82 3 62 0,
PFG_MOEA,712,3,199.67,1096.55,0 4 80 53 66 58 77 46 28 69 47 38 44 59 89 10 26 96 0,69
PFG_MOEA,712,4,199.67,1096.55,0 8 100 93 81 55 9 76 42 83 11 98 41 95 57 0,
PFG_MOEA,712,5,199.67,1096.55,0 20 91 21 33 37 18 16 40 35 71 15 30 64 78 74 63 88 85 0,63
PFG_MOEA,712,6,199.67,1096.55,0 92 43 34 1 22 23 84 39 56 68 19 17 31 27 13 0,31
PFG_MOEA,713,1,218.48,880.23,0 98 85 88 63 74 78 64 30 15 71 35 40 16 18 19 31 17 20 91 34 43 48 0,43 98
PFG_MOEA,713,2,218.48,880.23,0 50 92 21 33 37 68 56 39 84 23 22 1 99 2 25 0,99
PFG_MOEA,713,3,218.48,880.23,0 4 80 53 66 94 49 51 45 24 79 32 3 36 54 70 72 67 86 82 58 77 62 0,
PFG_MOEA,713,4,218.48,880.23,0 93 9 100 8 7 46 0,
PFG_MOEA,713,5,218.48,880.23,0 28 69 47 38 44 59 26 10 89 96 83 11 14 73 0,26
PFG_MOEA,713,6,218.48,880.23,0 5 29 90 65 6 87 52 60 61 97 75 55 76 42 81 57 95 41 12 27 13 0,29 42
PFG_MOEA,714,1,198.33,1121.84,0 13 27 12 41 95 78 64 30 15 71 35 40 16 18 19 31 17 20 91 0,
PFG_MOEA,714,2,198.33,1121.84,0 50 48 92 22 23 84 39 56 68 37 33 21 34 43 0,
PFG_MOEA,714,3,198.33,1121.84,0 4 80 53 66 94 49 51 45 24 79 32 54 36 3 1 99 2 25 0,2
PFG_MOEA,714,4,198.33,1121.84,0 62 77 58 82 86 67 72 70 93 9 100 8 7 46 28 69 47 0,58 93
PFG_MOEA,714,5,198.33,1121.84,0 73 98 85 88 63 74 14 11 83 96 44 38 59 26 10 89 5 29 90 0,11 26 63 98
PFG_MOEA,714,6,198.33,1121.84,0 65 6 87 52 60 61 97 75 55 76 42 81 57 0,
PFG_MOEA,715,1,205.55,1025.13,0 81 57 95 41 15 30 64 78 74 63 88 85 98 71 35 40 16 18 19 17 31 0,78
PFG_MOEA,715,2,205.55,1025.13,0 20 91 21 33 37 68 56 39 84 23 22 1 99 34 43 92 53 80 4 0,99
PFG_MOEA,715,3,205.55,1025.13,0 66 94 3 36 54 70 72 67 32 49 51 45 24 0,
PFG_MOEA,715,4,205.55,1025.13,0 77 58 82 86 62 48 50 25 2 12 73 14 11 83 96 59 26 89 10 0,12 26 83
PFG_MOEA,715,5,205.55,1025.13,0 44 38 47 69 28 46 7 75 97 61 60 52 87 6 65 90 29 5 79 0,
PFG_MOEA,715,6,205.55,1025.13,0 13 27 8 100 93 9 55 76 42 0,76
PFG_MOEA,716,1,353.71,825.55,0 66 94 49 51 45 24 0,
PFG_MOEA,716,2,353.71,825.55,0 2 25 50 48 62 77 58 82 86 67 72 70 54 36 3 32 79 5 29 90 65 6 87 52 60 61 55 9 42 76 81 93 100 8 7 46 28 69 47 38 44 59 89 10 26 96 83 11 14 73 12 27 13 0,32 42 44
PFG_MOEA,716,3,353.71,825.55,0 57 95 41 0,
PFG_MOEA,716,4,353.71,825.55,0 97 75 98 85 88 63 74 78 64 30 15 71 35 31 17 40 16 18 19 20 91 21 33 37 68 56 39 84 23 22 1 34 43 92 0,64
PFG_MOEA,716,5,353.71,825.55,0 99 0,
PFG_MOEA,716,6,353.71,825.55,0 4 80 53 0,
PFG_MOEA,717,1,207.02,1012.48,0 50 48 62 21 33 37 68 56 39 3 36 54 66 53 80 4 24 0,
PFG_MOEA,717,2,207.02,1012.48,0 45 94 49 32 51 79 5 29 90 65 6 87 52 60 61 55 9 42 76 81 93 100 8 0,5 32 76
PFG_MOEA,717,3,207.02,1012.48,0 7 46 28 69 47 38 44 59 89 10 26 96 83 11 14 73 12 0,
PFG_MOEA,717,4,207.02,1012.48,0 97 75 98 85 88 63 74 78 64 30 15 41 57 95 27 13 0,
PFG_MOEA,717,5,207.02,1012.48,0 17 31 35 71 40 16 18 19 20 91 25 2 0,
PFG_MOEA,717,6,207.02,1012.48,0 92 43 34 99 1 84 23 22 70 72 67 86 82 58 77 0,
PFG_MOEA,718,1,201.36,1069.24,0 27 12 73 14 11 83 96 26 10 89 59 44 38 47 69 28 46 0,83
PFG_MOEA,718,2,201.36,1069.24,0 7 30 15 71 35 40 16 18 19 31 17 20 91 0,31
PFG_MOEA,718,3,201.36,1069.24,0 25 2 99 34 43 92 1 84 23 22 70 72 67 86 82 58 77 50 0,
PFG_MOEA,718,4,201.36,1069.24,0 4 80 53 66 54 36 3 39 56 68 37 33 21 62 48 0,36 62
PFG_MOEA,718,5,201.36,1069.24,0 24 45 94 49 32 51 79 5 29 90 65 6 87 52 60 61 97 0,
PFG_MOEA,718,6,201.36,1069.24,0 42 76 9 55 75 81 93 100 8 57 95 41 98 85 88 63 74 78 64 13 0,42 88
PFG_MOEA,719,1,235.98,829.78,0 20 91 21 33 37 68 56 39 84 23 22 1 34 43 92 0,34
PFG_MOEA,719,2,235.98,829.78,0 99 0,99
PFG_MOEA,719,3,235.98,829.78,0 4 80 53 66 94 45 24 51 49 32 3 36 54 70 72 67 86 82 58 77 62 48 50 25 2 0,
PFG_MOEA,719,4,235.98,829.78,0 12 73 14 11 83 96 26 10 89 59 44 38 47 69 28 46 7 0,26
PFG_MOEA,719,5,235.98,829.78,0 79 5 29 90 65 6 87 52 60 61 97 75 13 27 0,
PFG_MOEA,719,6,235.98,829.78,0 8 100 93 9 55 76 42 81 57 95 41 98 85 88 63 74 78 64 30 15 71 35 31 17 40 16 18 19 0,42 64
PFG_MOEA,720,1,199.67,1096.55,0 5 29 90 65 6 87 52 60 61 97 75 7 14 73 12 99 2 25 50 48 0,6 52
PFG_MOEA,720,2,199.67,1096.55,0 24 79 51 45 94 49 32 36 54 70 72 67 86 82 3 62 0,
PFG_MOEA,720,3,199.67,1096.55,0 4 80 53 66 58 77 46 28 69 47 38 44 59 89 10 26 96 0,69
PFG_MOEA,720,4,199.67,1096.55,0 8 100 93 81 55 9 76 42 83 11 98 41 95 57 0,
PFG_MOEA,720,5,199.67,1096.55,0 20 91 21 33 37 18 16 40 35 71 15 30 64 78 74 63 88 85 0,63
PFG_MOEA,720,6,199.67,1096.55,0 92 43 34 1 22 23 84 39 56 68 19 17 31 27 13 0,31
PFG_MOEA,721,1,218.48,880.23,0 98 85 88 63 74 78 64 30 15 71 35 40 16 18 19 31 17 20 91 34 43 48 0,43 98
PFG_MOEA,721,2,218.48,880.23,0 50 92 21 33 37 68 56 39 84 23 22 1 99 2 25 0,99
PFG_MOEA,721,3,218.48,880.23,0 4 80 53 66 94 49 51 45 24 79 32 3 36 54 70 72 67 86 82 58 77 62 0,
PFG_MOEA,721,4,218.48,880.23,0 93 9 100 8 7 46 0,
PFG_MOEA,721,5,218.48,880.23,0 28 69 47 38 44 59 26 10 89 96 83 11 14 73 0,26
PFG_MOEA,721,6,218.48,880.23,0 5 29 90 65 6 87 52 60 61 97 75 55 76 42 81 57 95 41 12 27 13 0,29 42
PFG_MOEA,722,1,198.33,1121.84,0 13 27 12 41 95 78 64 30 15 71 35 40 16 18 19 31 17 20 91 0,
PFG_MOEA,722,2,198.33,1121.84,0 50 48 92 22 23 84 39 56 68 37 33 21 34 43 0,
PFG_MOEA,722,3,198.33,1121.84,0 4 80 53 66 94 49 51 45 24 79 32 54 36 3 1 99 2 25 0,2
PFG_MOEA,722,4,198.33,1121.84,0 62 77 58 82 86 67 72 70 93 9 100 8 7 46 28 69 47 0,58 93
PFG_MOEA,722,5,198.33,1121.84,0 73 98 85 88 63 74 14 11 83 96 44 38 59 26 10 89 5 29 90 0,11 26 63 98
PFG_MOEA,722,6,198.33,1121.84,0 65 6 87 52 60 61 97 75 55 76 42 81 57 0,
PFG_MOEA,723,1,205.55,1025.13,0 81 57 95 41 15 30 64 78 74 63 88 85 98 71 35 40 16 18 19 17 31 0,78
PFG_MOEA,723,2,205.55,1025.13,0 20 91 21 33 37 68 56 39 84 23 22 1 99 34 43 92 53 80 4 0,99
PFG_MOEA,723,3,205.55,1025.13,0 66 94 3 36 54 70 72 67 32 49 51 45 24 0,
PFG_MOEA,723,4,205.55,1025.13,0 77 58 82 86 62 48 50 25 2 12 73 14 11 83 96 59 26 89 10 0,12 26 83
PFG_MOEA,723,5,205.55,1025.13,0 44 38 47 69 28 46 7 75 97 61 60 52 87 6 65 90 29 5 79 0,
PFG_MOEA,723,6,205.55,1025.13,0 13 27 8 100 93 9 55 76 42 0,76
PFG_MOEA,724,1,353.71,825.55,0 66 94 49 51 45 24 0,
PFG_MOEA,724,2,353.71,825.55,0 2 25 50 48 62 77 58 82 86 67 72 70 54 36 3 32 79 5 29 90 65 6 87 52 60 61 55 9 42 76 81 93 100 8 7 46 28 69 47 38 44 59 89 10 26 96 83 11 14 73 12 27 13 0,32 42 44
PFG_MOEA,724,3,353.71,825.55,0 57 95 41 0,
PFG_MOEA,724,4,353.71,825.55,0 97 75 98 85 88 63 74 78 64 30 15 71 35 31 17 40 16 18 19 20 91 21 33 37 68 56 39 84 23 22 1 34 43 92 0,64
PFG_MOEA,724,5,353.71,825.55,0 99 0,
PFG_MOEA,724,6,353.71,825.55,0 4 80 53 0,
PFG_MOEA,725,1,207.02,1012.48,0 50 48 62 21 33 37 68 56 39 3 36 54 66 53 80 4 24 0,
PFG_MOEA,725,2,207.02,1012.48,0 45 94 49 32 51 79 5 29 90 65 6 87 52 60 61 55 9 42 76 81 93 100 8 0,5 32 76
PFG_MOEA,725,3,207.02,1012.48,0 7 46 28 69 47 38 44 59 89 10 26 96 83 11 14 73 12 0,
PFG_MOEA,725,4,207.02,1012.48,0 97 75 98 85 88 63 74 78 64 30 15 41 57 95 27 13 0,
PFG_MOEA,725,5,207.02,1012.48,0 17 31 35 71 40 16 18 19 20 91 25 2 0,
PFG_MOEA,725,6,207.02,1012.48,0 92 43 34 99 1 84 23 22 70 72 67 86 82 58 77 0,
PFG_MOEA,726,1,201.36,1069.24,0 27 12 73 14 11 83 96 26 10 89 59 44 38 47 69 28 46 0,83
PFG_MOEA,726,2,201.36,1069.24,0 7 30 15 71 35 40 16 18 19 31 17 20 91 0,31
PFG_MOEA,726,3,201.36,1069.24,0 25 2 99 34 43 92 1 84 23 22 70 72 67 86 82 58 77 50 0,
PFG_MOEA,726,4,201.36,1069.24,0 4 80 53 66 54 36 3 39 56 68 37 33 21 62 48 0,36 62
PFG_MOEA,726,5,201.36,1069.24,0 24 45 94 49 32 51 79 5 29 90 65 6 87 52 60 61 97 0,
PFG_MOEA,726,6,201.36,1069.24,0 42 76 9 55 75 81 93 100 8 57 95 41 98 85 88 63 74 78 64 13 0,42 88
PFG_MOEA,727,1,235.98,829.78,0 20 91 21 33 37 68 56 39 84 23 22 1 34 43 92 0,34
PFG_MOEA,727,2,235.98,829.78,0 99 0,99
PFG_MOEA,727,3,235.98,829.78,0 4 80 53 66 94 45 24 51 49 32 3 36 54 70 72 67 86 82 58 77 62 48 50 25 2 0,
PFG_MOEA,727,4,235.98,829.78,0 12 73 14 11 83 96 26 10 89 59 44 38 47 69 28 46 7 0,26
PFG_MOEA,727,5,235.98,829.78,0 79 5 29 90 65 6 87 52 60 61 97 75 13 27 0,
PFG_MOEA,727,6,235.98,829.78,0 8 100 93 9 55 76 42 81 57 95 41 98 85 88 63 74 78 64 30 15 71 35 31 17 40 16 18 19 0,42 64
PFG_MOEA,728,1,199.67,1096.55,0 5 29 90 65 6 87 52 60 61 97 75 7 14 73 12 99 2 25 50 48 0,6 52
PFG_MOEA,728,2,199.67,1096.55,0 24 79 51 45 94 49 32 36 54 70 72 67 86 82 3 62 0,
PFG_MOEA,728,3,199.67,1096.55,0 4 80 53 66 58 77 46 28 69 47 38 44 59 89 10 26 96 0,69
PFG_MOEA,728,4,199.67,1096.55,0 8 100 93 81 55 9 76 42 83 11 98 41 95 57 0,
PFG_MOEA,728,5,199.67,1096.55,0 20 91 21 33 37 18 16 40 35 71 15 30 64 78 74 63 88 85 0,63
PFG_MOEA,728,6,199.67,1096.55,0 92 43 34 1 22 23 84 39 56 68 19 17 31 27 13 0,31
PFG_MOEA,729,1,218.48,880.23,0 98 85 88 63 74 78 64 30 15 71 35 40 16 18 19 31 17 20 91 34 43 48 0,43 98
PFG_MOEA,729,2,218.48,880.23,0 50 92 21 33 37 68 56 39 84 23 22 1 99 2 25 0,99
PFG_MOEA,729,3,218.48,880.23,0 4 80 53 66 94 49 51 45 24 79 32 3 36 54 70 72 67 86 82 58 77 62 0,
PFG_MOEA,729,4,218.48,880.23,0 93 9 100 8 7 46 0,
PFG_MOEA,729,5,218.48,880.23,0 28 69 47 38 44 59 26 10 89 96 83 11 14 73 0,26
PFG_MOEA,729,6,218.48,880.23,0 5 29 90 65 6 87 52 60 61 97 75 55 76 42 81 57 95 41 12 27 13 0,29 42
PFG_MOEA,730,1,198.33,1121.84,0 13 27 12 41 95 78 64 30 15 71 35 40 16 18 19 31 17 20 91 0,
PFG_MOEA,730,2,198.33,1121.84,0 50 48 92 22 23 84 39 56 68 37 33 21 34 43 0,
PFG_MOEA,730,3,198.33,1121.84,0 4 80 53 66 94 49 51 45 24 79 32 54 36 3 1 99 2 25 0,2
PFG_MOEA,730,4,198.33,1121.84,0 62 77 58 82 86 67 72 70 93 9 100 8 7 46 28 69 47 0,58 93
PFG_MOEA,730,5,198.33,1121.84,0 73 98 85 88 63 74 14 11 83 96 44 38 59 26 10 89 5 29 90 0,11 26 63 98
PFG_MOEA,730,6,198.33,1121.84,0 65 6 87 52 60 61 97 75 55 76 42 81 57 0,
PFG_MOEA,731,1,205.55,1025.13,0 81 57 95 41 15 30 64 78 74 63 88 85 98 71 35 40 16 18 19 17 31 0,78
PFG_MOEA,731,2,205.55,1025.13,0 20 91 21 33 37 68 56 39 84 23 22 1 99 34 43 92 53 80 4 0,99
PFG_MOEA,731,3,205.55,1025.13,0 66 94 3 36 54 70 72 67 32 49 51 45 24 0,
PFG_MOEA,731,4,205.55,1025.13,0 77 58 82 86 62 48 50 25 2 12 73 14 11 83 96 59 26 89 10 0,12 26 83
PFG_MOEA,731,5,205.55,1025.13,0 44 38 47 69 28 46 7 75 97 61 60 52 87 6 65 90 29 5 79 0,
PFG_MOEA,731,6,205.55,1025.13,0 13 27 8 100 93 9 55 76 42 0,76
PFG_MOEA,732,1,353.71,825.55,0 66 94 49 51 45 24 0,
PFG_MOEA,732,2,353.71,825.55,0 2 25 50 48 62 77 58 82 86 67 72 70 54 36 3 32 79 5 29 90 65 6 87 52 60 61 55 9 42 76 81 93 100 8 7 46 28 69 47 38 44 59 89 10 26 96 83 11 14 73 12 27 13 0,32 42 44
PFG_MOEA,732,3,353.71,825.55,0 57 95 41 0,
PFG_MOEA,732,4,353.71,825.55,0 97 75 98 85 88 63 74 78 64 30 15 71 35 31 17 40 16 18 19 20 91 21 33 37 68 56 39 84 23 22 1 34 43 92 0,64
PFG_MOEA,732,5,353.71,825.55,0 99 0,
PFG_MOEA,732,6,353.71,825.55,0 4 80 53 0,
PFG_MOEA,733,1,207.02,1012.48,0 50 48 62 21 33 37 68 56 39 3 36 54 66 53 80 4 24 0,
PFG_MOEA,733,2,207.02,1012.48,0 45 94 49 32 51 79 5 29 90 65 6 87 52 60 61 55 9 42 76 81 93 100 8 0,5 32 76
PFG_MOEA,733,3,207.02,1012.48,0 7 46 28 69 47 38 44 59 89 10 26 96 83 11 14 73 12 0,
PFG_MOEA,733,4,207.02,1012.48,0 97 75 98 85 88 63 74 78 64 30 15 41 57 95 27 13 0,
PFG_MOEA,733,5,207.02,1012.48,0 17 31 35 71 40 16 18 19 20 91 25 2 0,
PFG_MOEA,733,6,207.02,1012.48,0 92 43 34 99 1 84 23 22 70 72 67 86 82 58 77 0,
PFG_MOEA,734,1,201.36,1069.24,0 27 12 73 14 11 83 96 26 10 89 59 44 38 47 69 28 46 0,83
PFG_MOEA,734,2,201.36,1069.24,0 7 30 15 71 35 40 16 18 19 31 17 20 91 0,31
PFG_MOEA,734,3,201.36,1069.24,0 25 2 99 34 43 92 1 84 23 22 70 72 67 86 82 58 77 50 0,
PFG_MOEA,734,4,201.36,1069.24,0 4 80 53 66 54 36 3 39 56 68 37 33 21 62 48 0,36 62
PFG_MOEA,734,5,201.36,1069.24,0 24 45 94 49 32 51 79 5 29 90 65 6 87 52 60 61 97 0,
PFG_MOEA,734,6,201.36,1069.24,0 42 76 9 55 75 81 93 100 8 57 95 41 98 85 88 63 74 78 64 13 0,42 88
PFG_MOEA,735,1,235.98,829.78,0 20 91 21 33 37 68 56 39 84 23 22 1 34 43 92 0,34
PFG_MOEA,735,2,235.98,829.78,0 99 0,99
PFG_MOEA,735,3,235.98,829.78,0 4 80 53 66 94 45 24 51 49 32 3 36 54 70 72 67 86 82 58 77 62 48 50 25 2 0,
PFG_MOEA,735,4,235.98,829.78,0 12 73 14 11 83 96 26 10 89 59 44 38 47 69 28 46 7 0,26
PFG_MOEA,735,5,235.98,829.78,0 79 5 29 90 65 6 87 52 60 61 97 75 13 27 0,
PFG_MOEA,735,6,235.98,829.78,0 8 100 93 9 55 76 42 81 57 95 41 98 85 88 63 74 78 64 30 15 71 35 31 17 40 16 18 19 0,42 64
PFG_MOEA,736,1,199.67,1096.55,0 5 29 90 65 6 87 52 60 61 97 75 7 14 73 12 99 2 25 50 48 0,6 52
PFG_MOEA,736,2,199.67,1096.55,0 24 79 51 45 94 49 32 36 54 70 72 67 86 82 3 62 0,
PFG_MOEA,736,3,199.67,1096.55,0 4 80 53 66 58 77 46 28 69 47 38 44 59 89 10 26 96 0,69
PFG_MOEA,736,4,199.67,1096.55,0 8 100 93 81 55 9 76 42 83 11 98 41 95 57 0,
PFG_MOEA,736,5,199.67,1096.55,0 20 91 21 33 37 18 16 40 35 71 15 30 64 78 74 63 88 85 0,63
PFG_MOEA,736,6,199.67,1096.55,0 92 43 34 1 22 23 84 39 56 68 19 17 31 27 13 0,31
PFG_MOEA,737,1,218.48,880.23,0 98 85 88 63 74 78 64 30 15 71 35 40 16 18 19 31 17 20 91 34 43 48 0,43 98
PFG_MOEA,737,2,218.48,880.23,0 50 92 21 33 37 68 56 39 84 23 22 1 99 2 25 0,99
PFG_MOEA,737,3,218.48,880.23,0 4 80 53 66 94 49 51 45 24 79 32 3 36 54 70 72 67 86 82 58 77 62 0,
PFG_MOEA,737,4,218.48,880.23,0 93 9 100 8 7 46 0,
PFG_MOEA,737,5,218.48,880.23,0 28 69 47 38 44 59 26 10 89 96 83 11 14 73 0,26
PFG_MOEA,737,6,218.48,880.23,0 5 29 90 65 6 87 52 60 61 97 75 55 76 42 81 57 95 41 12 27 13 0,29 42
PFG_MOEA,738,1,198.33,1121.84,0 13 27 12 41 95 78 64 30 15 71 35 40 16 18 19 31 17 20 91 0,
PFG_MOEA,738,2,198.33,1121.84,0 50 48 92 22 23 84 39 56 68 37 33 21 34 43 0,
PFG_MOEA,738,3,198.33,1121.84,0 4 80 53 66 94 49 51 45 24 79 32 54 36 3 1 99 2 25 0,2
PFG_MOEA,738,4,198.33,1121.84,0 62 77 58 82 86 67 72 70 93 9 100 8 7 46 28 69 47 0,58 93
PFG_MOEA,738,5,198.33,1121.84,0 73 98 85 88 63 74 14 11 83 96 44 38 59 26 10 89 5 29 90 0,11 26 63 98
PFG_MOEA,738,6,198.33,1121.84,0 65 6 87 52 60 61 97 75 55 76 42 81 57 0,
PFG_MOEA,739,1,205.55,1025.13,0 81 57 95 41 15 30 64 78 74 63 88 85 98 71 35 40 16 18 19 17 31 0,78
PFG_MOEA,739,2,205.55,1025.13,0 20 91 21 33 37 68 56 39 84 23 22 1 99 34 43 92 53 80 4 0,99
PFG_MOEA,739,3,205.55,1025.13,0 66 94 3 36 54 70 72 67 32 49 51 45 24 0,
PFG_MOEA,739,4,205.55,1025.13,0 77 58 82 86 62 48 50 25 2 12 73 14 11 83 96 59 26 89 10 0,12 26 83
PFG_MOEA,739,5,205.55,1025.13,0 44 38 47 69 28 46 7 75 97 61 60 52 87 6 65 90 29 5 79 0,
PFG_MOEA,739,6,205.55,1025.13,0 13 27 8 100 93 9 55 76 42 0,76
PFG_MOEA,740,1,353.71,825.55,0 66 94 49 51 45 24 0,
PFG_MOEA,740,2,353.71,825.55,0 2 25 50 48 62 77 58 82 86 67 72 70 54 36 3 32 79 5 29 90 65 6 87 52 60 61 55 9 42 76 81 93 100 8 7 46 28 69 47 38 44 59 89 10 26 96 83 11 14 73 12 27 13 0,32 42 44
PFG_MOEA,740,3,353.71,825.55,0 57 95 41 0,
PFG_MOEA,740,4,353.71,825.55,0 97 75 98 85 88 63 74 78 64 30 15 71 35 31 17 40 16 18 19 20 91 21 33 37 68 56 39 84 23 22 1 34 43 92 0,64
PFG_MOEA,740,5,353.71,825.55,0 99 0,
PFG_MOEA,740,6,353.71,825.55,0 4 80 53 0,
PFG_MOEA,741,1,207.02,1012.48,0 50 48 62 21 33 37 68 56 39 3 36 54 66 53 80 4 24 0,
PFG_MOEA,741,2,207.02,1012.48,0 45 94 49 32 51 79 5 29 90 65 6 87 52 60 61 55 9 42 76 81 93 100 8 0,5 32 76
PFG_MOEA,741,3,207.02,1012.48,0 7 46 28 69 47 38 44 59 89 10 26 96 83 11 14 73 12 0,
PFG_MOEA,741,4,207.02,1012.48,0 97 75 98 85 88 63 74 78 64 30 15 41 57 95 27 13 0,
PFG_MOEA,741,5,207.02,1012.48,0 17 31 35 71 40 16 18 19 20 91 25 2 0,
PFG_MOEA,741,6,207.02,1012.48,0 92 43 34 99 1 84 23 22 70 72 67 86 82 58 77 0,
PFG_MOEA,742,1,201.36,1069.24,0 27 12 73 14 11 83 96 26 10 89 59 44 38 47 69 28 46 0,83
PFG_MOEA,742,2,201.36,1069.24,0 7 30 15 71 35 40 16 18 19 31 17 20 91 0,31
PFG_MOEA,742,3,201.36,1069.24,0 25 2 99 34 43 92 1 84 23 22 70 72 67 86 82 58 77 50 0,
PFG_MOEA,742,4,201.36,1069.24,0 4 80 53 66 54 36 3 39 56 68 37 33 21 62 48 0,36 62
PFG_MOEA,742,5,201.36,1069.24,0 24 45 94 49 32 51 79 5 29 90 65 6 87 52 60 61 97 0,
PFG_MOEA,742,6,201.36,1069.24,0 42 76 9 55 75 81 93 100 8 57 95 41 98 85 88 63 74 78 64 13 0,42 88
PFG_MOEA,743,1,235.98,829.78,0 20 91 21 33 37 68 56 39 84 23 22 1 34 43 92 0,34
PFG_MOEA,743,2,235.98,829.78,0 99 0,99
PFG_MOEA,743,3,235.98,829.78,0 4 80 53 66 94 45 24 51 49 32 3 36 54 70 72 67 86 82 58 77 62 48 50 25 2 0,
PFG_MOEA,743,4,235.98,829.78,0 12 73 14 11 83 96 26 10 89 59 44 38 47 69 28 46 7 0,26
PFG_MOEA,743,5,235.98,829.78,0 79 5 29 90 65 6 87 52 60 61 97 75 13 27 0,
PFG_MOEA,743,6,235.98,829.78,0 8 100 93 9 55 76 42 81 57 95 41 98 85 88 63 74 78 64 30 15 71 35 31 17 40 16 18 19 0,42 64
PFG_MOEA,744,1,199.67,1096.55,0 5 29 90 65 6 87 52 60 61 97 75 7 14 73 12 99 2 25 50 48 0,6 52
PFG_MOEA,744,2,199.67,1096.55,0 24 79 51 45 94 49 32 36 54 70 72 67 86 82 3 62 0,
PFG_MOEA,744,3,199.67,1096.55,0 4 80 53 66 58 77 46 28 69 47 38 44 59 89 10 26 96 0,69
PFG_MOEA,744,4,199.67,1096.55,0 8 100 93 81 55 9 76 42 83 11 98 41 95 57 0,
PFG_MOEA,744,5,199.67,1096.55,0 20 91 21 33 37 18 16 40 35 71 15 30 64 78 74 63 88 85 0,63
PFG_MOEA,744,6,199.67,1096.55,0 92 43 34 1 22 23 84 39 56 68 19 17 31 27 13 0,31
PFG_MOEA,745,1,218.48,880.23,0 98 85 88 63 74 78 64 30 15 71 35 40 16 18 19 31 17 20 91 34 43 48 0,43 98
PFG_MOEA,745,2,218.48,880.23,0 50 92 21 33 37 68 56 39 84 23 22 1 99 2 25 0,99
PFG_MOEA,745,3,218.48,880.23,0 4 80 53 66 94 49 51 45 24 79 32 3 36 54 70 72 67 86 82 58 77 62 0,
PFG_MOEA,745,4,218.48,880.23,0 93 9 100 8 7 46 0,
PFG_MOEA,745,5,218.48,880.23,0 28 69 47 38 44 59 26 10 89 96 83 11 14 73 0,26
PFG_MOEA,745,6,218.48,880.23,0 5 29 90 65 6 87 52 60 61 97 75 55 76 42 81 57 95 41 12 27 13 0,29 42
PFG_MOEA,746,1,198.33,1121.84,0 13 27 12 41 95 78 64 30 15 71 35 40 16 18 19 31 17 20 91 0,
PFG_MOEA,746,2,198.33,1121.84,0 50 48 92 22 23 84 39 56 68 37 33 21 34 43 0,
PFG_MOEA,746,3,198.33,1121.84,0 4 80 53 66 94 49 51 45 24 79 32 54 36 3 1 99 2 25 0,2
PFG_MOEA,746,4,198.33,1121.84,0 62 77 58 82 86 67 72 70 93 9 100 8 7 46 28 69 47 0,58 93
PFG_MOEA,746,5,198.33,1121.84,0 73 98 85 88 63 74 14 11 83 96 44 38 59 26 10 89 5 29 90 0,11 26 63 98
PFG_MOEA,746,6,198.33,1121.84,0 65 6 87 52 60 61 97 75 55 76 42 81 57 0,
PFG_MOEA,747,1,205.55,1025.13,0 81 57 95 41 15 30 64 78 74 63 88 85 98 71 35 40 16 18 19 17 31 0,78
PFG_MOEA,747,2,205.55,1025.13,0 20 91 21 33 37 68 56 39 84 23 22 1 99 34 43 92 53 80 4 0,99
PFG_MOEA,747,3,205.55,1025.13,0 66 94 3 36 54 70 72 67 32 49 51 45 24 0,
PFG_MOEA,747,4,205.55,1025.13,0 77 58 82 86 62 48 50 25 2 12 73 14 11 83 96 59 26 89 10 0,12 26 83
PFG_MOEA,747,5,205.55,1025.13,0 44 38 47 69 28 46 7 75 97 61 60 52 87 6 65 90 29 5 79 0,
PFG_MOEA,747,6,205.55,1025.13,0 13 27 8 100 93 9 55 76 42 0,76
PFG_MOEA,748,1,353.71,825.55,0 66 94 49 51 45 24 0,
PFG_MOEA,748,2,353.71,825.55,0 2 25 50 48 62 77 58 82 86 67 72 70 54 36 3 32 79 5 29 90 65 6 87 52 60 61 55 9 42 76 81 93 100 8 7 46 28 69 47 38 44 59 89 10 26 96 83 11 14 73 12 27 13 0,32 42 44
PFG_MOEA,748,3,353.71,825.55,0 57 95 41 0,
PFG_MOEA,748,4,353.71,825.55,0 97 75 98 85 88 63 74 78 64 30 15 71 35 31 17 40 16 18 19 20 91 21 33 37 68 56 39 84 23 22 1 34 43 92 0,64
PFG_MOEA,748,5,353.71,825.55,0 99 0,
PFG_MOEA,748,6,353.71,825.55,0 4 80 53 0,
PFG_MOEA,749,1,207.02,1012.48,0 50 48 62 21 33 37 68 56 39 3 36 54 66 53 80 4 24 0,
PFG_MOEA,749,2,207.02,1012.48,0 45 94 49 32 51 79 5 29 90 65 6 87 52 60 61 55 9 42 76 81 93 100 8 0,5 32 76
PFG_MOEA,749,3,207.02,1012.48,0 7 46 28 69 47 38 44 59 89 10 26 96 83 11 14 73 12 0,
PFG_MOEA,749,4,207.02,1012.48,0 97 75 98 85 88 63 74 78 64 30 15 41 57 95 27 13 0,
PFG_MOEA,749,5,207.02,1012.48,0 17 31 35 71 40 16 18 19 20 91 25 2 0,
PFG_MOEA,749,6,207.02,1012.48,0 92 43 34 99 1 84 23 22 70 72 67 86 82 58 77 0,
PFG_MOEA,750,1,201.36,1069.24,0 27 12 73 14 11 83 96 26 10 89 59 44 38 47 69 28 46 0,83
PFG_MOEA,750,2,201.36,1069.24,0 7 30 15 71 35 40 16 18 19 31 17 20 91 0,31
PFG_MOEA,750,3,201.36,1069.24,0 25 2 99 34 43 92 1 84 23 22 70 72 67 86 82 58 77 50 0,
PFG_MOEA,750,4,201.36,1069.24,0 4 80 53 66 54 36 3 39 56 68 37 33 21 62 48 0,36 62
PFG_MOEA,750,5,201.36,1069.24,0 24 45 94 49 32 51 79 5 29 90 65 6 87 52 60 61 97 0,
PFG_MOEA,750,6,201.36,1069.24,0 42 76 9 55 75 81 93 100 8 57 95 41 98 85 88 63 74 78 64 13 0,42 88
PFG_MOEA,751,1,235.98,829.78,0 20 91 21 33 37 68 56 39 84 23 22 1 34 43 92 0,34
PFG_MOEA,751,2,235.98,829.78,0 99 0,99
PFG_MOEA,751,3,235.98,829.78,0 4 80 53 66 94 45 24 51 49 32 3 36 54 70 72 67 86 82 58 77 62 48 50 25 2 0,
PFG_MOEA,751,4,235.98,829.78,0 12 73 14 11 83 96 26 10 89 59 44 38 47 69 28 46 7 0,26
PFG_MOEA,751,5,235.98,829.78,0 79 5 29 90 65 6 87 52 60 61 97 75 13 27 0,
PFG_MOEA,751,6,235.98,829.78,0 8 100 93 9 55 76 42 81 57 95 41 98 85 88 63 74 78 64 30 15 71 35 31 17 40 16 18 19 0,42 64
PFG_MOEA,752,1,199.67,1096.55,0 5 29 90 65 6 87 52 60 61 97 75 7 14 73 12 99 2 25 50 48 0,6 52
PFG_MOEA,752,2,199.67,1096.55,0 24 79 51 45 94 49 32 36 54 70 72 67 86 82 3 62 0,
PFG_MOEA,752,3,199.67,1096.55,0 4 80 53 66 58 77 46 28 69 47 38 44 59 89 10 26 96 0,69
PFG_MOEA,752,4,199.67,1096.55,0 8 100 93 81 55 9 76 42 83 11 98 41 95 57 0,
PFG_MOEA,752,5,199.67,1096.55,0 20 91 21 33 37 18 16 40 35 71 15 30 64 78 74 63 88 85 0,63
PFG_MOEA,752,6,199.67,1096.55,0 92 43 34 1 22 23 84 39 56 68 19 17 31 27 13 0,31
PFG_MOEA,753,1,218.48,880.23,0 98 85 88 63 74 78 64 30 15 71 35 40 16 18 19 31 17 20 91 34 43 48 0,43 98
PFG_MOEA,753,2,218.48,880.23,0 50 92 21 33 37 68 56 39 84 23 22 1 99 2 25 0,99
PFG_MOEA,753,3,218.48,880.23,0 4 80 53 66 94 49 51 45 24 79 32 3 36 54 70 72 67 86 82 58 77 62 0,
PFG_MOEA,753,4,218.48,880.23,0 93 9 100 8 7 46 0,
PFG_MOEA,753,5,218.48,880.23,0 28 69 47 38 44 59 26 10 89 96 83 11 14 73 0,26
PFG_MOEA,753,6,218.48,880.23,0 5 29 90 65 6 87 52 60 61 97 75 55 76 42 81 57 95 41 12 27 13 0,29 42
PFG_MOEA,754,1,198.33,1121.84,0 13 27 12 41 95 78 64 30 15 71 35 40 16 18 19 31 17 20 91 0,
PFG_MOEA,754,2,198.33,1121.84,0 50 48 92 22 23 84 39 56 68 37 33 21 34 43 0,
PFG_MOEA,754,3,198.33,1121.84,0 4 80 53 66 94 49 51 45 24 79 32 54 36 3 1 99 2 25 0,2
PFG_MOEA,754,4,198.33,1121.84,0 62 77 58 82 86 67 72 70 93 9 100 8 7 46 28 69 47 0,58 93
PFG_MOEA,754,5,198.33,1121.84,0 73 98 85 88 63 74 14 11 83 96 44 38 59 26 10 89 5 29 90 0,11 26 63 98
PFG_MOEA,754,6,198.33,1121.84,0 65 6 87 52 60 61 97 75 55 76 42 81 57 0,
PFG_MOEA,755,1,205.55,1025.13,0 81 57 95 41 15 30 64 78 74 63 88 85 98 71 35 40 16 18 19 17 31 0,78
PFG_MOEA,755,2,205.55,1025.13,0 20 91 21 33 37 68 56 39 84 23 22 1 99 34 43 92 53 80 4 0,99
PFG_MOEA,755,3,205.55,1025.13,0 66 94 3 36 54 70 72 67 32 49 51 45 24 0,
PFG_MOEA,755,4,205.55,1025.13,0 77 58 82 86 62 48 50 25 2 12 73 14 11 83 96 59 26 89 10 0,12 26 83
PFG_MOEA,755,5,205.55,1025.13,0 44 38 47 69 28 46 7 75 97 61 60 52 87 6 65 90 29 5 79 0,
PFG_MOEA,755,6,205.55,1025.13,0 13 27 8 100 93 9 55 76 42 0,76
PFG_MOEA,756,1,353.71,825.55,0 66 94 49 51 45 24 0,
PFG_MOEA,756,2,353.71,825.55,0 2 25 50 48 62 77 58 82 86 67 72 70 54 36 3 32 79 5 29 90 65 6 87 52 60 61 55 9 42 76 81 93 100 8 7 46 28 69 47 38 44 59 89 10 26 96 83 11 14 73 12 27 13 0,32 42 44
PFG_MOEA,756,3,353.71,825.55,0 57 95 41 0,
PFG_MOEA,756,4,353.71,825.55,0 97 75 98 85 88 63 74 78 64 30 15 71 35 31 17 40 16 18 19 20 91 21 33 37 68 56 39 84 23 22 1 34 43 92 0,64
PFG_MOEA,756,5,353.71,825.55,0 99 0,
PFG_MOEA,756,6,353.71,825.55,0 4 80 53 0,
PFG_MOEA,757,1,207.02,1012.48,0 50 48 62 21 33 37 68 56 39 3 36 54 66 53 80 4 24 0,
PFG_MOEA,757,2,207.02,1012.48,0 45 94 49 32 51 79 5 29 90 65 6 87 52 60 61 55 9 42 76 81 93 100 8 0,5 32 76
PFG_MOEA,757,3,207.02,1012.48,0 7 46 28 69 47 38 44 59 89 10 26 96 83 11 14 73 12 0,
PFG_MOEA,757,4,207.02,1012.48,0 97 75 98 85 88 63 74 78 64 30 15 41 57 95 27 13 0,
PFG_MOEA,757,5,207.02,1012.48,0 17 31 35 71 40 16 18 19 20 91 25 2 0,
PFG_MOEA,757,6,207.02,1012.48,0 92 43 34 99 1 84 23 22 70 72 67 86 82 58 77 0,
PFG_MOEA,758,1,201.36,1069.24,0 27 12 73 14 11 83 96 26 10 89 59 44 38 47 69 28 46 0,83
PFG_MOEA,758,2,201.36,1069.24,0 7 30 15 71 35 40 16 18 19 31 17 20 91 0,31
PFG_MOEA,758,3,201.36,1069.24,0 25 2 99 34 43 92 1 84 23 22 70 72 67 86 82 58 77 50 0,
PFG_MOEA,758,4,201.36,1069.24,0 4 80 53 66 54 36 3 39 56 68 37 33 21 62 48 0,36 62
PFG_MOEA,758,5,201.36,1069.24,0 24 45 94 49 32 51 79 5 29 90 65 6 87 52 60 61 97 0,
PFG_MOEA,758,6,201.36,1069.24,0 42 76 9 55 75 81 93 100 8 57 95 41 98 85 88 63 74 78 64 13 0,42 88
PFG_MOEA,759,1,235.98,829.78,0 20 91 21 33 37 68 56 39 84 23 22 1 34 43 92 0,34
PFG_MOEA,759,2,235.98,829.78,0 99 0,99
PFG_MOEA,759,3,235.98,829.78,0 4 80 53 66 94 45 24 51 49 32 3 36 54 70 72 67 86 82 58 77 62 48 50 25 2 0,
PFG_MOEA,759,4,235.98,829.78,0 12 73 14 11 83 96 26 10 89 59 44 38 47 69 28 46 7 0,26
PFG_MOEA,759,5,235.98,829.78,0 79 5 29 90 65 6 87 52 60 61 97 75 13 27 0,
PFG_MOEA,759,6,235.98,829.78,0 8 100 93 9 55 76 42 81 57 95 41 98 85 88 63 74 78 64 30 15 71 35 31 17 40 16 18 19 0,42 64
PFG_MOEA,760,1,199.67,1096.55,0 5 29 90 65 6 87 52 60 61 97 75 7 14 73 12 99 2 25 50 48 0,6 52
PFG_MOEA,760,2,199.67,1096.55,0 24 79 51 45 94 49 32 36 54 70 72 67 86 82 3 62 0,
PFG_MOEA,760,3,199.67,1096.55,0 4 80 53 66 58 77 46 28 69 47 38 44 59 89 10 26 96 0,69
PFG_MOEA,760,4,199.67,1096.55,0 8 100 93 81 55 9 76 42 83 11 98 41 95 57 0,
PFG_MOEA,760,5,199.67,1096.55,0 20 91 21 33 37 18 16 40 35 71 15 30 64 78 74 63 88 85 0,63
PFG_MOEA,760,6,199.67,1096.55,0 92 43 34 1 22 23 84 39 56 68 19 17 31 27 13 0,31
PFG_MOEA,761,1,218.48,880.23,0 98 85 88 63 74 78 64 30 15 71 35 40 16 18 19 31 17 20 91 34 43 48 0,43 98
PFG_MOEA,761,2,218.48,880.23,0 50 92 21 33 37 68 56 39 84 23 22 1 99 2 25 0,99
PFG_MOEA,761,3,218.48,880.23,0 4 80 53 66 94 49 51 45 24 79 32 3 36 54 70 72 67 86 82 58 77 62 0,
PFG_MOEA,761,4,218.48,880.23,0 93 9 100 8 7 46 0,
PFG_MOEA,761,5,218.48,880.23,0 28 69 47 38 44 59 26 10 89 96 83 11 14 73 0,26
PFG_MOEA,761,6,218.48,880.23,0 5 29 90 65 6 87 52 60 61 97 75 55 76 42 81 57 95 41 12 27 13 0,29 42
PFG_MOEA,762,1,198.33,1121.84,0 13 27 12 41 95 78 64 30 15 71 35 40 16 18 19 31 17 20 91 0,
PFG_MOEA,762,2,198.33,1121.84,0 50 48 92 22 23 84 39 56 68 37 33 21 34 43 0,
PFG_MOEA,762,3,198.33,1121.84,0 4 80 53 66 94 49 51 45 24 79 32 54 36 3 1 99 2 25 0,2
PFG_MOEA,762,4,198.33,1121.84,0 62 77 58 82 86 67 72 70 93 9 100 8 7 46 28 69 47 0,58 93
PFG_MOEA,762,5,198.33,1121.84,0 73 98 85 88 63 74 14 11 83 96 44 38 59 26 10 89 5 29 90 0,11 26 63 98
PFG_MOEA,762,6,198.33,1121.84,0 65 6 87 52 60 61 97 75 55 76 42 81 57 0,
PFG_MOEA,763,1,205.55,1025.13,0 81 57 95 41 15 30 64 78 74 63 88 85 98 71 35 40 16 18 19 17 31 0,78
PFG_MOEA,763,2,205.55,1025.13,0 20 91 21 33 37 68 56 39 84 23 22 1 99 34 43 92 53 80 4 0,99
PFG_MOEA,763,3,205.55,1025.13,0 66 94 3 36 54 70 72 67 32 49 51 45 24 0,
PFG_MOEA,763,4,205.55,1025.13,0 77 58 82 86 62 48 50 25 2 12 73 14 11 83 96 59 26 89 10 0,12 26 83
PFG_MOEA,763,5,205.55,1025.13,0 44 38 47 69 28 46 7 75 97 61 60 52 87 6 65 90 29 5 79 0,
PFG_MOEA,763,6,205.55,1025.13,0 13 27 8 100 93 9 55 76 42 0,76
PFG_MOEA,764,1,353.71,825.55,0 66 94 49 51 45 24 0,
PFG_MOEA,764,2,353.71,825.55,0 2 25 50 48 62 77 58 82 86 67 72 70 54 36 3 32 79 5 29 90 65 6 87 52 60 61 55 9 42 76 81 93 100 8 7 46 28 69 47 38 44 59 89 10 26 96 83 11 14 73 12 27 13 0,32 42 44
PFG_MOEA,764,3,353.71,825.55,0 57 95 41 0,
PFG_MOEA,764,4,353.71,825.55,0 97 75 98 85 88 63 74 78 64 30 15 71 35 31 17 40 16 18 19 20 91 21 33 37 68 56 39 84 23 22 1 34 43 92 0,64
PFG_MOEA,764,5,353.71,825.55,0 99 0,
PFG_MOEA,764,6,353.71,825.55,0 4 80 53 0,
PFG_MOEA,765,1,207.02,1012.48,0 50 48 62 21 33 37 68 56 39 3 36 54 66 53 80 4 24 0,
PFG_MOEA,765,2,207.02,1012.48,0 45 94 49 32 51 79 5 29 90 65 6 87 52 60 61 55 9 42 76 81 93 100 8 0,5 32 76
PFG_MOEA,765,3,207.02,1012.48,0 7 46 28 69 47 38 44 59 89 10 26 96 83 11 14 73 12 0,
PFG_MOEA,765,4,207.02,1012.48,0 97 75 98 85 88 63 74 78 64 30 15 41 57 95 27 13 0,
PFG_MOEA,765,5,207.02,1012.48,0 17 31 35 71 40 16 18 19 20 91 25 2 0,
PFG_MOEA,765,6,207.02,1012.48,0 92 43 34 99 1 84 23 22 70 72 67 86 82 58 77 0,
PFG_MOEA,766,1,201.36,1069.24,0 27 12 73 14 11 83 96 26 10 89 59 44 38 47 69 28 46 0,83
PFG_MOEA,766,2,201.36,1069.24,0 7 30 15 71 35 40 16 18 19 31 17 20 91 0,31
PFG_MOEA,766,3,201.36,1069.24,0 25 2 99 34 43 92 1 84 23 22 70 72 67 86 82 58 77 50 0,
PFG_MOEA,766,4,201.36,1069.24,0 4 80 53 66 54 36 3 39 56 68 37 33 21 62 48 0,36 62
PFG_MOEA,766,5,201.36,1069.24,0 24 45 94 49 32 51 79 5 29 90 65 6 87 52 60 61 97 0,
PFG_MOEA,766,6,201.36,1069.24,0 42 76 9 55 75 81 93 100 8 57 95 41 98 85 88 63 74 78 64 13 0,42 88
PFG_MOEA,767,1,235.98,829.78,0 20 91 21 33 37 68 56 39 84 23 22 1 34 43 92 0,34
PFG_MOEA,767,2,235.98,829.78,0 99 0,99
PFG_MOEA,767,3,235.98,829.78,0 4 80 53 66 94 45 24 51 49 32 3 36 54 70 72 67 86 82 58 77 62 48 50 25 2 0,
PFG_MOEA,767,4,235.98,829.78,0 12 73 14 11 83 96 26 10 89 59 44 38 47 69 28 46 7 0,26
PFG_MOEA,767,5,235.98,829.78,0 79 5 29 90 65 6 87 52 60 61 97 75 13 27 0,
PFG_MOEA,767,6,235.98,829.78,0 8 100 93 9 55 76 42 81 57 95 41 98 85 88 63 74 78 64 30 15 71 35 31 17 40 16 18 19 0,42 64
PFG_MOEA,768,1,199.67,1096.55,0 5 29 90 65 6 87 52 60 61 97 75 7 14 73 12 99 2 25 50 48 0,6 52
PFG_MOEA,768,2,199.67,1096.55,0 24 79 51 45 94 49 32 36 54 70 72 67 86 82 3 62 0,
PFG_MOEA,768,3,199.67,1096.55,0 4 80 53 66 58 77 46 28 69 47 38 44 59 89 10 26 96 0,69
PFG_MOEA,768,4,199.67,1096.55,0 8 100 93 81 55 9 76 42 83 11 98 41 95 57 0,
PFG_MOEA,768,5,199.67,1096.55,0 20 91 21 33 37 18 16 40 35 71 15 30 64 78 74 63 88 85 0,63
PFG_MOEA,768,6,199.67,1096.55,0 92 43 34 1 22 23 84 39 56 68 19 17 31 27 13 0,31
PFG_MOEA,769,1,218.48,880.23,0 98 85 88 63 74 78 64 30 15 71 35 40 16 18 19 31 17 20 91 34 43 48 0,43 98
PFG_MOEA,769,2,218.48,880.23,0 50 92 21 33 37 68 56 39 84 23 22 1 99 2 25 0,99
PFG_MOEA,769,3,218.48,880.23,0 4 80 53 66 94 49 51 45 24 79 32 3 36 54 70 72 67 86 82 58 77 62 0,
PFG_MOEA,769,4,218.48,880.23,0 93 9 100 8 7 46 0,
PFG_MOEA,769,5,218.48,880.23,0 28 69 47 38 44 59 26 10 89 96 83 11 14 73 0,26
PFG_MOEA,769,6,218.48,880.23,0 5 29 90 65 6 87 52 60 61 97 75 55 76 42 81 57 95 41 12 27 13 0,29 42
PFG_MOEA,770,1,198.33,1121.84,0 13 27 12 41 95 78 64 30 15 71 35 40 16 18 19 31 17 20 91 0,
PFG_MOEA,770,2,198.33,1121.84,0 50 48 92 22 23 84 39 56 68 37 33 21 34 43 0,
PFG_MOEA,770,3,198.33,1121.84,0 4 80 53 66 94 49 51 45 24 79 32 54 36 3 1 99 2 25 0,2
PFG_MOEA,770,4,198.33,1121.84,0 62 77 58 82 86 67 72 70 93 9 100 8 7 46 28 69 47 0,58 93
PFG_MOEA,770,5,198.33,1121.84,0 73 98 85 88 63 74 14 11 83 96 44 38 59 26 10 89 5 29 90 0,11 26 63 98
PFG_MOEA,770,6,198.33,1121.84,0 65 6 87 52 60 61 97 75 55 76 42 81 57 0,
PFG_MOEA,771,1,205.55,1025.13,0 81 57 95 41 15 30 64 78 74 63 88 85 98 71 35 40 16 18 19 17 31 0,78
PFG_MOEA,771,2,205.55,1025.13,0 20 91 21 33 37 68 56 39 84 23 22 1 99 34 43 92 53 80 4 0,99
PFG_MOEA,771,3,205.55,1025.13,0 66 94 3 36 54 70 72 67 32 49 51 45 24 0,
PFG_MOEA,771,4,205.55,1025.13,0 77 58 82 86 62 48 50 25 2 12 73 14 11 83 96 59 26 89 10 0,12 26 83
PFG_MOEA,771,5,205.55,1025.13,0 44 38 47 69 28 46 7 75 97 61 60 52 87 6 65 90 29 5 79 0,
PFG_MOEA,771,6,205.55,1025.13,0 13 27 8 100 93 9 55 76 42 0,76
PFG_MOEA,772,1,353.71,825.55,0 66 94 49 51 45 24 0,
PFG_MOEA,772,2,353.71,825.55,0 2 25 50 48 62 77 58 82 86 67 72 70 54 36 3 32 79 5 29 90 65 6 87 52 60 61 55 9 42 76 81 93 100 8 7 46 28 69 47 38 44 59 89 10 26 96 83 11 14 73 12 27 13 0,32 42 44
PFG_MOEA,772,3,353.71,825.55,0 57 95 41 0,
PFG_MOEA,772,4,353.71,825.55,0 97 75 98 85 88 63 74 78 64 30 15 71 35 31 17 40 16 18 19 20 91 21 33 37 68 56 39 84 23 22 1 34 43 92 0,64
PFG_MOEA,772,5,353.71,825.55,0 99 0,
PFG_MOEA,772,6,353.71,825.55,0 4 80 53 0,
PFG_MOEA,773,1,207.02,1012.48,0 50 48 62 21 33 37 68 56 39 3 36 54 66 53 80 4 24 0,
PFG_MOEA,773,2,207.02,1012.48,0 45 94 49 32 51 79 5 29 90 65 6 87 52 60 61 55 9 42 76 81 93 100 8 0,5 32 76
PFG_MOEA,773,3,207.02,1012.48,0 7 46 28 69 47 38 44 59 89 10 26 96 83 11 14 73 12 0,
PFG_MOEA,773,4,207.02,1012.48,0 97 75 98 85 88 63 74 78 64 30 15 41 57 95 27 13 0,
PFG_MOEA,773,5,207.02,1012.48,0 17 31 35 71 40 16 18 19 20 91 25 2 0,
PFG_MOEA,773,6,207.02,1012.48,0 92 43 34 99 1 84 23 22 70 72 67 86 82 58 77 0,
PFG_MOEA,774,1,201.36,1069.24,0 27 12 73 14 11 83 96 26 10 89 59 44 38 47 69 28 46 0,83
PFG_MOEA,774,2,201.36,1069.24,0 7 30 15 71 35 40 16 18 19 31 17 20 91 0,31
PFG_MOEA,774,3,201.36,1069.24,0 25 2 99 34 43 92 1 84 23 22 70 72 67 86 82 58 77 50 0,
PFG_MOEA,774,4,201.36,1069.24,0 4 80 53 66 54 36 3 39 56 68 37 33 21 62 48 0,36 62
PFG_MOEA,774,5,201.36,1069.24,0 24 45 94 49 32 51 79 5 29 90 65 6 87 52 60 61 97 0,
PFG_MOEA,774,6,201.36,1069.24,0 42 76 9 55 75 81 93 100 8 57 95 41 98 85 88 63 74 78 64 13 0,42 88
PFG_MOEA,775,1,235.98,829.78,0 20 91 21 33 37 68 56 39 84 23 22 1 34 43 92 0,34
PFG_MOEA,775,2,235.98,829.78,0 99 0,99
PFG_MOEA,775,3,235.98,829.78,0 4 80 53 66 94 45 24 51 49 32 3 36 54 70 72 67 86 82 58 77 62 48 50 25 2 0,
PFG_MOEA,775,4,235.98,829.78,0 12 73 14 11 83 96 26 10 89 59 44 38 47 69 28 46 7 0,26
PFG_MOEA,775,5,235.98,829.78,0 79 5 29 90 65 6 87 52 60 61 97 75 13 27 0,
PFG_MOEA,775,6,235.98,829.78,0 8 100 93 9 55 76 42 81 57 95 41 98 85 88 63 74 78 64 30 15 71 35 31 17 40 16 18 19 0,42 64
PFG_MOEA,776,1,199.67,1096.55,0 5 29 90 65 6 87 52 60 61 97 75 7 14 73 12 99 2 25 50 48 0,6 52
PFG_MOEA,776,2,199.67,1096.55,0 24 79 51 45 94 49 32 36 54 70 72 67 86 82 3 62 0,
PFG_MOEA,776,3,199.67,1096.55,0 4 80 53 66 58 77 46 28 69 47 38 44 59 89 10 26 96 0,69
PFG_MOEA,776,4,199.67,1096.55,0 8 100 93 81 55 9 76 42 83 11 98 41 95 57 0,
PFG_MOEA,776,5,199.67,1096.55,0 20 91 21 33 37 18 16 40 35 71 15 30 64 78 74 63 88 85 0,63
PFG_MOEA,776,6,199.67,1096.55,0 92 43 34 1 22 23 84 39 56 68 19 17 31 27 13 0,31
PFG_MOEA,777,1,218.48,880.23,0 98 85 88 63 74 78 64 30 15 71 35 40 16 18 19 31 17 20 91 34 43 48 0,43 98
PFG_MOEA,777,2,218.48,880.23,0 50 92 21 33 37 68 56 39 84 23 22 1 99 2 25 0,99
PFG_MOEA,777,3,218.48,880.23,0 4 80 53 66 94 49 51 45 24 79 32 3 36 54 70 72 67 86 82 58 77 62 0,
PFG_MOEA,777,4,218.48,880.23,0 93 9 100 8 7 46 0,
PFG_MOEA,777,5,218.48,880.23,0 28 69 47 38 44 59 26 10 89 96 83 11 14 73 0,26
PFG_MOEA,777,6,218.48,880.23,0 5 29 90 65 6 87 52 60 61 97 75 55 76 42 81 57 95 41 12 27 13 0,29 42
PFG_MOEA,778,1,198.33,1121.84,0 13 27 12 41 95 78 64 30 15 71 35 40 16 18 19 31 17 20 91 0,
PFG_MOEA,778,2,198.33,1121.84,0 50 48 92 22 23 84 39 56 68 37 33 21 34 43 0,
PFG_MOEA,778,3,198.33,1121.84,0 4 80 53 66 94 49 51 45 24 79 32 54 36 3 1 99 2 25 0,2
PFG_MOEA,778,4,198.33,1121.84,0 62 77 58 82 86 67 72 70 93 9 100 8 7 46 28 69 47 0,58 93
PFG_MOEA,778,5,198.33,1121.84,0 73 98 85 88 63 74 14 11 83 96 44 38 59 26 10 89 5 29 90 0,11 26 63 98
PFG_MOEA,778,6,198.33,1121.84,0 65 6 87 52 60 61 97 75 55 76 42 81 57 0,
PFG_MOEA,779,1,205.55,1025.13,0 81 57 95 41 15 30 64 78 74 63 88 85 98 71 35 40 16 18 19 17 31 0,78
PFG_MOEA,779,2,205.55,1025.13,0 20 91 21 33 37 68 56 39 84 23 22 1 99 34 43 92 53 80 4 0,99
PFG_MOEA,779,3,205.55,1025.13,0 66 94 3 36 54 70 72 67 32 49 51 45 24 0,
PFG_MOEA,779,4,205.55,1025.13,0 77 58 82 86 62 48 50 25 2 12 73 14 11 83 96 59 26 89 10 0,12 26 83
PFG_MOEA,779,5,205.55,1025.13,0 44 38 47 69 28 46 7 75 97 61 60 52 87 6 65 90 29 5 79 0,
PFG_MOEA,779,6,205.55,1025.13,0 13 27 8 100 93 9 55 76 42 0,76
PFG_MOEA,780,1,353.71,825.55,0 66 94 49 51 45 24 0,
PFG_MOEA,780,2,353.71,825.55,0 2 25 50 48 62 77 58 82 86 67 72 70 54 36 3 32 79 5 29 90 65 6 87 52 60 61 55 9 42 76 81 93 100 8 7 46 28 69 47 38 44 59 89 10 26 96 83 11 14 73 12 27 13 0,32 42 44
PFG_MOEA,780,3,353.71,825.55,0 57 95 41 0,
PFG_MOEA,780,4,353.71,825.55,0 97 75 98 85 88 63 74 78 64 30 15 71 35 31 17 40 16 18 19 20 91 21 33 37 68 56 39 84 23 22 1 34 43 92 0,64
PFG_MOEA,780,5,353.71,825.55,0 99 0,
PFG_MOEA,780,6,353.71,825.55,0 4 80 53 0,
PFG_MOEA,781,1,207.02,1012.48,0 50 48 62 21 33 37 68 56 39 3 36 54 66 53 80 4 24 0,
PFG_MOEA,781,2,207.02,1012.48,0 45 94 49 32 51 79 5 29 90 65 6 87 52 60 61 55 9 42 76 81 93 100 8 0,5 32 76
PFG_MOEA,781,3,207.02,1012.48,0 7 46 28 69 47 38 44 59 89 10 26 96 83 11 14 73 12 0,
PFG_MOEA,781,4,207.02,1012.48,0 97 75 98 85 88 63 74 78 64 30 15 41 57 95 27 13 0,
PFG_MOEA,781,5,207.02,1012.48,0 17 31 35 71 40 16 18 19 20 91 25 2 0,
PFG_MOEA,781,6,207.02,1012.48,0 92 43 34 99 1 84 23 22 70 72 67 86 82 58 77 0,
PFG_MOEA,782,1,207.74,922.35,0 76 42 57 95 41 98 85 88 63 74 78 64 30 15 71 35 31 17 40 16 18 0,18 42 63 98
PFG_MOEA,782,2,207.74,922.35,0 19 91 21 33 37 68 56 39 84 23 22 1 99 34 43 92 53 4 0,
PFG_MOEA,782,3,207.74,922.35,0 80 66 0,
PFG_MOEA,782,4,207.74,922.35,0 24 51 45 94 49 32 36 54 70 72 67 82 86 3 58 77 62 48 50 25 20 0,67
PFG_MOEA,782,5,207.74,922.35,0 2 13 27 12 73 14 11 83 96 26 10 89 59 44 38 47 69 28 46 7 75 97 0,2 11 69
PFG_MOEA,782,6,207.74,922.35,0 79 90 65 6 87 52 5 29 60 61 93 55 9 81 100 8 0,5
PFG_MOEA,783,1,201.36,1069.24,0 27 12 73 14 11 83 96 26 10 89 59 44 38 47 69 28 46 0,83
PFG_MOEA,783,2,201.36,1069.24,0 7 30 15 71 35 40 16 18 19 31 17 20 91 0,31
PFG_MOEA,783,3,201.36,1069.24,0 25 2 99 34 43 92 1 84 23 22 70 72 67 86 82 58 77 50 0,
PFG_MOEA,783,4,201.36,1069.24,0 4 80 53 66 54 36 3 39 56 68 37 33 21 62 48 0,36 62
PFG_MOEA,783,5,201.36,1069.24,0 24 45 94 49 32 51 79 5 29 90 65 6 87 52 60 61 97 0,
PFG_MOEA,783,6,201.36,1069.24,0 42 76 9 55 75 81 93 100 8 57 95 41 98 85 88 63 74 78 64 13 0,42 88
PFG_MOEA,784,1,235.98,829.78,0 20 91 21 33 37 68 56 39 84 23 22 1 34 43 92 0,34
PFG_MOEA,784,2,235.98,829.78,0 99 0,99
PFG_MOEA,784,3,235.98,829.78,0 4 80 53 66 94 45 24 51 49 32 3 36 54 70 72 67 86 82 58 77 62 48 50 25 2 0,
PFG_MOEA,784,4,235.98,829.78,0 12 73 14 11 83 96 26 10 89 59 44 38 47 69 28 46 7 0,26
PFG_MOEA,784,5,235.98,829.78,0 79 5 29 90 65 6 87 52 60 61 97 75 13 27 0,
PFG_MOEA,784,6,235.98,829.78,0 8 100 93 9 55 76 42 81 57 95 41 98 85 88 63 74 78 64 30 15 71 35 31 17 40 16 18 19 0,42 64
PFG_MOEA,785,1,199.67,1096.55,0 5 29 90 65 6 87 52 60 61 97 75 7 14 73 12 99 2 25 50 48 0,6 52
PFG_MOEA,785,2,199.67,1096.55,0 24 79 51 45 94 49 32 36 54 70 72 67 86 82 3 62 0,
PFG_MOEA,785,3,199.67,1096.55,0 4 80 53 66 58 77 46 28 69 47 38 44 59 89 10 26 96 0,69
PFG_MOEA,785,4,199.67,1096.55,0 8 100 93 81 55 9 76 42 83 11 98 41 95 57 0,
PFG_MOEA,785,5,199.67,1096.55,0 20 91 21 33 37 18 16 40 35 71 15 30 64 78 74 63 88 85 0,63
PFG_MOEA,785,6,199.67,1096.55,0 92 43 34 1 22 23 84 39 56 68 19 17 31 27 13 0,31
PFG_MOEA,786,1,218.48,880.23,0 98 85 88 63 74 78 64 30 15 71 35 40 16 18 19 31 17 20 91 34 43 48 0,43 98
PFG_MOEA,786,2,218.48,880.23,0 50 92 21 33 37 68 56 39 84 23 22 1 99 2 25 0,99
PFG_MOEA,786,3,218.48,880.23,0 4 80 53 66 94 49 51 45 24 79 32 3 36 54 70 72 67 86 82 58 77 62 0,
PFG_MOEA,786,4,218.48,880.23,0 93 9 100 8 7 46 0,
PFG_MOEA,786,5,218.48,880.23,0 28 69 47 38 44 59 26 10 89 96 83 11 14 73 0,26
PFG_MOEA,786,6,218.48,880.23,0 5 29 90 65 6 87 52 60 61 97 75 55 76 42 81 57 95 41 12 27 13 0,29 42
PFG_MOEA,787,1,198.33,1121.84,0 13 27 12 41 95 78 64 30 15 71 35 40 16 18 19 31 17 20 91 0,
PFG_MOEA,787,2,198.33,1121.84,0 50 48 92 22 23 84 39 56 68 37 33 21 34 43 0,
PFG_MOEA,787,3,198.33,1121.84,0 4 80 53 66 94 49 51 45 24 79 32 54 36 3 1 99 2 25 0,2
PFG_MOEA,787,4,198.33,1121.84,0 62 77 58 82 86 67 72 70 93 9 100 8 7 46 28 69 47 0,58 93
PFG_MOEA,787,5,198.33,1121.84,0 73 98 85 88 63 74 14 11 83 96 44 38 59 26 10 89 5 29 90 0,11 26 63 98
PFG_MOEA,787,6,198.33,1121.84,0 65 6 87 52 60 61 97 75 55 76 42 81 57 0,
PFG_MOEA,788,1,205.55,1025.13,0 81 57 95 41 15 30 64 78 74 63 88 85 98 71 35 40 16 18 19 17 31 0,78
PFG_MOEA,788,2,205.55,1025.13,0 20 91 21 33 37 68 56 39 84 23 22 1 99 34 43 92 53 80 4 0,99
PFG_MOEA,788,3,205.55,1025.13,0 66 94 3 36 54 70 72 67 32 49 51 45 24 0,
PFG_MOEA,788,4,205.55,1025.13,0 77 58 82 86 62 48 50 25 2 12 73 14 11 83 96 59 26 89 10 0,12 26 83
PFG_MOEA,788,5,205.55,1025.13,0 44 38 47 69 28 46 7 75 97 61 60 52 87 6 65 90 29 5 79 0,
PFG_MOEA,788,6,205.55,1025.13,0 13 27 8 100 93 9 55 76 42 0,76
PFG_MOEA,789,1,353.71,825.55,0 66 94 49 51 45 24 0,
PFG_MOEA,789,2,353.71,825.55,0 2 25 50 48 62 77 58 82 86 67 72 70 54 36 3 32 79 5 29 90 65 6 87 52 60 61 55 9 42 76 81 93 100 8 7 46 28 69 47 38 44 59 89 10 26 96 83 11 14 73 12 27 13 0,32 42 44
PFG_MOEA,789,3,353.71,825.55,0 57 95 41 0,
PFG_MOEA,789,4,353.71,825.55,0 97 75 98 85 88 63 74 78 64 30 15 71 35 31 17 40 16 18 19 20 91 21 33 37 68 56 39 84 23 22 1 34 43 92 0,64
PFG_MOEA,789,5,353.71,825.55,0 99 0,
PFG_MOEA,789,6,353.71,825.55,0 4 80 53 0,
PFG_MOEA,790,1,207.02,1012.48,0 50 48 62 21 33 37 68 56 39 3 36 54 66 53 80 4 24 0,
PFG_MOEA,790,2,207.02,1012.48,0 45 94 49 32 51 79 5 29 90 65 6 87 52 60 61 55 9 42 76 81 93 100 8 0,5 32 76
PFG_MOEA,790,3,207.02,1012.48,0 7 46 28 69 47 38 44 59 89 10 26 96 83 11 14 73 12 0,
PFG_MOEA,790,4,207.02,1012.48,0 97 75 98 85 88 63 74 78 64 30 15 41 57 95 27 13 0,
PFG_MOEA,790,5,207.02,1012.48,0 17 31 35 71 40 16 18 19 20 91 25 2 0,
PFG_MOEA,790,6,207.02,1012.48,0 92 43 34 99 1 84 23 22 70 72 67 86 82 58 77 0,
PFG_MOEA,791,1,207.74,922.35,0 76 42 57 95 41 98 85 88 63 74 78 64 30 15 71 35 31 17 40 16 18 0,18 42 63 98
PFG_MOEA,791,2,207.74,922.35,0 19 91 21 33 37 68 56 39 84 23 22 1 99 34 43 92 53 4 0,
PFG_MOEA,791,3,207.74,922.35,0 80 66 0,
PFG_MOEA,791,4,207.74,922.35,0 24 51 45 94 49 32 36 54 70 72 67 82 86 3 58 77 62 48 50 25 20 0,67
PFG_MOEA,791,5,207.74,922.35,0 2 13 27 12 73 14 11 83 96 26 10 89 59 44 38 47 69 28 46 7 75 97 0,2 11 69
PFG_MOEA,791,6,207.74,922.35,0 79 90 65 6 87 52 5 29 60 61 93 55 9 81 100 8 0,5
PFG_MOEA,792,1,201.36,1069.24,0 27 12 73 14 11 83 96 26 10 89 59 44 38 47 69 28 46 0,83
PFG_MOEA,792,2,201.36,1069.24,0 7 30 15 71 35 40 16 18 19 31 17 20 91 0,31
PFG_MOEA,792,3,201.36,1069.24,0 25 2 99 34 43 92 1 84 23 22 70 72 67 86 82 58 77 50 0,
PFG_MOEA,792,4,201.36,1069.24,0 4 80 53 66 54 36 3 39 56 68 37 33 21 62 48 0,36 62
PFG_MOEA,792,5,201.36,1069.24,0 24 45 94 49 32 51 79 5 29 90 65 6 87 52 60 61 97 0,
PFG_MOEA,792,6,201.36,1069.24,0 42 76 9 55 75 81 93 100 8 57 95 41 98 85 88 63 74 78 64 13 0,42 88
PFG_MOEA,793,1,235.98,829.78,0 20 91 21 33 37 68 56 39 84 23 22 1 34 43 92 0,34
PFG_MOEA,793,2,235.98,829.78,0 99 0,99
PFG_MOEA,793,3,235.98,829.78,0 4 80 53 66 94 45 24 51 49 32 3 36 54 70 72 67 86 82 58 77 62 48 50 25 2 0,
PFG_MOEA,793,4,235.98,829.78,0 12 73 14 11 83 96 26 10 89 59 44 38 47 69 28 46 7 0,26
PFG_MOEA,793,5,235.98,829.78,0 79 5 29 90 65 6 87 52 60 61 97 75 13 27 0,
PFG_MOEA,793,6,235.98,829.78,0 8 100 93 9 55 76 42 81 57 95 41 98 85 88 63 74 78 64 30 15 71 35 31 17 40 16 18 19 0,42 64
PFG_MOEA,794,1,199.67,1096.55,0 5 29 90 65 6 87 52 60 61 97 75 7 14 73 12 99 2 25 50 48 0,6 52
PFG_MOEA,794,2,199.67,1096.55,0 24 79 51 45 94 49 32 36 54 70 72 67 86 82 3 62 0,
PFG_MOEA,794,3,199.67,1096.55,0 4 80 53 66 58 77 46 28 69 47 38 44 59 89 10 26 96 0,69
PFG_MOEA,794,4,199.67,1096.55,0 8 100 93 81 55 9 76 42 83 11 98 41 95 57 0,
PFG_MOEA,794,5,199.67,1096.55,0 20 91 21 33 37 18 16 40 35 71 15 30 64 78 74 63 88 85 0,63
PFG_MOEA,794,6,199.67,1096.55,0 92 43 34 1 22 23 84 39 56 68 19 17 31 27 13 0,31
PFG_MOEA,795,1,218.48,880.23,0 98 85 88 63 74 78 64 30 15 71 35 40 16 18 19 31 17 20 91 34 43 48 0,43 98
PFG_MOEA,795,2,218.48,880.23,0 50 92 21 33 37 68 56 39 84 23 22 1 99 2 25 0,99
PFG_MOEA,795,3,218.48,880.23,0 4 80 53 66 94 49 51 45 24 79 32 3 36 54 70 72 67 86 82 58 77 62 0,
PFG_MOEA,795,4,218.48,880.23,0 93 9 100 8 7 46 0,
PFG_MOEA,795,5,218.48,880.23,0 28 69 47 38 44 59 26 10 89 96 83 11 14 73 0,26
PFG_MOEA,795,6,218.48,880.23,0 5 29 90 65 6 87 52 60 61 97 75 55 76 42 81 57 95 41 12 27 13 0,29 42
PFG_MOEA,796,1,198.33,1121.84,0 13 27 12 41 95 78 64 30 15 71 35 40 16 18 19 31 17 20 91 0,
PFG_MOEA,796,2,198.33,1121.84,0 50 48 92 22 23 84 39 56 68 37 33 21 34 43 0,
PFG_MOEA,796,3,198.33,1121.84,0 4 80 53 66 94 49 51 45 24 79 32 54 36 3 1 99 2 25 0,2
PFG_MOEA,796,4,198.33,1121.84,0 62 77 58 82 86 67 72 70 93 9 100 8 7 46 28 69 47 0,58 93
PFG_MOEA,796,5,198.33,1121.84,0 73 98 85 88 63 74 14 11 83 96 44 38 59 26 10 89 5 29 90 0,11 26 63 98
PFG_MOEA,796,6,198.33,1121.84,0 65 6 87 52 60 61 97 75 55 76 42 81 57 0,
PFG_MOEA,797,1,205.55,1025.13,0 81 57 95 41 15 30 64 78 74 63 88 85 98 71 35 40 16 18 19 17 31 0,78
PFG_MOEA,797,2,205.55,1025.13,0 20 91 21 33 37 68 56 39 84 23 22 1 99 34 43 92 53 80 4 0,99
PFG_MOEA,797,3,205.55,1025.13,0 66 94 3 36 54 70 72 67 32 49 51 45 24 0,
PFG_MOEA,797,4,205.55,1025.13,0 77 58 82 86 62 48 50 25 2 12 73 14 11 83 96 59 26 89 10 0,12 26 83
PFG_MOEA,797,5,205.55,1025.13,0 44 38 47 69 28 46 7 75 97 61 60 52 87 6 65 90 29 5 79 0,
PFG_MOEA,797,6,205.55,1025.13,0 13 27 8 100 93 9 55 76 42 0,76
PFG_MOEA,798,1,353.71,825.55,0 66 94 49 51 45 24 0,
PFG_MOEA,798,2,353.71,825.55,0 2 25 50 48 62 77 58 82 86 67 72 70 54 36 3 32 79 5 29 90 65 6 87 52 60 61 55 9 42 76 81 93 100 8 7 46 28 69 47 38 44 59 89 10 26 96 83 11 14 73 12 27 13 0,32 42 44
PFG_MOEA,798,3,353.71,825.55,0 57 95 41 0,
PFG_MOEA,798,4,353.71,825.55,0 97 75 98 85 88 63 74 78 64 30 15 71 35 31 17 40 16 18 19 20 91 21 33 37 68 56 39 84 23 22 1 34 43 92 0,64
PFG_MOEA,798,5,353.71,825.55,0 99 0,
PFG_MOEA,798,6,353.71,825.55,0 4 80 53 0,
PFG_MOEA,799,1,207.02,1012.48,0 50 48 62 21 33 37 68 56 39 3 36 54 66 53 80 4 24 0,
PFG_MOEA,799,2,207.02,1012.48,0 45 94 49 32 51 79 5 29 90 65 6 87 52 60 61 55 9 42 76 81 93 100 8 0,5 32 76
PFG_MOEA,799,3,207.02,1012.48,0 7 46 28 69 47 38 44 59 89 10 26 96 83 11 14 73 12 0,
PFG_MOEA,799,4,207.02,1012.48,0 97 75 98 85 88 63 74 78 64 30 15 41 57 95 27 13 0,
PFG_MOEA,799,5,207.02,1012.48,0 17 31 35 71 40 16 18 19 20 91 25 2 0,
PFG_MOEA,799,6,207.02,1012.48,0 92 43 34 99 1 84 23 22 70 72 67 86 82 58 77 0,
PFG_MOEA,800,1,207.74,922.35,0 76 42 57 95 41 98 85 88 63 74 78 64 30 15 71 35 31 17 40 16 18 0,18 42 63 98
PFG_MOEA,800,2,207.74,922.35,0 19 91 21 33 37 68 56 39 84 23 22 1 99 34 43 92 53 4 0,
PFG_MOEA,800,3,207.74,922.35,0 80 66 0,
PFG_MOEA,800,4,207.74,922.35,0 24 51 45 94 49 32 36 54 70 72 67 82 86 3 58 77 62 48 50 25 20 0,67
PFG_MOEA,800,5,207.74,922.35,0 2 13 27 12 73 14 11 83 96 26 10 89 59 44 38 47 69 28 46 7 75 97 0,2 11 69
PFG_MOEA,800,6,207.74,922.35,0 79 90 65 6 87 52 5 29 60 61 93 55 9 81 100 8 0,5
PFG_MOEA,801,1,201.36,1069.24,0 27 12 73 14 11 83 96 26 10 89 59 44 38 47 69 28 46 0,83
PFG_MOEA,801,2,201.36,1069.24,0 7 30 15 71 35 40 16 18 19 31 17 20 91 0,31
PFG_MOEA,801,3,201.36,1069.24,0 25 2 99 34 43 92 1 84 23 22 70 72 67 86 82 58 77 50 0,
PFG_MOEA,801,4,201.36,1069.24,0 4 80 53 66 54 36 3 39 56 68 37 33 21 62 48 0,36 62
PFG_MOEA,801,5,201.36,1069.24,0 24 45 94 49 32 51 79 5 29 90 65 6 87 52 60 61 97 0,
PFG_MOEA,801,6,201.36,1069.24,0 42 76 9 55 75 81 93 100 8 57 95 41 98 85 88 63 74 78 64 13 0,42 88
PFG_MOEA,802,1,235.98,829.78,0 20 91 21 33 37 68 56 39 84 23 22 1 34 43 92 0,34
PFG_MOEA,802,2,235.98,829.78,0 99 0,99
PFG_MOEA,802,3,235.98,829.78,0 4 80 53 66 94 45 24 51 49 32 3 36 54 70 72 67 86 82 58 77 62 48 50 25 2 0,
PFG_MOEA,802,4,235.98,829.78,0 12 73 14 11 83 96 26 10 89 59 44 38 47 69 28 46 7 0,26
PFG_MOEA,802,5,235.98,829.78,0 79 5 29 90 65 6 87 52 60 61 97 75 13 27 0,
PFG_MOEA,802,6,235.98,829.78,0 8 100 93 9 55 76 42 81 57 95 41 98 85 88 63 74 78 64 30 15 71 35 31 17 40 16 18 19 0,42 64
PFG_MOEA,803,1,199.67,1096.55,0 5 29 90 65 6 87 52 60 61 97 75 7 14 73 12 99 2 25 50 48 0,6 52
PFG_MOEA,803,2,199.67,1096.55,0 24 79 51 45 94 49 32 36 54 70 72 67 86 82 3 62 0,
PFG_MOEA,803,3,199.67,1096.55,0 4 80 53 66 58 77 46 28 69 47 38 44 59 89 10 26 96 0,69
PFG_MOEA,803,4,199.67,1096.55,0 8 100 93 81 55 9 76 42 83 11 98 41 95 57 0,
PFG_MOEA,803,5,199.67,1096.55,0 20 91 21 33 37 18 16 40 35 71 15 30 64 78 74 63 88 85 0,63
PFG_MOEA,803,6,199.67,1096.55,0 92 43 34 1 22 23 84 39 56 68 19 17 31 27 13 0,31
PFG_MOEA,804,1,218.48,880.23,0 98 85 88 63 74 78 64 30 15 71 35 40 16 18 19 31 17 20 91 34 43 48 0,43 98
PFG_MOEA,804,2,218.48,880.23,0 50 92 21 33 37 68 56 39 84 23 22 1 99 2 25 0,99
PFG_MOEA,804,3,218.48,880.23,0 4 80 53 66 94 49 51 45 24 79 32 3 36 54 70 72 67 86 82 58 77 62 0,
PFG_MOEA,804,4,218.48,880.23,0 93 9 100 8 7 46 0,
PFG_MOEA,804,5,218.48,880.23,0 28 69 47 38 44 59 26 10 89 96 83 11 14 73 0,26
PFG_MOEA,804,6,218.48,880.23,0 5 29 90 65 6 87 52 60 61 97 75 55 76 42 81 57 95 41 12 27 13 0,29 42
PFG_MOEA,805,1,198.33,1121.84,0 13 27 12 41 95 78 64 30 15 71 35 40 16 18 19 31 17 20 91 0,
PFG_MOEA,805,2,198.33,1121.84,0 50 48 92 22 23 84 39 56 68 37 33 21 34 43 0,
PFG_MOEA,805,3,198.33,1121.84,0 4 80 53 66 94 49 51 45 24 79 32 54 36 3 1 99 2 25 0,2
PFG_MOEA,805,4,198.33,1121.84,0 62 77 58 82 86 67 72 70 93 9 100 8 7 46 28 69 47 0,58 93
PFG_MOEA,805,5,198.33,1121.84,0 73 98 85 88 63 74 14 11 83 96 44 38 59 26 10 89 5 29 90 0,11 26 63 98
PFG_MOEA,805,6,198.33,1121.84,0 65 6 87 52 60 61 97 75 55 76 42 81 57 0,
PFG_MOEA,806,1,205.55,1025.13,0 81 57 95 41 15 30 64 78 74 63 88 85 98 71 35 40 16 18 19 17 31 0,78
PFG_MOEA,806,2,205.55,1025.13,0 20 91 21 33 37 68 56 39 84 23 22 1 99 34 43 92 53 80 4 0,99
PFG_MOEA,806,3,205.55,1025.13,0 66 94 3 36 54 70 72 67 32 49 51 45 24 0,
PFG_MOEA,806,4,205.55,1025.13,0 77 58 82 86 62 48 50 25 2 12 73 14 11 83 96 59 26 89 10 0,12 26 83
PFG_MOEA,806,5,205.55,1025.13,0 44 38 47 69 28 46 7 75 97 61 60 52 87 6 65 90 29 5 79 0,
PFG_MOEA,806,6,205.55,1025.13,0 13 27 8 100 93 9 55 76 42 0,76
PFG_MOEA,807,1,353.71,825.55,0 66 94 49 51 45 24 0,
PFG_MOEA,807,2,353.71,825.55,0 2 25 50 48 62 77 58 82 86 67 72 70 54 36 3 32 79 5 29 90 65 6 87 52 60 61 55 9 42 76 81 93 100 8 7 46 28 69 47 38 44 59 89 10 26 96 83 11 14 73 12 27 13 0,32 42 44
PFG_MOEA,807,3,353.71,825.55,0 57 95 41 0,
PFG_MOEA,807,4,353.71,825.55,0 97 75 98 85 88 63 74 78 64 30 15 71 35 31 17 40 16 18 19 20 91 21 33 37 68 56 39 84 23 22 1 34 43 92 0,64
PFG_MOEA,807,5,353.71,825.55,0 99 0,
PFG_MOEA,807,6,353.71,825.55,0 4 80 53 0,
PFG_MOEA,808,1,207.02,1012.48,0 50 48 62 21 33 37 68 56 39 3 36 54 66 53 80 4 24 0,
PFG_MOEA,808,2,207.02,1012.48,0 45 94 49 32 51 79 5 29 90 65 6 87 52 60 61 55 9 42 76 81 93 100 8 0,5 32 76
PFG_MOEA,808,3,207.02,1012.48,0 7 46 28 69 47 38 44 59 89 10 26 96 83 11 14 73 12 0,
PFG_MOEA,808,4,207.02,1012.48,0 97 75 98 85 88 63 74 78 64 30 15 41 57 95 27 13 0,
PFG_MOEA,808,5,207.02,1012.48,0 17 31 35 71 40 16 18 19 20 91 25 2 0,
PFG_MOEA,808,6,207.02,1012.48,0 92 43 34 99 1 84 23 22 70 72 67 86 82 58 77 0,
PFG_MOEA,809,1,207.74,922.35,0 76 42 57 95 41 98 85 88 63 74 78 64 30 15 71 35 31 17 40 16 18 0,18 42 63 98
PFG_MOEA,809,2,207.74,922.35,0 19 91 21 33 37 68 56 39 84 23 22 1 99 34 43 92 53 4 0,
PFG_MOEA,809,3,207.74,922.35,0 80 66 0,
PFG_MOEA,809,4,207.74,922.35,0 24 51 45 94 49 32 36 54 70 72 67 82 86 3 58 77 62 48 50 25 20 0,67
PFG_MOEA,809,5,207.74,922.35,0 2 13 27 12 73 14 11 83 96 26 10 89 59 44 38 47 69 28 46 7 75 97 0,2 11 69
PFG_MOEA,809,6,207.74,922.35,0 79 90 65 6 87 52 5 29 60 61 93 55 9 81 100 8 0,5
PFG_MOEA,810,1,201.36,1069.24,0 27 12 73 14 11 83 96 26 10 89 59 44 38 47 69 28 46 0,83
PFG_MOEA,810,2,201.36,1069.24,0 7 30 15 71 35 40 16 18 19 31 17 20 91 0,31
PFG_MOEA,810,3,201.36,1069.24,0 25 2 99 34 43 92 1 84 23 22 70 72 67 86 82 58 77 50 0,
PFG_MOEA,810,4,201.36,1069.24,0 4 80 53 66 54 36 3 39 56 68 37 33 21 62 48 0,36 62
PFG_MOEA,810,5,201.36,1069.24,0 24 45 94 49 32 51 79 5 29 90 65 6 87 52 60 61 97 0,
PFG_MOEA,810,6,201.36,1069.24,0 42 76 9 55 75 81 93 100 8 57 95 41 98 85 88 63 74 78 64 13 0,42 88
PFG_MOEA,811,1,235.98,829.78,0 20 91 21 33 37 68 56 39 84 23 22 1 34 43 92 0,34
PFG_MOEA,811,2,235.98,829.78,0 99 0,99
PFG_MOEA,811,3,235.98,829.78,0 4 80 53 66 94 45 24 51 49 32 3 36 54 70 72 67 86 82 58 77 62 48 50 25 2 0,
PFG_MOEA,811,4,235.98,829.78,0 12 73 14 11 83 96 26 10 89 59 44 38 47 69 28 46 7 0,26
PFG_MOEA,811,5,235.98,829.78,0 79 5 29 90 65 6 87 52 60 61 97 75 13 27 0,
PFG_MOEA,811,6,235.98,829.78,0 8 100 93 9 55 76 42 81 57 95 41 98 85 88 63 74 78 64 30 15 71 35 31 17 40 16 18 19 0,42 64
PFG_MOEA,812,1,199.67,1096.55,0 5 29 90 65 6 87 52 60 61 97 75 7 14 73 12 99 2 25 50 48 0,6 52
PFG_MOEA,812,2,199.67,1096.55,0 24 79 51 45 94 49 32 36 54 70 72 67 86 82 3 62 0,
PFG_MOEA,812,3,199.67,1096.55,0 4 80 53 66 58 77 46 28 69 47 38 44 59 89 10 26 96 0,69
PFG_MOEA,812,4,199.67,1096.55,0 8 100 93 81 55 9 76 42 83 11 98 41 95 57 0,
PFG_MOEA,812,5,199.67,1096.55,0 20 91 21 33 37 18 16 40 35 71 15 30 64 78 74 63 88 85 0,63
PFG_MOEA,812,6,199.67,1096.55,0 92 43 34 1 22 23 84 39 56 68 19 17 31 27 13 0,31
PFG_MOEA,813,1,218.48,880.23,0 98 85 88 63 74 78 64 30 15 71 35 40 16 18 19 31 17 20 91 34 43 48 0,43 98
PFG_MOEA,813,2,218.48,880.23,0 50 92 21 33 37 68 56 39 84 23 22 1 99 2 25 0,99
PFG_MOEA,813,3,218.48,880.23,0 4 80 53 66 94 49 51 45 24 79 32 3 36 54 70 72 67 86 82 58 77 62 0,
PFG_MOEA,813,4,218.48,880.23,0 93 9 100 8 7 46 0,
PFG_MOEA,813,5,218.48,880.23,0 28 69 47 38 44 59 26 10 89 96 83 11 14 73 0,26
PFG_MOEA,813,6,218.48,880.23,0 5 29 90 65 6 87 52 60 61 97 75 55 76 42 81 57 95 41 12 27 13 0,29 42
PFG_MOEA,814,1,198.33,1121.84,0 13 27 12 41 95 78 64 30 15 71 35 40 16 18 19 31 17 20 91 0,
PFG_MOEA,814,2,198.33,1121.84,0 50 48 92 22 23 84 39 56 68 37 33 21 34 43 0,
PFG_MOEA,814,3,198.33,1121.84,0 4 80 53 66 94 49 51 45 24 79 32 54 36 3 1 99 2 25 0,2
PFG_MOEA,814,4,198.33,1121.84,0 62 77 58 82 86 67 72 70 93 9 100 8 7 46 28 69 47 0,58 93
PFG_MOEA,814,5,198.33,1121.84,0 73 98 85 88 63 74 14 11 83 96 44 38 59 26 10 89 5 29 90 0,11 26 63 98
PFG_MOEA,814,6,198.33,1121.84,0 65 6 87 52 60 61 97 75 55 76 42 81 57 0,
PFG_MOEA,815,1,205.55,1025.13,0 81 57 95 41 15 30 64 78 74 63 88 85 98 71 35 40 16 18 19 17 31 0,78
PFG_MOEA,815,2,205.55,1025.13,0 20 91 21 33 37 68 56 39 84 23 22 1 99 34 43 92 53 80 4 0,99
PFG_MOEA,815,3,205.55,1025.13,0 66 94 3 36 54 70 72 67 32 49 51 45 24 0,
PFG_MOEA,815,4,205.55,1025.13,0 77 58 82 86 62 48 50 25 2 12 73 14 11 83 96 59 26 89 10 0,12 26 83
PFG_MOEA,815,5,205.55,1025.13,0 44 38 47 69 28 46 7 75 97 61 60 52 87 6 65 90 29 5 79 0,
PFG_MOEA,815,6,205.55,1025.13,0 13 27 8 100 93 9 55 76 42 0,76
PFG_MOEA,816,1,353.71,825.55,0 66 94 49 51 45 24 0,
PFG_MOEA,816,2,353.71,825.55,0 2 25 50 48 62 77 58 82 86 67 72 70 54 36 3 32 79 5 29 90 65 6 87 52 60 61 55 9 42 76 81 93 100 8 7 46 28 69 47 38 44 59 89 10 26 96 83 11 14 73 12 27 13 0,32 42 44
PFG_MOEA,816,3,353.71,825.55,0 57 95 41 0,
PFG_MOEA,816,4,353.71,825.55,0 97 75 98 85 88 63 74 78 64 30 15 71 35 31 17 40 16 18 19 20 91 21 33 37 68 56 39 84 23 22 1 34 43 92 0,64
PFG_MOEA,816,5,353.71,825.55,0 99 0,
PFG_MOEA,816,6,353.71,825.55,0 4 80 53 0,
PFG_MOEA,817,1,207.02,1012.48,0 50 48 62 21 33 37 68 56 39 3 36 54 66 53 80 4 24 0,
PFG_MOEA,817,2,207.02,1012.48,0 45 94 49 32 51 79 5 29 90 65 6 87 52 60 61 55 9 42 76 81 93 100 8 0,5 32 76
PFG_MOEA,817,3,207.02,1012.48,0 7 46 28 69 47 38 44 59 89 10 26 96 83 11 14 73 12 0,
PFG_MOEA,817,4,207.02,1012.48,0 97 75 98 85 88 63 74 78 64 30 15 41 57 95 27 13 0,
PFG_MOEA,817,5,207.02,1012.48,0 17 31 35 71 40 16 18 19 20 91 25 2 0,
PFG_MOEA,817,6,207.02,1012.48,0 92 43 34 99 1 84 23 22 70 72 67 86 82 58 77 0,
PFG_MOEA,818,1,207.74,922.35,0 76 42 57 95 41 98 85 88 63 74 78 64 30 15 71 35 31 17 40 16 18 0,18 42 63 98
PFG_MOEA,818,2,207.74,922.35,0 19 91 21 33 37 68 56 39 84 23 22 1 99 34 43 92 53 4 0,
PFG_MOEA,818,3,207.74,922.35,0 80 66 0,
PFG_MOEA,818,4,207.74,922.35,0 24 51 45 94 49 32 36 54 70 72 67 82 86 3 58 77 62 48 50 25 20 0,67
PFG_MOEA,818,5,207.74,922.35,0 2 13 27 12 73 14 11 83 96 26 10 89 59 44 38 47 69 28 46 7 75 97 0,2 11 69
PFG_MOEA,818,6,207.74,922.35,0 79 90 65 6 87 52 5 29 60 61 93 55 9 81 100 8 0,5
PFG_MOEA,819,1,201.36,1069.24,0 27 12 73 14 11 83 96 26 10 89 59 44 38 47 69 28 46 0,83
PFG_MOEA,819,2,201.36,1069.24,0 7 30 15 71 35 40 16 18 19 31 17 20 91 0,31
PFG_MOEA,819,3,201.36,1069.24,0 25 2 99 34 43 92 1 84 23 22 70 72 67 86 82 58 77 50 0,
PFG_MOEA,819,4,201.36,1069.24,0 4 80 53 66 54 36 3 39 56 68 37 33 21 62 48 0,36 62
PFG_MOEA,819,5,201.36,1069.24,0 24 45 94 49 32 51 79 5 29 90 65 6 87 52 60 61 97 0,
PFG_MOEA,819,6,201.36,1069.24,0 42 76 9 55 75 81 93 100 8 57 95 41 98 85 88 63 74 78 64 13 0,42 88
PFG_MOEA,820,1,235.98,829.78,0 20 91 21 33 37 68 56 39 84 23 22 1 34 43 92 0,34
PFG_MOEA,820,2,235.98,829.78,0 99 0,99
PFG_MOEA,820,3,235.98,829.78,0 4 80 53 66 94 45 24 51 49 32 3 36 54 70 72 67 86 82 58 77 62 48 50 25 2 0,
PFG_MOEA,820,4,235.98,829.78,0 12 73 14 11 83 96 26 10 89 59 44 38 47 69 28 46 7 0,26
PFG_MOEA,820,5,235.98,829.78,0 79 5 29 90 65 6 87 52 60 61 97 75 13 27 0,
PFG_MOEA,820,6,235.98,829.78,0 8 100 93 9 55 76 42 81 57 95 41 98 85 88 63 74 78 64 30 15 71 35 31 17 40 16 18 19 0,42 64
PFG_MOEA,821,1,199.67,1096.55,0 5 29 90 65 6 87 52 60 61 97 75 7 14 73 12 99 2 25 50 48 0,6 52
PFG_MOEA,821,2,199.67,1096.55,0 24 79 51 45 94 49 32 36 54 70 72 67 86 82 3 62 0,
PFG_MOEA,821,3,199.67,1096.55,0 4 80 53 66 58 77 46 28 69 47 38 44 59 89 10 26 96 0,69
PFG_MOEA,821,4,199.67,1096.55,0 8 100 93 81 55 9 76 42 83 11 98 41 95 57 0,
PFG_MOEA,821,5,199.67,1096.55,0 20 91 21 33 37 18 16 40 35 71 15 30 64 78 74 63 88 85 0,63
PFG_MOEA,821,6,199.67,1096.55,0 92 43 34 1 22 23 84 39 56 68 19 17 31 27 13 0,31
PFG_MOEA,822,1,218.48,880.23,0 98 85 88 63 74 78 64 30 15 71 35 40 16 18 19 31 17 20 91 34 43 48 0,43 98
PFG_MOEA,822,2,218.48,880.23,0 50 92 21 33 37 68 56 39 84 23 22 1 99 2 25 0,99
PFG_MOEA,822,3,218.48,880.23,0 4 80 53 66 94 49 51 45 24 79 32 3 36 54 70 72 67 86 82 58 77 62 0,
PFG_MOEA,822,4,218.48,880.23,0 93 9 100 8 7 46 0,
PFG_MOEA,822,5,218.48,880.23,0 28 69 47 38 44 59 26 10 89 96 83 11 14 73 0,26
PFG_MOEA,822,6,218.48,880.23,0 5 29 90 65 6 87 52 60 61 97 75 55 76 42 81 57 95 41 12 27 13 0,29 42
PFG_MOEA,823,1,198.33,1121.84,0 13 27 12 41 95 78 64 30 15 71 35 40 16 18 19 31 17 20 91 0,
PFG_MOEA,823,2,198.33,1121.84,0 50 48 92 22 23 84 39 56 68 37 33 21 34 43 0,
PFG_MOEA,823,3,198.33,1121.84,0 4 80 53 66 94 49 51 45 24 79 32 54 36 3 1 99 2 25 0,2
PFG_MOEA,823,4,198.33,1121.84,0 62 77 58 82 86 67 72 70 93 9 100 8 7 46 28 69 47 0,58 93
PFG_MOEA,823,5,198.33,1121.84,0 73 98 85 88 63 74 14 11 83 96 44 38 59 26 10 89 5 29 90 0,11 26 63 98
PFG_MOEA,823,6,198.33,1121.84,0 65 6 87 52 60 61 97 75 55 76 42 81 57 0,
PFG_MOEA,824,1,205.55,1025.13,0 81 57 95 41 15 30 64 78 74 63 88 85 98 71 35 40 16 18 19 17 31 0,78
PFG_MOEA,824,2,205.55,1025.13,0 20 91 21 33 37 68 56 39 84 23 22 1 99 34 43 92 53 80 4 0,99
PFG_MOEA,824,3,205.55,1025.13,0 66 94 3 36 54 70 72 67 32 49 51 45 24 0,
PFG_MOEA,824,4,205.55,1025.13,0 77 58 82 86 62 48 50 25 2 12 73 14 11 83 96 59 26 89 10 0,12 26 83
PFG_MOEA,824,5,205.55,1025.13,0 44 38 47 69 28 46 7 75 97 61 60 52 87 6 65 90 29 5 79 0,
PFG_MOEA,824,6,205.55,1025.13,0 13 27 8 100 93 9 55 76 42 0,76
PFG_MOEA,825,1,353.71,825.55,0 66 94 49 51 45 24 0,
PFG_MOEA,825,2,353.71,825.55,0 2 25 50 48 62 77 58 82 86 67 72 70 54 36 3 32 79 5 29 90 65 6 87 52 60 61 55 9 42 76 81 93 100 8 7 46 28 69 47 38 44 59 89 10 26 96 83 11 14 73 12 27 13 0,32 42 44
PFG_MOEA,825,3,353.71,825.55,0 57 95 41 0,
PFG_MOEA,825,4,353.71,825.55,0 97 75 98 85 88 63 74 78 64 30 15 71 35 31 17 40 16 18 19 20 91 21 33 37 68 56 39 84 23 22 1 34 43 92 0,64
PFG_MOEA,825,5,353.71,825.55,0 99 0,
PFG_MOEA,825,6,353.71,825.55,0 4 80 53 0,
PFG_MOEA,826,1,207.02,1012.48,0 50 48 62 21 33 37 68 56 39 3 36 54 66 53 80 4 24 0,
PFG_MOEA,826,2,207.02,1012.48,0 45 94 49 32 51 79 5 29 90 65 6 87 52 60 61 55 9 42 76 81 93 100 8 0,5 32 76
PFG_MOEA,826,3,207.02,1012.48,0 7 46 28 69 47 38 44 59 89 10 26 96 83 11 14 73 12 0,
PFG_MOEA,826,4,207.02,1012.48,0 97 75 98 85 88 63 74 78 64 30 15 41 57 95 27 13 0,
PFG_MOEA,826,5,207.02,1012.48,0 17 31 35 71 40 16 18 19 20 91 25 2 0,
PFG_MOEA,826,6,207.02,1012.48,0 92 43 34 99 1 84 23 22 70 72 67 86 82 58 77 0,
PFG_MOEA,827,1,207.74,922.35,0 76 42 57 95 41 98 85 88 63 74 78 64 30 15 71 35 31 17 40 16 18 0,18 42 63 98
PFG_MOEA,827,2,207.74,922.35,0 19 91 21 33 37 68 56 39 84 23 22 1 99 34 43 92 53 4 0,
PFG_MOEA,827,3,207.74,922.35,0 80 66 0,
PFG_MOEA,827,4,207.74,922.35,0 24 51 45 94 49 32 36 54 70 72 67 82 86 3 58 77 62 48 50 25 20 0,67
PFG_MOEA,827,5,207.74,922.35,0 2 13 27 12 73 14 11 83 96 26 10 89 59 44 38 47 69 28 46 7 75 97 0,2 11 69
PFG_MOEA,827,6,207.74,922.35,0 79 90 65 6 87 52 5 29 60 61 93 55 9 81 100 8 0,5
PFG_MOEA,828,1,201.36,1069.24,0 27 12 73 14 11 83 96 26 10 89 59 44 38 47 69 28 46 0,83
PFG_MOEA,828,2,201.36,1069.24,0 7 30 15 71 35 40 16 18 19 31 17 20 91 0,31
PFG_MOEA,828,3,201.36,1069.24,0 25 2 99 34 43 92 1 84 23 22 70 72 67 86 82 58 77 50 0,
PFG_MOEA,828,4,201.36,1069.24,0 4 80 53 66 54 36 3 39 56 68 37 33 21 62 48 0,36 62
PFG_MOEA,828,5,201.36,1069.24,0 24 45 94 49 32 51 79 5 29 90 65 6 87 52 60 61 97 0,
PFG_MOEA,828,6,201.36,1069.24,0 42 76 9 55 75 81 93 100 8 57 95 41 98 85 88 63 74 78 64 13 0,42 88
PFG_MOEA,829,1,235.98,829.78,0 20 91 21 33 37 68 56 39 84 23 22 1 34 43 92 0,34
PFG_MOEA,829,2,235.98,829.78,0 99 0,99
PFG_MOEA,829,3,235.98,829.78,0 4 80 53 66 94 45 24 51 49 32 3 36 54 70 72 67 86 82 58 77 62 48 50 25 2 0,
PFG_MOEA,829,4,235.98,829.78,0 12 73 14 11 83 96 26 10 89 59 44 38 47 69 28 46 7 0,26
PFG_MOEA,829,5,235.98,829.78,0 79 5 29 90 65 6 87 52 60 61 97 75 13 27 0,
PFG_MOEA,829,6,235.98,829.78,0 8 100 93 9 55 76 42 81 57 95 41 98 85 88 63 74 78 64 30 15 71 35 31 17 40 16 18 19 0,42 64
PFG_MOEA,830,1,199.67,1096.55,0 5 29 90 65 6 87 52 60 61 97 75 7 14 73 12 99 2 25 50 48 0,6 52
PFG_MOEA,830,2,199.67,1096.55,0 24 79 51 45 94 49 32 36 54 70 72 67 86 82 3 62 0,
PFG_MOEA,830,3,199.67,1096.55,0 4 80 53 66 58 77 46 28 69 47 38 44 59 89 10 26 96 0,69
PFG_MOEA,830,4,199.67,1096.55,0 8 100 93 81 55 9 76 42 83 11 98 41 95 57 0,
PFG_MOEA,830,5,199.67,1096.55,0 20 91 21 33 37 18 16 40 35 71 15 30 64 78 74 63 88 85 0,63
PFG_MOEA,830,6,199.67,1096.55,0 92 43 34 1 22 23 84 39 56 68 19 17 31 27 13 0,31
PFG_MOEA,831,1,218.48,880.23,0 98 85 88 63 74 78 64 30 15 71 35 40 16 18 19 31 17 20 91 34 43 48 0,43 98
PFG_MOEA,831,2,218.48,880.23,0 50 92 21 33 37 68 56 39 84 23 22 1 99 2 25 0,99
PFG_MOEA,831,3,218.48,880.23,0 4 80 53 66 94 49 51 45 24 79 32 3 36 54 70 72 67 86 82 58 77 62 0,
PFG_MOEA,831,4,218.48,880.23,0 93 9 100 8 7 46 0,
PFG_MOEA,831,5,218.48,880.23,0 28 69 47 38 44 59 26 10 89 96 83 11 14 73 0,26
PFG_MOEA,831,6,218.48,880.23,0 5 29 90 65 6 87 52 60 61 97 75 55 76 42 81 57 95 41 12 27 13 0,29 42
PFG_MOEA,832,1,198.33,1121.84,0 13 27 12 41 95 78 64 30 15 71 35 40 16 18 19 31 17 20 91 0,
PFG_MOEA,832,2,198.33,1121.84,0 50 48 92 22 23 84 39 56 68 37 33 21 34 43 0,
PFG_MOEA,832,3,198.33,1121.84,0 4 80 53 66 94 49 51 45 24 79 32 54 36 3 1 99 2 25 0,2
PFG_MOEA,832,4,198.33,1121.84,0 62 77 58 82 86 67 72 70 93 9 100 8 7 46 28 69 47 0,58 93
PFG_MOEA,832,5,198.33,1121.84,0 73 98 85 88 63 74 14 11 83 96 44 38 59 26 10 89 5 29 90 0,11 26 63 98
PFG_MOEA,832,6,198.33,1121.84,0 65 6 87 52 60 61 97 75 55 76 42 81 57 0,
PFG_MOEA,833,1,205.55,1025.13,0 81 57 95 41 15 30 64 78 74 63 88 85 98 71 35 40 16 18 19 17 31 0,78
PFG_MOEA,833,2,205.55,1025.13,0 20 91 21 33 37 68 56 39 84 23 22 1 99 34 43 92 53 80 4 0,99
PFG_MOEA,833,3,205.55,1025.13,0 66 94 3 36 54 70 72 67 32 49 51 45 24 0,
PFG_MOEA,833,4,205.55,1025.13,0 77 58 82 86 62 48 50 25 2 12 73 14 11 83 96 59 26 89 10 0,12 26 83
PFG_MOEA,833,5,205.55,1025.13,0 44 38 47 69 28 46 7 75 97 61 60 52 87 6 65 90 29 5 79 0,
PFG_MOEA,833,6,205.55,1025.13,0 13 27 8 100 93 9 55 76 42 0,76
PFG_MOEA,834,1,353.71,825.55,0 66 94 49 51 45 24 0,
PFG_MOEA,834,2,353.71,825.55,0 2 25 50 48 62 77 58 82 86 67 72 70 54 36 3 32 79 5 29 90 65 6 87 52 60 61 55 9 42 76 81 93 100 8 7 46 28 69 47 38 44 59 89 10 26 96 83 11 14 73 12 27 13 0,32 42 44
PFG_MOEA,834,3,353.71,825.55,0 57 95 41 0,
PFG_MOEA,834,4,353.71,825.55,0 97 75 98 85 88 63 74 78 64 30 15 71 35 31 17 40 16 18 19 20 91 21 33 37 68 56 39 84 23 22 1 34 43 92 0,64
PFG_MOEA,834,5,353.71,825.55,0 99 0,
PFG_MOEA,834,6,353.71,825.55,0 4 80 53 0,
PFG_MOEA,835,1,207.02,1012.48,0 50 48 62 21 33 37 68 56 39 3 36 54 66 53 80 4 24 0,
PFG_MOEA,835,2,207.02,1012.48,0 45 94 49 32 51 79 5 29 90 65 6 87 52 60 61 55 9 42 76 81 93 100 8 0,5 32 76
PFG_MOEA,835,3,207.02,1012.48,0 7 46 28 69 47 38 44 59 89 10 26 96 83 11 14 73 12 0,
PFG_MOEA,835,4,207.02,1012.48,0 97 75 98 85 88 63 74 78 64 30 15 41 57 95 27 13 0,
PFG_MOEA,835,5,207.02,1012.48,0 17 31 35 71 40 16 18 19 20 91 25 2 0,
PFG_MOEA,835,6,207.02,1012.48,0 92 43 34 99 1 84 23 22 70 72 67 86 82 58 77 0,
PFG_MOEA,836,1,207.74,922.35,0 76 42 57 95 41 98 85 88 63 74 78 64 30 15 71 35 31 17 40 16 18 0,18 42 63 98
PFG_MOEA,836,2,207.74,922.35,0 19 91 21 33 37 68 56 39 84 23 22 1 99 34 43 92 53 4 0,
PFG_MOEA,836,3,207.74,922.35,0 80 66 0,
PFG_MOEA,836,4,207.74,922.35,0 24 51 45 94 49 32 36 54 70 72 67 82 86 3 58 77 62 48 50 25 20 0,67
PFG_MOEA,836,5,207.74,922.35,0 2 13 27 12 73 14 11 83 96 26 10 89 59 44 38 47 69 28 46 7 75 97 0,2 11 69
PFG_MOEA,836,6,207.74,922.35,0 79 90 65 6 87 52 5 29 60 61 93 55 9 81 100 8 0,5
PFG_MOEA,837,1,201.36,1069.24,0 27 12 73 14 11 83 96 26 10 89 59 44 38 47 69 28 46 0,83
PFG_MOEA,837,2,201.36,1069.24,0 7 30 15 71 35 40 16 18 19 31 17 20 91 0,31
PFG_MOEA,837,3,201.36,1069.24,0 25 2 99 34 43 92 1 84 23 22 70 72 67 86 82 58 77 50 0,
PFG_MOEA,837,4,201.36,1069.24,0 4 80 53 66 54 36 3 39 56 68 37 33 21 62 48 0,36 62
PFG_MOEA,837,5,201.36,1069.24,0 24 45 94 49 32 51 79 5 29 90 65 6 87 52 60 61 97 0,
PFG_MOEA,837,6,201.36,1069.24,0 42 76 9 55 75 81 93 100 8 57 95 41 98 85 88 63 74 78 64 13 0,42 88
PFG_MOEA,838,1,235.98,829.78,0 20 91 21 33 37 68 56 39 84 23 22 1 34 43 92 0,34
PFG_MOEA,838,2,235.98,829.78,0 99 0,99
PFG_MOEA,838,3,235.98,829.78,0 4 80 53 66 94 45 24 51 49 32 3 36 54 70 72 67 86 82 58 77 62 48 50 25 2 0,
PFG_MOEA,838,4,235.98,829.78,0 12 73 14 11 83 96 26 10 89 59 44 38 47 69 28 46 7 0,26
PFG_MOEA,838,5,235.98,829.78,0 79 5 29 90 65 6 87 52 60 61 97 75 13 27 0,
PFG_MOEA,838,6,235.98,829.78,0 8 100 93 9 55 76 42 81 57 95 41 98 85 88 63 74 78 64 30 15 71 35 31 17 40 16 18 19 0,42 64
PFG_MOEA,839,1,199.67,1096.55,0 5 29 90 65 6 87 52 60 61 97 75 7 14 73 12 99 2 25 50 48 0,6 52
PFG_MOEA,839,2,199.67,1096.55,0 24 79 51 45 94 49 32 36 54 70 72 67 86 82 3 62 0,
PFG_MOEA,839,3,199.67,1096.55,0 4 80 53 66 58 77 46 28 69 47 38 44 59 89 10 26 96 0,69
PFG_MOEA,839,4,199.67,1096.55,0 8 100 93 81 55 9 76 42 83 11 98 41 95 57 0,
PFG_MOEA,839,5,199.67,1096.55,0 20 91 21 33 37 18 16 40 35 71 15 30 64 78 74 63 88 85 0,63
PFG_MOEA,839,6,199.67,1096.55,0 92 43 34 1 22 23 84 39 56 68 19 17 31 27 13 0,31
PFG_MOEA,840,1,218.48,880.23,0 98 85 88 63 74 78 64 30 15 71 35 40 16 18 19 31 17 20 91 34 43 48 0,43 98
PFG_MOEA,840,2,218.48,880.23,0 50 92 21 33 37 68 56 39 84 23 22 1 99 2 25 0,99
PFG_MOEA,840,3,218.48,880.23,0 4 80 53 66 94 49 51 45 24 79 32 3 36 54 70 72 67 86 82 58 77 62 0,
PFG_MOEA,840,4,218.48,880.23,0 93 9 100 8 7 46 0,
PFG_MOEA,840,5,218.48,880.23,0 28 69 47 38 44 59 26 10 89 96 83 11 14 73 0,26
PFG_MOEA,840,6,218.48,880.23,0 5 29 90 65 6 87 52 60 61 97 75 55 76 42 81 57 95 41 12 27 13 0,29 42
PFG_MOEA,841,1,198.33,1121.84,0 13 27 12 41 95 78 64 30 15 71 35 40 16 18 19 31 17 20 91 0,
PFG_MOEA,841,2,198.33,1121.84,0 50 48 92 22 23 84 39 56 68 37 33 21 34 43 0,
PFG_MOEA,841,3,198.33,1121.84,0 4 80 53 66 94 49 51 45 24 79 32 54 36 3 1 99 2 25 0,2
PFG_MOEA,841,4,198.33,1121.84,0 62 77 58 82 86 67 72 70 93 9 100 8 7 46 28 69 47 0,58 93
PFG_MOEA,841,5,198.33,1121.84,0 73 98 85 88 63 74 14 11 83 96 44 38 59 26 10 89 5 29 90 0,11 26 63 98
PFG_MOEA,841,6,198.33,1121.84,0 65 6 87 52 60 61 97 75 55 76 42 81 57 0,
PFG_MOEA,842,1,205.55,1025.13,0 81 57 95 41 15 30 64 78 74 63 88 85 98 71 35 40 16 18 19 17 31 0,78
PFG_MOEA,842,2,205.55,1025.13,0 20 91 21 33 37 68 56 39 84 23 22 1 99 34 43 92 53 80 4 0,99
PFG_MOEA,842,3,205.55,1025.13,0 66 94 3 36 54 70 72 67 32 49 51 45 24 0,
PFG_MOEA,842,4,205.55,1025.13,0 77 58 82 86 62 48 50 25 2 12 73 14 11 83 96 59 26 89 10 0,12 26 83
PFG_MOEA,842,5,205.55,1025.13,0 44 38 47 69 28 46 7 75 97 61 60 52 87 6 65 90 29 5 79 0,
PFG_MOEA,842,6,205.55,1025.13,0 13 27 8 100 93 9 55 76 42 0,76
PFG_MOEA,843,1,353.71,825.55,0 66 94 49 51 45 24 0,
PFG_MOEA,843,2,353.71,825.55,0 2 25 50 48 62 77 58 82 86 67 72 70 54 36 3 32 79 5 29 90 65 6 87 52 60 61 55 9 42 76 81 93 100 8 7 46 28 69 47 38 44 59 89 10 26 96 83 11 14 73 12 27 13 0,32 42 44
PFG_MOEA,843,3,353.71,825.55,0 57 95 41 0,
PFG_MOEA,843,4,353.71,825.55,0 97 75 98 85 88 63 74 78 64 30 15 71 35 31 17 40 16 18 19 20 91 21 33 37 68 56 39 84 23 22 1 34 43 92 0,64
PFG_MOEA,843,5,353.71,825.55,0 99 0,
PFG_MOEA,843,6,353.71,825.55,0 4 80 53 0,
PFG_MOEA,844,1,207.02,1012.48,0 50 48 62 21 33 37 68 56 39 3 36 54 66 53 80 4 24 0,
PFG_MOEA,844,2,207.02,1012.48,0 45 94 49 32 51 79 5 29 90 65 6 87 52 60 61 55 9 42 76 81 93 100 8 0,5 32 76
PFG_MOEA,844,3,207.02,1012.48,0 7 46 28 69 47 38 44 59 89 10 26 96 83 11 14 73 12 0,
PFG_MOEA,844,4,207.02,1012.48,0 97 75 98 85 88 63 74 78 64 30 15 41 57 95 27 13 0,
PFG_MOEA,844,5,207.02,1012.48,0 17 31 35 71 40 16 18 19 20 91 25 2 0,
PFG_MOEA,844,6,207.02,1012.48,0 92 43 34 99 1 84 23 22 70 72 67 86 82 58 77 0,
PFG_MOEA,845,1,207.74,922.35,0 76 42 57 95 41 98 85 88 63 74 78 64 30 15 71 35 31 17 40 16 18 0,18 42 63 98
PFG_MOEA,845,2,207.74,922.35,0 19 91 21 33 37 68 56 39 84 23 22 1 99 34 43 92 53 4 0,
PFG_MOEA,845,3,207.74,922.35,0 80 66 0,
PFG_MOEA,845,4,207.74,922.35,0 24 51 45 94 49 32 36 54 70 72 67 82 86 3 58 77 62 48 50 25 20 0,67
PFG_MOEA,845,5,207.74,922.35,0 2 13 27 12 73 14 11 83 96 26 10 89 59 44 38 47 69 28 46 7 75 97 0,2 11 69
PFG_MOEA,845,6,207.74,922.35,0 79 90 65 6 87 52 5 29 60 61 93 55 9 81 100 8 0,5
PFG_MOEA,846,1,201.36,1069.24,0 27 12 73 14 11 83 96 26 10 89 59 44 38 47 69 28 46 0,83
PFG_MOEA,846,2,201.36,1069.24,0 7 30 15 71 35 40 16 18 19 31 17 20 91 0,31
PFG_MOEA,846,3,201.36,1069.24,0 25 2 99 34 43 92 1 84 23 22 70 72 67 86 82 58 77 50 0,
PFG_MOEA,846,4,201.36,1069.24,0 4 80 53 66 54 36 3 39 56 68 37 33 21 62 48 0,36 62
PFG_MOEA,846,5,201.36,1069.24,0 24 45 94 49 32 51 79 5 29 90 65 6 87 52 60 61 97 0,
PFG_MOEA,846,6,201.36,1069.24,0 42 76 9 55 75 81 93 100 8 57 95 41 98 85 88 63 74 78 64 13 0,42 88
PFG_MOEA,847,1,235.98,829.78,0 20 91 21 33 37 68 56 39 84 23 22 1 34 43 92 0,34
PFG_MOEA,847,2,235.98,829.78,0 99 0,99
PFG_MOEA,847,3,235.98,829.78,0 4 80 53 66 94 45 24 51 49 32 3 36 54 70 72 67 86 82 58 77 62 48 50 25 2 0,
PFG_MOEA,847,4,235.98,829.78,0 12 73 14 11 83 96 26 10 89 59 44 38 47 69 28 46 7 0,26
PFG_MOEA,847,5,235.98,829.78,0 79 5 29 90 65 6 87 52 60 61 97 75 13 27 0,
PFG_MOEA,847,6,235.98,829.78,0 8 100 93 9 55 76 42 81 57 95 41 98 85 88 63 74 78 64 30 15 71 35 31 17 40 16 18 19 0,42 64
PFG_MOEA,848,1,199.67,1096.55,0 5 29 90 65 6 87 52 60 61 97 75 7 14 73 12 99 2 25 50 48 0,6 52
PFG_MOEA,848,2,199.67,1096.55,0 24 79 51 45 94 49 32 36 54 70 72 67 86 82 3 62 0,
PFG_MOEA,848,3,199.67,1096.55,0 4 80 53 66 58 77 46 28 69 47 38 44 59 89 10 26 96 0,69
PFG_MOEA,848,4,199.67,1096.55,0 8 100 93 81 55 9 76 42 83 11 98 41 95 57 0,
PFG_MOEA,848,5,199.67,1096.55,0 20 91 21 33 37 18 16 40 35 71 15 30 64 78 74 63 88 85 0,63
PFG_MOEA,848,6,199.67,1096.55,0 92 43 34 1 22 23 84 39 56 68 19 17 31 27 13 0,31
PFG_MOEA,849,1,218.48,880.23,0 98 85 88 63 74 78 64 30 15 71 35 40 16 18 19 31 17 20 91 34 43 48 0,43 98
PFG_MOEA,849,2,218.48,880.23,0 50 92 21 33 37 68 56 39 84 23 22 1 99 2 25 0,99
PFG_MOEA,849,3,218.48,880.23,0 4 80 53 66 94 49 51 45 24 79 32 3 36 54 70 72 67 86 82 58 77 62 0,
PFG_MOEA,849,4,218.48,880.23,0 93 9 100 8 7 46 0,
PFG_MOEA,849,5,218.48,880.23,0 28 69 47 38 44 59 26 10 89 96 83 11 14 73 0,26
PFG_MOEA,849,6,218.48,880.23,0 5 29 90 65 6 87 52 60 61 97 75 55 76 42 81 57 95 41 12 27 13 0,29 42
PFG_MOEA,850,1,198.33,1121.84,0 13 27 12 41 95 78 64 30 15 71 35 40 16 18 19 31 17 20 91 0,
PFG_MOEA,850,2,198.33,1121.84,0 50 48 92 22 23 84 39 56 68 37 33 21 34 43 0,
PFG_MOEA,850,3,198.33,1121.84,0 4 80 53 66 94 49 51 45 24 79 32 54 36 3 1 99 2 25 0,2
PFG_MOEA,850,4,198.33,1121.84,0 62 77 58 82 86 67 72 70 93 9 100 8 7 46 28 69 47 0,58 93
PFG_MOEA,850,5,198.33,1121.84,0 73 98 85 88 63 74 14 11 83 96 44 38 59 26 10 89 5 29 90 0,11 26 63 98
PFG_MOEA,850,6,198.33,1121.84,0 65 6 87 52 60 61 97 75 55 76 42 81 57 0,
PFG_MOEA,851,1,205.55,1025.13,0 81 57 95 41 15 30 64 78 74 63 88 85 98 71 35 40 16 18 19 17 31 0,78
PFG_MOEA,851,2,205.55,1025.13,0 20 91 21 33 37 68 56 39 84 23 22 1 99 34 43 92 53 80 4 0,99
PFG_MOEA,851,3,205.55,1025.13,0 66 94 3 36 54 70 72 67 32 49 51 45 24 0,
PFG_MOEA,851,4,205.55,1025.13,0 77 58 82 86 62 48 50 25 2 12 73 14 11 83 96 59 26 89 10 0,12 26 83
PFG_MOEA,851,5,205.55,1025.13,0 44 38 47 69 28 46 7 75 97 61 60 52 87 6 65 90 29 5 79 0,
PFG_MOEA,851,6,205.55,1025.13,0 13 27 8 100 93 9 55 76 42 0,76
PFG_MOEA,852,1,353.71,825.55,0 66 94 49 51 45 24 0,
PFG_MOEA,852,2,353.71,825.55,0 2 25 50 48 62 77 58 82 86 67 72 70 54 36 3 32 79 5 29 90 65 6 87 52 60 61 55 9 42 76 81 93 100 8 7 46 28 69 47 38 44 59 89 10 26 96 83 11 14 73 12 27 13 0,32 42 44
PFG_MOEA,852,3,353.71,825.55,0 57 95 41 0,
PFG_MOEA,852,4,353.71,825.55,0 97 75 98 85 88 63 74 78 64 30 15 71 35 31 17 40 16 18 19 20 91 21 33 37 68 56 39 84 23 22 1 34 43 92 0,64
PFG_MOEA,852,5,353.71,825.55,0 99 0,
PFG_MOEA,852,6,353.71,825.55,0 4 80 53 0,
PFG_MOEA,853,1,207.02,1012.48,0 50 48 62 21 33 37 68 56 39 3 36 54 66 53 80 4 24 0,
PFG_MOEA,853,2,207.02,1012.48,0 45 94 49 32 51 79 5 29 90 65 6 87 52 60 61 55 9 42 76 81 93 100 8 0,5 32 76
PFG_MOEA,853,3,207.02,1012.48,0 7 46 28 69 47 38 44 59 89 10 26 96 83 11 14 73 12 0,
PFG_MOEA,853,4,207.02,1012.48,0 97 75 98 85 88 63 74 78 64 30 15 41 57 95 27 13 0,
PFG_MOEA,853,5,207.02,1012.48,0 17 31 35 71 40 16 18 19 20 91 25 2 0,
PFG_MOEA,853,6,207.02,1012.48,0 92 43 34 99 1 84 23 22 70 72 67 86 82 58 77 0,
PFG_MOEA,854,1,207.74,922.35,0 76 42 57 95 41 98 85 88 63 74 78 64 30 15 71 35 31 17 40 16 18 0,18 42 63 98
PFG_MOEA,854,2,207.74,922.35,0 19 91 21 33 37 68 56 39 84 23 22 1 99 34 43 92 53 4 0,
PFG_MOEA,854,3,207.74,922.35,0 80 66 0,
PFG_MOEA,854,4,207.74,922.35,0 24 51 45 94 49 32 36 54 70 72 67 82 86 3 58 77 62 48 50 25 20 0,67
PFG_MOEA,854,5,207.74,922.35,0 2 13 27 12 73 14 11 83 96 26 10 89 59 44 38 47 69 28 46 7 75 97 0,2 11 69
PFG_MOEA,854,6,207.74,922.35,0 79 90 65 6 87 52 5 29 60 61 93 55 9 81 100 8 0,5
PFG_MOEA,855,1,201.36,1069.24,0 27 12 73 14 11 83 96 26 10 89 59 44 38 47 69 28 46 0,83
PFG_MOEA,855,2,201.36,1069.24,0 7 30 15 71 35 40 16 18 19 31 17 20 91 0,31
PFG_MOEA,855,3,201.36,1069.24,0 25 2 99 34 43 92 1 84 23 22 70 72 67 86 82 58 77 50 0,
PFG_MOEA,855,4,201.36,1069.24,0 4 80 53 66 54 36 3 39 56 68 37 33 21 62 48 0,36 62
PFG_MOEA,855,5,201.36,1069.24,0 24 45 94 49 32 51 79 5 29 90 65 6 87 52 60 61 97 0,
PFG_MOEA,855,6,201.36,1069.24,0 42 76 9 55 75 81 93 100 8 57 95 41 98 85 88 63 74 78 64 13 0,42 88
PFG_MOEA,856,1,235.98,829.78,0 20 91 21 33 37 68 56 39 84 23 22 1 34 43 92 0,34
PFG_MOEA,856,2,235.98,829.78,0 99 0,99
PFG_MOEA,856,3,235.98,829.78,0 4 80 53 66 94 45 24 51 49 32 3 36 54 70 72 67 86 82 58 77 62 48 50 25 2 0,
PFG_MOEA,856,4,235.98,829.78,0 12 73 14 11 83 96 26 10 89 59 44 38 47 69 28 46 7 0,26
PFG_MOEA,856,5,235.98,829.78,0 79 5 29 90 65 6 87 52 60 61 97 75 13 27 0,
PFG_MOEA,856,6,235.98,829.78,0 8 100 93 9 55 76 42 81 57 95 41 98 85 88 63 74 78 64 30 15 71 35 31 17 40 16 18 19 0,42 64
PFG_MOEA,857,1,199.67,1096.55,0 5 29 90 65 6 87 52 60 61 97 75 7 14 73 12 99 2 25 50 48 0,6 52
PFG_MOEA,857,2,199.67,1096.55,0 24 79 51 45 94 49 32 36 54 70 72 67 86 82 3 62 0,
PFG_MOEA,857,3,199.67,1096.55,0 4 80 53 66 58 77 46 28 69 47 38 44 59 89 10 26 96 0,69
PFG_MOEA,857,4,199.67,1096.55,0 8 100 93 81 55 9 76 42 83 11 98 41 95 57 0,
PFG_MOEA,857,5,199.67,1096.55,0 20 91 21 33 37 18 16 40 35 71 15 30 64 78 74 63 88 85 0,63
PFG_MOEA,857,6,199.67,1096.55,0 92 43 34 1 22 23 84 39 56 68 19 17 31 27 13 0,31
PFG_MOEA,858,1,218.48,880.23,0 98 85 88 63 74 78 64 30 15 71 35 40 16 18 19 31 17 20 91 34 43 48 0,43 98
PFG_MOEA,858,2,218.48,880.23,0 50 92 21 33 37 68 56 39 84 23 22 1 99 2 25 0,99
PFG_MOEA,858,3,218.48,880.23,0 4 80 53 66 94 49 51 45 24 79 32 3 36 54 70 72 67 86 82 58 77 62 0,
PFG_MOEA,858,4,218.48,880.23,0 93 9 100 8 7 46 0,
PFG_MOEA,858,5,218.48,880.23,0 28 69 47 38 44 59 26 10 89 96 83 11 14 73 0,26
PFG_MOEA,858,6,218.48,880.23,0 5 29 90 65 6 87 52 60 61 97 75 55 76 42 81 57 95 41 12 27 13 0,29 42
PFG_MOEA,859,1,198.33,1121.84,0 13 27 12 41 95 78 64 30 15 71 35 40 16 18 19 31 17 20 91 0,
PFG_MOEA,859,2,198.33,1121.84,0 50 48 92 22 23 84 39 56 68 37 33 21 34 43 0,
PFG_MOEA,859,3,198.33,1121.84,0 4 80 53 66 94 49 51 45 24 79 32 54 36 3 1 99 2 25 0,2
PFG_MOEA,859,4,198.33,1121.84,0 62 77 58 82 86 67 72 70 93 9 100 8 7 46 28 69 47 0,58 93
PFG_MOEA,859,5,198.33,1121.84,0 73 98 85 88 63 74 14 11 83 96 44 38 59 26 10 89 5 29 90 0,11 26 63 98
PFG_MOEA,859,6,198.33,1121.84,0 65 6 87 52 60 61 97 75 55 76 42 81 57 0,
PFG_MOEA,860,1,205.55,1025.13,0 81 57 95 41 15 30 64 78 74 63 88 85 98 71 35 40 16 18 19 17 31 0,78
PFG_MOEA,860,2,205.55,1025.13,0 20 91 21 33 37 68 56 39 84 23 22 1 99 34 43 92 53 80 4 0,99
PFG_MOEA,860,3,205.55,1025.13,0 66 94 3 36 54 70 72 67 32 49 51 45 24 0,
PFG_MOEA,860,4,205.55,1025.13,0 77 58 82 86 62 48 50 25 2 12 73 14 11 83 96 59 26 89 10 0,12 26 83
PFG_MOEA,860,5,205.55,1025.13,0 44 38 47 69 28 46 7 75 97 61 60 52 87 6 65 90 29 5 79 0,
PFG_MOEA,860,6,205.55,1025.13,0 13 27 8 100 93 9 55 76 42 0,76
PFG_MOEA,861,1,353.71,825.55,0 66 94 49 51 45 24 0,
PFG_MOEA,861,2,353.71,825.55,0 2 25 50 48 62 77 58 82 86 67 72 70 54 36 3 32 79 5 29 90 65 6 87 52 60 61 55 9 42 76 81 93 100 8 7 46 28 69 47 38 44 59 89 10 26 96 83 11 14 73 12 27 13 0,32 42 44
PFG_MOEA,861,3,353.71,825.55,0 57 95 41 0,
PFG_MOEA,861,4,353.71,825.55,0 97 75 98 85 88 63 74 78 64 30 15 71 35 31 17 40 16 18 19 20 91 21 33 37 68 56 39 84 23 22 1 34 43 92 0,64
PFG_MOEA,861,5,353.71,825.55,0 99 0,
PFG_MOEA,861,6,353.71,825.55,0 4 80 53 0,
PFG_MOEA,862,1,207.02,1012.48,0 50 48 62 21 33 37 68 56 39 3 36 54 66 53 80 4 24 0,
PFG_MOEA,862,2,207.02,1012.48,0 45 94 49 32 51 79 5 29 90 65 6 87 52 60 61 55 9 42 76 81 93 100 8 0,5 32 76
PFG_MOEA,862,3,207.02,1012.48,0 7 46 28 69 47 38 44 59 89 10 26 96 83 11 14 73 12 0,
PFG_MOEA,862,4,207.02,1012.48,0 97 75 98 85 88 63 74 78 64 30 15 41 57 95 27 13 0,
PFG_MOEA,862,5,207.02,1012.48,0 17 31 35 71 40 16 18 19 20 91 25 2 0,
PFG_MOEA,862,6,207.02,1012.48,0 92 43 34 99 1 84 23 22 70 72 67 86 82 58 77 0,
PFG_MOEA,863,1,207.74,922.35,0 76 42 57 95 41 98 85 88 63 74 78 64 30 15 71 35 31 17 40 16 18 0,18 42 63 98
PFG_MOEA,863,2,207.74,922.35,0 19 91 21 33 37 68 56 39 84 23 22 1 99 34 43 92 53 4 0,
PFG_MOEA,863,3,207.74,922.35,0 80 66 0,
PFG_MOEA,863,4,207.74,922.35,0 24 51 45 94 49 32 36 54 70 72 67 82 86 3 58 77 62 48 50 25 20 0,67
PFG_MOEA,863,5,207.74,922.35,0 2 13 27 12 73 14 11 83 96 26 10 89 59 44 38 47 69 28 46 7 75 97 0,2 11 69
PFG_MOEA,863,6,207.74,922.35,0 79 90 65 6 87 52 5 29 60 61 93 55 9 81 100 8 0,5
PFG_MOEA,864,1,201.36,1069.24,0 27 12 73 14 11 83 96 26 10 89 59 44 38 47 69 28 46 0,83
PFG_MOEA,864,2,201.36,1069.24,0 7 30 15 71 35 40 16 18 19 31 17 20 91 0,31
PFG_MOEA,864,3,201.36,1069.24,0 25 2 99 34 43 92 1 84 23 22 70 72 67 86 82 58 77 50 0,
PFG_MOEA,864,4,201.36,1069.24,0 4 80 53 66 54 36 3 39 56 68 37 33 21 62 48 0,36 62
PFG_MOEA,864,5,201.36,1069.24,0 24 45 94 49 32 51 79 5 29 90 65 6 87 52 60 61 97 0,
PFG_MOEA,864,6,201.36,1069.24,0 42 76 9 55 75 81 93 100 8 57 95 41 98 85 88 63 74 78 64 13 0,42 88
PFG_MOEA,865,1,235.98,829.78,0 20 91 21 33 37 68 56 39 84 23 22 1 34 43 92 0,34
PFG_MOEA,865,2,235.98,829.78,0 99 0,99
PFG_MOEA,865,3,235.98,829.78,0 4 80 53 66 94 45 24 51 49 32 3 36 54 70 72 67 86 82 58 77 62 48 50 25 2 0,
PFG_MOEA,865,4,235.98,829.78,0 12 73 14 11 83 96 26 10 89 59 44 38 47 69 28 46 7 0,26
PFG_MOEA,865,5,235.98,829.78,0 79 5 29 90 65 6 87 52 60 61 97 75 13 27 0,
PFG_MOEA,865,6,235.98,829.78,0 8 100 93 9 55 76 42 81 57 95 41 98 85 88 63 74 78 64 30 15 71 35 31 17 40 16 18 19 0,42 64
PFG_MOEA,866,1,199.67,1096.55,0 5 29 90 65 6 87 52 60 61 97 75 7 14 73 12 99 2 25 50 48 0,6 52
PFG_MOEA,866,2,199.67,1096.55,0 24 79 51 45 94 49 32 36 54 70 72 67 86 82 3 62 0,
PFG_MOEA,866,3,199.67,1096.55,0 4 80 53 66 58 77 46 28 69 47 38 44 59 89 10 26 96 0,69
PFG_MOEA,866,4,199.67,1096.55,0 8 100 93 81 55 9 76 42 83 11 98 41 95 57 0,
PFG_MOEA,866,5,199.67,1096.55,0 20 91 21 33 37 18 16 40 35 71 15 30 64 78 74 63 88 85 0,63
PFG_MOEA,866,6,199.67,1096.55,0 92 43 34 1 22 23 84 39 56 68 19 17 31 27 13 0,31
PFG_MOEA,867,1,218.48,880.23,0 98 85 88 63 74 78 64 30 15 71 35 40 16 18 19 31 17 20 91 34 43 48 0,43 98
PFG_MOEA,867,2,218.48,880.23,0 50 92 21 33 37 68 56 39 84 23 22 1 99 2 25 0,99
PFG_MOEA,867,3,218.48,880.23,0 4 80 53 66 94 49 51 45 24 79 32 3 36 54 70 72 67 86 82 58 77 62 0,
PFG_MOEA,867,4,218.48,880.23,0 93 9 100 8 7 46 0,
PFG_MOEA,867,5,218.48,880.23,0 28 69 47 38 44 59 26 10 89 96 83 11 14 73 0,26
PFG_MOEA,867,6,218.48,880.23,0 5 29 90 65 6 87 52 60 61 97 75 55 76 42 81 57 95 41 12 27 13 0,29 42
PFG_MOEA,868,1,198.33,1121.84,0 13 27 12 41 95 78 64 30 15 71 35 40 16 18 19 31 17 20 91 0,
PFG_MOEA,868,2,198.33,1121.84,0 50 48 92 22 23 84 39 56 68 37 33 21 34 43 0,
PFG_MOEA,868,3,198.33,1121.84,0 4 80 53 66 94 49 51 45 24 79 32 54 36 3 1 99 2 25 0,2
PFG_MOEA,868,4,198.33,1121.84,0 62 77 58 82 86 67 72 70 93 9 100 8 7 46 28 69 47 0,58 93
PFG_MOEA,868,5,198.33,1121.84,0 73 98 85 88 63 74 14 11 83 96 44 38 59 26 10 89 5 29 90 0,11 26 63 98
PFG_MOEA,868,6,198.33,1121.84,0 65 6 87 52 60 61 97 75 55 76 42 81 57 0,
PFG_MOEA,869,1,205.55,1025.13,0 81 57 95 41 15 30 64 78 74 63 88 85 98 71 35 40 16 18 19 17 31 0,78
PFG_MOEA,869,2,205.55,1025.13,0 20 91 21 33 37 68 56 39 84 23 22 1 99 34 43 92 53 80 4 0,99
PFG_MOEA,869,3,205.55,1025.13,0 66 94 3 36 54 70 72 67 32 49 51 45 24 0,
PFG_MOEA,869,4,205.55,1025.13,0 77 58 82 86 62 48 50 25 2 12 73 14 11 83 96 59 26 89 10 0,12 26 83
PFG_MOEA,869,5,205.55,1025.13,0 44 38 47 69 28 46 7 75 97 61 60 52 87 6 65 90 29 5 79 0,
PFG_MOEA,869,6,205.55,1025.13,0 13 27 8 100 93 9 55 76 42 0,76
PFG_MOEA,870,1,353.71,825.55,0 66 94 49 51 45 24 0,
PFG_MOEA,870,2,353.71,825.55,0 2 25 50 48 62 77 58 82 86 67 72 70 54 36 3 32 79 5 29 90 65 6 87 52 60 61 55 9 42 76 81 93 100 8 7 46 28 69 47 38 44 59 89 10 26 96 83 11 14 73 12 27 13 0,32 42 44
PFG_MOEA,870,3,353.71,825.55,0 57 95 41 0,
PFG_MOEA,870,4,353.71,825.55,0 97 75 98 85 88 63 74 78 64 30 15 71 35 31 17 40 16 18 19 20 91 21 33 37 68 56 39 84 23 22 1 34 43 92 0,64
PFG_MOEA,870,5,353.71,825.55,0 99 0,
PFG_MOEA,870,6,353.71,825.55,0 4 80 53 0,
PFG_MOEA,871,1,207.02,1012.48,0 50 48 62 21 33 37 68 56 39 3 36 54 66 53 80 4 24 0,
PFG_MOEA,871,2,207.02,1012.48,0 45 94 49 32 51 79 5 29 90 65 6 87 52 60 61 55 9 42 76 81 93 100 8 0,5 32 76
PFG_MOEA,871,3,207.02,1012.48,0 7 46 28 69 47 38 44 59 89 10 26 96 83 11 14 73 12 0,
PFG_MOEA,871,4,207.02,1012.48,0 97 75 98 85 88 63 74 78 64 30 15 41 57 95 27 13 0,
PFG_MOEA,871,5,207.02,1012.48,0 17 31 35 71 40 16 18 19 20 91 25 2 0,
PFG_MOEA,871,6,207.02,1012.48,0 92 43 34 99 1 84 23 22 70 72 67 86 82 58 77 0,
PFG_MOEA,872,1,207.74,922.35,0 76 42 57 95 41 98 85 88 63 74 78 64 30 15 71 35 31 17 40 16 18 0,18 42 63 98
PFG_MOEA,872,2,207.74,922.35,0 19 91 21 33 37 68 56 39 84 23 22 1 99 34 43 92 53 4 0,
PFG_MOEA,872,3,207.74,922.35,0 80 66 0,
PFG_MOEA,872,4,207.74,922.35,0 24 51 45 94 49 32 36 54 70 72 67 82 86 3 58 77 62 48 50 25 20 0,67
PFG_MOEA,872,5,207.74,922.35,0 2 13 27 12 73 14 11 83 96 26 10 89 59 44 38 47 69 28 46 7 75 97 0,2 11 69
PFG_MOEA,872,6,207.74,922.35,0 79 90 65 6 87 52 5 29 60 61 93 55 9 81 100 8 0,5
PFG_MOEA,873,1,201.36,1069.24,0 27 12 73 14 11 83 96 26 10 89 59 44 38 47 69 28 46 0,83
PFG_MOEA,873,2,201.36,1069.24,0 7 30 15 71 35 40 16 18 19 31 17 20 91 0,31
PFG_MOEA,873,3,201.36,1069.24,0 25 2 99 34 43 92 1 84 23 22 70 72 67 86 82 58 77 50 0,
PFG_MOEA,873,4,201.36,1069.24,0 4 80 53 66 54 36 3 39 56 68 37 33 21 62 48 0,36 62
PFG_MOEA,873,5,201.36,1069.24,0 24 45 94 49 32 51 79 5 29 90 65 6 87 52 60 61 97 0,
PFG_MOEA,873,6,201.36,1069.24,0 42 76 9 55 75 81 93 100 8 57 95 41 98 85 88 63 74 78 64 13 0,42 88
PFG_MOEA,874,1,235.98,829.78,0 20 91 21 33 37 68 56 39 84 23 22 1 34 43 92 0,34
PFG_MOEA,874,2,235.98,829.78,0 99 0,99
PFG_MOEA,874,3,235.98,829.78,0 4 80 53 66 94 45 24 51 49 32 3 36 54 70 72 67 86 82 58 77 62 48 50 25 2 0,
PFG_MOEA,874,4,235.98,829.78,0 12 73 14 11 83 96 26 10 89 59 44 38 47 69 28 46 7 0,26
PFG_MOEA,874,5,235.98,829.78,0 79 5 29 90 65 6 87 52 60 61 97 75 13 27 0,
PFG_MOEA,874,6,235.98,829.78,0 8 100 93 9 55 76 42 81 57 95 41 98 85 88 63 74 78 64 30 15 71 35 31 17 40 16 18 19 0,42 64
PFG_MOEA,875,1,199.67,1096.55,0 5 29 90 65 6 87 52 60 61 97 75 7 14 73 12 99 2 25 50 48 0,6 52
PFG_MOEA,875,2,199.67,1096.55,0 24 79 51 45 94 49 32 36 54 70 72 67 86 82 3 62 0,
PFG_MOEA,875,3,199.67,1096.55,0 4 80 53 66 58 77 46 28 69 47 38 44 59 89 10 26 96 0,69
PFG_MOEA,875,4,199.67,1096.55,0 8 100 93 81 55 9 76 42 83 11 98 41 95 57 0,
PFG_MOEA,875,5,199.67,1096.55,0 20 91 21 33 37 18 16 40 35 71 15 30 64 78 74 63 88 85 0,63
PFG_MOEA,875,6,199.67,1096.55,0 92 43 34 1 22 23 84 39 56 68 19 17 31 27 13 0,31
PFG_MOEA,876,1,218.48,880.23,0 98 85 88 63 74 78 64 30 15 71 35 40 16 18 19 31 17 20 91 34 43 48 0,43 98
PFG_MOEA,876,2,218.48,880.23,0 50 92 21 33 37 68 56 39 84 23 22 1 99 2 25 0,99
PFG_MOEA,876,3,218.48,880.23,0 4 80 53 66 94 49 51 45 24 79 32 3 36 54 70 72 67 86 82 58 77 62 0,
PFG_MOEA,876,4,218.48,880.23,0 93 9 100 8 7 46 0,
PFG_MOEA,876,5,218.48,880.23,0 28 69 47 38 44 59 26 10 89 96 83 11 14 73 0,26
PFG_MOEA,876,6,218.48,880.23,0 5 29 90 65 6 87 52 60 61 97 75 55 76 42 81 57 95 41 12 27 13 0,29 42
PFG_MOEA,877,1,198.33,1121.84,0 13 27 12 41 95 78 64 30 15 71 35 40 16 18 19 31 17 20 91 0,
PFG_MOEA,877,2,198.33,1121.84,0 50 48 92 22 23 84 39 56 68 37 33 21 34 43 0,
PFG_MOEA,877,3,198.33,1121.84,0 4 80 53 66 94 49 51 45 24 79 32 54 36 3 1 99 2 25 0,2
PFG_MOEA,877,4,198.33,1121.84,0 62 77 58 82 86 67 72 70 93 9 100 8 7 46 28 69 47 0,58 93
PFG_MOEA,877,5,198.33,1121.84,0 73 98 85 88 63 74 14 11 83 96 44 38 59 26 10 89 5 29 90 0,11 26 63 98
PFG_MOEA,877,6,198.33,1121.84,0 65 6 87 52 60 61 97 75 55 76 42 81 57 0,
PFG_MOEA,878,1,205.55,1025.13,0 81 57 95 41 15 30 64 78 74 63 88 85 98 71 35 40 16 18 19 17 31 0,78
PFG_MOEA,878,2,205.55,1025.13,0 20 91 21 33 37 68 56 39 84 23 22 1 99 34 43 92 53 80 4 0,99
PFG_MOEA,878,3,205.55,1025.13,0 66 94 3 36 54 70 72 67 32 49 51 45 24 0,
PFG_MOEA,878,4,205.55,1025.13,0 77 58 82 86 62 48 50 25 2 12 73 14 11 83 96 59 26 89 10 0,12 26 83
PFG_MOEA,878,5,205.55,1025.13,0 44 38 47 69 28 46 7 75 97 61 60 52 87 6 65 90 29 5 79 0,
PFG_MOEA,878,6,205.55,1025.13,0 13 27 8 100 93 9 55 76 42 0,76
PFG_MOEA,879,1,353.71,825.55,0 66 94 49 51 45 24 0,
PFG_MOEA,879,2,353.71,825.55,0 2 25 50 48 62 77 58 82 86 67 72 70 54 36 3 32 79 5 29 90 65 6 87 52 60 61 55 9 42 76 81 93 100 8 7 46 28 69 47 38 44 59 89 10 26 96 83 11 14 73 12 27 13 0,32 42 44
PFG_MOEA,879,3,353.71,825.55,0 57 95 41 0,
PFG_MOEA,879,4,353.71,825.55,0 97 75 98 85 88 63 74 78 64 30 15 71 35 31 17 40 16 18 19 20 91 21 33 37 68 56 39 84 23 22 1 34 43 92 0,64
PFG_MOEA,879,5,353.71,825.55,0 99 0,
PFG_MOEA,879,6,353.71,825.55,0 4 80 53 0,
PFG_MOEA,880,1,207.02,1012.48,0 50 48 62 21 33 37 68 56 39 3 36 54 66 53 80 4 24 0,
PFG_MOEA,880,2,207.02,1012.48,0 45 94 49 32 51 79 5 29 90 65 6 87 52 60 61 55 9 42 76 81 93 100 8 0,5 32 76
PFG_MOEA,880,3,207.02,1012.48,0 7 46 28 69 47 38 44 59 89 10 26 96 83 11 14 73 12 0,
PFG_MOEA,880,4,207.02,1012.48,0 97 75 98 85 88 63 74 78 64 30 15 41 57 95 27 13 0,
PFG_MOEA,880,5,207.02,1012.48,0 17 31 35 71 40 16 18 19 20 91 25 2 0,
PFG_MOEA,880,6,207.02,1012.48,0 92 43 34 99 1 84 23 22 70 72 67 86 82 58 77 0,
PFG_MOEA,881,1,207.74,922.35,0 76 42 57 95 41 98 85 88 63 74 78 64 30 15 71 35 31 17 40 16 18 0,18 42 63 98
PFG_MOEA,881,2,207.74,922.35,0 19 91 21 33 37 68 56 39 84 23 22 1 99 34 43 92 53 4 0,
PFG_MOEA,881,3,207.74,922.35,0 80 66 0,
PFG_MOEA,881,4,207.74,922.35,0 24 51 45 94 49 32 36 54 70 72 67 82 86 3 58 77 62 48 50 25 20 0,67
PFG_MOEA,881,5,207.74,922.35,0 2 13 27 12 73 14 11 83 96 26 10 89 59 44 38 47 69 28 46 7 75 97 0,2 11 69
PFG_MOEA,881,6,207.74,922.35,0 79 90 65 6 87 52 5 29 60 61 93 55 9 81 100 8 0,5
PFG_MOEA,882,1,201.36,1069.24,0 27 12 73 14 11 83 96 26 10 89 59 44 38 47 69 28 46 0,83
PFG_MOEA,882,2,201.36,1069.24,0 7 30 15 71 35 40 16 18 19 31 17 20 91 0,31
PFG_MOEA,882,3,201.36,1069.24,0 25 2 99 34 43 92 1 84 23 22 70 72 67 86 82 58 77 50 0,
PFG_MOEA,882,4,201.36,1069.24,0 4 80 53 66 54 36 3 39 56 68 37 33 21 62 48 0,36 62
PFG_MOEA,882,5,201.36,1069.24,0 24 45 94 49 32 51 79 5 29 90 65 6 87 52 60 61 97 0,
PFG_MOEA,882,6,201.36,1069.24,0 42 76 9 55 75 81 93 100 8 57 95 41 98 85 88 63 74 78 64 13 0,42 88
PFG_MOEA,883,1,235.98,829.78,0 20 91 21 33 37 68 56 39 84 23 22 1 34 43 92 0,34
PFG_MOEA,883,2,235.98,829.78,0 99 0,99
PFG_MOEA,883,3,235.98,829.78,0 4 80 53 66 94 45 24 51 49 32 3 36 54 70 72 67 86 82 58 77 62 48 50 25 2 0,
PFG_MOEA,883,4,235.98,829.78,0 12 73 14 11 83 96 26 10 89 59 44 38 47 69 28 46 7 0,26
PFG_MOEA,883,5,235.98,829.78,0 79 5 29 90 65 6 87 52 60 61 97 75 13 27 0,
PFG_MOEA,883,6,235.98,829.78,0 8 100 93 9 55 76 42 81 57 95 41 98 85 88 63 74 78 64 30 15 71 35 31 17 40 16 18 19 0,42 64
PFG_MOEA,884,1,199.67,1096.55,0 5 29 90 65 6 87 52 60 61 97 75 7 14 73 12 99 2 25 50 48 0,6 52
PFG_MOEA,884,2,199.67,1096.55,0 24 79 51 45 94 49 32 36 54 70 72 67 86 82 3 62 0,
PFG_MOEA,884,3,199.67,1096.55,0 4 80 53 66 58 77 46 28 69 47 38 44 59 89 10 26 96 0,69
PFG_MOEA,884,4,199.67,1096.55,0 8 100 93 81 55 9 76 42 83 11 98 41 95 57 0,
PFG_MOEA,884,5,199.67,1096.55,0 20 91 21 33 37 18 16 40 35 71 15 30 64 78 74 63 88 85 0,63
PFG_MOEA,884,6,199.67,1096.55,0 92 43 34 1 22 23 84 39 56 68 19 17 31 27 13 0,31
PFG_MOEA,885,1,218.48,880.23,0 98 85 88 63 74 78 64 30 15 71 35 40 16 18 19 31 17 20 91 34 43 48 0,43 98
PFG_MOEA,885,2,218.48,880.23,0 50 92 21 33 37 68 56 39 84 23 22 1 99 2 25 0,99
PFG_MOEA,885,3,218.48,880.23,0 4 80 53 66 94 49 51 45 24 79 32 3 36 54 70 72 67 86 82 58 77 62 0,
PFG_MOEA,885,4,218.48,880.23,0 93 9 100 8 7 46 0,
PFG_MOEA,885,5,218.48,880.23,0 28 69 47 38 44 59 26 10 89 96 83 11 14 73 0,26
PFG_MOEA,885,6,218.48,880.23,0 5 29 90 65 6 87 52 60 61 97 75 55 76 42 81 57 95 41 12 27 13 0,29 42
PFG_MOEA,886,1,198.33,1121.84,0 13 27 12 41 95 78 64 30 15 71 35 40 16 18 19 31 17 20 91 0,
PFG_MOEA,886,2,198.33,1121.84,0 50 48 92 22 23 84 39 56 68 37 33 21 34 43 0,
PFG_MOEA,886,3,198.33,1121.84,0 4 80 53 66 94 49 51 45 24 79 32 54 36 3 1 99 2 25 0,2
PFG_MOEA,886,4,198.33,1121.84,0 62 77 58 82 86 67 72 70 93 9 100 8 7 46 28 69 47 0,58 93
PFG_MOEA,886,5,198.33,1121.84,0 73 98 85 88 63 74 14 11 83 96 44 38 59 26 10 89 5 29 90 0,11 26 63 98
PFG_MOEA,886,6,198.33,1121.84,0 65 6 87 52 60 61 97 75 55 76 42 81 57 0,
PFG_MOEA,887,1,205.55,1025.13,0 81 57 95 41 15 30 64 78 74 63 88 85 98 71 35 40 16 18 19 17 31 0,78
PFG_MOEA,887,2,205.55,1025.13,0 20 91 21 33 37 68 56 39 84 23 22 1 99 34 43 92 53 80 4 0,99
PFG_MOEA,887,3,205.55,1025.13,0 66 94 3 36 54 70 72 67 32 49 51 45 24 0,
PFG_MOEA,887,4,205.55,1025.13,0 77 58 82 86 62 48 50 25 2 12 73 14 11 83 96 59 26 89 10 0,12 26 83
PFG_MOEA,887,5,205.55,1025.13,0 44 38 47 69 28 46 7 75 97 61 60 52 87 6 65 90 29 5 79 0,
PFG_MOEA,887,6,205.55,1025.13,0 13 27 8 100 93 9 55 76 42 0,76
PFG_MOEA,888,1,353.71,825.55,0 66 94 49 51 45 24 0,
PFG_MOEA,888,2,353.71,825.55,0 2 25 50 48 62 77 58 82 86 67 72 70 54 36 3 32 79 5 29 90 65 6 87 52 60 61 55 9 42 76 81 93 100 8 7 46 28 69 47 38 44 59 89 10 26 96 83 11 14 73 12 27 13 0,32 42 44
PFG_MOEA,888,3,353.71,825.55,0 57 95 41 0,
PFG_MOEA,888,4,353.71,825.55,0 97 75 98 85 88 63 74 78 64 30 15 71 35 31 17 40 16 18 19 20 91 21 33 37 68 56 39 84 23 22 1 34 43 92 0,64
PFG_MOEA,888,5,353.71,825.55,0 99 0,
PFG_MOEA,888,6,353.71,825.55,0 4 80 53 0,
PFG_MOEA,889,1,207.02,1012.48,0 50 48 62 21 33 37 68 56 39 3 36 54 66 53 80 4 24 0,
PFG_MOEA,889,2,207.02,1012.48,0 45 94 49 32 51 79 5 29 90 65 6 87 52 60 61 55 9 42 76 81 93 100 8 0,5 32 76
PFG_MOEA,889,3,207.02,1012.48,0 7 46 28 69 47 38 44 59 89 10 26 96 83 11 14 73 12 0,
PFG_MOEA,889,4,207.02,1012.48,0 97 75 98 85 88 63 74 78 64 30 15 41 57 95 27 13 0,
PFG_MOEA,889,5,207.02,1012.48,0 17 31 35 71 40 16 18 19 20 91 25 2 0,
PFG_MOEA,889,6,207.02,1012.48,0 92 43 34 99 1 84 23 22 70 72 67 86 82 58 77 0,
PFG_MOEA,890,1,207.74,922.35,0 76 42 57 95 41 98 85 88 63 74 78 64 30 15 71 35 31 17 40 16 18 0,18 42 63 98
PFG_MOEA,890,2,207.74,922.35,0 19 91 21 33 37 68 56 39 84 23 22 1 99 34 43 92 53 4 0,
PFG_MOEA,890,3,207.74,922.35,0 80 66 0,
PFG_MOEA,890,4,207.74,922.35,0 24 51 45 94 49 32 36 54 70 72 67 82 86 3 58 77 62 48 50 25 20 0,67
PFG_MOEA,890,5,207.74,922.35,0 2 13 27 12 73 14 11 83 96 26 10 89 59 44 38 47 69 28 46 7 75 97 0,2 11 69
PFG_MOEA,890,6,207.74,922.35,0 79 90 65 6 87 52 5 29 60 61 93 55 9 81 100 8 0,5
PFG_MOEA,891,1,201.36,1069.24,0 27 12 73 14 11 83 96 26 10 89 59 44 38 47 69 28 46 0,83
PFG_MOEA,891,2,201.36,1069.24,0 7 30 15 71 35 40 16 18 19 31 17 20 91 0,31
PFG_MOEA,891,3,201.36,1069.24,0 25 2 99 34 43 92 1 84 23 22 70 72 67 86 82 58 77 50 0,
PFG_MOEA,891,4,201.36,1069.24,0 4 80 53 66 54 36 3 39 56 68 37 33 21 62 48 0,36 62
PFG_MOEA,891,5,201.36,1069.24,0 24 45 94 49 32 51 79 5 29 90 65 6 87 52 60 61 97 0,
PFG_MOEA,891,6,201.36,1069.24,0 42 76 9 55 75 81 93 100 8 57 95 41 98 85 88 63 74 78 64 13 0,42 88
PFG_MOEA,892,1,235.98,829.78,0 20 91 21 33 37 68 56 39 84 23 22 1 34 43 92 0,34
PFG_MOEA,892,2,235.98,829.78,0 99 0,99
PFG_MOEA,892,3,235.98,829.78,0 4 80 53 66 94 45 24 51 49 32 3 36 54 70 72 67 86 82 58 77 62 48 50 25 2 0,
PFG_MOEA,892,4,235.98,829.78,0 12 73 14 11 83 96 26 10 89 59 44 38 47 69 28 46 7 0,26
PFG_MOEA,892,5,235.98,829.78,0 79 5 29 90 65 6 87 52 60 61 97 75 13 27 0,
PFG_MOEA,892,6,235.98,829.78,0 8 100 93 9 55 76 42 81 57 95 41 98 85 88 63 74 78 64 30 15 71 35 31 17 40 16 18 19 0,42 64
PFG_MOEA,893,1,199.67,1096.55,0 5 29 90 65 6 87 52 60 61 97 75 7 14 73 12 99 2 25 50 48 0,6 52
PFG_MOEA,893,2,199.67,1096.55,0 24 79 51 45 94 49 32 36 54 70 72 67 86 82 3 62 0,
PFG_MOEA,893,3,199.67,1096.55,0 4 80 53 66 58 77 46 28 69 47 38 44 59 89 10 26 96 0,69
PFG_MOEA,893,4,199.67,1096.55,0 8 100 93 81 55 9 76 42 83 11 98 41 95 57 0,
PFG_MOEA,893,5,199.67,1096.55,0 20 91 21 33 37 18 16 40 35 71 15 30 64 78 74 63 88 85 0,63
PFG_MOEA,893,6,199.67,1096.55,0 92 43 34 1 22 23 84 39 56 68 19 17 31 27 13 0,31
PFG_MOEA,894,1,218.48,880.23,0 98 85 88 63 74 78 64 30 15 71 35 40 16 18 19 31 17 20 91 34 43 48 0,43 98
PFG_MOEA,894,2,218.48,880.23,0 50 92 21 33 37 68 56 39 84 23 22 1 99 2 25 0,99
PFG_MOEA,894,3,218.48,880.23,0 4 80 53 66 94 49 51 45 24 79 32 3 36 54 70 72 67 86 82 58 77 62 0,
PFG_MOEA,894,4,218.48,880.23,0 93 9 100 8 7 46 0,
PFG_MOEA,894,5,218.48,880.23,0 28 69 47 38 44 59 26 10 89 96 83 11 14 73 0,26
PFG_MOEA,894,6,218.48,880.23,0 5 29 90 65 6 87 52 60 61 97 75 55 76 42 81 57 95 41 12 27 13 0,29 42
PFG_MOEA,895,1,198.33,1121.84,0 13 27 12 41 95 78 64 30 15 71 35 40 16 18 19 31 17 20 91 0,
PFG_MOEA,895,2,198.33,1121.84,0 50 48 92 22 23 84 39 56 68 37 33 21 34 43 0,
PFG_MOEA,895,3,198.33,1121.84,0 4 80 53 66 94 49 51 45 24 79 32 54 36 3 1 99 2 25 0,2
PFG_MOEA,895,4,198.33,1121.84,0 62 77 58 82 86 67 72 70 93 9 100 8 7 46 28 69 47 0,58 93
PFG_MOEA,895,5,198.33,1121.84,0 73 98 85 88 63 74 14 11 83 96 44 38 59 26 10 89 5 29 90 0,11 26 63 98
PFG_MOEA,895,6,198.33,1121.84,0 65 6 87 52 60 61 97 75 55 76 42 81 57 0,
PFG_MOEA,896,1,205.55,1025.13,0 81 57 95 41 15 30 64 78 74 63 88 85 98 71 35 40 16 18 19 17 31 0,78
PFG_MOEA,896,2,205.55,1025.13,0 20 91 21 33 37 68 56 39 84 23 22 1 99 34 43 92 53 80 4 0,99
PFG_MOEA,896,3,205.55,1025.13,0 66 94 3 36 54 70 72 67 32 49 51 45 24 0,
PFG_MOEA,896,4,205.55,1025.13,0 77 58 82 86 62 48 50 25 2 12 73 14 11 83 96 59 26 89 10 0,12 26 83
PFG_MOEA,896,5,205.55,1025.13,0 44 38 47 69 28 46 7 75 97 61 60 52 87 6 65 90 29 5 79 0,
PFG_MOEA,896,6,205.55,1025.13,0 13 27 8 100 93 9 55 76 42 0,76
PFG_MOEA,897,1,353.71,825.55,0 66 94 49 51 45 24 0,
PFG_MOEA,897,2,353.71,825.55,0 2 25 50 48 62 77 58 82 86 67 72 70 54 36 3 32 79 5 29 90 65 6 87 52 60 61 55 9 42 76 81 93 100 8 7 46 28 69 47 38 44 59 89 10 26 96 83 11 14 73 12 27 13 0,32 42 44
PFG_MOEA,897,3,353.71,825.55,0 57 95 41 0,
PFG_MOEA,897,4,353.71,825.55,0 97 75 98 85 88 63 74 78 64 30 15 71 35 31 17 40 16 18 19 20 91 21 33 37 68 56 39 84 23 22 1 34 43 92 0,64
PFG_MOEA,897,5,353.71,825.55,0 99 0,
PFG_MOEA,897,6,353.71,825.55,0 4 80 53 0,
PFG_MOEA,898,1,207.02,1012.48,0 50 48 62 21 33 37 68 56 39 3 36 54 66 53 80 4 24 0,
PFG_MOEA,898,2,207.02,1012.48,0 45 94 49 32 51 79 5 29 90 65 6 87 52 60 61 55 9 42 76 81 93 100 8 0,5 32 76
PFG_MOEA,898,3,207.02,1012.48,0 7 46 28 69 47 38 44 59 89 10 26 96 83 11 14 73 12 0,
PFG_MOEA,898,4,207.02,1012.48,0 97 75 98 85 88 63 74 78 64 30 15 41 57 95 27 13 0,
PFG_MOEA,898,5,207.02,1012.48,0 17 31 35 71 40 16 18 19 20 91 25 2 0,
PFG_MOEA,898,6,207.02,1012.48,0 92 43 34 99 1 84 23 22 70 72 67 86 82 58 77 0,
PFG_MOEA,899,1,207.74,922.35,0 76 42 57 95 41 98 85 88 63 74 78 64 30 15 71 35 31 17 40 16 18 0,18 42 63 98
PFG_MOEA,899,2,207.74,922.35,0 19 91 21 33 37 68 56 39 84 23 22 1 99 34 43 92 53 4 0,
PFG_MOEA,899,3,207.74,922.35,0 80 66 0,
PFG_MOEA,899,4,207.74,922.35,0 24 51 45 94 49 32 36 54 70 72 67 82 86 3 58 77 62 48 50 25 20 0,67
PFG_MOEA,899,5,207.74,922.35,0 2 13 27 12 73 14 11 83 96 26 10 89 59 44 38 47 69 28 46 7 75 97 0,2 11 69
PFG_MOEA,899,6,207.74,922.35,0 79 90 65 6 87 52 5 29 60 61 93 55 9 81 100 8 0,5
PFG_MOEA,900,1,201.36,1069.24,0 27 12 73 14 11 83 96 26 10 89 59 44 38 47 69 28 46 0,83
PFG_MOEA,900,2,201.36,1069.24,0 7 30 15 71 35 40 16 18 19 31 17 20 91 0,31
PFG_MOEA,900,3,201.36,1069.24,0 25 2 99 34 43 92 1 84 23 22 70 72 67 86 82 58 77 50 0,
PFG_MOEA,900,4,201.36,1069.24,0 4 80 53 66 54 36 3 39 56 68 37 33 21 62 48 0,36 62
PFG_MOEA,900,5,201.36,1069.24,0 24 45 94 49 32 51 79 5 29 90 65 6 87 52 60 61 97 0,
PFG_MOEA,900,6,201.36,1069.24,0 42 76 9 55 75 81 93 100 8 57 95 41 98 85 88 63 74 78 64 13 0,42 88
PFG_MOEA,901,1,235.98,829.78,0 20 91 21 33 37 68 56 39 84 23 22 1 34 43 92 0,34
PFG_MOEA,901,2,235.98,829.78,0 99 0,99
PFG_MOEA,901,3,235.98,829.78,0 4 80 53 66 94 45 24 51 49 32 3 36 54 70 72 67 86 82 58 77 62 48 50 25 2 0,
PFG_MOEA,901,4,235.98,829.78,0 12 73 14 11 83 96 26 10 89 59 44 38 47 69 28 46 7 0,26
PFG_MOEA,901,5,235.98,829.78,0 79 5 29 90 65 6 87 52 60 61 97 75 13 27 0,
PFG_MOEA,901,6,235.98,829.78,0 8 100 93 9 55 76 42 81 57 95 41 98 85 88 63 74 78 64 30 15 71 35 31 17 40 16 18 19 0,42 64
PFG_MOEA,902,1,199.67,1096.55,0 5 29 90 65 6 87 52 60 61 97 75 7 14 73 12 99 2 25 50 48 0,6 52
PFG_MOEA,902,2,199.67,1096.55,0 24 79 51 45 94 49 32 36 54 70 72 67 86 82 3 62 0,
PFG_MOEA,902,3,199.67,1096.55,0 4 80 53 66 58 77 46 28 69 47 38 44 59 89 10 26 96 0,69
PFG_MOEA,902,4,199.67,1096.55,0 8 100 93 81 55 9 76 42 83 11 98 41 95 57 0,
PFG_MOEA,902,5,199.67,1096.55,0 20 91 21 33 37 18 16 40 35 71 15 30 64 78 74 63 88 85 0,63
PFG_MOEA,902,6,199.67,1096.55,0 92 43 34 1 22 23 84 39 56 68 19 17 31 27 13 0,31
PFG_MOEA,903,1,218.48,880.23,0 98 85 88 63 74 78 64 30 15 71 35 40 16 18 19 31 17 20 91 34 43 48 0,43 98
PFG_MOEA,903,2,218.48,880.23,0 50 92 21 33 37 68 56 39 84 23 22 1 99 2 25 0,99
PFG_MOEA,903,3,218.48,880.23,0 4 80 53 66 94 49 51 45 24 79 32 3 36 54 70 72 67 86 82 58 77 62 0,
PFG_MOEA,903,4,218.48,880.23,0 93 9 100 8 7 46 0,
PFG_MOEA,903,5,218.48,880.23,0 28 69 47 38 44 59 26 10 89 96 83 11 14 73 0,26
PFG_MOEA,903,6,218.48,880.23,0 5 29 90 65 6 87 52 60 61 97 75 55 76 42 81 57 95 41 12 27 13 0,29 42
PFG_MOEA,904,1,198.33,1121.84,0 13 27 12 41 95 78 64 30 15 71 35 40 16 18 19 31 17 20 91 0,
PFG_MOEA,904,2,198.33,1121.84,0 50 48 92 22 23 84 39 56 68 37 33 21 34 43 0,
PFG_MOEA,904,3,198.33,1121.84,0 4 80 53 66 94 49 51 45 24 79 32 54 36 3 1 99 2 25 0,2
PFG_MOEA,904,4,198.33,1121.84,0 62 77 58 82 86 67 72 70 93 9 100 8 7 46 28 69 47 0,58 93
PFG_MOEA,904,5,198.33,1121.84,0 73 98 85 88 63 74 14 11 83 96 44 38 59 26 10 89 5 29 90 0,11 26 63 98
PFG_MOEA,904,6,198.33,1121.84,0 65 6 87 52 60 61 97 75 55 76 42 81 57 0,
PFG_MOEA,905,1,205.55,1025.13,0 81 57 95 41 15 30 64 78 74 63 88 85 98 71 35 40 16 18 19 17 31 0,78
PFG_MOEA,905,2,205.55,1025.13,0 20 91 21 33 37 68 56 39 84 23 22 1 99 34 43 92 53 80 4 0,99
PFG_MOEA,905,3,205.55,1025.13,0 66 94 3 36 54 70 72 67 32 49 51 45 24 0,
PFG_MOEA,905,4,205.55,1025.13,0 77 58 82 86 62 48 50 25 2 12 73 14 11 83 96 59 26 89 10 0,12 26 83
PFG_MOEA,905,5,205.55,1025.13,0 44 38 47 69 28 46 7 75 97 61 60 52 87 6 65 90 29 5 79 0,
PFG_MOEA,905,6,205.55,1025.13,0 13 27 8 100 93 9 55 76 42 0,76
PFG_MOEA,906,1,353.71,825.55,0 66 94 49 51 45 24 0,
PFG_MOEA,906,2,353.71,825.55,0 2 25 50 48 62 77 58 82 86 67 72 70 54 36 3 32 79 5 29 90 65 6 87 52 60 61 55 9 42 76 81 93 100 8 7 46 28 69 47 38 44 59 89 10 26 96 83 11 14 73 12 27 13 0,32 42 44
PFG_MOEA,906,3,353.71,825.55,0 57 95 41 0,
PFG_MOEA,906,4,353.71,825.55,0 97 75 98 85 88 63 74 78 64 30 15 71 35 31 17 40 16 18 19 20 91 21 33 37 68 56 39 84 23 22 1 34 43 92 0,64
PFG_MOEA,906,5,353.71,825.55,0 99 0,
PFG_MOEA,906,6,353.71,825.55,0 4 80 53 0,
PFG_MOEA,907,1,207.02,1012.48,0 50 48 62 21 33 37 68 56 39 3 36 54 66 53 80 4 24 0,
PFG_MOEA,907,2,207.02,1012.48,0 45 94 49 32 51 79 5 29 90 65 6 87 52 60 61 55 9 42 76 81 93 100 8 0,5 32 76
PFG_MOEA,907,3,207.02,1012.48,0 7 46 28 69 47 38 44 59 89 10 26 96 83 11 14 73 12 0,
PFG_MOEA,907,4,207.02,1012.48,0 97 75 98 85 88 63 74 78 64 30 15 41 57 95 27 13 0,
PFG_MOEA,907,5,207.02,1012.48,0 17 31 35 71 40 16 18 19 20 91 25 2 0,
PFG_MOEA,907,6,207.02,1012.48,0 92 43 34 99 1 84 23 22 70 72 67 86 82 58 77 0,
PFG_MOEA,908,1,207.74,922.35,0 76 42 57 95 41 98 85 88 63 74 78 64 30 15 71 35 31 17 40 16 18 0,18 42 63 98
PFG_MOEA,908,2,207.74,922.35,0 19 91 21 33 37 68 56 39 84 23 22 1 99 34 43 92 53 4 0,
PFG_MOEA,908,3,207.74,922.35,0 80 66 0,
PFG_MOEA,908,4,207.74,922.35,0 24 51 45 94 49 32 36 54 70 72 67 82 86 3 58 77 62 48 50 25 20 0,67
PFG_MOEA,908,5,207.74,922.35,0 2 13 27 12 73 14 11 83 96 26 10 89 59 44 38 47 69 28 46 7 75 97 0,2 11 69
PFG_MOEA,908,6,207.74,922.35,0 79 90 65 6 87 52 5 29 60 61 93 55 9 81 100 8 0,5
PFG_MOEA,909,1,201.36,1069.24,0 27 12 73 14 11 83 96 26 10 89 59 44 38 47 69 28 46 0,83
PFG_MOEA,909,2,201.36,1069.24,0 7 30 15 71 35 40 16 18 19 31 17 20 91 0,31
PFG_MOEA,909,3,201.36,1069.24,0 25 2 99 34 43 92 1 84 23 22 70 72 67 86 82 58 77 50 0,
PFG_MOEA,909,4,201.36,1069.24,0 4 80 53 66 54 36 3 39 56 68 37 33 21 62 48 0,36 62
PFG_MOEA,909,5,201.36,1069.24,0 24 45 94 49 32 51 79 5 29 90 65 6 87 52 60 61 97 0,
PFG_MOEA,909,6,201.36,1069.24,0 42 76 9 55 75 81 93 100 8 57 95 41 98 85 88 63 74 78 64 13 0,42 88
PFG_MOEA,910,1,235.98,829.78,0 20 91 21 33 37 68 56 39 84 23 22 1 34 43 92 0,34
PFG_MOEA,910,2,235.98,829.78,0 99 0,99
PFG_MOEA,910,3,235.98,829.78,0 4 80 53 66 94 45 24 51 49 32 3 36 54 70 72 67 86 82 58 77 62 48 50 25 2 0,
PFG_MOEA,910,4,235.98,829.78,0 12 73 14 11 83 96 26 10 89 59 44 38 47 69 28 46 7 0,26
PFG_MOEA,910,5,235.98,829.78,0 79 5 29 90 65 6 87 52 60 61 97 75 13 27 0,
PFG_MOEA,910,6,235.98,829.78,0 8 100 93 9 55 76 42 81 57 95 41 98 85 88 63 74 78 64 30 15 71 35 31 17 40 16 18 19 0,42 64
PFG_MOEA,911,1,199.67,1096.55,0 5 29 90 65 6 87 52 60 61 97 75 7 14 73 12 99 2 25 50 48 0,6 52
PFG_MOEA,911,2,199.67,1096.55,0 24 79 51 45 94 49 32 36 54 70 72 67 86 82 3 62 0,
PFG_MOEA,911,3,199.67,1096.55,0 4 80 53 66 58 77 46 28 69 47 38 44 59 89 10 26 96 0,69
PFG_MOEA,911,4,199.67,1096.55,0 8 100 93 81 55 9 76 42 83 11 98 41 95 57 0,
PFG_MOEA,911,5,199.67,1096.55,0 20 91 21 33 37 18 16 40 35 71 15 30 64 78 74 63 88 85 0,63
PFG_MOEA,911,6,199.67,1096.55,0 92 43 34 1 22 23 84 39 56 68 19 17 31 27 13 0,31
PFG_MOEA,912,1,218.48,880.23,0 98 85 88 63 74 78 64 30 15 71 35 40 16 18 19 31 17 20 91 34 43 48 0,43 98
PFG_MOEA,912,2,218.48,880.23,0 50 92 21 33 37 68 56 39 84 23 22 1 99 2 25 0,99
PFG_MOEA,912,3,218.48,880.23,0 4 80 53 66 94 49 51 45 24 79 32 3 36 54 70 72 67 86 82 58 77 62 0,
PFG_MOEA,912,4,218.48,880.23,0 93 9 100 8 7 46 0,
PFG_MOEA,912,5,218.48,880.23,0 28 69 47 38 44 59 26 10 89 96 83 11 14 73 0,26
PFG_MOEA,912,6,218.48,880.23,0 5 29 90 65 6 87 52 60 61 97 75 55 76 42 81 57 95 41 12 27 13 0,29 42
PFG_MOEA,913,1,198.33,1121.84,0 13 27 12 41 95 78 64 30 15 71 35 40 16 18 19 31 17 20 91 0,
PFG_MOEA,913,2,198.33,1121.84,0 50 48 92 22 23 84 39 56 68 37 33 21 34 43 0,
PFG_MOEA,913,3,198.33,1121.84,0 4 80 53 66 94 49 51 45 24 79 32 54 36 3 1 99 2 25 0,2
PFG_MOEA,913,4,198.33,1121.84,0 62 77 58 82 86 67 72 70 93 9 100 8 7 46 28 69 47 0,58 93
PFG_MOEA,913,5,198.33,1121.84,0 73 98 85 88 63 74 14 11 83 96 44 38 59 26 10 89 5 29 90 0,11 26 63 98
PFG_MOEA,913,6,198.33,1121.84,0 65 6 87 52 60 61 97 75 55 76 42 81 57 0,
PFG_MOEA,914,1,205.55,1025.13,0 81 57 95 41 15 30 64 78 74 63 88 85 98 71 35 40 16 18 19 17 31 0,78
PFG_MOEA,914,2,205.55,1025.13,0 20 91 21 33 37 68 56 39 84 23 22 1 99 34 43 92 53 80 4 0,99
PFG_MOEA,914,3,205.55,1025.13,0 66 94 3 36 54 70 72 67 32 49 51 45 24 0,
PFG_MOEA,914,4,205.55,1025.13,0 77 58 82 86 62 48 50 25 2 12 73 14 11 83 96 59 26 89 10 0,12 26 83
PFG_MOEA,914,5,205.55,1025.13,0 44 38 47 69 28 46 7 75 97 61 60 52 87 6 65 90 29 5 79 0,
PFG_MOEA,914,6,205.55,1025.13,0 13 27 8 100 93 9 55 76 42 0,76
PFG_MOEA,915,1,353.71,825.55,0 66 94 49 51 45 24 0,
PFG_MOEA,915,2,353.71,825.55,0 2 25 50 48 62 77 58 82 86 67 72 70 54 36 3 32 79 5 29 90 65 6 87 52 60 61 55 9 42 76 81 93 100 8 7 46 28 69 47 38 44 59 89 10 26 96 83 11 14 73 12 27 13 0,32 42 44
PFG_MOEA,915,3,353.71,825.55,0 57 95 41 0,
PFG_MOEA,915,4,353.71,825.55,0 97 75 98 85 88 63 74 78 64 30 15 71 35 31 17 40 16 18 19 20 91 21 33 37 68 56 39 84 23 22 1 34 43 92 0,64
PFG_MOEA,915,5,353.71,825.55,0 99 0,
PFG_MOEA,915,6,353.71,825.55,0 4 80 53 0,
PFG_MOEA,916,1,207.02,1012.48,0 50 48 62 21 33 37 68 56 39 3 36 54 66 53 80 4 24 0,
PFG_MOEA,916,2,207.02,1012.48,0 45 94 49 32 51 79 5 29 90 65 6 87 52 60 61 55 9 42 76 81 93 100 8 0,5 32 76
PFG_MOEA,916,3,207.02,1012.48,0 7 46 28 69 47 38 44 59 89 10 26 96 83 11 14 73 12 0,
PFG_MOEA,916,4,207.02,1012.48,0 97 75 98 85 88 63 74 78 64 30 15 41 57 95 27 13 0,
PFG_MOEA,916,5,207.02,1012.48,0 17 31 35 71 40 16 18 19 20 91 25 2 0,
PFG_MOEA,916,6,207.02,1012.48,0 92 43 34 99 1 84 23 22 70 72 67 86 82 58 77 0,
PFG_MOEA,917,1,207.74,922.35,0 76 42 57 95 41 98 85 88 63 74 78 64 30 15 71 35 31 17 40 16 18 0,18 42 63 98
PFG_MOEA,917,2,207.74,922.35,0 19 91 21 33 37 68 56 39 84 23 22 1 99 34 43 92 53 4 0,
PFG_MOEA,917,3,207.74,922.35,0 80 66 0,
PFG_MOEA,917,4,207.74,922.35,0 24 51 45 94 49 32 36 54 70 72 67 82 86 3 58 77 62 48 50 25 20 0,67
PFG_MOEA,917,5,207.74,922.35,0 2 13 27 12 73 14 11 83 96 26 10 89 59 44 38 47 69 28 46 7 75 97 0,2 11 69
PFG_MOEA,917,6,207.74,922.35,0 79 90 65 6 87 52 5 29 60 61 93 55 9 81 100 8 0,5
PFG_MOEA,918,1,201.36,1069.24,0 27 12 73 14 11 83 96 26 10 89 59 44 38 47 69 28 46 0,83
PFG_MOEA,918,2,201.36,1069.24,0 7 30 15 71 35 40 16 18 19 31 17 20 91 0,31
PFG_MOEA,918,3,201.36,1069.24,0 25 2 99 34 43 92 1 84 23 22 70 72 67 86 82 58 77 50 0,
PFG_MOEA,918,4,201.36,1069.24,0 4 80 53 66 54 36 3 39 56 68 37 33 21 62 48 0,36 62
PFG_MOEA,918,5,201.36,1069.24,0 24 45 94 49 32 51 79 5 29 90 65 6 87 52 60 61 97 0,
PFG_MOEA,918,6,201.36,1069.24,0 42 76 9 55 75 81 93 100 8 57 95 41 98 85 88 63 74 78 64 13 0,42 88
PFG_MOEA,919,1,235.98,829.78,0 20 91 21 33 37 68 56 39 84 23 22 1 34 43 92 0,34
PFG_MOEA,919,2,235.98,829.78,0 99 0,99
PFG_MOEA,919,3,235.98,829.78,0 4 80 53 66 94 45 24 51 49 32 3 36 54 70 72 67 86 82 58 77 62 48 50 25 2 0,
PFG_MOEA,919,4,235.98,829.78,0 12 73 14 11 83 96 26 10 89 59 44 38 47 69 28 46 7 0,26
PFG_MOEA,919,5,235.98,829.78,0 79 5 29 90 65 6 87 52 60 61 97 75 13 27 0,
PFG_MOEA,919,6,235.98,829.78,0 8 100 93 9 55 76 42 81 57 95 41 98 85 88 63 74 78 64 30 15 71 35 31 17 40 16 18 19 0,42 64
PFG_MOEA,920,1,199.67,1096.55,0 5 29 90 65 6 87 52 60 61 97 75 7 14 73 12 99 2 25 50 48 0,6 52
PFG_MOEA,920,2,199.67,1096.55,0 24 79 51 45 94 49 32 36 54 70 72 67 86 82 3 62 0,
PFG_MOEA,920,3,199.67,1096.55,0 4 80 53 66 58 77 46 28 69 47 38 44 59 89 10 26 96 0,69
PFG_MOEA,920,4,199.67,1096.55,0 8 100 93 81 55 9 76 42 83 11 98 41 95 57 0,
PFG_MOEA,920,5,199.67,1096.55,0 20 91 21 33 37 18 16 40 35 71 15 30 64 78 74 63 88 85 0,63
PFG_MOEA,920,6,199.67,1096.55,0 92 43 34 1 22 23 84 39 56 68 19 17 31 27 13 0,31
PFG_MOEA,921,1,218.48,880.23,0 98 85 88 63 74 78 64 30 15 71 35 40 16 18 19 31 17 20 91 34 43 48 0,43 98
PFG_MOEA,921,2,218.48,880.23,0 50 92 21 33 37 68 56 39 84 23 22 1 99 2 25 0,99
PFG_MOEA,921,3,218.48,880.23,0 4 80 53 66 94 49 51 45 24 79 32 3 36 54 70 72 67 86 82 58 77 62 0,
PFG_MOEA,921,4,218.48,880.23,0 93 9 100 8 7 46 0,
PFG_MOEA,921,5,218.48,880.23,0 28 69 47 38 44 59 26 10 89 96 83 11 14 73 0,26
PFG_MOEA,921,6,218.48,880.23,0 5 29 90 65 6 87 52 60 61 97 75 55 76 42 81 57 95 41 12 27 13 0,29 42
PFG_MOEA,922,1,198.33,1121.84,0 13 27 12 41 95 78 64 30 15 71 35 40 16 18 19 31 17 20 91 0,
PFG_MOEA,922,2,198.33,1121.84,0 50 48 92 22 23 84 39 56 68 37 33 21 34 43 0,
PFG_MOEA,922,3,198.33,1121.84,0 4 80 53 66 94 49 51 45 24 79 32 54 36 3 1 99 2 25 0,2
PFG_MOEA,922,4,198.33,1121.84,0 62 77 58 82 86 67 72 70 93 9 100 8 7 46 28 69 47 0,58 93
PFG_MOEA,922,5,198.33,1121.84,0 73 98 85 88 63 74 14 11 83 96 44 38 59 26 10 89 5 29 90 0,11 26 63 98
PFG_MOEA,922,6,198.33,1121.84,0 65 6 87 52 60 61 97 75 55 76 42 81 57 0,
PFG_MOEA,923,1,205.55,1025.13,0 81 57 95 41 15 30 64 78 74 63 88 85 98 71 35 40 16 18 19 17 31 0,78
PFG_MOEA,923,2,205.55,1025.13,0 20 91 21 33 37 68 56 39 84 23 22 1 99 34 43 92 53 80 4 0,99
PFG_MOEA,923,3,205.55,1025.13,0 66 94 3 36 54 70 72 67 32 49 51 45 24 0,
PFG_MOEA,923,4,205.55,1025.13,0 77 58 82 86 62 48 50 25 2 12 73 14 11 83 96 59 26 89 10 0,12 26 83
PFG_MOEA,923,5,205.55,1025.13,0 44 38 47 69 28 46 7 75 97 61 60 52 87 6 65 90 29 5 79 0,
PFG_MOEA,923,6,205.55,1025.13,0 13 27 8 100 93 9 55 76 42 0,76
PFG_MOEA,924,1,353.71,825.55,0 66 94 49 51 45 24 0,
PFG_MOEA,924,2,353.71,825.55,0 2 25 50 48 62 77 58 82 86 67 72 70 54 36 3 32 79 5 29 90 65 6 87 52 60 61 55 9 42 76 81 93 100 8 7 46 28 69 47 38 44 59 89 10 26 96 83 11 14 73 12 27 13 0,32 42 44
PFG_MOEA,924,3,353.71,825.55,0 57 95 41 0,
PFG_MOEA,924,4,353.71,825.55,0 97 75 98 85 88 63 74 78 64 30 15 71 35 31 17 40 16 18 19 20 91 21 33 37 68 56 39 84 23 22 1 34 43 92 0,64
PFG_MOEA,924,5,353.71,825.55,0 99 0,
PFG_MOEA,924,6,353.71,825.55,0 4 80 53 0,
PFG_MOEA,925,1,207.02,1012.48,0 50 48 62 21 33 37 68 56 39 3 36 54 66 53 80 4 24 0,
PFG_MOEA,925,2,207.02,1012.48,0 45 94 49 32 51 79 5 29 90 65 6 87 52 60 61 55 9 42 76 81 93 100 8 0,5 32 76
PFG_MOEA,925,3,207.02,1012.48,0 7 46 28 69 47 38 44 59 89 10 26 96 83 11 14 73 12 0,
PFG_MOEA,925,4,207.02,1012.48,0 97 75 98 85 88 63 74 78 64 30 15 41 57 95 27 13 0,
PFG_MOEA,925,5,207.02,1012.48,0 17 31 35 71 40 16 18 19 20 91 25 2 0,
PFG_MOEA,925,6,207.02,1012.48,0 92 43 34 99 1 84 23 22 70 72 67 86 82 58 77 0,
PFG_MOEA,926,1,207.74,922.35,0 76 42 57 95 41 98 85 88 63 74 78 64 30 15 71 35 31 17 40 16 18 0,18 42 63 98
PFG_MOEA,926,2,207.74,922.35,0 19 91 21 33 37 68 56 39 84 23 22 1 99 34 43 92 53 4 0,
PFG_MOEA,926,3,207.74,922.35,0 80 66 0,
PFG_MOEA,926,4,207.74,922.35,0 24 51 45 94 49 32 36 54 70 72 67 82 86 3 58 77 62 48 50 25 20 0,67
PFG_MOEA,926,5,207.74,922.35,0 2 13 27 12 73 14 11 83 96 26 10 89 59 44 38 47 69 28 46 7 75 97 0,2 11 69
PFG_MOEA,926,6,207.74,922.35,0 79 90 65 6 87 52 5 29 60 61 93 55 9 81 100 8 0,5
PFG_MOEA,927,1,201.36,1069.24,0 27 12 73 14 11 83 96 26 10 89 59 44 38 47 69 28 46 0,83
PFG_MOEA,927,2,201.36,1069.24,0 7 30 15 71 35 40 16 18 19 31 17 20 91 0,31
PFG_MOEA,927,3,201.36,1069.24,0 25 2 99 34 43 92 1 84 23 22 70 72 67 86 82 58 77 50 0,
PFG_MOEA,927,4,201.36,1069.24,0 4 80 53 66 54 36 3 39 56 68 37 33 21 62 48 0,36 62
PFG_MOEA,927,5,201.36,1069.24,0 24 45 94 49 32 51 79 5 29 90 65 6 87 52 60 61 97 0,
PFG_MOEA,927,6,201.36,1069.24,0 42 76 9 55 75 81 93 100 8 57 95 41 98 85 88 63 74 78 64 13 0,42 88
PFG_MOEA,928,1,235.98,829.78,0 20 91 21 33 37 68 56 39 84 23 22 1 34 43 92 0,34
PFG_MOEA,928,2,235.98,829.78,0 99 0,99
PFG_MOEA,928,3,235.98,829.78,0 4 80 53 66 94 45 24 51 49 32 3 36 54 70 72 67 86 82 58 77 62 48 50 25 2 0,
PFG_MOEA,928,4,235.98,829.78,0 12 73 14 11 83 96 26 10 89 59 44 38 47 69 28 46 7 0,26
PFG_MOEA,928,5,235.98,829.78,0 79 5 29 90 65 6 87 52 60 61 97 75 13 27 0,
PFG_MOEA,928,6,235.98,829.78,0 8 100 93 9 55 76 42 81 57 95 41 98 85 88 63 74 78 64 30 15 71 35 31 17 40 16 18 19 0,42 64
PFG_MOEA,929,1,199.67,1096.55,0 5 29 90 65 6 87 52 60 61 97 75 7 14 73 12 99 2 25 50 48 0,6 52
PFG_MOEA,929,2,199.67,1096.55,0 24 79 51 45 94 49 32 36 54 70 72 67 86 82 3 62 0,
PFG_MOEA,929,3,199.67,1096.55,0 4 80 53 66 58 77 46 28 69 47 38 44 59 89 10 26 96 0,69
PFG_MOEA,929,4,199.67,1096.55,0 8 100 93 81 55 9 76 42 83 11 98 41 95 57 0,
PFG_MOEA,929,5,199.67,1096.55,0 20 91 21 33 37 18 16 40 35 71 15 30 64 78 74 63 88 85 0,63
PFG_MOEA,929,6,199.67,1096.55,0 92 43 34 1 22 23 84 39 56 68 19 17 31 27 13 0,31
PFG_MOEA,930,1,218.48,880.23,0 98 85 88 63 74 78 64 30 15 71 35 40 16 18 19 31 17 20 91 34 43 48 0,43 98
PFG_MOEA,930,2,218.48,880.23,0 50 92 21 33 37 68 56 39 84 23 22 1 99 2 25 0,99
PFG_MOEA,930,3,218.48,880.23,0 4 80 53 66 94 49 51 45 24 79 32 3 36 54 70 72 67 86 82 58 77 62 0,
PFG_MOEA,930,4,218.48,880.23,0 93 9 100 8 7 46 0,
PFG_MOEA,930,5,218.48,880.23,0 28 69 47 38 44 59 26 10 89 96 83 11 14 73 0,26
PFG_MOEA,930,6,218.48,880.23,0 5 29 90 65 6 87 52 60 61 97 75 55 76 42 81 57 95 41 12 27 13 0,29 42
PFG_MOEA,931,1,198.33,1121.84,0 13 27 12 41 95 78 64 30 15 71 35 40 16 18 19 31 17 20 91 0,
PFG_MOEA,931,2,198.33,1121.84,0 50 48 92 22 23 84 39 56 68 37 33 21 34 43 0,
PFG_MOEA,931,3,198.33,1121.84,0 4 80 53 66 94 49 51 45 24 79 32 54 36 3 1 99 2 25 0,2
PFG_MOEA,931,4,198.33,1121.84,0 62 77 58 82 86 67 72 70 93 9 100 8 7 46 28 69 47 0,58 93
PFG_MOEA,931,5,198.33,1121.84,0 73 98 85 88 63 74 14 11 83 96 44 38 59 26 10 89 5 29 90 0,11 26 63 98
PFG_MOEA,931,6,198.33,1121.84,0 65 6 87 52 60 61 97 75 55 76 42 81 57 0,
PFG_MOEA,932,1,205.55,1025.13,0 81 57 95 41 15 30 64 78 74 63 88 85 98 71 35 40 16 18 19 17 31 0,78
PFG_MOEA,932,2,205.55,1025.13,0 20 91 21 33 37 68 56 39 84 23 22 1 99 34 43 92 53 80 4 0,99
PFG_MOEA,932,3,205.55,1025.13,0 66 94 3 36 54 70 72 67 32 49 51 45 24 0,
PFG_MOEA,932,4,205.55,1025.13,0 77 58 82 86 62 48 50 25 2 12 73 14 11 83 96 59 26 89 10 0,12 26 83
PFG_MOEA,932,5,205.55,1025.13,0 44 38 47 69 28 46 7 75 97 61 60 52 87 6 65 90 29 5 79 0,
PFG_MOEA,932,6,205.55,1025.13,0 13 27 8 100 93 9 55 76 42 0,76
PFG_MOEA,933,1,353.71,825.55,0 66 94 49 51 45 24 0,
PFG_MOEA,933,2,353.71,825.55,0 2 25 50 48 62 77 58 82 86 67 72 70 54 36 3 32 79 5 29 90 65 6 87 52 60 61 55 9 42 76 81 93 100 8 7 46 28 69 47 38 44 59 89 10 26 96 83 11 14 73 12 27 13 0,32 42 44
PFG_MOEA,933,3,353.71,825.55,0 57 95 41 0,
PFG_MOEA,933,4,353.71,825.55,0 97 75 98 85 88 63 74 78 64 30 15 71 35 31 17 40 16 18 19 20 91 21 33 37 68 56 39 84 23 22 1 34 43 92 0,64
PFG_MOEA,933,5,353.71,825.55,0 99 0,
PFG_MOEA,933,6,353.71,825.55,0 4 80 53 0,
PFG_MOEA,934,1,207.02,1012.48,0 50 48 62 21 33 37 68 56 39 3 36 54 66 53 80 4 24 0,
PFG_MOEA,934,2,207.02,1012.48,0 45 94 49 32 51 79 5 29 90 65 6 87 52 60 61 55 9 42 76 81 93 100 8 0,5 32 76
PFG_MOEA,934,3,207.02,1012.48,0 7 46 28 69 47 38 44 59 89 10 26 96 83 11 14 73 12 0,
PFG_MOEA,934,4,207.02,1012.48,0 97 75 98 85 88 63 74 78 64 30 15 41 57 95 27 13 0,
PFG_MOEA,934,5,207.02,1012.48,0 17 31 35 71 40 16 18 19 20 91 25 2 0,
PFG_MOEA,934,6,207.02,1012.48,0 92 43 34 99 1 84 23 22 70 72 67 86 82 58 77 0,
PFG_MOEA,935,1,207.74,922.35,0 76 42 57 95 41 98 85 88 63 74 78 64 30 15 71 35 31 17 40 16 18 0,18 42 63 98
PFG_MOEA,935,2,207.74,922.35,0 19 91 21 33 37 68 56 39 84 23 22 1 99 34 43 92 53 4 0,
PFG_MOEA,935,3,207.74,922.35,0 80 66 0,
PFG_MOEA,935,4,207.74,922.35,0 24 51 45 94 49 32 36 54 70 72 67 82 86 3 58 77 62 48 50 25 20 0,67
PFG_MOEA,935,5,207.74,922.35,0 2 13 27 12 73 14 11 83 96 26 10 89 59 44 38 47 69 28 46 7 75 97 0,2 11 69
PFG_MOEA,935,6,207.74,922.35,0 79 90 65 6 87 52 5 29 60 61 93 55 9 81 100 8 0,5
PFG_MOEA,936,1,201.36,1069.24,0 27 12 73 14 11 83 96 26 10 89 59 44 38 47 69 28 46 0,83
PFG_MOEA,936,2,201.36,1069.24,0 7 30 15 71 35 40 16 18 19 31 17 20 91 0,31
PFG_MOEA,936,3,201.36,1069.24,0 25 2 99 34 43 92 1 84 23 22 70 72 67 86 82 58 77 50 0,
PFG_MOEA,936,4,201.36,1069.24,0 4 80 53 66 54 36 3 39 56 68 37 33 21 62 48 0,36 62
PFG_MOEA,936,5,201.36,1069.24,0 24 45 94 49 32 51 79 5 29 90 65 6 87 52 60 61 97 0,
PFG_MOEA,936,6,201.36,1069.24,0 42 76 9 55 75 81 93 100 8 57 95 41 98 85 88 63 74 78 64 13 0,42 88
PFG_MOEA,937,1,235.98,829.78,0 20 91 21 33 37 68 56 39 84 23 22 1 34 43 92 0,34
PFG_MOEA,937,2,235.98,829.78,0 99 0,99
PFG_MOEA,937,3,235.98,829.78,0 4 80 53 66 94 45 24 51 49 32 3 36 54 70 72 67 86 82 58 77 62 48 50 25 2 0,
PFG_MOEA,937,4,235.98,829.78,0 12 73 14 11 83 96 26 10 89 59 44 38 47 69 28 46 7 0,26
PFG_MOEA,937,5,235.98,829.78,0 79 5 29 90 65 6 87 52 60 61 97 75 13 27 0,
PFG_MOEA,937,6,235.98,829.78,0 8 100 93 9 55 76 42 81 57 95 41 98 85 88 63 74 78 64 30 15 71 35 31 17 40 16 18 19 0,42 64
PFG_MOEA,938,1,199.67,1096.55,0 5 29 90 65 6 87 52 60 61 97 75 7 14 73 12 99 2 25 50 48 0,6 52
PFG_MOEA,938,2,199.67,1096.55,0 24 79 51 45 94 49 32 36 54 70 72 67 86 82 3 62 0,
PFG_MOEA,938,3,199.67,1096.55,0 4 80 53 66 58 77 46 28 69 47 38 44 59 89 10 26 96 0,69
PFG_MOEA,938,4,199.67,1096.55,0 8 100 93 81 55 9 76 42 83 11 98 41 95 57 0,
PFG_MOEA,938,5,199.67,1096.55,0 20 91 21 33 37 18 16 40 35 71 15 30 64 78 74 63 88 85 0,63
PFG_MOEA,938,6,199.67,1096.55,0 92 43 34 1 22 23 84 39 56 68 19 17 31 27 13 0,31
PFG_MOEA,939,1,218.48,880.23,0 98 85 88 63 74 78 64 30 15 71 35 40 16 18 19 31 17 20 91 34 43 48 0,43 98
PFG_MOEA,939,2,218.48,880.23,0 50 92 21 33 37 68 56 39 84 23 22 1 99 2 25 0,99
PFG_MOEA,939,3,218.48,880.23,0 4 80 53 66 94 49 51 45 24 79 32 3 36 54 70 72 67 86 82 58 77 62 0,
PFG_MOEA,939,4,218.48,880.23,0 93 9 100 8 7 46 0,
PFG_MOEA,939,5,218.48,880.23,0 28 69 47 38 44 59 26 10 89 96 83 11 14 73 0,26
PFG_MOEA,939,6,218.48,880.23,0 5 29 90 65 6 87 52 60 61 97 75 55 76 42 81 57 95 41 12 27 13 0,29 42
PFG_MOEA,940,1,198.33,1121.84,0 13 27 12 41 95 78 64 30 15 71 35 40 16 18 19 31 17 20 91 0,
PFG_MOEA,940,2,198.33,1121.84,0 50 48 92 22 23 84 39 56 68 37 33 21 34 43 0,
PFG_MOEA,940,3,198.33,1121.84,0 4 80 53 66 94 49 51 45 24 79 32 54 36 3 1 99 2 25 0,2
PFG_MOEA,940,4,198.33,1121.84,0 62 77 58 82 86 67 72 70 93 9 100 8 7 46 28 69 47 0,58 93
PFG_MOEA,940,5,198.33,1121.84,0 73 98 85 88 63 74 14 11 83 96 44 38 59 26 10 89 5 29 90 0,11 26 63 98
PFG_MOEA,940,6,198.33,1121.84,0 65 6 87 52 60 61 97 75 55 76 42 81 57 0,
PFG_MOEA,941,1,205.55,1025.13,0 81 57 95 41 15 30 64 78 74 63 88 85 98 71 35 40 16 18 19 17 31 0,78
PFG_MOEA,941,2,205.55,1025.13,0 20 91 21 33 37 68 56 39 84 23 22 1 99 34 43 92 53 80 4 0,99
PFG_MOEA,941,3,205.55,1025.13,0 66 94 3 36 54 70 72 67 32 49 51 45 24 0,
PFG_MOEA,941,4,205.55,1025.13,0 77 58 82 86 62 48 50 25 2 12 73 14 11 83 96 59 26 89 10 0,12 26 83
PFG_MOEA,941,5,205.55,1025.13,0 44 38 47 69 28 46 7 75 97 61 60 52 87 6 65 90 29 5 79 0,
PFG_MOEA,941,6,205.55,1025.13,0 13 27 8 100 93 9 55 76 42 0,76
PFG_MOEA,942,1,353.71,825.55,0 66 94 49 51 45 24 0,
PFG_MOEA,942,2,353.71,825.55,0 2 25 50 48 62 77 58 82 86 67 72 70 54 36 3 32 79 5 29 90 65 6 87 52 60 61 55 9 42 76 81 93 100 8 7 46 28 69 47 38 44 59 89 10 26 96 83 11 14 73 12 27 13 0,32 42 44
PFG_MOEA,942,3,353.71,825.55,0 57 95 41 0,
PFG_MOEA,942,4,353.71,825.55,0 97 75 98 85 88 63 74 78 64 30 15 71 35 31 17 40 16 18 19 20 91 21 33 37 68 56 39 84 23 22 1 34 43 92 0,64
PFG_MOEA,942,5,353.71,825.55,0 99 0,
PFG_MOEA,942,6,353.71,825.55,0 4 80 53 0,
PFG_MOEA,943,1,207.02,1012.48,0 50 48 62 21 33 37 68 56 39 3 36 54 66 53 80 4 24 0,
PFG_MOEA,943,2,207.02,1012.48,0 45 94 49 32 51 79 5 29 90 65 6 87 52 60 61 55 9 42 76 81 93 100 8 0,5 32 76
PFG_MOEA,943,3,207.02,1012.48,0 7 46 28 69 47 38 44 59 89 10 26 96 83 11 14 73 12 0,
PFG_MOEA,943,4,207.02,1012.48,0 97 75 98 85 88 63 74 78 64 30 15 41 57 95 27 13 0,
PFG_MOEA,943,5,207.02,1012.48,0 17 31 35 71 40 16 18 19 20 91 25 2 0,
PFG_MOEA,943,6,207.02,1012.48,0 92 43 34 99 1 84 23 22 70 72 67 86 82 58 77 0,
PFG_MOEA,944,1,207.74,922.35,0 76 42 57 95 41 98 85 88 63 74 78 64 30 15 71 35 31 17 40 16 18 0,18 42 63 98
PFG_MOEA,944,2,207.74,922.35,0 19 91 21 33 37 68 56 39 84 23 22 1 99 34 43 92 53 4 0,
PFG_MOEA,944,3,207.74,922.35,0 80 66 0,
PFG_MOEA,944,4,207.74,922.35,0 24 51 45 94 49 32 36 54 70 72 67 82 86 3 58 77 62 48 50 25 20 0,67
PFG_MOEA,944,5,207.74,922.35,0 2 13 27 12 73 14 11 83 96 26 10 89 59 44 38 47 69 28 46 7 75 97 0,2 11 69
PFG_MOEA,944,6,207.74,922.35,0 79 90 65 6 87 52 5 29 60 61 93 55 9 81 100 8 0,5
PFG_MOEA,945,1,201.36,1069.24,0 27 12 73 14 11 83 96 26 10 89 59 44 38 47 69 28 46 0,83
PFG_MOEA,945,2,201.36,1069.24,0 7 30 15 71 35 40 16 18 19 31 17 20 91 0,31
PFG_MOEA,945,3,201.36,1069.24,0 25 2 99 34 43 92 1 84 23 22 70 72 67 86 82 58 77 50 0,
PFG_MOEA,945,4,201.36,1069.24,0 4 80 53 66 54 36 3 39 56 68 37 33 21 62 48 0,36 62
PFG_MOEA,945,5,201.36,1069.24,0 24 45 94 49 32 51 79 5 29 90 65 6 87 52 60 61 97 0,
PFG_MOEA,945,6,201.36,1069.24,0 42 76 9 55 75 81 93 100 8 57 95 41 98 85 88 63 74 78 64 13 0,42 88
PFG_MOEA,946,1,235.98,829.78,0 20 91 21 33 37 68 56 39 84 23 22 1 34 43 92 0,34
PFG_MOEA,946,2,235.98,829.78,0 99 0,99
PFG_MOEA,946,3,235.98,829.78,0 4 80 53 66 94 45 24 51 49 32 3 36 54 70 72 67 86 82 58 77 62 48 50 25 2 0,
PFG_MOEA,946,4,235.98,829.78,0 12 73 14 11 83 96 26 10 89 59 44 38 47 69 28 46 7 0,26
PFG_MOEA,946,5,235.98,829.78,0 79 5 29 90 65 6 87 52 60 61 97 75 13 27 0,
PFG_MOEA,946,6,235.98,829.78,0 8 100 93 9 55 76 42 81 57 95 41 98 85 88 63 74 78 64 30 15 71 35 31 17 40 16 18 19 0,42 64
PFG_MOEA,947,1,199.67,1096.55,0 5 29 90 65 6 87 52 60 61 97 75 7 14 73 12 99 2 25 50 48 0,6 52
PFG_MOEA,947,2,199.67,1096.55,0 24 79 51 45 94 49 32 36 54 70 72 67 86 82 3 62 0,
PFG_MOEA,947,3,199.67,1096.55,0 4 80 53 66 58 77 46 28 69 47 38 44 59 89 10 26 96 0,69
PFG_MOEA,947,4,199.67,1096.55,0 8 100 93 81 55 9 76 42 83 11 98 41 95 57 0,
PFG_MOEA,947,5,199.67,1096.55,0 20 91 21 33 37 18 16 40 35 71 15 30 64 78 74 63 88 85 0,63
PFG_MOEA,947,6,199.67,1096.55,0 92 43 34 1 22 23 84 39 56 68 19 17 31 27 13 0,31
PFG_MOEA,948,1,218.48,880.23,0 98 85 88 63 74 78 64 30 15 71 35 40 16 18 19 31 17 20 91 34 43 48 0,43 98
PFG_MOEA,948,2,218.48,880.23,0 50 92 21 33 37 68 56 39 84 23 22 1 99 2 25 0,99
PFG_MOEA,948,3,218.48,880.23,0 4 80 53 66 94 49 51 45 24 79 32 3 36 54 70 72 67 86 82 58 77 62 0,
PFG_MOEA,948,4,218.48,880.23,0 93 9 100 8 7 46 0,
PFG_MOEA,948,5,218.48,880.23,0 28 69 47 38 44 59 26 10 89 96 83 11 14 73 0,26
PFG_MOEA,948,6,218.48,880.23,0 5 29 90 65 6 87 52 60 61 97 75 55 76 42 81 57 95 41 12 27 13 0,29 42
PFG_MOEA,949,1,198.33,1121.84,0 13 27 12 41 95 78 64 30 15 71 35 40 16 18 19 31 17 20 91 0,
PFG_MOEA,949,2,198.33,1121.84,0 50 48 92 22 23 84 39 56 68 37 33 21 34 43 0,
PFG_MOEA,949,3,198.33,1121.84,0 4 80 53 66 94 49 51 45 24 79 32 54 36 3 1 99 2 25 0,2
PFG_MOEA,949,4,198.33,1121.84,0 62 77 58 82 86 67 72 70 93 9 100 8 7 46 28 69 47 0,58 93
PFG_MOEA,949,5,198.33,1121.84,0 73 98 85 88 63 74 14 11 83 96 44 38 59 26 10 89 5 29 90 0,11 26 63 98
PFG_MOEA,949,6,198.33,1121.84,0 65 6 87 52 60 61 97 75 55 76 42 81 57 0,
PFG_MOEA,950,1,205.55,1025.13,0 81 57 95 41 15 30 64 78 74 63 88 85 98 71 35 40 16 18 19 17 31 0,78
PFG_MOEA,950,2,205.55,1025.13,0 20 91 21 33 37 68 56 39 84 23 22 1 99 34 43 92 53 80 4 0,99
PFG_MOEA,950,3,205.55,1025.13,0 66 94 3 36 54 70 72 67 32 49 51 45 24 0,
PFG_MOEA,950,4,205.55,1025.13,0 77 58 82 86 62 48 50 25 2 12 73 14 11 83 96 59 26 89 10 0,12 26 83
PFG_MOEA,950,5,205.55,1025.13,0 44 38 47 69 28 46 7 75 97 61 60 52 87 6 65 90 29 5 79 0,
PFG_MOEA,950,6,205.55,1025.13,0 13 27 8 100 93 9 55 76 42 0,76
PFG_MOEA,951,1,353.71,825.55,0 66 94 49 51 45 24 0,
PFG_MOEA,951,2,353.71,825.55,0 2 25 50 48 62 77 58 82 86 67 72 70 54 36 3 32 79 5 29 90 65 6 87 52 60 61 55 9 42 76 81 93 100 8 7 46 28 69 47 38 44 59 89 10 26 96 83 11 14 73 12 27 13 0,32 42 44
PFG_MOEA,951,3,353.71,825.55,0 57 95 41 0,
PFG_MOEA,951,4,353.71,825.55,0 97 75 98 85 88 63 74 78 64 30 15 71 35 31 17 40 16 18 19 20 91 21 33 37 68 56 39 84 23 22 1 34 43 92 0,64
PFG_MOEA,951,5,353.71,825.55,0 99 0,
PFG_MOEA,951,6,353.71,825.55,0 4 80 53 0,
PFG_MOEA,952,1,207.02,1012.48,0 50 48 62 21 33 37 68 56 39 3 36 54 66 53 80 4 24 0,
PFG_MOEA,952,2,207.02,1012.48,0 45 94 49 32 51 79 5 29 90 65 6 87 52 60 61 55 9 42 76 81 93 100 8 0,5 32 76
PFG_MOEA,952,3,207.02,1012.48,0 7 46 28 69 47 38 44 59 89 10 26 96 83 11 14 73 12 0,
PFG_MOEA,952,4,207.02,1012.48,0 97 75 98 85 88 63 74 78 64 30 15 41 57 95 27 13 0,
PFG_MOEA,952,5,207.02,1012.48,0 17 31 35 71 40 16 18 19 20 91 25 2 0,
PFG_MOEA,952,6,207.02,1012.48,0 92 43 34 99 1 84 23 22 70 72 67 86 82 58 77 0,
PFG_MOEA,953,1,207.74,922.35,0 76 42 57 95 41 98 85 88 63 74 78 64 30 15 71 35 31 17 40 16 18 0,18 42 63 98
PFG_MOEA,953,2,207.74,922.35,0 19 91 21 33 37 68 56 39 84 23 22 1 99 34 43 92 53 4 0,
PFG_MOEA,953,3,207.74,922.35,0 80 66 0,
PFG_MOEA,953,4,207.74,922.35,0 24 51 45 94 49 32 36 54 70 72 67 82 86 3 58 77 62 48 50 25 20 0,67
PFG_MOEA,953,5,207.74,922.35,0 2 13 27 12 73 14 11 83 96 26 10 89 59 44 38 47 69 28 46 7 75 97 0,2 11 69
PFG_MOEA,953,6,207.74,922.35,0 79 90 65 6 87 52 5 29 60 61 93 55 9 81 100 8 0,5
PFG_MOEA,954,1,201.36,1069.24,0 27 12 73 14 11 83 96 26 10 89 59 44 38 47 69 28 46 0,83
PFG_MOEA,954,2,201.36,1069.24,0 7 30 15 71 35 40 16 18 19 31 17 20 91 0,31
PFG_MOEA,954,3,201.36,1069.24,0 25 2 99 34 43 92 1 84 23 22 70 72 67 86 82 58 77 50 0,
PFG_MOEA,954,4,201.36,1069.24,0 4 80 53 66 54 36 3 39 56 68 37 33 21 62 48 0,36 62
PFG_MOEA,954,5,201.36,1069.24,0 24 45 94 49 32 51 79 5 29 90 65 6 87 52 60 61 97 0,
PFG_MOEA,954,6,201.36,1069.24,0 42 76 9 55 75 81 93 100 8 57 95 41 98 85 88 63 74 78 64 13 0,42 88
PFG_MOEA,955,1,235.98,829.78,0 20 91 21 33 37 68 56 39 84 23 22 1 34 43 92 0,34
PFG_MOEA,955,2,235.98,829.78,0 99 0,99
PFG_MOEA,955,3,235.98,829.78,0 4 80 53 66 94 45 24 51 49 32 3 36 54 70 72 67 86 82 58 77 62 48 50 25 2 0,
PFG_MOEA,955,4,235.98,829.78,0 12 73 14 11 83 96 26 10 89 59 44 38 47 69 28 46 7 0,26
PFG_MOEA,955,5,235.98,829.78,0 79 5 29 90 65 6 87 52 60 61 97 75 13 27 0,
PFG_MOEA,955,6,235.98,829.78,0 8 100 93 9 55 76 42 81 57 95 41 98 85 88 63 74 78 64 30 15 71 35 31 17 40 16 18 19 0,42 64
PFG_MOEA,956,1,199.67,1096.55,0 5 29 90 65 6 87 52 60 61 97 75 7 14 73 12 99 2 25 50 48 0,6 52
PFG_MOEA,956,2,199.67,1096.55,0 24 79 51 45 94 49 32 36 54 70 72 67 86 82 3 62 0,
PFG_MOEA,956,3,199.67,1096.55,0 4 80 53 66 58 77 46 28 69 47 38 44 59 89 10 26 96 0,69
PFG_MOEA,956,4,199.67,1096.55,0 8 100 93 81 55 9 76 42 83 11 98 41 95 57 0,
PFG_MOEA,956,5,199.67,1096.55,0 20 91 21 33 37 18 16 40 35 71 15 30 64 78 74 63 88 85 0,63
PFG_MOEA,956,6,199.67,1096.55,0 92 43 34 1 22 23 84 39 56 68 19 17 31 27 13 0,31
PFG_MOEA,957,1,218.48,880.23,0 98 85 88 63 74 78 64 30 15 71 35 40 16 18 19 31 17 20 91 34 43 48 0,43 98
PFG_MOEA,957,2,218.48,880.23,0 50 92 21 33 37 68 56 39 84 23 22 1 99 2 25 0,99
PFG_MOEA,957,3,218.48,880.23,0 4 80 53 66 94 49 51 45 24 79 32 3 36 54 70 72 67 86 82 58 77 62 0,
PFG_MOEA,957,4,218.48,880.23,0 93 9 100 8 7 46 0,
PFG_MOEA,957,5,218.48,880.23,0 28 69 47 38 44 59 26 10 89 96 83 11 14 73 0,26
PFG_MOEA,957,6,218.48,880.23,0 5 29 90 65 6 87 52 60 61 97 75 55 76 42 81 57 95 41 12 27 13 0,29 42
PFG_MOEA,958,1,198.33,1121.84,0 13 27 12 41 95 78 64 30 15 71 35 40 16 18 19 31 17 20 91 0,
PFG_MOEA,958,2,198.33,1121.84,0 50 48 92 22 23 84 39 56 68 37 33 21 34 43 0,
PFG_MOEA,958,3,198.33,1121.84,0 4 80 53 66 94 49 51 45 24 79 32 54 36 3 1 99 2 25 0,2
PFG_MOEA,958,4,198.33,1121.84,0 62 77 58 82 86 67 72 70 93 9 100 8 7 46 28 69 47 0,58 93
PFG_MOEA,958,5,198.33,1121.84,0 73 98 85 88 63 74 14 11 83 96 44 38 59 26 10 89 5 29 90 0,11 26 63 98
PFG_MOEA,958,6,198.33,1121.84,0 65 6 87 52 60 61 97 75 55 76 42 81 57 0,
PFG_MOEA,959,1,205.55,1025.13,0 81 57 95 41 15 30 64 78 74 63 88 85 98 71 35 40 16 18 19 17 31 0,78
PFG_MOEA,959,2,205.55,1025.13,0 20 91 21 33 37 68 56 39 84 23 22 1 99 34 43 92 53 80 4 0,99
PFG_MOEA,959,3,205.55,1025.13,0 66 94 3 36 54 70 72 67 32 49 51 45 24 0,
PFG_MOEA,959,4,205.55,1025.13,0 77 58 82 86 62 48 50 25 2 12 73 14 11 83 96 59 26 89 10 0,12 26 83
PFG_MOEA,959,5,205.55,1025.13,0 44 38 47 69 28 46 7 75 97 61 60 52 87 6 65 90 29 5 79 0,
PFG_MOEA,959,6,205.55,1025.13,0 13 27 8 100 93 9 55 76 42 0,76
PFG_MOEA,960,1,353.71,825.55,0 66 94 49 51 45 24 0,
PFG_MOEA,960,2,353.71,825.55,0 2 25 50 48 62 77 58 82 86 67 72 70 54 36 3 32 79 5 29 90 65 6 87 52 60 61 55 9 42 76 81 93 100 8 7 46 28 69 47 38 44 59 89 10 26 96 83 11 14 73 12 27 13 0,32 42 44
PFG_MOEA,960,3,353.71,825.55,0 57 95 41 0,
PFG_MOEA,960,4,353.71,825.55,0 97 75 98 85 88 63 74 78 64 30 15 71 35 31 17 40 16 18 19 20 91 21 33 37 68 56 39 84 23 22 1 34 43 92 0,64
PFG_MOEA,960,5,353.71,825.55,0 99 0,
PFG_MOEA,960,6,353.71,825.55,0 4 80 53 0,
PFG_MOEA,961,1,207.02,1012.48,0 50 48 62 21 33 37 68 56 39 3 36 54 66 53 80 4 24 0,
PFG_MOEA,961,2,207.02,1012.48,0 45 94 49 32 51 79 5 29 90 65 6 87 52 60 61 55 9 42 76 81 93 100 8 0,5 32 76
PFG_MOEA,961,3,207.02,1012.48,0 7 46 28 69 47 38 44 59 89 10 26 96 83 11 14 73 12 0,
PFG_MOEA,961,4,207.02,1012.48,0 97 75 98 85 88 63 74 78 64 30 15 41 57 95 27 13 0,
PFG_MOEA,961,5,207.02,1012.48,0 17 31 35 71 40 16 18 19 20 91 25 2 0,
PFG_MOEA,961,6,207.02,1012.48,0 92 43 34 99 1 84 23 22 70 72 67 86 82 58 77 0,
PFG_MOEA,962,1,207.74,922.35,0 76 42 57 95 41 98 85 88 63 74 78 64 30 15 71 35 31 17 40 16 18 0,18 42 63 98
PFG_MOEA,962,2,207.74,922.35,0 19 91 21 33 37 68 56 39 84 23 22 1 99 34 43 92 53 4 0,
PFG_MOEA,962,3,207.74,922.35,0 80 66 0,
PFG_MOEA,962,4,207.74,922.35,0 24 51 45 94 49 32 36 54 70 72 67 82 86 3 58 77 62 48 50 25 20 0,67
PFG_MOEA,962,5,207.74,922.35,0 2 13 27 12 73 14 11 83 96 26 10 89 59 44 38 47 69 28 46 7 75 97 0,2 11 69
PFG_MOEA,962,6,207.74,922.35,0 79 90 65 6 87 52 5 29 60 61 93 55 9 81 100 8 0,5
PFG_MOEA,963,1,201.36,1069.24,0 27 12 73 14 11 83 96 26 10 89 59 44 38 47 69 28 46 0,83
PFG_MOEA,963,2,201.36,1069.24,0 7 30 15 71 35 40 16 18 19 31 17 20 91 0,31
PFG_MOEA,963,3,201.36,1069.24,0 25 2 99 34 43 92 1 84 23 22 70 72 67 86 82 58 77 50 0,
PFG_MOEA,963,4,201.36,1069.24,0 4 80 53 66 54 36 3 39 56 68 37 33 21 62 48 0,36 62
PFG_MOEA,963,5,201.36,1069.24,0 24 45 94 49 32 51 79 5 29 90 65 6 87 52 60 61 97 0,
PFG_MOEA,963,6,201.36,1069.24,0 42 76 9 55 75 81 93 100 8 57 95 41 98 85 88 63 74 78 64 13 0,42 88
PFG_MOEA,964,1,235.98,829.78,0 20 91 21 33 37 68 56 39 84 23 22 1 34 43 92 0,34
PFG_MOEA,964,2,235.98,829.78,0 99 0,99
PFG_MOEA,964,3,235.98,829.78,0 4 80 53 66 94 45 24 51 49 32 3 36 54 70 72 67 86 82 58 77 62 48 50 25 2 0,
PFG_MOEA,964,4,235.98,829.78,0 12 73 14 11 83 96 26 10 89 59 44 38 47 69 28 46 7 0,26
PFG_MOEA,964,5,235.98,829.78,0 79 5 29 90 65 6 87 52 60 61 97 75 13 27 0,
PFG_MOEA,964,6,235.98,829.78,0 8 100 93 9 55 76 42 81 57 95 41 98 85 88 63 74 78 64 30 15 71 35 31 17 40 16 18 19 0,42 64
PFG_MOEA,965,1,199.67,1096.55,0 5 29 90 65 6 87 52 60 61 97 75 7 14 73 12 99 2 25 50 48 0,6 52
PFG_MOEA,965,2,199.67,1096.55,0 24 79 51 45 94 49 32 36 54 70 72 67 86 82 3 62 0,
PFG_MOEA,965,3,199.67,1096.55,0 4 80 53 66 58 77 46 28 69 47 38 44 59 89 10 26 96 0,69
PFG_MOEA,965,4,199.67,1096.55,0 8 100 93 81 55 9 76 42 83 11 98 41 95 57 0,
PFG_MOEA,965,5,199.67,1096.55,0 20 91 21 33 37 18 16 40 35 71 15 30 64 78 74 63 88 85 0,63
PFG_MOEA,965,6,199.67,1096.55,0 92 43 34 1 22 23 84 39 56 68 19 17 31 27 13 0,31
PFG_MOEA,966,1,218.48,880.23,0 98 85 88 63 74 78 64 30 15 71 35 40 16 18 19 31 17 20 91 34 43 48 0,43 98
PFG_MOEA,966,2,218.48,880.23,0 50 92 21 33 37 68 56 39 84 23 22 1 99 2 25 0,99
PFG_MOEA,966,3,218.48,880.23,0 4 80 53 66 94 49 51 45 24 79 32 3 36 54 70 72 67 86 82 58 77 62 0,
PFG_MOEA,966,4,218.48,880.23,0 93 9 100 8 7 46 0,
PFG_MOEA,966,5,218.48,880.23,0 28 69 47 38 44 59 26 10 89 96 83 11 14 73 0,26
PFG_MOEA,966,6,218.48,880.23,0 5 29 90 65 6 87 52 60 61 97 75 55 76 42 81 57 95 41 12 27 13 0,29 42
PFG_MOEA,967,1,198.33,1121.84,0 13 27 12 41 95 78 64 30 15 71 35 40 16 18 19 31 17 20 91 0,
PFG_MOEA,967,2,198.33,1121.84,0 50 48 92 22 23 84 39 56 68 37 33 21 34 43 0,
PFG_MOEA,967,3,198.33,1121.84,0 4 80 53 66 94 49 51 45 24 79 32 54 36 3 1 99 2 25 0,2
PFG_MOEA,967,4,198.33,1121.84,0 62 77 58 82 86 67 72 70 93 9 100 8 7 46 28 69 47 0,58 93
PFG_MOEA,967,5,198.33,1121.84,0 73 98 85 88 63 74 14 11 83 96 44 38 59 26 10 89 5 29 90 0,11 26 63 98
PFG_MOEA,967,6,198.33,1121.84,0 65 6 87 52 60 61 97 75 55 76 42 81 57 0,
PFG_MOEA,968,1,205.55,1025.13,0 81 57 95 41 15 30 64 78 74 63 88 85 98 71 35 40 16 18 19 17 31 0,78
PFG_MOEA,968,2,205.55,1025.13,0 20 91 21 33 37 68 56 39 84 23 22 1 99 34 43 92 53 80 4 0,99
PFG_MOEA,968,3,205.55,1025.13,0 66 94 3 36 54 70 72 67 32 49 51 45 24 0,
PFG_MOEA,968,4,205.55,1025.13,0 77 58 82 86 62 48 50 25 2 12 73 14 11 83 96 59 26 89 10 0,12 26 83
PFG_MOEA,968,5,205.55,1025.13,0 44 38 47 69 28 46 7 75 97 61 60 52 87 6 65 90 29 5 79 0,
PFG_MOEA,968,6,205.55,1025.13,0 13 27 8 100 93 9 55 76 42 0,76
PFG_MOEA,969,1,353.71,825.55,0 66 94 49 51 45 24 0,
PFG_MOEA,969,2,353.71,825.55,0 2 25 50 48 62 77 58 82 86 67 72 70 54 36 3 32 79 5 29 90 65 6 87 52 60 61 55 9 42 76 81 93 100 8 7 46 28 69 47 38 44 59 89 10 26 96 83 11 14 73 12 27 13 0,32 42 44
PFG_MOEA,969,3,353.71,825.55,0 57 95 41 0,
PFG_MOEA,969,4,353.71,825.55,0 97 75 98 85 88 63 74 78 64 30 15 71 35 31 17 40 16 18 19 20 91 21 33 37 68 56 39 84 23 22 1 34 43 92 0,64
PFG_MOEA,969,5,353.71,825.55,0 99 0,
PFG_MOEA,969,6,353.71,825.55,0 4 80 53 0,
PFG_MOEA,970,1,207.02,1012.48,0 50 48 62 21 33 37 68 56 39 3 36 54 66 53 80 4 24 0,
PFG_MOEA,970,2,207.02,1012.48,0 45 94 49 32 51 79 5 29 90 65 6 87 52 60 61 55 9 42 76 81 93 100 8 0,5 32 76
PFG_MOEA,970,3,207.02,1012.48,0 7 46 28 69 47 38 44 59 89 10 26 96 83 11 14 73 12 0,
PFG_MOEA,970,4,207.02,1012.48,0 97 75 98 85 88 63 74 78 64 30 15 41 57 95 27 13 0,
PFG_MOEA,970,5,207.02,1012.48,0 17 31 35 71 40 16 18 19 20 91 25 2 0,
PFG_MOEA,970,6,207.02,1012.48,0 92 43 34 99 1 84 23 22 70 72 67 86 82 58 77 0,
PFG_MOEA,971,1,207.74,922.35,0 76 42 57 95 41 98 85 88 63 74 78 64 30 15 71 35 31 17 40 16 18 0,18 42 63 98
PFG_MOEA,971,2,207.74,922.35,0 19 91 21 33 37 68 56 39 84 23 22 1 99 34 43 92 53 4 0,
PFG_MOEA,971,3,207.74,922.35,0 80 66 0,
PFG_MOEA,971,4,207.74,922.35,0 24 51 45 94 49 32 36 54 70 72 67 82 86 3 58 77 62 48 50 25 20 0,67
PFG_MOEA,971,5,207.74,922.35,0 2 13 27 12 73 14 11 83 96 26 10 89 59 44 38 47 69 28 46 7 75 97 0,2 11 69
PFG_MOEA,971,6,207.74,922.35,0 79 90 65 6 87 52 5 29 60 61 93 55 9 81 100 8 0,5
PFG_MOEA,972,1,201.36,1069.24,0 27 12 73 14 11 83 96 26 10 89 59 44 38 47 69 28 46 0,83
PFG_MOEA,972,2,201.36,1069.24,0 7 30 15 71 35 40 16 18 19 31 17 20 91 0,31
PFG_MOEA,972,3,201.36,1069.24,0 25 2 99 34 43 92 1 84 23 22 70 72 67 86 82 58 77 50 0,
PFG_MOEA,972,4,201.36,1069.24,0 4 80 53 66 54 36 3 39 56 68 37 33 21 62 48 0,36 62
PFG_MOEA,972,5,201.36,1069.24,0 24 45 94 49 32 51 79 5 29 90 65 6 87 52 60 61 97 0,
PFG_MOEA,972,6,201.36,1069.24,0 42 76 9 55 75 81 93 100 8 57 95 41 98 85 88 63 74 78 64 13 0,42 88
PFG_MOEA,973,1,235.98,829.78,0 20 91 21 33 37 68 56 39 84 23 22 1 34 43 92 0,34
PFG_MOEA,973,2,235.98,829.78,0 99 0,99
PFG_MOEA,973,3,235.98,829.78,0 4 80 53 66 94 45 24 51 49 32 3 36 54 70 72 67 86 82 58 77 62 48 50 25 2 0,
PFG_MOEA,973,4,235.98,829.78,0 12 73 14 11 83 96 26 10 89 59 44 38 47 69 28 46 7 0,26
PFG_MOEA,973,5,235.98,829.78,0 79 5 29 90 65 6 87 52 60 61 97 75 13 27 0,
PFG_MOEA,973,6,235.98,829.78,0 8 100 93 9 55 76 42 81 57 95 41 98 85 88 63 74 78 64 30 15 71 35 31 17 40 16 18 19 0,42 64
PFG_MOEA,974,1,199.67,1096.55,0 5 29 90 65 6 87 52 60 61 97 75 7 14 73 12 99 2 25 50 48 0,6 52
PFG_MOEA,974,2,199.67,1096.55,0 24 79 51 45 94 49 32 36 54 70 72 67 86 82 3 62 0,
PFG_MOEA,974,3,199.67,1096.55,0 4 80 53 66 58 77 46 28 69 47 38 44 59 89 10 26 96 0,69
PFG_MOEA,974,4,199.67,1096.55,0 8 100 93 81 55 9 76 42 83 11 98 41 95 57 0,
PFG_MOEA,974,5,199.67,1096.55,0 20 91 21 33 37 18 16 40 35 71 15 30 64 78 74 63 88 85 0,63
PFG_MOEA,974,6,199.67,1096.55,0 92 43 34 1 22 23 84 39 56 68 19 17 31 27 13 0,31
PFG_MOEA,975,1,218.48,880.23,0 98 85 88 63 74 78 64 30 15 71 35 40 16 18 19 31 17 20 91 34 43 48 0,43 98
PFG_MOEA,975,2,218.48,880.23,0 50 92 21 33 37 68 56 39 84 23 22 1 99 2 25 0,99
PFG_MOEA,975,3,218.48,880.23,0 4 80 53 66 94 49 51 45 24 79 32 3 36 54 70 72 67 86 82 58 77 62 0,
PFG_MOEA,975,4,218.48,880.23,0 93 9 100 8 7 46 0,
PFG_MOEA,975,5,218.48,880.23,0 28 69 47 38 44 59 26 10 89 96 83 11 14 73 0,26
PFG_MOEA,975,6,218.48,880.23,0 5 29 90 65 6 87 52 60 61 97 75 55 76 42 81 57 95 41 12 27 13 0,29 42
PFG_MOEA,976,1,198.33,1121.84,0 13 27 12 41 95 78 64 30 15 71 35 40 16 18 19 31 17 20 91 0,
PFG_MOEA,976,2,198.33,1121.84,0 50 48 92 22 23 84 39 56 68 37 33 21 34 43 0,
PFG_MOEA,976,3,198.33,1121.84,0 4 80 53 66 94 49 51 45 24 79 32 54 36 3 1 99 2 25 0,2
PFG_MOEA,976,4,198.33,1121.84,0 62 77 58 82 86 67 72 70 93 9 100 8 7 46 28 69 47 0,58 93
PFG_MOEA,976,5,198.33,1121.84,0 73 98 85 88 63 74 14 11 83 96 44 38 59 26 10 89 5 29 90 0,11 26 63 98
PFG_MOEA,976,6,198.33,1121.84,0 65 6 87 52 60 61 97 75 55 76 42 81 57 0,
PFG_MOEA,977,1,205.55,1025.13,0 81 57 95 41 15 30 64 78 74 63 88 85 98 71 35 40 16 18 19 17 31 0,78
PFG_MOEA,977,2,205.55,1025.13,0 20 91 21 33 37 68 56 39 84 23 22 1 99 34 43 92 53 80 4 0,99
PFG_MOEA,977,3,205.55,1025.13,0 66 94 3 36 54 70 72 67 32 49 51 45 24 0,
PFG_MOEA,977,4,205.55,1025.13,0 77 58 82 86 62 48 50 25 2 12 73 14 11 83 96 59 26 89 10 0,12 26 83
PFG_MOEA,977,5,205.55,1025.13,0 44 38 47 69 28 46 7 75 97 61 60 52 87 6 65 90 29 5 79 0,
PFG_MOEA,977,6,205.55,1025.13,0 13 27 8 100 93 9 55 76 42 0,76
PFG_MOEA,978,1,353.71,825.55,0 66 94 49 51 45 24 0,
PFG_MOEA,978,2,353.71,825.55,0 2 25 50 48 62 77 58 82 86 67 72 70 54 36 3 32 79 5 29 90 65 6 87 52 60 61 55 9 42 76 81 93 100 8 7 46 28 69 47 38 44 59 89 10 26 96 83 11 14 73 12 27 13 0,32 42 44
PFG_MOEA,978,3,353.71,825.55,0 57 95 41 0,
PFG_MOEA,978,4,353.71,825.55,0 97 75 98 85 88 63 74 78 64 30 15 71 35 31 17 40 16 18 19 20 91 21 33 37 68 56 39 84 23 22 1 34 43 92 0,64
PFG_MOEA,978,5,353.71,825.55,0 99 0,
PFG_MOEA,978,6,353.71,825.55,0 4 80 53 0,
PFG_MOEA,979,1,207.02,1012.48,0 50 48 62 21 33 37 68 56 39 3 36 54 66 53 80 4 24 0,
PFG_MOEA,979,2,207.02,1012.48,0 45 94 49 32 51 79 5 29 90 65 6 87 52 60 61 55 9 42 76 81 93 100 8 0,5 32 76
PFG_MOEA,979,3,207.02,1012.48,0 7 46 28 69 47 38 44 59 89 10 26 96 83 11 14 73 12 0,
PFG_MOEA,979,4,207.02,1012.48,0 97 75 98 85 88 63 74 78 64 30 15 41 57 95 27 13 0,
PFG_MOEA,979,5,207.02,1012.48,0 17 31 35 71 40 16 18 19 20 91 25 2 0,
PFG_MOEA,979,6,207.02,1012.48,0 92 43 34 99 1 84 23 22 70 72 67 86 82 58 77 0,
PFG_MOEA,980,1,207.74,922.35,0 76 42 57 95 41 98 85 88 63 74 78 64 30 15 71 35 31 17 40 16 18 0,18 42 63 98
PFG_MOEA,980,2,207.74,922.35,0 19 91 21 33 37 68 56 39 84 23 22 1 99 34 43 92 53 4 0,
PFG_MOEA,980,3,207.74,922.35,0 80 66 0,
PFG_MOEA,980,4,207.74,922.35,0 24 51 45 94 49 32 36 54 70 72 67 82 86 3 58 77 62 48 50 25 20 0,67
PFG_MOEA,980,5,207.74,922.35,0 2 13 27 12 73 14 11 83 96 26 10 89 59 44 38 47 69 28 46 7 75 97 0,2 11 69
PFG_MOEA,980,6,207.74,922.35,0 79 90 65 6 87 52 5 29 60 61 93 55 9 81 100 8 0,5
PFG_MOEA,981,1,201.36,1069.24,0 27 12 73 14 11 83 96 26 10 89 59 44 38 47 69 28 46 0,83
PFG_MOEA,981,2,201.36,1069.24,0 7 30 15 71 35 40 16 18 19 31 17 20 91 0,31
PFG_MOEA,981,3,201.36,1069.24,0 25 2 99 34 43 92 1 84 23 22 70 72 67 86 82 58 77 50 0,
PFG_MOEA,981,4,201.36,1069.24,0 4 80 53 66 54 36 3 39 56 68 37 33 21 62 48 0,36 62
PFG_MOEA,981,5,201.36,1069.24,0 24 45 94 49 32 51 79 5 29 90 65 6 87 52 60 61 97 0,
PFG_MOEA,981,6,201.36,1069.24,0 42 76 9 55 75 81 93 100 8 57 95 41 98 85 88 63 74 78 64 13 0,42 88
PFG_MOEA,982,1,235.98,829.78,0 20 91 21 33 37 68 56 39 84 23 22 1 34 43 92 0,34
PFG_MOEA,982,2,235.98,829.78,0 99 0,99
PFG_MOEA,982,3,235.98,829.78,0 4 80 53 66 94 45 24 51 49 32 3 36 54 70 72 67 86 82 58 77 62 48 50 25 2 0,
PFG_MOEA,982,4,235.98,829.78,0 12 73 14 11 83 96 26 10 89 59 44 38 47 69 28 46 7 0,26
PFG_MOEA,982,5,235.98,829.78,0 79 5 29 90 65 6 87 52 60 61 97 75 13 27 0,
PFG_MOEA,982,6,235.98,829.78,0 8 100 93 9 55 76 42 81 57 95 41 98 85 88 63 74 78 64 30 15 71 35 31 17 40 16 18 19 0,42 64
PFG_MOEA,983,1,199.67,1096.55,0 5 29 90 65 6 87 52 60 61 97 75 7 14 73 12 99 2 25 50 48 0,6 52
PFG_MOEA,983,2,199.67,1096.55,0 24 79 51 45 94 49 32 36 54 70 72 67 86 82 3 62 0,
PFG_MOEA,983,3,199.67,1096.55,0 4 80 53 66 58 77 46 28 69 47 38 44 59 89 10 26 96 0,69
PFG_MOEA,983,4,199.67,1096.55,0 8 100 93 81 55 9 76 42 83 11 98 41 95 57 0,
PFG_MOEA,983,5,199.67,1096.55,0 20 91 21 33 37 18 16 40 35 71 15 30 64 78 74 63 88 85 0,63
PFG_MOEA,983,6,199.67,1096.55,0 92 43 34 1 22 23 84 39 56 68 19 17 31 27 13 0,31
PFG_MOEA,984,1,218.48,880.23,0 98 85 88 63 74 78 64 30 15 71 35 40 16 18 19 31 17 20 91 34 43 48 0,43 98
PFG_MOEA,984,2,218.48,880.23,0 50 92 21 33 37 68 56 39 84 23 22 1 99 2 25 0,99
PFG_MOEA,984,3,218.48,880.23,0 4 80 53 66 94 49 51 45 24 79 32 3 36 54 70 72 67 86 82 58 77 62 0,
PFG_MOEA,984,4,218.48,880.23,0 93 9 100 8 7 46 0,
PFG_MOEA,984,5,218.48,880.23,0 28 69 47 38 44 59 26 10 89 96 83 11 14 73 0,26
PFG_MOEA,984,6,218.48,880.23,0 5 29 90 65 6 87 52 60 61 97 75 55 76 42 81 57 95 41 12 27 13 0,29 42
PFG_MOEA,985,1,198.33,1121.84,0 13 27 12 41 95 78 64 30 15 71 35 40 16 18 19 31 17 20 91 0,
PFG_MOEA,985,2,198.33,1121.84,0 50 48 92 22 23 84 39 56 68 37 33 21 34 43 0,
PFG_MOEA,985,3,198.33,1121.84,0 4 80 53 66 94 49 51 45 24 79 32 54 36 3 1 99 2 25 0,2
PFG_MOEA,985,4,198.33,1121.84,0 62 77 58 82 86 67 72 70 93 9 100 8 7 46 28 69 47 0,58 93
PFG_MOEA,985,5,198.33,1121.84,0 73 98 85 88 63 74 14 11 83 96 44 38 59 26 10 89 5 29 90 0,11 26 63 98
PFG_MOEA,985,6,198.33,1121.84,0 65 6 87 52 60 61 97 75 55 76 42 81 57 0,
PFG_MOEA,986,1,205.55,1025.13,0 81 57 95 41 15 30 64 78 74 63 88 85 98 71 35 40 16 18 19 17 31 0,78
PFG_MOEA,986,2,205.55,1025.13,0 20 91 21 33 37 68 56 39 84 23 22 1 99 34 43 92 53 80 4 0,99
PFG_MOEA,986,3,205.55,1025.13,0 66 94 3 36 54 70 72 67 32 49 51 45 24 0,
PFG_MOEA,986,4,205.55,1025.13,0 77 58 82 86 62 48 50 25 2 12 73 14 11 83 96 59 26 89 10 0,12 26 83
PFG_MOEA,986,5,205.55,1025.13,0 44 38 47 69 28 46 7 75 97 61 60 52 87 6 65 90 29 5 79 0,
PFG_MOEA,986,6,205.55,1025.13,0 13 27 8 100 93 9 55 76 42 0,76
PFG_MOEA,987,1,353.71,825.55,0 66 94 49 51 45 24 0,
PFG_MOEA,987,2,353.71,825.55,0 2 25 50 48 62 77 58 82 86 67 72 70 54 36 3 32 79 5 29 90 65 6 87 52 60 61 55 9 42 76 81 93 100 8 7 46 28 69 47 38 44 59 89 10 26 96 83 11 14 73 12 27 13 0,32 42 44
PFG_MOEA,987,3,353.71,825.55,0 57 95 41 0,
PFG_MOEA,987,4,353.71,825.55,0 97 75 98 85 88 63 74 78 64 30 15 71 35 31 17 40 16 18 19 20 91 21 33 37 68 56 39 84 23 22 1 34 43 92 0,64
PFG_MOEA,987,5,353.71,825.55,0 99 0,
PFG_MOEA,987,6,353.71,825.55,0 4 80 53 0,
PFG_MOEA,988,1,207.02,1012.48,0 50 48 62 21 33 37 68 56 39 3 36 54 66 53 80 4 24 0,
PFG_MOEA,988,2,207.02,1012.48,0 45 94 49 32 51 79 5 29 90 65 6 87 52 60 61 55 9 42 76 81 93 100 8 0,5 32 76
PFG_MOEA,988,3,207.02,1012.48,0 7 46 28 69 47 38 44 59 89 10 26 96 83 11 14 73 12 0,
PFG_MOEA,988,4,207.02,1012.48,0 97 75 98 85 88 63 74 78 64 30 15 41 57 95 27 13 0,
PFG_MOEA,988,5,207.02,1012.48,0 17 31 35 71 40 16 18 19 20 91 25 2 0,
PFG_MOEA,988,6,207.02,1012.48,0 92 43 34 99 1 84 23 22 70 72 67 86 82 58 77 0,
PFG_MOEA,989,1,207.74,922.35,0 76 42 57 95 41 98 85 88 63 74 78 64 30 15 71 35 31 17 40 16 18 0,18 42 63 98
PFG_MOEA,989,2,207.74,922.35,0 19 91 21 33 37 68 56 39 84 23 22 1 99 34 43 92 53 4 0,
PFG_MOEA,989,3,207.74,922.35,0 80 66 0,
PFG_MOEA,989,4,207.74,922.35,0 24 51 45 94 49 32 36 54 70 72 67 82 86 3 58 77 62 48 50 25 20 0,67
PFG_MOEA,989,5,207.74,922.35,0 2 13 27 12 73 14 11 83 96 26 10 89 59 44 38 47 69 28 46 7 75 97 0,2 11 69
PFG_MOEA,989,6,207.74,922.35,0 79 90 65 6 87 52 5 29 60 61 93 55 9 81 100 8 0,5
PFG_MOEA,990,1,201.36,1069.24,0 27 12 73 14 11 83 96 26 10 89 59 44 38 47 69 28 46 0,83
PFG_MOEA,990,2,201.36,1069.24,0 7 30 15 71 35 40 16 18 19 31 17 20 91 0,31
PFG_MOEA,990,3,201.36,1069.24,0 25 2 99 34 43 92 1 84 23 22 70 72 67 86 82 58 77 50 0,
PFG_MOEA,990,4,201.36,1069.24,0 4 80 53 66 54 36 3 39 56 68 37 33 21 62 48 0,36 62
PFG_MOEA,990,5,201.36,1069.24,0 24 45 94 49 32 51 79 5 29 90 65 6 87 52 60 61 97 0,
PFG_MOEA,990,6,201.36,1069.24,0 42 76 9 55 75 81 93 100 8 57 95 41 98 85 88 63 74 78 64 13 0,42 88
PFG_MOEA,991,1,235.98,829.78,0 20 91 21 33 37 68 56 39 84 23 22 1 34 43 92 0,34
PFG_MOEA,991,2,235.98,829.78,0 99 0,99
PFG_MOEA,991,3,235.98,829.78,0 4 80 53 66 94 45 24 51 49 32 3 36 54 70 72 67 86 82 58 77 62 48 50 25 2 0,
PFG_MOEA,991,4,235.98,829.78,0 12 73 14 11 83 96 26 10 89 59 44 38 47 69 28 46 7 0,26
PFG_MOEA,991,5,235.98,829.78,0 79 5 29 90 65 6 87 52 60 61 97 75 13 27 0,
PFG_MOEA,991,6,235.98,829.78,0 8 100 93 9 55 76 42 81 57 95 41 98 85 88 63 74 78 64 30 15 71 35 31 17 40 16 18 19 0,42 64
PFG_MOEA,992,1,199.67,1096.55,0 5 29 90 65 6 87 52 60 61 97 75 7 14 73 12 99 2 25 50 48 0,6 52
PFG_MOEA,992,2,199.67,1096.55,0 24 79 51 45 94 49 32 36 54 70 72 67 86 82 3 62 0,
PFG_MOEA,992,3,199.67,1096.55,0 4 80 53 66 58 77 46 28 69 47 38 44 59 89 10 26 96 0,69
PFG_MOEA,992,4,199.67,1096.55,0 8 100 93 81 55 9 76 42 83 11 98 41 95 57 0,
PFG_MOEA,992,5,199.67,1096.55,0 20 91 21 33 37 18 16 40 35 71 15 30 64 78 74 63 88 85 0,63
PFG_MOEA,992,6,199.67,1096.55,0 92 43 34 1 22 23 84 39 56 68 19 17 31 27 13 0,31
PFG_MOEA,993,1,218.48,880.23,0 98 85 88 63 74 78 64 30 15 71 35 40 16 18 19 31 17 20 91 34 43 48 0,43 98
PFG_MOEA,993,2,218.48,880.23,0 50 92 21 33 37 68 56 39 84 23 22 1 99 2 25 0,99
PFG_MOEA,993,3,218.48,880.23,0 4 80 53 66 94 49 51 45 24 79 32 3 36 54 70 72 67 86 82 58 77 62 0,
PFG_MOEA,993,4,218.48,880.23,0 93 9 100 8 7 46 0,
PFG_MOEA,993,5,218.48,880.23,0 28 69 47 38 44 59 26 10 89 96 83 11 14 73 0,26
PFG_MOEA,993,6,218.48,880.23,0 5 29 90 65 6 87 52 60 61 97 75 55 76 42 81 57 95 41 12 27 13 0,29 42
PFG_MOEA,994,1,198.33,1121.84,0 13 27 12 41 95 78 64 30 15 71 35 40 16 18 19 31 17 20 91 0,
PFG_MOEA,994,2,198.33,1121.84,0 50 48 92 22 23 84 39 56 68 37 33 21 34 43 0,
PFG_MOEA,994,3,198.33,1121.84,0 4 80 53 66 94 49 51 45 24 79 32 54 36 3 1 99 2 25 0,2
PFG_MOEA,994,4,198.33,1121.84,0 62 77 58 82 86 67 72 70 93 9 100 8 7 46 28 69 47 0,58 93
PFG_MOEA,994,5,198.33,1121.84,0 73 98 85 88 63 74 14 11 83 96 44 38 59 26 10 89 5 29 90 0,11 26 63 98
PFG_MOEA,994,6,198.33,1121.84,0 65 6 87 52 60 61 97 75 55 76 42 81 57 0,
PFG_MOEA,995,1,205.55,1025.13,0 81 57 95 41 15 30 64 78 74 63 88 85 98 71 35 40 16 18 19 17 31 0,78
PFG_MOEA,995,2,205.55,1025.13,0 20 91 21 33 37 68 56 39 84 23 22 1 99 34 43 92 53 80 4 0,99
PFG_MOEA,995,3,205.55,1025.13,0 66 94 3 36 54 70 72 67 32 49 51 45 24 0,
PFG_MOEA,995,4,205.55,1025.13,0 77 58 82 86 62 48 50 25 2 12 73 14 11 83 96 59 26 89 10 0,12 26 83
PFG_MOEA,995,5,205.55,1025.13,0 44 38 47 69 28 46 7 75 97 61 60 52 87 6 65 90 29 5 79 0,
PFG_MOEA,995,6,205.55,1025.13,0 13 27 8 100 93 9 55 76 42 0,76
PFG_MOEA,996,1,353.71,825.55,0 66 94 49 51 45 24 0,
PFG_MOEA,996,2,353.71,825.55,0 2 25 50 48 62 77 58 82 86 67 72 70 54 36 3 32 79 5 29 90 65 6 87 52 60 61 55 9 42 76 81 93 100 8 7 46 28 69 47 38 44 59 89 10 26 96 83 11 14 73 12 27 13 0,32 42 44
PFG_MOEA,996,3,353.71,825.55,0 57 95 41 0,
PFG_MOEA,996,4,353.71,825.55,0 97 75 98 85 88 63 74 78 64 30 15 71 35 31 17 40 16 18 19 20 91 21 33 37 68 56 39 84 23 22 1 34 43 92 0,64
PFG_MOEA,996,5,353.71,825.55,0 99 0,
PFG_MOEA,996,6,353.71,825.55,0 4 80 53 0,
PFG_MOEA,997,1,207.02,1012.48,0 50 48 62 21 33 37 68 56 39 3 36 54 66 53 80 4 24 0,
PFG_MOEA,997,2,207.02,1012.48,0 45 94 49 32 51 79 5 29 90 65 6 87 52 60 61 55 9 42 76 81 93 100 8 0,5 32 76
PFG_MOEA,997,3,207.02,1012.48,0 7 46 28 69 47 38 44 59 89 10 26 96 83 11 14 73 12 0,
PFG_MOEA,997,4,207.02,1012.48,0 97 75 98 85 88 63 74 78 64 30 15 41 57 95 27 13 0,
PFG_MOEA,997,5,207.02,1012.48,0 17 31 35 71 40 16 18 19 20 91 25 2 0,
PFG_MOEA,997,6,207.02,1012.48,0 92 43 34 99 1 84 23 22 70 72 67 86 82 58 77 0,
PFG_MOEA,998,1,207.74,922.35,0 76 42 57 95 41 98 85 88 63 74 78 64 30 15 71 35 31 17 40 16 18 0,18 42 63 98
PFG_MOEA,998,2,207.74,922.35,0 19 91 21 33 37 68 56 39 84 23 22 1 99 34 43 92 53 4 0,
PFG_MOEA,998,3,207.74,922.35,0 80 66 0,
PFG_MOEA,998,4,207.74,922.35,0 24 51 45 94 49 32 36 54 70 72 67 82 86 3 58 77 62 48 50 25 20 0,67
PFG_MOEA,998,5,207.74,922.35,0 2 13 27 12 73 14 11 83 96 26 10 89 59 44 38 47 69 28 46 7 75 97 0,2 11 69
PFG_MOEA,998,6,207.74,922.35,0 79 90 65 6 87 52 5 29 60 61 93 55 9 81 100 8 0,5
PFG_MOEA,999,1,201.36,1069.24,0 27 12 73 14 11 83 96 26 10 89 59 44 38 47 69 28 46 0,83
PFG_MOEA,999,2,201.36,1069.24,0 7 30 15 71 35 40 16 18 19 31 17 20 91 0,31
PFG_MOEA,999,3,201.36,1069.24,0 25 2 99 34 43 92 1 84 23 22 70 72 67 86 82 58 77 50 0,
PFG_MOEA,999,4,201.36,1069.24,0 4 80 53 66 54 36 3 39 56 68 37 33 21 62 48 0,36 62
PFG_MOEA,999,5,201.36,1069.24,0 24 45 94 49 32 51 79 5 29 90 65 6 87 52 60 61 97 0,
PFG_MOEA,999,6,201.36,1069.24,0 42 76 9 55 75 81 93 100 8 57 95 41 98 85 88 63 74 78 64 13 0,42 88
PFG_MOEA,1000,1,235.98,829.78,0 20 91 21 33 37 68 56 39 84 23 22 1 34 43 92 0,34
PFG_MOEA,1000,2,235.98,829.78,0 99 0,99
PFG_MOEA,1000,3,235.98,829.78,0 4 80 53 66 94 45 24 51 49 32 3 36 54 70 72 67 86 82 58 77 62 48 50 25 2 0,
PFG_MOEA,1000,4,235.98,829.78,0 12 73 14 11 83 96 26 10 89 59 44 38 47 69 28 46 7 0,26
PFG_MOEA,1000,5,235.98,829.78,0 79 5 29 90 65 6 87 52 60 61 97 75 13 27 0,
PFG_MOEA,1000,6,235.98,829.78,0 8 100 93 9 55 76 42 81 57 95 41 98 85 88 63 74 78 64 30 15 71 35 31 17 40 16 18 19 0,42 64
PFG_MOEA,1001,1,199.67,1096.55,0 5 29 90 65 6 87 52 60 61 97 75 7 14 73 12 99 2 25 50 48 0,6 52
PFG_MOEA,1001,2,199.67,1096.55,0 24 79 51 45 94 49 32 36 54 70 72 67 86 82 3 62 0,
PFG_MOEA,1001,3,199.67,1096.55,0 4 80 53 66 58 77 46 28 69 47 38 44 59 89 10 26 96 0,69
PFG_MOEA,1001,4,199.67,1096.55,0 8 100 93 81 55 9 76 42 83 11 98 41 95 57 0,
PFG_MOEA,1001,5,199.67,1096.55,0 20 91 21 33 37 18 16 40 35 71 15 30 64 78 74 63 88 85 0,63
PFG_MOEA,1001,6,199.67,1096.55,0 92 43 34 1 22 23 84 39 56 68 19 17 31 27 13 0,31
PFG_MOEA,1002,1,218.48,880.23,0 98 85 88 63 74 78 64 30 15 71 35 40 16 18 19 31 17 20 91 34 43 48 0,43 98
PFG_MOEA,1002,2,218.48,880.23,0 50 92 21 33 37 68 56 39 84 23 22 1 99 2 25 0,99
PFG_MOEA,1002,3,218.48,880.23,0 4 80 53 66 94 49 51 45 24 79 32 3 36 54 70 72 67 86 82 58 77 62 0,
PFG_MOEA,1002,4,218.48,880.23,0 93 9 100 8 7 46 0,
PFG_MOEA,1002,5,218.48,880.23,0 28 69 47 38 44 59 26 10 89 96 83 11 14 73 0,26
PFG_MOEA,1002,6,218.48,880.23,0 5 29 90 65 6 87 52 60 61 97 75 55 76 42 81 57 95 41 12 27 13 0,29 42
PFG_MOEA,1003,1,198.33,1121.84,0 13 27 12 41 95 78 64 30 15 71 35 40 16 18 19 31 17 20 91 0,
PFG_MOEA,1003,2,198.33,1121.84,0 50 48 92 22 23 84 39 56 68 37 33 21 34 43 0,
PFG_MOEA,1003,3,198.33,1121.84,0 4 80 53 66 94 49 51 45 24 79 32 54 36 3 1 99 2 25 0,2
PFG_MOEA,1003,4,198.33,1121.84,0 62 77 58 82 86 67 72 70 93 9 100 8 7 46 28 69 47 0,58 93
PFG_MOEA,1003,5,198.33,1121.84,0 73 98 85 88 63 74 14 11 83 96 44 38 59 26 10 89 5 29 90 0,11 26 63 98
PFG_MOEA,1003,6,198.33,1121.84,0 65 6 87 52 60 61 97 75 55 76 42 81 57 0,
PFG_MOEA,1004,1,205.55,1025.13,0 81 57 95 41 15 30 64 78 74 63 88 85 98 71 35 40 16 18 19 17 31 0,78
PFG_MOEA,1004,2,205.55,1025.13,0 20 91 21 33 37 68 56 39 84 23 22 1 99 34 43 92 53 80 4 0,99
PFG_MOEA,1004,3,205.55,1025.13,0 66 94 3 36 54 70 72 67 32 49 51 45 24 0,
PFG_MOEA,1004,4,205.55,1025.13,0 77 58 82 86 62 48 50 25 2 12 73 14 11 83 96 59 26 89 10 0,12 26 83
PFG_MOEA,1004,5,205.55,1025.13,0 44 38 47 69 28 46 7 75 97 61 60 52 87 6 65 90 29 5 79 0,
PFG_MOEA,1004,6,205.55,1025.13,0 13 27 8 100 93 9 55 76 42 0,76
PFG_MOEA,1005,1,353.71,825.55,0 66 94 49 51 45 24 0,
PFG_MOEA,1005,2,353.71,825.55,0 2 25 50 48 62 77 58 82 86 67 72 70 54 36 3 32 79 5 29 90 65 6 87 52 60 61 55 9 42 76 81 93 100 8 7 46 28 69 47 38 44 59 89 10 26 96 83 11 14 73 12 27 13 0,32 42 44
PFG_MOEA,1005,3,353.71,825.55,0 57 95 41 0,
PFG_MOEA,1005,4,353.71,825.55,0 97 75 98 85 88 63 74 78 64 30 15 71 35 31 17 40 16 18 19 20 91 21 33 37 68 56 39 84 23 22 1 34 43 92 0,64
PFG_MOEA,1005,5,353.71,825.55,0 99 0,
PFG_MOEA,1005,6,353.71,825.55,0 4 80 53 0,
PFG_MOEA,1006,1,207.02,1012.48,0 50 48 62 21 33 37 68 56 39 3 36 54 66 53 80 4 24 0,
PFG_MOEA,1006,2,207.02,1012.48,0 45 94 49 32 51 79 5 29 90 65 6 87 52 60 61 55 9 42 76 81 93 100 8 0,5 32 76
PFG_MOEA,1006,3,207.02,1012.48,0 7 46 28 69 47 38 44 59 89 10 26 96 83 11 14 73 12 0,
PFG_MOEA,1006,4,207.02,1012.48,0 97 75 98 85 88 63 74 78 64 30 15 41 57 95 27 13 0,
PFG_MOEA,1006,5,207.02,1012.48,0 17 31 35 71 40 16 18 19 20 91 25 2 0,
PFG_MOEA,1006,6,207.02,1012.48,0 92 43 34 99 1 84 23 22 70 72 67 86 82 58 77 0,
PFG_MOEA,1007,1,207.74,922.35,0 76 42 57 95 41 98 85 88 63 74 78 64 30 15 71 35 31 17 40 16 18 0,18 42 63 98
PFG_MOEA,1007,2,207.74,922.35,0 19 91 21 33 37 68 56 39 84 23 22 1 99 34 43 92 53 4 0,
PFG_MOEA,1007,3,207.74,922.35,0 80 66 0,
PFG_MOEA,1007,4,207.74,922.35,0 24 51 45 94 49 32 36 54 70 72 67 82 86 3 58 77 62 48 50 25 20 0,67
PFG_MOEA,1007,5,207.74,922.35,0 2 13 27 12 73 14 11 83 96 26 10 89 59 44 38 47 69 28 46 7 75 97 0,2 11 69
PFG_MOEA,1007,6,207.74,922.35,0 79 90 65 6 87 52 5 29 60 61 93 55 9 81 100 8 0,5
PFG_MOEA,1008,1,201.36,1069.24,0 27 12 73 14 11 83 96 26 10 89 59 44 38 47 69 28 46 0,83
PFG_MOEA,1008,2,201.36,1069.24,0 7 30 15 71 35 40 16 18 19 31 17 20 91 0,31
PFG_MOEA,1008,3,201.36,1069.24,0 25 2 99 34 43 92 1 84 23 22 70 72 67 86 82 58 77 50 0,
PFG_MOEA,1008,4,201.36,1069.24,0 4 80 53 66 54 36 3 39 56 68 37 33 21 62 48 0,36 62
PFG_MOEA,1008,5,201.36,1069.24,0 24 45 94 49 32 51 79 5 29 90 65 6 87 52 60 61 97 0,
PFG_MOEA,1008,6,201.36,1069.24,0 42 76 9 55 75 81 93 100 8 57 95 41 98 85 88 63 74 78 64 13 0,42 88
PFG_MOEA,1009,1,235.98,829.78,0 20 91 21 33 37 68 56 39 84 23 22 1 34 43 92 0,34
PFG_MOEA,1009,2,235.98,829.78,0 99 0,99
PFG_MOEA,1009,3,235.98,829.78,0 4 80 53 66 94 45 24 51 49 32 3 36 54 70 72 67 86 82 58 77 62 48 50 25 2 0,
PFG_MOEA,1009,4,235.98,829.78,0 12 73 14 11 83 96 26 10 89 59 44 38 47 69 28 46 7 0,26
PFG_MOEA,1009,5,235.98,829.78,0 79 5 29 90 65 6 87 52 60 61 97 75 13 27 0,
PFG_MOEA,1009,6,235.98,829.78,0 8 100 93 9 55 76 42 81 57 95 41 98 85 88 63 74 78 64 30 15 71 35 31 17 40 16 18 19 0,42 64
PFG_MOEA,1010,1,199.67,1096.55,0 5 29 90 65 6 87 52 60 61 97 75 7 14 73 12 99 2 25 50 48 0,6 52
PFG_MOEA,1010,2,199.67,1096.55,0 24 79 51 45 94 49 32 36 54 70 72 67 86 82 3 62 0,
PFG_MOEA,1010,3,199.67,1096.55,0 4 80 53 66 58 77 46 28 69 47 38 44 59 89 10 26 96 0,69
PFG_MOEA,1010,4,199.67,1096.55,0 8 100 93 81 55 9 76 42 83 11 98 41 95 57 0,
PFG_MOEA,1010,5,199.67,1096.55,0 20 91 21 33 37 18 16 40 35 71 15 30 64 78 74 63 88 85 0,63
PFG_MOEA,1010,6,199.67,1096.55,0 92 43 34 1 22 23 84 39 56 68 19 17 31 27 13 0,31
PFG_MOEA,1011,1,218.48,880.23,0 98 85 88 63 74 78 64 30 15 71 35 40 16 18 19 31 17 20 91 34 43 48 0,43 98
PFG_MOEA,1011,2,218.48,880.23,0 50 92 21 33 37 68 56 39 84 23 22 1 99 2 25 0,99
PFG_MOEA,1011,3,218.48,880.23,0 4 80 53 66 94 49 51 45 24 79 32 3 36 54 70 72 67 86 82 58 77 62 0,
PFG_MOEA,1011,4,218.48,880.23,0 93 9 100 8 7 46 0,
PFG_MOEA,1011,5,218.48,880.23,0 28 69 47 38 44 59 26 10 89 96 83 11 14 73 0,26
PFG_MOEA,1011,6,218.48,880.23,0 5 29 90 65 6 87 52 60 61 97 75 55 76 42 81 57 95 41 12 27 13 0,29 42
PFG_MOEA,1012,1,198.33,1121.84,0 13 27 12 41 95 78 64 30 15 71 35 40 16 18 19 31 17 20 91 0,
PFG_MOEA,1012,2,198.33,1121.84,0 50 48 92 22 23 84 39 56 68 37 33 21 34 43 0,
PFG_MOEA,1012,3,198.33,1121.84,0 4 80 53 66 94 49 51 45 24 79 32 54 36 3 1 99 2 25 0,2
PFG_MOEA,1012,4,198.33,1121.84,0 62 77 58 82 86 67 72 70 93 9 100 8 7 46 28 69 47 0,58 93
PFG_MOEA,1012,5,198.33,1121.84,0 73 98 85 88 63 74 14 11 83 96 44 38 59 26 10 89 5 29 90 0,11 26 63 98
PFG_MOEA,1012,6,198.33,1121.84,0 65 6 87 52 60 61 97 75 55 76 42 81 57 0,
PFG_MOEA,1013,1,205.55,1025.13,0 81 57 95 41 15 30 64 78 74 63 88 85 98 71 35 40 16 18 19 17 31 0,78
PFG_MOEA,1013,2,205.55,1025.13,0 20 91 21 33 37 68 56 39 84 23 22 1 99 34 43 92 53 80 4 0,99
PFG_MOEA,1013,3,205.55,1025.13,0 66 94 3 36 54 70 72 67 32 49 51 45 24 0,
PFG_MOEA,1013,4,205.55,1025.13,0 77 58 82 86 62 48 50 25 2 12 73 14 11 83 96 59 26 89 10 0,12 26 83
PFG_MOEA,1013,5,205.55,1025.13,0 44 38 47 69 28 46 7 75 97 61 60 52 87 6 65 90 29 5 79 0,
PFG_MOEA,1013,6,205.55,1025.13,0 13 27 8 100 93 9 55 76 42 0,76
PFG_MOEA,1014,1,353.71,825.55,0 66 94 49 51 45 24 0,
PFG_MOEA,1014,2,353.71,825.55,0 2 25 50 48 62 77 58 82 86 67 72 70 54 36 3 32 79 5 29 90 65 6 87 52 60 61 55 9 42 76 81 93 100 8 7 46 28 69 47 38 44 59 89 10 26 96 83 11 14 73 12 27 13 0,32 42 44
PFG_MOEA,1014,3,353.71,825.55,0 57 95 41 0,
PFG_MOEA,1014,4,353.71,825.55,0 97 75 98 85 88 63 74 78 64 30 15 71 35 31 17 40 16 18 19 20 91 21 33 37 68 56 39 84 23 22 1 34 43 92 0,64
PFG_MOEA,1014,5,353.71,825.55,0 99 0,
PFG_MOEA,1014,6,353.71,825.55,0 4 80 53 0,
PFG_MOEA,1015,1,207.02,1012.48,0 50 48 62 21 33 37 68 56 39 3 36 54 66 53 80 4 24 0,
PFG_MOEA,1015,2,207.02,1012.48,0 45 94 49 32 51 79 5 29 90 65 6 87 52 60 61 55 9 42 76 81 93 100 8 0,5 32 76
PFG_MOEA,1015,3,207.02,1012.48,0 7 46 28 69 47 38 44 59 89 10 26 96 83 11 14 73 12 0,
PFG_MOEA,1015,4,207.02,1012.48,0 97 75 98 85 88 63 74 78 64 30 15 41 57 95 27 13 0,
PFG_MOEA,1015,5,207.02,1012.48,0 17 31 35 71 40 16 18 19 20 91 25 2 0,
PFG_MOEA,1015,6,207.02,1012.48,0 92 43 34 99 1 84 23 22 70 72 67 86 82 58 77 0,
PFG_MOEA,1016,1,207.74,922.35,0 76 42 57 95 41 98 85 88 63 74 78 64 30 15 71 35 31 17 40 16 18 0,18 42 63 98
PFG_MOEA,1016,2,207.74,922.35,0 19 91 21 33 37 68 56 39 84 23 22 1 99 34 43 92 53 4 0,
PFG_MOEA,1016,3,207.74,922.35,0 80 66 0,
PFG_MOEA,1016,4,207.74,922.35,0 24 51 45 94 49 32 36 54 70 72 67 82 86 3 58 77 62 48 50 25 20 0,67
PFG_MOEA,1016,5,207.74,922.35,0 2 13 27 12 73 14 11 83 96 26 10 89 59 44 38 47 69 28 46 7 75 97 0,2 11 69
PFG_MOEA,1016,6,207.74,922.35,0 79 90 65 6 87 52 5 29 60 61 93 55 9 81 100 8 0,5
PFG_MOEA,1017,1,201.36,1069.24,0 27 12 73 14 11 83 96 26 10 89 59 44 38 47 69 28 46 0,83
PFG_MOEA,1017,2,201.36,1069.24,0 7 30 15 71 35 40 16 18 19 31 17 20 91 0,31
PFG_MOEA,1017,3,201.36,1069.24,0 25 2 99 34 43 92 1 84 23 22 70 72 67 86 82 58 77 50 0,
PFG_MOEA,1017,4,201.36,1069.24,0 4 80 53 66 54 36 3 39 56 68 37 33 21 62 48 0,36 62
PFG_MOEA,1017,5,201.36,1069.24,0 24 45 94 49 32 51 79 5 29 90 65 6 87 52 60 61 97 0,
PFG_MOEA,1017,6,201.36,1069.24,0 42 76 9 55 75 81 93 100 8 57 95 41 98 85 88 63 74 78 64 13 0,42 88
PFG_MOEA,1018,1,235.98,829.78,0 20 91 21 33 37 68 56 39 84 23 22 1 34 43 92 0,34
PFG_MOEA,1018,2,235.98,829.78,0 99 0,99
PFG_MOEA,1018,3,235.98,829.78,0 4 80 53 66 94 45 24 51 49 32 3 36 54 70 72 67 86 82 58 77 62 48 50 25 2 0,
PFG_MOEA,1018,4,235.98,829.78,0 12 73 14 11 83 96 26 10 89 59 44 38 47 69 28 46 7 0,26
PFG_MOEA,1018,5,235.98,829.78,0 79 5 29 90 65 6 87 52 60 61 97 75 13 27 0,
PFG_MOEA,1018,6,235.98,829.78,0 8 100 93 9 55 76 42 81 57 95 41 98 85 88 63 74 78 64 30 15 71 35 31 17 40 16 18 19 0,42 64
PFG_MOEA,1019,1,199.67,1096.55,0 5 29 90 65 6 87 52 60 61 97 75 7 14 73 12 99 2 25 50 48 0,6 52
PFG_MOEA,1019,2,199.67,1096.55,0 24 79 51 45 94 49 32 36 54 70 72 67 86 82 3 62 0,
PFG_MOEA,1019,3,199.67,1096.55,0 4 80 53 66 58 77 46 28 69 47 38 44 59 89 10 26 96 0,69
PFG_MOEA,1019,4,199.67,1096.55,0 8 100 93 81 55 9 76 42 83 11 98 41 95 57 0,
PFG_MOEA,1019,5,199.67,1096.55,0 20 91 21 33 37 18 16 40 35 71 15 30 64 78 74 63 88 85 0,63
PFG_MOEA,1019,6,199.67,1096.55,0 92 43 34 1 22 23 84 39 56 68 19 17 31 27 13 0,31
PFG_MOEA,1020,1,218.48,880.23,0 98 85 88 63 74 78 64 30 15 71 35 40 16 18 19 31 17 20 91 34 43 48 0,43 98
PFG_MOEA,1020,2,218.48,880.23,0 50 92 21 33 37 68 56 39 84 23 22 1 99 2 25 0,99
PFG_MOEA,1020,3,218.48,880.23,0 4 80 53 66 94 49 51 45 24 79 32 3 36 54 70 72 67 86 82 58 77 62 0,
PFG_MOEA,1020,4,218.48,880.23,0 93 9 100 8 7 46 0,
PFG_MOEA,1020,5,218.48,880.23,0 28 69 47 38 44 59 26 10 89 96 83 11 14 73 0,26
PFG_MOEA,1020,6,218.48,880.23,0 5 29 90 65 6 87 52 60 61 97 75 55 76 42 81 57 95 41 12 27 13 0,29 42
PFG_MOEA,1021,1,198.33,1121.84,0 13 27 12 41 95 78 64 30 15 71 35 40 16 18 19 31 17 20 91 0,
PFG_MOEA,1021,2,198.33,1121.84,0 50 48 92 22 23 84 39 56 68 37 33 21 34 43 0,
PFG_MOEA,1021,3,198.33,1121.84,0 4 80 53 66 94 49 51 45 24 79 32 54 36 3 1 99 2 25 0,2
PFG_MOEA,1021,4,198.33,1121.84,0 62 77 58 82 86 67 72 70 93 9 100 8 7 46 28 69 47 0,58 93
PFG_MOEA,1021,5,198.33,1121.84,0 73 98 85 88 63 74 14 11 83 96 44 38 59 26 10 89 5 29 90 0,11 26 63 98
PFG_MOEA,1021,6,198.33,1121.84,0 65 6 87 52 60 61 97 75 55 76 42 81 57 0,
PFG_MOEA,1022,1,205.55,1025.13,0 81 57 95 41 15 30 64 78 74 63 88 85 98 71 35 40 16 18 19 17 31 0,78
PFG_MOEA,1022,2,205.55,1025.13,0 20 91 21 33 37 68 56 39 84 23 22 1 99 34 43 92 53 80 4 0,99
PFG_MOEA,1022,3,205.55,1025.13,0 66 94 3 36 54 70 72 67 32 49 51 45 24 0,
PFG_MOEA,1022,4,205.55,1025.13,0 77 58 82 86 62 48 50 25 2 12 73 14 11 83 96 59 26 89 10 0,12 26 83
PFG_MOEA,1022,5,205.55,1025.13,0 44 38 47 69 28 46 7 75 97 61 60 52 87 6 65 90 29 5 79 0,
PFG_MOEA,1022,6,205.55,1025.13,0 13 27 8 100 93 9 55 76 42 0,76
PFG_MOEA,1023,1,353.71,825.55,0 66 94 49 51 45 24 0,
PFG_MOEA,1023,2,353.71,825.55,0 2 25 50 48 62 77 58 82 86 67 72 70 54 36 3 32 79 5 29 90 65 6 87 52 60 61 55 9 42 76 81 93 100 8 7 46 28 69 47 38 44 59 89 10 26 96 83 11 14 73 12 27 13 0,32 42 44
PFG_MOEA,1023,3,353.71,825.55,0 57 95 41 0,
PFG_MOEA,1023,4,353.71,825.55,0 97 75 98 85 88 63 74 78 64 30 15 71 35 31 17 40 16 18 19 20 91 21 33 37 68 56 39 84 23 22 1 34 43 92 0,64
PFG_MOEA,1023,5,353.71,825.55,0 99 0,
PFG_MOEA,1023,6,353.71,825.55,0 4 80 53 0,
PFG_MOEA,1024,1,207.02,1012.48,0 50 48 62 21 33 37 68 56 39 3 36 54 66 53 80 4 24 0,
PFG_MOEA,1024,2,207.02,1012.48,0 45 94 49 32 51 79 5 29 90 65 6 87 52 60 61 55 9 42 76 81 93 100 8 0,5 32 76
PFG_MOEA,1024,3,207.02,1012.48,0 7 46 28 69 47 38 44 59 89 10 26 96 83 11 14 73 12 0,
PFG_MOEA,1024,4,207.02,1012.48,0 97 75 98 85 88 63 74 78 64 30 15 41 57 95 27 13 0,
PFG_MOEA,1024,5,207.02,1012.48,0 17 31 35 71 40 16 18 19 20 91 25 2 0,
PFG_MOEA,1024,6,207.02,1012.48,0 92 43 34 99 1 84 23 22 70 72 67 86 82 58 77 0,
PFG_MOEA,1025,1,207.74,922.35,0 76 42 57 95 41 98 85 88 63 74 78 64 30 15 71 35 31 17 40 16 18 0,18 42 63 98
PFG_MOEA,1025,2,207.74,922.35,0 19 91 21 33 37 68 56 39 84 23 22 1 99 34 43 92 53 4 0,
PFG_MOEA,1025,3,207.74,922.35,0 80 66 0,
PFG_MOEA,1025,4,207.74,922.35,0 24 51 45 94 49 32 36 54 70 72 67 82 86 3 58 77 62 48 50 25 20 0,67
PFG_MOEA,1025,5,207.74,922.35,0 2 13 27 12 73 14 11 83 96 26 10 89 59 44 38 47 69 28 46 7 75 97 0,2 11 69
PFG_MOEA,1025,6,207.74,922.35,0 79 90 65 6 87 52 5 29 60 61 93 55 9 81 100 8 0,5
PFG_MOEA,1026,1,201.36,1069.24,0 27 12 73 14 11 83 96 26 10 89 59 44 38 47 69 28 46 0,83
PFG_MOEA,1026,2,201.36,1069.24,0 7 30 15 71 35 40 16 18 19 31 17 20 91 0,31
PFG_MOEA,1026,3,201.36,1069.24,0 25 2 99 34 43 92 1 84 23 22 70 72 67 86 82 58 77 50 0,
PFG_MOEA,1026,4,201.36,1069.24,0 4 80 53 66 54 36 3 39 56 68 37 33 21 62 48 0,36 62
PFG_MOEA,1026,5,201.36,1069.24,0 24 45 94 49 32 51 79 5 29 90 65 6 87 52 60 61 97 0,
PFG_MOEA,1026,6,201.36,1069.24,0 42 76 9 55 75 81 93 100 8 57 95 41 98 85 88 63 74 78 64 13 0,42 88
PFG_MOEA,1027,1,235.98,829.78,0 20 91 21 33 37 68 56 39 84 23 22 1 34 43 92 0,34
PFG_MOEA,1027,2,235.98,829.78,0 99 0,99
PFG_MOEA,1027,3,235.98,829.78,0 4 80 53 66 94 45 24 51 49 32 3 36 54 70 72 67 86 82 58 77 62 48 50 25 2 0,
PFG_MOEA,1027,4,235.98,829.78,0 12 73 14 11 83 96 26 10 89 59 44 38 47 69 28 46 7 0,26
PFG_MOEA,1027,5,235.98,829.78,0 79 5 29 90 65 6 87 52 60 61 97 75 13 27 0,
PFG_MOEA,1027,6,235.98,829.78,0 8 100 93 9 55 76 42 81 57 95 41 98 85 88 63 74 78 64 30 15 71 35 31 17 40 16 18 19 0,42 64
PFG_MOEA,1028,1,199.67,1096.55,0 5 29 90 65 6 87 52 60 61 97 75 7 14 73 12 99 2 25 50 48 0,6 52
PFG_MOEA,1028,2,199.67,1096.55,0 24 79 51 45 94 49 32 36 54 70 72 67 86 82 3 62 0,
PFG_MOEA,1028,3,199.67,1096.55,0 4 80 53 66 58 77 46 28 69 47 38 44 59 89 10 26 96 0,69
PFG_MOEA,1028,4,199.67,1096.55,0 8 100 93 81 55 9 76 42 83 11 98 41 95 57 0,
PFG_MOEA,1028,5,199.67,1096.55,0 20 91 21 33 37 18 16 40 35 71 15 30 64 78 74 63 88 85 0,63
PFG_MOEA,1028,6,199.67,1096.55,0 92 43 34 1 22 23 84 39 56 68 19 17 31 27 13 0,31
PFG_MOEA,1029,1,218.48,880.23,0 98 85 88 63 74 78 64 30 15 71 35 40 16 18 19 31 17 20 91 34 43 48 0,43 98
PFG_MOEA,1029,2,218.48,880.23,0 50 92 21 33 37 68 56 39 84 23 22 1 99 2 25 0,99
PFG_MOEA,1029,3,218.48,880.23,0 4 80 53 66 94 49 51 45 24 79 32 3 36 54 70 72 67 86 82 58 77 62 0,
PFG_MOEA,1029,4,218.48,880.23,0 93 9 100 8 7 46 0,
PFG_MOEA,1029,5,218.48,880.23,0 28 69 47 38 44 59 26 10 89 96 83 11 14 73 0,26
PFG_MOEA,1029,6,218.48,880.23,0 5 29 90 65 6 87 52 60 61 97 75 55 76 42 81 57 95 41 12 27 13 0,29 42
PFG_MOEA,1030,1,198.33,1121.84,0 13 27 12 41 95 78 64 30 15 71 35 40 16 18 19 31 17 20 91 0,
PFG_MOEA,1030,2,198.33,1121.84,0 50 48 92 22 23 84 39 56 68 37 33 21 34 43 0,
PFG_MOEA,1030,3,198.33,1121.84,0 4 80 53 66 94 49 51 45 24 79 32 54 36 3 1 99 2 25 0,2
PFG_MOEA,1030,4,198.33,1121.84,0 62 77 58 82 86 67 72 70 93 9 100 8 7 46 28 69 47 0,58 93
PFG_MOEA,1030,5,198.33,1121.84,0 73 98 85 88 63 74 14 11 83 96 44 38 59 26 10 89 5 29 90 0,11 26 63 98
PFG_MOEA,1030,6,198.33,1121.84,0 65 6 87 52 60 61 97 75 55 76 42 81 57 0,
PFG_MOEA,1031,1,205.55,1025.13,0 81 57 95 41 15 30 64 78 74 63 88 85 98 71 35 40 16 18 19 17 31 0,78
PFG_MOEA,1031,2,205.55,1025.13,0 20 91 21 33 37 68 56 39 84 23 22 1 99 34 43 92 53 80 4 0,99
PFG_MOEA,1031,3,205.55,1025.13,0 66 94 3 36 54 70 72 67 32 49 51 45 24 0,
PFG_MOEA,1031,4,205.55,1025.13,0 77 58 82 86 62 48 50 25 2 12 73 14 11 83 96 59 26 89 10 0,12 26 83
PFG_MOEA,1031,5,205.55,1025.13,0 44 38 47 69 28 46 7 75 97 61 60 52 87 6 65 90 29 5 79 0,
PFG_MOEA,1031,6,205.55,1025.13,0 13 27 8 100 93 9 55 76 42 0,76
PFG_MOEA,1032,1,353.71,825.55,0 66 94 49 51 45 24 0,
PFG_MOEA,1032,2,353.71,825.55,0 2 25 50 48 62 77 58 82 86 67 72 70 54 36 3 32 79 5 29 90 65 6 87 52 60 61 55 9 42 76 81 93 100 8 7 46 28 69 47 38 44 59 89 10 26 96 83 11 14 73 12 27 13 0,32 42 44
PFG_MOEA,1032,3,353.71,825.55,0 57 95 41 0,
PFG_MOEA,1032,4,353.71,825.55,0 97 75 98 85 88 63 74 78 64 30 15 71 35 31 17 40 16 18 19 20 91 21 33 37 68 56 39 84 23 22 1 34 43 92 0,64
PFG_MOEA,1032,5,353.71,825.55,0 99 0,
PFG_MOEA,1032,6,353.71,825.55,0 4 80 53 0,
PFG_MOEA,1033,1,207.02,1012.48,0 50 48 62 21 33 37 68 56 39 3 36 54 66 53 80 4 24 0,
PFG_MOEA,1033,2,207.02,1012.48,0 45 94 49 32 51 79 5 29 90 65 6 87 52 60 61 55 9 42 76 81 93 100 8 0,5 32 76
PFG_MOEA,1033,3,207.02,1012.48,0 7 46 28 69 47 38 44 59 89 10 26 96 83 11 14 73 12 0,
PFG_MOEA,1033,4,207.02,1012.48,0 97 75 98 85 88 63 74 78 64 30 15 41 57 95 27 13 0,
PFG_MOEA,1033,5,207.02,1012.48,0 17 31 35 71 40 16 18 19 20 91 25 2 0,
PFG_MOEA,1033,6,207.02,1012.48,0 92 43 34 99 1 84 23 22 70 72 67 86 82 58 77 0,
PFG_MOEA,1034,1,207.74,922.35,0 76 42 57 95 41 98 85 88 63 74 78 64 30 15 71 35 31 17 40 16 18 0,18 42 63 98
PFG_MOEA,1034,2,207.74,922.35,0 19 91 21 33 37 68 56 39 84 23 22 1 99 34 43 92 53 4 0,
PFG_MOEA,1034,3,207.74,922.35,0 80 66 0,
PFG_MOEA,1034,4,207.74,922.35,0 24 51 45 94 49 32 36 54 70 72 67 82 86 3 58 77 62 48 50 25 20 0,67
PFG_MOEA,1034,5,207.74,922.35,0 2 13 27 12 73 14 11 83 96 26 10 89 59 44 38 47 69 28 46 7 75 97 0,2 11 69
PFG_MOEA,1034,6,207.74,922.35,0 79 90 65 6 87 52 5 29 60 61 93 55 9 81 100 8 0,5
PFG_MOEA,1035,1,201.36,1069.24,0 27 12 73 14 11 83 96 26 10 89 59 44 38 47 69 28 46 0,83
PFG_MOEA,1035,2,201.36,1069.24,0 7 30 15 71 35 40 16 18 19 31 17 20 91 0,31
PFG_MOEA,1035,3,201.36,1069.24,0 25 2 99 34 43 92 1 84 23 22 70 72 67 86 82 58 77 50 0,
PFG_MOEA,1035,4,201.36,1069.24,0 4 80 53 66 54 36 3 39 56 68 37 33 21 62 48 0,36 62
PFG_MOEA,1035,5,201.36,1069.24,0 24 45 94 49 32 51 79 5 29 90 65 6 87 52 60 61 97 0,
PFG_MOEA,1035,6,201.36,1069.24,0 42 76 9 55 75 81 93 100 8 57 95 41 98 85 88 63 74 78 64 13 0,42 88
PFG_MOEA,1036,1,235.98,829.78,0 20 91 21 33 37 68 56 39 84 23 22 1 34 43 92 0,34
PFG_MOEA,1036,2,235.98,829.78,0 99 0,99
PFG_MOEA,1036,3,235.98,829.78,0 4 80 53 66 94 45 24 51 49 32 3 36 54 70 72 67 86 82 58 77 62 48 50 25 2 0,
PFG_MOEA,1036,4,235.98,829.78,0 12 73 14 11 83 96 26 10 89 59 44 38 47 69 28 46 7 0,26
PFG_MOEA,1036,5,235.98,829.78,0 79 5 29 90 65 6 87 52 60 61 97 75 13 27 0,
PFG_MOEA,1036,6,235.98,829.78,0 8 100 93 9 55 76 42 81 57 95 41 98 85 88 63 74 78 64 30 15 71 35 31 17 40 16 18 19 0,42 64
PFG_MOEA,1037,1,199.67,1096.55,0 5 29 90 65 6 87 52 60 61 97 75 7 14 73 12 99 2 25 50 48 0,6 52
PFG_MOEA,1037,2,199.67,1096.55,0 24 79 51 45 94 49 32 36 54 70 72 67 86 82 3 62 0,
PFG_MOEA,1037,3,199.67,1096.55,0 4 80 53 66 58 77 46 28 69 47 38 44 59 89 10 26 96 0,69
PFG_MOEA,1037,4,199.67,1096.55,0 8 100 93 81 55 9 76 42 83 11 98 41 95 57 0,
PFG_MOEA,1037,5,199.67,1096.55,0 20 91 21 33 37 18 16 40 35 71 15 30 64 78 74 63 88 85 0,63
PFG_MOEA,1037,6,199.67,1096.55,0 92 43 34 1 22 23 84 39 56 68 19 17 31 27 13 0,31
PFG_MOEA,1038,1,218.48,880.23,0 98 85 88 63 74 78 64 30 15 71 35 40 16 18 19 31 17 20 91 34 43 48 0,43 98
PFG_MOEA,1038,2,218.48,880.23,0 50 92 21 33 37 68 56 39 84 23 22 1 99 2 25 0,99
PFG_MOEA,1038,3,218.48,880.23,0 4 80 53 66 94 49 51 45 24 79 32 3 36 54 70 72 67 86 82 58 77 62 0,
PFG_MOEA,1038,4,218.48,880.23,0 93 9 100 8 7 46 0,
PFG_MOEA,1038,5,218.48,880.23,0 28 69 47 38 44 59 26 10 89 96 83 11 14 73 0,26
PFG_MOEA,1038,6,218.48,880.23,0 5 29 90 65 6 87 52 60 61 97 75 55 76 42 81 57 95 41 12 27 13 0,29 42
PFG_MOEA,1039,1,198.33,1121.84,0 13 27 12 41 95 78 64 30 15 71 35 40 16 18 19 31 17 20 91 0,
PFG_MOEA,1039,2,198.33,1121.84,0 50 48 92 22 23 84 39 56 68 37 33 21 34 43 0,
PFG_MOEA,1039,3,198.33,1121.84,0 4 80 53 66 94 49 51 45 24 79 32 54 36 3 1 99 2 25 0,2
PFG_MOEA,1039,4,198.33,1121.84,0 62 77 58 82 86 67 72 70 93 9 100 8 7 46 28 69 47 0,58 93
PFG_MOEA,1039,5,198.33,1121.84,0 73 98 85 88 63 74 14 11 83 96 44 38 59 26 10 89 5 29 90 0,11 26 63 98
PFG_MOEA,1039,6,198.33,1121.84,0 65 6 87 52 60 61 97 75 55 76 42 81 57 0,
PFG_MOEA,1040,1,205.55,1025.13,0 81 57 95 41 15 30 64 78 74 63 88 85 98 71 35 40 16 18 19 17 31 0,78
PFG_MOEA,1040,2,205.55,1025.13,0 20 91 21 33 37 68 56 39 84 23 22 1 99 34 43 92 53 80 4 0,99
PFG_MOEA,1040,3,205.55,1025.13,0 66 94 3 36 54 70 72 67 32 49 51 45 24 0,
PFG_MOEA,1040,4,205.55,1025.13,0 77 58 82 86 62 48 50 25 2 12 73 14 11 83 96 59 26 89 10 0,12 26 83
PFG_MOEA,1040,5,205.55,1025.13,0 44 38 47 69 28 46 7 75 97 61 60 52 87 6 65 90 29 5 79 0,
PFG_MOEA,1040,6,205.55,1025.13,0 13 27 8 100 93 9 55 76 42 0,76
PFG_MOEA,1041,1,353.71,825.55,0 66 94 49 51 45 24 0,
PFG_MOEA,1041,2,353.71,825.55,0 2 25 50 48 62 77 58 82 86 67 72 70 54 36 3 32 79 5 29 90 65 6 87 52 60 61 55 9 42 76 81 93 100 8 7 46 28 69 47 38 44 59 89 10 26 96 83 11 14 73 12 27 13 0,32 42 44
PFG_MOEA,1041,3,353.71,825.55,0 57 95 41 0,
PFG_MOEA,1041,4,353.71,825.55,0 97 75 98 85 88 63 74 78 64 30 15 71 35 31 17 40 16 18 19 20 91 21 33 37 68 56 39 84 23 22 1 34 43 92 0,64
PFG_MOEA,1041,5,353.71,825.55,0 99 0,
PFG_MOEA,1041,6,353.71,825.55,0 4 80 53 0,
PFG_MOEA,1042,1,207.02,1012.48,0 50 48 62 21 33 37 68 56 39 3 36 54 66 53 80 4 24 0,
PFG_MOEA,1042,2,207.02,1012.48,0 45 94 49 32 51 79 5 29 90 65 6 87 52 60 61 55 9 42 76 81 93 100 8 0,5 32 76
PFG_MOEA,1042,3,207.02,1012.48,0 7 46 28 69 47 38 44 59 89 10 26 96 83 11 14 73 12 0,
PFG_MOEA,1042,4,207.02,1012.48,0 97 75 98 85 88 63 74 78 64 30 15 41 57 95 27 13 0,
PFG_MOEA,1042,5,207.02,1012.48,0 17 31 35 71 40 16 18 19 20 91 25 2 0,
PFG_MOEA,1042,6,207.02,1012.48,0 92 43 34 99 1 84 23 22 70 72 67 86 82 58 77 0,
PFG_MOEA,1043,1,207.74,922.35,0 76 42 57 95 41 98 85 88 63 74 78 64 30 15 71 35 31 17 40 16 18 0,18 42 63 98
PFG_MOEA,1043,2,207.74,922.35,0 19 91 21 33 37 68 56 39 84 23 22 1 99 34 43 92 53 4 0,
PFG_MOEA,1043,3,207.74,922.35,0 80 66 0,
PFG_MOEA,1043,4,207.74,922.35,0 24 51 45 94 49 32 36 54 70 72 67 82 86 3 58 77 62 48 50 25 20 0,67
PFG_MOEA,1043,5,207.74,922.35,0 2 13 27 12 73 14 11 83 96 26 10 89 59 44 38 47 69 28 46 7 75 97 0,2 11 69
PFG_MOEA,1043,6,207.74,922.35,0 79 90 65 6 87 52 5 29 60 61 93 55 9 81 100 8 0,5
PFG_MOEA,1044,1,201.36,1069.24,0 27 12 73 14 11 83 96 26 10 89 59 44 38 47 69 28 46 0,83
PFG_MOEA,1044,2,201.36,1069.24,0 7 30 15 71 35 40 16 18 19 31 17 20 91 0,31
PFG_MOEA,1044,3,201.36,1069.24,0 25 2 99 34 43 92 1 84 23 22 70 72 67 86 82 58 77 50 0,
PFG_MOEA,1044,4,201.36,1069.24,0 4 80 53 66 54 36 3 39 56 68 37 33 21 62 48 0,36 62
PFG_MOEA,1044,5,201.36,1069.24,0 24 45 94 49 32 51 79 5 29 90 65 6 87 52 60 61 97 0,
PFG_MOEA,1044,6,201.36,1069.24,0 42 76 9 55 75 81 93 100 8 57 95 41 98 85 88 63 74 78 64 13 0,42 88
PFG_MOEA,1045,1,235.98,829.78,0 20 91 21 33 37 68 56 39 84 23 22 1 34 43 92 0,34
PFG_MOEA,1045,2,235.98,829.78,0 99 0,99
PFG_MOEA,1045,3,235.98,829.78,0 4 80 53 66 94 45 24 51 49 32 3 36 54 70 72 67 86 82 58 77 62 48 50 25 2 0,
PFG_MOEA,1045,4,235.98,829.78,0 12 73 14 11 83 96 26 10 89 59 44 38 47 69 28 46 7 0,26
PFG_MOEA,1045,5,235.98,829.78,0 79 5 29 90 65 6 87 52 60 61 97 75 13 27 0,
PFG_MOEA,1045,6,235.98,829.78,0 8 100 93 9 55 76 42 81 57 95 41 98 85 88 63 74 78 64 30 15 71 35 31 17 40 16 18 19 0,42 64
PFG_MOEA,1046,1,199.67,1096.55,0 5 29 90 65 6 87 52 60 61 97 75 7 14 73 12 99 2 25 50 48 0,6 52
PFG_MOEA,1046,2,199.67,1096.55,0 24 79 51 45 94 49 32 36 54 70 72 67 86 82 3 62 0,
PFG_MOEA,1046,3,199.67,1096.55,0 4 80 53 66 58 77 46 28 69 47 38 44 59 89 10 26 96 0,69
PFG_MOEA,1046,4,199.67,1096.55,0 8 100 93 81 55 9 76 42 83 11 98 41 95 57 0,
PFG_MOEA,1046,5,199.67,1096.55,0 20 91 21 33 37 18 16 40 35 71 15 30 64 78 74 63 88 85 0,63
PFG_MOEA,1046,6,199.67,1096.55,0 92 43 34 1 22 23 84 39 56 68 19 17 31 27 13 0,31
PFG_MOEA,1047,1,218.48,880.23,0 98 85 88 63 74 78 64 30 15 71 35 40 16 18 19 31 17 20 91 34 43 48 0,43 98
PFG_MOEA,1047,2,218.48,880.23,0 50 92 21 33 37 68 56 39 84 23 22 1 99 2 25 0,99
PFG_MOEA,1047,3,218.48,880.23,0 4 80 53 66 94 49 51 45 24 79 32 3 36 54 70 72 67 86 82 58 77 62 0,
PFG_MOEA,1047,4,218.48,880.23,0 93 9 100 8 7 46 0,
PFG_MOEA,1047,5,218.48,880.23,0 28 69 47 38 44 59 26 10 89 96 83 11 14 73 0,26
PFG_MOEA,1047,6,218.48,880.23,0 5 29 90 65 6 87 52 60 61 97 75 55 76 42 81 57 95 41 12 27 13 0,29 42
PFG_MOEA,1048,1,198.33,1121.84,0 13 27 12 41 95 78 64 30 15 71 35 40 16 18 19 31 17 20 91 0,
PFG_MOEA,1048,2,198.33,1121.84,0 50 48 92 22 23 84 39 56 68 37 33 21 34 43 0,
PFG_MOEA,1048,3,198.33,1121.84,0 4 80 53 66 94 49 51 45 24 79 32 54 36 3 1 99 2 25 0,2
PFG_MOEA,1048,4,198.33,1121.84,0 62 77 58 82 86 67 72 70 93 9 100 8 7 46 28 69 47 0,58 93
PFG_MOEA,1048,5,198.33,1121.84,0 73 98 85 88 63 74 14 11 83 96 44 38 59 26 10 89 5 29 90 0,11 26 63 98
PFG_MOEA,1048,6,198.33,1121.84,0 65 6 87 52 60 61 97 75 55 76 42 81 57 0,
PFG_MOEA,1049,1,205.55,1025.13,0 81 57 95 41 15 30 64 78 74 63 88 85 98 71 35 40 16 18 19 17 31 0,78
PFG_MOEA,1049,2,205.55,1025.13,0 20 91 21 33 37 68 56 39 84 23 22 1 99 34 43 92 53 80 4 0,99
PFG_MOEA,1049,3,205.55,1025.13,0 66 94 3 36 54 70 72 67 32 49 51 45 24 0,
PFG_MOEA,1049,4,205.55,1025.13,0 77 58 82 86 62 48 50 25 2 12 73 14 11 83 96 59 26 89 10 0,12 26 83
PFG_MOEA,1049,5,205.55,1025.13,0 44 38 47 69 28 46 7 75 97 61 60 52 87 6 65 90 29 5 79 0,
PFG_MOEA,1049,6,205.55,1025.13,0 13 27 8 100 93 9 55 76 42 0,76
PFG_MOEA,1050,1,353.71,825.55,0 66 94 49 51 45 24 0,
PFG_MOEA,1050,2,353.71,825.55,0 2 25 50 48 62 77 58 82 86 67 72 70 54 36 3 32 79 5 29 90 65 6 87 52 60 61 55 9 42 76 81 93 100 8 7 46 28 69 47 38 44 59 89 10 26 96 83 11 14 73 12 27 13 0,32 42 44
PFG_MOEA,1050,3,353.71,825.55,0 57 95 41 0,
PFG_MOEA,1050,4,353.71,825.55,0 97 75 98 85 88 63 74 78 64 30 15 71 35 31 17 40 16 18 19 20 91 21 33 37 68 56 39 84 23 22 1 34 43 92 0,64
PFG_MOEA,1050,5,353.71,825.55,0 99 0,
PFG_MOEA,1050,6,353.71,825.55,0 4 80 53 0,
PFG_MOEA,1051,1,207.02,1012.48,0 50 48 62 21 33 37 68 56 39 3 36 54 66 53 80 4 24 0,
PFG_MOEA,1051,2,207.02,1012.48,0 45 94 49 32 51 79 5 29 90 65 6 87 52 60 61 55 9 42 76 81 93 100 8 0,5 32 76
PFG_MOEA,1051,3,207.02,1012.48,0 7 46 28 69 47 38 44 59 89 10 26 96 83 11 14 73 12 0,
PFG_MOEA,1051,4,207.02,1012.48,0 97 75 98 85 88 63 74 78 64 30 15 41 57 95 27 13 0,
PFG_MOEA,1051,5,207.02,1012.48,0 17 31 35 71 40 16 18 19 20 91 25 2 0,
PFG_MOEA,1051,6,207.02,1012.48,0 92 43 34 99 1 84 23 22 70 72 67 86 82 58 77 0,
PFG_MOEA,1052,1,207.74,922.35,0 76 42 57 95 41 98 85 88 63 74 78 64 30 15 71 35 31 17 40 16 18 0,18 42 63 98
PFG_MOEA,1052,2,207.74,922.35,0 19 91 21 33 37 68 56 39 84 23 22 1 99 34 43 92 53 4 0,
PFG_MOEA,1052,3,207.74,922.35,0 80 66 0,
PFG_MOEA,1052,4,207.74,922.35,0 24 51 45 94 49 32 36 54 70 72 67 82 86 3 58 77 62 48 50 25 20 0,67
PFG_MOEA,1052,5,207.74,922.35,0 2 13 27 12 73 14 11 83 96 26 10 89 59 44 38 47 69 28 46 7 75 97 0,2 11 69
PFG_MOEA,1052,6,207.74,922.35,0 79 90 65 6 87 52 5 29 60 61 93 55 9 81 100 8 0,5
PFG_MOEA,1053,1,201.36,1069.24,0 27 12 73 14 11 83 96 26 10 89 59 44 38 47 69 28 46 0,83
PFG_MOEA,1053,2,201.36,1069.24,0 7 30 15 71 35 40 16 18 19 31 17 20 91 0,31
PFG_MOEA,1053,3,201.36,1069.24,0 25 2 99 34 43 92 1 84 23 22 70 72 67 86 82 58 77 50 0,
PFG_MOEA,1053,4,201.36,1069.24,0 4 80 53 66 54 36 3 39 56 68 37 33 21 62 48 0,36 62
PFG_MOEA,1053,5,201.36,1069.24,0 24 45 94 49 32 51 79 5 29 90 65 6 87 52 60 61 97 0,
PFG_MOEA,1053,6,201.36,1069.24,0 42 76 9 55 75 81 93 100 8 57 95 41 98 85 88 63 74 78 64 13 0,42 88
PFG_MOEA,1054,1,235.98,829.78,0 20 91 21 33 37 68 56 39 84 23 22 1 34 43 92 0,34
PFG_MOEA,1054,2,235.98,829.78,0 99 0,99
PFG_MOEA,1054,3,235.98,829.78,0 4 80 53 66 94 45 24 51 49 32 3 36 54 70 72 67 86 82 58 77 62 48 50 25 2 0,
PFG_MOEA,1054,4,235.98,829.78,0 12 73 14 11 83 96 26 10 89 59 44 38 47 69 28 46 7 0,26
PFG_MOEA,1054,5,235.98,829.78,0 79 5 29 90 65 6 87 52 60 61 97 75 13 27 0,
PFG_MOEA,1054,6,235.98,829.78,0 8 100 93 9 55 76 42 81 57 95 41 98 85 88 63 74 78 64 30 15 71 35 31 17 40 16 18 19 0,42 64
PFG_MOEA,1055,1,199.67,1096.55,0 5 29 90 65 6 87 52 60 61 97 75 7 14 73 12 99 2 25 50 48 0,6 52
PFG_MOEA,1055,2,199.67,1096.55,0 24 79 51 45 94 49 32 36 54 70 72 67 86 82 3 62 0,
PFG_MOEA,1055,3,199.67,1096.55,0 4 80 53 66 58 77 46 28 69 47 38 44 59 89 10 26 96 0,69
PFG_MOEA,1055,4,199.67,1096.55,0 8 100 93 81 55 9 76 42 83 11 98 41 95 57 0,
PFG_MOEA,1055,5,199.67,1096.55,0 20 91 21 33 37 18 16 40 35 71 15 30 64 78 74 63 88 85 0,63
PFG_MOEA,1055,6,199.67,1096.55,0 92 43 34 1 22 23 84 39 56 68 19 17 31 27 13 0,31
PFG_MOEA,1056,1,218.48,880.23,0 98 85 88 63 74 78 64 30 15 71 35 40 16 18 19 31 17 20 91 34 43 48 0,43 98
PFG_MOEA,1056,2,218.48,880.23,0 50 92 21 33 37 68 56 39 84 23 22 1 99 2 25 0,99
PFG_MOEA,1056,3,218.48,880.23,0 4 80 53 66 94 49 51 45 24 79 32 3 36 54 70 72 67 86 82 58 77 62 0,
PFG_MOEA,1056,4,218.48,880.23,0 93 9 100 8 7 46 0,
PFG_MOEA,1056,5,218.48,880.23,0 28 69 47 38 44 59 26 10 89 96 83 11 14 73 0,26
PFG_MOEA,1056,6,218.48,880.23,0 5 29 90 65 6 87 52 60 61 97 75 55 76 42 81 57 95 41 12 27 13 0,29 42
PFG_MOEA,1057,1,198.33,1121.84,0 13 27 12 41 95 78 64 30 15 71 35 40 16 18 19 31 17 20 91 0,
PFG_MOEA,1057,2,198.33,1121.84,0 50 48 92 22 23 84 39 56 68 37 33 21 34 43 0,
PFG_MOEA,1057,3,198.33,1121.84,0 4 80 53 66 94 49 51 45 24 79 32 54 36 3 1 99 2 25 0,2
PFG_MOEA,1057,4,198.33,1121.84,0 62 77 58 82 86 67 72 70 93 9 100 8 7 46 28 69 47 0,58 93
PFG_MOEA,1057,5,198.33,1121.84,0 73 98 85 88 63 74 14 11 83 96 44 38 59 26 10 89 5 29 90 0,11 26 63 98
PFG_MOEA,1057,6,198.33,1121.84,0 65 6 87 52 60 61 97 75 55 76 42 81 57 0,
PFG_MOEA,1058,1,205.55,1025.13,0 81 57 95 41 15 30 64 78 74 63 88 85 98 71 35 40 16 18 19 17 31 0,78
PFG_MOEA,1058,2,205.55,1025.13,0 20 91 21 33 37 68 56 39 84 23 22 1 99 34 43 92 53 80 4 0,99
PFG_MOEA,1058,3,205.55,1025.13,0 66 94 3 36 54 70 72 67 32 49 51 45 24 0,
PFG_MOEA,1058,4,205.55,1025.13,0 77 58 82 86 62 48 50 25 2 12 73 14 11 83 96 59 26 89 10 0,12 26 83
PFG_MOEA,1058,5,205.55,1025.13,0 44 38 47 69 28 46 7 75 97 61 60 52 87 6 65 90 29 5 79 0,
PFG_MOEA,1058,6,205.55,1025.13,0 13 27 8 100 93 9 55 76 42 0,76
PFG_MOEA,1059,1,353.71,825.55,0 66 94 49 51 45 24 0,
PFG_MOEA,1059,2,353.71,825.55,0 2 25 50 48 62 77 58 82 86 67 72 70 54 36 3 32 79 5 29 90 65 6 87 52 60 61 55 9 42 76 81 93 100 8 7 46 28 69 47 38 44 59 89 10 26 96 83 11 14 73 12 27 13 0,32 42 44
PFG_MOEA,1059,3,353.71,825.55,0 57 95 41 0,
PFG_MOEA,1059,4,353.71,825.55,0 97 75 98 85 88 63 74 78 64 30 15 71 35 31 17 40 16 18 19 20 91 21 33 37 68 56 39 84 23 22 1 34 43 92 0,64
PFG_MOEA,1059,5,353.71,825.55,0 99 0,
PFG_MOEA,1059,6,353.71,825.55,0 4 80 53 0,
PFG_MOEA,1060,1,207.02,1012.48,0 50 48 62 21 33 37 68 56 39 3 36 54 66 53 80 4 24 0,
PFG_MOEA,1060,2,207.02,1012.48,0 45 94 49 32 51 79 5 29 90 65 6 87 52 60 61 55 9 42 76 81 93 100 8 0,5 32 76
PFG_MOEA,1060,3,207.02,1012.48,0 7 46 28 69 47 38 44 59 89 10 26 96 83 11 14 73 12 0,
PFG_MOEA,1060,4,207.02,1012.48,0 97 75 98 85 88 63 74 78 64 30 15 41 57 95 27 13 0,
PFG_MOEA,1060,5,207.02,1012.48,0 17 31 35 71 40 16 18 19 20 91 25 2 0,
PFG_MOEA,1060,6,207.02,1012.48,0 92 43 34 99 1 84 23 22 70 72 67 86 82 58 77 0,
PFG_MOEA,1061,1,207.74,922.35,0 76 42 57 95 41 98 85 88 63 74 78 64 30 15 71 35 31 17 40 16 18 0,18 42 63 98
PFG_MOEA,1061,2,207.74,922.35,0 19 91 21 33 37 68 56 39 84 23 22 1 99 34 43 92 53 4 0,
PFG_MOEA,1061,3,207.74,922.35,0 80 66 0,
PFG_MOEA,1061,4,207.74,922.35,0 24 51 45 94 49 32 36 54 70 72 67 82 86 3 58 77 62 48 50 25 20 0,67
PFG_MOEA,1061,5,207.74,922.35,0 2 13 27 12 73 14 11 83 96 26 10 89 59 44 38 47 69 28 46 7 75 97 0,2 11 69
PFG_MOEA,1061,6,207.74,922.35,0 79 90 65 6 87 52 5 29 60 61 93 55 9 81 100 8 0,5
PFG_MOEA,1062,1,201.36,1069.24,0 27 12 73 14 11 83 96 26 10 89 59 44 38 47 69 28 46 0,83
PFG_MOEA,1062,2,201.36,1069.24,0 7 30 15 71 35 40 16 18 19 31 17 20 91 0,31
PFG_MOEA,1062,3,201.36,1069.24,0 25 2 99 34 43 92 1 84 23 22 70 72 67 86 82 58 77 50 0,
PFG_MOEA,1062,4,201.36,1069.24,0 4 80 53 66 54 36 3 39 56 68 37 33 21 62 48 0,36 62
PFG_MOEA,1062,5,201.36,1069.24,0 24 45 94 49 32 51 79 5 29 90 65 6 87 52 60 61 97 0,
PFG_MOEA,1062,6,201.36,1069.24,0 42 76 9 55 75 81 93 100 8 57 95 41 98 85 88 63 74 78 64 13 0,42 88
PFG_MOEA,1063,1,235.98,829.78,0 20 91 21 33 37 68 56 39 84 23 22 1 34 43 92 0,34
PFG_MOEA,1063,2,235.98,829.78,0 99 0,99
PFG_MOEA,1063,3,235.98,829.78,0 4 80 53 66 94 45 24 51 49 32 3 36 54 70 72 67 86 82 58 77 62 48 50 25 2 0,
PFG_MOEA,1063,4,235.98,829.78,0 12 73 14 11 83 96 26 10 89 59 44 38 47 69 28 46 7 0,26
PFG_MOEA,1063,5,235.98,829.78,0 79 5 29 90 65 6 87 52 60 61 97 75 13 27 0,
PFG_MOEA,1063,6,235.98,829.78,0 8 100 93 9 55 76 42 81 57 95 41 98 85 88 63 74 78 64 30 15 71 35 31 17 40 16 18 19 0,42 64
PFG_MOEA,1064,1,199.67,1096.55,0 5 29 90 65 6 87 52 60 61 97 75 7 14 73 12 99 2 25 50 48 0,6 52
PFG_MOEA,1064,2,199.67,1096.55,0 24 79 51 45 94 49 32 36 54 70 72 67 86 82 3 62 0,
PFG_MOEA,1064,3,199.67,1096.55,0 4 80 53 66 58 77 46 28 69 47 38 44 59 89 10 26 96 0,69
PFG_MOEA,1064,4,199.67,1096.55,0 8 100 93 81 55 9 76 42 83 11 98 41 95 57 0,
PFG_MOEA,1064,5,199.67,1096.55,0 20 91 21 33 37 18 16 40 35 71 15 30 64 78 74 63 88 85 0,63
PFG_MOEA,1064,6,199.67,1096.55,0 92 43 34 1 22 23 84 39 56 68 19 17 31 27 13 0,31
PFG_MOEA,1065,1,218.48,880.23,0 98 85 88 63 74 78 64 30 15 71 35 40 16 18 19 31 17 20 91 34 43 48 0,43 98
PFG_MOEA,1065,2,218.48,880.23,0 50 92 21 33 37 68 56 39 84 23 22 1 99 2 25 0,99
PFG_MOEA,1065,3,218.48,880.23,0 4 80 53 66 94 49 51 45 24 79 32 3 36 54 70 72 67 86 82 58 77 62 0,
PFG_MOEA,1065,4,218.48,880.23,0 93 9 100 8 7 46 0,
PFG_MOEA,1065,5,218.48,880.23,0 28 69 47 38 44 59 26 10 89 96 83 11 14 73 0,26
PFG_MOEA,1065,6,218.48,880.23,0 5 29 90 65 6 87 52 60 61 97 75 55 76 42 81 57 95 41 12 27 13 0,29 42
PFG_MOEA,1066,1,198.33,1121.84,0 13 27 12 41 95 78 64 30 15 71 35 40 16 18 19 31 17 20 91 0,
PFG_MOEA,1066,2,198.33,1121.84,0 50 48 92 22 23 84 39 56 68 37 33 21 34 43 0,
PFG_MOEA,1066,3,198.33,1121.84,0 4 80 53 66 94 49 51 45 24 79 32 54 36 3 1 99 2 25 0,2
PFG_MOEA,1066,4,198.33,1121.84,0 62 77 58 82 86 67 72 70 93 9 100 8 7 46 28 69 47 0,58 93
PFG_MOEA,1066,5,198.33,1121.84,0 73 98 85 88 63 74 14 11 83 96 44 38 59 26 10 89 5 29 90 0,11 26 63 98
PFG_MOEA,1066,6,198.33,1121.84,0 65 6 87 52 60 61 97 75 55 76 42 81 57 0,
PFG_MOEA,1067,1,205.55,1025.13,0 81 57 95 41 15 30 64 78 74 63 88 85 98 71 35 40 16 18 19 17 31 0,78
PFG_MOEA,1067,2,205.55,1025.13,0 20 91 21 33 37 68 56 39 84 23 22 1 99 34 43 92 53 80 4 0,99
PFG_MOEA,1067,3,205.55,1025.13,0 66 94 3 36 54 70 72 67 32 49 51 45 24 0,
PFG_MOEA,1067,4,205.55,1025.13,0 77 58 82 86 62 48 50 25 2 12 73 14 11 83 96 59 26 89 10 0,12 26 83
PFG_MOEA,1067,5,205.55,1025.13,0 44 38 47 69 28 46 7 75 97 61 60 52 87 6 65 90 29 5 79 0,
PFG_MOEA,1067,6,205.55,1025.13,0 13 27 8 100 93 9 55 76 42 0,76
PFG_MOEA,1068,1,353.71,825.55,0 66 94 49 51 45 24 0,
PFG_MOEA,1068,2,353.71,825.55,0 2 25 50 48 62 77 58 82 86 67 72 70 54 36 3 32 79 5 29 90 65 6 87 52 60 61 55 9 42 76 81 93 100 8 7 46 28 69 47 38 44 59 89 10 26 96 83 11 14 73 12 27 13 0,32 42 44
PFG_MOEA,1068,3,353.71,825.55,0 57 95 41 0,
PFG_MOEA,1068,4,353.71,825.55,0 97 75 98 85 88 63 74 78 64 30 15 71 35 31 17 40 16 18 19 20 91 21 33 37 68 56 39 84 23 22 1 34 43 92 0,64
PFG_MOEA,1068,5,353.71,825.55,0 99 0,
PFG_MOEA,1068,6,353.71,825.55,0 4 80 53 0,
PFG_MOEA,1069,1,207.02,1012.48,0 50 48 62 21 33 37 68 56 39 3 36 54 66 53 80 4 24 0,
PFG_MOEA,1069,2,207.02,1012.48,0 45 94 49 32 51 79 5 29 90 65 6 87 52 60 61 55 9 42 76 81 93 100 8 0,5 32 76
PFG_MOEA,1069,3,207.02,1012.48,0 7 46 28 69 47 38 44 59 89 10 26 96 83 11 14 73 12 0,
PFG_MOEA,1069,4,207.02,1012.48,0 97 75 98 85 88 63 74 78 64 30 15 41 57 95 27 13 0,
PFG_MOEA,1069,5,207.02,1012.48,0 17 31 35 71 40 16 18 19 20 91 25 2 0,
PFG_MOEA,1069,6,207.02,1012.48,0 92 43 34 99 1 84 23 22 70 72 67 86 82 58 77 0,
PFG_MOEA,1070,1,207.74,922.35,0 76 42 57 95 41 98 85 88 63 74 78 64 30 15 71 35 31 17 40 16 18 0,18 42 63 98
PFG_MOEA,1070,2,207.74,922.35,0 19 91 21 33 37 68 56 39 84 23 22 1 99 34 43 92 53 4 0,
PFG_MOEA,1070,3,207.74,922.35,0 80 66 0,
PFG_MOEA,1070,4,207.74,922.35,0 24 51 45 94 49 32 36 54 70 72 67 82 86 3 58 77 62 48 50 25 20 0,67
PFG_MOEA,1070,5,207.74,922.35,0 2 13 27 12 73 14 11 83 96 26 10 89 59 44 38 47 69 28 46 7 75 97 0,2 11 69
PFG_MOEA,1070,6,207.74,922.35,0 79 90 65 6 87 52 5 29 60 61 93 55 9 81 100 8 0,5
PFG_MOEA,1071,1,204.74,1035.69,0 5 29 90 65 6 87 52 60 61 97 75 98 85 88 63 74 78 64 30 15 0,6
PFG_MOEA,1071,2,204.74,1035.69,0 20 91 19 17 31 71 35 40 16 18 68 37 33 21 34 43 92 48 50 0,18
PFG_MOEA,1071,3,204.74,1035.69,0 2 99 1 22 23 84 39 56 25 32 79 24 45 51 49 94 66 53 80 4 0,
PFG_MOEA,1071,4,204.74,1035.69,0 62 77 58 82 86 67 72 70 54 36 3 93 9 100 8 7 46 0,3
PFG_MOEA,1071,5,204.74,1035.69,0 28 69 47 38 44 59 26 10 89 96 83 0,26 96
PFG_MOEA,1071,6,204.74,1035.69,0 81 55 76 42 11 14 73 57 95 41 12 27 13 0,42
PFG_MOEA,1072,1,201.36,1069.24,0 27 12 73 14 11 83 96 26 10 89 59 44 38 47 69 28 46 0,83
PFG_MOEA,1072,2,201.36,1069.24,0 7 30 15 71 35 40 16 18 19 31 17 20 91 0,31
PFG_MOEA,1072,3,201.36,1069.24,0 25 2 99 34 43 92 1 84 23 22 70 72 67 86 82 58 77 50 0,
PFG_MOEA,1072,4,201.36,1069.24,0 4 80 53 66 54 36 3 39 56 68 37 33 21 62 48 0,36 62
PFG_MOEA,1072,5,201.36,1069.24,0 24 45 94 49 32 51 79 5 29 90 65 6 87 52 60 61 97 0,
PFG_MOEA,1072,6,201.36,1069.24,0 42 76 9 55 75 81 93 100 8 57 95 41 98 85 88 63 74 78 64 13 0,42 88
PFG_MOEA,1073,1,235.98,829.78,0 20 91 21 33 37 68 56 39 84 23 22 1 34 43 92 0,34
PFG_MOEA,1073,2,235.98,829.78,0 99 0,99
PFG_MOEA,1073,3,235.98,829.78,0 4 80 53 66 94 45 24 51 49 32 3 36 54 70 72 67 86 82 58 77 62 48 50 25 2 0,
PFG_MOEA,1073,4,235.98,829.78,0 12 73 14 11 83 96 26 10 89 59 44 38 47 69 28 46 7 0,26
PFG_MOEA,1073,5,235.98,829.78,0 79 5 29 90 65 6 87 52 60 61 97 75 13 27 0,
PFG_MOEA,1073,6,235.98,829.78,0 8 100 93 9 55 76 42 81 57 95 41 98 85 88 63 74 78 64 30 15 71 35 31 17 40 16 18 19 0,42 64
PFG_MOEA,1074,1,199.67,1096.55,0 5 29 90 65 6 87 52 60 61 97 75 7 14 73 12 99 2 25 50 48 0,6 52
PFG_MOEA,1074,2,199.67,1096.55,0 24 79 51 45 94 49 32 36 54 70 72 67 86 82 3 62 0,
PFG_MOEA,1074,3,199.67,1096.55,0 4 80 53 66 58 77 46 28 69 47 38 44 59 89 10 26 96 0,69
PFG_MOEA,1074,4,199.67,1096.55,0 8 100 93 81 55 9 76 42 83 11 98 41 95 57 0,
PFG_MOEA,1074,5,199.67,1096.55,0 20 91 21 33 37 18 16 40 35 71 15 30 64 78 74 63 88 85 0,63
PFG_MOEA,1074,6,199.67,1096.55,0 92 43 34 1 22 23 84 39 56 68 19 17 31 27 13 0,31
PFG_MOEA,1075,1,218.48,880.23,0 98 85 88 63 74 78 64 30 15 71 35 40 16 18 19 31 17 20 91 34 43 48 0,43 98
PFG_MOEA,1075,2,218.48,880.23,0 50 92 21 33 37 68 56 39 84 23 22 1 99 2 25 0,99
PFG_MOEA,1075,3,218.48,880.23,0 4 80 53 66 94 49 51 45 24 79 32 3 36 54 70 72 67 86 82 58 77 62 0,
PFG_MOEA,1075,4,218.48,880.23,0 93 9 100 8 7 46 0,
PFG_MOEA,1075,5,218.48,880.23,0 28 69 47 38 44 59 26 10 89 96 83 11 14 73 0,26
PFG_MOEA,1075,6,218.48,880.23,0 5 29 90 65 6 87 52 60 61 97 75 55 76 42 81 57 95 41 12 27 13 0,29 42
PFG_MOEA,1076,1,198.33,1121.84,0 13 27 12 41 95 78 64 30 15 71 35 40 16 18 19 31 17 20 91 0,
PFG_MOEA,1076,2,198.33,1121.84,0 50 48 92 22 23 84 39 56 68 37 33 21 34 43 0,
PFG_MOEA,1076,3,198.33,1121.84,0 4 80 53 66 94 49 51 45 24 79 32 54 36 3 1 99 2 25 0,2
PFG_MOEA,1076,4,198.33,1121.84,0 62 77 58 82 86 67 72 70 93 9 100 8 7 46 28 69 47 0,58 93
PFG_MOEA,1076,5,198.33,1121.84,0 73 98 85 88 63 74 14 11 83 96 44 38 59 26 10 89 5 29 90 0,11 26 63 98
PFG_MOEA,1076,6,198.33,1121.84,0 65 6 87 52 60 61 97 75 55 76 42 81 57 0,
PFG_MOEA,1077,1,205.55,1025.13,0 81 57 95 41 15 30 64 78 74 63 88 85 98 71 35 40 16 18 19 17 31 0,78
PFG_MOEA,1077,2,205.55,1025.13,0 20 91 21 33 37 68 56 39 84 23 22 1 99 34 43 92 53 80 4 0,99
PFG_MOEA,1077,3,205.55,1025.13,0 66 94 3 36 54 70 72 67 32 49 51 45 24 0,
PFG_MOEA,1077,4,205.55,1025.13,0 77 58 82 86 62 48 50 25 2 12 73 14 11 83 96 59 26 89 10 0,12 26 83
PFG_MOEA,1077,5,205.55,1025.13,0 44 38 47 69 28 46 7 75 97 61 60 52 87 6 65 90 29 5 79 0,
PFG_MOEA,1077,6,205.55,1025.13,0 13 27 8 100 93 9 55 76 42 0,76
PFG_MOEA,1078,1,353.71,825.55,0 66 94 49 51 45 24 0,
PFG_MOEA,1078,2,353.71,825.55,0 2 25 50 48 62 77 58 82 86 67 72 70 54 36 3 32 79 5 29 90 65 6 87 52 60 61 55 9 42 76 81 93 100 8 7 46 28 69 47 38 44 59 89 10 26 96 83 11 14 73 12 27 13 0,32 42 44
PFG_MOEA,1078,3,353.71,825.55,0 57 95 41 0,
PFG_MOEA,1078,4,353.71,825.55,0 97 75 98 85 88 63 74 78 64 30 15 71 35 31 17 40 16 18 19 20 91 21 33 37 68 56 39 84 23 22 1 34 43 92 0,64
PFG_MOEA,1078,5,353.71,825.55,0 99 0,
PFG_MOEA,1078,6,353.71,825.55,0 4 80 53 0,
PFG_MOEA,1079,1,207.02,1012.48,0 50 48 62 21 33 37 68 56 39 3 36 54 66 53 80 4 24 0,
PFG_MOEA,1079,2,207.02,1012.48,0 45 94 49 32 51 79 5 29 90 65 6 87 52 60 61 55 9 42 76 81 93 100 8 0,5 32 76
PFG_MOEA,1079,3,207.02,1012.48,0 7 46 28 69 47 38 44 59 89 10 26 96 83 11 14 73 12 0,
PFG_MOEA,1079,4,207.02,1012.48,0 97 75 98 85 88 63 74 78 64 30 15 41 57 95 27 13 0,
PFG_MOEA,1079,5,207.02,1012.48,0 17 31 35 71 40 16 18 19 20 91 25 2 0,
PFG_MOEA,1079,6,207.02,1012.48,0 92 43 34 99 1 84 23 22 70 72 67 86 82 58 77 0,
PFG_MOEA,1080,1,207.74,922.35,0 76 42 57 95 41 98 85 88 63 74 78 64 30 15 71 35 31 17 40 16 18 0,18 42 63 98
PFG_MOEA,1080,2,207.74,922.35,0 19 91 21 33 37 68 56 39 84 23 22 1 99 34 43 92 53 4 0,
PFG_MOEA,1080,3,207.74,922.35,0 80 66 0,
PFG_MOEA,1080,4,207.74,922.35,0 24 51 45 94 49 32 36 54 70 72 67 82 86 3 58 77 62 48 50 25 20 0,67
PFG_MOEA,1080,5,207.74,922.35,0 2 13 27 12 73 14 11 83 96 26 10 89 59 44 38 47 69 28 46 7 75 97 0,2 11 69
PFG_MOEA,1080,6,207.74,922.35,0 79 90 65 6 87 52 5 29 60 61 93 55 9 81 100 8 0,5
PFG_MOEA,1081,1,204.74,1035.69,0 5 29 90 65 6 87 52 60 61 97 75 98 85 88 63 74 78 64 30 15 0,6
PFG_MOEA,1081,2,204.74,1035.69,0 20 91 19 17 31 71 35 40 16 18 68 37 33 21 34 43 92 48 50 0,18
PFG_MOEA,1081,3,204.74,1035.69,0 2 99 1 22 23 84 39 56 25 32 79 24 45 51 49 94 66 53 80 4 0,
PFG_MOEA,1081,4,204.74,1035.69,0 62 77 58 82 86 67 72 70 54 36 3 93 9 100 8 7 46 0,3
PFG_MOEA,1081,5,204.74,1035.69,0 28 69 47 38 44 59 26 10 89 96 83 0,26 96
PFG_MOEA,1081,6,204.74,1035.69,0 81 55 76 42 11 14 73 57 95 41 12 27 13 0,42
PFG_MOEA,1082,1,201.36,1069.24,0 27 12 73 14 11 83 96 26 10 89 59 44 38 47 69 28 46 0,83
PFG_MOEA,1082,2,201.36,1069.24,0 7 30 15 71 35 40 16 18 19 31 17 20 91 0,31
PFG_MOEA,1082,3,201.36,1069.24,0 25 2 99 34 43 92 1 84 23 22 70 72 67 86 82 58 77 50 0,
PFG_MOEA,1082,4,201.36,1069.24,0 4 80 53 66 54 36 3 39 56 68 37 33 21 62 48 0,36 62
PFG_MOEA,1082,5,201.36,1069.24,0 24 45 94 49 32 51 79 5 29 90 65 6 87 52 60 61 97 0,
PFG_MOEA,1082,6,201.36,1069.24,0 42 76 9 55 75 81 93 100 8 57 95 41 98 85 88 63 74 78 64 13 0,42 88
PFG_MOEA,1083,1,235.98,829.78,0 20 91 21 33 37 68 56 39 84 23 22 1 34 43 92 0,34
PFG_MOEA,1083,2,235.98,829.78,0 99 0,99
PFG_MOEA,1083,3,235.98,829.78,0 4 80 53 66 94 45 24 51 49 32 3 36 54 70 72 67 86 82 58 77 62 48 50 25 2 0,
PFG_MOEA,1083,4,235.98,829.78,0 12 73 14 11 83 96 26 10 89 59 44 38 47 69 28 46 7 0,26
PFG_MOEA,1083,5,235.98,829.78,0 79 5 29 90 65 6 87 52 60 61 97 75 13 27 0,
PFG_MOEA,1083,6,235.98,829.78,0 8 100 93 9 55 76 42 81 57 95 41 98 85 88 63 74 78 64 30 15 71 35 31 17 40 16 18 19 0,42 64
PFG_MOEA,1084,1,199.67,1096.55,0 5 29 90 65 6 87 52 60 61 97 75 7 14 73 12 99 2 25 50 48 0,6 52
PFG_MOEA,1084,2,199.67,1096.55,0 24 79 51 45 94 49 32 36 54 70 72 67 86 82 3 62 0,
PFG_MOEA,1084,3,199.67,1096.55,0 4 80 53 66 58 77 46 28 69 47 38 44 59 89 10 26 96 0,69
PFG_MOEA,1084,4,199.67,1096.55,0 8 100 93 81 55 9 76 42 83 11 98 41 95 57 0,
PFG_MOEA,1084,5,199.67,1096.55,0 20 91 21 33 37 18 16 40 35 71 15 30 64 78 74 63 88 85 0,63
PFG_MOEA,1084,6,199.67,1096.55,0 92 43 34 1 22 23 84 39 56 68 19 17 31 27 13 0,31
PFG_MOEA,1085,1,218.48,880.23,0 98 85 88 63 74 78 64 30 15 71 35 40 16 18 19 31 17 20 91 34 43 48 0,43 98
PFG_MOEA,1085,2,218.48,880.23,0 50 92 21 33 37 68 56 39 84 23 22 1 99 2 25 0,99
PFG_MOEA,1085,3,218.48,880.23,0 4 80 53 66 94 49 51 45 24 79 32 3 36 54 70 72 67 86 82 58 77 62 0,
PFG_MOEA,1085,4,218.48,880.23,0 93 9 100 8 7 46 0,
PFG_MOEA,1085,5,218.48,880.23,0 28 69 47 38 44 59 26 10 89 96 83 11 14 73 0,26
PFG_MOEA,1085,6,218.48,880.23,0 5 29 90 65 6 87 52 60 61 97 75 55 76 42 81 57 95 41 12 27 13 0,29 42
PFG_MOEA,1086,1,198.33,1121.84,0 13 27 12 41 95 78 64 30 15 71 35 40 16 18 19 31 17 20 91 0,
PFG_MOEA,1086,2,198.33,1121.84,0 50 48 92 22 23 84 39 56 68 37 33 21 34 43 0,
PFG_MOEA,1086,3,198.33,1121.84,0 4 80 53 66 94 49 51 45 24 79 32 54 36 3 1 99 2 25 0,2
PFG_MOEA,1086,4,198.33,1121.84,0 62 77 58 82 86 67 72 70 93 9 100 8 7 46 28 69 47 0,58 93
PFG_MOEA,1086,5,198.33,1121.84,0 73 98 85 88 63 74 14 11 83 96 44 38 59 26 10 89 5 29 90 0,11 26 63 98
PFG_MOEA,1086,6,198.33,1121.84,0 65 6 87 52 60 61 97 75 55 76 42 81 57 0,
PFG_MOEA,1087,1,205.55,1025.13,0 81 57 95 41 15 30 64 78 74 63 88 85 98 71 35 40 16 18 19 17 31 0,78
PFG_MOEA,1087,2,205.55,1025.13,0 20 91 21 33 37 68 56 39 84 23 22 1 99 34 43 92 53 80 4 0,99
PFG_MOEA,1087,3,205.55,1025.13,0 66 94 3 36 54 70 72 67 32 49 51 45 24 0,
PFG_MOEA,1087,4,205.55,1025.13,0 77 58 82 86 62 48 50 25 2 12 73 14 11 83 96 59 26 89 10 0,12 26 83
PFG_MOEA,1087,5,205.55,1025.13,0 44 38 47 69 28 46 7 75 97 61 60 52 87 6 65 90 29 5 79 0,
PFG_MOEA,1087,6,205.55,1025.13,0 13 27 8 100 93 9 55 76 42 0,76
PFG_MOEA,1088,1,353.71,825.55,0 66 94 49 51 45 24 0,
PFG_MOEA,1088,2,353.71,825.55,0 2 25 50 48 62 77 58 82 86 67 72 70 54 36 3 32 79 5 29 90 65 6 87 52 60 61 55 9 42 76 81 93 100 8 7 46 28 69 47 38 44 59 89 10 26 96 83 11 14 73 12 27 13 0,32 42 44
PFG_MOEA,1088,3,353.71,825.55,0 57 95 41 0,
PFG_MOEA,1088,4,353.71,825.55,0 97 75 98 85 88 63 74 78 64 30 15 71 35 31 17 40 16 18 19 20 91 21 33 37 68 56 39 84 23 22 1 34 43 92 0,64
PFG_MOEA,1088,5,353.71,825.55,0 99 0,
PFG_MOEA,1088,6,353.71,825.55,0 4 80 53 0,
PFG_MOEA,1089,1,207.02,1012.48,0 50 48 62 21 33 37 68 56 39 3 36 54 66 53 80 4 24 0,
PFG_MOEA,1089,2,207.02,1012.48,0 45 94 49 32 51 79 5 29 90 65 6 87 52 60 61 55 9 42 76 81 93 100 8 0,5 32 76
PFG_MOEA,1089,3,207.02,1012.48,0 7 46 28 69 47 38 44 59 89 10 26 96 83 11 14 73 12 0,
PFG_MOEA,1089,4,207.02,1012.48,0 97 75 98 85 88 63 74 78 64 30 15 41 57 95 27 13 0,
PFG_MOEA,1089,5,207.02,1012.48,0 17 31 35 71 40 16 18 19 20 91 25 2 0,
PFG_MOEA,1089,6,207.02,1012.48,0 92 43 34 99 1 84 23 22 70 72 67 86 82 58 77 0,
PFG_MOEA,1090,1,207.74,922.35,0 76 42 57 95 41 98 85 88 63 74 78 64 30 15 71 35 31 17 40 16 18 0,18 42 63 98
PFG_MOEA,1090,2,207.74,922.35,0 19 91 21 33 37 68 56 39 84 23 22 1 99 34 43 92 53 4 0,
PFG_MOEA,1090,3,207.74,922.35,0 80 66 0,
PFG_MOEA,1090,4,207.74,922.35,0 24 51 45 94 49 32 36 54 70 72 67 82 86 3 58 77 62 48 50 25 20 0,67
PFG_MOEA,1090,5,207.74,922.35,0 2 13 27 12 73 14 11 83 96 26 10 89 59 44 38 47 69 28 46 7 75 97 0,2 11 69
PFG_MOEA,1090,6,207.74,922.35,0 79 90 65 6 87 52 5 29 60 61 93 55 9 81 100 8 0,5
PFG_MOEA,1091,1,204.74,1035.69,0 5 29 90 65 6 87 52 60 61 97 75 98 85 88 63 74 78 64 30 15 0,6
PFG_MOEA,1091,2,204.74,1035.69,0 20 91 19 17 31 71 35 40 16 18 68 37 33 21 34 43 92 48 50 0,18
PFG_MOEA,1091,3,204.74,1035.69,0 2 99 1 22 23 84 39 56 25 32 79 24 45 51 49 94 66 53 80 4 0,
PFG_MOEA,1091,4,204.74,1035.69,0 62 77 58 82 86 67 72 70 54 36 3 93 9 100 8 7 46 0,3
PFG_MOEA,1091,5,204.74,1035.69,0 28 69 47 38 44 59 26 10 89 96 83 0,26 96
PFG_MOEA,1091,6,204.74,1035.69,0 81 55 76 42 11 14 73 57 95 41 12 27 13 0,42
PFG_MOEA,1092,1,201.36,1069.24,0 27 12 73 14 11 83 96 26 10 89 59 44 38 47 69 28 46 0,83
PFG_MOEA,1092,2,201.36,1069.24,0 7 30 15 71 35 40 16 18 19 31 17 20 91 0,31
PFG_MOEA,1092,3,201.36,1069.24,0 25 2 99 34 43 92 1 84 23 22 70 72 67 86 82 58 77 50 0,
PFG_MOEA,1092,4,201.36,1069.24,0 4 80 53 66 54 36 3 39 56 68 37 33 21 62 48 0,36 62
PFG_MOEA,1092,5,201.36,1069.24,0 24 45 94 49 32 51 79 5 29 90 65 6 87 52 60 61 97 0,
PFG_MOEA,1092,6,201.36,1069.24,0 42 76 9 55 75 81 93 100 8 57 95 41 98 85 88 63 74 78 64 13 0,42 88
PFG_MOEA,1093,1,235.98,829.78,0 20 91 21 33 37 68 56 39 84 23 22 1 34 43 92 0,34
PFG_MOEA,1093,2,235.98,829.78,0 99 0,99
PFG_MOEA,1093,3,235.98,829.78,0 4 80 53 66 94 45 24 51 49 32 3 36 54 70 72 67 86 82 58 77 62 48 50 25 2 0,
PFG_MOEA,1093,4,235.98,829.78,0 12 73 14 11 83 96 26 10 89 59 44 38 47 69 28 46 7 0,26
PFG_MOEA,1093,5,235.98,829.78,0 79 5 29 90 65 6 87 52 60 61 97 75 13 27 0,
PFG_MOEA,1093,6,235.98,829.78,0 8 100 93 9 55 76 42 81 57 95 41 98 85 88 63 74 78 64 30 15 71 35 31 17 40 16 18 19 0,42 64
PFG_MOEA,1094,1,199.67,1096.55,0 5 29 90 65 6 87 52 60 61 97 75 7 14 73 12 99 2 25 50 48 0,6 52
PFG_MOEA,1094,2,199.67,1096.55,0 24 79 51 45 94 49 32 36 54 70 72 67 86 82 3 62 0,
PFG_MOEA,1094,3,199.67,1096.55,0 4 80 53 66 58 77 46 28 69 47 38 44 59 89 10 26 96 0,69
PFG_MOEA,1094,4,199.67,1096.55,0 8 100 93 81 55 9 76 42 83 11 98 41 95 57 0,
PFG_MOEA,1094,5,199.67,1096.55,0 20 91 21 33 37 18 16 40 35 71 15 30 64 78 74 63 88 85 0,63
PFG_MOEA,1094,6,199.67,1096.55,0 92 43 34 1 22 23 84 39 56 68 19 17 31 27 13 0,31
PFG_MOEA,1095,1,218.48,880.23,0 98 85 88 63 74 78 64 30 15 71 35 40 16 18 19 31 17 20 91 34 43 48 0,43 98
PFG_MOEA,1095,2,218.48,880.23,0 50 92 21 33 37 68 56 39 84 23 22 1 99 2 25 0,99
PFG_MOEA,1095,3,218.48,880.23,0 4 80 53 66 94 49 51 45 24 79 32 3 36 54 70 72 67 86 82 58 77 62 0,
PFG_MOEA,1095,4,218.48,880.23,0 93 9 100 8 7 46 0,
PFG_MOEA,1095,5,218.48,880.23,0 28 69 47 38 44 59 26 10 89 96 83 11 14 73 0,26
PFG_MOEA,1095,6,218.48,880.23,0 5 29 90 65 6 87 52 60 61 97 75 55 76 42 81 57 95 41 12 27 13 0,29 42
PFG_MOEA,1096,1,198.33,1121.84,0 13 27 12 41 95 78 64 30 15 71 35 40 16 18 19 31 17 20 91 0,
PFG_MOEA,1096,2,198.33,1121.84,0 50 48 92 22 23 84 39 56 68 37 33 21 34 43 0,
PFG_MOEA,1096,3,198.33,1121.84,0 4 80 53 66 94 49 51 45 24 79 32 54 36 3 1 99 2 25 0,2
PFG_MOEA,1096,4,198.33,1121.84,0 62 77 58 82 86 67 72 70 93 9 100 8 7 46 28 69 47 0,58 93
PFG_MOEA,1096,5,198.33,1121.84,0 73 98 85 88 63 74 14 11 83 96 44 38 59 26 10 89 5 29 90 0,11 26 63 98
PFG_MOEA,1096,6,198.33,1121.84,0 65 6 87 52 60 61 97 75 55 76 42 81 57 0,
PFG_MOEA,1097,1,205.55,1025.13,0 81 57 95 41 15 30 64 78 74 63 88 85 98 71 35 40 16 18 19 17 31 0,78
PFG_MOEA,1097,2,205.55,1025.13,0 20 91 21 33 37 68 56 39 84 23 22 1 99 34 43 92 53 80 4 0,99
PFG_MOEA,1097,3,205.55,1025.13,0 66 94 3 36 54 70 72 67 32 49 51 45 24 0,
PFG_MOEA,1097,4,205.55,1025.13,0 77 58 82 86 62 48 50 25 2 12 73 14 11 83 96 59 26 89 10 0,12 26 83
PFG_MOEA,1097,5,205.55,1025.13,0 44 38 47 69 28 46 7 75 97 61 60 52 87 6 65 90 29 5 79 0,
PFG_MOEA,1097,6,205.55,1025.13,0 13 27 8 100 93 9 55 76 42 0,76
PFG_MOEA,1098,1,353.71,825.55,0 66 94 49 51 45 24 0,
PFG_MOEA,1098,2,353.71,825.55,0 2 25 50 48 62 77 58 82 86 67 72 70 54 36 3 32 79 5 29 90 65 6 87 52 60 61 55 9 42 76 81 93 100 8 7 46 28 69 47 38 44 59 89 10 26 96 83 11 14 73 12 27 13 0,32 42 44
PFG_MOEA,1098,3,353.71,825.55,0 57 95 41 0,
PFG_MOEA,1098,4,353.71,825.55,0 97 75 98 85 88 63 74 78 64 30 15 71 35 31 17 40 16 18 19 20 91 21 33 37 68 56 39 84 23 22 1 34 43 92 0,64
PFG_MOEA,1098,5,353.71,825.55,0 99 0,
PFG_MOEA,1098,6,353.71,825.55,0 4 80 53 0,
PFG_MOEA,1099,1,207.02,1012.48,0 50 48 62 21 33 37 68 56 39 3 36 54 66 53 80 4 24 0,
PFG_MOEA,1099,2,207.02,1012.48,0 45 94 49 32 51 79 5 29 90 65 6 87 52 60 61 55 9 42 76 81 93 100 8 0,5 32 76
PFG_MOEA,1099,3,207.02,1012.48,0 7 46 28 69 47 38 44 59 89 10 26 96 83 11 14 73 12 0,
PFG_MOEA,1099,4,207.02,1012.48,0 97 75 98 85 88 63 74 78 64 30 15 41 57 95 27 13 0,
PFG_MOEA,1099,5,207.02,1012.48,0 17 31 35 71 40 16 18 19 20 91 25 2 0,
PFG_MOEA,1099,6,207.02,1012.48,0 92 43 34 99 1 84 23 22 70 72 67 86 82 58 77 0,
PFG_MOEA,1100,1,207.74,922.35,0 76 42 57 95 41 98 85 88 63 74 78 64 30 15 71 35 31 17 40 16 18 0,18 42 63 98
PFG_MOEA,1100,2,207.74,922.35,0 19 91 21 33 37 68 56 39 84 23 22 1 99 34 43 92 53 4 0,
PFG_MOEA,1100,3,207.74,922.35,0 80 66 0,
PFG_MOEA,1100,4,207.74,922.35,0 24 51 45 94 49 32 36 54 70 72 67 82 86 3 58 77 62 48 50 25 20 0,67
PFG_MOEA,1100,5,207.74,922.35,0 2 13 27 12 73 14 11 83 96 26 10 89 59 44 38 47 69 28 46 7 75 97 0,2 11 69
PFG_MOEA,1100,6,207.74,922.35,0 79 90 65 6 87 52 5 29 60 61 93 55 9 81 100 8 0,5
PFG_MOEA,1101,1,204.74,1035.69,0 5 29 90 65 6 87 52 60 61 97 75 98 85 88 63 74 78 64 30 15 0,6
PFG_MOEA,1101,2,204.74,1035.69,0 20 91 19 17 31 71 35 40 16 18 68 37 33 21 34 43 92 48 50 0,18
PFG_MOEA,1101,3,204.74,1035.69,0 2 99 1 22 23 84 39 56 25 32 79 24 45 51 49 94 66 53 80 4 0,
PFG_MOEA,1101,4,204.74,1035.69,0 62 77 58 82 86 67 72 70 54 36 3 93 9 100 8 7 46 0,3
PFG_MOEA,1101,5,204.74,1035.69,0 28 69 47 38 44 59 26 10 89 96 83 0,26 96
PFG_MOEA,1101,6,204.74,1035.69,0 81 55 76 42 11 14 73 57 95 41 12 27 13 0,42
PFG_MOEA,1102,1,201.36,1069.24,0 27 12 73 14 11 83 96 26 10 89 59 44 38 47 69 28 46 0,83
PFG_MOEA,1102,2,201.36,1069.24,0 7 30 15 71 35 40 16 18 19 31 17 20 91 0,31
PFG_MOEA,1102,3,201.36,1069.24,0 25 2 99 34 43 92 1 84 23 22 70 72 67 86 82 58 77 50 0,
PFG_MOEA,1102,4,201.36,1069.24,0 4 80 53 66 54 36 3 39 56 68 37 33 21 62 48 0,36 62
PFG_MOEA,1102,5,201.36,1069.24,0 24 45 94 49 32 51 79 5 29 90 65 6 87 52 60 61 97 0,
PFG_MOEA,1102,6,201.36,1069.24,0 42 76 9 55 75 81 93 100 8 57 95 41 98 85 88 63 74 78 64 13 0,42 88
PFG_MOEA,1103,1,235.98,829.78,0 20 91 21 33 37 68 56 39 84 23 22 1 34 43 92 0,34
PFG_MOEA,1103,2,235.98,829.78,0 99 0,99
PFG_MOEA,1103,3,235.98,829.78,0 4 80 53 66 94 45 24 51 49 32 3 36 54 70 72 67 86 82 58 77 62 48 50 25 2 0,
PFG_MOEA,1103,4,235.98,829.78,0 12 73 14 11 83 96 26 10 89 59 44 38 47 69 28 46 7 0,26
PFG_MOEA,1103,5,235.98,829.78,0 79 5 29 90 65 6 87 52 60 61 97 75 13 27 0,
PFG_MOEA,1103,6,235.98,829.78,0 8 100 93 9 55 76 42 81 57 95 41 98 85 88 63 74 78 64 30 15 71 35 31 17 40 16 18 19 0,42 64
PFG_MOEA,1104,1,199.67,1096.55,0 5 29 90 65 6 87 52 60 61 97 75 7 14 73 12 99 2 25 50 48 0,6 52
PFG_MOEA,1104,2,199.67,1096.55,0 24 79 51 45 94 49 32 36 54 70 72 67 86 82 3 62 0,
PFG_MOEA,1104,3,199.67,1096.55,0 4 80 53 66 58 77 46 28 69 47 38 44 59 89 10 26 96 0,69
PFG_MOEA,1104,4,199.67,1096.55,0 8 100 93 81 55 9 76 42 83 11 98 41 95 57 0,
PFG_MOEA,1104,5,199.67,1096.55,0 20 91 21 33 37 18 16 40 35 71 15 30 64 78 74 63 88 85 0,63
PFG_MOEA,1104,6,199.67,1096.55,0 92 43 34 1 22 23 84 39 56 68 19 17 31 27 13 0,31
PFG_MOEA,1105,1,218.48,880.23,0 98 85 88 63 74 78 64 30 15 71 35 40 16 18 19 31 17 20 91 34 43 48 0,43 98
PFG_MOEA,1105,2,218.48,880.23,0 50 92 21 33 37 68 56 39 84 23 22 1 99 2 25 0,99
PFG_MOEA,1105,3,218.48,880.23,0 4 80 53 66 94 49 51 45 24 79 32 3 36 54 70 72 67 86 82 58 77 62 0,
PFG_MOEA,1105,4,218.48,880.23,0 93 9 100 8 7 46 0,
PFG_MOEA,1105,5,218.48,880.23,0 28 69 47 38 44 59 26 10 89 96 83 11 14 73 0,26
PFG_MOEA,1105,6,218.48,880.23,0 5 29 90 65 6 87 52 60 61 97 75 55 76 42 81 57 95 41 12 27 13 0,29 42
PFG_MOEA,1106,1,198.33,1121.84,0 13 27 12 41 95 78 64 30 15 71 35 40 16 18 19 31 17 20 91 0,
PFG_MOEA,1106,2,198.33,1121.84,0 50 48 92 22 23 84 39 56 68 37 33 21 34 43 0,
PFG_MOEA,1106,3,198.33,1121.84,0 4 80 53 66 94 49 51 45 24 79 32 54 36 3 1 99 2 25 0,2
PFG_MOEA,1106,4,198.33,1121.84,0 62 77 58 82 86 67 72 70 93 9 100 8 7 46 28 69 47 0,58 93
PFG_MOEA,1106,5,198.33,1121.84,0 73 98 85 88 63 74 14 11 83 96 44 38 59 26 10 89 5 29 90 0,11 26 63 98
PFG_MOEA,1106,6,198.33,1121.84,0 65 6 87 52 60 61 97 75 55 76 42 81 57 0,
PFG_MOEA,1107,1,205.55,1025.13,0 81 57 95 41 15 30 64 78 74 63 88 85 98 71 35 40 16 18 19 17 31 0,78
PFG_MOEA,1107,2,205.55,1025.13,0 20 91 21 33 37 68 56 39 84 23 22 1 99 34 43 92 53 80 4 0,99
PFG_MOEA,1107,3,205.55,1025.13,0 66 94 3 36 54 70 72 67 32 49 51 45 24 0,
PFG_MOEA,1107,4,205.55,1025.13,0 77 58 82 86 62 48 50 25 2 12 73 14 11 83 96 59 26 89 10 0,12 26 83
PFG_MOEA,1107,5,205.55,1025.13,0 44 38 47 69 28 46 7 75 97 61 60 52 87 6 65 90 29 5 79 0,
PFG_MOEA,1107,6,205.55,1025.13,0 13 27 8 100 93 9 55 76 42 0,76
PFG_MOEA,1108,1,353.71,825.55,0 66 94 49 51 45 24 0,
PFG_MOEA,1108,2,353.71,825.55,0 2 25 50 48 62 77 58 82 86 67 72 70 54 36 3 32 79 5 29 90 65 6 87 52 60 61 55 9 42 76 81 93 100 8 7 46 28 69 47 38 44 59 89 10 26 96 83 11 14 73 12 27 13 0,32 42 44
PFG_MOEA,1108,3,353.71,825.55,0 57 95 41 0,
PFG_MOEA,1108,4,353.71,825.55,0 97 75 98 85 88 63 74 78 64 30 15 71 35 31 17 40 16 18 19 20 91 21 33 37 68 56 39 84 23 22 1 34 43 92 0,64
PFG_MOEA,1108,5,353.71,825.55,0 99 0,
PFG_MOEA,1108,6,353.71,825.55,0 4 80 53 0,
PFG_MOEA,1109,1,207.02,1012.48,0 50 48 62 21 33 37 68 56 39 3 36 54 66 53 80 4 24 0,
PFG_MOEA,1109,2,207.02,1012.48,0 45 94 49 32 51 79 5 29 90 65 6 87 52 60 61 55 9 42 76 81 93 100 8 0,5 32 76
PFG_MOEA,1109,3,207.02,1012.48,0 7 46 28 69 47 38 44 59 89 10 26 96 83 11 14 73 12 0,
PFG_MOEA,1109,4,207.02,1012.48,0 97 75 98 85 88 63 74 78 64 30 15 41 57 95 27 13 0,
PFG_MOEA,1109,5,207.02,1012.48,0 17 31 35 71 40 16 18 19 20 91 25 2 0,
PFG_MOEA,1109,6,207.02,1012.48,0 92 43 34 99 1 84 23 22 70 72 67 86 82 58 77 0,
PFG_MOEA,1110,1,207.74,922.35,0 76 42 57 95 41 98 85 88 63 74 78 64 30 15 71 35 31 17 40 16 18 0,18 42 63 98
PFG_MOEA,1110,2,207.74,922.35,0 19 91 21 33 37 68 56 39 84 23 22 1 99 34 43 92 53 4 0,
PFG_MOEA,1110,3,207.74,922.35,0 80 66 0,
PFG_MOEA,1110,4,207.74,922.35,0 24 51 45 94 49 32 36 54 70 72 67 82 86 3 58 77 62 48 50 25 20 0,67
PFG_MOEA,1110,5,207.74,922.35,0 2 13 27 12 73 14 11 83 96 26 10 89 59 44 38 47 69 28 46 7 75 97 0,2 11 69
PFG_MOEA,1110,6,207.74,922.35,0 79 90 65 6 87 52 5 29 60 61 93 55 9 81 100 8 0,5
PFG_MOEA,1111,1,204.74,1035.69,0 5 29 90 65 6 87 52 60 61 97 75 98 85 88 63 74 78 64 30 15 0,6
PFG_MOEA,1111,2,204.74,1035.69,0 20 91 19 17 31 71 35 40 16 18 68 37 33 21 34 43 92 48 50 0,18
PFG_MOEA,1111,3,204.74,1035.69,0 2 99 1 22 23 84 39 56 25 32 79 24 45 51 49 94 66 53 80 4 0,
PFG_MOEA,1111,4,204.74,1035.69,0 62 77 58 82 86 67 72 70 54 36 3 93 9 100 8 7 46 0,3
PFG_MOEA,1111,5,204.74,1035.69,0 28 69 47 38 44 59 26 10 89 96 83 0,26 96
PFG_MOEA,1111,6,204.74,1035.69,0 81 55 76 42 11 14 73 57 95 41 12 27 13 0,42
PFG_MOEA,1112,1,201.36,1069.24,0 27 12 73 14 11 83 96 26 10 89 59 44 38 47 69 28 46 0,83
PFG_MOEA,1112,2,201.36,1069.24,0 7 30 15 71 35 40 16 18 19 31 17 20 91 0,31
PFG_MOEA,1112,3,201.36,1069.24,0 25 2 99 34 43 92 1 84 23 22 70 72 67 86 82 58 77 50 0,
PFG_MOEA,1112,4,201.36,1069.24,0 4 80 53 66 54 36 3 39 56 68 37 33 21 62 48 0,36 62
PFG_MOEA,1112,5,201.36,1069.24,0 24 45 94 49 32 51 79 5 29 90 65 6 87 52 60 61 97 0,
PFG_MOEA,1112,6,201.36,1069.24,0 42 76 9 55 75 81 93 100 8 57 95 41 98 85 88 63 74 78 64 13 0,42 88
PFG_MOEA,1113,1,235.98,829.78,0 20 91 21 33 37 68 56 39 84 23 22 1 34 43 92 0,34
PFG_MOEA,1113,2,235.98,829.78,0 99 0,99
PFG_MOEA,1113,3,235.98,829.78,0 4 80 53 66 94 45 24 51 49 32 3 36 54 70 72 67 86 82 58 77 62 48 50 25 2 0,
PFG_MOEA,1113,4,235.98,829.78,0 12 73 14 11 83 96 26 10 89 59 44 38 47 69 28 46 7 0,26
PFG_MOEA,1113,5,235.98,829.78,0 79 5 29 90 65 6 87 52 60 61 97 75 13 27 0,
PFG_MOEA,1113,6,235.98,829.78,0 8 100 93 9 55 76 42 81 57 95 41 98 85 88 63 74 78 64 30 15 71 35 31 17 40 16 18 19 0,42 64
PFG_MOEA,1114,1,199.67,1096.55,0 5 29 90 65 6 87 52 60 61 97 75 7 14 73 12 99 2 25 50 48 0,6 52
PFG_MOEA,1114,2,199.67,1096.55,0 24 79 51 45 94 49 32 36 54 70 72 67 86 82 3 62 0,
PFG_MOEA,1114,3,199.67,1096.55,0 4 80 53 66 58 77 46 28 69 47 38 44 59 89 10 26 96 0,69
PFG_MOEA,1114,4,199.67,1096.55,0 8 100 93 81 55 9 76 42 83 11 98 41 95 57 0,
PFG_MOEA,1114,5,199.67,1096.55,0 20 91 21 33 37 18 16 40 35 71 15 30 64 78 74 63 88 85 0,63
PFG_MOEA,1114,6,199.67,1096.55,0 92 43 34 1 22 23 84 39 56 68 19 17 31 27 13 0,31
PFG_MOEA,1115,1,218.48,880.23,0 98 85 88 63 74 78 64 30 15 71 35 40 16 18 19 31 17 20 91 34 43 48 0,43 98
PFG_MOEA,1115,2,218.48,880.23,0 50 92 21 33 37 68 56 39 84 23 22 1 99 2 25 0,99
PFG_MOEA,1115,3,218.48,880.23,0 4 80 53 66 94 49 51 45 24 79 32 3 36 54 70 72 67 86 82 58 77 62 0,
PFG_MOEA,1115,4,218.48,880.23,0 93 9 100 8 7 46 0,
PFG_MOEA,1115,5,218.48,880.23,0 28 69 47 38 44 59 26 10 89 96 83 11 14 73 0,26
PFG_MOEA,1115,6,218.48,880.23,0 5 29 90 65 6 87 52 60 61 97 75 55 76 42 81 57 95 41 12 27 13 0,29 42
PFG_MOEA,1116,1,198.33,1121.84,0 13 27 12 41 95 78 64 30 15 71 35 40 16 18 19 31 17 20 91 0,
PFG_MOEA,1116,2,198.33,1121.84,0 50 48 92 22 23 84 39 56 68 37 33 21 34 43 0,
PFG_MOEA,1116,3,198.33,1121.84,0 4 80 53 66 94 49 51 45 24 79 32 54 36 3 1 99 2 25 0,2
PFG_MOEA,1116,4,198.33,1121.84,0 62 77 58 82 86 67 72 70 93 9 100 8 7 46 28 69 47 0,58 93
PFG_MOEA,1116,5,198.33,1121.84,0 73 98 85 88 63 74 14 11 83 96 44 38 59 26 10 89 5 29 90 0,11 26 63 98
PFG_MOEA,1116,6,198.33,1121.84,0 65 6 87 52 60 61 97 75 55 76 42 81 57 0,
PFG_MOEA,1117,1,205.55,1025.13,0 81 57 95 41 15 30 64 78 74 63 88 85 98 71 35 40 16 18 19 17 31 0,78
PFG_MOEA,1117,2,205.55,1025.13,0 20 91 21 33 37 68 56 39 84 23 22 1 99 34 43 92 53 80 4 0,99
PFG_MOEA,1117,3,205.55,1025.13,0 66 94 3 36 54 70 72 67 32 49 51 45 24 0,
PFG_MOEA,1117,4,205.55,1025.13,0 77 58 82 86 62 48 50 25 2 12 73 14 11 83 96 59 26 89 10 0,12 26 83
PFG_MOEA,1117,5,205.55,1025.13,0 44 38 47 69 28 46 7 75 97 61 60 52 87 6 65 90 29 5 79 0,
PFG_MOEA,1117,6,205.55,1025.13,0 13 27 8 100 93 9 55 76 42 0,76
PFG_MOEA,1118,1,353.71,825.55,0 66 94 49 51 45 24 0,
PFG_MOEA,1118,2,353.71,825.55,0 2 25 50 48 62 77 58 82 86 67 72 70 54 36 3 32 79 5 29 90 65 6 87 52 60 61 55 9 42 76 81 93 100 8 7 46 28 69 47 38 44 59 89 10 26 96 83 11 14 73 12 27 13 0,32 42 44
PFG_MOEA,1118,3,353.71,825.55,0 57 95 41 0,
PFG_MOEA,1118,4,353.71,825.55,0 97 75 98 85 88 63 74 78 64 30 15 71 35 31 17 40 16 18 19 20 91 21 33 37 68 56 39 84 23 22 1 34 43 92 0,64
PFG_MOEA,1118,5,353.71,825.55,0 99 0,
PFG_MOEA,1118,6,353.71,825.55,0 4 80 53 0,
PFG_MOEA,1119,1,207.02,1012.48,0 50 48 62 21 33 37 68 56 39 3 36 54 66 53 80 4 24 0,
PFG_MOEA,1119,2,207.02,1012.48,0 45 94 49 32 51 79 5 29 90 65 6 87 52 60 61 55 9 42 76 81 93 100 8 0,5 32 76
PFG_MOEA,1119,3,207.02,1012.48,0 7 46 28 69 47 38 44 59 89 10 26 96 83 11 14 73 12 0,
PFG_MOEA,1119,4,207.02,1012.48,0 97 75 98 85 88 63 74 78 64 30 15 41 57 95 27 13 0,
PFG_MOEA,1119,5,207.02,1012.48,0 17 31 35 71 40 16 18 19 20 91 25 2 0,
PFG_MOEA,1119,6,207.02,1012.48,0 92 43 34 99 1 84 23 22 70 72 67 86 82 58 77 0,
PFG_MOEA,1120,1,207.74,922.35,0 76 42 57 95 41 98 85 88 63 74 78 64 30 15 71 35 31 17 40 16 18 0,18 42 63 98
PFG_MOEA,1120,2,207.74,922.35,0 19 91 21 33 37 68 56 39 84 23 22 1 99 34 43 92 53 4 0,
PFG_MOEA,1120,3,207.74,922.35,0 80 66 0,
PFG_MOEA,1120,4,207.74,922.35,0 24 51 45 94 49 32 36 54 70 72 67 82 86 3 58 77 62 48 50 25 20 0,67
PFG_MOEA,1120,5,207.74,922.35,0 2 13 27 12 73 14 11 83 96 26 10 89 59 44 38 47 69 28 46 7 75 97 0,2 11 69
PFG_MOEA,1120,6,207.74,922.35,0 79 90 65 6 87 52 5 29 60 61 93 55 9 81 100 8 0,5
PFG_MOEA,1121,1,204.74,1035.69,0 5 29 90 65 6 87 52 60 61 97 75 98 85 88 63 74 78 64 30 15 0,6
PFG_MOEA,1121,2,204.74,1035.69,0 20 91 19 17 31 71 35 40 16 18 68 37 33 21 34 43 92 48 50 0,18
PFG_MOEA,1121,3,204.74,1035.69,0 2 99 1 22 23 84 39 56 25 32 79 24 45 51 49 94 66 53 80 4 0,
PFG_MOEA,1121,4,204.74,1035.69,0 62 77 58 82 86 67 72 70 54 36 3 93 9 100 8 7 46 0,3
PFG_MOEA,1121,5,204.74,1035.69,0 28 69 47 38 44 59 26 10 89 96 83 0,26 96
PFG_MOEA,1121,6,204.74,1035.69,0 81 55 76 42 11 14 73 57 95 41 12 27 13 0,42
PFG_MOEA,1122,1,201.36,1069.24,0 27 12 73 14 11 83 96 26 10 89 59 44 38 47 69 28 46 0,83
PFG_MOEA,1122,2,201.36,1069.24,0 7 30 15 71 35 40 16 18 19 31 17 20 91 0,31
PFG_MOEA,1122,3,201.36,1069.24,0 25 2 99 34 43 92 1 84 23 22 70 72 67 86 82 58 77 50 0,
PFG_MOEA,1122,4,201.36,1069.24,0 4 80 53 66 54 36 3 39 56 68 37 33 21 62 48 0,36 62
PFG_MOEA,1122,5,201.36,1069.24,0 24 45 94 49 32 51 79 5 29 90 65 6 87 52 60 61 97 0,
PFG_MOEA,1122,6,201.36,1069.24,0 42 76 9 55 75 81 93 100 8 57 95 41 98 85 88 63 74 78 64 13 0,42 88
PFG_MOEA,1123,1,235.98,829.78,0 20 91 21 33 37 68 56 39 84 23 22 1 34 43 92 0,34
PFG_MOEA,1123,2,235.98,829.78,0 99 0,99
PFG_MOEA,1123,3,235.98,829.78,0 4 80 53 66 94 45 24 51 49 32 3 36 54 70 72 67 86 82 58 77 62 48 50 25 2 0,
PFG_MOEA,1123,4,235.98,829.78,0 12 73 14 11 83 96 26 10 89 59 44 38 47 69 28 46 7 0,26
PFG_MOEA,1123,5,235.98,829.78,0 79 5 29 90 65 6 87 52 60 61 97 75 13 27 0,
PFG_MOEA,1123,6,235.98,829.78,0 8 100 93 9 55 76 42 81 57 95 41 98 85 88 63 74 78 64 30 15 71 35 31 17 40 16 18 19 0,42 64
PFG_MOEA,1124,1,199.67,1096.55,0 5 29 90 65 6 87 52 60 61 97 75 7 14 73 12 99 2 25 50 48 0,6 52
PFG_MOEA,1124,2,199.67,1096.55,0 24 79 51 45 94 49 32 36 54 70 72 67 86 82 3 62 0,
PFG_MOEA,1124,3,199.67,1096.55,0 4 80 53 66 58 77 46 28 69 47 38 44 59 89 10 26 96 0,69
PFG_MOEA,1124,4,199.67,1096.55,0 8 100 93 81 55 9 76 42 83 11 98 41 95 57 0,
PFG_MOEA,1124,5,199.67,1096.55,0 20 91 21 33 37 18 16 40 35 71 15 30 64 78 74 63 88 85 0,63
PFG_MOEA,1124,6,199.67,1096.55,0 92 43 34 1 22 23 84 39 56 68 19 17 31 27 13 0,31
PFG_MOEA,1125,1,218.48,880.23,0 98 85 88 63 74 78 64 30 15 71 35 40 16 18 19 31 17 20 91 34 43 48 0,43 98
PFG_MOEA,1125,2,218.48,880.23,0 50 92 21 33 37 68 56 39 84 23 22 1 99 2 25 0,99
PFG_MOEA,1125,3,218.48,880.23,0 4 80 53 66 94 49 51 45 24 79 32 3 36 54 70 72 67 86 82 58 77 62 0,
PFG_MOEA,1125,4,218.48,880.23,0 93 9 100 8 7 46 0,
PFG_MOEA,1125,5,218.48,880.23,0 28 69 47 38 44 59 26 10 89 96 83 11 14 73 0,26
PFG_MOEA,1125,6,218.48,880.23,0 5 29 90 65 6 87 52 60 61 97 75 55 76 42 81 57 95 41 12 27 13 0,29 42
PFG_MOEA,1126,1,198.33,1121.84,0 13 27 12 41 95 78 64 30 15 71 35 40 16 18 19 31 17 20 91 0,
PFG_MOEA,1126,2,198.33,1121.84,0 50 48 92 22 23 84 39 56 68 37 33 21 34 43 0,
PFG_MOEA,1126,3,198.33,1121.84,0 4 80 53 66 94 49 51 45 24 79 32 54 36 3 1 99 2 25 0,2
PFG_MOEA,1126,4,198.33,1121.84,0 62 77 58 82 86 67 72 70 93 9 100 8 7 46 28 69 47 0,58 93
PFG_MOEA,1126,5,198.33,1121.84,0 73 98 85 88 63 74 14 11 83 96 44 38 59 26 10 89 5 29 90 0,11 26 63 98
PFG_MOEA,1126,6,198.33,1121.84,0 65 6 87 52 60 61 97 75 55 76 42 81 57 0,
PFG_MOEA,1127,1,205.55,1025.13,0 81 57 95 41 15 30 64 78 74 63 88 85 98 71 35 40 16 18 19 17 31 0,78
PFG_MOEA,1127,2,205.55,1025.13,0 20 91 21 33 37 68 56 39 84 23 22 1 99 34 43 92 53 80 4 0,99
PFG_MOEA,1127,3,205.55,1025.13,0 66 94 3 36 54 70 72 67 32 49 51 45 24 0,
PFG_MOEA,1127,4,205.55,1025.13,0 77 58 82 86 62 48 50 25 2 12 73 14 11 83 96 59 26 89 10 0,12 26 83
PFG_MOEA,1127,5,205.55,1025.13,0 44 38 47 69 28 46 7 75 97 61 60 52 87 6 65 90 29 5 79 0,
PFG_MOEA,1127,6,205.55,1025.13,0 13 27 8 100 93 9 55 76 42 0,76
PFG_MOEA,1128,1,353.71,825.55,0 66 94 49 51 45 24 0,
PFG_MOEA,1128,2,353.71,825.55,0 2 25 50 48 62 77 58 82 86 67 72 70 54 36 3 32 79 5 29 90 65 6 87 52 60 61 55 9 42 76 81 93 100 8 7 46 28 69 47 38 44 59 89 10 26 96 83 11 14 73 12 27 13 0,32 42 44
PFG_MOEA,1128,3,353.71,825.55,0 57 95 41 0,
PFG_MOEA,1128,4,353.71,825.55,0 97 75 98 85 88 63 74 78 64 30 15 71 35 31 17 40 16 18 19 20 91 21 33 37 68 56 39 84 23 22 1 34 43 92 0,64
PFG_MOEA,1128,5,353.71,825.55,0 99 0,
PFG_MOEA,1128,6,353.71,825.55,0 4 80 53 0,
PFG_MOEA,1129,1,207.02,1012.48,0 50 48 62 21 33 37 68 56 39 3 36 54 66 53 80 4 24 0,
PFG_MOEA,1129,2,207.02,1012.48,0 45 94 49 32 51 79 5 29 90 65 6 87 52 60 61 55 9 42 76 81 93 100 8 0,5 32 76
PFG_MOEA,1129,3,207.02,1012.48,0 7 46 28 69 47 38 44 59 89 10 26 96 83 11 14 73 12 0,
PFG_MOEA,1129,4,207.02,1012.48,0 97 75 98 85 88 63 74 78 64 30 15 41 57 95 27 13 0,
PFG_MOEA,1129,5,207.02,1012.48,0 17 31 35 71 40 16 18 19 20 91 25 2 0,
PFG_MOEA,1129,6,207.02,1012.48,0 92 43 34 99 1 84 23 22 70 72 67 86 82 58 77 0,
PFG_MOEA,1130,1,207.74,922.35,0 76 42 57 95 41 98 85 88 63 74 78 64 30 15 71 35 31 17 40 16 18 0,18 42 63 98
PFG_MOEA,1130,2,207.74,922.35,0 19 91 21 33 37 68 56 39 84 23 22 1 99 34 43 92 53 4 0,
PFG_MOEA,1130,3,207.74,922.35,0 80 66 0,
PFG_MOEA,1130,4,207.74,922.35,0 24 51 45 94 49 32 36 54 70 72 67 82 86 3 58 77 62 48 50 25 20 0,67
PFG_MOEA,1130,5,207.74,922.35,0 2 13 27 12 73 14 11 83 96 26 10 89 59 44 38 47 69 28 46 7 75 97 0,2 11 69
PFG_MOEA,1130,6,207.74,922.35,0 79 90 65 6 87 52 5 29 60 61 93 55 9 81 100 8 0,5
PFG_MOEA,1131,1,204.74,1035.69,0 5 29 90 65 6 87 52 60 61 97 75 98 85 88 63 74 78 64 30 15 0,6
PFG_MOEA,1131,2,204.74,1035.69,0 20 91 19 17 31 71 35 40 16 18 68 37 33 21 34 43 92 48 50 0,18
PFG_MOEA,1131,3,204.74,1035.69,0 2 99 1 22 23 84 39 56 25 32 79 24 45 51 49 94 66 53 80 4 0,
PFG_MOEA,1131,4,204.74,1035.69,0 62 77 58 82 86 67 72 70 54 36 3 93 9 100 8 7 46 0,3
PFG_MOEA,1131,5,204.74,1035.69,0 28 69 47 38 44 59 26 10 89 96 83 0,26 96
PFG_MOEA,1131,6,204.74,1035.69,0 81 55 76 42 11 14 73 57 95 41 12 27 13 0,42
PFG_MOEA,1132,1,201.36,1069.24,0 27 12 73 14 11 83 96 26 10 89 59 44 38 47 69 28 46 0,83
PFG_MOEA,1132,2,201.36,1069.24,0 7 30 15 71 35 40 16 18 19 31 17 20 91 0,31
PFG_MOEA,1132,3,201.36,1069.24,0 25 2 99 34 43 92 1 84 23 22 70 72 67 86 82 58 77 50 0,
PFG_MOEA,1132,4,201.36,1069.24,0 4 80 53 66 54 36 3 39 56 68 37 33 21 62 48 0,36 62
PFG_MOEA,1132,5,201.36,1069.24,0 24 45 94 49 32 51 79 5 29 90 65 6 87 52 60 61 97 0,
PFG_MOEA,1132,6,201.36,1069.24,0 42 76 9 55 75 81 93 100 8 57 95 41 98 85 88 63 74 78 64 13 0,42 88
PFG_MOEA,1133,1,235.98,829.78,0 20 91 21 33 37 68 56 39 84 23 22 1 34 43 92 0,34
PFG_MOEA,1133,2,235.98,829.78,0 99 0,99
PFG_MOEA,1133,3,235.98,829.78,0 4 80 53 66 94 45 24 51 49 32 3 36 54 70 72 67 86 82 58 77 62 48 50 25 2 0,
PFG_MOEA,1133,4,235.98,829.78,0 12 73 14 11 83 96 26 10 89 59 44 38 47 69 28 46 7 0,26
PFG_MOEA,1133,5,235.98,829.78,0 79 5 29 90 65 6 87 52 60 61 97 75 13 27 0,
PFG_MOEA,1133,6,235.98,829.78,0 8 100 93 9 55 76 42 81 57 95 41 98 85 88 63 74 78 64 30 15 71 35 31 17 40 16 18 19 0,42 64
PFG_MOEA,1134,1,199.67,1096.55,0 5 29 90 65 6 87 52 60 61 97 75 7 14 73 12 99 2 25 50 48 0,6 52
PFG_MOEA,1134,2,199.67,1096.55,0 24 79 51 45 94 49 32 36 54 70 72 67 86 82 3 62 0,
PFG_MOEA,1134,3,199.67,1096.55,0 4 80 53 66 58 77 46 28 69 47 38 44 59 89 10 26 96 0,69
PFG_MOEA,1134,4,199.67,1096.55,0 8 100 93 81 55 9 76 42 83 11 98 41 95 57 0,
PFG_MOEA,1134,5,199.67,1096.55,0 20 91 21 33 37 18 16 40 35 71 15 30 64 78 74 63 88 85 0,63
PFG_MOEA,1134,6,199.67,1096.55,0 92 43 34 1 22 23 84 39 56 68 19 17 31 27 13 0,31
PFG_MOEA,1135,1,218.48,880.23,0 98 85 88 63 74 78 64 30 15 71 35 40 16 18 19 31 17 20 91 34 43 48 0,43 98
PFG_MOEA,1135,2,218.48,880.23,0 50 92 21 33 37 68 56 39 84 23 22 1 99 2 25 0,99
PFG_MOEA,1135,3,218.48,880.23,0 4 80 53 66 94 49 51 45 24 79 32 3 36 54 70 72 67 86 82 58 77 62 0,
PFG_MOEA,1135,4,218.48,880.23,0 93 9 100 8 7 46 0,
PFG_MOEA,1135,5,218.48,880.23,0 28 69 47 38 44 59 26 10 89 96 83 11 14 73 0,26
PFG_MOEA,1135,6,218.48,880.23,0 5 29 90 65 6 87 52 60 61 97 75 55 76 42 81 57 95 41 12 27 13 0,29 42
PFG_MOEA,1136,1,198.33,1121.84,0 13 27 12 41 95 78 64 30 15 71 35 40 16 18 19 31 17 20 91 0,
PFG_MOEA,1136,2,198.33,1121.84,0 50 48 92 22 23 84 39 56 68 37 33 21 34 43 0,
PFG_MOEA,1136,3,198.33,1121.84,0 4 80 53 66 94 49 51 45 24 79 32 54 36 3 1 99 2 25 0,2
PFG_MOEA,1136,4,198.33,1121.84,0 62 77 58 82 86 67 72 70 93 9 100 8 7 46 28 69 47 0,58 93
PFG_MOEA,1136,5,198.33,1121.84,0 73 98 85 88 63 74 14 11 83 96 44 38 59 26 10 89 5 29 90 0,11 26 63 98
PFG_MOEA,1136,6,198.33,1121.84,0 65 6 87 52 60 61 97 75 55 76 42 81 57 0,
PFG_MOEA,1137,1,205.55,1025.13,0 81 57 95 41 15 30 64 78 74 63 88 85 98 71 35 40 16 18 19 17 31 0,78
PFG_MOEA,1137,2,205.55,1025.13,0 20 91 21 33 37 68 56 39 84 23 22 1 99 34 43 92 53 80 4 0,99
PFG_MOEA,1137,3,205.55,1025.13,0 66 94 3 36 54 70 72 67 32 49 51 45 24 0,
PFG_MOEA,1137,4,205.55,1025.13,0 77 58 82 86 62 48 50 25 2 12 73 14 11 83 96 59 26 89 10 0,12 26 83
PFG_MOEA,1137,5,205.55,1025.13,0 44 38 47 69 28 46 7 75 97 61 60 52 87 6 65 90 29 5 79 0,
PFG_MOEA,1137,6,205.55,1025.13,0 13 27 8 100 93 9 55 76 42 0,76
PFG_MOEA,1138,1,353.71,825.55,0 66 94 49 51 45 24 0,
PFG_MOEA,1138,2,353.71,825.55,0 2 25 50 48 62 77 58 82 86 67 72 70 54 36 3 32 79 5 29 90 65 6 87 52 60 61 55 9 42 76 81 93 100 8 7 46 28 69 47 38 44 59 89 10 26 96 83 11 14 73 12 27 13 0,32 42 44
PFG_MOEA,1138,3,353.71,825.55,0 57 95 41 0,
PFG_MOEA,1138,4,353.71,825.55,0 97 75 98 85 88 63 74 78 64 30 15 71 35 31 17 40 16 18 19 20 91 21 33 37 68 56 39 84 23 22 1 34 43 92 0,64
PFG_MOEA,1138,5,353.71,825.55,0 99 0,
PFG_MOEA,1138,6,353.71,825.55,0 4 80 53 0,
PFG_MOEA,1139,1,207.02,1012.48,0 50 48 62 21 33 37 68 56 39 3 36 54 66 53 80 4 24 0,
PFG_MOEA,1139,2,207.02,1012.48,0 45 94 49 32 51 79 5 29 90 65 6 87 52 60 61 55 9 42 76 81 93 100 8 0,5 32 76
PFG_MOEA,1139,3,207.02,1012.48,0 7 46 28 69 47 38 44 59 89 10 26 96 83 11 14 73 12 0,
PFG_MOEA,1139,4,207.02,1012.48,0 97 75 98 85 88 63 74 78 64 30 15 41 57 95 27 13 0,
PFG_MOEA,1139,5,207.02,1012.48,0 17 31 35 71 40 16 18 19 20 91 25 2 0,
PFG_MOEA,1139,6,207.02,1012.48,0 92 43 34 99 1 84 23 22 70 72 67 86 82 58 77 0,
PFG_MOEA,1140,1,207.74,922.35,0 76 42 57 95 41 98 85 88 63 74 78 64 30 15 71 35 31 17 40 16 18 0,18 42 63 98
PFG_MOEA,1140,2,207.74,922.35,0 19 91 21 33 37 68 56 39 84 23 22 1 99 34 43 92 53 4 0,
PFG_MOEA,1140,3,207.74,922.35,0 80 66 0,
PFG_MOEA,1140,4,207.74,922.35,0 24 51 45 94 49 32 36 54 70 72 67 82 86 3 58 77 62 48 50 25 20 0,67
PFG_MOEA,1140,5,207.74,922.35,0 2 13 27 12 73 14 11 83 96 26 10 89 59 44 38 47 69 28 46 7 75 97 0,2 11 69
PFG_MOEA,1140,6,207.74,922.35,0 79 90 65 6 87 52 5 29 60 61 93 55 9 81 100 8 0,5
PFG_MOEA,1141,1,204.74,1035.69,0 5 29 90 65 6 87 52 60 61 97 75 98 85 88 63 74 78 64 30 15 0,6
PFG_MOEA,1141,2,204.74,1035.69,0 20 91 19 17 31 71 35 40 16 18 68 37 33 21 34 43 92 48 50 0,18
PFG_MOEA,1141,3,204.74,1035.69,0 2 99 1 22 23 84 39 56 25 32 79 24 45 51 49 94 66 53 80 4 0,
PFG_MOEA,1141,4,204.74,1035.69,0 62 77 58 82 86 67 72 70 54 36 3 93 9 100 8 7 46 0,3
PFG_MOEA,1141,5,204.74,1035.69,0 28 69 47 38 44 59 26 10 89 96 83 0,26 96
PFG_MOEA,1141,6,204.74,1035.69,0 81 55 76 42 11 14 73 57 95 41 12 27 13 0,42
PFG_MOEA,1142,1,201.36,1069.24,0 27 12 73 14 11 83 96 26 10 89 59 44 38 47 69 28 46 0,83
PFG_MOEA,1142,2,201.36,1069.24,0 7 30 15 71 35 40 16 18 19 31 17 20 91 0,31
PFG_MOEA,1142,3,201.36,1069.24,0 25 2 99 34 43 92 1 84 23 22 70 72 67 86 82 58 77 50 0,
PFG_MOEA,1142,4,201.36,1069.24,0 4 80 53 66 54 36 3 39 56 68 37 33 21 62 48 0,36 62
PFG_MOEA,1142,5,201.36,1069.24,0 24 45 94 49 32 51 79 5 29 90 65 6 87 52 60 61 97 0,
PFG_MOEA,1142,6,201.36,1069.24,0 42 76 9 55 75 81 93 100 8 57 95 41 98 85 88 63 74 78 64 13 0,42 88
PFG_MOEA,1143,1,235.98,829.78,0 20 91 21 33 37 68 56 39 84 23 22 1 34 43 92 0,34
PFG_MOEA,1143,2,235.98,829.78,0 99 0,99
PFG_MOEA,1143,3,235.98,829.78,0 4 80 53 66 94 45 24 51 49 32 3 36 54 70 72 67 86 82 58 77 62 48 50 25 2 0,
PFG_MOEA,1143,4,235.98,829.78,0 12 73 14 11 83 96 26 10 89 59 44 38 47 69 28 46 7 0,26
PFG_MOEA,1143,5,235.98,829.78,0 79 5 29 90 65 6 87 52 60 61 97 75 13 27 0,
PFG_MOEA,1143,6,235.98,829.78,0 8 100 93 9 55 76 42 81 57 95 41 98 85 88 63 74 78 64 30 15 71 35 31 17 40 16 18 19 0,42 64
PFG_MOEA,1144,1,199.67,1096.55,0 5 29 90 65 6 87 52 60 61 97 75 7 14 73 12 99 2 25 50 48 0,6 52
PFG_MOEA,1144,2,199.67,1096.55,0 24 79 51 45 94 49 32 36 54 70 72 67 86 82 3 62 0,
PFG_MOEA,1144,3,199.67,1096.55,0 4 80 53 66 58 77 46 28 69 47 38 44 59 89 10 26 96 0,69
PFG_MOEA,1144,4,199.67,1096.55,0 8 100 93 81 55 9 76 42 83 11 98 41 95 57 0,
PFG_MOEA,1144,5,199.67,1096.55,0 20 91 21 33 37 18 16 40 35 71 15 30 64 78 74 63 88 85 0,63
PFG_MOEA,1144,6,199.67,1096.55,0 92 43 34 1 22 23 84 39 56 68 19 17 31 27 13 0,31
PFG_MOEA,1145,1,218.48,880.23,0 98 85 88 63 74 78 64 30 15 71 35 40 16 18 19 31 17 20 91 34 43 48 0,43 98
PFG_MOEA,1145,2,218.48,880.23,0 50 92 21 33 37 68 56 39 84 23 22 1 99 2 25 0,99
PFG_MOEA,1145,3,218.48,880.23,0 4 80 53 66 94 49 51 45 24 79 32 3 36 54 70 72 67 86 82 58 77 62 0,
PFG_MOEA,1145,4,218.48,880.23,0 93 9 100 8 7 46 0,
PFG_MOEA,1145,5,218.48,880.23,0 28 69 47 38 44 59 26 10 89 96 83 11 14 73 0,26
PFG_MOEA,1145,6,218.48,880.23,0 5 29 90 65 6 87 52 60 61 97 75 55 76 42 81 57 95 41 12 27 13 0,29 42
PFG_MOEA,1146,1,198.33,1121.84,0 13 27 12 41 95 78 64 30 15 71 35 40 16 18 19 31 17 20 91 0,
PFG_MOEA,1146,2,198.33,1121.84,0 50 48 92 22 23 84 39 56 68 37 33 21 34 43 0,
PFG_MOEA,1146,3,198.33,1121.84,0 4 80 53 66 94 49 51 45 24 79 32 54 36 3 1 99 2 25 0,2
PFG_MOEA,1146,4,198.33,1121.84,0 62 77 58 82 86 67 72 70 93 9 100 8 7 46 28 69 47 0,58 93
PFG_MOEA,1146,5,198.33,1121.84,0 73 98 85 88 63 74 14 11 83 96 44 38 59 26 10 89 5 29 90 0,11 26 63 98
PFG_MOEA,1146,6,198.33,1121.84,0 65 6 87 52 60 61 97 75 55 76 42 81 57 0,
PFG_MOEA,1147,1,205.55,1025.13,0 81 57 95 41 15 30 64 78 74 63 88 85 98 71 35 40 16 18 19 17 31 0,78
PFG_MOEA,1147,2,205.55,1025.13,0 20 91 21 33 37 68 56 39 84 23 22 1 99 34 43 92 53 80 4 0,99
PFG_MOEA,1147,3,205.55,1025.13,0 66 94 3 36 54 70 72 67 32 49 51 45 24 0,
PFG_MOEA,1147,4,205.55,1025.13,0 77 58 82 86 62 48 50 25 2 12 73 14 11 83 96 59 26 89 10 0,12 26 83
PFG_MOEA,1147,5,205.55,1025.13,0 44 38 47 69 28 46 7 75 97 61 60 52 87 6 65 90 29 5 79 0,
PFG_MOEA,1147,6,205.55,1025.13,0 13 27 8 100 93 9 55 76 42 0,76
PFG_MOEA,1148,1,353.71,825.55,0 66 94 49 51 45 24 0,
PFG_MOEA,1148,2,353.71,825.55,0 2 25 50 48 62 77 58 82 86 67 72 70 54 36 3 32 79 5 29 90 65 6 87 52 60 61 55 9 42 76 81 93 100 8 7 46 28 69 47 38 44 59 89 10 26 96 83 11 14 73 12 27 13 0,32 42 44
PFG_MOEA,1148,3,353.71,825.55,0 57 95 41 0,
PFG_MOEA,1148,4,353.71,825.55,0 97 75 98 85 88 63 74 78 64 30 15 71 35 31 17 40 16 18 19 20 91 21 33 37 68 56 39 84 23 22 1 34 43 92 0,64
PFG_MOEA,1148,5,353.71,825.55,0 99 0,
PFG_MOEA,1148,6,353.71,825.55,0 4 80 53 0,
PFG_MOEA,1149,1,207.02,1012.48,0 50 48 62 21 33 37 68 56 39 3 36 54 66 53 80 4 24 0,
PFG_MOEA,1149,2,207.02,1012.48,0 45 94 49 32 51 79 5 29 90 65 6 87 52 60 61 55 9 42 76 81 93 100 8 0,5 32 76
PFG_MOEA,1149,3,207.02,1012.48,0 7 46 28 69 47 38 44 59 89 10 26 96 83 11 14 73 12 0,
PFG_MOEA,1149,4,207.02,1012.48,0 97 75 98 85 88 63 74 78 64 30 15 41 57 95 27 13 0,
PFG_MOEA,1149,5,207.02,1012.48,0 17 31 35 71 40 16 18 19 20 91 25 2 0,
PFG_MOEA,1149,6,207.02,1012.48,0 92 43 34 99 1 84 23 22 70 72 67 86 82 58 77 0,
PFG_MOEA,1150,1,207.74,922.35,0 76 42 57 95 41 98 85 88 63 74 78 64 30 15 71 35 31 17 40 16 18 0,18 42 63 98
PFG_MOEA,1150,2,207.74,922.35,0 19 91 21 33 37 68 56 39 84 23 22 1 99 34 43 92 53 4 0,
PFG_MOEA,1150,3,207.74,922.35,0 80 66 0,
PFG_MOEA,1150,4,207.74,922.35,0 24 51 45 94 49 32 36 54 70 72 67 82 86 3 58 77 62 48 50 25 20 0,67
PFG_MOEA,1150,5,207.74,922.35,0 2 13 27 12 73 14 11 83 96 26 10 89 59 44 38 47 69 28 46 7 75 97 0,2 11 69
PFG_MOEA,1150,6,207.74,922.35,0 79 90 65 6 87 52 5 29 60 61 93 55 9 81 100 8 0,5
PFG_MOEA,1151,1,204.74,1035.69,0 5 29 90 65 6 87 52 60 61 97 75 98 85 88 63 74 78 64 30 15 0,6
PFG_MOEA,1151,2,204.74,1035.69,0 20 91 19 17 31 71 35 40 16 18 68 37 33 21 34 43 92 48 50 0,18
PFG_MOEA,1151,3,204.74,1035.69,0 2 99 1 22 23 84 39 56 25 32 79 24 45 51 49 94 66 53 80 4 0,
PFG_MOEA,1151,4,204.74,1035.69,0 62 77 58 82 86 67 72 70 54 36 3 93 9 100 8 7 46 0,3
PFG_MOEA,1151,5,204.74,1035.69,0 28 69 47 38 44 59 26 10 89 96 83 0,26 96
PFG_MOEA,1151,6,204.74,1035.69,0 81 55 76 42 11 14 73 57 95 41 12 27 13 0,42
PFG_MOEA,1152,1,201.36,1069.24,0 27 12 73 14 11 83 96 26 10 89 59 44 38 47 69 28 46 0,83
PFG_MOEA,1152,2,201.36,1069.24,0 7 30 15 71 35 40 16 18 19 31 17 20 91 0,31
PFG_MOEA,1152,3,201.36,1069.24,0 25 2 99 34 43 92 1 84 23 22 70 72 67 86 82 58 77 50 0,
PFG_MOEA,1152,4,201.36,1069.24,0 4 80 53 66 54 36 3 39 56 68 37 33 21 62 48 0,36 62
PFG_MOEA,1152,5,201.36,1069.24,0 24 45 94 49 32 51 79 5 29 90 65 6 87 52 60 61 97 0,
PFG_MOEA,1152,6,201.36,1069.24,0 42 76 9 55 75 81 93 100 8 57 95 41 98 85 88 63 74 78 64 13 0,42 88
PFG_MOEA,1153,1,235.98,829.78,0 20 91 21 33 37 68 56 39 84 23 22 1 34 43 92 0,34
PFG_MOEA,1153,2,235.98,829.78,0 99 0,99
PFG_MOEA,1153,3,235.98,829.78,0 4 80 53 66 94 45 24 51 49 32 3 36 54 70 72 67 86 82 58 77 62 48 50 25 2 0,
PFG_MOEA,1153,4,235.98,829.78,0 12 73 14 11 83 96 26 10 89 59 44 38 47 69 28 46 7 0,26
PFG_MOEA,1153,5,235.98,829.78,0 79 5 29 90 65 6 87 52 60 61 97 75 13 27 0,
PFG_MOEA,1153,6,235.98,829.78,0 8 100 93 9 55 76 42 81 57 95 41 98 85 88 63 74 78 64 30 15 71 35 31 17 40 16 18 19 0,42 64
PFG_MOEA,1154,1,199.67,1096.55,0 5 29 90 65 6 87 52 60 61 97 75 7 14 73 12 99 2 25 50 48 0,6 52
PFG_MOEA,1154,2,199.67,1096.55,0 24 79 51 45 94 49 32 36 54 70 72 67 86 82 3 62 0,
PFG_MOEA,1154,3,199.67,1096.55,0 4 80 53 66 58 77 46 28 69 47 38 44 59 89 10 26 96 0,69
PFG_MOEA,1154,4,199.67,1096.55,0 8 100 93 81 55 9 76 42 83 11 98 41 95 57 0,
PFG_MOEA,1154,5,199.67,1096.55,0 20 91 21 33 37 18 16 40 35 71 15 30 64 78 74 63 88 85 0,63
PFG_MOEA,1154,6,199.67,1096.55,0 92 43 34 1 22 23 84 39 56 68 19 17 31 27 13 0,31
PFG_MOEA,1155,1,218.48,880.23,0 98 85 88 63 74 78 64 30 15 71 35 40 16 18 19 31 17 20 91 34 43 48 0,43 98
PFG_MOEA,1155,2,218.48,880.23,0 50 92 21 33 37 68 56 39 84 23 22 1 99 2 25 0,99
PFG_MOEA,1155,3,218.48,880.23,0 4 80 53 66 94 49 51 45 24 79 32 3 36 54 70 72 67 86 82 58 77 62 0,
PFG_MOEA,1155,4,218.48,880.23,0 93 9 100 8 7 46 0,
PFG_MOEA,1155,5,218.48,880.23,0 28 69 47 38 44 59 26 10 89 96 83 11 14 73 0,26
PFG_MOEA,1155,6,218.48,880.23,0 5 29 90 65 6 87 52 60 61 97 75 55 76 42 81 57 95 41 12 27 13 0,29 42
PFG_MOEA,1156,1,198.33,1121.84,0 13 27 12 41 95 78 64 30 15 71 35 40 16 18 19 31 17 20 91 0,
PFG_MOEA,1156,2,198.33,1121.84,0 50 48 92 22 23 84 39 56 68 37 33 21 34 43 0,
PFG_MOEA,1156,3,198.33,1121.84,0 4 80 53 66 94 49 51 45 24 79 32 54 36 3 1 99 2 25 0,2
PFG_MOEA,1156,4,198.33,1121.84,0 62 77 58 82 86 67 72 70 93 9 100 8 7 46 28 69 47 0,58 93
PFG_MOEA,1156,5,198.33,1121.84,0 73 98 85 88 63 74 14 11 83 96 44 38 59 26 10 89 5 29 90 0,11 26 63 98
PFG_MOEA,1156,6,198.33,1121.84,0 65 6 87 52 60 61 97 75 55 76 42 81 57 0,
PFG_MOEA,1157,1,205.55,1025.13,0 81 57 95 41 15 30 64 78 74 63 88 85 98 71 35 40 16 18 19 17 31 0,78
PFG_MOEA,1157,2,205.55,1025.13,0 20 91 21 33 37 68 56 39 84 23 22 1 99 34 43 92 53 80 4 0,99
PFG_MOEA,1157,3,205.55,1025.13,0 66 94 3 36 54 70 72 67 32 49 51 45 24 0,
PFG_MOEA,1157,4,205.55,1025.13,0 77 58 82 86 62 48 50 25 2 12 73 14 11 83 96 59 26 89 10 0,12 26 83
PFG_MOEA,1157,5,205.55,1025.13,0 44 38 47 69 28 46 7 75 97 61 60 52 87 6 65 90 29 5 79 0,
PFG_MOEA,1157,6,205.55,1025.13,0 13 27 8 100 93 9 55 76 42 0,76
PFG_MOEA,1158,1,353.71,825.55,0 66 94 49 51 45 24 0,
PFG_MOEA,1158,2,353.71,825.55,0 2 25 50 48 62 77 58 82 86 67 72 70 54 36 3 32 79 5 29 90 65 6 87 52 60 61 55 9 42 76 81 93 100 8 7 46 28 69 47 38 44 59 89 10 26 96 83 11 14 73 12 27 13 0,32 42 44
PFG_MOEA,1158,3,353.71,825.55,0 57 95 41 0,
PFG_MOEA,1158,4,353.71,825.55,0 97 75 98 85 88 63 74 78 64 30 15 71 35 31 17 40 16 18 19 20 91 21 33 37 68 56 39 84 23 22 1 34 43 92 0,64
PFG_MOEA,1158,5,353.71,825.55,0 99 0,
PFG_MOEA,1158,6,353.71,825.55,0 4 80 53 0,
PFG_MOEA,1159,1,207.02,1012.48,0 50 48 62 21 33 37 68 56 39 3 36 54 66 53 80 4 24 0,
PFG_MOEA,1159,2,207.02,1012.48,0 45 94 49 32 51 79 5 29 90 65 6 87 52 60 61 55 9 42 76 81 93 100 8 0,5 32 76
PFG_MOEA,1159,3,207.02,1012.48,0 7 46 28 69 47 38 44 59 89 10 26 96 83 11 14 73 12 0,
PFG_MOEA,1159,4,207.02,1012.48,0 97 75 98 85 88 63 74 78 64 30 15 41 57 95 27 13 0,
PFG_MOEA,1159,5,207.02,1012.48,0 17 31 35 71 40 16 18 19 20 91 25 2 0,
PFG_MOEA,1159,6,207.02,1012.48,0 92 43 34 99 1 84 23 22 70 72 67 86 82 58 77 0,
PFG_MOEA,1160,1,207.74,922.35,0 76 42 57 95 41 98 85 88 63 74 78 64 30 15 71 35 31 17 40 16 18 0,18 42 63 98
PFG_MOEA,1160,2,207.74,922.35,0 19 91 21 33 37 68 56 39 84 23 22 1 99 34 43 92 53 4 0,
PFG_MOEA,1160,3,207.74,922.35,0 80 66 0,
PFG_MOEA,1160,4,207.74,922.35,0 24 51 45 94 49 32 36 54 70 72 67 82 86 3 58 77 62 48 50 25 20 0,67
PFG_MOEA,1160,5,207.74,922.35,0 2 13 27 12 73 14 11 83 96 26 10 89 59 44 38 47 69 28 46 7 75 97 0,2 11 69
PFG_MOEA,1160,6,207.74,922.35,0 79 90 65 6 87 52 5 29 60 61 93 55 9 81 100 8 0,5
PFG_MOEA,1161,1,204.74,1035.69,0 5 29 90 65 6 87 52 60 61 97 75 98 85 88 63 74 78 64 30 15 0,6
PFG_MOEA,1161,2,204.74,1035.69,0 20 91 19 17 31 71 35 40 16 18 68 37 33 21 34 43 92 48 50 0,18
PFG_MOEA,1161,3,204.74,1035.69,0 2 99 1 22 23 84 39 56 25 32 79 24 45 51 49 94 66 53 80 4 0,
PFG_MOEA,1161,4,204.74,1035.69,0 62 77 58 82 86 67 72 70 54 36 3 93 9 100 8 7 46 0,3
PFG_MOEA,1161,5,204.74,1035.69,0 28 69 47 38 44 59 26 10 89 96 83 0,26 96
PFG_MOEA,1161,6,204.74,1035.69,0 81 55 76 42 11 14 73 57 95 41 12 27 13 0,42
PFG_MOEA,1162,1,201.36,1069.24,0 27 12 73 14 11 83 96 26 10 89 59 44 38 47 69 28 46 0,83
PFG_MOEA,1162,2,201.36,1069.24,0 7 30 15 71 35 40 16 18 19 31 17 20 91 0,31
PFG_MOEA,1162,3,201.36,1069.24,0 25 2 99 34 43 92 1 84 23 22 70 72 67 86 82 58 77 50 0,
PFG_MOEA,1162,4,201.36,1069.24,0 4 80 53 66 54 36 3 39 56 68 37 33 21 62 48 0,36 62
PFG_MOEA,1162,5,201.36,1069.24,0 24 45 94 49 32 51 79 5 29 90 65 6 87 52 60 61 97 0,
PFG_MOEA,1162,6,201.36,1069.24,0 42 76 9 55 75 81 93 100 8 57 95 41 98 85 88 63 74 78 64 13 0,42 88
PFG_MOEA,1163,1,235.98,829.78,0 20 91 21 33 37 68 56 39 84 23 22 1 34 43 92 0,34
PFG_MOEA,1163,2,235.98,829.78,0 99 0,99
PFG_MOEA,1163,3,235.98,829.78,0 4 80 53 66 94 45 24 51 49 32 3 36 54 70 72 67 86 82 58 77 62 48 50 25 2 0,
PFG_MOEA,1163,4,235.98,829.78,0 12 73 14 11 83 96 26 10 89 59 44 38 47 69 28 46 7 0,26
PFG_MOEA,1163,5,235.98,829.78,0 79 5 29 90 65 6 87 52 60 61 97 75 13 27 0,
PFG_MOEA,1163,6,235.98,829.78,0 8 100 93 9 55 76 42 81 57 95 41 98 85 88 63 74 78 64 30 15 71 35 31 17 40 16 18 19 0,42 64
PFG_MOEA,1164,1,199.67,1096.55,0 5 29 90 65 6 87 52 60 61 97 75 7 14 73 12 99 2 25 50 48 0,6 52
PFG_MOEA,1164,2,199.67,1096.55,0 24 79 51 45 94 49 32 36 54 70 72 67 86 82 3 62 0,
PFG_MOEA,1164,3,199.67,1096.55,0 4 80 53 66 58 77 46 28 69 47 38 44 59 89 10 26 96 0,69
PFG_MOEA,1164,4,199.67,1096.55,0 8 100 93 81 55 9 76 42 83 11 98 41 95 57 0,
PFG_MOEA,1164,5,199.67,1096.55,0 20 91 21 33 37 18 16 40 35 71 15 30 64 78 74 63 88 85 0,63
PFG_MOEA,1164,6,199.67,1096.55,0 92 43 34 1 22 23 84 39 56 68 19 17 31 27 13 0,31
PFG_MOEA,1165,1,218.48,880.23,0 98 85 88 63 74 78 64 30 15 71 35 40 16 18 19 31 17 20 91 34 43 48 0,43 98
PFG_MOEA,1165,2,218.48,880.23,0 50 92 21 33 37 68 56 39 84 23 22 1 99 2 25 0,99
PFG_MOEA,1165,3,218.48,880.23,0 4 80 53 66 94 49 51 45 24 79 32 3 36 54 70 72 67 86 82 58 77 62 0,
PFG_MOEA,1165,4,218.48,880.23,0 93 9 100 8 7 46 0,
PFG_MOEA,1165,5,218.48,880.23,0 28 69 47 38 44 59 26 10 89 96 83 11 14 73 0,26
PFG_MOEA,1165,6,218.48,880.23,0 5 29 90 65 6 87 52 60 61 97 75 55 76 42 81 57 95 41 12 27 13 0,29 42
PFG_MOEA,1166,1,198.33,1121.84,0 13 27 12 41 95 78 64 30 15 71 35 40 16 18 19 31 17 20 91 0,
PFG_MOEA,1166,2,198.33,1121.84,0 50 48 92 22 23 84 39 56 68 37 33 21 34 43 0,
PFG_MOEA,1166,3,198.33,1121.84,0 4 80 53 66 94 49 51 45 24 79 32 54 36 3 1 99 2 25 0,2
PFG_MOEA,1166,4,198.33,1121.84,0 62 77 58 82 86 67 72 70 93 9 100 8 7 46 28 69 47 0,58 93
PFG_MOEA,1166,5,198.33,1121.84,0 73 98 85 88 63 74 14 11 83 96 44 38 59 26 10 89 5 29 90 0,11 26 63 98
PFG_MOEA,1166,6,198.33,1121.84,0 65 6 87 52 60 61 97 75 55 76 42 81 57 0,
PFG_MOEA,1167,1,205.55,1025.13,0 81 57 95 41 15 30 64 78 74 63 88 85 98 71 35 40 16 18 19 17 31 0,78
PFG_MOEA,1167,2,205.55,1025.13,0 20 91 21 33 37 68 56 39 84 23 22 1 99 34 43 92 53 80 4 0,99
PFG_MOEA,1167,3,205.55,1025.13,0 66 94 3 36 54 70 72 67 32 49 51 45 24 0,
PFG_MOEA,1167,4,205.55,1025.13,0 77 58 82 86 62 48 50 25 2 12 73 14 11 83 96 59 26 89 10 0,12 26 83
PFG_MOEA,1167,5,205.55,1025.13,0 44 38 47 69 28 46 7 75 97 61 60 52 87 6 65 90 29 5 79 0,
PFG_MOEA,1167,6,205.55,1025.13,0 13 27 8 100 93 9 55 76 42 0,76
PFG_MOEA,1168,1,353.71,825.55,0 66 94 49 51 45 24 0,
PFG_MOEA,1168,2,353.71,825.55,0 2 25 50 48 62 77 58 82 86 67 72 70 54 36 3 32 79 5 29 90 65 6 87 52 60 61 55 9 42 76 81 93 100 8 7 46 28 69 47 38 44 59 89 10 26 96 83 11 14 73 12 27 13 0,32 42 44
PFG_MOEA,1168,3,353.71,825.55,0 57 95 41 0,
PFG_MOEA,1168,4,353.71,825.55,0 97 75 98 85 88 63 74 78 64 30 15 71 35 31 17 40 16 18 19 20 91 21 33 37 68 56 39 84 23 22 1 34 43 92 0,64
PFG_MOEA,1168,5,353.71,825.55,0 99 0,
PFG_MOEA,1168,6,353.71,825.55,0 4 80 53 0,
PFG_MOEA,1169,1,207.02,1012.48,0 50 48 62 21 33 37 68 56 39 3 36 54 66 53 80 4 24 0,
PFG_MOEA,1169,2,207.02,1012.48,0 45 94 49 32 51 79 5 29 90 65 6 87 52 60 61 55 9 42 76 81 93 100 8 0,5 32 76
PFG_MOEA,1169,3,207.02,1012.48,0 7 46 28 69 47 38 44 59 89 10 26 96 83 11 14 73 12 0,
PFG_MOEA,1169,4,207.02,1012.48,0 97 75 98 85 88 63 74 78 64 30 15 41 57 95 27 13 0,
PFG_MOEA,1169,5,207.02,1012.48,0 17 31 35 71 40 16 18 19 20 91 25 2 0,
PFG_MOEA,1169,6,207.02,1012.48,0 92 43 34 99 1 84 23 22 70 72 67 86 82 58 77 0,
PFG_MOEA,1170,1,207.74,922.35,0 76 42 57 95 41 98 85 88 63 74 78 64 30 15 71 35 31 17 40 16 18 0,18 42 63 98
PFG_MOEA,1170,2,207.74,922.35,0 19 91 21 33 37 68 56 39 84 23 22 1 99 34 43 92 53 4 0,
PFG_MOEA,1170,3,207.74,922.35,0 80 66 0,
PFG_MOEA,1170,4,207.74,922.35,0 24 51 45 94 49 32 36 54 70 72 67 82 86 3 58 77 62 48 50 25 20 0,67
PFG_MOEA,1170,5,207.74,922.35,0 2 13 27 12 73 14 11 83 96 26 10 89 59 44 38 47 69 28 46 7 75 97 0,2 11 69
PFG_MOEA,1170,6,207.74,922.35,0 79 90 65 6 87 52 5 29 60 61 93 55 9 81 100 8 0,5
PFG_MOEA,1171,1,204.74,1035.69,0 5 29 90 65 6 87 52 60 61 97 75 98 85 88 63 74 78 64 30 15 0,6
PFG_MOEA,1171,2,204.74,1035.69,0 20 91 19 17 31 71 35 40 16 18 68 37 33 21 34 43 92 48 50 0,18
PFG_MOEA,1171,3,204.74,1035.69,0 2 99 1 22 23 84 39 56 25 32 79 24 45 51 49 94 66 53 80 4 0,
PFG_MOEA,1171,4,204.74,1035.69,0 62 77 58 82 86 67 72 70 54 36 3 93 9 100 8 7 46 0,3
PFG_MOEA,1171,5,204.74,1035.69,0 28 69 47 38 44 59 26 10 89 96 83 0,26 96
PFG_MOEA,1171,6,204.74,1035.69,0 81 55 76 42 11 14 73 57 95 41 12 27 13 0,42
PFG_MOEA,1172,1,201.36,1069.24,0 27 12 73 14 11 83 96 26 10 89 59 44 38 47 69 28 46 0,83
PFG_MOEA,1172,2,201.36,1069.24,0 7 30 15 71 35 40 16 18 19 31 17 20 91 0,31
PFG_MOEA,1172,3,201.36,1069.24,0 25 2 99 34 43 92 1 84 23 22 70 72 67 86 82 58 77 50 0,
PFG_MOEA,1172,4,201.36,1069.24,0 4 80 53 66 54 36 3 39 56 68 37 33 21 62 48 0,36 62
PFG_MOEA,1172,5,201.36,1069.24,0 24 45 94 49 32 51 79 5 29 90 65 6 87 52 60 61 97 0,
PFG_MOEA,1172,6,201.36,1069.24,0 42 76 9 55 75 81 93 100 8 57 95 41 98 85 88 63 74 78 64 13 0,42 88
PFG_MOEA,1173,1,235.98,829.78,0 20 91 21 33 37 68 56 39 84 23 22 1 34 43 92 0,34
PFG_MOEA,1173,2,235.98,829.78,0 99 0,99
PFG_MOEA,1173,3,235.98,829.78,0 4 80 53 66 94 45 24 51 49 32 3 36 54 70 72 67 86 82 58 77 62 48 50 25 2 0,
PFG_MOEA,1173,4,235.98,829.78,0 12 73 14 11 83 96 26 10 89 59 44 38 47 69 28 46 7 0,26
PFG_MOEA,1173,5,235.98,829.78,0 79 5 29 90 65 6 87 52 60 61 97 75 13 27 0,
PFG_MOEA,1173,6,235.98,829.78,0 8 100 93 9 55 76 42 81 57 95 41 98 85 88 63 74 78 64 30 15 71 35 31 17 40 16 18 19 0,42 64
PFG_MOEA,1174,1,199.67,1096.55,0 5 29 90 65 6 87 52 60 61 97 75 7 14 73 12 99 2 25 50 48 0,6 52
PFG_MOEA,1174,2,199.67,1096.55,0 24 79 51 45 94 49 32 36 54 70 72 67 86 82 3 62 0,
PFG_MOEA,1174,3,199.67,1096.55,0 4 80 53 66 58 77 46 28 69 47 38 44 59 89 10 26 96 0,69
PFG_MOEA,1174,4,199.67,1096.55,0 8 100 93 81 55 9 76 42 83 11 98 41 95 57 0,
PFG_MOEA,1174,5,199.67,1096.55,0 20 91 21 33 37 18 16 40 35 71 15 30 64 78 74 63 88 85 0,63
PFG_MOEA,1174,6,199.67,1096.55,0 92 43 34 1 22 23 84 39 56 68 19 17 31 27 13 0,31
PFG_MOEA,1175,1,218.48,880.23,0 98 85 88 63 74 78 64 30 15 71 35 40 16 18 19 31 17 20 91 34 43 48 0,43 98
PFG_MOEA,1175,2,218.48,880.23,0 50 92 21 33 37 68 56 39 84 23 22 1 99 2 25 0,99
PFG_MOEA,1175,3,218.48,880.23,0 4 80 53 66 94 49 51 45 24 79 32 3 36 54 70 72 67 86 82 58 77 62 0,
PFG_MOEA,1175,4,218.48,880.23,0 93 9 100 8 7 46 0,
PFG_MOEA,1175,5,218.48,880.23,0 28 69 47 38 44 59 26 10 89 96 83 11 14 73 0,26
PFG_MOEA,1175,6,218.48,880.23,0 5 29 90 65 6 87 52 60 61 97 75 55 76 42 81 57 95 41 12 27 13 0,29 42
PFG_MOEA,1176,1,198.33,1121.84,0 13 27 12 41 95 78 64 30 15 71 35 40 16 18 19 31 17 20 91 0,
PFG_MOEA,1176,2,198.33,1121.84,0 50 48 92 22 23 84 39 56 68 37 33 21 34 43 0,
PFG_MOEA,1176,3,198.33,1121.84,0 4 80 53 66 94 49 51 45 24 79 32 54 36 3 1 99 2 25 0,2
PFG_MOEA,1176,4,198.33,1121.84,0 62 77 58 82 86 67 72 70 93 9 100 8 7 46 28 69 47 0,58 93
PFG_MOEA,1176,5,198.33,1121.84,0 73 98 85 88 63 74 14 11 83 96 44 38 59 26 10 89 5 29 90 0,11 26 63 98
PFG_MOEA,1176,6,198.33,1121.84,0 65 6 87 52 60 61 97 75 55 76 42 81 57 0,
PFG_MOEA,1177,1,205.55,1025.13,0 81 57 95 41 15 30 64 78 74 63 88 85 98 71 35 40 16 18 19 17 31 0,78
PFG_MOEA,1177,2,205.55,1025.13,0 20 91 21 33 37 68 56 39 84 23 22 1 99 34 43 92 53 80 4 0,99
PFG_MOEA,1177,3,205.55,1025.13,0 66 94 3 36 54 70 72 67 32 49 51 45 24 0,
PFG_MOEA,1177,4,205.55,1025.13,0 77 58 82 86 62 48 50 25 2 12 73 14 11 83 96 59 26 89 10 0,12 26 83
PFG_MOEA,1177,5,205.55,1025.13,0 44 38 47 69 28 46 7 75 97 61 60 52 87 6 65 90 29 5 79 0,
PFG_MOEA,1177,6,205.55,1025.13,0 13 27 8 100 93 9 55 76 42 0,76
PFG_MOEA,1178,1,353.71,825.55,0 66 94 49 51 45 24 0,
PFG_MOEA,1178,2,353.71,825.55,0 2 25 50 48 62 77 58 82 86 67 72 70 54 36 3 32 79 5 29 90 65 6 87 52 60 61 55 9 42 76 81 93 100 8 7 46 28 69 47 38 44 59 89 10 26 96 83 11 14 73 12 27 13 0,32 42 44
PFG_MOEA,1178,3,353.71,825.55,0 57 95 41 0,
PFG_MOEA,1178,4,353.71,825.55,0 97 75 98 85 88 63 74 78 64 30 15 71 35 31 17 40 16 18 19 20 91 21 33 37 68 56 39 84 23 22 1 34 43 92 0,64
PFG_MOEA,1178,5,353.71,825.55,0 99 0,
PFG_MOEA,1178,6,353.71,825.55,0 4 80 53 0,
PFG_MOEA,1179,1,207.02,1012.48,0 50 48 62 21 33 37 68 56 39 3 36 54 66 53 80 4 24 0,
PFG_MOEA,1179,2,207.02,1012.48,0 45 94 49 32 51 79 5 29 90 65 6 87 52 60 61 55 9 42 76 81 93 100 8 0,5 32 76
PFG_MOEA,1179,3,207.02,1012.48,0 7 46 28 69 47 38 44 59 89 10 26 96 83 11 14 73 12 0,
PFG_MOEA,1179,4,207.02,1012.48,0 97 75 98 85 88 63 74 78 64 30 15 41 57 95 27 13 0,
PFG_MOEA,1179,5,207.02,1012.48,0 17 31 35 71 40 16 18 19 20 91 25 2 0,
PFG_MOEA,1179,6,207.02,1012.48,0 92 43 34 99 1 84 23 22 70 72 67 86 82 58 77 0,
PFG_MOEA,1180,1,207.74,922.35,0 76 42 57 95 41 98 85 88 63 74 78 64 30 15 71 35 31 17 40 16 18 0,18 42 63 98
PFG_MOEA,1180,2,207.74,922.35,0 19 91 21 33 37 68 56 39 84 23 22 1 99 34 43 92 53 4 0,
PFG_MOEA,1180,3,207.74,922.35,0 80 66 0,
PFG_MOEA,1180,4,207.74,922.35,0 24 51 45 94 49 32 36 54 70 72 67 82 86 3 58 77 62 48 50 25 20 0,67
PFG_MOEA,1180,5,207.74,922.35,0 2 13 27 12 73 14 11 83 96 26 10 89 59 44 38 47 69 28 46 7 75 97 0,2 11 69
PFG_MOEA,1180,6,207.74,922.35,0 79 90 65 6 87 52 5 29 60 61 93 55 9 81 100 8 0,5
PFG_MOEA,1181,1,204.74,1035.69,0 5 29 90 65 6 87 52 60 61 97 75 98 85 88 63 74 78 64 30 15 0,6
PFG_MOEA,1181,2,204.74,1035.69,0 20 91 19 17 31 71 35 40 16 18 68 37 33 21 34 43 92 48 50 0,18
PFG_MOEA,1181,3,204.74,1035.69,0 2 99 1 22 23 84 39 56 25 32 79 24 45 51 49 94 66 53 80 4 0,
PFG_MOEA,1181,4,204.74,1035.69,0 62 77 58 82 86 67 72 70 54 36 3 93 9 100 8 7 46 0,3
PFG_MOEA,1181,5,204.74,1035.69,0 28 69 47 38 44 59 26 10 89 96 83 0,26 96
PFG_MOEA,1181,6,204.74,1035.69,0 81 55 76 42 11 14 73 57 95 41 12 27 13 0,42
PFG_MOEA,1182,1,201.36,1069.24,0 27 12 73 14 11 83 96 26 10 89 59 44 38 47 69 28 46 0,83
PFG_MOEA,1182,2,201.36,1069.24,0 7 30 15 71 35 40 16 18 19 31 17 20 91 0,31
PFG_MOEA,1182,3,201.36,1069.24,0 25 2 99 34 43 92 1 84 23 22 70 72 67 86 82 58 77 50 0,
PFG_MOEA,1182,4,201.36,1069.24,0 4 80 53 66 54 36 3 39 56 68 37 33 21 62 48 0,36 62
PFG_MOEA,1182,5,201.36,1069.24,0 24 45 94 49 32 51 79 5 29 90 65 6 87 52 60 61 97 0,
PFG_MOEA,1182,6,201.36,1069.24,0 42 76 9 55 75 81 93 100 8 57 95 41 98 85 88 63 74 78 64 13 0,42 88
PFG_MOEA,1183,1,235.98,829.78,0 20 91 21 33 37 68 56 39 84 23 22 1 34 43 92 0,34
PFG_MOEA,1183,2,235.98,829.78,0 99 0,99
PFG_MOEA,1183,3,235.98,829.78,0 4 80 53 66 94 45 24 51 49 32 3 36 54 70 72 67 86 82 58 77 62 48 50 25 2 0,
PFG_MOEA,1183,4,235.98,829.78,0 12 73 14 11 83 96 26 10 89 59 44 38 47 69 28 46 7 0,26
PFG_MOEA,1183,5,235.98,829.78,0 79 5 29 90 65 6 87 52 60 61 97 75 13 27 0,
PFG_MOEA,1183,6,235.98,829.78,0 8 100 93 9 55 76 42 81 57 95 41 98 85 88 63 74 78 64 30 15 71 35 31 17 40 16 18 19 0,42 64
PFG_MOEA,1184,1,199.67,1096.55,0 5 29 90 65 6 87 52 60 61 97 75 7 14 73 12 99 2 25 50 48 0,6 52
PFG_MOEA,1184,2,199.67,1096.55,0 24 79 51 45 94 49 32 36 54 70 72 67 86 82 3 62 0,
PFG_MOEA,1184,3,199.67,1096.55,0 4 80 53 66 58 77 46 28 69 47 38 44 59 89 10 26 96 0,69
PFG_MOEA,1184,4,199.67,1096.55,0 8 100 93 81 55 9 76 42 83 11 98 41 95 57 0,
PFG_MOEA,1184,5,199.67,1096.55,0 20 91 21 33 37 18 16 40 35 71 15 30 64 78 74 63 88 85 0,63
PFG_MOEA,1184,6,199.67,1096.55,0 92 43 34 1 22 23 84 39 56 68 19 17 31 27 13 0,31
PFG_MOEA,1185,1,218.48,880.23,0 98 85 88 63 74 78 64 30 15 71 35 40 16 18 19 31 17 20 91 34 43 48 0,43 98
PFG_MOEA,1185,2,218.48,880.23,0 50 92 21 33 37 68 56 39 84 23 22 1 99 2 25 0,99
PFG_MOEA,1185,3,218.48,880.23,0 4 80 53 66 94 49 51 45 24 79 32 3 36 54 70 72 67 86 82 58 77 62 0,
PFG_MOEA,1185,4,218.48,880.23,0 93 9 100 8 7 46 0,
PFG_MOEA,1185,5,218.48,880.23,0 28 69 47 38 44 59 26 10 89 96 83 11 14 73 0,26
PFG_MOEA,1185,6,218.48,880.23,0 5 29 90 65 6 87 52 60 61 97 75 55 76 42 81 57 95 41 12 27 13 0,29 42
PFG_MOEA,1186,1,198.33,1121.84,0 13 27 12 41 95 78 64 30 15 71 35 40 16 18 19 31 17 20 91 0,
PFG_MOEA,1186,2,198.33,1121.84,0 50 48 92 22 23 84 39 56 68 37 33 21 34 43 0,
PFG_MOEA,1186,3,198.33,1121.84,0 4 80 53 66 94 49 51 45 24 79 32 54 36 3 1 99 2 25 0,2
PFG_MOEA,1186,4,198.33,1121.84,0 62 77 58 82 86 67 72 70 93 9 100 8 7 46 28 69 47 0,58 93
PFG_MOEA,1186,5,198.33,1121.84,0 73 98 85 88 63 74 14 11 83 96 44 38 59 26 10 89 5 29 90 0,11 26 63 98
PFG_MOEA,1186,6,198.33,1121.84,0 65 6 87 52 60 61 97 75 55 76 42 81 57 0,
PFG_MOEA,1187,1,205.55,1025.13,0 81 57 95 41 15 30 64 78 74 63 88 85 98 71 35 40 16 18 19 17 31 0,78
PFG_MOEA,1187,2,205.55,1025.13,0 20 91 21 33 37 68 56 39 84 23 22 1 99 34 43 92 53 80 4 0,99
PFG_MOEA,1187,3,205.55,1025.13,0 66 94 3 36 54 70 72 67 32 49 51 45 24 0,
PFG_MOEA,1187,4,205.55,1025.13,0 77 58 82 86 62 48 50 25 2 12 73 14 11 83 96 59 26 89 10 0,12 26 83
PFG_MOEA,1187,5,205.55,1025.13,0 44 38 47 69 28 46 7 75 97 61 60 52 87 6 65 90 29 5 79 0,
PFG_MOEA,1187,6,205.55,1025.13,0 13 27 8 100 93 9 55 76 42 0,76
PFG_MOEA,1188,1,353.71,825.55,0 66 94 49 51 45 24 0,
PFG_MOEA,1188,2,353.71,825.55,0 2 25 50 48 62 77 58 82 86 67 72 70 54 36 3 32 79 5 29 90 65 6 87 52 60 61 55 9 42 76 81 93 100 8 7 46 28 69 47 38 44 59 89 10 26 96 83 11 14 73 12 27 13 0,32 42 44
PFG_MOEA,1188,3,353.71,825.55,0 57 95 41 0,
PFG_MOEA,1188,4,353.71,825.55,0 97 75 98 85 88 63 74 78 64 30 15 71 35 31 17 40 16 18 19 20 91 21 33 37 68 56 39 84 23 22 1 34 43 92 0,64
PFG_MOEA,1188,5,353.71,825.55,0 99 0,
PFG_MOEA,1188,6,353.71,825.55,0 4 80 53 0,
PFG_MOEA,1189,1,207.02,1012.48,0 50 48 62 21 33 37 68 56 39 3 36 54 66 53 80 4 24 0,
PFG_MOEA,1189,2,207.02,1012.48,0 45 94 49 32 51 79 5 29 90 65 6 87 52 60 61 55 9 42 76 81 93 100 8 0,5 32 76
PFG_MOEA,1189,3,207.02,1012.48,0 7 46 28 69 47 38 44 59 89 10 26 96 83 11 14 73 12 0,
PFG_MOEA,1189,4,207.02,1012.48,0 97 75 98 85 88 63 74 78 64 30 15 41 57 95 27 13 0,
PFG_MOEA,1189,5,207.02,1012.48,0 17 31 35 71 40 16 18 19 20 91 25 2 0,
PFG_MOEA,1189,6,207.02,1012.48,0 92 43 34 99 1 84 23 22 70 72 67 86 82 58 77 0,
PFG_MOEA,1190,1,207.74,922.35,0 76 42 57 95 41 98 85 88 63 74 78 64 30 15 71 35 31 17 40 16 18 0,18 42 63 98
PFG_MOEA,1190,2,207.74,922.35,0 19 91 21 33 37 68 56 39 84 23 22 1 99 34 43 92 53 4 0,
PFG_MOEA,1190,3,207.74,922.35,0 80 66 0,
PFG_MOEA,1190,4,207.74,922.35,0 24 51 45 94 49 32 36 54 70 72 67 82 86 3 58 77 62 48 50 25 20 0,67
PFG_MOEA,1190,5,207.74,922.35,0 2 13 27 12 73 14 11 83 96 26 10 89 59 44 38 47 69 28 46 7 75 97 0,2 11 69
PFG_MOEA,1190,6,207.74,922.35,0 79 90 65 6 87 52 5 29 60 61 93 55 9 81 100 8 0,5
PFG_MOEA,1191,1,204.74,1035.69,0 5 29 90 65 6 87 52 60 61 97 75 98 85 88 63 74 78 64 30 15 0,6
PFG_MOEA,1191,2,204.74,1035.69,0 20 91 19 17 31 71 35 40 16 18 68 37 33 21 34 43 92 48 50 0,18
PFG_MOEA,1191,3,204.74,1035.69,0 2 99 1 22 23 84 39 56 25 32 79 24 45 51 49 94 66 53 80 4 0,
PFG_MOEA,1191,4,204.74,1035.69,0 62 77 58 82 86 67 72 70 54 36 3 93 9 100 8 7 46 0,3
PFG_MOEA,1191,5,204.74,1035.69,0 28 69 47 38 44 59 26 10 89 96 83 0,26 96
PFG_MOEA,1191,6,204.74,1035.69,0 81 55 76 42 11 14 73 57 95 41 12 27 13 0,42
PFG_MOEA,1192,1,201.36,1069.24,0 27 12 73 14 11 83 96 26 10 89 59 44 38 47 69 28 46 0,83
PFG_MOEA,1192,2,201.36,1069.24,0 7 30 15 71 35 40 16 18 19 31 17 20 91 0,31
PFG_MOEA,1192,3,201.36,1069.24,0 25 2 99 34 43 92 1 84 23 22 70 72 67 86 82 58 77 50 0,
PFG_MOEA,1192,4,201.36,1069.24,0 4 80 53 66 54 36 3 39 56 68 37 33 21 62 48 0,36 62
PFG_MOEA,1192,5,201.36,1069.24,0 24 45 94 49 32 51 79 5 29 90 65 6 87 52 60 61 97 0,
PFG_MOEA,1192,6,201.36,1069.24,0 42 76 9 55 75 81 93 100 8 57 95 41 98 85 88 63 74 78 64 13 0,42 88
PFG_MOEA,1193,1,235.98,829.78,0 20 91 21 33 37 68 56 39 84 23 22 1 34 43 92 0,34
PFG_MOEA,1193,2,235.98,829.78,0 99 0,99
PFG_MOEA,1193,3,235.98,829.78,0 4 80 53 66 94 45 24 51 49 32 3 36 54 70 72 67 86 82 58 77 62 48 50 25 2 0,
PFG_MOEA,1193,4,235.98,829.78,0 12 73 14 11 83 96 26 10 89 59 44 38 47 69 28 46 7 0,26
PFG_MOEA,1193,5,235.98,829.78,0 79 5 29 90 65 6 87 52 60 61 97 75 13 27 0,
PFG_MOEA,1193,6,235.98,829.78,0 8 100 93 9 55 76 42 81 57 95 41 98 85 88 63 74 78 64 30 15 71 35 31 17 40 16 18 19 0,42 64
PFG_MOEA,1194,1,199.67,1096.55,0 5 29 90 65 6 87 52 60 61 97 75 7 14 73 12 99 2 25 50 48 0,6 52
PFG_MOEA,1194,2,199.67,1096.55,0 24 79 51 45 94 49 32 36 54 70 72 67 86 82 3 62 0,
PFG_MOEA,1194,3,199.67,1096.55,0 4 80 53 66 58 77 46 28 69 47 38 44 59 89 10 26 96 0,69
PFG_MOEA,1194,4,199.67,1096.55,0 8 100 93 81 55 9 76 42 83 11 98 41 95 57 0,
PFG_MOEA,1194,5,199.67,1096.55,0 20 91 21 33 37 18 16 40 35 71 15 30 64 78 74 63 88 85 0,63
PFG_MOEA,1194,6,199.67,1096.55,0 92 43 34 1 22 23 84 39 56 68 19 17 31 27 13 0,31
PFG_MOEA,1195,1,218.48,880.23,0 98 85 88 63 74 78 64 30 15 71 35 40 16 18 19 31 17 20 91 34 43 48 0,43 98
PFG_MOEA,1195,2,218.48,880.23,0 50 92 21 33 37 68 56 39 84 23 22 1 99 2 25 0,99
PFG_MOEA,1195,3,218.48,880.23,0 4 80 53 66 94 49 51 45 24 79 32 3 36 54 70 72 67 86 82 58 77 62 0,
PFG_MOEA,1195,4,218.48,880.23,0 93 9 100 8 7 46 0,
PFG_MOEA,1195,5,218.48,880.23,0 28 69 47 38 44 59 26 10 89 96 83 11 14 73 0,26
PFG_MOEA,1195,6,218.48,880.23,0 5 29 90 65 6 87 52 60 61 97 75 55 76 42 81 57 95 41 12 27 13 0,29 42
PFG_MOEA,1196,1,198.33,1121.84,0 13 27 12 41 95 78 64 30 15 71 35 40 16 18 19 31 17 20 91 0,
PFG_MOEA,1196,2,198.33,1121.84,0 50 48 92 22 23 84 39 56 68 37 33 21 34 43 0,
PFG_MOEA,1196,3,198.33,1121.84,0 4 80 53 66 94 49 51 45 24 79 32 54 36 3 1 99 2 25 0,2
PFG_MOEA,1196,4,198.33,1121.84,0 62 77 58 82 86 67 72 70 93 9 100 8 7 46 28 69 47 0,58 93
PFG_MOEA,1196,5,198.33,1121.84,0 73 98 85 88 63 74 14 11 83 96 44 38 59 26 10 89 5 29 90 0,11 26 63 98
PFG_MOEA,1196,6,198.33,1121.84,0 65 6 87 52 60 61 97 75 55 76 42 81 57 0,
PFG_MOEA,1197,1,205.55,1025.13,0 81 57 95 41 15 30 64 78 74 63 88 85 98 71 35 40 16 18 19 17 31 0,78
PFG_MOEA,1197,2,205.55,1025.13,0 20 91 21 33 37 68 56 39 84 23 22 1 99 34 43 92 53 80 4 0,99
PFG_MOEA,1197,3,205.55,1025.13,0 66 94 3 36 54 70 72 67 32 49 51 45 24 0,
PFG_MOEA,1197,4,205.55,1025.13,0 77 58 82 86 62 48 50 25 2 12 73 14 11 83 96 59 26 89 10 0,12 26 83
PFG_MOEA,1197,5,205.55,1025.13,0 44 38 47 69 28 46 7 75 97 61 60 52 87 6 65 90 29 5 79 0,
PFG_MOEA,1197,6,205.55,1025.13,0 13 27 8 100 93 9 55 76 42 0,76
PFG_MOEA,1198,1,353.71,825.55,0 66 94 49 51 45 24 0,
PFG_MOEA,1198,2,353.71,825.55,0 2 25 50 48 62 77 58 82 86 67 72 70 54 36 3 32 79 5 29 90 65 6 87 52 60 61 55 9 42 76 81 93 100 8 7 46 28 69 47 38 44 59 89 10 26 96 83 11 14 73 12 27 13 0,32 42 44
PFG_MOEA,1198,3,353.71,825.55,0 57 95 41 0,
PFG_MOEA,1198,4,353.71,825.55,0 97 75 98 85 88 63 74 78 64 30 15 71 35 31 17 40 16 18 19 20 91 21 33 37 68 56 39 84 23 22 1 34 43 92 0,64
PFG_MOEA,1198,5,353.71,825.55,0 99 0,
PFG_MOEA,1198,6,353.71,825.55,0 4 80 53 0,
PFG_MOEA,1199,1,207.02,1012.48,0 50 48 62 21 33 37 68 56 39 3 36 54 66 53 80 4 24 0,
PFG_MOEA,1199,2,207.02,1012.48,0 45 94 49 32 51 79 5 29 90 65 6 87 52 60 61 55 9 42 76 81 93 100 8 0,5 32 76
PFG_MOEA,1199,3,207.02,1012.48,0 7 46 28 69 47 38 44 59 89 10 26 96 83 11 14 73 12 0,
PFG_MOEA,1199,4,207.02,1012.48,0 97 75 98 85 88 63 74 78 64 30 15 41 57 95 27 13 0,
PFG_MOEA,1199,5,207.02,1012.48,0 17 31 35 71 40 16 18 19 20 91 25 2 0,
PFG_MOEA,1199,6,207.02,1012.48,0 92 43 34 99 1 84 23 22 70 72 67 86 82 58 77 0,
PFG_MOEA,1200,1,207.74,922.35,0 76 42 57 95 41 98 85 88 63 74 78 64 30 15 71 35 31 17 40 16 18 0,18 42 63 98
PFG_MOEA,1200,2,207.74,922.35,0 19 91 21 33 37 68 56 39 84 23 22 1 99 34 43 92 53 4 0,
PFG_MOEA,1200,3,207.74,922.35,0 80 66 0,
PFG_MOEA,1200,4,207.74,922.35,0 24 51 45 94 49 32 36 54 70 72 67 82 86 3 58 77 62 48 50 25 20 0,67
PFG_MOEA,1200,5,207.74,922.35,0 2 13 27 12 73 14 11 83 96 26 10 89 59 44 38 47 69 28 46 7 75 97 0,2 11 69
PFG_MOEA,1200,6,207.74,922.35,0 79 90 65 6 87 52 5 29 60 61 93 55 9 81 100 8 0,5
PFG_MOEA,1201,1,204.74,1035.69,0 5 29 90 65 6 87 52 60 61 97 75 98 85 88 63 74 78 64 30 15 0,6
PFG_MOEA,1201,2,204.74,1035.69,0 20 91 19 17 31 71 35 40 16 18 68 37 33 21 34 43 92 48 50 0,18
PFG_MOEA,1201,3,204.74,1035.69,0 2 99 1 22 23 84 39 56 25 32 79 24 45 51 49 94 66 53 80 4 0,
PFG_MOEA,1201,4,204.74,1035.69,0 62 77 58 82 86 67 72 70 54 36 3 93 9 100 8 7 46 0,3
PFG_MOEA,1201,5,204.74,1035.69,0 28 69 47 38 44 59 26 10 89 96 83 0,26 96
PFG_MOEA,1201,6,204.74,1035.69,0 81 55 76 42 11 14 73 57 95 41 12 27 13 0,42
PFG_MOEA,1202,1,201.36,1069.24,0 27 12 73 14 11 83 96 26 10 89 59 44 38 47 69 28 46 0,83
PFG_MOEA,1202,2,201.36,1069.24,0 7 30 15 71 35 40 16 18 19 31 17 20 91 0,31
PFG_MOEA,1202,3,201.36,1069.24,0 25 2 99 34 43 92 1 84 23 22 70 72 67 86 82 58 77 50 0,
PFG_MOEA,1202,4,201.36,1069.24,0 4 80 53 66 54 36 3 39 56 68 37 33 21 62 48 0,36 62
PFG_MOEA,1202,5,201.36,1069.24,0 24 45 94 49 32 51 79 5 29 90 65 6 87 52 60 61 97 0,
PFG_MOEA,1202,6,201.36,1069.24,0 42 76 9 55 75 81 93 100 8 57 95 41 98 85 88 63 74 78 64 13 0,42 88
PFG_MOEA,1203,1,235.98,829.78,0 20 91 21 33 37 68 56 39 84 23 22 1 34 43 92 0,34
PFG_MOEA,1203,2,235.98,829.78,0 99 0,99
PFG_MOEA,1203,3,235.98,829.78,0 4 80 53 66 94 45 24 51 49 32 3 36 54 70 72 67 86 82 58 77 62 48 50 25 2 0,
PFG_MOEA,1203,4,235.98,829.78,0 12 73 14 11 83 96 26 10 89 59 44 38 47 69 28 46 7 0,26
PFG_MOEA,1203,5,235.98,829.78,0 79 5 29 90 65 6 87 52 60 61 97 75 13 27 0,
PFG_MOEA,1203,6,235.98,829.78,0 8 100 93 9 55 76 42 81 57 95 41 98 85 88 63 74 78 64 30 15 71 35 31 17 40 16 18 19 0,42 64
PFG_MOEA,1204,1,199.67,1096.55,0 5 29 90 65 6 87 52 60 61 97 75 7 14 73 12 99 2 25 50 48 0,6 52
PFG_MOEA,1204,2,199.67,1096.55,0 24 79 51 45 94 49 32 36 54 70 72 67 86 82 3 62 0,
PFG_MOEA,1204,3,199.67,1096.55,0 4 80 53 66 58 77 46 28 69 47 38 44 59 89 10 26 96 0,69
PFG_MOEA,1204,4,199.67,1096.55,0 8 100 93 81 55 9 76 42 83 11 98 41 95 57 0,
PFG_MOEA,1204,5,199.67,1096.55,0 20 91 21 33 37 18 16 40 35 71 15 30 64 78 74 63 88 85 0,63
PFG_MOEA,1204,6,199.67,1096.55,0 92 43 34 1 22 23 84 39 56 68 19 17 31 27 13 0,31
PFG_MOEA,1205,1,218.48,880.23,0 98 85 88 63 74 78 64 30 15 71 35 40 16 18 19 31 17 20 91 34 43 48 0,43 98
PFG_MOEA,1205,2,218.48,880.23,0 50 92 21 33 37 68 56 39 84 23 22 1 99 2 25 0,99
PFG_MOEA,1205,3,218.48,880.23,0 4 80 53 66 94 49 51 45 24 79 32 3 36 54 70 72 67 86 82 58 77 62 0,
PFG_MOEA,1205,4,218.48,880.23,0 93 9 100 8 7 46 0,
PFG_MOEA,1205,5,218.48,880.23,0 28 69 47 38 44 59 26 10 89 96 83 11 14 73 0,26
PFG_MOEA,1205,6,218.48,880.23,0 5 29 90 65 6 87 52 60 61 97 75 55 76 42 81 57 95 41 12 27 13 0,29 42
PFG_MOEA,1206,1,198.33,1121.84,0 13 27 12 41 95 78 64 30 15 71 35 40 16 18 19 31 17 20 91 0,
PFG_MOEA,1206,2,198.33,1121.84,0 50 48 92 22 23 84 39 56 68 37 33 21 34 43 0,
PFG_MOEA,1206,3,198.33,1121.84,0 4 80 53 66 94 49 51 45 24 79 32 54 36 3 1 99 2 25 0,2
PFG_MOEA,1206,4,198.33,1121.84,0 62 77 58 82 86 67 72 70 93 9 100 8 7 46 28 69 47 0,58 93
PFG_MOEA,1206,5,198.33,1121.84,0 73 98 85 88 63 74 14 11 83 96 44 38 59 26 10 89 5 29 90 0,11 26 63 98
PFG_MOEA,1206,6,198.33,1121.84,0 65 6 87 52 60 61 97 75 55 76 42 81 57 0,
PFG_MOEA,1207,1,205.55,1025.13,0 81 57 95 41 15 30 64 78 74 63 88 85 98 71 35 40 16 18 19 17 31 0,78
PFG_MOEA,1207,2,205.55,1025.13,0 20 91 21 33 37 68 56 39 84 23 22 1 99 34 43 92 53 80 4 0,99
PFG_MOEA,1207,3,205.55,1025.13,0 66 94 3 36 54 70 72 67 32 49 51 45 24 0,
PFG_MOEA,1207,4,205.55,1025.13,0 77 58 82 86 62 48 50 25 2 12 73 14 11 83 96 59 26 89 10 0,12 26 83
PFG_MOEA,1207,5,205.55,1025.13,0 44 38 47 69 28 46 7 75 97 61 60 52 87 6 65 90 29 5 79 0,
PFG_MOEA,1207,6,205.55,1025.13,0 13 27 8 100 93 9 55 76 42 0,76
PFG_MOEA,1208,1,353.71,825.55,0 66 94 49 51 45 24 0,
PFG_MOEA,1208,2,353.71,825.55,0 2 25 50 48 62 77 58 82 86 67 72 70 54 36 3 32 79 5 29 90 65 6 87 52 60 61 55 9 42 76 81 93 100 8 7 46 28 69 47 38 44 59 89 10 26 96 83 11 14 73 12 27 13 0,32 42 44
PFG_MOEA,1208,3,353.71,825.55,0 57 95 41 0,
PFG_MOEA,1208,4,353.71,825.55,0 97 75 98 85 88 63 74 78 64 30 15 71 35 31 17 40 16 18 19 20 91 21 33 37 68 56 39 84 23 22 1 34 43 92 0,64
PFG_MOEA,1208,5,353.71,825.55,0 99 0,
PFG_MOEA,1208,6,353.71,825.55,0 4 80 53 0,
PFG_MOEA,1209,1,207.02,1012.48,0 50 48 62 21 33 37 68 56 39 3 36 54 66 53 80 4 24 0,
PFG_MOEA,1209,2,207.02,1012.48,0 45 94 49 32 51 79 5 29 90 65 6 87 52 60 61 55 9 42 76 81 93 100 8 0,5 32 76
PFG_MOEA,1209,3,207.02,1012.48,0 7 46 28 69 47 38 44 59 89 10 26 96 83 11 14 73 12 0,
PFG_MOEA,1209,4,207.02,1012.48,0 97 75 98 85 88 63 74 78 64 30 15 41 57 95 27 13 0,
PFG_MOEA,1209,5,207.02,1012.48,0 17 31 35 71 40 16 18 19 20 91 25 2 0,
PFG_MOEA,1209,6,207.02,1012.48,0 92 43 34 99 1 84 23 22 70 72 67 86 82 58 77 0,
PFG_MOEA,1210,1,207.74,922.35,0 76 42 57 95 41 98 85 88 63 74 78 64 30 15 71 35 31 17 40 16 18 0,18 42 63 98
PFG_MOEA,1210,2,207.74,922.35,0 19 91 21 33 37 68 56 39 84 23 22 1 99 34 43 92 53 4 0,
PFG_MOEA,1210,3,207.74,922.35,0 80 66 0,
PFG_MOEA,1210,4,207.74,922.35,0 24 51 45 94 49 32 36 54 70 72 67 82 86 3 58 77 62 48 50 25 20 0,67
PFG_MOEA,1210,5,207.74,922.35,0 2 13 27 12 73 14 11 83 96 26 10 89 59 44 38 47 69 28 46 7 75 97 0,2 11 69
PFG_MOEA,1210,6,207.74,922.35,0 79 90 65 6 87 52 5 29 60 61 93 55 9 81 100 8 0,5
PFG_MOEA,1211,1,204.74,1035.69,0 5 29 90 65 6 87 52 60 61 97 75 98 85 88 63 74 78 64 30 15 0,6
PFG_MOEA,1211,2,204.74,1035.69,0 20 91 19 17 31 71 35 40 16 18 68 37 33 21 34 43 92 48 50 0,18
PFG_MOEA,1211,3,204.74,1035.69,0 2 99 1 22 23 84 39 56 25 32 79 24 45 51 49 94 66 53 80 4 0,
PFG_MOEA,1211,4,204.74,1035.69,0 62 77 58 82 86 67 72 70 54 36 3 93 9 100 8 7 46 0,3
PFG_MOEA,1211,5,204.74,1035.69,0 28 69 47 38 44 59 26 10 89 96 83 0,26 96
PFG_MOEA,1211,6,204.74,1035.69,0 81 55 76 42 11 14 73 57 95 41 12 27 13 0,42
PFG_MOEA,1212,1,201.36,1069.24,0 27 12 73 14 11 83 96 26 10 89 59 44 38 47 69 28 46 0,83
PFG_MOEA,1212,2,201.36,1069.24,0 7 30 15 71 35 40 16 18 19 31 17 20 91 0,31
PFG_MOEA,1212,3,201.36,1069.24,0 25 2 99 34 43 92 1 84 23 22 70 72 67 86 82 58 77 50 0,
PFG_MOEA,1212,4,201.36,1069.24,0 4 80 53 66 54 36 3 39 56 68 37 33 21 62 48 0,36 62
PFG_MOEA,1212,5,201.36,1069.24,0 24 45 94 49 32 51 79 5 29 90 65 6 87 52 60 61 97 0,
PFG_MOEA,1212,6,201.36,1069.24,0 42 76 9 55 75 81 93 100 8 57 95 41 98 85 88 63 74 78 64 13 0,42 88
PFG_MOEA,1213,1,235.98,829.78,0 20 91 21 33 37 68 56 39 84 23 22 1 34 43 92 0,34
PFG_MOEA,1213,2,235.98,829.78,0 99 0,99
PFG_MOEA,1213,3,235.98,829.78,0 4 80 53 66 94 45 24 51 49 32 3 36 54 70 72 67 86 82 58 77 62 48 50 25 2 0,
PFG_MOEA,1213,4,235.98,829.78,0 12 73 14 11 83 96 26 10 89 59 44 38 47 69 28 46 7 0,26
PFG_MOEA,1213,5,235.98,829.78,0 79 5 29 90 65 6 87 52 60 61 97 75 13 27 0,
PFG_MOEA,1213,6,235.98,829.78,0 8 100 93 9 55 76 42 81 57 95 41 98 85 88 63 74 78 64 30 15 71 35 31 17 40 16 18 19 0,42 64
PFG_MOEA,1214,1,199.67,1096.55,0 5 29 90 65 6 87 52 60 61 97 75 7 14 73 12 99 2 25 50 48 0,6 52
PFG_MOEA,1214,2,199.67,1096.55,0 24 79 51 45 94 49 32 36 54 70 72 67 86 82 3 62 0,
PFG_MOEA,1214,3,199.67,1096.55,0 4 80 53 66 58 77 46 28 69 47 38 44 59 89 10 26 96 0,69
PFG_MOEA,1214,4,199.67,1096.55,0 8 100 93 81 55 9 76 42 83 11 98 41 95 57 0,
PFG_MOEA,1214,5,199.67,1096.55,0 20 91 21 33 37 18 16 40 35 71 15 30 64 78 74 63 88 85 0,63
PFG_MOEA,1214,6,199.67,1096.55,0 92 43 34 1 22 23 84 39 56 68 19 17 31 27 13 0,31
PFG_MOEA,1215,1,218.48,880.23,0 98 85 88 63 74 78 64 30 15 71 35 40 16 18 19 31 17 20 91 34 43 48 0,43 98
PFG_MOEA,1215,2,218.48,880.23,0 50 92 21 33 37 68 56 39 84 23 22 1 99 2 25 0,99
PFG_MOEA,1215,3,218.48,880.23,0 4 80 53 66 94 49 51 45 24 79 32 3 36 54 70 72 67 86 82 58 77 62 0,
PFG_MOEA,1215,4,218.48,880.23,0 93 9 100 8 7 46 0,
PFG_MOEA,1215,5,218.48,880.23,0 28 69 47 38 44 59 26 10 89 96 83 11 14 73 0,26
PFG_MOEA,1215,6,218.48,880.23,0 5 29 90 65 6 87 52 60 61 97 75 55 76 42 81 57 95 41 12 27 13 0,29 42
PFG_MOEA,1216,1,198.33,1121.84,0 13 27 12 41 95 78 64 30 15 71 35 40 16 18 19 31 17 20 91 0,
PFG_MOEA,1216,2,198.33,1121.84,0 50 48 92 22 23 84 39 56 68 37 33 21 34 43 0,
PFG_MOEA,1216,3,198.33,1121.84,0 4 80 53 66 94 49 51 45 24 79 32 54 36 3 1 99 2 25 0,2
PFG_MOEA,1216,4,198.33,1121.84,0 62 77 58 82 86 67 72 70 93 9 100 8 7 46 28 69 47 0,58 93
PFG_MOEA,1216,5,198.33,1121.84,0 73 98 85 88 63 74 14 11 83 96 44 38 59 26 10 89 5 29 90 0,11 26 63 98
PFG_MOEA,1216,6,198.33,1121.84,0 65 6 87 52 60 61 97 75 55 76 42 81 57 0,
PFG_MOEA,1217,1,205.55,1025.13,0 81 57 95 41 15 30 64 78 74 63 88 85 98 71 35 40 16 18 19 17 31 0,78
PFG_MOEA,1217,2,205.55,1025.13,0 20 91 21 33 37 68 56 39 84 23 22 1 99 34 43 92 53 80 4 0,99
PFG_MOEA,1217,3,205.55,1025.13,0 66 94 3 36 54 70 72 67 32 49 51 45 24 0,
PFG_MOEA,1217,4,205.55,1025.13,0 77 58 82 86 62 48 50 25 2 12 73 14 11 83 96 59 26 89 10 0,12 26 83
PFG_MOEA,1217,5,205.55,1025.13,0 44 38 47 69 28 46 7 75 97 61 60 52 87 6 65 90 29 5 79 0,
PFG_MOEA,1217,6,205.55,1025.13,0 13 27 8 100 93 9 55 76 42 0,76
PFG_MOEA,1218,1,353.71,825.55,0 66 94 49 51 45 24 0,
PFG_MOEA,1218,2,353.71,825.55,0 2 25 50 48 62 77 58 82 86 67 72 70 54 36 3 32 79 5 29 90 65 6 87 52 60 61 55 9 42 76 81 93 100 8 7 46 28 69 47 38 44 59 89 10 26 96 83 11 14 73 12 27 13 0,32 42 44
PFG_MOEA,1218,3,353.71,825.55,0 57 95 41 0,
PFG_MOEA,1218,4,353.71,825.55,0 97 75 98 85 88 63 74 78 64 30 15 71 35 31 17 40 16 18 19 20 91 21 33 37 68 56 39 84 23 22 1 34 43 92 0,64
PFG_MOEA,1218,5,353.71,825.55,0 99 0,
PFG_MOEA,1218,6,353.71,825.55,0 4 80 53 0,
PFG_MOEA,1219,1,207.02,1012.48,0 50 48 62 21 33 37 68 56 39 3 36 54 66 53 80 4 24 0,
PFG_MOEA,1219,2,207.02,1012.48,0 45 94 49 32 51 79 5 29 90 65 6 87 52 60 61 55 9 42 76 81 93 100 8 0,5 32 76
PFG_MOEA,1219,3,207.02,1012.48,0 7 46 28 69 47 38 44 59 89 10 26 96 83 11 14 73 12 0,
PFG_MOEA,1219,4,207.02,1012.48,0 97 75 98 85 88 63 74 78 64 30 15 41 57 95 27 13 0,
PFG_MOEA,1219,5,207.02,1012.48,0 17 31 35 71 40 16 18 19 20 91 25 2 0,
PFG_MOEA,1219,6,207.02,1012.48,0 92 43 34 99 1 84 23 22 70 72 67 86 82 58 77 0,
PFG_MOEA,1220,1,207.74,922.35,0 76 42 57 95 41 98 85 88 63 74 78 64 30 15 71 35 31 17 40 16 18 0,18 42 63 98
PFG_MOEA,1220,2,207.74,922.35,0 19 91 21 33 37 68 56 39 84 23 22 1 99 34 43 92 53 4 0,
PFG_MOEA,1220,3,207.74,922.35,0 80 66 0,
PFG_MOEA,1220,4,207.74,922.35,0 24 51 45 94 49 32 36 54 70 72 67 82 86 3 58 77 62 48 50 25 20 0,67
PFG_MOEA,1220,5,207.74,922.35,0 2 13 27 12 73 14 11 83 96 26 10 89 59 44 38 47 69 28 46 7 75 97 0,2 11 69
PFG_MOEA,1220,6,207.74,922.35,0 79 90 65 6 87 52 5 29 60 61 93 55 9 81 100 8 0,5
PFG_MOEA,1221,1,204.74,1035.69,0 5 29 90 65 6 87 52 60 61 97 75 98 85 88 63 74 78 64 30 15 0,6
PFG_MOEA,1221,2,204.74,1035.69,0 20 91 19 17 31 71 35 40 16 18 68 37 33 21 34 43 92 48 50 0,18
PFG_MOEA,1221,3,204.74,1035.69,0 2 99 1 22 23 84 39 56 25 32 79 24 45 51 49 94 66 53 80 4 0,
PFG_MOEA,1221,4,204.74,1035.69,0 62 77 58 82 86 67 72 70 54 36 3 93 9 100 8 7 46 0,3
PFG_MOEA,1221,5,204.74,1035.69,0 28 69 47 38 44 59 26 10 89 96 83 0,26 96
PFG_MOEA,1221,6,204.74,1035.69,0 81 55 76 42 11 14 73 57 95 41 12 27 13 0,42
PFG_MOEA,1222,1,201.36,1069.24,0 27 12 73 14 11 83 96 26 10 89 59 44 38 47 69 28 46 0,83
PFG_MOEA,1222,2,201.36,1069.24,0 7 30 15 71 35 40 16 18 19 31 17 20 91 0,31
PFG_MOEA,1222,3,201.36,1069.24,0 25 2 99 34 43 92 1 84 23 22 70 72 67 86 82 58 77 50 0,
PFG_MOEA,1222,4,201.36,1069.24,0 4 80 53 66 54 36 3 39 56 68 37 33 21 62 48 0,36 62
PFG_MOEA,1222,5,201.36,1069.24,0 24 45 94 49 32 51 79 5 29 90 65 6 87 52 60 61 97 0,
PFG_MOEA,1222,6,201.36,1069.24,0 42 76 9 55 75 81 93 100 8 57 95 41 98 85 88 63 74 78 64 13 0,42 88
PFG_MOEA,1223,1,235.98,829.78,0 20 91 21 33 37 68 56 39 84 23 22 1 34 43 92 0,34
PFG_MOEA,1223,2,235.98,829.78,0 99 0,99
PFG_MOEA,1223,3,235.98,829.78,0 4 80 53 66 94 45 24 51 49 32 3 36 54 70 72 67 86 82 58 77 62 48 50 25 2 0,
PFG_MOEA,1223,4,235.98,829.78,0 12 73 14 11 83 96 26 10 89 59 44 38 47 69 28 46 7 0,26
PFG_MOEA,1223,5,235.98,829.78,0 79 5 29 90 65 6 87 52 60 61 97 75 13 27 0,
PFG_MOEA,1223,6,235.98,829.78,0 8 100 93 9 55 76 42 81 57 95 41 98 85 88 63 74 78 64 30 15 71 35 31 17 40 16 18 19 0,42 64
PFG_MOEA,1224,1,199.67,1096.55,0 5 29 90 65 6 87 52 60 61 97 75 7 14 73 12 99 2 25 50 48 0,6 52
PFG_MOEA,1224,2,199.67,1096.55,0 24 79 51 45 94 49 32 36 54 70 72 67 86 82 3 62 0,
PFG_MOEA,1224,3,199.67,1096.55,0 4 80 53 66 58 77 46 28 69 47 38 44 59 89 10 26 96 0,69
PFG_MOEA,1224,4,199.67,1096.55,0 8 100 93 81 55 9 76 42 83 11 98 41 95 57 0,
PFG_MOEA,1224,5,199.67,1096.55,0 20 91 21 33 37 18 16 40 35 71 15 30 64 78 74 63 88 85 0,63
PFG_MOEA,1224,6,199.67,1096.55,0 92 43 34 1 22 23 84 39 56 68 19 17 31 27 13 0,31
PFG_MOEA,1225,1,218.48,880.23,0 98 85 88 63 74 78 64 30 15 71 35 40 16 18 19 31 17 20 91 34 43 48 0,43 98
PFG_MOEA,1225,2,218.48,880.23,0 50 92 21 33 37 68 56 39 84 23 22 1 99 2 25 0,99
PFG_MOEA,1225,3,218.48,880.23,0 4 80 53 66 94 49 51 45 24 79 32 3 36 54 70 72 67 86 82 58 77 62 0,
PFG_MOEA,1225,4,218.48,880.23,0 93 9 100 8 7 46 0,
PFG_MOEA,1225,5,218.48,880.23,0 28 69 47 38 44 59 26 10 89 96 83 11 14 73 0,26
PFG_MOEA,1225,6,218.48,880.23,0 5 29 90 65 6 87 52 60 61 97 75 55 76 42 81 57 95 41 12 27 13 0,29 42
PFG_MOEA,1226,1,198.33,1121.84,0 13 27 12 41 95 78 64 30 15 71 35 40 16 18 19 31 17 20 91 0,
PFG_MOEA,1226,2,198.33,1121.84,0 50 48 92 22 23 84 39 56 68 37 33 21 34 43 0,
PFG_MOEA,1226,3,198.33,1121.84,0 4 80 53 66 94 49 51 45 24 79 32 54 36 3 1 99 2 25 0,2
PFG_MOEA,1226,4,198.33,1121.84,0 62 77 58 82 86 67 72 70 93 9 100 8 7 46 28 69 47 0,58 93
PFG_MOEA,1226,5,198.33,1121.84,0 73 98 85 88 63 74 14 11 83 96 44 38 59 26 10 89 5 29 90 0,11 26 63 98
PFG_MOEA,1226,6,198.33,1121.84,0 65 6 87 52 60 61 97 75 55 76 42 81 57 0,
PFG_MOEA,1227,1,205.55,1025.13,0 81 57 95 41 15 30 64 78 74 63 88 85 98 71 35 40 16 18 19 17 31 0,78
PFG_MOEA,1227,2,205.55,1025.13,0 20 91 21 33 37 68 56 39 84 23 22 1 99 34 43 92 53 80 4 0,99
PFG_MOEA,1227,3,205.55,1025.13,0 66 94 3 36 54 70 72 67 32 49 51 45 24 0,
PFG_MOEA,1227,4,205.55,1025.13,0 77 58 82 86 62 48 50 25 2 12 73 14 11 83 96 59 26 89 10 0,12 26 83
PFG_MOEA,1227,5,205.55,1025.13,0 44 38 47 69 28 46 7 75 97 61 60 52 87 6 65 90 29 5 79 0,
PFG_MOEA,1227,6,205.55,1025.13,0 13 27 8 100 93 9 55 76 42 0,76
PFG_MOEA,1228,1,353.71,825.55,0 66 94 49 51 45 24 0,
PFG_MOEA,1228,2,353.71,825.55,0 2 25 50 48 62 77 58 82 86 67 72 70 54 36 3 32 79 5 29 90 65 6 87 52 60 61 55 9 42 76 81 93 100 8 7 46 28 69 47 38 44 59 89 10 26 96 83 11 14 73 12 27 13 0,32 42 44
PFG_MOEA,1228,3,353.71,825.55,0 57 95 41 0,
PFG_MOEA,1228,4,353.71,825.55,0 97 75 98 85 88 63 74 78 64 30 15 71 35 31 17 40 16 18 19 20 91 21 33 37 68 56 39 84 23 22 1 34 43 92 0,64
PFG_MOEA,1228,5,353.71,825.55,0 99 0,
PFG_MOEA,1228,6,353.71,825.55,0 4 80 53 0,
PFG_MOEA,1229,1,207.02,1012.48,0 50 48 62 21 33 37 68 56 39 3 36 54 66 53 80 4 24 0,
PFG_MOEA,1229,2,207.02,1012.48,0 45 94 49 32 51 79 5 29 90 65 6 87 52 60 61 55 9 42 76 81 93 100 8 0,5 32 76
PFG_MOEA,1229,3,207.02,1012.48,0 7 46 28 69 47 38 44 59 89 10 26 96 83 11 14 73 12 0,
PFG_MOEA,1229,4,207.02,1012.48,0 97 75 98 85 88 63 74 78 64 30 15 41 57 95 27 13 0,
PFG_MOEA,1229,5,207.02,1012.48,0 17 31 35 71 40 16 18 19 20 91 25 2 0,
PFG_MOEA,1229,6,207.02,1012.48,0 92 43 34 99 1 84 23 22 70 72 67 86 82 58 77 0,
PFG_MOEA,1230,1,207.74,922.35,0 76 42 57 95 41 98 85 88 63 74 78 64 30 15 71 35 31 17 40 16 18 0,18 42 63 98
PFG_MOEA,1230,2,207.74,922.35,0 19 91 21 33 37 68 56 39 84 23 22 1 99 34 43 92 53 4 0,
PFG_MOEA,1230,3,207.74,922.35,0 80 66 0,
PFG_MOEA,1230,4,207.74,922.35,0 24 51 45 94 49 32 36 54 70 72 67 82 86 3 58 77 62 48 50 25 20 0,67
PFG_MOEA,1230,5,207.74,922.35,0 2 13 27 12 73 14 11 83 96 26 10 89 59 44 38 47 69 28 46 7 75 97 0,2 11 69
PFG_MOEA,1230,6,207.74,922.35,0 79 90 65 6 87 52 5 29 60 61 93 55 9 81 100 8 0,5
PFG_MOEA,1231,1,204.74,1035.69,0 5 29 90 65 6 87 52 60 61 97 75 98 85 88 63 74 78 64 30 15 0,6
PFG_MOEA,1231,2,204.74,1035.69,0 20 91 19 17 31 71 35 40 16 18 68 37 33 21 34 43 92 48 50 0,18
PFG_MOEA,1231,3,204.74,1035.69,0 2 99 1 22 23 84 39 56 25 32 79 24 45 51 49 94 66 53 80 4 0,
PFG_MOEA,1231,4,204.74,1035.69,0 62 77 58 82 86 67 72 70 54 36 3 93 9 100 8 7 46 0,3
PFG_MOEA,1231,5,204.74,1035.69,0 28 69 47 38 44 59 26 10 89 96 83 0,26 96
PFG_MOEA,1231,6,204.74,1035.69,0 81 55 76 42 11 14 73 57 95 41 12 27 13 0,42
PFG_MOEA,1232,1,201.36,1069.24,0 27 12 73 14 11 83 96 26 10 89 59 44 38 47 69 28 46 0,83
PFG_MOEA,1232,2,201.36,1069.24,0 7 30 15 71 35 40 16 18 19 31 17 20 91 0,31
PFG_MOEA,1232,3,201.36,1069.24,0 25 2 99 34 43 92 1 84 23 22 70 72 67 86 82 58 77 50 0,
PFG_MOEA,1232,4,201.36,1069.24,0 4 80 53 66 54 36 3 39 56 68 37 33 21 62 48 0,36 62
PFG_MOEA,1232,5,201.36,1069.24,0 24 45 94 49 32 51 79 5 29 90 65 6 87 52 60 61 97 0,
PFG_MOEA,1232,6,201.36,1069.24,0 42 76 9 55 75 81 93 100 8 57 95 41 98 85 88 63 74 78 64 13 0,42 88
PFG_MOEA,1233,1,235.98,829.78,0 20 91 21 33 37 68 56 39 84 23 22 1 34 43 92 0,34
PFG_MOEA,1233,2,235.98,829.78,0 99 0,99
PFG_MOEA,1233,3,235.98,829.78,0 4 80 53 66 94 45 24 51 49 32 3 36 54 70 72 67 86 82 58 77 62 48 50 25 2 0,
PFG_MOEA,1233,4,235.98,829.78,0 12 73 14 11 83 96 26 10 89 59 44 38 47 69 28 46 7 0,26
PFG_MOEA,1233,5,235.98,829.78,0 79 5 29 90 65 6 87 52 60 61 97 75 13 27 0,
PFG_MOEA,1233,6,235.98,829.78,0 8 100 93 9 55 76 42 81 57 95 41 98 85 88 63 74 78 64 30 15 71 35 31 17 40 16 18 19 0,42 64
PFG_MOEA,1234,1,199.67,1096.55,0 5 29 90 65 6 87 52 60 61 97 75 7 14 73 12 99 2 25 50 48 0,6 52
PFG_MOEA,1234,2,199.67,1096.55,0 24 79 51 45 94 49 32 36 54 70 72 67 86 82 3 62 0,
PFG_MOEA,1234,3,199.67,1096.55,0 4 80 53 66 58 77 46 28 69 47 38 44 59 89 10 26 96 0,69
PFG_MOEA,1234,4,199.67,1096.55,0 8 100 93 81 55 9 76 42 83 11 98 41 95 57 0,
PFG_MOEA,1234,5,199.67,1096.55,0 20 91 21 33 37 18 16 40 35 71 15 30 64 78 74 63 88 85 0,63
PFG_MOEA,1234,6,199.67,1096.55,0 92 43 34 1 22 23 84 39 56 68 19 17 31 27 13 0,31
PFG_MOEA,1235,1,218.48,880.23,0 98 85 88 63 74 78 64 30 15 71 35 40 16 18 19 31 17 20 91 34 43 48 0,43 98
PFG_MOEA,1235,2,218.48,880.23,0 50 92 21 33 37 68 56 39 84 23 22 1 99 2 25 0,99
PFG_MOEA,1235,3,218.48,880.23,0 4 80 53 66 94 49 51 45 24 79 32 3 36 54 70 72 67 86 82 58 77 62 0,
PFG_MOEA,1235,4,218.48,880.23,0 93 9 100 8 7 46 0,
PFG_MOEA,1235,5,218.48,880.23,0 28 69 47 38 44 59 26 10 89 96 83 11 14 73 0,26
PFG_MOEA,1235,6,218.48,880.23,0 5 29 90 65 6 87 52 60 61 97 75 55 76 42 81 57 95 41 12 27 13 0,29 42
PFG_MOEA,1236,1,198.33,1121.84,0 13 27 12 41 95 78 64 30 15 71 35 40 16 18 19 31 17 20 91 0,
PFG_MOEA,1236,2,198.33,1121.84,0 50 48 92 22 23 84 39 56 68 37 33 21 34 43 0,
PFG_MOEA,1236,3,198.33,1121.84,0 4 80 53 66 94 49 51 45 24 79 32 54 36 3 1 99 2 25 0,2
PFG_MOEA,1236,4,198.33,1121.84,0 62 77 58 82 86 67 72 70 93 9 100 8 7 46 28 69 47 0,58 93
PFG_MOEA,1236,5,198.33,1121.84,0 73 98 85 88 63 74 14 11 83 96 44 38 59 26 10 89 5 29 90 0,11 26 63 98
PFG_MOEA,1236,6,198.33,1121.84,0 65 6 87 52 60 61 97 75 55 76 42 81 57 0,
PFG_MOEA,1237,1,205.55,1025.13,0 81 57 95 41 15 30 64 78 74 63 88 85 98 71 35 40 16 18 19 17 31 0,78
PFG_MOEA,1237,2,205.55,1025.13,0 20 91 21 33 37 68 56 39 84 23 22 1 99 34 43 92 53 80 4 0,99
PFG_MOEA,1237,3,205.55,1025.13,0 66 94 3 36 54 70 72 67 32 49 51 45 24 0,
PFG_MOEA,1237,4,205.55,1025.13,0 77 58 82 86 62 48 50 25 2 12 73 14 11 83 96 59 26 89 10 0,12 26 83
PFG_MOEA,1237,5,205.55,1025.13,0 44 38 47 69 28 46 7 75 97 61 60 52 87 6 65 90 29 5 79 0,
PFG_MOEA,1237,6,205.55,1025.13,0 13 27 8 100 93 9 55 76 42 0,76
PFG_MOEA,1238,1,353.71,825.55,0 66 94 49 51 45 24 0,
PFG_MOEA,1238,2,353.71,825.55,0 2 25 50 48 62 77 58 82 86 67 72 70 54 36 3 32 79 5 29 90 65 6 87 52 60 61 55 9 42 76 81 93 100 8 7 46 28 69 47 38 44 59 89 10 26 96 83 11 14 73 12 27 13 0,32 42 44
PFG_MOEA,1238,3,353.71,825.55,0 57 95 41 0,
PFG_MOEA,1238,4,353.71,825.55,0 97 75 98 85 88 63 74 78 64 30 15 71 35 31 17 40 16 18 19 20 91 21 33 37 68 56 39 84 23 22 1 34 43 92 0,64
PFG_MOEA,1238,5,353.71,825.55,0 99 0,
PFG_MOEA,1238,6,353.71,825.55,0 4 80 53 0,
PFG_MOEA,1239,1,207.02,1012.48,0 50 48 62 21 33 37 68 56 39 3 36 54 66 53 80 4 24 0,
PFG_MOEA,1239,2,207.02,1012.48,0 45 94 49 32 51 79 5 29 90 65 6 87 52 60 61 55 9 42 76 81 93 100 8 0,5 32 76
PFG_MOEA,1239,3,207.02,1012.48,0 7 46 28 69 47 38 44 59 89 10 26 96 83 11 14 73 12 0,
PFG_MOEA,1239,4,207.02,1012.48,0 97 75 98 85 88 63 74 78 64 30 15 41 57 95 27 13 0,
PFG_MOEA,1239,5,207.02,1012.48,0 17 31 35 71 40 16 18 19 20 91 25 2 0,
PFG_MOEA,1239,6,207.02,1012.48,0 92 43 34 99 1 84 23 22 70 72 67 86 82 58 77 0,
PFG_MOEA,1240,1,207.74,922.35,0 76 42 57 95 41 98 85 88 63 74 78 64 30 15 71 35 31 17 40 16 18 0,18 42 63 98
PFG_MOEA,1240,2,207.74,922.35,0 19 91 21 33 37 68 56 39 84 23 22 1 99 34 43 92 53 4 0,
PFG_MOEA,1240,3,207.74,922.35,0 80 66 0,
PFG_MOEA,1240,4,207.74,922.35,0 24 51 45 94 49 32 36 54 70 72 67 82 86 3 58 77 62 48 50 25 20 0,67
PFG_MOEA,1240,5,207.74,922.35,0 2 13 27 12 73 14 11 83 96 26 10 89 59 44 38 47 69 28 46 7 75 97 0,2 11 69
PFG_MOEA,1240,6,207.74,922.35,0 79 90 65 6 87 52 5 29 60 61 93 55 9 81 100 8 0,5
PFG_MOEA,1241,1,204.74,1035.69,0 5 29 90 65 6 87 52 60 61 97 75 98 85 88 63 74 78 64 30 15 0,6
PFG_MOEA,1241,2,204.74,1035.69,0 20 91 19 17 31 71 35 40 16 18 68 37 33 21 34 43 92 48 50 0,18
PFG_MOEA,1241,3,204.74,1035.69,0 2 99 1 22 23 84 39 56 25 32 79 24 45 51 49 94 66 53 80 4 0,
PFG_MOEA,1241,4,204.74,1035.69,0 62 77 58 82 86 67 72 70 54 36 3 93 9 100 8 7 46 0,3
PFG_MOEA,1241,5,204.74,1035.69,0 28 69 47 38 44 59 26 10 89 96 83 0,26 96
PFG_MOEA,1241,6,204.74,1035.69,0 81 55 76 42 11 14 73 57 95 41 12 27 13 0,42
PFG_MOEA,1242,1,201.36,1069.24,0 27 12 73 14 11 83 96 26 10 89 59 44 38 47 69 28 46 0,83
PFG_MOEA,1242,2,201.36,1069.24,0 7 30 15 71 35 40 16 18 19 31 17 20 91 0,31
PFG_MOEA,1242,3,201.36,1069.24,0 25 2 99 34 43 92 1 84 23 22 70 72 67 86 82 58 77 50 0,
PFG_MOEA,1242,4,201.36,1069.24,0 4 80 53 66 54 36 3 39 56 68 37 33 21 62 48 0,36 62
PFG_MOEA,1242,5,201.36,1069.24,0 24 45 94 49 32 51 79 5 29 90 65 6 87 52 60 61 97 0,
PFG_MOEA,1242,6,201.36,1069.24,0 42 76 9 55 75 81 93 100 8 57 95 41 98 85 88 63 74 78 64 13 0,42 88
PFG_MOEA,1243,1,235.98,829.78,0 20 91 21 33 37 68 56 39 84 23 22 1 34 43 92 0,34
PFG_MOEA,1243,2,235.98,829.78,0 99 0,99
PFG_MOEA,1243,3,235.98,829.78,0 4 80 53 66 94 45 24 51 49 32 3 36 54 70 72 67 86 82 58 77 62 48 50 25 2 0,
PFG_MOEA,1243,4,235.98,829.78,0 12 73 14 11 83 96 26 10 89 59 44 38 47 69 28 46 7 0,26
PFG_MOEA,1243,5,235.98,829.78,0 79 5 29 90 65 6 87 52 60 61 97 75 13 27 0,
PFG_MOEA,1243,6,235.98,829.78,0 8 100 93 9 55 76 42 81 57 95 41 98 85 88 63 74 78 64 30 15 71 35 31 17 40 16 18 19 0,42 64
PFG_MOEA,1244,1,199.67,1096.55,0 5 29 90 65 6 87 52 60 61 97 75 7 14 73 12 99 2 25 50 48 0,6 52
PFG_MOEA,1244,2,199.67,1096.55,0 24 79 51 45 94 49 32 36 54 70 72 67 86 82 3 62 0,
PFG_MOEA,1244,3,199.67,1096.55,0 4 80 53 66 58 77 46 28 69 47 38 44 59 89 10 26 96 0,69
PFG_MOEA,1244,4,199.67,1096.55,0 8 100 93 81 55 9 76 42 83 11 98 41 95 57 0,
PFG_MOEA,1244,5,199.67,1096.55,0 20 91 21 33 37 18 16 40 35 71 15 30 64 78 74 63 88 85 0,63
PFG_MOEA,1244,6,199.67,1096.55,0 92 43 34 1 22 23 84 39 56 68 19 17 31 27 13 0,31
PFG_MOEA,1245,1,218.48,880.23,0 98 85 88 63 74 78 64 30 15 71 35 40 16 18 19 31 17 20 91 34 43 48 0,43 98
PFG_MOEA,1245,2,218.48,880.23,0 50 92 21 33 37 68 56 39 84 23 22 1 99 2 25 0,99
PFG_MOEA,1245,3,218.48,880.23,0 4 80 53 66 94 49 51 45 24 79 32 3 36 54 70 72 67 86 82 58 77 62 0,
PFG_MOEA,1245,4,218.48,880.23,0 93 9 100 8 7 46 0,
PFG_MOEA,1245,5,218.48,880.23,0 28 69 47 38 44 59 26 10 89 96 83 11 14 73 0,26
PFG_MOEA,1245,6,218.48,880.23,0 5 29 90 65 6 87 52 60 61 97 75 55 76 42 81 57 95 41 12 27 13 0,29 42
PFG_MOEA,1246,1,198.33,1121.84,0 13 27 12 41 95 78 64 30 15 71 35 40 16 18 19 31 17 20 91 0,
PFG_MOEA,1246,2,198.33,1121.84,0 50 48 92 22 23 84 39 56 68 37 33 21 34 43 0,
PFG_MOEA,1246,3,198.33,1121.84,0 4 80 53 66 94 49 51 45 24 79 32 54 36 3 1 99 2 25 0,2
PFG_MOEA,1246,4,198.33,1121.84,0 62 77 58 82 86 67 72 70 93 9 100 8 7 46 28 69 47 0,58 93
PFG_MOEA,1246,5,198.33,1121.84,0 73 98 85 88 63 74 14 11 83 96 44 38 59 26 10 89 5 29 90 0,11 26 63 98
PFG_MOEA,1246,6,198.33,1121.84,0 65 6 87 52 60 61 97 75 55 76 42 81 57 0,
PFG_MOEA,1247,1,205.55,1025.13,0 81 57 95 41 15 30 64 78 74 63 88 85 98 71 35 40 16 18 19 17 31 0,78
PFG_MOEA,1247,2,205.55,1025.13,0 20 91 21 33 37 68 56 39 84 23 22 1 99 34 43 92 53 80 4 0,99
PFG_MOEA,1247,3,205.55,1025.13,0 66 94 3 36 54 70 72 67 32 49 51 45 24 0,
PFG_MOEA,1247,4,205.55,1025.13,0 77 58 82 86 62 48 50 25 2 12 73 14 11 83 96 59 26 89 10 0,12 26 83
PFG_MOEA,1247,5,205.55,1025.13,0 44 38 47 69 28 46 7 75 97 61 60 52 87 6 65 90 29 5 79 0,
PFG_MOEA,1247,6,205.55,1025.13,0 13 27 8 100 93 9 55 76 42 0,76
PFG_MOEA,1248,1,353.71,825.55,0 66 94 49 51 45 24 0,
PFG_MOEA,1248,2,353.71,825.55,0 2 25 50 48 62 77 58 82 86 67 72 70 54 36 3 32 79 5 29 90 65 6 87 52 60 61 55 9 42 76 81 93 100 8 7 46 28 69 47 38 44 59 89 10 26 96 83 11 14 73 12 27 13 0,32 42 44
PFG_MOEA,1248,3,353.71,825.55,0 57 95 41 0,
PFG_MOEA,1248,4,353.71,825.55,0 97 75 98 85 88 63 74 78 64 30 15 71 35 31 17 40 16 18 19 20 91 21 33 37 68 56 39 84 23 22 1 34 43 92 0,64
PFG_MOEA,1248,5,353.71,825.55,0 99 0,
PFG_MOEA,1248,6,353.71,825.55,0 4 80 53 0,
PFG_MOEA,1249,1,207.02,1012.48,0 50 48 62 21 33 37 68 56 39 3 36 54 66 53 80 4 24 0,
PFG_MOEA,1249,2,207.02,1012.48,0 45 94 49 32 51 79 5 29 90 65 6 87 52 60 61 55 9 42 76 81 93 100 8 0,5 32 76
PFG_MOEA,1249,3,207.02,1012.48,0 7 46 28 69 47 38 44 59 89 10 26 96 83 11 14 73 12 0,
PFG_MOEA,1249,4,207.02,1012.48,0 97 75 98 85 88 63 74 78 64 30 15 41 57 95 27 13 0,
PFG_MOEA,1249,5,207.02,1012.48,0 17 31 35 71 40 16 18 19 20 91 25 2 0,
PFG_MOEA,1249,6,207.02,1012.48,0 92 43 34 99 1 84 23 22 70 72 67 86 82 58 77 0,
PFG_MOEA,1250,1,207.74,922.35,0 76 42 57 95 41 98 85 88 63 74 78 64 30 15 71 35 31 17 40 16 18 0,18 42 63 98
PFG_MOEA,1250,2,207.74,922.35,0 19 91 21 33 37 68 56 39 84 23 22 1 99 34 43 92 53 4 0,
PFG_MOEA,1250,3,207.74,922.35,0 80 66 0,
PFG_MOEA,1250,4,207.74,922.35,0 24 51 45 94 49 32 36 54 70 72 67 82 86 3 58 77 62 48 50 25 20 0,67
PFG_MOEA,1250,5,207.74,922.35,0 2 13 27 12 73 14 11 83 96 26 10 89 59 44 38 47 69 28 46 7 75 97 0,2 11 69
PFG_MOEA,1250,6,207.74,922.35,0 79 90 65 6 87 52 5 29 60 61 93 55 9 81 100 8 0,5
PFG_MOEA,1251,1,204.74,1035.69,0 5 29 90 65 6 87 52 60 61 97 75 98 85 88 63 74 78 64 30 15 0,6
PFG_MOEA,1251,2,204.74,1035.69,0 20 91 19 17 31 71 35 40 16 18 68 37 33 21 34 43 92 48 50 0,18
PFG_MOEA,1251,3,204.74,1035.69,0 2 99 1 22 23 84 39 56 25 32 79 24 45 51 49 94 66 53 80 4 0,
PFG_MOEA,1251,4,204.74,1035.69,0 62 77 58 82 86 67 72 70 54 36 3 93 9 100 8 7 46 0,3
PFG_MOEA,1251,5,204.74,1035.69,0 28 69 47 38 44 59 26 10 89 96 83 0,26 96
PFG_MOEA,1251,6,204.74,1035.69,0 81 55 76 42 11 14 73 57 95 41 12 27 13 0,42
PFG_MOEA,1252,1,201.36,1069.24,0 27 12 73 14 11 83 96 26 10 89 59 44 38 47 69 28 46 0,83
PFG_MOEA,1252,2,201.36,1069.24,0 7 30 15 71 35 40 16 18 19 31 17 20 91 0,31
PFG_MOEA,1252,3,201.36,1069.24,0 25 2 99 34 43 92 1 84 23 22 70 72 67 86 82 58 77 50 0,
PFG_MOEA,1252,4,201.36,1069.24,0 4 80 53 66 54 36 3 39 56 68 37 33 21 62 48 0,36 62
PFG_MOEA,1252,5,201.36,1069.24,0 24 45 94 49 32 51 79 5 29 90 65 6 87 52 60 61 97 0,
PFG_MOEA,1252,6,201.36,1069.24,0 42 76 9 55 75 81 93 100 8 57 95 41 98 85 88 63 74 78 64 13 0,42 88
PFG_MOEA,1253,1,235.98,829.78,0 20 91 21 33 37 68 56 39 84 23 22 1 34 43 92 0,34
PFG_MOEA,1253,2,235.98,829.78,0 99 0,99
PFG_MOEA,1253,3,235.98,829.78,0 4 80 53 66 94 45 24 51 49 32 3 36 54 70 72 67 86 82 58 77 62 48 50 25 2 0,
PFG_MOEA,1253,4,235.98,829.78,0 12 73 14 11 83 96 26 10 89 59 44 38 47 69 28 46 7 0,26
PFG_MOEA,1253,5,235.98,829.78,0 79 5 29 90 65 6 87 52 60 61 97 75 13 27 0,
PFG_MOEA,1253,6,235.98,829.78,0 8 100 93 9 55 76 42 81 57 95 41 98 85 88 63 74 78 64 30 15 71 35 31 17 40 16 18 19 0,42 64
PFG_MOEA,1254,1,199.67,1096.55,0 5 29 90 65 6 87 52 60 61 97 75 7 14 73 12 99 2 25 50 48 0,6 52
PFG_MOEA,1254,2,199.67,1096.55,0 24 79 51 45 94 49 32 36 54 70 72 67 86 82 3 62 0,
PFG_MOEA,1254,3,199.67,1096.55,0 4 80 53 66 58 77 46 28 69 47 38 44 59 89 10 26 96 0,69
PFG_MOEA,1254,4,199.67,1096.55,0 8 100 93 81 55 9 76 42 83 11 98 41 95 57 0,
PFG_MOEA,1254,5,199.67,1096.55,0 20 91 21 33 37 18 16 40 35 71 15 30 64 78 74 63 88 85 0,63
PFG_MOEA,1254,6,199.67,1096.55,0 92 43 34 1 22 23 84 39 56 68 19 17 31 27 13 0,31
PFG_MOEA,1255,1,218.48,880.23,0 98 85 88 63 74 78 64 30 15 71 35 40 16 18 19 31 17 20 91 34 43 48 0,43 98
PFG_MOEA,1255,2,218.48,880.23,0 50 92 21 33 37 68 56 39 84 23 22 1 99 2 25 0,99
PFG_MOEA,1255,3,218.48,880.23,0 4 80 53 66 94 49 51 45 24 79 32 3 36 54 70 72 67 86 82 58 77 62 0,
PFG_MOEA,1255,4,218.48,880.23,0 93 9 100 8 7 46 0,
PFG_MOEA,1255,5,218.48,880.23,0 28 69 47 38 44 59 26 10 89 96 83 11 14 73 0,26
PFG_MOEA,1255,6,218.48,880.23,0 5 29 90 65 6 87 52 60 61 97 75 55 76 42 81 57 95 41 12 27 13 0,29 42
PFG_MOEA,1256,1,198.33,1121.84,0 13 27 12 41 95 78 64 30 15 71 35 40 16 18 19 31 17 20 91 0,
PFG_MOEA,1256,2,198.33,1121.84,0 50 48 92 22 23 84 39 56 68 37 33 21 34 43 0,
PFG_MOEA,1256,3,198.33,1121.84,0 4 80 53 66 94 49 51 45 24 79 32 54 36 3 1 99 2 25 0,2
PFG_MOEA,1256,4,198.33,1121.84,0 62 77 58 82 86 67 72 70 93 9 100 8 7 46 28 69 47 0,58 93
PFG_MOEA,1256,5,198.33,1121.84,0 73 98 85 88 63 74 14 11 83 96 44 38 59 26 10 89 5 29 90 0,11 26 63 98
PFG_MOEA,1256,6,198.33,1121.84,0 65 6 87 52 60 61 97 75 55 76 42 81 57 0,
PFG_MOEA,1257,1,205.55,1025.13,0 81 57 95 41 15 30 64 78 74 63 88 85 98 71 35 40 16 18 19 17 31 0,78
PFG_MOEA,1257,2,205.55,1025.13,0 20 91 21 33 37 68 56 39 84 23 22 1 99 34 43 92 53 80 4 0,99
PFG_MOEA,1257,3,205.55,1025.13,0 66 94 3 36 54 70 72 67 32 49 51 45 24 0,
PFG_MOEA,1257,4,205.55,1025.13,0 77 58 82 86 62 48 50 25 2 12 73 14 11 83 96 59 26 89 10 0,12 26 83
PFG_MOEA,1257,5,205.55,1025.13,0 44 38 47 69 28 46 7 75 97 61 60 52 87 6 65 90 29 5 79 0,
PFG_MOEA,1257,6,205.55,1025.13,0 13 27 8 100 93 9 55 76 42 0,76
PFG_MOEA,1258,1,353.71,825.55,0 66 94 49 51 45 24 0,
PFG_MOEA,1258,2,353.71,825.55,0 2 25 50 48 62 77 58 82 86 67 72 70 54 36 3 32 79 5 29 90 65 6 87 52 60 61 55 9 42 76 81 93 100 8 7 46 28 69 47 38 44 59 89 10 26 96 83 11 14 73 12 27 13 0,32 42 44
PFG_MOEA,1258,3,353.71,825.55,0 57 95 41 0,
PFG_MOEA,1258,4,353.71,825.55,0 97 75 98 85 88 63 74 78 64 30 15 71 35 31 17 40 16 18 19 20 91 21 33 37 68 56 39 84 23 22 1 34 43 92 0,64
PFG_MOEA,1258,5,353.71,825.55,0 99 0,
PFG_MOEA,1258,6,353.71,825.55,0 4 80 53 0,
PFG_MOEA,1259,1,207.02,1012.48,0 50 48 62 21 33 37 68 56 39 3 36 54 66 53 80 4 24 0,
PFG_MOEA,1259,2,207.02,1012.48,0 45 94 49 32 51 79 5 29 90 65 6 87 52 60 61 55 9 42 76 81 93 100 8 0,5 32 76
PFG_MOEA,1259,3,207.02,1012.48,0 7 46 28 69 47 38 44 59 89 10 26 96 83 11 14 73 12 0,
PFG_MOEA,1259,4,207.02,1012.48,0 97 75 98 85 88 63 74 78 64 30 15 41 57 95 27 13 0,
PFG_MOEA,1259,5,207.02,1012.48,0 17 31 35 71 40 16 18 19 20 91 25 2 0,
PFG_MOEA,1259,6,207.02,1012.48,0 92 43 34 99 1 84 23 22 70 72 67 86 82 58 77 0,
PFG_MOEA,1260,1,207.74,922.35,0 76 42 57 95 41 98 85 88 63 74 78 64 30 15 71 35 31 17 40 16 18 0,18 42 63 98
PFG_MOEA,1260,2,207.74,922.35,0 19 91 21 33 37 68 56 39 84 23 22 1 99 34 43 92 53 4 0,
PFG_MOEA,1260,3,207.74,922.35,0 80 66 0,
PFG_MOEA,1260,4,207.74,922.35,0 24 51 45 94 49 32 36 54 70 72 67 82 86 3 58 77 62 48 50 25 20 0,67
PFG_MOEA,1260,5,207.74,922.35,0 2 13 27 12 73 14 11 83 96 26 10 89 59 44 38 47 69 28 46 7 75 97 0,2 11 69
PFG_MOEA,1260,6,207.74,922.35,0 79 90 65 6 87 52 5 29 60 61 93 55 9 81 100 8 0,5
PFG_MOEA,1261,1,204.74,1035.69,0 5 29 90 65 6 87 52 60 61 97 75 98 85 88 63 74 78 64 30 15 0,6
PFG_MOEA,1261,2,204.74,1035.69,0 20 91 19 17 31 71 35 40 16 18 68 37 33 21 34 43 92 48 50 0,18
PFG_MOEA,1261,3,204.74,1035.69,0 2 99 1 22 23 84 39 56 25 32 79 24 45 51 49 94 66 53 80 4 0,
PFG_MOEA,1261,4,204.74,1035.69,0 62 77 58 82 86 67 72 70 54 36 3 93 9 100 8 7 46 0,3
PFG_MOEA,1261,5,204.74,1035.69,0 28 69 47 38 44 59 26 10 89 96 83 0,26 96
PFG_MOEA,1261,6,204.74,1035.69,0 81 55 76 42 11 14 73 57 95 41 12 27 13 0,42
PFG_MOEA,1262,1,201.36,1069.24,0 27 12 73 14 11 83 96 26 10 89 59 44 38 47 69 28 46 0,83
PFG_MOEA,1262,2,201.36,1069.24,0 7 30 15 71 35 40 16 18 19 31 17 20 91 0,31
PFG_MOEA,1262,3,201.36,1069.24,0 25 2 99 34 43 92 1 84 23 22 70 72 67 86 82 58 77 50 0,
PFG_MOEA,1262,4,201.36,1069.24,0 4 80 53 66 54 36 3 39 56 68 37 33 21 62 48 0,36 62
PFG_MOEA,1262,5,201.36,1069.24,0 24 45 94 49 32 51 79 5 29 90 65 6 87 52 60 61 97 0,
PFG_MOEA,1262,6,201.36,1069.24,0 42 76 9 55 75 81 93 100 8 57 95 41 98 85 88 63 74 78 64 13 0,42 88
PFG_MOEA,1263,1,235.98,829.78,0 20 91 21 33 37 68 56 39 84 23 22 1 34 43 92 0,34
PFG_MOEA,1263,2,235.98,829.78,0 99 0,99
PFG_MOEA,1263,3,235.98,829.78,0 4 80 53 66 94 45 24 51 49 32 3 36 54 70 72 67 86 82 58 77 62 48 50 25 2 0,
PFG_MOEA,1263,4,235.98,829.78,0 12 73 14 11 83 96 26 10 89 59 44 38 47 69 28 46 7 0,26
PFG_MOEA,1263,5,235.98,829.78,0 79 5 29 90 65 6 87 52 60 61 97 75 13 27 0,
PFG_MOEA,1263,6,235.98,829.78,0 8 100 93 9 55 76 42 81 57 95 41 98 85 88 63 74 78 64 30 15 71 35 31 17 40 16 18 19 0,42 64
PFG_MOEA,1264,1,199.67,1096.55,0 5 29 90 65 6 87 52 60 61 97 75 7 14 73 12 99 2 25 50 48 0,6 52
PFG_MOEA,1264,2,199.67,1096.55,0 24 79 51 45 94 49 32 36 54 70 72 67 86 82 3 62 0,
PFG_MOEA,1264,3,199.67,1096.55,0 4 80 53 66 58 77 46 28 69 47 38 44 59 89 10 26 96 0,69
PFG_MOEA,1264,4,199.67,1096.55,0 8 100 93 81 55 9 76 42 83 11 98 41 95 57 0,
PFG_MOEA,1264,5,199.67,1096.55,0 20 91 21 33 37 18 16 40 35 71 15 30 64 78 74 63 88 85 0,63
PFG_MOEA,1264,6,199.67,1096.55,0 92 43 34 1 22 23 84 39 56 68 19 17 31 27 13 0,31
PFG_MOEA,1265,1,218.48,880.23,0 98 85 88 63 74 78 64 30 15 71 35 40 16 18 19 31 17 20 91 34 43 48 0,43 98
PFG_MOEA,1265,2,218.48,880.23,0 50 92 21 33 37 68 56 39 84 23 22 1 99 2 25 0,99
PFG_MOEA,1265,3,218.48,880.23,0 4 80 53 66 94 49 51 45 24 79 32 3 36 54 70 72 67 86 82 58 77 62 0,
PFG_MOEA,1265,4,218.48,880.23,0 93 9 100 8 7 46 0,
PFG_MOEA,1265,5,218.48,880.23,0 28 69 47 38 44 59 26 10 89 96 83 11 14 73 0,26
PFG_MOEA,1265,6,218.48,880.23,0 5 29 90 65 6 87 52 60 61 97 75 55 76 42 81 57 95 41 12 27 13 0,29 42
PFG_MOEA,1266,1,198.33,1121.84,0 13 27 12 41 95 78 64 30 15 71 35 40 16 18 19 31 17 20 91 0,
PFG_MOEA,1266,2,198.33,1121.84,0 50 48 92 22 23 84 39 56 68 37 33 21 34 43 0,
PFG_MOEA,1266,3,198.33,1121.84,0 4 80 53 66 94 49 51 45 24 79 32 54 36 3 1 99 2 25 0,2
PFG_MOEA,1266,4,198.33,1121.84,0 62 77 58 82 86 67 72 70 93 9 100 8 7 46 28 69 47 0,58 93
PFG_MOEA,1266,5,198.33,1121.84,0 73 98 85 88 63 74 14 11 83 96 44 38 59 26 10 89 5 29 90 0,11 26 63 98
PFG_MOEA,1266,6,198.33,1121.84,0 65 6 87 52 60 61 97 75 55 76 42 81 57 0,
PFG_MOEA,1267,1,205.55,1025.13,0 81 57 95 41 15 30 64 78 74 63 88 85 98 71 35 40 16 18 19 17 31 0,78
PFG_MOEA,1267,2,205.55,1025.13,0 20 91 21 33 37 68 56 39 84 23 22 1 99 34 43 92 53 80 4 0,99
PFG_MOEA,1267,3,205.55,1025.13,0 66 94 3 36 54 70 72 67 32 49 51 45 24 0,
PFG_MOEA,1267,4,205.55,1025.13,0 77 58 82 86 62 48 50 25 2 12 73 14 11 83 96 59 26 89 10 0,12 26 83
PFG_MOEA,1267,5,205.55,1025.13,0 44 38 47 69 28 46 7 75 97 61 60 52 87 6 65 90 29 5 79 0,
PFG_MOEA,1267,6,205.55,1025.13,0 13 27 8 100 93 9 55 76 42 0,76
PFG_MOEA,1268,1,353.71,825.55,0 66 94 49 51 45 24 0,
PFG_MOEA,1268,2,353.71,825.55,0 2 25 50 48 62 77 58 82 86 67 72 70 54 36 3 32 79 5 29 90 65 6 87 52 60 61 55 9 42 76 81 93 100 8 7 46 28 69 47 38 44 59 89 10 26 96 83 11 14 73 12 27 13 0,32 42 44
PFG_MOEA,1268,3,353.71,825.55,0 57 95 41 0,
PFG_MOEA,1268,4,353.71,825.55,0 97 75 98 85 88 63 74 78 64 30 15 71 35 31 17 40 16 18 19 20 91 21 33 37 68 56 39 84 23 22 1 34 43 92 0,64
PFG_MOEA,1268,5,353.71,825.55,0 99 0,
PFG_MOEA,1268,6,353.71,825.55,0 4 80 53 0,
PFG_MOEA,1269,1,207.02,1012.48,0 50 48 62 21 33 37 68 56 39 3 36 54 66 53 80 4 24 0,
PFG_MOEA,1269,2,207.02,1012.48,0 45 94 49 32 51 79 5 29 90 65 6 87 52 60 61 55 9 42 76 81 93 100 8 0,5 32 76
PFG_MOEA,1269,3,207.02,1012.48,0 7 46 28 69 47 38 44 59 89 10 26 96 83 11 14 73 12 0,
PFG_MOEA,1269,4,207.02,1012.48,0 97 75 98 85 88 63 74 78 64 30 15 41 57 95 27 13 0,
PFG_MOEA,1269,5,207.02,1012.48,0 17 31 35 71 40 16 18 19 20 91 25 2 0,
PFG_MOEA,1269,6,207.02,1012.48,0 92 43 34 99 1 84 23 22 70 72 67 86 82 58 77 0,
PFG_MOEA,1270,1,207.74,922.35,0 76 42 57 95 41 98 85 88 63 74 78 64 30 15 71 35 31 17 40 16 18 0,18 42 63 98
PFG_MOEA,1270,2,207.74,922.35,0 19 91 21 33 37 68 56 39 84 23 22 1 99 34 43 92 53 4 0,
PFG_MOEA,1270,3,207.74,922.35,0 80 66 0,
PFG_MOEA,1270,4,207.74,922.35,0 24 51 45 94 49 32 36 54 70 72 67 82 86 3 58 77 62 48 50 25 20 0,67
PFG_MOEA,1270,5,207.74,922.35,0 2 13 27 12 73 14 11 83 96 26 10 89 59 44 38 47 69 28 46 7 75 97 0,2 11 69
PFG_MOEA,1270,6,207.74,922.35,0 79 90 65 6 87 52 5 29 60 61 93 55 9 81 100 8 0,5
PFG_MOEA,1271,1,204.74,1035.69,0 5 29 90 65 6 87 52 60 61 97 75 98 85 88 63 74 78 64 30 15 0,6
PFG_MOEA,1271,2,204.74,1035.69,0 20 91 19 17 31 71 35 40 16 18 68 37 33 21 34 43 92 48 50 0,18
PFG_MOEA,1271,3,204.74,1035.69,0 2 99 1 22 23 84 39 56 25 32 79 24 45 51 49 94 66 53 80 4 0,
PFG_MOEA,1271,4,204.74,1035.69,0 62 77 58 82 86 67 72 70 54 36 3 93 9 100 8 7 46 0,3
PFG_MOEA,1271,5,204.74,1035.69,0 28 69 47 38 44 59 26 10 89 96 83 0,26 96
PFG_MOEA,1271,6,204.74,1035.69,0 81 55 76 42 11 14 73 57 95 41 12 27 13 0,42
PFG_MOEA,1272,1,201.36,1069.24,0 27 12 73 14 11 83 96 26 10 89 59 44 38 47 69 28 46 0,83
PFG_MOEA,1272,2,201.36,1069.24,0 7 30 15 71 35 40 16 18 19 31 17 20 91 0,31
PFG_MOEA,1272,3,201.36,1069.24,0 25 2 99 34 43 92 1 84 23 22 70 72 67 86 82 58 77 50 0,
PFG_MOEA,1272,4,201.36,1069.24,0 4 80 53 66 54 36 3 39 56 68 37 33 21 62 48 0,36 62
PFG_MOEA,1272,5,201.36,1069.24,0 24 45 94 49 32 51 79 5 29 90 65 6 87 52 60 61 97 0,
PFG_MOEA,1272,6,201.36,1069.24,0 42 76 9 55 75 81 93 100 8 57 95 41 98 85 88 63 74 78 64 13 0,42 88
PFG_MOEA,1273,1,235.98,829.78,0 20 91 21 33 37 68 56 39 84 23 22 1 34 43 92 0,34
PFG_MOEA,1273,2,235.98,829.78,0 99 0,99
PFG_MOEA,1273,3,235.98,829.78,0 4 80 53 66 94 45 24 51 49 32 3 36 54 70 72 67 86 82 58 77 62 48 50 25 2 0,
PFG_MOEA,1273,4,235.98,829.78,0 12 73 14 11 83 96 26 10 89 59 44 38 47 69 28 46 7 0,26
PFG_MOEA,1273,5,235.98,829.78,0 79 5 29 90 65 6 87 52 60 61 97 75 13 27 0,
PFG_MOEA,1273,6,235.98,829.78,0 8 100 93 9 55 76 42 81 57 95 41 98 85 88 63 74 78 64 30 15 71 35 31 17 40 16 18 19 0,42 64
PFG_MOEA,1274,1,199.67,1096.55,0 5 29 90 65 6 87 52 60 61 97 75 7 14 73 12 99 2 25 50 48 0,6 52
PFG_MOEA,1274,2,199.67,1096.55,0 24 79 51 45 94 49 32 36 54 70 72 67 86 82 3 62 0,
PFG_MOEA,1274,3,199.67,1096.55,0 4 80 53 66 58 77 46 28 69 47 38 44 59 89 10 26 96 0,69
PFG_MOEA,1274,4,199.67,1096.55,0 8 100 93 81 55 9 76 42 83 11 98 41 95 57 0,
PFG_MOEA,1274,5,199.67,1096.55,0 20 91 21 33 37 18 16 40 35 71 15 30 64 78 74 63 88 85 0,63
PFG_MOEA,1274,6,199.67,1096.55,0 92 43 34 1 22 23 84 39 56 68 19 17 31 27 13 0,31
PFG_MOEA,1275,1,218.48,880.23,0 98 85 88 63 74 78 64 30 15 71 35 40 16 18 19 31 17 20 91 34 43 48 0,43 98
PFG_MOEA,1275,2,218.48,880.23,0 50 92 21 33 37 68 56 39 84 23 22 1 99 2 25 0,99
PFG_MOEA,1275,3,218.48,880.23,0 4 80 53 66 94 49 51 45 24 79 32 3 36 54 70 72 67 86 82 58 77 62 0,
PFG_MOEA,1275,4,218.48,880.23,0 93 9 100 8 7 46 0,
PFG_MOEA,1275,5,218.48,880.23,0 28 69 47 38 44 59 26 10 89 96 83 11 14 73 0,26
PFG_MOEA,1275,6,218.48,880.23,0 5 29 90 65 6 87 52 60 61 97 75 55 76 42 81 57 95 41 12 27 13 0,29 42
PFG_MOEA,1276,1,198.33,1121.84,0 13 27 12 41 95 78 64 30 15 71 35 40 16 18 19 31 17 20 91 0,
PFG_MOEA,1276,2,198.33,1121.84,0 50 48 92 22 23 84 39 56 68 37 33 21 34 43 0,
PFG_MOEA,1276,3,198.33,1121.84,0 4 80 53 66 94 49 51 45 24 79 32 54 36 3 1 99 2 25 0,2
PFG_MOEA,1276,4,198.33,1121.84,0 62 77 58 82 86 67 72 70 93 9 100 8 7 46 28 69 47 0,58 93
PFG_MOEA,1276,5,198.33,1121.84,0 73 98 85 88 63 74 14 11 83 96 44 38 59 26 10 89 5 29 90 0,11 26 63 98
PFG_MOEA,1276,6,198.33,1121.84,0 65 6 87 52 60 61 97 75 55 76 42 81 57 0,
PFG_MOEA,1277,1,205.55,1025.13,0 81 57 95 41 15 30 64 78 74 63 88 85 98 71 35 40 16 18 19 17 31 0,78
PFG_MOEA,1277,2,205.55,1025.13,0 20 91 21 33 37 68 56 39 84 23 22 1 99 34 43 92 53 80 4 0,99
PFG_MOEA,1277,3,205.55,1025.13,0 66 94 3 36 54 70 72 67 32 49 51 45 24 0,
PFG_MOEA,1277,4,205.55,1025.13,0 77 58 82 86 62 48 50 25 2 12 73 14 11 83 96 59 26 89 10 0,12 26 83
PFG_MOEA,1277,5,205.55,1025.13,0 44 38 47 69 28 46 7 75 97 61 60 52 87 6 65 90 29 5 79 0,
PFG_MOEA,1277,6,205.55,1025.13,0 13 27 8 100 93 9 55 76 42 0,76
PFG_MOEA,1278,1,353.71,825.55,0 66 94 49 51 45 24 0,
PFG_MOEA,1278,2,353.71,825.55,0 2 25 50 48 62 77 58 82 86 67 72 70 54 36 3 32 79 5 29 90 65 6 87 52 60 61 55 9 42 76 81 93 100 8 7 46 28 69 47 38 44 59 89 10 26 96 83 11 14 73 12 27 13 0,32 42 44
PFG_MOEA,1278,3,353.71,825.55,0 57 95 41 0,
PFG_MOEA,1278,4,353.71,825.55,0 97 75 98 85 88 63 74 78 64 30 15 71 35 31 17 40 16 18 19 20 91 21 33 37 68 56 39 84 23 22 1 34 43 92 0,64
PFG_MOEA,1278,5,353.71,825.55,0 99 0,
PFG_MOEA,1278,6,353.71,825.55,0 4 80 53 0,
PFG_MOEA,1279,1,207.02,1012.48,0 50 48 62 21 33 37 68 56 39 3 36 54 66 53 80 4 24 0,
PFG_MOEA,1279,2,207.02,1012.48,0 45 94 49 32 51 79 5 29 90 65 6 87 52 60 61 55 9 42 76 81 93 100 8 0,5 32 76
PFG_MOEA,1279,3,207.02,1012.48,0 7 46 28 69 47 38 44 59 89 10 26 96 83 11 14 73 12 0,
PFG_MOEA,1279,4,207.02,1012.48,0 97 75 98 85 88 63 74 78 64 30 15 41 57 95 27 13 0,
PFG_MOEA,1279,5,207.02,1012.48,0 17 31 35 71 40 16 18 19 20 91 25 2 0,
PFG_MOEA,1279,6,207.02,1012.48,0 92 43 34 99 1 84 23 22 70 72 67 86 82 58 77 0,
PFG_MOEA,1280,1,207.74,922.35,0 76 42 57 95 41 98 85 88 63 74 78 64 30 15 71 35 31 17 40 16 18 0,18 42 63 98
PFG_MOEA,1280,2,207.74,922.35,0 19 91 21 33 37 68 56 39 84 23 22 1 99 34 43 92 53 4 0,
PFG_MOEA,1280,3,207.74,922.35,0 80 66 0,
PFG_MOEA,1280,4,207.74,922.35,0 24 51 45 94 49 32 36 54 70 72 67 82 86 3 58 77 62 48 50 25 20 0,67
PFG_MOEA,1280,5,207.74,922.35,0 2 13 27 12 73 14 11 83 96 26 10 89 59 44 38 47 69 28 46 7 75 97 0,2 11 69
PFG_MOEA,1280,6,207.74,922.35,0 79 90 65 6 87 52 5 29 60 61 93 55 9 81 100 8 0,5
PFG_MOEA,1281,1,204.74,1035.69,0 5 29 90 65 6 87 52 60 61 97 75 98 85 88 63 74 78 64 30 15 0,6
PFG_MOEA,1281,2,204.74,1035.69,0 20 91 19 17 31 71 35 40 16 18 68 37 33 21 34 43 92 48 50 0,18
PFG_MOEA,1281,3,204.74,1035.69,0 2 99 1 22 23 84 39 56 25 32 79 24 45 51 49 94 66 53 80 4 0,
PFG_MOEA,1281,4,204.74,1035.69,0 62 77 58 82 86 67 72 70 54 36 3 93 9 100 8 7 46 0,3
PFG_MOEA,1281,5,204.74,1035.69,0 28 69 47 38 44 59 26 10 89 96 83 0,26 96
PFG_MOEA,1281,6,204.74,1035.69,0 81 55 76 42 11 14 73 57 95 41 12 27 13 0,42
PFG_MOEA,1282,1,201.36,1069.24,0 27 12 73 14 11 83 96 26 10 89 59 44 38 47 69 28 46 0,83
PFG_MOEA,1282,2,201.36,1069.24,0 7 30 15 71 35 40 16 18 19 31 17 20 91 0,31
PFG_MOEA,1282,3,201.36,1069.24,0 25 2 99 34 43 92 1 84 23 22 70 72 67 86 82 58 77 50 0,
PFG_MOEA,1282,4,201.36,1069.24,0 4 80 53 66 54 36 3 39 56 68 37 33 21 62 48 0,36 62
PFG_MOEA,1282,5,201.36,1069.24,0 24 45 94 49 32 51 79 5 29 90 65 6 87 52 60 61 97 0,
PFG_MOEA,1282,6,201.36,1069.24,0 42 76 9 55 75 81 93 100 8 57 95 41 98 85 88 63 74 78 64 13 0,42 88
PFG_MOEA,1283,1,235.98,829.78,0 20 91 21 33 37 68 56 39 84 23 22 1 34 43 92 0,34
PFG_MOEA,1283,2,235.98,829.78,0 99 0,99
PFG_MOEA,1283,3,235.98,829.78,0 4 80 53 66 94 45 24 51 49 32 3 36 54 70 72 67 86 82 58 77 62 48 50 25 2 0,
PFG_MOEA,1283,4,235.98,829.78,0 12 73 14 11 83 96 26 10 89 59 44 38 47 69 28 46 7 0,26
PFG_MOEA,1283,5,235.98,829.78,0 79 5 29 90 65 6 87 52 60 61 97 75 13 27 0,
PFG_MOEA,1283,6,235.98,829.78,0 8 100 93 9 55 76 42 81 57 95 41 98 85 88 63 74 78 64 30 15 71 35 31 17 40 16 18 19 0,42 64
PFG_MOEA,1284,1,199.67,1096.55,0 5 29 90 65 6 87 52 60 61 97 75 7 14 73 12 99 2 25 50 48 0,6 52
PFG_MOEA,1284,2,199.67,1096.55,0 24 79 51 45 94 49 32 36 54 70 72 67 86 82 3 62 0,
PFG_MOEA,1284,3,199.67,1096.55,0 4 80 53 66 58 77 46 28 69 47 38 44 59 89 10 26 96 0,69
PFG_MOEA,1284,4,199.67,1096.55,0 8 100 93 81 55 9 76 42 83 11 98 41 95 57 0,
PFG_MOEA,1284,5,199.67,1096.55,0 20 91 21 33 37 18 16 40 35 71 15 30 64 78 74 63 88 85 0,63
PFG_MOEA,1284,6,199.67,1096.55,0 92 43 34 1 22 23 84 39 56 68 19 17 31 27 13 0,31
PFG_MOEA,1285,1,218.48,880.23,0 98 85 88 63 74 78 64 30 15 71 35 40 16 18 19 31 17 20 91 34 43 48 0,43 98
PFG_MOEA,1285,2,218.48,880.23,0 50 92 21 33 37 68 56 39 84 23 22 1 99 2 25 0,99
PFG_MOEA,1285,3,218.48,880.23,0 4 80 53 66 94 49 51 45 24 79 32 3 36 54 70 72 67 86 82 58 77 62 0,
PFG_MOEA,1285,4,218.48,880.23,0 93 9 100 8 7 46 0,
PFG_MOEA,1285,5,218.48,880.23,0 28 69 47 38 44 59 26 10 89 96 83 11 14 73 0,26
PFG_MOEA,1285,6,218.48,880.23,0 5 29 90 65 6 87 52 60 61 97 75 55 76 42 81 57 95 41 12 27 13 0,29 42
PFG_MOEA,1286,1,198.33,1121.84,0 13 27 12 41 95 78 64 30 15 71 35 40 16 18 19 31 17 20 91 0,
PFG_MOEA,1286,2,198.33,1121.84,0 50 48 92 22 23 84 39 56 68 37 33 21 34 43 0,
PFG_MOEA,1286,3,198.33,1121.84,0 4 80 53 66 94 49 51 45 24 79 32 54 36 3 1 99 2 25 0,2
PFG_MOEA,1286,4,198.33,1121.84,0 62 77 58 82 86 67 72 70 93 9 100 8 7 46 28 69 47 0,58 93
PFG_MOEA,1286,5,198.33,1121.84,0 73 98 85 88 63 74 14 11 83 96 44 38 59 26 10 89 5 29 90 0,11 26 63 98
PFG_MOEA,1286,6,198.33,1121.84,0 65 6 87 52 60 61 97 75 55 76 42 81 57 0,
PFG_MOEA,1287,1,205.55,1025.13,0 81 57 95 41 15 30 64 78 74 63 88 85 98 71 35 40 16 18 19 17 31 0,78
PFG_MOEA,1287,2,205.55,1025.13,0 20 91 21 33 37 68 56 39 84 23 22 1 99 34 43 92 53 80 4 0,99
PFG_MOEA,1287,3,205.55,1025.13,0 66 94 3 36 54 70 72 67 32 49 51 45 24 0,
PFG_MOEA,1287,4,205.55,1025.13,0 77 58 82 86 62 48 50 25 2 12 73 14 11 83 96 59 26 89 10 0,12 26 83
PFG_MOEA,1287,5,205.55,1025.13,0 44 38 47 69 28 46 7 75 97 61 60 52 87 6 65 90 29 5 79 0,
PFG_MOEA,1287,6,205.55,1025.13,0 13 27 8 100 93 9 55 76 42 0,76
PFG_MOEA,1288,1,353.71,825.55,0 66 94 49 51 45 24 0,
PFG_MOEA,1288,2,353.71,825.55,0 2 25 50 48 62 77 58 82 86 67 72 70 54 36 3 32 79 5 29 90 65 6 87 52 60 61 55 9 42 76 81 93 100 8 7 46 28 69 47 38 44 59 89 10 26 96 83 11 14 73 12 27 13 0,32 42 44
PFG_MOEA,1288,3,353.71,825.55,0 57 95 41 0,
PFG_MOEA,1288,4,353.71,825.55,0 97 75 98 85 88 63 74 78 64 30 15 71 35 31 17 40 16 18 19 20 91 21 33 37 68 56 39 84 23 22 1 34 43 92 0,64
PFG_MOEA,1288,5,353.71,825.55,0 99 0,
PFG_MOEA,1288,6,353.71,825.55,0 4 80 53 0,
PFG_MOEA,1289,1,207.02,1012.48,0 50 48 62 21 33 37 68 56 39 3 36 54 66 53 80 4 24 0,
PFG_MOEA,1289,2,207.02,1012.48,0 45 94 49 32 51 79 5 29 90 65 6 87 52 60 61 55 9 42 76 81 93 100 8 0,5 32 76
PFG_MOEA,1289,3,207.02,1012.48,0 7 46 28 69 47 38 44 59 89 10 26 96 83 11 14 73 12 0,
PFG_MOEA,1289,4,207.02,1012.48,0 97 75 98 85 88 63 74 78 64 30 15 41 57 95 27 13 0,
PFG_MOEA,1289,5,207.02,1012.48,0 17 31 35 71 40 16 18 19 20 91 25 2 0,
PFG_MOEA,1289,6,207.02,1012.48,0 92 43 34 99 1 84 23 22 70 72 67 86 82 58 77 0,
PFG_MOEA,1290,1,207.74,922.35,0 76 42 57 95 41 98 85 88 63 74 78 64 30 15 71 35 31 17 40 16 18 0,18 42 63 98
PFG_MOEA,1290,2,207.74,922.35,0 19 91 21 33 37 68 56 39 84 23 22 1 99 34 43 92 53 4 0,
PFG_MOEA,1290,3,207.74,922.35,0 80 66 0,
PFG_MOEA,1290,4,207.74,922.35,0 24 51 45 94 49 32 36 54 70 72 67 82 86 3 58 77 62 48 50 25 20 0,67
PFG_MOEA,1290,5,207.74,922.35,0 2 13 27 12 73 14 11 83 96 26 10 89 59 44 38 47 69 28 46 7 75 97 0,2 11 69
PFG_MOEA,1290,6,207.74,922.35,0 79 90 65 6 87 52 5 29 60 61 93 55 9 81 100 8 0,5
PFG_MOEA,1291,1,204.74,1035.69,0 5 29 90 65 6 87 52 60 61 97 75 98 85 88 63 74 78 64 30 15 0,6
PFG_MOEA,1291,2,204.74,1035.69,0 20 91 19 17 31 71 35 40 16 18 68 37 33 21 34 43 92 48 50 0,18
PFG_MOEA,1291,3,204.74,1035.69,0 2 99 1 22 23 84 39 56 25 32 79 24 45 51 49 94 66 53 80 4 0,
PFG_MOEA,1291,4,204.74,1035.69,0 62 77 58 82 86 67 72 70 54 36 3 93 9 100 8 7 46 0,3
PFG_MOEA,1291,5,204.74,1035.69,0 28 69 47 38 44 59 26 10 89 96 83 0,26 96
PFG_MOEA,1291,6,204.74,1035.69,0 81 55 76 42 11 14 73 57 95 41 12 27 13 0,42
PFG_MOEA,1292,1,201.36,1069.24,0 27 12 73 14 11 83 96 26 10 89 59 44 38 47 69 28 46 0,83
PFG_MOEA,1292,2,201.36,1069.24,0 7 30 15 71 35 40 16 18 19 31 17 20 91 0,31
PFG_MOEA,1292,3,201.36,1069.24,0 25 2 99 34 43 92 1 84 23 22 70 72 67 86 82 58 77 50 0,
PFG_MOEA,1292,4,201.36,1069.24,0 4 80 53 66 54 36 3 39 56 68 37 33 21 62 48 0,36 62
PFG_MOEA,1292,5,201.36,1069.24,0 24 45 94 49 32 51 79 5 29 90 65 6 87 52 60 61 97 0,
PFG_MOEA,1292,6,201.36,1069.24,0 42 76 9 55 75 81 93 100 8 57 95 41 98 85 88 63 74 78 64 13 0,42 88
PFG_MOEA,1293,1,235.98,829.78,0 20 91 21 33 37 68 56 39 84 23 22 1 34 43 92 0,34
PFG_MOEA,1293,2,235.98,829.78,0 99 0,99
PFG_MOEA,1293,3,235.98,829.78,0 4 80 53 66 94 45 24 51 49 32 3 36 54 70 72 67 86 82 58 77 62 48 50 25 2 0,
PFG_MOEA,1293,4,235.98,829.78,0 12 73 14 11 83 96 26 10 89 59 44 38 47 69 28 46 7 0,26
PFG_MOEA,1293,5,235.98,829.78,0 79 5 29 90 65 6 87 52 60 61 97 75 13 27 0,
PFG_MOEA,1293,6,235.98,829.78,0 8 100 93 9 55 76 42 81 57 95 41 98 85 88 63 74 78 64 30 15 71 35 31 17 40 16 18 19 0,42 64
PFG_MOEA,1294,1,199.67,1096.55,0 5 29 90 65 6 87 52 60 61 97 75 7 14 73 12 99 2 25 50 48 0,6 52
PFG_MOEA,1294,2,199.67,1096.55,0 24 79 51 45 94 49 32 36 54 70 72 67 86 82 3 62 0,
PFG_MOEA,1294,3,199.67,1096.55,0 4 80 53 66 58 77 46 28 69 47 38 44 59 89 10 26 96 0,69
PFG_MOEA,1294,4,199.67,1096.55,0 8 100 93 81 55 9 76 42 83 11 98 41 95 57 0,
PFG_MOEA,1294,5,199.67,1096.55,0 20 91 21 33 37 18 16 40 35 71 15 30 64 78 74 63 88 85 0,63
PFG_MOEA,1294,6,199.67,1096.55,0 92 43 34 1 22 23 84 39 56 68 19 17 31 27 13 0,31
PFG_MOEA,1295,1,218.48,880.23,0 98 85 88 63 74 78 64 30 15 71 35 40 16 18 19 31 17 20 91 34 43 48 0,43 98
PFG_MOEA,1295,2,218.48,880.23,0 50 92 21 33 37 68 56 39 84 23 22 1 99 2 25 0,99
PFG_MOEA,1295,3,218.48,880.23,0 4 80 53 66 94 49 51 45 24 79 32 3 36 54 70 72 67 86 82 58 77 62 0,
PFG_MOEA,1295,4,218.48,880.23,0 93 9 100 8 7 46 0,
PFG_MOEA,1295,5,218.48,880.23,0 28 69 47 38 44 59 26 10 89 96 83 11 14 73 0,26
PFG_MOEA,1295,6,218.48,880.23,0 5 29 90 65 6 87 52 60 61 97 75 55 76 42 81 57 95 41 12 27 13 0,29 42
PFG_MOEA,1296,1,198.33,1121.84,0 13 27 12 41 95 78 64 30 15 71 35 40 16 18 19 31 17 20 91 0,
PFG_MOEA,1296,2,198.33,1121.84,0 50 48 92 22 23 84 39 56 68 37 33 21 34 43 0,
PFG_MOEA,1296,3,198.33,1121.84,0 4 80 53 66 94 49 51 45 24 79 32 54 36 3 1 99 2 25 0,2
PFG_MOEA,1296,4,198.33,1121.84,0 62 77 58 82 86 67 72 70 93 9 100 8 7 46 28 69 47 0,58 93
PFG_MOEA,1296,5,198.33,1121.84,0 73 98 85 88 63 74 14 11 83 96 44 38 59 26 10 89 5 29 90 0,11 26 63 98
PFG_MOEA,1296,6,198.33,1121.84,0 65 6 87 52 60 61 97 75 55 76 42 81 57 0,
PFG_MOEA,1297,1,205.55,1025.13,0 81 57 95 41 15 30 64 78 74 63 88 85 98 71 35 40 16 18 19 17 31 0,78
PFG_MOEA,1297,2,205.55,1025.13,0 20 91 21 33 37 68 56 39 84 23 22 1 99 34 43 92 53 80 4 0,99
PFG_MOEA,1297,3,205.55,1025.13,0 66 94 3 36 54 70 72 67 32 49 51 45 24 0,
PFG_MOEA,1297,4,205.55,1025.13,0 77 58 82 86 62 48 50 25 2 12 73 14 11 83 96 59 26 89 10 0,12 26 83
PFG_MOEA,1297,5,205.55,1025.13,0 44 38 47 69 28 46 7 75 97 61 60 52 87 6 65 90 29 5 79 0,
PFG_MOEA,1297,6,205.55,1025.13,0 13 27 8 100 93 9 55 76 42 0,76
PFG_MOEA,1298,1,353.71,825.55,0 66 94 49 51 45 24 0,
PFG_MOEA,1298,2,353.71,825.55,0 2 25 50 48 62 77 58 82 86 67 72 70 54 36 3 32 79 5 29 90 65 6 87 52 60 61 55 9 42 76 81 93 100 8 7 46 28 69 47 38 44 59 89 10 26 96 83 11 14 73 12 27 13 0,32 42 44
PFG_MOEA,1298,3,353.71,825.55,0 57 95 41 0,
PFG_MOEA,1298,4,353.71,825.55,0 97 75 98 85 88 63 74 78 64 30 15 71 35 31 17 40 16 18 19 20 91 21 33 37 68 56 39 84 23 22 1 34 43 92 0,64
PFG_MOEA,1298,5,353.71,825.55,0 99 0,
PFG_MOEA,1298,6,353.71,825.55,0 4 80 53 0,
PFG_MOEA,1299,1,207.02,1012.48,0 50 48 62 21 33 37 68 56 39 3 36 54 66 53 80 4 24 0,
PFG_MOEA,1299,2,207.02,1012.48,0 45 94 49 32 51 79 5 29 90 65 6 87 52 60 61 55 9 42 76 81 93 100 8 0,5 32 76
PFG_MOEA,1299,3,207.02,1012.48,0 7 46 28 69 47 38 44 59 89 10 26 96 83 11 14 73 12 0,
PFG_MOEA,1299,4,207.02,1012.48,0 97 75 98 85 88 63 74 78 64 30 15 41 57 95 27 13 0,
PFG_MOEA,1299,5,207.02,1012.48,0 17 31 35 71 40 16 18 19 20 91 25 2 0,
PFG_MOEA,1299,6,207.02,1012.48,0 92 43 34 99 1 84 23 22 70 72 67 86 82 58 77 0,
PFG_MOEA,1300,1,207.74,922.35,0 76 42 57 95 41 98 85 88 63 74 78 64 30 15 71 35 31 17 40 16 18 0,18 42 63 98
PFG_MOEA,1300,2,207.74,922.35,0 19 91 21 33 37 68 56 39 84 23 22 1 99 34 43 92 53 4 0,
PFG_MOEA,1300,3,207.74,922.35,0 80 66 0,
PFG_MOEA,1300,4,207.74,922.35,0 24 51 45 94 49 32 36 54 70 72 67 82 86 3 58 77 62 48 50 25 20 0,67
PFG_MOEA,1300,5,207.74,922.35,0 2 13 27 12 73 14 11 83 96 26 10 89 59 44 38 47 69 28 46 7 75 97 0,2 11 69
PFG_MOEA,1300,6,207.74,922.35,0 79 90 65 6 87 52 5 29 60 61 93 55 9 81 100 8 0,5
PFG_MOEA,1301,1,204.74,1035.69,0 5 29 90 65 6 87 52 60 61 97 75 98 85 88 63 74 78 64 30 15 0,6
PFG_MOEA,1301,2,204.74,1035.69,0 20 91 19 17 31 71 35 40 16 18 68 37 33 21 34 43 92 48 50 0,18
PFG_MOEA,1301,3,204.74,1035.69,0 2 99 1 22 23 84 39 56 25 32 79 24 45 51 49 94 66 53 80 4 0,
PFG_MOEA,1301,4,204.74,1035.69,0 62 77 58 82 86 67 72 70 54 36 3 93 9 100 8 7 46 0,3
PFG_MOEA,1301,5,204.74,1035.69,0 28 69 47 38 44 59 26 10 89 96 83 0,26 96
PFG_MOEA,1301,6,204.74,1035.69,0 81 55 76 42 11 14 73 57 95 41 12 27 13 0,42
PFG_MOEA,1302,1,201.36,1069.24,0 27 12 73 14 11 83 96 26 10 89 59 44 38 47 69 28 46 0,83
PFG_MOEA,1302,2,201.36,1069.24,0 7 30 15 71 35 40 16 18 19 31 17 20 91 0,31
PFG_MOEA,1302,3,201.36,1069.24,0 25 2 99 34 43 92 1 84 23 22 70 72 67 86 82 58 77 50 0,
PFG_MOEA,1302,4,201.36,1069.24,0 4 80 53 66 54 36 3 39 56 68 37 33 21 62 48 0,36 62
PFG_MOEA,1302,5,201.36,1069.24,0 24 45 94 49 32 51 79 5 29 90 65 6 87 52 60 61 97 0,
PFG_MOEA,1302,6,201.36,1069.24,0 42 76 9 55 75 81 93 100 8 57 95 41 98 85 88 63 74 78 64 13 0,42 88
PFG_MOEA,1303,1,235.98,829.78,0 20 91 21 33 37 68 56 39 84 23 22 1 34 43 92 0,34
PFG_MOEA,1303,2,235.98,829.78,0 99 0,99
PFG_MOEA,1303,3,235.98,829.78,0 4 80 53 66 94 45 24 51 49 32 3 36 54 70 72 67 86 82 58 77 62 48 50 25 2 0,
PFG_MOEA,1303,4,235.98,829.78,0 12 73 14 11 83 96 26 10 89 59 44 38 47 69 28 46 7 0,26
PFG_MOEA,1303,5,235.98,829.78,0 79 5 29 90 65 6 87 52 60 61 97 75 13 27 0,
PFG_MOEA,1303,6,235.98,829.78,0 8 100 93 9 55 76 42 81 57 95 41 98 85 88 63 74 78 64 30 15 71 35 31 17 40 16 18 19 0,42 64
PFG_MOEA,1304,1,199.67,1096.55,0 5 29 90 65 6 87 52 60 61 97 75 7 14 73 12 99 2 25 50 48 0,6 52
PFG_MOEA,1304,2,199.67,1096.55,0 24 79 51 45 94 49 32 36 54 70 72 67 86 82 3 62 0,
PFG_MOEA,1304,3,199.67,1096.55,0 4 80 53 66 58 77 46 28 69 47 38 44 59 89 10 26 96 0,69
PFG_MOEA,1304,4,199.67,1096.55,0 8 100 93 81 55 9 76 42 83 11 98 41 95 57 0,
PFG_MOEA,1304,5,199.67,1096.55,0 20 91 21 33 37 18 16 40 35 71 15 30 64 78 74 63 88 85 0,63
PFG_MOEA,1304,6,199.67,1096.55,0 92 43 34 1 22 23 84 39 56 68 19 17 31 27 13 0,31
PFG_MOEA,1305,1,218.48,880.23,0 98 85 88 63 74 78 64 30 15 71 35 40 16 18 19 31 17 20 91 34 43 48 0,43 98
PFG_MOEA,1305,2,218.48,880.23,0 50 92 21 33 37 68 56 39 84 23 22 1 99 2 25 0,99
PFG_MOEA,1305,3,218.48,880.23,0 4 80 53 66 94 49 51 45 24 79 32 3 36 54 70 72 67 86 82 58 77 62 0,
PFG_MOEA,1305,4,218.48,880.23,0 93 9 100 8 7 46 0,
PFG_MOEA,1305,5,218.48,880.23,0 28 69 47 38 44 59 26 10 89 96 83 11 14 73 0,26
PFG_MOEA,1305,6,218.48,880.23,0 5 29 90 65 6 87 52 60 61 97 75 55 76 42 81 57 95 41 12 27 13 0,29 42
PFG_MOEA,1306,1,198.33,1121.84,0 13 27 12 41 95 78 64 30 15 71 35 40 16 18 19 31 17 20 91 0,
PFG_MOEA,1306,2,198.33,1121.84,0 50 48 92 22 23 84 39 56 68 37 33 21 34 43 0,
PFG_MOEA,1306,3,198.33,1121.84,0 4 80 53 66 94 49 51 45 24 79 32 54 36 3 1 99 2 25 0,2
PFG_MOEA,1306,4,198.33,1121.84,0 62 77 58 82 86 67 72 70 93 9 100 8 7 46 28 69 47 0,58 93
PFG_MOEA,1306,5,198.33,1121.84,0 73 98 85 88 63 74 14 11 83 96 44 38 59 26 10 89 5 29 90 0,11 26 63 98
PFG_MOEA,1306,6,198.33,1121.84,0 65 6 87 52 60 61 97 75 55 76 42 81 57 0,
PFG_MOEA,1307,1,205.55,1025.13,0 81 57 95 41 15 30 64 78 74 63 88 85 98 71 35 40 16 18 19 17 31 0,78
PFG_MOEA,1307,2,205.55,1025.13,0 20 91 21 33 37 68 56 39 84 23 22 1 99 34 43 92 53 80 4 0,99
PFG_MOEA,1307,3,205.55,1025.13,0 66 94 3 36 54 70 72 67 32 49 51 45 24 0,
PFG_MOEA,1307,4,205.55,1025.13,0 77 58 82 86 62 48 50 25 2 12 73 14 11 83 96 59 26 89 10 0,12 26 83
PFG_MOEA,1307,5,205.55,1025.13,0 44 38 47 69 28 46 7 75 97 61 60 52 87 6 65 90 29 5 79 0,
PFG_MOEA,1307,6,205.55,1025.13,0 13 27 8 100 93 9 55 76 42 0,76
PFG_MOEA,1308,1,353.71,825.55,0 66 94 49 51 45 24 0,
PFG_MOEA,1308,2,353.71,825.55,0 2 25 50 48 62 77 58 82 86 67 72 70 54 36 3 32 79 5 29 90 65 6 87 52 60 61 55 9 42 76 81 93 100 8 7 46 28 69 47 38 44 59 89 10 26 96 83 11 14 73 12 27 13 0,32 42 44
PFG_MOEA,1308,3,353.71,825.55,0 57 95 41 0,
PFG_MOEA,1308,4,353.71,825.55,0 97 75 98 85 88 63 74 78 64 30 15 71 35 31 17 40 16 18 19 20 91 21 33 37 68 56 39 84 23 22 1 34 43 92 0,64
PFG_MOEA,1308,5,353.71,825.55,0 99 0,
PFG_MOEA,1308,6,353.71,825.55,0 4 80 53 0,
PFG_MOEA,1309,1,207.02,1012.48,0 50 48 62 21 33 37 68 56 39 3 36 54 66 53 80 4 24 0,
PFG_MOEA,1309,2,207.02,1012.48,0 45 94 49 32 51 79 5 29 90 65 6 87 52 60 61 55 9 42 76 81 93 100 8 0,5 32 76
PFG_MOEA,1309,3,207.02,1012.48,0 7 46 28 69 47 38 44 59 89 10 26 96 83 11 14 73 12 0,
PFG_MOEA,1309,4,207.02,1012.48,0 97 75 98 85 88 63 74 78 64 30 15 41 57 95 27 13 0,
PFG_MOEA,1309,5,207.02,1012.48,0 17 31 35 71 40 16 18 19 20 91 25 2 0,
PFG_MOEA,1309,6,207.02,1012.48,0 92 43 34 99 1 84 23 22 70 72 67 86 82 58 77 0,
PFG_MOEA,1310,1,207.74,922.35,0 76 42 57 95 41 98 85 88 63 74 78 64 30 15 71 35 31 17 40 16 18 0,18 42 63 98
PFG_MOEA,1310,2,207.74,922.35,0 19 91 21 33 37 68 56 39 84 23 22 1 99 34 43 92 53 4 0,
PFG_MOEA,1310,3,207.74,922.35,0 80 66 0,
PFG_MOEA,1310,4,207.74,922.35,0 24 51 45 94 49 32 36 54 70 72 67 82 86 3 58 77 62 48 50 25 20 0,67
PFG_MOEA,1310,5,207.74,922.35,0 2 13 27 12 73 14 11 83 96 26 10 89 59 44 38 47 69 28 46 7 75 97 0,2 11 69
PFG_MOEA,1310,6,207.74,922.35,0 79 90 65 6 87 52 5 29 60 61 93 55 9 81 100 8 0,5
PFG_MOEA,1311,1,204.74,1035.69,0 5 29 90 65 6 87 52 60 61 97 75 98 85 88 63 74 78 64 30 15 0,6
PFG_MOEA,1311,2,204.74,1035.69,0 20 91 19 17 31 71 35 40 16 18 68 37 33 21 34 43 92 48 50 0,18
PFG_MOEA,1311,3,204.74,1035.69,0 2 99 1 22 23 84 39 56 25 32 79 24 45 51 49 94 66 53 80 4 0,
PFG_MOEA,1311,4,204.74,1035.69,0 62 77 58 82 86 67 72 70 54 36 3 93 9 100 8 7 46 0,3
PFG_MOEA,1311,5,204.74,1035.69,0 28 69 47 38 44 59 26 10 89 96 83 0,26 96
PFG_MOEA,1311,6,204.74,1035.69,0 81 55 76 42 11 14 73 57 95 41 12 27 13 0,42
PFG_MOEA,1312,1,201.36,1069.24,0 27 12 73 14 11 83 96 26 10 89 59 44 38 47 69 28 46 0,83
PFG_MOEA,1312,2,201.36,1069.24,0 7 30 15 71 35 40 16 18 19 31 17 20 91 0,31
PFG_MOEA,1312,3,201.36,1069.24,0 25 2 99 34 43 92 1 84 23 22 70 72 67 86 82 58 77 50 0,
PFG_MOEA,1312,4,201.36,1069.24,0 4 80 53 66 54 36 3 39 56 68 37 33 21 62 48 0,36 62
PFG_MOEA,1312,5,201.36,1069.24,0 24 45 94 49 32 51 79 5 29 90 65 6 87 52 60 61 97 0,
PFG_MOEA,1312,6,201.36,1069.24,0 42 76 9 55 75 81 93 100 8 57 95 41 98 85 88 63 74 78 64 13 0,42 88
PFG_MOEA,1313,1,235.98,829.78,0 20 91 21 33 37 68 56 39 84 23 22 1 34 43 92 0,34
PFG_MOEA,1313,2,235.98,829.78,0 99 0,99
PFG_MOEA,1313,3,235.98,829.78,0 4 80 53 66 94 45 24 51 49 32 3 36 54 70 72 67 86 82 58 77 62 48 50 25 2 0,
PFG_MOEA,1313,4,235.98,829.78,0 12 73 14 11 83 96 26 10 89 59 44 38 47 69 28 46 7 0,26
PFG_MOEA,1313,5,235.98,829.78,0 79 5 29 90 65 6 87 52 60 61 97 75 13 27 0,
PFG_MOEA,1313,6,235.98,829.78,0 8 100 93 9 55 76 42 81 57 95 41 98 85 88 63 74 78 64 30 15 71 35 31 17 40 16 18 19 0,42 64
PFG_MOEA,1314,1,199.67,1096.55,0 5 29 90 65 6 87 52 60 61 97 75 7 14 73 12 99 2 25 50 48 0,6 52
PFG_MOEA,1314,2,199.67,1096.55,0 24 79 51 45 94 49 32 36 54 70 72 67 86 82 3 62 0,
PFG_MOEA,1314,3,199.67,1096.55,0 4 80 53 66 58 77 46 28 69 47 38 44 59 89 10 26 96 0,69
PFG_MOEA,1314,4,199.67,1096.55,0 8 100 93 81 55 9 76 42 83 11 98 41 95 57 0,
PFG_MOEA,1314,5,199.67,1096.55,0 20 91 21 33 37 18 16 40 35 71 15 30 64 78 74 63 88 85 0,63
PFG_MOEA,1314,6,199.67,1096.55,0 92 43 34 1 22 23 84 39 56 68 19 17 31 27 13 0,31
PFG_MOEA,1315,1,218.48,880.23,0 98 85 88 63 74 78 64 30 15 71 35 40 16 18 19 31 17 20 91 34 43 48 0,43 98
PFG_MOEA,1315,2,218.48,880.23,0 50 92 21 33 37 68 56 39 84 23 22 1 99 2 25 0,99
PFG_MOEA,1315,3,218.48,880.23,0 4 80 53 66 94 49 51 45 24 79 32 3 36 54 70 72 67 86 82 58 77 62 0,
PFG_MOEA,1315,4,218.48,880.23,0 93 9 100 8 7 46 0,
PFG_MOEA,1315,5,218.48,880.23,0 28 69 47 38 44 59 26 10 89 96 83 11 14 73 0,26
PFG_MOEA,1315,6,218.48,880.23,0 5 29 90 65 6 87 52 60 61 97 75 55 76 42 81 57 95 41 12 27 13 0,29 42
PFG_MOEA,1316,1,198.33,1121.84,0 13 27 12 41 95 78 64 30 15 71 35 40 16 18 19 31 17 20 91 0,
PFG_MOEA,1316,2,198.33,1121.84,0 50 48 92 22 23 84 39 56 68 37 33 21 34 43 0,
PFG_MOEA,1316,3,198.33,1121.84,0 4 80 53 66 94 49 51 45 24 79 32 54 36 3 1 99 2 25 0,2
PFG_MOEA,1316,4,198.33,1121.84,0 62 77 58 82 86 67 72 70 93 9 100 8 7 46 28 69 47 0,58 93
PFG_MOEA,1316,5,198.33,1121.84,0 73 98 85 88 63 74 14 11 83 96 44 38 59 26 10 89 5 29 90 0,11 26 63 98
PFG_MOEA,1316,6,198.33,1121.84,0 65 6 87 52 60 61 97 75 55 76 42 81 57 0,
PFG_MOEA,1317,1,205.55,1025.13,0 81 57 95 41 15 30 64 78 74 63 88 85 98 71 35 40 16 18 19 17 31 0,78
PFG_MOEA,1317,2,205.55,1025.13,0 20 91 21 33 37 68 56 39 84 23 22 1 99 34 43 92 53 80 4 0,99
PFG_MOEA,1317,3,205.55,1025.13,0 66 94 3 36 54 70 72 67 32 49 51 45 24 0,
PFG_MOEA,1317,4,205.55,1025.13,0 77 58 82 86 62 48 50 25 2 12 73 14 11 83 96 59 26 89 10 0,12 26 83
PFG_MOEA,1317,5,205.55,1025.13,0 44 38 47 69 28 46 7 75 97 61 60 52 87 6 65 90 29 5 79 0,
PFG_MOEA,1317,6,205.55,1025.13,0 13 27 8 100 93 9 55 76 42 0,76
PFG_MOEA,1318,1,353.71,825.55,0 66 94 49 51 45 24 0,
PFG_MOEA,1318,2,353.71,825.55,0 2 25 50 48 62 77 58 82 86 67 72 70 54 36 3 32 79 5 29 90 65 6 87 52 60 61 55 9 42 76 81 93 100 8 7 46 28 69 47 38 44 59 89 10 26 96 83 11 14 73 12 27 13 0,32 42 44
PFG_MOEA,1318,3,353.71,825.55,0 57 95 41 0,
PFG_MOEA,1318,4,353.71,825.55,0 97 75 98 85 88 63 74 78 64 30 15 71 35 31 17 40 16 18 19 20 91 21 33 37 68 56 39 84 23 22 1 34 43 92 0,64
PFG_MOEA,1318,5,353.71,825.55,0 99 0,
PFG_MOEA,1318,6,353.71,825.55,0 4 80 53 0,
PFG_MOEA,1319,1,207.02,1012.48,0 50 48 62 21 33 37 68 56 39 3 36 54 66 53 80 4 24 0,
PFG_MOEA,1319,2,207.02,1012.48,0 45 94 49 32 51 79 5 29 90 65 6 87 52 60 61 55 9 42 76 81 93 100 8 0,5 32 76
PFG_MOEA,1319,3,207.02,1012.48,0 7 46 28 69 47 38 44 59 89 10 26 96 83 11 14 73 12 0,
PFG_MOEA,1319,4,207.02,1012.48,0 97 75 98 85 88 63 74 78 64 30 15 41 57 95 27 13 0,
PFG_MOEA,1319,5,207.02,1012.48,0 17 31 35 71 40 16 18 19 20 91 25 2 0,
PFG_MOEA,1319,6,207.02,1012.48,0 92 43 34 99 1 84 23 22 70 72 67 86 82 58 77 0,
PFG_MOEA,1320,1,207.74,922.35,0 76 42 57 95 41 98 85 88 63 74 78 64 30 15 71 35 31 17 40 16 18 0,18 42 63 98
PFG_MOEA,1320,2,207.74,922.35,0 19 91 21 33 37 68 56 39 84 23 22 1 99 34 43 92 53 4 0,
PFG_MOEA,1320,3,207.74,922.35,0 80 66 0,
PFG_MOEA,1320,4,207.74,922.35,0 24 51 45 94 49 32 36 54 70 72 67 82 86 3 58 77 62 48 50 25 20 0,67
PFG_MOEA,1320,5,207.74,922.35,0 2 13 27 12 73 14 11 83 96 26 10 89 59 44 38 47 69 28 46 7 75 97 0,2 11 69
PFG_MOEA,1320,6,207.74,922.35,0 79 90 65 6 87 52 5 29 60 61 93 55 9 81 100 8 0,5
PFG_MOEA,1321,1,204.74,1035.69,0 5 29 90 65 6 87 52 60 61 97 75 98 85 88 63 74 78 64 30 15 0,6
PFG_MOEA,1321,2,204.74,1035.69,0 20 91 19 17 31 71 35 40 16 18 68 37 33 21 34 43 92 48 50 0,18
PFG_MOEA,1321,3,204.74,1035.69,0 2 99 1 22 23 84 39 56 25 32 79 24 45 51 49 94 66 53 80 4 0,
PFG_MOEA,1321,4,204.74,1035.69,0 62 77 58 82 86 67 72 70 54 36 3 93 9 100 8 7 46 0,3
PFG_MOEA,1321,5,204.74,1035.69,0 28 69 47 38 44 59 26 10 89 96 83 0,26 96
PFG_MOEA,1321,6,204.74,1035.69,0 81 55 76 42 11 14 73 57 95 41 12 27 13 0,42
PFG_MOEA,1322,1,201.36,1069.24,0 27 12 73 14 11 83 96 26 10 89 59 44 38 47 69 28 46 0,83
PFG_MOEA,1322,2,201.36,1069.24,0 7 30 15 71 35 40 16 18 19 31 17 20 91 0,31
PFG_MOEA,1322,3,201.36,1069.24,0 25 2 99 34 43 92 1 84 23 22 70 72 67 86 82 58 77 50 0,
PFG_MOEA,1322,4,201.36,1069.24,0 4 80 53 66 54 36 3 39 56 68 37 33 21 62 48 0,36 62
PFG_MOEA,1322,5,201.36,1069.24,0 24 45 94 49 32 51 79 5 29 90 65 6 87 52 60 61 97 0,
PFG_MOEA,1322,6,201.36,1069.24,0 42 76 9 55 75 81 93 100 8 57 95 41 98 85 88 63 74 78 64 13 0,42 88
PFG_MOEA,1323,1,235.98,829.78,0 20 91 21 33 37 68 56 39 84 23 22 1 34 43 92 0,34
PFG_MOEA,1323,2,235.98,829.78,0 99 0,99
PFG_MOEA,1323,3,235.98,829.78,0 4 80 53 66 94 45 24 51 49 32 3 36 54 70 72 67 86 82 58 77 62 48 50 25 2 0,
PFG_MOEA,1323,4,235.98,829.78,0 12 73 14 11 83 96 26 10 89 59 44 38 47 69 28 46 7 0,26
PFG_MOEA,1323,5,235.98,829.78,0 79 5 29 90 65 6 87 52 60 61 97 75 13 27 0,
PFG_MOEA,1323,6,235.98,829.78,0 8 100 93 9 55 76 42 81 57 95 41 98 85 88 63 74 78 64 30 15 71 35 31 17 40 16 18 19 0,42 64
PFG_MOEA,1324,1,199.67,1096.55,0 5 29 90 65 6 87 52 60 61 97 75 7 14 73 12 99 2 25 50 48 0,6 52
PFG_MOEA,1324,2,199.67,1096.55,0 24 79 51 45 94 49 32 36 54 70 72 67 86 82 3 62 0,
PFG_MOEA,1324,3,199.67,1096.55,0 4 80 53 66 58 77 46 28 69 47 38 44 59 89 10 26 96 0,69
PFG_MOEA,1324,4,199.67,1096.55,0 8 100 93 81 55 9 76 42 83 11 98 41 95 57 0,
PFG_MOEA,1324,5,199.67,1096.55,0 20 91 21 33 37 18 16 40 35 71 15 30 64 78 74 63 88 85 0,63
PFG_MOEA,1324,6,199.67,1096.55,0 92 43 34 1 22 23 84 39 56 68 19 17 31 27 13 0,31
PFG_MOEA,1325,1,218.48,880.23,0 98 85 88 63 74 78 64 30 15 71 35 40 16 18 19 31 17 20 91 34 43 48 0,43 98
PFG_MOEA,1325,2,218.48,880.23,0 50 92 21 33 37 68 56 39 84 23 22 1 99 2 25 0,99
PFG_MOEA,1325,3,218.48,880.23,0 4 80 53 66 94 49 51 45 24 79 32 3 36 54 70 72 67 86 82 58 77 62 0,
PFG_MOEA,1325,4,218.48,880.23,0 93 9 100 8 7 46 0,
PFG_MOEA,1325,5,218.48,880.23,0 28 69 47 38 44 59 26 10 89 96 83 11 14 73 0,26
PFG_MOEA,1325,6,218.48,880.23,0 5 29 90 65 6 87 52 60 61 97 75 55 76 42 81 57 95 41 12 27 13 0,29 42
PFG_MOEA,1326,1,198.33,1121.84,0 13 27 12 41 95 78 64 30 15 71 35 40 16 18 19 31 17 20 91 0,
PFG_MOEA,1326,2,198.33,1121.84,0 50 48 92 22 23 84 39 56 68 37 33 21 34 43 0,
PFG_MOEA,1326,3,198.33,1121.84,0 4 80 53 66 94 49 51 45 24 79 32 54 36 3 1 99 2 25 0,2
PFG_MOEA,1326,4,198.33,1121.84,0 62 77 58 82 86 67 72 70 93 9 100 8 7 46 28 69 47 0,58 93
PFG_MOEA,1326,5,198.33,1121.84,0 73 98 85 88 63 74 14 11 83 96 44 38 59 26 10 89 5 29 90 0,11 26 63 98
PFG_MOEA,1326,6,198.33,1121.84,0 65 6 87 52 60 61 97 75 55 76 42 81 57 0,
PFG_MOEA,1327,1,205.55,1025.13,0 81 57 95 41 15 30 64 78 74 63 88 85 98 71 35 40 16 18 19 17 31 0,78
PFG_MOEA,1327,2,205.55,1025.13,0 20 91 21 33 37 68 56 39 84 23 22 1 99 34 43 92 53 80 4 0,99
PFG_MOEA,1327,3,205.55,1025.13,0 66 94 3 36 54 70 72 67 32 49 51 45 24 0,
PFG_MOEA,1327,4,205.55,1025.13,0 77 58 82 86 62 48 50 25 2 12 73 14 11 83 96 59 26 89 10 0,12 26 83
PFG_MOEA,1327,5,205.55,1025.13,0 44 38 47 69 28 46 7 75 97 61 60 52 87 6 65 90 29 5 79 0,
PFG_MOEA,1327,6,205.55,1025.13,0 13 27 8 100 93 9 55 76 42 0,76
PFG_MOEA,1328,1,353.71,825.55,0 66 94 49 51 45 24 0,
PFG_MOEA,1328,2,353.71,825.55,0 2 25 50 48 62 77 58 82 86 67 72 70 54 36 3 32 79 5 29 90 65 6 87 52 60 61 55 9 42 76 81 93 100 8 7 46 28 69 47 38 44 59 89 10 26 96 83 11 14 73 12 27 13 0,32 42 44
PFG_MOEA,1328,3,353.71,825.55,0 57 95 41 0,
PFG_MOEA,1328,4,353.71,825.55,0 97 75 98 85 88 63 74 78 64 30 15 71 35 31 17 40 16 18 19 20 91 21 33 37 68 56 39 84 23 22 1 34 43 92 0,64
PFG_MOEA,1328,5,353.71,825.55,0 99 0,
PFG_MOEA,1328,6,353.71,825.55,0 4 80 53 0,
PFG_MOEA,1329,1,207.02,1012.48,0 50 48 62 21 33 37 68 56 39 3 36 54 66 53 80 4 24 0,
PFG_MOEA,1329,2,207.02,1012.48,0 45 94 49 32 51 79 5 29 90 65 6 87 52 60 61 55 9 42 76 81 93 100 8 0,5 32 76
PFG_MOEA,1329,3,207.02,1012.48,0 7 46 28 69 47 38 44 59 89 10 26 96 83 11 14 73 12 0,
PFG_MOEA,1329,4,207.02,1012.48,0 97 75 98 85 88 63 74 78 64 30 15 41 57 95 27 13 0,
PFG_MOEA,1329,5,207.02,1012.48,0 17 31 35 71 40 16 18 19 20 91 25 2 0,
PFG_MOEA,1329,6,207.02,1012.48,0 92 43 34 99 1 84 23 22 70 72 67 86 82 58 77 0,
PFG_MOEA,1330,1,207.74,922.35,0 76 42 57 95 41 98 85 88 63 74 78 64 30 15 71 35 31 17 40 16 18 0,18 42 63 98
PFG_MOEA,1330,2,207.74,922.35,0 19 91 21 33 37 68 56 39 84 23 22 1 99 34 43 92 53 4 0,
PFG_MOEA,1330,3,207.74,922.35,0 80 66 0,
PFG_MOEA,1330,4,207.74,922.35,0 24 51 45 94 49 32 36 54 70 72 67 82 86 3 58 77 62 48 50 25 20 0,67
PFG_MOEA,1330,5,207.74,922.35,0 2 13 27 12 73 14 11 83 96 26 10 89 59 44 38 47 69 28 46 7 75 97 0,2 11 69
PFG_MOEA,1330,6,207.74,922.35,0 79 90 65 6 87 52 5 29 60 61 93 55 9 81 100 8 0,5
PFG_MOEA,1331,1,204.74,1035.69,0 5 29 90 65 6 87 52 60 61 97 75 98 85 88 63 74 78 64 30 15 0,6
PFG_MOEA,1331,2,204.74,1035.69,0 20 91 19 17 31 71 35 40 16 18 68 37 33 21 34 43 92 48 50 0,18
PFG_MOEA,1331,3,204.74,1035.69,0 2 99 1 22 23 84 39 56 25 32 79 24 45 51 49 94 66 53 80 4 0,
PFG_MOEA,1331,4,204.74,1035.69,0 62 77 58 82 86 67 72 70 54 36 3 93 9 100 8 7 46 0,3
PFG_MOEA,1331,5,204.74,1035.69,0 28 69 47 38 44 59 26 10 89 96 83 0,26 96
PFG_MOEA,1331,6,204.74,1035.69,0 81 55 76 42 11 14 73 57 95 41 12 27 13 0,42
PFG_MOEA,1332,1,201.36,1069.24,0 27 12 73 14 11 83 96 26 10 89 59 44 38 47 69 28 46 0,83
PFG_MOEA,1332,2,201.36,1069.24,0 7 30 15 71 35 40 16 18 19 31 17 20 91 0,31
PFG_MOEA,1332,3,201.36,1069.24,0 25 2 99 34 43 92 1 84 23 22 70 72 67 86 82 58 77 50 0,
PFG_MOEA,1332,4,201.36,1069.24,0 4 80 53 66 54 36 3 39 56 68 37 33 21 62 48 0,36 62
PFG_MOEA,1332,5,201.36,1069.24,0 24 45 94 49 32 51 79 5 29 90 65 6 87 52 60 61 97 0,
PFG_MOEA,1332,6,201.36,1069.24,0 42 76 9 55 75 81 93 100 8 57 95 41 98 85 88 63 74 78 64 13 0,42 88
PFG_MOEA,1333,1,235.98,829.78,0 20 91 21 33 37 68 56 39 84 23 22 1 34 43 92 0,34
PFG_MOEA,1333,2,235.98,829.78,0 99 0,99
PFG_MOEA,1333,3,235.98,829.78,0 4 80 53 66 94 45 24 51 49 32 3 36 54 70 72 67 86 82 58 77 62 48 50 25 2 0,
PFG_MOEA,1333,4,235.98,829.78,0 12 73 14 11 83 96 26 10 89 59 44 38 47 69 28 46 7 0,26
PFG_MOEA,1333,5,235.98,829.78,0 79 5 29 90 65 6 87 52 60 61 97 75 13 27 0,
PFG_MOEA,1333,6,235.98,829.78,0 8 100 93 9 55 76 42 81 57 95 41 98 85 88 63 74 78 64 30 15 71 35 31 17 40 16 18 19 0,42 64
PFG_MOEA,1334,1,199.67,1096.55,0 5 29 90 65 6 87 52 60 61 97 75 7 14 73 12 99 2 25 50 48 0,6 52
PFG_MOEA,1334,2,199.67,1096.55,0 24 79 51 45 94 49 32 36 54 70 72 67 86 82 3 62 0,
PFG_MOEA,1334,3,199.67,1096.55,0 4 80 53 66 58 77 46 28 69 47 38 44 59 89 10 26 96 0,69
PFG_MOEA,1334,4,199.67,1096.55,0 8 100 93 81 55 9 76 42 83 11 98 41 95 57 0,
PFG_MOEA,1334,5,199.67,1096.55,0 20 91 21 33 37 18 16 40 35 71 15 30 64 78 74 63 88 85 0,63
PFG_MOEA,1334,6,199.67,1096.55,0 92 43 34 1 22 23 84 39 56 68 19 17 31 27 13 0,31
PFG_MOEA,1335,1,218.48,880.23,0 98 85 88 63 74 78 64 30 15 71 35 40 16 18 19 31 17 20 91 34 43 48 0,43 98
PFG_MOEA,1335,2,218.48,880.23,0 50 92 21 33 37 68 56 39 84 23 22 1 99 2 25 0,99
PFG_MOEA,1335,3,218.48,880.23,0 4 80 53 66 94 49 51 45 24 79 32 3 36 54 70 72 67 86 82 58 77 62 0,
PFG_MOEA,1335,4,218.48,880.23,0 93 9 100 8 7 46 0,
PFG_MOEA,1335,5,218.48,880.23,0 28 69 47 38 44 59 26 10 89 96 83 11 14 73 0,26
PFG_MOEA,1335,6,218.48,880.23,0 5 29 90 65 6 87 52 60 61 97 75 55 76 42 81 57 95 41 12 27 13 0,29 42
PFG_MOEA,1336,1,198.33,1121.84,0 13 27 12 41 95 78 64 30 15 71 35 40 16 18 19 31 17 20 91 0,
PFG_MOEA,1336,2,198.33,1121.84,0 50 48 92 22 23 84 39 56 68 37 33 21 34 43 0,
PFG_MOEA,1336,3,198.33,1121.84,0 4 80 53 66 94 49 51 45 24 79 32 54 36 3 1 99 2 25 0,2
PFG_MOEA,1336,4,198.33,1121.84,0 62 77 58 82 86 67 72 70 93 9 100 8 7 46 28 69 47 0,58 93
PFG_MOEA,1336,5,198.33,1121.84,0 73 98 85 88 63 74 14 11 83 96 44 38 59 26 10 89 5 29 90 0,11 26 63 98
PFG_MOEA,1336,6,198.33,1121.84,0 65 6 87 52 60 61 97 75 55 76 42 81 57 0,
PFG_MOEA,1337,1,205.55,1025.13,0 81 57 95 41 15 30 64 78 74 63 88 85 98 71 35 40 16 18 19 17 31 0,78
PFG_MOEA,1337,2,205.55,1025.13,0 20 91 21 33 37 68 56 39 84 23 22 1 99 34 43 92 53 80 4 0,99
PFG_MOEA,1337,3,205.55,1025.13,0 66 94 3 36 54 70 72 67 32 49 51 45 24 0,
PFG_MOEA,1337,4,205.55,1025.13,0 77 58 82 86 62 48 50 25 2 12 73 14 11 83 96 59 26 89 10 0,12 26 83
PFG_MOEA,1337,5,205.55,1025.13,0 44 38 47 69 28 46 7 75 97 61 60 52 87 6 65 90 29 5 79 0,
PFG_MOEA,1337,6,205.55,1025.13,0 13 27 8 100 93 9 55 76 42 0,76
PFG_MOEA,1338,1,353.71,825.55,0 66 94 49 51 45 24 0,
PFG_MOEA,1338,2,353.71,825.55,0 2 25 50 48 62 77 58 82 86 67 72 70 54 36 3 32 79 5 29 90 65 6 87 52 60 61 55 9 42 76 81 93 100 8 7 46 28 69 47 38 44 59 89 10 26 96 83 11 14 73 12 27 13 0,32 42 44
PFG_MOEA,1338,3,353.71,825.55,0 57 95 41 0,
PFG_MOEA,1338,4,353.71,825.55,0 97 75 98 85 88 63 74 78 64 30 15 71 35 31 17 40 16 18 19 20 91 21 33 37 68 56 39 84 23 22 1 34 43 92 0,64
PFG_MOEA,1338,5,353.71,825.55,0 99 0,
PFG_MOEA,1338,6,353.71,825.55,0 4 80 53 0,
PFG_MOEA,1339,1,207.02,1012.48,0 50 48 62 21 33 37 68 56 39 3 36 54 66 53 80 4 24 0,
PFG_MOEA,1339,2,207.02,1012.48,0 45 94 49 32 51 79 5 29 90 65 6 87 52 60 61 55 9 42 76 81 93 100 8 0,5 32 76
PFG_MOEA,1339,3,207.02,1012.48,0 7 46 28 69 47 38 44 59 89 10 26 96 83 11 14 73 12 0,
PFG_MOEA,1339,4,207.02,1012.48,0 97 75 98 85 88 63 74 78 64 30 15 41 57 95 27 13 0,
PFG_MOEA,1339,5,207.02,1012.48,0 17 31 35 71 40 16 18 19 20 91 25 2 0,
PFG_MOEA,1339,6,207.02,1012.48,0 92 43 34 99 1 84 23 22 70 72 67 86 82 58 77 0,
PFG_MOEA,1340,1,207.74,922.35,0 76 42 57 95 41 98 85 88 63 74 78 64 30 15 71 35 31 17 40 16 18 0,18 42 63 98
PFG_MOEA,1340,2,207.74,922.35,0 19 91 21 33 37 68 56 39 84 23 22 1 99 34 43 92 53 4 0,
PFG_MOEA,1340,3,207.74,922.35,0 80 66 0,
PFG_MOEA,1340,4,207.74,922.35,0 24 51 45 94 49 32 36 54 70 72 67 82 86 3 58 77 62 48 50 25 20 0,67
PFG_MOEA,1340,5,207.74,922.35,0 2 13 27 12 73 14 11 83 96 26 10 89 59 44 38 47 69 28 46 7 75 97 0,2 11 69
PFG_MOEA,1340,6,207.74,922.35,0 79 90 65 6 87 52 5 29 60 61 93 55 9 81 100 8 0,5
PFG_MOEA,1341,1,204.74,1035.69,0 5 29 90 65 6 87 52 60 61 97 75 98 85 88 63 74 78 64 30 15 0,6
PFG_MOEA,1341,2,204.74,1035.69,0 20 91 19 17 31 71 35 40 16 18 68 37 33 21 34 43 92 48 50 0,18
PFG_MOEA,1341,3,204.74,1035.69,0 2 99 1 22 23 84 39 56 25 32 79 24 45 51 49 94 66 53 80 4 0,
PFG_MOEA,1341,4,204.74,1035.69,0 62 77 58 82 86 67 72 70 54 36 3 93 9 100 8 7 46 0,3
PFG_MOEA,1341,5,204.74,1035.69,0 28 69 47 38 44 59 26 10 89 96 83 0,26 96
PFG_MOEA,1341,6,204.74,1035.69,0 81 55 76 42 11 14 73 57 95 41 12 27 13 0,42
PFG_MOEA,1342,1,201.36,1069.24,0 27 12 73 14 11 83 96 26 10 89 59 44 38 47 69 28 46 0,83
PFG_MOEA,1342,2,201.36,1069.24,0 7 30 15 71 35 40 16 18 19 31 17 20 91 0,31
PFG_MOEA,1342,3,201.36,1069.24,0 25 2 99 34 43 92 1 84 23 22 70 72 67 86 82 58 77 50 0,
PFG_MOEA,1342,4,201.36,1069.24,0 4 80 53 66 54 36 3 39 56 68 37 33 21 62 48 0,36 62
PFG_MOEA,1342,5,201.36,1069.24,0 24 45 94 49 32 51 79 5 29 90 65 6 87 52 60 61 97 0,
PFG_MOEA,1342,6,201.36,1069.24,0 42 76 9 55 75 81 93 100 8 57 95 41 98 85 88 63 74 78 64 13 0,42 88
PFG_MOEA,1343,1,235.98,829.78,0 20 91 21 33 37 68 56 39 84 23 22 1 34 43 92 0,34
PFG_MOEA,1343,2,235.98,829.78,0 99 0,99
PFG_MOEA,1343,3,235.98,829.78,0 4 80 53 66 94 45 24 51 49 32 3 36 54 70 72 67 86 82 58 77 62 48 50 25 2 0,
PFG_MOEA,1343,4,235.98,829.78,0 12 73 14 11 83 96 26 10 89 59 44 38 47 69 28 46 7 0,26
PFG_MOEA,1343,5,235.98,829.78,0 79 5 29 90 65 6 87 52 60 61 97 75 13 27 0,
PFG_MOEA,1343,6,235.98,829.78,0 8 100 93 9 55 76 42 81 57 95 41 98 85 88 63 74 78 64 30 15 71 35 31 17 40 16 18 19 0,42 64
PFG_MOEA,1344,1,199.67,1096.55,0 5 29 90 65 6 87 52 60 61 97 75 7 14 73 12 99 2 25 50 48 0,6 52
PFG_MOEA,1344,2,199.67,1096.55,0 24 79 51 45 94 49 32 36 54 70 72 67 86 82 3 62 0,
PFG_MOEA,1344,3,199.67,1096.55,0 4 80 53 66 58 77 46 28 69 47 38 44 59 89 10 26 96 0,69
PFG_MOEA,1344,4,199.67,1096.55,0 8 100 93 81 55 9 76 42 83 11 98 41 95 57 0,
PFG_MOEA,1344,5,199.67,1096.55,0 20 91 21 33 37 18 16 40 35 71 15 30 64 78 74 63 88 85 0,63
PFG_MOEA,1344,6,199.67,1096.55,0 92 43 34 1 22 23 84 39 56 68 19 17 31 27 13 0,31
PFG_MOEA,1345,1,218.48,880.23,0 98 85 88 63 74 78 64 30 15 71 35 40 16 18 19 31 17 20 91 34 43 48 0,43 98
PFG_MOEA,1345,2,218.48,880.23,0 50 92 21 33 37 68 56 39 84 23 22 1 99 2 25 0,99
PFG_MOEA,1345,3,218.48,880.23,0 4 80 53 66 94 49 51 45 24 79 32 3 36 54 70 72 67 86 82 58 77 62 0,
PFG_MOEA,1345,4,218.48,880.23,0 93 9 100 8 7 46 0,
PFG_MOEA,1345,5,218.48,880.23,0 28 69 47 38 44 59 26 10 89 96 83 11 14 73 0,26
PFG_MOEA,1345,6,218.48,880.23,0 5 29 90 65 6 87 52 60 61 97 75 55 76 42 81 57 95 41 12 27 13 0,29 42
PFG_MOEA,1346,1,198.33,1121.84,0 13 27 12 41 95 78 64 30 15 71 35 40 16 18 19 31 17 20 91 0,
PFG_MOEA,1346,2,198.33,1121.84,0 50 48 92 22 23 84 39 56 68 37 33 21 34 43 0,
PFG_MOEA,1346,3,198.33,1121.84,0 4 80 53 66 94 49 51 45 24 79 32 54 36 3 1 99 2 25 0,2
PFG_MOEA,1346,4,198.33,1121.84,0 62 77 58 82 86 67 72 70 93 9 100 8 7 46 28 69 47 0,58 93
PFG_MOEA,1346,5,198.33,1121.84,0 73 98 85 88 63 74 14 11 83 96 44 38 59 26 10 89 5 29 90 0,11 26 63 98
PFG_MOEA,1346,6,198.33,1121.84,0 65 6 87 52 60 61 97 75 55 76 42 81 57 0,
PFG_MOEA,1347,1,205.55,1025.13,0 81 57 95 41 15 30 64 78 74 63 88 85 98 71 35 40 16 18 19 17 31 0,78
PFG_MOEA,1347,2,205.55,1025.13,0 20 91 21 33 37 68 56 39 84 23 22 1 99 34 43 92 53 80 4 0,99
PFG_MOEA,1347,3,205.55,1025.13,0 66 94 3 36 54 70 72 67 32 49 51 45 24 0,
PFG_MOEA,1347,4,205.55,1025.13,0 77 58 82 86 62 48 50 25 2 12 73 14 11 83 96 59 26 89 10 0,12 26 83
PFG_MOEA,1347,5,205.55,1025.13,0 44 38 47 69 28 46 7 75 97 61 60 52 87 6 65 90 29 5 79 0,
PFG_MOEA,1347,6,205.55,1025.13,0 13 27 8 100 93 9 55 76 42 0,76
PFG_MOEA,1348,1,353.71,825.55,0 66 94 49 51 45 24 0,
PFG_MOEA,1348,2,353.71,825.55,0 2 25 50 48 62 77 58 82 86 67 72 70 54 36 3 32 79 5 29 90 65 6 87 52 60 61 55 9 42 76 81 93 100 8 7 46 28 69 47 38 44 59 89 10 26 96 83 11 14 73 12 27 13 0,32 42 44
PFG_MOEA,1348,3,353.71,825.55,0 57 95 41 0,
PFG_MOEA,1348,4,353.71,825.55,0 97 75 98 85 88 63 74 78 64 30 15 71 35 31 17 40 16 18 19 20 91 21 33 37 68 56 39 84 23 22 1 34 43 92 0,64
PFG_MOEA,1348,5,353.71,825.55,0 99 0,
PFG_MOEA,1348,6,353.71,825.55,0 4 80 53 0,
PFG_MOEA,1349,1,207.02,1012.48,0 50 48 62 21 33 37 68 56 39 3 36 54 66 53 80 4 24 0,
PFG_MOEA,1349,2,207.02,1012.48,0 45 94 49 32 51 79 5 29 90 65 6 87 52 60 61 55 9 42 76 81 93 100 8 0,5 32 76
PFG_MOEA,1349,3,207.02,1012.48,0 7 46 28 69 47 38 44 59 89 10 26 96 83 11 14 73 12 0,
PFG_MOEA,1349,4,207.02,1012.48,0 97 75 98 85 88 63 74 78 64 30 15 41 57 95 27 13 0,
PFG_MOEA,1349,5,207.02,1012.48,0 17 31 35 71 40 16 18 19 20 91 25 2 0,
PFG_MOEA,1349,6,207.02,1012.48,0 92 43 34 99 1 84 23 22 70 72 67 86 82 58 77 0,
PFG_MOEA,1350,1,207.74,922.35,0 76 42 57 95 41 98 85 88 63 74 78 64 30 15 71 35 31 17 40 16 18 0,18 42 63 98
PFG_MOEA,1350,2,207.74,922.35,0 19 91 21 33 37 68 56 39 84 23 22 1 99 34 43 92 53 4 0,
PFG_MOEA,1350,3,207.74,922.35,0 80 66 0,
PFG_MOEA,1350,4,207.74,922.35,0 24 51 45 94 49 32 36 54 70 72 67 82 86 3 58 77 62 48 50 25 20 0,67
PFG_MOEA,1350,5,207.74,922.35,0 2 13 27 12 73 14 11 83 96 26 10 89 59 44 38 47 69 28 46 7 75 97 0,2 11 69
PFG_MOEA,1350,6,207.74,922.35,0 79 90 65 6 87 52 5 29 60 61 93 55 9 81 100 8 0,5
PFG_MOEA,1351,1,204.74,1035.69,0 5 29 90 65 6 87 52 60 61 97 75 98 85 88 63 74 78 64 30 15 0,6
PFG_MOEA,1351,2,204.74,1035.69,0 20 91 19 17 31 71 35 40 16 18 68 37 33 21 34 43 92 48 50 0,18
PFG_MOEA,1351,3,204.74,1035.69,0 2 99 1 22 23 84 39 56 25 32 79 24 45 51 49 94 66 53 80 4 0,
PFG_MOEA,1351,4,204.74,1035.69,0 62 77 58 82 86 67 72 70 54 36 3 93 9 100 8 7 46 0,3
PFG_MOEA,1351,5,204.74,1035.69,0 28 69 47 38 44 59 26 10 89 96 83 0,26 96
PFG_MOEA,1351,6,204.74,1035.69,0 81 55 76 42 11 14 73 57 95 41 12 27 13 0,42
PFG_MOEA,1352,1,201.36,1069.24,0 27 12 73 14 11 83 96 26 10 89 59 44 38 47 69 28 46 0,83
PFG_MOEA,1352,2,201.36,1069.24,0 7 30 15 71 35 40 16 18 19 31 17 20 91 0,31
PFG_MOEA,1352,3,201.36,1069.24,0 25 2 99 34 43 92 1 84 23 22 70 72 67 86 82 58 77 50 0,
PFG_MOEA,1352,4,201.36,1069.24,0 4 80 53 66 54 36 3 39 56 68 37 33 21 62 48 0,36 62
PFG_MOEA,1352,5,201.36,1069.24,0 24 45 94 49 32 51 79 5 29 90 65 6 87 52 60 61 97 0,
PFG_MOEA,1352,6,201.36,1069.24,0 42 76 9 55 75 81 93 100 8 57 95 41 98 85 88 63 74 78 64 13 0,42 88
PFG_MOEA,1353,1,235.98,829.78,0 20 91 21 33 37 68 56 39 84 23 22 1 34 43 92 0,34
PFG_MOEA,1353,2,235.98,829.78,0 99 0,99
PFG_MOEA,1353,3,235.98,829.78,0 4 80 53 66 94 45 24 51 49 32 3 36 54 70 72 67 86 82 58 77 62 48 50 25 2 0,
PFG_MOEA,1353,4,235.98,829.78,0 12 73 14 11 83 96 26 10 89 59 44 38 47 69 28 46 7 0,26
PFG_MOEA,1353,5,235.98,829.78,0 79 5 29 90 65 6 87 52 60 61 97 75 13 27 0,
PFG_MOEA,1353,6,235.98,829.78,0 8 100 93 9 55 76 42 81 57 95 41 98 85 88 63 74 78 64 30 15 71 35 31 17 40 16 18 19 0,42 64
PFG_MOEA,1354,1,199.67,1096.55,0 5 29 90 65 6 87 52 60 61 97 75 7 14 73 12 99 2 25 50 48 0,6 52
PFG_MOEA,1354,2,199.67,1096.55,0 24 79 51 45 94 49 32 36 54 70 72 67 86 82 3 62 0,
PFG_MOEA,1354,3,199.67,1096.55,0 4 80 53 66 58 77 46 28 69 47 38 44 59 89 10 26 96 0,69
PFG_MOEA,1354,4,199.67,1096.55,0 8 100 93 81 55 9 76 42 83 11 98 41 95 57 0,
PFG_MOEA,1354,5,199.67,1096.55,0 20 91 21 33 37 18 16 40 35 71 15 30 64 78 74 63 88 85 0,63
PFG_MOEA,1354,6,199.67,1096.55,0 92 43 34 1 22 23 84 39 56 68 19 17 31 27 13 0,31
PFG_MOEA,1355,1,218.48,880.23,0 98 85 88 63 74 78 64 30 15 71 35 40 16 18 19 31 17 20 91 34 43 48 0,43 98
PFG_MOEA,1355,2,218.48,880.23,0 50 92 21 33 37 68 56 39 84 23 22 1 99 2 25 0,99
PFG_MOEA,1355,3,218.48,880.23,0 4 80 53 66 94 49 51 45 24 79 32 3 36 54 70 72 67 86 82 58 77 62 0,
PFG_MOEA,1355,4,218.48,880.23,0 93 9 100 8 7 46 0,
PFG_MOEA,1355,5,218.48,880.23,0 28 69 47 38 44 59 26 10 89 96 83 11 14 73 0,26
PFG_MOEA,1355,6,218.48,880.23,0 5 29 90 65 6 87 52 60 61 97 75 55 76 42 81 57 95 41 12 27 13 0,29 42
PFG_MOEA,1356,1,198.33,1121.84,0 13 27 12 41 95 78 64 30 15 71 35 40 16 18 19 31 17 20 91 0,
PFG_MOEA,1356,2,198.33,1121.84,0 50 48 92 22 23 84 39 56 68 37 33 21 34 43 0,
PFG_MOEA,1356,3,198.33,1121.84,0 4 80 53 66 94 49 51 45 24 79 32 54 36 3 1 99 2 25 0,2
PFG_MOEA,1356,4,198.33,1121.84,0 62 77 58 82 86 67 72 70 93 9 100 8 7 46 28 69 47 0,58 93
PFG_MOEA,1356,5,198.33,1121.84,0 73 98 85 88 63 74 14 11 83 96 44 38 59 26 10 89 5 29 90 0,11 26 63 98
PFG_MOEA,1356,6,198.33,1121.84,0 65 6 87 52 60 61 97 75 55 76 42 81 57 0,
PFG_MOEA,1357,1,205.55,1025.13,0 81 57 95 41 15 30 64 78 74 63 88 85 98 71 35 40 16 18 19 17 31 0,78
PFG_MOEA,1357,2,205.55,1025.13,0 20 91 21 33 37 68 56 39 84 23 22 1 99 34 43 92 53 80 4 0,99
PFG_MOEA,1357,3,205.55,1025.13,0 66 94 3 36 54 70 72 67 32 49 51 45 24 0,
PFG_MOEA,1357,4,205.55,1025.13,0 77 58 82 86 62 48 50 25 2 12 73 14 11 83 96 59 26 89 10 0,12 26 83
PFG_MOEA,1357,5,205.55,1025.13,0 44 38 47 69 28 46 7 75 97 61 60 52 87 6 65 90 29 5 79 0,
PFG_MOEA,1357,6,205.55,1025.13,0 13 27 8 100 93 9 55 76 42 0,76
PFG_MOEA,1358,1,353.71,825.55,0 66 94 49 51 45 24 0,
PFG_MOEA,1358,2,353.71,825.55,0 2 25 50 48 62 77 58 82 86 67 72 70 54 36 3 32 79 5 29 90 65 6 87 52 60 61 55 9 42 76 81 93 100 8 7 46 28 69 47 38 44 59 89 10 26 96 83 11 14 73 12 27 13 0,32 42 44
PFG_MOEA,1358,3,353.71,825.55,0 57 95 41 0,
PFG_MOEA,1358,4,353.71,825.55,0 97 75 98 85 88 63 74 78 64 30 15 71 35 31 17 40 16 18 19 20 91 21 33 37 68 56 39 84 23 22 1 34 43 92 0,64
PFG_MOEA,1358,5,353.71,825.55,0 99 0,
PFG_MOEA,1358,6,353.71,825.55,0 4 80 53 0,
PFG_MOEA,1359,1,207.02,1012.48,0 50 48 62 21 33 37 68 56 39 3 36 54 66 53 80 4 24 0,
PFG_MOEA,1359,2,207.02,1012.48,0 45 94 49 32 51 79 5 29 90 65 6 87 52 60 61 55 9 42 76 81 93 100 8 0,5 32 76
PFG_MOEA,1359,3,207.02,1012.48,0 7 46 28 69 47 38 44 59 89 10 26 96 83 11 14 73 12 0,
PFG_MOEA,1359,4,207.02,1012.48,0 97 75 98 85 88 63 74 78 64 30 15 41 57 95 27 13 0,
PFG_MOEA,1359,5,207.02,1012.48,0 17 31 35 71 40 16 18 19 20 91 25 2 0,
PFG_MOEA,1359,6,207.02,1012.48,0 92 43 34 99 1 84 23 22 70 72 67 86 82 58 77 0,
PFG_MOEA,1360,1,207.74,922.35,0 76 42 57 95 41 98 85 88 63 74 78 64 30 15 71 35 31 17 40 16 18 0,18 42 63 98
PFG_MOEA,1360,2,207.74,922.35,0 19 91 21 33 37 68 56 39 84 23 22 1 99 34 43 92 53 4 0,
PFG_MOEA,1360,3,207.74,922.35,0 80 66 0,
PFG_MOEA,1360,4,207.74,922.35,0 24 51 45 94 49 32 36 54 70 72 67 82 86 3 58 77 62 48 50 25 20 0,67
PFG_MOEA,1360,5,207.74,922.35,0 2 13 27 12 73 14 11 83 96 26 10 89 59 44 38 47 69 28 46 7 75 97 0,2 11 69
PFG_MOEA,1360,6,207.74,922.35,0 79 90 65 6 87 52 5 29 60 61 93 55 9 81 100 8 0,5
PFG_MOEA,1361,1,204.74,1035.69,0 5 29 90 65 6 87 52 60 61 97 75 98 85 88 63 74 78 64 30 15 0,6
PFG_MOEA,1361,2,204.74,1035.69,0 20 91 19 17 31 71 35 40 16 18 68 37 33 21 34 43 92 48 50 0,18
PFG_MOEA,1361,3,204.74,1035.69,0 2 99 1 22 23 84 39 56 25 32 79 24 45 51 49 94 66 53 80 4 0,
PFG_MOEA,1361,4,204.74,1035.69,0 62 77 58 82 86 67 72 70 54 36 3 93 9 100 8 7 46 0,3
PFG_MOEA,1361,5,204.74,1035.69,0 28 69 47 38 44 59 26 10 89 96 83 0,26 96
PFG_MOEA,1361,6,204.74,1035.69,0 81 55 76 42 11 14 73 57 95 41 12 27 13 0,42
PFG_MOEA,1362,1,201.36,1069.24,0 27 12 73 14 11 83 96 26 10 89 59 44 38 47 69 28 46 0,83
PFG_MOEA,1362,2,201.36,1069.24,0 7 30 15 71 35 40 16 18 19 31 17 20 91 0,31
PFG_MOEA,1362,3,201.36,1069.24,0 25 2 99 34 43 92 1 84 23 22 70 72 67 86 82 58 77 50 0,
PFG_MOEA,1362,4,201.36,1069.24,0 4 80 53 66 54 36 3 39 56 68 37 33 21 62 48 0,36 62
PFG_MOEA,1362,5,201.36,1069.24,0 24 45 94 49 32 51 79 5 29 90 65 6 87 52 60 61 97 0,
PFG_MOEA,1362,6,201.36,1069.24,0 42 76 9 55 75 81 93 100 8 57 95 41 98 85 88 63 74 78 64 13 0,42 88
PFG_MOEA,1363,1,235.98,829.78,0 20 91 21 33 37 68 56 39 84 23 22 1 34 43 92 0,34
PFG_MOEA,1363,2,235.98,829.78,0 99 0,99
PFG_MOEA,1363,3,235.98,829.78,0 4 80 53 66 94 45 24 51 49 32 3 36 54 70 72 67 86 82 58 77 62 48 50 25 2 0,
PFG_MOEA,1363,4,235.98,829.78,0 12 73 14 11 83 96 26 10 89 59 44 38 47 69 28 46 7 0,26
PFG_MOEA,1363,5,235.98,829.78,0 79 5 29 90 65 6 87 52 60 61 97 75 13 27 0,
PFG_MOEA,1363,6,235.98,829.78,0 8 100 93 9 55 76 42 81 57 95 41 98 85 88 63 74 78 64 30 15 71 35 31 17 40 16 18 19 0,42 64
PFG_MOEA,1364,1,199.67,1096.55,0 5 29 90 65 6 87 52 60 61 97 75 7 14 73 12 99 2 25 50 48 0,6 52
PFG_MOEA,1364,2,199.67,1096.55,0 24 79 51 45 94 49 32 36 54 70 72 67 86 82 3 62 0,
PFG_MOEA,1364,3,199.67,1096.55,0 4 80 53 66 58 77 46 28 69 47 38 44 59 89 10 26 96 0,69
PFG_MOEA,1364,4,199.67,1096.55,0 8 100 93 81 55 9 76 42 83 11 98 41 95 57 0,
PFG_MOEA,1364,5,199.67,1096.55,0 20 91 21 33 37 18 16 40 35 71 15 30 64 78 74 63 88 85 0,63
PFG_MOEA,1364,6,199.67,1096.55,0 92 43 34 1 22 23 84 39 56 68 19 17 31 27 13 0,31
PFG_MOEA,1365,1,218.48,880.23,0 98 85 88 63 74 78 64 30 15 71 35 40 16 18 19 31 17 20 91 34 43 48 0,43 98
PFG_MOEA,1365,2,218.48,880.23,0 50 92 21 33 37 68 56 39 84 23 22 1 99 2 25 0,99
PFG_MOEA,1365,3,218.48,880.23,0 4 80 53 66 94 49 51 45 24 79 32 3 36 54 70 72 67 86 82 58 77 62 0,
PFG_MOEA,1365,4,218.48,880.23,0 93 9 100 8 7 46 0,
PFG_MOEA,1365,5,218.48,880.23,0 28 69 47 38 44 59 26 10 89 96 83 11 14 73 0,26
PFG_MOEA,1365,6,218.48,880.23,0 5 29 90 65 6 87 52 60 61 97 75 55 76 42 81 57 95 41 12 27 13 0,29 42
PFG_MOEA,1366,1,198.33,1121.84,0 13 27 12 41 95 78 64 30 15 71 35 40 16 18 19 31 17 20 91 0,
PFG_MOEA,1366,2,198.33,1121.84,0 50 48 92 22 23 84 39 56 68 37 33 21 34 43 0,
PFG_MOEA,1366,3,198.33,1121.84,0 4 80 53 66 94 49 51 45 24 79 32 54 36 3 1 99 2 25 0,2
PFG_MOEA,1366,4,198.33,1121.84,0 62 77 58 82 86 67 72 70 93 9 100 8 7 46 28 69 47 0,58 93
PFG_MOEA,1366,5,198.33,1121.84,0 73 98 85 88 63 74 14 11 83 96 44 38 59 26 10 89 5 29 90 0,11 26 63 98
PFG_MOEA,1366,6,198.33,1121.84,0 65 6 87 52 60 61 97 75 55 76 42 81 57 0,
PFG_MOEA,1367,1,205.55,1025.13,0 81 57 95 41 15 30 64 78 74 63 88 85 98 71 35 40 16 18 19 17 31 0,78
PFG_MOEA,1367,2,205.55,1025.13,0 20 91 21 33 37 68 56 39 84 23 22 1 99 34 43 92 53 80 4 0,99
PFG_MOEA,1367,3,205.55,1025.13,0 66 94 3 36 54 70 72 67 32 49 51 45 24 0,
PFG_MOEA,1367,4,205.55,1025.13,0 77 58 82 86 62 48 50 25 2 12 73 14 11 83 96 59 26 89 10 0,12 26 83
PFG_MOEA,1367,5,205.55,1025.13,0 44 38 47 69 28 46 7 75 97 61 60 52 87 6 65 90 29 5 79 0,
PFG_MOEA,1367,6,205.55,1025.13,0 13 27 8 100 93 9 55 76 42 0,76
PFG_MOEA,1368,1,353.71,825.55,0 66 94 49 51 45 24 0,
PFG_MOEA,1368,2,353.71,825.55,0 2 25 50 48 62 77 58 82 86 67 72 70 54 36 3 32 79 5 29 90 65 6 87 52 60 61 55 9 42 76 81 93 100 8 7 46 28 69 47 38 44 59 89 10 26 96 83 11 14 73 12 27 13 0,32 42 44
PFG_MOEA,1368,3,353.71,825.55,0 57 95 41 0,
PFG_MOEA,1368,4,353.71,825.55,0 97 75 98 85 88 63 74 78 64 30 15 71 35 31 17 40 16 18 19 20 91 21 33 37 68 56 39 84 23 22 1 34 43 92 0,64
PFG_MOEA,1368,5,353.71,825.55,0 99 0,
PFG_MOEA,1368,6,353.71,825.55,0 4 80 53 0,
PFG_MOEA,1369,1,207.02,1012.48,0 50 48 62 21 33 37 68 56 39 3 36 54 66 53 80 4 24 0,
PFG_MOEA,1369,2,207.02,1012.48,0 45 94 49 32 51 79 5 29 90 65 6 87 52 60 61 55 9 42 76 81 93 100 8 0,5 32 76
PFG_MOEA,1369,3,207.02,1012.48,0 7 46 28 69 47 38 44 59 89 10 26 96 83 11 14 73 12 0,
PFG_MOEA,1369,4,207.02,1012.48,0 97 75 98 85 88 63 74 78 64 30 15 41 57 95 27 13 0,
PFG_MOEA,1369,5,207.02,1012.48,0 17 31 35 71 40 16 18 19 20 91 25 2 0,
PFG_MOEA,1369,6,207.02,1012.48,0 92 43 34 99 1 84 23 22 70 72 67 86 82 58 77 0,
PFG_MOEA,1370,1,207.74,922.35,0 76 42 57 95 41 98 85 88 63 74 78 64 30 15 71 35 31 17 40 16 18 0,18 42 63 98
PFG_MOEA,1370,2,207.74,922.35,0 19 91 21 33 37 68 56 39 84 23 22 1 99 34 43 92 53 4 0,
PFG_MOEA,1370,3,207.74,922.35,0 80 66 0,
PFG_MOEA,1370,4,207.74,922.35,0 24 51 45 94 49 32 36 54 70 72 67 82 86 3 58 77 62 48 50 25 20 0,67
PFG_MOEA,1370,5,207.74,922.35,0 2 13 27 12 73 14 11 83 96 26 10 89 59 44 38 47 69 28 46 7 75 97 0,2 11 69
PFG_MOEA,1370,6,207.74,922.35,0 79 90 65 6 87 52 5 29 60 61 93 55 9 81 100 8 0,5
PFG_MOEA,1371,1,204.74,1035.69,0 5 29 90 65 6 87 52 60 61 97 75 98 85 88 63 74 78 64 30 15 0,6
PFG_MOEA,1371,2,204.74,1035.69,0 20 91 19 17 31 71 35 40 16 18 68 37 33 21 34 43 92 48 50 0,18
PFG_MOEA,1371,3,204.74,1035.69,0 2 99 1 22 23 84 39 56 25 32 79 24 45 51 49 94 66 53 80 4 0,
PFG_MOEA,1371,4,204.74,1035.69,0 62 77 58 82 86 67 72 70 54 36 3 93 9 100 8 7 46 0,3
PFG_MOEA,1371,5,204.74,1035.69,0 28 69 47 38 44 59 26 10 89 96 83 0,26 96
PFG_MOEA,1371,6,204.74,1035.69,0 81 55 76 42 11 14 73 57 95 41 12 27 13 0,42
PFG_MOEA,1372,1,201.36,1069.24,0 27 12 73 14 11 83 96 26 10 89 59 44 38 47 69 28 46 0,83
PFG_MOEA,1372,2,201.36,1069.24,0 7 30 15 71 35 40 16 18 19 31 17 20 91 0,31
PFG_MOEA,1372,3,201.36,1069.24,0 25 2 99 34 43 92 1 84 23 22 70 72 67 86 82 58 77 50 0,
PFG_MOEA,1372,4,201.36,1069.24,0 4 80 53 66 54 36 3 39 56 68 37 33 21 62 48 0,36 62
PFG_MOEA,1372,5,201.36,1069.24,0 24 45 94 49 32 51 79 5 29 90 65 6 87 52 60 61 97 0,
PFG_MOEA,1372,6,201.36,1069.24,0 42 76 9 55 75 81 93 100 8 57 95 41 98 85 88 63 74 78 64 13 0,42 88
PFG_MOEA,1373,1,235.98,829.78,0 20 91 21 33 37 68 56 39 84 23 22 1 34 43 92 0,34
PFG_MOEA,1373,2,235.98,829.78,0 99 0,99
PFG_MOEA,1373,3,235.98,829.78,0 4 80 53 66 94 45 24 51 49 32 3 36 54 70 72 67 86 82 58 77 62 48 50 25 2 0,
PFG_MOEA,1373,4,235.98,829.78,0 12 73 14 11 83 96 26 10 89 59 44 38 47 69 28 46 7 0,26
PFG_MOEA,1373,5,235.98,829.78,0 79 5 29 90 65 6 87 52 60 61 97 75 13 27 0,
PFG_MOEA,1373,6,235.98,829.78,0 8 100 93 9 55 76 42 81 57 95 41 98 85 88 63 74 78 64 30 15 71 35 31 17 40 16 18 19 0,42 64
PFG_MOEA,1374,1,199.67,1096.55,0 5 29 90 65 6 87 52 60 61 97 75 7 14 73 12 99 2 25 50 48 0,6 52
PFG_MOEA,1374,2,199.67,1096.55,0 24 79 51 45 94 49 32 36 54 70 72 67 86 82 3 62 0,
PFG_MOEA,1374,3,199.67,1096.55,0 4 80 53 66 58 77 46 28 69 47 38 44 59 89 10 26 96 0,69
PFG_MOEA,1374,4,199.67,1096.55,0 8 100 93 81 55 9 76 42 83 11 98 41 95 57 0,
PFG_MOEA,1374,5,199.67,1096.55,0 20 91 21 33 37 18 16 40 35 71 15 30 64 78 74 63 88 85 0,63
PFG_MOEA,1374,6,199.67,1096.55,0 92 43 34 1 22 23 84 39 56 68 19 17 31 27 13 0,31
PFG_MOEA,1375,1,218.48,880.23,0 98 85 88 63 74 78 64 30 15 71 35 40 16 18 19 31 17 20 91 34 43 48 0,43 98
PFG_MOEA,1375,2,218.48,880.23,0 50 92 21 33 37 68 56 39 84 23 22 1 99 2 25 0,99
PFG_MOEA,1375,3,218.48,880.23,0 4 80 53 66 94 49 51 45 24 79 32 3 36 54 70 72 67 86 82 58 77 62 0,
PFG_MOEA,1375,4,218.48,880.23,0 93 9 100 8 7 46 0,
PFG_MOEA,1375,5,218.48,880.23,0 28 69 47 38 44 59 26 10 89 96 83 11 14 73 0,26
PFG_MOEA,1375,6,218.48,880.23,0 5 29 90 65 6 87 52 60 61 97 75 55 76 42 81 57 95 41 12 27 13 0,29 42
PFG_MOEA,1376,1,198.33,1121.84,0 13 27 12 41 95 78 64 30 15 71 35 40 16 18 19 31 17 20 91 0,
PFG_MOEA,1376,2,198.33,1121.84,0 50 48 92 22 23 84 39 56 68 37 33 21 34 43 0,
PFG_MOEA,1376,3,198.33,1121.84,0 4 80 53 66 94 49 51 45 24 79 32 54 36 3 1 99 2 25 0,2
PFG_MOEA,1376,4,198.33,1121.84,0 62 77 58 82 86 67 72 70 93 9 100 8 7 46 28 69 47 0,58 93
PFG_MOEA,1376,5,198.33,1121.84,0 73 98 85 88 63 74 14 11 83 96 44 38 59 26 10 89 5 29 90 0,11 26 63 98
PFG_MOEA,1376,6,198.33,1121.84,0 65 6 87 52 60 61 97 75 55 76 42 81 57 0,
PFG_MOEA,1377,1,205.55,1025.13,0 81 57 95 41 15 30 64 78 74 63 88 85 98 71 35 40 16 18 19 17 31 0,78
PFG_MOEA,1377,2,205.55,1025.13,0 20 91 21 33 37 68 56 39 84 23 22 1 99 34 43 92 53 80 4 0,99
PFG_MOEA,1377,3,205.55,1025.13,0 66 94 3 36 54 70 72 67 32 49 51 45 24 0,
PFG_MOEA,1377,4,205.55,1025.13,0 77 58 82 86 62 48 50 25 2 12 73 14 11 83 96 59 26 89 10 0,12 26 83
PFG_MOEA,1377,5,205.55,1025.13,0 44 38 47 69 28 46 7 75 97 61 60 52 87 6 65 90 29 5 79 0,
PFG_MOEA,1377,6,205.55,1025.13,0 13 27 8 100 93 9 55 76 42 0,76
PFG_MOEA,1378,1,353.71,825.55,0 66 94 49 51 45 24 0,
PFG_MOEA,1378,2,353.71,825.55,0 2 25 50 48 62 77 58 82 86 67 72 70 54 36 3 32 79 5 29 90 65 6 87 52 60 61 55 9 42 76 81 93 100 8 7 46 28 69 47 38 44 59 89 10 26 96 83 11 14 73 12 27 13 0,32 42 44
PFG_MOEA,1378,3,353.71,825.55,0 57 95 41 0,
PFG_MOEA,1378,4,353.71,825.55,0 97 75 98 85 88 63 74 78 64 30 15 71 35 31 17 40 16 18 19 20 91 21 33 37 68 56 39 84 23 22 1 34 43 92 0,64
PFG_MOEA,1378,5,353.71,825.55,0 99 0,
PFG_MOEA,1378,6,353.71,825.55,0 4 80 53 0,
PFG_MOEA,1379,1,207.02,1012.48,0 50 48 62 21 33 37 68 56 39 3 36 54 66 53 80 4 24 0,
PFG_MOEA,1379,2,207.02,1012.48,0 45 94 49 32 51 79 5 29 90 65 6 87 52 60 61 55 9 42 76 81 93 100 8 0,5 32 76
PFG_MOEA,1379,3,207.02,1012.48,0 7 46 28 69 47 38 44 59 89 10 26 96 83 11 14 73 12 0,
PFG_MOEA,1379,4,207.02,1012.48,0 97 75 98 85 88 63 74 78 64 30 15 41 57 95 27 13 0,
PFG_MOEA,1379,5,207.02,1012.48,0 17 31 35 71 40 16 18 19 20 91 25 2 0,
PFG_MOEA,1379,6,207.02,1012.48,0 92 43 34 99 1 84 23 22 70 72 67 86 82 58 77 0,
PFG_MOEA,1380,1,207.74,922.35,0 76 42 57 95 41 98 85 88 63 74 78 64 30 15 71 35 31 17 40 16 18 0,18 42 63 98
PFG_MOEA,1380,2,207.74,922.35,0 19 91 21 33 37 68 56 39 84 23 22 1 99 34 43 92 53 4 0,
PFG_MOEA,1380,3,207.74,922.35,0 80 66 0,
PFG_MOEA,1380,4,207.74,922.35,0 24 51 45 94 49 32 36 54 70 72 67 82 86 3 58 77 62 48 50 25 20 0,67
PFG_MOEA,1380,5,207.74,922.35,0 2 13 27 12 73 14 11 83 96 26 10 89 59 44 38 47 69 28 46 7 75 97 0,2 11 69
PFG_MOEA,1380,6,207.74,922.35,0 79 90 65 6 87 52 5 29 60 61 93 55 9 81 100 8 0,5
PFG_MOEA,1381,1,204.74,1035.69,0 5 29 90 65 6 87 52 60 61 97 75 98 85 88 63 74 78 64 30 15 0,6
PFG_MOEA,1381,2,204.74,1035.69,0 20 91 19 17 31 71 35 40 16 18 68 37 33 21 34 43 92 48 50 0,18
PFG_MOEA,1381,3,204.74,1035.69,0 2 99 1 22 23 84 39 56 25 32 79 24 45 51 49 94 66 53 80 4 0,
PFG_MOEA,1381,4,204.74,1035.69,0 62 77 58 82 86 67 72 70 54 36 3 93 9 100 8 7 46 0,3
PFG_MOEA,1381,5,204.74,1035.69,0 28 69 47 38 44 59 26 10 89 96 83 0,26 96
PFG_MOEA,1381,6,204.74,1035.69,0 81 55 76 42 11 14 73 57 95 41 12 27 13 0,42
PFG_MOEA,1382,1,201.36,1069.24,0 27 12 73 14 11 83 96 26 10 89 59 44 38 47 69 28 46 0,83
PFG_MOEA,1382,2,201.36,1069.24,0 7 30 15 71 35 40 16 18 19 31 17 20 91 0,31
PFG_MOEA,1382,3,201.36,1069.24,0 25 2 99 34 43 92 1 84 23 22 70 72 67 86 82 58 77 50 0,
PFG_MOEA,1382,4,201.36,1069.24,0 4 80 53 66 54 36 3 39 56 68 37 33 21 62 48 0,36 62
PFG_MOEA,1382,5,201.36,1069.24,0 24 45 94 49 32 51 79 5 29 90 65 6 87 52 60 61 97 0,
PFG_MOEA,1382,6,201.36,1069.24,0 42 76 9 55 75 81 93 100 8 57 95 41 98 85 88 63 74 78 64 13 0,42 88
PFG_MOEA,1383,1,235.98,829.78,0 20 91 21 33 37 68 56 39 84 23 22 1 34 43 92 0,34
PFG_MOEA,1383,2,235.98,829.78,0 99 0,99
PFG_MOEA,1383,3,235.98,829.78,0 4 80 53 66 94 45 24 51 49 32 3 36 54 70 72 67 86 82 58 77 62 48 50 25 2 0,
PFG_MOEA,1383,4,235.98,829.78,0 12 73 14 11 83 96 26 10 89 59 44 38 47 69 28 46 7 0,26
PFG_MOEA,1383,5,235.98,829.78,0 79 5 29 90 65 6 87 52 60 61 97 75 13 27 0,
PFG_MOEA,1383,6,235.98,829.78,0 8 100 93 9 55 76 42 81 57 95 41 98 85 88 63 74 78 64 30 15 71 35 31 17 40 16 18 19 0,42 64
PFG_MOEA,1384,1,199.67,1096.55,0 5 29 90 65 6 87 52 60 61 97 75 7 14 73 12 99 2 25 50 48 0,6 52
PFG_MOEA,1384,2,199.67,1096.55,0 24 79 51 45 94 49 32 36 54 70 72 67 86 82 3 62 0,
PFG_MOEA,1384,3,199.67,1096.55,0 4 80 53 66 58 77 46 28 69 47 38 44 59 89 10 26 96 0,69
PFG_MOEA,1384,4,199.67,1096.55,0 8 100 93 81 55 9 76 42 83 11 98 41 95 57 0,
PFG_MOEA,1384,5,199.67,1096.55,0 20 91 21 33 37 18 16 40 35 71 15 30 64 78 74 63 88 85 0,63
PFG_MOEA,1384,6,199.67,1096.55,0 92 43 34 1 22 23 84 39 56 68 19 17 31 27 13 0,31
PFG_MOEA,1385,1,218.48,880.23,0 98 85 88 63 74 78 64 30 15 71 35 40 16 18 19 31 17 20 91 34 43 48 0,43 98
PFG_MOEA,1385,2,218.48,880.23,0 50 92 21 33 37 68 56 39 84 23 22 1 99 2 25 0,99
PFG_MOEA,1385,3,218.48,880.23,0 4 80 53 66 94 49 51 45 24 79 32 3 36 54 70 72 67 86 82 58 77 62 0,
PFG_MOEA,1385,4,218.48,880.23,0 93 9 100 8 7 46 0,
PFG_MOEA,1385,5,218.48,880.23,0 28 69 47 38 44 59 26 10 89 96 83 11 14 73 0,26
PFG_MOEA,1385,6,218.48,880.23,0 5 29 90 65 6 87 52 60 61 97 75 55 76 42 81 57 95 41 12 27 13 0,29 42
PFG_MOEA,1386,1,198.33,1121.84,0 13 27 12 41 95 78 64 30 15 71 35 40 16 18 19 31 17 20 91 0,
PFG_MOEA,1386,2,198.33,1121.84,0 50 48 92 22 23 84 39 56 68 37 33 21 34 43 0,
PFG_MOEA,1386,3,198.33,1121.84,0 4 80 53 66 94 49 51 45 24 79 32 54 36 3 1 99 2 25 0,2
PFG_MOEA,1386,4,198.33,1121.84,0 62 77 58 82 86 67 72 70 93 9 100 8 7 46 28 69 47 0,58 93
PFG_MOEA,1386,5,198.33,1121.84,0 73 98 85 88 63 74 14 11 83 96 44 38 59 26 10 89 5 29 90 0,11 26 63 98
PFG_MOEA,1386,6,198.33,1121.84,0 65 6 87 52 60 61 97 75 55 76 42 81 57 0,
PFG_MOEA,1387,1,205.55,1025.13,0 81 57 95 41 15 30 64 78 74 63 88 85 98 71 35 40 16 18 19 17 31 0,78
PFG_MOEA,1387,2,205.55,1025.13,0 20 91 21 33 37 68 56 39 84 23 22 1 99 34 43 92 53 80 4 0,99
PFG_MOEA,1387,3,205.55,1025.13,0 66 94 3 36 54 70 72 67 32 49 51 45 24 0,
PFG_MOEA,1387,4,205.55,1025.13,0 77 58 82 86 62 48 50 25 2 12 73 14 11 83 96 59 26 89 10 0,12 26 83
PFG_MOEA,1387,5,205.55,1025.13,0 44 38 47 69 28 46 7 75 97 61 60 52 87 6 65 90 29 5 79 0,
PFG_MOEA,1387,6,205.55,1025.13,0 13 27 8 100 93 9 55 76 42 0,76
PFG_MOEA,1388,1,353.71,825.55,0 66 94 49 51 45 24 0,
PFG_MOEA,1388,2,353.71,825.55,0 2 25 50 48 62 77 58 82 86 67 72 70 54 36 3 32 79 5 29 90 65 6 87 52 60 61 55 9 42 76 81 93 100 8 7 46 28 69 47 38 44 59 89 10 26 96 83 11 14 73 12 27 13 0,32 42 44
PFG_MOEA,1388,3,353.71,825.55,0 57 95 41 0,
PFG_MOEA,1388,4,353.71,825.55,0 97 75 98 85 88 63 74 78 64 30 15 71 35 31 17 40 16 18 19 20 91 21 33 37 68 56 39 84 23 22 1 34 43 92 0,64
PFG_MOEA,1388,5,353.71,825.55,0 99 0,
PFG_MOEA,1388,6,353.71,825.55,0 4 80 53 0,
PFG_MOEA,1389,1,207.02,1012.48,0 50 48 62 21 33 37 68 56 39 3 36 54 66 53 80 4 24 0,
PFG_MOEA,1389,2,207.02,1012.48,0 45 94 49 32 51 79 5 29 90 65 6 87 52 60 61 55 9 42 76 81 93 100 8 0,5 32 76
PFG_MOEA,1389,3,207.02,1012.48,0 7 46 28 69 47 38 44 59 89 10 26 96 83 11 14 73 12 0,
PFG_MOEA,1389,4,207.02,1012.48,0 97 75 98 85 88 63 74 78 64 30 15 41 57 95 27 13 0,
PFG_MOEA,1389,5,207.02,1012.48,0 17 31 35 71 40 16 18 19 20 91 25 2 0,
PFG_MOEA,1389,6,207.02,1012.48,0 92 43 34 99 1 84 23 22 70 72 67 86 82 58 77 0,
PFG_MOEA,1390,1,207.74,922.35,0 76 42 57 95 41 98 85 88 63 74 78 64 30 15 71 35 31 17 40 16 18 0,18 42 63 98
PFG_MOEA,1390,2,207.74,922.35,0 19 91 21 33 37 68 56 39 84 23 22 1 99 34 43 92 53 4 0,
PFG_MOEA,1390,3,207.74,922.35,0 80 66 0,
PFG_MOEA,1390,4,207.74,922.35,0 24 51 45 94 49 32 36 54 70 72 67 82 86 3 58 77 62 48 50 25 20 0,67
PFG_MOEA,1390,5,207.74,922.35,0 2 13 27 12 73 14 11 83 96 26 10 89 59 44 38 47 69 28 46 7 75 97 0,2 11 69
PFG_MOEA,1390,6,207.74,922.35,0 79 90 65 6 87 52 5 29 60 61 93 55 9 81 100 8 0,5
PFG_MOEA,1391,1,204.74,1035.69,0 5 29 90 65 6 87 52 60 61 97 75 98 85 88 63 74 78 64 30 15 0,6
PFG_MOEA,1391,2,204.74,1035.69,0 20 91 19 17 31 71 35 40 16 18 68 37 33 21 34 43 92 48 50 0,18
PFG_MOEA,1391,3,204.74,1035.69,0 2 99 1 22 23 84 39 56 25 32 79 24 45 51 49 94 66 53 80 4 0,
PFG_MOEA,1391,4,204.74,1035.69,0 62 77 58 82 86 67 72 70 54 36 3 93 9 100 8 7 46 0,3
PFG_MOEA,1391,5,204.74,1035.69,0 28 69 47 38 44 59 26 10 89 96 83 0,26 96
PFG_MOEA,1391,6,204.74,1035.69,0 81 55 76 42 11 14 73 57 95 41 12 27 13 0,42
PFG_MOEA,1392,1,201.36,1069.24,0 27 12 73 14 11 83 96 26 10 89 59 44 38 47 69 28 46 0,83
PFG_MOEA,1392,2,201.36,1069.24,0 7 30 15 71 35 40 16 18 19 31 17 20 91 0,31
PFG_MOEA,1392,3,201.36,1069.24,0 25 2 99 34 43 92 1 84 23 22 70 72 67 86 82 58 77 50 0,
PFG_MOEA,1392,4,201.36,1069.24,0 4 80 53 66 54 36 3 39 56 68 37 33 21 62 48 0,36 62
PFG_MOEA,1392,5,201.36,1069.24,0 24 45 94 49 32 51 79 5 29 90 65 6 87 52 60 61 97 0,
PFG_MOEA,1392,6,201.36,1069.24,0 42 76 9 55 75 81 93 100 8 57 95 41 98 85 88 63 74 78 64 13 0,42 88
PFG_MOEA,1393,1,235.98,829.78,0 20 91 21 33 37 68 56 39 84 23 22 1 34 43 92 0,34
PFG_MOEA,1393,2,235.98,829.78,0 99 0,99
PFG_MOEA,1393,3,235.98,829.78,0 4 80 53 66 94 45 24 51 49 32 3 36 54 70 72 67 86 82 58 77 62 48 50 25 2 0,
PFG_MOEA,1393,4,235.98,829.78,0 12 73 14 11 83 96 26 10 89 59 44 38 47 69 28 46 7 0,26
PFG_MOEA,1393,5,235.98,829.78,0 79 5 29 90 65 6 87 52 60 61 97 75 13 27 0,
PFG_MOEA,1393,6,235.98,829.78,0 8 100 93 9 55 76 42 81 57 95 41 98 85 88 63 74 78 64 30 15 71 35 31 17 40 16 18 19 0,42 64
PFG_MOEA,1394,1,199.67,1096.55,0 5 29 90 65 6 87 52 60 61 97 75 7 14 73 12 99 2 25 50 48 0,6 52
PFG_MOEA,1394,2,199.67,1096.55,0 24 79 51 45 94 49 32 36 54 70 72 67 86 82 3 62 0,
PFG_MOEA,1394,3,199.67,1096.55,0 4 80 53 66 58 77 46 28 69 47 38 44 59 89 10 26 96 0,69
PFG_MOEA,1394,4,199.67,1096.55,0 8 100 93 81 55 9 76 42 83 11 98 41 95 57 0,
PFG_MOEA,1394,5,199.67,1096.55,0 20 91 21 33 37 18 16 40 35 71 15 30 64 78 74 63 88 85 0,63
PFG_MOEA,1394,6,199.67,1096.55,0 92 43 34 1 22 23 84 39 56 68 19 17 31 27 13 0,31
PFG_MOEA,1395,1,218.48,880.23,0 98 85 88 63 74 78 64 30 15 71 35 40 16 18 19 31 17 20 91 34 43 48 0,43 98
PFG_MOEA,1395,2,218.48,880.23,0 50 92 21 33 37 68 56 39 84 23 22 1 99 2 25 0,99
PFG_MOEA,1395,3,218.48,880.23,0 4 80 53 66 94 49 51 45 24 79 32 3 36 54 70 72 67 86 82 58 77 62 0,
PFG_MOEA,1395,4,218.48,880.23,0 93 9 100 8 7 46 0,
PFG_MOEA,1395,5,218.48,880.23,0 28 69 47 38 44 59 26 10 89 96 83 11 14 73 0,26
PFG_MOEA,1395,6,218.48,880.23,0 5 29 90 65 6 87 52 60 61 97 75 55 76 42 81 57 95 41 12 27 13 0,29 42
PFG_MOEA,1396,1,198.33,1121.84,0 13 27 12 41 95 78 64 30 15 71 35 40 16 18 19 31 17 20 91 0,
PFG_MOEA,1396,2,198.33,1121.84,0 50 48 92 22 23 84 39 56 68 37 33 21 34 43 0,
PFG_MOEA,1396,3,198.33,1121.84,0 4 80 53 66 94 49 51 45 24 79 32 54 36 3 1 99 2 25 0,2
PFG_MOEA,1396,4,198.33,1121.84,0 62 77 58 82 86 67 72 70 93 9 100 8 7 46 28 69 47 0,58 93
PFG_MOEA,1396,5,198.33,1121.84,0 73 98 85 88 63 74 14 11 83 96 44 38 59 26 10 89 5 29 90 0,11 26 63 98
PFG_MOEA,1396,6,198.33,1121.84,0 65 6 87 52 60 61 97 75 55 76 42 81 57 0,
PFG_MOEA,1397,1,205.55,1025.13,0 81 57 95 41 15 30 64 78 74 63 88 85 98 71 35 40 16 18 19 17 31 0,78
PFG_MOEA,1397,2,205.55,1025.13,0 20 91 21 33 37 68 56 39 84 23 22 1 99 34 43 92 53 80 4 0,99
PFG_MOEA,1397,3,205.55,1025.13,0 66 94 3 36 54 70 72 67 32 49 51 45 24 0,
PFG_MOEA,1397,4,205.55,1025.13,0 77 58 82 86 62 48 50 25 2 12 73 14 11 83 96 59 26 89 10 0,12 26 83
PFG_MOEA,1397,5,205.55,1025.13,0 44 38 47 69 28 46 7 75 97 61 60 52 87 6 65 90 29 5 79 0,
PFG_MOEA,1397,6,205.55,1025.13,0 13 27 8 100 93 9 55 76 42 0,76
PFG_MOEA,1398,1,353.71,825.55,0 66 94 49 51 45 24 0,
PFG_MOEA,1398,2,353.71,825.55,0 2 25 50 48 62 77 58 82 86 67 72 70 54 36 3 32 79 5 29 90 65 6 87 52 60 61 55 9 42 76 81 93 100 8 7 46 28 69 47 38 44 59 89 10 26 96 83 11 14 73 12 27 13 0,32 42 44
PFG_MOEA,1398,3,353.71,825.55,0 57 95 41 0,
PFG_MOEA,1398,4,353.71,825.55,0 97 75 98 85 88 63 74 78 64 30 15 71 35 31 17 40 16 18 19 20 91 21 33 37 68 56 39 84 23 22 1 34 43 92 0,64
PFG_MOEA,1398,5,353.71,825.55,0 99 0,
PFG_MOEA,1398,6,353.71,825.55,0 4 80 53 0,
PFG_MOEA,1399,1,207.02,1012.48,0 50 48 62 21 33 37 68 56 39 3 36 54 66 53 80 4 24 0,
PFG_MOEA,1399,2,207.02,1012.48,0 45 94 49 32 51 79 5 29 90 65 6 87 52 60 61 55 9 42 76 81 93 100 8 0,5 32 76
PFG_MOEA,1399,3,207.02,1012.48,0 7 46 28 69 47 38 44 59 89 10 26 96 83 11 14 73 12 0,
PFG_MOEA,1399,4,207.02,1012.48,0 97 75 98 85 88 63 74 78 64 30 15 41 57 95 27 13 0,
PFG_MOEA,1399,5,207.02,1012.48,0 17 31 35 71 40 16 18 19 20 91 25 2 0,
PFG_MOEA,1399,6,207.02,1012.48,0 92 43 34 99 1 84 23 22 70 72 67 86 82 58 77 0,
PFG_MOEA,1400,1,207.74,922.35,0 76 42 57 95 41 98 85 88 63 74 78 64 30 15 71 35 31 17 40 16 18 0,18 42 63 98
PFG_MOEA,1400,2,207.74,922.35,0 19 91 21 33 37 68 56 39 84 23 22 1 99 34 43 92 53 4 0,
PFG_MOEA,1400,3,207.74,922.35,0 80 66 0,
PFG_MOEA,1400,4,207.74,922.35,0 24 51 45 94 49 32 36 54 70 72 67 82 86 3 58 77 62 48 50 25 20 0,67
PFG_MOEA,1400,5,207.74,922.35,0 2 13 27 12 73 14 11 83 96 26 10 89 59 44 38 47 69 28 46 7 75 97 0,2 11 69
PFG_MOEA,1400,6,207.74,922.35,0 79 90 65 6 87 52 5 29 60 61 93 55 9 81 100 8 0,5
PFG_MOEA,1401,1,204.74,1035.69,0 5 29 90 65 6 87 52 60 61 97 75 98 85 88 63 74 78 64 30 15 0,6
PFG_MOEA,1401,2,204.74,1035.69,0 20 91 19 17 31 71 35 40 16 18 68 37 33 21 34 43 92 48 50 0,18
PFG_MOEA,1401,3,204.74,1035.69,0 2 99 1 22 23 84 39 56 25 32 79 24 45 51 49 94 66 53 80 4 0,
PFG_MOEA,1401,4,204.74,1035.69,0 62 77 58 82 86 67 72 70 54 36 3 93 9 100 8 7 46 0,3
PFG_MOEA,1401,5,204.74,1035.69,0 28 69 47 38 44 59 26 10 89 96 83 0,26 96
PFG_MOEA,1401,6,204.74,1035.69,0 81 55 76 42 11 14 73 57 95 41 12 27 13 0,42
PFG_MOEA,1402,1,201.36,1069.24,0 27 12 73 14 11 83 96 26 10 89 59 44 38 47 69 28 46 0,83
PFG_MOEA,1402,2,201.36,1069.24,0 7 30 15 71 35 40 16 18 19 31 17 20 91 0,31
PFG_MOEA,1402,3,201.36,1069.24,0 25 2 99 34 43 92 1 84 23 22 70 72 67 86 82 58 77 50 0,
PFG_MOEA,1402,4,201.36,1069.24,0 4 80 53 66 54 36 3 39 56 68 37 33 21 62 48 0,36 62
PFG_MOEA,1402,5,201.36,1069.24,0 24 45 94 49 32 51 79 5 29 90 65 6 87 52 60 61 97 0,
PFG_MOEA,1402,6,201.36,1069.24,0 42 76 9 55 75 81 93 100 8 57 95 41 98 85 88 63 74 78 64 13 0,42 88
PFG_MOEA,1403,1,235.98,829.78,0 20 91 21 33 37 68 56 39 84 23 22 1 34 43 92 0,34
PFG_MOEA,1403,2,235.98,829.78,0 99 0,99
PFG_MOEA,1403,3,235.98,829.78,0 4 80 53 66 94 45 24 51 49 32 3 36 54 70 72 67 86 82 58 77 62 48 50 25 2 0,
PFG_MOEA,1403,4,235.98,829.78,0 12 73 14 11 83 96 26 10 89 59 44 38 47 69 28 46 7 0,26
PFG_MOEA,1403,5,235.98,829.78,0 79 5 29 90 65 6 87 52 60 61 97 75 13 27 0,
PFG_MOEA,1403,6,235.98,829.78,0 8 100 93 9 55 76 42 81 57 95 41 98 85 88 63 74 78 64 30 15 71 35 31 17 40 16 18 19 0,42 64
PFG_MOEA,1404,1,199.67,1096.55,0 5 29 90 65 6 87 52 60 61 97 75 7 14 73 12 99 2 25 50 48 0,6 52
PFG_MOEA,1404,2,199.67,1096.55,0 24 79 51 45 94 49 32 36 54 70 72 67 86 82 3 62 0,
PFG_MOEA,1404,3,199.67,1096.55,0 4 80 53 66 58 77 46 28 69 47 38 44 59 89 10 26 96 0,69
PFG_MOEA,1404,4,199.67,1096.55,0 8 100 93 81 55 9 76 42 83 11 98 41 95 57 0,
PFG_MOEA,1404,5,199.67,1096.55,0 20 91 21 33 37 18 16 40 35 71 15 30 64 78 74 63 88 85 0,63
PFG_MOEA,1404,6,199.67,1096.55,0 92 43 34 1 22 23 84 39 56 68 19 17 31 27 13 0,31
PFG_MOEA,1405,1,218.48,880.23,0 98 85 88 63 74 78 64 30 15 71 35 40 16 18 19 31 17 20 91 34 43 48 0,43 98
PFG_MOEA,1405,2,218.48,880.23,0 50 92 21 33 37 68 56 39 84 23 22 1 99 2 25 0,99
PFG_MOEA,1405,3,218.48,880.23,0 4 80 53 66 94 49 51 45 24 79 32 3 36 54 70 72 67 86 82 58 77 62 0,
PFG_MOEA,1405,4,218.48,880.23,0 93 9 100 8 7 46 0,
PFG_MOEA,1405,5,218.48,880.23,0 28 69 47 38 44 59 26 10 89 96 83 11 14 73 0,26
PFG_MOEA,1405,6,218.48,880.23,0 5 29 90 65 6 87 52 60 61 97 75 55 76 42 81 57 95 41 12 27 13 0,29 42
PFG_MOEA,1406,1,198.33,1121.84,0 13 27 12 41 95 78 64 30 15 71 35 40 16 18 19 31 17 20 91 0,
PFG_MOEA,1406,2,198.33,1121.84,0 50 48 92 22 23 84 39 56 68 37 33 21 34 43 0,
PFG_MOEA,1406,3,198.33,1121.84,0 4 80 53 66 94 49 51 45 24 79 32 54 36 3 1 99 2 25 0,2
PFG_MOEA,1406,4,198.33,1121.84,0 62 77 58 82 86 67 72 70 93 9 100 8 7 46 28 69 47 0,58 93
PFG_MOEA,1406,5,198.33,1121.84,0 73 98 85 88 63 74 14 11 83 96 44 38 59 26 10 89 5 29 90 0,11 26 63 98
PFG_MOEA,1406,6,198.33,1121.84,0 65 6 87 52 60 61 97 75 55 76 42 81 57 0,
PFG_MOEA,1407,1,205.55,1025.13,0 81 57 95 41 15 30 64 78 74 63 88 85 98 71 35 40 16 18 19 17 31 0,78
PFG_MOEA,1407,2,205.55,1025.13,0 20 91 21 33 37 68 56 39 84 23 22 1 99 34 43 92 53 80 4 0,99
PFG_MOEA,1407,3,205.55,1025.13,0 66 94 3 36 54 70 72 67 32 49 51 45 24 0,
PFG_MOEA,1407,4,205.55,1025.13,0 77 58 82 86 62 48 50 25 2 12 73 14 11 83 96 59 26 89 10 0,12 26 83
PFG_MOEA,1407,5,205.55,1025.13,0 44 38 47 69 28 46 7 75 97 61 60 52 87 6 65 90 29 5 79 0,
PFG_MOEA,1407,6,205.55,1025.13,0 13 27 8 100 93 9 55 76 42 0,76
PFG_MOEA,1408,1,353.71,825.55,0 66 94 49 51 45 24 0,
PFG_MOEA,1408,2,353.71,825.55,0 2 25 50 48 62 77 58 82 86 67 72 70 54 36 3 32 79 5 29 90 65 6 87 52 60 61 55 9 42 76 81 93 100 8 7 46 28 69 47 38 44 59 89 10 26 96 83 11 14 73 12 27 13 0,32 42 44
PFG_MOEA,1408,3,353.71,825.55,0 57 95 41 0,
PFG_MOEA,1408,4,353.71,825.55,0 97 75 98 85 88 63 74 78 64 30 15 71 35 31 17 40 16 18 19 20 91 21 33 37 68 56 39 84 23 22 1 34 43 92 0,64
PFG_MOEA,1408,5,353.71,825.55,0 99 0,
PFG_MOEA,1408,6,353.71,825.55,0 4 80 53 0,
PFG_MOEA,1409,1,207.02,1012.48,0 50 48 62 21 33 37 68 56 39 3 36 54 66 53 80 4 24 0,
PFG_MOEA,1409,2,207.02,1012.48,0 45 94 49 32 51 79 5 29 90 65 6 87 52 60 61 55 9 42 76 81 93 100 8 0,5 32 76
PFG_MOEA,1409,3,207.02,1012.48,0 7 46 28 69 47 38 44 59 89 10 26 96 83 11 14 73 12 0,
PFG_MOEA,1409,4,207.02,1012.48,0 97 75 98 85 88 63 74 78 64 30 15 41 57 95 27 13 0,
PFG_MOEA,1409,5,207.02,1012.48,0 17 31 35 71 40 16 18 19 20 91 25 2 0,
PFG_MOEA,1409,6,207.02,1012.48,0 92 43 34 99 1 84 23 22 70 72 67 86 82 58 77 0,
PFG_MOEA,1410,1,207.74,922.35,0 76 42 57 95 41 98 85 88 63 74 78 64 30 15 71 35 31 17 40 16 18 0,18 42 63 98
PFG_MOEA,1410,2,207.74,922.35,0 19 91 21 33 37 68 56 39 84 23 22 1 99 34 43 92 53 4 0,
PFG_MOEA,1410,3,207.74,922.35,0 80 66 0,
PFG_MOEA,1410,4,207.74,922.35,0 24 51 45 94 49 32 36 54 70 72 67 82 86 3 58 77 62 48 50 25 20 0,67
PFG_MOEA,1410,5,207.74,922.35,0 2 13 27 12 73 14 11 83 96 26 10 89 59 44 38 47 69 28 46 7 75 97 0,2 11 69
PFG_MOEA,1410,6,207.74,922.35,0 79 90 65 6 87 52 5 29 60 61 93 55 9 81 100 8 0,5
PFG_MOEA,1411,1,204.74,1035.69,0 5 29 90 65 6 87 52 60 61 97 75 98 85 88 63 74 78 64 30 15 0,6
PFG_MOEA,1411,2,204.74,1035.69,0 20 91 19 17 31 71 35 40 16 18 68 37 33 21 34 43 92 48 50 0,18
PFG_MOEA,1411,3,204.74,1035.69,0 2 99 1 22 23 84 39 56 25 32 79 24 45 51 49 94 66 53 80 4 0,
PFG_MOEA,1411,4,204.74,1035.69,0 62 77 58 82 86 67 72 70 54 36 3 93 9 100 8 7 46 0,3
PFG_MOEA,1411,5,204.74,1035.69,0 28 69 47 38 44 59 26 10 89 96 83 0,26 96
PFG_MOEA,1411,6,204.74,1035.69,0 81 55 76 42 11 14 73 57 95 41 12 27 13 0,42
PFG_MOEA,1412,1,201.36,1069.24,0 27 12 73 14 11 83 96 26 10 89 59 44 38 47 69 28 46 0,83
PFG_MOEA,1412,2,201.36,1069.24,0 7 30 15 71 35 40 16 18 19 31 17 20 91 0,31
PFG_MOEA,1412,3,201.36,1069.24,0 25 2 99 34 43 92 1 84 23 22 70 72 67 86 82 58 77 50 0,
PFG_MOEA,1412,4,201.36,1069.24,0 4 80 53 66 54 36 3 39 56 68 37 33 21 62 48 0,36 62
PFG_MOEA,1412,5,201.36,1069.24,0 24 45 94 49 32 51 79 5 29 90 65 6 87 52 60 61 97 0,
PFG_MOEA,1412,6,201.36,1069.24,0 42 76 9 55 75 81 93 100 8 57 95 41 98 85 88 63 74 78 64 13 0,42 88
PFG_MOEA,1413,1,235.98,829.78,0 20 91 21 33 37 68 56 39 84 23 22 1 34 43 92 0,34
PFG_MOEA,1413,2,235.98,829.78,0 99 0,99
PFG_MOEA,1413,3,235.98,829.78,0 4 80 53 66 94 45 24 51 49 32 3 36 54 70 72 67 86 82 58 77 62 48 50 25 2 0,
PFG_MOEA,1413,4,235.98,829.78,0 12 73 14 11 83 96 26 10 89 59 44 38 47 69 28 46 7 0,26
PFG_MOEA,1413,5,235.98,829.78,0 79 5 29 90 65 6 87 52 60 61 97 75 13 27 0,
PFG_MOEA,1413,6,235.98,829.78,0 8 100 93 9 55 76 42 81 57 95 41 98 85 88 63 74 78 64 30 15 71 35 31 17 40 16 18 19 0,42 64
PFG_MOEA,1414,1,199.67,1096.55,0 5 29 90 65 6 87 52 60 61 97 75 7 14 73 12 99 2 25 50 48 0,6 52
PFG_MOEA,1414,2,199.67,1096.55,0 24 79 51 45 94 49 32 36 54 70 72 67 86 82 3 62 0,
PFG_MOEA,1414,3,199.67,1096.55,0 4 80 53 66 58 77 46 28 69 47 38 44 59 89 10 26 96 0,69
PFG_MOEA,1414,4,199.67,1096.55,0 8 100 93 81 55 9 76 42 83 11 98 41 95 57 0,
PFG_MOEA,1414,5,199.67,1096.55,0 20 91 21 33 37 18 16 40 35 71 15 30 64 78 74 63 88 85 0,63
PFG_MOEA,1414,6,199.67,1096.55,0 92 43 34 1 22 23 84 39 56 68 19 17 31 27 13 0,31
PFG_MOEA,1415,1,218.48,880.23,0 98 85 88 63 74 78 64 30 15 71 35 40 16 18 19 31 17 20 91 34 43 48 0,43 98
PFG_MOEA,1415,2,218.48,880.23,0 50 92 21 33 37 68 56 39 84 23 22 1 99 2 25 0,99
PFG_MOEA,1415,3,218.48,880.23,0 4 80 53 66 94 49 51 45 24 79 32 3 36 54 70 72 67 86 82 58 77 62 0,
PFG_MOEA,1415,4,218.48,880.23,0 93 9 100 8 7 46 0,
PFG_MOEA,1415,5,218.48,880.23,0 28 69 47 38 44 59 26 10 89 96 83 11 14 73 0,26
PFG_MOEA,1415,6,218.48,880.23,0 5 29 90 65 6 87 52 60 61 97 75 55 76 42 81 57 95 41 12 27 13 0,29 42
PFG_MOEA,1416,1,198.33,1121.84,0 13 27 12 41 95 78 64 30 15 71 35 40 16 18 19 31 17 20 91 0,
PFG_MOEA,1416,2,198.33,1121.84,0 50 48 92 22 23 84 39 56 68 37 33 21 34 43 0,
PFG_MOEA,1416,3,198.33,1121.84,0 4 80 53 66 94 49 51 45 24 79 32 54 36 3 1 99 2 25 0,2
PFG_MOEA,1416,4,198.33,1121.84,0 62 77 58 82 86 67 72 70 93 9 100 8 7 46 28 69 47 0,58 93
PFG_MOEA,1416,5,198.33,1121.84,0 73 98 85 88 63 74 14 11 83 96 44 38 59 26 10 89 5 29 90 0,11 26 63 98
PFG_MOEA,1416,6,198.33,1121.84,0 65 6 87 52 60 61 97 75 55 76 42 81 57 0,
PFG_MOEA,1417,1,205.55,1025.13,0 81 57 95 41 15 30 64 78 74 63 88 85 98 71 35 40 16 18 19 17 31 0,78
PFG_MOEA,1417,2,205.55,1025.13,0 20 91 21 33 37 68 56 39 84 23 22 1 99 34 43 92 53 80 4 0,99
PFG_MOEA,1417,3,205.55,1025.13,0 66 94 3 36 54 70 72 67 32 49 51 45 24 0,
PFG_MOEA,1417,4,205.55,1025.13,0 77 58 82 86 62 48 50 25 2 12 73 14 11 83 96 59 26 89 10 0,12 26 83
PFG_MOEA,1417,5,205.55,1025.13,0 44 38 47 69 28 46 7 75 97 61 60 52 87 6 65 90 29 5 79 0,
PFG_MOEA,1417,6,205.55,1025.13,0 13 27 8 100 93 9 55 76 42 0,76
PFG_MOEA,1418,1,353.71,825.55,0 66 94 49 51 45 24 0,
PFG_MOEA,1418,2,353.71,825.55,0 2 25 50 48 62 77 58 82 86 67 72 70 54 36 3 32 79 5 29 90 65 6 87 52 60 61 55 9 42 76 81 93 100 8 7 46 28 69 47 38 44 59 89 10 26 96 83 11 14 73 12 27 13 0,32 42 44
PFG_MOEA,1418,3,353.71,825.55,0 57 95 41 0,
PFG_MOEA,1418,4,353.71,825.55,0 97 75 98 85 88 63 74 78 64 30 15 71 35 31 17 40 16 18 19 20 91 21 33 37 68 56 39 84 23 22 1 34 43 92 0,64
PFG_MOEA,1418,5,353.71,825.55,0 99 0,
PFG_MOEA,1418,6,353.71,825.55,0 4 80 53 0,
PFG_MOEA,1419,1,207.02,1012.48,0 50 48 62 21 33 37 68 56 39 3 36 54 66 53 80 4 24 0,
PFG_MOEA,1419,2,207.02,1012.48,0 45 94 49 32 51 79 5 29 90 65 6 87 52 60 61 55 9 42 76 81 93 100 8 0,5 32 76
PFG_MOEA,1419,3,207.02,1012.48,0 7 46 28 69 47 38 44 59 89 10 26 96 83 11 14 73 12 0,
PFG_MOEA,1419,4,207.02,1012.48,0 97 75 98 85 88 63 74 78 64 30 15 41 57 95 27 13 0,
PFG_MOEA,1419,5,207.02,1012.48,0 17 31 35 71 40 16 18 19 20 91 25 2 0,
PFG_MOEA,1419,6,207.02,1012.48,0 92 43 34 99 1 84 23 22 70 72 67 86 82 58 77 0,
PFG_MOEA,1420,1,207.74,922.35,0 76 42 57 95 41 98 85 88 63 74 78 64 30 15 71 35 31 17 40 16 18 0,18 42 63 98
PFG_MOEA,1420,2,207.74,922.35,0 19 91 21 33 37 68 56 39 84 23 22 1 99 34 43 92 53 4 0,
PFG_MOEA,1420,3,207.74,922.35,0 80 66 0,
PFG_MOEA,1420,4,207.74,922.35,0 24 51 45 94 49 32 36 54 70 72 67 82 86 3 58 77 62 48 50 25 20 0,67
PFG_MOEA,1420,5,207.74,922.35,0 2 13 27 12 73 14 11 83 96 26 10 89 59 44 38 47 69 28 46 7 75 97 0,2 11 69
PFG_MOEA,1420,6,207.74,922.35,0 79 90 65 6 87 52 5 29 60 61 93 55 9 81 100 8 0,5
PFG_MOEA,1421,1,204.74,1035.69,0 5 29 90 65 6 87 52 60 61 97 75 98 85 88 63 74 78 64 30 15 0,6
PFG_MOEA,1421,2,204.74,1035.69,0 20 91 19 17 31 71 35 40 16 18 68 37 33 21 34 43 92 48 50 0,18
PFG_MOEA,1421,3,204.74,1035.69,0 2 99 1 22 23 84 39 56 25 32 79 24 45 51 49 94 66 53 80 4 0,
PFG_MOEA,1421,4,204.74,1035.69,0 62 77 58 82 86 67 72 70 54 36 3 93 9 100 8 7 46 0,3
PFG_MOEA,1421,5,204.74,1035.69,0 28 69 47 38 44 59 26 10 89 96 83 0,26 96
PFG_MOEA,1421,6,204.74,1035.69,0 81 55 76 42 11 14 73 57 95 41 12 27 13 0,42
PFG_MOEA,1422,1,201.36,1069.24,0 27 12 73 14 11 83 96 26 10 89 59 44 38 47 69 28 46 0,83
PFG_MOEA,1422,2,201.36,1069.24,0 7 30 15 71 35 40 16 18 19 31 17 20 91 0,31
PFG_MOEA,1422,3,201.36,1069.24,0 25 2 99 34 43 92 1 84 23 22 70 72 67 86 82 58 77 50 0,
PFG_MOEA,1422,4,201.36,1069.24,0 4 80 53 66 54 36 3 39 56 68 37 33 21 62 48 0,36 62
PFG_MOEA,1422,5,201.36,1069.24,0 24 45 94 49 32 51 79 5 29 90 65 6 87 52 60 61 97 0,
PFG_MOEA,1422,6,201.36,1069.24,0 42 76 9 55 75 81 93 100 8 57 95 41 98 85 88 63 74 78 64 13 0,42 88
PFG_MOEA,1423,1,235.98,829.78,0 20 91 21 33 37 68 56 39 84 23 22 1 34 43 92 0,34
PFG_MOEA,1423,2,235.98,829.78,0 99 0,99
PFG_MOEA,1423,3,235.98,829.78,0 4 80 53 66 94 45 24 51 49 32 3 36 54 70 72 67 86 82 58 77 62 48 50 25 2 0,
PFG_MOEA,1423,4,235.98,829.78,0 12 73 14 11 83 96 26 10 89 59 44 38 47 69 28 46 7 0,26
PFG_MOEA,1423,5,235.98,829.78,0 79 5 29 90 65 6 87 52 60 61 97 75 13 27 0,
PFG_MOEA,1423,6,235.98,829.78,0 8 100 93 9 55 76 42 81 57 95 41 98 85 88 63 74 78 64 30 15 71 35 31 17 40 16 18 19 0,42 64
PFG_MOEA,1424,1,199.67,1096.55,0 5 29 90 65 6 87 52 60 61 97 75 7 14 73 12 99 2 25 50 48 0,6 52
PFG_MOEA,1424,2,199.67,1096.55,0 24 79 51 45 94 49 32 36 54 70 72 67 86 82 3 62 0,
PFG_MOEA,1424,3,199.67,1096.55,0 4 80 53 66 58 77 46 28 69 47 38 44 59 89 10 26 96 0,69
PFG_MOEA,1424,4,199.67,1096.55,0 8 100 93 81 55 9 76 42 83 11 98 41 95 57 0,
PFG_MOEA,1424,5,199.67,1096.55,0 20 91 21 33 37 18 16 40 35 71 15 30 64 78 74 63 88 85 0,63
PFG_MOEA,1424,6,199.67,1096.55,0 92 43 34 1 22 23 84 39 56 68 19 17 31 27 13 0,31
PFG_MOEA,1425,1,218.48,880.23,0 98 85 88 63 74 78 64 30 15 71 35 40 16 18 19 31 17 20 91 34 43 48 0,43 98
PFG_MOEA,1425,2,218.48,880.23,0 50 92 21 33 37 68 56 39 84 23 22 1 99 2 25 0,99
PFG_MOEA,1425,3,218.48,880.23,0 4 80 53 66 94 49 51 45 24 79 32 3 36 54 70 72 67 86 82 58 77 62 0,
PFG_MOEA,1425,4,218.48,880.23,0 93 9 100 8 7 46 0,
PFG_MOEA,1425,5,218.48,880.23,0 28 69 47 38 44 59 26 10 89 96 83 11 14 73 0,26
PFG_MOEA,1425,6,218.48,880.23,0 5 29 90 65 6 87 52 60 61 97 75 55 76 42 81 57 95 41 12 27 13 0,29 42
PFG_MOEA,1426,1,198.33,1121.84,0 13 27 12 41 95 78 64 30 15 71 35 40 16 18 19 31 17 20 91 0,
PFG_MOEA,1426,2,198.33,1121.84,0 50 48 92 22 23 84 39 56 68 37 33 21 34 43 0,
PFG_MOEA,1426,3,198.33,1121.84,0 4 80 53 66 94 49 51 45 24 79 32 54 36 3 1 99 2 25 0,2
PFG_MOEA,1426,4,198.33,1121.84,0 62 77 58 82 86 67 72 70 93 9 100 8 7 46 28 69 47 0,58 93
PFG_MOEA,1426,5,198.33,1121.84,0 73 98 85 88 63 74 14 11 83 96 44 38 59 26 10 89 5 29 90 0,11 26 63 98
PFG_MOEA,1426,6,198.33,1121.84,0 65 6 87 52 60 61 97 75 55 76 42 81 57 0,
PFG_MOEA,1427,1,205.55,1025.13,0 81 57 95 41 15 30 64 78 74 63 88 85 98 71 35 40 16 18 19 17 31 0,78
PFG_MOEA,1427,2,205.55,1025.13,0 20 91 21 33 37 68 56 39 84 23 22 1 99 34 43 92 53 80 4 0,99
PFG_MOEA,1427,3,205.55,1025.13,0 66 94 3 36 54 70 72 67 32 49 51 45 24 0,
PFG_MOEA,1427,4,205.55,1025.13,0 77 58 82 86 62 48 50 25 2 12 73 14 11 83 96 59 26 89 10 0,12 26 83
PFG_MOEA,1427,5,205.55,1025.13,0 44 38 47 69 28 46 7 75 97 61 60 52 87 6 65 90 29 5 79 0,
PFG_MOEA,1427,6,205.55,1025.13,0 13 27 8 100 93 9 55 76 42 0,76
PFG_MOEA,1428,1,353.71,825.55,0 66 94 49 51 45 24 0,
PFG_MOEA,1428,2,353.71,825.55,0 2 25 50 48 62 77 58 82 86 67 72 70 54 36 3 32 79 5 29 90 65 6 87 52 60 61 55 9 42 76 81 93 100 8 7 46 28 69 47 38 44 59 89 10 26 96 83 11 14 73 12 27 13 0,32 42 44
PFG_MOEA,1428,3,353.71,825.55,0 57 95 41 0,
PFG_MOEA,1428,4,353.71,825.55,0 97 75 98 85 88 63 74 78 64 30 15 71 35 31 17 40 16 18 19 20 91 21 33 37 68 56 39 84 23 22 1 34 43 92 0,64
PFG_MOEA,1428,5,353.71,825.55,0 99 0,
PFG_MOEA,1428,6,353.71,825.55,0 4 80 53 0,
PFG_MOEA,1429,1,207.02,1012.48,0 50 48 62 21 33 37 68 56 39 3 36 54 66 53 80 4 24 0,
PFG_MOEA,1429,2,207.02,1012.48,0 45 94 49 32 51 79 5 29 90 65 6 87 52 60 61 55 9 42 76 81 93 100 8 0,5 32 76
PFG_MOEA,1429,3,207.02,1012.48,0 7 46 28 69 47 38 44 59 89 10 26 96 83 11 14 73 12 0,
PFG_MOEA,1429,4,207.02,1012.48,0 97 75 98 85 88 63 74 78 64 30 15 41 57 95 27 13 0,
PFG_MOEA,1429,5,207.02,1012.48,0 17 31 35 71 40 16 18 19 20 91 25 2 0,
PFG_MOEA,1429,6,207.02,1012.48,0 92 43 34 99 1 84 23 22 70 72 67 86 82 58 77 0,
PFG_MOEA,1430,1,207.74,922.35,0 76 42 57 95 41 98 85 88 63 74 78 64 30 15 71 35 31 17 40 16 18 0,18 42 63 98
PFG_MOEA,1430,2,207.74,922.35,0 19 91 21 33 37 68 56 39 84 23 22 1 99 34 43 92 53 4 0,
PFG_MOEA,1430,3,207.74,922.35,0 80 66 0,
PFG_MOEA,1430,4,207.74,922.35,0 24 51 45 94 49 32 36 54 70 72 67 82 86 3 58 77 62 48 50 25 20 0,67
PFG_MOEA,1430,5,207.74,922.35,0 2 13 27 12 73 14 11 83 96 26 10 89 59 44 38 47 69 28 46 7 75 97 0,2 11 69
PFG_MOEA,1430,6,207.74,922.35,0 79 90 65 6 87 52 5 29 60 61 93 55 9 81 100 8 0,5
PFG_MOEA,1431,1,204.74,1035.69,0 5 29 90 65 6 87 52 60 61 97 75 98 85 88 63 74 78 64 30 15 0,6
PFG_MOEA,1431,2,204.74,1035.69,0 20 91 19 17 31 71 35 40 16 18 68 37 33 21 34 43 92 48 50 0,18
PFG_MOEA,1431,3,204.74,1035.69,0 2 99 1 22 23 84 39 56 25 32 79 24 45 51 49 94 66 53 80 4 0,
PFG_MOEA,1431,4,204.74,1035.69,0 62 77 58 82 86 67 72 70 54 36 3 93 9 100 8 7 46 0,3
PFG_MOEA,1431,5,204.74,1035.69,0 28 69 47 38 44 59 26 10 89 96 83 0,26 96
PFG_MOEA,1431,6,204.74,1035.69,0 81 55 76 42 11 14 73 57 95 41 12 27 13 0,42
PFG_MOEA,1432,1,201.36,1069.24,0 27 12 73 14 11 83 96 26 10 89 59 44 38 47 69 28 46 0,83
PFG_MOEA,1432,2,201.36,1069.24,0 7 30 15 71 35 40 16 18 19 31 17 20 91 0,31
PFG_MOEA,1432,3,201.36,1069.24,0 25 2 99 34 43 92 1 84 23 22 70 72 67 86 82 58 77 50 0,
PFG_MOEA,1432,4,201.36,1069.24,0 4 80 53 66 54 36 3 39 56 68 37 33 21 62 48 0,36 62
PFG_MOEA,1432,5,201.36,1069.24,0 24 45 94 49 32 51 79 5 29 90 65 6 87 52 60 61 97 0,
PFG_MOEA,1432,6,201.36,1069.24,0 42 76 9 55 75 81 93 100 8 57 95 41 98 85 88 63 74 78 64 13 0,42 88
PFG_MOEA,1433,1,235.98,829.78,0 20 91 21 33 37 68 56 39 84 23 22 1 34 43 92 0,34
PFG_MOEA,1433,2,235.98,829.78,0 99 0,99
PFG_MOEA,1433,3,235.98,829.78,0 4 80 53 66 94 45 24 51 49 32 3 36 54 70 72 67 86 82 58 77 62 48 50 25 2 0,
PFG_MOEA,1433,4,235.98,829.78,0 12 73 14 11 83 96 26 10 89 59 44 38 47 69 28 46 7 0,26
PFG_MOEA,1433,5,235.98,829.78,0 79 5 29 90 65 6 87 52 60 61 97 75 13 27 0,
PFG_MOEA,1433,6,235.98,829.78,0 8 100 93 9 55 76 42 81 57 95 41 98 85 88 63 74 78 64 30 15 71 35 31 17 40 16 18 19 0,42 64
PFG_MOEA,1434,1,199.67,1096.55,0 5 29 90 65 6 87 52 60 61 97 75 7 14 73 12 99 2 25 50 48 0,6 52
PFG_MOEA,1434,2,199.67,1096.55,0 24 79 51 45 94 49 32 36 54 70 72 67 86 82 3 62 0,
PFG_MOEA,1434,3,199.67,1096.55,0 4 80 53 66 58 77 46 28 69 47 38 44 59 89 10 26 96 0,69
PFG_MOEA,1434,4,199.67,1096.55,0 8 100 93 81 55 9 76 42 83 11 98 41 95 57 0,
PFG_MOEA,1434,5,199.67,1096.55,0 20 91 21 33 37 18 16 40 35 71 15 30 64 78 74 63 88 85 0,63
PFG_MOEA,1434,6,199.67,1096.55,0 92 43 34 1 22 23 84 39 56 68 19 17 31 27 13 0,31
PFG_MOEA,1435,1,218.48,880.23,0 98 85 88 63 74 78 64 30 15 71 35 40 16 18 19 31 17 20 91 34 43 48 0,43 98
PFG_MOEA,1435,2,218.48,880.23,0 50 92 21 33 37 68 56 39 84 23 22 1 99 2 25 0,99
PFG_MOEA,1435,3,218.48,880.23,0 4 80 53 66 94 49 51 45 24 79 32 3 36 54 70 72 67 86 82 58 77 62 0,
PFG_MOEA,1435,4,218.48,880.23,0 93 9 100 8 7 46 0,
PFG_MOEA,1435,5,218.48,880.23,0 28 69 47 38 44 59 26 10 89 96 83 11 14 73 0,26
PFG_MOEA,1435,6,218.48,880.23,0 5 29 90 65 6 87 52 60 61 97 75 55 76 42 81 57 95 41 12 27 13 0,29 42
PFG_MOEA,1436,1,198.33,1121.84,0 13 27 12 41 95 78 64 30 15 71 35 40 16 18 19 31 17 20 91 0,
PFG_MOEA,1436,2,198.33,1121.84,0 50 48 92 22 23 84 39 56 68 37 33 21 34 43 0,
PFG_MOEA,1436,3,198.33,1121.84,0 4 80 53 66 94 49 51 45 24 79 32 54 36 3 1 99 2 25 0,2
PFG_MOEA,1436,4,198.33,1121.84,0 62 77 58 82 86 67 72 70 93 9 100 8 7 46 28 69 47 0,58 93
PFG_MOEA,1436,5,198.33,1121.84,0 73 98 85 88 63 74 14 11 83 96 44 38 59 26 10 89 5 29 90 0,11 26 63 98
PFG_MOEA,1436,6,198.33,1121.84,0 65 6 87 52 60 61 97 75 55 76 42 81 57 0,
PFG_MOEA,1437,1,205.55,1025.13,0 81 57 95 41 15 30 64 78 74 63 88 85 98 71 35 40 16 18 19 17 31 0,78
PFG_MOEA,1437,2,205.55,1025.13,0 20 91 21 33 37 68 56 39 84 23 22 1 99 34 43 92 53 80 4 0,99
PFG_MOEA,1437,3,205.55,1025.13,0 66 94 3 36 54 70 72 67 32 49 51 45 24 0,
PFG_MOEA,1437,4,205.55,1025.13,0 77 58 82 86 62 48 50 25 2 12 73 14 11 83 96 59 26 89 10 0,12 26 83
PFG_MOEA,1437,5,205.55,1025.13,0 44 38 47 69 28 46 7 75 97 61 60 52 87 6 65 90 29 5 79 0,
PFG_MOEA,1437,6,205.55,1025.13,0 13 27 8 100 93 9 55 76 42 0,76
PFG_MOEA,1438,1,353.71,825.55,0 66 94 49 51 45 24 0,
PFG_MOEA,1438,2,353.71,825.55,0 2 25 50 48 62 77 58 82 86 67 72 70 54 36 3 32 79 5 29 90 65 6 87 52 60 61 55 9 42 76 81 93 100 8 7 46 28 69 47 38 44 59 89 10 26 96 83 11 14 73 12 27 13 0,32 42 44
PFG_MOEA,1438,3,353.71,825.55,0 57 95 41 0,
PFG_MOEA,1438,4,353.71,825.55,0 97 75 98 85 88 63 74 78 64 30 15 71 35 31 17 40 16 18 19 20 91 21 33 37 68 56 39 84 23 22 1 34 43 92 0,64
PFG_MOEA,1438,5,353.71,825.55,0 99 0,
PFG_MOEA,1438,6,353.71,825.55,0 4 80 53 0,
PFG_MOEA,1439,1,207.02,1012.48,0 50 48 62 21 33 37 68 56 39 3 36 54 66 53 80 4 24 0,
PFG_MOEA,1439,2,207.02,1012.48,0 45 94 49 32 51 79 5 29 90 65 6 87 52 60 61 55 9 42 76 81 93 100 8 0,5 32 76
PFG_MOEA,1439,3,207.02,1012.48,0 7 46 28 69 47 38 44 59 89 10 26 96 83 11 14 73 12 0,
PFG_MOEA,1439,4,207.02,1012.48,0 97 75 98 85 88 63 74 78 64 30 15 41 57 95 27 13 0,
PFG_MOEA,1439,5,207.02,1012.48,0 17 31 35 71 40 16 18 19 20 91 25 2 0,
PFG_MOEA,1439,6,207.02,1012.48,0 92 43 34 99 1 84 23 22 70 72 67 86 82 58 77 0,
PFG_MOEA,1440,1,207.74,922.35,0 76 42 57 95 41 98 85 88 63 74 78 64 30 15 71 35 31 17 40 16 18 0,18 42 63 98
PFG_MOEA,1440,2,207.74,922.35,0 19 91 21 33 37 68 56 39 84 23 22 1 99 34 43 92 53 4 0,
PFG_MOEA,1440,3,207.74,922.35,0 80 66 0,
PFG_MOEA,1440,4,207.74,922.35,0 24 51 45 94 49 32 36 54 70 72 67 82 86 3 58 77 62 48 50 25 20 0,67
PFG_MOEA,1440,5,207.74,922.35,0 2 13 27 12 73 14 11 83 96 26 10 89 59 44 38 47 69 28 46 7 75 97 0,2 11 69
PFG_MOEA,1440,6,207.74,922.35,0 79 90 65 6 87 52 5 29 60 61 93 55 9 81 100 8 0,5
PFG_MOEA,1441,1,204.74,1035.69,0 5 29 90 65 6 87 52 60 61 97 75 98 85 88 63 74 78 64 30 15 0,6
PFG_MOEA,1441,2,204.74,1035.69,0 20 91 19 17 31 71 35 40 16 18 68 37 33 21 34 43 92 48 50 0,18
PFG_MOEA,1441,3,204.74,1035.69,0 2 99 1 22 23 84 39 56 25 32 79 24 45 51 49 94 66 53 80 4 0,
PFG_MOEA,1441,4,204.74,1035.69,0 62 77 58 82 86 67 72 70 54 36 3 93 9 100 8 7 46 0,3
PFG_MOEA,1441,5,204.74,1035.69,0 28 69 47 38 44 59 26 10 89 96 83 0,26 96
PFG_MOEA,1441,6,204.74,1035.69,0 81 55 76 42 11 14 73 57 95 41 12 27 13 0,42
PFG_MOEA,1442,1,201.36,1069.24,0 27 12 73 14 11 83 96 26 10 89 59 44 38 47 69 28 46 0,83
PFG_MOEA,1442,2,201.36,1069.24,0 7 30 15 71 35 40 16 18 19 31 17 20 91 0,31
PFG_MOEA,1442,3,201.36,1069.24,0 25 2 99 34 43 92 1 84 23 22 70 72 67 86 82 58 77 50 0,
PFG_MOEA,1442,4,201.36,1069.24,0 4 80 53 66 54 36 3 39 56 68 37 33 21 62 48 0,36 62
PFG_MOEA,1442,5,201.36,1069.24,0 24 45 94 49 32 51 79 5 29 90 65 6 87 52 60 61 97 0,
PFG_MOEA,1442,6,201.36,1069.24,0 42 76 9 55 75 81 93 100 8 57 95 41 98 85 88 63 74 78 64 13 0,42 88
PFG_MOEA,1443,1,235.98,829.78,0 20 91 21 33 37 68 56 39 84 23 22 1 34 43 92 0,34
PFG_MOEA,1443,2,235.98,829.78,0 99 0,99
PFG_MOEA,1443,3,235.98,829.78,0 4 80 53 66 94 45 24 51 49 32 3 36 54 70 72 67 86 82 58 77 62 48 50 25 2 0,
PFG_MOEA,1443,4,235.98,829.78,0 12 73 14 11 83 96 26 10 89 59 44 38 47 69 28 46 7 0,26
PFG_MOEA,1443,5,235.98,829.78,0 79 5 29 90 65 6 87 52 60 61 97 75 13 27 0,
PFG_MOEA,1443,6,235.98,829.78,0 8 100 93 9 55 76 42 81 57 95 41 98 85 88 63 74 78 64 30 15 71 35 31 17 40 16 18 19 0,42 64
PFG_MOEA,1444,1,199.67,1096.55,0 5 29 90 65 6 87 52 60 61 97 75 7 14 73 12 99 2 25 50 48 0,6 52
PFG_MOEA,1444,2,199.67,1096.55,0 24 79 51 45 94 49 32 36 54 70 72 67 86 82 3 62 0,
PFG_MOEA,1444,3,199.67,1096.55,0 4 80 53 66 58 77 46 28 69 47 38 44 59 89 10 26 96 0,69
PFG_MOEA,1444,4,199.67,1096.55,0 8 100 93 81 55 9 76 42 83 11 98 41 95 57 0,
PFG_MOEA,1444,5,199.67,1096.55,0 20 91 21 33 37 18 16 40 35 71 15 30 64 78 74 63 88 85 0,63
PFG_MOEA,1444,6,199.67,1096.55,0 92 43 34 1 22 23 84 39 56 68 19 17 31 27 13 0,31
PFG_MOEA,1445,1,218.48,880.23,0 98 85 88 63 74 78 64 30 15 71 35 40 16 18 19 31 17 20 91 34 43 48 0,43 98
PFG_MOEA,1445,2,218.48,880.23,0 50 92 21 33 37 68 56 39 84 23 22 1 99 2 25 0,99
PFG_MOEA,1445,3,218.48,880.23,0 4 80 53 66 94 49 51 45 24 79 32 3 36 54 70 72 67 86 82 58 77 62 0,
PFG_MOEA,1445,4,218.48,880.23,0 93 9 100 8 7 46 0,
PFG_MOEA,1445,5,218.48,880.23,0 28 69 47 38 44 59 26 10 89 96 83 11 14 73 0,26
PFG_MOEA,1445,6,218.48,880.23,0 5 29 90 65 6 87 52 60 61 97 75 55 76 42 81 57 95 41 12 27 13 0,29 42
PFG_MOEA,1446,1,198.33,1121.84,0 13 27 12 41 95 78 64 30 15 71 35 40 16 18 19 31 17 20 91 0,
PFG_MOEA,1446,2,198.33,1121.84,0 50 48 92 22 23 84 39 56 68 37 33 21 34 43 0,
PFG_MOEA,1446,3,198.33,1121.84,0 4 80 53 66 94 49 51 45 24 79 32 54 36 3 1 99 2 25 0,2
PFG_MOEA,1446,4,198.33,1121.84,0 62 77 58 82 86 67 72 70 93 9 100 8 7 46 28 69 47 0,58 93
PFG_MOEA,1446,5,198.33,1121.84,0 73 98 85 88 63 74 14 11 83 96 44 38 59 26 10 89 5 29 90 0,11 26 63 98
PFG_MOEA,1446,6,198.33,1121.84,0 65 6 87 52 60 61 97 75 55 76 42 81 57 0,
PFG_MOEA,1447,1,205.55,1025.13,0 81 57 95 41 15 30 64 78 74 63 88 85 98 71 35 40 16 18 19 17 31 0,78
PFG_MOEA,1447,2,205.55,1025.13,0 20 91 21 33 37 68 56 39 84 23 22 1 99 34 43 92 53 80 4 0,99
PFG_MOEA,1447,3,205.55,1025.13,0 66 94 3 36 54 70 72 67 32 49 51 45 24 0,
PFG_MOEA,1447,4,205.55,1025.13,0 77 58 82 86 62 48 50 25 2 12 73 14 11 83 96 59 26 89 10 0,12 26 83
PFG_MOEA,1447,5,205.55,1025.13,0 44 38 47 69 28 46 7 75 97 61 60 52 87 6 65 90 29 5 79 0,
PFG_MOEA,1447,6,205.55,1025.13,0 13 27 8 100 93 9 55 76 42 0,76
PFG_MOEA,1448,1,353.71,825.55,0 66 94 49 51 45 24 0,
PFG_MOEA,1448,2,353.71,825.55,0 2 25 50 48 62 77 58 82 86 67 72 70 54 36 3 32 79 5 29 90 65 6 87 52 60 61 55 9 42 76 81 93 100 8 7 46 28 69 47 38 44 59 89 10 26 96 83 11 14 73 12 27 13 0,32 42 44
PFG_MOEA,1448,3,353.71,825.55,0 57 95 41 0,
PFG_MOEA,1448,4,353.71,825.55,0 97 75 98 85 88 63 74 78 64 30 15 71 35 31 17 40 16 18 19 20 91 21 33 37 68 56 39 84 23 22 1 34 43 92 0,64
PFG_MOEA,1448,5,353.71,825.55,0 99 0,
PFG_MOEA,1448,6,353.71,825.55,0 4 80 53 0,
PFG_MOEA,1449,1,207.02,1012.48,0 50 48 62 21 33 37 68 56 39 3 36 54 66 53 80 4 24 0,
PFG_MOEA,1449,2,207.02,1012.48,0 45 94 49 32 51 79 5 29 90 65 6 87 52 60 61 55 9 42 76 81 93 100 8 0,5 32 76
PFG_MOEA,1449,3,207.02,1012.48,0 7 46 28 69 47 38 44 59 89 10 26 96 83 11 14 73 12 0,
PFG_MOEA,1449,4,207.02,1012.48,0 97 75 98 85 88 63 74 78 64 30 15 41 57 95 27 13 0,
PFG_MOEA,1449,5,207.02,1012.48,0 17 31 35 71 40 16 18 19 20 91 25 2 0,
PFG_MOEA,1449,6,207.02,1012.48,0 92 43 34 99 1 84 23 22 70 72 67 86 82 58 77 0,
PFG_MOEA,1450,1,207.74,922.35,0 76 42 57 95 41 98 85 88 63 74 78 64 30 15 71 35 31 17 40 16 18 0,18 42 63 98
PFG_MOEA,1450,2,207.74,922.35,0 19 91 21 33 37 68 56 39 84 23 22 1 99 34 43 92 53 4 0,
PFG_MOEA,1450,3,207.74,922.35,0 80 66 0,
PFG_MOEA,1450,4,207.74,922.35,0 24 51 45 94 49 32 36 54 70 72 67 82 86 3 58 77 62 48 50 25 20 0,67
PFG_MOEA,1450,5,207.74,922.35,0 2 13 27 12 73 14 11 83 96 26 10 89 59 44 38 47 69 28 46 7 75 97 0,2 11 69
PFG_MOEA,1450,6,207.74,922.35,0 79 90 65 6 87 52 5 29 60 61 93 55 9 81 100 8 0,5
PFG_MOEA,1451,1,204.74,1035.69,0 5 29 90 65 6 87 52 60 61 97 75 98 85 88 63 74 78 64 30 15 0,6
PFG_MOEA,1451,2,204.74,1035.69,0 20 91 19 17 31 71 35 40 16 18 68 37 33 21 34 43 92 48 50 0,18
PFG_MOEA,1451,3,204.74,1035.69,0 2 99 1 22 23 84 39 56 25 32 79 24 45 51 49 94 66 53 80 4 0,
PFG_MOEA,1451,4,204.74,1035.69,0 62 77 58 82 86 67 72 70 54 36 3 93 9 100 8 7 46 0,3
PFG_MOEA,1451,5,204.74,1035.69,0 28 69 47 38 44 59 26 10 89 96 83 0,26 96
PFG_MOEA,1451,6,204.74,1035.69,0 81 55 76 42 11 14 73 57 95 41 12 27 13 0,42
PFG_MOEA,1452,1,201.36,1069.24,0 27 12 73 14 11 83 96 26 10 89 59 44 38 47 69 28 46 0,83
PFG_MOEA,1452,2,201.36,1069.24,0 7 30 15 71 35 40 16 18 19 31 17 20 91 0,31
PFG_MOEA,1452,3,201.36,1069.24,0 25 2 99 34 43 92 1 84 23 22 70 72 67 86 82 58 77 50 0,
PFG_MOEA,1452,4,201.36,1069.24,0 4 80 53 66 54 36 3 39 56 68 37 33 21 62 48 0,36 62
PFG_MOEA,1452,5,201.36,1069.24,0 24 45 94 49 32 51 79 5 29 90 65 6 87 52 60 61 97 0,
PFG_MOEA,1452,6,201.36,1069.24,0 42 76 9 55 75 81 93 100 8 57 95 41 98 85 88 63 74 78 64 13 0,42 88
PFG_MOEA,1453,1,235.98,829.78,0 20 91 21 33 37 68 56 39 84 23 22 1 34 43 92 0,34
PFG_MOEA,1453,2,235.98,829.78,0 99 0,99
PFG_MOEA,1453,3,235.98,829.78,0 4 80 53 66 94 45 24 51 49 32 3 36 54 70 72 67 86 82 58 77 62 48 50 25 2 0,
PFG_MOEA,1453,4,235.98,829.78,0 12 73 14 11 83 96 26 10 89 59 44 38 47 69 28 46 7 0,26
PFG_MOEA,1453,5,235.98,829.78,0 79 5 29 90 65 6 87 52 60 61 97 75 13 27 0,
PFG_MOEA,1453,6,235.98,829.78,0 8 100 93 9 55 76 42 81 57 95 41 98 85 88 63 74 78 64 30 15 71 35 31 17 40 16 18 19 0,42 64
PFG_MOEA,1454,1,199.67,1096.55,0 5 29 90 65 6 87 52 60 61 97 75 7 14 73 12 99 2 25 50 48 0,6 52
PFG_MOEA,1454,2,199.67,1096.55,0 24 79 51 45 94 49 32 36 54 70 72 67 86 82 3 62 0,
PFG_MOEA,1454,3,199.67,1096.55,0 4 80 53 66 58 77 46 28 69 47 38 44 59 89 10 26 96 0,69
PFG_MOEA,1454,4,199.67,1096.55,0 8 100 93 81 55 9 76 42 83 11 98 41 95 57 0,
PFG_MOEA,1454,5,199.67,1096.55,0 20 91 21 33 37 18 16 40 35 71 15 30 64 78 74 63 88 85 0,63
PFG_MOEA,1454,6,199.67,1096.55,0 92 43 34 1 22 23 84 39 56 68 19 17 31 27 13 0,31
PFG_MOEA,1455,1,218.48,880.23,0 98 85 88 63 74 78 64 30 15 71 35 40 16 18 19 31 17 20 91 34 43 48 0,43 98
PFG_MOEA,1455,2,218.48,880.23,0 50 92 21 33 37 68 56 39 84 23 22 1 99 2 25 0,99
PFG_MOEA,1455,3,218.48,880.23,0 4 80 53 66 94 49 51 45 24 79 32 3 36 54 70 72 67 86 82 58 77 62 0,
PFG_MOEA,1455,4,218.48,880.23,0 93 9 100 8 7 46 0,
PFG_MOEA,1455,5,218.48,880.23,0 28 69 47 38 44 59 26 10 89 96 83 11 14 73 0,26
PFG_MOEA,1455,6,218.48,880.23,0 5 29 90 65 6 87 52 60 61 97 75 55 76 42 81 57 95 41 12 27 13 0,29 42
PFG_MOEA,1456,1,198.33,1121.84,0 13 27 12 41 95 78 64 30 15 71 35 40 16 18 19 31 17 20 91 0,
PFG_MOEA,1456,2,198.33,1121.84,0 50 48 92 22 23 84 39 56 68 37 33 21 34 43 0,
PFG_MOEA,1456,3,198.33,1121.84,0 4 80 53 66 94 49 51 45 24 79 32 54 36 3 1 99 2 25 0,2
PFG_MOEA,1456,4,198.33,1121.84,0 62 77 58 82 86 67 72 70 93 9 100 8 7 46 28 69 47 0,58 93
PFG_MOEA,1456,5,198.33,1121.84,0 73 98 85 88 63 74 14 11 83 96 44 38 59 26 10 89 5 29 90 0,11 26 63 98
PFG_MOEA,1456,6,198.33,1121.84,0 65 6 87 52 60 61 97 75 55 76 42 81 57 0,
PFG_MOEA,1457,1,205.55,1025.13,0 81 57 95 41 15 30 64 78 74 63 88 85 98 71 35 40 16 18 19 17 31 0,78
PFG_MOEA,1457,2,205.55,1025.13,0 20 91 21 33 37 68 56 39 84 23 22 1 99 34 43 92 53 80 4 0,99
PFG_MOEA,1457,3,205.55,1025.13,0 66 94 3 36 54 70 72 67 32 49 51 45 24 0,
PFG_MOEA,1457,4,205.55,1025.13,0 77 58 82 86 62 48 50 25 2 12 73 14 11 83 96 59 26 89 10 0,12 26 83
PFG_MOEA,1457,5,205.55,1025.13,0 44 38 47 69 28 46 7 75 97 61 60 52 87 6 65 90 29 5 79 0,
PFG_MOEA,1457,6,205.55,1025.13,0 13 27 8 100 93 9 55 76 42 0,76
PFG_MOEA,1458,1,353.71,825.55,0 66 94 49 51 45 24 0,
PFG_MOEA,1458,2,353.71,825.55,0 2 25 50 48 62 77 58 82 86 67 72 70 54 36 3 32 79 5 29 90 65 6 87 52 60 61 55 9 42 76 81 93 100 8 7 46 28 69 47 38 44 59 89 10 26 96 83 11 14 73 12 27 13 0,32 42 44
PFG_MOEA,1458,3,353.71,825.55,0 57 95 41 0,
PFG_MOEA,1458,4,353.71,825.55,0 97 75 98 85 88 63 74 78 64 30 15 71 35 31 17 40 16 18 19 20 91 21 33 37 68 56 39 84 23 22 1 34 43 92 0,64
PFG_MOEA,1458,5,353.71,825.55,0 99 0,
PFG_MOEA,1458,6,353.71,825.55,0 4 80 53 0,
PFG_MOEA,1459,1,207.02,1012.48,0 50 48 62 21 33 37 68 56 39 3 36 54 66 53 80 4 24 0,
PFG_MOEA,1459,2,207.02,1012.48,0 45 94 49 32 51 79 5 29 90 65 6 87 52 60 61 55 9 42 76 81 93 100 8 0,5 32 76
PFG_MOEA,1459,3,207.02,1012.48,0 7 46 28 69 47 38 44 59 89 10 26 96 83 11 14 73 12 0,
PFG_MOEA,1459,4,207.02,1012.48,0 97 75 98 85 88 63 74 78 64 30 15 41 57 95 27 13 0,
PFG_MOEA,1459,5,207.02,1012.48,0 17 31 35 71 40 16 18 19 20 91 25 2 0,
PFG_MOEA,1459,6,207.02,1012.48,0 92 43 34 99 1 84 23 22 70 72 67 86 82 58 77 0,
PFG_MOEA,1460,1,207.74,922.35,0 76 42 57 95 41 98 85 88 63 74 78 64 30 15 71 35 31 17 40 16 18 0,18 42 63 98
PFG_MOEA,1460,2,207.74,922.35,0 19 91 21 33 37 68 56 39 84 23 22 1 99 34 43 92 53 4 0,
PFG_MOEA,1460,3,207.74,922.35,0 80 66 0,
PFG_MOEA,1460,4,207.74,922.35,0 24 51 45 94 49 32 36 54 70 72 67 82 86 3 58 77 62 48 50 25 20 0,67
PFG_MOEA,1460,5,207.74,922.35,0 2 13 27 12 73 14 11 83 96 26 10 89 59 44 38 47 69 28 46 7 75 97 0,2 11 69
PFG_MOEA,1460,6,207.74,922.35,0 79 90 65 6 87 52 5 29 60 61 93 55 9 81 100 8 0,5
PFG_MOEA,1461,1,204.74,1035.69,0 5 29 90 65 6 87 52 60 61 97 75 98 85 88 63 74 78 64 30 15 0,6
PFG_MOEA,1461,2,204.74,1035.69,0 20 91 19 17 31 71 35 40 16 18 68 37 33 21 34 43 92 48 50 0,18
PFG_MOEA,1461,3,204.74,1035.69,0 2 99 1 22 23 84 39 56 25 32 79 24 45 51 49 94 66 53 80 4 0,
PFG_MOEA,1461,4,204.74,1035.69,0 62 77 58 82 86 67 72 70 54 36 3 93 9 100 8 7 46 0,3
PFG_MOEA,1461,5,204.74,1035.69,0 28 69 47 38 44 59 26 10 89 96 83 0,26 96
PFG_MOEA,1461,6,204.74,1035.69,0 81 55 76 42 11 14 73 57 95 41 12 27 13 0,42
PFG_MOEA,1462,1,201.36,1069.24,0 27 12 73 14 11 83 96 26 10 89 59 44 38 47 69 28 46 0,83
PFG_MOEA,1462,2,201.36,1069.24,0 7 30 15 71 35 40 16 18 19 31 17 20 91 0,31
PFG_MOEA,1462,3,201.36,1069.24,0 25 2 99 34 43 92 1 84 23 22 70 72 67 86 82 58 77 50 0,
PFG_MOEA,1462,4,201.36,1069.24,0 4 80 53 66 54 36 3 39 56 68 37 33 21 62 48 0,36 62
PFG_MOEA,1462,5,201.36,1069.24,0 24 45 94 49 32 51 79 5 29 90 65 6 87 52 60 61 97 0,
PFG_MOEA,1462,6,201.36,1069.24,0 42 76 9 55 75 81 93 100 8 57 95 41 98 85 88 63 74 78 64 13 0,42 88
PFG_MOEA,1463,1,235.98,829.78,0 20 91 21 33 37 68 56 39 84 23 22 1 34 43 92 0,34
PFG_MOEA,1463,2,235.98,829.78,0 99 0,99
PFG_MOEA,1463,3,235.98,829.78,0 4 80 53 66 94 45 24 51 49 32 3 36 54 70 72 67 86 82 58 77 62 48 50 25 2 0,
PFG_MOEA,1463,4,235.98,829.78,0 12 73 14 11 83 96 26 10 89 59 44 38 47 69 28 46 7 0,26
PFG_MOEA,1463,5,235.98,829.78,0 79 5 29 90 65 6 87 52 60 61 97 75 13 27 0,
PFG_MOEA,1463,6,235.98,829.78,0 8 100 93 9 55 76 42 81 57 95 41 98 85 88 63 74 78 64 30 15 71 35 31 17 40 16 18 19 0,42 64
PFG_MOEA,1464,1,199.67,1096.55,0 5 29 90 65 6 87 52 60 61 97 75 7 14 73 12 99 2 25 50 48 0,6 52
PFG_MOEA,1464,2,199.67,1096.55,0 24 79 51 45 94 49 32 36 54 70 72 67 86 82 3 62 0,
PFG_MOEA,1464,3,199.67,1096.55,0 4 80 53 66 58 77 46 28 69 47 38 44 59 89 10 26 96 0,69
PFG_MOEA,1464,4,199.67,1096.55,0 8 100 93 81 55 9 76 42 83 11 98 41 95 57 0,
PFG_MOEA,1464,5,199.67,1096.55,0 20 91 21 33 37 18 16 40 35 71 15 30 64 78 74 63 88 85 0,63
PFG_MOEA,1464,6,199.67,1096.55,0 92 43 34 1 22 23 84 39 56 68 19 17 31 27 13 0,31
PFG_MOEA,1465,1,218.48,880.23,0 98 85 88 63 74 78 64 30 15 71 35 40 16 18 19 31 17 20 91 34 43 48 0,43 98
PFG_MOEA,1465,2,218.48,880.23,0 50 92 21 33 37 68 56 39 84 23 22 1 99 2 25 0,99
PFG_MOEA,1465,3,218.48,880.23,0 4 80 53 66 94 49 51 45 24 79 32 3 36 54 70 72 67 86 82 58 77 62 0,
PFG_MOEA,1465,4,218.48,880.23,0 93 9 100 8 7 46 0,
PFG_MOEA,1465,5,218.48,880.23,0 28 69 47 38 44 59 26 10 89 96 83 11 14 73 0,26
PFG_MOEA,1465,6,218.48,880.23,0 5 29 90 65 6 87 52 60 61 97 75 55 76 42 81 57 95 41 12 27 13 0,29 42
PFG_MOEA,1466,1,198.33,1121.84,0 13 27 12 41 95 78 64 30 15 71 35 40 16 18 19 31 17 20 91 0,
PFG_MOEA,1466,2,198.33,1121.84,0 50 48 92 22 23 84 39 56 68 37 33 21 34 43 0,
PFG_MOEA,1466,3,198.33,1121.84,0 4 80 53 66 94 49 51 45 24 79 32 54 36 3 1 99 2 25 0,2
PFG_MOEA,1466,4,198.33,1121.84,0 62 77 58 82 86 67 72 70 93 9 100 8 7 46 28 69 47 0,58 93
PFG_MOEA,1466,5,198.33,1121.84,0 73 98 85 88 63 74 14 11 83 96 44 38 59 26 10 89 5 29 90 0,11 26 63 98
PFG_MOEA,1466,6,198.33,1121.84,0 65 6 87 52 60 61 97 75 55 76 42 81 57 0,
PFG_MOEA,1467,1,205.55,1025.13,0 81 57 95 41 15 30 64 78 74 63 88 85 98 71 35 40 16 18 19 17 31 0,78
PFG_MOEA,1467,2,205.55,1025.13,0 20 91 21 33 37 68 56 39 84 23 22 1 99 34 43 92 53 80 4 0,99
PFG_MOEA,1467,3,205.55,1025.13,0 66 94 3 36 54 70 72 67 32 49 51 45 24 0,
PFG_MOEA,1467,4,205.55,1025.13,0 77 58 82 86 62 48 50 25 2 12 73 14 11 83 96 59 26 89 10 0,12 26 83
PFG_MOEA,1467,5,205.55,1025.13,0 44 38 47 69 28 46 7 75 97 61 60 52 87 6 65 90 29 5 79 0,
PFG_MOEA,1467,6,205.55,1025.13,0 13 27 8 100 93 9 55 76 42 0,76
PFG_MOEA,1468,1,353.71,825.55,0 66 94 49 51 45 24 0,
PFG_MOEA,1468,2,353.71,825.55,0 2 25 50 48 62 77 58 82 86 67 72 70 54 36 3 32 79 5 29 90 65 6 87 52 60 61 55 9 42 76 81 93 100 8 7 46 28 69 47 38 44 59 89 10 26 96 83 11 14 73 12 27 13 0,32 42 44
PFG_MOEA,1468,3,353.71,825.55,0 57 95 41 0,
PFG_MOEA,1468,4,353.71,825.55,0 97 75 98 85 88 63 74 78 64 30 15 71 35 31 17 40 16 18 19 20 91 21 33 37 68 56 39 84 23 22 1 34 43 92 0,64
PFG_MOEA,1468,5,353.71,825.55,0 99 0,
PFG_MOEA,1468,6,353.71,825.55,0 4 80 53 0,
PFG_MOEA,1469,1,207.02,1012.48,0 50 48 62 21 33 37 68 56 39 3 36 54 66 53 80 4 24 0,
PFG_MOEA,1469,2,207.02,1012.48,0 45 94 49 32 51 79 5 29 90 65 6 87 52 60 61 55 9 42 76 81 93 100 8 0,5 32 76
PFG_MOEA,1469,3,207.02,1012.48,0 7 46 28 69 47 38 44 59 89 10 26 96 83 11 14 73 12 0,
PFG_MOEA,1469,4,207.02,1012.48,0 97 75 98 85 88 63 74 78 64 30 15 41 57 95 27 13 0,
PFG_MOEA,1469,5,207.02,1012.48,0 17 31 35 71 40 16 18 19 20 91 25 2 0,
PFG_MOEA,1469,6,207.02,1012.48,0 92 43 34 99 1 84 23 22 70 72 67 86 82 58 77 0,
PFG_MOEA,1470,1,207.74,922.35,0 76 42 57 95 41 98 85 88 63 74 78 64 30 15 71 35 31 17 40 16 18 0,18 42 63 98
PFG_MOEA,1470,2,207.74,922.35,0 19 91 21 33 37 68 56 39 84 23 22 1 99 34 43 92 53 4 0,
PFG_MOEA,1470,3,207.74,922.35,0 80 66 0,
PFG_MOEA,1470,4,207.74,922.35,0 24 51 45 94 49 32 36 54 70 72 67 82 86 3 58 77 62 48 50 25 20 0,67
PFG_MOEA,1470,5,207.74,922.35,0 2 13 27 12 73 14 11 83 96 26 10 89 59 44 38 47 69 28 46 7 75 97 0,2 11 69
PFG_MOEA,1470,6,207.74,922.35,0 79 90 65 6 87 52 5 29 60 61 93 55 9 81 100 8 0,5
PFG_MOEA,1471,1,204.74,1035.69,0 5 29 90 65 6 87 52 60 61 97 75 98 85 88 63 74 78 64 30 15 0,6
PFG_MOEA,1471,2,204.74,1035.69,0 20 91 19 17 31 71 35 40 16 18 68 37 33 21 34 43 92 48 50 0,18
PFG_MOEA,1471,3,204.74,1035.69,0 2 99 1 22 23 84 39 56 25 32 79 24 45 51 49 94 66 53 80 4 0,
PFG_MOEA,1471,4,204.74,1035.69,0 62 77 58 82 86 67 72 70 54 36 3 93 9 100 8 7 46 0,3
PFG_MOEA,1471,5,204.74,1035.69,0 28 69 47 38 44 59 26 10 89 96 83 0,26 96
PFG_MOEA,1471,6,204.74,1035.69,0 81 55 76 42 11 14 73 57 95 41 12 27 13 0,42
PFG_MOEA,1472,1,201.36,1069.24,0 27 12 73 14 11 83 96 26 10 89 59 44 38 47 69 28 46 0,83
PFG_MOEA,1472,2,201.36,1069.24,0 7 30 15 71 35 40 16 18 19 31 17 20 91 0,31
PFG_MOEA,1472,3,201.36,1069.24,0 25 2 99 34 43 92 1 84 23 22 70 72 67 86 82 58 77 50 0,
PFG_MOEA,1472,4,201.36,1069.24,0 4 80 53 66 54 36 3 39 56 68 37 33 21 62 48 0,36 62
PFG_MOEA,1472,5,201.36,1069.24,0 24 45 94 49 32 51 79 5 29 90 65 6 87 52 60 61 97 0,
PFG_MOEA,1472,6,201.36,1069.24,0 42 76 9 55 75 81 93 100 8 57 95 41 98 85 88 63 74 78 64 13 0,42 88
PFG_MOEA,1473,1,235.98,829.78,0 20 91 21 33 37 68 56 39 84 23 22 1 34 43 92 0,34
PFG_MOEA,1473,2,235.98,829.78,0 99 0,99
PFG_MOEA,1473,3,235.98,829.78,0 4 80 53 66 94 45 24 51 49 32 3 36 54 70 72 67 86 82 58 77 62 48 50 25 2 0,
PFG_MOEA,1473,4,235.98,829.78,0 12 73 14 11 83 96 26 10 89 59 44 38 47 69 28 46 7 0,26
PFG_MOEA,1473,5,235.98,829.78,0 79 5 29 90 65 6 87 52 60 61 97 75 13 27 0,
PFG_MOEA,1473,6,235.98,829.78,0 8 100 93 9 55 76 42 81 57 95 41 98 85 88 63 74 78 64 30 15 71 35 31 17 40 16 18 19 0,42 64
PFG_MOEA,1474,1,199.67,1096.55,0 5 29 90 65 6 87 52 60 61 97 75 7 14 73 12 99 2 25 50 48 0,6 52
PFG_MOEA,1474,2,199.67,1096.55,0 24 79 51 45 94 49 32 36 54 70 72 67 86 82 3 62 0,
PFG_MOEA,1474,3,199.67,1096.55,0 4 80 53 66 58 77 46 28 69 47 38 44 59 89 10 26 96 0,69
PFG_MOEA,1474,4,199.67,1096.55,0 8 100 93 81 55 9 76 42 83 11 98 41 95 57 0,
PFG_MOEA,1474,5,199.67,1096.55,0 20 91 21 33 37 18 16 40 35 71 15 30 64 78 74 63 88 85 0,63
PFG_MOEA,1474,6,199.67,1096.55,0 92 43 34 1 22 23 84 39 56 68 19 17 31 27 13 0,31
PFG_MOEA,1475,1,218.48,880.23,0 98 85 88 63 74 78 64 30 15 71 35 40 16 18 19 31 17 20 91 34 43 48 0,43 98
PFG_MOEA,1475,2,218.48,880.23,0 50 92 21 33 37 68 56 39 84 23 22 1 99 2 25 0,99
PFG_MOEA,1475,3,218.48,880.23,0 4 80 53 66 94 49 51 45 24 79 32 3 36 54 70 72 67 86 82 58 77 62 0,
PFG_MOEA,1475,4,218.48,880.23,0 93 9 100 8 7 46 0,
PFG_MOEA,1475,5,218.48,880.23,0 28 69 47 38 44 59 26 10 89 96 83 11 14 73 0,26
PFG_MOEA,1475,6,218.48,880.23,0 5 29 90 65 6 87 52 60 61 97 75 55 76 42 81 57 95 41 12 27 13 0,29 42
PFG_MOEA,1476,1,198.33,1121.84,0 13 27 12 41 95 78 64 30 15 71 35 40 16 18 19 31 17 20 91 0,
PFG_MOEA,1476,2,198.33,1121.84,0 50 48 92 22 23 84 39 56 68 37 33 21 34 43 0,
PFG_MOEA,1476,3,198.33,1121.84,0 4 80 53 66 94 49 51 45 24 79 32 54 36 3 1 99 2 25 0,2
PFG_MOEA,1476,4,198.33,1121.84,0 62 77 58 82 86 67 72 70 93 9 100 8 7 46 28 69 47 0,58 93
PFG_MOEA,1476,5,198.33,1121.84,0 73 98 85 88 63 74 14 11 83 96 44 38 59 26 10 89 5 29 90 0,11 26 63 98
PFG_MOEA,1476,6,198.33,1121.84,0 65 6 87 52 60 61 97 75 55 76 42 81 57 0,
PFG_MOEA,1477,1,205.55,1025.13,0 81 57 95 41 15 30 64 78 74 63 88 85 98 71 35 40 16 18 19 17 31 0,78
PFG_MOEA,1477,2,205.55,1025.13,0 20 91 21 33 37 68 56 39 84 23 22 1 99 34 43 92 53 80 4 0,99
PFG_MOEA,1477,3,205.55,1025.13,0 66 94 3 36 54 70 72 67 32 49 51 45 24 0,
PFG_MOEA,1477,4,205.55,1025.13,0 77 58 82 86 62 48 50 25 2 12 73 14 11 83 96 59 26 89 10 0,12 26 83
PFG_MOEA,1477,5,205.55,1025.13,0 44 38 47 69 28 46 7 75 97 61 60 52 87 6 65 90 29 5 79 0,
PFG_MOEA,1477,6,205.55,1025.13,0 13 27 8 100 93 9 55 76 42 0,76
PFG_MOEA,1478,1,353.71,825.55,0 66 94 49 51 45 24 0,
PFG_MOEA,1478,2,353.71,825.55,0 2 25 50 48 62 77 58 82 86 67 72 70 54 36 3 32 79 5 29 90 65 6 87 52 60 61 55 9 42 76 81 93 100 8 7 46 28 69 47 38 44 59 89 10 26 96 83 11 14 73 12 27 13 0,32 42 44
PFG_MOEA,1478,3,353.71,825.55,0 57 95 41 0,
PFG_MOEA,1478,4,353.71,825.55,0 97 75 98 85 88 63 74 78 64 30 15 71 35 31 17 40 16 18 19 20 91 21 33 37 68 56 39 84 23 22 1 34 43 92 0,64
PFG_MOEA,1478,5,353.71,825.55,0 99 0,
PFG_MOEA,1478,6,353.71,825.55,0 4 80 53 0,
PFG_MOEA,1479,1,207.02,1012.48,0 50 48 62 21 33 37 68 56 39 3 36 54 66 53 80 4 24 0,
PFG_MOEA,1479,2,207.02,1012.48,0 45 94 49 32 51 79 5 29 90 65 6 87 52 60 61 55 9 42 76 81 93 100 8 0,5 32 76
PFG_MOEA,1479,3,207.02,1012.48,0 7 46 28 69 47 38 44 59 89 10 26 96 83 11 14 73 12 0,
PFG_MOEA,1479,4,207.02,1012.48,0 97 75 98 85 88 63 74 78 64 30 15 41 57 95 27 13 0,
PFG_MOEA,1479,5,207.02,1012.48,0 17 31 35 71 40 16 18 19 20 91 25 2 0,
PFG_MOEA,1479,6,207.02,1012.48,0 92 43 34 99 1 84 23 22 70 72 67 86 82 58 77 0,
PFG_MOEA,1480,1,207.74,922.35,0 76 42 57 95 41 98 85 88 63 74 78 64 30 15 71 35 31 17 40 16 18 0,18 42 63 98
PFG_MOEA,1480,2,207.74,922.35,0 19 91 21 33 37 68 56 39 84 23 22 1 99 34 43 92 53 4 0,
PFG_MOEA,1480,3,207.74,922.35,0 80 66 0,
PFG_MOEA,1480,4,207.74,922.35,0 24 51 45 94 49 32 36 54 70 72 67 82 86 3 58 77 62 48 50 25 20 0,67
PFG_MOEA,1480,5,207.74,922.35,0 2 13 27 12 73 14 11 83 96 26 10 89 59 44 38 47 69 28 46 7 75 97 0,2 11 69
PFG_MOEA,1480,6,207.74,922.35,0 79 90 65 6 87 52 5 29 60 61 93 55 9 81 100 8 0,5
PFG_MOEA,1481,1,204.74,1035.69,0 5 29 90 65 6 87 52 60 61 97 75 98 85 88 63 74 78 64 30 15 0,6
PFG_MOEA,1481,2,204.74,1035.69,0 20 91 19 17 31 71 35 40 16 18 68 37 33 21 34 43 92 48 50 0,18
PFG_MOEA,1481,3,204.74,1035.69,0 2 99 1 22 23 84 39 56 25 32 79 24 45 51 49 94 66 53 80 4 0,
PFG_MOEA,1481,4,204.74,1035.69,0 62 77 58 82 86 67 72 70 54 36 3 93 9 100 8 7 46 0,3
PFG_MOEA,1481,5,204.74,1035.69,0 28 69 47 38 44 59 26 10 89 96 83 0,26 96
PFG_MOEA,1481,6,204.74,1035.69,0 81 55 76 42 11 14 73 57 95 41 12 27 13 0,42
PFG_MOEA,1482,1,201.36,1069.24,0 27 12 73 14 11 83 96 26 10 89 59 44 38 47 69 28 46 0,83
PFG_MOEA,1482,2,201.36,1069.24,0 7 30 15 71 35 40 16 18 19 31 17 20 91 0,31
PFG_MOEA,1482,3,201.36,1069.24,0 25 2 99 34 43 92 1 84 23 22 70 72 67 86 82 58 77 50 0,
PFG_MOEA,1482,4,201.36,1069.24,0 4 80 53 66 54 36 3 39 56 68 37 33 21 62 48 0,36 62
PFG_MOEA,1482,5,201.36,1069.24,0 24 45 94 49 32 51 79 5 29 90 65 6 87 52 60 61 97 0,
PFG_MOEA,1482,6,201.36,1069.24,0 42 76 9 55 75 81 93 100 8 57 95 41 98 85 88 63 74 78 64 13 0,42 88
PFG_MOEA,1483,1,235.98,829.78,0 20 91 21 33 37 68 56 39 84 23 22 1 34 43 92 0,34
PFG_MOEA,1483,2,235.98,829.78,0 99 0,99
PFG_MOEA,1483,3,235.98,829.78,0 4 80 53 66 94 45 24 51 49 32 3 36 54 70 72 67 86 82 58 77 62 48 50 25 2 0,
PFG_MOEA,1483,4,235.98,829.78,0 12 73 14 11 83 96 26 10 89 59 44 38 47 69 28 46 7 0,26
PFG_MOEA,1483,5,235.98,829.78,0 79 5 29 90 65 6 87 52 60 61 97 75 13 27 0,
PFG_MOEA,1483,6,235.98,829.78,0 8 100 93 9 55 76 42 81 57 95 41 98 85 88 63 74 78 64 30 15 71 35 31 17 40 16 18 19 0,42 64
PFG_MOEA,1484,1,199.67,1096.55,0 5 29 90 65 6 87 52 60 61 97 75 7 14 73 12 99 2 25 50 48 0,6 52
PFG_MOEA,1484,2,199.67,1096.55,0 24 79 51 45 94 49 32 36 54 70 72 67 86 82 3 62 0,
PFG_MOEA,1484,3,199.67,1096.55,0 4 80 53 66 58 77 46 28 69 47 38 44 59 89 10 26 96 0,69
PFG_MOEA,1484,4,199.67,1096.55,0 8 100 93 81 55 9 76 42 83 11 98 41 95 57 0,
PFG_MOEA,1484,5,199.67,1096.55,0 20 91 21 33 37 18 16 40 35 71 15 30 64 78 74 63 88 85 0,63
PFG_MOEA,1484,6,199.67,1096.55,0 92 43 34 1 22 23 84 39 56 68 19 17 31 27 13 0,31
PFG_MOEA,1485,1,218.48,880.23,0 98 85 88 63 74 78 64 30 15 71 35 40 16 18 19 31 17 20 91 34 43 48 0,43 98
PFG_MOEA,1485,2,218.48,880.23,0 50 92 21 33 37 68 56 39 84 23 22 1 99 2 25 0,99
PFG_MOEA,1485,3,218.48,880.23,0 4 80 53 66 94 49 51 45 24 79 32 3 36 54 70 72 67 86 82 58 77 62 0,
PFG_MOEA,1485,4,218.48,880.23,0 93 9 100 8 7 46 0,
PFG_MOEA,1485,5,218.48,880.23,0 28 69 47 38 44 59 26 10 89 96 83 11 14 73 0,26
PFG_MOEA,1485,6,218.48,880.23,0 5 29 90 65 6 87 52 60 61 97 75 55 76 42 81 57 95 41 12 27 13 0,29 42
PFG_MOEA,1486,1,198.33,1121.84,0 13 27 12 41 95 78 64 30 15 71 35 40 16 18 19 31 17 20 91 0,
PFG_MOEA,1486,2,198.33,1121.84,0 50 48 92 22 23 84 39 56 68 37 33 21 34 43 0,
PFG_MOEA,1486,3,198.33,1121.84,0 4 80 53 66 94 49 51 45 24 79 32 54 36 3 1 99 2 25 0,2
PFG_MOEA,1486,4,198.33,1121.84,0 62 77 58 82 86 67 72 70 93 9 100 8 7 46 28 69 47 0,58 93
PFG_MOEA,1486,5,198.33,1121.84,0 73 98 85 88 63 74 14 11 83 96 44 38 59 26 10 89 5 29 90 0,11 26 63 98
PFG_MOEA,1486,6,198.33,1121.84,0 65 6 87 52 60 61 97 75 55 76 42 81 57 0,
PFG_MOEA,1487,1,205.55,1025.13,0 81 57 95 41 15 30 64 78 74 63 88 85 98 71 35 40 16 18 19 17 31 0,78
PFG_MOEA,1487,2,205.55,1025.13,0 20 91 21 33 37 68 56 39 84 23 22 1 99 34 43 92 53 80 4 0,99
PFG_MOEA,1487,3,205.55,1025.13,0 66 94 3 36 54 70 72 67 32 49 51 45 24 0,
PFG_MOEA,1487,4,205.55,1025.13,0 77 58 82 86 62 48 50 25 2 12 73 14 11 83 96 59 26 89 10 0,12 26 83
PFG_MOEA,1487,5,205.55,1025.13,0 44 38 47 69 28 46 7 75 97 61 60 52 87 6 65 90 29 5 79 0,
PFG_MOEA,1487,6,205.55,1025.13,0 13 27 8 100 93 9 55 76 42 0,76
PFG_MOEA,1488,1,353.71,825.55,0 66 94 49 51 45 24 0,
PFG_MOEA,1488,2,353.71,825.55,0 2 25 50 48 62 77 58 82 86 67 72 70 54 36 3 32 79 5 29 90 65 6 87 52 60 61 55 9 42 76 81 93 100 8 7 46 28 69 47 38 44 59 89 10 26 96 83 11 14 73 12 27 13 0,32 42 44
PFG_MOEA,1488,3,353.71,825.55,0 57 95 41 0,
PFG_MOEA,1488,4,353.71,825.55,0 97 75 98 85 88 63 74 78 64 30 15 71 35 31 17 40 16 18 19 20 91 21 33 37 68 56 39 84 23 22 1 34 43 92 0,64
PFG_MOEA,1488,5,353.71,825.55,0 99 0,
PFG_MOEA,1488,6,353.71,825.55,0 4 80 53 0,
PFG_MOEA,1489,1,207.02,1012.48,0 50 48 62 21 33 37 68 56 39 3 36 54 66 53 80 4 24 0,
PFG_MOEA,1489,2,207.02,1012.48,0 45 94 49 32 51 79 5 29 90 65 6 87 52 60 61 55 9 42 76 81 93 100 8 0,5 32 76
PFG_MOEA,1489,3,207.02,1012.48,0 7 46 28 69 47 38 44 59 89 10 26 96 83 11 14 73 12 0,
PFG_MOEA,1489,4,207.02,1012.48,0 97 75 98 85 88 63 74 78 64 30 15 41 57 95 27 13 0,
PFG_MOEA,1489,5,207.02,1012.48,0 17 31 35 71 40 16 18 19 20 91 25 2 0,
PFG_MOEA,1489,6,207.02,1012.48,0 92 43 34 99 1 84 23 22 70 72 67 86 82 58 77 0,
PFG_MOEA,1490,1,207.74,922.35,0 76 42 57 95 41 98 85 88 63 74 78 64 30 15 71 35 31 17 40 16 18 0,18 42 63 98
PFG_MOEA,1490,2,207.74,922.35,0 19 91 21 33 37 68 56 39 84 23 22 1 99 34 43 92 53 4 0,
PFG_MOEA,1490,3,207.74,922.35,0 80 66 0,
PFG_MOEA,1490,4,207.74,922.35,0 24 51 45 94 49 32 36 54 70 72 67 82 86 3 58 77 62 48 50 25 20 0,67
PFG_MOEA,1490,5,207.74,922.35,0 2 13 27 12 73 14 11 83 96 26 10 89 59 44 38 47 69 28 46 7 75 97 0,2 11 69
PFG_MOEA,1490,6,207.74,922.35,0 79 90 65 6 87 52 5 29 60 61 93 55 9 81 100 8 0,5
PFG_MOEA,1491,1,204.74,1035.69,0 5 29 90 65 6 87 52 60 61 97 75 98 85 88 63 74 78 64 30 15 0,6
PFG_MOEA,1491,2,204.74,1035.69,0 20 91 19 17 31 71 35 40 16 18 68 37 33 21 34 43 92 48 50 0,18
PFG_MOEA,1491,3,204.74,1035.69,0 2 99 1 22 23 84 39 56 25 32 79 24 45 51 49 94 66 53 80 4 0,
PFG_MOEA,1491,4,204.74,1035.69,0 62 77 58 82 86 67 72 70 54 36 3 93 9 100 8 7 46 0,3
PFG_MOEA,1491,5,204.74,1035.69,0 28 69 47 38 44 59 26 10 89 96 83 0,26 96
PFG_MOEA,1491,6,204.74,1035.69,0 81 55 76 42 11 14 73 57 95 41 12 27 13 0,42
PFG_MOEA,1492,1,201.36,1069.24,0 27 12 73 14 11 83 96 26 10 89 59 44 38 47 69 28 46 0,83
PFG_MOEA,1492,2,201.36,1069.24,0 7 30 15 71 35 40 16 18 19 31 17 20 91 0,31
PFG_MOEA,1492,3,201.36,1069.24,0 25 2 99 34 43 92 1 84 23 22 70 72 67 86 82 58 77 50 0,
PFG_MOEA,1492,4,201.36,1069.24,0 4 80 53 66 54 36 3 39 56 68 37 33 21 62 48 0,36 62
PFG_MOEA,1492,5,201.36,1069.24,0 24 45 94 49 32 51 79 5 29 90 65 6 87 52 60 61 97 0,
PFG_MOEA,1492,6,201.36,1069.24,0 42 76 9 55 75 81 93 100 8 57 95 41 98 85 88 63 74 78 64 13 0,42 88
PFG_MOEA,1493,1,235.98,829.78,0 20 91 21 33 37 68 56 39 84 23 22 1 34 43 92 0,34
PFG_MOEA,1493,2,235.98,829.78,0 99 0,99
PFG_MOEA,1493,3,235.98,829.78,0 4 80 53 66 94 45 24 51 49 32 3 36 54 70 72 67 86 82 58 77 62 48 50 25 2 0,
PFG_MOEA,1493,4,235.98,829.78,0 12 73 14 11 83 96 26 10 89 59 44 38 47 69 28 46 7 0,26
PFG_MOEA,1493,5,235.98,829.78,0 79 5 29 90 65 6 87 52 60 61 97 75 13 27 0,
PFG_MOEA,1493,6,235.98,829.78,0 8 100 93 9 55 76 42 81 57 95 41 98 85 88 63 74 78 64 30 15 71 35 31 17 40 16 18 19 0,42 64
PFG_MOEA,1494,1,199.67,1096.55,0 5 29 90 65 6 87 52 60 61 97 75 7 14 73 12 99 2 25 50 48 0,6 52
PFG_MOEA,1494,2,199.67,1096.55,0 24 79 51 45 94 49 32 36 54 70 72 67 86 82 3 62 0,
PFG_MOEA,1494,3,199.67,1096.55,0 4 80 53 66 58 77 46 28 69 47 38 44 59 89 10 26 96 0,69
PFG_MOEA,1494,4,199.67,1096.55,0 8 100 93 81 55 9 76 42 83 11 98 41 95 57 0,
PFG_MOEA,1494,5,199.67,1096.55,0 20 91 21 33 37 18 16 40 35 71 15 30 64 78 74 63 88 85 0,63
PFG_MOEA,1494,6,199.67,1096.55,0 92 43 34 1 22 23 84 39 56 68 19 17 31 27 13 0,31
PFG_MOEA,1495,1,218.48,880.23,0 98 85 88 63 74 78 64 30 15 71 35 40 16 18 19 31 17 20 91 34 43 48 0,43 98
PFG_MOEA,1495,2,218.48,880.23,0 50 92 21 33 37 68 56 39 84 23 22 1 99 2 25 0,99
PFG_MOEA,1495,3,218.48,880.23,0 4 80 53 66 94 49 51 45 24 79 32 3 36 54 70 72 67 86 82 58 77 62 0,
PFG_MOEA,1495,4,218.48,880.23,0 93 9 100 8 7 46 0,
PFG_MOEA,1495,5,218.48,880.23,0 28 69 47 38 44 59 26 10 89 96 83 11 14 73 0,26
PFG_MOEA,1495,6,218.48,880.23,0 5 29 90 65 6 87 52 60 61 97 75 55 76 42 81 57 95 41 12 27 13 0,29 42
PFG_MOEA,1496,1,198.33,1121.84,0 13 27 12 41 95 78 64 30 15 71 35 40 16 18 19 31 17 20 91 0,
PFG_MOEA,1496,2,198.33,1121.84,0 50 48 92 22 23 84 39 56 68 37 33 21 34 43 0,
PFG_MOEA,1496,3,198.33,1121.84,0 4 80 53 66 94 49 51 45 24 79 32 54 36 3 1 99 2 25 0,2
PFG_MOEA,1496,4,198.33,1121.84,0 62 77 58 82 86 67 72 70 93 9 100 8 7 46 28 69 47 0,58 93
PFG_MOEA,1496,5,198.33,1121.84,0 73 98 85 88 63 74 14 11 83 96 44 38 59 26 10 89 5 29 90 0,11 26 63 98
PFG_MOEA,1496,6,198.33,1121.84,0 65 6 87 52 60 61 97 75 55 76 42 81 57 0,
PFG_MOEA,1497,1,205.55,1025.13,0 81 57 95 41 15 30 64 78 74 63 88 85 98 71 35 40 16 18 19 17 31 0,78
PFG_MOEA,1497,2,205.55,1025.13,0 20 91 21 33 37 68 56 39 84 23 22 1 99 34 43 92 53 80 4 0,99
PFG_MOEA,1497,3,205.55,1025.13,0 66 94 3 36 54 70 72 67 32 49 51 45 24 0,
PFG_MOEA,1497,4,205.55,1025.13,0 77 58 82 86 62 48 50 25 2 12 73 14 11 83 96 59 26 89 10 0,12 26 83
PFG_MOEA,1497,5,205.55,1025.13,0 44 38 47 69 28 46 7 75 97 61 60 52 87 6 65 90 29 5 79 0,
PFG_MOEA,1497,6,205.55,1025.13,0 13 27 8 100 93 9 55 76 42 0,76
PFG_MOEA,1498,1,353.71,825.55,0 66 94 49 51 45 24 0,
PFG_MOEA,1498,2,353.71,825.55,0 2 25 50 48 62 77 58 82 86 67 72 70 54 36 3 32 79 5 29 90 65 6 87 52 60 61 55 9 42 76 81 93 100 8 7 46 28 69 47 38 44 59 89 10 26 96 83 11 14 73 12 27 13 0,32 42 44
PFG_MOEA,1498,3,353.71,825.55,0 57 95 41 0,
PFG_MOEA,1498,4,353.71,825.55,0 97 75 98 85 88 63 74 78 64 30 15 71 35 31 17 40 16 18 19 20 91 21 33 37 68 56 39 84 23 22 1 34 43 92 0,64
PFG_MOEA,1498,5,353.71,825.55,0 99 0,
PFG_MOEA,1498,6,353.71,825.55,0 4 80 53 0,
PFG_MOEA,1499,1,207.02,1012.48,0 50 48 62 21 33 37 68 56 39 3 36 54 66 53 80 4 24 0,
PFG_MOEA,1499,2,207.02,1012.48,0 45 94 49 32 51 79 5 29 90 65 6 87 52 60 61 55 9 42 76 81 93 100 8 0,5 32 76
PFG_MOEA,1499,3,207.02,1012.48,0 7 46 28 69 47 38 44 59 89 10 26 96 83 11 14 73 12 0,
PFG_MOEA,1499,4,207.02,1012.48,0 97 75 98 85 88 63 74 78 64 30 15 41 57 95 27 13 0,
PFG_MOEA,1499,5,207.02,1012.48,0 17 31 35 71 40 16 18 19 20 91 25 2 0,
PFG_MOEA,1499,6,207.02,1012.48,0 92 43 34 99 1 84 23 22 70 72 67 86 82 58 77 0,
PFG_MOEA,1500,1,207.74,922.35,0 76 42 57 95 41 98 85 88 63 74 78 64 30 15 71 35 31 17 40 16 18 0,18 42 63 98
PFG_MOEA,1500,2,207.74,922.35,0 19 91 21 33 37 68 56 39 84 23 22 1 99 34 43 92 53 4 0,
PFG_MOEA,1500,3,207.74,922.35,0 80 66 0,
PFG_MOEA,1500,4,207.74,922.35,0 24 51 45 94 49 32 36 54 70 72 67 82 86 3 58 77 62 48 50 25 20 0,67
PFG_MOEA,1500,5,207.74,922.35,0 2 13 27 12 73 14 11 83 96 26 10 89 59 44 38 47 69 28 46 7 75 97 0,2 11 69
PFG_MOEA,1500,6,207.74,922.35,0 79 90 65 6 87 52 5 29 60 61 93 55 9 81 100 8 0,5
PFG_MOEA,1501,1,204.74,1035.69,0 5 29 90 65 6 87 52 60 61 97 75 98 85 88 63 74 78 64 30 15 0,6
PFG_MOEA,1501,2,204.74,1035.69,0 20 91 19 17 31 71 35 40 16 18 68 37 33 21 34 43 92 48 50 0,18
PFG_MOEA,1501,3,204.74,1035.69,0 2 99 1 22 23 84 39 56 25 32 79 24 45 51 49 94 66 53 80 4 0,
PFG_MOEA,1501,4,204.74,1035.69,0 62 77 58 82 86 67 72 70 54 36 3 93 9 100 8 7 46 0,3
PFG_MOEA,1501,5,204.74,1035.69,0 28 69 47 38 44 59 26 10 89 96 83 0,26 96
PFG_MOEA,1501,6,204.74,1035.69,0 81 55 76 42 11 14 73 57 95 41 12 27 13 0,42
PFG_MOEA,1502,1,201.36,1069.24,0 27 12 73 14 11 83 96 26 10 89 59 44 38 47 69 28 46 0,83
PFG_MOEA,1502,2,201.36,1069.24,0 7 30 15 71 35 40 16 18 19 31 17 20 91 0,31
PFG_MOEA,1502,3,201.36,1069.24,0 25 2 99 34 43 92 1 84 23 22 70 72 67 86 82 58 77 50 0,
PFG_MOEA,1502,4,201.36,1069.24,0 4 80 53 66 54 36 3 39 56 68 37 33 21 62 48 0,36 62
PFG_MOEA,1502,5,201.36,1069.24,0 24 45 94 49 32 51 79 5 29 90 65 6 87 52 60 61 97 0,
PFG_MOEA,1502,6,201.36,1069.24,0 42 76 9 55 75 81 93 100 8 57 95 41 98 85 88 63 74 78 64 13 0,42 88
PFG_MOEA,1503,1,235.98,829.78,0 20 91 21 33 37 68 56 39 84 23 22 1 34 43 92 0,34
PFG_MOEA,1503,2,235.98,829.78,0 99 0,99
PFG_MOEA,1503,3,235.98,829.78,0 4 80 53 66 94 45 24 51 49 32 3 36 54 70 72 67 86 82 58 77 62 48 50 25 2 0,
PFG_MOEA,1503,4,235.98,829.78,0 12 73 14 11 83 96 26 10 89 59 44 38 47 69 28 46 7 0,26
PFG_MOEA,1503,5,235.98,829.78,0 79 5 29 90 65 6 87 52 60 61 97 75 13 27 0,
PFG_MOEA,1503,6,235.98,829.78,0 8 100 93 9 55 76 42 81 57 95 41 98 85 88 63 74 78 64 30 15 71 35 31 17 40 16 18 19 0,42 64
PFG_MOEA,1504,1,199.67,1096.55,0 5 29 90 65 6 87 52 60 61 97 75 7 14 73 12 99 2 25 50 48 0,6 52
PFG_MOEA,1504,2,199.67,1096.55,0 24 79 51 45 94 49 32 36 54 70 72 67 86 82 3 62 0,
PFG_MOEA,1504,3,199.67,1096.55,0 4 80 53 66 58 77 46 28 69 47 38 44 59 89 10 26 96 0,69
PFG_MOEA,1504,4,199.67,1096.55,0 8 100 93 81 55 9 76 42 83 11 98 41 95 57 0,
PFG_MOEA,1504,5,199.67,1096.55,0 20 91 21 33 37 18 16 40 35 71 15 30 64 78 74 63 88 85 0,63
PFG_MOEA,1504,6,199.67,1096.55,0 92 43 34 1 22 23 84 39 56 68 19 17 31 27 13 0,31
PFG_MOEA,1505,1,218.48,880.23,0 98 85 88 63 74 78 64 30 15 71 35 40 16 18 19 31 17 20 91 34 43 48 0,43 98
PFG_MOEA,1505,2,218.48,880.23,0 50 92 21 33 37 68 56 39 84 23 22 1 99 2 25 0,99
PFG_MOEA,1505,3,218.48,880.23,0 4 80 53 66 94 49 51 45 24 79 32 3 36 54 70 72 67 86 82 58 77 62 0,
PFG_MOEA,1505,4,218.48,880.23,0 93 9 100 8 7 46 0,
PFG_MOEA,1505,5,218.48,880.23,0 28 69 47 38 44 59 26 10 89 96 83 11 14 73 0,26
PFG_MOEA,1505,6,218.48,880.23,0 5 29 90 65 6 87 52 60 61 97 75 55 76 42 81 57 95 41 12 27 13 0,29 42
PFG_MOEA,1506,1,198.33,1121.84,0 13 27 12 41 95 78 64 30 15 71 35 40 16 18 19 31 17 20 91 0,
PFG_MOEA,1506,2,198.33,1121.84,0 50 48 92 22 23 84 39 56 68 37 33 21 34 43 0,
PFG_MOEA,1506,3,198.33,1121.84,0 4 80 53 66 94 49 51 45 24 79 32 54 36 3 1 99 2 25 0,2
PFG_MOEA,1506,4,198.33,1121.84,0 62 77 58 82 86 67 72 70 93 9 100 8 7 46 28 69 47 0,58 93
PFG_MOEA,1506,5,198.33,1121.84,0 73 98 85 88 63 74 14 11 83 96 44 38 59 26 10 89 5 29 90 0,11 26 63 98
PFG_MOEA,1506,6,198.33,1121.84,0 65 6 87 52 60 61 97 75 55 76 42 81 57 0,
PFG_MOEA,1507,1,205.55,1025.13,0 81 57 95 41 15 30 64 78 74 63 88 85 98 71 35 40 16 18 19 17 31 0,78
PFG_MOEA,1507,2,205.55,1025.13,0 20 91 21 33 37 68 56 39 84 23 22 1 99 34 43 92 53 80 4 0,99
PFG_MOEA,1507,3,205.55,1025.13,0 66 94 3 36 54 70 72 67 32 49 51 45 24 0,
PFG_MOEA,1507,4,205.55,1025.13,0 77 58 82 86 62 48 50 25 2 12 73 14 11 83 96 59 26 89 10 0,12 26 83
PFG_MOEA,1507,5,205.55,1025.13,0 44 38 47 69 28 46 7 75 97 61 60 52 87 6 65 90 29 5 79 0,
PFG_MOEA,1507,6,205.55,1025.13,0 13 27 8 100 93 9 55 76 42 0,76
PFG_MOEA,1508,1,353.71,825.55,0 66 94 49 51 45 24 0,
PFG_MOEA,1508,2,353.71,825.55,0 2 25 50 48 62 77 58 82 86 67 72 70 54 36 3 32 79 5 29 90 65 6 87 52 60 61 55 9 42 76 81 93 100 8 7 46 28 69 47 38 44 59 89 10 26 96 83 11 14 73 12 27 13 0,32 42 44
PFG_MOEA,1508,3,353.71,825.55,0 57 95 41 0,
PFG_MOEA,1508,4,353.71,825.55,0 97 75 98 85 88 63 74 78 64 30 15 71 35 31 17 40 16 18 19 20 91 21 33 37 68 56 39 84 23 22 1 34 43 92 0,64
PFG_MOEA,1508,5,353.71,825.55,0 99 0,
PFG_MOEA,1508,6,353.71,825.55,0 4 80 53 0,
PFG_MOEA,1509,1,207.02,1012.48,0 50 48 62 21 33 37 68 56 39 3 36 54 66 53 80 4 24 0,
PFG_MOEA,1509,2,207.02,1012.48,0 45 94 49 32 51 79 5 29 90 65 6 87 52 60 61 55 9 42 76 81 93 100 8 0,5 32 76
PFG_MOEA,1509,3,207.02,1012.48,0 7 46 28 69 47 38 44 59 89 10 26 96 83 11 14 73 12 0,
PFG_MOEA,1509,4,207.02,1012.48,0 97 75 98 85 88 63 74 78 64 30 15 41 57 95 27 13 0,
PFG_MOEA,1509,5,207.02,1012.48,0 17 31 35 71 40 16 18 19 20 91 25 2 0,
PFG_MOEA,1509,6,207.02,1012.48,0 92 43 34 99 1 84 23 22 70 72 67 86 82 58 77 0,
PFG_MOEA,1510,1,207.74,922.35,0 76 42 57 95 41 98 85 88 63 74 78 64 30 15 71 35 31 17 40 16 18 0,18 42 63 98
PFG_MOEA,1510,2,207.74,922.35,0 19 91 21 33 37 68 56 39 84 23 22 1 99 34 43 92 53 4 0,
PFG_MOEA,1510,3,207.74,922.35,0 80 66 0,
PFG_MOEA,1510,4,207.74,922.35,0 24 51 45 94 49 32 36 54 70 72 67 82 86 3 58 77 62 48 50 25 20 0,67
PFG_MOEA,1510,5,207.74,922.35,0 2 13 27 12 73 14 11 83 96 26 10 89 59 44 38 47 69 28 46 7 75 97 0,2 11 69
PFG_MOEA,1510,6,207.74,922.35,0 79 90 65 6 87 52 5 29 60 61 93 55 9 81 100 8 0,5
PFG_MOEA,1511,1,204.74,1035.69,0 5 29 90 65 6 87 52 60 61 97 75 98 85 88 63 74 78 64 30 15 0,6
PFG_MOEA,1511,2,204.74,1035.69,0 20 91 19 17 31 71 35 40 16 18 68 37 33 21 34 43 92 48 50 0,18
PFG_MOEA,1511,3,204.74,1035.69,0 2 99 1 22 23 84 39 56 25 32 79 24 45 51 49 94 66 53 80 4 0,
PFG_MOEA,1511,4,204.74,1035.69,0 62 77 58 82 86 67 72 70 54 36 3 93 9 100 8 7 46 0,3
PFG_MOEA,1511,5,204.74,1035.69,0 28 69 47 38 44 59 26 10 89 96 83 0,26 96
PFG_MOEA,1511,6,204.74,1035.69,0 81 55 76 42 11 14 73 57 95 41 12 27 13 0,42
PFG_MOEA,1512,1,201.36,1069.24,0 27 12 73 14 11 83 96 26 10 89 59 44 38 47 69 28 46 0,83
PFG_MOEA,1512,2,201.36,1069.24,0 7 30 15 71 35 40 16 18 19 31 17 20 91 0,31
PFG_MOEA,1512,3,201.36,1069.24,0 25 2 99 34 43 92 1 84 23 22 70 72 67 86 82 58 77 50 0,
PFG_MOEA,1512,4,201.36,1069.24,0 4 80 53 66 54 36 3 39 56 68 37 33 21 62 48 0,36 62
PFG_MOEA,1512,5,201.36,1069.24,0 24 45 94 49 32 51 79 5 29 90 65 6 87 52 60 61 97 0,
PFG_MOEA,1512,6,201.36,1069.24,0 42 76 9 55 75 81 93 100 8 57 95 41 98 85 88 63 74 78 64 13 0,42 88
PFG_MOEA,1513,1,235.98,829.78,0 20 91 21 33 37 68 56 39 84 23 22 1 34 43 92 0,34
PFG_MOEA,1513,2,235.98,829.78,0 99 0,99
PFG_MOEA,1513,3,235.98,829.78,0 4 80 53 66 94 45 24 51 49 32 3 36 54 70 72 67 86 82 58 77 62 48 50 25 2 0,
PFG_MOEA,1513,4,235.98,829.78,0 12 73 14 11 83 96 26 10 89 59 44 38 47 69 28 46 7 0,26
PFG_MOEA,1513,5,235.98,829.78,0 79 5 29 90 65 6 87 52 60 61 97 75 13 27 0,
PFG_MOEA,1513,6,235.98,829.78,0 8 100 93 9 55 76 42 81 57 95 41 98 85 88 63 74 78 64 30 15 71 35 31 17 40 16 18 19 0,42 64
PFG_MOEA,1514,1,199.67,1096.55,0 5 29 90 65 6 87 52 60 61 97 75 7 14 73 12 99 2 25 50 48 0,6 52
PFG_MOEA,1514,2,199.67,1096.55,0 24 79 51 45 94 49 32 36 54 70 72 67 86 82 3 62 0,
PFG_MOEA,1514,3,199.67,1096.55,0 4 80 53 66 58 77 46 28 69 47 38 44 59 89 10 26 96 0,69
PFG_MOEA,1514,4,199.67,1096.55,0 8 100 93 81 55 9 76 42 83 11 98 41 95 57 0,
PFG_MOEA,1514,5,199.67,1096.55,0 20 91 21 33 37 18 16 40 35 71 15 30 64 78 74 63 88 85 0,63
PFG_MOEA,1514,6,199.67,1096.55,0 92 43 34 1 22 23 84 39 56 68 19 17 31 27 13 0,31
PFG_MOEA,1515,1,218.48,880.23,0 98 85 88 63 74 78 64 30 15 71 35 40 16 18 19 31 17 20 91 34 43 48 0,43 98
PFG_MOEA,1515,2,218.48,880.23,0 50 92 21 33 37 68 56 39 84 23 22 1 99 2 25 0,99
PFG_MOEA,1515,3,218.48,880.23,0 4 80 53 66 94 49 51 45 24 79 32 3 36 54 70 72 67 86 82 58 77 62 0,
PFG_MOEA,1515,4,218.48,880.23,0 93 9 100 8 7 46 0,
PFG_MOEA,1515,5,218.48,880.23,0 28 69 47 38 44 59 26 10 89 96 83 11 14 73 0,26
PFG_MOEA,1515,6,218.48,880.23,0 5 29 90 65 6 87 52 60 61 97 75 55 76 42 81 57 95 41 12 27 13 0,29 42
PFG_MOEA,1516,1,198.33,1121.84,0 13 27 12 41 95 78 64 30 15 71 35 40 16 18 19 31 17 20 91 0,
PFG_MOEA,1516,2,198.33,1121.84,0 50 48 92 22 23 84 39 56 68 37 33 21 34 43 0,
PFG_MOEA,1516,3,198.33,1121.84,0 4 80 53 66 94 49 51 45 24 79 32 54 36 3 1 99 2 25 0,2
PFG_MOEA,1516,4,198.33,1121.84,0 62 77 58 82 86 67 72 70 93 9 100 8 7 46 28 69 47 0,58 93
PFG_MOEA,1516,5,198.33,1121.84,0 73 98 85 88 63 74 14 11 83 96 44 38 59 26 10 89 5 29 90 0,11 26 63 98
PFG_MOEA,1516,6,198.33,1121.84,0 65 6 87 52 60 61 97 75 55 76 42 81 57 0,
PFG_MOEA,1517,1,205.55,1025.13,0 81 57 95 41 15 30 64 78 74 63 88 85 98 71 35 40 16 18 19 17 31 0,78
PFG_MOEA,1517,2,205.55,1025.13,0 20 91 21 33 37 68 56 39 84 23 22 1 99 34 43 92 53 80 4 0,99
PFG_MOEA,1517,3,205.55,1025.13,0 66 94 3 36 54 70 72 67 32 49 51 45 24 0,
PFG_MOEA,1517,4,205.55,1025.13,0 77 58 82 86 62 48 50 25 2 12 73 14 11 83 96 59 26 89 10 0,12 26 83
PFG_MOEA,1517,5,205.55,1025.13,0 44 38 47 69 28 46 7 75 97 61 60 52 87 6 65 90 29 5 79 0,
PFG_MOEA,1517,6,205.55,1025.13,0 13 27 8 100 93 9 55 76 42 0,76
PFG_MOEA,1518,1,353.71,825.55,0 66 94 49 51 45 24 0,
PFG_MOEA,1518,2,353.71,825.55,0 2 25 50 48 62 77 58 82 86 67 72 70 54 36 3 32 79 5 29 90 65 6 87 52 60 61 55 9 42 76 81 93 100 8 7 46 28 69 47 38 44 59 89 10 26 96 83 11 14 73 12 27 13 0,32 42 44
PFG_MOEA,1518,3,353.71,825.55,0 57 95 41 0,
PFG_MOEA,1518,4,353.71,825.55,0 97 75 98 85 88 63 74 78 64 30 15 71 35 31 17 40 16 18 19 20 91 21 33 37 68 56 39 84 23 22 1 34 43 92 0,64
PFG_MOEA,1518,5,353.71,825.55,0 99 0,
PFG_MOEA,1518,6,353.71,825.55,0 4 80 53 0,
PFG_MOEA,1519,1,207.02,1012.48,0 50 48 62 21 33 37 68 56 39 3 36 54 66 53 80 4 24 0,
PFG_MOEA,1519,2,207.02,1012.48,0 45 94 49 32 51 79 5 29 90 65 6 87 52 60 61 55 9 42 76 81 93 100 8 0,5 32 76
PFG_MOEA,1519,3,207.02,1012.48,0 7 46 28 69 47 38 44 59 89 10 26 96 83 11 14 73 12 0,
PFG_MOEA,1519,4,207.02,1012.48,0 97 75 98 85 88 63 74 78 64 30 15 41 57 95 27 13 0,
PFG_MOEA,1519,5,207.02,1012.48,0 17 31 35 71 40 16 18 19 20 91 25 2 0,
PFG_MOEA,1519,6,207.02,1012.48,0 92 43 34 99 1 84 23 22 70 72 67 86 82 58 77 0,
PFG_MOEA,1520,1,207.74,922.35,0 76 42 57 95 41 98 85 88 63 74 78 64 30 15 71 35 31 17 40 16 18 0,18 42 63 98
PFG_MOEA,1520,2,207.74,922.35,0 19 91 21 33 37 68 56 39 84 23 22 1 99 34 43 92 53 4 0,
PFG_MOEA,1520,3,207.74,922.35,0 80 66 0,
PFG_MOEA,1520,4,207.74,922.35,0 24 51 45 94 49 32 36 54 70 72 67 82 86 3 58 77 62 48 50 25 20 0,67
PFG_MOEA,1520,5,207.74,922.35,0 2 13 27 12 73 14 11 83 96 26 10 89 59 44 38 47 69 28 46 7 75 97 0,2 11 69
PFG_MOEA,1520,6,207.74,922.35,0 79 90 65 6 87 52 5 29 60 61 93 55 9 81 100 8 0,5
PFG_MOEA,1521,1,204.74,1035.69,0 5 29 90 65 6 87 52 60 61 97 75 98 85 88 63 74 78 64 30 15 0,6
PFG_MOEA,1521,2,204.74,1035.69,0 20 91 19 17 31 71 35 40 16 18 68 37 33 21 34 43 92 48 50 0,18
PFG_MOEA,1521,3,204.74,1035.69,0 2 99 1 22 23 84 39 56 25 32 79 24 45 51 49 94 66 53 80 4 0,
PFG_MOEA,1521,4,204.74,1035.69,0 62 77 58 82 86 67 72 70 54 36 3 93 9 100 8 7 46 0,3
PFG_MOEA,1521,5,204.74,1035.69,0 28 69 47 38 44 59 26 10 89 96 83 0,26 96
PFG_MOEA,1521,6,204.74,1035.69,0 81 55 76 42 11 14 73 57 95 41 12 27 13 0,42
PFG_MOEA,1522,1,201.36,1069.24,0 27 12 73 14 11 83 96 26 10 89 59 44 38 47 69 28 46 0,83
PFG_MOEA,1522,2,201.36,1069.24,0 7 30 15 71 35 40 16 18 19 31 17 20 91 0,31
PFG_MOEA,1522,3,201.36,1069.24,0 25 2 99 34 43 92 1 84 23 22 70 72 67 86 82 58 77 50 0,
PFG_MOEA,1522,4,201.36,1069.24,0 4 80 53 66 54 36 3 39 56 68 37 33 21 62 48 0,36 62
PFG_MOEA,1522,5,201.36,1069.24,0 24 45 94 49 32 51 79 5 29 90 65 6 87 52 60 61 97 0,
PFG_MOEA,1522,6,201.36,1069.24,0 42 76 9 55 75 81 93 100 8 57 95 41 98 85 88 63 74 78 64 13 0,42 88
PFG_MOEA,1523,1,235.98,829.78,0 20 91 21 33 37 68 56 39 84 23 22 1 34 43 92 0,34
PFG_MOEA,1523,2,235.98,829.78,0 99 0,99
PFG_MOEA,1523,3,235.98,829.78,0 4 80 53 66 94 45 24 51 49 32 3 36 54 70 72 67 86 82 58 77 62 48 50 25 2 0,
PFG_MOEA,1523,4,235.98,829.78,0 12 73 14 11 83 96 26 10 89 59 44 38 47 69 28 46 7 0,26
PFG_MOEA,1523,5,235.98,829.78,0 79 5 29 90 65 6 87 52 60 61 97 75 13 27 0,
PFG_MOEA,1523,6,235.98,829.78,0 8 100 93 9 55 76 42 81 57 95 41 98 85 88 63 74 78 64 30 15 71 35 31 17 40 16 18 19 0,42 64
PFG_MOEA,1524,1,199.67,1096.55,0 5 29 90 65 6 87 52 60 61 97 75 7 14 73 12 99 2 25 50 48 0,6 52
PFG_MOEA,1524,2,199.67,1096.55,0 24 79 51 45 94 49 32 36 54 70 72 67 86 82 3 62 0,
PFG_MOEA,1524,3,199.67,1096.55,0 4 80 53 66 58 77 46 28 69 47 38 44 59 89 10 26 96 0,69
PFG_MOEA,1524,4,199.67,1096.55,0 8 100 93 81 55 9 76 42 83 11 98 41 95 57 0,
PFG_MOEA,1524,5,199.67,1096.55,0 20 91 21 33 37 18 16 40 35 71 15 30 64 78 74 63 88 85 0,63
PFG_MOEA,1524,6,199.67,1096.55,0 92 43 34 1 22 23 84 39 56 68 19 17 31 27 13 0,31
PFG_MOEA,1525,1,218.48,880.23,0 98 85 88 63 74 78 64 30 15 71 35 40 16 18 19 31 17 20 91 34 43 48 0,43 98
PFG_MOEA,1525,2,218.48,880.23,0 50 92 21 33 37 68 56 39 84 23 22 1 99 2 25 0,99
PFG_MOEA,1525,3,218.48,880.23,0 4 80 53 66 94 49 51 45 24 79 32 3 36 54 70 72 67 86 82 58 77 62 0,
PFG_MOEA,1525,4,218.48,880.23,0 93 9 100 8 7 46 0,
PFG_MOEA,1525,5,218.48,880.23,0 28 69 47 38 44 59 26 10 89 96 83 11 14 73 0,26
PFG_MOEA,1525,6,218.48,880.23,0 5 29 90 65 6 87 52 60 61 97 75 55 76 42 81 57 95 41 12 27 13 0,29 42
PFG_MOEA,1526,1,198.33,1121.84,0 13 27 12 41 95 78 64 30 15 71 35 40 16 18 19 31 17 20 91 0,
PFG_MOEA,1526,2,198.33,1121.84,0 50 48 92 22 23 84 39 56 68 37 33 21 34 43 0,
PFG_MOEA,1526,3,198.33,1121.84,0 4 80 53 66 94 49 51 45 24 79 32 54 36 3 1 99 2 25 0,2
PFG_MOEA,1526,4,198.33,1121.84,0 62 77 58 82 86 67 72 70 93 9 100 8 7 46 28 69 47 0,58 93
PFG_MOEA,1526,5,198.33,1121.84,0 73 98 85 88 63 74 14 11 83 96 44 38 59 26 10 89 5 29 90 0,11 26 63 98
PFG_MOEA,1526,6,198.33,1121.84,0 65 6 87 52 60 61 97 75 55 76 42 81 57 0,
PFG_MOEA,1527,1,205.55,1025.13,0 81 57 95 41 15 30 64 78 74 63 88 85 98 71 35 40 16 18 19 17 31 0,78
PFG_MOEA,1527,2,205.55,1025.13,0 20 91 21 33 37 68 56 39 84 23 22 1 99 34 43 92 53 80 4 0,99
PFG_MOEA,1527,3,205.55,1025.13,0 66 94 3 36 54 70 72 67 32 49 51 45 24 0,
PFG_MOEA,1527,4,205.55,1025.13,0 77 58 82 86 62 48 50 25 2 12 73 14 11 83 96 59 26 89 10 0,12 26 83
PFG_MOEA,1527,5,205.55,1025.13,0 44 38 47 69 28 46 7 75 97 61 60 52 87 6 65 90 29 5 79 0,
PFG_MOEA,1527,6,205.55,1025.13,0 13 27 8 100 93 9 55 76 42 0,76
PFG_MOEA,1528,1,353.71,825.55,0 66 94 49 51 45 24 0,
PFG_MOEA,1528,2,353.71,825.55,0 2 25 50 48 62 77 58 82 86 67 72 70 54 36 3 32 79 5 29 90 65 6 87 52 60 61 55 9 42 76 81 93 100 8 7 46 28 69 47 38 44 59 89 10 26 96 83 11 14 73 12 27 13 0,32 42 44
PFG_MOEA,1528,3,353.71,825.55,0 57 95 41 0,
PFG_MOEA,1528,4,353.71,825.55,0 97 75 98 85 88 63 74 78 64 30 15 71 35 31 17 40 16 18 19 20 91 21 33 37 68 56 39 84 23 22 1 34 43 92 0,64
PFG_MOEA,1528,5,353.71,825.55,0 99 0,
PFG_MOEA,1528,6,353.71,825.55,0 4 80 53 0,
PFG_MOEA,1529,1,207.02,1012.48,0 50 48 62 21 33 37 68 56 39 3 36 54 66 53 80 4 24 0,
PFG_MOEA,1529,2,207.02,1012.48,0 45 94 49 32 51 79 5 29 90 65 6 87 52 60 61 55 9 42 76 81 93 100 8 0,5 32 76
PFG_MOEA,1529,3,207.02,1012.48,0 7 46 28 69 47 38 44 59 89 10 26 96 83 11 14 73 12 0,
PFG_MOEA,1529,4,207.02,1012.48,0 97 75 98 85 88 63 74 78 64 30 15 41 57 95 27 13 0,
PFG_MOEA,1529,5,207.02,1012.48,0 17 31 35 71 40 16 18 19 20 91 25 2 0,
PFG_MOEA,1529,6,207.02,1012.48,0 92 43 34 99 1 84 23 22 70 72 67 86 82 58 77 0,
PFG_MOEA,1530,1,207.74,922.35,0 76 42 57 95 41 98 85 88 63 74 78 64 30 15 71 35 31 17 40 16 18 0,18 42 63 98
PFG_MOEA,1530,2,207.74,922.35,0 19 91 21 33 37 68 56 39 84 23 22 1 99 34 43 92 53 4 0,
PFG_MOEA,1530,3,207.74,922.35,0 80 66 0,
PFG_MOEA,1530,4,207.74,922.35,0 24 51 45 94 49 32 36 54 70 72 67 82 86 3 58 77 62 48 50 25 20 0,67
PFG_MOEA,1530,5,207.74,922.35,0 2 13 27 12 73 14 11 83 96 26 10 89 59 44 38 47 69 28 46 7 75 97 0,2 11 69
PFG_MOEA,1530,6,207.74,922.35,0 79 90 65 6 87 52 5 29 60 61 93 55 9 81 100 8 0,5
PFG_MOEA,1531,1,204.74,1035.69,0 5 29 90 65 6 87 52 60 61 97 75 98 85 88 63 74 78 64 30 15 0,6
PFG_MOEA,1531,2,204.74,1035.69,0 20 91 19 17 31 71 35 40 16 18 68 37 33 21 34 43 92 48 50 0,18
PFG_MOEA,1531,3,204.74,1035.69,0 2 99 1 22 23 84 39 56 25 32 79 24 45 51 49 94 66 53 80 4 0,
PFG_MOEA,1531,4,204.74,1035.69,0 62 77 58 82 86 67 72 70 54 36 3 93 9 100 8 7 46 0,3
PFG_MOEA,1531,5,204.74,1035.69,0 28 69 47 38 44 59 26 10 89 96 83 0,26 96
PFG_MOEA,1531,6,204.74,1035.69,0 81 55 76 42 11 14 73 57 95 41 12 27 13 0,42
PFG_MOEA,1532,1,201.36,1069.24,0 27 12 73 14 11 83 96 26 10 89 59 44 38 47 69 28 46 0,83
PFG_MOEA,1532,2,201.36,1069.24,0 7 30 15 71 35 40 16 18 19 31 17 20 91 0,31
PFG_MOEA,1532,3,201.36,1069.24,0 25 2 99 34 43 92 1 84 23 22 70 72 67 86 82 58 77 50 0,
PFG_MOEA,1532,4,201.36,1069.24,0 4 80 53 66 54 36 3 39 56 68 37 33 21 62 48 0,36 62
PFG_MOEA,1532,5,201.36,1069.24,0 24 45 94 49 32 51 79 5 29 90 65 6 87 52 60 61 97 0,
PFG_MOEA,1532,6,201.36,1069.24,0 42 76 9 55 75 81 93 100 8 57 95 41 98 85 88 63 74 78 64 13 0,42 88
PFG_MOEA,1533,1,235.98,829.78,0 20 91 21 33 37 68 56 39 84 23 22 1 34 43 92 0,34
PFG_MOEA,1533,2,235.98,829.78,0 99 0,99
PFG_MOEA,1533,3,235.98,829.78,0 4 80 53 66 94 45 24 51 49 32 3 36 54 70 72 67 86 82 58 77 62 48 50 25 2 0,
PFG_MOEA,1533,4,235.98,829.78,0 12 73 14 11 83 96 26 10 89 59 44 38 47 69 28 46 7 0,26
PFG_MOEA,1533,5,235.98,829.78,0 79 5 29 90 65 6 87 52 60 61 97 75 13 27 0,
PFG_MOEA,1533,6,235.98,829.78,0 8 100 93 9 55 76 42 81 57 95 41 98 85 88 63 74 78 64 30 15 71 35 31 17 40 16 18 19 0,42 64
PFG_MOEA,1534,1,199.67,1096.55,0 5 29 90 65 6 87 52 60 61 97 75 7 14 73 12 99 2 25 50 48 0,6 52
PFG_MOEA,1534,2,199.67,1096.55,0 24 79 51 45 94 49 32 36 54 70 72 67 86 82 3 62 0,
PFG_MOEA,1534,3,199.67,1096.55,0 4 80 53 66 58 77 46 28 69 47 38 44 59 89 10 26 96 0,69
PFG_MOEA,1534,4,199.67,1096.55,0 8 100 93 81 55 9 76 42 83 11 98 41 95 57 0,
PFG_MOEA,1534,5,199.67,1096.55,0 20 91 21 33 37 18 16 40 35 71 15 30 64 78 74 63 88 85 0,63
PFG_MOEA,1534,6,199.67,1096.55,0 92 43 34 1 22 23 84 39 56 68 19 17 31 27 13 0,31
PFG_MOEA,1535,1,218.48,880.23,0 98 85 88 63 74 78 64 30 15 71 35 40 16 18 19 31 17 20 91 34 43 48 0,43 98
PFG_MOEA,1535,2,218.48,880.23,0 50 92 21 33 37 68 56 39 84 23 22 1 99 2 25 0,99
PFG_MOEA,1535,3,218.48,880.23,0 4 80 53 66 94 49 51 45 24 79 32 3 36 54 70 72 67 86 82 58 77 62 0,
PFG_MOEA,1535,4,218.48,880.23,0 93 9 100 8 7 46 0,
PFG_MOEA,1535,5,218.48,880.23,0 28 69 47 38 44 59 26 10 89 96 83 11 14 73 0,26
PFG_MOEA,1535,6,218.48,880.23,0 5 29 90 65 6 87 52 60 61 97 75 55 76 42 81 57 95 41 12 27 13 0,29 42
PFG_MOEA,1536,1,198.33,1121.84,0 13 27 12 41 95 78 64 30 15 71 35 40 16 18 19 31 17 20 91 0,
PFG_MOEA,1536,2,198.33,1121.84,0 50 48 92 22 23 84 39 56 68 37 33 21 34 43 0,
PFG_MOEA,1536,3,198.33,1121.84,0 4 80 53 66 94 49 51 45 24 79 32 54 36 3 1 99 2 25 0,2
PFG_MOEA,1536,4,198.33,1121.84,0 62 77 58 82 86 67 72 70 93 9 100 8 7 46 28 69 47 0,58 93
PFG_MOEA,1536,5,198.33,1121.84,0 73 98 85 88 63 74 14 11 83 96 44 38 59 26 10 89 5 29 90 0,11 26 63 98
PFG_MOEA,1536,6,198.33,1121.84,0 65 6 87 52 60 61 97 75 55 76 42 81 57 0,
PFG_MOEA,1537,1,205.55,1025.13,0 81 57 95 41 15 30 64 78 74 63 88 85 98 71 35 40 16 18 19 17 31 0,78
PFG_MOEA,1537,2,205.55,1025.13,0 20 91 21 33 37 68 56 39 84 23 22 1 99 34 43 92 53 80 4 0,99
PFG_MOEA,1537,3,205.55,1025.13,0 66 94 3 36 54 70 72 67 32 49 51 45 24 0,
PFG_MOEA,1537,4,205.55,1025.13,0 77 58 82 86 62 48 50 25 2 12 73 14 11 83 96 59 26 89 10 0,12 26 83
PFG_MOEA,1537,5,205.55,1025.13,0 44 38 47 69 28 46 7 75 97 61 60 52 87 6 65 90 29 5 79 0,
PFG_MOEA,1537,6,205.55,1025.13,0 13 27 8 100 93 9 55 76 42 0,76
PFG_MOEA,1538,1,353.71,825.55,0 66 94 49 51 45 24 0,
PFG_MOEA,1538,2,353.71,825.55,0 2 25 50 48 62 77 58 82 86 67 72 70 54 36 3 32 79 5 29 90 65 6 87 52 60 61 55 9 42 76 81 93 100 8 7 46 28 69 47 38 44 59 89 10 26 96 83 11 14 73 12 27 13 0,32 42 44
PFG_MOEA,1538,3,353.71,825.55,0 57 95 41 0,
PFG_MOEA,1538,4,353.71,825.55,0 97 75 98 85 88 63 74 78 64 30 15 71 35 31 17 40 16 18 19 20 91 21 33 37 68 56 39 84 23 22 1 34 43 92 0,64
PFG_MOEA,1538,5,353.71,825.55,0 99 0,
PFG_MOEA,1538,6,353.71,825.55,0 4 80 53 0,
PFG_MOEA,1539,1,207.02,1012.48,0 50 48 62 21 33 37 68 56 39 3 36 54 66 53 80 4 24 0,
PFG_MOEA,1539,2,207.02,1012.48,0 45 94 49 32 51 79 5 29 90 65 6 87 52 60 61 55 9 42 76 81 93 100 8 0,5 32 76
PFG_MOEA,1539,3,207.02,1012.48,0 7 46 28 69 47 38 44 59 89 10 26 96 83 11 14 73 12 0,
PFG_MOEA,1539,4,207.02,1012.48,0 97 75 98 85 88 63 74 78 64 30 15 41 57 95 27 13 0,
PFG_MOEA,1539,5,207.02,1012.48,0 17 31 35 71 40 16 18 19 20 91 25 2 0,
PFG_MOEA,1539,6,207.02,1012.48,0 92 43 34 99 1 84 23 22 70 72 67 86 82 58 77 0,
PFG_MOEA,1540,1,207.74,922.35,0 76 42 57 95 41 98 85 88 63 74 78 64 30 15 71 35 31 17 40 16 18 0,18 42 63 98
PFG_MOEA,1540,2,207.74,922.35,0 19 91 21 33 37 68 56 39 84 23 22 1 99 34 43 92 53 4 0,
PFG_MOEA,1540,3,207.74,922.35,0 80 66 0,
PFG_MOEA,1540,4,207.74,922.35,0 24 51 45 94 49 32 36 54 70 72 67 82 86 3 58 77 62 48 50 25 20 0,67
PFG_MOEA,1540,5,207.74,922.35,0 2 13 27 12 73 14 11 83 96 26 10 89 59 44 38 47 69 28 46 7 75 97 0,2 11 69
PFG_MOEA,1540,6,207.74,922.35,0 79 90 65 6 87 52 5 29 60 61 93 55 9 81 100 8 0,5
PFG_MOEA,1541,1,204.74,1035.69,0 5 29 90 65 6 87 52 60 61 97 75 98 85 88 63 74 78 64 30 15 0,6
PFG_MOEA,1541,2,204.74,1035.69,0 20 91 19 17 31 71 35 40 16 18 68 37 33 21 34 43 92 48 50 0,18
PFG_MOEA,1541,3,204.74,1035.69,0 2 99 1 22 23 84 39 56 25 32 79 24 45 51 49 94 66 53 80 4 0,
PFG_MOEA,1541,4,204.74,1035.69,0 62 77 58 82 86 67 72 70 54 36 3 93 9 100 8 7 46 0,3
PFG_MOEA,1541,5,204.74,1035.69,0 28 69 47 38 44 59 26 10 89 96 83 0,26 96
PFG_MOEA,1541,6,204.74,1035.69,0 81 55 76 42 11 14 73 57 95 41 12 27 13 0,42
PFG_MOEA,1542,1,201.36,1069.24,0 27 12 73 14 11 83 96 26 10 89 59 44 38 47 69 28 46 0,83
PFG_MOEA,1542,2,201.36,1069.24,0 7 30 15 71 35 40 16 18 19 31 17 20 91 0,31
PFG_MOEA,1542,3,201.36,1069.24,0 25 2 99 34 43 92 1 84 23 22 70 72 67 86 82 58 77 50 0,
PFG_MOEA,1542,4,201.36,1069.24,0 4 80 53 66 54 36 3 39 56 68 37 33 21 62 48 0,36 62
PFG_MOEA,1542,5,201.36,1069.24,0 24 45 94 49 32 51 79 5 29 90 65 6 87 52 60 61 97 0,
PFG_MOEA,1542,6,201.36,1069.24,0 42 76 9 55 75 81 93 100 8 57 95 41 98 85 88 63 74 78 64 13 0,42 88
PFG_MOEA,1543,1,235.98,829.78,0 20 91 21 33 37 68 56 39 84 23 22 1 34 43 92 0,34
PFG_MOEA,1543,2,235.98,829.78,0 99 0,99
PFG_MOEA,1543,3,235.98,829.78,0 4 80 53 66 94 45 24 51 49 32 3 36 54 70 72 67 86 82 58 77 62 48 50 25 2 0,
PFG_MOEA,1543,4,235.98,829.78,0 12 73 14 11 83 96 26 10 89 59 44 38 47 69 28 46 7 0,26
PFG_MOEA,1543,5,235.98,829.78,0 79 5 29 90 65 6 87 52 60 61 97 75 13 27 0,
PFG_MOEA,1543,6,235.98,829.78,0 8 100 93 9 55 76 42 81 57 95 41 98 85 88 63 74 78 64 30 15 71 35 31 17 40 16 18 19 0,42 64
PFG_MOEA,1544,1,199.67,1096.55,0 5 29 90 65 6 87 52 60 61 97 75 7 14 73 12 99 2 25 50 48 0,6 52
PFG_MOEA,1544,2,199.67,1096.55,0 24 79 51 45 94 49 32 36 54 70 72 67 86 82 3 62 0,
PFG_MOEA,1544,3,199.67,1096.55,0 4 80 53 66 58 77 46 28 69 47 38 44 59 89 10 26 96 0,69
PFG_MOEA,1544,4,199.67,1096.55,0 8 100 93 81 55 9 76 42 83 11 98 41 95 57 0,
PFG_MOEA,1544,5,199.67,1096.55,0 20 91 21 33 37 18 16 40 35 71 15 30 64 78 74 63 88 85 0,63
PFG_MOEA,1544,6,199.67,1096.55,0 92 43 34 1 22 23 84 39 56 68 19 17 31 27 13 0,31
PFG_MOEA,1545,1,218.48,880.23,0 98 85 88 63 74 78 64 30 15 71 35 40 16 18 19 31 17 20 91 34 43 48 0,43 98
PFG_MOEA,1545,2,218.48,880.23,0 50 92 21 33 37 68 56 39 84 23 22 1 99 2 25 0,99
PFG_MOEA,1545,3,218.48,880.23,0 4 80 53 66 94 49 51 45 24 79 32 3 36 54 70 72 67 86 82 58 77 62 0,
PFG_MOEA,1545,4,218.48,880.23,0 93 9 100 8 7 46 0,
PFG_MOEA,1545,5,218.48,880.23,0 28 69 47 38 44 59 26 10 89 96 83 11 14 73 0,26
PFG_MOEA,1545,6,218.48,880.23,0 5 29 90 65 6 87 52 60 61 97 75 55 76 42 81 57 95 41 12 27 13 0,29 42
PFG_MOEA,1546,1,198.33,1121.84,0 13 27 12 41 95 78 64 30 15 71 35 40 16 18 19 31 17 20 91 0,
PFG_MOEA,1546,2,198.33,1121.84,0 50 48 92 22 23 84 39 56 68 37 33 21 34 43 0,
PFG_MOEA,1546,3,198.33,1121.84,0 4 80 53 66 94 49 51 45 24 79 32 54 36 3 1 99 2 25 0,2
PFG_MOEA,1546,4,198.33,1121.84,0 62 77 58 82 86 67 72 70 93 9 100 8 7 46 28 69 47 0,58 93
PFG_MOEA,1546,5,198.33,1121.84,0 73 98 85 88 63 74 14 11 83 96 44 38 59 26 10 89 5 29 90 0,11 26 63 98
PFG_MOEA,1546,6,198.33,1121.84,0 65 6 87 52 60 61 97 75 55 76 42 81 57 0,
PFG_MOEA,1547,1,205.55,1025.13,0 81 57 95 41 15 30 64 78 74 63 88 85 98 71 35 40 16 18 19 17 31 0,78
PFG_MOEA,1547,2,205.55,1025.13,0 20 91 21 33 37 68 56 39 84 23 22 1 99 34 43 92 53 80 4 0,99
PFG_MOEA,1547,3,205.55,1025.13,0 66 94 3 36 54 70 72 67 32 49 51 45 24 0,
PFG_MOEA,1547,4,205.55,1025.13,0 77 58 82 86 62 48 50 25 2 12 73 14 11 83 96 59 26 89 10 0,12 26 83
PFG_MOEA,1547,5,205.55,1025.13,0 44 38 47 69 28 46 7 75 97 61 60 52 87 6 65 90 29 5 79 0,
PFG_MOEA,1547,6,205.55,1025.13,0 13 27 8 100 93 9 55 76 42 0,76
PFG_MOEA,1548,1,353.71,825.55,0 66 94 49 51 45 24 0,
PFG_MOEA,1548,2,353.71,825.55,0 2 25 50 48 62 77 58 82 86 67 72 70 54 36 3 32 79 5 29 90 65 6 87 52 60 61 55 9 42 76 81 93 100 8 7 46 28 69 47 38 44 59 89 10 26 96 83 11 14 73 12 27 13 0,32 42 44
PFG_MOEA,1548,3,353.71,825.55,0 57 95 41 0,
PFG_MOEA,1548,4,353.71,825.55,0 97 75 98 85 88 63 74 78 64 30 15 71 35 31 17 40 16 18 19 20 91 21 33 37 68 56 39 84 23 22 1 34 43 92 0,64
PFG_MOEA,1548,5,353.71,825.55,0 99 0,
PFG_MOEA,1548,6,353.71,825.55,0 4 80 53 0,
PFG_MOEA,1549,1,207.02,1012.48,0 50 48 62 21 33 37 68 56 39 3 36 54 66 53 80 4 24 0,
PFG_MOEA,1549,2,207.02,1012.48,0 45 94 49 32 51 79 5 29 90 65 6 87 52 60 61 55 9 42 76 81 93 100 8 0,5 32 76
PFG_MOEA,1549,3,207.02,1012.48,0 7 46 28 69 47 38 44 59 89 10 26 96 83 11 14 73 12 0,
PFG_MOEA,1549,4,207.02,1012.48,0 97 75 98 85 88 63 74 78 64 30 15 41 57 95 27 13 0,
PFG_MOEA,1549,5,207.02,1012.48,0 17 31 35 71 40 16 18 19 20 91 25 2 0,
PFG_MOEA,1549,6,207.02,1012.48,0 92 43 34 99 1 84 23 22 70 72 67 86 82 58 77 0,
PFG_MOEA,1550,1,207.74,922.35,0 76 42 57 95 41 98 85 88 63 74 78 64 30 15 71 35 31 17 40 16 18 0,18 42 63 98
PFG_MOEA,1550,2,207.74,922.35,0 19 91 21 33 37 68 56 39 84 23 22 1 99 34 43 92 53 4 0,
PFG_MOEA,1550,3,207.74,922.35,0 80 66 0,
PFG_MOEA,1550,4,207.74,922.35,0 24 51 45 94 49 32 36 54 70 72 67 82 86 3 58 77 62 48 50 25 20 0,67
PFG_MOEA,1550,5,207.74,922.35,0 2 13 27 12 73 14 11 83 96 26 10 89 59 44 38 47 69 28 46 7 75 97 0,2 11 69
PFG_MOEA,1550,6,207.74,922.35,0 79 90 65 6 87 52 5 29 60 61 93 55 9 81 100 8 0,5
PFG_MOEA,1551,1,204.74,1035.69,0 5 29 90 65 6 87 52 60 61 97 75 98 85 88 63 74 78 64 30 15 0,6
PFG_MOEA,1551,2,204.74,1035.69,0 20 91 19 17 31 71 35 40 16 18 68 37 33 21 34 43 92 48 50 0,18
PFG_MOEA,1551,3,204.74,1035.69,0 2 99 1 22 23 84 39 56 25 32 79 24 45 51 49 94 66 53 80 4 0,
PFG_MOEA,1551,4,204.74,1035.69,0 62 77 58 82 86 67 72 70 54 36 3 93 9 100 8 7 46 0,3
PFG_MOEA,1551,5,204.74,1035.69,0 28 69 47 38 44 59 26 10 89 96 83 0,26 96
PFG_MOEA,1551,6,204.74,1035.69,0 81 55 76 42 11 14 73 57 95 41 12 27 13 0,42
PFG_MOEA,1552,1,201.36,1069.24,0 27 12 73 14 11 83 96 26 10 89 59 44 38 47 69 28 46 0,83
PFG_MOEA,1552,2,201.36,1069.24,0 7 30 15 71 35 40 16 18 19 31 17 20 91 0,31
PFG_MOEA,1552,3,201.36,1069.24,0 25 2 99 34 43 92 1 84 23 22 70 72 67 86 82 58 77 50 0,
PFG_MOEA,1552,4,201.36,1069.24,0 4 80 53 66 54 36 3 39 56 68 37 33 21 62 48 0,36 62
PFG_MOEA,1552,5,201.36,1069.24,0 24 45 94 49 32 51 79 5 29 90 65 6 87 52 60 61 97 0,
PFG_MOEA,1552,6,201.36,1069.24,0 42 76 9 55 75 81 93 100 8 57 95 41 98 85 88 63 74 78 64 13 0,42 88
PFG_MOEA,1553,1,235.98,829.78,0 20 91 21 33 37 68 56 39 84 23 22 1 34 43 92 0,34
PFG_MOEA,1553,2,235.98,829.78,0 99 0,99
PFG_MOEA,1553,3,235.98,829.78,0 4 80 53 66 94 45 24 51 49 32 3 36 54 70 72 67 86 82 58 77 62 48 50 25 2 0,
PFG_MOEA,1553,4,235.98,829.78,0 12 73 14 11 83 96 26 10 89 59 44 38 47 69 28 46 7 0,26
PFG_MOEA,1553,5,235.98,829.78,0 79 5 29 90 65 6 87 52 60 61 97 75 13 27 0,
PFG_MOEA,1553,6,235.98,829.78,0 8 100 93 9 55 76 42 81 57 95 41 98 85 88 63 74 78 64 30 15 71 35 31 17 40 16 18 19 0,42 64
PFG_MOEA,1554,1,199.67,1096.55,0 5 29 90 65 6 87 52 60 61 97 75 7 14 73 12 99 2 25 50 48 0,6 52
PFG_MOEA,1554,2,199.67,1096.55,0 24 79 51 45 94 49 32 36 54 70 72 67 86 82 3 62 0,
PFG_MOEA,1554,3,199.67,1096.55,0 4 80 53 66 58 77 46 28 69 47 38 44 59 89 10 26 96 0,69
PFG_MOEA,1554,4,199.67,1096.55,0 8 100 93 81 55 9 76 42 83 11 98 41 95 57 0,
PFG_MOEA,1554,5,199.67,1096.55,0 20 91 21 33 37 18 16 40 35 71 15 30 64 78 74 63 88 85 0,63
PFG_MOEA,1554,6,199.67,1096.55,0 92 43 34 1 22 23 84 39 56 68 19 17 31 27 13 0,31
PFG_MOEA,1555,1,218.48,880.23,0 98 85 88 63 74 78 64 30 15 71 35 40 16 18 19 31 17 20 91 34 43 48 0,43 98
PFG_MOEA,1555,2,218.48,880.23,0 50 92 21 33 37 68 56 39 84 23 22 1 99 2 25 0,99
PFG_MOEA,1555,3,218.48,880.23,0 4 80 53 66 94 49 51 45 24 79 32 3 36 54 70 72 67 86 82 58 77 62 0,
PFG_MOEA,1555,4,218.48,880.23,0 93 9 100 8 7 46 0,
PFG_MOEA,1555,5,218.48,880.23,0 28 69 47 38 44 59 26 10 89 96 83 11 14 73 0,26
PFG_MOEA,1555,6,218.48,880.23,0 5 29 90 65 6 87 52 60 61 97 75 55 76 42 81 57 95 41 12 27 13 0,29 42
PFG_MOEA,1556,1,198.33,1121.84,0 13 27 12 41 95 78 64 30 15 71 35 40 16 18 19 31 17 20 91 0,
PFG_MOEA,1556,2,198.33,1121.84,0 50 48 92 22 23 84 39 56 68 37 33 21 34 43 0,
PFG_MOEA,1556,3,198.33,1121.84,0 4 80 53 66 94 49 51 45 24 79 32 54 36 3 1 99 2 25 0,2
PFG_MOEA,1556,4,198.33,1121.84,0 62 77 58 82 86 67 72 70 93 9 100 8 7 46 28 69 47 0,58 93
PFG_MOEA,1556,5,198.33,1121.84,0 73 98 85 88 63 74 14 11 83 96 44 38 59 26 10 89 5 29 90 0,11 26 63 98
PFG_MOEA,1556,6,198.33,1121.84,0 65 6 87 52 60 61 97 75 55 76 42 81 57 0,
PFG_MOEA,1557,1,205.55,1025.13,0 81 57 95 41 15 30 64 78 74 63 88 85 98 71 35 40 16 18 19 17 31 0,78
PFG_MOEA,1557,2,205.55,1025.13,0 20 91 21 33 37 68 56 39 84 23 22 1 99 34 43 92 53 80 4 0,99
PFG_MOEA,1557,3,205.55,1025.13,0 66 94 3 36 54 70 72 67 32 49 51 45 24 0,
PFG_MOEA,1557,4,205.55,1025.13,0 77 58 82 86 62 48 50 25 2 12 73 14 11 83 96 59 26 89 10 0,12 26 83
PFG_MOEA,1557,5,205.55,1025.13,0 44 38 47 69 28 46 7 75 97 61 60 52 87 6 65 90 29 5 79 0,
PFG_MOEA,1557,6,205.55,1025.13,0 13 27 8 100 93 9 55 76 42 0,76
PFG_MOEA,1558,1,353.71,825.55,0 66 94 49 51 45 24 0,
PFG_MOEA,1558,2,353.71,825.55,0 2 25 50 48 62 77 58 82 86 67 72 70 54 36 3 32 79 5 29 90 65 6 87 52 60 61 55 9 42 76 81 93 100 8 7 46 28 69 47 38 44 59 89 10 26 96 83 11 14 73 12 27 13 0,32 42 44
PFG_MOEA,1558,3,353.71,825.55,0 57 95 41 0,
PFG_MOEA,1558,4,353.71,825.55,0 97 75 98 85 88 63 74 78 64 30 15 71 35 31 17 40 16 18 19 20 91 21 33 37 68 56 39 84 23 22 1 34 43 92 0,64
PFG_MOEA,1558,5,353.71,825.55,0 99 0,
PFG_MOEA,1558,6,353.71,825.55,0 4 80 53 0,
PFG_MOEA,1559,1,207.02,1012.48,0 50 48 62 21 33 37 68 56 39 3 36 54 66 53 80 4 24 0,
PFG_MOEA,1559,2,207.02,1012.48,0 45 94 49 32 51 79 5 29 90 65 6 87 52 60 61 55 9 42 76 81 93 100 8 0,5 32 76
PFG_MOEA,1559,3,207.02,1012.48,0 7 46 28 69 47 38 44 59 89 10 26 96 83 11 14 73 12 0,
PFG_MOEA,1559,4,207.02,1012.48,0 97 75 98 85 88 63 74 78 64 30 15 41 57 95 27 13 0,
PFG_MOEA,1559,5,207.02,1012.48,0 17 31 35 71 40 16 18 19 20 91 25 2 0,
PFG_MOEA,1559,6,207.02,1012.48,0 92 43 34 99 1 84 23 22 70 72 67 86 82 58 77 0,
PFG_MOEA,1560,1,207.74,922.35,0 76 42 57 95 41 98 85 88 63 74 78 64 30 15 71 35 31 17 40 16 18 0,18 42 63 98
PFG_MOEA,1560,2,207.74,922.35,0 19 91 21 33 37 68 56 39 84 23 22 1 99 34 43 92 53 4 0,
PFG_MOEA,1560,3,207.74,922.35,0 80 66 0,
PFG_MOEA,1560,4,207.74,922.35,0 24 51 45 94 49 32 36 54 70 72 67 82 86 3 58 77 62 48 50 25 20 0,67
PFG_MOEA,1560,5,207.74,922.35,0 2 13 27 12 73 14 11 83 96 26 10 89 59 44 38 47 69 28 46 7 75 97 0,2 11 69
PFG_MOEA,1560,6,207.74,922.35,0 79 90 65 6 87 52 5 29 60 61 93 55 9 81 100 8 0,5
PFG_MOEA,1561,1,204.74,1035.69,0 5 29 90 65 6 87 52 60 61 97 75 98 85 88 63 74 78 64 30 15 0,6
PFG_MOEA,1561,2,204.74,1035.69,0 20 91 19 17 31 71 35 40 16 18 68 37 33 21 34 43 92 48 50 0,18
PFG_MOEA,1561,3,204.74,1035.69,0 2 99 1 22 23 84 39 56 25 32 79 24 45 51 49 94 66 53 80 4 0,
PFG_MOEA,1561,4,204.74,1035.69,0 62 77 58 82 86 67 72 70 54 36 3 93 9 100 8 7 46 0,3
PFG_MOEA,1561,5,204.74,1035.69,0 28 69 47 38 44 59 26 10 89 96 83 0,26 96
PFG_MOEA,1561,6,204.74,1035.69,0 81 55 76 42 11 14 73 57 95 41 12 27 13 0,42
PFG_MOEA,1562,1,201.36,1069.24,0 27 12 73 14 11 83 96 26 10 89 59 44 38 47 69 28 46 0,83
PFG_MOEA,1562,2,201.36,1069.24,0 7 30 15 71 35 40 16 18 19 31 17 20 91 0,31
PFG_MOEA,1562,3,201.36,1069.24,0 25 2 99 34 43 92 1 84 23 22 70 72 67 86 82 58 77 50 0,
PFG_MOEA,1562,4,201.36,1069.24,0 4 80 53 66 54 36 3 39 56 68 37 33 21 62 48 0,36 62
PFG_MOEA,1562,5,201.36,1069.24,0 24 45 94 49 32 51 79 5 29 90 65 6 87 52 60 61 97 0,
PFG_MOEA,1562,6,201.36,1069.24,0 42 76 9 55 75 81 93 100 8 57 95 41 98 85 88 63 74 78 64 13 0,42 88
PFG_MOEA,1563,1,235.98,829.78,0 20 91 21 33 37 68 56 39 84 23 22 1 34 43 92 0,34
PFG_MOEA,1563,2,235.98,829.78,0 99 0,99
PFG_MOEA,1563,3,235.98,829.78,0 4 80 53 66 94 45 24 51 49 32 3 36 54 70 72 67 86 82 58 77 62 48 50 25 2 0,
PFG_MOEA,1563,4,235.98,829.78,0 12 73 14 11 83 96 26 10 89 59 44 38 47 69 28 46 7 0,26
PFG_MOEA,1563,5,235.98,829.78,0 79 5 29 90 65 6 87 52 60 61 97 75 13 27 0,
PFG_MOEA,1563,6,235.98,829.78,0 8 100 93 9 55 76 42 81 57 95 41 98 85 88 63 74 78 64 30 15 71 35 31 17 40 16 18 19 0,42 64
PFG_MOEA,1564,1,199.67,1096.55,0 5 29 90 65 6 87 52 60 61 97 75 7 14 73 12 99 2 25 50 48 0,6 52
PFG_MOEA,1564,2,199.67,1096.55,0 24 79 51 45 94 49 32 36 54 70 72 67 86 82 3 62 0,
PFG_MOEA,1564,3,199.67,1096.55,0 4 80 53 66 58 77 46 28 69 47 38 44 59 89 10 26 96 0,69
PFG_MOEA,1564,4,199.67,1096.55,0 8 100 93 81 55 9 76 42 83 11 98 41 95 57 0,
PFG_MOEA,1564,5,199.67,1096.55,0 20 91 21 33 37 18 16 40 35 71 15 30 64 78 74 63 88 85 0,63
PFG_MOEA,1564,6,199.67,1096.55,0 92 43 34 1 22 23 84 39 56 68 19 17 31 27 13 0,31
PFG_MOEA,1565,1,218.48,880.23,0 98 85 88 63 74 78 64 30 15 71 35 40 16 18 19 31 17 20 91 34 43 48 0,43 98
PFG_MOEA,1565,2,218.48,880.23,0 50 92 21 33 37 68 56 39 84 23 22 1 99 2 25 0,99
PFG_MOEA,1565,3,218.48,880.23,0 4 80 53 66 94 49 51 45 24 79 32 3 36 54 70 72 67 86 82 58 77 62 0,
PFG_MOEA,1565,4,218.48,880.23,0 93 9 100 8 7 46 0,
PFG_MOEA,1565,5,218.48,880.23,0 28 69 47 38 44 59 26 10 89 96 83 11 14 73 0,26
PFG_MOEA,1565,6,218.48,880.23,0 5 29 90 65 6 87 52 60 61 97 75 55 76 42 81 57 95 41 12 27 13 0,29 42
PFG_MOEA,1566,1,198.33,1121.84,0 13 27 12 41 95 78 64 30 15 71 35 40 16 18 19 31 17 20 91 0,
PFG_MOEA,1566,2,198.33,1121.84,0 50 48 92 22 23 84 39 56 68 37 33 21 34 43 0,
PFG_MOEA,1566,3,198.33,1121.84,0 4 80 53 66 94 49 51 45 24 79 32 54 36 3 1 99 2 25 0,2
PFG_MOEA,1566,4,198.33,1121.84,0 62 77 58 82 86 67 72 70 93 9 100 8 7 46 28 69 47 0,58 93
PFG_MOEA,1566,5,198.33,1121.84,0 73 98 85 88 63 74 14 11 83 96 44 38 59 26 10 89 5 29 90 0,11 26 63 98
PFG_MOEA,1566,6,198.33,1121.84,0 65 6 87 52 60 61 97 75 55 76 42 81 57 0,
PFG_MOEA,1567,1,205.55,1025.13,0 81 57 95 41 15 30 64 78 74 63 88 85 98 71 35 40 16 18 19 17 31 0,78
PFG_MOEA,1567,2,205.55,1025.13,0 20 91 21 33 37 68 56 39 84 23 22 1 99 34 43 92 53 80 4 0,99
PFG_MOEA,1567,3,205.55,1025.13,0 66 94 3 36 54 70 72 67 32 49 51 45 24 0,
PFG_MOEA,1567,4,205.55,1025.13,0 77 58 82 86 62 48 50 25 2 12 73 14 11 83 96 59 26 89 10 0,12 26 83
PFG_MOEA,1567,5,205.55,1025.13,0 44 38 47 69 28 46 7 75 97 61 60 52 87 6 65 90 29 5 79 0,
PFG_MOEA,1567,6,205.55,1025.13,0 13 27 8 100 93 9 55 76 42 0,76
PFG_MOEA,1568,1,353.71,825.55,0 66 94 49 51 45 24 0,
PFG_MOEA,1568,2,353.71,825.55,0 2 25 50 48 62 77 58 82 86 67 72 70 54 36 3 32 79 5 29 90 65 6 87 52 60 61 55 9 42 76 81 93 100 8 7 46 28 69 47 38 44 59 89 10 26 96 83 11 14 73 12 27 13 0,32 42 44
PFG_MOEA,1568,3,353.71,825.55,0 57 95 41 0,
PFG_MOEA,1568,4,353.71,825.55,0 97 75 98 85 88 63 74 78 64 30 15 71 35 31 17 40 16 18 19 20 91 21 33 37 68 56 39 84 23 22 1 34 43 92 0,64
PFG_MOEA,1568,5,353.71,825.55,0 99 0,
PFG_MOEA,1568,6,353.71,825.55,0 4 80 53 0,
PFG_MOEA,1569,1,207.02,1012.48,0 50 48 62 21 33 37 68 56 39 3 36 54 66 53 80 4 24 0,
PFG_MOEA,1569,2,207.02,1012.48,0 45 94 49 32 51 79 5 29 90 65 6 87 52 60 61 55 9 42 76 81 93 100 8 0,5 32 76
PFG_MOEA,1569,3,207.02,1012.48,0 7 46 28 69 47 38 44 59 89 10 26 96 83 11 14 73 12 0,
PFG_MOEA,1569,4,207.02,1012.48,0 97 75 98 85 88 63 74 78 64 30 15 41 57 95 27 13 0,
PFG_MOEA,1569,5,207.02,1012.48,0 17 31 35 71 40 16 18 19 20 91 25 2 0,
PFG_MOEA,1569,6,207.02,1012.48,0 92 43 34 99 1 84 23 22 70 72 67 86 82 58 77 0,
PFG_MOEA,1570,1,207.74,922.35,0 76 42 57 95 41 98 85 88 63 74 78 64 30 15 71 35 31 17 40 16 18 0,18 42 63 98
PFG_MOEA,1570,2,207.74,922.35,0 19 91 21 33 37 68 56 39 84 23 22 1 99 34 43 92 53 4 0,
PFG_MOEA,1570,3,207.74,922.35,0 80 66 0,
PFG_MOEA,1570,4,207.74,922.35,0 24 51 45 94 49 32 36 54 70 72 67 82 86 3 58 77 62 48 50 25 20 0,67
PFG_MOEA,1570,5,207.74,922.35,0 2 13 27 12 73 14 11 83 96 26 10 89 59 44 38 47 69 28 46 7 75 97 0,2 11 69
PFG_MOEA,1570,6,207.74,922.35,0 79 90 65 6 87 52 5 29 60 61 93 55 9 81 100 8 0,5
PFG_MOEA,1571,1,204.74,1035.69,0 5 29 90 65 6 87 52 60 61 97 75 98 85 88 63 74 78 64 30 15 0,6
PFG_MOEA,1571,2,204.74,1035.69,0 20 91 19 17 31 71 35 40 16 18 68 37 33 21 34 43 92 48 50 0,18
PFG_MOEA,1571,3,204.74,1035.69,0 2 99 1 22 23 84 39 56 25 32 79 24 45 51 49 94 66 53 80 4 0,
PFG_MOEA,1571,4,204.74,1035.69,0 62 77 58 82 86 67 72 70 54 36 3 93 9 100 8 7 46 0,3
PFG_MOEA,1571,5,204.74,1035.69,0 28 69 47 38 44 59 26 10 89 96 83 0,26 96
PFG_MOEA,1571,6,204.74,1035.69,0 81 55 76 42 11 14 73 57 95 41 12 27 13 0,42
PFG_MOEA,1572,1,201.36,1069.24,0 27 12 73 14 11 83 96 26 10 89 59 44 38 47 69 28 46 0,83
PFG_MOEA,1572,2,201.36,1069.24,0 7 30 15 71 35 40 16 18 19 31 17 20 91 0,31
PFG_MOEA,1572,3,201.36,1069.24,0 25 2 99 34 43 92 1 84 23 22 70 72 67 86 82 58 77 50 0,
PFG_MOEA,1572,4,201.36,1069.24,0 4 80 53 66 54 36 3 39 56 68 37 33 21 62 48 0,36 62
PFG_MOEA,1572,5,201.36,1069.24,0 24 45 94 49 32 51 79 5 29 90 65 6 87 52 60 61 97 0,
PFG_MOEA,1572,6,201.36,1069.24,0 42 76 9 55 75 81 93 100 8 57 95 41 98 85 88 63 74 78 64 13 0,42 88
PFG_MOEA,1573,1,235.98,829.78,0 20 91 21 33 37 68 56 39 84 23 22 1 34 43 92 0,34
PFG_MOEA,1573,2,235.98,829.78,0 99 0,99
PFG_MOEA,1573,3,235.98,829.78,0 4 80 53 66 94 45 24 51 49 32 3 36 54 70 72 67 86 82 58 77 62 48 50 25 2 0,
PFG_MOEA,1573,4,235.98,829.78,0 12 73 14 11 83 96 26 10 89 59 44 38 47 69 28 46 7 0,26
PFG_MOEA,1573,5,235.98,829.78,0 79 5 29 90 65 6 87 52 60 61 97 75 13 27 0,
PFG_MOEA,1573,6,235.98,829.78,0 8 100 93 9 55 76 42 81 57 95 41 98 85 88 63 74 78 64 30 15 71 35 31 17 40 16 18 19 0,42 64
PFG_MOEA,1574,1,199.67,1096.55,0 5 29 90 65 6 87 52 60 61 97 75 7 14 73 12 99 2 25 50 48 0,6 52
PFG_MOEA,1574,2,199.67,1096.55,0 24 79 51 45 94 49 32 36 54 70 72 67 86 82 3 62 0,
PFG_MOEA,1574,3,199.67,1096.55,0 4 80 53 66 58 77 46 28 69 47 38 44 59 89 10 26 96 0,69
PFG_MOEA,1574,4,199.67,1096.55,0 8 100 93 81 55 9 76 42 83 11 98 41 95 57 0,
PFG_MOEA,1574,5,199.67,1096.55,0 20 91 21 33 37 18 16 40 35 71 15 30 64 78 74 63 88 85 0,63
PFG_MOEA,1574,6,199.67,1096.55,0 92 43 34 1 22 23 84 39 56 68 19 17 31 27 13 0,31
PFG_MOEA,1575,1,218.48,880.23,0 98 85 88 63 74 78 64 30 15 71 35 40 16 18 19 31 17 20 91 34 43 48 0,43 98
PFG_MOEA,1575,2,218.48,880.23,0 50 92 21 33 37 68 56 39 84 23 22 1 99 2 25 0,99
PFG_MOEA,1575,3,218.48,880.23,0 4 80 53 66 94 49 51 45 24 79 32 3 36 54 70 72 67 86 82 58 77 62 0,
PFG_MOEA,1575,4,218.48,880.23,0 93 9 100 8 7 46 0,
PFG_MOEA,1575,5,218.48,880.23,0 28 69 47 38 44 59 26 10 89 96 83 11 14 73 0,26
PFG_MOEA,1575,6,218.48,880.23,0 5 29 90 65 6 87 52 60 61 97 75 55 76 42 81 57 95 41 12 27 13 0,29 42
PFG_MOEA,1576,1,198.33,1121.84,0 13 27 12 41 95 78 64 30 15 71 35 40 16 18 19 31 17 20 91 0,
PFG_MOEA,1576,2,198.33,1121.84,0 50 48 92 22 23 84 39 56 68 37 33 21 34 43 0,
PFG_MOEA,1576,3,198.33,1121.84,0 4 80 53 66 94 49 51 45 24 79 32 54 36 3 1 99 2 25 0,2
PFG_MOEA,1576,4,198.33,1121.84,0 62 77 58 82 86 67 72 70 93 9 100 8 7 46 28 69 47 0,58 93
PFG_MOEA,1576,5,198.33,1121.84,0 73 98 85 88 63 74 14 11 83 96 44 38 59 26 10 89 5 29 90 0,11 26 63 98
PFG_MOEA,1576,6,198.33,1121.84,0 65 6 87 52 60 61 97 75 55 76 42 81 57 0,
PFG_MOEA,1577,1,205.55,1025.13,0 81 57 95 41 15 30 64 78 74 63 88 85 98 71 35 40 16 18 19 17 31 0,78
PFG_MOEA,1577,2,205.55,1025.13,0 20 91 21 33 37 68 56 39 84 23 22 1 99 34 43 92 53 80 4 0,99
PFG_MOEA,1577,3,205.55,1025.13,0 66 94 3 36 54 70 72 67 32 49 51 45 24 0,
PFG_MOEA,1577,4,205.55,1025.13,0 77 58 82 86 62 48 50 25 2 12 73 14 11 83 96 59 26 89 10 0,12 26 83
PFG_MOEA,1577,5,205.55,1025.13,0 44 38 47 69 28 46 7 75 97 61 60 52 87 6 65 90 29 5 79 0,
PFG_MOEA,1577,6,205.55,1025.13,0 13 27 8 100 93 9 55 76 42 0,76
PFG_MOEA,1578,1,353.71,825.55,0 66 94 49 51 45 24 0,
PFG_MOEA,1578,2,353.71,825.55,0 2 25 50 48 62 77 58 82 86 67 72 70 54 36 3 32 79 5 29 90 65 6 87 52 60 61 55 9 42 76 81 93 100 8 7 46 28 69 47 38 44 59 89 10 26 96 83 11 14 73 12 27 13 0,32 42 44
PFG_MOEA,1578,3,353.71,825.55,0 57 95 41 0,
PFG_MOEA,1578,4,353.71,825.55,0 97 75 98 85 88 63 74 78 64 30 15 71 35 31 17 40 16 18 19 20 91 21 33 37 68 56 39 84 23 22 1 34 43 92 0,64
PFG_MOEA,1578,5,353.71,825.55,0 99 0,
PFG_MOEA,1578,6,353.71,825.55,0 4 80 53 0,
PFG_MOEA,1579,1,207.02,1012.48,0 50 48 62 21 33 37 68 56 39 3 36 54 66 53 80 4 24 0,
PFG_MOEA,1579,2,207.02,1012.48,0 45 94 49 32 51 79 5 29 90 65 6 87 52 60 61 55 9 42 76 81 93 100 8 0,5 32 76
PFG_MOEA,1579,3,207.02,1012.48,0 7 46 28 69 47 38 44 59 89 10 26 96 83 11 14 73 12 0,
PFG_MOEA,1579,4,207.02,1012.48,0 97 75 98 85 88 63 74 78 64 30 15 41 57 95 27 13 0,
PFG_MOEA,1579,5,207.02,1012.48,0 17 31 35 71 40 16 18 19 20 91 25 2 0,
PFG_MOEA,1579,6,207.02,1012.48,0 92 43 34 99 1 84 23 22 70 72 67 86 82 58 77 0,
PFG_MOEA,1580,1,207.74,922.35,0 76 42 57 95 41 98 85 88 63 74 78 64 30 15 71 35 31 17 40 16 18 0,18 42 63 98
PFG_MOEA,1580,2,207.74,922.35,0 19 91 21 33 37 68 56 39 84 23 22 1 99 34 43 92 53 4 0,
PFG_MOEA,1580,3,207.74,922.35,0 80 66 0,
PFG_MOEA,1580,4,207.74,922.35,0 24 51 45 94 49 32 36 54 70 72 67 82 86 3 58 77 62 48 50 25 20 0,67
PFG_MOEA,1580,5,207.74,922.35,0 2 13 27 12 73 14 11 83 96 26 10 89 59 44 38 47 69 28 46 7 75 97 0,2 11 69
PFG_MOEA,1580,6,207.74,922.35,0 79 90 65 6 87 52 5 29 60 61 93 55 9 81 100 8 0,5
PFG_MOEA,1581,1,204.74,1035.69,0 5 29 90 65 6 87 52 60 61 97 75 98 85 88 63 74 78 64 30 15 0,6
PFG_MOEA,1581,2,204.74,1035.69,0 20 91 19 17 31 71 35 40 16 18 68 37 33 21 34 43 92 48 50 0,18
PFG_MOEA,1581,3,204.74,1035.69,0 2 99 1 22 23 84 39 56 25 32 79 24 45 51 49 94 66 53 80 4 0,
PFG_MOEA,1581,4,204.74,1035.69,0 62 77 58 82 86 67 72 70 54 36 3 93 9 100 8 7 46 0,3
PFG_MOEA,1581,5,204.74,1035.69,0 28 69 47 38 44 59 26 10 89 96 83 0,26 96
PFG_MOEA,1581,6,204.74,1035.69,0 81 55 76 42 11 14 73 57 95 41 12 27 13 0,42
PFG_MOEA,1582,1,201.36,1069.24,0 27 12 73 14 11 83 96 26 10 89 59 44 38 47 69 28 46 0,83
PFG_MOEA,1582,2,201.36,1069.24,0 7 30 15 71 35 40 16 18 19 31 17 20 91 0,31
PFG_MOEA,1582,3,201.36,1069.24,0 25 2 99 34 43 92 1 84 23 22 70 72 67 86 82 58 77 50 0,
PFG_MOEA,1582,4,201.36,1069.24,0 4 80 53 66 54 36 3 39 56 68 37 33 21 62 48 0,36 62
PFG_MOEA,1582,5,201.36,1069.24,0 24 45 94 49 32 51 79 5 29 90 65 6 87 52 60 61 97 0,
PFG_MOEA,1582,6,201.36,1069.24,0 42 76 9 55 75 81 93 100 8 57 95 41 98 85 88 63 74 78 64 13 0,42 88
PFG_MOEA,1583,1,235.98,829.78,0 20 91 21 33 37 68 56 39 84 23 22 1 34 43 92 0,34
PFG_MOEA,1583,2,235.98,829.78,0 99 0,99
PFG_MOEA,1583,3,235.98,829.78,0 4 80 53 66 94 45 24 51 49 32 3 36 54 70 72 67 86 82 58 77 62 48 50 25 2 0,
PFG_MOEA,1583,4,235.98,829.78,0 12 73 14 11 83 96 26 10 89 59 44 38 47 69 28 46 7 0,26
PFG_MOEA,1583,5,235.98,829.78,0 79 5 29 90 65 6 87 52 60 61 97 75 13 27 0,
PFG_MOEA,1583,6,235.98,829.78,0 8 100 93 9 55 76 42 81 57 95 41 98 85 88 63 74 78 64 30 15 71 35 31 17 40 16 18 19 0,42 64
PFG_MOEA,1584,1,199.67,1096.55,0 5 29 90 65 6 87 52 60 61 97 75 7 14 73 12 99 2 25 50 48 0,6 52
PFG_MOEA,1584,2,199.67,1096.55,0 24 79 51 45 94 49 32 36 54 70 72 67 86 82 3 62 0,
PFG_MOEA,1584,3,199.67,1096.55,0 4 80 53 66 58 77 46 28 69 47 38 44 59 89 10 26 96 0,69
PFG_MOEA,1584,4,199.67,1096.55,0 8 100 93 81 55 9 76 42 83 11 98 41 95 57 0,
PFG_MOEA,1584,5,199.67,1096.55,0 20 91 21 33 37 18 16 40 35 71 15 30 64 78 74 63 88 85 0,63
PFG_MOEA,1584,6,199.67,1096.55,0 92 43 34 1 22 23 84 39 56 68 19 17 31 27 13 0,31
PFG_MOEA,1585,1,218.48,880.23,0 98 85 88 63 74 78 64 30 15 71 35 40 16 18 19 31 17 20 91 34 43 48 0,43 98
PFG_MOEA,1585,2,218.48,880.23,0 50 92 21 33 37 68 56 39 84 23 22 1 99 2 25 0,99
PFG_MOEA,1585,3,218.48,880.23,0 4 80 53 66 94 49 51 45 24 79 32 3 36 54 70 72 67 86 82 58 77 62 0,
PFG_MOEA,1585,4,218.48,880.23,0 93 9 100 8 7 46 0,
PFG_MOEA,1585,5,218.48,880.23,0 28 69 47 38 44 59 26 10 89 96 83 11 14 73 0,26
PFG_MOEA,1585,6,218.48,880.23,0 5 29 90 65 6 87 52 60 61 97 75 55 76 42 81 57 95 41 12 27 13 0,29 42
PFG_MOEA,1586,1,198.33,1121.84,0 13 27 12 41 95 78 64 30 15 71 35 40 16 18 19 31 17 20 91 0,
PFG_MOEA,1586,2,198.33,1121.84,0 50 48 92 22 23 84 39 56 68 37 33 21 34 43 0,
PFG_MOEA,1586,3,198.33,1121.84,0 4 80 53 66 94 49 51 45 24 79 32 54 36 3 1 99 2 25 0,2
PFG_MOEA,1586,4,198.33,1121.84,0 62 77 58 82 86 67 72 70 93 9 100 8 7 46 28 69 47 0,58 93
PFG_MOEA,1586,5,198.33,1121.84,0 73 98 85 88 63 74 14 11 83 96 44 38 59 26 10 89 5 29 90 0,11 26 63 98
PFG_MOEA,1586,6,198.33,1121.84,0 65 6 87 52 60 61 97 75 55 76 42 81 57 0,
PFG_MOEA,1587,1,205.55,1025.13,0 81 57 95 41 15 30 64 78 74 63 88 85 98 71 35 40 16 18 19 17 31 0,78
PFG_MOEA,1587,2,205.55,1025.13,0 20 91 21 33 37 68 56 39 84 23 22 1 99 34 43 92 53 80 4 0,99
PFG_MOEA,1587,3,205.55,1025.13,0 66 94 3 36 54 70 72 67 32 49 51 45 24 0,
PFG_MOEA,1587,4,205.55,1025.13,0 77 58 82 86 62 48 50 25 2 12 73 14 11 83 96 59 26 89 10 0,12 26 83
PFG_MOEA,1587,5,205.55,1025.13,0 44 38 47 69 28 46 7 75 97 61 60 52 87 6 65 90 29 5 79 0,
PFG_MOEA,1587,6,205.55,1025.13,0 13 27 8 100 93 9 55 76 42 0,76
PFG_MOEA,1588,1,353.71,825.55,0 66 94 49 51 45 24 0,
PFG_MOEA,1588,2,353.71,825.55,0 2 25 50 48 62 77 58 82 86 67 72 70 54 36 3 32 79 5 29 90 65 6 87 52 60 61 55 9 42 76 81 93 100 8 7 46 28 69 47 38 44 59 89 10 26 96 83 11 14 73 12 27 13 0,32 42 44
PFG_MOEA,1588,3,353.71,825.55,0 57 95 41 0,
PFG_MOEA,1588,4,353.71,825.55,0 97 75 98 85 88 63 74 78 64 30 15 71 35 31 17 40 16 18 19 20 91 21 33 37 68 56 39 84 23 22 1 34 43 92 0,64
PFG_MOEA,1588,5,353.71,825.55,0 99 0,
PFG_MOEA,1588,6,353.71,825.55,0 4 80 53 0,
PFG_MOEA,1589,1,207.02,1012.48,0 50 48 62 21 33 37 68 56 39 3 36 54 66 53 80 4 24 0,
PFG_MOEA,1589,2,207.02,1012.48,0 45 94 49 32 51 79 5 29 90 65 6 87 52 60 61 55 9 42 76 81 93 100 8 0,5 32 76
PFG_MOEA,1589,3,207.02,1012.48,0 7 46 28 69 47 38 44 59 89 10 26 96 83 11 14 73 12 0,
PFG_MOEA,1589,4,207.02,1012.48,0 97 75 98 85 88 63 74 78 64 30 15 41 57 95 27 13 0,
PFG_MOEA,1589,5,207.02,1012.48,0 17 31 35 71 40 16 18 19 20 91 25 2 0,
PFG_MOEA,1589,6,207.02,1012.48,0 92 43 34 99 1 84 23 22 70 72 67 86 82 58 77 0,
PFG_MOEA,1590,1,207.74,922.35,0 76 42 57 95 41 98 85 88 63 74 78 64 30 15 71 35 31 17 40 16 18 0,18 42 63 98
PFG_MOEA,1590,2,207.74,922.35,0 19 91 21 33 37 68 56 39 84 23 22 1 99 34 43 92 53 4 0,
PFG_MOEA,1590,3,207.74,922.35,0 80 66 0,
PFG_MOEA,1590,4,207.74,922.35,0 24 51 45 94 49 32 36 54 70 72 67 82 86 3 58 77 62 48 50 25 20 0,67
PFG_MOEA,1590,5,207.74,922.35,0 2 13 27 12 73 14 11 83 96 26 10 89 59 44 38 47 69 28 46 7 75 97 0,2 11 69
PFG_MOEA,1590,6,207.74,922.35,0 79 90 65 6 87 52 5 29 60 61 93 55 9 81 100 8 0,5
PFG_MOEA,1591,1,204.74,1035.69,0 5 29 90 65 6 87 52 60 61 97 75 98 85 88 63 74 78 64 30 15 0,6
PFG_MOEA,1591,2,204.74,1035.69,0 20 91 19 17 31 71 35 40 16 18 68 37 33 21 34 43 92 48 50 0,18
PFG_MOEA,1591,3,204.74,1035.69,0 2 99 1 22 23 84 39 56 25 32 79 24 45 51 49 94 66 53 80 4 0,
PFG_MOEA,1591,4,204.74,1035.69,0 62 77 58 82 86 67 72 70 54 36 3 93 9 100 8 7 46 0,3
PFG_MOEA,1591,5,204.74,1035.69,0 28 69 47 38 44 59 26 10 89 96 83 0,26 96
PFG_MOEA,1591,6,204.74,1035.69,0 81 55 76 42 11 14 73 57 95 41 12 27 13 0,42
PFG_MOEA,1592,1,201.36,1069.24,0 27 12 73 14 11 83 96 26 10 89 59 44 38 47 69 28 46 0,83
PFG_MOEA,1592,2,201.36,1069.24,0 7 30 15 71 35 40 16 18 19 31 17 20 91 0,31
PFG_MOEA,1592,3,201.36,1069.24,0 25 2 99 34 43 92 1 84 23 22 70 72 67 86 82 58 77 50 0,
PFG_MOEA,1592,4,201.36,1069.24,0 4 80 53 66 54 36 3 39 56 68 37 33 21 62 48 0,36 62
PFG_MOEA,1592,5,201.36,1069.24,0 24 45 94 49 32 51 79 5 29 90 65 6 87 52 60 61 97 0,
PFG_MOEA,1592,6,201.36,1069.24,0 42 76 9 55 75 81 93 100 8 57 95 41 98 85 88 63 74 78 64 13 0,42 88
PFG_MOEA,1593,1,235.98,829.78,0 20 91 21 33 37 68 56 39 84 23 22 1 34 43 92 0,34
PFG_MOEA,1593,2,235.98,829.78,0 99 0,99
PFG_MOEA,1593,3,235.98,829.78,0 4 80 53 66 94 45 24 51 49 32 3 36 54 70 72 67 86 82 58 77 62 48 50 25 2 0,
PFG_MOEA,1593,4,235.98,829.78,0 12 73 14 11 83 96 26 10 89 59 44 38 47 69 28 46 7 0,26
PFG_MOEA,1593,5,235.98,829.78,0 79 5 29 90 65 6 87 52 60 61 97 75 13 27 0,
PFG_MOEA,1593,6,235.98,829.78,0 8 100 93 9 55 76 42 81 57 95 41 98 85 88 63 74 78 64 30 15 71 35 31 17 40 16 18 19 0,42 64
PFG_MOEA,1594,1,199.67,1096.55,0 5 29 90 65 6 87 52 60 61 97 75 7 14 73 12 99 2 25 50 48 0,6 52
PFG_MOEA,1594,2,199.67,1096.55,0 24 79 51 45 94 49 32 36 54 70 72 67 86 82 3 62 0,
PFG_MOEA,1594,3,199.67,1096.55,0 4 80 53 66 58 77 46 28 69 47 38 44 59 89 10 26 96 0,69
PFG_MOEA,1594,4,199.67,1096.55,0 8 100 93 81 55 9 76 42 83 11 98 41 95 57 0,
PFG_MOEA,1594,5,199.67,1096.55,0 20 91 21 33 37 18 16 40 35 71 15 30 64 78 74 63 88 85 0,63
PFG_MOEA,1594,6,199.67,1096.55,0 92 43 34 1 22 23 84 39 56 68 19 17 31 27 13 0,31
PFG_MOEA,1595,1,218.48,880.23,0 98 85 88 63 74 78 64 30 15 71 35 40 16 18 19 31 17 20 91 34 43 48 0,43 98
PFG_MOEA,1595,2,218.48,880.23,0 50 92 21 33 37 68 56 39 84 23 22 1 99 2 25 0,99
PFG_MOEA,1595,3,218.48,880.23,0 4 80 53 66 94 49 51 45 24 79 32 3 36 54 70 72 67 86 82 58 77 62 0,
PFG_MOEA,1595,4,218.48,880.23,0 93 9 100 8 7 46 0,
PFG_MOEA,1595,5,218.48,880.23,0 28 69 47 38 44 59 26 10 89 96 83 11 14 73 0,26
PFG_MOEA,1595,6,218.48,880.23,0 5 29 90 65 6 87 52 60 61 97 75 55 76 42 81 57 95 41 12 27 13 0,29 42
PFG_MOEA,1596,1,198.33,1121.84,0 13 27 12 41 95 78 64 30 15 71 35 40 16 18 19 31 17 20 91 0,
PFG_MOEA,1596,2,198.33,1121.84,0 50 48 92 22 23 84 39 56 68 37 33 21 34 43 0,
PFG_MOEA,1596,3,198.33,1121.84,0 4 80 53 66 94 49 51 45 24 79 32 54 36 3 1 99 2 25 0,2
PFG_MOEA,1596,4,198.33,1121.84,0 62 77 58 82 86 67 72 70 93 9 100 8 7 46 28 69 47 0,58 93
PFG_MOEA,1596,5,198.33,1121.84,0 73 98 85 88 63 74 14 11 83 96 44 38 59 26 10 89 5 29 90 0,11 26 63 98
PFG_MOEA,1596,6,198.33,1121.84,0 65 6 87 52 60 61 97 75 55 76 42 81 57 0,
PFG_MOEA,1597,1,205.55,1025.13,0 81 57 95 41 15 30 64 78 74 63 88 85 98 71 35 40 16 18 19 17 31 0,78
PFG_MOEA,1597,2,205.55,1025.13,0 20 91 21 33 37 68 56 39 84 23 22 1 99 34 43 92 53 80 4 0,99
PFG_MOEA,1597,3,205.55,1025.13,0 66 94 3 36 54 70 72 67 32 49 51 45 24 0,
PFG_MOEA,1597,4,205.55,1025.13,0 77 58 82 86 62 48 50 25 2 12 73 14 11 83 96 59 26 89 10 0,12 26 83
PFG_MOEA,1597,5,205.55,1025.13,0 44 38 47 69 28 46 7 75 97 61 60 52 87 6 65 90 29 5 79 0,
PFG_MOEA,1597,6,205.55,1025.13,0 13 27 8 100 93 9 55 76 42 0,76
PFG_MOEA,1598,1,353.71,825.55,0 66 94 49 51 45 24 0,
PFG_MOEA,1598,2,353.71,825.55,0 2 25 50 48 62 77 58 82 86 67 72 70 54 36 3 32 79 5 29 90 65 6 87 52 60 61 55 9 42 76 81 93 100 8 7 46 28 69 47 38 44 59 89 10 26 96 83 11 14 73 12 27 13 0,32 42 44
PFG_MOEA,1598,3,353.71,825.55,0 57 95 41 0,
PFG_MOEA,1598,4,353.71,825.55,0 97 75 98 85 88 63 74 78 64 30 15 71 35 31 17 40 16 18 19 20 91 21 33 37 68 56 39 84 23 22 1 34 43 92 0,64
PFG_MOEA,1598,5,353.71,825.55,0 99 0,
PFG_MOEA,1598,6,353.71,825.55,0 4 80 53 0,
PFG_MOEA,1599,1,207.02,1012.48,0 50 48 62 21 33 37 68 56 39 3 36 54 66 53 80 4 24 0,
PFG_MOEA,1599,2,207.02,1012.48,0 45 94 49 32 51 79 5 29 90 65 6 87 52 60 61 55 9 42 76 81 93 100 8 0,5 32 76
PFG_MOEA,1599,3,207.02,1012.48,0 7 46 28 69 47 38 44 59 89 10 26 96 83 11 14 73 12 0,
PFG_MOEA,1599,4,207.02,1012.48,0 97 75 98 85 88 63 74 78 64 30 15 41 57 95 27 13 0,
PFG_MOEA,1599,5,207.02,1012.48,0 17 31 35 71 40 16 18 19 20 91 25 2 0,
PFG_MOEA,1599,6,207.02,1012.48,0 92 43 34 99 1 84 23 22 70 72 67 86 82 58 77 0,
PFG_MOEA,1600,1,207.74,922.35,0 76 42 57 95 41 98 85 88 63 74 78 64 30 15 71 35 31 17 40 16 18 0,18 42 63 98
PFG_MOEA,1600,2,207.74,922.35,0 19 91 21 33 37 68 56 39 84 23 22 1 99 34 43 92 53 4 0,
PFG_MOEA,1600,3,207.74,922.35,0 80 66 0,
PFG_MOEA,1600,4,207.74,922.35,0 24 51 45 94 49 32 36 54 70 72 67 82 86 3 58 77 62 48 50 25 20 0,67
PFG_MOEA,1600,5,207.74,922.35,0 2 13 27 12 73 14 11 83 96 26 10 89 59 44 38 47 69 28 46 7 75 97 0,2 11 69
PFG_MOEA,1600,6,207.74,922.35,0 79 90 65 6 87 52 5 29 60 61 93 55 9 81 100 8 0,5
PFG_MOEA,1601,1,204.74,1035.69,0 5 29 90 65 6 87 52 60 61 97 75 98 85 88 63 74 78 64 30 15 0,6
PFG_MOEA,1601,2,204.74,1035.69,0 20 91 19 17 31 71 35 40 16 18 68 37 33 21 34 43 92 48 50 0,18
PFG_MOEA,1601,3,204.74,1035.69,0 2 99 1 22 23 84 39 56 25 32 79 24 45 51 49 94 66 53 80 4 0,
PFG_MOEA,1601,4,204.74,1035.69,0 62 77 58 82 86 67 72 70 54 36 3 93 9 100 8 7 46 0,3
PFG_MOEA,1601,5,204.74,1035.69,0 28 69 47 38 44 59 26 10 89 96 83 0,26 96
PFG_MOEA,1601,6,204.74,1035.69,0 81 55 76 42 11 14 73 57 95 41 12 27 13 0,42
PFG_MOEA,1602,1,201.36,1069.24,0 27 12 73 14 11 83 96 26 10 89 59 44 38 47 69 28 46 0,83
PFG_MOEA,1602,2,201.36,1069.24,0 7 30 15 71 35 40 16 18 19 31 17 20 91 0,31
PFG_MOEA,1602,3,201.36,1069.24,0 25 2 99 34 43 92 1 84 23 22 70 72 67 86 82 58 77 50 0,
PFG_MOEA,1602,4,201.36,1069.24,0 4 80 53 66 54 36 3 39 56 68 37 33 21 62 48 0,36 62
PFG_MOEA,1602,5,201.36,1069.24,0 24 45 94 49 32 51 79 5 29 90 65 6 87 52 60 61 97 0,
PFG_MOEA,1602,6,201.36,1069.24,0 42 76 9 55 75 81 93 100 8 57 95 41 98 85 88 63 74 78 64 13 0,42 88
PFG_MOEA,1603,1,235.98,829.78,0 20 91 21 33 37 68 56 39 84 23 22 1 34 43 92 0,34
PFG_MOEA,1603,2,235.98,829.78,0 99 0,99
PFG_MOEA,1603,3,235.98,829.78,0 4 80 53 66 94 45 24 51 49 32 3 36 54 70 72 67 86 82 58 77 62 48 50 25 2 0,
PFG_MOEA,1603,4,235.98,829.78,0 12 73 14 11 83 96 26 10 89 59 44 38 47 69 28 46 7 0,26
PFG_MOEA,1603,5,235.98,829.78,0 79 5 29 90 65 6 87 52 60 61 97 75 13 27 0,
PFG_MOEA,1603,6,235.98,829.78,0 8 100 93 9 55 76 42 81 57 95 41 98 85 88 63 74 78 64 30 15 71 35 31 17 40 16 18 19 0,42 64
PFG_MOEA,1604,1,199.67,1096.55,0 5 29 90 65 6 87 52 60 61 97 75 7 14 73 12 99 2 25 50 48 0,6 52
PFG_MOEA,1604,2,199.67,1096.55,0 24 79 51 45 94 49 32 36 54 70 72 67 86 82 3 62 0,
PFG_MOEA,1604,3,199.67,1096.55,0 4 80 53 66 58 77 46 28 69 47 38 44 59 89 10 26 96 0,69
PFG_MOEA,1604,4,199.67,1096.55,0 8 100 93 81 55 9 76 42 83 11 98 41 95 57 0,
PFG_MOEA,1604,5,199.67,1096.55,0 20 91 21 33 37 18 16 40 35 71 15 30 64 78 74 63 88 85 0,63
PFG_MOEA,1604,6,199.67,1096.55,0 92 43 34 1 22 23 84 39 56 68 19 17 31 27 13 0,31
PFG_MOEA,1605,1,218.48,880.23,0 98 85 88 63 74 78 64 30 15 71 35 40 16 18 19 31 17 20 91 34 43 48 0,43 98
PFG_MOEA,1605,2,218.48,880.23,0 50 92 21 33 37 68 56 39 84 23 22 1 99 2 25 0,99
PFG_MOEA,1605,3,218.48,880.23,0 4 80 53 66 94 49 51 45 24 79 32 3 36 54 70 72 67 86 82 58 77 62 0,
PFG_MOEA,1605,4,218.48,880.23,0 93 9 100 8 7 46 0,
PFG_MOEA,1605,5,218.48,880.23,0 28 69 47 38 44 59 26 10 89 96 83 11 14 73 0,26
PFG_MOEA,1605,6,218.48,880.23,0 5 29 90 65 6 87 52 60 61 97 75 55 76 42 81 57 95 41 12 27 13 0,29 42
PFG_MOEA,1606,1,198.33,1121.84,0 13 27 12 41 95 78 64 30 15 71 35 40 16 18 19 31 17 20 91 0,
PFG_MOEA,1606,2,198.33,1121.84,0 50 48 92 22 23 84 39 56 68 37 33 21 34 43 0,
PFG_MOEA,1606,3,198.33,1121.84,0 4 80 53 66 94 49 51 45 24 79 32 54 36 3 1 99 2 25 0,2
PFG_MOEA,1606,4,198.33,1121.84,0 62 77 58 82 86 67 72 70 93 9 100 8 7 46 28 69 47 0,58 93
PFG_MOEA,1606,5,198.33,1121.84,0 73 98 85 88 63 74 14 11 83 96 44 38 59 26 10 89 5 29 90 0,11 26 63 98
PFG_MOEA,1606,6,198.33,1121.84,0 65 6 87 52 60 61 97 75 55 76 42 81 57 0,
PFG_MOEA,1607,1,205.55,1025.13,0 81 57 95 41 15 30 64 78 74 63 88 85 98 71 35 40 16 18 19 17 31 0,78
PFG_MOEA,1607,2,205.55,1025.13,0 20 91 21 33 37 68 56 39 84 23 22 1 99 34 43 92 53 80 4 0,99
PFG_MOEA,1607,3,205.55,1025.13,0 66 94 3 36 54 70 72 67 32 49 51 45 24 0,
PFG_MOEA,1607,4,205.55,1025.13,0 77 58 82 86 62 48 50 25 2 12 73 14 11 83 96 59 26 89 10 0,12 26 83
PFG_MOEA,1607,5,205.55,1025.13,0 44 38 47 69 28 46 7 75 97 61 60 52 87 6 65 90 29 5 79 0,
PFG_MOEA,1607,6,205.55,1025.13,0 13 27 8 100 93 9 55 76 42 0,76
PFG_MOEA,1608,1,353.71,825.55,0 66 94 49 51 45 24 0,
PFG_MOEA,1608,2,353.71,825.55,0 2 25 50 48 62 77 58 82 86 67 72 70 54 36 3 32 79 5 29 90 65 6 87 52 60 61 55 9 42 76 81 93 100 8 7 46 28 69 47 38 44 59 89 10 26 96 83 11 14 73 12 27 13 0,32 42 44
PFG_MOEA,1608,3,353.71,825.55,0 57 95 41 0,
PFG_MOEA,1608,4,353.71,825.55,0 97 75 98 85 88 63 74 78 64 30 15 71 35 31 17 40 16 18 19 20 91 21 33 37 68 56 39 84 23 22 1 34 43 92 0,64
PFG_MOEA,1608,5,353.71,825.55,0 99 0,
PFG_MOEA,1608,6,353.71,825.55,0 4 80 53 0,
PFG_MOEA,1609,1,207.02,1012.48,0 50 48 62 21 33 37 68 56 39 3 36 54 66 53 80 4 24 0,
PFG_MOEA,1609,2,207.02,1012.48,0 45 94 49 32 51 79 5 29 90 65 6 87 52 60 61 55 9 42 76 81 93 100 8 0,5 32 76
PFG_MOEA,1609,3,207.02,1012.48,0 7 46 28 69 47 38 44 59 89 10 26 96 83 11 14 73 12 0,
PFG_MOEA,1609,4,207.02,1012.48,0 97 75 98 85 88 63 74 78 64 30 15 41 57 95 27 13 0,
PFG_MOEA,1609,5,207.02,1012.48,0 17 31 35 71 40 16 18 19 20 91 25 2 0,
PFG_MOEA,1609,6,207.02,1012.48,0 92 43 34 99 1 84 23 22 70 72 67 86 82 58 77 0,
PFG_MOEA,1610,1,207.74,922.35,0 76 42 57 95 41 98 85 88 63 74 78 64 30 15 71 35 31 17 40 16 18 0,18 42 63 98
PFG_MOEA,1610,2,207.74,922.35,0 19 91 21 33 37 68 56 39 84 23 22 1 99 34 43 92 53 4 0,
PFG_MOEA,1610,3,207.74,922.35,0 80 66 0,
PFG_MOEA,1610,4,207.74,922.35,0 24 51 45 94 49 32 36 54 70 72 67 82 86 3 58 77 62 48 50 25 20 0,67
PFG_MOEA,1610,5,207.74,922.35,0 2 13 27 12 73 14 11 83 96 26 10 89 59 44 38 47 69 28 46 7 75 97 0,2 11 69
PFG_MOEA,1610,6,207.74,922.35,0 79 90 65 6 87 52 5 29 60 61 93 55 9 81 100 8 0,5
PFG_MOEA,1611,1,204.74,1035.69,0 5 29 90 65 6 87 52 60 61 97 75 98 85 88 63 74 78 64 30 15 0,6
PFG_MOEA,1611,2,204.74,1035.69,0 20 91 19 17 31 71 35 40 16 18 68 37 33 21 34 43 92 48 50 0,18
PFG_MOEA,1611,3,204.74,1035.69,0 2 99 1 22 23 84 39 56 25 32 79 24 45 51 49 94 66 53 80 4 0,
PFG_MOEA,1611,4,204.74,1035.69,0 62 77 58 82 86 67 72 70 54 36 3 93 9 100 8 7 46 0,3
PFG_MOEA,1611,5,204.74,1035.69,0 28 69 47 38 44 59 26 10 89 96 83 0,26 96
PFG_MOEA,1611,6,204.74,1035.69,0 81 55 76 42 11 14 73 57 95 41 12 27 13 0,42
PFG_MOEA,1612,1,201.36,1069.24,0 27 12 73 14 11 83 96 26 10 89 59 44 38 47 69 28 46 0,83
PFG_MOEA,1612,2,201.36,1069.24,0 7 30 15 71 35 40 16 18 19 31 17 20 91 0,31
PFG_MOEA,1612,3,201.36,1069.24,0 25 2 99 34 43 92 1 84 23 22 70 72 67 86 82 58 77 50 0,
PFG_MOEA,1612,4,201.36,1069.24,0 4 80 53 66 54 36 3 39 56 68 37 33 21 62 48 0,36 62
PFG_MOEA,1612,5,201.36,1069.24,0 24 45 94 49 32 51 79 5 29 90 65 6 87 52 60 61 97 0,
PFG_MOEA,1612,6,201.36,1069.24,0 42 76 9 55 75 81 93 100 8 57 95 41 98 85 88 63 74 78 64 13 0,42 88
PFG_MOEA,1613,1,235.98,829.78,0 20 91 21 33 37 68 56 39 84 23 22 1 34 43 92 0,34
PFG_MOEA,1613,2,235.98,829.78,0 99 0,99
PFG_MOEA,1613,3,235.98,829.78,0 4 80 53 66 94 45 24 51 49 32 3 36 54 70 72 67 86 82 58 77 62 48 50 25 2 0,
PFG_MOEA,1613,4,235.98,829.78,0 12 73 14 11 83 96 26 10 89 59 44 38 47 69 28 46 7 0,26
PFG_MOEA,1613,5,235.98,829.78,0 79 5 29 90 65 6 87 52 60 61 97 75 13 27 0,
PFG_MOEA,1613,6,235.98,829.78,0 8 100 93 9 55 76 42 81 57 95 41 98 85 88 63 74 78 64 30 15 71 35 31 17 40 16 18 19 0,42 64
PFG_MOEA,1614,1,199.67,1096.55,0 5 29 90 65 6 87 52 60 61 97 75 7 14 73 12 99 2 25 50 48 0,6 52
PFG_MOEA,1614,2,199.67,1096.55,0 24 79 51 45 94 49 32 36 54 70 72 67 86 82 3 62 0,
PFG_MOEA,1614,3,199.67,1096.55,0 4 80 53 66 58 77 46 28 69 47 38 44 59 89 10 26 96 0,69
PFG_MOEA,1614,4,199.67,1096.55,0 8 100 93 81 55 9 76 42 83 11 98 41 95 57 0,
PFG_MOEA,1614,5,199.67,1096.55,0 20 91 21 33 37 18 16 40 35 71 15 30 64 78 74 63 88 85 0,63
PFG_MOEA,1614,6,199.67,1096.55,0 92 43 34 1 22 23 84 39 56 68 19 17 31 27 13 0,31
PFG_MOEA,1615,1,218.48,880.23,0 98 85 88 63 74 78 64 30 15 71 35 40 16 18 19 31 17 20 91 34 43 48 0,43 98
PFG_MOEA,1615,2,218.48,880.23,0 50 92 21 33 37 68 56 39 84 23 22 1 99 2 25 0,99
PFG_MOEA,1615,3,218.48,880.23,0 4 80 53 66 94 49 51 45 24 79 32 3 36 54 70 72 67 86 82 58 77 62 0,
PFG_MOEA,1615,4,218.48,880.23,0 93 9 100 8 7 46 0,
PFG_MOEA,1615,5,218.48,880.23,0 28 69 47 38 44 59 26 10 89 96 83 11 14 73 0,26
PFG_MOEA,1615,6,218.48,880.23,0 5 29 90 65 6 87 52 60 61 97 75 55 76 42 81 57 95 41 12 27 13 0,29 42
PFG_MOEA,1616,1,198.33,1121.84,0 13 27 12 41 95 78 64 30 15 71 35 40 16 18 19 31 17 20 91 0,
PFG_MOEA,1616,2,198.33,1121.84,0 50 48 92 22 23 84 39 56 68 37 33 21 34 43 0,
PFG_MOEA,1616,3,198.33,1121.84,0 4 80 53 66 94 49 51 45 24 79 32 54 36 3 1 99 2 25 0,2
PFG_MOEA,1616,4,198.33,1121.84,0 62 77 58 82 86 67 72 70 93 9 100 8 7 46 28 69 47 0,58 93
PFG_MOEA,1616,5,198.33,1121.84,0 73 98 85 88 63 74 14 11 83 96 44 38 59 26 10 89 5 29 90 0,11 26 63 98
PFG_MOEA,1616,6,198.33,1121.84,0 65 6 87 52 60 61 97 75 55 76 42 81 57 0,
PFG_MOEA,1617,1,205.55,1025.13,0 81 57 95 41 15 30 64 78 74 63 88 85 98 71 35 40 16 18 19 17 31 0,78
PFG_MOEA,1617,2,205.55,1025.13,0 20 91 21 33 37 68 56 39 84 23 22 1 99 34 43 92 53 80 4 0,99
PFG_MOEA,1617,3,205.55,1025.13,0 66 94 3 36 54 70 72 67 32 49 51 45 24 0,
PFG_MOEA,1617,4,205.55,1025.13,0 77 58 82 86 62 48 50 25 2 12 73 14 11 83 96 59 26 89 10 0,12 26 83
PFG_MOEA,1617,5,205.55,1025.13,0 44 38 47 69 28 46 7 75 97 61 60 52 87 6 65 90 29 5 79 0,
PFG_MOEA,1617,6,205.55,1025.13,0 13 27 8 100 93 9 55 76 42 0,76
PFG_MOEA,1618,1,353.71,825.55,0 66 94 49 51 45 24 0,
PFG_MOEA,1618,2,353.71,825.55,0 2 25 50 48 62 77 58 82 86 67 72 70 54 36 3 32 79 5 29 90 65 6 87 52 60 61 55 9 42 76 81 93 100 8 7 46 28 69 47 38 44 59 89 10 26 96 83 11 14 73 12 27 13 0,32 42 44
PFG_MOEA,1618,3,353.71,825.55,0 57 95 41 0,
PFG_MOEA,1618,4,353.71,825.55,0 97 75 98 85 88 63 74 78 64 30 15 71 35 31 17 40 16 18 19 20 91 21 33 37 68 56 39 84 23 22 1 34 43 92 0,64
PFG_MOEA,1618,5,353.71,825.55,0 99 0,
PFG_MOEA,1618,6,353.71,825.55,0 4 80 53 0,
PFG_MOEA,1619,1,207.02,1012.48,0 50 48 62 21 33 37 68 56 39 3 36 54 66 53 80 4 24 0,
PFG_MOEA,1619,2,207.02,1012.48,0 45 94 49 32 51 79 5 29 90 65 6 87 52 60 61 55 9 42 76 81 93 100 8 0,5 32 76
PFG_MOEA,1619,3,207.02,1012.48,0 7 46 28 69 47 38 44 59 89 10 26 96 83 11 14 73 12 0,
PFG_MOEA,1619,4,207.02,1012.48,0 97 75 98 85 88 63 74 78 64 30 15 41 57 95 27 13 0,
PFG_MOEA,1619,5,207.02,1012.48,0 17 31 35 71 40 16 18 19 20 91 25 2 0,
PFG_MOEA,1619,6,207.02,1012.48,0 92 43 34 99 1 84 23 22 70 72 67 86 82 58 77 0,
PFG_MOEA,1620,1,207.74,922.35,0 76 42 57 95 41 98 85 88 63 74 78 64 30 15 71 35 31 17 40 16 18 0,18 42 63 98
PFG_MOEA,1620,2,207.74,922.35,0 19 91 21 33 37 68 56 39 84 23 22 1 99 34 43 92 53 4 0,
PFG_MOEA,1620,3,207.74,922.35,0 80 66 0,
PFG_MOEA,1620,4,207.74,922.35,0 24 51 45 94 49 32 36 54 70 72 67 82 86 3 58 77 62 48 50 25 20 0,67
PFG_MOEA,1620,5,207.74,922.35,0 2 13 27 12 73 14 11 83 96 26 10 89 59 44 38 47 69 28 46 7 75 97 0,2 11 69
PFG_MOEA,1620,6,207.74,922.35,0 79 90 65 6 87 52 5 29 60 61 93 55 9 81 100 8 0,5
PFG_MOEA,1621,1,204.74,1035.69,0 5 29 90 65 6 87 52 60 61 97 75 98 85 88 63 74 78 64 30 15 0,6
PFG_MOEA,1621,2,204.74,1035.69,0 20 91 19 17 31 71 35 40 16 18 68 37 33 21 34 43 92 48 50 0,18
PFG_MOEA,1621,3,204.74,1035.69,0 2 99 1 22 23 84 39 56 25 32 79 24 45 51 49 94 66 53 80 4 0,
PFG_MOEA,1621,4,204.74,1035.69,0 62 77 58 82 86 67 72 70 54 36 3 93 9 100 8 7 46 0,3
PFG_MOEA,1621,5,204.74,1035.69,0 28 69 47 38 44 59 26 10 89 96 83 0,26 96
PFG_MOEA,1621,6,204.74,1035.69,0 81 55 76 42 11 14 73 57 95 41 12 27 13 0,42
PFG_MOEA,1622,1,201.36,1069.24,0 27 12 73 14 11 83 96 26 10 89 59 44 38 47 69 28 46 0,83
PFG_MOEA,1622,2,201.36,1069.24,0 7 30 15 71 35 40 16 18 19 31 17 20 91 0,31
PFG_MOEA,1622,3,201.36,1069.24,0 25 2 99 34 43 92 1 84 23 22 70 72 67 86 82 58 77 50 0,
PFG_MOEA,1622,4,201.36,1069.24,0 4 80 53 66 54 36 3 39 56 68 37 33 21 62 48 0,36 62
PFG_MOEA,1622,5,201.36,1069.24,0 24 45 94 49 32 51 79 5 29 90 65 6 87 52 60 61 97 0,
PFG_MOEA,1622,6,201.36,1069.24,0 42 76 9 55 75 81 93 100 8 57 95 41 98 85 88 63 74 78 64 13 0,42 88
PFG_MOEA,1623,1,235.98,829.78,0 20 91 21 33 37 68 56 39 84 23 22 1 34 43 92 0,34
PFG_MOEA,1623,2,235.98,829.78,0 99 0,99
PFG_MOEA,1623,3,235.98,829.78,0 4 80 53 66 94 45 24 51 49 32 3 36 54 70 72 67 86 82 58 77 62 48 50 25 2 0,
PFG_MOEA,1623,4,235.98,829.78,0 12 73 14 11 83 96 26 10 89 59 44 38 47 69 28 46 7 0,26
PFG_MOEA,1623,5,235.98,829.78,0 79 5 29 90 65 6 87 52 60 61 97 75 13 27 0,
PFG_MOEA,1623,6,235.98,829.78,0 8 100 93 9 55 76 42 81 57 95 41 98 85 88 63 74 78 64 30 15 71 35 31 17 40 16 18 19 0,42 64
PFG_MOEA,1624,1,199.67,1096.55,0 5 29 90 65 6 87 52 60 61 97 75 7 14 73 12 99 2 25 50 48 0,6 52
PFG_MOEA,1624,2,199.67,1096.55,0 24 79 51 45 94 49 32 36 54 70 72 67 86 82 3 62 0,
PFG_MOEA,1624,3,199.67,1096.55,0 4 80 53 66 58 77 46 28 69 47 38 44 59 89 10 26 96 0,69
PFG_MOEA,1624,4,199.67,1096.55,0 8 100 93 81 55 9 76 42 83 11 98 41 95 57 0,
PFG_MOEA,1624,5,199.67,1096.55,0 20 91 21 33 37 18 16 40 35 71 15 30 64 78 74 63 88 85 0,63
PFG_MOEA,1624,6,199.67,1096.55,0 92 43 34 1 22 23 84 39 56 68 19 17 31 27 13 0,31
PFG_MOEA,1625,1,218.48,880.23,0 98 85 88 63 74 78 64 30 15 71 35 40 16 18 19 31 17 20 91 34 43 48 0,43 98
PFG_MOEA,1625,2,218.48,880.23,0 50 92 21 33 37 68 56 39 84 23 22 1 99 2 25 0,99
PFG_MOEA,1625,3,218.48,880.23,0 4 80 53 66 94 49 51 45 24 79 32 3 36 54 70 72 67 86 82 58 77 62 0,
PFG_MOEA,1625,4,218.48,880.23,0 93 9 100 8 7 46 0,
PFG_MOEA,1625,5,218.48,880.23,0 28 69 47 38 44 59 26 10 89 96 83 11 14 73 0,26
PFG_MOEA,1625,6,218.48,880.23,0 5 29 90 65 6 87 52 60 61 97 75 55 76 42 81 57 95 41 12 27 13 0,29 42
PFG_MOEA,1626,1,198.33,1121.84,0 13 27 12 41 95 78 64 30 15 71 35 40 16 18 19 31 17 20 91 0,
PFG_MOEA,1626,2,198.33,1121.84,0 50 48 92 22 23 84 39 56 68 37 33 21 34 43 0,
PFG_MOEA,1626,3,198.33,1121.84,0 4 80 53 66 94 49 51 45 24 79 32 54 36 3 1 99 2 25 0,2
PFG_MOEA,1626,4,198.33,1121.84,0 62 77 58 82 86 67 72 70 93 9 100 8 7 46 28 69 47 0,58 93
PFG_MOEA,1626,5,198.33,1121.84,0 73 98 85 88 63 74 14 11 83 96 44 38 59 26 10 89 5 29 90 0,11 26 63 98
PFG_MOEA,1626,6,198.33,1121.84,0 65 6 87 52 60 61 97 75 55 76 42 81 57 0,
PFG_MOEA,1627,1,205.55,1025.13,0 81 57 95 41 15 30 64 78 74 63 88 85 98 71 35 40 16 18 19 17 31 0,78
PFG_MOEA,1627,2,205.55,1025.13,0 20 91 21 33 37 68 56 39 84 23 22 1 99 34 43 92 53 80 4 0,99
PFG_MOEA,1627,3,205.55,1025.13,0 66 94 3 36 54 70 72 67 32 49 51 45 24 0,
PFG_MOEA,1627,4,205.55,1025.13,0 77 58 82 86 62 48 50 25 2 12 73 14 11 83 96 59 26 89 10 0,12 26 83
PFG_MOEA,1627,5,205.55,1025.13,0 44 38 47 69 28 46 7 75 97 61 60 52 87 6 65 90 29 5 79 0,
PFG_MOEA,1627,6,205.55,1025.13,0 13 27 8 100 93 9 55 76 42 0,76
PFG_MOEA,1628,1,353.71,825.55,0 66 94 49 51 45 24 0,
PFG_MOEA,1628,2,353.71,825.55,0 2 25 50 48 62 77 58 82 86 67 72 70 54 36 3 32 79 5 29 90 65 6 87 52 60 61 55 9 42 76 81 93 100 8 7 46 28 69 47 38 44 59 89 10 26 96 83 11 14 73 12 27 13 0,32 42 44
PFG_MOEA,1628,3,353.71,825.55,0 57 95 41 0,
PFG_MOEA,1628,4,353.71,825.55,0 97 75 98 85 88 63 74 78 64 30 15 71 35 31 17 40 16 18 19 20 91 21 33 37 68 56 39 84 23 22 1 34 43 92 0,64
PFG_MOEA,1628,5,353.71,825.55,0 99 0,
PFG_MOEA,1628,6,353.71,825.55,0 4 80 53 0,
PFG_MOEA,1629,1,207.02,1012.48,0 50 48 62 21 33 37 68 56 39 3 36 54 66 53 80 4 24 0,
PFG_MOEA,1629,2,207.02,1012.48,0 45 94 49 32 51 79 5 29 90 65 6 87 52 60 61 55 9 42 76 81 93 100 8 0,5 32 76
PFG_MOEA,1629,3,207.02,1012.48,0 7 46 28 69 47 38 44 59 89 10 26 96 83 11 14 73 12 0,
PFG_MOEA,1629,4,207.02,1012.48,0 97 75 98 85 88 63 74 78 64 30 15 41 57 95 27 13 0,
PFG_MOEA,1629,5,207.02,1012.48,0 17 31 35 71 40 16 18 19 20 91 25 2 0,
PFG_MOEA,1629,6,207.02,1012.48,0 92 43 34 99 1 84 23 22 70 72 67 86 82 58 77 0,
PFG_MOEA,1630,1,207.74,922.35,0 76 42 57 95 41 98 85 88 63 74 78 64 30 15 71 35 31 17 40 16 18 0,18 42 63 98
PFG_MOEA,1630,2,207.74,922.35,0 19 91 21 33 37 68 56 39 84 23 22 1 99 34 43 92 53 4 0,
PFG_MOEA,1630,3,207.74,922.35,0 80 66 0,
PFG_MOEA,1630,4,207.74,922.35,0 24 51 45 94 49 32 36 54 70 72 67 82 86 3 58 77 62 48 50 25 20 0,67
PFG_MOEA,1630,5,207.74,922.35,0 2 13 27 12 73 14 11 83 96 26 10 89 59 44 38 47 69 28 46 7 75 97 0,2 11 69
PFG_MOEA,1630,6,207.74,922.35,0 79 90 65 6 87 52 5 29 60 61 93 55 9 81 100 8 0,5
PFG_MOEA,1631,1,204.74,1035.69,0 5 29 90 65 6 87 52 60 61 97 75 98 85 88 63 74 78 64 30 15 0,6
PFG_MOEA,1631,2,204.74,1035.69,0 20 91 19 17 31 71 35 40 16 18 68 37 33 21 34 43 92 48 50 0,18
PFG_MOEA,1631,3,204.74,1035.69,0 2 99 1 22 23 84 39 56 25 32 79 24 45 51 49 94 66 53 80 4 0,
PFG_MOEA,1631,4,204.74,1035.69,0 62 77 58 82 86 67 72 70 54 36 3 93 9 100 8 7 46 0,3
PFG_MOEA,1631,5,204.74,1035.69,0 28 69 47 38 44 59 26 10 89 96 83 0,26 96
PFG_MOEA,1631,6,204.74,1035.69,0 81 55 76 42 11 14 73 57 95 41 12 27 13 0,42
PFG_MOEA,1632,1,201.36,1069.24,0 27 12 73 14 11 83 96 26 10 89 59 44 38 47 69 28 46 0,83
PFG_MOEA,1632,2,201.36,1069.24,0 7 30 15 71 35 40 16 18 19 31 17 20 91 0,31
PFG_MOEA,1632,3,201.36,1069.24,0 25 2 99 34 43 92 1 84 23 22 70 72 67 86 82 58 77 50 0,
PFG_MOEA,1632,4,201.36,1069.24,0 4 80 53 66 54 36 3 39 56 68 37 33 21 62 48 0,36 62
PFG_MOEA,1632,5,201.36,1069.24,0 24 45 94 49 32 51 79 5 29 90 65 6 87 52 60 61 97 0,
PFG_MOEA,1632,6,201.36,1069.24,0 42 76 9 55 75 81 93 100 8 57 95 41 98 85 88 63 74 78 64 13 0,42 88
PFG_MOEA,1633,1,235.98,829.78,0 20 91 21 33 37 68 56 39 84 23 22 1 34 43 92 0,34
PFG_MOEA,1633,2,235.98,829.78,0 99 0,99
PFG_MOEA,1633,3,235.98,829.78,0 4 80 53 66 94 45 24 51 49 32 3 36 54 70 72 67 86 82 58 77 62 48 50 25 2 0,
PFG_MOEA,1633,4,235.98,829.78,0 12 73 14 11 83 96 26 10 89 59 44 38 47 69 28 46 7 0,26
PFG_MOEA,1633,5,235.98,829.78,0 79 5 29 90 65 6 87 52 60 61 97 75 13 27 0,
PFG_MOEA,1633,6,235.98,829.78,0 8 100 93 9 55 76 42 81 57 95 41 98 85 88 63 74 78 64 30 15 71 35 31 17 40 16 18 19 0,42 64
PFG_MOEA,1634,1,199.67,1096.55,0 5 29 90 65 6 87 52 60 61 97 75 7 14 73 12 99 2 25 50 48 0,6 52
PFG_MOEA,1634,2,199.67,1096.55,0 24 79 51 45 94 49 32 36 54 70 72 67 86 82 3 62 0,
PFG_MOEA,1634,3,199.67,1096.55,0 4 80 53 66 58 77 46 28 69 47 38 44 59 89 10 26 96 0,69
PFG_MOEA,1634,4,199.67,1096.55,0 8 100 93 81 55 9 76 42 83 11 98 41 95 57 0,
PFG_MOEA,1634,5,199.67,1096.55,0 20 91 21 33 37 18 16 40 35 71 15 30 64 78 74 63 88 85 0,63
PFG_MOEA,1634,6,199.67,1096.55,0 92 43 34 1 22 23 84 39 56 68 19 17 31 27 13 0,31
PFG_MOEA,1635,1,218.48,880.23,0 98 85 88 63 74 78 64 30 15 71 35 40 16 18 19 31 17 20 91 34 43 48 0,43 98
PFG_MOEA,1635,2,218.48,880.23,0 50 92 21 33 37 68 56 39 84 23 22 1 99 2 25 0,99
PFG_MOEA,1635,3,218.48,880.23,0 4 80 53 66 94 49 51 45 24 79 32 3 36 54 70 72 67 86 82 58 77 62 0,
PFG_MOEA,1635,4,218.48,880.23,0 93 9 100 8 7 46 0,
PFG_MOEA,1635,5,218.48,880.23,0 28 69 47 38 44 59 26 10 89 96 83 11 14 73 0,26
PFG_MOEA,1635,6,218.48,880.23,0 5 29 90 65 6 87 52 60 61 97 75 55 76 42 81 57 95 41 12 27 13 0,29 42
PFG_MOEA,1636,1,198.33,1121.84,0 13 27 12 41 95 78 64 30 15 71 35 40 16 18 19 31 17 20 91 0,
PFG_MOEA,1636,2,198.33,1121.84,0 50 48 92 22 23 84 39 56 68 37 33 21 34 43 0,
PFG_MOEA,1636,3,198.33,1121.84,0 4 80 53 66 94 49 51 45 24 79 32 54 36 3 1 99 2 25 0,2
PFG_MOEA,1636,4,198.33,1121.84,0 62 77 58 82 86 67 72 70 93 9 100 8 7 46 28 69 47 0,58 93
PFG_MOEA,1636,5,198.33,1121.84,0 73 98 85 88 63 74 14 11 83 96 44 38 59 26 10 89 5 29 90 0,11 26 63 98
PFG_MOEA,1636,6,198.33,1121.84,0 65 6 87 52 60 61 97 75 55 76 42 81 57 0,
PFG_MOEA,1637,1,205.55,1025.13,0 81 57 95 41 15 30 64 78 74 63 88 85 98 71 35 40 16 18 19 17 31 0,78
PFG_MOEA,1637,2,205.55,1025.13,0 20 91 21 33 37 68 56 39 84 23 22 1 99 34 43 92 53 80 4 0,99
PFG_MOEA,1637,3,205.55,1025.13,0 66 94 3 36 54 70 72 67 32 49 51 45 24 0,
PFG_MOEA,1637,4,205.55,1025.13,0 77 58 82 86 62 48 50 25 2 12 73 14 11 83 96 59 26 89 10 0,12 26 83
PFG_MOEA,1637,5,205.55,1025.13,0 44 38 47 69 28 46 7 75 97 61 60 52 87 6 65 90 29 5 79 0,
PFG_MOEA,1637,6,205.55,1025.13,0 13 27 8 100 93 9 55 76 42 0,76
PFG_MOEA,1638,1,353.71,825.55,0 66 94 49 51 45 24 0,
PFG_MOEA,1638,2,353.71,825.55,0 2 25 50 48 62 77 58 82 86 67 72 70 54 36 3 32 79 5 29 90 65 6 87 52 60 61 55 9 42 76 81 93 100 8 7 46 28 69 47 38 44 59 89 10 26 96 83 11 14 73 12 27 13 0,32 42 44
PFG_MOEA,1638,3,353.71,825.55,0 57 95 41 0,
PFG_MOEA,1638,4,353.71,825.55,0 97 75 98 85 88 63 74 78 64 30 15 71 35 31 17 40 16 18 19 20 91 21 33 37 68 56 39 84 23 22 1 34 43 92 0,64
PFG_MOEA,1638,5,353.71,825.55,0 99 0,
PFG_MOEA,1638,6,353.71,825.55,0 4 80 53 0,
PFG_MOEA,1639,1,207.02,1012.48,0 50 48 62 21 33 37 68 56 39 3 36 54 66 53 80 4 24 0,
PFG_MOEA,1639,2,207.02,1012.48,0 45 94 49 32 51 79 5 29 90 65 6 87 52 60 61 55 9 42 76 81 93 100 8 0,5 32 76
PFG_MOEA,1639,3,207.02,1012.48,0 7 46 28 69 47 38 44 59 89 10 26 96 83 11 14 73 12 0,
PFG_MOEA,1639,4,207.02,1012.48,0 97 75 98 85 88 63 74 78 64 30 15 41 57 95 27 13 0,
PFG_MOEA,1639,5,207.02,1012.48,0 17 31 35 71 40 16 18 19 20 91 25 2 0,
PFG_MOEA,1639,6,207.02,1012.48,0 92 43 34 99 1 84 23 22 70 72 67 86 82 58 77 0,
PFG_MOEA,1640,1,207.74,922.35,0 76 42 57 95 41 98 85 88 63 74 78 64 30 15 71 35 31 17 40 16 18 0,18 42 63 98
PFG_MOEA,1640,2,207.74,922.35,0 19 91 21 33 37 68 56 39 84 23 22 1 99 34 43 92 53 4 0,
PFG_MOEA,1640,3,207.74,922.35,0 80 66 0,
PFG_MOEA,1640,4,207.74,922.35,0 24 51 45 94 49 32 36 54 70 72 67 82 86 3 58 77 62 48 50 25 20 0,67
PFG_MOEA,1640,5,207.74,922.35,0 2 13 27 12 73 14 11 83 96 26 10 89 59 44 38 47 69 28 46 7 75 97 0,2 11 69
PFG_MOEA,1640,6,207.74,922.35,0 79 90 65 6 87 52 5 29 60 61 93 55 9 81 100 8 0,5
PFG_MOEA,1641,1,204.74,1035.69,0 5 29 90 65 6 87 52 60 61 97 75 98 85 88 63 74 78 64 30 15 0,6
PFG_MOEA,1641,2,204.74,1035.69,0 20 91 19 17 31 71 35 40 16 18 68 37 33 21 34 43 92 48 50 0,18
PFG_MOEA,1641,3,204.74,1035.69,0 2 99 1 22 23 84 39 56 25 32 79 24 45 51 49 94 66 53 80 4 0,
PFG_MOEA,1641,4,204.74,1035.69,0 62 77 58 82 86 67 72 70 54 36 3 93 9 100 8 7 46 0,3
PFG_MOEA,1641,5,204.74,1035.69,0 28 69 47 38 44 59 26 10 89 96 83 0,26 96
PFG_MOEA,1641,6,204.74,1035.69,0 81 55 76 42 11 14 73 57 95 41 12 27 13 0,42
PFG_MOEA,1642,1,201.36,1069.24,0 27 12 73 14 11 83 96 26 10 89 59 44 38 47 69 28 46 0,83
PFG_MOEA,1642,2,201.36,1069.24,0 7 30 15 71 35 40 16 18 19 31 17 20 91 0,31
PFG_MOEA,1642,3,201.36,1069.24,0 25 2 99 34 43 92 1 84 23 22 70 72 67 86 82 58 77 50 0,
PFG_MOEA,1642,4,201.36,1069.24,0 4 80 53 66 54 36 3 39 56 68 37 33 21 62 48 0,36 62
PFG_MOEA,1642,5,201.36,1069.24,0 24 45 94 49 32 51 79 5 29 90 65 6 87 52 60 61 97 0,
PFG_MOEA,1642,6,201.36,1069.24,0 42 76 9 55 75 81 93 100 8 57 95 41 98 85 88 63 74 78 64 13 0,42 88
PFG_MOEA,1643,1,235.98,829.78,0 20 91 21 33 37 68 56 39 84 23 22 1 34 43 92 0,34
PFG_MOEA,1643,2,235.98,829.78,0 99 0,99
PFG_MOEA,1643,3,235.98,829.78,0 4 80 53 66 94 45 24 51 49 32 3 36 54 70 72 67 86 82 58 77 62 48 50 25 2 0,
PFG_MOEA,1643,4,235.98,829.78,0 12 73 14 11 83 96 26 10 89 59 44 38 47 69 28 46 7 0,26
PFG_MOEA,1643,5,235.98,829.78,0 79 5 29 90 65 6 87 52 60 61 97 75 13 27 0,
PFG_MOEA,1643,6,235.98,829.78,0 8 100 93 9 55 76 42 81 57 95 41 98 85 88 63 74 78 64 30 15 71 35 31 17 40 16 18 19 0,42 64
PFG_MOEA,1644,1,199.67,1096.55,0 5 29 90 65 6 87 52 60 61 97 75 7 14 73 12 99 2 25 50 48 0,6 52
PFG_MOEA,1644,2,199.67,1096.55,0 24 79 51 45 94 49 32 36 54 70 72 67 86 82 3 62 0,
PFG_MOEA,1644,3,199.67,1096.55,0 4 80 53 66 58 77 46 28 69 47 38 44 59 89 10 26 96 0,69
PFG_MOEA,1644,4,199.67,1096.55,0 8 100 93 81 55 9 76 42 83 11 98 41 95 57 0,
PFG_MOEA,1644,5,199.67,1096.55,0 20 91 21 33 37 18 16 40 35 71 15 30 64 78 74 63 88 85 0,63
PFG_MOEA,1644,6,199.67,1096.55,0 92 43 34 1 22 23 84 39 56 68 19 17 31 27 13 0,31
PFG_MOEA,1645,1,218.48,880.23,0 98 85 88 63 74 78 64 30 15 71 35 40 16 18 19 31 17 20 91 34 43 48 0,43 98
PFG_MOEA,1645,2,218.48,880.23,0 50 92 21 33 37 68 56 39 84 23 22 1 99 2 25 0,99
PFG_MOEA,1645,3,218.48,880.23,0 4 80 53 66 94 49 51 45 24 79 32 3 36 54 70 72 67 86 82 58 77 62 0,
PFG_MOEA,1645,4,218.48,880.23,0 93 9 100 8 7 46 0,
PFG_MOEA,1645,5,218.48,880.23,0 28 69 47 38 44 59 26 10 89 96 83 11 14 73 0,26
PFG_MOEA,1645,6,218.48,880.23,0 5 29 90 65 6 87 52 60 61 97 75 55 76 42 81 57 95 41 12 27 13 0,29 42
PFG_MOEA,1646,1,198.33,1121.84,0 13 27 12 41 95 78 64 30 15 71 35 40 16 18 19 31 17 20 91 0,
PFG_MOEA,1646,2,198.33,1121.84,0 50 48 92 22 23 84 39 56 68 37 33 21 34 43 0,
PFG_MOEA,1646,3,198.33,1121.84,0 4 80 53 66 94 49 51 45 24 79 32 54 36 3 1 99 2 25 0,2
PFG_MOEA,1646,4,198.33,1121.84,0 62 77 58 82 86 67 72 70 93 9 100 8 7 46 28 69 47 0,58 93
PFG_MOEA,1646,5,198.33,1121.84,0 73 98 85 88 63 74 14 11 83 96 44 38 59 26 10 89 5 29 90 0,11 26 63 98
PFG_MOEA,1646,6,198.33,1121.84,0 65 6 87 52 60 61 97 75 55 76 42 81 57 0,
PFG_MOEA,1647,1,205.55,1025.13,0 81 57 95 41 15 30 64 78 74 63 88 85 98 71 35 40 16 18 19 17 31 0,78
PFG_MOEA,1647,2,205.55,1025.13,0 20 91 21 33 37 68 56 39 84 23 22 1 99 34 43 92 53 80 4 0,99
PFG_MOEA,1647,3,205.55,1025.13,0 66 94 3 36 54 70 72 67 32 49 51 45 24 0,
PFG_MOEA,1647,4,205.55,1025.13,0 77 58 82 86 62 48 50 25 2 12 73 14 11 83 96 59 26 89 10 0,12 26 83
PFG_MOEA,1647,5,205.55,1025.13,0 44 38 47 69 28 46 7 75 97 61 60 52 87 6 65 90 29 5 79 0,
PFG_MOEA,1647,6,205.55,1025.13,0 13 27 8 100 93 9 55 76 42 0,76
PFG_MOEA,1648,1,353.71,825.55,0 66 94 49 51 45 24 0,
PFG_MOEA,1648,2,353.71,825.55,0 2 25 50 48 62 77 58 82 86 67 72 70 54 36 3 32 79 5 29 90 65 6 87 52 60 61 55 9 42 76 81 93 100 8 7 46 28 69 47 38 44 59 89 10 26 96 83 11 14 73 12 27 13 0,32 42 44
PFG_MOEA,1648,3,353.71,825.55,0 57 95 41 0,
PFG_MOEA,1648,4,353.71,825.55,0 97 75 98 85 88 63 74 78 64 30 15 71 35 31 17 40 16 18 19 20 91 21 33 37 68 56 39 84 23 22 1 34 43 92 0,64
PFG_MOEA,1648,5,353.71,825.55,0 99 0,
PFG_MOEA,1648,6,353.71,825.55,0 4 80 53 0,
PFG_MOEA,1649,1,207.02,1012.48,0 50 48 62 21 33 37 68 56 39 3 36 54 66 53 80 4 24 0,
PFG_MOEA,1649,2,207.02,1012.48,0 45 94 49 32 51 79 5 29 90 65 6 87 52 60 61 55 9 42 76 81 93 100 8 0,5 32 76
PFG_MOEA,1649,3,207.02,1012.48,0 7 46 28 69 47 38 44 59 89 10 26 96 83 11 14 73 12 0,
PFG_MOEA,1649,4,207.02,1012.48,0 97 75 98 85 88 63 74 78 64 30 15 41 57 95 27 13 0,
PFG_MOEA,1649,5,207.02,1012.48,0 17 31 35 71 40 16 18 19 20 91 25 2 0,
PFG_MOEA,1649,6,207.02,1012.48,0 92 43 34 99 1 84 23 22 70 72 67 86 82 58 77 0,
PFG_MOEA,1650,1,207.74,922.35,0 76 42 57 95 41 98 85 88 63 74 78 64 30 15 71 35 31 17 40 16 18 0,18 42 63 98
PFG_MOEA,1650,2,207.74,922.35,0 19 91 21 33 37 68 56 39 84 23 22 1 99 34 43 92 53 4 0,
PFG_MOEA,1650,3,207.74,922.35,0 80 66 0,
PFG_MOEA,1650,4,207.74,922.35,0 24 51 45 94 49 32 36 54 70 72 67 82 86 3 58 77 62 48 50 25 20 0,67
PFG_MOEA,1650,5,207.74,922.35,0 2 13 27 12 73 14 11 83 96 26 10 89 59 44 38 47 69 28 46 7 75 97 0,2 11 69
PFG_MOEA,1650,6,207.74,922.35,0 79 90 65 6 87 52 5 29 60 61 93 55 9 81 100 8 0,5
PFG_MOEA,1651,1,204.74,1035.69,0 5 29 90 65 6 87 52 60 61 97 75 98 85 88 63 74 78 64 30 15 0,6
PFG_MOEA,1651,2,204.74,1035.69,0 20 91 19 17 31 71 35 40 16 18 68 37 33 21 34 43 92 48 50 0,18
PFG_MOEA,1651,3,204.74,1035.69,0 2 99 1 22 23 84 39 56 25 32 79 24 45 51 49 94 66 53 80 4 0,
PFG_MOEA,1651,4,204.74,1035.69,0 62 77 58 82 86 67 72 70 54 36 3 93 9 100 8 7 46 0,3
PFG_MOEA,1651,5,204.74,1035.69,0 28 69 47 38 44 59 26 10 89 96 83 0,26 96
PFG_MOEA,1651,6,204.74,1035.69,0 81 55 76 42 11 14 73 57 95 41 12 27 13 0,42
PFG_MOEA,1652,1,201.36,1069.24,0 27 12 73 14 11 83 96 26 10 89 59 44 38 47 69 28 46 0,83
PFG_MOEA,1652,2,201.36,1069.24,0 7 30 15 71 35 40 16 18 19 31 17 20 91 0,31
PFG_MOEA,1652,3,201.36,1069.24,0 25 2 99 34 43 92 1 84 23 22 70 72 67 86 82 58 77 50 0,
PFG_MOEA,1652,4,201.36,1069.24,0 4 80 53 66 54 36 3 39 56 68 37 33 21 62 48 0,36 62
PFG_MOEA,1652,5,201.36,1069.24,0 24 45 94 49 32 51 79 5 29 90 65 6 87 52 60 61 97 0,
PFG_MOEA,1652,6,201.36,1069.24,0 42 76 9 55 75 81 93 100 8 57 95 41 98 85 88 63 74 78 64 13 0,42 88
PFG_MOEA,1653,1,235.98,829.78,0 20 91 21 33 37 68 56 39 84 23 22 1 34 43 92 0,34
PFG_MOEA,1653,2,235.98,829.78,0 99 0,99
PFG_MOEA,1653,3,235.98,829.78,0 4 80 53 66 94 45 24 51 49 32 3 36 54 70 72 67 86 82 58 77 62 48 50 25 2 0,
PFG_MOEA,1653,4,235.98,829.78,0 12 73 14 11 83 96 26 10 89 59 44 38 47 69 28 46 7 0,26
PFG_MOEA,1653,5,235.98,829.78,0 79 5 29 90 65 6 87 52 60 61 97 75 13 27 0,
PFG_MOEA,1653,6,235.98,829.78,0 8 100 93 9 55 76 42 81 57 95 41 98 85 88 63 74 78 64 30 15 71 35 31 17 40 16 18 19 0,42 64
PFG_MOEA,1654,1,199.67,1096.55,0 5 29 90 65 6 87 52 60 61 97 75 7 14 73 12 99 2 25 50 48 0,6 52
PFG_MOEA,1654,2,199.67,1096.55,0 24 79 51 45 94 49 32 36 54 70 72 67 86 82 3 62 0,
PFG_MOEA,1654,3,199.67,1096.55,0 4 80 53 66 58 77 46 28 69 47 38 44 59 89 10 26 96 0,69
PFG_MOEA,1654,4,199.67,1096.55,0 8 100 93 81 55 9 76 42 83 11 98 41 95 57 0,
PFG_MOEA,1654,5,199.67,1096.55,0 20 91 21 33 37 18 16 40 35 71 15 30 64 78 74 63 88 85 0,63
PFG_MOEA,1654,6,199.67,1096.55,0 92 43 34 1 22 23 84 39 56 68 19 17 31 27 13 0,31
PFG_MOEA,1655,1,218.48,880.23,0 98 85 88 63 74 78 64 30 15 71 35 40 16 18 19 31 17 20 91 34 43 48 0,43 98
PFG_MOEA,1655,2,218.48,880.23,0 50 92 21 33 37 68 56 39 84 23 22 1 99 2 25 0,99
PFG_MOEA,1655,3,218.48,880.23,0 4 80 53 66 94 49 51 45 24 79 32 3 36 54 70 72 67 86 82 58 77 62 0,
PFG_MOEA,1655,4,218.48,880.23,0 93 9 100 8 7 46 0,
PFG_MOEA,1655,5,218.48,880.23,0 28 69 47 38 44 59 26 10 89 96 83 11 14 73 0,26
PFG_MOEA,1655,6,218.48,880.23,0 5 29 90 65 6 87 52 60 61 97 75 55 76 42 81 57 95 41 12 27 13 0,29 42
PFG_MOEA,1656,1,198.33,1121.84,0 13 27 12 41 95 78 64 30 15 71 35 40 16 18 19 31 17 20 91 0,
PFG_MOEA,1656,2,198.33,1121.84,0 50 48 92 22 23 84 39 56 68 37 33 21 34 43 0,
PFG_MOEA,1656,3,198.33,1121.84,0 4 80 53 66 94 49 51 45 24 79 32 54 36 3 1 99 2 25 0,2
PFG_MOEA,1656,4,198.33,1121.84,0 62 77 58 82 86 67 72 70 93 9 100 8 7 46 28 69 47 0,58 93
PFG_MOEA,1656,5,198.33,1121.84,0 73 98 85 88 63 74 14 11 83 96 44 38 59 26 10 89 5 29 90 0,11 26 63 98
PFG_MOEA,1656,6,198.33,1121.84,0 65 6 87 52 60 61 97 75 55 76 42 81 57 0,
PFG_MOEA,1657,1,205.55,1025.13,0 81 57 95 41 15 30 64 78 74 63 88 85 98 71 35 40 16 18 19 17 31 0,78
PFG_MOEA,1657,2,205.55,1025.13,0 20 91 21 33 37 68 56 39 84 23 22 1 99 34 43 92 53 80 4 0,99
PFG_MOEA,1657,3,205.55,1025.13,0 66 94 3 36 54 70 72 67 32 49 51 45 24 0,
PFG_MOEA,1657,4,205.55,1025.13,0 77 58 82 86 62 48 50 25 2 12 73 14 11 83 96 59 26 89 10 0,12 26 83
PFG_MOEA,1657,5,205.55,1025.13,0 44 38 47 69 28 46 7 75 97 61 60 52 87 6 65 90 29 5 79 0,
PFG_MOEA,1657,6,205.55,1025.13,0 13 27 8 100 93 9 55 76 42 0,76
PFG_MOEA,1658,1,353.71,825.55,0 66 94 49 51 45 24 0,
PFG_MOEA,1658,2,353.71,825.55,0 2 25 50 48 62 77 58 82 86 67 72 70 54 36 3 32 79 5 29 90 65 6 87 52 60 61 55 9 42 76 81 93 100 8 7 46 28 69 47 38 44 59 89 10 26 96 83 11 14 73 12 27 13 0,32 42 44
PFG_MOEA,1658,3,353.71,825.55,0 57 95 41 0,
PFG_MOEA,1658,4,353.71,825.55,0 97 75 98 85 88 63 74 78 64 30 15 71 35 31 17 40 16 18 19 20 91 21 33 37 68 56 39 84 23 22 1 34 43 92 0,64
PFG_MOEA,1658,5,353.71,825.55,0 99 0,
PFG_MOEA,1658,6,353.71,825.55,0 4 80 53 0,
PFG_MOEA,1659,1,207.02,1012.48,0 50 48 62 21 33 37 68 56 39 3 36 54 66 53 80 4 24 0,
PFG_MOEA,1659,2,207.02,1012.48,0 45 94 49 32 51 79 5 29 90 65 6 87 52 60 61 55 9 42 76 81 93 100 8 0,5 32 76
PFG_MOEA,1659,3,207.02,1012.48,0 7 46 28 69 47 38 44 59 89 10 26 96 83 11 14 73 12 0,
PFG_MOEA,1659,4,207.02,1012.48,0 97 75 98 85 88 63 74 78 64 30 15 41 57 95 27 13 0,
PFG_MOEA,1659,5,207.02,1012.48,0 17 31 35 71 40 16 18 19 20 91 25 2 0,
PFG_MOEA,1659,6,207.02,1012.48,0 92 43 34 99 1 84 23 22 70 72 67 86 82 58 77 0,
PFG_MOEA,1660,1,207.74,922.35,0 76 42 57 95 41 98 85 88 63 74 78 64 30 15 71 35 31 17 40 16 18 0,18 42 63 98
PFG_MOEA,1660,2,207.74,922.35,0 19 91 21 33 37 68 56 39 84 23 22 1 99 34 43 92 53 4 0,
PFG_MOEA,1660,3,207.74,922.35,0 80 66 0,
PFG_MOEA,1660,4,207.74,922.35,0 24 51 45 94 49 32 36 54 70 72 67 82 86 3 58 77 62 48 50 25 20 0,67
PFG_MOEA,1660,5,207.74,922.35,0 2 13 27 12 73 14 11 83 96 26 10 89 59 44 38 47 69 28 46 7 75 97 0,2 11 69
PFG_MOEA,1660,6,207.74,922.35,0 79 90 65 6 87 52 5 29 60 61 93 55 9 81 100 8 0,5
PFG_MOEA,1661,1,204.74,1035.69,0 5 29 90 65 6 87 52 60 61 97 75 98 85 88 63 74 78 64 30 15 0,6
PFG_MOEA,1661,2,204.74,1035.69,0 20 91 19 17 31 71 35 40 16 18 68 37 33 21 34 43 92 48 50 0,18
PFG_MOEA,1661,3,204.74,1035.69,0 2 99 1 22 23 84 39 56 25 32 79 24 45 51 49 94 66 53 80 4 0,
PFG_MOEA,1661,4,204.74,1035.69,0 62 77 58 82 86 67 72 70 54 36 3 93 9 100 8 7 46 0,3
PFG_MOEA,1661,5,204.74,1035.69,0 28 69 47 38 44 59 26 10 89 96 83 0,26 96
PFG_MOEA,1661,6,204.74,1035.69,0 81 55 76 42 11 14 73 57 95 41 12 27 13 0,42
PFG_MOEA,1662,1,201.36,1069.24,0 27 12 73 14 11 83 96 26 10 89 59 44 38 47 69 28 46 0,83
PFG_MOEA,1662,2,201.36,1069.24,0 7 30 15 71 35 40 16 18 19 31 17 20 91 0,31
PFG_MOEA,1662,3,201.36,1069.24,0 25 2 99 34 43 92 1 84 23 22 70 72 67 86 82 58 77 50 0,
PFG_MOEA,1662,4,201.36,1069.24,0 4 80 53 66 54 36 3 39 56 68 37 33 21 62 48 0,36 62
PFG_MOEA,1662,5,201.36,1069.24,0 24 45 94 49 32 51 79 5 29 90 65 6 87 52 60 61 97 0,
PFG_MOEA,1662,6,201.36,1069.24,0 42 76 9 55 75 81 93 100 8 57 95 41 98 85 88 63 74 78 64 13 0,42 88
PFG_MOEA,1663,1,235.98,829.78,0 20 91 21 33 37 68 56 39 84 23 22 1 34 43 92 0,34
PFG_MOEA,1663,2,235.98,829.78,0 99 0,99
PFG_MOEA,1663,3,235.98,829.78,0 4 80 53 66 94 45 24 51 49 32 3 36 54 70 72 67 86 82 58 77 62 48 50 25 2 0,
PFG_MOEA,1663,4,235.98,829.78,0 12 73 14 11 83 96 26 10 89 59 44 38 47 69 28 46 7 0,26
PFG_MOEA,1663,5,235.98,829.78,0 79 5 29 90 65 6 87 52 60 61 97 75 13 27 0,
PFG_MOEA,1663,6,235.98,829.78,0 8 100 93 9 55 76 42 81 57 95 41 98 85 88 63 74 78 64 30 15 71 35 31 17 40 16 18 19 0,42 64
PFG_MOEA,1664,1,199.67,1096.55,0 5 29 90 65 6 87 52 60 61 97 75 7 14 73 12 99 2 25 50 48 0,6 52
PFG_MOEA,1664,2,199.67,1096.55,0 24 79 51 45 94 49 32 36 54 70 72 67 86 82 3 62 0,
PFG_MOEA,1664,3,199.67,1096.55,0 4 80 53 66 58 77 46 28 69 47 38 44 59 89 10 26 96 0,69
PFG_MOEA,1664,4,199.67,1096.55,0 8 100 93 81 55 9 76 42 83 11 98 41 95 57 0,
PFG_MOEA,1664,5,199.67,1096.55,0 20 91 21 33 37 18 16 40 35 71 15 30 64 78 74 63 88 85 0,63
PFG_MOEA,1664,6,199.67,1096.55,0 92 43 34 1 22 23 84 39 56 68 19 17 31 27 13 0,31
PFG_MOEA,1665,1,218.48,880.23,0 98 85 88 63 74 78 64 30 15 71 35 40 16 18 19 31 17 20 91 34 43 48 0,43 98
PFG_MOEA,1665,2,218.48,880.23,0 50 92 21 33 37 68 56 39 84 23 22 1 99 2 25 0,99
PFG_MOEA,1665,3,218.48,880.23,0 4 80 53 66 94 49 51 45 24 79 32 3 36 54 70 72 67 86 82 58 77 62 0,
PFG_MOEA,1665,4,218.48,880.23,0 93 9 100 8 7 46 0,
PFG_MOEA,1665,5,218.48,880.23,0 28 69 47 38 44 59 26 10 89 96 83 11 14 73 0,26
PFG_MOEA,1665,6,218.48,880.23,0 5 29 90 65 6 87 52 60 61 97 75 55 76 42 81 57 95 41 12 27 13 0,29 42
PFG_MOEA,1666,1,198.33,1121.84,0 13 27 12 41 95 78 64 30 15 71 35 40 16 18 19 31 17 20 91 0,
PFG_MOEA,1666,2,198.33,1121.84,0 50 48 92 22 23 84 39 56 68 37 33 21 34 43 0,
PFG_MOEA,1666,3,198.33,1121.84,0 4 80 53 66 94 49 51 45 24 79 32 54 36 3 1 99 2 25 0,2
PFG_MOEA,1666,4,198.33,1121.84,0 62 77 58 82 86 67 72 70 93 9 100 8 7 46 28 69 47 0,58 93
PFG_MOEA,1666,5,198.33,1121.84,0 73 98 85 88 63 74 14 11 83 96 44 38 59 26 10 89 5 29 90 0,11 26 63 98
PFG_MOEA,1666,6,198.33,1121.84,0 65 6 87 52 60 61 97 75 55 76 42 81 57 0,
PFG_MOEA,1667,1,205.55,1025.13,0 81 57 95 41 15 30 64 78 74 63 88 85 98 71 35 40 16 18 19 17 31 0,78
PFG_MOEA,1667,2,205.55,1025.13,0 20 91 21 33 37 68 56 39 84 23 22 1 99 34 43 92 53 80 4 0,99
PFG_MOEA,1667,3,205.55,1025.13,0 66 94 3 36 54 70 72 67 32 49 51 45 24 0,
PFG_MOEA,1667,4,205.55,1025.13,0 77 58 82 86 62 48 50 25 2 12 73 14 11 83 96 59 26 89 10 0,12 26 83
PFG_MOEA,1667,5,205.55,1025.13,0 44 38 47 69 28 46 7 75 97 61 60 52 87 6 65 90 29 5 79 0,
PFG_MOEA,1667,6,205.55,1025.13,0 13 27 8 100 93 9 55 76 42 0,76
PFG_MOEA,1668,1,353.71,825.55,0 66 94 49 51 45 24 0,
PFG_MOEA,1668,2,353.71,825.55,0 2 25 50 48 62 77 58 82 86 67 72 70 54 36 3 32 79 5 29 90 65 6 87 52 60 61 55 9 42 76 81 93 100 8 7 46 28 69 47 38 44 59 89 10 26 96 83 11 14 73 12 27 13 0,32 42 44
PFG_MOEA,1668,3,353.71,825.55,0 57 95 41 0,
PFG_MOEA,1668,4,353.71,825.55,0 97 75 98 85 88 63 74 78 64 30 15 71 35 31 17 40 16 18 19 20 91 21 33 37 68 56 39 84 23 22 1 34 43 92 0,64
PFG_MOEA,1668,5,353.71,825.55,0 99 0,
PFG_MOEA,1668,6,353.71,825.55,0 4 80 53 0,
PFG_MOEA,1669,1,207.02,1012.48,0 50 48 62 21 33 37 68 56 39 3 36 54 66 53 80 4 24 0,
PFG_MOEA,1669,2,207.02,1012.48,0 45 94 49 32 51 79 5 29 90 65 6 87 52 60 61 55 9 42 76 81 93 100 8 0,5 32 76
PFG_MOEA,1669,3,207.02,1012.48,0 7 46 28 69 47 38 44 59 89 10 26 96 83 11 14 73 12 0,
PFG_MOEA,1669,4,207.02,1012.48,0 97 75 98 85 88 63 74 78 64 30 15 41 57 95 27 13 0,
PFG_MOEA,1669,5,207.02,1012.48,0 17 31 35 71 40 16 18 19 20 91 25 2 0,
PFG_MOEA,1669,6,207.02,1012.48,0 92 43 34 99 1 84 23 22 70 72 67 86 82 58 77 0,
PFG_MOEA,1670,1,207.74,922.35,0 76 42 57 95 41 98 85 88 63 74 78 64 30 15 71 35 31 17 40 16 18 0,18 42 63 98
PFG_MOEA,1670,2,207.74,922.35,0 19 91 21 33 37 68 56 39 84 23 22 1 99 34 43 92 53 4 0,
PFG_MOEA,1670,3,207.74,922.35,0 80 66 0,
PFG_MOEA,1670,4,207.74,922.35,0 24 51 45 94 49 32 36 54 70 72 67 82 86 3 58 77 62 48 50 25 20 0,67
PFG_MOEA,1670,5,207.74,922.35,0 2 13 27 12 73 14 11 83 96 26 10 89 59 44 38 47 69 28 46 7 75 97 0,2 11 69
PFG_MOEA,1670,6,207.74,922.35,0 79 90 65 6 87 52 5 29 60 61 93 55 9 81 100 8 0,5
PFG_MOEA,1671,1,204.74,1035.69,0 5 29 90 65 6 87 52 60 61 97 75 98 85 88 63 74 78 64 30 15 0,6
PFG_MOEA,1671,2,204.74,1035.69,0 20 91 19 17 31 71 35 40 16 18 68 37 33 21 34 43 92 48 50 0,18
PFG_MOEA,1671,3,204.74,1035.69,0 2 99 1 22 23 84 39 56 25 32 79 24 45 51 49 94 66 53 80 4 0,
PFG_MOEA,1671,4,204.74,1035.69,0 62 77 58 82 86 67 72 70 54 36 3 93 9 100 8 7 46 0,3
PFG_MOEA,1671,5,204.74,1035.69,0 28 69 47 38 44 59 26 10 89 96 83 0,26 96
PFG_MOEA,1671,6,204.74,1035.69,0 81 55 76 42 11 14 73 57 95 41 12 27 13 0,42
PFG_MOEA,1672,1,201.36,1069.24,0 27 12 73 14 11 83 96 26 10 89 59 44 38 47 69 28 46 0,83
PFG_MOEA,1672,2,201.36,1069.24,0 7 30 15 71 35 40 16 18 19 31 17 20 91 0,31
PFG_MOEA,1672,3,201.36,1069.24,0 25 2 99 34 43 92 1 84 23 22 70 72 67 86 82 58 77 50 0,
PFG_MOEA,1672,4,201.36,1069.24,0 4 80 53 66 54 36 3 39 56 68 37 33 21 62 48 0,36 62
PFG_MOEA,1672,5,201.36,1069.24,0 24 45 94 49 32 51 79 5 29 90 65 6 87 52 60 61 97 0,
PFG_MOEA,1672,6,201.36,1069.24,0 42 76 9 55 75 81 93 100 8 57 95 41 98 85 88 63 74 78 64 13 0,42 88
PFG_MOEA,1673,1,235.98,829.78,0 20 91 21 33 37 68 56 39 84 23 22 1 34 43 92 0,34
PFG_MOEA,1673,2,235.98,829.78,0 99 0,99
PFG_MOEA,1673,3,235.98,829.78,0 4 80 53 66 94 45 24 51 49 32 3 36 54 70 72 67 86 82 58 77 62 48 50 25 2 0,
PFG_MOEA,1673,4,235.98,829.78,0 12 73 14 11 83 96 26 10 89 59 44 38 47 69 28 46 7 0,26
PFG_MOEA,1673,5,235.98,829.78,0 79 5 29 90 65 6 87 52 60 61 97 75 13 27 0,
PFG_MOEA,1673,6,235.98,829.78,0 8 100 93 9 55 76 42 81 57 95 41 98 85 88 63 74 78 64 30 15 71 35 31 17 40 16 18 19 0,42 64
PFG_MOEA,1674,1,199.67,1096.55,0 5 29 90 65 6 87 52 60 61 97 75 7 14 73 12 99 2 25 50 48 0,6 52
PFG_MOEA,1674,2,199.67,1096.55,0 24 79 51 45 94 49 32 36 54 70 72 67 86 82 3 62 0,
PFG_MOEA,1674,3,199.67,1096.55,0 4 80 53 66 58 77 46 28 69 47 38 44 59 89 10 26 96 0,69
PFG_MOEA,1674,4,199.67,1096.55,0 8 100 93 81 55 9 76 42 83 11 98 41 95 57 0,
PFG_MOEA,1674,5,199.67,1096.55,0 20 91 21 33 37 18 16 40 35 71 15 30 64 78 74 63 88 85 0,63
PFG_MOEA,1674,6,199.67,1096.55,0 92 43 34 1 22 23 84 39 56 68 19 17 31 27 13 0,31
PFG_MOEA,1675,1,218.48,880.23,0 98 85 88 63 74 78 64 30 15 71 35 40 16 18 19 31 17 20 91 34 43 48 0,43 98
PFG_MOEA,1675,2,218.48,880.23,0 50 92 21 33 37 68 56 39 84 23 22 1 99 2 25 0,99
PFG_MOEA,1675,3,218.48,880.23,0 4 80 53 66 94 49 51 45 24 79 32 3 36 54 70 72 67 86 82 58 77 62 0,
PFG_MOEA,1675,4,218.48,880.23,0 93 9 100 8 7 46 0,
PFG_MOEA,1675,5,218.48,880.23,0 28 69 47 38 44 59 26 10 89 96 83 11 14 73 0,26
PFG_MOEA,1675,6,218.48,880.23,0 5 29 90 65 6 87 52 60 61 97 75 55 76 42 81 57 95 41 12 27 13 0,29 42
PFG_MOEA,1676,1,198.33,1121.84,0 13 27 12 41 95 78 64 30 15 71 35 40 16 18 19 31 17 20 91 0,
PFG_MOEA,1676,2,198.33,1121.84,0 50 48 92 22 23 84 39 56 68 37 33 21 34 43 0,
PFG_MOEA,1676,3,198.33,1121.84,0 4 80 53 66 94 49 51 45 24 79 32 54 36 3 1 99 2 25 0,2
PFG_MOEA,1676,4,198.33,1121.84,0 62 77 58 82 86 67 72 70 93 9 100 8 7 46 28 69 47 0,58 93
PFG_MOEA,1676,5,198.33,1121.84,0 73 98 85 88 63 74 14 11 83 96 44 38 59 26 10 89 5 29 90 0,11 26 63 98
PFG_MOEA,1676,6,198.33,1121.84,0 65 6 87 52 60 61 97 75 55 76 42 81 57 0,
PFG_MOEA,1677,1,205.55,1025.13,0 81 57 95 41 15 30 64 78 74 63 88 85 98 71 35 40 16 18 19 17 31 0,78
PFG_MOEA,1677,2,205.55,1025.13,0 20 91 21 33 37 68 56 39 84 23 22 1 99 34 43 92 53 80 4 0,99
PFG_MOEA,1677,3,205.55,1025.13,0 66 94 3 36 54 70 72 67 32 49 51 45 24 0,
PFG_MOEA,1677,4,205.55,1025.13,0 77 58 82 86 62 48 50 25 2 12 73 14 11 83 96 59 26 89 10 0,12 26 83
PFG_MOEA,1677,5,205.55,1025.13,0 44 38 47 69 28 46 7 75 97 61 60 52 87 6 65 90 29 5 79 0,
PFG_MOEA,1677,6,205.55,1025.13,0 13 27 8 100 93 9 55 76 42 0,76
PFG_MOEA,1678,1,353.71,825.55,0 66 94 49 51 45 24 0,
PFG_MOEA,1678,2,353.71,825.55,0 2 25 50 48 62 77 58 82 86 67 72 70 54 36 3 32 79 5 29 90 65 6 87 52 60 61 55 9 42 76 81 93 100 8 7 46 28 69 47 38 44 59 89 10 26 96 83 11 14 73 12 27 13 0,32 42 44
PFG_MOEA,1678,3,353.71,825.55,0 57 95 41 0,
PFG_MOEA,1678,4,353.71,825.55,0 97 75 98 85 88 63 74 78 64 30 15 71 35 31 17 40 16 18 19 20 91 21 33 37 68 56 39 84 23 22 1 34 43 92 0,64
PFG_MOEA,1678,5,353.71,825.55,0 99 0,
PFG_MOEA,1678,6,353.71,825.55,0 4 80 53 0,
PFG_MOEA,1679,1,207.02,1012.48,0 50 48 62 21 33 37 68 56 39 3 36 54 66 53 80 4 24 0,
PFG_MOEA,1679,2,207.02,1012.48,0 45 94 49 32 51 79 5 29 90 65 6 87 52 60 61 55 9 42 76 81 93 100 8 0,5 32 76
PFG_MOEA,1679,3,207.02,1012.48,0 7 46 28 69 47 38 44 59 89 10 26 96 83 11 14 73 12 0,
PFG_MOEA,1679,4,207.02,1012.48,0 97 75 98 85 88 63 74 78 64 30 15 41 57 95 27 13 0,
PFG_MOEA,1679,5,207.02,1012.48,0 17 31 35 71 40 16 18 19 20 91 25 2 0,
PFG_MOEA,1679,6,207.02,1012.48,0 92 43 34 99 1 84 23 22 70 72 67 86 82 58 77 0,
PFG_MOEA,1680,1,207.74,922.35,0 76 42 57 95 41 98 85 88 63 74 78 64 30 15 71 35 31 17 40 16 18 0,18 42 63 98
PFG_MOEA,1680,2,207.74,922.35,0 19 91 21 33 37 68 56 39 84 23 22 1 99 34 43 92 53 4 0,
PFG_MOEA,1680,3,207.74,922.35,0 80 66 0,
PFG_MOEA,1680,4,207.74,922.35,0 24 51 45 94 49 32 36 54 70 72 67 82 86 3 58 77 62 48 50 25 20 0,67
PFG_MOEA,1680,5,207.74,922.35,0 2 13 27 12 73 14 11 83 96 26 10 89 59 44 38 47 69 28 46 7 75 97 0,2 11 69
PFG_MOEA,1680,6,207.74,922.35,0 79 90 65 6 87 52 5 29 60 61 93 55 9 81 100 8 0,5
PFG_MOEA,1681,1,204.74,1035.69,0 5 29 90 65 6 87 52 60 61 97 75 98 85 88 63 74 78 64 30 15 0,6
PFG_MOEA,1681,2,204.74,1035.69,0 20 91 19 17 31 71 35 40 16 18 68 37 33 21 34 43 92 48 50 0,18
PFG_MOEA,1681,3,204.74,1035.69,0 2 99 1 22 23 84 39 56 25 32 79 24 45 51 49 94 66 53 80 4 0,
PFG_MOEA,1681,4,204.74,1035.69,0 62 77 58 82 86 67 72 70 54 36 3 93 9 100 8 7 46 0,3
PFG_MOEA,1681,5,204.74,1035.69,0 28 69 47 38 44 59 26 10 89 96 83 0,26 96
PFG_MOEA,1681,6,204.74,1035.69,0 81 55 76 42 11 14 73 57 95 41 12 27 13 0,42
PFG_MOEA,1682,1,201.36,1069.24,0 27 12 73 14 11 83 96 26 10 89 59 44 38 47 69 28 46 0,83
PFG_MOEA,1682,2,201.36,1069.24,0 7 30 15 71 35 40 16 18 19 31 17 20 91 0,31
PFG_MOEA,1682,3,201.36,1069.24,0 25 2 99 34 43 92 1 84 23 22 70 72 67 86 82 58 77 50 0,
PFG_MOEA,1682,4,201.36,1069.24,0 4 80 53 66 54 36 3 39 56 68 37 33 21 62 48 0,36 62
PFG_MOEA,1682,5,201.36,1069.24,0 24 45 94 49 32 51 79 5 29 90 65 6 87 52 60 61 97 0,
PFG_MOEA,1682,6,201.36,1069.24,0 42 76 9 55 75 81 93 100 8 57 95 41 98 85 88 63 74 78 64 13 0,42 88
PFG_MOEA,1683,1,235.98,829.78,0 20 91 21 33 37 68 56 39 84 23 22 1 34 43 92 0,34
PFG_MOEA,1683,2,235.98,829.78,0 99 0,99
PFG_MOEA,1683,3,235.98,829.78,0 4 80 53 66 94 45 24 51 49 32 3 36 54 70 72 67 86 82 58 77 62 48 50 25 2 0,
PFG_MOEA,1683,4,235.98,829.78,0 12 73 14 11 83 96 26 10 89 59 44 38 47 69 28 46 7 0,26
PFG_MOEA,1683,5,235.98,829.78,0 79 5 29 90 65 6 87 52 60 61 97 75 13 27 0,
PFG_MOEA,1683,6,235.98,829.78,0 8 100 93 9 55 76 42 81 57 95 41 98 85 88 63 74 78 64 30 15 71 35 31 17 40 16 18 19 0,42 64
PFG_MOEA,1684,1,199.67,1096.55,0 5 29 90 65 6 87 52 60 61 97 75 7 14 73 12 99 2 25 50 48 0,6 52
PFG_MOEA,1684,2,199.67,1096.55,0 24 79 51 45 94 49 32 36 54 70 72 67 86 82 3 62 0,
PFG_MOEA,1684,3,199.67,1096.55,0 4 80 53 66 58 77 46 28 69 47 38 44 59 89 10 26 96 0,69
PFG_MOEA,1684,4,199.67,1096.55,0 8 100 93 81 55 9 76 42 83 11 98 41 95 57 0,
PFG_MOEA,1684,5,199.67,1096.55,0 20 91 21 33 37 18 16 40 35 71 15 30 64 78 74 63 88 85 0,63
PFG_MOEA,1684,6,199.67,1096.55,0 92 43 34 1 22 23 84 39 56 68 19 17 31 27 13 0,31
PFG_MOEA,1685,1,218.48,880.23,0 98 85 88 63 74 78 64 30 15 71 35 40 16 18 19 31 17 20 91 34 43 48 0,43 98
PFG_MOEA,1685,2,218.48,880.23,0 50 92 21 33 37 68 56 39 84 23 22 1 99 2 25 0,99
PFG_MOEA,1685,3,218.48,880.23,0 4 80 53 66 94 49 51 45 24 79 32 3 36 54 70 72 67 86 82 58 77 62 0,
PFG_MOEA,1685,4,218.48,880.23,0 93 9 100 8 7 46 0,
PFG_MOEA,1685,5,218.48,880.23,0 28 69 47 38 44 59 26 10 89 96 83 11 14 73 0,26
PFG_MOEA,1685,6,218.48,880.23,0 5 29 90 65 6 87 52 60 61 97 75 55 76 42 81 57 95 41 12 27 13 0,29 42
PFG_MOEA,1686,1,198.33,1121.84,0 13 27 12 41 95 78 64 30 15 71 35 40 16 18 19 31 17 20 91 0,
PFG_MOEA,1686,2,198.33,1121.84,0 50 48 92 22 23 84 39 56 68 37 33 21 34 43 0,
PFG_MOEA,1686,3,198.33,1121.84,0 4 80 53 66 94 49 51 45 24 79 32 54 36 3 1 99 2 25 0,2
PFG_MOEA,1686,4,198.33,1121.84,0 62 77 58 82 86 67 72 70 93 9 100 8 7 46 28 69 47 0,58 93
PFG_MOEA,1686,5,198.33,1121.84,0 73 98 85 88 63 74 14 11 83 96 44 38 59 26 10 89 5 29 90 0,11 26 63 98
PFG_MOEA,1686,6,198.33,1121.84,0 65 6 87 52 60 61 97 75 55 76 42 81 57 0,
PFG_MOEA,1687,1,205.55,1025.13,0 81 57 95 41 15 30 64 78 74 63 88 85 98 71 35 40 16 18 19 17 31 0,78
PFG_MOEA,1687,2,205.55,1025.13,0 20 91 21 33 37 68 56 39 84 23 22 1 99 34 43 92 53 80 4 0,99
PFG_MOEA,1687,3,205.55,1025.13,0 66 94 3 36 54 70 72 67 32 49 51 45 24 0,
PFG_MOEA,1687,4,205.55,1025.13,0 77 58 82 86 62 48 50 25 2 12 73 14 11 83 96 59 26 89 10 0,12 26 83
PFG_MOEA,1687,5,205.55,1025.13,0 44 38 47 69 28 46 7 75 97 61 60 52 87 6 65 90 29 5 79 0,
PFG_MOEA,1687,6,205.55,1025.13,0 13 27 8 100 93 9 55 76 42 0,76
PFG_MOEA,1688,1,353.71,825.55,0 66 94 49 51 45 24 0,
PFG_MOEA,1688,2,353.71,825.55,0 2 25 50 48 62 77 58 82 86 67 72 70 54 36 3 32 79 5 29 90 65 6 87 52 60 61 55 9 42 76 81 93 100 8 7 46 28 69 47 38 44 59 89 10 26 96 83 11 14 73 12 27 13 0,32 42 44
PFG_MOEA,1688,3,353.71,825.55,0 57 95 41 0,
PFG_MOEA,1688,4,353.71,825.55,0 97 75 98 85 88 63 74 78 64 30 15 71 35 31 17 40 16 18 19 20 91 21 33 37 68 56 39 84 23 22 1 34 43 92 0,64
PFG_MOEA,1688,5,353.71,825.55,0 99 0,
PFG_MOEA,1688,6,353.71,825.55,0 4 80 53 0,
PFG_MOEA,1689,1,207.02,1012.48,0 50 48 62 21 33 37 68 56 39 3 36 54 66 53 80 4 24 0,
PFG_MOEA,1689,2,207.02,1012.48,0 45 94 49 32 51 79 5 29 90 65 6 87 52 60 61 55 9 42 76 81 93 100 8 0,5 32 76
PFG_MOEA,1689,3,207.02,1012.48,0 7 46 28 69 47 38 44 59 89 10 26 96 83 11 14 73 12 0,
PFG_MOEA,1689,4,207.02,1012.48,0 97 75 98 85 88 63 74 78 64 30 15 41 57 95 27 13 0,
PFG_MOEA,1689,5,207.02,1012.48,0 17 31 35 71 40 16 18 19 20 91 25 2 0,
PFG_MOEA,1689,6,207.02,1012.48,0 92 43 34 99 1 84 23 22 70 72 67 86 82 58 77 0,
PFG_MOEA,1690,1,207.74,922.35,0 76 42 57 95 41 98 85 88 63 74 78 64 30 15 71 35 31 17 40 16 18 0,18 42 63 98
PFG_MOEA,1690,2,207.74,922.35,0 19 91 21 33 37 68 56 39 84 23 22 1 99 34 43 92 53 4 0,
PFG_MOEA,1690,3,207.74,922.35,0 80 66 0,
PFG_MOEA,1690,4,207.74,922.35,0 24 51 45 94 49 32 36 54 70 72 67 82 86 3 58 77 62 48 50 25 20 0,67
PFG_MOEA,1690,5,207.74,922.35,0 2 13 27 12 73 14 11 83 96 26 10 89 59 44 38 47 69 28 46 7 75 97 0,2 11 69
PFG_MOEA,1690,6,207.74,922.35,0 79 90 65 6 87 52 5 29 60 61 93 55 9 81 100 8 0,5
PFG_MOEA,1691,1,204.74,1035.69,0 5 29 90 65 6 87 52 60 61 97 75 98 85 88 63 74 78 64 30 15 0,6
PFG_MOEA,1691,2,204.74,1035.69,0 20 91 19 17 31 71 35 40 16 18 68 37 33 21 34 43 92 48 50 0,18
PFG_MOEA,1691,3,204.74,1035.69,0 2 99 1 22 23 84 39 56 25 32 79 24 45 51 49 94 66 53 80 4 0,
PFG_MOEA,1691,4,204.74,1035.69,0 62 77 58 82 86 67 72 70 54 36 3 93 9 100 8 7 46 0,3
PFG_MOEA,1691,5,204.74,1035.69,0 28 69 47 38 44 59 26 10 89 96 83 0,26 96
PFG_MOEA,1691,6,204.74,1035.69,0 81 55 76 42 11 14 73 57 95 41 12 27 13 0,42
PFG_MOEA,1692,1,201.36,1069.24,0 27 12 73 14 11 83 96 26 10 89 59 44 38 47 69 28 46 0,83
PFG_MOEA,1692,2,201.36,1069.24,0 7 30 15 71 35 40 16 18 19 31 17 20 91 0,31
PFG_MOEA,1692,3,201.36,1069.24,0 25 2 99 34 43 92 1 84 23 22 70 72 67 86 82 58 77 50 0,
PFG_MOEA,1692,4,201.36,1069.24,0 4 80 53 66 54 36 3 39 56 68 37 33 21 62 48 0,36 62
PFG_MOEA,1692,5,201.36,1069.24,0 24 45 94 49 32 51 79 5 29 90 65 6 87 52 60 61 97 0,
PFG_MOEA,1692,6,201.36,1069.24,0 42 76 9 55 75 81 93 100 8 57 95 41 98 85 88 63 74 78 64 13 0,42 88
PFG_MOEA,1693,1,235.98,829.78,0 20 91 21 33 37 68 56 39 84 23 22 1 34 43 92 0,34
PFG_MOEA,1693,2,235.98,829.78,0 99 0,99
PFG_MOEA,1693,3,235.98,829.78,0 4 80 53 66 94 45 24 51 49 32 3 36 54 70 72 67 86 82 58 77 62 48 50 25 2 0,
PFG_MOEA,1693,4,235.98,829.78,0 12 73 14 11 83 96 26 10 89 59 44 38 47 69 28 46 7 0,26
PFG_MOEA,1693,5,235.98,829.78,0 79 5 29 90 65 6 87 52 60 61 97 75 13 27 0,
PFG_MOEA,1693,6,235.98,829.78,0 8 100 93 9 55 76 42 81 57 95 41 98 85 88 63 74 78 64 30 15 71 35 31 17 40 16 18 19 0,42 64
PFG_MOEA,1694,1,199.67,1096.55,0 5 29 90 65 6 87 52 60 61 97 75 7 14 73 12 99 2 25 50 48 0,6 52
PFG_MOEA,1694,2,199.67,1096.55,0 24 79 51 45 94 49 32 36 54 70 72 67 86 82 3 62 0,
PFG_MOEA,1694,3,199.67,1096.55,0 4 80 53 66 58 77 46 28 69 47 38 44 59 89 10 26 96 0,69
PFG_MOEA,1694,4,199.67,1096.55,0 8 100 93 81 55 9 76 42 83 11 98 41 95 57 0,
PFG_MOEA,1694,5,199.67,1096.55,0 20 91 21 33 37 18 16 40 35 71 15 30 64 78 74 63 88 85 0,63
PFG_MOEA,1694,6,199.67,1096.55,0 92 43 34 1 22 23 84 39 56 68 19 17 31 27 13 0,31
PFG_MOEA,1695,1,218.48,880.23,0 98 85 88 63 74 78 64 30 15 71 35 40 16 18 19 31 17 20 91 34 43 48 0,43 98
PFG_MOEA,1695,2,218.48,880.23,0 50 92 21 33 37 68 56 39 84 23 22 1 99 2 25 0,99
PFG_MOEA,1695,3,218.48,880.23,0 4 80 53 66 94 49 51 45 24 79 32 3 36 54 70 72 67 86 82 58 77 62 0,
PFG_MOEA,1695,4,218.48,880.23,0 93 9 100 8 7 46 0,
PFG_MOEA,1695,5,218.48,880.23,0 28 69 47 38 44 59 26 10 89 96 83 11 14 73 0,26
PFG_MOEA,1695,6,218.48,880.23,0 5 29 90 65 6 87 52 60 61 97 75 55 76 42 81 57 95 41 12 27 13 0,29 42
PFG_MOEA,1696,1,198.33,1121.84,0 13 27 12 41 95 78 64 30 15 71 35 40 16 18 19 31 17 20 91 0,
PFG_MOEA,1696,2,198.33,1121.84,0 50 48 92 22 23 84 39 56 68 37 33 21 34 43 0,
PFG_MOEA,1696,3,198.33,1121.84,0 4 80 53 66 94 49 51 45 24 79 32 54 36 3 1 99 2 25 0,2
PFG_MOEA,1696,4,198.33,1121.84,0 62 77 58 82 86 67 72 70 93 9 100 8 7 46 28 69 47 0,58 93
PFG_MOEA,1696,5,198.33,1121.84,0 73 98 85 88 63 74 14 11 83 96 44 38 59 26 10 89 5 29 90 0,11 26 63 98
PFG_MOEA,1696,6,198.33,1121.84,0 65 6 87 52 60 61 97 75 55 76 42 81 57 0,
PFG_MOEA,1697,1,205.55,1025.13,0 81 57 95 41 15 30 64 78 74 63 88 85 98 71 35 40 16 18 19 17 31 0,78
PFG_MOEA,1697,2,205.55,1025.13,0 20 91 21 33 37 68 56 39 84 23 22 1 99 34 43 92 53 80 4 0,99
PFG_MOEA,1697,3,205.55,1025.13,0 66 94 3 36 54 70 72 67 32 49 51 45 24 0,
PFG_MOEA,1697,4,205.55,1025.13,0 77 58 82 86 62 48 50 25 2 12 73 14 11 83 96 59 26 89 10 0,12 26 83
PFG_MOEA,1697,5,205.55,1025.13,0 44 38 47 69 28 46 7 75 97 61 60 52 87 6 65 90 29 5 79 0,
PFG_MOEA,1697,6,205.55,1025.13,0 13 27 8 100 93 9 55 76 42 0,76
PFG_MOEA,1698,1,353.71,825.55,0 66 94 49 51 45 24 0,
PFG_MOEA,1698,2,353.71,825.55,0 2 25 50 48 62 77 58 82 86 67 72 70 54 36 3 32 79 5 29 90 65 6 87 52 60 61 55 9 42 76 81 93 100 8 7 46 28 69 47 38 44 59 89 10 26 96 83 11 14 73 12 27 13 0,32 42 44
PFG_MOEA,1698,3,353.71,825.55,0 57 95 41 0,
PFG_MOEA,1698,4,353.71,825.55,0 97 75 98 85 88 63 74 78 64 30 15 71 35 31 17 40 16 18 19 20 91 21 33 37 68 56 39 84 23 22 1 34 43 92 0,64
PFG_MOEA,1698,5,353.71,825.55,0 99 0,
PFG_MOEA,1698,6,353.71,825.55,0 4 80 53 0,
PFG_MOEA,1699,1,207.02,1012.48,0 50 48 62 21 33 37 68 56 39 3 36 54 66 53 80 4 24 0,
PFG_MOEA,1699,2,207.02,1012.48,0 45 94 49 32 51 79 5 29 90 65 6 87 52 60 61 55 9 42 76 81 93 100 8 0,5 32 76
PFG_MOEA,1699,3,207.02,1012.48,0 7 46 28 69 47 38 44 59 89 10 26 96 83 11 14 73 12 0,
PFG_MOEA,1699,4,207.02,1012.48,0 97 75 98 85 88 63 74 78 64 30 15 41 57 95 27 13 0,
PFG_MOEA,1699,5,207.02,1012.48,0 17 31 35 71 40 16 18 19 20 91 25 2 0,
PFG_MOEA,1699,6,207.02,1012.48,0 92 43 34 99 1 84 23 22 70 72 67 86 82 58 77 0,
PFG_MOEA,1700,1,207.74,922.35,0 76 42 57 95 41 98 85 88 63 74 78 64 30 15 71 35 31 17 40 16 18 0,18 42 63 98
PFG_MOEA,1700,2,207.74,922.35,0 19 91 21 33 37 68 56 39 84 23 22 1 99 34 43 92 53 4 0,
PFG_MOEA,1700,3,207.74,922.35,0 80 66 0,
PFG_MOEA,1700,4,207.74,922.35,0 24 51 45 94 49 32 36 54 70 72 67 82 86 3 58 77 62 48 50 25 20 0,67
PFG_MOEA,1700,5,207.74,922.35,0 2 13 27 12 73 14 11 83 96 26 10 89 59 44 38 47 69 28 46 7 75 97 0,2 11 69
PFG_MOEA,1700,6,207.74,922.35,0 79 90 65 6 87 52 5 29 60 61 93 55 9 81 100 8 0,5
PFG_MOEA,1701,1,204.74,1035.69,0 5 29 90 65 6 87 52 60 61 97 75 98 85 88 63 74 78 64 30 15 0,6
PFG_MOEA,1701,2,204.74,1035.69,0 20 91 19 17 31 71 35 40 16 18 68 37 33 21 34 43 92 48 50 0,18
PFG_MOEA,1701,3,204.74,1035.69,0 2 99 1 22 23 84 39 56 25 32 79 24 45 51 49 94 66 53 80 4 0,
PFG_MOEA,1701,4,204.74,1035.69,0 62 77 58 82 86 67 72 70 54 36 3 93 9 100 8 7 46 0,3
PFG_MOEA,1701,5,204.74,1035.69,0 28 69 47 38 44 59 26 10 89 96 83 0,26 96
PFG_MOEA,1701,6,204.74,1035.69,0 81 55 76 42 11 14 73 57 95 41 12 27 13 0,42
PFG_MOEA,1702,1,201.36,1069.24,0 27 12 73 14 11 83 96 26 10 89 59 44 38 47 69 28 46 0,83
PFG_MOEA,1702,2,201.36,1069.24,0 7 30 15 71 35 40 16 18 19 31 17 20 91 0,31
PFG_MOEA,1702,3,201.36,1069.24,0 25 2 99 34 43 92 1 84 23 22 70 72 67 86 82 58 77 50 0,
PFG_MOEA,1702,4,201.36,1069.24,0 4 80 53 66 54 36 3 39 56 68 37 33 21 62 48 0,36 62
PFG_MOEA,1702,5,201.36,1069.24,0 24 45 94 49 32 51 79 5 29 90 65 6 87 52 60 61 97 0,
PFG_MOEA,1702,6,201.36,1069.24,0 42 76 9 55 75 81 93 100 8 57 95 41 98 85 88 63 74 78 64 13 0,42 88
PFG_MOEA,1703,1,235.98,829.78,0 20 91 21 33 37 68 56 39 84 23 22 1 34 43 92 0,34
PFG_MOEA,1703,2,235.98,829.78,0 99 0,99
PFG_MOEA,1703,3,235.98,829.78,0 4 80 53 66 94 45 24 51 49 32 3 36 54 70 72 67 86 82 58 77 62 48 50 25 2 0,
PFG_MOEA,1703,4,235.98,829.78,0 12 73 14 11 83 96 26 10 89 59 44 38 47 69 28 46 7 0,26
PFG_MOEA,1703,5,235.98,829.78,0 79 5 29 90 65 6 87 52 60 61 97 75 13 27 0,
PFG_MOEA,1703,6,235.98,829.78,0 8 100 93 9 55 76 42 81 57 95 41 98 85 88 63 74 78 64 30 15 71 35 31 17 40 16 18 19 0,42 64
PFG_MOEA,1704,1,199.67,1096.55,0 5 29 90 65 6 87 52 60 61 97 75 7 14 73 12 99 2 25 50 48 0,6 52
PFG_MOEA,1704,2,199.67,1096.55,0 24 79 51 45 94 49 32 36 54 70 72 67 86 82 3 62 0,
PFG_MOEA,1704,3,199.67,1096.55,0 4 80 53 66 58 77 46 28 69 47 38 44 59 89 10 26 96 0,69
PFG_MOEA,1704,4,199.67,1096.55,0 8 100 93 81 55 9 76 42 83 11 98 41 95 57 0,
PFG_MOEA,1704,5,199.67,1096.55,0 20 91 21 33 37 18 16 40 35 71 15 30 64 78 74 63 88 85 0,63
PFG_MOEA,1704,6,199.67,1096.55,0 92 43 34 1 22 23 84 39 56 68 19 17 31 27 13 0,31
PFG_MOEA,1705,1,218.48,880.23,0 98 85 88 63 74 78 64 30 15 71 35 40 16 18 19 31 17 20 91 34 43 48 0,43 98
PFG_MOEA,1705,2,218.48,880.23,0 50 92 21 33 37 68 56 39 84 23 22 1 99 2 25 0,99
PFG_MOEA,1705,3,218.48,880.23,0 4 80 53 66 94 49 51 45 24 79 32 3 36 54 70 72 67 86 82 58 77 62 0,
PFG_MOEA,1705,4,218.48,880.23,0 93 9 100 8 7 46 0,
PFG_MOEA,1705,5,218.48,880.23,0 28 69 47 38 44 59 26 10 89 96 83 11 14 73 0,26
PFG_MOEA,1705,6,218.48,880.23,0 5 29 90 65 6 87 52 60 61 97 75 55 76 42 81 57 95 41 12 27 13 0,29 42
PFG_MOEA,1706,1,198.33,1121.84,0 13 27 12 41 95 78 64 30 15 71 35 40 16 18 19 31 17 20 91 0,
PFG_MOEA,1706,2,198.33,1121.84,0 50 48 92 22 23 84 39 56 68 37 33 21 34 43 0,
PFG_MOEA,1706,3,198.33,1121.84,0 4 80 53 66 94 49 51 45 24 79 32 54 36 3 1 99 2 25 0,2
PFG_MOEA,1706,4,198.33,1121.84,0 62 77 58 82 86 67 72 70 93 9 100 8 7 46 28 69 47 0,58 93
PFG_MOEA,1706,5,198.33,1121.84,0 73 98 85 88 63 74 14 11 83 96 44 38 59 26 10 89 5 29 90 0,11 26 63 98
PFG_MOEA,1706,6,198.33,1121.84,0 65 6 87 52 60 61 97 75 55 76 42 81 57 0,
PFG_MOEA,1707,1,205.55,1025.13,0 81 57 95 41 15 30 64 78 74 63 88 85 98 71 35 40 16 18 19 17 31 0,78
PFG_MOEA,1707,2,205.55,1025.13,0 20 91 21 33 37 68 56 39 84 23 22 1 99 34 43 92 53 80 4 0,99
PFG_MOEA,1707,3,205.55,1025.13,0 66 94 3 36 54 70 72 67 32 49 51 45 24 0,
PFG_MOEA,1707,4,205.55,1025.13,0 77 58 82 86 62 48 50 25 2 12 73 14 11 83 96 59 26 89 10 0,12 26 83
PFG_MOEA,1707,5,205.55,1025.13,0 44 38 47 69 28 46 7 75 97 61 60 52 87 6 65 90 29 5 79 0,
PFG_MOEA,1707,6,205.55,1025.13,0 13 27 8 100 93 9 55 76 42 0,76
PFG_MOEA,1708,1,353.71,825.55,0 66 94 49 51 45 24 0,
PFG_MOEA,1708,2,353.71,825.55,0 2 25 50 48 62 77 58 82 86 67 72 70 54 36 3 32 79 5 29 90 65 6 87 52 60 61 55 9 42 76 81 93 100 8 7 46 28 69 47 38 44 59 89 10 26 96 83 11 14 73 12 27 13 0,32 42 44
PFG_MOEA,1708,3,353.71,825.55,0 57 95 41 0,
PFG_MOEA,1708,4,353.71,825.55,0 97 75 98 85 88 63 74 78 64 30 15 71 35 31 17 40 16 18 19 20 91 21 33 37 68 56 39 84 23 22 1 34 43 92 0,64
PFG_MOEA,1708,5,353.71,825.55,0 99 0,
PFG_MOEA,1708,6,353.71,825.55,0 4 80 53 0,
PFG_MOEA,1709,1,207.02,1012.48,0 50 48 62 21 33 37 68 56 39 3 36 54 66 53 80 4 24 0,
PFG_MOEA,1709,2,207.02,1012.48,0 45 94 49 32 51 79 5 29 90 65 6 87 52 60 61 55 9 42 76 81 93 100 8 0,5 32 76
PFG_MOEA,1709,3,207.02,1012.48,0 7 46 28 69 47 38 44 59 89 10 26 96 83 11 14 73 12 0,
PFG_MOEA,1709,4,207.02,1012.48,0 97 75 98 85 88 63 74 78 64 30 15 41 57 95 27 13 0,
PFG_MOEA,1709,5,207.02,1012.48,0 17 31 35 71 40 16 18 19 20 91 25 2 0,
PFG_MOEA,1709,6,207.02,1012.48,0 92 43 34 99 1 84 23 22 70 72 67 86 82 58 77 0,
PFG_MOEA,1710,1,207.74,922.35,0 76 42 57 95 41 98 85 88 63 74 78 64 30 15 71 35 31 17 40 16 18 0,18 42 63 98
PFG_MOEA,1710,2,207.74,922.35,0 19 91 21 33 37 68 56 39 84 23 22 1 99 34 43 92 53 4 0,
PFG_MOEA,1710,3,207.74,922.35,0 80 66 0,
PFG_MOEA,1710,4,207.74,922.35,0 24 51 45 94 49 32 36 54 70 72 67 82 86 3 58 77 62 48 50 25 20 0,67
PFG_MOEA,1710,5,207.74,922.35,0 2 13 27 12 73 14 11 83 96 26 10 89 59 44 38 47 69 28 46 7 75 97 0,2 11 69
PFG_MOEA,1710,6,207.74,922.35,0 79 90 65 6 87 52 5 29 60 61 93 55 9 81 100 8 0,5
PFG_MOEA,1711,1,204.74,1035.69,0 5 29 90 65 6 87 52 60 61 97 75 98 85 88 63 74 78 64 30 15 0,6
PFG_MOEA,1711,2,204.74,1035.69,0 20 91 19 17 31 71 35 40 16 18 68 37 33 21 34 43 92 48 50 0,18
PFG_MOEA,1711,3,204.74,1035.69,0 2 99 1 22 23 84 39 56 25 32 79 24 45 51 49 94 66 53 80 4 0,
PFG_MOEA,1711,4,204.74,1035.69,0 62 77 58 82 86 67 72 70 54 36 3 93 9 100 8 7 46 0,3
PFG_MOEA,1711,5,204.74,1035.69,0 28 69 47 38 44 59 26 10 89 96 83 0,26 96
PFG_MOEA,1711,6,204.74,1035.69,0 81 55 76 42 11 14 73 57 95 41 12 27 13 0,42
PFG_MOEA,1712,1,201.36,1069.24,0 27 12 73 14 11 83 96 26 10 89 59 44 38 47 69 28 46 0,83
PFG_MOEA,1712,2,201.36,1069.24,0 7 30 15 71 35 40 16 18 19 31 17 20 91 0,31
PFG_MOEA,1712,3,201.36,1069.24,0 25 2 99 34 43 92 1 84 23 22 70 72 67 86 82 58 77 50 0,
PFG_MOEA,1712,4,201.36,1069.24,0 4 80 53 66 54 36 3 39 56 68 37 33 21 62 48 0,36 62
PFG_MOEA,1712,5,201.36,1069.24,0 24 45 94 49 32 51 79 5 29 90 65 6 87 52 60 61 97 0,
PFG_MOEA,1712,6,201.36,1069.24,0 42 76 9 55 75 81 93 100 8 57 95 41 98 85 88 63 74 78 64 13 0,42 88
PFG_MOEA,1713,1,235.98,829.78,0 20 91 21 33 37 68 56 39 84 23 22 1 34 43 92 0,34
PFG_MOEA,1713,2,235.98,829.78,0 99 0,99
PFG_MOEA,1713,3,235.98,829.78,0 4 80 53 66 94 45 24 51 49 32 3 36 54 70 72 67 86 82 58 77 62 48 50 25 2 0,
PFG_MOEA,1713,4,235.98,829.78,0 12 73 14 11 83 96 26 10 89 59 44 38 47 69 28 46 7 0,26
PFG_MOEA,1713,5,235.98,829.78,0 79 5 29 90 65 6 87 52 60 61 97 75 13 27 0,
PFG_MOEA,1713,6,235.98,829.78,0 8 100 93 9 55 76 42 81 57 95 41 98 85 88 63 74 78 64 30 15 71 35 31 17 40 16 18 19 0,42 64
PFG_MOEA,1714,1,199.67,1096.55,0 5 29 90 65 6 87 52 60 61 97 75 7 14 73 12 99 2 25 50 48 0,6 52
PFG_MOEA,1714,2,199.67,1096.55,0 24 79 51 45 94 49 32 36 54 70 72 67 86 82 3 62 0,
PFG_MOEA,1714,3,199.67,1096.55,0 4 80 53 66 58 77 46 28 69 47 38 44 59 89 10 26 96 0,69
PFG_MOEA,1714,4,199.67,1096.55,0 8 100 93 81 55 9 76 42 83 11 98 41 95 57 0,
PFG_MOEA,1714,5,199.67,1096.55,0 20 91 21 33 37 18 16 40 35 71 15 30 64 78 74 63 88 85 0,63
PFG_MOEA,1714,6,199.67,1096.55,0 92 43 34 1 22 23 84 39 56 68 19 17 31 27 13 0,31
PFG_MOEA,1715,1,218.48,880.23,0 98 85 88 63 74 78 64 30 15 71 35 40 16 18 19 31 17 20 91 34 43 48 0,43 98
PFG_MOEA,1715,2,218.48,880.23,0 50 92 21 33 37 68 56 39 84 23 22 1 99 2 25 0,99
PFG_MOEA,1715,3,218.48,880.23,0 4 80 53 66 94 49 51 45 24 79 32 3 36 54 70 72 67 86 82 58 77 62 0,
PFG_MOEA,1715,4,218.48,880.23,0 93 9 100 8 7 46 0,
PFG_MOEA,1715,5,218.48,880.23,0 28 69 47 38 44 59 26 10 89 96 83 11 14 73 0,26
PFG_MOEA,1715,6,218.48,880.23,0 5 29 90 65 6 87 52 60 61 97 75 55 76 42 81 57 95 41 12 27 13 0,29 42
PFG_MOEA,1716,1,198.33,1121.84,0 13 27 12 41 95 78 64 30 15 71 35 40 16 18 19 31 17 20 91 0,
PFG_MOEA,1716,2,198.33,1121.84,0 50 48 92 22 23 84 39 56 68 37 33 21 34 43 0,
PFG_MOEA,1716,3,198.33,1121.84,0 4 80 53 66 94 49 51 45 24 79 32 54 36 3 1 99 2 25 0,2
PFG_MOEA,1716,4,198.33,1121.84,0 62 77 58 82 86 67 72 70 93 9 100 8 7 46 28 69 47 0,58 93
PFG_MOEA,1716,5,198.33,1121.84,0 73 98 85 88 63 74 14 11 83 96 44 38 59 26 10 89 5 29 90 0,11 26 63 98
PFG_MOEA,1716,6,198.33,1121.84,0 65 6 87 52 60 61 97 75 55 76 42 81 57 0,
PFG_MOEA,1717,1,205.55,1025.13,0 81 57 95 41 15 30 64 78 74 63 88 85 98 71 35 40 16 18 19 17 31 0,78
PFG_MOEA,1717,2,205.55,1025.13,0 20 91 21 33 37 68 56 39 84 23 22 1 99 34 43 92 53 80 4 0,99
PFG_MOEA,1717,3,205.55,1025.13,0 66 94 3 36 54 70 72 67 32 49 51 45 24 0,
PFG_MOEA,1717,4,205.55,1025.13,0 77 58 82 86 62 48 50 25 2 12 73 14 11 83 96 59 26 89 10 0,12 26 83
PFG_MOEA,1717,5,205.55,1025.13,0 44 38 47 69 28 46 7 75 97 61 60 52 87 6 65 90 29 5 79 0,
PFG_MOEA,1717,6,205.55,1025.13,0 13 27 8 100 93 9 55 76 42 0,76
PFG_MOEA,1718,1,353.71,825.55,0 66 94 49 51 45 24 0,
PFG_MOEA,1718,2,353.71,825.55,0 2 25 50 48 62 77 58 82 86 67 72 70 54 36 3 32 79 5 29 90 65 6 87 52 60 61 55 9 42 76 81 93 100 8 7 46 28 69 47 38 44 59 89 10 26 96 83 11 14 73 12 27 13 0,32 42 44
PFG_MOEA,1718,3,353.71,825.55,0 57 95 41 0,
PFG_MOEA,1718,4,353.71,825.55,0 97 75 98 85 88 63 74 78 64 30 15 71 35 31 17 40 16 18 19 20 91 21 33 37 68 56 39 84 23 22 1 34 43 92 0,64
PFG_MOEA,1718,5,353.71,825.55,0 99 0,
PFG_MOEA,1718,6,353.71,825.55,0 4 80 53 0,
PFG_MOEA,1719,1,207.02,1012.48,0 50 48 62 21 33 37 68 56 39 3 36 54 66 53 80 4 24 0,
PFG_MOEA,1719,2,207.02,1012.48,0 45 94 49 32 51 79 5 29 90 65 6 87 52 60 61 55 9 42 76 81 93 100 8 0,5 32 76
PFG_MOEA,1719,3,207.02,1012.48,0 7 46 28 69 47 38 44 59 89 10 26 96 83 11 14 73 12 0,
PFG_MOEA,1719,4,207.02,1012.48,0 97 75 98 85 88 63 74 78 64 30 15 41 57 95 27 13 0,
PFG_MOEA,1719,5,207.02,1012.48,0 17 31 35 71 40 16 18 19 20 91 25 2 0,
PFG_MOEA,1719,6,207.02,1012.48,0 92 43 34 99 1 84 23 22 70 72 67 86 82 58 77 0,
PFG_MOEA,1720,1,207.74,922.35,0 76 42 57 95 41 98 85 88 63 74 78 64 30 15 71 35 31 17 40 16 18 0,18 42 63 98
PFG_MOEA,1720,2,207.74,922.35,0 19 91 21 33 37 68 56 39 84 23 22 1 99 34 43 92 53 4 0,
PFG_MOEA,1720,3,207.74,922.35,0 80 66 0,
PFG_MOEA,1720,4,207.74,922.35,0 24 51 45 94 49 32 36 54 70 72 67 82 86 3 58 77 62 48 50 25 20 0,67
PFG_MOEA,1720,5,207.74,922.35,0 2 13 27 12 73 14 11 83 96 26 10 89 59 44 38 47 69 28 46 7 75 97 0,2 11 69
PFG_MOEA,1720,6,207.74,922.35,0 79 90 65 6 87 52 5 29 60 61 93 55 9 81 100 8 0,5
PFG_MOEA,1721,1,204.74,1035.69,0 5 29 90 65 6 87 52 60 61 97 75 98 85 88 63 74 78 64 30 15 0,6
PFG_MOEA,1721,2,204.74,1035.69,0 20 91 19 17 31 71 35 40 16 18 68 37 33 21 34 43 92 48 50 0,18
PFG_MOEA,1721,3,204.74,1035.69,0 2 99 1 22 23 84 39 56 25 32 79 24 45 51 49 94 66 53 80 4 0,
PFG_MOEA,1721,4,204.74,1035.69,0 62 77 58 82 86 67 72 70 54 36 3 93 9 100 8 7 46 0,3
PFG_MOEA,1721,5,204.74,1035.69,0 28 69 47 38 44 59 26 10 89 96 83 0,26 96
PFG_MOEA,1721,6,204.74,1035.69,0 81 55 76 42 11 14 73 57 95 41 12 27 13 0,42
PFG_MOEA,1722,1,201.36,1069.24,0 27 12 73 14 11 83 96 26 10 89 59 44 38 47 69 28 46 0,83
PFG_MOEA,1722,2,201.36,1069.24,0 7 30 15 71 35 40 16 18 19 31 17 20 91 0,31
PFG_MOEA,1722,3,201.36,1069.24,0 25 2 99 34 43 92 1 84 23 22 70 72 67 86 82 58 77 50 0,
PFG_MOEA,1722,4,201.36,1069.24,0 4 80 53 66 54 36 3 39 56 68 37 33 21 62 48 0,36 62
PFG_MOEA,1722,5,201.36,1069.24,0 24 45 94 49 32 51 79 5 29 90 65 6 87 52 60 61 97 0,
PFG_MOEA,1722,6,201.36,1069.24,0 42 76 9 55 75 81 93 100 8 57 95 41 98 85 88 63 74 78 64 13 0,42 88
PFG_MOEA,1723,1,235.98,829.78,0 20 91 21 33 37 68 56 39 84 23 22 1 34 43 92 0,34
PFG_MOEA,1723,2,235.98,829.78,0 99 0,99
PFG_MOEA,1723,3,235.98,829.78,0 4 80 53 66 94 45 24 51 49 32 3 36 54 70 72 67 86 82 58 77 62 48 50 25 2 0,
PFG_MOEA,1723,4,235.98,829.78,0 12 73 14 11 83 96 26 10 89 59 44 38 47 69 28 46 7 0,26
PFG_MOEA,1723,5,235.98,829.78,0 79 5 29 90 65 6 87 52 60 61 97 75 13 27 0,
PFG_MOEA,1723,6,235.98,829.78,0 8 100 93 9 55 76 42 81 57 95 41 98 85 88 63 74 78 64 30 15 71 35 31 17 40 16 18 19 0,42 64
PFG_MOEA,1724,1,199.67,1096.55,0 5 29 90 65 6 87 52 60 61 97 75 7 14 73 12 99 2 25 50 48 0,6 52
PFG_MOEA,1724,2,199.67,1096.55,0 24 79 51 45 94 49 32 36 54 70 72 67 86 82 3 62 0,
PFG_MOEA,1724,3,199.67,1096.55,0 4 80 53 66 58 77 46 28 69 47 38 44 59 89 10 26 96 0,69
PFG_MOEA,1724,4,199.67,1096.55,0 8 100 93 81 55 9 76 42 83 11 98 41 95 57 0,
PFG_MOEA,1724,5,199.67,1096.55,0 20 91 21 33 37 18 16 40 35 71 15 30 64 78 74 63 88 85 0,63
PFG_MOEA,1724,6,199.67,1096.55,0 92 43 34 1 22 23 84 39 56 68 19 17 31 27 13 0,31
PFG_MOEA,1725,1,218.48,880.23,0 98 85 88 63 74 78 64 30 15 71 35 40 16 18 19 31 17 20 91 34 43 48 0,43 98
PFG_MOEA,1725,2,218.48,880.23,0 50 92 21 33 37 68 56 39 84 23 22 1 99 2 25 0,99
PFG_MOEA,1725,3,218.48,880.23,0 4 80 53 66 94 49 51 45 24 79 32 3 36 54 70 72 67 86 82 58 77 62 0,
PFG_MOEA,1725,4,218.48,880.23,0 93 9 100 8 7 46 0,
PFG_MOEA,1725,5,218.48,880.23,0 28 69 47 38 44 59 26 10 89 96 83 11 14 73 0,26
PFG_MOEA,1725,6,218.48,880.23,0 5 29 90 65 6 87 52 60 61 97 75 55 76 42 81 57 95 41 12 27 13 0,29 42
PFG_MOEA,1726,1,198.33,1121.84,0 13 27 12 41 95 78 64 30 15 71 35 40 16 18 19 31 17 20 91 0,
PFG_MOEA,1726,2,198.33,1121.84,0 50 48 92 22 23 84 39 56 68 37 33 21 34 43 0,
PFG_MOEA,1726,3,198.33,1121.84,0 4 80 53 66 94 49 51 45 24 79 32 54 36 3 1 99 2 25 0,2
PFG_MOEA,1726,4,198.33,1121.84,0 62 77 58 82 86 67 72 70 93 9 100 8 7 46 28 69 47 0,58 93
PFG_MOEA,1726,5,198.33,1121.84,0 73 98 85 88 63 74 14 11 83 96 44 38 59 26 10 89 5 29 90 0,11 26 63 98
PFG_MOEA,1726,6,198.33,1121.84,0 65 6 87 52 60 61 97 75 55 76 42 81 57 0,
PFG_MOEA,1727,1,205.55,1025.13,0 81 57 95 41 15 30 64 78 74 63 88 85 98 71 35 40 16 18 19 17 31 0,78
PFG_MOEA,1727,2,205.55,1025.13,0 20 91 21 33 37 68 56 39 84 23 22 1 99 34 43 92 53 80 4 0,99
PFG_MOEA,1727,3,205.55,1025.13,0 66 94 3 36 54 70 72 67 32 49 51 45 24 0,
PFG_MOEA,1727,4,205.55,1025.13,0 77 58 82 86 62 48 50 25 2 12 73 14 11 83 96 59 26 89 10 0,12 26 83
PFG_MOEA,1727,5,205.55,1025.13,0 44 38 47 69 28 46 7 75 97 61 60 52 87 6 65 90 29 5 79 0,
PFG_MOEA,1727,6,205.55,1025.13,0 13 27 8 100 93 9 55 76 42 0,76
PFG_MOEA,1728,1,353.71,825.55,0 66 94 49 51 45 24 0,
PFG_MOEA,1728,2,353.71,825.55,0 2 25 50 48 62 77 58 82 86 67 72 70 54 36 3 32 79 5 29 90 65 6 87 52 60 61 55 9 42 76 81 93 100 8 7 46 28 69 47 38 44 59 89 10 26 96 83 11 14 73 12 27 13 0,32 42 44
PFG_MOEA,1728,3,353.71,825.55,0 57 95 41 0,
PFG_MOEA,1728,4,353.71,825.55,0 97 75 98 85 88 63 74 78 64 30 15 71 35 31 17 40 16 18 19 20 91 21 33 37 68 56 39 84 23 22 1 34 43 92 0,64
PFG_MOEA,1728,5,353.71,825.55,0 99 0,
PFG_MOEA,1728,6,353.71,825.55,0 4 80 53 0,
PFG_MOEA,1729,1,207.02,1012.48,0 50 48 62 21 33 37 68 56 39 3 36 54 66 53 80 4 24 0,
PFG_MOEA,1729,2,207.02,1012.48,0 45 94 49 32 51 79 5 29 90 65 6 87 52 60 61 55 9 42 76 81 93 100 8 0,5 32 76
PFG_MOEA,1729,3,207.02,1012.48,0 7 46 28 69 47 38 44 59 89 10 26 96 83 11 14 73 12 0,
PFG_MOEA,1729,4,207.02,1012.48,0 97 75 98 85 88 63 74 78 64 30 15 41 57 95 27 13 0,
PFG_MOEA,1729,5,207.02,1012.48,0 17 31 35 71 40 16 18 19 20 91 25 2 0,
PFG_MOEA,1729,6,207.02,1012.48,0 92 43 34 99 1 84 23 22 70 72 67 86 82 58 77 0,
PFG_MOEA,1730,1,207.74,922.35,0 76 42 57 95 41 98 85 88 63 74 78 64 30 15 71 35 31 17 40 16 18 0,18 42 63 98
PFG_MOEA,1730,2,207.74,922.35,0 19 91 21 33 37 68 56 39 84 23 22 1 99 34 43 92 53 4 0,
PFG_MOEA,1730,3,207.74,922.35,0 80 66 0,
PFG_MOEA,1730,4,207.74,922.35,0 24 51 45 94 49 32 36 54 70 72 67 82 86 3 58 77 62 48 50 25 20 0,67
PFG_MOEA,1730,5,207.74,922.35,0 2 13 27 12 73 14 11 83 96 26 10 89 59 44 38 47 69 28 46 7 75 97 0,2 11 69
PFG_MOEA,1730,6,207.74,922.35,0 79 90 65 6 87 52 5 29 60 61 93 55 9 81 100 8 0,5
PFG_MOEA,1731,1,204.74,1035.69,0 5 29 90 65 6 87 52 60 61 97 75 98 85 88 63 74 78 64 30 15 0,6
PFG_MOEA,1731,2,204.74,1035.69,0 20 91 19 17 31 71 35 40 16 18 68 37 33 21 34 43 92 48 50 0,18
PFG_MOEA,1731,3,204.74,1035.69,0 2 99 1 22 23 84 39 56 25 32 79 24 45 51 49 94 66 53 80 4 0,
PFG_MOEA,1731,4,204.74,1035.69,0 62 77 58 82 86 67 72 70 54 36 3 93 9 100 8 7 46 0,3
PFG_MOEA,1731,5,204.74,1035.69,0 28 69 47 38 44 59 26 10 89 96 83 0,26 96
PFG_MOEA,1731,6,204.74,1035.69,0 81 55 76 42 11 14 73 57 95 41 12 27 13 0,42
PFG_MOEA,1732,1,201.36,1069.24,0 27 12 73 14 11 83 96 26 10 89 59 44 38 47 69 28 46 0,83
PFG_MOEA,1732,2,201.36,1069.24,0 7 30 15 71 35 40 16 18 19 31 17 20 91 0,31
PFG_MOEA,1732,3,201.36,1069.24,0 25 2 99 34 43 92 1 84 23 22 70 72 67 86 82 58 77 50 0,
PFG_MOEA,1732,4,201.36,1069.24,0 4 80 53 66 54 36 3 39 56 68 37 33 21 62 48 0,36 62
PFG_MOEA,1732,5,201.36,1069.24,0 24 45 94 49 32 51 79 5 29 90 65 6 87 52 60 61 97 0,
PFG_MOEA,1732,6,201.36,1069.24,0 42 76 9 55 75 81 93 100 8 57 95 41 98 85 88 63 74 78 64 13 0,42 88
PFG_MOEA,1733,1,235.98,829.78,0 20 91 21 33 37 68 56 39 84 23 22 1 34 43 92 0,34
PFG_MOEA,1733,2,235.98,829.78,0 99 0,99
PFG_MOEA,1733,3,235.98,829.78,0 4 80 53 66 94 45 24 51 49 32 3 36 54 70 72 67 86 82 58 77 62 48 50 25 2 0,
PFG_MOEA,1733,4,235.98,829.78,0 12 73 14 11 83 96 26 10 89 59 44 38 47 69 28 46 7 0,26
PFG_MOEA,1733,5,235.98,829.78,0 79 5 29 90 65 6 87 52 60 61 97 75 13 27 0,
PFG_MOEA,1733,6,235.98,829.78,0 8 100 93 9 55 76 42 81 57 95 41 98 85 88 63 74 78 64 30 15 71 35 31 17 40 16 18 19 0,42 64
PFG_MOEA,1734,1,199.67,1096.55,0 5 29 90 65 6 87 52 60 61 97 75 7 14 73 12 99 2 25 50 48 0,6 52
PFG_MOEA,1734,2,199.67,1096.55,0 24 79 51 45 94 49 32 36 54 70 72 67 86 82 3 62 0,
PFG_MOEA,1734,3,199.67,1096.55,0 4 80 53 66 58 77 46 28 69 47 38 44 59 89 10 26 96 0,69
PFG_MOEA,1734,4,199.67,1096.55,0 8 100 93 81 55 9 76 42 83 11 98 41 95 57 0,
PFG_MOEA,1734,5,199.67,1096.55,0 20 91 21 33 37 18 16 40 35 71 15 30 64 78 74 63 88 85 0,63
PFG_MOEA,1734,6,199.67,1096.55,0 92 43 34 1 22 23 84 39 56 68 19 17 31 27 13 0,31
PFG_MOEA,1735,1,218.48,880.23,0 98 85 88 63 74 78 64 30 15 71 35 40 16 18 19 31 17 20 91 34 43 48 0,43 98
PFG_MOEA,1735,2,218.48,880.23,0 50 92 21 33 37 68 56 39 84 23 22 1 99 2 25 0,99
PFG_MOEA,1735,3,218.48,880.23,0 4 80 53 66 94 49 51 45 24 79 32 3 36 54 70 72 67 86 82 58 77 62 0,
PFG_MOEA,1735,4,218.48,880.23,0 93 9 100 8 7 46 0,
PFG_MOEA,1735,5,218.48,880.23,0 28 69 47 38 44 59 26 10 89 96 83 11 14 73 0,26
PFG_MOEA,1735,6,218.48,880.23,0 5 29 90 65 6 87 52 60 61 97 75 55 76 42 81 57 95 41 12 27 13 0,29 42
PFG_MOEA,1736,1,198.33,1121.84,0 13 27 12 41 95 78 64 30 15 71 35 40 16 18 19 31 17 20 91 0,
PFG_MOEA,1736,2,198.33,1121.84,0 50 48 92 22 23 84 39 56 68 37 33 21 34 43 0,
PFG_MOEA,1736,3,198.33,1121.84,0 4 80 53 66 94 49 51 45 24 79 32 54 36 3 1 99 2 25 0,2
PFG_MOEA,1736,4,198.33,1121.84,0 62 77 58 82 86 67 72 70 93 9 100 8 7 46 28 69 47 0,58 93
PFG_MOEA,1736,5,198.33,1121.84,0 73 98 85 88 63 74 14 11 83 96 44 38 59 26 10 89 5 29 90 0,11 26 63 98
PFG_MOEA,1736,6,198.33,1121.84,0 65 6 87 52 60 61 97 75 55 76 42 81 57 0,
PFG_MOEA,1737,1,205.55,1025.13,0 81 57 95 41 15 30 64 78 74 63 88 85 98 71 35 40 16 18 19 17 31 0,78
PFG_MOEA,1737,2,205.55,1025.13,0 20 91 21 33 37 68 56 39 84 23 22 1 99 34 43 92 53 80 4 0,99
PFG_MOEA,1737,3,205.55,1025.13,0 66 94 3 36 54 70 72 67 32 49 51 45 24 0,
PFG_MOEA,1737,4,205.55,1025.13,0 77 58 82 86 62 48 50 25 2 12 73 14 11 83 96 59 26 89 10 0,12 26 83
PFG_MOEA,1737,5,205.55,1025.13,0 44 38 47 69 28 46 7 75 97 61 60 52 87 6 65 90 29 5 79 0,
PFG_MOEA,1737,6,205.55,1025.13,0 13 27 8 100 93 9 55 76 42 0,76
PFG_MOEA,1738,1,353.71,825.55,0 66 94 49 51 45 24 0,
PFG_MOEA,1738,2,353.71,825.55,0 2 25 50 48 62 77 58 82 86 67 72 70 54 36 3 32 79 5 29 90 65 6 87 52 60 61 55 9 42 76 81 93 100 8 7 46 28 69 47 38 44 59 89 10 26 96 83 11 14 73 12 27 13 0,32 42 44
PFG_MOEA,1738,3,353.71,825.55,0 57 95 41 0,
PFG_MOEA,1738,4,353.71,825.55,0 97 75 98 85 88 63 74 78 64 30 15 71 35 31 17 40 16 18 19 20 91 21 33 37 68 56 39 84 23 22 1 34 43 92 0,64
PFG_MOEA,1738,5,353.71,825.55,0 99 0,
PFG_MOEA,1738,6,353.71,825.55,0 4 80 53 0,
PFG_MOEA,1739,1,207.02,1012.48,0 50 48 62 21 33 37 68 56 39 3 36 54 66 53 80 4 24 0,
PFG_MOEA,1739,2,207.02,1012.48,0 45 94 49 32 51 79 5 29 90 65 6 87 52 60 61 55 9 42 76 81 93 100 8 0,5 32 76
PFG_MOEA,1739,3,207.02,1012.48,0 7 46 28 69 47 38 44 59 89 10 26 96 83 11 14 73 12 0,
PFG_MOEA,1739,4,207.02,1012.48,0 97 75 98 85 88 63 74 78 64 30 15 41 57 95 27 13 0,
PFG_MOEA,1739,5,207.02,1012.48,0 17 31 35 71 40 16 18 19 20 91 25 2 0,
PFG_MOEA,1739,6,207.02,1012.48,0 92 43 34 99 1 84 23 22 70 72 67 86 82 58 77 0,
PFG_MOEA,1740,1,207.74,922.35,0 76 42 57 95 41 98 85 88 63 74 78 64 30 15 71 35 31 17 40 16 18 0,18 42 63 98
PFG_MOEA,1740,2,207.74,922.35,0 19 91 21 33 37 68 56 39 84 23 22 1 99 34 43 92 53 4 0,
PFG_MOEA,1740,3,207.74,922.35,0 80 66 0,
PFG_MOEA,1740,4,207.74,922.35,0 24 51 45 94 49 32 36 54 70 72 67 82 86 3 58 77 62 48 50 25 20 0,67
PFG_MOEA,1740,5,207.74,922.35,0 2 13 27 12 73 14 11 83 96 26 10 89 59 44 38 47 69 28 46 7 75 97 0,2 11 69
PFG_MOEA,1740,6,207.74,922.35,0 79 90 65 6 87 52 5 29 60 61 93 55 9 81 100 8 0,5
PFG_MOEA,1741,1,204.74,1035.69,0 5 29 90 65 6 87 52 60 61 97 75 98 85 88 63 74 78 64 30 15 0,6
PFG_MOEA,1741,2,204.74,1035.69,0 20 91 19 17 31 71 35 40 16 18 68 37 33 21 34 43 92 48 50 0,18
PFG_MOEA,1741,3,204.74,1035.69,0 2 99 1 22 23 84 39 56 25 32 79 24 45 51 49 94 66 53 80 4 0,
PFG_MOEA,1741,4,204.74,1035.69,0 62 77 58 82 86 67 72 70 54 36 3 93 9 100 8 7 46 0,3
PFG_MOEA,1741,5,204.74,1035.69,0 28 69 47 38 44 59 26 10 89 96 83 0,26 96
PFG_MOEA,1741,6,204.74,1035.69,0 81 55 76 42 11 14 73 57 95 41 12 27 13 0,42
PFG_MOEA,1742,1,201.36,1069.24,0 27 12 73 14 11 83 96 26 10 89 59 44 38 47 69 28 46 0,83
PFG_MOEA,1742,2,201.36,1069.24,0 7 30 15 71 35 40 16 18 19 31 17 20 91 0,31
PFG_MOEA,1742,3,201.36,1069.24,0 25 2 99 34 43 92 1 84 23 22 70 72 67 86 82 58 77 50 0,
PFG_MOEA,1742,4,201.36,1069.24,0 4 80 53 66 54 36 3 39 56 68 37 33 21 62 48 0,36 62
PFG_MOEA,1742,5,201.36,1069.24,0 24 45 94 49 32 51 79 5 29 90 65 6 87 52 60 61 97 0,
PFG_MOEA,1742,6,201.36,1069.24,0 42 76 9 55 75 81 93 100 8 57 95 41 98 85 88 63 74 78 64 13 0,42 88
PFG_MOEA,1743,1,235.98,829.78,0 20 91 21 33 37 68 56 39 84 23 22 1 34 43 92 0,34
PFG_MOEA,1743,2,235.98,829.78,0 99 0,99
PFG_MOEA,1743,3,235.98,829.78,0 4 80 53 66 94 45 24 51 49 32 3 36 54 70 72 67 86 82 58 77 62 48 50 25 2 0,
PFG_MOEA,1743,4,235.98,829.78,0 12 73 14 11 83 96 26 10 89 59 44 38 47 69 28 46 7 0,26
PFG_MOEA,1743,5,235.98,829.78,0 79 5 29 90 65 6 87 52 60 61 97 75 13 27 0,
PFG_MOEA,1743,6,235.98,829.78,0 8 100 93 9 55 76 42 81 57 95 41 98 85 88 63 74 78 64 30 15 71 35 31 17 40 16 18 19 0,42 64
PFG_MOEA,1744,1,199.67,1096.55,0 5 29 90 65 6 87 52 60 61 97 75 7 14 73 12 99 2 25 50 48 0,6 52
PFG_MOEA,1744,2,199.67,1096.55,0 24 79 51 45 94 49 32 36 54 70 72 67 86 82 3 62 0,
PFG_MOEA,1744,3,199.67,1096.55,0 4 80 53 66 58 77 46 28 69 47 38 44 59 89 10 26 96 0,69
PFG_MOEA,1744,4,199.67,1096.55,0 8 100 93 81 55 9 76 42 83 11 98 41 95 57 0,
PFG_MOEA,1744,5,199.67,1096.55,0 20 91 21 33 37 18 16 40 35 71 15 30 64 78 74 63 88 85 0,63
PFG_MOEA,1744,6,199.67,1096.55,0 92 43 34 1 22 23 84 39 56 68 19 17 31 27 13 0,31
PFG_MOEA,1745,1,218.48,880.23,0 98 85 88 63 74 78 64 30 15 71 35 40 16 18 19 31 17 20 91 34 43 48 0,43 98
PFG_MOEA,1745,2,218.48,880.23,0 50 92 21 33 37 68 56 39 84 23 22 1 99 2 25 0,99
PFG_MOEA,1745,3,218.48,880.23,0 4 80 53 66 94 49 51 45 24 79 32 3 36 54 70 72 67 86 82 58 77 62 0,
PFG_MOEA,1745,4,218.48,880.23,0 93 9 100 8 7 46 0,
PFG_MOEA,1745,5,218.48,880.23,0 28 69 47 38 44 59 26 10 89 96 83 11 14 73 0,26
PFG_MOEA,1745,6,218.48,880.23,0 5 29 90 65 6 87 52 60 61 97 75 55 76 42 81 57 95 41 12 27 13 0,29 42
PFG_MOEA,1746,1,198.33,1121.84,0 13 27 12 41 95 78 64 30 15 71 35 40 16 18 19 31 17 20 91 0,
PFG_MOEA,1746,2,198.33,1121.84,0 50 48 92 22 23 84 39 56 68 37 33 21 34 43 0,
PFG_MOEA,1746,3,198.33,1121.84,0 4 80 53 66 94 49 51 45 24 79 32 54 36 3 1 99 2 25 0,2
PFG_MOEA,1746,4,198.33,1121.84,0 62 77 58 82 86 67 72 70 93 9 100 8 7 46 28 69 47 0,58 93
PFG_MOEA,1746,5,198.33,1121.84,0 73 98 85 88 63 74 14 11 83 96 44 38 59 26 10 89 5 29 90 0,11 26 63 98
PFG_MOEA,1746,6,198.33,1121.84,0 65 6 87 52 60 61 97 75 55 76 42 81 57 0,
PFG_MOEA,1747,1,205.55,1025.13,0 81 57 95 41 15 30 64 78 74 63 88 85 98 71 35 40 16 18 19 17 31 0,78
PFG_MOEA,1747,2,205.55,1025.13,0 20 91 21 33 37 68 56 39 84 23 22 1 99 34 43 92 53 80 4 0,99
PFG_MOEA,1747,3,205.55,1025.13,0 66 94 3 36 54 70 72 67 32 49 51 45 24 0,
PFG_MOEA,1747,4,205.55,1025.13,0 77 58 82 86 62 48 50 25 2 12 73 14 11 83 96 59 26 89 10 0,12 26 83
PFG_MOEA,1747,5,205.55,1025.13,0 44 38 47 69 28 46 7 75 97 61 60 52 87 6 65 90 29 5 79 0,
PFG_MOEA,1747,6,205.55,1025.13,0 13 27 8 100 93 9 55 76 42 0,76
PFG_MOEA,1748,1,353.71,825.55,0 66 94 49 51 45 24 0,
PFG_MOEA,1748,2,353.71,825.55,0 2 25 50 48 62 77 58 82 86 67 72 70 54 36 3 32 79 5 29 90 65 6 87 52 60 61 55 9 42 76 81 93 100 8 7 46 28 69 47 38 44 59 89 10 26 96 83 11 14 73 12 27 13 0,32 42 44
PFG_MOEA,1748,3,353.71,825.55,0 57 95 41 0,
PFG_MOEA,1748,4,353.71,825.55,0 97 75 98 85 88 63 74 78 64 30 15 71 35 31 17 40 16 18 19 20 91 21 33 37 68 56 39 84 23 22 1 34 43 92 0,64
PFG_MOEA,1748,5,353.71,825.55,0 99 0,
PFG_MOEA,1748,6,353.71,825.55,0 4 80 53 0,
PFG_MOEA,1749,1,207.02,1012.48,0 50 48 62 21 33 37 68 56 39 3 36 54 66 53 80 4 24 0,
PFG_MOEA,1749,2,207.02,1012.48,0 45 94 49 32 51 79 5 29 90 65 6 87 52 60 61 55 9 42 76 81 93 100 8 0,5 32 76
PFG_MOEA,1749,3,207.02,1012.48,0 7 46 28 69 47 38 44 59 89 10 26 96 83 11 14 73 12 0,
PFG_MOEA,1749,4,207.02,1012.48,0 97 75 98 85 88 63 74 78 64 30 15 41 57 95 27 13 0,
PFG_MOEA,1749,5,207.02,1012.48,0 17 31 35 71 40 16 18 19 20 91 25 2 0,
PFG_MOEA,1749,6,207.02,1012.48,0 92 43 34 99 1 84 23 22 70 72 67 86 82 58 77 0,
PFG_MOEA,1750,1,207.74,922.35,0 76 42 57 95 41 98 85 88 63 74 78 64 30 15 71 35 31 17 40 16 18 0,18 42 63 98
PFG_MOEA,1750,2,207.74,922.35,0 19 91 21 33 37 68 56 39 84 23 22 1 99 34 43 92 53 4 0,
PFG_MOEA,1750,3,207.74,922.35,0 80 66 0,
PFG_MOEA,1750,4,207.74,922.35,0 24 51 45 94 49 32 36 54 70 72 67 82 86 3 58 77 62 48 50 25 20 0,67
PFG_MOEA,1750,5,207.74,922.35,0 2 13 27 12 73 14 11 83 96 26 10 89 59 44 38 47 69 28 46 7 75 97 0,2 11 69
PFG_MOEA,1750,6,207.74,922.35,0 79 90 65 6 87 52 5 29 60 61 93 55 9 81 100 8 0,5
PFG_MOEA,1751,1,204.74,1035.69,0 5 29 90 65 6 87 52 60 61 97 75 98 85 88 63 74 78 64 30 15 0,6
PFG_MOEA,1751,2,204.74,1035.69,0 20 91 19 17 31 71 35 40 16 18 68 37 33 21 34 43 92 48 50 0,18
PFG_MOEA,1751,3,204.74,1035.69,0 2 99 1 22 23 84 39 56 25 32 79 24 45 51 49 94 66 53 80 4 0,
PFG_MOEA,1751,4,204.74,1035.69,0 62 77 58 82 86 67 72 70 54 36 3 93 9 100 8 7 46 0,3
PFG_MOEA,1751,5,204.74,1035.69,0 28 69 47 38 44 59 26 10 89 96 83 0,26 96
PFG_MOEA,1751,6,204.74,1035.69,0 81 55 76 42 11 14 73 57 95 41 12 27 13 0,42
PFG_MOEA,1752,1,201.36,1069.24,0 27 12 73 14 11 83 96 26 10 89 59 44 38 47 69 28 46 0,83
PFG_MOEA,1752,2,201.36,1069.24,0 7 30 15 71 35 40 16 18 19 31 17 20 91 0,31
PFG_MOEA,1752,3,201.36,1069.24,0 25 2 99 34 43 92 1 84 23 22 70 72 67 86 82 58 77 50 0,
PFG_MOEA,1752,4,201.36,1069.24,0 4 80 53 66 54 36 3 39 56 68 37 33 21 62 48 0,36 62
PFG_MOEA,1752,5,201.36,1069.24,0 24 45 94 49 32 51 79 5 29 90 65 6 87 52 60 61 97 0,
PFG_MOEA,1752,6,201.36,1069.24,0 42 76 9 55 75 81 93 100 8 57 95 41 98 85 88 63 74 78 64 13 0,42 88
PFG_MOEA,1753,1,235.98,829.78,0 20 91 21 33 37 68 56 39 84 23 22 1 34 43 92 0,34
PFG_MOEA,1753,2,235.98,829.78,0 99 0,99
PFG_MOEA,1753,3,235.98,829.78,0 4 80 53 66 94 45 24 51 49 32 3 36 54 70 72 67 86 82 58 77 62 48 50 25 2 0,
PFG_MOEA,1753,4,235.98,829.78,0 12 73 14 11 83 96 26 10 89 59 44 38 47 69 28 46 7 0,26
PFG_MOEA,1753,5,235.98,829.78,0 79 5 29 90 65 6 87 52 60 61 97 75 13 27 0,
PFG_MOEA,1753,6,235.98,829.78,0 8 100 93 9 55 76 42 81 57 95 41 98 85 88 63 74 78 64 30 15 71 35 31 17 40 16 18 19 0,42 64
PFG_MOEA,1754,1,199.67,1096.55,0 5 29 90 65 6 87 52 60 61 97 75 7 14 73 12 99 2 25 50 48 0,6 52
PFG_MOEA,1754,2,199.67,1096.55,0 24 79 51 45 94 49 32 36 54 70 72 67 86 82 3 62 0,
PFG_MOEA,1754,3,199.67,1096.55,0 4 80 53 66 58 77 46 28 69 47 38 44 59 89 10 26 96 0,69
PFG_MOEA,1754,4,199.67,1096.55,0 8 100 93 81 55 9 76 42 83 11 98 41 95 57 0,
PFG_MOEA,1754,5,199.67,1096.55,0 20 91 21 33 37 18 16 40 35 71 15 30 64 78 74 63 88 85 0,63
PFG_MOEA,1754,6,199.67,1096.55,0 92 43 34 1 22 23 84 39 56 68 19 17 31 27 13 0,31
PFG_MOEA,1755,1,218.48,880.23,0 98 85 88 63 74 78 64 30 15 71 35 40 16 18 19 31 17 20 91 34 43 48 0,43 98
PFG_MOEA,1755,2,218.48,880.23,0 50 92 21 33 37 68 56 39 84 23 22 1 99 2 25 0,99
PFG_MOEA,1755,3,218.48,880.23,0 4 80 53 66 94 49 51 45 24 79 32 3 36 54 70 72 67 86 82 58 77 62 0,
PFG_MOEA,1755,4,218.48,880.23,0 93 9 100 8 7 46 0,
PFG_MOEA,1755,5,218.48,880.23,0 28 69 47 38 44 59 26 10 89 96 83 11 14 73 0,26
PFG_MOEA,1755,6,218.48,880.23,0 5 29 90 65 6 87 52 60 61 97 75 55 76 42 81 57 95 41 12 27 13 0,29 42
PFG_MOEA,1756,1,198.33,1121.84,0 13 27 12 41 95 78 64 30 15 71 35 40 16 18 19 31 17 20 91 0,
PFG_MOEA,1756,2,198.33,1121.84,0 50 48 92 22 23 84 39 56 68 37 33 21 34 43 0,
PFG_MOEA,1756,3,198.33,1121.84,0 4 80 53 66 94 49 51 45 24 79 32 54 36 3 1 99 2 25 0,2
PFG_MOEA,1756,4,198.33,1121.84,0 62 77 58 82 86 67 72 70 93 9 100 8 7 46 28 69 47 0,58 93
PFG_MOEA,1756,5,198.33,1121.84,0 73 98 85 88 63 74 14 11 83 96 44 38 59 26 10 89 5 29 90 0,11 26 63 98
PFG_MOEA,1756,6,198.33,1121.84,0 65 6 87 52 60 61 97 75 55 76 42 81 57 0,
PFG_MOEA,1757,1,205.55,1025.13,0 81 57 95 41 15 30 64 78 74 63 88 85 98 71 35 40 16 18 19 17 31 0,78
PFG_MOEA,1757,2,205.55,1025.13,0 20 91 21 33 37 68 56 39 84 23 22 1 99 34 43 92 53 80 4 0,99
PFG_MOEA,1757,3,205.55,1025.13,0 66 94 3 36 54 70 72 67 32 49 51 45 24 0,
PFG_MOEA,1757,4,205.55,1025.13,0 77 58 82 86 62 48 50 25 2 12 73 14 11 83 96 59 26 89 10 0,12 26 83
PFG_MOEA,1757,5,205.55,1025.13,0 44 38 47 69 28 46 7 75 97 61 60 52 87 6 65 90 29 5 79 0,
PFG_MOEA,1757,6,205.55,1025.13,0 13 27 8 100 93 9 55 76 42 0,76
PFG_MOEA,1758,1,353.71,825.55,0 66 94 49 51 45 24 0,
PFG_MOEA,1758,2,353.71,825.55,0 2 25 50 48 62 77 58 82 86 67 72 70 54 36 3 32 79 5 29 90 65 6 87 52 60 61 55 9 42 76 81 93 100 8 7 46 28 69 47 38 44 59 89 10 26 96 83 11 14 73 12 27 13 0,32 42 44
PFG_MOEA,1758,3,353.71,825.55,0 57 95 41 0,
PFG_MOEA,1758,4,353.71,825.55,0 97 75 98 85 88 63 74 78 64 30 15 71 35 31 17 40 16 18 19 20 91 21 33 37 68 56 39 84 23 22 1 34 43 92 0,64
PFG_MOEA,1758,5,353.71,825.55,0 99 0,
PFG_MOEA,1758,6,353.71,825.55,0 4 80 53 0,
PFG_MOEA,1759,1,207.02,1012.48,0 50 48 62 21 33 37 68 56 39 3 36 54 66 53 80 4 24 0,
PFG_MOEA,1759,2,207.02,1012.48,0 45 94 49 32 51 79 5 29 90 65 6 87 52 60 61 55 9 42 76 81 93 100 8 0,5 32 76
PFG_MOEA,1759,3,207.02,1012.48,0 7 46 28 69 47 38 44 59 89 10 26 96 83 11 14 73 12 0,
PFG_MOEA,1759,4,207.02,1012.48,0 97 75 98 85 88 63 74 78 64 30 15 41 57 95 27 13 0,
PFG_MOEA,1759,5,207.02,1012.48,0 17 31 35 71 40 16 18 19 20 91 25 2 0,
PFG_MOEA,1759,6,207.02,1012.48,0 92 43 34 99 1 84 23 22 70 72 67 86 82 58 77 0,
PFG_MOEA,1760,1,207.74,922.35,0 76 42 57 95 41 98 85 88 63 74 78 64 30 15 71 35 31 17 40 16 18 0,18 42 63 98
PFG_MOEA,1760,2,207.74,922.35,0 19 91 21 33 37 68 56 39 84 23 22 1 99 34 43 92 53 4 0,
PFG_MOEA,1760,3,207.74,922.35,0 80 66 0,
PFG_MOEA,1760,4,207.74,922.35,0 24 51 45 94 49 32 36 54 70 72 67 82 86 3 58 77 62 48 50 25 20 0,67
PFG_MOEA,1760,5,207.74,922.35,0 2 13 27 12 73 14 11 83 96 26 10 89 59 44 38 47 69 28 46 7 75 97 0,2 11 69
PFG_MOEA,1760,6,207.74,922.35,0 79 90 65 6 87 52 5 29 60 61 93 55 9 81 100 8 0,5
PFG_MOEA,1761,1,204.74,1035.69,0 5 29 90 65 6 87 52 60 61 97 75 98 85 88 63 74 78 64 30 15 0,6
PFG_MOEA,1761,2,204.74,1035.69,0 20 91 19 17 31 71 35 40 16 18 68 37 33 21 34 43 92 48 50 0,18
PFG_MOEA,1761,3,204.74,1035.69,0 2 99 1 22 23 84 39 56 25 32 79 24 45 51 49 94 66 53 80 4 0,
PFG_MOEA,1761,4,204.74,1035.69,0 62 77 58 82 86 67 72 70 54 36 3 93 9 100 8 7 46 0,3
PFG_MOEA,1761,5,204.74,1035.69,0 28 69 47 38 44 59 26 10 89 96 83 0,26 96
PFG_MOEA,1761,6,204.74,1035.69,0 81 55 76 42 11 14 73 57 95 41 12 27 13 0,42
PFG_MOEA,1762,1,201.36,1069.24,0 27 12 73 14 11 83 96 26 10 89 59 44 38 47 69 28 46 0,83
PFG_MOEA,1762,2,201.36,1069.24,0 7 30 15 71 35 40 16 18 19 31 17 20 91 0,31
PFG_MOEA,1762,3,201.36,1069.24,0 25 2 99 34 43 92 1 84 23 22 70 72 67 86 82 58 77 50 0,
PFG_MOEA,1762,4,201.36,1069.24,0 4 80 53 66 54 36 3 39 56 68 37 33 21 62 48 0,36 62
PFG_MOEA,1762,5,201.36,1069.24,0 24 45 94 49 32 51 79 5 29 90 65 6 87 52 60 61 97 0,
PFG_MOEA,1762,6,201.36,1069.24,0 42 76 9 55 75 81 93 100 8 57 95 41 98 85 88 63 74 78 64 13 0,42 88
PFG_MOEA,1763,1,235.98,829.78,0 20 91 21 33 37 68 56 39 84 23 22 1 34 43 92 0,34
PFG_MOEA,1763,2,235.98,829.78,0 99 0,99
PFG_MOEA,1763,3,235.98,829.78,0 4 80 53 66 94 45 24 51 49 32 3 36 54 70 72 67 86 82 58 77 62 48 50 25 2 0,
PFG_MOEA,1763,4,235.98,829.78,0 12 73 14 11 83 96 26 10 89 59 44 38 47 69 28 46 7 0,26
PFG_MOEA,1763,5,235.98,829.78,0 79 5 29 90 65 6 87 52 60 61 97 75 13 27 0,
PFG_MOEA,1763,6,235.98,829.78,0 8 100 93 9 55 76 42 81 57 95 41 98 85 88 63 74 78 64 30 15 71 35 31 17 40 16 18 19 0,42 64
PFG_MOEA,1764,1,199.67,1096.55,0 5 29 90 65 6 87 52 60 61 97 75 7 14 73 12 99 2 25 50 48 0,6 52
PFG_MOEA,1764,2,199.67,1096.55,0 24 79 51 45 94 49 32 36 54 70 72 67 86 82 3 62 0,
PFG_MOEA,1764,3,199.67,1096.55,0 4 80 53 66 58 77 46 28 69 47 38 44 59 89 10 26 96 0,69
PFG_MOEA,1764,4,199.67,1096.55,0 8 100 93 81 55 9 76 42 83 11 98 41 95 57 0,
PFG_MOEA,1764,5,199.67,1096.55,0 20 91 21 33 37 18 16 40 35 71 15 30 64 78 74 63 88 85 0,63
PFG_MOEA,1764,6,199.67,1096.55,0 92 43 34 1 22 23 84 39 56 68 19 17 31 27 13 0,31
PFG_MOEA,1765,1,218.48,880.23,0 98 85 88 63 74 78 64 30 15 71 35 40 16 18 19 31 17 20 91 34 43 48 0,43 98
PFG_MOEA,1765,2,218.48,880.23,0 50 92 21 33 37 68 56 39 84 23 22 1 99 2 25 0,99
PFG_MOEA,1765,3,218.48,880.23,0 4 80 53 66 94 49 51 45 24 79 32 3 36 54 70 72 67 86 82 58 77 62 0,
PFG_MOEA,1765,4,218.48,880.23,0 93 9 100 8 7 46 0,
PFG_MOEA,1765,5,218.48,880.23,0 28 69 47 38 44 59 26 10 89 96 83 11 14 73 0,26
PFG_MOEA,1765,6,218.48,880.23,0 5 29 90 65 6 87 52 60 61 97 75 55 76 42 81 57 95 41 12 27 13 0,29 42
PFG_MOEA,1766,1,198.33,1121.84,0 13 27 12 41 95 78 64 30 15 71 35 40 16 18 19 31 17 20 91 0,
PFG_MOEA,1766,2,198.33,1121.84,0 50 48 92 22 23 84 39 56 68 37 33 21 34 43 0,
PFG_MOEA,1766,3,198.33,1121.84,0 4 80 53 66 94 49 51 45 24 79 32 54 36 3 1 99 2 25 0,2
PFG_MOEA,1766,4,198.33,1121.84,0 62 77 58 82 86 67 72 70 93 9 100 8 7 46 28 69 47 0,58 93
PFG_MOEA,1766,5,198.33,1121.84,0 73 98 85 88 63 74 14 11 83 96 44 38 59 26 10 89 5 29 90 0,11 26 63 98
PFG_MOEA,1766,6,198.33,1121.84,0 65 6 87 52 60 61 97 75 55 76 42 81 57 0,
PFG_MOEA,1767,1,205.55,1025.13,0 81 57 95 41 15 30 64 78 74 63 88 85 98 71 35 40 16 18 19 17 31 0,78
PFG_MOEA,1767,2,205.55,1025.13,0 20 91 21 33 37 68 56 39 84 23 22 1 99 34 43 92 53 80 4 0,99
PFG_MOEA,1767,3,205.55,1025.13,0 66 94 3 36 54 70 72 67 32 49 51 45 24 0,
PFG_MOEA,1767,4,205.55,1025.13,0 77 58 82 86 62 48 50 25 2 12 73 14 11 83 96 59 26 89 10 0,12 26 83
PFG_MOEA,1767,5,205.55,1025.13,0 44 38 47 69 28 46 7 75 97 61 60 52 87 6 65 90 29 5 79 0,
PFG_MOEA,1767,6,205.55,1025.13,0 13 27 8 100 93 9 55 76 42 0,76
PFG_MOEA,1768,1,353.71,825.55,0 66 94 49 51 45 24 0,
PFG_MOEA,1768,2,353.71,825.55,0 2 25 50 48 62 77 58 82 86 67 72 70 54 36 3 32 79 5 29 90 65 6 87 52 60 61 55 9 42 76 81 93 100 8 7 46 28 69 47 38 44 59 89 10 26 96 83 11 14 73 12 27 13 0,32 42 44
PFG_MOEA,1768,3,353.71,825.55,0 57 95 41 0,
PFG_MOEA,1768,4,353.71,825.55,0 97 75 98 85 88 63 74 78 64 30 15 71 35 31 17 40 16 18 19 20 91 21 33 37 68 56 39 84 23 22 1 34 43 92 0,64
PFG_MOEA,1768,5,353.71,825.55,0 99 0,
PFG_MOEA,1768,6,353.71,825.55,0 4 80 53 0,
PFG_MOEA,1769,1,207.02,1012.48,0 50 48 62 21 33 37 68 56 39 3 36 54 66 53 80 4 24 0,
PFG_MOEA,1769,2,207.02,1012.48,0 45 94 49 32 51 79 5 29 90 65 6 87 52 60 61 55 9 42 76 81 93 100 8 0,5 32 76
PFG_MOEA,1769,3,207.02,1012.48,0 7 46 28 69 47 38 44 59 89 10 26 96 83 11 14 73 12 0,
PFG_MOEA,1769,4,207.02,1012.48,0 97 75 98 85 88 63 74 78 64 30 15 41 57 95 27 13 0,
PFG_MOEA,1769,5,207.02,1012.48,0 17 31 35 71 40 16 18 19 20 91 25 2 0,
PFG_MOEA,1769,6,207.02,1012.48,0 92 43 34 99 1 84 23 22 70 72 67 86 82 58 77 0,
PFG_MOEA,1770,1,207.74,922.35,0 76 42 57 95 41 98 85 88 63 74 78 64 30 15 71 35 31 17 40 16 18 0,18 42 63 98
PFG_MOEA,1770,2,207.74,922.35,0 19 91 21 33 37 68 56 39 84 23 22 1 99 34 43 92 53 4 0,
PFG_MOEA,1770,3,207.74,922.35,0 80 66 0,
PFG_MOEA,1770,4,207.74,922.35,0 24 51 45 94 49 32 36 54 70 72 67 82 86 3 58 77 62 48 50 25 20 0,67
PFG_MOEA,1770,5,207.74,922.35,0 2 13 27 12 73 14 11 83 96 26 10 89 59 44 38 47 69 28 46 7 75 97 0,2 11 69
PFG_MOEA,1770,6,207.74,922.35,0 79 90 65 6 87 52 5 29 60 61 93 55 9 81 100 8 0,5
PFG_MOEA,1771,1,204.74,1035.69,0 5 29 90 65 6 87 52 60 61 97 75 98 85 88 63 74 78 64 30 15 0,6
PFG_MOEA,1771,2,204.74,1035.69,0 20 91 19 17 31 71 35 40 16 18 68 37 33 21 34 43 92 48 50 0,18
PFG_MOEA,1771,3,204.74,1035.69,0 2 99 1 22 23 84 39 56 25 32 79 24 45 51 49 94 66 53 80 4 0,
PFG_MOEA,1771,4,204.74,1035.69,0 62 77 58 82 86 67 72 70 54 36 3 93 9 100 8 7 46 0,3
PFG_MOEA,1771,5,204.74,1035.69,0 28 69 47 38 44 59 26 10 89 96 83 0,26 96
PFG_MOEA,1771,6,204.74,1035.69,0 81 55 76 42 11 14 73 57 95 41 12 27 13 0,42
PFG_MOEA,1772,1,201.36,1069.24,0 27 12 73 14 11 83 96 26 10 89 59 44 38 47 69 28 46 0,83
PFG_MOEA,1772,2,201.36,1069.24,0 7 30 15 71 35 40 16 18 19 31 17 20 91 0,31
PFG_MOEA,1772,3,201.36,1069.24,0 25 2 99 34 43 92 1 84 23 22 70 72 67 86 82 58 77 50 0,
PFG_MOEA,1772,4,201.36,1069.24,0 4 80 53 66 54 36 3 39 56 68 37 33 21 62 48 0,36 62
PFG_MOEA,1772,5,201.36,1069.24,0 24 45 94 49 32 51 79 5 29 90 65 6 87 52 60 61 97 0,
PFG_MOEA,1772,6,201.36,1069.24,0 42 76 9 55 75 81 93 100 8 57 95 41 98 85 88 63 74 78 64 13 0,42 88
PFG_MOEA,1773,1,235.98,829.78,0 20 91 21 33 37 68 56 39 84 23 22 1 34 43 92 0,34
PFG_MOEA,1773,2,235.98,829.78,0 99 0,99
PFG_MOEA,1773,3,235.98,829.78,0 4 80 53 66 94 45 24 51 49 32 3 36 54 70 72 67 86 82 58 77 62 48 50 25 2 0,
PFG_MOEA,1773,4,235.98,829.78,0 12 73 14 11 83 96 26 10 89 59 44 38 47 69 28 46 7 0,26
PFG_MOEA,1773,5,235.98,829.78,0 79 5 29 90 65 6 87 52 60 61 97 75 13 27 0,
PFG_MOEA,1773,6,235.98,829.78,0 8 100 93 9 55 76 42 81 57 95 41 98 85 88 63 74 78 64 30 15 71 35 31 17 40 16 18 19 0,42 64
PFG_MOEA,1774,1,199.67,1096.55,0 5 29 90 65 6 87 52 60 61 97 75 7 14 73 12 99 2 25 50 48 0,6 52
PFG_MOEA,1774,2,199.67,1096.55,0 24 79 51 45 94 49 32 36 54 70 72 67 86 82 3 62 0,
PFG_MOEA,1774,3,199.67,1096.55,0 4 80 53 66 58 77 46 28 69 47 38 44 59 89 10 26 96 0,69
PFG_MOEA,1774,4,199.67,1096.55,0 8 100 93 81 55 9 76 42 83 11 98 41 95 57 0,
PFG_MOEA,1774,5,199.67,1096.55,0 20 91 21 33 37 18 16 40 35 71 15 30 64 78 74 63 88 85 0,63
PFG_MOEA,1774,6,199.67,1096.55,0 92 43 34 1 22 23 84 39 56 68 19 17 31 27 13 0,31
PFG_MOEA,1775,1,218.48,880.23,0 98 85 88 63 74 78 64 30 15 71 35 40 16 18 19 31 17 20 91 34 43 48 0,43 98
PFG_MOEA,1775,2,218.48,880.23,0 50 92 21 33 37 68 56 39 84 23 22 1 99 2 25 0,99
PFG_MOEA,1775,3,218.48,880.23,0 4 80 53 66 94 49 51 45 24 79 32 3 36 54 70 72 67 86 82 58 77 62 0,
PFG_MOEA,1775,4,218.48,880.23,0 93 9 100 8 7 46 0,
PFG_MOEA,1775,5,218.48,880.23,0 28 69 47 38 44 59 26 10 89 96 83 11 14 73 0,26
PFG_MOEA,1775,6,218.48,880.23,0 5 29 90 65 6 87 52 60 61 97 75 55 76 42 81 57 95 41 12 27 13 0,29 42
PFG_MOEA,1776,1,198.33,1121.84,0 13 27 12 41 95 78 64 30 15 71 35 40 16 18 19 31 17 20 91 0,
PFG_MOEA,1776,2,198.33,1121.84,0 50 48 92 22 23 84 39 56 68 37 33 21 34 43 0,
PFG_MOEA,1776,3,198.33,1121.84,0 4 80 53 66 94 49 51 45 24 79 32 54 36 3 1 99 2 25 0,2
PFG_MOEA,1776,4,198.33,1121.84,0 62 77 58 82 86 67 72 70 93 9 100 8 7 46 28 69 47 0,58 93
PFG_MOEA,1776,5,198.33,1121.84,0 73 98 85 88 63 74 14 11 83 96 44 38 59 26 10 89 5 29 90 0,11 26 63 98
PFG_MOEA,1776,6,198.33,1121.84,0 65 6 87 52 60 61 97 75 55 76 42 81 57 0,
PFG_MOEA,1777,1,205.55,1025.13,0 81 57 95 41 15 30 64 78 74 63 88 85 98 71 35 40 16 18 19 17 31 0,78
PFG_MOEA,1777,2,205.55,1025.13,0 20 91 21 33 37 68 56 39 84 23 22 1 99 34 43 92 53 80 4 0,99
PFG_MOEA,1777,3,205.55,1025.13,0 66 94 3 36 54 70 72 67 32 49 51 45 24 0,
PFG_MOEA,1777,4,205.55,1025.13,0 77 58 82 86 62 48 50 25 2 12 73 14 11 83 96 59 26 89 10 0,12 26 83
PFG_MOEA,1777,5,205.55,1025.13,0 44 38 47 69 28 46 7 75 97 61 60 52 87 6 65 90 29 5 79 0,
PFG_MOEA,1777,6,205.55,1025.13,0 13 27 8 100 93 9 55 76 42 0,76
PFG_MOEA,1778,1,353.71,825.55,0 66 94 49 51 45 24 0,
PFG_MOEA,1778,2,353.71,825.55,0 2 25 50 48 62 77 58 82 86 67 72 70 54 36 3 32 79 5 29 90 65 6 87 52 60 61 55 9 42 76 81 93 100 8 7 46 28 69 47 38 44 59 89 10 26 96 83 11 14 73 12 27 13 0,32 42 44
PFG_MOEA,1778,3,353.71,825.55,0 57 95 41 0,
PFG_MOEA,1778,4,353.71,825.55,0 97 75 98 85 88 63 74 78 64 30 15 71 35 31 17 40 16 18 19 20 91 21 33 37 68 56 39 84 23 22 1 34 43 92 0,64
PFG_MOEA,1778,5,353.71,825.55,0 99 0,
PFG_MOEA,1778,6,353.71,825.55,0 4 80 53 0,
PFG_MOEA,1779,1,207.02,1012.48,0 50 48 62 21 33 37 68 56 39 3 36 54 66 53 80 4 24 0,
PFG_MOEA,1779,2,207.02,1012.48,0 45 94 49 32 51 79 5 29 90 65 6 87 52 60 61 55 9 42 76 81 93 100 8 0,5 32 76
PFG_MOEA,1779,3,207.02,1012.48,0 7 46 28 69 47 38 44 59 89 10 26 96 83 11 14 73 12 0,
PFG_MOEA,1779,4,207.02,1012.48,0 97 75 98 85 88 63 74 78 64 30 15 41 57 95 27 13 0,
PFG_MOEA,1779,5,207.02,1012.48,0 17 31 35 71 40 16 18 19 20 91 25 2 0,
PFG_MOEA,1779,6,207.02,1012.48,0 92 43 34 99 1 84 23 22 70 72 67 86 82 58 77 0,
PFG_MOEA,1780,1,207.74,922.35,0 76 42 57 95 41 98 85 88 63 74 78 64 30 15 71 35 31 17 40 16 18 0,18 42 63 98
PFG_MOEA,1780,2,207.74,922.35,0 19 91 21 33 37 68 56 39 84 23 22 1 99 34 43 92 53 4 0,
PFG_MOEA,1780,3,207.74,922.35,0 80 66 0,
PFG_MOEA,1780,4,207.74,922.35,0 24 51 45 94 49 32 36 54 70 72 67 82 86 3 58 77 62 48 50 25 20 0,67
PFG_MOEA,1780,5,207.74,922.35,0 2 13 27 12 73 14 11 83 96 26 10 89 59 44 38 47 69 28 46 7 75 97 0,2 11 69
PFG_MOEA,1780,6,207.74,922.35,0 79 90 65 6 87 52 5 29 60 61 93 55 9 81 100 8 0,5
PFG_MOEA,1781,1,204.74,1035.69,0 5 29 90 65 6 87 52 60 61 97 75 98 85 88 63 74 78 64 30 15 0,6
PFG_MOEA,1781,2,204.74,1035.69,0 20 91 19 17 31 71 35 40 16 18 68 37 33 21 34 43 92 48 50 0,18
PFG_MOEA,1781,3,204.74,1035.69,0 2 99 1 22 23 84 39 56 25 32 79 24 45 51 49 94 66 53 80 4 0,
PFG_MOEA,1781,4,204.74,1035.69,0 62 77 58 82 86 67 72 70 54 36 3 93 9 100 8 7 46 0,3
PFG_MOEA,1781,5,204.74,1035.69,0 28 69 47 38 44 59 26 10 89 96 83 0,26 96
PFG_MOEA,1781,6,204.74,1035.69,0 81 55 76 42 11 14 73 57 95 41 12 27 13 0,42
PFG_MOEA,1782,1,201.36,1069.24,0 27 12 73 14 11 83 96 26 10 89 59 44 38 47 69 28 46 0,83
PFG_MOEA,1782,2,201.36,1069.24,0 7 30 15 71 35 40 16 18 19 31 17 20 91 0,31
PFG_MOEA,1782,3,201.36,1069.24,0 25 2 99 34 43 92 1 84 23 22 70 72 67 86 82 58 77 50 0,
PFG_MOEA,1782,4,201.36,1069.24,0 4 80 53 66 54 36 3 39 56 68 37 33 21 62 48 0,36 62
PFG_MOEA,1782,5,201.36,1069.24,0 24 45 94 49 32 51 79 5 29 90 65 6 87 52 60 61 97 0,
PFG_MOEA,1782,6,201.36,1069.24,0 42 76 9 55 75 81 93 100 8 57 95 41 98 85 88 63 74 78 64 13 0,42 88
PFG_MOEA,1783,1,235.98,829.78,0 20 91 21 33 37 68 56 39 84 23 22 1 34 43 92 0,34
PFG_MOEA,1783,2,235.98,829.78,0 99 0,99
PFG_MOEA,1783,3,235.98,829.78,0 4 80 53 66 94 45 24 51 49 32 3 36 54 70 72 67 86 82 58 77 62 48 50 25 2 0,
PFG_MOEA,1783,4,235.98,829.78,0 12 73 14 11 83 96 26 10 89 59 44 38 47 69 28 46 7 0,26
PFG_MOEA,1783,5,235.98,829.78,0 79 5 29 90 65 6 87 52 60 61 97 75 13 27 0,
PFG_MOEA,1783,6,235.98,829.78,0 8 100 93 9 55 76 42 81 57 95 41 98 85 88 63 74 78 64 30 15 71 35 31 17 40 16 18 19 0,42 64
PFG_MOEA,1784,1,199.67,1096.55,0 5 29 90 65 6 87 52 60 61 97 75 7 14 73 12 99 2 25 50 48 0,6 52
PFG_MOEA,1784,2,199.67,1096.55,0 24 79 51 45 94 49 32 36 54 70 72 67 86 82 3 62 0,
PFG_MOEA,1784,3,199.67,1096.55,0 4 80 53 66 58 77 46 28 69 47 38 44 59 89 10 26 96 0,69
PFG_MOEA,1784,4,199.67,1096.55,0 8 100 93 81 55 9 76 42 83 11 98 41 95 57 0,
PFG_MOEA,1784,5,199.67,1096.55,0 20 91 21 33 37 18 16 40 35 71 15 30 64 78 74 63 88 85 0,63
PFG_MOEA,1784,6,199.67,1096.55,0 92 43 34 1 22 23 84 39 56 68 19 17 31 27 13 0,31
PFG_MOEA,1785,1,218.48,880.23,0 98 85 88 63 74 78 64 30 15 71 35 40 16 18 19 31 17 20 91 34 43 48 0,43 98
PFG_MOEA,1785,2,218.48,880.23,0 50 92 21 33 37 68 56 39 84 23 22 1 99 2 25 0,99
PFG_MOEA,1785,3,218.48,880.23,0 4 80 53 66 94 49 51 45 24 79 32 3 36 54 70 72 67 86 82 58 77 62 0,
PFG_MOEA,1785,4,218.48,880.23,0 93 9 100 8 7 46 0,
PFG_MOEA,1785,5,218.48,880.23,0 28 69 47 38 44 59 26 10 89 96 83 11 14 73 0,26
PFG_MOEA,1785,6,218.48,880.23,0 5 29 90 65 6 87 52 60 61 97 75 55 76 42 81 57 95 41 12 27 13 0,29 42
PFG_MOEA,1786,1,198.33,1121.84,0 13 27 12 41 95 78 64 30 15 71 35 40 16 18 19 31 17 20 91 0,
PFG_MOEA,1786,2,198.33,1121.84,0 50 48 92 22 23 84 39 56 68 37 33 21 34 43 0,
PFG_MOEA,1786,3,198.33,1121.84,0 4 80 53 66 94 49 51 45 24 79 32 54 36 3 1 99 2 25 0,2
PFG_MOEA,1786,4,198.33,1121.84,0 62 77 58 82 86 67 72 70 93 9 100 8 7 46 28 69 47 0,58 93
PFG_MOEA,1786,5,198.33,1121.84,0 73 98 85 88 63 74 14 11 83 96 44 38 59 26 10 89 5 29 90 0,11 26 63 98
PFG_MOEA,1786,6,198.33,1121.84,0 65 6 87 52 60 61 97 75 55 76 42 81 57 0,
PFG_MOEA,1787,1,205.55,1025.13,0 81 57 95 41 15 30 64 78 74 63 88 85 98 71 35 40 16 18 19 17 31 0,78
PFG_MOEA,1787,2,205.55,1025.13,0 20 91 21 33 37 68 56 39 84 23 22 1 99 34 43 92 53 80 4 0,99
PFG_MOEA,1787,3,205.55,1025.13,0 66 94 3 36 54 70 72 67 32 49 51 45 24 0,
PFG_MOEA,1787,4,205.55,1025.13,0 77 58 82 86 62 48 50 25 2 12 73 14 11 83 96 59 26 89 10 0,12 26 83
PFG_MOEA,1787,5,205.55,1025.13,0 44 38 47 69 28 46 7 75 97 61 60 52 87 6 65 90 29 5 79 0,
PFG_MOEA,1787,6,205.55,1025.13,0 13 27 8 100 93 9 55 76 42 0,76
PFG_MOEA,1788,1,353.71,825.55,0 66 94 49 51 45 24 0,
PFG_MOEA,1788,2,353.71,825.55,0 2 25 50 48 62 77 58 82 86 67 72 70 54 36 3 32 79 5 29 90 65 6 87 52 60 61 55 9 42 76 81 93 100 8 7 46 28 69 47 38 44 59 89 10 26 96 83 11 14 73 12 27 13 0,32 42 44
PFG_MOEA,1788,3,353.71,825.55,0 57 95 41 0,
PFG_MOEA,1788,4,353.71,825.55,0 97 75 98 85 88 63 74 78 64 30 15 71 35 31 17 40 16 18 19 20 91 21 33 37 68 56 39 84 23 22 1 34 43 92 0,64
PFG_MOEA,1788,5,353.71,825.55,0 99 0,
PFG_MOEA,1788,6,353.71,825.55,0 4 80 53 0,
PFG_MOEA,1789,1,207.02,1012.48,0 50 48 62 21 33 37 68 56 39 3 36 54 66 53 80 4 24 0,
PFG_MOEA,1789,2,207.02,1012.48,0 45 94 49 32 51 79 5 29 90 65 6 87 52 60 61 55 9 42 76 81 93 100 8 0,5 32 76
PFG_MOEA,1789,3,207.02,1012.48,0 7 46 28 69 47 38 44 59 89 10 26 96 83 11 14 73 12 0,
PFG_MOEA,1789,4,207.02,1012.48,0 97 75 98 85 88 63 74 78 64 30 15 41 57 95 27 13 0,
PFG_MOEA,1789,5,207.02,1012.48,0 17 31 35 71 40 16 18 19 20 91 25 2 0,
PFG_MOEA,1789,6,207.02,1012.48,0 92 43 34 99 1 84 23 22 70 72 67 86 82 58 77 0,
PFG_MOEA,1790,1,207.74,922.35,0 76 42 57 95 41 98 85 88 63 74 78 64 30 15 71 35 31 17 40 16 18 0,18 42 63 98
PFG_MOEA,1790,2,207.74,922.35,0 19 91 21 33 37 68 56 39 84 23 22 1 99 34 43 92 53 4 0,
PFG_MOEA,1790,3,207.74,922.35,0 80 66 0,
PFG_MOEA,1790,4,207.74,922.35,0 24 51 45 94 49 32 36 54 70 72 67 82 86 3 58 77 62 48 50 25 20 0,67
PFG_MOEA,1790,5,207.74,922.35,0 2 13 27 12 73 14 11 83 96 26 10 89 59 44 38 47 69 28 46 7 75 97 0,2 11 69
PFG_MOEA,1790,6,207.74,922.35,0 79 90 65 6 87 52 5 29 60 61 93 55 9 81 100 8 0,5
PFG_MOEA,1791,1,204.74,1035.69,0 5 29 90 65 6 87 52 60 61 97 75 98 85 88 63 74 78 64 30 15 0,6
PFG_MOEA,1791,2,204.74,1035.69,0 20 91 19 17 31 71 35 40 16 18 68 37 33 21 34 43 92 48 50 0,18
PFG_MOEA,1791,3,204.74,1035.69,0 2 99 1 22 23 84 39 56 25 32 79 24 45 51 49 94 66 53 80 4 0,
PFG_MOEA,1791,4,204.74,1035.69,0 62 77 58 82 86 67 72 70 54 36 3 93 9 100 8 7 46 0,3
PFG_MOEA,1791,5,204.74,1035.69,0 28 69 47 38 44 59 26 10 89 96 83 0,26 96
PFG_MOEA,1791,6,204.74,1035.69,0 81 55 76 42 11 14 73 57 95 41 12 27 13 0,42
