algorithm,solution_id,truck_id,makespan,carbon,truck_route,drone_customers
PFG_MOEA,1,1,141.39,1069.23,0 8 42 28 10 89 47 69 38 44 59 26 96 0,
PFG_MOEA,1,2,141.39,1069.23,0 13 12 41 11 14 98 85 15 73 95 57 0,57
PFG_MOEA,1,3,141.39,1069.23,0 4 80 53 100 81 7 46 27 83 88 63 74 78 64 30 71 35 40 16 20 0,100
PFG_MOEA,1,4,141.39,1069.23,0 31 17 18 19 91 33 37 68 56 39 72 70 54 36 3 58 77 50 0,
PFG_MOEA,1,5,141.39,1069.23,0 2 99 34 1 21 84 23 22 25 43 92 48 62 67 86 82 94 49 66 0,94
PFG_MOEA,1,6,141.39,1069.23,0 24 45 51 32 79 5 29 90 65 6 87 52 60 61 97 93 75 55 9 76 0,
PFG_MOEA,2,1,141.39,1069.23,0 8 42 28 10 89 47 69 38 44 59 26 96 0,
PFG_MOEA,2,2,141.39,1069.23,0 13 12 41 11 14 98 85 15 73 95 57 0,57
PFG_MOEA,2,3,141.39,1069.23,0 4 80 53 100 81 7 46 27 83 88 63 74 78 64 30 71 35 40 16 20 0,100
PFG_MOEA,2,4,141.39,1069.23,0 31 17 18 19 91 33 37 68 56 39 72 70 54 36 3 58 77 50 0,
PFG_MOEA,2,5,141.39,1069.23,0 2 99 34 1 21 84 23 22 25 43 92 48 62 67 86 82 94 49 66 0,94
PFG_MOEA,2,6,141.39,1069.23,0 24 45 51 32 79 5 29 90 65 6 87 52 60 61 97 93 75 55 9 76 0,
PFG_MOEA,3,1,141.39,1069.23,0 8 42 28 10 89 47 69 38 44 59 26 96 0,
PFG_MOEA,3,2,141.39,1069.23,0 13 12 41 11 14 98 85 15 73 95 57 0,57
PFG_MOEA,3,3,141.39,1069.23,0 4 80 53 100 81 7 46 27 83 88 63 74 78 64 30 71 35 40 16 20 0,100
PFG_MOEA,3,4,141.39,1069.23,0 31 17 18 19 91 33 37 68 56 39 72 70 54 36 3 58 77 50 0,
PFG_MOEA,3,5,141.39,1069.23,0 2 99 34 1 21 84 23 22 25 43 92 48 62 67 86 82 94 49 66 0,94
PFG_MOEA,3,6,141.39,1069.23,0 24 45 51 32 79 5 29 90 65 6 87 52 60 61 97 93 75 55 9 76 0,
PFG_MOEA,4,1,141.39,1069.23,0 8 42 28 10 89 47 69 38 44 59 26 96 0,
PFG_MOEA,4,2,141.39,1069.23,0 13 12 41 11 14 98 85 15 73 95 57 0,57
PFG_MOEA,4,3,141.39,1069.23,0 4 80 53 100 81 7 46 27 83 88 63 74 78 64 30 71 35 40 16 20 0,100
PFG_MOEA,4,4,141.39,1069.23,0 31 17 18 19 91 33 37 68 56 39 72 70 54 36 3 58 77 50 0,
PFG_MOEA,4,5,141.39,1069.23,0 2 99 34 1 21 84 23 22 25 43 92 48 62 67 86 82 94 49 66 0,94
PFG_MOEA,4,6,141.39,1069.23,0 24 45 51 32 79 5 29 90 65 6 87 52 60 61 97 93 75 55 9 76 0,
PFG_MOEA,5,1,141.39,1069.23,0 8 42 28 10 89 47 69 38 44 59 26 96 0,
PFG_MOEA,5,2,141.39,1069.23,0 13 12 41 11 14 98 85 15 73 95 57 0,57
PFG_MOEA,5,3,141.39,1069.23,0 4 80 53 100 81 7 46 27 83 88 63 74 78 64 30 71 35 40 16 20 0,100
PFG_MOEA,5,4,141.39,1069.23,0 31 17 18 19 91 33 37 68 56 39 72 70 54 36 3 58 77 50 0,
PFG_MOEA,5,5,141.39,1069.23,0 2 99 34 1 21 84 23 22 25 43 92 48 62 67 86 82 94 49 66 0,94
PFG_MOEA,5,6,141.39,1069.23,0 24 45 51 32 79 5 29 90 65 6 87 52 60 61 97 93 75 55 9 76 0,
PFG_MOEA,6,1,141.39,1069.23,0 8 42 28 10 89 47 69 38 44 59 26 96 0,
PFG_MOEA,6,2,141.39,1069.23,0 13 12 41 11 14 98 85 15 73 95 57 0,57
PFG_MOEA,6,3,141.39,1069.23,0 4 80 53 100 81 7 46 27 83 88 63 74 78 64 30 71 35 40 16 20 0,100
PFG_MOEA,6,4,141.39,1069.23,0 31 17 18 19 91 33 37 68 56 39 72 70 54 36 3 58 77 50 0,
PFG_MOEA,6,5,141.39,1069.23,0 2 99 34 1 21 84 23 22 25 43 92 48 62 67 86 82 94 49 66 0,94
PFG_MOEA,6,6,141.39,1069.23,0 24 45 51 32 79 5 29 90 65 6 87 52 60 61 97 93 75 55 9 76 0,
PFG_MOEA,7,1,141.39,1069.23,0 8 42 28 10 89 47 69 38 44 59 26 96 0,
PFG_MOEA,7,2,141.39,1069.23,0 13 12 41 11 14 98 85 15 73 95 57 0,57
PFG_MOEA,7,3,141.39,1069.23,0 4 80 53 100 81 7 46 27 83 88 63 74 78 64 30 71 35 40 16 20 0,100
PFG_MOEA,7,4,141.39,1069.23,0 31 17 18 19 91 33 37 68 56 39 72 70 54 36 3 58 77 50 0,
PFG_MOEA,7,5,141.39,1069.23,0 2 99 34 1 21 84 23 22 25 43 92 48 62 67 86 82 94 49 66 0,94
PFG_MOEA,7,6,141.39,1069.23,0 24 45 51 32 79 5 29 90 65 6 87 52 60 61 97 93 75 55 9 76 0,
PFG_MOEA,8,1,141.39,1069.23,0 8 42 28 10 89 47 69 38 44 59 26 96 0,
PFG_MOEA,8,2,141.39,1069.23,0 13 12 41 11 14 98 85 15 73 95 57 0,57
PFG_MOEA,8,3,141.39,1069.23,0 4 80 53 100 81 7 46 27 83 88 63 74 78 64 30 71 35 40 16 20 0,100
PFG_MOEA,8,4,141.39,1069.23,0 31 17 18 19 91 33 37 68 56 39 72 70 54 36 3 58 77 50 0,
PFG_MOEA,8,5,141.39,1069.23,0 2 99 34 1 21 84 23 22 25 43 92 48 62 67 86 82 94 49 66 0,94
PFG_MOEA,8,6,141.39,1069.23,0 24 45 51 32 79 5 29 90 65 6 87 52 60 61 97 93 75 55 9 76 0,
PFG_MOEA,9,1,141.39,1069.23,0 8 42 28 10 89 47 69 38 44 59 26 96 0,
PFG_MOEA,9,2,141.39,1069.23,0 13 12 41 11 14 98 85 15 73 95 57 0,57
PFG_MOEA,9,3,141.39,1069.23,0 4 80 53 100 81 7 46 27 83 88 63 74 78 64 30 71 35 40 16 20 0,100
PFG_MOEA,9,4,141.39,1069.23,0 31 17 18 19 91 33 37 68 56 39 72 70 54 36 3 58 77 50 0,
PFG_MOEA,9,5,141.39,1069.23,0 2 99 34 1 21 84 23 22 25 43 92 48 62 67 86 82 94 49 66 0,94
PFG_MOEA,9,6,141.39,1069.23,0 24 45 51 32 79 5 29 90 65 6 87 52 60 61 97 93 75 55 9 76 0,
PFG_MOEA,10,1,167.7,934.83,0 96 83 11 14 42 76 9 55 75 81 46 28 69 47 38 44 59 26 10 89 0,26 38 89
PFG_MOEA,10,2,167.7,934.83,0 13 27 12 41 95 57 73 15 98 85 88 63 74 78 64 30 71 35 40 16 18 19 31 20 0,
PFG_MOEA,10,3,167.7,934.83,0 17 91 33 37 68 56 39 84 23 0,
PFG_MOEA,10,4,167.7,934.83,0 4 80 53 66 94 49 51 79 32 3 36 54 70 72 67 86 82 22 21 1 34 48 62 58 77 0,86 94
PFG_MOEA,10,5,167.7,934.83,0 2 99 25 43 92 50 45 24 5 29 90 65 6 87 52 60 61 97 93 100 0,43 45
PFG_MOEA,10,6,167.7,934.83,0 8 7 0,
PFG_MOEA,11,1,141.39,1069.23,0 8 42 28 10 89 47 69 38 44 59 26 96 0,
PFG_MOEA,11,2,141.39,1069.23,0 13 12 41 11 14 98 85 15 73 95 57 0,57
PFG_MOEA,11,3,141.39,1069.23,0 4 80 53 100 81 7 46 27 83 88 63 74 78 64 30 71 35 40 16 20 0,100
PFG_MOEA,11,4,141.39,1069.23,0 31 17 18 19 91 33 37 68 56 39 72 70 54 36 3 58 77 50 0,
PFG_MOEA,11,5,141.39,1069.23,0 2 99 34 1 21 84 23 22 25 43 92 48 62 67 86 82 94 49 66 0,94
PFG_MOEA,11,6,141.39,1069.23,0 24 45 51 32 79 5 29 90 65 6 87 52 60 61 97 93 75 55 9 76 0,
PFG_MOEA,12,1,167.7,934.83,0 96 83 11 14 42 76 9 55 75 81 46 28 69 47 38 44 59 26 10 89 0,26 38 89
PFG_MOEA,12,2,167.7,934.83,0 13 27 12 41 95 57 73 15 98 85 88 63 74 78 64 30 71 35 40 16 18 19 31 20 0,
PFG_MOEA,12,3,167.7,934.83,0 17 91 33 37 68 56 39 84 23 0,
PFG_MOEA,12,4,167.7,934.83,0 4 80 53 66 94 49 51 79 32 3 36 54 70 72 67 86 82 22 21 1 34 48 62 58 77 0,86 94
PFG_MOEA,12,5,167.7,934.83,0 2 99 25 43 92 50 45 24 5 29 90 65 6 87 52 60 61 97 93 100 0,43 45
PFG_MOEA,12,6,167.7,934.83,0 8 7 0,
PFG_MOEA,13,1,141.39,1069.23,0 8 42 28 10 89 47 69 38 44 59 26 96 0,
PFG_MOEA,13,2,141.39,1069.23,0 13 12 41 11 14 98 85 15 73 95 57 0,57
PFG_MOEA,13,3,141.39,1069.23,0 4 80 53 100 81 7 46 27 83 88 63 74 78 64 30 71 35 40 16 20 0,100
PFG_MOEA,13,4,141.39,1069.23,0 31 17 18 19 91 33 37 68 56 39 72 70 54 36 3 58 77 50 0,
PFG_MOEA,13,5,141.39,1069.23,0 2 99 34 1 21 84 23 22 25 43 92 48 62 67 86 82 94 49 66 0,94
PFG_MOEA,13,6,141.39,1069.23,0 24 45 51 32 79 5 29 90 65 6 87 52 60 61 97 93 75 55 9 76 0,
PFG_MOEA,14,1,167.7,934.83,0 96 83 11 14 42 76 9 55 75 81 46 28 69 47 38 44 59 26 10 89 0,26 38 89
PFG_MOEA,14,2,167.7,934.83,0 13 27 12 41 95 57 73 15 98 85 88 63 74 78 64 30 71 35 40 16 18 19 31 20 0,
PFG_MOEA,14,3,167.7,934.83,0 17 91 33 37 68 56 39 84 23 0,
PFG_MOEA,14,4,167.7,934.83,0 4 80 53 66 94 49 51 79 32 3 36 54 70 72 67 86 82 22 21 1 34 48 62 58 77 0,86 94
PFG_MOEA,14,5,167.7,934.83,0 2 99 25 43 92 50 45 24 5 29 90 65 6 87 52 60 61 97 93 100 0,43 45
PFG_MOEA,14,6,167.7,934.83,0 8 7 0,
PFG_MOEA,15,1,173.13,915.94,0 8 28 10 89 47 69 38 44 59 26 96 83 11 98 14 73 41 12 13 95 57 0,38
PFG_MOEA,15,2,173.13,915.94,0 15 85 88 63 74 78 64 30 71 35 40 16 18 19 31 17 20 91 33 37 68 56 39 84 23 22 21 1 34 0,17 40 64 88
PFG_MOEA,15,3,173.13,915.94,0 4 80 53 51 79 0,
PFG_MOEA,15,4,173.13,915.94,0 66 49 32 94 82 86 67 72 70 54 36 3 58 77 48 62 92 43 0,
PFG_MOEA,15,5,173.13,915.94,0 25 99 2 0,
PFG_MOEA,15,6,173.13,915.94,0 50 45 24 5 29 90 65 6 87 52 60 61 97 93 100 75 55 9 76 42 81 7 46 27 0,5 50 81
PFG_MOEA,16,1,141.39,1069.23,0 8 42 28 10 89 47 69 38 44 59 26 96 0,
PFG_MOEA,16,2,141.39,1069.23,0 13 12 41 11 14 98 85 15 73 95 57 0,57
PFG_MOEA,16,3,141.39,1069.23,0 4 80 53 100 81 7 46 27 83 88 63 74 78 64 30 71 35 40 16 20 0,100
PFG_MOEA,16,4,141.39,1069.23,0 31 17 18 19 91 33 37 68 56 39 72 70 54 36 3 58 77 50 0,
PFG_MOEA,16,5,141.39,1069.23,0 2 99 34 1 21 84 23 22 25 43 92 48 62 67 86 82 94 49 66 0,94
PFG_MOEA,16,6,141.39,1069.23,0 24 45 51 32 79 5 29 90 65 6 87 52 60 61 97 93 75 55 9 76 0,
PFG_MOEA,17,1,167.7,934.83,0 96 83 11 14 42 76 9 55 75 81 46 28 69 47 38 44 59 26 10 89 0,26 38 89
PFG_MOEA,17,2,167.7,934.83,0 13 27 12 41 95 57 73 15 98 85 88 63 74 78 64 30 71 35 40 16 18 19 31 20 0,
PFG_MOEA,17,3,167.7,934.83,0 17 91 33 37 68 56 39 84 23 0,
PFG_MOEA,17,4,167.7,934.83,0 4 80 53 66 94 49 51 79 32 3 36 54 70 72 67 86 82 22 21 1 34 48 62 58 77 0,86 94
PFG_MOEA,17,5,167.7,934.83,0 2 99 25 43 92 50 45 24 5 29 90 65 6 87 52 60 61 97 93 100 0,43 45
PFG_MOEA,17,6,167.7,934.83,0 8 7 0,
PFG_MOEA,18,1,173.13,915.94,0 8 28 10 89 47 69 38 44 59 26 96 83 11 98 14 73 41 12 13 95 57 0,38
PFG_MOEA,18,2,173.13,915.94,0 15 85 88 63 74 78 64 30 71 35 40 16 18 19 31 17 20 91 33 37 68 56 39 84 23 22 21 1 34 0,17 40 64 88
PFG_MOEA,18,3,173.13,915.94,0 4 80 53 51 79 0,
PFG_MOEA,18,4,173.13,915.94,0 66 49 32 94 82 86 67 72 70 54 36 3 58 77 48 62 92 43 0,
PFG_MOEA,18,5,173.13,915.94,0 25 99 2 0,
PFG_MOEA,18,6,173.13,915.94,0 50 45 24 5 29 90 65 6 87 52 60 61 97 93 100 75 55 9 76 42 81 7 46 27 0,5 50 81
PFG_MOEA,19,1,141.39,1069.23,0 8 42 28 10 89 47 69 38 44 59 26 96 0,
PFG_MOEA,19,2,141.39,1069.23,0 13 12 41 11 14 98 85 15 73 95 57 0,57
PFG_MOEA,19,3,141.39,1069.23,0 4 80 53 100 81 7 46 27 83 88 63 74 78 64 30 71 35 40 16 20 0,100
PFG_MOEA,19,4,141.39,1069.23,0 31 17 18 19 91 33 37 68 56 39 72 70 54 36 3 58 77 50 0,
PFG_MOEA,19,5,141.39,1069.23,0 2 99 34 1 21 84 23 22 25 43 92 48 62 67 86 82 94 49 66 0,94
PFG_MOEA,19,6,141.39,1069.23,0 24 45 51 32 79 5 29 90 65 6 87 52 60 61 97 93 75 55 9 76 0,
PFG_MOEA,20,1,167.7,934.83,0 96 83 11 14 42 76 9 55 75 81 46 28 69 47 38 44 59 26 10 89 0,26 38 89
PFG_MOEA,20,2,167.7,934.83,0 13 27 12 41 95 57 73 15 98 85 88 63 74 78 64 30 71 35 40 16 18 19 31 20 0,
PFG_MOEA,20,3,167.7,934.83,0 17 91 33 37 68 56 39 84 23 0,
PFG_MOEA,20,4,167.7,934.83,0 4 80 53 66 94 49 51 79 32 3 36 54 70 72 67 86 82 22 21 1 34 48 62 58 77 0,86 94
PFG_MOEA,20,5,167.7,934.83,0 2 99 25 43 92 50 45 24 5 29 90 65 6 87 52 60 61 97 93 100 0,43 45
PFG_MOEA,20,6,167.7,934.83,0 8 7 0,
PFG_MOEA,21,1,173.13,915.94,0 8 28 10 89 47 69 38 44 59 26 96 83 11 98 14 73 41 12 13 95 57 0,38
PFG_MOEA,21,2,173.13,915.94,0 15 85 88 63 74 78 64 30 71 35 40 16 18 19 31 17 20 91 33 37 68 56 39 84 23 22 21 1 34 0,17 40 64 88
PFG_MOEA,21,3,173.13,915.94,0 4 80 53 51 79 0,
PFG_MOEA,21,4,173.13,915.94,0 66 49 32 94 82 86 67 72 70 54 36 3 58 77 48 62 92 43 0,
PFG_MOEA,21,5,173.13,915.94,0 25 99 2 0,
PFG_MOEA,21,6,173.13,915.94,0 50 45 24 5 29 90 65 6 87 52 60 61 97 93 100 75 55 9 76 42 81 7 46 27 0,5 50 81
PFG_MOEA,22,1,141.39,1069.23,0 8 42 28 10 89 47 69 38 44 59 26 96 0,
PFG_MOEA,22,2,141.39,1069.23,0 13 12 41 11 14 98 85 15 73 95 57 0,57
PFG_MOEA,22,3,141.39,1069.23,0 4 80 53 100 81 7 46 27 83 88 63 74 78 64 30 71 35 40 16 20 0,100
PFG_MOEA,22,4,141.39,1069.23,0 31 17 18 19 91 33 37 68 56 39 72 70 54 36 3 58 77 50 0,
PFG_MOEA,22,5,141.39,1069.23,0 2 99 34 1 21 84 23 22 25 43 92 48 62 67 86 82 94 49 66 0,94
PFG_MOEA,22,6,141.39,1069.23,0 24 45 51 32 79 5 29 90 65 6 87 52 60 61 97 93 75 55 9 76 0,
PFG_MOEA,23,1,167.7,934.83,0 96 83 11 14 42 76 9 55 75 81 46 28 69 47 38 44 59 26 10 89 0,26 38 89
PFG_MOEA,23,2,167.7,934.83,0 13 27 12 41 95 57 73 15 98 85 88 63 74 78 64 30 71 35 40 16 18 19 31 20 0,
PFG_MOEA,23,3,167.7,934.83,0 17 91 33 37 68 56 39 84 23 0,
PFG_MOEA,23,4,167.7,934.83,0 4 80 53 66 94 49 51 79 32 3 36 54 70 72 67 86 82 22 21 1 34 48 62 58 77 0,86 94
PFG_MOEA,23,5,167.7,934.83,0 2 99 25 43 92 50 45 24 5 29 90 65 6 87 52 60 61 97 93 100 0,43 45
PFG_MOEA,23,6,167.7,934.83,0 8 7 0,
PFG_MOEA,24,1,173.13,915.94,0 8 28 10 89 47 69 38 44 59 26 96 83 11 98 14 73 41 12 13 95 57 0,38
PFG_MOEA,24,2,173.13,915.94,0 15 85 88 63 74 78 64 30 71 35 40 16 18 19 31 17 20 91 33 37 68 56 39 84 23 22 21 1 34 0,17 40 64 88
PFG_MOEA,24,3,173.13,915.94,0 4 80 53 51 79 0,
PFG_MOEA,24,4,173.13,915.94,0 66 49 32 94 82 86 67 72 70 54 36 3 58 77 48 62 92 43 0,
PFG_MOEA,24,5,173.13,915.94,0 25 99 2 0,
PFG_MOEA,24,6,173.13,915.94,0 50 45 24 5 29 90 65 6 87 52 60 61 97 93 100 75 55 9 76 42 81 7 46 27 0,5 50 81
PFG_MOEA,25,1,141.39,1069.23,0 8 42 28 10 89 47 69 38 44 59 26 96 0,
PFG_MOEA,25,2,141.39,1069.23,0 13 12 41 11 14 98 85 15 73 95 57 0,57
PFG_MOEA,25,3,141.39,1069.23,0 4 80 53 100 81 7 46 27 83 88 63 74 78 64 30 71 35 40 16 20 0,100
PFG_MOEA,25,4,141.39,1069.23,0 31 17 18 19 91 33 37 68 56 39 72 70 54 36 3 58 77 50 0,
PFG_MOEA,25,5,141.39,1069.23,0 2 99 34 1 21 84 23 22 25 43 92 48 62 67 86 82 94 49 66 0,94
PFG_MOEA,25,6,141.39,1069.23,0 24 45 51 32 79 5 29 90 65 6 87 52 60 61 97 93 75 55 9 76 0,
PFG_MOEA,26,1,167.7,934.83,0 96 83 11 14 42 76 9 55 75 81 46 28 69 47 38 44 59 26 10 89 0,26 38 89
PFG_MOEA,26,2,167.7,934.83,0 13 27 12 41 95 57 73 15 98 85 88 63 74 78 64 30 71 35 40 16 18 19 31 20 0,
PFG_MOEA,26,3,167.7,934.83,0 17 91 33 37 68 56 39 84 23 0,
PFG_MOEA,26,4,167.7,934.83,0 4 80 53 66 94 49 51 79 32 3 36 54 70 72 67 86 82 22 21 1 34 48 62 58 77 0,86 94
PFG_MOEA,26,5,167.7,934.83,0 2 99 25 43 92 50 45 24 5 29 90 65 6 87 52 60 61 97 93 100 0,43 45
PFG_MOEA,26,6,167.7,934.83,0 8 7 0,
PFG_MOEA,27,1,173.13,915.94,0 8 28 10 89 47 69 38 44 59 26 96 83 11 98 14 73 41 12 13 95 57 0,38
PFG_MOEA,27,2,173.13,915.94,0 15 85 88 63 74 78 64 30 71 35 40 16 18 19 31 17 20 91 33 37 68 56 39 84 23 22 21 1 34 0,17 40 64 88
PFG_MOEA,27,3,173.13,915.94,0 4 80 53 51 79 0,
PFG_MOEA,27,4,173.13,915.94,0 66 49 32 94 82 86 67 72 70 54 36 3 58 77 48 62 92 43 0,
PFG_MOEA,27,5,173.13,915.94,0 25 99 2 0,
PFG_MOEA,27,6,173.13,915.94,0 50 45 24 5 29 90 65 6 87 52 60 61 97 93 100 75 55 9 76 42 81 7 46 27 0,5 50 81
PFG_MOEA,28,1,141.39,1069.23,0 8 42 28 10 89 47 69 38 44 59 26 96 0,
PFG_MOEA,28,2,141.39,1069.23,0 13 12 41 11 14 98 85 15 73 95 57 0,57
PFG_MOEA,28,3,141.39,1069.23,0 4 80 53 100 81 7 46 27 83 88 63 74 78 64 30 71 35 40 16 20 0,100
PFG_MOEA,28,4,141.39,1069.23,0 31 17 18 19 91 33 37 68 56 39 72 70 54 36 3 58 77 50 0,
PFG_MOEA,28,5,141.39,1069.23,0 2 99 34 1 21 84 23 22 25 43 92 48 62 67 86 82 94 49 66 0,94
PFG_MOEA,28,6,141.39,1069.23,0 24 45 51 32 79 5 29 90 65 6 87 52 60 61 97 93 75 55 9 76 0,
PFG_MOEA,29,1,167.7,934.83,0 96 83 11 14 42 76 9 55 75 81 46 28 69 47 38 44 59 26 10 89 0,26 38 89
PFG_MOEA,29,2,167.7,934.83,0 13 27 12 41 95 57 73 15 98 85 88 63 74 78 64 30 71 35 40 16 18 19 31 20 0,
PFG_MOEA,29,3,167.7,934.83,0 17 91 33 37 68 56 39 84 23 0,
PFG_MOEA,29,4,167.7,934.83,0 4 80 53 66 94 49 51 79 32 3 36 54 70 72 67 86 82 22 21 1 34 48 62 58 77 0,86 94
PFG_MOEA,29,5,167.7,934.83,0 2 99 25 43 92 50 45 24 5 29 90 65 6 87 52 60 61 97 93 100 0,43 45
PFG_MOEA,29,6,167.7,934.83,0 8 7 0,
PFG_MOEA,30,1,173.13,915.94,0 8 28 10 89 47 69 38 44 59 26 96 83 11 98 14 73 41 12 13 95 57 0,38
PFG_MOEA,30,2,173.13,915.94,0 15 85 88 63 74 78 64 30 71 35 40 16 18 19 31 17 20 91 33 37 68 56 39 84 23 22 21 1 34 0,17 40 64 88
PFG_MOEA,30,3,173.13,915.94,0 4 80 53 51 79 0,
PFG_MOEA,30,4,173.13,915.94,0 66 49 32 94 82 86 67 72 70 54 36 3 58 77 48 62 92 43 0,
PFG_MOEA,30,5,173.13,915.94,0 25 99 2 0,
PFG_MOEA,30,6,173.13,915.94,0 50 45 24 5 29 90 65 6 87 52 60 61 97 93 100 75 55 9 76 42 81 7 46 27 0,5 50 81
PFG_MOEA,31,1,141.39,1069.23,0 8 42 28 10 89 47 69 38 44 59 26 96 0,
PFG_MOEA,31,2,141.39,1069.23,0 13 12 41 11 14 98 85 15 73 95 57 0,57
PFG_MOEA,31,3,141.39,1069.23,0 4 80 53 100 81 7 46 27 83 88 63 74 78 64 30 71 35 40 16 20 0,100
PFG_MOEA,31,4,141.39,1069.23,0 31 17 18 19 91 33 37 68 56 39 72 70 54 36 3 58 77 50 0,
PFG_MOEA,31,5,141.39,1069.23,0 2 99 34 1 21 84 23 22 25 43 92 48 62 67 86 82 94 49 66 0,94
PFG_MOEA,31,6,141.39,1069.23,0 24 45 51 32 79 5 29 90 65 6 87 52 60 61 97 93 75 55 9 76 0,
PFG_MOEA,32,1,167.7,934.83,0 96 83 11 14 42 76 9 55 75 81 46 28 69 47 38 44 59 26 10 89 0,26 38 89
PFG_MOEA,32,2,167.7,934.83,0 13 27 12 41 95 57 73 15 98 85 88 63 74 78 64 30 71 35 40 16 18 19 31 20 0,
PFG_MOEA,32,3,167.7,934.83,0 17 91 33 37 68 56 39 84 23 0,
PFG_MOEA,32,4,167.7,934.83,0 4 80 53 66 94 49 51 79 32 3 36 54 70 72 67 86 82 22 21 1 34 48 62 58 77 0,86 94
PFG_MOEA,32,5,167.7,934.83,0 2 99 25 43 92 50 45 24 5 29 90 65 6 87 52 60 61 97 93 100 0,43 45
PFG_MOEA,32,6,167.7,934.83,0 8 7 0,
PFG_MOEA,33,1,173.13,915.94,0 8 28 10 89 47 69 38 44 59 26 96 83 11 98 14 73 41 12 13 95 57 0,38
PFG_MOEA,33,2,173.13,915.94,0 15 85 88 63 74 78 64 30 71 35 40 16 18 19 31 17 20 91 33 37 68 56 39 84 23 22 21 1 34 0,17 40 64 88
PFG_MOEA,33,3,173.13,915.94,0 4 80 53 51 79 0,
PFG_MOEA,33,4,173.13,915.94,0 66 49 32 94 82 86 67 72 70 54 36 3 58 77 48 62 92 43 0,
PFG_MOEA,33,5,173.13,915.94,0 25 99 2 0,
PFG_MOEA,33,6,173.13,915.94,0 50 45 24 5 29 90 65 6 87 52 60 61 97 93 100 75 55 9 76 42 81 7 46 27 0,5 50 81
PFG_MOEA,34,1,141.39,1069.23,0 8 42 28 10 89 47 69 38 44 59 26 96 0,
PFG_MOEA,34,2,141.39,1069.23,0 13 12 41 11 14 98 85 15 73 95 57 0,57
PFG_MOEA,34,3,141.39,1069.23,0 4 80 53 100 81 7 46 27 83 88 63 74 78 64 30 71 35 40 16 20 0,100
PFG_MOEA,34,4,141.39,1069.23,0 31 17 18 19 91 33 37 68 56 39 72 70 54 36 3 58 77 50 0,
PFG_MOEA,34,5,141.39,1069.23,0 2 99 34 1 21 84 23 22 25 43 92 48 62 67 86 82 94 49 66 0,94
PFG_MOEA,34,6,141.39,1069.23,0 24 45 51 32 79 5 29 90 65 6 87 52 60 61 97 93 75 55 9 76 0,
PFG_MOEA,35,1,167.7,934.83,0 96 83 11 14 42 76 9 55 75 81 46 28 69 47 38 44 59 26 10 89 0,26 38 89
PFG_MOEA,35,2,167.7,934.83,0 13 27 12 41 95 57 73 15 98 85 88 63 74 78 64 30 71 35 40 16 18 19 31 20 0,
PFG_MOEA,35,3,167.7,934.83,0 17 91 33 37 68 56 39 84 23 0,
PFG_MOEA,35,4,167.7,934.83,0 4 80 53 66 94 49 51 79 32 3 36 54 70 72 67 86 82 22 21 1 34 48 62 58 77 0,86 94
PFG_MOEA,35,5,167.7,934.83,0 2 99 25 43 92 50 45 24 5 29 90 65 6 87 52 60 61 97 93 100 0,43 45
PFG_MOEA,35,6,167.7,934.83,0 8 7 0,
PFG_MOEA,36,1,173.13,915.94,0 8 28 10 89 47 69 38 44 59 26 96 83 11 98 14 73 41 12 13 95 57 0,38
PFG_MOEA,36,2,173.13,915.94,0 15 85 88 63 74 78 64 30 71 35 40 16 18 19 31 17 20 91 33 37 68 56 39 84 23 22 21 1 34 0,17 40 64 88
PFG_MOEA,36,3,173.13,915.94,0 4 80 53 51 79 0,
PFG_MOEA,36,4,173.13,915.94,0 66 49 32 94 82 86 67 72 70 54 36 3 58 77 48 62 92 43 0,
PFG_MOEA,36,5,173.13,915.94,0 25 99 2 0,
PFG_MOEA,36,6,173.13,915.94,0 50 45 24 5 29 90 65 6 87 52 60 61 97 93 100 75 55 9 76 42 81 7 46 27 0,5 50 81
PFG_MOEA,37,1,141.39,1069.23,0 8 42 28 10 89 47 69 38 44 59 26 96 0,
PFG_MOEA,37,2,141.39,1069.23,0 13 12 41 11 14 98 85 15 73 95 57 0,57
PFG_MOEA,37,3,141.39,1069.23,0 4 80 53 100 81 7 46 27 83 88 63 74 78 64 30 71 35 40 16 20 0,100
PFG_MOEA,37,4,141.39,1069.23,0 31 17 18 19 91 33 37 68 56 39 72 70 54 36 3 58 77 50 0,
PFG_MOEA,37,5,141.39,1069.23,0 2 99 34 1 21 84 23 22 25 43 92 48 62 67 86 82 94 49 66 0,94
PFG_MOEA,37,6,141.39,1069.23,0 24 45 51 32 79 5 29 90 65 6 87 52 60 61 97 93 75 55 9 76 0,
PFG_MOEA,38,1,167.7,934.83,0 96 83 11 14 42 76 9 55 75 81 46 28 69 47 38 44 59 26 10 89 0,26 38 89
PFG_MOEA,38,2,167.7,934.83,0 13 27 12 41 95 57 73 15 98 85 88 63 74 78 64 30 71 35 40 16 18 19 31 20 0,
PFG_MOEA,38,3,167.7,934.83,0 17 91 33 37 68 56 39 84 23 0,
PFG_MOEA,38,4,167.7,934.83,0 4 80 53 66 94 49 51 79 32 3 36 54 70 72 67 86 82 22 21 1 34 48 62 58 77 0,86 94
PFG_MOEA,38,5,167.7,934.83,0 2 99 25 43 92 50 45 24 5 29 90 65 6 87 52 60 61 97 93 100 0,43 45
PFG_MOEA,38,6,167.7,934.83,0 8 7 0,
PFG_MOEA,39,1,173.13,915.94,0 8 28 10 89 47 69 38 44 59 26 96 83 11 98 14 73 41 12 13 95 57 0,38
PFG_MOEA,39,2,173.13,915.94,0 15 85 88 63 74 78 64 30 71 35 40 16 18 19 31 17 20 91 33 37 68 56 39 84 23 22 21 1 34 0,17 40 64 88
PFG_MOEA,39,3,173.13,915.94,0 4 80 53 51 79 0,
PFG_MOEA,39,4,173.13,915.94,0 66 49 32 94 82 86 67 72 70 54 36 3 58 77 48 62 92 43 0,
PFG_MOEA,39,5,173.13,915.94,0 25 99 2 0,
PFG_MOEA,39,6,173.13,915.94,0 50 45 24 5 29 90 65 6 87 52 60 61 97 93 100 75 55 9 76 42 81 7 46 27 0,5 50 81
PFG_MOEA,40,1,141.39,1069.23,0 8 42 28 10 89 47 69 38 44 59 26 96 0,
PFG_MOEA,40,2,141.39,1069.23,0 13 12 41 11 14 98 85 15 73 95 57 0,57
PFG_MOEA,40,3,141.39,1069.23,0 4 80 53 100 81 7 46 27 83 88 63 74 78 64 30 71 35 40 16 20 0,100
PFG_MOEA,40,4,141.39,1069.23,0 31 17 18 19 91 33 37 68 56 39 72 70 54 36 3 58 77 50 0,
PFG_MOEA,40,5,141.39,1069.23,0 2 99 34 1 21 84 23 22 25 43 92 48 62 67 86 82 94 49 66 0,94
PFG_MOEA,40,6,141.39,1069.23,0 24 45 51 32 79 5 29 90 65 6 87 52 60 61 97 93 75 55 9 76 0,
PFG_MOEA,41,1,167.7,934.83,0 96 83 11 14 42 76 9 55 75 81 46 28 69 47 38 44 59 26 10 89 0,26 38 89
PFG_MOEA,41,2,167.7,934.83,0 13 27 12 41 95 57 73 15 98 85 88 63 74 78 64 30 71 35 40 16 18 19 31 20 0,
PFG_MOEA,41,3,167.7,934.83,0 17 91 33 37 68 56 39 84 23 0,
PFG_MOEA,41,4,167.7,934.83,0 4 80 53 66 94 49 51 79 32 3 36 54 70 72 67 86 82 22 21 1 34 48 62 58 77 0,86 94
PFG_MOEA,41,5,167.7,934.83,0 2 99 25 43 92 50 45 24 5 29 90 65 6 87 52 60 61 97 93 100 0,43 45
PFG_MOEA,41,6,167.7,934.83,0 8 7 0,
PFG_MOEA,42,1,173.13,915.94,0 8 28 10 89 47 69 38 44 59 26 96 83 11 98 14 73 41 12 13 95 57 0,38
PFG_MOEA,42,2,173.13,915.94,0 15 85 88 63 74 78 64 30 71 35 40 16 18 19 31 17 20 91 33 37 68 56 39 84 23 22 21 1 34 0,17 40 64 88
PFG_MOEA,42,3,173.13,915.94,0 4 80 53 51 79 0,
PFG_MOEA,42,4,173.13,915.94,0 66 49 32 94 82 86 67 72 70 54 36 3 58 77 48 62 92 43 0,
PFG_MOEA,42,5,173.13,915.94,0 25 99 2 0,
PFG_MOEA,42,6,173.13,915.94,0 50 45 24 5 29 90 65 6 87 52 60 61 97 93 100 75 55 9 76 42 81 7 46 27 0,5 50 81
PFG_MOEA,43,1,141.39,1069.23,0 8 42 28 10 89 47 69 38 44 59 26 96 0,
PFG_MOEA,43,2,141.39,1069.23,0 13 12 41 11 14 98 85 15 73 95 57 0,57
PFG_MOEA,43,3,141.39,1069.23,0 4 80 53 100 81 7 46 27 83 88 63 74 78 64 30 71 35 40 16 20 0,100
PFG_MOEA,43,4,141.39,1069.23,0 31 17 18 19 91 33 37 68 56 39 72 70 54 36 3 58 77 50 0,
PFG_MOEA,43,5,141.39,1069.23,0 2 99 34 1 21 84 23 22 25 43 92 48 62 67 86 82 94 49 66 0,94
PFG_MOEA,43,6,141.39,1069.23,0 24 45 51 32 79 5 29 90 65 6 87 52 60 61 97 93 75 55 9 76 0,
PFG_MOEA,44,1,167.7,934.83,0 96 83 11 14 42 76 9 55 75 81 46 28 69 47 38 44 59 26 10 89 0,26 38 89
PFG_MOEA,44,2,167.7,934.83,0 13 27 12 41 95 57 73 15 98 85 88 63 74 78 64 30 71 35 40 16 18 19 31 20 0,
PFG_MOEA,44,3,167.7,934.83,0 17 91 33 37 68 56 39 84 23 0,
PFG_MOEA,44,4,167.7,934.83,0 4 80 53 66 94 49 51 79 32 3 36 54 70 72 67 86 82 22 21 1 34 48 62 58 77 0,86 94
PFG_MOEA,44,5,167.7,934.83,0 2 99 25 43 92 50 45 24 5 29 90 65 6 87 52 60 61 97 93 100 0,43 45
PFG_MOEA,44,6,167.7,934.83,0 8 7 0,
PFG_MOEA,45,1,173.13,915.94,0 8 28 10 89 47 69 38 44 59 26 96 83 11 98 14 73 41 12 13 95 57 0,38
PFG_MOEA,45,2,173.13,915.94,0 15 85 88 63 74 78 64 30 71 35 40 16 18 19 31 17 20 91 33 37 68 56 39 84 23 22 21 1 34 0,17 40 64 88
PFG_MOEA,45,3,173.13,915.94,0 4 80 53 51 79 0,
PFG_MOEA,45,4,173.13,915.94,0 66 49 32 94 82 86 67 72 70 54 36 3 58 77 48 62 92 43 0,
PFG_MOEA,45,5,173.13,915.94,0 25 99 2 0,
PFG_MOEA,45,6,173.13,915.94,0 50 45 24 5 29 90 65 6 87 52 60 61 97 93 100 75 55 9 76 42 81 7 46 27 0,5 50 81
PFG_MOEA,46,1,141.39,1069.23,0 8 42 28 10 89 47 69 38 44 59 26 96 0,
PFG_MOEA,46,2,141.39,1069.23,0 13 12 41 11 14 98 85 15 73 95 57 0,57
PFG_MOEA,46,3,141.39,1069.23,0 4 80 53 100 81 7 46 27 83 88 63 74 78 64 30 71 35 40 16 20 0,100
PFG_MOEA,46,4,141.39,1069.23,0 31 17 18 19 91 33 37 68 56 39 72 70 54 36 3 58 77 50 0,
PFG_MOEA,46,5,141.39,1069.23,0 2 99 34 1 21 84 23 22 25 43 92 48 62 67 86 82 94 49 66 0,94
PFG_MOEA,46,6,141.39,1069.23,0 24 45 51 32 79 5 29 90 65 6 87 52 60 61 97 93 75 55 9 76 0,
PFG_MOEA,47,1,167.7,934.83,0 96 83 11 14 42 76 9 55 75 81 46 28 69 47 38 44 59 26 10 89 0,26 38 89
PFG_MOEA,47,2,167.7,934.83,0 13 27 12 41 95 57 73 15 98 85 88 63 74 78 64 30 71 35 40 16 18 19 31 20 0,
PFG_MOEA,47,3,167.7,934.83,0 17 91 33 37 68 56 39 84 23 0,
PFG_MOEA,47,4,167.7,934.83,0 4 80 53 66 94 49 51 79 32 3 36 54 70 72 67 86 82 22 21 1 34 48 62 58 77 0,86 94
PFG_MOEA,47,5,167.7,934.83,0 2 99 25 43 92 50 45 24 5 29 90 65 6 87 52 60 61 97 93 100 0,43 45
PFG_MOEA,47,6,167.7,934.83,0 8 7 0,
PFG_MOEA,48,1,173.13,915.94,0 8 28 10 89 47 69 38 44 59 26 96 83 11 98 14 73 41 12 13 95 57 0,38
PFG_MOEA,48,2,173.13,915.94,0 15 85 88 63 74 78 64 30 71 35 40 16 18 19 31 17 20 91 33 37 68 56 39 84 23 22 21 1 34 0,17 40 64 88
PFG_MOEA,48,3,173.13,915.94,0 4 80 53 51 79 0,
PFG_MOEA,48,4,173.13,915.94,0 66 49 32 94 82 86 67 72 70 54 36 3 58 77 48 62 92 43 0,
PFG_MOEA,48,5,173.13,915.94,0 25 99 2 0,
PFG_MOEA,48,6,173.13,915.94,0 50 45 24 5 29 90 65 6 87 52 60 61 97 93 100 75 55 9 76 42 81 7 46 27 0,5 50 81
PFG_MOEA,49,1,141.39,1069.23,0 8 42 28 10 89 47 69 38 44 59 26 96 0,
PFG_MOEA,49,2,141.39,1069.23,0 13 12 41 11 14 98 85 15 73 95 57 0,57
PFG_MOEA,49,3,141.39,1069.23,0 4 80 53 100 81 7 46 27 83 88 63 74 78 64 30 71 35 40 16 20 0,100
PFG_MOEA,49,4,141.39,1069.23,0 31 17 18 19 91 33 37 68 56 39 72 70 54 36 3 58 77 50 0,
PFG_MOEA,49,5,141.39,1069.23,0 2 99 34 1 21 84 23 22 25 43 92 48 62 67 86 82 94 49 66 0,94
PFG_MOEA,49,6,141.39,1069.23,0 24 45 51 32 79 5 29 90 65 6 87 52 60 61 97 93 75 55 9 76 0,
PFG_MOEA,50,1,167.7,934.83,0 96 83 11 14 42 76 9 55 75 81 46 28 69 47 38 44 59 26 10 89 0,26 38 89
PFG_MOEA,50,2,167.7,934.83,0 13 27 12 41 95 57 73 15 98 85 88 63 74 78 64 30 71 35 40 16 18 19 31 20 0,
PFG_MOEA,50,3,167.7,934.83,0 17 91 33 37 68 56 39 84 23 0,
PFG_MOEA,50,4,167.7,934.83,0 4 80 53 66 94 49 51 79 32 3 36 54 70 72 67 86 82 22 21 1 34 48 62 58 77 0,86 94
PFG_MOEA,50,5,167.7,934.83,0 2 99 25 43 92 50 45 24 5 29 90 65 6 87 52 60 61 97 93 100 0,43 45
PFG_MOEA,50,6,167.7,934.83,0 8 7 0,
PFG_MOEA,51,1,173.13,915.94,0 8 28 10 89 47 69 38 44 59 26 96 83 11 98 14 73 41 12 13 95 57 0,38
PFG_MOEA,51,2,173.13,915.94,0 15 85 88 63 74 78 64 30 71 35 40 16 18 19 31 17 20 91 33 37 68 56 39 84 23 22 21 1 34 0,17 40 64 88
PFG_MOEA,51,3,173.13,915.94,0 4 80 53 51 79 0,
PFG_MOEA,51,4,173.13,915.94,0 66 49 32 94 82 86 67 72 70 54 36 3 58 77 48 62 92 43 0,
PFG_MOEA,51,5,173.13,915.94,0 25 99 2 0,
PFG_MOEA,51,6,173.13,915.94,0 50 45 24 5 29 90 65 6 87 52 60 61 97 93 100 75 55 9 76 42 81 7 46 27 0,5 50 81
PFG_MOEA,52,1,141.39,1069.23,0 8 42 28 10 89 47 69 38 44 59 26 96 0,
PFG_MOEA,52,2,141.39,1069.23,0 13 12 41 11 14 98 85 15 73 95 57 0,57
PFG_MOEA,52,3,141.39,1069.23,0 4 80 53 100 81 7 46 27 83 88 63 74 78 64 30 71 35 40 16 20 0,100
PFG_MOEA,52,4,141.39,1069.23,0 31 17 18 19 91 33 37 68 56 39 72 70 54 36 3 58 77 50 0,
PFG_MOEA,52,5,141.39,1069.23,0 2 99 34 1 21 84 23 22 25 43 92 48 62 67 86 82 94 49 66 0,94
PFG_MOEA,52,6,141.39,1069.23,0 24 45 51 32 79 5 29 90 65 6 87 52 60 61 97 93 75 55 9 76 0,
PFG_MOEA,53,1,167.7,934.83,0 96 83 11 14 42 76 9 55 75 81 46 28 69 47 38 44 59 26 10 89 0,26 38 89
PFG_MOEA,53,2,167.7,934.83,0 13 27 12 41 95 57 73 15 98 85 88 63 74 78 64 30 71 35 40 16 18 19 31 20 0,
PFG_MOEA,53,3,167.7,934.83,0 17 91 33 37 68 56 39 84 23 0,
PFG_MOEA,53,4,167.7,934.83,0 4 80 53 66 94 49 51 79 32 3 36 54 70 72 67 86 82 22 21 1 34 48 62 58 77 0,86 94
PFG_MOEA,53,5,167.7,934.83,0 2 99 25 43 92 50 45 24 5 29 90 65 6 87 52 60 61 97 93 100 0,43 45
PFG_MOEA,53,6,167.7,934.83,0 8 7 0,
PFG_MOEA,54,1,173.13,915.94,0 8 28 10 89 47 69 38 44 59 26 96 83 11 98 14 73 41 12 13 95 57 0,38
PFG_MOEA,54,2,173.13,915.94,0 15 85 88 63 74 78 64 30 71 35 40 16 18 19 31 17 20 91 33 37 68 56 39 84 23 22 21 1 34 0,17 40 64 88
PFG_MOEA,54,3,173.13,915.94,0 4 80 53 51 79 0,
PFG_MOEA,54,4,173.13,915.94,0 66 49 32 94 82 86 67 72 70 54 36 3 58 77 48 62 92 43 0,
PFG_MOEA,54,5,173.13,915.94,0 25 99 2 0,
PFG_MOEA,54,6,173.13,915.94,0 50 45 24 5 29 90 65 6 87 52 60 61 97 93 100 75 55 9 76 42 81 7 46 27 0,5 50 81
PFG_MOEA,55,1,152.21,947.44,0 27 12 41 95 57 83 11 96 26 59 44 38 69 47 89 10 0,11
PFG_MOEA,55,2,152.21,947.44,0 28 13 73 14 98 15 85 88 63 74 78 64 30 71 35 40 16 18 19 31 17 20 91 0,17 35 64 88
PFG_MOEA,55,3,152.21,947.44,0 22 23 84 39 56 68 37 33 21 1 34 80 53 51 79 0,
PFG_MOEA,55,4,152.21,947.44,0 92 50 25 99 2 66 49 32 5 24 45 4 0,2 5
PFG_MOEA,55,5,152.21,947.44,0 46 81 75 55 9 76 42 7 8 100 93 97 61 60 52 87 6 65 90 29 94 0,
PFG_MOEA,55,6,152.21,947.44,0 77 58 3 36 54 70 72 67 86 82 62 48 43 0,
PFG_MOEA,56,1,141.39,1069.23,0 8 42 28 10 89 47 69 38 44 59 26 96 0,
PFG_MOEA,56,2,141.39,1069.23,0 13 12 41 11 14 98 85 15 73 95 57 0,57
PFG_MOEA,56,3,141.39,1069.23,0 4 80 53 100 81 7 46 27 83 88 63 74 78 64 30 71 35 40 16 20 0,100
PFG_MOEA,56,4,141.39,1069.23,0 31 17 18 19 91 33 37 68 56 39 72 70 54 36 3 58 77 50 0,
PFG_MOEA,56,5,141.39,1069.23,0 2 99 34 1 21 84 23 22 25 43 92 48 62 67 86 82 94 49 66 0,94
PFG_MOEA,56,6,141.39,1069.23,0 24 45 51 32 79 5 29 90 65 6 87 52 60 61 97 93 75 55 9 76 0,
PFG_MOEA,57,1,167.7,934.83,0 96 83 11 14 42 76 9 55 75 81 46 28 69 47 38 44 59 26 10 89 0,26 38 89
PFG_MOEA,57,2,167.7,934.83,0 13 27 12 41 95 57 73 15 98 85 88 63 74 78 64 30 71 35 40 16 18 19 31 20 0,
PFG_MOEA,57,3,167.7,934.83,0 17 91 33 37 68 56 39 84 23 0,
PFG_MOEA,57,4,167.7,934.83,0 4 80 53 66 94 49 51 79 32 3 36 54 70 72 67 86 82 22 21 1 34 48 62 58 77 0,86 94
PFG_MOEA,57,5,167.7,934.83,0 2 99 25 43 92 50 45 24 5 29 90 65 6 87 52 60 61 97 93 100 0,43 45
PFG_MOEA,57,6,167.7,934.83,0 8 7 0,
PFG_MOEA,58,1,173.13,915.94,0 8 28 10 89 47 69 38 44 59 26 96 83 11 98 14 73 41 12 13 95 57 0,38
PFG_MOEA,58,2,173.13,915.94,0 15 85 88 63 74 78 64 30 71 35 40 16 18 19 31 17 20 91 33 37 68 56 39 84 23 22 21 1 34 0,17 40 64 88
PFG_MOEA,58,3,173.13,915.94,0 4 80 53 51 79 0,
PFG_MOEA,58,4,173.13,915.94,0 66 49 32 94 82 86 67 72 70 54 36 3 58 77 48 62 92 43 0,
PFG_MOEA,58,5,173.13,915.94,0 25 99 2 0,
PFG_MOEA,58,6,173.13,915.94,0 50 45 24 5 29 90 65 6 87 52 60 61 97 93 100 75 55 9 76 42 81 7 46 27 0,5 50 81
PFG_MOEA,59,1,152.21,947.44,0 27 12 41 95 57 83 11 96 26 59 44 38 69 47 89 10 0,11
PFG_MOEA,59,2,152.21,947.44,0 28 13 73 14 98 15 85 88 63 74 78 64 30 71 35 40 16 18 19 31 17 20 91 0,17 35 64 88
PFG_MOEA,59,3,152.21,947.44,0 22 23 84 39 56 68 37 33 21 1 34 80 53 51 79 0,
PFG_MOEA,59,4,152.21,947.44,0 92 50 25 99 2 66 49 32 5 24 45 4 0,2 5
PFG_MOEA,59,5,152.21,947.44,0 46 81 75 55 9 76 42 7 8 100 93 97 61 60 52 87 6 65 90 29 94 0,
PFG_MOEA,59,6,152.21,947.44,0 77 58 3 36 54 70 72 67 86 82 62 48 43 0,
PFG_MOEA,60,1,141.39,1069.23,0 8 42 28 10 89 47 69 38 44 59 26 96 0,
PFG_MOEA,60,2,141.39,1069.23,0 13 12 41 11 14 98 85 15 73 95 57 0,57
PFG_MOEA,60,3,141.39,1069.23,0 4 80 53 100 81 7 46 27 83 88 63 74 78 64 30 71 35 40 16 20 0,100
PFG_MOEA,60,4,141.39,1069.23,0 31 17 18 19 91 33 37 68 56 39 72 70 54 36 3 58 77 50 0,
PFG_MOEA,60,5,141.39,1069.23,0 2 99 34 1 21 84 23 22 25 43 92 48 62 67 86 82 94 49 66 0,94
PFG_MOEA,60,6,141.39,1069.23,0 24 45 51 32 79 5 29 90 65 6 87 52 60 61 97 93 75 55 9 76 0,
PFG_MOEA,61,1,167.7,934.83,0 96 83 11 14 42 76 9 55 75 81 46 28 69 47 38 44 59 26 10 89 0,26 38 89
PFG_MOEA,61,2,167.7,934.83,0 13 27 12 41 95 57 73 15 98 85 88 63 74 78 64 30 71 35 40 16 18 19 31 20 0,
PFG_MOEA,61,3,167.7,934.83,0 17 91 33 37 68 56 39 84 23 0,
PFG_MOEA,61,4,167.7,934.83,0 4 80 53 66 94 49 51 79 32 3 36 54 70 72 67 86 82 22 21 1 34 48 62 58 77 0,86 94
PFG_MOEA,61,5,167.7,934.83,0 2 99 25 43 92 50 45 24 5 29 90 65 6 87 52 60 61 97 93 100 0,43 45
PFG_MOEA,61,6,167.7,934.83,0 8 7 0,
PFG_MOEA,62,1,173.13,915.94,0 8 28 10 89 47 69 38 44 59 26 96 83 11 98 14 73 41 12 13 95 57 0,38
PFG_MOEA,62,2,173.13,915.94,0 15 85 88 63 74 78 64 30 71 35 40 16 18 19 31 17 20 91 33 37 68 56 39 84 23 22 21 1 34 0,17 40 64 88
PFG_MOEA,62,3,173.13,915.94,0 4 80 53 51 79 0,
PFG_MOEA,62,4,173.13,915.94,0 66 49 32 94 82 86 67 72 70 54 36 3 58 77 48 62 92 43 0,
PFG_MOEA,62,5,173.13,915.94,0 25 99 2 0,
PFG_MOEA,62,6,173.13,915.94,0 50 45 24 5 29 90 65 6 87 52 60 61 97 93 100 75 55 9 76 42 81 7 46 27 0,5 50 81
PFG_MOEA,63,1,152.21,947.44,0 27 12 41 95 57 83 11 96 26 59 44 38 69 47 89 10 0,11
PFG_MOEA,63,2,152.21,947.44,0 28 13 73 14 98 15 85 88 63 74 78 64 30 71 35 40 16 18 19 31 17 20 91 0,17 35 64 88
PFG_MOEA,63,3,152.21,947.44,0 22 23 84 39 56 68 37 33 21 1 34 80 53 51 79 0,
PFG_MOEA,63,4,152.21,947.44,0 92 50 25 99 2 66 49 32 5 24 45 4 0,2 5
PFG_MOEA,63,5,152.21,947.44,0 46 81 75 55 9 76 42 7 8 100 93 97 61 60 52 87 6 65 90 29 94 0,
PFG_MOEA,63,6,152.21,947.44,0 77 58 3 36 54 70 72 67 86 82 62 48 43 0,
PFG_MOEA,64,1,141.39,1069.23,0 8 42 28 10 89 47 69 38 44 59 26 96 0,
PFG_MOEA,64,2,141.39,1069.23,0 13 12 41 11 14 98 85 15 73 95 57 0,57
PFG_MOEA,64,3,141.39,1069.23,0 4 80 53 100 81 7 46 27 83 88 63 74 78 64 30 71 35 40 16 20 0,100
PFG_MOEA,64,4,141.39,1069.23,0 31 17 18 19 91 33 37 68 56 39 72 70 54 36 3 58 77 50 0,
PFG_MOEA,64,5,141.39,1069.23,0 2 99 34 1 21 84 23 22 25 43 92 48 62 67 86 82 94 49 66 0,94
PFG_MOEA,64,6,141.39,1069.23,0 24 45 51 32 79 5 29 90 65 6 87 52 60 61 97 93 75 55 9 76 0,
PFG_MOEA,65,1,167.7,934.83,0 96 83 11 14 42 76 9 55 75 81 46 28 69 47 38 44 59 26 10 89 0,26 38 89
PFG_MOEA,65,2,167.7,934.83,0 13 27 12 41 95 57 73 15 98 85 88 63 74 78 64 30 71 35 40 16 18 19 31 20 0,
PFG_MOEA,65,3,167.7,934.83,0 17 91 33 37 68 56 39 84 23 0,
PFG_MOEA,65,4,167.7,934.83,0 4 80 53 66 94 49 51 79 32 3 36 54 70 72 67 86 82 22 21 1 34 48 62 58 77 0,86 94
PFG_MOEA,65,5,167.7,934.83,0 2 99 25 43 92 50 45 24 5 29 90 65 6 87 52 60 61 97 93 100 0,43 45
PFG_MOEA,65,6,167.7,934.83,0 8 7 0,
PFG_MOEA,66,1,173.13,915.94,0 8 28 10 89 47 69 38 44 59 26 96 83 11 98 14 73 41 12 13 95 57 0,38
PFG_MOEA,66,2,173.13,915.94,0 15 85 88 63 74 78 64 30 71 35 40 16 18 19 31 17 20 91 33 37 68 56 39 84 23 22 21 1 34 0,17 40 64 88
PFG_MOEA,66,3,173.13,915.94,0 4 80 53 51 79 0,
PFG_MOEA,66,4,173.13,915.94,0 66 49 32 94 82 86 67 72 70 54 36 3 58 77 48 62 92 43 0,
PFG_MOEA,66,5,173.13,915.94,0 25 99 2 0,
PFG_MOEA,66,6,173.13,915.94,0 50 45 24 5 29 90 65 6 87 52 60 61 97 93 100 75 55 9 76 42 81 7 46 27 0,5 50 81
PFG_MOEA,67,1,152.21,947.44,0 27 12 41 95 57 83 11 96 26 59 44 38 69 47 89 10 0,11
PFG_MOEA,67,2,152.21,947.44,0 28 13 73 14 98 15 85 88 63 74 78 64 30 71 35 40 16 18 19 31 17 20 91 0,17 35 64 88
PFG_MOEA,67,3,152.21,947.44,0 22 23 84 39 56 68 37 33 21 1 34 80 53 51 79 0,
PFG_MOEA,67,4,152.21,947.44,0 92 50 25 99 2 66 49 32 5 24 45 4 0,2 5
PFG_MOEA,67,5,152.21,947.44,0 46 81 75 55 9 76 42 7 8 100 93 97 61 60 52 87 6 65 90 29 94 0,
PFG_MOEA,67,6,152.21,947.44,0 77 58 3 36 54 70 72 67 86 82 62 48 43 0,
PFG_MOEA,68,1,141.39,1069.23,0 8 42 28 10 89 47 69 38 44 59 26 96 0,
PFG_MOEA,68,2,141.39,1069.23,0 13 12 41 11 14 98 85 15 73 95 57 0,57
PFG_MOEA,68,3,141.39,1069.23,0 4 80 53 100 81 7 46 27 83 88 63 74 78 64 30 71 35 40 16 20 0,100
PFG_MOEA,68,4,141.39,1069.23,0 31 17 18 19 91 33 37 68 56 39 72 70 54 36 3 58 77 50 0,
PFG_MOEA,68,5,141.39,1069.23,0 2 99 34 1 21 84 23 22 25 43 92 48 62 67 86 82 94 49 66 0,94
PFG_MOEA,68,6,141.39,1069.23,0 24 45 51 32 79 5 29 90 65 6 87 52 60 61 97 93 75 55 9 76 0,
PFG_MOEA,69,1,167.7,934.83,0 96 83 11 14 42 76 9 55 75 81 46 28 69 47 38 44 59 26 10 89 0,26 38 89
PFG_MOEA,69,2,167.7,934.83,0 13 27 12 41 95 57 73 15 98 85 88 63 74 78 64 30 71 35 40 16 18 19 31 20 0,
PFG_MOEA,69,3,167.7,934.83,0 17 91 33 37 68 56 39 84 23 0,
PFG_MOEA,69,4,167.7,934.83,0 4 80 53 66 94 49 51 79 32 3 36 54 70 72 67 86 82 22 21 1 34 48 62 58 77 0,86 94
PFG_MOEA,69,5,167.7,934.83,0 2 99 25 43 92 50 45 24 5 29 90 65 6 87 52 60 61 97 93 100 0,43 45
PFG_MOEA,69,6,167.7,934.83,0 8 7 0,
PFG_MOEA,70,1,173.13,915.94,0 8 28 10 89 47 69 38 44 59 26 96 83 11 98 14 73 41 12 13 95 57 0,38
PFG_MOEA,70,2,173.13,915.94,0 15 85 88 63 74 78 64 30 71 35 40 16 18 19 31 17 20 91 33 37 68 56 39 84 23 22 21 1 34 0,17 40 64 88
PFG_MOEA,70,3,173.13,915.94,0 4 80 53 51 79 0,
PFG_MOEA,70,4,173.13,915.94,0 66 49 32 94 82 86 67 72 70 54 36 3 58 77 48 62 92 43 0,
PFG_MOEA,70,5,173.13,915.94,0 25 99 2 0,
PFG_MOEA,70,6,173.13,915.94,0 50 45 24 5 29 90 65 6 87 52 60 61 97 93 100 75 55 9 76 42 81 7 46 27 0,5 50 81
PFG_MOEA,71,1,152.21,947.44,0 27 12 41 95 57 83 11 96 26 59 44 38 69 47 89 10 0,11
PFG_MOEA,71,2,152.21,947.44,0 28 13 73 14 98 15 85 88 63 74 78 64 30 71 35 40 16 18 19 31 17 20 91 0,17 35 64 88
PFG_MOEA,71,3,152.21,947.44,0 22 23 84 39 56 68 37 33 21 1 34 80 53 51 79 0,
PFG_MOEA,71,4,152.21,947.44,0 92 50 25 99 2 66 49 32 5 24 45 4 0,2 5
PFG_MOEA,71,5,152.21,947.44,0 46 81 75 55 9 76 42 7 8 100 93 97 61 60 52 87 6 65 90 29 94 0,
PFG_MOEA,71,6,152.21,947.44,0 77 58 3 36 54 70 72 67 86 82 62 48 43 0,
PFG_MOEA,72,1,138.05,1111.26,0 73 78 74 63 88 85 15 98 14 0,
PFG_MOEA,72,2,138.05,1111.26,0 20 91 19 17 31 35 71 30 64 40 16 18 68 56 39 84 23 22 0,17 35 64
PFG_MOEA,72,3,138.05,1111.26,0 50 92 37 33 21 1 34 99 2 25 66 49 32 79 51 53 80 0,
PFG_MOEA,72,4,138.05,1111.26,0 6 65 90 29 5 24 45 94 82 86 67 72 70 54 36 3 58 77 62 0,5
PFG_MOEA,72,5,138.05,1111.26,0 43 48 46 81 75 55 9 76 42 7 8 100 93 97 61 60 52 87 4 0,100
PFG_MOEA,72,6,138.05,1111.26,0 28 10 89 47 69 38 44 59 26 96 11 83 57 95 41 12 27 13 0,
PFG_MOEA,73,1,141.39,1069.23,0 8 42 28 10 89 47 69 38 44 59 26 96 0,
PFG_MOEA,73,2,141.39,1069.23,0 13 12 41 11 14 98 85 15 73 95 57 0,57
PFG_MOEA,73,3,141.39,1069.23,0 4 80 53 100 81 7 46 27 83 88 63 74 78 64 30 71 35 40 16 20 0,100
PFG_MOEA,73,4,141.39,1069.23,0 31 17 18 19 91 33 37 68 56 39 72 70 54 36 3 58 77 50 0,
PFG_MOEA,73,5,141.39,1069.23,0 2 99 34 1 21 84 23 22 25 43 92 48 62 67 86 82 94 49 66 0,94
PFG_MOEA,73,6,141.39,1069.23,0 24 45 51 32 79 5 29 90 65 6 87 52 60 61 97 93 75 55 9 76 0,
PFG_MOEA,74,1,167.7,934.83,0 96 83 11 14 42 76 9 55 75 81 46 28 69 47 38 44 59 26 10 89 0,26 38 89
PFG_MOEA,74,2,167.7,934.83,0 13 27 12 41 95 57 73 15 98 85 88 63 74 78 64 30 71 35 40 16 18 19 31 20 0,
PFG_MOEA,74,3,167.7,934.83,0 17 91 33 37 68 56 39 84 23 0,
PFG_MOEA,74,4,167.7,934.83,0 4 80 53 66 94 49 51 79 32 3 36 54 70 72 67 86 82 22 21 1 34 48 62 58 77 0,86 94
PFG_MOEA,74,5,167.7,934.83,0 2 99 25 43 92 50 45 24 5 29 90 65 6 87 52 60 61 97 93 100 0,43 45
PFG_MOEA,74,6,167.7,934.83,0 8 7 0,
PFG_MOEA,75,1,173.13,915.94,0 8 28 10 89 47 69 38 44 59 26 96 83 11 98 14 73 41 12 13 95 57 0,38
PFG_MOEA,75,2,173.13,915.94,0 15 85 88 63 74 78 64 30 71 35 40 16 18 19 31 17 20 91 33 37 68 56 39 84 23 22 21 1 34 0,17 40 64 88
PFG_MOEA,75,3,173.13,915.94,0 4 80 53 51 79 0,
PFG_MOEA,75,4,173.13,915.94,0 66 49 32 94 82 86 67 72 70 54 36 3 58 77 48 62 92 43 0,
PFG_MOEA,75,5,173.13,915.94,0 25 99 2 0,
PFG_MOEA,75,6,173.13,915.94,0 50 45 24 5 29 90 65 6 87 52 60 61 97 93 100 75 55 9 76 42 81 7 46 27 0,5 50 81
PFG_MOEA,76,1,152.21,947.44,0 27 12 41 95 57 83 11 96 26 59 44 38 69 47 89 10 0,11
PFG_MOEA,76,2,152.21,947.44,0 28 13 73 14 98 15 85 88 63 74 78 64 30 71 35 40 16 18 19 31 17 20 91 0,17 35 64 88
PFG_MOEA,76,3,152.21,947.44,0 22 23 84 39 56 68 37 33 21 1 34 80 53 51 79 0,
PFG_MOEA,76,4,152.21,947.44,0 92 50 25 99 2 66 49 32 5 24 45 4 0,2 5
PFG_MOEA,76,5,152.21,947.44,0 46 81 75 55 9 76 42 7 8 100 93 97 61 60 52 87 6 65 90 29 94 0,
PFG_MOEA,76,6,152.21,947.44,0 77 58 3 36 54 70 72 67 86 82 62 48 43 0,
PFG_MOEA,77,1,138.05,1111.26,0 73 78 74 63 88 85 15 98 14 0,
PFG_MOEA,77,2,138.05,1111.26,0 20 91 19 17 31 35 71 30 64 40 16 18 68 56 39 84 23 22 0,17 35 64
PFG_MOEA,77,3,138.05,1111.26,0 50 92 37 33 21 1 34 99 2 25 66 49 32 79 51 53 80 0,
PFG_MOEA,77,4,138.05,1111.26,0 6 65 90 29 5 24 45 94 82 86 67 72 70 54 36 3 58 77 62 0,5
PFG_MOEA,77,5,138.05,1111.26,0 43 48 46 81 75 55 9 76 42 7 8 100 93 97 61 60 52 87 4 0,100
PFG_MOEA,77,6,138.05,1111.26,0 28 10 89 47 69 38 44 59 26 96 11 83 57 95 41 12 27 13 0,
PFG_MOEA,78,1,141.39,1069.23,0 8 42 28 10 89 47 69 38 44 59 26 96 0,
PFG_MOEA,78,2,141.39,1069.23,0 13 12 41 11 14 98 85 15 73 95 57 0,57
PFG_MOEA,78,3,141.39,1069.23,0 4 80 53 100 81 7 46 27 83 88 63 74 78 64 30 71 35 40 16 20 0,100
PFG_MOEA,78,4,141.39,1069.23,0 31 17 18 19 91 33 37 68 56 39 72 70 54 36 3 58 77 50 0,
PFG_MOEA,78,5,141.39,1069.23,0 2 99 34 1 21 84 23 22 25 43 92 48 62 67 86 82 94 49 66 0,94
PFG_MOEA,78,6,141.39,1069.23,0 24 45 51 32 79 5 29 90 65 6 87 52 60 61 97 93 75 55 9 76 0,
PFG_MOEA,79,1,167.7,934.83,0 96 83 11 14 42 76 9 55 75 81 46 28 69 47 38 44 59 26 10 89 0,26 38 89
PFG_MOEA,79,2,167.7,934.83,0 13 27 12 41 95 57 73 15 98 85 88 63 74 78 64 30 71 35 40 16 18 19 31 20 0,
PFG_MOEA,79,3,167.7,934.83,0 17 91 33 37 68 56 39 84 23 0,
PFG_MOEA,79,4,167.7,934.83,0 4 80 53 66 94 49 51 79 32 3 36 54 70 72 67 86 82 22 21 1 34 48 62 58 77 0,86 94
PFG_MOEA,79,5,167.7,934.83,0 2 99 25 43 92 50 45 24 5 29 90 65 6 87 52 60 61 97 93 100 0,43 45
PFG_MOEA,79,6,167.7,934.83,0 8 7 0,
PFG_MOEA,80,1,173.13,915.94,0 8 28 10 89 47 69 38 44 59 26 96 83 11 98 14 73 41 12 13 95 57 0,38
PFG_MOEA,80,2,173.13,915.94,0 15 85 88 63 74 78 64 30 71 35 40 16 18 19 31 17 20 91 33 37 68 56 39 84 23 22 21 1 34 0,17 40 64 88
PFG_MOEA,80,3,173.13,915.94,0 4 80 53 51 79 0,
PFG_MOEA,80,4,173.13,915.94,0 66 49 32 94 82 86 67 72 70 54 36 3 58 77 48 62 92 43 0,
PFG_MOEA,80,5,173.13,915.94,0 25 99 2 0,
PFG_MOEA,80,6,173.13,915.94,0 50 45 24 5 29 90 65 6 87 52 60 61 97 93 100 75 55 9 76 42 81 7 46 27 0,5 50 81
PFG_MOEA,81,1,152.21,947.44,0 27 12 41 95 57 83 11 96 26 59 44 38 69 47 89 10 0,11
PFG_MOEA,81,2,152.21,947.44,0 28 13 73 14 98 15 85 88 63 74 78 64 30 71 35 40 16 18 19 31 17 20 91 0,17 35 64 88
PFG_MOEA,81,3,152.21,947.44,0 22 23 84 39 56 68 37 33 21 1 34 80 53 51 79 0,
PFG_MOEA,81,4,152.21,947.44,0 92 50 25 99 2 66 49 32 5 24 45 4 0,2 5
PFG_MOEA,81,5,152.21,947.44,0 46 81 75 55 9 76 42 7 8 100 93 97 61 60 52 87 6 65 90 29 94 0,
PFG_MOEA,81,6,152.21,947.44,0 77 58 3 36 54 70 72 67 86 82 62 48 43 0,
PFG_MOEA,82,1,138.05,1111.26,0 73 78 74 63 88 85 15 98 14 0,
PFG_MOEA,82,2,138.05,1111.26,0 20 91 19 17 31 35 71 30 64 40 16 18 68 56 39 84 23 22 0,17 35 64
PFG_MOEA,82,3,138.05,1111.26,0 50 92 37 33 21 1 34 99 2 25 66 49 32 79 51 53 80 0,
PFG_MOEA,82,4,138.05,1111.26,0 6 65 90 29 5 24 45 94 82 86 67 72 70 54 36 3 58 77 62 0,5
PFG_MOEA,82,5,138.05,1111.26,0 43 48 46 81 75 55 9 76 42 7 8 100 93 97 61 60 52 87 4 0,100
PFG_MOEA,82,6,138.05,1111.26,0 28 10 89 47 69 38 44 59 26 96 11 83 57 95 41 12 27 13 0,
PFG_MOEA,83,1,141.39,1069.23,0 8 42 28 10 89 47 69 38 44 59 26 96 0,
PFG_MOEA,83,2,141.39,1069.23,0 13 12 41 11 14 98 85 15 73 95 57 0,57
PFG_MOEA,83,3,141.39,1069.23,0 4 80 53 100 81 7 46 27 83 88 63 74 78 64 30 71 35 40 16 20 0,100
PFG_MOEA,83,4,141.39,1069.23,0 31 17 18 19 91 33 37 68 56 39 72 70 54 36 3 58 77 50 0,
PFG_MOEA,83,5,141.39,1069.23,0 2 99 34 1 21 84 23 22 25 43 92 48 62 67 86 82 94 49 66 0,94
PFG_MOEA,83,6,141.39,1069.23,0 24 45 51 32 79 5 29 90 65 6 87 52 60 61 97 93 75 55 9 76 0,
PFG_MOEA,84,1,167.7,934.83,0 96 83 11 14 42 76 9 55 75 81 46 28 69 47 38 44 59 26 10 89 0,26 38 89
PFG_MOEA,84,2,167.7,934.83,0 13 27 12 41 95 57 73 15 98 85 88 63 74 78 64 30 71 35 40 16 18 19 31 20 0,
PFG_MOEA,84,3,167.7,934.83,0 17 91 33 37 68 56 39 84 23 0,
PFG_MOEA,84,4,167.7,934.83,0 4 80 53 66 94 49 51 79 32 3 36 54 70 72 67 86 82 22 21 1 34 48 62 58 77 0,86 94
PFG_MOEA,84,5,167.7,934.83,0 2 99 25 43 92 50 45 24 5 29 90 65 6 87 52 60 61 97 93 100 0,43 45
PFG_MOEA,84,6,167.7,934.83,0 8 7 0,
PFG_MOEA,85,1,173.13,915.94,0 8 28 10 89 47 69 38 44 59 26 96 83 11 98 14 73 41 12 13 95 57 0,38
PFG_MOEA,85,2,173.13,915.94,0 15 85 88 63 74 78 64 30 71 35 40 16 18 19 31 17 20 91 33 37 68 56 39 84 23 22 21 1 34 0,17 40 64 88
PFG_MOEA,85,3,173.13,915.94,0 4 80 53 51 79 0,
PFG_MOEA,85,4,173.13,915.94,0 66 49 32 94 82 86 67 72 70 54 36 3 58 77 48 62 92 43 0,
PFG_MOEA,85,5,173.13,915.94,0 25 99 2 0,
PFG_MOEA,85,6,173.13,915.94,0 50 45 24 5 29 90 65 6 87 52 60 61 97 93 100 75 55 9 76 42 81 7 46 27 0,5 50 81
PFG_MOEA,86,1,152.21,947.44,0 27 12 41 95 57 83 11 96 26 59 44 38 69 47 89 10 0,11
PFG_MOEA,86,2,152.21,947.44,0 28 13 73 14 98 15 85 88 63 74 78 64 30 71 35 40 16 18 19 31 17 20 91 0,17 35 64 88
PFG_MOEA,86,3,152.21,947.44,0 22 23 84 39 56 68 37 33 21 1 34 80 53 51 79 0,
PFG_MOEA,86,4,152.21,947.44,0 92 50 25 99 2 66 49 32 5 24 45 4 0,2 5
PFG_MOEA,86,5,152.21,947.44,0 46 81 75 55 9 76 42 7 8 100 93 97 61 60 52 87 6 65 90 29 94 0,
PFG_MOEA,86,6,152.21,947.44,0 77 58 3 36 54 70 72 67 86 82 62 48 43 0,
PFG_MOEA,87,1,138.05,1111.26,0 73 78 74 63 88 85 15 98 14 0,
PFG_MOEA,87,2,138.05,1111.26,0 20 91 19 17 31 35 71 30 64 40 16 18 68 56 39 84 23 22 0,17 35 64
PFG_MOEA,87,3,138.05,1111.26,0 50 92 37 33 21 1 34 99 2 25 66 49 32 79 51 53 80 0,
PFG_MOEA,87,4,138.05,1111.26,0 6 65 90 29 5 24 45 94 82 86 67 72 70 54 36 3 58 77 62 0,5
PFG_MOEA,87,5,138.05,1111.26,0 43 48 46 81 75 55 9 76 42 7 8 100 93 97 61 60 52 87 4 0,100
PFG_MOEA,87,6,138.05,1111.26,0 28 10 89 47 69 38 44 59 26 96 11 83 57 95 41 12 27 13 0,
PFG_MOEA,88,1,141.39,1069.23,0 8 42 28 10 89 47 69 38 44 59 26 96 0,
PFG_MOEA,88,2,141.39,1069.23,0 13 12 41 11 14 98 85 15 73 95 57 0,57
PFG_MOEA,88,3,141.39,1069.23,0 4 80 53 100 81 7 46 27 83 88 63 74 78 64 30 71 35 40 16 20 0,100
PFG_MOEA,88,4,141.39,1069.23,0 31 17 18 19 91 33 37 68 56 39 72 70 54 36 3 58 77 50 0,
PFG_MOEA,88,5,141.39,1069.23,0 2 99 34 1 21 84 23 22 25 43 92 48 62 67 86 82 94 49 66 0,94
PFG_MOEA,88,6,141.39,1069.23,0 24 45 51 32 79 5 29 90 65 6 87 52 60 61 97 93 75 55 9 76 0,
PFG_MOEA,89,1,167.7,934.83,0 96 83 11 14 42 76 9 55 75 81 46 28 69 47 38 44 59 26 10 89 0,26 38 89
PFG_MOEA,89,2,167.7,934.83,0 13 27 12 41 95 57 73 15 98 85 88 63 74 78 64 30 71 35 40 16 18 19 31 20 0,
PFG_MOEA,89,3,167.7,934.83,0 17 91 33 37 68 56 39 84 23 0,
PFG_MOEA,89,4,167.7,934.83,0 4 80 53 66 94 49 51 79 32 3 36 54 70 72 67 86 82 22 21 1 34 48 62 58 77 0,86 94
PFG_MOEA,89,5,167.7,934.83,0 2 99 25 43 92 50 45 24 5 29 90 65 6 87 52 60 61 97 93 100 0,43 45
PFG_MOEA,89,6,167.7,934.83,0 8 7 0,
PFG_MOEA,90,1,173.13,915.94,0 8 28 10 89 47 69 38 44 59 26 96 83 11 98 14 73 41 12 13 95 57 0,38
PFG_MOEA,90,2,173.13,915.94,0 15 85 88 63 74 78 64 30 71 35 40 16 18 19 31 17 20 91 33 37 68 56 39 84 23 22 21 1 34 0,17 40 64 88
PFG_MOEA,90,3,173.13,915.94,0 4 80 53 51 79 0,
PFG_MOEA,90,4,173.13,915.94,0 66 49 32 94 82 86 67 72 70 54 36 3 58 77 48 62 92 43 0,
PFG_MOEA,90,5,173.13,915.94,0 25 99 2 0,
PFG_MOEA,90,6,173.13,915.94,0 50 45 24 5 29 90 65 6 87 52 60 61 97 93 100 75 55 9 76 42 81 7 46 27 0,5 50 81
PFG_MOEA,91,1,152.21,947.44,0 27 12 41 95 57 83 11 96 26 59 44 38 69 47 89 10 0,11
PFG_MOEA,91,2,152.21,947.44,0 28 13 73 14 98 15 85 88 63 74 78 64 30 71 35 40 16 18 19 31 17 20 91 0,17 35 64 88
PFG_MOEA,91,3,152.21,947.44,0 22 23 84 39 56 68 37 33 21 1 34 80 53 51 79 0,
PFG_MOEA,91,4,152.21,947.44,0 92 50 25 99 2 66 49 32 5 24 45 4 0,2 5
PFG_MOEA,91,5,152.21,947.44,0 46 81 75 55 9 76 42 7 8 100 93 97 61 60 52 87 6 65 90 29 94 0,
PFG_MOEA,91,6,152.21,947.44,0 77 58 3 36 54 70 72 67 86 82 62 48 43 0,
PFG_MOEA,92,1,138.05,1111.26,0 73 78 74 63 88 85 15 98 14 0,
PFG_MOEA,92,2,138.05,1111.26,0 20 91 19 17 31 35 71 30 64 40 16 18 68 56 39 84 23 22 0,17 35 64
PFG_MOEA,92,3,138.05,1111.26,0 50 92 37 33 21 1 34 99 2 25 66 49 32 79 51 53 80 0,
PFG_MOEA,92,4,138.05,1111.26,0 6 65 90 29 5 24 45 94 82 86 67 72 70 54 36 3 58 77 62 0,5
PFG_MOEA,92,5,138.05,1111.26,0 43 48 46 81 75 55 9 76 42 7 8 100 93 97 61 60 52 87 4 0,100
PFG_MOEA,92,6,138.05,1111.26,0 28 10 89 47 69 38 44 59 26 96 11 83 57 95 41 12 27 13 0,
PFG_MOEA,93,1,141.39,1069.23,0 8 42 28 10 89 47 69 38 44 59 26 96 0,
PFG_MOEA,93,2,141.39,1069.23,0 13 12 41 11 14 98 85 15 73 95 57 0,57
PFG_MOEA,93,3,141.39,1069.23,0 4 80 53 100 81 7 46 27 83 88 63 74 78 64 30 71 35 40 16 20 0,100
PFG_MOEA,93,4,141.39,1069.23,0 31 17 18 19 91 33 37 68 56 39 72 70 54 36 3 58 77 50 0,
PFG_MOEA,93,5,141.39,1069.23,0 2 99 34 1 21 84 23 22 25 43 92 48 62 67 86 82 94 49 66 0,94
PFG_MOEA,93,6,141.39,1069.23,0 24 45 51 32 79 5 29 90 65 6 87 52 60 61 97 93 75 55 9 76 0,
PFG_MOEA,94,1,167.7,934.83,0 96 83 11 14 42 76 9 55 75 81 46 28 69 47 38 44 59 26 10 89 0,26 38 89
PFG_MOEA,94,2,167.7,934.83,0 13 27 12 41 95 57 73 15 98 85 88 63 74 78 64 30 71 35 40 16 18 19 31 20 0,
PFG_MOEA,94,3,167.7,934.83,0 17 91 33 37 68 56 39 84 23 0,
PFG_MOEA,94,4,167.7,934.83,0 4 80 53 66 94 49 51 79 32 3 36 54 70 72 67 86 82 22 21 1 34 48 62 58 77 0,86 94
PFG_MOEA,94,5,167.7,934.83,0 2 99 25 43 92 50 45 24 5 29 90 65 6 87 52 60 61 97 93 100 0,43 45
PFG_MOEA,94,6,167.7,934.83,0 8 7 0,
PFG_MOEA,95,1,173.13,915.94,0 8 28 10 89 47 69 38 44 59 26 96 83 11 98 14 73 41 12 13 95 57 0,38
PFG_MOEA,95,2,173.13,915.94,0 15 85 88 63 74 78 64 30 71 35 40 16 18 19 31 17 20 91 33 37 68 56 39 84 23 22 21 1 34 0,17 40 64 88
PFG_MOEA,95,3,173.13,915.94,0 4 80 53 51 79 0,
PFG_MOEA,95,4,173.13,915.94,0 66 49 32 94 82 86 67 72 70 54 36 3 58 77 48 62 92 43 0,
PFG_MOEA,95,5,173.13,915.94,0 25 99 2 0,
PFG_MOEA,95,6,173.13,915.94,0 50 45 24 5 29 90 65 6 87 52 60 61 97 93 100 75 55 9 76 42 81 7 46 27 0,5 50 81
PFG_MOEA,96,1,152.21,947.44,0 27 12 41 95 57 83 11 96 26 59 44 38 69 47 89 10 0,11
PFG_MOEA,96,2,152.21,947.44,0 28 13 73 14 98 15 85 88 63 74 78 64 30 71 35 40 16 18 19 31 17 20 91 0,17 35 64 88
PFG_MOEA,96,3,152.21,947.44,0 22 23 84 39 56 68 37 33 21 1 34 80 53 51 79 0,
PFG_MOEA,96,4,152.21,947.44,0 92 50 25 99 2 66 49 32 5 24 45 4 0,2 5
PFG_MOEA,96,5,152.21,947.44,0 46 81 75 55 9 76 42 7 8 100 93 97 61 60 52 87 6 65 90 29 94 0,
PFG_MOEA,96,6,152.21,947.44,0 77 58 3 36 54 70 72 67 86 82 62 48 43 0,
PFG_MOEA,97,1,138.05,1111.26,0 73 78 74 63 88 85 15 98 14 0,
PFG_MOEA,97,2,138.05,1111.26,0 20 91 19 17 31 35 71 30 64 40 16 18 68 56 39 84 23 22 0,17 35 64
PFG_MOEA,97,3,138.05,1111.26,0 50 92 37 33 21 1 34 99 2 25 66 49 32 79 51 53 80 0,
PFG_MOEA,97,4,138.05,1111.26,0 6 65 90 29 5 24 45 94 82 86 67 72 70 54 36 3 58 77 62 0,5
PFG_MOEA,97,5,138.05,1111.26,0 43 48 46 81 75 55 9 76 42 7 8 100 93 97 61 60 52 87 4 0,100
PFG_MOEA,97,6,138.05,1111.26,0 28 10 89 47 69 38 44 59 26 96 11 83 57 95 41 12 27 13 0,
PFG_MOEA,98,1,141.39,1069.23,0 8 42 28 10 89 47 69 38 44 59 26 96 0,
PFG_MOEA,98,2,141.39,1069.23,0 13 12 41 11 14 98 85 15 73 95 57 0,57
PFG_MOEA,98,3,141.39,1069.23,0 4 80 53 100 81 7 46 27 83 88 63 74 78 64 30 71 35 40 16 20 0,100
PFG_MOEA,98,4,141.39,1069.23,0 31 17 18 19 91 33 37 68 56 39 72 70 54 36 3 58 77 50 0,
PFG_MOEA,98,5,141.39,1069.23,0 2 99 34 1 21 84 23 22 25 43 92 48 62 67 86 82 94 49 66 0,94
PFG_MOEA,98,6,141.39,1069.23,0 24 45 51 32 79 5 29 90 65 6 87 52 60 61 97 93 75 55 9 76 0,
PFG_MOEA,99,1,167.7,934.83,0 96 83 11 14 42 76 9 55 75 81 46 28 69 47 38 44 59 26 10 89 0,26 38 89
PFG_MOEA,99,2,167.7,934.83,0 13 27 12 41 95 57 73 15 98 85 88 63 74 78 64 30 71 35 40 16 18 19 31 20 0,
PFG_MOEA,99,3,167.7,934.83,0 17 91 33 37 68 56 39 84 23 0,
PFG_MOEA,99,4,167.7,934.83,0 4 80 53 66 94 49 51 79 32 3 36 54 70 72 67 86 82 22 21 1 34 48 62 58 77 0,86 94
PFG_MOEA,99,5,167.7,934.83,0 2 99 25 43 92 50 45 24 5 29 90 65 6 87 52 60 61 97 93 100 0,43 45
PFG_MOEA,99,6,167.7,934.83,0 8 7 0,
PFG_MOEA,100,1,173.13,915.94,0 8 28 10 89 47 69 38 44 59 26 96 83 11 98 14 73 41 12 13 95 57 0,38
PFG_MOEA,100,2,173.13,915.94,0 15 85 88 63 74 78 64 30 71 35 40 16 18 19 31 17 20 91 33 37 68 56 39 84 23 22 21 1 34 0,17 40 64 88
PFG_MOEA,100,3,173.13,915.94,0 4 80 53 51 79 0,
PFG_MOEA,100,4,173.13,915.94,0 66 49 32 94 82 86 67 72 70 54 36 3 58 77 48 62 92 43 0,
PFG_MOEA,100,5,173.13,915.94,0 25 99 2 0,
PFG_MOEA,100,6,173.13,915.94,0 50 45 24 5 29 90 65 6 87 52 60 61 97 93 100 75 55 9 76 42 81 7 46 27 0,5 50 81
PFG_MOEA,101,1,152.21,947.44,0 27 12 41 95 57 83 11 96 26 59 44 38 69 47 89 10 0,11
PFG_MOEA,101,2,152.21,947.44,0 28 13 73 14 98 15 85 88 63 74 78 64 30 71 35 40 16 18 19 31 17 20 91 0,17 35 64 88
PFG_MOEA,101,3,152.21,947.44,0 22 23 84 39 56 68 37 33 21 1 34 80 53 51 79 0,
PFG_MOEA,101,4,152.21,947.44,0 92 50 25 99 2 66 49 32 5 24 45 4 0,2 5
PFG_MOEA,101,5,152.21,947.44,0 46 81 75 55 9 76 42 7 8 100 93 97 61 60 52 87 6 65 90 29 94 0,
PFG_MOEA,101,6,152.21,947.44,0 77 58 3 36 54 70 72 67 86 82 62 48 43 0,
PFG_MOEA,102,1,138.05,1111.26,0 73 78 74 63 88 85 15 98 14 0,
PFG_MOEA,102,2,138.05,1111.26,0 20 91 19 17 31 35 71 30 64 40 16 18 68 56 39 84 23 22 0,17 35 64
PFG_MOEA,102,3,138.05,1111.26,0 50 92 37 33 21 1 34 99 2 25 66 49 32 79 51 53 80 0,
PFG_MOEA,102,4,138.05,1111.26,0 6 65 90 29 5 24 45 94 82 86 67 72 70 54 36 3 58 77 62 0,5
PFG_MOEA,102,5,138.05,1111.26,0 43 48 46 81 75 55 9 76 42 7 8 100 93 97 61 60 52 87 4 0,100
PFG_MOEA,102,6,138.05,1111.26,0 28 10 89 47 69 38 44 59 26 96 11 83 57 95 41 12 27 13 0,
PFG_MOEA,103,1,141.39,1069.23,0 8 42 28 10 89 47 69 38 44 59 26 96 0,
PFG_MOEA,103,2,141.39,1069.23,0 13 12 41 11 14 98 85 15 73 95 57 0,57
PFG_MOEA,103,3,141.39,1069.23,0 4 80 53 100 81 7 46 27 83 88 63 74 78 64 30 71 35 40 16 20 0,100
PFG_MOEA,103,4,141.39,1069.23,0 31 17 18 19 91 33 37 68 56 39 72 70 54 36 3 58 77 50 0,
PFG_MOEA,103,5,141.39,1069.23,0 2 99 34 1 21 84 23 22 25 43 92 48 62 67 86 82 94 49 66 0,94
PFG_MOEA,103,6,141.39,1069.23,0 24 45 51 32 79 5 29 90 65 6 87 52 60 61 97 93 75 55 9 76 0,
PFG_MOEA,104,1,167.7,934.83,0 96 83 11 14 42 76 9 55 75 81 46 28 69 47 38 44 59 26 10 89 0,26 38 89
PFG_MOEA,104,2,167.7,934.83,0 13 27 12 41 95 57 73 15 98 85 88 63 74 78 64 30 71 35 40 16 18 19 31 20 0,
PFG_MOEA,104,3,167.7,934.83,0 17 91 33 37 68 56 39 84 23 0,
PFG_MOEA,104,4,167.7,934.83,0 4 80 53 66 94 49 51 79 32 3 36 54 70 72 67 86 82 22 21 1 34 48 62 58 77 0,86 94
PFG_MOEA,104,5,167.7,934.83,0 2 99 25 43 92 50 45 24 5 29 90 65 6 87 52 60 61 97 93 100 0,43 45
PFG_MOEA,104,6,167.7,934.83,0 8 7 0,
PFG_MOEA,105,1,173.13,915.94,0 8 28 10 89 47 69 38 44 59 26 96 83 11 98 14 73 41 12 13 95 57 0,38
PFG_MOEA,105,2,173.13,915.94,0 15 85 88 63 74 78 64 30 71 35 40 16 18 19 31 17 20 91 33 37 68 56 39 84 23 22 21 1 34 0,17 40 64 88
PFG_MOEA,105,3,173.13,915.94,0 4 80 53 51 79 0,
PFG_MOEA,105,4,173.13,915.94,0 66 49 32 94 82 86 67 72 70 54 36 3 58 77 48 62 92 43 0,
PFG_MOEA,105,5,173.13,915.94,0 25 99 2 0,
PFG_MOEA,105,6,173.13,915.94,0 50 45 24 5 29 90 65 6 87 52 60 61 97 93 100 75 55 9 76 42 81 7 46 27 0,5 50 81
PFG_MOEA,106,1,152.21,947.44,0 27 12 41 95 57 83 11 96 26 59 44 38 69 47 89 10 0,11
PFG_MOEA,106,2,152.21,947.44,0 28 13 73 14 98 15 85 88 63 74 78 64 30 71 35 40 16 18 19 31 17 20 91 0,17 35 64 88
PFG_MOEA,106,3,152.21,947.44,0 22 23 84 39 56 68 37 33 21 1 34 80 53 51 79 0,
PFG_MOEA,106,4,152.21,947.44,0 92 50 25 99 2 66 49 32 5 24 45 4 0,2 5
PFG_MOEA,106,5,152.21,947.44,0 46 81 75 55 9 76 42 7 8 100 93 97 61 60 52 87 6 65 90 29 94 0,
PFG_MOEA,106,6,152.21,947.44,0 77 58 3 36 54 70 72 67 86 82 62 48 43 0,
PFG_MOEA,107,1,138.05,1111.26,0 73 78 74 63 88 85 15 98 14 0,
PFG_MOEA,107,2,138.05,1111.26,0 20 91 19 17 31 35 71 30 64 40 16 18 68 56 39 84 23 22 0,17 35 64
PFG_MOEA,107,3,138.05,1111.26,0 50 92 37 33 21 1 34 99 2 25 66 49 32 79 51 53 80 0,
PFG_MOEA,107,4,138.05,1111.26,0 6 65 90 29 5 24 45 94 82 86 67 72 70 54 36 3 58 77 62 0,5
PFG_MOEA,107,5,138.05,1111.26,0 43 48 46 81 75 55 9 76 42 7 8 100 93 97 61 60 52 87 4 0,100
PFG_MOEA,107,6,138.05,1111.26,0 28 10 89 47 69 38 44 59 26 96 11 83 57 95 41 12 27 13 0,
PFG_MOEA,108,1,141.39,1069.23,0 8 42 28 10 89 47 69 38 44 59 26 96 0,
PFG_MOEA,108,2,141.39,1069.23,0 13 12 41 11 14 98 85 15 73 95 57 0,57
PFG_MOEA,108,3,141.39,1069.23,0 4 80 53 100 81 7 46 27 83 88 63 74 78 64 30 71 35 40 16 20 0,100
PFG_MOEA,108,4,141.39,1069.23,0 31 17 18 19 91 33 37 68 56 39 72 70 54 36 3 58 77 50 0,
PFG_MOEA,108,5,141.39,1069.23,0 2 99 34 1 21 84 23 22 25 43 92 48 62 67 86 82 94 49 66 0,94
PFG_MOEA,108,6,141.39,1069.23,0 24 45 51 32 79 5 29 90 65 6 87 52 60 61 97 93 75 55 9 76 0,
PFG_MOEA,109,1,167.7,934.83,0 96 83 11 14 42 76 9 55 75 81 46 28 69 47 38 44 59 26 10 89 0,26 38 89
PFG_MOEA,109,2,167.7,934.83,0 13 27 12 41 95 57 73 15 98 85 88 63 74 78 64 30 71 35 40 16 18 19 31 20 0,
PFG_MOEA,109,3,167.7,934.83,0 17 91 33 37 68 56 39 84 23 0,
PFG_MOEA,109,4,167.7,934.83,0 4 80 53 66 94 49 51 79 32 3 36 54 70 72 67 86 82 22 21 1 34 48 62 58 77 0,86 94
PFG_MOEA,109,5,167.7,934.83,0 2 99 25 43 92 50 45 24 5 29 90 65 6 87 52 60 61 97 93 100 0,43 45
PFG_MOEA,109,6,167.7,934.83,0 8 7 0,
PFG_MOEA,110,1,173.13,915.94,0 8 28 10 89 47 69 38 44 59 26 96 83 11 98 14 73 41 12 13 95 57 0,38
PFG_MOEA,110,2,173.13,915.94,0 15 85 88 63 74 78 64 30 71 35 40 16 18 19 31 17 20 91 33 37 68 56 39 84 23 22 21 1 34 0,17 40 64 88
PFG_MOEA,110,3,173.13,915.94,0 4 80 53 51 79 0,
PFG_MOEA,110,4,173.13,915.94,0 66 49 32 94 82 86 67 72 70 54 36 3 58 77 48 62 92 43 0,
PFG_MOEA,110,5,173.13,915.94,0 25 99 2 0,
PFG_MOEA,110,6,173.13,915.94,0 50 45 24 5 29 90 65 6 87 52 60 61 97 93 100 75 55 9 76 42 81 7 46 27 0,5 50 81
PFG_MOEA,111,1,152.21,947.44,0 27 12 41 95 57 83 11 96 26 59 44 38 69 47 89 10 0,11
PFG_MOEA,111,2,152.21,947.44,0 28 13 73 14 98 15 85 88 63 74 78 64 30 71 35 40 16 18 19 31 17 20 91 0,17 35 64 88
PFG_MOEA,111,3,152.21,947.44,0 22 23 84 39 56 68 37 33 21 1 34 80 53 51 79 0,
PFG_MOEA,111,4,152.21,947.44,0 92 50 25 99 2 66 49 32 5 24 45 4 0,2 5
PFG_MOEA,111,5,152.21,947.44,0 46 81 75 55 9 76 42 7 8 100 93 97 61 60 52 87 6 65 90 29 94 0,
PFG_MOEA,111,6,152.21,947.44,0 77 58 3 36 54 70 72 67 86 82 62 48 43 0,
PFG_MOEA,112,1,138.05,1111.26,0 73 78 74 63 88 85 15 98 14 0,
PFG_MOEA,112,2,138.05,1111.26,0 20 91 19 17 31 35 71 30 64 40 16 18 68 56 39 84 23 22 0,17 35 64
PFG_MOEA,112,3,138.05,1111.26,0 50 92 37 33 21 1 34 99 2 25 66 49 32 79 51 53 80 0,
PFG_MOEA,112,4,138.05,1111.26,0 6 65 90 29 5 24 45 94 82 86 67 72 70 54 36 3 58 77 62 0,5
PFG_MOEA,112,5,138.05,1111.26,0 43 48 46 81 75 55 9 76 42 7 8 100 93 97 61 60 52 87 4 0,100
PFG_MOEA,112,6,138.05,1111.26,0 28 10 89 47 69 38 44 59 26 96 11 83 57 95 41 12 27 13 0,
PFG_MOEA,113,1,141.39,1069.23,0 8 42 28 10 89 47 69 38 44 59 26 96 0,
PFG_MOEA,113,2,141.39,1069.23,0 13 12 41 11 14 98 85 15 73 95 57 0,57
PFG_MOEA,113,3,141.39,1069.23,0 4 80 53 100 81 7 46 27 83 88 63 74 78 64 30 71 35 40 16 20 0,100
PFG_MOEA,113,4,141.39,1069.23,0 31 17 18 19 91 33 37 68 56 39 72 70 54 36 3 58 77 50 0,
PFG_MOEA,113,5,141.39,1069.23,0 2 99 34 1 21 84 23 22 25 43 92 48 62 67 86 82 94 49 66 0,94
PFG_MOEA,113,6,141.39,1069.23,0 24 45 51 32 79 5 29 90 65 6 87 52 60 61 97 93 75 55 9 76 0,
PFG_MOEA,114,1,167.7,934.83,0 96 83 11 14 42 76 9 55 75 81 46 28 69 47 38 44 59 26 10 89 0,26 38 89
PFG_MOEA,114,2,167.7,934.83,0 13 27 12 41 95 57 73 15 98 85 88 63 74 78 64 30 71 35 40 16 18 19 31 20 0,
PFG_MOEA,114,3,167.7,934.83,0 17 91 33 37 68 56 39 84 23 0,
PFG_MOEA,114,4,167.7,934.83,0 4 80 53 66 94 49 51 79 32 3 36 54 70 72 67 86 82 22 21 1 34 48 62 58 77 0,86 94
PFG_MOEA,114,5,167.7,934.83,0 2 99 25 43 92 50 45 24 5 29 90 65 6 87 52 60 61 97 93 100 0,43 45
PFG_MOEA,114,6,167.7,934.83,0 8 7 0,
PFG_MOEA,115,1,173.13,915.94,0 8 28 10 89 47 69 38 44 59 26 96 83 11 98 14 73 41 12 13 95 57 0,38
PFG_MOEA,115,2,173.13,915.94,0 15 85 88 63 74 78 64 30 71 35 40 16 18 19 31 17 20 91 33 37 68 56 39 84 23 22 21 1 34 0,17 40 64 88
PFG_MOEA,115,3,173.13,915.94,0 4 80 53 51 79 0,
PFG_MOEA,115,4,173.13,915.94,0 66 49 32 94 82 86 67 72 70 54 36 3 58 77 48 62 92 43 0,
PFG_MOEA,115,5,173.13,915.94,0 25 99 2 0,
PFG_MOEA,115,6,173.13,915.94,0 50 45 24 5 29 90 65 6 87 52 60 61 97 93 100 75 55 9 76 42 81 7 46 27 0,5 50 81
PFG_MOEA,116,1,152.21,947.44,0 27 12 41 95 57 83 11 96 26 59 44 38 69 47 89 10 0,11
PFG_MOEA,116,2,152.21,947.44,0 28 13 73 14 98 15 85 88 63 74 78 64 30 71 35 40 16 18 19 31 17 20 91 0,17 35 64 88
PFG_MOEA,116,3,152.21,947.44,0 22 23 84 39 56 68 37 33 21 1 34 80 53 51 79 0,
PFG_MOEA,116,4,152.21,947.44,0 92 50 25 99 2 66 49 32 5 24 45 4 0,2 5
PFG_MOEA,116,5,152.21,947.44,0 46 81 75 55 9 76 42 7 8 100 93 97 61 60 52 87 6 65 90 29 94 0,
PFG_MOEA,116,6,152.21,947.44,0 77 58 3 36 54 70 72 67 86 82 62 48 43 0,
PFG_MOEA,117,1,138.05,1111.26,0 73 78 74 63 88 85 15 98 14 0,
PFG_MOEA,117,2,138.05,1111.26,0 20 91 19 17 31 35 71 30 64 40 16 18 68 56 39 84 23 22 0,17 35 64
PFG_MOEA,117,3,138.05,1111.26,0 50 92 37 33 21 1 34 99 2 25 66 49 32 79 51 53 80 0,
PFG_MOEA,117,4,138.05,1111.26,0 6 65 90 29 5 24 45 94 82 86 67 72 70 54 36 3 58 77 62 0,5
PFG_MOEA,117,5,138.05,1111.26,0 43 48 46 81 75 55 9 76 42 7 8 100 93 97 61 60 52 87 4 0,100
PFG_MOEA,117,6,138.05,1111.26,0 28 10 89 47 69 38 44 59 26 96 11 83 57 95 41 12 27 13 0,
PFG_MOEA,118,1,141.39,1069.23,0 8 42 28 10 89 47 69 38 44 59 26 96 0,
PFG_MOEA,118,2,141.39,1069.23,0 13 12 41 11 14 98 85 15 73 95 57 0,57
PFG_MOEA,118,3,141.39,1069.23,0 4 80 53 100 81 7 46 27 83 88 63 74 78 64 30 71 35 40 16 20 0,100
PFG_MOEA,118,4,141.39,1069.23,0 31 17 18 19 91 33 37 68 56 39 72 70 54 36 3 58 77 50 0,
PFG_MOEA,118,5,141.39,1069.23,0 2 99 34 1 21 84 23 22 25 43 92 48 62 67 86 82 94 49 66 0,94
PFG_MOEA,118,6,141.39,1069.23,0 24 45 51 32 79 5 29 90 65 6 87 52 60 61 97 93 75 55 9 76 0,
PFG_MOEA,119,1,167.7,934.83,0 96 83 11 14 42 76 9 55 75 81 46 28 69 47 38 44 59 26 10 89 0,26 38 89
PFG_MOEA,119,2,167.7,934.83,0 13 27 12 41 95 57 73 15 98 85 88 63 74 78 64 30 71 35 40 16 18 19 31 20 0,
PFG_MOEA,119,3,167.7,934.83,0 17 91 33 37 68 56 39 84 23 0,
PFG_MOEA,119,4,167.7,934.83,0 4 80 53 66 94 49 51 79 32 3 36 54 70 72 67 86 82 22 21 1 34 48 62 58 77 0,86 94
PFG_MOEA,119,5,167.7,934.83,0 2 99 25 43 92 50 45 24 5 29 90 65 6 87 52 60 61 97 93 100 0,43 45
PFG_MOEA,119,6,167.7,934.83,0 8 7 0,
PFG_MOEA,120,1,173.13,915.94,0 8 28 10 89 47 69 38 44 59 26 96 83 11 98 14 73 41 12 13 95 57 0,38
PFG_MOEA,120,2,173.13,915.94,0 15 85 88 63 74 78 64 30 71 35 40 16 18 19 31 17 20 91 33 37 68 56 39 84 23 22 21 1 34 0,17 40 64 88
PFG_MOEA,120,3,173.13,915.94,0 4 80 53 51 79 0,
PFG_MOEA,120,4,173.13,915.94,0 66 49 32 94 82 86 67 72 70 54 36 3 58 77 48 62 92 43 0,
PFG_MOEA,120,5,173.13,915.94,0 25 99 2 0,
PFG_MOEA,120,6,173.13,915.94,0 50 45 24 5 29 90 65 6 87 52 60 61 97 93 100 75 55 9 76 42 81 7 46 27 0,5 50 81
PFG_MOEA,121,1,152.21,947.44,0 27 12 41 95 57 83 11 96 26 59 44 38 69 47 89 10 0,11
PFG_MOEA,121,2,152.21,947.44,0 28 13 73 14 98 15 85 88 63 74 78 64 30 71 35 40 16 18 19 31 17 20 91 0,17 35 64 88
PFG_MOEA,121,3,152.21,947.44,0 22 23 84 39 56 68 37 33 21 1 34 80 53 51 79 0,
PFG_MOEA,121,4,152.21,947.44,0 92 50 25 99 2 66 49 32 5 24 45 4 0,2 5
PFG_MOEA,121,5,152.21,947.44,0 46 81 75 55 9 76 42 7 8 100 93 97 61 60 52 87 6 65 90 29 94 0,
PFG_MOEA,121,6,152.21,947.44,0 77 58 3 36 54 70 72 67 86 82 62 48 43 0,
PFG_MOEA,122,1,138.05,1111.26,0 73 78 74 63 88 85 15 98 14 0,
PFG_MOEA,122,2,138.05,1111.26,0 20 91 19 17 31 35 71 30 64 40 16 18 68 56 39 84 23 22 0,17 35 64
PFG_MOEA,122,3,138.05,1111.26,0 50 92 37 33 21 1 34 99 2 25 66 49 32 79 51 53 80 0,
PFG_MOEA,122,4,138.05,1111.26,0 6 65 90 29 5 24 45 94 82 86 67 72 70 54 36 3 58 77 62 0,5
PFG_MOEA,122,5,138.05,1111.26,0 43 48 46 81 75 55 9 76 42 7 8 100 93 97 61 60 52 87 4 0,100
PFG_MOEA,122,6,138.05,1111.26,0 28 10 89 47 69 38 44 59 26 96 11 83 57 95 41 12 27 13 0,
PFG_MOEA,123,1,141.39,1069.23,0 8 42 28 10 89 47 69 38 44 59 26 96 0,
PFG_MOEA,123,2,141.39,1069.23,0 13 12 41 11 14 98 85 15 73 95 57 0,57
PFG_MOEA,123,3,141.39,1069.23,0 4 80 53 100 81 7 46 27 83 88 63 74 78 64 30 71 35 40 16 20 0,100
PFG_MOEA,123,4,141.39,1069.23,0 31 17 18 19 91 33 37 68 56 39 72 70 54 36 3 58 77 50 0,
PFG_MOEA,123,5,141.39,1069.23,0 2 99 34 1 21 84 23 22 25 43 92 48 62 67 86 82 94 49 66 0,94
PFG_MOEA,123,6,141.39,1069.23,0 24 45 51 32 79 5 29 90 65 6 87 52 60 61 97 93 75 55 9 76 0,
PFG_MOEA,124,1,167.7,934.83,0 96 83 11 14 42 76 9 55 75 81 46 28 69 47 38 44 59 26 10 89 0,26 38 89
PFG_MOEA,124,2,167.7,934.83,0 13 27 12 41 95 57 73 15 98 85 88 63 74 78 64 30 71 35 40 16 18 19 31 20 0,
PFG_MOEA,124,3,167.7,934.83,0 17 91 33 37 68 56 39 84 23 0,
PFG_MOEA,124,4,167.7,934.83,0 4 80 53 66 94 49 51 79 32 3 36 54 70 72 67 86 82 22 21 1 34 48 62 58 77 0,86 94
PFG_MOEA,124,5,167.7,934.83,0 2 99 25 43 92 50 45 24 5 29 90 65 6 87 52 60 61 97 93 100 0,43 45
PFG_MOEA,124,6,167.7,934.83,0 8 7 0,
PFG_MOEA,125,1,173.13,915.94,0 8 28 10 89 47 69 38 44 59 26 96 83 11 98 14 73 41 12 13 95 57 0,38
PFG_MOEA,125,2,173.13,915.94,0 15 85 88 63 74 78 64 30 71 35 40 16 18 19 31 17 20 91 33 37 68 56 39 84 23 22 21 1 34 0,17 40 64 88
PFG_MOEA,125,3,173.13,915.94,0 4 80 53 51 79 0,
PFG_MOEA,125,4,173.13,915.94,0 66 49 32 94 82 86 67 72 70 54 36 3 58 77 48 62 92 43 0,
PFG_MOEA,125,5,173.13,915.94,0 25 99 2 0,
PFG_MOEA,125,6,173.13,915.94,0 50 45 24 5 29 90 65 6 87 52 60 61 97 93 100 75 55 9 76 42 81 7 46 27 0,5 50 81
PFG_MOEA,126,1,152.21,947.44,0 27 12 41 95 57 83 11 96 26 59 44 38 69 47 89 10 0,11
PFG_MOEA,126,2,152.21,947.44,0 28 13 73 14 98 15 85 88 63 74 78 64 30 71 35 40 16 18 19 31 17 20 91 0,17 35 64 88
PFG_MOEA,126,3,152.21,947.44,0 22 23 84 39 56 68 37 33 21 1 34 80 53 51 79 0,
PFG_MOEA,126,4,152.21,947.44,0 92 50 25 99 2 66 49 32 5 24 45 4 0,2 5
PFG_MOEA,126,5,152.21,947.44,0 46 81 75 55 9 76 42 7 8 100 93 97 61 60 52 87 6 65 90 29 94 0,
PFG_MOEA,126,6,152.21,947.44,0 77 58 3 36 54 70 72 67 86 82 62 48 43 0,
PFG_MOEA,127,1,138.05,1111.26,0 73 78 74 63 88 85 15 98 14 0,
PFG_MOEA,127,2,138.05,1111.26,0 20 91 19 17 31 35 71 30 64 40 16 18 68 56 39 84 23 22 0,17 35 64
PFG_MOEA,127,3,138.05,1111.26,0 50 92 37 33 21 1 34 99 2 25 66 49 32 79 51 53 80 0,
PFG_MOEA,127,4,138.05,1111.26,0 6 65 90 29 5 24 45 94 82 86 67 72 70 54 36 3 58 77 62 0,5
PFG_MOEA,127,5,138.05,1111.26,0 43 48 46 81 75 55 9 76 42 7 8 100 93 97 61 60 52 87 4 0,100
PFG_MOEA,127,6,138.05,1111.26,0 28 10 89 47 69 38 44 59 26 96 11 83 57 95 41 12 27 13 0,
PFG_MOEA,128,1,141.39,1069.23,0 8 42 28 10 89 47 69 38 44 59 26 96 0,
PFG_MOEA,128,2,141.39,1069.23,0 13 12 41 11 14 98 85 15 73 95 57 0,57
PFG_MOEA,128,3,141.39,1069.23,0 4 80 53 100 81 7 46 27 83 88 63 74 78 64 30 71 35 40 16 20 0,100
PFG_MOEA,128,4,141.39,1069.23,0 31 17 18 19 91 33 37 68 56 39 72 70 54 36 3 58 77 50 0,
PFG_MOEA,128,5,141.39,1069.23,0 2 99 34 1 21 84 23 22 25 43 92 48 62 67 86 82 94 49 66 0,94
PFG_MOEA,128,6,141.39,1069.23,0 24 45 51 32 79 5 29 90 65 6 87 52 60 61 97 93 75 55 9 76 0,
PFG_MOEA,129,1,167.7,934.83,0 96 83 11 14 42 76 9 55 75 81 46 28 69 47 38 44 59 26 10 89 0,26 38 89
PFG_MOEA,129,2,167.7,934.83,0 13 27 12 41 95 57 73 15 98 85 88 63 74 78 64 30 71 35 40 16 18 19 31 20 0,
PFG_MOEA,129,3,167.7,934.83,0 17 91 33 37 68 56 39 84 23 0,
PFG_MOEA,129,4,167.7,934.83,0 4 80 53 66 94 49 51 79 32 3 36 54 70 72 67 86 82 22 21 1 34 48 62 58 77 0,86 94
PFG_MOEA,129,5,167.7,934.83,0 2 99 25 43 92 50 45 24 5 29 90 65 6 87 52 60 61 97 93 100 0,43 45
PFG_MOEA,129,6,167.7,934.83,0 8 7 0,
PFG_MOEA,130,1,173.13,915.94,0 8 28 10 89 47 69 38 44 59 26 96 83 11 98 14 73 41 12 13 95 57 0,38
PFG_MOEA,130,2,173.13,915.94,0 15 85 88 63 74 78 64 30 71 35 40 16 18 19 31 17 20 91 33 37 68 56 39 84 23 22 21 1 34 0,17 40 64 88
PFG_MOEA,130,3,173.13,915.94,0 4 80 53 51 79 0,
PFG_MOEA,130,4,173.13,915.94,0 66 49 32 94 82 86 67 72 70 54 36 3 58 77 48 62 92 43 0,
PFG_MOEA,130,5,173.13,915.94,0 25 99 2 0,
PFG_MOEA,130,6,173.13,915.94,0 50 45 24 5 29 90 65 6 87 52 60 61 97 93 100 75 55 9 76 42 81 7 46 27 0,5 50 81
PFG_MOEA,131,1,152.21,947.44,0 27 12 41 95 57 83 11 96 26 59 44 38 69 47 89 10 0,11
PFG_MOEA,131,2,152.21,947.44,0 28 13 73 14 98 15 85 88 63 74 78 64 30 71 35 40 16 18 19 31 17 20 91 0,17 35 64 88
PFG_MOEA,131,3,152.21,947.44,0 22 23 84 39 56 68 37 33 21 1 34 80 53 51 79 0,
PFG_MOEA,131,4,152.21,947.44,0 92 50 25 99 2 66 49 32 5 24 45 4 0,2 5
PFG_MOEA,131,5,152.21,947.44,0 46 81 75 55 9 76 42 7 8 100 93 97 61 60 52 87 6 65 90 29 94 0,
PFG_MOEA,131,6,152.21,947.44,0 77 58 3 36 54 70 72 67 86 82 62 48 43 0,
PFG_MOEA,132,1,138.05,1111.26,0 73 78 74 63 88 85 15 98 14 0,
PFG_MOEA,132,2,138.05,1111.26,0 20 91 19 17 31 35 71 30 64 40 16 18 68 56 39 84 23 22 0,17 35 64
PFG_MOEA,132,3,138.05,1111.26,0 50 92 37 33 21 1 34 99 2 25 66 49 32 79 51 53 80 0,
PFG_MOEA,132,4,138.05,1111.26,0 6 65 90 29 5 24 45 94 82 86 67 72 70 54 36 3 58 77 62 0,5
PFG_MOEA,132,5,138.05,1111.26,0 43 48 46 81 75 55 9 76 42 7 8 100 93 97 61 60 52 87 4 0,100
PFG_MOEA,132,6,138.05,1111.26,0 28 10 89 47 69 38 44 59 26 96 11 83 57 95 41 12 27 13 0,
PFG_MOEA,133,1,141.39,1069.23,0 8 42 28 10 89 47 69 38 44 59 26 96 0,
PFG_MOEA,133,2,141.39,1069.23,0 13 12 41 11 14 98 85 15 73 95 57 0,57
PFG_MOEA,133,3,141.39,1069.23,0 4 80 53 100 81 7 46 27 83 88 63 74 78 64 30 71 35 40 16 20 0,100
PFG_MOEA,133,4,141.39,1069.23,0 31 17 18 19 91 33 37 68 56 39 72 70 54 36 3 58 77 50 0,
PFG_MOEA,133,5,141.39,1069.23,0 2 99 34 1 21 84 23 22 25 43 92 48 62 67 86 82 94 49 66 0,94
PFG_MOEA,133,6,141.39,1069.23,0 24 45 51 32 79 5 29 90 65 6 87 52 60 61 97 93 75 55 9 76 0,
PFG_MOEA,134,1,167.7,934.83,0 96 83 11 14 42 76 9 55 75 81 46 28 69 47 38 44 59 26 10 89 0,26 38 89
PFG_MOEA,134,2,167.7,934.83,0 13 27 12 41 95 57 73 15 98 85 88 63 74 78 64 30 71 35 40 16 18 19 31 20 0,
PFG_MOEA,134,3,167.7,934.83,0 17 91 33 37 68 56 39 84 23 0,
PFG_MOEA,134,4,167.7,934.83,0 4 80 53 66 94 49 51 79 32 3 36 54 70 72 67 86 82 22 21 1 34 48 62 58 77 0,86 94
PFG_MOEA,134,5,167.7,934.83,0 2 99 25 43 92 50 45 24 5 29 90 65 6 87 52 60 61 97 93 100 0,43 45
PFG_MOEA,134,6,167.7,934.83,0 8 7 0,
PFG_MOEA,135,1,173.13,915.94,0 8 28 10 89 47 69 38 44 59 26 96 83 11 98 14 73 41 12 13 95 57 0,38
PFG_MOEA,135,2,173.13,915.94,0 15 85 88 63 74 78 64 30 71 35 40 16 18 19 31 17 20 91 33 37 68 56 39 84 23 22 21 1 34 0,17 40 64 88
PFG_MOEA,135,3,173.13,915.94,0 4 80 53 51 79 0,
PFG_MOEA,135,4,173.13,915.94,0 66 49 32 94 82 86 67 72 70 54 36 3 58 77 48 62 92 43 0,
PFG_MOEA,135,5,173.13,915.94,0 25 99 2 0,
PFG_MOEA,135,6,173.13,915.94,0 50 45 24 5 29 90 65 6 87 52 60 61 97 93 100 75 55 9 76 42 81 7 46 27 0,5 50 81
PFG_MOEA,136,1,152.21,947.44,0 27 12 41 95 57 83 11 96 26 59 44 38 69 47 89 10 0,11
PFG_MOEA,136,2,152.21,947.44,0 28 13 73 14 98 15 85 88 63 74 78 64 30 71 35 40 16 18 19 31 17 20 91 0,17 35 64 88
PFG_MOEA,136,3,152.21,947.44,0 22 23 84 39 56 68 37 33 21 1 34 80 53 51 79 0,
PFG_MOEA,136,4,152.21,947.44,0 92 50 25 99 2 66 49 32 5 24 45 4 0,2 5
PFG_MOEA,136,5,152.21,947.44,0 46 81 75 55 9 76 42 7 8 100 93 97 61 60 52 87 6 65 90 29 94 0,
PFG_MOEA,136,6,152.21,947.44,0 77 58 3 36 54 70 72 67 86 82 62 48 43 0,
PFG_MOEA,137,1,138.05,1111.26,0 73 78 74 63 88 85 15 98 14 0,
PFG_MOEA,137,2,138.05,1111.26,0 20 91 19 17 31 35 71 30 64 40 16 18 68 56 39 84 23 22 0,17 35 64
PFG_MOEA,137,3,138.05,1111.26,0 50 92 37 33 21 1 34 99 2 25 66 49 32 79 51 53 80 0,
PFG_MOEA,137,4,138.05,1111.26,0 6 65 90 29 5 24 45 94 82 86 67 72 70 54 36 3 58 77 62 0,5
PFG_MOEA,137,5,138.05,1111.26,0 43 48 46 81 75 55 9 76 42 7 8 100 93 97 61 60 52 87 4 0,100
PFG_MOEA,137,6,138.05,1111.26,0 28 10 89 47 69 38 44 59 26 96 11 83 57 95 41 12 27 13 0,
PFG_MOEA,138,1,141.39,1069.23,0 8 42 28 10 89 47 69 38 44 59 26 96 0,
PFG_MOEA,138,2,141.39,1069.23,0 13 12 41 11 14 98 85 15 73 95 57 0,57
PFG_MOEA,138,3,141.39,1069.23,0 4 80 53 100 81 7 46 27 83 88 63 74 78 64 30 71 35 40 16 20 0,100
PFG_MOEA,138,4,141.39,1069.23,0 31 17 18 19 91 33 37 68 56 39 72 70 54 36 3 58 77 50 0,
PFG_MOEA,138,5,141.39,1069.23,0 2 99 34 1 21 84 23 22 25 43 92 48 62 67 86 82 94 49 66 0,94
PFG_MOEA,138,6,141.39,1069.23,0 24 45 51 32 79 5 29 90 65 6 87 52 60 61 97 93 75 55 9 76 0,
PFG_MOEA,139,1,167.7,934.83,0 96 83 11 14 42 76 9 55 75 81 46 28 69 47 38 44 59 26 10 89 0,26 38 89
PFG_MOEA,139,2,167.7,934.83,0 13 27 12 41 95 57 73 15 98 85 88 63 74 78 64 30 71 35 40 16 18 19 31 20 0,
PFG_MOEA,139,3,167.7,934.83,0 17 91 33 37 68 56 39 84 23 0,
PFG_MOEA,139,4,167.7,934.83,0 4 80 53 66 94 49 51 79 32 3 36 54 70 72 67 86 82 22 21 1 34 48 62 58 77 0,86 94
PFG_MOEA,139,5,167.7,934.83,0 2 99 25 43 92 50 45 24 5 29 90 65 6 87 52 60 61 97 93 100 0,43 45
PFG_MOEA,139,6,167.7,934.83,0 8 7 0,
PFG_MOEA,140,1,173.13,915.94,0 8 28 10 89 47 69 38 44 59 26 96 83 11 98 14 73 41 12 13 95 57 0,38
PFG_MOEA,140,2,173.13,915.94,0 15 85 88 63 74 78 64 30 71 35 40 16 18 19 31 17 20 91 33 37 68 56 39 84 23 22 21 1 34 0,17 40 64 88
PFG_MOEA,140,3,173.13,915.94,0 4 80 53 51 79 0,
PFG_MOEA,140,4,173.13,915.94,0 66 49 32 94 82 86 67 72 70 54 36 3 58 77 48 62 92 43 0,
PFG_MOEA,140,5,173.13,915.94,0 25 99 2 0,
PFG_MOEA,140,6,173.13,915.94,0 50 45 24 5 29 90 65 6 87 52 60 61 97 93 100 75 55 9 76 42 81 7 46 27 0,5 50 81
PFG_MOEA,141,1,152.21,947.44,0 27 12 41 95 57 83 11 96 26 59 44 38 69 47 89 10 0,11
PFG_MOEA,141,2,152.21,947.44,0 28 13 73 14 98 15 85 88 63 74 78 64 30 71 35 40 16 18 19 31 17 20 91 0,17 35 64 88
PFG_MOEA,141,3,152.21,947.44,0 22 23 84 39 56 68 37 33 21 1 34 80 53 51 79 0,
PFG_MOEA,141,4,152.21,947.44,0 92 50 25 99 2 66 49 32 5 24 45 4 0,2 5
PFG_MOEA,141,5,152.21,947.44,0 46 81 75 55 9 76 42 7 8 100 93 97 61 60 52 87 6 65 90 29 94 0,
PFG_MOEA,141,6,152.21,947.44,0 77 58 3 36 54 70 72 67 86 82 62 48 43 0,
PFG_MOEA,142,1,138.05,1111.26,0 73 78 74 63 88 85 15 98 14 0,
PFG_MOEA,142,2,138.05,1111.26,0 20 91 19 17 31 35 71 30 64 40 16 18 68 56 39 84 23 22 0,17 35 64
PFG_MOEA,142,3,138.05,1111.26,0 50 92 37 33 21 1 34 99 2 25 66 49 32 79 51 53 80 0,
PFG_MOEA,142,4,138.05,1111.26,0 6 65 90 29 5 24 45 94 82 86 67 72 70 54 36 3 58 77 62 0,5
PFG_MOEA,142,5,138.05,1111.26,0 43 48 46 81 75 55 9 76 42 7 8 100 93 97 61 60 52 87 4 0,100
PFG_MOEA,142,6,138.05,1111.26,0 28 10 89 47 69 38 44 59 26 96 11 83 57 95 41 12 27 13 0,
PFG_MOEA,143,1,141.39,1069.23,0 8 42 28 10 89 47 69 38 44 59 26 96 0,
PFG_MOEA,143,2,141.39,1069.23,0 13 12 41 11 14 98 85 15 73 95 57 0,57
PFG_MOEA,143,3,141.39,1069.23,0 4 80 53 100 81 7 46 27 83 88 63 74 78 64 30 71 35 40 16 20 0,100
PFG_MOEA,143,4,141.39,1069.23,0 31 17 18 19 91 33 37 68 56 39 72 70 54 36 3 58 77 50 0,
PFG_MOEA,143,5,141.39,1069.23,0 2 99 34 1 21 84 23 22 25 43 92 48 62 67 86 82 94 49 66 0,94
PFG_MOEA,143,6,141.39,1069.23,0 24 45 51 32 79 5 29 90 65 6 87 52 60 61 97 93 75 55 9 76 0,
PFG_MOEA,144,1,167.7,934.83,0 96 83 11 14 42 76 9 55 75 81 46 28 69 47 38 44 59 26 10 89 0,26 38 89
PFG_MOEA,144,2,167.7,934.83,0 13 27 12 41 95 57 73 15 98 85 88 63 74 78 64 30 71 35 40 16 18 19 31 20 0,
PFG_MOEA,144,3,167.7,934.83,0 17 91 33 37 68 56 39 84 23 0,
PFG_MOEA,144,4,167.7,934.83,0 4 80 53 66 94 49 51 79 32 3 36 54 70 72 67 86 82 22 21 1 34 48 62 58 77 0,86 94
PFG_MOEA,144,5,167.7,934.83,0 2 99 25 43 92 50 45 24 5 29 90 65 6 87 52 60 61 97 93 100 0,43 45
PFG_MOEA,144,6,167.7,934.83,0 8 7 0,
PFG_MOEA,145,1,173.13,915.94,0 8 28 10 89 47 69 38 44 59 26 96 83 11 98 14 73 41 12 13 95 57 0,38
PFG_MOEA,145,2,173.13,915.94,0 15 85 88 63 74 78 64 30 71 35 40 16 18 19 31 17 20 91 33 37 68 56 39 84 23 22 21 1 34 0,17 40 64 88
PFG_MOEA,145,3,173.13,915.94,0 4 80 53 51 79 0,
PFG_MOEA,145,4,173.13,915.94,0 66 49 32 94 82 86 67 72 70 54 36 3 58 77 48 62 92 43 0,
PFG_MOEA,145,5,173.13,915.94,0 25 99 2 0,
PFG_MOEA,145,6,173.13,915.94,0 50 45 24 5 29 90 65 6 87 52 60 61 97 93 100 75 55 9 76 42 81 7 46 27 0,5 50 81
PFG_MOEA,146,1,152.21,947.44,0 27 12 41 95 57 83 11 96 26 59 44 38 69 47 89 10 0,11
PFG_MOEA,146,2,152.21,947.44,0 28 13 73 14 98 15 85 88 63 74 78 64 30 71 35 40 16 18 19 31 17 20 91 0,17 35 64 88
PFG_MOEA,146,3,152.21,947.44,0 22 23 84 39 56 68 37 33 21 1 34 80 53 51 79 0,
PFG_MOEA,146,4,152.21,947.44,0 92 50 25 99 2 66 49 32 5 24 45 4 0,2 5
PFG_MOEA,146,5,152.21,947.44,0 46 81 75 55 9 76 42 7 8 100 93 97 61 60 52 87 6 65 90 29 94 0,
PFG_MOEA,146,6,152.21,947.44,0 77 58 3 36 54 70 72 67 86 82 62 48 43 0,
PFG_MOEA,147,1,138.05,1111.26,0 73 78 74 63 88 85 15 98 14 0,
PFG_MOEA,147,2,138.05,1111.26,0 20 91 19 17 31 35 71 30 64 40 16 18 68 56 39 84 23 22 0,17 35 64
PFG_MOEA,147,3,138.05,1111.26,0 50 92 37 33 21 1 34 99 2 25 66 49 32 79 51 53 80 0,
PFG_MOEA,147,4,138.05,1111.26,0 6 65 90 29 5 24 45 94 82 86 67 72 70 54 36 3 58 77 62 0,5
PFG_MOEA,147,5,138.05,1111.26,0 43 48 46 81 75 55 9 76 42 7 8 100 93 97 61 60 52 87 4 0,100
PFG_MOEA,147,6,138.05,1111.26,0 28 10 89 47 69 38 44 59 26 96 11 83 57 95 41 12 27 13 0,
PFG_MOEA,148,1,141.39,1069.23,0 8 42 28 10 89 47 69 38 44 59 26 96 0,
PFG_MOEA,148,2,141.39,1069.23,0 13 12 41 11 14 98 85 15 73 95 57 0,57
PFG_MOEA,148,3,141.39,1069.23,0 4 80 53 100 81 7 46 27 83 88 63 74 78 64 30 71 35 40 16 20 0,100
PFG_MOEA,148,4,141.39,1069.23,0 31 17 18 19 91 33 37 68 56 39 72 70 54 36 3 58 77 50 0,
PFG_MOEA,148,5,141.39,1069.23,0 2 99 34 1 21 84 23 22 25 43 92 48 62 67 86 82 94 49 66 0,94
PFG_MOEA,148,6,141.39,1069.23,0 24 45 51 32 79 5 29 90 65 6 87 52 60 61 97 93 75 55 9 76 0,
PFG_MOEA,149,1,167.7,934.83,0 96 83 11 14 42 76 9 55 75 81 46 28 69 47 38 44 59 26 10 89 0,26 38 89
PFG_MOEA,149,2,167.7,934.83,0 13 27 12 41 95 57 73 15 98 85 88 63 74 78 64 30 71 35 40 16 18 19 31 20 0,
PFG_MOEA,149,3,167.7,934.83,0 17 91 33 37 68 56 39 84 23 0,
PFG_MOEA,149,4,167.7,934.83,0 4 80 53 66 94 49 51 79 32 3 36 54 70 72 67 86 82 22 21 1 34 48 62 58 77 0,86 94
PFG_MOEA,149,5,167.7,934.83,0 2 99 25 43 92 50 45 24 5 29 90 65 6 87 52 60 61 97 93 100 0,43 45
PFG_MOEA,149,6,167.7,934.83,0 8 7 0,
PFG_MOEA,150,1,173.13,915.94,0 8 28 10 89 47 69 38 44 59 26 96 83 11 98 14 73 41 12 13 95 57 0,38
PFG_MOEA,150,2,173.13,915.94,0 15 85 88 63 74 78 64 30 71 35 40 16 18 19 31 17 20 91 33 37 68 56 39 84 23 22 21 1 34 0,17 40 64 88
PFG_MOEA,150,3,173.13,915.94,0 4 80 53 51 79 0,
PFG_MOEA,150,4,173.13,915.94,0 66 49 32 94 82 86 67 72 70 54 36 3 58 77 48 62 92 43 0,
PFG_MOEA,150,5,173.13,915.94,0 25 99 2 0,
PFG_MOEA,150,6,173.13,915.94,0 50 45 24 5 29 90 65 6 87 52 60 61 97 93 100 75 55 9 76 42 81 7 46 27 0,5 50 81
PFG_MOEA,151,1,152.21,947.44,0 27 12 41 95 57 83 11 96 26 59 44 38 69 47 89 10 0,11
PFG_MOEA,151,2,152.21,947.44,0 28 13 73 14 98 15 85 88 63 74 78 64 30 71 35 40 16 18 19 31 17 20 91 0,17 35 64 88
PFG_MOEA,151,3,152.21,947.44,0 22 23 84 39 56 68 37 33 21 1 34 80 53 51 79 0,
PFG_MOEA,151,4,152.21,947.44,0 92 50 25 99 2 66 49 32 5 24 45 4 0,2 5
PFG_MOEA,151,5,152.21,947.44,0 46 81 75 55 9 76 42 7 8 100 93 97 61 60 52 87 6 65 90 29 94 0,
PFG_MOEA,151,6,152.21,947.44,0 77 58 3 36 54 70 72 67 86 82 62 48 43 0,
PFG_MOEA,152,1,138.05,1111.26,0 73 78 74 63 88 85 15 98 14 0,
PFG_MOEA,152,2,138.05,1111.26,0 20 91 19 17 31 35 71 30 64 40 16 18 68 56 39 84 23 22 0,17 35 64
PFG_MOEA,152,3,138.05,1111.26,0 50 92 37 33 21 1 34 99 2 25 66 49 32 79 51 53 80 0,
PFG_MOEA,152,4,138.05,1111.26,0 6 65 90 29 5 24 45 94 82 86 67 72 70 54 36 3 58 77 62 0,5
PFG_MOEA,152,5,138.05,1111.26,0 43 48 46 81 75 55 9 76 42 7 8 100 93 97 61 60 52 87 4 0,100
PFG_MOEA,152,6,138.05,1111.26,0 28 10 89 47 69 38 44 59 26 96 11 83 57 95 41 12 27 13 0,
PFG_MOEA,153,1,141.39,1069.23,0 8 42 28 10 89 47 69 38 44 59 26 96 0,
PFG_MOEA,153,2,141.39,1069.23,0 13 12 41 11 14 98 85 15 73 95 57 0,57
PFG_MOEA,153,3,141.39,1069.23,0 4 80 53 100 81 7 46 27 83 88 63 74 78 64 30 71 35 40 16 20 0,100
PFG_MOEA,153,4,141.39,1069.23,0 31 17 18 19 91 33 37 68 56 39 72 70 54 36 3 58 77 50 0,
PFG_MOEA,153,5,141.39,1069.23,0 2 99 34 1 21 84 23 22 25 43 92 48 62 67 86 82 94 49 66 0,94
PFG_MOEA,153,6,141.39,1069.23,0 24 45 51 32 79 5 29 90 65 6 87 52 60 61 97 93 75 55 9 76 0,
PFG_MOEA,154,1,167.7,934.83,0 96 83 11 14 42 76 9 55 75 81 46 28 69 47 38 44 59 26 10 89 0,26 38 89
PFG_MOEA,154,2,167.7,934.83,0 13 27 12 41 95 57 73 15 98 85 88 63 74 78 64 30 71 35 40 16 18 19 31 20 0,
PFG_MOEA,154,3,167.7,934.83,0 17 91 33 37 68 56 39 84 23 0,
PFG_MOEA,154,4,167.7,934.83,0 4 80 53 66 94 49 51 79 32 3 36 54 70 72 67 86 82 22 21 1 34 48 62 58 77 0,86 94
PFG_MOEA,154,5,167.7,934.83,0 2 99 25 43 92 50 45 24 5 29 90 65 6 87 52 60 61 97 93 100 0,43 45
PFG_MOEA,154,6,167.7,934.83,0 8 7 0,
PFG_MOEA,155,1,173.13,915.94,0 8 28 10 89 47 69 38 44 59 26 96 83 11 98 14 73 41 12 13 95 57 0,38
PFG_MOEA,155,2,173.13,915.94,0 15 85 88 63 74 78 64 30 71 35 40 16 18 19 31 17 20 91 33 37 68 56 39 84 23 22 21 1 34 0,17 40 64 88
PFG_MOEA,155,3,173.13,915.94,0 4 80 53 51 79 0,
PFG_MOEA,155,4,173.13,915.94,0 66 49 32 94 82 86 67 72 70 54 36 3 58 77 48 62 92 43 0,
PFG_MOEA,155,5,173.13,915.94,0 25 99 2 0,
PFG_MOEA,155,6,173.13,915.94,0 50 45 24 5 29 90 65 6 87 52 60 61 97 93 100 75 55 9 76 42 81 7 46 27 0,5 50 81
PFG_MOEA,156,1,152.21,947.44,0 27 12 41 95 57 83 11 96 26 59 44 38 69 47 89 10 0,11
PFG_MOEA,156,2,152.21,947.44,0 28 13 73 14 98 15 85 88 63 74 78 64 30 71 35 40 16 18 19 31 17 20 91 0,17 35 64 88
PFG_MOEA,156,3,152.21,947.44,0 22 23 84 39 56 68 37 33 21 1 34 80 53 51 79 0,
PFG_MOEA,156,4,152.21,947.44,0 92 50 25 99 2 66 49 32 5 24 45 4 0,2 5
PFG_MOEA,156,5,152.21,947.44,0 46 81 75 55 9 76 42 7 8 100 93 97 61 60 52 87 6 65 90 29 94 0,
PFG_MOEA,156,6,152.21,947.44,0 77 58 3 36 54 70 72 67 86 82 62 48 43 0,
PFG_MOEA,157,1,138.05,1111.26,0 73 78 74 63 88 85 15 98 14 0,
PFG_MOEA,157,2,138.05,1111.26,0 20 91 19 17 31 35 71 30 64 40 16 18 68 56 39 84 23 22 0,17 35 64
PFG_MOEA,157,3,138.05,1111.26,0 50 92 37 33 21 1 34 99 2 25 66 49 32 79 51 53 80 0,
PFG_MOEA,157,4,138.05,1111.26,0 6 65 90 29 5 24 45 94 82 86 67 72 70 54 36 3 58 77 62 0,5
PFG_MOEA,157,5,138.05,1111.26,0 43 48 46 81 75 55 9 76 42 7 8 100 93 97 61 60 52 87 4 0,100
PFG_MOEA,157,6,138.05,1111.26,0 28 10 89 47 69 38 44 59 26 96 11 83 57 95 41 12 27 13 0,
PFG_MOEA,158,1,141.39,1069.23,0 8 42 28 10 89 47 69 38 44 59 26 96 0,
PFG_MOEA,158,2,141.39,1069.23,0 13 12 41 11 14 98 85 15 73 95 57 0,57
PFG_MOEA,158,3,141.39,1069.23,0 4 80 53 100 81 7 46 27 83 88 63 74 78 64 30 71 35 40 16 20 0,100
PFG_MOEA,158,4,141.39,1069.23,0 31 17 18 19 91 33 37 68 56 39 72 70 54 36 3 58 77 50 0,
PFG_MOEA,158,5,141.39,1069.23,0 2 99 34 1 21 84 23 22 25 43 92 48 62 67 86 82 94 49 66 0,94
PFG_MOEA,158,6,141.39,1069.23,0 24 45 51 32 79 5 29 90 65 6 87 52 60 61 97 93 75 55 9 76 0,
PFG_MOEA,159,1,167.7,934.83,0 96 83 11 14 42 76 9 55 75 81 46 28 69 47 38 44 59 26 10 89 0,26 38 89
PFG_MOEA,159,2,167.7,934.83,0 13 27 12 41 95 57 73 15 98 85 88 63 74 78 64 30 71 35 40 16 18 19 31 20 0,
PFG_MOEA,159,3,167.7,934.83,0 17 91 33 37 68 56 39 84 23 0,
PFG_MOEA,159,4,167.7,934.83,0 4 80 53 66 94 49 51 79 32 3 36 54 70 72 67 86 82 22 21 1 34 48 62 58 77 0,86 94
PFG_MOEA,159,5,167.7,934.83,0 2 99 25 43 92 50 45 24 5 29 90 65 6 87 52 60 61 97 93 100 0,43 45
PFG_MOEA,159,6,167.7,934.83,0 8 7 0,
PFG_MOEA,160,1,173.13,915.94,0 8 28 10 89 47 69 38 44 59 26 96 83 11 98 14 73 41 12 13 95 57 0,38
PFG_MOEA,160,2,173.13,915.94,0 15 85 88 63 74 78 64 30 71 35 40 16 18 19 31 17 20 91 33 37 68 56 39 84 23 22 21 1 34 0,17 40 64 88
PFG_MOEA,160,3,173.13,915.94,0 4 80 53 51 79 0,
PFG_MOEA,160,4,173.13,915.94,0 66 49 32 94 82 86 67 72 70 54 36 3 58 77 48 62 92 43 0,
PFG_MOEA,160,5,173.13,915.94,0 25 99 2 0,
PFG_MOEA,160,6,173.13,915.94,0 50 45 24 5 29 90 65 6 87 52 60 61 97 93 100 75 55 9 76 42 81 7 46 27 0,5 50 81
PFG_MOEA,161,1,152.21,947.44,0 27 12 41 95 57 83 11 96 26 59 44 38 69 47 89 10 0,11
PFG_MOEA,161,2,152.21,947.44,0 28 13 73 14 98 15 85 88 63 74 78 64 30 71 35 40 16 18 19 31 17 20 91 0,17 35 64 88
PFG_MOEA,161,3,152.21,947.44,0 22 23 84 39 56 68 37 33 21 1 34 80 53 51 79 0,
PFG_MOEA,161,4,152.21,947.44,0 92 50 25 99 2 66 49 32 5 24 45 4 0,2 5
PFG_MOEA,161,5,152.21,947.44,0 46 81 75 55 9 76 42 7 8 100 93 97 61 60 52 87 6 65 90 29 94 0,
PFG_MOEA,161,6,152.21,947.44,0 77 58 3 36 54 70 72 67 86 82 62 48 43 0,
PFG_MOEA,162,1,138.05,1111.26,0 73 78 74 63 88 85 15 98 14 0,
PFG_MOEA,162,2,138.05,1111.26,0 20 91 19 17 31 35 71 30 64 40 16 18 68 56 39 84 23 22 0,17 35 64
PFG_MOEA,162,3,138.05,1111.26,0 50 92 37 33 21 1 34 99 2 25 66 49 32 79 51 53 80 0,
PFG_MOEA,162,4,138.05,1111.26,0 6 65 90 29 5 24 45 94 82 86 67 72 70 54 36 3 58 77 62 0,5
PFG_MOEA,162,5,138.05,1111.26,0 43 48 46 81 75 55 9 76 42 7 8 100 93 97 61 60 52 87 4 0,100
PFG_MOEA,162,6,138.05,1111.26,0 28 10 89 47 69 38 44 59 26 96 11 83 57 95 41 12 27 13 0,
PFG_MOEA,163,1,141.39,1069.23,0 8 42 28 10 89 47 69 38 44 59 26 96 0,
PFG_MOEA,163,2,141.39,1069.23,0 13 12 41 11 14 98 85 15 73 95 57 0,57
PFG_MOEA,163,3,141.39,1069.23,0 4 80 53 100 81 7 46 27 83 88 63 74 78 64 30 71 35 40 16 20 0,100
PFG_MOEA,163,4,141.39,1069.23,0 31 17 18 19 91 33 37 68 56 39 72 70 54 36 3 58 77 50 0,
PFG_MOEA,163,5,141.39,1069.23,0 2 99 34 1 21 84 23 22 25 43 92 48 62 67 86 82 94 49 66 0,94
PFG_MOEA,163,6,141.39,1069.23,0 24 45 51 32 79 5 29 90 65 6 87 52 60 61 97 93 75 55 9 76 0,
PFG_MOEA,164,1,167.7,934.83,0 96 83 11 14 42 76 9 55 75 81 46 28 69 47 38 44 59 26 10 89 0,26 38 89
PFG_MOEA,164,2,167.7,934.83,0 13 27 12 41 95 57 73 15 98 85 88 63 74 78 64 30 71 35 40 16 18 19 31 20 0,
PFG_MOEA,164,3,167.7,934.83,0 17 91 33 37 68 56 39 84 23 0,
PFG_MOEA,164,4,167.7,934.83,0 4 80 53 66 94 49 51 79 32 3 36 54 70 72 67 86 82 22 21 1 34 48 62 58 77 0,86 94
PFG_MOEA,164,5,167.7,934.83,0 2 99 25 43 92 50 45 24 5 29 90 65 6 87 52 60 61 97 93 100 0,43 45
PFG_MOEA,164,6,167.7,934.83,0 8 7 0,
PFG_MOEA,165,1,173.13,915.94,0 8 28 10 89 47 69 38 44 59 26 96 83 11 98 14 73 41 12 13 95 57 0,38
PFG_MOEA,165,2,173.13,915.94,0 15 85 88 63 74 78 64 30 71 35 40 16 18 19 31 17 20 91 33 37 68 56 39 84 23 22 21 1 34 0,17 40 64 88
PFG_MOEA,165,3,173.13,915.94,0 4 80 53 51 79 0,
PFG_MOEA,165,4,173.13,915.94,0 66 49 32 94 82 86 67 72 70 54 36 3 58 77 48 62 92 43 0,
PFG_MOEA,165,5,173.13,915.94,0 25 99 2 0,
PFG_MOEA,165,6,173.13,915.94,0 50 45 24 5 29 90 65 6 87 52 60 61 97 93 100 75 55 9 76 42 81 7 46 27 0,5 50 81
PFG_MOEA,166,1,152.21,947.44,0 27 12 41 95 57 83 11 96 26 59 44 38 69 47 89 10 0,11
PFG_MOEA,166,2,152.21,947.44,0 28 13 73 14 98 15 85 88 63 74 78 64 30 71 35 40 16 18 19 31 17 20 91 0,17 35 64 88
PFG_MOEA,166,3,152.21,947.44,0 22 23 84 39 56 68 37 33 21 1 34 80 53 51 79 0,
PFG_MOEA,166,4,152.21,947.44,0 92 50 25 99 2 66 49 32 5 24 45 4 0,2 5
PFG_MOEA,166,5,152.21,947.44,0 46 81 75 55 9 76 42 7 8 100 93 97 61 60 52 87 6 65 90 29 94 0,
PFG_MOEA,166,6,152.21,947.44,0 77 58 3 36 54 70 72 67 86 82 62 48 43 0,
PFG_MOEA,167,1,138.05,1111.26,0 73 78 74 63 88 85 15 98 14 0,
PFG_MOEA,167,2,138.05,1111.26,0 20 91 19 17 31 35 71 30 64 40 16 18 68 56 39 84 23 22 0,17 35 64
PFG_MOEA,167,3,138.05,1111.26,0 50 92 37 33 21 1 34 99 2 25 66 49 32 79 51 53 80 0,
PFG_MOEA,167,4,138.05,1111.26,0 6 65 90 29 5 24 45 94 82 86 67 72 70 54 36 3 58 77 62 0,5
PFG_MOEA,167,5,138.05,1111.26,0 43 48 46 81 75 55 9 76 42 7 8 100 93 97 61 60 52 87 4 0,100
PFG_MOEA,167,6,138.05,1111.26,0 28 10 89 47 69 38 44 59 26 96 11 83 57 95 41 12 27 13 0,
PFG_MOEA,168,1,141.39,1069.23,0 8 42 28 10 89 47 69 38 44 59 26 96 0,
PFG_MOEA,168,2,141.39,1069.23,0 13 12 41 11 14 98 85 15 73 95 57 0,57
PFG_MOEA,168,3,141.39,1069.23,0 4 80 53 100 81 7 46 27 83 88 63 74 78 64 30 71 35 40 16 20 0,100
PFG_MOEA,168,4,141.39,1069.23,0 31 17 18 19 91 33 37 68 56 39 72 70 54 36 3 58 77 50 0,
PFG_MOEA,168,5,141.39,1069.23,0 2 99 34 1 21 84 23 22 25 43 92 48 62 67 86 82 94 49 66 0,94
PFG_MOEA,168,6,141.39,1069.23,0 24 45 51 32 79 5 29 90 65 6 87 52 60 61 97 93 75 55 9 76 0,
PFG_MOEA,169,1,167.7,934.83,0 96 83 11 14 42 76 9 55 75 81 46 28 69 47 38 44 59 26 10 89 0,26 38 89
PFG_MOEA,169,2,167.7,934.83,0 13 27 12 41 95 57 73 15 98 85 88 63 74 78 64 30 71 35 40 16 18 19 31 20 0,
PFG_MOEA,169,3,167.7,934.83,0 17 91 33 37 68 56 39 84 23 0,
PFG_MOEA,169,4,167.7,934.83,0 4 80 53 66 94 49 51 79 32 3 36 54 70 72 67 86 82 22 21 1 34 48 62 58 77 0,86 94
PFG_MOEA,169,5,167.7,934.83,0 2 99 25 43 92 50 45 24 5 29 90 65 6 87 52 60 61 97 93 100 0,43 45
PFG_MOEA,169,6,167.7,934.83,0 8 7 0,
PFG_MOEA,170,1,173.13,915.94,0 8 28 10 89 47 69 38 44 59 26 96 83 11 98 14 73 41 12 13 95 57 0,38
PFG_MOEA,170,2,173.13,915.94,0 15 85 88 63 74 78 64 30 71 35 40 16 18 19 31 17 20 91 33 37 68 56 39 84 23 22 21 1 34 0,17 40 64 88
PFG_MOEA,170,3,173.13,915.94,0 4 80 53 51 79 0,
PFG_MOEA,170,4,173.13,915.94,0 66 49 32 94 82 86 67 72 70 54 36 3 58 77 48 62 92 43 0,
PFG_MOEA,170,5,173.13,915.94,0 25 99 2 0,
PFG_MOEA,170,6,173.13,915.94,0 50 45 24 5 29 90 65 6 87 52 60 61 97 93 100 75 55 9 76 42 81 7 46 27 0,5 50 81
PFG_MOEA,171,1,152.21,947.44,0 27 12 41 95 57 83 11 96 26 59 44 38 69 47 89 10 0,11
PFG_MOEA,171,2,152.21,947.44,0 28 13 73 14 98 15 85 88 63 74 78 64 30 71 35 40 16 18 19 31 17 20 91 0,17 35 64 88
PFG_MOEA,171,3,152.21,947.44,0 22 23 84 39 56 68 37 33 21 1 34 80 53 51 79 0,
PFG_MOEA,171,4,152.21,947.44,0 92 50 25 99 2 66 49 32 5 24 45 4 0,2 5
PFG_MOEA,171,5,152.21,947.44,0 46 81 75 55 9 76 42 7 8 100 93 97 61 60 52 87 6 65 90 29 94 0,
PFG_MOEA,171,6,152.21,947.44,0 77 58 3 36 54 70 72 67 86 82 62 48 43 0,
PFG_MOEA,172,1,138.05,1111.26,0 73 78 74 63 88 85 15 98 14 0,
PFG_MOEA,172,2,138.05,1111.26,0 20 91 19 17 31 35 71 30 64 40 16 18 68 56 39 84 23 22 0,17 35 64
PFG_MOEA,172,3,138.05,1111.26,0 50 92 37 33 21 1 34 99 2 25 66 49 32 79 51 53 80 0,
PFG_MOEA,172,4,138.05,1111.26,0 6 65 90 29 5 24 45 94 82 86 67 72 70 54 36 3 58 77 62 0,5
PFG_MOEA,172,5,138.05,1111.26,0 43 48 46 81 75 55 9 76 42 7 8 100 93 97 61 60 52 87 4 0,100
PFG_MOEA,172,6,138.05,1111.26,0 28 10 89 47 69 38 44 59 26 96 11 83 57 95 41 12 27 13 0,
PFG_MOEA,173,1,141.39,1069.23,0 8 42 28 10 89 47 69 38 44 59 26 96 0,
PFG_MOEA,173,2,141.39,1069.23,0 13 12 41 11 14 98 85 15 73 95 57 0,57
PFG_MOEA,173,3,141.39,1069.23,0 4 80 53 100 81 7 46 27 83 88 63 74 78 64 30 71 35 40 16 20 0,100
PFG_MOEA,173,4,141.39,1069.23,0 31 17 18 19 91 33 37 68 56 39 72 70 54 36 3 58 77 50 0,
PFG_MOEA,173,5,141.39,1069.23,0 2 99 34 1 21 84 23 22 25 43 92 48 62 67 86 82 94 49 66 0,94
PFG_MOEA,173,6,141.39,1069.23,0 24 45 51 32 79 5 29 90 65 6 87 52 60 61 97 93 75 55 9 76 0,
PFG_MOEA,174,1,167.7,934.83,0 96 83 11 14 42 76 9 55 75 81 46 28 69 47 38 44 59 26 10 89 0,26 38 89
PFG_MOEA,174,2,167.7,934.83,0 13 27 12 41 95 57 73 15 98 85 88 63 74 78 64 30 71 35 40 16 18 19 31 20 0,
PFG_MOEA,174,3,167.7,934.83,0 17 91 33 37 68 56 39 84 23 0,
PFG_MOEA,174,4,167.7,934.83,0 4 80 53 66 94 49 51 79 32 3 36 54 70 72 67 86 82 22 21 1 34 48 62 58 77 0,86 94
PFG_MOEA,174,5,167.7,934.83,0 2 99 25 43 92 50 45 24 5 29 90 65 6 87 52 60 61 97 93 100 0,43 45
PFG_MOEA,174,6,167.7,934.83,0 8 7 0,
PFG_MOEA,175,1,173.13,915.94,0 8 28 10 89 47 69 38 44 59 26 96 83 11 98 14 73 41 12 13 95 57 0,38
PFG_MOEA,175,2,173.13,915.94,0 15 85 88 63 74 78 64 30 71 35 40 16 18 19 31 17 20 91 33 37 68 56 39 84 23 22 21 1 34 0,17 40 64 88
PFG_MOEA,175,3,173.13,915.94,0 4 80 53 51 79 0,
PFG_MOEA,175,4,173.13,915.94,0 66 49 32 94 82 86 67 72 70 54 36 3 58 77 48 62 92 43 0,
PFG_MOEA,175,5,173.13,915.94,0 25 99 2 0,
PFG_MOEA,175,6,173.13,915.94,0 50 45 24 5 29 90 65 6 87 52 60 61 97 93 100 75 55 9 76 42 81 7 46 27 0,5 50 81
PFG_MOEA,176,1,152.21,947.44,0 27 12 41 95 57 83 11 96 26 59 44 38 69 47 89 10 0,11
PFG_MOEA,176,2,152.21,947.44,0 28 13 73 14 98 15 85 88 63 74 78 64 30 71 35 40 16 18 19 31 17 20 91 0,17 35 64 88
PFG_MOEA,176,3,152.21,947.44,0 22 23 84 39 56 68 37 33 21 1 34 80 53 51 79 0,
PFG_MOEA,176,4,152.21,947.44,0 92 50 25 99 2 66 49 32 5 24 45 4 0,2 5
PFG_MOEA,176,5,152.21,947.44,0 46 81 75 55 9 76 42 7 8 100 93 97 61 60 52 87 6 65 90 29 94 0,
PFG_MOEA,176,6,152.21,947.44,0 77 58 3 36 54 70 72 67 86 82 62 48 43 0,
PFG_MOEA,177,1,138.05,1111.26,0 73 78 74 63 88 85 15 98 14 0,
PFG_MOEA,177,2,138.05,1111.26,0 20 91 19 17 31 35 71 30 64 40 16 18 68 56 39 84 23 22 0,17 35 64
PFG_MOEA,177,3,138.05,1111.26,0 50 92 37 33 21 1 34 99 2 25 66 49 32 79 51 53 80 0,
PFG_MOEA,177,4,138.05,1111.26,0 6 65 90 29 5 24 45 94 82 86 67 72 70 54 36 3 58 77 62 0,5
PFG_MOEA,177,5,138.05,1111.26,0 43 48 46 81 75 55 9 76 42 7 8 100 93 97 61 60 52 87 4 0,100
PFG_MOEA,177,6,138.05,1111.26,0 28 10 89 47 69 38 44 59 26 96 11 83 57 95 41 12 27 13 0,
PFG_MOEA,178,1,141.39,1069.23,0 8 42 28 10 89 47 69 38 44 59 26 96 0,
PFG_MOEA,178,2,141.39,1069.23,0 13 12 41 11 14 98 85 15 73 95 57 0,57
PFG_MOEA,178,3,141.39,1069.23,0 4 80 53 100 81 7 46 27 83 88 63 74 78 64 30 71 35 40 16 20 0,100
PFG_MOEA,178,4,141.39,1069.23,0 31 17 18 19 91 33 37 68 56 39 72 70 54 36 3 58 77 50 0,
PFG_MOEA,178,5,141.39,1069.23,0 2 99 34 1 21 84 23 22 25 43 92 48 62 67 86 82 94 49 66 0,94
PFG_MOEA,178,6,141.39,1069.23,0 24 45 51 32 79 5 29 90 65 6 87 52 60 61 97 93 75 55 9 76 0,
PFG_MOEA,179,1,167.7,934.83,0 96 83 11 14 42 76 9 55 75 81 46 28 69 47 38 44 59 26 10 89 0,26 38 89
PFG_MOEA,179,2,167.7,934.83,0 13 27 12 41 95 57 73 15 98 85 88 63 74 78 64 30 71 35 40 16 18 19 31 20 0,
PFG_MOEA,179,3,167.7,934.83,0 17 91 33 37 68 56 39 84 23 0,
PFG_MOEA,179,4,167.7,934.83,0 4 80 53 66 94 49 51 79 32 3 36 54 70 72 67 86 82 22 21 1 34 48 62 58 77 0,86 94
PFG_MOEA,179,5,167.7,934.83,0 2 99 25 43 92 50 45 24 5 29 90 65 6 87 52 60 61 97 93 100 0,43 45
PFG_MOEA,179,6,167.7,934.83,0 8 7 0,
PFG_MOEA,180,1,173.13,915.94,0 8 28 10 89 47 69 38 44 59 26 96 83 11 98 14 73 41 12 13 95 57 0,38
PFG_MOEA,180,2,173.13,915.94,0 15 85 88 63 74 78 64 30 71 35 40 16 18 19 31 17 20 91 33 37 68 56 39 84 23 22 21 1 34 0,17 40 64 88
PFG_MOEA,180,3,173.13,915.94,0 4 80 53 51 79 0,
PFG_MOEA,180,4,173.13,915.94,0 66 49 32 94 82 86 67 72 70 54 36 3 58 77 48 62 92 43 0,
PFG_MOEA,180,5,173.13,915.94,0 25 99 2 0,
PFG_MOEA,180,6,173.13,915.94,0 50 45 24 5 29 90 65 6 87 52 60 61 97 93 100 75 55 9 76 42 81 7 46 27 0,5 50 81
PFG_MOEA,181,1,152.21,947.44,0 27 12 41 95 57 83 11 96 26 59 44 38 69 47 89 10 0,11
PFG_MOEA,181,2,152.21,947.44,0 28 13 73 14 98 15 85 88 63 74 78 64 30 71 35 40 16 18 19 31 17 20 91 0,17 35 64 88
PFG_MOEA,181,3,152.21,947.44,0 22 23 84 39 56 68 37 33 21 1 34 80 53 51 79 0,
PFG_MOEA,181,4,152.21,947.44,0 92 50 25 99 2 66 49 32 5 24 45 4 0,2 5
PFG_MOEA,181,5,152.21,947.44,0 46 81 75 55 9 76 42 7 8 100 93 97 61 60 52 87 6 65 90 29 94 0,
PFG_MOEA,181,6,152.21,947.44,0 77 58 3 36 54 70 72 67 86 82 62 48 43 0,
PFG_MOEA,182,1,138.05,1111.26,0 73 78 74 63 88 85 15 98 14 0,
PFG_MOEA,182,2,138.05,1111.26,0 20 91 19 17 31 35 71 30 64 40 16 18 68 56 39 84 23 22 0,17 35 64
PFG_MOEA,182,3,138.05,1111.26,0 50 92 37 33 21 1 34 99 2 25 66 49 32 79 51 53 80 0,
PFG_MOEA,182,4,138.05,1111.26,0 6 65 90 29 5 24 45 94 82 86 67 72 70 54 36 3 58 77 62 0,5
PFG_MOEA,182,5,138.05,1111.26,0 43 48 46 81 75 55 9 76 42 7 8 100 93 97 61 60 52 87 4 0,100
PFG_MOEA,182,6,138.05,1111.26,0 28 10 89 47 69 38 44 59 26 96 11 83 57 95 41 12 27 13 0,
PFG_MOEA,183,1,141.39,1069.23,0 8 42 28 10 89 47 69 38 44 59 26 96 0,
PFG_MOEA,183,2,141.39,1069.23,0 13 12 41 11 14 98 85 15 73 95 57 0,57
PFG_MOEA,183,3,141.39,1069.23,0 4 80 53 100 81 7 46 27 83 88 63 74 78 64 30 71 35 40 16 20 0,100
PFG_MOEA,183,4,141.39,1069.23,0 31 17 18 19 91 33 37 68 56 39 72 70 54 36 3 58 77 50 0,
PFG_MOEA,183,5,141.39,1069.23,0 2 99 34 1 21 84 23 22 25 43 92 48 62 67 86 82 94 49 66 0,94
PFG_MOEA,183,6,141.39,1069.23,0 24 45 51 32 79 5 29 90 65 6 87 52 60 61 97 93 75 55 9 76 0,
PFG_MOEA,184,1,167.7,934.83,0 96 83 11 14 42 76 9 55 75 81 46 28 69 47 38 44 59 26 10 89 0,26 38 89
PFG_MOEA,184,2,167.7,934.83,0 13 27 12 41 95 57 73 15 98 85 88 63 74 78 64 30 71 35 40 16 18 19 31 20 0,
PFG_MOEA,184,3,167.7,934.83,0 17 91 33 37 68 56 39 84 23 0,
PFG_MOEA,184,4,167.7,934.83,0 4 80 53 66 94 49 51 79 32 3 36 54 70 72 67 86 82 22 21 1 34 48 62 58 77 0,86 94
PFG_MOEA,184,5,167.7,934.83,0 2 99 25 43 92 50 45 24 5 29 90 65 6 87 52 60 61 97 93 100 0,43 45
PFG_MOEA,184,6,167.7,934.83,0 8 7 0,
PFG_MOEA,185,1,173.13,915.94,0 8 28 10 89 47 69 38 44 59 26 96 83 11 98 14 73 41 12 13 95 57 0,38
PFG_MOEA,185,2,173.13,915.94,0 15 85 88 63 74 78 64 30 71 35 40 16 18 19 31 17 20 91 33 37 68 56 39 84 23 22 21 1 34 0,17 40 64 88
PFG_MOEA,185,3,173.13,915.94,0 4 80 53 51 79 0,
PFG_MOEA,185,4,173.13,915.94,0 66 49 32 94 82 86 67 72 70 54 36 3 58 77 48 62 92 43 0,
PFG_MOEA,185,5,173.13,915.94,0 25 99 2 0,
PFG_MOEA,185,6,173.13,915.94,0 50 45 24 5 29 90 65 6 87 52 60 61 97 93 100 75 55 9 76 42 81 7 46 27 0,5 50 81
PFG_MOEA,186,1,152.21,947.44,0 27 12 41 95 57 83 11 96 26 59 44 38 69 47 89 10 0,11
PFG_MOEA,186,2,152.21,947.44,0 28 13 73 14 98 15 85 88 63 74 78 64 30 71 35 40 16 18 19 31 17 20 91 0,17 35 64 88
PFG_MOEA,186,3,152.21,947.44,0 22 23 84 39 56 68 37 33 21 1 34 80 53 51 79 0,
PFG_MOEA,186,4,152.21,947.44,0 92 50 25 99 2 66 49 32 5 24 45 4 0,2 5
PFG_MOEA,186,5,152.21,947.44,0 46 81 75 55 9 76 42 7 8 100 93 97 61 60 52 87 6 65 90 29 94 0,
PFG_MOEA,186,6,152.21,947.44,0 77 58 3 36 54 70 72 67 86 82 62 48 43 0,
PFG_MOEA,187,1,138.05,1111.26,0 73 78 74 63 88 85 15 98 14 0,
PFG_MOEA,187,2,138.05,1111.26,0 20 91 19 17 31 35 71 30 64 40 16 18 68 56 39 84 23 22 0,17 35 64
PFG_MOEA,187,3,138.05,1111.26,0 50 92 37 33 21 1 34 99 2 25 66 49 32 79 51 53 80 0,
PFG_MOEA,187,4,138.05,1111.26,0 6 65 90 29 5 24 45 94 82 86 67 72 70 54 36 3 58 77 62 0,5
PFG_MOEA,187,5,138.05,1111.26,0 43 48 46 81 75 55 9 76 42 7 8 100 93 97 61 60 52 87 4 0,100
PFG_MOEA,187,6,138.05,1111.26,0 28 10 89 47 69 38 44 59 26 96 11 83 57 95 41 12 27 13 0,
PFG_MOEA,188,1,141.39,1069.23,0 8 42 28 10 89 47 69 38 44 59 26 96 0,
PFG_MOEA,188,2,141.39,1069.23,0 13 12 41 11 14 98 85 15 73 95 57 0,57
PFG_MOEA,188,3,141.39,1069.23,0 4 80 53 100 81 7 46 27 83 88 63 74 78 64 30 71 35 40 16 20 0,100
PFG_MOEA,188,4,141.39,1069.23,0 31 17 18 19 91 33 37 68 56 39 72 70 54 36 3 58 77 50 0,
PFG_MOEA,188,5,141.39,1069.23,0 2 99 34 1 21 84 23 22 25 43 92 48 62 67 86 82 94 49 66 0,94
PFG_MOEA,188,6,141.39,1069.23,0 24 45 51 32 79 5 29 90 65 6 87 52 60 61 97 93 75 55 9 76 0,
PFG_MOEA,189,1,167.7,934.83,0 96 83 11 14 42 76 9 55 75 81 46 28 69 47 38 44 59 26 10 89 0,26 38 89
PFG_MOEA,189,2,167.7,934.83,0 13 27 12 41 95 57 73 15 98 85 88 63 74 78 64 30 71 35 40 16 18 19 31 20 0,
PFG_MOEA,189,3,167.7,934.83,0 17 91 33 37 68 56 39 84 23 0,
PFG_MOEA,189,4,167.7,934.83,0 4 80 53 66 94 49 51 79 32 3 36 54 70 72 67 86 82 22 21 1 34 48 62 58 77 0,86 94
PFG_MOEA,189,5,167.7,934.83,0 2 99 25 43 92 50 45 24 5 29 90 65 6 87 52 60 61 97 93 100 0,43 45
PFG_MOEA,189,6,167.7,934.83,0 8 7 0,
PFG_MOEA,190,1,173.13,915.94,0 8 28 10 89 47 69 38 44 59 26 96 83 11 98 14 73 41 12 13 95 57 0,38
PFG_MOEA,190,2,173.13,915.94,0 15 85 88 63 74 78 64 30 71 35 40 16 18 19 31 17 20 91 33 37 68 56 39 84 23 22 21 1 34 0,17 40 64 88
PFG_MOEA,190,3,173.13,915.94,0 4 80 53 51 79 0,
PFG_MOEA,190,4,173.13,915.94,0 66 49 32 94 82 86 67 72 70 54 36 3 58 77 48 62 92 43 0,
PFG_MOEA,190,5,173.13,915.94,0 25 99 2 0,
PFG_MOEA,190,6,173.13,915.94,0 50 45 24 5 29 90 65 6 87 52 60 61 97 93 100 75 55 9 76 42 81 7 46 27 0,5 50 81
PFG_MOEA,191,1,152.21,947.44,0 27 12 41 95 57 83 11 96 26 59 44 38 69 47 89 10 0,11
PFG_MOEA,191,2,152.21,947.44,0 28 13 73 14 98 15 85 88 63 74 78 64 30 71 35 40 16 18 19 31 17 20 91 0,17 35 64 88
PFG_MOEA,191,3,152.21,947.44,0 22 23 84 39 56 68 37 33 21 1 34 80 53 51 79 0,
PFG_MOEA,191,4,152.21,947.44,0 92 50 25 99 2 66 49 32 5 24 45 4 0,2 5
PFG_MOEA,191,5,152.21,947.44,0 46 81 75 55 9 76 42 7 8 100 93 97 61 60 52 87 6 65 90 29 94 0,
PFG_MOEA,191,6,152.21,947.44,0 77 58 3 36 54 70 72 67 86 82 62 48 43 0,
PFG_MOEA,192,1,138.05,1111.26,0 73 78 74 63 88 85 15 98 14 0,
PFG_MOEA,192,2,138.05,1111.26,0 20 91 19 17 31 35 71 30 64 40 16 18 68 56 39 84 23 22 0,17 35 64
PFG_MOEA,192,3,138.05,1111.26,0 50 92 37 33 21 1 34 99 2 25 66 49 32 79 51 53 80 0,
PFG_MOEA,192,4,138.05,1111.26,0 6 65 90 29 5 24 45 94 82 86 67 72 70 54 36 3 58 77 62 0,5
PFG_MOEA,192,5,138.05,1111.26,0 43 48 46 81 75 55 9 76 42 7 8 100 93 97 61 60 52 87 4 0,100
PFG_MOEA,192,6,138.05,1111.26,0 28 10 89 47 69 38 44 59 26 96 11 83 57 95 41 12 27 13 0,
PFG_MOEA,193,1,141.39,1069.23,0 8 42 28 10 89 47 69 38 44 59 26 96 0,
PFG_MOEA,193,2,141.39,1069.23,0 13 12 41 11 14 98 85 15 73 95 57 0,57
PFG_MOEA,193,3,141.39,1069.23,0 4 80 53 100 81 7 46 27 83 88 63 74 78 64 30 71 35 40 16 20 0,100
PFG_MOEA,193,4,141.39,1069.23,0 31 17 18 19 91 33 37 68 56 39 72 70 54 36 3 58 77 50 0,
PFG_MOEA,193,5,141.39,1069.23,0 2 99 34 1 21 84 23 22 25 43 92 48 62 67 86 82 94 49 66 0,94
PFG_MOEA,193,6,141.39,1069.23,0 24 45 51 32 79 5 29 90 65 6 87 52 60 61 97 93 75 55 9 76 0,
PFG_MOEA,194,1,167.7,934.83,0 96 83 11 14 42 76 9 55 75 81 46 28 69 47 38 44 59 26 10 89 0,26 38 89
PFG_MOEA,194,2,167.7,934.83,0 13 27 12 41 95 57 73 15 98 85 88 63 74 78 64 30 71 35 40 16 18 19 31 20 0,
PFG_MOEA,194,3,167.7,934.83,0 17 91 33 37 68 56 39 84 23 0,
PFG_MOEA,194,4,167.7,934.83,0 4 80 53 66 94 49 51 79 32 3 36 54 70 72 67 86 82 22 21 1 34 48 62 58 77 0,86 94
PFG_MOEA,194,5,167.7,934.83,0 2 99 25 43 92 50 45 24 5 29 90 65 6 87 52 60 61 97 93 100 0,43 45
PFG_MOEA,194,6,167.7,934.83,0 8 7 0,
PFG_MOEA,195,1,173.13,915.94,0 8 28 10 89 47 69 38 44 59 26 96 83 11 98 14 73 41 12 13 95 57 0,38
PFG_MOEA,195,2,173.13,915.94,0 15 85 88 63 74 78 64 30 71 35 40 16 18 19 31 17 20 91 33 37 68 56 39 84 23 22 21 1 34 0,17 40 64 88
PFG_MOEA,195,3,173.13,915.94,0 4 80 53 51 79 0,
PFG_MOEA,195,4,173.13,915.94,0 66 49 32 94 82 86 67 72 70 54 36 3 58 77 48 62 92 43 0,
PFG_MOEA,195,5,173.13,915.94,0 25 99 2 0,
PFG_MOEA,195,6,173.13,915.94,0 50 45 24 5 29 90 65 6 87 52 60 61 97 93 100 75 55 9 76 42 81 7 46 27 0,5 50 81
PFG_MOEA,196,1,152.21,947.44,0 27 12 41 95 57 83 11 96 26 59 44 38 69 47 89 10 0,11
PFG_MOEA,196,2,152.21,947.44,0 28 13 73 14 98 15 85 88 63 74 78 64 30 71 35 40 16 18 19 31 17 20 91 0,17 35 64 88
PFG_MOEA,196,3,152.21,947.44,0 22 23 84 39 56 68 37 33 21 1 34 80 53 51 79 0,
PFG_MOEA,196,4,152.21,947.44,0 92 50 25 99 2 66 49 32 5 24 45 4 0,2 5
PFG_MOEA,196,5,152.21,947.44,0 46 81 75 55 9 76 42 7 8 100 93 97 61 60 52 87 6 65 90 29 94 0,
PFG_MOEA,196,6,152.21,947.44,0 77 58 3 36 54 70 72 67 86 82 62 48 43 0,
PFG_MOEA,197,1,138.05,1111.26,0 73 78 74 63 88 85 15 98 14 0,
PFG_MOEA,197,2,138.05,1111.26,0 20 91 19 17 31 35 71 30 64 40 16 18 68 56 39 84 23 22 0,17 35 64
PFG_MOEA,197,3,138.05,1111.26,0 50 92 37 33 21 1 34 99 2 25 66 49 32 79 51 53 80 0,
PFG_MOEA,197,4,138.05,1111.26,0 6 65 90 29 5 24 45 94 82 86 67 72 70 54 36 3 58 77 62 0,5
PFG_MOEA,197,5,138.05,1111.26,0 43 48 46 81 75 55 9 76 42 7 8 100 93 97 61 60 52 87 4 0,100
PFG_MOEA,197,6,138.05,1111.26,0 28 10 89 47 69 38 44 59 26 96 11 83 57 95 41 12 27 13 0,
PFG_MOEA,198,1,141.39,1069.23,0 8 42 28 10 89 47 69 38 44 59 26 96 0,
PFG_MOEA,198,2,141.39,1069.23,0 13 12 41 11 14 98 85 15 73 95 57 0,57
PFG_MOEA,198,3,141.39,1069.23,0 4 80 53 100 81 7 46 27 83 88 63 74 78 64 30 71 35 40 16 20 0,100
PFG_MOEA,198,4,141.39,1069.23,0 31 17 18 19 91 33 37 68 56 39 72 70 54 36 3 58 77 50 0,
PFG_MOEA,198,5,141.39,1069.23,0 2 99 34 1 21 84 23 22 25 43 92 48 62 67 86 82 94 49 66 0,94
PFG_MOEA,198,6,141.39,1069.23,0 24 45 51 32 79 5 29 90 65 6 87 52 60 61 97 93 75 55 9 76 0,
PFG_MOEA,199,1,167.7,934.83,0 96 83 11 14 42 76 9 55 75 81 46 28 69 47 38 44 59 26 10 89 0,26 38 89
PFG_MOEA,199,2,167.7,934.83,0 13 27 12 41 95 57 73 15 98 85 88 63 74 78 64 30 71 35 40 16 18 19 31 20 0,
PFG_MOEA,199,3,167.7,934.83,0 17 91 33 37 68 56 39 84 23 0,
PFG_MOEA,199,4,167.7,934.83,0 4 80 53 66 94 49 51 79 32 3 36 54 70 72 67 86 82 22 21 1 34 48 62 58 77 0,86 94
PFG_MOEA,199,5,167.7,934.83,0 2 99 25 43 92 50 45 24 5 29 90 65 6 87 52 60 61 97 93 100 0,43 45
PFG_MOEA,199,6,167.7,934.83,0 8 7 0,
PFG_MOEA,200,1,173.13,915.94,0 8 28 10 89 47 69 38 44 59 26 96 83 11 98 14 73 41 12 13 95 57 0,38
PFG_MOEA,200,2,173.13,915.94,0 15 85 88 63 74 78 64 30 71 35 40 16 18 19 31 17 20 91 33 37 68 56 39 84 23 22 21 1 34 0,17 40 64 88
PFG_MOEA,200,3,173.13,915.94,0 4 80 53 51 79 0,
PFG_MOEA,200,4,173.13,915.94,0 66 49 32 94 82 86 67 72 70 54 36 3 58 77 48 62 92 43 0,
PFG_MOEA,200,5,173.13,915.94,0 25 99 2 0,
PFG_MOEA,200,6,173.13,915.94,0 50 45 24 5 29 90 65 6 87 52 60 61 97 93 100 75 55 9 76 42 81 7 46 27 0,5 50 81
PFG_MOEA,201,1,152.21,947.44,0 27 12 41 95 57 83 11 96 26 59 44 38 69 47 89 10 0,11
PFG_MOEA,201,2,152.21,947.44,0 28 13 73 14 98 15 85 88 63 74 78 64 30 71 35 40 16 18 19 31 17 20 91 0,17 35 64 88
PFG_MOEA,201,3,152.21,947.44,0 22 23 84 39 56 68 37 33 21 1 34 80 53 51 79 0,
PFG_MOEA,201,4,152.21,947.44,0 92 50 25 99 2 66 49 32 5 24 45 4 0,2 5
PFG_MOEA,201,5,152.21,947.44,0 46 81 75 55 9 76 42 7 8 100 93 97 61 60 52 87 6 65 90 29 94 0,
PFG_MOEA,201,6,152.21,947.44,0 77 58 3 36 54 70 72 67 86 82 62 48 43 0,
PFG_MOEA,202,1,138.05,1111.26,0 73 78 74 63 88 85 15 98 14 0,
PFG_MOEA,202,2,138.05,1111.26,0 20 91 19 17 31 35 71 30 64 40 16 18 68 56 39 84 23 22 0,17 35 64
PFG_MOEA,202,3,138.05,1111.26,0 50 92 37 33 21 1 34 99 2 25 66 49 32 79 51 53 80 0,
PFG_MOEA,202,4,138.05,1111.26,0 6 65 90 29 5 24 45 94 82 86 67 72 70 54 36 3 58 77 62 0,5
PFG_MOEA,202,5,138.05,1111.26,0 43 48 46 81 75 55 9 76 42 7 8 100 93 97 61 60 52 87 4 0,100
PFG_MOEA,202,6,138.05,1111.26,0 28 10 89 47 69 38 44 59 26 96 11 83 57 95 41 12 27 13 0,
PFG_MOEA,203,1,141.39,1069.23,0 8 42 28 10 89 47 69 38 44 59 26 96 0,
PFG_MOEA,203,2,141.39,1069.23,0 13 12 41 11 14 98 85 15 73 95 57 0,57
PFG_MOEA,203,3,141.39,1069.23,0 4 80 53 100 81 7 46 27 83 88 63 74 78 64 30 71 35 40 16 20 0,100
PFG_MOEA,203,4,141.39,1069.23,0 31 17 18 19 91 33 37 68 56 39 72 70 54 36 3 58 77 50 0,
PFG_MOEA,203,5,141.39,1069.23,0 2 99 34 1 21 84 23 22 25 43 92 48 62 67 86 82 94 49 66 0,94
PFG_MOEA,203,6,141.39,1069.23,0 24 45 51 32 79 5 29 90 65 6 87 52 60 61 97 93 75 55 9 76 0,
PFG_MOEA,204,1,167.7,934.83,0 96 83 11 14 42 76 9 55 75 81 46 28 69 47 38 44 59 26 10 89 0,26 38 89
PFG_MOEA,204,2,167.7,934.83,0 13 27 12 41 95 57 73 15 98 85 88 63 74 78 64 30 71 35 40 16 18 19 31 20 0,
PFG_MOEA,204,3,167.7,934.83,0 17 91 33 37 68 56 39 84 23 0,
PFG_MOEA,204,4,167.7,934.83,0 4 80 53 66 94 49 51 79 32 3 36 54 70 72 67 86 82 22 21 1 34 48 62 58 77 0,86 94
PFG_MOEA,204,5,167.7,934.83,0 2 99 25 43 92 50 45 24 5 29 90 65 6 87 52 60 61 97 93 100 0,43 45
PFG_MOEA,204,6,167.7,934.83,0 8 7 0,
PFG_MOEA,205,1,173.13,915.94,0 8 28 10 89 47 69 38 44 59 26 96 83 11 98 14 73 41 12 13 95 57 0,38
PFG_MOEA,205,2,173.13,915.94,0 15 85 88 63 74 78 64 30 71 35 40 16 18 19 31 17 20 91 33 37 68 56 39 84 23 22 21 1 34 0,17 40 64 88
PFG_MOEA,205,3,173.13,915.94,0 4 80 53 51 79 0,
PFG_MOEA,205,4,173.13,915.94,0 66 49 32 94 82 86 67 72 70 54 36 3 58 77 48 62 92 43 0,
PFG_MOEA,205,5,173.13,915.94,0 25 99 2 0,
PFG_MOEA,205,6,173.13,915.94,0 50 45 24 5 29 90 65 6 87 52 60 61 97 93 100 75 55 9 76 42 81 7 46 27 0,5 50 81
PFG_MOEA,206,1,152.21,947.44,0 27 12 41 95 57 83 11 96 26 59 44 38 69 47 89 10 0,11
PFG_MOEA,206,2,152.21,947.44,0 28 13 73 14 98 15 85 88 63 74 78 64 30 71 35 40 16 18 19 31 17 20 91 0,17 35 64 88
PFG_MOEA,206,3,152.21,947.44,0 22 23 84 39 56 68 37 33 21 1 34 80 53 51 79 0,
PFG_MOEA,206,4,152.21,947.44,0 92 50 25 99 2 66 49 32 5 24 45 4 0,2 5
PFG_MOEA,206,5,152.21,947.44,0 46 81 75 55 9 76 42 7 8 100 93 97 61 60 52 87 6 65 90 29 94 0,
PFG_MOEA,206,6,152.21,947.44,0 77 58 3 36 54 70 72 67 86 82 62 48 43 0,
PFG_MOEA,207,1,138.05,1111.26,0 73 78 74 63 88 85 15 98 14 0,
PFG_MOEA,207,2,138.05,1111.26,0 20 91 19 17 31 35 71 30 64 40 16 18 68 56 39 84 23 22 0,17 35 64
PFG_MOEA,207,3,138.05,1111.26,0 50 92 37 33 21 1 34 99 2 25 66 49 32 79 51 53 80 0,
PFG_MOEA,207,4,138.05,1111.26,0 6 65 90 29 5 24 45 94 82 86 67 72 70 54 36 3 58 77 62 0,5
PFG_MOEA,207,5,138.05,1111.26,0 43 48 46 81 75 55 9 76 42 7 8 100 93 97 61 60 52 87 4 0,100
PFG_MOEA,207,6,138.05,1111.26,0 28 10 89 47 69 38 44 59 26 96 11 83 57 95 41 12 27 13 0,
PFG_MOEA,208,1,141.39,1069.23,0 8 42 28 10 89 47 69 38 44 59 26 96 0,
PFG_MOEA,208,2,141.39,1069.23,0 13 12 41 11 14 98 85 15 73 95 57 0,57
PFG_MOEA,208,3,141.39,1069.23,0 4 80 53 100 81 7 46 27 83 88 63 74 78 64 30 71 35 40 16 20 0,100
PFG_MOEA,208,4,141.39,1069.23,0 31 17 18 19 91 33 37 68 56 39 72 70 54 36 3 58 77 50 0,
PFG_MOEA,208,5,141.39,1069.23,0 2 99 34 1 21 84 23 22 25 43 92 48 62 67 86 82 94 49 66 0,94
PFG_MOEA,208,6,141.39,1069.23,0 24 45 51 32 79 5 29 90 65 6 87 52 60 61 97 93 75 55 9 76 0,
PFG_MOEA,209,1,167.7,934.83,0 96 83 11 14 42 76 9 55 75 81 46 28 69 47 38 44 59 26 10 89 0,26 38 89
PFG_MOEA,209,2,167.7,934.83,0 13 27 12 41 95 57 73 15 98 85 88 63 74 78 64 30 71 35 40 16 18 19 31 20 0,
PFG_MOEA,209,3,167.7,934.83,0 17 91 33 37 68 56 39 84 23 0,
PFG_MOEA,209,4,167.7,934.83,0 4 80 53 66 94 49 51 79 32 3 36 54 70 72 67 86 82 22 21 1 34 48 62 58 77 0,86 94
PFG_MOEA,209,5,167.7,934.83,0 2 99 25 43 92 50 45 24 5 29 90 65 6 87 52 60 61 97 93 100 0,43 45
PFG_MOEA,209,6,167.7,934.83,0 8 7 0,
PFG_MOEA,210,1,173.13,915.94,0 8 28 10 89 47 69 38 44 59 26 96 83 11 98 14 73 41 12 13 95 57 0,38
PFG_MOEA,210,2,173.13,915.94,0 15 85 88 63 74 78 64 30 71 35 40 16 18 19 31 17 20 91 33 37 68 56 39 84 23 22 21 1 34 0,17 40 64 88
PFG_MOEA,210,3,173.13,915.94,0 4 80 53 51 79 0,
PFG_MOEA,210,4,173.13,915.94,0 66 49 32 94 82 86 67 72 70 54 36 3 58 77 48 62 92 43 0,
PFG_MOEA,210,5,173.13,915.94,0 25 99 2 0,
PFG_MOEA,210,6,173.13,915.94,0 50 45 24 5 29 90 65 6 87 52 60 61 97 93 100 75 55 9 76 42 81 7 46 27 0,5 50 81
PFG_MOEA,211,1,152.21,947.44,0 27 12 41 95 57 83 11 96 26 59 44 38 69 47 89 10 0,11
PFG_MOEA,211,2,152.21,947.44,0 28 13 73 14 98 15 85 88 63 74 78 64 30 71 35 40 16 18 19 31 17 20 91 0,17 35 64 88
PFG_MOEA,211,3,152.21,947.44,0 22 23 84 39 56 68 37 33 21 1 34 80 53 51 79 0,
PFG_MOEA,211,4,152.21,947.44,0 92 50 25 99 2 66 49 32 5 24 45 4 0,2 5
PFG_MOEA,211,5,152.21,947.44,0 46 81 75 55 9 76 42 7 8 100 93 97 61 60 52 87 6 65 90 29 94 0,
PFG_MOEA,211,6,152.21,947.44,0 77 58 3 36 54 70 72 67 86 82 62 48 43 0,
PFG_MOEA,212,1,138.05,1111.26,0 73 78 74 63 88 85 15 98 14 0,
PFG_MOEA,212,2,138.05,1111.26,0 20 91 19 17 31 35 71 30 64 40 16 18 68 56 39 84 23 22 0,17 35 64
PFG_MOEA,212,3,138.05,1111.26,0 50 92 37 33 21 1 34 99 2 25 66 49 32 79 51 53 80 0,
PFG_MOEA,212,4,138.05,1111.26,0 6 65 90 29 5 24 45 94 82 86 67 72 70 54 36 3 58 77 62 0,5
PFG_MOEA,212,5,138.05,1111.26,0 43 48 46 81 75 55 9 76 42 7 8 100 93 97 61 60 52 87 4 0,100
PFG_MOEA,212,6,138.05,1111.26,0 28 10 89 47 69 38 44 59 26 96 11 83 57 95 41 12 27 13 0,
PFG_MOEA,213,1,141.39,1069.23,0 8 42 28 10 89 47 69 38 44 59 26 96 0,
PFG_MOEA,213,2,141.39,1069.23,0 13 12 41 11 14 98 85 15 73 95 57 0,57
PFG_MOEA,213,3,141.39,1069.23,0 4 80 53 100 81 7 46 27 83 88 63 74 78 64 30 71 35 40 16 20 0,100
PFG_MOEA,213,4,141.39,1069.23,0 31 17 18 19 91 33 37 68 56 39 72 70 54 36 3 58 77 50 0,
PFG_MOEA,213,5,141.39,1069.23,0 2 99 34 1 21 84 23 22 25 43 92 48 62 67 86 82 94 49 66 0,94
PFG_MOEA,213,6,141.39,1069.23,0 24 45 51 32 79 5 29 90 65 6 87 52 60 61 97 93 75 55 9 76 0,
PFG_MOEA,214,1,167.7,934.83,0 96 83 11 14 42 76 9 55 75 81 46 28 69 47 38 44 59 26 10 89 0,26 38 89
PFG_MOEA,214,2,167.7,934.83,0 13 27 12 41 95 57 73 15 98 85 88 63 74 78 64 30 71 35 40 16 18 19 31 20 0,
PFG_MOEA,214,3,167.7,934.83,0 17 91 33 37 68 56 39 84 23 0,
PFG_MOEA,214,4,167.7,934.83,0 4 80 53 66 94 49 51 79 32 3 36 54 70 72 67 86 82 22 21 1 34 48 62 58 77 0,86 94
PFG_MOEA,214,5,167.7,934.83,0 2 99 25 43 92 50 45 24 5 29 90 65 6 87 52 60 61 97 93 100 0,43 45
PFG_MOEA,214,6,167.7,934.83,0 8 7 0,
PFG_MOEA,215,1,173.13,915.94,0 8 28 10 89 47 69 38 44 59 26 96 83 11 98 14 73 41 12 13 95 57 0,38
PFG_MOEA,215,2,173.13,915.94,0 15 85 88 63 74 78 64 30 71 35 40 16 18 19 31 17 20 91 33 37 68 56 39 84 23 22 21 1 34 0,17 40 64 88
PFG_MOEA,215,3,173.13,915.94,0 4 80 53 51 79 0,
PFG_MOEA,215,4,173.13,915.94,0 66 49 32 94 82 86 67 72 70 54 36 3 58 77 48 62 92 43 0,
PFG_MOEA,215,5,173.13,915.94,0 25 99 2 0,
PFG_MOEA,215,6,173.13,915.94,0 50 45 24 5 29 90 65 6 87 52 60 61 97 93 100 75 55 9 76 42 81 7 46 27 0,5 50 81
PFG_MOEA,216,1,152.21,947.44,0 27 12 41 95 57 83 11 96 26 59 44 38 69 47 89 10 0,11
PFG_MOEA,216,2,152.21,947.44,0 28 13 73 14 98 15 85 88 63 74 78 64 30 71 35 40 16 18 19 31 17 20 91 0,17 35 64 88
PFG_MOEA,216,3,152.21,947.44,0 22 23 84 39 56 68 37 33 21 1 34 80 53 51 79 0,
PFG_MOEA,216,4,152.21,947.44,0 92 50 25 99 2 66 49 32 5 24 45 4 0,2 5
PFG_MOEA,216,5,152.21,947.44,0 46 81 75 55 9 76 42 7 8 100 93 97 61 60 52 87 6 65 90 29 94 0,
PFG_MOEA,216,6,152.21,947.44,0 77 58 3 36 54 70 72 67 86 82 62 48 43 0,
PFG_MOEA,217,1,138.05,1111.26,0 73 78 74 63 88 85 15 98 14 0,
PFG_MOEA,217,2,138.05,1111.26,0 20 91 19 17 31 35 71 30 64 40 16 18 68 56 39 84 23 22 0,17 35 64
PFG_MOEA,217,3,138.05,1111.26,0 50 92 37 33 21 1 34 99 2 25 66 49 32 79 51 53 80 0,
PFG_MOEA,217,4,138.05,1111.26,0 6 65 90 29 5 24 45 94 82 86 67 72 70 54 36 3 58 77 62 0,5
PFG_MOEA,217,5,138.05,1111.26,0 43 48 46 81 75 55 9 76 42 7 8 100 93 97 61 60 52 87 4 0,100
PFG_MOEA,217,6,138.05,1111.26,0 28 10 89 47 69 38 44 59 26 96 11 83 57 95 41 12 27 13 0,
PFG_MOEA,218,1,141.39,1069.23,0 8 42 28 10 89 47 69 38 44 59 26 96 0,
PFG_MOEA,218,2,141.39,1069.23,0 13 12 41 11 14 98 85 15 73 95 57 0,57
PFG_MOEA,218,3,141.39,1069.23,0 4 80 53 100 81 7 46 27 83 88 63 74 78 64 30 71 35 40 16 20 0,100
PFG_MOEA,218,4,141.39,1069.23,0 31 17 18 19 91 33 37 68 56 39 72 70 54 36 3 58 77 50 0,
PFG_MOEA,218,5,141.39,1069.23,0 2 99 34 1 21 84 23 22 25 43 92 48 62 67 86 82 94 49 66 0,94
PFG_MOEA,218,6,141.39,1069.23,0 24 45 51 32 79 5 29 90 65 6 87 52 60 61 97 93 75 55 9 76 0,
PFG_MOEA,219,1,167.7,934.83,0 96 83 11 14 42 76 9 55 75 81 46 28 69 47 38 44 59 26 10 89 0,26 38 89
PFG_MOEA,219,2,167.7,934.83,0 13 27 12 41 95 57 73 15 98 85 88 63 74 78 64 30 71 35 40 16 18 19 31 20 0,
PFG_MOEA,219,3,167.7,934.83,0 17 91 33 37 68 56 39 84 23 0,
PFG_MOEA,219,4,167.7,934.83,0 4 80 53 66 94 49 51 79 32 3 36 54 70 72 67 86 82 22 21 1 34 48 62 58 77 0,86 94
PFG_MOEA,219,5,167.7,934.83,0 2 99 25 43 92 50 45 24 5 29 90 65 6 87 52 60 61 97 93 100 0,43 45
PFG_MOEA,219,6,167.7,934.83,0 8 7 0,
PFG_MOEA,220,1,173.13,915.94,0 8 28 10 89 47 69 38 44 59 26 96 83 11 98 14 73 41 12 13 95 57 0,38
PFG_MOEA,220,2,173.13,915.94,0 15 85 88 63 74 78 64 30 71 35 40 16 18 19 31 17 20 91 33 37 68 56 39 84 23 22 21 1 34 0,17 40 64 88
PFG_MOEA,220,3,173.13,915.94,0 4 80 53 51 79 0,
PFG_MOEA,220,4,173.13,915.94,0 66 49 32 94 82 86 67 72 70 54 36 3 58 77 48 62 92 43 0,
PFG_MOEA,220,5,173.13,915.94,0 25 99 2 0,
PFG_MOEA,220,6,173.13,915.94,0 50 45 24 5 29 90 65 6 87 52 60 61 97 93 100 75 55 9 76 42 81 7 46 27 0,5 50 81
PFG_MOEA,221,1,152.21,947.44,0 27 12 41 95 57 83 11 96 26 59 44 38 69 47 89 10 0,11
PFG_MOEA,221,2,152.21,947.44,0 28 13 73 14 98 15 85 88 63 74 78 64 30 71 35 40 16 18 19 31 17 20 91 0,17 35 64 88
PFG_MOEA,221,3,152.21,947.44,0 22 23 84 39 56 68 37 33 21 1 34 80 53 51 79 0,
PFG_MOEA,221,4,152.21,947.44,0 92 50 25 99 2 66 49 32 5 24 45 4 0,2 5
PFG_MOEA,221,5,152.21,947.44,0 46 81 75 55 9 76 42 7 8 100 93 97 61 60 52 87 6 65 90 29 94 0,
PFG_MOEA,221,6,152.21,947.44,0 77 58 3 36 54 70 72 67 86 82 62 48 43 0,
PFG_MOEA,222,1,138.05,1111.26,0 73 78 74 63 88 85 15 98 14 0,
PFG_MOEA,222,2,138.05,1111.26,0 20 91 19 17 31 35 71 30 64 40 16 18 68 56 39 84 23 22 0,17 35 64
PFG_MOEA,222,3,138.05,1111.26,0 50 92 37 33 21 1 34 99 2 25 66 49 32 79 51 53 80 0,
PFG_MOEA,222,4,138.05,1111.26,0 6 65 90 29 5 24 45 94 82 86 67 72 70 54 36 3 58 77 62 0,5
PFG_MOEA,222,5,138.05,1111.26,0 43 48 46 81 75 55 9 76 42 7 8 100 93 97 61 60 52 87 4 0,100
PFG_MOEA,222,6,138.05,1111.26,0 28 10 89 47 69 38 44 59 26 96 11 83 57 95 41 12 27 13 0,
PFG_MOEA,223,1,141.39,1069.23,0 8 42 28 10 89 47 69 38 44 59 26 96 0,
PFG_MOEA,223,2,141.39,1069.23,0 13 12 41 11 14 98 85 15 73 95 57 0,57
PFG_MOEA,223,3,141.39,1069.23,0 4 80 53 100 81 7 46 27 83 88 63 74 78 64 30 71 35 40 16 20 0,100
PFG_MOEA,223,4,141.39,1069.23,0 31 17 18 19 91 33 37 68 56 39 72 70 54 36 3 58 77 50 0,
PFG_MOEA,223,5,141.39,1069.23,0 2 99 34 1 21 84 23 22 25 43 92 48 62 67 86 82 94 49 66 0,94
PFG_MOEA,223,6,141.39,1069.23,0 24 45 51 32 79 5 29 90 65 6 87 52 60 61 97 93 75 55 9 76 0,
PFG_MOEA,224,1,167.7,934.83,0 96 83 11 14 42 76 9 55 75 81 46 28 69 47 38 44 59 26 10 89 0,26 38 89
PFG_MOEA,224,2,167.7,934.83,0 13 27 12 41 95 57 73 15 98 85 88 63 74 78 64 30 71 35 40 16 18 19 31 20 0,
PFG_MOEA,224,3,167.7,934.83,0 17 91 33 37 68 56 39 84 23 0,
PFG_MOEA,224,4,167.7,934.83,0 4 80 53 66 94 49 51 79 32 3 36 54 70 72 67 86 82 22 21 1 34 48 62 58 77 0,86 94
PFG_MOEA,224,5,167.7,934.83,0 2 99 25 43 92 50 45 24 5 29 90 65 6 87 52 60 61 97 93 100 0,43 45
PFG_MOEA,224,6,167.7,934.83,0 8 7 0,
PFG_MOEA,225,1,173.13,915.94,0 8 28 10 89 47 69 38 44 59 26 96 83 11 98 14 73 41 12 13 95 57 0,38
PFG_MOEA,225,2,173.13,915.94,0 15 85 88 63 74 78 64 30 71 35 40 16 18 19 31 17 20 91 33 37 68 56 39 84 23 22 21 1 34 0,17 40 64 88
PFG_MOEA,225,3,173.13,915.94,0 4 80 53 51 79 0,
PFG_MOEA,225,4,173.13,915.94,0 66 49 32 94 82 86 67 72 70 54 36 3 58 77 48 62 92 43 0,
PFG_MOEA,225,5,173.13,915.94,0 25 99 2 0,
PFG_MOEA,225,6,173.13,915.94,0 50 45 24 5 29 90 65 6 87 52 60 61 97 93 100 75 55 9 76 42 81 7 46 27 0,5 50 81
PFG_MOEA,226,1,152.21,947.44,0 27 12 41 95 57 83 11 96 26 59 44 38 69 47 89 10 0,11
PFG_MOEA,226,2,152.21,947.44,0 28 13 73 14 98 15 85 88 63 74 78 64 30 71 35 40 16 18 19 31 17 20 91 0,17 35 64 88
PFG_MOEA,226,3,152.21,947.44,0 22 23 84 39 56 68 37 33 21 1 34 80 53 51 79 0,
PFG_MOEA,226,4,152.21,947.44,0 92 50 25 99 2 66 49 32 5 24 45 4 0,2 5
PFG_MOEA,226,5,152.21,947.44,0 46 81 75 55 9 76 42 7 8 100 93 97 61 60 52 87 6 65 90 29 94 0,
PFG_MOEA,226,6,152.21,947.44,0 77 58 3 36 54 70 72 67 86 82 62 48 43 0,
PFG_MOEA,227,1,138.05,1111.26,0 73 78 74 63 88 85 15 98 14 0,
PFG_MOEA,227,2,138.05,1111.26,0 20 91 19 17 31 35 71 30 64 40 16 18 68 56 39 84 23 22 0,17 35 64
PFG_MOEA,227,3,138.05,1111.26,0 50 92 37 33 21 1 34 99 2 25 66 49 32 79 51 53 80 0,
PFG_MOEA,227,4,138.05,1111.26,0 6 65 90 29 5 24 45 94 82 86 67 72 70 54 36 3 58 77 62 0,5
PFG_MOEA,227,5,138.05,1111.26,0 43 48 46 81 75 55 9 76 42 7 8 100 93 97 61 60 52 87 4 0,100
PFG_MOEA,227,6,138.05,1111.26,0 28 10 89 47 69 38 44 59 26 96 11 83 57 95 41 12 27 13 0,
PFG_MOEA,228,1,141.39,1069.23,0 8 42 28 10 89 47 69 38 44 59 26 96 0,
PFG_MOEA,228,2,141.39,1069.23,0 13 12 41 11 14 98 85 15 73 95 57 0,57
PFG_MOEA,228,3,141.39,1069.23,0 4 80 53 100 81 7 46 27 83 88 63 74 78 64 30 71 35 40 16 20 0,100
PFG_MOEA,228,4,141.39,1069.23,0 31 17 18 19 91 33 37 68 56 39 72 70 54 36 3 58 77 50 0,
PFG_MOEA,228,5,141.39,1069.23,0 2 99 34 1 21 84 23 22 25 43 92 48 62 67 86 82 94 49 66 0,94
PFG_MOEA,228,6,141.39,1069.23,0 24 45 51 32 79 5 29 90 65 6 87 52 60 61 97 93 75 55 9 76 0,
PFG_MOEA,229,1,167.7,934.83,0 96 83 11 14 42 76 9 55 75 81 46 28 69 47 38 44 59 26 10 89 0,26 38 89
PFG_MOEA,229,2,167.7,934.83,0 13 27 12 41 95 57 73 15 98 85 88 63 74 78 64 30 71 35 40 16 18 19 31 20 0,
PFG_MOEA,229,3,167.7,934.83,0 17 91 33 37 68 56 39 84 23 0,
PFG_MOEA,229,4,167.7,934.83,0 4 80 53 66 94 49 51 79 32 3 36 54 70 72 67 86 82 22 21 1 34 48 62 58 77 0,86 94
PFG_MOEA,229,5,167.7,934.83,0 2 99 25 43 92 50 45 24 5 29 90 65 6 87 52 60 61 97 93 100 0,43 45
PFG_MOEA,229,6,167.7,934.83,0 8 7 0,
PFG_MOEA,230,1,173.13,915.94,0 8 28 10 89 47 69 38 44 59 26 96 83 11 98 14 73 41 12 13 95 57 0,38
PFG_MOEA,230,2,173.13,915.94,0 15 85 88 63 74 78 64 30 71 35 40 16 18 19 31 17 20 91 33 37 68 56 39 84 23 22 21 1 34 0,17 40 64 88
PFG_MOEA,230,3,173.13,915.94,0 4 80 53 51 79 0,
PFG_MOEA,230,4,173.13,915.94,0 66 49 32 94 82 86 67 72 70 54 36 3 58 77 48 62 92 43 0,
PFG_MOEA,230,5,173.13,915.94,0 25 99 2 0,
PFG_MOEA,230,6,173.13,915.94,0 50 45 24 5 29 90 65 6 87 52 60 61 97 93 100 75 55 9 76 42 81 7 46 27 0,5 50 81
PFG_MOEA,231,1,152.21,947.44,0 27 12 41 95 57 83 11 96 26 59 44 38 69 47 89 10 0,11
PFG_MOEA,231,2,152.21,947.44,0 28 13 73 14 98 15 85 88 63 74 78 64 30 71 35 40 16 18 19 31 17 20 91 0,17 35 64 88
PFG_MOEA,231,3,152.21,947.44,0 22 23 84 39 56 68 37 33 21 1 34 80 53 51 79 0,
PFG_MOEA,231,4,152.21,947.44,0 92 50 25 99 2 66 49 32 5 24 45 4 0,2 5
PFG_MOEA,231,5,152.21,947.44,0 46 81 75 55 9 76 42 7 8 100 93 97 61 60 52 87 6 65 90 29 94 0,
PFG_MOEA,231,6,152.21,947.44,0 77 58 3 36 54 70 72 67 86 82 62 48 43 0,
PFG_MOEA,232,1,138.05,1111.26,0 73 78 74 63 88 85 15 98 14 0,
PFG_MOEA,232,2,138.05,1111.26,0 20 91 19 17 31 35 71 30 64 40 16 18 68 56 39 84 23 22 0,17 35 64
PFG_MOEA,232,3,138.05,1111.26,0 50 92 37 33 21 1 34 99 2 25 66 49 32 79 51 53 80 0,
PFG_MOEA,232,4,138.05,1111.26,0 6 65 90 29 5 24 45 94 82 86 67 72 70 54 36 3 58 77 62 0,5
PFG_MOEA,232,5,138.05,1111.26,0 43 48 46 81 75 55 9 76 42 7 8 100 93 97 61 60 52 87 4 0,100
PFG_MOEA,232,6,138.05,1111.26,0 28 10 89 47 69 38 44 59 26 96 11 83 57 95 41 12 27 13 0,
PFG_MOEA,233,1,141.39,1069.23,0 8 42 28 10 89 47 69 38 44 59 26 96 0,
PFG_MOEA,233,2,141.39,1069.23,0 13 12 41 11 14 98 85 15 73 95 57 0,57
PFG_MOEA,233,3,141.39,1069.23,0 4 80 53 100 81 7 46 27 83 88 63 74 78 64 30 71 35 40 16 20 0,100
PFG_MOEA,233,4,141.39,1069.23,0 31 17 18 19 91 33 37 68 56 39 72 70 54 36 3 58 77 50 0,
PFG_MOEA,233,5,141.39,1069.23,0 2 99 34 1 21 84 23 22 25 43 92 48 62 67 86 82 94 49 66 0,94
PFG_MOEA,233,6,141.39,1069.23,0 24 45 51 32 79 5 29 90 65 6 87 52 60 61 97 93 75 55 9 76 0,
PFG_MOEA,234,1,167.7,934.83,0 96 83 11 14 42 76 9 55 75 81 46 28 69 47 38 44 59 26 10 89 0,26 38 89
PFG_MOEA,234,2,167.7,934.83,0 13 27 12 41 95 57 73 15 98 85 88 63 74 78 64 30 71 35 40 16 18 19 31 20 0,
PFG_MOEA,234,3,167.7,934.83,0 17 91 33 37 68 56 39 84 23 0,
PFG_MOEA,234,4,167.7,934.83,0 4 80 53 66 94 49 51 79 32 3 36 54 70 72 67 86 82 22 21 1 34 48 62 58 77 0,86 94
PFG_MOEA,234,5,167.7,934.83,0 2 99 25 43 92 50 45 24 5 29 90 65 6 87 52 60 61 97 93 100 0,43 45
PFG_MOEA,234,6,167.7,934.83,0 8 7 0,
PFG_MOEA,235,1,173.13,915.94,0 8 28 10 89 47 69 38 44 59 26 96 83 11 98 14 73 41 12 13 95 57 0,38
PFG_MOEA,235,2,173.13,915.94,0 15 85 88 63 74 78 64 30 71 35 40 16 18 19 31 17 20 91 33 37 68 56 39 84 23 22 21 1 34 0,17 40 64 88
PFG_MOEA,235,3,173.13,915.94,0 4 80 53 51 79 0,
PFG_MOEA,235,4,173.13,915.94,0 66 49 32 94 82 86 67 72 70 54 36 3 58 77 48 62 92 43 0,
PFG_MOEA,235,5,173.13,915.94,0 25 99 2 0,
PFG_MOEA,235,6,173.13,915.94,0 50 45 24 5 29 90 65 6 87 52 60 61 97 93 100 75 55 9 76 42 81 7 46 27 0,5 50 81
PFG_MOEA,236,1,152.21,947.44,0 27 12 41 95 57 83 11 96 26 59 44 38 69 47 89 10 0,11
PFG_MOEA,236,2,152.21,947.44,0 28 13 73 14 98 15 85 88 63 74 78 64 30 71 35 40 16 18 19 31 17 20 91 0,17 35 64 88
PFG_MOEA,236,3,152.21,947.44,0 22 23 84 39 56 68 37 33 21 1 34 80 53 51 79 0,
PFG_MOEA,236,4,152.21,947.44,0 92 50 25 99 2 66 49 32 5 24 45 4 0,2 5
PFG_MOEA,236,5,152.21,947.44,0 46 81 75 55 9 76 42 7 8 100 93 97 61 60 52 87 6 65 90 29 94 0,
PFG_MOEA,236,6,152.21,947.44,0 77 58 3 36 54 70 72 67 86 82 62 48 43 0,
PFG_MOEA,237,1,138.05,1111.26,0 73 78 74 63 88 85 15 98 14 0,
PFG_MOEA,237,2,138.05,1111.26,0 20 91 19 17 31 35 71 30 64 40 16 18 68 56 39 84 23 22 0,17 35 64
PFG_MOEA,237,3,138.05,1111.26,0 50 92 37 33 21 1 34 99 2 25 66 49 32 79 51 53 80 0,
PFG_MOEA,237,4,138.05,1111.26,0 6 65 90 29 5 24 45 94 82 86 67 72 70 54 36 3 58 77 62 0,5
PFG_MOEA,237,5,138.05,1111.26,0 43 48 46 81 75 55 9 76 42 7 8 100 93 97 61 60 52 87 4 0,100
PFG_MOEA,237,6,138.05,1111.26,0 28 10 89 47 69 38 44 59 26 96 11 83 57 95 41 12 27 13 0,
PFG_MOEA,238,1,141.39,1069.23,0 8 42 28 10 89 47 69 38 44 59 26 96 0,
PFG_MOEA,238,2,141.39,1069.23,0 13 12 41 11 14 98 85 15 73 95 57 0,57
PFG_MOEA,238,3,141.39,1069.23,0 4 80 53 100 81 7 46 27 83 88 63 74 78 64 30 71 35 40 16 20 0,100
PFG_MOEA,238,4,141.39,1069.23,0 31 17 18 19 91 33 37 68 56 39 72 70 54 36 3 58 77 50 0,
PFG_MOEA,238,5,141.39,1069.23,0 2 99 34 1 21 84 23 22 25 43 92 48 62 67 86 82 94 49 66 0,94
PFG_MOEA,238,6,141.39,1069.23,0 24 45 51 32 79 5 29 90 65 6 87 52 60 61 97 93 75 55 9 76 0,
PFG_MOEA,239,1,167.7,934.83,0 96 83 11 14 42 76 9 55 75 81 46 28 69 47 38 44 59 26 10 89 0,26 38 89
PFG_MOEA,239,2,167.7,934.83,0 13 27 12 41 95 57 73 15 98 85 88 63 74 78 64 30 71 35 40 16 18 19 31 20 0,
PFG_MOEA,239,3,167.7,934.83,0 17 91 33 37 68 56 39 84 23 0,
PFG_MOEA,239,4,167.7,934.83,0 4 80 53 66 94 49 51 79 32 3 36 54 70 72 67 86 82 22 21 1 34 48 62 58 77 0,86 94
PFG_MOEA,239,5,167.7,934.83,0 2 99 25 43 92 50 45 24 5 29 90 65 6 87 52 60 61 97 93 100 0,43 45
PFG_MOEA,239,6,167.7,934.83,0 8 7 0,
PFG_MOEA,240,1,173.13,915.94,0 8 28 10 89 47 69 38 44 59 26 96 83 11 98 14 73 41 12 13 95 57 0,38
PFG_MOEA,240,2,173.13,915.94,0 15 85 88 63 74 78 64 30 71 35 40 16 18 19 31 17 20 91 33 37 68 56 39 84 23 22 21 1 34 0,17 40 64 88
PFG_MOEA,240,3,173.13,915.94,0 4 80 53 51 79 0,
PFG_MOEA,240,4,173.13,915.94,0 66 49 32 94 82 86 67 72 70 54 36 3 58 77 48 62 92 43 0,
PFG_MOEA,240,5,173.13,915.94,0 25 99 2 0,
PFG_MOEA,240,6,173.13,915.94,0 50 45 24 5 29 90 65 6 87 52 60 61 97 93 100 75 55 9 76 42 81 7 46 27 0,5 50 81
PFG_MOEA,241,1,152.21,947.44,0 27 12 41 95 57 83 11 96 26 59 44 38 69 47 89 10 0,11
PFG_MOEA,241,2,152.21,947.44,0 28 13 73 14 98 15 85 88 63 74 78 64 30 71 35 40 16 18 19 31 17 20 91 0,17 35 64 88
PFG_MOEA,241,3,152.21,947.44,0 22 23 84 39 56 68 37 33 21 1 34 80 53 51 79 0,
PFG_MOEA,241,4,152.21,947.44,0 92 50 25 99 2 66 49 32 5 24 45 4 0,2 5
PFG_MOEA,241,5,152.21,947.44,0 46 81 75 55 9 76 42 7 8 100 93 97 61 60 52 87 6 65 90 29 94 0,
PFG_MOEA,241,6,152.21,947.44,0 77 58 3 36 54 70 72 67 86 82 62 48 43 0,
PFG_MOEA,242,1,138.05,1111.26,0 73 78 74 63 88 85 15 98 14 0,
PFG_MOEA,242,2,138.05,1111.26,0 20 91 19 17 31 35 71 30 64 40 16 18 68 56 39 84 23 22 0,17 35 64
PFG_MOEA,242,3,138.05,1111.26,0 50 92 37 33 21 1 34 99 2 25 66 49 32 79 51 53 80 0,
PFG_MOEA,242,4,138.05,1111.26,0 6 65 90 29 5 24 45 94 82 86 67 72 70 54 36 3 58 77 62 0,5
PFG_MOEA,242,5,138.05,1111.26,0 43 48 46 81 75 55 9 76 42 7 8 100 93 97 61 60 52 87 4 0,100
PFG_MOEA,242,6,138.05,1111.26,0 28 10 89 47 69 38 44 59 26 96 11 83 57 95 41 12 27 13 0,
PFG_MOEA,243,1,141.39,1069.23,0 8 42 28 10 89 47 69 38 44 59 26 96 0,
PFG_MOEA,243,2,141.39,1069.23,0 13 12 41 11 14 98 85 15 73 95 57 0,57
PFG_MOEA,243,3,141.39,1069.23,0 4 80 53 100 81 7 46 27 83 88 63 74 78 64 30 71 35 40 16 20 0,100
PFG_MOEA,243,4,141.39,1069.23,0 31 17 18 19 91 33 37 68 56 39 72 70 54 36 3 58 77 50 0,
PFG_MOEA,243,5,141.39,1069.23,0 2 99 34 1 21 84 23 22 25 43 92 48 62 67 86 82 94 49 66 0,94
PFG_MOEA,243,6,141.39,1069.23,0 24 45 51 32 79 5 29 90 65 6 87 52 60 61 97 93 75 55 9 76 0,
PFG_MOEA,244,1,167.7,934.83,0 96 83 11 14 42 76 9 55 75 81 46 28 69 47 38 44 59 26 10 89 0,26 38 89
PFG_MOEA,244,2,167.7,934.83,0 13 27 12 41 95 57 73 15 98 85 88 63 74 78 64 30 71 35 40 16 18 19 31 20 0,
PFG_MOEA,244,3,167.7,934.83,0 17 91 33 37 68 56 39 84 23 0,
PFG_MOEA,244,4,167.7,934.83,0 4 80 53 66 94 49 51 79 32 3 36 54 70 72 67 86 82 22 21 1 34 48 62 58 77 0,86 94
PFG_MOEA,244,5,167.7,934.83,0 2 99 25 43 92 50 45 24 5 29 90 65 6 87 52 60 61 97 93 100 0,43 45
PFG_MOEA,244,6,167.7,934.83,0 8 7 0,
PFG_MOEA,245,1,173.13,915.94,0 8 28 10 89 47 69 38 44 59 26 96 83 11 98 14 73 41 12 13 95 57 0,38
PFG_MOEA,245,2,173.13,915.94,0 15 85 88 63 74 78 64 30 71 35 40 16 18 19 31 17 20 91 33 37 68 56 39 84 23 22 21 1 34 0,17 40 64 88
PFG_MOEA,245,3,173.13,915.94,0 4 80 53 51 79 0,
PFG_MOEA,245,4,173.13,915.94,0 66 49 32 94 82 86 67 72 70 54 36 3 58 77 48 62 92 43 0,
PFG_MOEA,245,5,173.13,915.94,0 25 99 2 0,
PFG_MOEA,245,6,173.13,915.94,0 50 45 24 5 29 90 65 6 87 52 60 61 97 93 100 75 55 9 76 42 81 7 46 27 0,5 50 81
PFG_MOEA,246,1,152.21,947.44,0 27 12 41 95 57 83 11 96 26 59 44 38 69 47 89 10 0,11
PFG_MOEA,246,2,152.21,947.44,0 28 13 73 14 98 15 85 88 63 74 78 64 30 71 35 40 16 18 19 31 17 20 91 0,17 35 64 88
PFG_MOEA,246,3,152.21,947.44,0 22 23 84 39 56 68 37 33 21 1 34 80 53 51 79 0,
PFG_MOEA,246,4,152.21,947.44,0 92 50 25 99 2 66 49 32 5 24 45 4 0,2 5
PFG_MOEA,246,5,152.21,947.44,0 46 81 75 55 9 76 42 7 8 100 93 97 61 60 52 87 6 65 90 29 94 0,
PFG_MOEA,246,6,152.21,947.44,0 77 58 3 36 54 70 72 67 86 82 62 48 43 0,
PFG_MOEA,247,1,138.05,1111.26,0 73 78 74 63 88 85 15 98 14 0,
PFG_MOEA,247,2,138.05,1111.26,0 20 91 19 17 31 35 71 30 64 40 16 18 68 56 39 84 23 22 0,17 35 64
PFG_MOEA,247,3,138.05,1111.26,0 50 92 37 33 21 1 34 99 2 25 66 49 32 79 51 53 80 0,
PFG_MOEA,247,4,138.05,1111.26,0 6 65 90 29 5 24 45 94 82 86 67 72 70 54 36 3 58 77 62 0,5
PFG_MOEA,247,5,138.05,1111.26,0 43 48 46 81 75 55 9 76 42 7 8 100 93 97 61 60 52 87 4 0,100
PFG_MOEA,247,6,138.05,1111.26,0 28 10 89 47 69 38 44 59 26 96 11 83 57 95 41 12 27 13 0,
PFG_MOEA,248,1,141.39,1069.23,0 8 42 28 10 89 47 69 38 44 59 26 96 0,
PFG_MOEA,248,2,141.39,1069.23,0 13 12 41 11 14 98 85 15 73 95 57 0,57
PFG_MOEA,248,3,141.39,1069.23,0 4 80 53 100 81 7 46 27 83 88 63 74 78 64 30 71 35 40 16 20 0,100
PFG_MOEA,248,4,141.39,1069.23,0 31 17 18 19 91 33 37 68 56 39 72 70 54 36 3 58 77 50 0,
PFG_MOEA,248,5,141.39,1069.23,0 2 99 34 1 21 84 23 22 25 43 92 48 62 67 86 82 94 49 66 0,94
PFG_MOEA,248,6,141.39,1069.23,0 24 45 51 32 79 5 29 90 65 6 87 52 60 61 97 93 75 55 9 76 0,
PFG_MOEA,249,1,167.7,934.83,0 96 83 11 14 42 76 9 55 75 81 46 28 69 47 38 44 59 26 10 89 0,26 38 89
PFG_MOEA,249,2,167.7,934.83,0 13 27 12 41 95 57 73 15 98 85 88 63 74 78 64 30 71 35 40 16 18 19 31 20 0,
PFG_MOEA,249,3,167.7,934.83,0 17 91 33 37 68 56 39 84 23 0,
PFG_MOEA,249,4,167.7,934.83,0 4 80 53 66 94 49 51 79 32 3 36 54 70 72 67 86 82 22 21 1 34 48 62 58 77 0,86 94
PFG_MOEA,249,5,167.7,934.83,0 2 99 25 43 92 50 45 24 5 29 90 65 6 87 52 60 61 97 93 100 0,43 45
PFG_MOEA,249,6,167.7,934.83,0 8 7 0,
PFG_MOEA,250,1,173.13,915.94,0 8 28 10 89 47 69 38 44 59 26 96 83 11 98 14 73 41 12 13 95 57 0,38
PFG_MOEA,250,2,173.13,915.94,0 15 85 88 63 74 78 64 30 71 35 40 16 18 19 31 17 20 91 33 37 68 56 39 84 23 22 21 1 34 0,17 40 64 88
PFG_MOEA,250,3,173.13,915.94,0 4 80 53 51 79 0,
PFG_MOEA,250,4,173.13,915.94,0 66 49 32 94 82 86 67 72 70 54 36 3 58 77 48 62 92 43 0,
PFG_MOEA,250,5,173.13,915.94,0 25 99 2 0,
PFG_MOEA,250,6,173.13,915.94,0 50 45 24 5 29 90 65 6 87 52 60 61 97 93 100 75 55 9 76 42 81 7 46 27 0,5 50 81
PFG_MOEA,251,1,152.21,947.44,0 27 12 41 95 57 83 11 96 26 59 44 38 69 47 89 10 0,11
PFG_MOEA,251,2,152.21,947.44,0 28 13 73 14 98 15 85 88 63 74 78 64 30 71 35 40 16 18 19 31 17 20 91 0,17 35 64 88
PFG_MOEA,251,3,152.21,947.44,0 22 23 84 39 56 68 37 33 21 1 34 80 53 51 79 0,
PFG_MOEA,251,4,152.21,947.44,0 92 50 25 99 2 66 49 32 5 24 45 4 0,2 5
PFG_MOEA,251,5,152.21,947.44,0 46 81 75 55 9 76 42 7 8 100 93 97 61 60 52 87 6 65 90 29 94 0,
PFG_MOEA,251,6,152.21,947.44,0 77 58 3 36 54 70 72 67 86 82 62 48 43 0,
PFG_MOEA,252,1,138.05,1111.26,0 73 78 74 63 88 85 15 98 14 0,
PFG_MOEA,252,2,138.05,1111.26,0 20 91 19 17 31 35 71 30 64 40 16 18 68 56 39 84 23 22 0,17 35 64
PFG_MOEA,252,3,138.05,1111.26,0 50 92 37 33 21 1 34 99 2 25 66 49 32 79 51 53 80 0,
PFG_MOEA,252,4,138.05,1111.26,0 6 65 90 29 5 24 45 94 82 86 67 72 70 54 36 3 58 77 62 0,5
PFG_MOEA,252,5,138.05,1111.26,0 43 48 46 81 75 55 9 76 42 7 8 100 93 97 61 60 52 87 4 0,100
PFG_MOEA,252,6,138.05,1111.26,0 28 10 89 47 69 38 44 59 26 96 11 83 57 95 41 12 27 13 0,
PFG_MOEA,253,1,141.39,1069.23,0 8 42 28 10 89 47 69 38 44 59 26 96 0,
PFG_MOEA,253,2,141.39,1069.23,0 13 12 41 11 14 98 85 15 73 95 57 0,57
PFG_MOEA,253,3,141.39,1069.23,0 4 80 53 100 81 7 46 27 83 88 63 74 78 64 30 71 35 40 16 20 0,100
PFG_MOEA,253,4,141.39,1069.23,0 31 17 18 19 91 33 37 68 56 39 72 70 54 36 3 58 77 50 0,
PFG_MOEA,253,5,141.39,1069.23,0 2 99 34 1 21 84 23 22 25 43 92 48 62 67 86 82 94 49 66 0,94
PFG_MOEA,253,6,141.39,1069.23,0 24 45 51 32 79 5 29 90 65 6 87 52 60 61 97 93 75 55 9 76 0,
PFG_MOEA,254,1,167.7,934.83,0 96 83 11 14 42 76 9 55 75 81 46 28 69 47 38 44 59 26 10 89 0,26 38 89
PFG_MOEA,254,2,167.7,934.83,0 13 27 12 41 95 57 73 15 98 85 88 63 74 78 64 30 71 35 40 16 18 19 31 20 0,
PFG_MOEA,254,3,167.7,934.83,0 17 91 33 37 68 56 39 84 23 0,
PFG_MOEA,254,4,167.7,934.83,0 4 80 53 66 94 49 51 79 32 3 36 54 70 72 67 86 82 22 21 1 34 48 62 58 77 0,86 94
PFG_MOEA,254,5,167.7,934.83,0 2 99 25 43 92 50 45 24 5 29 90 65 6 87 52 60 61 97 93 100 0,43 45
PFG_MOEA,254,6,167.7,934.83,0 8 7 0,
PFG_MOEA,255,1,173.13,915.94,0 8 28 10 89 47 69 38 44 59 26 96 83 11 98 14 73 41 12 13 95 57 0,38
PFG_MOEA,255,2,173.13,915.94,0 15 85 88 63 74 78 64 30 71 35 40 16 18 19 31 17 20 91 33 37 68 56 39 84 23 22 21 1 34 0,17 40 64 88
PFG_MOEA,255,3,173.13,915.94,0 4 80 53 51 79 0,
PFG_MOEA,255,4,173.13,915.94,0 66 49 32 94 82 86 67 72 70 54 36 3 58 77 48 62 92 43 0,
PFG_MOEA,255,5,173.13,915.94,0 25 99 2 0,
PFG_MOEA,255,6,173.13,915.94,0 50 45 24 5 29 90 65 6 87 52 60 61 97 93 100 75 55 9 76 42 81 7 46 27 0,5 50 81
PFG_MOEA,256,1,152.21,947.44,0 27 12 41 95 57 83 11 96 26 59 44 38 69 47 89 10 0,11
PFG_MOEA,256,2,152.21,947.44,0 28 13 73 14 98 15 85 88 63 74 78 64 30 71 35 40 16 18 19 31 17 20 91 0,17 35 64 88
PFG_MOEA,256,3,152.21,947.44,0 22 23 84 39 56 68 37 33 21 1 34 80 53 51 79 0,
PFG_MOEA,256,4,152.21,947.44,0 92 50 25 99 2 66 49 32 5 24 45 4 0,2 5
PFG_MOEA,256,5,152.21,947.44,0 46 81 75 55 9 76 42 7 8 100 93 97 61 60 52 87 6 65 90 29 94 0,
PFG_MOEA,256,6,152.21,947.44,0 77 58 3 36 54 70 72 67 86 82 62 48 43 0,
PFG_MOEA,257,1,138.05,1111.26,0 73 78 74 63 88 85 15 98 14 0,
PFG_MOEA,257,2,138.05,1111.26,0 20 91 19 17 31 35 71 30 64 40 16 18 68 56 39 84 23 22 0,17 35 64
PFG_MOEA,257,3,138.05,1111.26,0 50 92 37 33 21 1 34 99 2 25 66 49 32 79 51 53 80 0,
PFG_MOEA,257,4,138.05,1111.26,0 6 65 90 29 5 24 45 94 82 86 67 72 70 54 36 3 58 77 62 0,5
PFG_MOEA,257,5,138.05,1111.26,0 43 48 46 81 75 55 9 76 42 7 8 100 93 97 61 60 52 87 4 0,100
PFG_MOEA,257,6,138.05,1111.26,0 28 10 89 47 69 38 44 59 26 96 11 83 57 95 41 12 27 13 0,
PFG_MOEA,258,1,149.83,980.99,0 100 93 97 55 75 0,
PFG_MOEA,258,2,149.83,980.99,0 46 7 81 9 76 42 28 69 47 38 44 59 26 10 89 96 83 11 14 73 95 0,81
PFG_MOEA,258,3,149.83,980.99,0 13 27 12 41 30 64 78 74 63 88 85 98 15 57 0,
PFG_MOEA,258,4,149.83,980.99,0 8 22 23 84 39 56 68 37 33 91 19 18 16 40 71 35 31 17 20 0,40
PFG_MOEA,258,5,149.83,980.99,0 4 80 53 66 94 49 51 79 32 3 36 54 70 72 67 86 82 21 1 34 58 77 0,86
PFG_MOEA,258,6,149.83,980.99,0 2 99 25 43 92 62 48 50 45 24 5 29 61 60 52 87 6 65 90 0,5
PFG_MOEA,259,1,141.39,1069.23,0 8 42 28 10 89 47 69 38 44 59 26 96 0,
PFG_MOEA,259,2,141.39,1069.23,0 13 12 41 11 14 98 85 15 73 95 57 0,57
PFG_MOEA,259,3,141.39,1069.23,0 4 80 53 100 81 7 46 27 83 88 63 74 78 64 30 71 35 40 16 20 0,100
PFG_MOEA,259,4,141.39,1069.23,0 31 17 18 19 91 33 37 68 56 39 72 70 54 36 3 58 77 50 0,
PFG_MOEA,259,5,141.39,1069.23,0 2 99 34 1 21 84 23 22 25 43 92 48 62 67 86 82 94 49 66 0,94
PFG_MOEA,259,6,141.39,1069.23,0 24 45 51 32 79 5 29 90 65 6 87 52 60 61 97 93 75 55 9 76 0,
PFG_MOEA,260,1,167.7,934.83,0 96 83 11 14 42 76 9 55 75 81 46 28 69 47 38 44 59 26 10 89 0,26 38 89
PFG_MOEA,260,2,167.7,934.83,0 13 27 12 41 95 57 73 15 98 85 88 63 74 78 64 30 71 35 40 16 18 19 31 20 0,
PFG_MOEA,260,3,167.7,934.83,0 17 91 33 37 68 56 39 84 23 0,
PFG_MOEA,260,4,167.7,934.83,0 4 80 53 66 94 49 51 79 32 3 36 54 70 72 67 86 82 22 21 1 34 48 62 58 77 0,86 94
PFG_MOEA,260,5,167.7,934.83,0 2 99 25 43 92 50 45 24 5 29 90 65 6 87 52 60 61 97 93 100 0,43 45
PFG_MOEA,260,6,167.7,934.83,0 8 7 0,
PFG_MOEA,261,1,173.13,915.94,0 8 28 10 89 47 69 38 44 59 26 96 83 11 98 14 73 41 12 13 95 57 0,38
PFG_MOEA,261,2,173.13,915.94,0 15 85 88 63 74 78 64 30 71 35 40 16 18 19 31 17 20 91 33 37 68 56 39 84 23 22 21 1 34 0,17 40 64 88
PFG_MOEA,261,3,173.13,915.94,0 4 80 53 51 79 0,
PFG_MOEA,261,4,173.13,915.94,0 66 49 32 94 82 86 67 72 70 54 36 3 58 77 48 62 92 43 0,
PFG_MOEA,261,5,173.13,915.94,0 25 99 2 0,
PFG_MOEA,261,6,173.13,915.94,0 50 45 24 5 29 90 65 6 87 52 60 61 97 93 100 75 55 9 76 42 81 7 46 27 0,5 50 81
PFG_MOEA,262,1,152.21,947.44,0 27 12 41 95 57 83 11 96 26 59 44 38 69 47 89 10 0,11
PFG_MOEA,262,2,152.21,947.44,0 28 13 73 14 98 15 85 88 63 74 78 64 30 71 35 40 16 18 19 31 17 20 91 0,17 35 64 88
PFG_MOEA,262,3,152.21,947.44,0 22 23 84 39 56 68 37 33 21 1 34 80 53 51 79 0,
PFG_MOEA,262,4,152.21,947.44,0 92 50 25 99 2 66 49 32 5 24 45 4 0,2 5
PFG_MOEA,262,5,152.21,947.44,0 46 81 75 55 9 76 42 7 8 100 93 97 61 60 52 87 6 65 90 29 94 0,
PFG_MOEA,262,6,152.21,947.44,0 77 58 3 36 54 70 72 67 86 82 62 48 43 0,
PFG_MOEA,263,1,138.05,1111.26,0 73 78 74 63 88 85 15 98 14 0,
PFG_MOEA,263,2,138.05,1111.26,0 20 91 19 17 31 35 71 30 64 40 16 18 68 56 39 84 23 22 0,17 35 64
PFG_MOEA,263,3,138.05,1111.26,0 50 92 37 33 21 1 34 99 2 25 66 49 32 79 51 53 80 0,
PFG_MOEA,263,4,138.05,1111.26,0 6 65 90 29 5 24 45 94 82 86 67 72 70 54 36 3 58 77 62 0,5
PFG_MOEA,263,5,138.05,1111.26,0 43 48 46 81 75 55 9 76 42 7 8 100 93 97 61 60 52 87 4 0,100
PFG_MOEA,263,6,138.05,1111.26,0 28 10 89 47 69 38 44 59 26 96 11 83 57 95 41 12 27 13 0,
PFG_MOEA,264,1,149.83,980.99,0 100 93 97 55 75 0,
PFG_MOEA,264,2,149.83,980.99,0 46 7 81 9 76 42 28 69 47 38 44 59 26 10 89 96 83 11 14 73 95 0,81
PFG_MOEA,264,3,149.83,980.99,0 13 27 12 41 30 64 78 74 63 88 85 98 15 57 0,
PFG_MOEA,264,4,149.83,980.99,0 8 22 23 84 39 56 68 37 33 91 19 18 16 40 71 35 31 17 20 0,40
PFG_MOEA,264,5,149.83,980.99,0 4 80 53 66 94 49 51 79 32 3 36 54 70 72 67 86 82 21 1 34 58 77 0,86
PFG_MOEA,264,6,149.83,980.99,0 2 99 25 43 92 62 48 50 45 24 5 29 61 60 52 87 6 65 90 0,5
PFG_MOEA,265,1,141.39,1069.23,0 8 42 28 10 89 47 69 38 44 59 26 96 0,
PFG_MOEA,265,2,141.39,1069.23,0 13 12 41 11 14 98 85 15 73 95 57 0,57
PFG_MOEA,265,3,141.39,1069.23,0 4 80 53 100 81 7 46 27 83 88 63 74 78 64 30 71 35 40 16 20 0,100
PFG_MOEA,265,4,141.39,1069.23,0 31 17 18 19 91 33 37 68 56 39 72 70 54 36 3 58 77 50 0,
PFG_MOEA,265,5,141.39,1069.23,0 2 99 34 1 21 84 23 22 25 43 92 48 62 67 86 82 94 49 66 0,94
PFG_MOEA,265,6,141.39,1069.23,0 24 45 51 32 79 5 29 90 65 6 87 52 60 61 97 93 75 55 9 76 0,
PFG_MOEA,266,1,167.7,934.83,0 96 83 11 14 42 76 9 55 75 81 46 28 69 47 38 44 59 26 10 89 0,26 38 89
PFG_MOEA,266,2,167.7,934.83,0 13 27 12 41 95 57 73 15 98 85 88 63 74 78 64 30 71 35 40 16 18 19 31 20 0,
PFG_MOEA,266,3,167.7,934.83,0 17 91 33 37 68 56 39 84 23 0,
PFG_MOEA,266,4,167.7,934.83,0 4 80 53 66 94 49 51 79 32 3 36 54 70 72 67 86 82 22 21 1 34 48 62 58 77 0,86 94
PFG_MOEA,266,5,167.7,934.83,0 2 99 25 43 92 50 45 24 5 29 90 65 6 87 52 60 61 97 93 100 0,43 45
PFG_MOEA,266,6,167.7,934.83,0 8 7 0,
PFG_MOEA,267,1,173.13,915.94,0 8 28 10 89 47 69 38 44 59 26 96 83 11 98 14 73 41 12 13 95 57 0,38
PFG_MOEA,267,2,173.13,915.94,0 15 85 88 63 74 78 64 30 71 35 40 16 18 19 31 17 20 91 33 37 68 56 39 84 23 22 21 1 34 0,17 40 64 88
PFG_MOEA,267,3,173.13,915.94,0 4 80 53 51 79 0,
PFG_MOEA,267,4,173.13,915.94,0 66 49 32 94 82 86 67 72 70 54 36 3 58 77 48 62 92 43 0,
PFG_MOEA,267,5,173.13,915.94,0 25 99 2 0,
PFG_MOEA,267,6,173.13,915.94,0 50 45 24 5 29 90 65 6 87 52 60 61 97 93 100 75 55 9 76 42 81 7 46 27 0,5 50 81
PFG_MOEA,268,1,152.21,947.44,0 27 12 41 95 57 83 11 96 26 59 44 38 69 47 89 10 0,11
PFG_MOEA,268,2,152.21,947.44,0 28 13 73 14 98 15 85 88 63 74 78 64 30 71 35 40 16 18 19 31 17 20 91 0,17 35 64 88
PFG_MOEA,268,3,152.21,947.44,0 22 23 84 39 56 68 37 33 21 1 34 80 53 51 79 0,
PFG_MOEA,268,4,152.21,947.44,0 92 50 25 99 2 66 49 32 5 24 45 4 0,2 5
PFG_MOEA,268,5,152.21,947.44,0 46 81 75 55 9 76 42 7 8 100 93 97 61 60 52 87 6 65 90 29 94 0,
PFG_MOEA,268,6,152.21,947.44,0 77 58 3 36 54 70 72 67 86 82 62 48 43 0,
PFG_MOEA,269,1,138.05,1111.26,0 73 78 74 63 88 85 15 98 14 0,
PFG_MOEA,269,2,138.05,1111.26,0 20 91 19 17 31 35 71 30 64 40 16 18 68 56 39 84 23 22 0,17 35 64
PFG_MOEA,269,3,138.05,1111.26,0 50 92 37 33 21 1 34 99 2 25 66 49 32 79 51 53 80 0,
PFG_MOEA,269,4,138.05,1111.26,0 6 65 90 29 5 24 45 94 82 86 67 72 70 54 36 3 58 77 62 0,5
PFG_MOEA,269,5,138.05,1111.26,0 43 48 46 81 75 55 9 76 42 7 8 100 93 97 61 60 52 87 4 0,100
PFG_MOEA,269,6,138.05,1111.26,0 28 10 89 47 69 38 44 59 26 96 11 83 57 95 41 12 27 13 0,
PFG_MOEA,270,1,149.83,980.99,0 100 93 97 55 75 0,
PFG_MOEA,270,2,149.83,980.99,0 46 7 81 9 76 42 28 69 47 38 44 59 26 10 89 96 83 11 14 73 95 0,81
PFG_MOEA,270,3,149.83,980.99,0 13 27 12 41 30 64 78 74 63 88 85 98 15 57 0,
PFG_MOEA,270,4,149.83,980.99,0 8 22 23 84 39 56 68 37 33 91 19 18 16 40 71 35 31 17 20 0,40
PFG_MOEA,270,5,149.83,980.99,0 4 80 53 66 94 49 51 79 32 3 36 54 70 72 67 86 82 21 1 34 58 77 0,86
PFG_MOEA,270,6,149.83,980.99,0 2 99 25 43 92 62 48 50 45 24 5 29 61 60 52 87 6 65 90 0,5
PFG_MOEA,271,1,141.39,1069.23,0 8 42 28 10 89 47 69 38 44 59 26 96 0,
PFG_MOEA,271,2,141.39,1069.23,0 13 12 41 11 14 98 85 15 73 95 57 0,57
PFG_MOEA,271,3,141.39,1069.23,0 4 80 53 100 81 7 46 27 83 88 63 74 78 64 30 71 35 40 16 20 0,100
PFG_MOEA,271,4,141.39,1069.23,0 31 17 18 19 91 33 37 68 56 39 72 70 54 36 3 58 77 50 0,
PFG_MOEA,271,5,141.39,1069.23,0 2 99 34 1 21 84 23 22 25 43 92 48 62 67 86 82 94 49 66 0,94
PFG_MOEA,271,6,141.39,1069.23,0 24 45 51 32 79 5 29 90 65 6 87 52 60 61 97 93 75 55 9 76 0,
PFG_MOEA,272,1,167.7,934.83,0 96 83 11 14 42 76 9 55 75 81 46 28 69 47 38 44 59 26 10 89 0,26 38 89
PFG_MOEA,272,2,167.7,934.83,0 13 27 12 41 95 57 73 15 98 85 88 63 74 78 64 30 71 35 40 16 18 19 31 20 0,
PFG_MOEA,272,3,167.7,934.83,0 17 91 33 37 68 56 39 84 23 0,
PFG_MOEA,272,4,167.7,934.83,0 4 80 53 66 94 49 51 79 32 3 36 54 70 72 67 86 82 22 21 1 34 48 62 58 77 0,86 94
PFG_MOEA,272,5,167.7,934.83,0 2 99 25 43 92 50 45 24 5 29 90 65 6 87 52 60 61 97 93 100 0,43 45
PFG_MOEA,272,6,167.7,934.83,0 8 7 0,
PFG_MOEA,273,1,173.13,915.94,0 8 28 10 89 47 69 38 44 59 26 96 83 11 98 14 73 41 12 13 95 57 0,38
PFG_MOEA,273,2,173.13,915.94,0 15 85 88 63 74 78 64 30 71 35 40 16 18 19 31 17 20 91 33 37 68 56 39 84 23 22 21 1 34 0,17 40 64 88
PFG_MOEA,273,3,173.13,915.94,0 4 80 53 51 79 0,
PFG_MOEA,273,4,173.13,915.94,0 66 49 32 94 82 86 67 72 70 54 36 3 58 77 48 62 92 43 0,
PFG_MOEA,273,5,173.13,915.94,0 25 99 2 0,
PFG_MOEA,273,6,173.13,915.94,0 50 45 24 5 29 90 65 6 87 52 60 61 97 93 100 75 55 9 76 42 81 7 46 27 0,5 50 81
PFG_MOEA,274,1,152.21,947.44,0 27 12 41 95 57 83 11 96 26 59 44 38 69 47 89 10 0,11
PFG_MOEA,274,2,152.21,947.44,0 28 13 73 14 98 15 85 88 63 74 78 64 30 71 35 40 16 18 19 31 17 20 91 0,17 35 64 88
PFG_MOEA,274,3,152.21,947.44,0 22 23 84 39 56 68 37 33 21 1 34 80 53 51 79 0,
PFG_MOEA,274,4,152.21,947.44,0 92 50 25 99 2 66 49 32 5 24 45 4 0,2 5
PFG_MOEA,274,5,152.21,947.44,0 46 81 75 55 9 76 42 7 8 100 93 97 61 60 52 87 6 65 90 29 94 0,
PFG_MOEA,274,6,152.21,947.44,0 77 58 3 36 54 70 72 67 86 82 62 48 43 0,
PFG_MOEA,275,1,138.05,1111.26,0 73 78 74 63 88 85 15 98 14 0,
PFG_MOEA,275,2,138.05,1111.26,0 20 91 19 17 31 35 71 30 64 40 16 18 68 56 39 84 23 22 0,17 35 64
PFG_MOEA,275,3,138.05,1111.26,0 50 92 37 33 21 1 34 99 2 25 66 49 32 79 51 53 80 0,
PFG_MOEA,275,4,138.05,1111.26,0 6 65 90 29 5 24 45 94 82 86 67 72 70 54 36 3 58 77 62 0,5
PFG_MOEA,275,5,138.05,1111.26,0 43 48 46 81 75 55 9 76 42 7 8 100 93 97 61 60 52 87 4 0,100
PFG_MOEA,275,6,138.05,1111.26,0 28 10 89 47 69 38 44 59 26 96 11 83 57 95 41 12 27 13 0,
PFG_MOEA,276,1,149.83,980.99,0 100 93 97 55 75 0,
PFG_MOEA,276,2,149.83,980.99,0 46 7 81 9 76 42 28 69 47 38 44 59 26 10 89 96 83 11 14 73 95 0,81
PFG_MOEA,276,3,149.83,980.99,0 13 27 12 41 30 64 78 74 63 88 85 98 15 57 0,
PFG_MOEA,276,4,149.83,980.99,0 8 22 23 84 39 56 68 37 33 91 19 18 16 40 71 35 31 17 20 0,40
PFG_MOEA,276,5,149.83,980.99,0 4 80 53 66 94 49 51 79 32 3 36 54 70 72 67 86 82 21 1 34 58 77 0,86
PFG_MOEA,276,6,149.83,980.99,0 2 99 25 43 92 62 48 50 45 24 5 29 61 60 52 87 6 65 90 0,5
PFG_MOEA,277,1,141.39,1069.23,0 8 42 28 10 89 47 69 38 44 59 26 96 0,
PFG_MOEA,277,2,141.39,1069.23,0 13 12 41 11 14 98 85 15 73 95 57 0,57
PFG_MOEA,277,3,141.39,1069.23,0 4 80 53 100 81 7 46 27 83 88 63 74 78 64 30 71 35 40 16 20 0,100
PFG_MOEA,277,4,141.39,1069.23,0 31 17 18 19 91 33 37 68 56 39 72 70 54 36 3 58 77 50 0,
PFG_MOEA,277,5,141.39,1069.23,0 2 99 34 1 21 84 23 22 25 43 92 48 62 67 86 82 94 49 66 0,94
PFG_MOEA,277,6,141.39,1069.23,0 24 45 51 32 79 5 29 90 65 6 87 52 60 61 97 93 75 55 9 76 0,
PFG_MOEA,278,1,167.7,934.83,0 96 83 11 14 42 76 9 55 75 81 46 28 69 47 38 44 59 26 10 89 0,26 38 89
PFG_MOEA,278,2,167.7,934.83,0 13 27 12 41 95 57 73 15 98 85 88 63 74 78 64 30 71 35 40 16 18 19 31 20 0,
PFG_MOEA,278,3,167.7,934.83,0 17 91 33 37 68 56 39 84 23 0,
PFG_MOEA,278,4,167.7,934.83,0 4 80 53 66 94 49 51 79 32 3 36 54 70 72 67 86 82 22 21 1 34 48 62 58 77 0,86 94
PFG_MOEA,278,5,167.7,934.83,0 2 99 25 43 92 50 45 24 5 29 90 65 6 87 52 60 61 97 93 100 0,43 45
PFG_MOEA,278,6,167.7,934.83,0 8 7 0,
PFG_MOEA,279,1,173.13,915.94,0 8 28 10 89 47 69 38 44 59 26 96 83 11 98 14 73 41 12 13 95 57 0,38
PFG_MOEA,279,2,173.13,915.94,0 15 85 88 63 74 78 64 30 71 35 40 16 18 19 31 17 20 91 33 37 68 56 39 84 23 22 21 1 34 0,17 40 64 88
PFG_MOEA,279,3,173.13,915.94,0 4 80 53 51 79 0,
PFG_MOEA,279,4,173.13,915.94,0 66 49 32 94 82 86 67 72 70 54 36 3 58 77 48 62 92 43 0,
PFG_MOEA,279,5,173.13,915.94,0 25 99 2 0,
PFG_MOEA,279,6,173.13,915.94,0 50 45 24 5 29 90 65 6 87 52 60 61 97 93 100 75 55 9 76 42 81 7 46 27 0,5 50 81
PFG_MOEA,280,1,152.21,947.44,0 27 12 41 95 57 83 11 96 26 59 44 38 69 47 89 10 0,11
PFG_MOEA,280,2,152.21,947.44,0 28 13 73 14 98 15 85 88 63 74 78 64 30 71 35 40 16 18 19 31 17 20 91 0,17 35 64 88
PFG_MOEA,280,3,152.21,947.44,0 22 23 84 39 56 68 37 33 21 1 34 80 53 51 79 0,
PFG_MOEA,280,4,152.21,947.44,0 92 50 25 99 2 66 49 32 5 24 45 4 0,2 5
PFG_MOEA,280,5,152.21,947.44,0 46 81 75 55 9 76 42 7 8 100 93 97 61 60 52 87 6 65 90 29 94 0,
PFG_MOEA,280,6,152.21,947.44,0 77 58 3 36 54 70 72 67 86 82 62 48 43 0,
PFG_MOEA,281,1,138.05,1111.26,0 73 78 74 63 88 85 15 98 14 0,
PFG_MOEA,281,2,138.05,1111.26,0 20 91 19 17 31 35 71 30 64 40 16 18 68 56 39 84 23 22 0,17 35 64
PFG_MOEA,281,3,138.05,1111.26,0 50 92 37 33 21 1 34 99 2 25 66 49 32 79 51 53 80 0,
PFG_MOEA,281,4,138.05,1111.26,0 6 65 90 29 5 24 45 94 82 86 67 72 70 54 36 3 58 77 62 0,5
PFG_MOEA,281,5,138.05,1111.26,0 43 48 46 81 75 55 9 76 42 7 8 100 93 97 61 60 52 87 4 0,100
PFG_MOEA,281,6,138.05,1111.26,0 28 10 89 47 69 38 44 59 26 96 11 83 57 95 41 12 27 13 0,
PFG_MOEA,282,1,149.83,980.99,0 100 93 97 55 75 0,
PFG_MOEA,282,2,149.83,980.99,0 46 7 81 9 76 42 28 69 47 38 44 59 26 10 89 96 83 11 14 73 95 0,81
PFG_MOEA,282,3,149.83,980.99,0 13 27 12 41 30 64 78 74 63 88 85 98 15 57 0,
PFG_MOEA,282,4,149.83,980.99,0 8 22 23 84 39 56 68 37 33 91 19 18 16 40 71 35 31 17 20 0,40
PFG_MOEA,282,5,149.83,980.99,0 4 80 53 66 94 49 51 79 32 3 36 54 70 72 67 86 82 21 1 34 58 77 0,86
PFG_MOEA,282,6,149.83,980.99,0 2 99 25 43 92 62 48 50 45 24 5 29 61 60 52 87 6 65 90 0,5
PFG_MOEA,283,1,141.39,1069.23,0 8 42 28 10 89 47 69 38 44 59 26 96 0,
PFG_MOEA,283,2,141.39,1069.23,0 13 12 41 11 14 98 85 15 73 95 57 0,57
PFG_MOEA,283,3,141.39,1069.23,0 4 80 53 100 81 7 46 27 83 88 63 74 78 64 30 71 35 40 16 20 0,100
PFG_MOEA,283,4,141.39,1069.23,0 31 17 18 19 91 33 37 68 56 39 72 70 54 36 3 58 77 50 0,
PFG_MOEA,283,5,141.39,1069.23,0 2 99 34 1 21 84 23 22 25 43 92 48 62 67 86 82 94 49 66 0,94
PFG_MOEA,283,6,141.39,1069.23,0 24 45 51 32 79 5 29 90 65 6 87 52 60 61 97 93 75 55 9 76 0,
PFG_MOEA,284,1,167.7,934.83,0 96 83 11 14 42 76 9 55 75 81 46 28 69 47 38 44 59 26 10 89 0,26 38 89
PFG_MOEA,284,2,167.7,934.83,0 13 27 12 41 95 57 73 15 98 85 88 63 74 78 64 30 71 35 40 16 18 19 31 20 0,
PFG_MOEA,284,3,167.7,934.83,0 17 91 33 37 68 56 39 84 23 0,
PFG_MOEA,284,4,167.7,934.83,0 4 80 53 66 94 49 51 79 32 3 36 54 70 72 67 86 82 22 21 1 34 48 62 58 77 0,86 94
PFG_MOEA,284,5,167.7,934.83,0 2 99 25 43 92 50 45 24 5 29 90 65 6 87 52 60 61 97 93 100 0,43 45
PFG_MOEA,284,6,167.7,934.83,0 8 7 0,
PFG_MOEA,285,1,173.13,915.94,0 8 28 10 89 47 69 38 44 59 26 96 83 11 98 14 73 41 12 13 95 57 0,38
PFG_MOEA,285,2,173.13,915.94,0 15 85 88 63 74 78 64 30 71 35 40 16 18 19 31 17 20 91 33 37 68 56 39 84 23 22 21 1 34 0,17 40 64 88
PFG_MOEA,285,3,173.13,915.94,0 4 80 53 51 79 0,
PFG_MOEA,285,4,173.13,915.94,0 66 49 32 94 82 86 67 72 70 54 36 3 58 77 48 62 92 43 0,
PFG_MOEA,285,5,173.13,915.94,0 25 99 2 0,
PFG_MOEA,285,6,173.13,915.94,0 50 45 24 5 29 90 65 6 87 52 60 61 97 93 100 75 55 9 76 42 81 7 46 27 0,5 50 81
PFG_MOEA,286,1,152.21,947.44,0 27 12 41 95 57 83 11 96 26 59 44 38 69 47 89 10 0,11
PFG_MOEA,286,2,152.21,947.44,0 28 13 73 14 98 15 85 88 63 74 78 64 30 71 35 40 16 18 19 31 17 20 91 0,17 35 64 88
PFG_MOEA,286,3,152.21,947.44,0 22 23 84 39 56 68 37 33 21 1 34 80 53 51 79 0,
PFG_MOEA,286,4,152.21,947.44,0 92 50 25 99 2 66 49 32 5 24 45 4 0,2 5
PFG_MOEA,286,5,152.21,947.44,0 46 81 75 55 9 76 42 7 8 100 93 97 61 60 52 87 6 65 90 29 94 0,
PFG_MOEA,286,6,152.21,947.44,0 77 58 3 36 54 70 72 67 86 82 62 48 43 0,
PFG_MOEA,287,1,138.05,1111.26,0 73 78 74 63 88 85 15 98 14 0,
PFG_MOEA,287,2,138.05,1111.26,0 20 91 19 17 31 35 71 30 64 40 16 18 68 56 39 84 23 22 0,17 35 64
PFG_MOEA,287,3,138.05,1111.26,0 50 92 37 33 21 1 34 99 2 25 66 49 32 79 51 53 80 0,
PFG_MOEA,287,4,138.05,1111.26,0 6 65 90 29 5 24 45 94 82 86 67 72 70 54 36 3 58 77 62 0,5
PFG_MOEA,287,5,138.05,1111.26,0 43 48 46 81 75 55 9 76 42 7 8 100 93 97 61 60 52 87 4 0,100
PFG_MOEA,287,6,138.05,1111.26,0 28 10 89 47 69 38 44 59 26 96 11 83 57 95 41 12 27 13 0,
PFG_MOEA,288,1,149.83,980.99,0 100 93 97 55 75 0,
PFG_MOEA,288,2,149.83,980.99,0 46 7 81 9 76 42 28 69 47 38 44 59 26 10 89 96 83 11 14 73 95 0,81
PFG_MOEA,288,3,149.83,980.99,0 13 27 12 41 30 64 78 74 63 88 85 98 15 57 0,
PFG_MOEA,288,4,149.83,980.99,0 8 22 23 84 39 56 68 37 33 91 19 18 16 40 71 35 31 17 20 0,40
PFG_MOEA,288,5,149.83,980.99,0 4 80 53 66 94 49 51 79 32 3 36 54 70 72 67 86 82 21 1 34 58 77 0,86
PFG_MOEA,288,6,149.83,980.99,0 2 99 25 43 92 62 48 50 45 24 5 29 61 60 52 87 6 65 90 0,5
PFG_MOEA,289,1,141.39,1069.23,0 8 42 28 10 89 47 69 38 44 59 26 96 0,
PFG_MOEA,289,2,141.39,1069.23,0 13 12 41 11 14 98 85 15 73 95 57 0,57
PFG_MOEA,289,3,141.39,1069.23,0 4 80 53 100 81 7 46 27 83 88 63 74 78 64 30 71 35 40 16 20 0,100
PFG_MOEA,289,4,141.39,1069.23,0 31 17 18 19 91 33 37 68 56 39 72 70 54 36 3 58 77 50 0,
PFG_MOEA,289,5,141.39,1069.23,0 2 99 34 1 21 84 23 22 25 43 92 48 62 67 86 82 94 49 66 0,94
PFG_MOEA,289,6,141.39,1069.23,0 24 45 51 32 79 5 29 90 65 6 87 52 60 61 97 93 75 55 9 76 0,
PFG_MOEA,290,1,167.7,934.83,0 96 83 11 14 42 76 9 55 75 81 46 28 69 47 38 44 59 26 10 89 0,26 38 89
PFG_MOEA,290,2,167.7,934.83,0 13 27 12 41 95 57 73 15 98 85 88 63 74 78 64 30 71 35 40 16 18 19 31 20 0,
PFG_MOEA,290,3,167.7,934.83,0 17 91 33 37 68 56 39 84 23 0,
PFG_MOEA,290,4,167.7,934.83,0 4 80 53 66 94 49 51 79 32 3 36 54 70 72 67 86 82 22 21 1 34 48 62 58 77 0,86 94
PFG_MOEA,290,5,167.7,934.83,0 2 99 25 43 92 50 45 24 5 29 90 65 6 87 52 60 61 97 93 100 0,43 45
PFG_MOEA,290,6,167.7,934.83,0 8 7 0,
PFG_MOEA,291,1,173.13,915.94,0 8 28 10 89 47 69 38 44 59 26 96 83 11 98 14 73 41 12 13 95 57 0,38
PFG_MOEA,291,2,173.13,915.94,0 15 85 88 63 74 78 64 30 71 35 40 16 18 19 31 17 20 91 33 37 68 56 39 84 23 22 21 1 34 0,17 40 64 88
PFG_MOEA,291,3,173.13,915.94,0 4 80 53 51 79 0,
PFG_MOEA,291,4,173.13,915.94,0 66 49 32 94 82 86 67 72 70 54 36 3 58 77 48 62 92 43 0,
PFG_MOEA,291,5,173.13,915.94,0 25 99 2 0,
PFG_MOEA,291,6,173.13,915.94,0 50 45 24 5 29 90 65 6 87 52 60 61 97 93 100 75 55 9 76 42 81 7 46 27 0,5 50 81
PFG_MOEA,292,1,152.21,947.44,0 27 12 41 95 57 83 11 96 26 59 44 38 69 47 89 10 0,11
PFG_MOEA,292,2,152.21,947.44,0 28 13 73 14 98 15 85 88 63 74 78 64 30 71 35 40 16 18 19 31 17 20 91 0,17 35 64 88
PFG_MOEA,292,3,152.21,947.44,0 22 23 84 39 56 68 37 33 21 1 34 80 53 51 79 0,
PFG_MOEA,292,4,152.21,947.44,0 92 50 25 99 2 66 49 32 5 24 45 4 0,2 5
PFG_MOEA,292,5,152.21,947.44,0 46 81 75 55 9 76 42 7 8 100 93 97 61 60 52 87 6 65 90 29 94 0,
PFG_MOEA,292,6,152.21,947.44,0 77 58 3 36 54 70 72 67 86 82 62 48 43 0,
PFG_MOEA,293,1,138.05,1111.26,0 73 78 74 63 88 85 15 98 14 0,
PFG_MOEA,293,2,138.05,1111.26,0 20 91 19 17 31 35 71 30 64 40 16 18 68 56 39 84 23 22 0,17 35 64
PFG_MOEA,293,3,138.05,1111.26,0 50 92 37 33 21 1 34 99 2 25 66 49 32 79 51 53 80 0,
PFG_MOEA,293,4,138.05,1111.26,0 6 65 90 29 5 24 45 94 82 86 67 72 70 54 36 3 58 77 62 0,5
PFG_MOEA,293,5,138.05,1111.26,0 43 48 46 81 75 55 9 76 42 7 8 100 93 97 61 60 52 87 4 0,100
PFG_MOEA,293,6,138.05,1111.26,0 28 10 89 47 69 38 44 59 26 96 11 83 57 95 41 12 27 13 0,
PFG_MOEA,294,1,149.83,980.99,0 100 93 97 55 75 0,
PFG_MOEA,294,2,149.83,980.99,0 46 7 81 9 76 42 28 69 47 38 44 59 26 10 89 96 83 11 14 73 95 0,81
PFG_MOEA,294,3,149.83,980.99,0 13 27 12 41 30 64 78 74 63 88 85 98 15 57 0,
PFG_MOEA,294,4,149.83,980.99,0 8 22 23 84 39 56 68 37 33 91 19 18 16 40 71 35 31 17 20 0,40
PFG_MOEA,294,5,149.83,980.99,0 4 80 53 66 94 49 51 79 32 3 36 54 70 72 67 86 82 21 1 34 58 77 0,86
PFG_MOEA,294,6,149.83,980.99,0 2 99 25 43 92 62 48 50 45 24 5 29 61 60 52 87 6 65 90 0,5
PFG_MOEA,295,1,141.39,1069.23,0 8 42 28 10 89 47 69 38 44 59 26 96 0,
PFG_MOEA,295,2,141.39,1069.23,0 13 12 41 11 14 98 85 15 73 95 57 0,57
PFG_MOEA,295,3,141.39,1069.23,0 4 80 53 100 81 7 46 27 83 88 63 74 78 64 30 71 35 40 16 20 0,100
PFG_MOEA,295,4,141.39,1069.23,0 31 17 18 19 91 33 37 68 56 39 72 70 54 36 3 58 77 50 0,
PFG_MOEA,295,5,141.39,1069.23,0 2 99 34 1 21 84 23 22 25 43 92 48 62 67 86 82 94 49 66 0,94
PFG_MOEA,295,6,141.39,1069.23,0 24 45 51 32 79 5 29 90 65 6 87 52 60 61 97 93 75 55 9 76 0,
PFG_MOEA,296,1,167.7,934.83,0 96 83 11 14 42 76 9 55 75 81 46 28 69 47 38 44 59 26 10 89 0,26 38 89
PFG_MOEA,296,2,167.7,934.83,0 13 27 12 41 95 57 73 15 98 85 88 63 74 78 64 30 71 35 40 16 18 19 31 20 0,
PFG_MOEA,296,3,167.7,934.83,0 17 91 33 37 68 56 39 84 23 0,
PFG_MOEA,296,4,167.7,934.83,0 4 80 53 66 94 49 51 79 32 3 36 54 70 72 67 86 82 22 21 1 34 48 62 58 77 0,86 94
PFG_MOEA,296,5,167.7,934.83,0 2 99 25 43 92 50 45 24 5 29 90 65 6 87 52 60 61 97 93 100 0,43 45
PFG_MOEA,296,6,167.7,934.83,0 8 7 0,
PFG_MOEA,297,1,173.13,915.94,0 8 28 10 89 47 69 38 44 59 26 96 83 11 98 14 73 41 12 13 95 57 0,38
PFG_MOEA,297,2,173.13,915.94,0 15 85 88 63 74 78 64 30 71 35 40 16 18 19 31 17 20 91 33 37 68 56 39 84 23 22 21 1 34 0,17 40 64 88
PFG_MOEA,297,3,173.13,915.94,0 4 80 53 51 79 0,
PFG_MOEA,297,4,173.13,915.94,0 66 49 32 94 82 86 67 72 70 54 36 3 58 77 48 62 92 43 0,
PFG_MOEA,297,5,173.13,915.94,0 25 99 2 0,
PFG_MOEA,297,6,173.13,915.94,0 50 45 24 5 29 90 65 6 87 52 60 61 97 93 100 75 55 9 76 42 81 7 46 27 0,5 50 81
PFG_MOEA,298,1,152.21,947.44,0 27 12 41 95 57 83 11 96 26 59 44 38 69 47 89 10 0,11
PFG_MOEA,298,2,152.21,947.44,0 28 13 73 14 98 15 85 88 63 74 78 64 30 71 35 40 16 18 19 31 17 20 91 0,17 35 64 88
PFG_MOEA,298,3,152.21,947.44,0 22 23 84 39 56 68 37 33 21 1 34 80 53 51 79 0,
PFG_MOEA,298,4,152.21,947.44,0 92 50 25 99 2 66 49 32 5 24 45 4 0,2 5
PFG_MOEA,298,5,152.21,947.44,0 46 81 75 55 9 76 42 7 8 100 93 97 61 60 52 87 6 65 90 29 94 0,
PFG_MOEA,298,6,152.21,947.44,0 77 58 3 36 54 70 72 67 86 82 62 48 43 0,
PFG_MOEA,299,1,138.05,1111.26,0 73 78 74 63 88 85 15 98 14 0,
PFG_MOEA,299,2,138.05,1111.26,0 20 91 19 17 31 35 71 30 64 40 16 18 68 56 39 84 23 22 0,17 35 64
PFG_MOEA,299,3,138.05,1111.26,0 50 92 37 33 21 1 34 99 2 25 66 49 32 79 51 53 80 0,
PFG_MOEA,299,4,138.05,1111.26,0 6 65 90 29 5 24 45 94 82 86 67 72 70 54 36 3 58 77 62 0,5
PFG_MOEA,299,5,138.05,1111.26,0 43 48 46 81 75 55 9 76 42 7 8 100 93 97 61 60 52 87 4 0,100
PFG_MOEA,299,6,138.05,1111.26,0 28 10 89 47 69 38 44 59 26 96 11 83 57 95 41 12 27 13 0,
PFG_MOEA,300,1,149.83,980.99,0 100 93 97 55 75 0,
PFG_MOEA,300,2,149.83,980.99,0 46 7 81 9 76 42 28 69 47 38 44 59 26 10 89 96 83 11 14 73 95 0,81
PFG_MOEA,300,3,149.83,980.99,0 13 27 12 41 30 64 78 74 63 88 85 98 15 57 0,
PFG_MOEA,300,4,149.83,980.99,0 8 22 23 84 39 56 68 37 33 91 19 18 16 40 71 35 31 17 20 0,40
PFG_MOEA,300,5,149.83,980.99,0 4 80 53 66 94 49 51 79 32 3 36 54 70 72 67 86 82 21 1 34 58 77 0,86
PFG_MOEA,300,6,149.83,980.99,0 2 99 25 43 92 62 48 50 45 24 5 29 61 60 52 87 6 65 90 0,5
PFG_MOEA,301,1,141.39,1069.23,0 8 42 28 10 89 47 69 38 44 59 26 96 0,
PFG_MOEA,301,2,141.39,1069.23,0 13 12 41 11 14 98 85 15 73 95 57 0,57
PFG_MOEA,301,3,141.39,1069.23,0 4 80 53 100 81 7 46 27 83 88 63 74 78 64 30 71 35 40 16 20 0,100
PFG_MOEA,301,4,141.39,1069.23,0 31 17 18 19 91 33 37 68 56 39 72 70 54 36 3 58 77 50 0,
PFG_MOEA,301,5,141.39,1069.23,0 2 99 34 1 21 84 23 22 25 43 92 48 62 67 86 82 94 49 66 0,94
PFG_MOEA,301,6,141.39,1069.23,0 24 45 51 32 79 5 29 90 65 6 87 52 60 61 97 93 75 55 9 76 0,
PFG_MOEA,302,1,167.7,934.83,0 96 83 11 14 42 76 9 55 75 81 46 28 69 47 38 44 59 26 10 89 0,26 38 89
PFG_MOEA,302,2,167.7,934.83,0 13 27 12 41 95 57 73 15 98 85 88 63 74 78 64 30 71 35 40 16 18 19 31 20 0,
PFG_MOEA,302,3,167.7,934.83,0 17 91 33 37 68 56 39 84 23 0,
PFG_MOEA,302,4,167.7,934.83,0 4 80 53 66 94 49 51 79 32 3 36 54 70 72 67 86 82 22 21 1 34 48 62 58 77 0,86 94
PFG_MOEA,302,5,167.7,934.83,0 2 99 25 43 92 50 45 24 5 29 90 65 6 87 52 60 61 97 93 100 0,43 45
PFG_MOEA,302,6,167.7,934.83,0 8 7 0,
PFG_MOEA,303,1,173.13,915.94,0 8 28 10 89 47 69 38 44 59 26 96 83 11 98 14 73 41 12 13 95 57 0,38
PFG_MOEA,303,2,173.13,915.94,0 15 85 88 63 74 78 64 30 71 35 40 16 18 19 31 17 20 91 33 37 68 56 39 84 23 22 21 1 34 0,17 40 64 88
PFG_MOEA,303,3,173.13,915.94,0 4 80 53 51 79 0,
PFG_MOEA,303,4,173.13,915.94,0 66 49 32 94 82 86 67 72 70 54 36 3 58 77 48 62 92 43 0,
PFG_MOEA,303,5,173.13,915.94,0 25 99 2 0,
PFG_MOEA,303,6,173.13,915.94,0 50 45 24 5 29 90 65 6 87 52 60 61 97 93 100 75 55 9 76 42 81 7 46 27 0,5 50 81
PFG_MOEA,304,1,152.21,947.44,0 27 12 41 95 57 83 11 96 26 59 44 38 69 47 89 10 0,11
PFG_MOEA,304,2,152.21,947.44,0 28 13 73 14 98 15 85 88 63 74 78 64 30 71 35 40 16 18 19 31 17 20 91 0,17 35 64 88
PFG_MOEA,304,3,152.21,947.44,0 22 23 84 39 56 68 37 33 21 1 34 80 53 51 79 0,
PFG_MOEA,304,4,152.21,947.44,0 92 50 25 99 2 66 49 32 5 24 45 4 0,2 5
PFG_MOEA,304,5,152.21,947.44,0 46 81 75 55 9 76 42 7 8 100 93 97 61 60 52 87 6 65 90 29 94 0,
PFG_MOEA,304,6,152.21,947.44,0 77 58 3 36 54 70 72 67 86 82 62 48 43 0,
PFG_MOEA,305,1,138.05,1111.26,0 73 78 74 63 88 85 15 98 14 0,
PFG_MOEA,305,2,138.05,1111.26,0 20 91 19 17 31 35 71 30 64 40 16 18 68 56 39 84 23 22 0,17 35 64
PFG_MOEA,305,3,138.05,1111.26,0 50 92 37 33 21 1 34 99 2 25 66 49 32 79 51 53 80 0,
PFG_MOEA,305,4,138.05,1111.26,0 6 65 90 29 5 24 45 94 82 86 67 72 70 54 36 3 58 77 62 0,5
PFG_MOEA,305,5,138.05,1111.26,0 43 48 46 81 75 55 9 76 42 7 8 100 93 97 61 60 52 87 4 0,100
PFG_MOEA,305,6,138.05,1111.26,0 28 10 89 47 69 38 44 59 26 96 11 83 57 95 41 12 27 13 0,
PFG_MOEA,306,1,149.83,980.99,0 100 93 97 55 75 0,
PFG_MOEA,306,2,149.83,980.99,0 46 7 81 9 76 42 28 69 47 38 44 59 26 10 89 96 83 11 14 73 95 0,81
PFG_MOEA,306,3,149.83,980.99,0 13 27 12 41 30 64 78 74 63 88 85 98 15 57 0,
PFG_MOEA,306,4,149.83,980.99,0 8 22 23 84 39 56 68 37 33 91 19 18 16 40 71 35 31 17 20 0,40
PFG_MOEA,306,5,149.83,980.99,0 4 80 53 66 94 49 51 79 32 3 36 54 70 72 67 86 82 21 1 34 58 77 0,86
PFG_MOEA,306,6,149.83,980.99,0 2 99 25 43 92 62 48 50 45 24 5 29 61 60 52 87 6 65 90 0,5
PFG_MOEA,307,1,141.39,1069.23,0 8 42 28 10 89 47 69 38 44 59 26 96 0,
PFG_MOEA,307,2,141.39,1069.23,0 13 12 41 11 14 98 85 15 73 95 57 0,57
PFG_MOEA,307,3,141.39,1069.23,0 4 80 53 100 81 7 46 27 83 88 63 74 78 64 30 71 35 40 16 20 0,100
PFG_MOEA,307,4,141.39,1069.23,0 31 17 18 19 91 33 37 68 56 39 72 70 54 36 3 58 77 50 0,
PFG_MOEA,307,5,141.39,1069.23,0 2 99 34 1 21 84 23 22 25 43 92 48 62 67 86 82 94 49 66 0,94
PFG_MOEA,307,6,141.39,1069.23,0 24 45 51 32 79 5 29 90 65 6 87 52 60 61 97 93 75 55 9 76 0,
PFG_MOEA,308,1,167.7,934.83,0 96 83 11 14 42 76 9 55 75 81 46 28 69 47 38 44 59 26 10 89 0,26 38 89
PFG_MOEA,308,2,167.7,934.83,0 13 27 12 41 95 57 73 15 98 85 88 63 74 78 64 30 71 35 40 16 18 19 31 20 0,
PFG_MOEA,308,3,167.7,934.83,0 17 91 33 37 68 56 39 84 23 0,
PFG_MOEA,308,4,167.7,934.83,0 4 80 53 66 94 49 51 79 32 3 36 54 70 72 67 86 82 22 21 1 34 48 62 58 77 0,86 94
PFG_MOEA,308,5,167.7,934.83,0 2 99 25 43 92 50 45 24 5 29 90 65 6 87 52 60 61 97 93 100 0,43 45
PFG_MOEA,308,6,167.7,934.83,0 8 7 0,
PFG_MOEA,309,1,173.13,915.94,0 8 28 10 89 47 69 38 44 59 26 96 83 11 98 14 73 41 12 13 95 57 0,38
PFG_MOEA,309,2,173.13,915.94,0 15 85 88 63 74 78 64 30 71 35 40 16 18 19 31 17 20 91 33 37 68 56 39 84 23 22 21 1 34 0,17 40 64 88
PFG_MOEA,309,3,173.13,915.94,0 4 80 53 51 79 0,
PFG_MOEA,309,4,173.13,915.94,0 66 49 32 94 82 86 67 72 70 54 36 3 58 77 48 62 92 43 0,
PFG_MOEA,309,5,173.13,915.94,0 25 99 2 0,
PFG_MOEA,309,6,173.13,915.94,0 50 45 24 5 29 90 65 6 87 52 60 61 97 93 100 75 55 9 76 42 81 7 46 27 0,5 50 81
PFG_MOEA,310,1,152.21,947.44,0 27 12 41 95 57 83 11 96 26 59 44 38 69 47 89 10 0,11
PFG_MOEA,310,2,152.21,947.44,0 28 13 73 14 98 15 85 88 63 74 78 64 30 71 35 40 16 18 19 31 17 20 91 0,17 35 64 88
PFG_MOEA,310,3,152.21,947.44,0 22 23 84 39 56 68 37 33 21 1 34 80 53 51 79 0,
PFG_MOEA,310,4,152.21,947.44,0 92 50 25 99 2 66 49 32 5 24 45 4 0,2 5
PFG_MOEA,310,5,152.21,947.44,0 46 81 75 55 9 76 42 7 8 100 93 97 61 60 52 87 6 65 90 29 94 0,
PFG_MOEA,310,6,152.21,947.44,0 77 58 3 36 54 70 72 67 86 82 62 48 43 0,
PFG_MOEA,311,1,138.05,1111.26,0 73 78 74 63 88 85 15 98 14 0,
PFG_MOEA,311,2,138.05,1111.26,0 20 91 19 17 31 35 71 30 64 40 16 18 68 56 39 84 23 22 0,17 35 64
PFG_MOEA,311,3,138.05,1111.26,0 50 92 37 33 21 1 34 99 2 25 66 49 32 79 51 53 80 0,
PFG_MOEA,311,4,138.05,1111.26,0 6 65 90 29 5 24 45 94 82 86 67 72 70 54 36 3 58 77 62 0,5
PFG_MOEA,311,5,138.05,1111.26,0 43 48 46 81 75 55 9 76 42 7 8 100 93 97 61 60 52 87 4 0,100
PFG_MOEA,311,6,138.05,1111.26,0 28 10 89 47 69 38 44 59 26 96 11 83 57 95 41 12 27 13 0,
PFG_MOEA,312,1,149.83,980.99,0 100 93 97 55 75 0,
PFG_MOEA,312,2,149.83,980.99,0 46 7 81 9 76 42 28 69 47 38 44 59 26 10 89 96 83 11 14 73 95 0,81
PFG_MOEA,312,3,149.83,980.99,0 13 27 12 41 30 64 78 74 63 88 85 98 15 57 0,
PFG_MOEA,312,4,149.83,980.99,0 8 22 23 84 39 56 68 37 33 91 19 18 16 40 71 35 31 17 20 0,40
PFG_MOEA,312,5,149.83,980.99,0 4 80 53 66 94 49 51 79 32 3 36 54 70 72 67 86 82 21 1 34 58 77 0,86
PFG_MOEA,312,6,149.83,980.99,0 2 99 25 43 92 62 48 50 45 24 5 29 61 60 52 87 6 65 90 0,5
PFG_MOEA,313,1,141.39,1069.23,0 8 42 28 10 89 47 69 38 44 59 26 96 0,
PFG_MOEA,313,2,141.39,1069.23,0 13 12 41 11 14 98 85 15 73 95 57 0,57
PFG_MOEA,313,3,141.39,1069.23,0 4 80 53 100 81 7 46 27 83 88 63 74 78 64 30 71 35 40 16 20 0,100
PFG_MOEA,313,4,141.39,1069.23,0 31 17 18 19 91 33 37 68 56 39 72 70 54 36 3 58 77 50 0,
PFG_MOEA,313,5,141.39,1069.23,0 2 99 34 1 21 84 23 22 25 43 92 48 62 67 86 82 94 49 66 0,94
PFG_MOEA,313,6,141.39,1069.23,0 24 45 51 32 79 5 29 90 65 6 87 52 60 61 97 93 75 55 9 76 0,
PFG_MOEA,314,1,167.7,934.83,0 96 83 11 14 42 76 9 55 75 81 46 28 69 47 38 44 59 26 10 89 0,26 38 89
PFG_MOEA,314,2,167.7,934.83,0 13 27 12 41 95 57 73 15 98 85 88 63 74 78 64 30 71 35 40 16 18 19 31 20 0,
PFG_MOEA,314,3,167.7,934.83,0 17 91 33 37 68 56 39 84 23 0,
PFG_MOEA,314,4,167.7,934.83,0 4 80 53 66 94 49 51 79 32 3 36 54 70 72 67 86 82 22 21 1 34 48 62 58 77 0,86 94
PFG_MOEA,314,5,167.7,934.83,0 2 99 25 43 92 50 45 24 5 29 90 65 6 87 52 60 61 97 93 100 0,43 45
PFG_MOEA,314,6,167.7,934.83,0 8 7 0,
PFG_MOEA,315,1,173.13,915.94,0 8 28 10 89 47 69 38 44 59 26 96 83 11 98 14 73 41 12 13 95 57 0,38
PFG_MOEA,315,2,173.13,915.94,0 15 85 88 63 74 78 64 30 71 35 40 16 18 19 31 17 20 91 33 37 68 56 39 84 23 22 21 1 34 0,17 40 64 88
PFG_MOEA,315,3,173.13,915.94,0 4 80 53 51 79 0,
PFG_MOEA,315,4,173.13,915.94,0 66 49 32 94 82 86 67 72 70 54 36 3 58 77 48 62 92 43 0,
PFG_MOEA,315,5,173.13,915.94,0 25 99 2 0,
PFG_MOEA,315,6,173.13,915.94,0 50 45 24 5 29 90 65 6 87 52 60 61 97 93 100 75 55 9 76 42 81 7 46 27 0,5 50 81
PFG_MOEA,316,1,152.21,947.44,0 27 12 41 95 57 83 11 96 26 59 44 38 69 47 89 10 0,11
PFG_MOEA,316,2,152.21,947.44,0 28 13 73 14 98 15 85 88 63 74 78 64 30 71 35 40 16 18 19 31 17 20 91 0,17 35 64 88
PFG_MOEA,316,3,152.21,947.44,0 22 23 84 39 56 68 37 33 21 1 34 80 53 51 79 0,
PFG_MOEA,316,4,152.21,947.44,0 92 50 25 99 2 66 49 32 5 24 45 4 0,2 5
PFG_MOEA,316,5,152.21,947.44,0 46 81 75 55 9 76 42 7 8 100 93 97 61 60 52 87 6 65 90 29 94 0,
PFG_MOEA,316,6,152.21,947.44,0 77 58 3 36 54 70 72 67 86 82 62 48 43 0,
PFG_MOEA,317,1,138.05,1111.26,0 73 78 74 63 88 85 15 98 14 0,
PFG_MOEA,317,2,138.05,1111.26,0 20 91 19 17 31 35 71 30 64 40 16 18 68 56 39 84 23 22 0,17 35 64
PFG_MOEA,317,3,138.05,1111.26,0 50 92 37 33 21 1 34 99 2 25 66 49 32 79 51 53 80 0,
PFG_MOEA,317,4,138.05,1111.26,0 6 65 90 29 5 24 45 94 82 86 67 72 70 54 36 3 58 77 62 0,5
PFG_MOEA,317,5,138.05,1111.26,0 43 48 46 81 75 55 9 76 42 7 8 100 93 97 61 60 52 87 4 0,100
PFG_MOEA,317,6,138.05,1111.26,0 28 10 89 47 69 38 44 59 26 96 11 83 57 95 41 12 27 13 0,
PFG_MOEA,318,1,149.83,980.99,0 100 93 97 55 75 0,
PFG_MOEA,318,2,149.83,980.99,0 46 7 81 9 76 42 28 69 47 38 44 59 26 10 89 96 83 11 14 73 95 0,81
PFG_MOEA,318,3,149.83,980.99,0 13 27 12 41 30 64 78 74 63 88 85 98 15 57 0,
PFG_MOEA,318,4,149.83,980.99,0 8 22 23 84 39 56 68 37 33 91 19 18 16 40 71 35 31 17 20 0,40
PFG_MOEA,318,5,149.83,980.99,0 4 80 53 66 94 49 51 79 32 3 36 54 70 72 67 86 82 21 1 34 58 77 0,86
PFG_MOEA,318,6,149.83,980.99,0 2 99 25 43 92 62 48 50 45 24 5 29 61 60 52 87 6 65 90 0,5
PFG_MOEA,319,1,143.0,1006.23,0 13 27 12 41 11 83 96 59 44 38 47 69 89 10 26 98 14 73 95 57 0,13
PFG_MOEA,319,2,143.0,1006.23,0 8 15 85 88 63 74 78 64 30 71 35 40 0,64 88
PFG_MOEA,319,3,143.0,1006.23,0 20 17 31 16 18 19 91 33 37 68 56 39 84 23 22 21 1 34 0,
PFG_MOEA,319,4,143.0,1006.23,0 4 80 53 66 49 51 79 32 94 82 86 67 72 70 54 36 3 58 77 0,80 94
PFG_MOEA,319,5,143.0,1006.23,0 2 99 25 43 92 62 48 50 45 24 5 29 52 87 6 65 90 0,43 48 65
PFG_MOEA,319,6,143.0,1006.23,0 100 93 60 61 97 75 55 9 76 42 81 7 46 28 0,
PFG_MOEA,320,1,182.07,852.88,0 8 100 97 75 55 9 76 42 81 7 46 28 69 47 38 44 59 26 10 89 96 83 11 14 13 0,26 81
PFG_MOEA,320,2,182.07,852.88,0 27 12 0,
PFG_MOEA,320,3,182.07,852.88,0 57 95 41 73 15 98 85 88 63 74 78 64 30 71 35 40 16 18 19 17 31 20 0,
PFG_MOEA,320,4,182.07,852.88,0 4 80 53 66 94 49 51 79 32 3 36 54 70 72 67 86 82 23 84 39 56 68 37 33 22 21 91 1 0,86
PFG_MOEA,320,5,182.07,852.88,0 50 2 99 34 25 43 92 48 62 58 77 45 0,48 50
PFG_MOEA,320,6,182.07,852.88,0 24 5 29 90 65 6 87 52 60 61 93 0,5
PFG_MOEA,321,1,141.39,1069.23,0 8 42 28 10 89 47 69 38 44 59 26 96 0,
PFG_MOEA,321,2,141.39,1069.23,0 13 12 41 11 14 98 85 15 73 95 57 0,57
PFG_MOEA,321,3,141.39,1069.23,0 4 80 53 100 81 7 46 27 83 88 63 74 78 64 30 71 35 40 16 20 0,100
PFG_MOEA,321,4,141.39,1069.23,0 31 17 18 19 91 33 37 68 56 39 72 70 54 36 3 58 77 50 0,
PFG_MOEA,321,5,141.39,1069.23,0 2 99 34 1 21 84 23 22 25 43 92 48 62 67 86 82 94 49 66 0,94
PFG_MOEA,321,6,141.39,1069.23,0 24 45 51 32 79 5 29 90 65 6 87 52 60 61 97 93 75 55 9 76 0,
PFG_MOEA,322,1,167.7,934.83,0 96 83 11 14 42 76 9 55 75 81 46 28 69 47 38 44 59 26 10 89 0,26 38 89
PFG_MOEA,322,2,167.7,934.83,0 13 27 12 41 95 57 73 15 98 85 88 63 74 78 64 30 71 35 40 16 18 19 31 20 0,
PFG_MOEA,322,3,167.7,934.83,0 17 91 33 37 68 56 39 84 23 0,
PFG_MOEA,322,4,167.7,934.83,0 4 80 53 66 94 49 51 79 32 3 36 54 70 72 67 86 82 22 21 1 34 48 62 58 77 0,86 94
PFG_MOEA,322,5,167.7,934.83,0 2 99 25 43 92 50 45 24 5 29 90 65 6 87 52 60 61 97 93 100 0,43 45
PFG_MOEA,322,6,167.7,934.83,0 8 7 0,
PFG_MOEA,323,1,173.13,915.94,0 8 28 10 89 47 69 38 44 59 26 96 83 11 98 14 73 41 12 13 95 57 0,38
PFG_MOEA,323,2,173.13,915.94,0 15 85 88 63 74 78 64 30 71 35 40 16 18 19 31 17 20 91 33 37 68 56 39 84 23 22 21 1 34 0,17 40 64 88
PFG_MOEA,323,3,173.13,915.94,0 4 80 53 51 79 0,
PFG_MOEA,323,4,173.13,915.94,0 66 49 32 94 82 86 67 72 70 54 36 3 58 77 48 62 92 43 0,
PFG_MOEA,323,5,173.13,915.94,0 25 99 2 0,
PFG_MOEA,323,6,173.13,915.94,0 50 45 24 5 29 90 65 6 87 52 60 61 97 93 100 75 55 9 76 42 81 7 46 27 0,5 50 81
PFG_MOEA,324,1,152.21,947.44,0 27 12 41 95 57 83 11 96 26 59 44 38 69 47 89 10 0,11
PFG_MOEA,324,2,152.21,947.44,0 28 13 73 14 98 15 85 88 63 74 78 64 30 71 35 40 16 18 19 31 17 20 91 0,17 35 64 88
PFG_MOEA,324,3,152.21,947.44,0 22 23 84 39 56 68 37 33 21 1 34 80 53 51 79 0,
PFG_MOEA,324,4,152.21,947.44,0 92 50 25 99 2 66 49 32 5 24 45 4 0,2 5
PFG_MOEA,324,5,152.21,947.44,0 46 81 75 55 9 76 42 7 8 100 93 97 61 60 52 87 6 65 90 29 94 0,
PFG_MOEA,324,6,152.21,947.44,0 77 58 3 36 54 70 72 67 86 82 62 48 43 0,
PFG_MOEA,325,1,138.05,1111.26,0 73 78 74 63 88 85 15 98 14 0,
PFG_MOEA,325,2,138.05,1111.26,0 20 91 19 17 31 35 71 30 64 40 16 18 68 56 39 84 23 22 0,17 35 64
PFG_MOEA,325,3,138.05,1111.26,0 50 92 37 33 21 1 34 99 2 25 66 49 32 79 51 53 80 0,
PFG_MOEA,325,4,138.05,1111.26,0 6 65 90 29 5 24 45 94 82 86 67 72 70 54 36 3 58 77 62 0,5
PFG_MOEA,325,5,138.05,1111.26,0 43 48 46 81 75 55 9 76 42 7 8 100 93 97 61 60 52 87 4 0,100
PFG_MOEA,325,6,138.05,1111.26,0 28 10 89 47 69 38 44 59 26 96 11 83 57 95 41 12 27 13 0,
PFG_MOEA,326,1,149.83,980.99,0 100 93 97 55 75 0,
PFG_MOEA,326,2,149.83,980.99,0 46 7 81 9 76 42 28 69 47 38 44 59 26 10 89 96 83 11 14 73 95 0,81
PFG_MOEA,326,3,149.83,980.99,0 13 27 12 41 30 64 78 74 63 88 85 98 15 57 0,
PFG_MOEA,326,4,149.83,980.99,0 8 22 23 84 39 56 68 37 33 91 19 18 16 40 71 35 31 17 20 0,40
PFG_MOEA,326,5,149.83,980.99,0 4 80 53 66 94 49 51 79 32 3 36 54 70 72 67 86 82 21 1 34 58 77 0,86
PFG_MOEA,326,6,149.83,980.99,0 2 99 25 43 92 62 48 50 45 24 5 29 61 60 52 87 6 65 90 0,5
PFG_MOEA,327,1,143.0,1006.23,0 13 27 12 41 11 83 96 59 44 38 47 69 89 10 26 98 14 73 95 57 0,13
PFG_MOEA,327,2,143.0,1006.23,0 8 15 85 88 63 74 78 64 30 71 35 40 0,64 88
PFG_MOEA,327,3,143.0,1006.23,0 20 17 31 16 18 19 91 33 37 68 56 39 84 23 22 21 1 34 0,
PFG_MOEA,327,4,143.0,1006.23,0 4 80 53 66 49 51 79 32 94 82 86 67 72 70 54 36 3 58 77 0,80 94
PFG_MOEA,327,5,143.0,1006.23,0 2 99 25 43 92 62 48 50 45 24 5 29 52 87 6 65 90 0,43 48 65
PFG_MOEA,327,6,143.0,1006.23,0 100 93 60 61 97 75 55 9 76 42 81 7 46 28 0,
PFG_MOEA,328,1,182.07,852.88,0 8 100 97 75 55 9 76 42 81 7 46 28 69 47 38 44 59 26 10 89 96 83 11 14 13 0,26 81
PFG_MOEA,328,2,182.07,852.88,0 27 12 0,
PFG_MOEA,328,3,182.07,852.88,0 57 95 41 73 15 98 85 88 63 74 78 64 30 71 35 40 16 18 19 17 31 20 0,
PFG_MOEA,328,4,182.07,852.88,0 4 80 53 66 94 49 51 79 32 3 36 54 70 72 67 86 82 23 84 39 56 68 37 33 22 21 91 1 0,86
PFG_MOEA,328,5,182.07,852.88,0 50 2 99 34 25 43 92 48 62 58 77 45 0,48 50
PFG_MOEA,328,6,182.07,852.88,0 24 5 29 90 65 6 87 52 60 61 93 0,5
PFG_MOEA,329,1,141.39,1069.23,0 8 42 28 10 89 47 69 38 44 59 26 96 0,
PFG_MOEA,329,2,141.39,1069.23,0 13 12 41 11 14 98 85 15 73 95 57 0,57
PFG_MOEA,329,3,141.39,1069.23,0 4 80 53 100 81 7 46 27 83 88 63 74 78 64 30 71 35 40 16 20 0,100
PFG_MOEA,329,4,141.39,1069.23,0 31 17 18 19 91 33 37 68 56 39 72 70 54 36 3 58 77 50 0,
PFG_MOEA,329,5,141.39,1069.23,0 2 99 34 1 21 84 23 22 25 43 92 48 62 67 86 82 94 49 66 0,94
PFG_MOEA,329,6,141.39,1069.23,0 24 45 51 32 79 5 29 90 65 6 87 52 60 61 97 93 75 55 9 76 0,
PFG_MOEA,330,1,167.7,934.83,0 96 83 11 14 42 76 9 55 75 81 46 28 69 47 38 44 59 26 10 89 0,26 38 89
PFG_MOEA,330,2,167.7,934.83,0 13 27 12 41 95 57 73 15 98 85 88 63 74 78 64 30 71 35 40 16 18 19 31 20 0,
PFG_MOEA,330,3,167.7,934.83,0 17 91 33 37 68 56 39 84 23 0,
PFG_MOEA,330,4,167.7,934.83,0 4 80 53 66 94 49 51 79 32 3 36 54 70 72 67 86 82 22 21 1 34 48 62 58 77 0,86 94
PFG_MOEA,330,5,167.7,934.83,0 2 99 25 43 92 50 45 24 5 29 90 65 6 87 52 60 61 97 93 100 0,43 45
PFG_MOEA,330,6,167.7,934.83,0 8 7 0,
PFG_MOEA,331,1,173.13,915.94,0 8 28 10 89 47 69 38 44 59 26 96 83 11 98 14 73 41 12 13 95 57 0,38
PFG_MOEA,331,2,173.13,915.94,0 15 85 88 63 74 78 64 30 71 35 40 16 18 19 31 17 20 91 33 37 68 56 39 84 23 22 21 1 34 0,17 40 64 88
PFG_MOEA,331,3,173.13,915.94,0 4 80 53 51 79 0,
PFG_MOEA,331,4,173.13,915.94,0 66 49 32 94 82 86 67 72 70 54 36 3 58 77 48 62 92 43 0,
PFG_MOEA,331,5,173.13,915.94,0 25 99 2 0,
PFG_MOEA,331,6,173.13,915.94,0 50 45 24 5 29 90 65 6 87 52 60 61 97 93 100 75 55 9 76 42 81 7 46 27 0,5 50 81
PFG_MOEA,332,1,152.21,947.44,0 27 12 41 95 57 83 11 96 26 59 44 38 69 47 89 10 0,11
PFG_MOEA,332,2,152.21,947.44,0 28 13 73 14 98 15 85 88 63 74 78 64 30 71 35 40 16 18 19 31 17 20 91 0,17 35 64 88
PFG_MOEA,332,3,152.21,947.44,0 22 23 84 39 56 68 37 33 21 1 34 80 53 51 79 0,
PFG_MOEA,332,4,152.21,947.44,0 92 50 25 99 2 66 49 32 5 24 45 4 0,2 5
PFG_MOEA,332,5,152.21,947.44,0 46 81 75 55 9 76 42 7 8 100 93 97 61 60 52 87 6 65 90 29 94 0,
PFG_MOEA,332,6,152.21,947.44,0 77 58 3 36 54 70 72 67 86 82 62 48 43 0,
PFG_MOEA,333,1,138.05,1111.26,0 73 78 74 63 88 85 15 98 14 0,
PFG_MOEA,333,2,138.05,1111.26,0 20 91 19 17 31 35 71 30 64 40 16 18 68 56 39 84 23 22 0,17 35 64
PFG_MOEA,333,3,138.05,1111.26,0 50 92 37 33 21 1 34 99 2 25 66 49 32 79 51 53 80 0,
PFG_MOEA,333,4,138.05,1111.26,0 6 65 90 29 5 24 45 94 82 86 67 72 70 54 36 3 58 77 62 0,5
PFG_MOEA,333,5,138.05,1111.26,0 43 48 46 81 75 55 9 76 42 7 8 100 93 97 61 60 52 87 4 0,100
PFG_MOEA,333,6,138.05,1111.26,0 28 10 89 47 69 38 44 59 26 96 11 83 57 95 41 12 27 13 0,
PFG_MOEA,334,1,149.83,980.99,0 100 93 97 55 75 0,
PFG_MOEA,334,2,149.83,980.99,0 46 7 81 9 76 42 28 69 47 38 44 59 26 10 89 96 83 11 14 73 95 0,81
PFG_MOEA,334,3,149.83,980.99,0 13 27 12 41 30 64 78 74 63 88 85 98 15 57 0,
PFG_MOEA,334,4,149.83,980.99,0 8 22 23 84 39 56 68 37 33 91 19 18 16 40 71 35 31 17 20 0,40
PFG_MOEA,334,5,149.83,980.99,0 4 80 53 66 94 49 51 79 32 3 36 54 70 72 67 86 82 21 1 34 58 77 0,86
PFG_MOEA,334,6,149.83,980.99,0 2 99 25 43 92 62 48 50 45 24 5 29 61 60 52 87 6 65 90 0,5
PFG_MOEA,335,1,143.0,1006.23,0 13 27 12 41 11 83 96 59 44 38 47 69 89 10 26 98 14 73 95 57 0,13
PFG_MOEA,335,2,143.0,1006.23,0 8 15 85 88 63 74 78 64 30 71 35 40 0,64 88
PFG_MOEA,335,3,143.0,1006.23,0 20 17 31 16 18 19 91 33 37 68 56 39 84 23 22 21 1 34 0,
PFG_MOEA,335,4,143.0,1006.23,0 4 80 53 66 49 51 79 32 94 82 86 67 72 70 54 36 3 58 77 0,80 94
PFG_MOEA,335,5,143.0,1006.23,0 2 99 25 43 92 62 48 50 45 24 5 29 52 87 6 65 90 0,43 48 65
PFG_MOEA,335,6,143.0,1006.23,0 100 93 60 61 97 75 55 9 76 42 81 7 46 28 0,
PFG_MOEA,336,1,182.07,852.88,0 8 100 97 75 55 9 76 42 81 7 46 28 69 47 38 44 59 26 10 89 96 83 11 14 13 0,26 81
PFG_MOEA,336,2,182.07,852.88,0 27 12 0,
PFG_MOEA,336,3,182.07,852.88,0 57 95 41 73 15 98 85 88 63 74 78 64 30 71 35 40 16 18 19 17 31 20 0,
PFG_MOEA,336,4,182.07,852.88,0 4 80 53 66 94 49 51 79 32 3 36 54 70 72 67 86 82 23 84 39 56 68 37 33 22 21 91 1 0,86
PFG_MOEA,336,5,182.07,852.88,0 50 2 99 34 25 43 92 48 62 58 77 45 0,48 50
PFG_MOEA,336,6,182.07,852.88,0 24 5 29 90 65 6 87 52 60 61 93 0,5
PFG_MOEA,337,1,141.39,1069.23,0 8 42 28 10 89 47 69 38 44 59 26 96 0,
PFG_MOEA,337,2,141.39,1069.23,0 13 12 41 11 14 98 85 15 73 95 57 0,57
PFG_MOEA,337,3,141.39,1069.23,0 4 80 53 100 81 7 46 27 83 88 63 74 78 64 30 71 35 40 16 20 0,100
PFG_MOEA,337,4,141.39,1069.23,0 31 17 18 19 91 33 37 68 56 39 72 70 54 36 3 58 77 50 0,
PFG_MOEA,337,5,141.39,1069.23,0 2 99 34 1 21 84 23 22 25 43 92 48 62 67 86 82 94 49 66 0,94
PFG_MOEA,337,6,141.39,1069.23,0 24 45 51 32 79 5 29 90 65 6 87 52 60 61 97 93 75 55 9 76 0,
PFG_MOEA,338,1,167.7,934.83,0 96 83 11 14 42 76 9 55 75 81 46 28 69 47 38 44 59 26 10 89 0,26 38 89
PFG_MOEA,338,2,167.7,934.83,0 13 27 12 41 95 57 73 15 98 85 88 63 74 78 64 30 71 35 40 16 18 19 31 20 0,
PFG_MOEA,338,3,167.7,934.83,0 17 91 33 37 68 56 39 84 23 0,
PFG_MOEA,338,4,167.7,934.83,0 4 80 53 66 94 49 51 79 32 3 36 54 70 72 67 86 82 22 21 1 34 48 62 58 77 0,86 94
PFG_MOEA,338,5,167.7,934.83,0 2 99 25 43 92 50 45 24 5 29 90 65 6 87 52 60 61 97 93 100 0,43 45
PFG_MOEA,338,6,167.7,934.83,0 8 7 0,
PFG_MOEA,339,1,173.13,915.94,0 8 28 10 89 47 69 38 44 59 26 96 83 11 98 14 73 41 12 13 95 57 0,38
PFG_MOEA,339,2,173.13,915.94,0 15 85 88 63 74 78 64 30 71 35 40 16 18 19 31 17 20 91 33 37 68 56 39 84 23 22 21 1 34 0,17 40 64 88
PFG_MOEA,339,3,173.13,915.94,0 4 80 53 51 79 0,
PFG_MOEA,339,4,173.13,915.94,0 66 49 32 94 82 86 67 72 70 54 36 3 58 77 48 62 92 43 0,
PFG_MOEA,339,5,173.13,915.94,0 25 99 2 0,
PFG_MOEA,339,6,173.13,915.94,0 50 45 24 5 29 90 65 6 87 52 60 61 97 93 100 75 55 9 76 42 81 7 46 27 0,5 50 81
PFG_MOEA,340,1,152.21,947.44,0 27 12 41 95 57 83 11 96 26 59 44 38 69 47 89 10 0,11
PFG_MOEA,340,2,152.21,947.44,0 28 13 73 14 98 15 85 88 63 74 78 64 30 71 35 40 16 18 19 31 17 20 91 0,17 35 64 88
PFG_MOEA,340,3,152.21,947.44,0 22 23 84 39 56 68 37 33 21 1 34 80 53 51 79 0,
PFG_MOEA,340,4,152.21,947.44,0 92 50 25 99 2 66 49 32 5 24 45 4 0,2 5
PFG_MOEA,340,5,152.21,947.44,0 46 81 75 55 9 76 42 7 8 100 93 97 61 60 52 87 6 65 90 29 94 0,
PFG_MOEA,340,6,152.21,947.44,0 77 58 3 36 54 70 72 67 86 82 62 48 43 0,
PFG_MOEA,341,1,138.05,1111.26,0 73 78 74 63 88 85 15 98 14 0,
PFG_MOEA,341,2,138.05,1111.26,0 20 91 19 17 31 35 71 30 64 40 16 18 68 56 39 84 23 22 0,17 35 64
PFG_MOEA,341,3,138.05,1111.26,0 50 92 37 33 21 1 34 99 2 25 66 49 32 79 51 53 80 0,
PFG_MOEA,341,4,138.05,1111.26,0 6 65 90 29 5 24 45 94 82 86 67 72 70 54 36 3 58 77 62 0,5
PFG_MOEA,341,5,138.05,1111.26,0 43 48 46 81 75 55 9 76 42 7 8 100 93 97 61 60 52 87 4 0,100
PFG_MOEA,341,6,138.05,1111.26,0 28 10 89 47 69 38 44 59 26 96 11 83 57 95 41 12 27 13 0,
PFG_MOEA,342,1,149.83,980.99,0 100 93 97 55 75 0,
PFG_MOEA,342,2,149.83,980.99,0 46 7 81 9 76 42 28 69 47 38 44 59 26 10 89 96 83 11 14 73 95 0,81
PFG_MOEA,342,3,149.83,980.99,0 13 27 12 41 30 64 78 74 63 88 85 98 15 57 0,
PFG_MOEA,342,4,149.83,980.99,0 8 22 23 84 39 56 68 37 33 91 19 18 16 40 71 35 31 17 20 0,40
PFG_MOEA,342,5,149.83,980.99,0 4 80 53 66 94 49 51 79 32 3 36 54 70 72 67 86 82 21 1 34 58 77 0,86
PFG_MOEA,342,6,149.83,980.99,0 2 99 25 43 92 62 48 50 45 24 5 29 61 60 52 87 6 65 90 0,5
PFG_MOEA,343,1,143.0,1006.23,0 13 27 12 41 11 83 96 59 44 38 47 69 89 10 26 98 14 73 95 57 0,13
PFG_MOEA,343,2,143.0,1006.23,0 8 15 85 88 63 74 78 64 30 71 35 40 0,64 88
PFG_MOEA,343,3,143.0,1006.23,0 20 17 31 16 18 19 91 33 37 68 56 39 84 23 22 21 1 34 0,
PFG_MOEA,343,4,143.0,1006.23,0 4 80 53 66 49 51 79 32 94 82 86 67 72 70 54 36 3 58 77 0,80 94
PFG_MOEA,343,5,143.0,1006.23,0 2 99 25 43 92 62 48 50 45 24 5 29 52 87 6 65 90 0,43 48 65
PFG_MOEA,343,6,143.0,1006.23,0 100 93 60 61 97 75 55 9 76 42 81 7 46 28 0,
PFG_MOEA,344,1,182.07,852.88,0 8 100 97 75 55 9 76 42 81 7 46 28 69 47 38 44 59 26 10 89 96 83 11 14 13 0,26 81
PFG_MOEA,344,2,182.07,852.88,0 27 12 0,
PFG_MOEA,344,3,182.07,852.88,0 57 95 41 73 15 98 85 88 63 74 78 64 30 71 35 40 16 18 19 17 31 20 0,
PFG_MOEA,344,4,182.07,852.88,0 4 80 53 66 94 49 51 79 32 3 36 54 70 72 67 86 82 23 84 39 56 68 37 33 22 21 91 1 0,86
PFG_MOEA,344,5,182.07,852.88,0 50 2 99 34 25 43 92 48 62 58 77 45 0,48 50
PFG_MOEA,344,6,182.07,852.88,0 24 5 29 90 65 6 87 52 60 61 93 0,5
PFG_MOEA,345,1,141.39,1069.23,0 8 42 28 10 89 47 69 38 44 59 26 96 0,
PFG_MOEA,345,2,141.39,1069.23,0 13 12 41 11 14 98 85 15 73 95 57 0,57
PFG_MOEA,345,3,141.39,1069.23,0 4 80 53 100 81 7 46 27 83 88 63 74 78 64 30 71 35 40 16 20 0,100
PFG_MOEA,345,4,141.39,1069.23,0 31 17 18 19 91 33 37 68 56 39 72 70 54 36 3 58 77 50 0,
PFG_MOEA,345,5,141.39,1069.23,0 2 99 34 1 21 84 23 22 25 43 92 48 62 67 86 82 94 49 66 0,94
PFG_MOEA,345,6,141.39,1069.23,0 24 45 51 32 79 5 29 90 65 6 87 52 60 61 97 93 75 55 9 76 0,
PFG_MOEA,346,1,167.7,934.83,0 96 83 11 14 42 76 9 55 75 81 46 28 69 47 38 44 59 26 10 89 0,26 38 89
PFG_MOEA,346,2,167.7,934.83,0 13 27 12 41 95 57 73 15 98 85 88 63 74 78 64 30 71 35 40 16 18 19 31 20 0,
PFG_MOEA,346,3,167.7,934.83,0 17 91 33 37 68 56 39 84 23 0,
PFG_MOEA,346,4,167.7,934.83,0 4 80 53 66 94 49 51 79 32 3 36 54 70 72 67 86 82 22 21 1 34 48 62 58 77 0,86 94
PFG_MOEA,346,5,167.7,934.83,0 2 99 25 43 92 50 45 24 5 29 90 65 6 87 52 60 61 97 93 100 0,43 45
PFG_MOEA,346,6,167.7,934.83,0 8 7 0,
PFG_MOEA,347,1,173.13,915.94,0 8 28 10 89 47 69 38 44 59 26 96 83 11 98 14 73 41 12 13 95 57 0,38
PFG_MOEA,347,2,173.13,915.94,0 15 85 88 63 74 78 64 30 71 35 40 16 18 19 31 17 20 91 33 37 68 56 39 84 23 22 21 1 34 0,17 40 64 88
PFG_MOEA,347,3,173.13,915.94,0 4 80 53 51 79 0,
PFG_MOEA,347,4,173.13,915.94,0 66 49 32 94 82 86 67 72 70 54 36 3 58 77 48 62 92 43 0,
PFG_MOEA,347,5,173.13,915.94,0 25 99 2 0,
PFG_MOEA,347,6,173.13,915.94,0 50 45 24 5 29 90 65 6 87 52 60 61 97 93 100 75 55 9 76 42 81 7 46 27 0,5 50 81
PFG_MOEA,348,1,152.21,947.44,0 27 12 41 95 57 83 11 96 26 59 44 38 69 47 89 10 0,11
PFG_MOEA,348,2,152.21,947.44,0 28 13 73 14 98 15 85 88 63 74 78 64 30 71 35 40 16 18 19 31 17 20 91 0,17 35 64 88
PFG_MOEA,348,3,152.21,947.44,0 22 23 84 39 56 68 37 33 21 1 34 80 53 51 79 0,
PFG_MOEA,348,4,152.21,947.44,0 92 50 25 99 2 66 49 32 5 24 45 4 0,2 5
PFG_MOEA,348,5,152.21,947.44,0 46 81 75 55 9 76 42 7 8 100 93 97 61 60 52 87 6 65 90 29 94 0,
PFG_MOEA,348,6,152.21,947.44,0 77 58 3 36 54 70 72 67 86 82 62 48 43 0,
PFG_MOEA,349,1,138.05,1111.26,0 73 78 74 63 88 85 15 98 14 0,
PFG_MOEA,349,2,138.05,1111.26,0 20 91 19 17 31 35 71 30 64 40 16 18 68 56 39 84 23 22 0,17 35 64
PFG_MOEA,349,3,138.05,1111.26,0 50 92 37 33 21 1 34 99 2 25 66 49 32 79 51 53 80 0,
PFG_MOEA,349,4,138.05,1111.26,0 6 65 90 29 5 24 45 94 82 86 67 72 70 54 36 3 58 77 62 0,5
PFG_MOEA,349,5,138.05,1111.26,0 43 48 46 81 75 55 9 76 42 7 8 100 93 97 61 60 52 87 4 0,100
PFG_MOEA,349,6,138.05,1111.26,0 28 10 89 47 69 38 44 59 26 96 11 83 57 95 41 12 27 13 0,
PFG_MOEA,350,1,149.83,980.99,0 100 93 97 55 75 0,
PFG_MOEA,350,2,149.83,980.99,0 46 7 81 9 76 42 28 69 47 38 44 59 26 10 89 96 83 11 14 73 95 0,81
PFG_MOEA,350,3,149.83,980.99,0 13 27 12 41 30 64 78 74 63 88 85 98 15 57 0,
PFG_MOEA,350,4,149.83,980.99,0 8 22 23 84 39 56 68 37 33 91 19 18 16 40 71 35 31 17 20 0,40
PFG_MOEA,350,5,149.83,980.99,0 4 80 53 66 94 49 51 79 32 3 36 54 70 72 67 86 82 21 1 34 58 77 0,86
PFG_MOEA,350,6,149.83,980.99,0 2 99 25 43 92 62 48 50 45 24 5 29 61 60 52 87 6 65 90 0,5
PFG_MOEA,351,1,143.0,1006.23,0 13 27 12 41 11 83 96 59 44 38 47 69 89 10 26 98 14 73 95 57 0,13
PFG_MOEA,351,2,143.0,1006.23,0 8 15 85 88 63 74 78 64 30 71 35 40 0,64 88
PFG_MOEA,351,3,143.0,1006.23,0 20 17 31 16 18 19 91 33 37 68 56 39 84 23 22 21 1 34 0,
PFG_MOEA,351,4,143.0,1006.23,0 4 80 53 66 49 51 79 32 94 82 86 67 72 70 54 36 3 58 77 0,80 94
PFG_MOEA,351,5,143.0,1006.23,0 2 99 25 43 92 62 48 50 45 24 5 29 52 87 6 65 90 0,43 48 65
PFG_MOEA,351,6,143.0,1006.23,0 100 93 60 61 97 75 55 9 76 42 81 7 46 28 0,
PFG_MOEA,352,1,182.07,852.88,0 8 100 97 75 55 9 76 42 81 7 46 28 69 47 38 44 59 26 10 89 96 83 11 14 13 0,26 81
PFG_MOEA,352,2,182.07,852.88,0 27 12 0,
PFG_MOEA,352,3,182.07,852.88,0 57 95 41 73 15 98 85 88 63 74 78 64 30 71 35 40 16 18 19 17 31 20 0,
PFG_MOEA,352,4,182.07,852.88,0 4 80 53 66 94 49 51 79 32 3 36 54 70 72 67 86 82 23 84 39 56 68 37 33 22 21 91 1 0,86
PFG_MOEA,352,5,182.07,852.88,0 50 2 99 34 25 43 92 48 62 58 77 45 0,48 50
PFG_MOEA,352,6,182.07,852.88,0 24 5 29 90 65 6 87 52 60 61 93 0,5
PFG_MOEA,353,1,141.39,1069.23,0 8 42 28 10 89 47 69 38 44 59 26 96 0,
PFG_MOEA,353,2,141.39,1069.23,0 13 12 41 11 14 98 85 15 73 95 57 0,57
PFG_MOEA,353,3,141.39,1069.23,0 4 80 53 100 81 7 46 27 83 88 63 74 78 64 30 71 35 40 16 20 0,100
PFG_MOEA,353,4,141.39,1069.23,0 31 17 18 19 91 33 37 68 56 39 72 70 54 36 3 58 77 50 0,
PFG_MOEA,353,5,141.39,1069.23,0 2 99 34 1 21 84 23 22 25 43 92 48 62 67 86 82 94 49 66 0,94
PFG_MOEA,353,6,141.39,1069.23,0 24 45 51 32 79 5 29 90 65 6 87 52 60 61 97 93 75 55 9 76 0,
PFG_MOEA,354,1,167.7,934.83,0 96 83 11 14 42 76 9 55 75 81 46 28 69 47 38 44 59 26 10 89 0,26 38 89
PFG_MOEA,354,2,167.7,934.83,0 13 27 12 41 95 57 73 15 98 85 88 63 74 78 64 30 71 35 40 16 18 19 31 20 0,
PFG_MOEA,354,3,167.7,934.83,0 17 91 33 37 68 56 39 84 23 0,
PFG_MOEA,354,4,167.7,934.83,0 4 80 53 66 94 49 51 79 32 3 36 54 70 72 67 86 82 22 21 1 34 48 62 58 77 0,86 94
PFG_MOEA,354,5,167.7,934.83,0 2 99 25 43 92 50 45 24 5 29 90 65 6 87 52 60 61 97 93 100 0,43 45
PFG_MOEA,354,6,167.7,934.83,0 8 7 0,
PFG_MOEA,355,1,173.13,915.94,0 8 28 10 89 47 69 38 44 59 26 96 83 11 98 14 73 41 12 13 95 57 0,38
PFG_MOEA,355,2,173.13,915.94,0 15 85 88 63 74 78 64 30 71 35 40 16 18 19 31 17 20 91 33 37 68 56 39 84 23 22 21 1 34 0,17 40 64 88
PFG_MOEA,355,3,173.13,915.94,0 4 80 53 51 79 0,
PFG_MOEA,355,4,173.13,915.94,0 66 49 32 94 82 86 67 72 70 54 36 3 58 77 48 62 92 43 0,
PFG_MOEA,355,5,173.13,915.94,0 25 99 2 0,
PFG_MOEA,355,6,173.13,915.94,0 50 45 24 5 29 90 65 6 87 52 60 61 97 93 100 75 55 9 76 42 81 7 46 27 0,5 50 81
PFG_MOEA,356,1,152.21,947.44,0 27 12 41 95 57 83 11 96 26 59 44 38 69 47 89 10 0,11
PFG_MOEA,356,2,152.21,947.44,0 28 13 73 14 98 15 85 88 63 74 78 64 30 71 35 40 16 18 19 31 17 20 91 0,17 35 64 88
PFG_MOEA,356,3,152.21,947.44,0 22 23 84 39 56 68 37 33 21 1 34 80 53 51 79 0,
PFG_MOEA,356,4,152.21,947.44,0 92 50 25 99 2 66 49 32 5 24 45 4 0,2 5
PFG_MOEA,356,5,152.21,947.44,0 46 81 75 55 9 76 42 7 8 100 93 97 61 60 52 87 6 65 90 29 94 0,
PFG_MOEA,356,6,152.21,947.44,0 77 58 3 36 54 70 72 67 86 82 62 48 43 0,
PFG_MOEA,357,1,138.05,1111.26,0 73 78 74 63 88 85 15 98 14 0,
PFG_MOEA,357,2,138.05,1111.26,0 20 91 19 17 31 35 71 30 64 40 16 18 68 56 39 84 23 22 0,17 35 64
PFG_MOEA,357,3,138.05,1111.26,0 50 92 37 33 21 1 34 99 2 25 66 49 32 79 51 53 80 0,
PFG_MOEA,357,4,138.05,1111.26,0 6 65 90 29 5 24 45 94 82 86 67 72 70 54 36 3 58 77 62 0,5
PFG_MOEA,357,5,138.05,1111.26,0 43 48 46 81 75 55 9 76 42 7 8 100 93 97 61 60 52 87 4 0,100
PFG_MOEA,357,6,138.05,1111.26,0 28 10 89 47 69 38 44 59 26 96 11 83 57 95 41 12 27 13 0,
PFG_MOEA,358,1,149.83,980.99,0 100 93 97 55 75 0,
PFG_MOEA,358,2,149.83,980.99,0 46 7 81 9 76 42 28 69 47 38 44 59 26 10 89 96 83 11 14 73 95 0,81
PFG_MOEA,358,3,149.83,980.99,0 13 27 12 41 30 64 78 74 63 88 85 98 15 57 0,
PFG_MOEA,358,4,149.83,980.99,0 8 22 23 84 39 56 68 37 33 91 19 18 16 40 71 35 31 17 20 0,40
PFG_MOEA,358,5,149.83,980.99,0 4 80 53 66 94 49 51 79 32 3 36 54 70 72 67 86 82 21 1 34 58 77 0,86
PFG_MOEA,358,6,149.83,980.99,0 2 99 25 43 92 62 48 50 45 24 5 29 61 60 52 87 6 65 90 0,5
PFG_MOEA,359,1,143.0,1006.23,0 13 27 12 41 11 83 96 59 44 38 47 69 89 10 26 98 14 73 95 57 0,13
PFG_MOEA,359,2,143.0,1006.23,0 8 15 85 88 63 74 78 64 30 71 35 40 0,64 88
PFG_MOEA,359,3,143.0,1006.23,0 20 17 31 16 18 19 91 33 37 68 56 39 84 23 22 21 1 34 0,
PFG_MOEA,359,4,143.0,1006.23,0 4 80 53 66 49 51 79 32 94 82 86 67 72 70 54 36 3 58 77 0,80 94
PFG_MOEA,359,5,143.0,1006.23,0 2 99 25 43 92 62 48 50 45 24 5 29 52 87 6 65 90 0,43 48 65
PFG_MOEA,359,6,143.0,1006.23,0 100 93 60 61 97 75 55 9 76 42 81 7 46 28 0,
PFG_MOEA,360,1,182.07,852.88,0 8 100 97 75 55 9 76 42 81 7 46 28 69 47 38 44 59 26 10 89 96 83 11 14 13 0,26 81
PFG_MOEA,360,2,182.07,852.88,0 27 12 0,
PFG_MOEA,360,3,182.07,852.88,0 57 95 41 73 15 98 85 88 63 74 78 64 30 71 35 40 16 18 19 17 31 20 0,
PFG_MOEA,360,4,182.07,852.88,0 4 80 53 66 94 49 51 79 32 3 36 54 70 72 67 86 82 23 84 39 56 68 37 33 22 21 91 1 0,86
PFG_MOEA,360,5,182.07,852.88,0 50 2 99 34 25 43 92 48 62 58 77 45 0,48 50
PFG_MOEA,360,6,182.07,852.88,0 24 5 29 90 65 6 87 52 60 61 93 0,5
PFG_MOEA,361,1,141.39,1069.23,0 8 42 28 10 89 47 69 38 44 59 26 96 0,
PFG_MOEA,361,2,141.39,1069.23,0 13 12 41 11 14 98 85 15 73 95 57 0,57
PFG_MOEA,361,3,141.39,1069.23,0 4 80 53 100 81 7 46 27 83 88 63 74 78 64 30 71 35 40 16 20 0,100
PFG_MOEA,361,4,141.39,1069.23,0 31 17 18 19 91 33 37 68 56 39 72 70 54 36 3 58 77 50 0,
PFG_MOEA,361,5,141.39,1069.23,0 2 99 34 1 21 84 23 22 25 43 92 48 62 67 86 82 94 49 66 0,94
PFG_MOEA,361,6,141.39,1069.23,0 24 45 51 32 79 5 29 90 65 6 87 52 60 61 97 93 75 55 9 76 0,
PFG_MOEA,362,1,167.7,934.83,0 96 83 11 14 42 76 9 55 75 81 46 28 69 47 38 44 59 26 10 89 0,26 38 89
PFG_MOEA,362,2,167.7,934.83,0 13 27 12 41 95 57 73 15 98 85 88 63 74 78 64 30 71 35 40 16 18 19 31 20 0,
PFG_MOEA,362,3,167.7,934.83,0 17 91 33 37 68 56 39 84 23 0,
PFG_MOEA,362,4,167.7,934.83,0 4 80 53 66 94 49 51 79 32 3 36 54 70 72 67 86 82 22 21 1 34 48 62 58 77 0,86 94
PFG_MOEA,362,5,167.7,934.83,0 2 99 25 43 92 50 45 24 5 29 90 65 6 87 52 60 61 97 93 100 0,43 45
PFG_MOEA,362,6,167.7,934.83,0 8 7 0,
PFG_MOEA,363,1,173.13,915.94,0 8 28 10 89 47 69 38 44 59 26 96 83 11 98 14 73 41 12 13 95 57 0,38
PFG_MOEA,363,2,173.13,915.94,0 15 85 88 63 74 78 64 30 71 35 40 16 18 19 31 17 20 91 33 37 68 56 39 84 23 22 21 1 34 0,17 40 64 88
PFG_MOEA,363,3,173.13,915.94,0 4 80 53 51 79 0,
PFG_MOEA,363,4,173.13,915.94,0 66 49 32 94 82 86 67 72 70 54 36 3 58 77 48 62 92 43 0,
PFG_MOEA,363,5,173.13,915.94,0 25 99 2 0,
PFG_MOEA,363,6,173.13,915.94,0 50 45 24 5 29 90 65 6 87 52 60 61 97 93 100 75 55 9 76 42 81 7 46 27 0,5 50 81
PFG_MOEA,364,1,152.21,947.44,0 27 12 41 95 57 83 11 96 26 59 44 38 69 47 89 10 0,11
PFG_MOEA,364,2,152.21,947.44,0 28 13 73 14 98 15 85 88 63 74 78 64 30 71 35 40 16 18 19 31 17 20 91 0,17 35 64 88
PFG_MOEA,364,3,152.21,947.44,0 22 23 84 39 56 68 37 33 21 1 34 80 53 51 79 0,
PFG_MOEA,364,4,152.21,947.44,0 92 50 25 99 2 66 49 32 5 24 45 4 0,2 5
PFG_MOEA,364,5,152.21,947.44,0 46 81 75 55 9 76 42 7 8 100 93 97 61 60 52 87 6 65 90 29 94 0,
PFG_MOEA,364,6,152.21,947.44,0 77 58 3 36 54 70 72 67 86 82 62 48 43 0,
PFG_MOEA,365,1,138.05,1111.26,0 73 78 74 63 88 85 15 98 14 0,
PFG_MOEA,365,2,138.05,1111.26,0 20 91 19 17 31 35 71 30 64 40 16 18 68 56 39 84 23 22 0,17 35 64
PFG_MOEA,365,3,138.05,1111.26,0 50 92 37 33 21 1 34 99 2 25 66 49 32 79 51 53 80 0,
PFG_MOEA,365,4,138.05,1111.26,0 6 65 90 29 5 24 45 94 82 86 67 72 70 54 36 3 58 77 62 0,5
PFG_MOEA,365,5,138.05,1111.26,0 43 48 46 81 75 55 9 76 42 7 8 100 93 97 61 60 52 87 4 0,100
PFG_MOEA,365,6,138.05,1111.26,0 28 10 89 47 69 38 44 59 26 96 11 83 57 95 41 12 27 13 0,
PFG_MOEA,366,1,149.83,980.99,0 100 93 97 55 75 0,
PFG_MOEA,366,2,149.83,980.99,0 46 7 81 9 76 42 28 69 47 38 44 59 26 10 89 96 83 11 14 73 95 0,81
PFG_MOEA,366,3,149.83,980.99,0 13 27 12 41 30 64 78 74 63 88 85 98 15 57 0,
PFG_MOEA,366,4,149.83,980.99,0 8 22 23 84 39 56 68 37 33 91 19 18 16 40 71 35 31 17 20 0,40
PFG_MOEA,366,5,149.83,980.99,0 4 80 53 66 94 49 51 79 32 3 36 54 70 72 67 86 82 21 1 34 58 77 0,86
PFG_MOEA,366,6,149.83,980.99,0 2 99 25 43 92 62 48 50 45 24 5 29 61 60 52 87 6 65 90 0,5
PFG_MOEA,367,1,143.0,1006.23,0 13 27 12 41 11 83 96 59 44 38 47 69 89 10 26 98 14 73 95 57 0,13
PFG_MOEA,367,2,143.0,1006.23,0 8 15 85 88 63 74 78 64 30 71 35 40 0,64 88
PFG_MOEA,367,3,143.0,1006.23,0 20 17 31 16 18 19 91 33 37 68 56 39 84 23 22 21 1 34 0,
PFG_MOEA,367,4,143.0,1006.23,0 4 80 53 66 49 51 79 32 94 82 86 67 72 70 54 36 3 58 77 0,80 94
PFG_MOEA,367,5,143.0,1006.23,0 2 99 25 43 92 62 48 50 45 24 5 29 52 87 6 65 90 0,43 48 65
PFG_MOEA,367,6,143.0,1006.23,0 100 93 60 61 97 75 55 9 76 42 81 7 46 28 0,
PFG_MOEA,368,1,182.07,852.88,0 8 100 97 75 55 9 76 42 81 7 46 28 69 47 38 44 59 26 10 89 96 83 11 14 13 0,26 81
PFG_MOEA,368,2,182.07,852.88,0 27 12 0,
PFG_MOEA,368,3,182.07,852.88,0 57 95 41 73 15 98 85 88 63 74 78 64 30 71 35 40 16 18 19 17 31 20 0,
PFG_MOEA,368,4,182.07,852.88,0 4 80 53 66 94 49 51 79 32 3 36 54 70 72 67 86 82 23 84 39 56 68 37 33 22 21 91 1 0,86
PFG_MOEA,368,5,182.07,852.88,0 50 2 99 34 25 43 92 48 62 58 77 45 0,48 50
PFG_MOEA,368,6,182.07,852.88,0 24 5 29 90 65 6 87 52 60 61 93 0,5
PFG_MOEA,369,1,141.39,1069.23,0 8 42 28 10 89 47 69 38 44 59 26 96 0,
PFG_MOEA,369,2,141.39,1069.23,0 13 12 41 11 14 98 85 15 73 95 57 0,57
PFG_MOEA,369,3,141.39,1069.23,0 4 80 53 100 81 7 46 27 83 88 63 74 78 64 30 71 35 40 16 20 0,100
PFG_MOEA,369,4,141.39,1069.23,0 31 17 18 19 91 33 37 68 56 39 72 70 54 36 3 58 77 50 0,
PFG_MOEA,369,5,141.39,1069.23,0 2 99 34 1 21 84 23 22 25 43 92 48 62 67 86 82 94 49 66 0,94
PFG_MOEA,369,6,141.39,1069.23,0 24 45 51 32 79 5 29 90 65 6 87 52 60 61 97 93 75 55 9 76 0,
PFG_MOEA,370,1,167.7,934.83,0 96 83 11 14 42 76 9 55 75 81 46 28 69 47 38 44 59 26 10 89 0,26 38 89
PFG_MOEA,370,2,167.7,934.83,0 13 27 12 41 95 57 73 15 98 85 88 63 74 78 64 30 71 35 40 16 18 19 31 20 0,
PFG_MOEA,370,3,167.7,934.83,0 17 91 33 37 68 56 39 84 23 0,
PFG_MOEA,370,4,167.7,934.83,0 4 80 53 66 94 49 51 79 32 3 36 54 70 72 67 86 82 22 21 1 34 48 62 58 77 0,86 94
PFG_MOEA,370,5,167.7,934.83,0 2 99 25 43 92 50 45 24 5 29 90 65 6 87 52 60 61 97 93 100 0,43 45
PFG_MOEA,370,6,167.7,934.83,0 8 7 0,
PFG_MOEA,371,1,173.13,915.94,0 8 28 10 89 47 69 38 44 59 26 96 83 11 98 14 73 41 12 13 95 57 0,38
PFG_MOEA,371,2,173.13,915.94,0 15 85 88 63 74 78 64 30 71 35 40 16 18 19 31 17 20 91 33 37 68 56 39 84 23 22 21 1 34 0,17 40 64 88
PFG_MOEA,371,3,173.13,915.94,0 4 80 53 51 79 0,
PFG_MOEA,371,4,173.13,915.94,0 66 49 32 94 82 86 67 72 70 54 36 3 58 77 48 62 92 43 0,
PFG_MOEA,371,5,173.13,915.94,0 25 99 2 0,
PFG_MOEA,371,6,173.13,915.94,0 50 45 24 5 29 90 65 6 87 52 60 61 97 93 100 75 55 9 76 42 81 7 46 27 0,5 50 81
PFG_MOEA,372,1,152.21,947.44,0 27 12 41 95 57 83 11 96 26 59 44 38 69 47 89 10 0,11
PFG_MOEA,372,2,152.21,947.44,0 28 13 73 14 98 15 85 88 63 74 78 64 30 71 35 40 16 18 19 31 17 20 91 0,17 35 64 88
PFG_MOEA,372,3,152.21,947.44,0 22 23 84 39 56 68 37 33 21 1 34 80 53 51 79 0,
PFG_MOEA,372,4,152.21,947.44,0 92 50 25 99 2 66 49 32 5 24 45 4 0,2 5
PFG_MOEA,372,5,152.21,947.44,0 46 81 75 55 9 76 42 7 8 100 93 97 61 60 52 87 6 65 90 29 94 0,
PFG_MOEA,372,6,152.21,947.44,0 77 58 3 36 54 70 72 67 86 82 62 48 43 0,
PFG_MOEA,373,1,138.05,1111.26,0 73 78 74 63 88 85 15 98 14 0,
PFG_MOEA,373,2,138.05,1111.26,0 20 91 19 17 31 35 71 30 64 40 16 18 68 56 39 84 23 22 0,17 35 64
PFG_MOEA,373,3,138.05,1111.26,0 50 92 37 33 21 1 34 99 2 25 66 49 32 79 51 53 80 0,
PFG_MOEA,373,4,138.05,1111.26,0 6 65 90 29 5 24 45 94 82 86 67 72 70 54 36 3 58 77 62 0,5
PFG_MOEA,373,5,138.05,1111.26,0 43 48 46 81 75 55 9 76 42 7 8 100 93 97 61 60 52 87 4 0,100
PFG_MOEA,373,6,138.05,1111.26,0 28 10 89 47 69 38 44 59 26 96 11 83 57 95 41 12 27 13 0,
PFG_MOEA,374,1,149.83,980.99,0 100 93 97 55 75 0,
PFG_MOEA,374,2,149.83,980.99,0 46 7 81 9 76 42 28 69 47 38 44 59 26 10 89 96 83 11 14 73 95 0,81
PFG_MOEA,374,3,149.83,980.99,0 13 27 12 41 30 64 78 74 63 88 85 98 15 57 0,
PFG_MOEA,374,4,149.83,980.99,0 8 22 23 84 39 56 68 37 33 91 19 18 16 40 71 35 31 17 20 0,40
PFG_MOEA,374,5,149.83,980.99,0 4 80 53 66 94 49 51 79 32 3 36 54 70 72 67 86 82 21 1 34 58 77 0,86
PFG_MOEA,374,6,149.83,980.99,0 2 99 25 43 92 62 48 50 45 24 5 29 61 60 52 87 6 65 90 0,5
PFG_MOEA,375,1,143.0,1006.23,0 13 27 12 41 11 83 96 59 44 38 47 69 89 10 26 98 14 73 95 57 0,13
PFG_MOEA,375,2,143.0,1006.23,0 8 15 85 88 63 74 78 64 30 71 35 40 0,64 88
PFG_MOEA,375,3,143.0,1006.23,0 20 17 31 16 18 19 91 33 37 68 56 39 84 23 22 21 1 34 0,
PFG_MOEA,375,4,143.0,1006.23,0 4 80 53 66 49 51 79 32 94 82 86 67 72 70 54 36 3 58 77 0,80 94
PFG_MOEA,375,5,143.0,1006.23,0 2 99 25 43 92 62 48 50 45 24 5 29 52 87 6 65 90 0,43 48 65
PFG_MOEA,375,6,143.0,1006.23,0 100 93 60 61 97 75 55 9 76 42 81 7 46 28 0,
PFG_MOEA,376,1,182.07,852.88,0 8 100 97 75 55 9 76 42 81 7 46 28 69 47 38 44 59 26 10 89 96 83 11 14 13 0,26 81
PFG_MOEA,376,2,182.07,852.88,0 27 12 0,
PFG_MOEA,376,3,182.07,852.88,0 57 95 41 73 15 98 85 88 63 74 78 64 30 71 35 40 16 18 19 17 31 20 0,
PFG_MOEA,376,4,182.07,852.88,0 4 80 53 66 94 49 51 79 32 3 36 54 70 72 67 86 82 23 84 39 56 68 37 33 22 21 91 1 0,86
PFG_MOEA,376,5,182.07,852.88,0 50 2 99 34 25 43 92 48 62 58 77 45 0,48 50
PFG_MOEA,376,6,182.07,852.88,0 24 5 29 90 65 6 87 52 60 61 93 0,5
PFG_MOEA,377,1,141.39,1069.23,0 8 42 28 10 89 47 69 38 44 59 26 96 0,
PFG_MOEA,377,2,141.39,1069.23,0 13 12 41 11 14 98 85 15 73 95 57 0,57
PFG_MOEA,377,3,141.39,1069.23,0 4 80 53 100 81 7 46 27 83 88 63 74 78 64 30 71 35 40 16 20 0,100
PFG_MOEA,377,4,141.39,1069.23,0 31 17 18 19 91 33 37 68 56 39 72 70 54 36 3 58 77 50 0,
PFG_MOEA,377,5,141.39,1069.23,0 2 99 34 1 21 84 23 22 25 43 92 48 62 67 86 82 94 49 66 0,94
PFG_MOEA,377,6,141.39,1069.23,0 24 45 51 32 79 5 29 90 65 6 87 52 60 61 97 93 75 55 9 76 0,
PFG_MOEA,378,1,167.7,934.83,0 96 83 11 14 42 76 9 55 75 81 46 28 69 47 38 44 59 26 10 89 0,26 38 89
PFG_MOEA,378,2,167.7,934.83,0 13 27 12 41 95 57 73 15 98 85 88 63 74 78 64 30 71 35 40 16 18 19 31 20 0,
PFG_MOEA,378,3,167.7,934.83,0 17 91 33 37 68 56 39 84 23 0,
PFG_MOEA,378,4,167.7,934.83,0 4 80 53 66 94 49 51 79 32 3 36 54 70 72 67 86 82 22 21 1 34 48 62 58 77 0,86 94
PFG_MOEA,378,5,167.7,934.83,0 2 99 25 43 92 50 45 24 5 29 90 65 6 87 52 60 61 97 93 100 0,43 45
PFG_MOEA,378,6,167.7,934.83,0 8 7 0,
PFG_MOEA,379,1,173.13,915.94,0 8 28 10 89 47 69 38 44 59 26 96 83 11 98 14 73 41 12 13 95 57 0,38
PFG_MOEA,379,2,173.13,915.94,0 15 85 88 63 74 78 64 30 71 35 40 16 18 19 31 17 20 91 33 37 68 56 39 84 23 22 21 1 34 0,17 40 64 88
PFG_MOEA,379,3,173.13,915.94,0 4 80 53 51 79 0,
PFG_MOEA,379,4,173.13,915.94,0 66 49 32 94 82 86 67 72 70 54 36 3 58 77 48 62 92 43 0,
PFG_MOEA,379,5,173.13,915.94,0 25 99 2 0,
PFG_MOEA,379,6,173.13,915.94,0 50 45 24 5 29 90 65 6 87 52 60 61 97 93 100 75 55 9 76 42 81 7 46 27 0,5 50 81
PFG_MOEA,380,1,152.21,947.44,0 27 12 41 95 57 83 11 96 26 59 44 38 69 47 89 10 0,11
PFG_MOEA,380,2,152.21,947.44,0 28 13 73 14 98 15 85 88 63 74 78 64 30 71 35 40 16 18 19 31 17 20 91 0,17 35 64 88
PFG_MOEA,380,3,152.21,947.44,0 22 23 84 39 56 68 37 33 21 1 34 80 53 51 79 0,
PFG_MOEA,380,4,152.21,947.44,0 92 50 25 99 2 66 49 32 5 24 45 4 0,2 5
PFG_MOEA,380,5,152.21,947.44,0 46 81 75 55 9 76 42 7 8 100 93 97 61 60 52 87 6 65 90 29 94 0,
PFG_MOEA,380,6,152.21,947.44,0 77 58 3 36 54 70 72 67 86 82 62 48 43 0,
PFG_MOEA,381,1,138.05,1111.26,0 73 78 74 63 88 85 15 98 14 0,
PFG_MOEA,381,2,138.05,1111.26,0 20 91 19 17 31 35 71 30 64 40 16 18 68 56 39 84 23 22 0,17 35 64
PFG_MOEA,381,3,138.05,1111.26,0 50 92 37 33 21 1 34 99 2 25 66 49 32 79 51 53 80 0,
PFG_MOEA,381,4,138.05,1111.26,0 6 65 90 29 5 24 45 94 82 86 67 72 70 54 36 3 58 77 62 0,5
PFG_MOEA,381,5,138.05,1111.26,0 43 48 46 81 75 55 9 76 42 7 8 100 93 97 61 60 52 87 4 0,100
PFG_MOEA,381,6,138.05,1111.26,0 28 10 89 47 69 38 44 59 26 96 11 83 57 95 41 12 27 13 0,
PFG_MOEA,382,1,149.83,980.99,0 100 93 97 55 75 0,
PFG_MOEA,382,2,149.83,980.99,0 46 7 81 9 76 42 28 69 47 38 44 59 26 10 89 96 83 11 14 73 95 0,81
PFG_MOEA,382,3,149.83,980.99,0 13 27 12 41 30 64 78 74 63 88 85 98 15 57 0,
PFG_MOEA,382,4,149.83,980.99,0 8 22 23 84 39 56 68 37 33 91 19 18 16 40 71 35 31 17 20 0,40
PFG_MOEA,382,5,149.83,980.99,0 4 80 53 66 94 49 51 79 32 3 36 54 70 72 67 86 82 21 1 34 58 77 0,86
PFG_MOEA,382,6,149.83,980.99,0 2 99 25 43 92 62 48 50 45 24 5 29 61 60 52 87 6 65 90 0,5
PFG_MOEA,383,1,143.0,1006.23,0 13 27 12 41 11 83 96 59 44 38 47 69 89 10 26 98 14 73 95 57 0,13
PFG_MOEA,383,2,143.0,1006.23,0 8 15 85 88 63 74 78 64 30 71 35 40 0,64 88
PFG_MOEA,383,3,143.0,1006.23,0 20 17 31 16 18 19 91 33 37 68 56 39 84 23 22 21 1 34 0,
PFG_MOEA,383,4,143.0,1006.23,0 4 80 53 66 49 51 79 32 94 82 86 67 72 70 54 36 3 58 77 0,80 94
PFG_MOEA,383,5,143.0,1006.23,0 2 99 25 43 92 62 48 50 45 24 5 29 52 87 6 65 90 0,43 48 65
PFG_MOEA,383,6,143.0,1006.23,0 100 93 60 61 97 75 55 9 76 42 81 7 46 28 0,
PFG_MOEA,384,1,182.07,852.88,0 8 100 97 75 55 9 76 42 81 7 46 28 69 47 38 44 59 26 10 89 96 83 11 14 13 0,26 81
PFG_MOEA,384,2,182.07,852.88,0 27 12 0,
PFG_MOEA,384,3,182.07,852.88,0 57 95 41 73 15 98 85 88 63 74 78 64 30 71 35 40 16 18 19 17 31 20 0,
PFG_MOEA,384,4,182.07,852.88,0 4 80 53 66 94 49 51 79 32 3 36 54 70 72 67 86 82 23 84 39 56 68 37 33 22 21 91 1 0,86
PFG_MOEA,384,5,182.07,852.88,0 50 2 99 34 25 43 92 48 62 58 77 45 0,48 50
PFG_MOEA,384,6,182.07,852.88,0 24 5 29 90 65 6 87 52 60 61 93 0,5
PFG_MOEA,385,1,377.38,815.07,0 28 0,
PFG_MOEA,385,2,377.38,815.07,0 10 26 59 44 38 47 69 89 0,
PFG_MOEA,385,3,377.38,815.07,0 4 80 53 66 94 49 51 79 32 3 36 54 70 72 67 86 82 23 84 39 56 68 37 33 22 21 91 20 31 17 19 18 16 40 35 71 30 64 78 74 63 88 85 98 15 73 14 11 83 96 57 95 41 12 27 13 99 34 1 43 25 2 50 0,35 50
PFG_MOEA,385,4,377.38,815.07,0 92 48 62 58 77 0,
PFG_MOEA,385,5,377.38,815.07,0 45 24 0,45
PFG_MOEA,385,6,377.38,815.07,0 90 65 6 87 52 29 5 60 61 97 93 100 8 42 76 9 55 75 81 7 46 0,5 65 100
PFG_MOEA,386,1,141.39,1069.23,0 8 42 28 10 89 47 69 38 44 59 26 96 0,
PFG_MOEA,386,2,141.39,1069.23,0 13 12 41 11 14 98 85 15 73 95 57 0,57
PFG_MOEA,386,3,141.39,1069.23,0 4 80 53 100 81 7 46 27 83 88 63 74 78 64 30 71 35 40 16 20 0,100
PFG_MOEA,386,4,141.39,1069.23,0 31 17 18 19 91 33 37 68 56 39 72 70 54 36 3 58 77 50 0,
PFG_MOEA,386,5,141.39,1069.23,0 2 99 34 1 21 84 23 22 25 43 92 48 62 67 86 82 94 49 66 0,94
PFG_MOEA,386,6,141.39,1069.23,0 24 45 51 32 79 5 29 90 65 6 87 52 60 61 97 93 75 55 9 76 0,
PFG_MOEA,387,1,167.7,934.83,0 96 83 11 14 42 76 9 55 75 81 46 28 69 47 38 44 59 26 10 89 0,26 38 89
PFG_MOEA,387,2,167.7,934.83,0 13 27 12 41 95 57 73 15 98 85 88 63 74 78 64 30 71 35 40 16 18 19 31 20 0,
PFG_MOEA,387,3,167.7,934.83,0 17 91 33 37 68 56 39 84 23 0,
PFG_MOEA,387,4,167.7,934.83,0 4 80 53 66 94 49 51 79 32 3 36 54 70 72 67 86 82 22 21 1 34 48 62 58 77 0,86 94
PFG_MOEA,387,5,167.7,934.83,0 2 99 25 43 92 50 45 24 5 29 90 65 6 87 52 60 61 97 93 100 0,43 45
PFG_MOEA,387,6,167.7,934.83,0 8 7 0,
PFG_MOEA,388,1,173.13,915.94,0 8 28 10 89 47 69 38 44 59 26 96 83 11 98 14 73 41 12 13 95 57 0,38
PFG_MOEA,388,2,173.13,915.94,0 15 85 88 63 74 78 64 30 71 35 40 16 18 19 31 17 20 91 33 37 68 56 39 84 23 22 21 1 34 0,17 40 64 88
PFG_MOEA,388,3,173.13,915.94,0 4 80 53 51 79 0,
PFG_MOEA,388,4,173.13,915.94,0 66 49 32 94 82 86 67 72 70 54 36 3 58 77 48 62 92 43 0,
PFG_MOEA,388,5,173.13,915.94,0 25 99 2 0,
PFG_MOEA,388,6,173.13,915.94,0 50 45 24 5 29 90 65 6 87 52 60 61 97 93 100 75 55 9 76 42 81 7 46 27 0,5 50 81
PFG_MOEA,389,1,152.21,947.44,0 27 12 41 95 57 83 11 96 26 59 44 38 69 47 89 10 0,11
PFG_MOEA,389,2,152.21,947.44,0 28 13 73 14 98 15 85 88 63 74 78 64 30 71 35 40 16 18 19 31 17 20 91 0,17 35 64 88
PFG_MOEA,389,3,152.21,947.44,0 22 23 84 39 56 68 37 33 21 1 34 80 53 51 79 0,
PFG_MOEA,389,4,152.21,947.44,0 92 50 25 99 2 66 49 32 5 24 45 4 0,2 5
PFG_MOEA,389,5,152.21,947.44,0 46 81 75 55 9 76 42 7 8 100 93 97 61 60 52 87 6 65 90 29 94 0,
PFG_MOEA,389,6,152.21,947.44,0 77 58 3 36 54 70 72 67 86 82 62 48 43 0,
PFG_MOEA,390,1,138.05,1111.26,0 73 78 74 63 88 85 15 98 14 0,
PFG_MOEA,390,2,138.05,1111.26,0 20 91 19 17 31 35 71 30 64 40 16 18 68 56 39 84 23 22 0,17 35 64
PFG_MOEA,390,3,138.05,1111.26,0 50 92 37 33 21 1 34 99 2 25 66 49 32 79 51 53 80 0,
PFG_MOEA,390,4,138.05,1111.26,0 6 65 90 29 5 24 45 94 82 86 67 72 70 54 36 3 58 77 62 0,5
PFG_MOEA,390,5,138.05,1111.26,0 43 48 46 81 75 55 9 76 42 7 8 100 93 97 61 60 52 87 4 0,100
PFG_MOEA,390,6,138.05,1111.26,0 28 10 89 47 69 38 44 59 26 96 11 83 57 95 41 12 27 13 0,
PFG_MOEA,391,1,149.83,980.99,0 100 93 97 55 75 0,
PFG_MOEA,391,2,149.83,980.99,0 46 7 81 9 76 42 28 69 47 38 44 59 26 10 89 96 83 11 14 73 95 0,81
PFG_MOEA,391,3,149.83,980.99,0 13 27 12 41 30 64 78 74 63 88 85 98 15 57 0,
PFG_MOEA,391,4,149.83,980.99,0 8 22 23 84 39 56 68 37 33 91 19 18 16 40 71 35 31 17 20 0,40
PFG_MOEA,391,5,149.83,980.99,0 4 80 53 66 94 49 51 79 32 3 36 54 70 72 67 86 82 21 1 34 58 77 0,86
PFG_MOEA,391,6,149.83,980.99,0 2 99 25 43 92 62 48 50 45 24 5 29 61 60 52 87 6 65 90 0,5
PFG_MOEA,392,1,143.0,1006.23,0 13 27 12 41 11 83 96 59 44 38 47 69 89 10 26 98 14 73 95 57 0,13
PFG_MOEA,392,2,143.0,1006.23,0 8 15 85 88 63 74 78 64 30 71 35 40 0,64 88
PFG_MOEA,392,3,143.0,1006.23,0 20 17 31 16 18 19 91 33 37 68 56 39 84 23 22 21 1 34 0,
PFG_MOEA,392,4,143.0,1006.23,0 4 80 53 66 49 51 79 32 94 82 86 67 72 70 54 36 3 58 77 0,80 94
PFG_MOEA,392,5,143.0,1006.23,0 2 99 25 43 92 62 48 50 45 24 5 29 52 87 6 65 90 0,43 48 65
PFG_MOEA,392,6,143.0,1006.23,0 100 93 60 61 97 75 55 9 76 42 81 7 46 28 0,
PFG_MOEA,393,1,182.07,852.88,0 8 100 97 75 55 9 76 42 81 7 46 28 69 47 38 44 59 26 10 89 96 83 11 14 13 0,26 81
PFG_MOEA,393,2,182.07,852.88,0 27 12 0,
PFG_MOEA,393,3,182.07,852.88,0 57 95 41 73 15 98 85 88 63 74 78 64 30 71 35 40 16 18 19 17 31 20 0,
PFG_MOEA,393,4,182.07,852.88,0 4 80 53 66 94 49 51 79 32 3 36 54 70 72 67 86 82 23 84 39 56 68 37 33 22 21 91 1 0,86
PFG_MOEA,393,5,182.07,852.88,0 50 2 99 34 25 43 92 48 62 58 77 45 0,48 50
PFG_MOEA,393,6,182.07,852.88,0 24 5 29 90 65 6 87 52 60 61 93 0,5
PFG_MOEA,394,1,377.38,815.07,0 28 0,
PFG_MOEA,394,2,377.38,815.07,0 10 26 59 44 38 47 69 89 0,
PFG_MOEA,394,3,377.38,815.07,0 4 80 53 66 94 49 51 79 32 3 36 54 70 72 67 86 82 23 84 39 56 68 37 33 22 21 91 20 31 17 19 18 16 40 35 71 30 64 78 74 63 88 85 98 15 73 14 11 83 96 57 95 41 12 27 13 99 34 1 43 25 2 50 0,35 50
PFG_MOEA,394,4,377.38,815.07,0 92 48 62 58 77 0,
PFG_MOEA,394,5,377.38,815.07,0 45 24 0,45
PFG_MOEA,394,6,377.38,815.07,0 90 65 6 87 52 29 5 60 61 97 93 100 8 42 76 9 55 75 81 7 46 0,5 65 100
PFG_MOEA,395,1,141.39,1069.23,0 8 42 28 10 89 47 69 38 44 59 26 96 0,
PFG_MOEA,395,2,141.39,1069.23,0 13 12 41 11 14 98 85 15 73 95 57 0,57
PFG_MOEA,395,3,141.39,1069.23,0 4 80 53 100 81 7 46 27 83 88 63 74 78 64 30 71 35 40 16 20 0,100
PFG_MOEA,395,4,141.39,1069.23,0 31 17 18 19 91 33 37 68 56 39 72 70 54 36 3 58 77 50 0,
PFG_MOEA,395,5,141.39,1069.23,0 2 99 34 1 21 84 23 22 25 43 92 48 62 67 86 82 94 49 66 0,94
PFG_MOEA,395,6,141.39,1069.23,0 24 45 51 32 79 5 29 90 65 6 87 52 60 61 97 93 75 55 9 76 0,
PFG_MOEA,396,1,167.7,934.83,0 96 83 11 14 42 76 9 55 75 81 46 28 69 47 38 44 59 26 10 89 0,26 38 89
PFG_MOEA,396,2,167.7,934.83,0 13 27 12 41 95 57 73 15 98 85 88 63 74 78 64 30 71 35 40 16 18 19 31 20 0,
PFG_MOEA,396,3,167.7,934.83,0 17 91 33 37 68 56 39 84 23 0,
PFG_MOEA,396,4,167.7,934.83,0 4 80 53 66 94 49 51 79 32 3 36 54 70 72 67 86 82 22 21 1 34 48 62 58 77 0,86 94
PFG_MOEA,396,5,167.7,934.83,0 2 99 25 43 92 50 45 24 5 29 90 65 6 87 52 60 61 97 93 100 0,43 45
PFG_MOEA,396,6,167.7,934.83,0 8 7 0,
PFG_MOEA,397,1,173.13,915.94,0 8 28 10 89 47 69 38 44 59 26 96 83 11 98 14 73 41 12 13 95 57 0,38
PFG_MOEA,397,2,173.13,915.94,0 15 85 88 63 74 78 64 30 71 35 40 16 18 19 31 17 20 91 33 37 68 56 39 84 23 22 21 1 34 0,17 40 64 88
PFG_MOEA,397,3,173.13,915.94,0 4 80 53 51 79 0,
PFG_MOEA,397,4,173.13,915.94,0 66 49 32 94 82 86 67 72 70 54 36 3 58 77 48 62 92 43 0,
PFG_MOEA,397,5,173.13,915.94,0 25 99 2 0,
PFG_MOEA,397,6,173.13,915.94,0 50 45 24 5 29 90 65 6 87 52 60 61 97 93 100 75 55 9 76 42 81 7 46 27 0,5 50 81
PFG_MOEA,398,1,152.21,947.44,0 27 12 41 95 57 83 11 96 26 59 44 38 69 47 89 10 0,11
PFG_MOEA,398,2,152.21,947.44,0 28 13 73 14 98 15 85 88 63 74 78 64 30 71 35 40 16 18 19 31 17 20 91 0,17 35 64 88
PFG_MOEA,398,3,152.21,947.44,0 22 23 84 39 56 68 37 33 21 1 34 80 53 51 79 0,
PFG_MOEA,398,4,152.21,947.44,0 92 50 25 99 2 66 49 32 5 24 45 4 0,2 5
PFG_MOEA,398,5,152.21,947.44,0 46 81 75 55 9 76 42 7 8 100 93 97 61 60 52 87 6 65 90 29 94 0,
PFG_MOEA,398,6,152.21,947.44,0 77 58 3 36 54 70 72 67 86 82 62 48 43 0,
PFG_MOEA,399,1,138.05,1111.26,0 73 78 74 63 88 85 15 98 14 0,
PFG_MOEA,399,2,138.05,1111.26,0 20 91 19 17 31 35 71 30 64 40 16 18 68 56 39 84 23 22 0,17 35 64
PFG_MOEA,399,3,138.05,1111.26,0 50 92 37 33 21 1 34 99 2 25 66 49 32 79 51 53 80 0,
PFG_MOEA,399,4,138.05,1111.26,0 6 65 90 29 5 24 45 94 82 86 67 72 70 54 36 3 58 77 62 0,5
PFG_MOEA,399,5,138.05,1111.26,0 43 48 46 81 75 55 9 76 42 7 8 100 93 97 61 60 52 87 4 0,100
PFG_MOEA,399,6,138.05,1111.26,0 28 10 89 47 69 38 44 59 26 96 11 83 57 95 41 12 27 13 0,
PFG_MOEA,400,1,149.83,980.99,0 100 93 97 55 75 0,
PFG_MOEA,400,2,149.83,980.99,0 46 7 81 9 76 42 28 69 47 38 44 59 26 10 89 96 83 11 14 73 95 0,81
PFG_MOEA,400,3,149.83,980.99,0 13 27 12 41 30 64 78 74 63 88 85 98 15 57 0,
PFG_MOEA,400,4,149.83,980.99,0 8 22 23 84 39 56 68 37 33 91 19 18 16 40 71 35 31 17 20 0,40
PFG_MOEA,400,5,149.83,980.99,0 4 80 53 66 94 49 51 79 32 3 36 54 70 72 67 86 82 21 1 34 58 77 0,86
PFG_MOEA,400,6,149.83,980.99,0 2 99 25 43 92 62 48 50 45 24 5 29 61 60 52 87 6 65 90 0,5
PFG_MOEA,401,1,143.0,1006.23,0 13 27 12 41 11 83 96 59 44 38 47 69 89 10 26 98 14 73 95 57 0,13
PFG_MOEA,401,2,143.0,1006.23,0 8 15 85 88 63 74 78 64 30 71 35 40 0,64 88
PFG_MOEA,401,3,143.0,1006.23,0 20 17 31 16 18 19 91 33 37 68 56 39 84 23 22 21 1 34 0,
PFG_MOEA,401,4,143.0,1006.23,0 4 80 53 66 49 51 79 32 94 82 86 67 72 70 54 36 3 58 77 0,80 94
PFG_MOEA,401,5,143.0,1006.23,0 2 99 25 43 92 62 48 50 45 24 5 29 52 87 6 65 90 0,43 48 65
PFG_MOEA,401,6,143.0,1006.23,0 100 93 60 61 97 75 55 9 76 42 81 7 46 28 0,
PFG_MOEA,402,1,182.07,852.88,0 8 100 97 75 55 9 76 42 81 7 46 28 69 47 38 44 59 26 10 89 96 83 11 14 13 0,26 81
PFG_MOEA,402,2,182.07,852.88,0 27 12 0,
PFG_MOEA,402,3,182.07,852.88,0 57 95 41 73 15 98 85 88 63 74 78 64 30 71 35 40 16 18 19 17 31 20 0,
PFG_MOEA,402,4,182.07,852.88,0 4 80 53 66 94 49 51 79 32 3 36 54 70 72 67 86 82 23 84 39 56 68 37 33 22 21 91 1 0,86
PFG_MOEA,402,5,182.07,852.88,0 50 2 99 34 25 43 92 48 62 58 77 45 0,48 50
PFG_MOEA,402,6,182.07,852.88,0 24 5 29 90 65 6 87 52 60 61 93 0,5
PFG_MOEA,403,1,377.38,815.07,0 28 0,
PFG_MOEA,403,2,377.38,815.07,0 10 26 59 44 38 47 69 89 0,
PFG_MOEA,403,3,377.38,815.07,0 4 80 53 66 94 49 51 79 32 3 36 54 70 72 67 86 82 23 84 39 56 68 37 33 22 21 91 20 31 17 19 18 16 40 35 71 30 64 78 74 63 88 85 98 15 73 14 11 83 96 57 95 41 12 27 13 99 34 1 43 25 2 50 0,35 50
PFG_MOEA,403,4,377.38,815.07,0 92 48 62 58 77 0,
PFG_MOEA,403,5,377.38,815.07,0 45 24 0,45
PFG_MOEA,403,6,377.38,815.07,0 90 65 6 87 52 29 5 60 61 97 93 100 8 42 76 9 55 75 81 7 46 0,5 65 100
PFG_MOEA,404,1,141.39,1069.23,0 8 42 28 10 89 47 69 38 44 59 26 96 0,
PFG_MOEA,404,2,141.39,1069.23,0 13 12 41 11 14 98 85 15 73 95 57 0,57
PFG_MOEA,404,3,141.39,1069.23,0 4 80 53 100 81 7 46 27 83 88 63 74 78 64 30 71 35 40 16 20 0,100
PFG_MOEA,404,4,141.39,1069.23,0 31 17 18 19 91 33 37 68 56 39 72 70 54 36 3 58 77 50 0,
PFG_MOEA,404,5,141.39,1069.23,0 2 99 34 1 21 84 23 22 25 43 92 48 62 67 86 82 94 49 66 0,94
PFG_MOEA,404,6,141.39,1069.23,0 24 45 51 32 79 5 29 90 65 6 87 52 60 61 97 93 75 55 9 76 0,
PFG_MOEA,405,1,167.7,934.83,0 96 83 11 14 42 76 9 55 75 81 46 28 69 47 38 44 59 26 10 89 0,26 38 89
PFG_MOEA,405,2,167.7,934.83,0 13 27 12 41 95 57 73 15 98 85 88 63 74 78 64 30 71 35 40 16 18 19 31 20 0,
PFG_MOEA,405,3,167.7,934.83,0 17 91 33 37 68 56 39 84 23 0,
PFG_MOEA,405,4,167.7,934.83,0 4 80 53 66 94 49 51 79 32 3 36 54 70 72 67 86 82 22 21 1 34 48 62 58 77 0,86 94
PFG_MOEA,405,5,167.7,934.83,0 2 99 25 43 92 50 45 24 5 29 90 65 6 87 52 60 61 97 93 100 0,43 45
PFG_MOEA,405,6,167.7,934.83,0 8 7 0,
PFG_MOEA,406,1,173.13,915.94,0 8 28 10 89 47 69 38 44 59 26 96 83 11 98 14 73 41 12 13 95 57 0,38
PFG_MOEA,406,2,173.13,915.94,0 15 85 88 63 74 78 64 30 71 35 40 16 18 19 31 17 20 91 33 37 68 56 39 84 23 22 21 1 34 0,17 40 64 88
PFG_MOEA,406,3,173.13,915.94,0 4 80 53 51 79 0,
PFG_MOEA,406,4,173.13,915.94,0 66 49 32 94 82 86 67 72 70 54 36 3 58 77 48 62 92 43 0,
PFG_MOEA,406,5,173.13,915.94,0 25 99 2 0,
PFG_MOEA,406,6,173.13,915.94,0 50 45 24 5 29 90 65 6 87 52 60 61 97 93 100 75 55 9 76 42 81 7 46 27 0,5 50 81
PFG_MOEA,407,1,152.21,947.44,0 27 12 41 95 57 83 11 96 26 59 44 38 69 47 89 10 0,11
PFG_MOEA,407,2,152.21,947.44,0 28 13 73 14 98 15 85 88 63 74 78 64 30 71 35 40 16 18 19 31 17 20 91 0,17 35 64 88
PFG_MOEA,407,3,152.21,947.44,0 22 23 84 39 56 68 37 33 21 1 34 80 53 51 79 0,
PFG_MOEA,407,4,152.21,947.44,0 92 50 25 99 2 66 49 32 5 24 45 4 0,2 5
PFG_MOEA,407,5,152.21,947.44,0 46 81 75 55 9 76 42 7 8 100 93 97 61 60 52 87 6 65 90 29 94 0,
PFG_MOEA,407,6,152.21,947.44,0 77 58 3 36 54 70 72 67 86 82 62 48 43 0,
PFG_MOEA,408,1,138.05,1111.26,0 73 78 74 63 88 85 15 98 14 0,
PFG_MOEA,408,2,138.05,1111.26,0 20 91 19 17 31 35 71 30 64 40 16 18 68 56 39 84 23 22 0,17 35 64
PFG_MOEA,408,3,138.05,1111.26,0 50 92 37 33 21 1 34 99 2 25 66 49 32 79 51 53 80 0,
PFG_MOEA,408,4,138.05,1111.26,0 6 65 90 29 5 24 45 94 82 86 67 72 70 54 36 3 58 77 62 0,5
PFG_MOEA,408,5,138.05,1111.26,0 43 48 46 81 75 55 9 76 42 7 8 100 93 97 61 60 52 87 4 0,100
PFG_MOEA,408,6,138.05,1111.26,0 28 10 89 47 69 38 44 59 26 96 11 83 57 95 41 12 27 13 0,
PFG_MOEA,409,1,149.83,980.99,0 100 93 97 55 75 0,
PFG_MOEA,409,2,149.83,980.99,0 46 7 81 9 76 42 28 69 47 38 44 59 26 10 89 96 83 11 14 73 95 0,81
PFG_MOEA,409,3,149.83,980.99,0 13 27 12 41 30 64 78 74 63 88 85 98 15 57 0,
PFG_MOEA,409,4,149.83,980.99,0 8 22 23 84 39 56 68 37 33 91 19 18 16 40 71 35 31 17 20 0,40
PFG_MOEA,409,5,149.83,980.99,0 4 80 53 66 94 49 51 79 32 3 36 54 70 72 67 86 82 21 1 34 58 77 0,86
PFG_MOEA,409,6,149.83,980.99,0 2 99 25 43 92 62 48 50 45 24 5 29 61 60 52 87 6 65 90 0,5
PFG_MOEA,410,1,143.0,1006.23,0 13 27 12 41 11 83 96 59 44 38 47 69 89 10 26 98 14 73 95 57 0,13
PFG_MOEA,410,2,143.0,1006.23,0 8 15 85 88 63 74 78 64 30 71 35 40 0,64 88
PFG_MOEA,410,3,143.0,1006.23,0 20 17 31 16 18 19 91 33 37 68 56 39 84 23 22 21 1 34 0,
PFG_MOEA,410,4,143.0,1006.23,0 4 80 53 66 49 51 79 32 94 82 86 67 72 70 54 36 3 58 77 0,80 94
PFG_MOEA,410,5,143.0,1006.23,0 2 99 25 43 92 62 48 50 45 24 5 29 52 87 6 65 90 0,43 48 65
PFG_MOEA,410,6,143.0,1006.23,0 100 93 60 61 97 75 55 9 76 42 81 7 46 28 0,
PFG_MOEA,411,1,182.07,852.88,0 8 100 97 75 55 9 76 42 81 7 46 28 69 47 38 44 59 26 10 89 96 83 11 14 13 0,26 81
PFG_MOEA,411,2,182.07,852.88,0 27 12 0,
PFG_MOEA,411,3,182.07,852.88,0 57 95 41 73 15 98 85 88 63 74 78 64 30 71 35 40 16 18 19 17 31 20 0,
PFG_MOEA,411,4,182.07,852.88,0 4 80 53 66 94 49 51 79 32 3 36 54 70 72 67 86 82 23 84 39 56 68 37 33 22 21 91 1 0,86
PFG_MOEA,411,5,182.07,852.88,0 50 2 99 34 25 43 92 48 62 58 77 45 0,48 50
PFG_MOEA,411,6,182.07,852.88,0 24 5 29 90 65 6 87 52 60 61 93 0,5
PFG_MOEA,412,1,377.38,815.07,0 28 0,
PFG_MOEA,412,2,377.38,815.07,0 10 26 59 44 38 47 69 89 0,
PFG_MOEA,412,3,377.38,815.07,0 4 80 53 66 94 49 51 79 32 3 36 54 70 72 67 86 82 23 84 39 56 68 37 33 22 21 91 20 31 17 19 18 16 40 35 71 30 64 78 74 63 88 85 98 15 73 14 11 83 96 57 95 41 12 27 13 99 34 1 43 25 2 50 0,35 50
PFG_MOEA,412,4,377.38,815.07,0 92 48 62 58 77 0,
PFG_MOEA,412,5,377.38,815.07,0 45 24 0,45
PFG_MOEA,412,6,377.38,815.07,0 90 65 6 87 52 29 5 60 61 97 93 100 8 42 76 9 55 75 81 7 46 0,5 65 100
PFG_MOEA,413,1,141.39,1069.23,0 8 42 28 10 89 47 69 38 44 59 26 96 0,
PFG_MOEA,413,2,141.39,1069.23,0 13 12 41 11 14 98 85 15 73 95 57 0,57
PFG_MOEA,413,3,141.39,1069.23,0 4 80 53 100 81 7 46 27 83 88 63 74 78 64 30 71 35 40 16 20 0,100
PFG_MOEA,413,4,141.39,1069.23,0 31 17 18 19 91 33 37 68 56 39 72 70 54 36 3 58 77 50 0,
PFG_MOEA,413,5,141.39,1069.23,0 2 99 34 1 21 84 23 22 25 43 92 48 62 67 86 82 94 49 66 0,94
PFG_MOEA,413,6,141.39,1069.23,0 24 45 51 32 79 5 29 90 65 6 87 52 60 61 97 93 75 55 9 76 0,
PFG_MOEA,414,1,167.7,934.83,0 96 83 11 14 42 76 9 55 75 81 46 28 69 47 38 44 59 26 10 89 0,26 38 89
PFG_MOEA,414,2,167.7,934.83,0 13 27 12 41 95 57 73 15 98 85 88 63 74 78 64 30 71 35 40 16 18 19 31 20 0,
PFG_MOEA,414,3,167.7,934.83,0 17 91 33 37 68 56 39 84 23 0,
PFG_MOEA,414,4,167.7,934.83,0 4 80 53 66 94 49 51 79 32 3 36 54 70 72 67 86 82 22 21 1 34 48 62 58 77 0,86 94
PFG_MOEA,414,5,167.7,934.83,0 2 99 25 43 92 50 45 24 5 29 90 65 6 87 52 60 61 97 93 100 0,43 45
PFG_MOEA,414,6,167.7,934.83,0 8 7 0,
PFG_MOEA,415,1,173.13,915.94,0 8 28 10 89 47 69 38 44 59 26 96 83 11 98 14 73 41 12 13 95 57 0,38
PFG_MOEA,415,2,173.13,915.94,0 15 85 88 63 74 78 64 30 71 35 40 16 18 19 31 17 20 91 33 37 68 56 39 84 23 22 21 1 34 0,17 40 64 88
PFG_MOEA,415,3,173.13,915.94,0 4 80 53 51 79 0,
PFG_MOEA,415,4,173.13,915.94,0 66 49 32 94 82 86 67 72 70 54 36 3 58 77 48 62 92 43 0,
PFG_MOEA,415,5,173.13,915.94,0 25 99 2 0,
PFG_MOEA,415,6,173.13,915.94,0 50 45 24 5 29 90 65 6 87 52 60 61 97 93 100 75 55 9 76 42 81 7 46 27 0,5 50 81
PFG_MOEA,416,1,152.21,947.44,0 27 12 41 95 57 83 11 96 26 59 44 38 69 47 89 10 0,11
PFG_MOEA,416,2,152.21,947.44,0 28 13 73 14 98 15 85 88 63 74 78 64 30 71 35 40 16 18 19 31 17 20 91 0,17 35 64 88
PFG_MOEA,416,3,152.21,947.44,0 22 23 84 39 56 68 37 33 21 1 34 80 53 51 79 0,
PFG_MOEA,416,4,152.21,947.44,0 92 50 25 99 2 66 49 32 5 24 45 4 0,2 5
PFG_MOEA,416,5,152.21,947.44,0 46 81 75 55 9 76 42 7 8 100 93 97 61 60 52 87 6 65 90 29 94 0,
PFG_MOEA,416,6,152.21,947.44,0 77 58 3 36 54 70 72 67 86 82 62 48 43 0,
PFG_MOEA,417,1,138.05,1111.26,0 73 78 74 63 88 85 15 98 14 0,
PFG_MOEA,417,2,138.05,1111.26,0 20 91 19 17 31 35 71 30 64 40 16 18 68 56 39 84 23 22 0,17 35 64
PFG_MOEA,417,3,138.05,1111.26,0 50 92 37 33 21 1 34 99 2 25 66 49 32 79 51 53 80 0,
PFG_MOEA,417,4,138.05,1111.26,0 6 65 90 29 5 24 45 94 82 86 67 72 70 54 36 3 58 77 62 0,5
PFG_MOEA,417,5,138.05,1111.26,0 43 48 46 81 75 55 9 76 42 7 8 100 93 97 61 60 52 87 4 0,100
PFG_MOEA,417,6,138.05,1111.26,0 28 10 89 47 69 38 44 59 26 96 11 83 57 95 41 12 27 13 0,
PFG_MOEA,418,1,149.83,980.99,0 100 93 97 55 75 0,
PFG_MOEA,418,2,149.83,980.99,0 46 7 81 9 76 42 28 69 47 38 44 59 26 10 89 96 83 11 14 73 95 0,81
PFG_MOEA,418,3,149.83,980.99,0 13 27 12 41 30 64 78 74 63 88 85 98 15 57 0,
PFG_MOEA,418,4,149.83,980.99,0 8 22 23 84 39 56 68 37 33 91 19 18 16 40 71 35 31 17 20 0,40
PFG_MOEA,418,5,149.83,980.99,0 4 80 53 66 94 49 51 79 32 3 36 54 70 72 67 86 82 21 1 34 58 77 0,86
PFG_MOEA,418,6,149.83,980.99,0 2 99 25 43 92 62 48 50 45 24 5 29 61 60 52 87 6 65 90 0,5
PFG_MOEA,419,1,143.0,1006.23,0 13 27 12 41 11 83 96 59 44 38 47 69 89 10 26 98 14 73 95 57 0,13
PFG_MOEA,419,2,143.0,1006.23,0 8 15 85 88 63 74 78 64 30 71 35 40 0,64 88
PFG_MOEA,419,3,143.0,1006.23,0 20 17 31 16 18 19 91 33 37 68 56 39 84 23 22 21 1 34 0,
PFG_MOEA,419,4,143.0,1006.23,0 4 80 53 66 49 51 79 32 94 82 86 67 72 70 54 36 3 58 77 0,80 94
PFG_MOEA,419,5,143.0,1006.23,0 2 99 25 43 92 62 48 50 45 24 5 29 52 87 6 65 90 0,43 48 65
PFG_MOEA,419,6,143.0,1006.23,0 100 93 60 61 97 75 55 9 76 42 81 7 46 28 0,
PFG_MOEA,420,1,182.07,852.88,0 8 100 97 75 55 9 76 42 81 7 46 28 69 47 38 44 59 26 10 89 96 83 11 14 13 0,26 81
PFG_MOEA,420,2,182.07,852.88,0 27 12 0,
PFG_MOEA,420,3,182.07,852.88,0 57 95 41 73 15 98 85 88 63 74 78 64 30 71 35 40 16 18 19 17 31 20 0,
PFG_MOEA,420,4,182.07,852.88,0 4 80 53 66 94 49 51 79 32 3 36 54 70 72 67 86 82 23 84 39 56 68 37 33 22 21 91 1 0,86
PFG_MOEA,420,5,182.07,852.88,0 50 2 99 34 25 43 92 48 62 58 77 45 0,48 50
PFG_MOEA,420,6,182.07,852.88,0 24 5 29 90 65 6 87 52 60 61 93 0,5
PFG_MOEA,421,1,377.38,815.07,0 28 0,
PFG_MOEA,421,2,377.38,815.07,0 10 26 59 44 38 47 69 89 0,
PFG_MOEA,421,3,377.38,815.07,0 4 80 53 66 94 49 51 79 32 3 36 54 70 72 67 86 82 23 84 39 56 68 37 33 22 21 91 20 31 17 19 18 16 40 35 71 30 64 78 74 63 88 85 98 15 73 14 11 83 96 57 95 41 12 27 13 99 34 1 43 25 2 50 0,35 50
PFG_MOEA,421,4,377.38,815.07,0 92 48 62 58 77 0,
PFG_MOEA,421,5,377.38,815.07,0 45 24 0,45
PFG_MOEA,421,6,377.38,815.07,0 90 65 6 87 52 29 5 60 61 97 93 100 8 42 76 9 55 75 81 7 46 0,5 65 100
PFG_MOEA,422,1,141.39,1069.23,0 8 42 28 10 89 47 69 38 44 59 26 96 0,
PFG_MOEA,422,2,141.39,1069.23,0 13 12 41 11 14 98 85 15 73 95 57 0,57
PFG_MOEA,422,3,141.39,1069.23,0 4 80 53 100 81 7 46 27 83 88 63 74 78 64 30 71 35 40 16 20 0,100
PFG_MOEA,422,4,141.39,1069.23,0 31 17 18 19 91 33 37 68 56 39 72 70 54 36 3 58 77 50 0,
PFG_MOEA,422,5,141.39,1069.23,0 2 99 34 1 21 84 23 22 25 43 92 48 62 67 86 82 94 49 66 0,94
PFG_MOEA,422,6,141.39,1069.23,0 24 45 51 32 79 5 29 90 65 6 87 52 60 61 97 93 75 55 9 76 0,
PFG_MOEA,423,1,167.7,934.83,0 96 83 11 14 42 76 9 55 75 81 46 28 69 47 38 44 59 26 10 89 0,26 38 89
PFG_MOEA,423,2,167.7,934.83,0 13 27 12 41 95 57 73 15 98 85 88 63 74 78 64 30 71 35 40 16 18 19 31 20 0,
PFG_MOEA,423,3,167.7,934.83,0 17 91 33 37 68 56 39 84 23 0,
PFG_MOEA,423,4,167.7,934.83,0 4 80 53 66 94 49 51 79 32 3 36 54 70 72 67 86 82 22 21 1 34 48 62 58 77 0,86 94
PFG_MOEA,423,5,167.7,934.83,0 2 99 25 43 92 50 45 24 5 29 90 65 6 87 52 60 61 97 93 100 0,43 45
PFG_MOEA,423,6,167.7,934.83,0 8 7 0,
PFG_MOEA,424,1,173.13,915.94,0 8 28 10 89 47 69 38 44 59 26 96 83 11 98 14 73 41 12 13 95 57 0,38
PFG_MOEA,424,2,173.13,915.94,0 15 85 88 63 74 78 64 30 71 35 40 16 18 19 31 17 20 91 33 37 68 56 39 84 23 22 21 1 34 0,17 40 64 88
PFG_MOEA,424,3,173.13,915.94,0 4 80 53 51 79 0,
PFG_MOEA,424,4,173.13,915.94,0 66 49 32 94 82 86 67 72 70 54 36 3 58 77 48 62 92 43 0,
PFG_MOEA,424,5,173.13,915.94,0 25 99 2 0,
PFG_MOEA,424,6,173.13,915.94,0 50 45 24 5 29 90 65 6 87 52 60 61 97 93 100 75 55 9 76 42 81 7 46 27 0,5 50 81
PFG_MOEA,425,1,152.21,947.44,0 27 12 41 95 57 83 11 96 26 59 44 38 69 47 89 10 0,11
PFG_MOEA,425,2,152.21,947.44,0 28 13 73 14 98 15 85 88 63 74 78 64 30 71 35 40 16 18 19 31 17 20 91 0,17 35 64 88
PFG_MOEA,425,3,152.21,947.44,0 22 23 84 39 56 68 37 33 21 1 34 80 53 51 79 0,
PFG_MOEA,425,4,152.21,947.44,0 92 50 25 99 2 66 49 32 5 24 45 4 0,2 5
PFG_MOEA,425,5,152.21,947.44,0 46 81 75 55 9 76 42 7 8 100 93 97 61 60 52 87 6 65 90 29 94 0,
PFG_MOEA,425,6,152.21,947.44,0 77 58 3 36 54 70 72 67 86 82 62 48 43 0,
PFG_MOEA,426,1,138.05,1111.26,0 73 78 74 63 88 85 15 98 14 0,
PFG_MOEA,426,2,138.05,1111.26,0 20 91 19 17 31 35 71 30 64 40 16 18 68 56 39 84 23 22 0,17 35 64
PFG_MOEA,426,3,138.05,1111.26,0 50 92 37 33 21 1 34 99 2 25 66 49 32 79 51 53 80 0,
PFG_MOEA,426,4,138.05,1111.26,0 6 65 90 29 5 24 45 94 82 86 67 72 70 54 36 3 58 77 62 0,5
PFG_MOEA,426,5,138.05,1111.26,0 43 48 46 81 75 55 9 76 42 7 8 100 93 97 61 60 52 87 4 0,100
PFG_MOEA,426,6,138.05,1111.26,0 28 10 89 47 69 38 44 59 26 96 11 83 57 95 41 12 27 13 0,
PFG_MOEA,427,1,149.83,980.99,0 100 93 97 55 75 0,
PFG_MOEA,427,2,149.83,980.99,0 46 7 81 9 76 42 28 69 47 38 44 59 26 10 89 96 83 11 14 73 95 0,81
PFG_MOEA,427,3,149.83,980.99,0 13 27 12 41 30 64 78 74 63 88 85 98 15 57 0,
PFG_MOEA,427,4,149.83,980.99,0 8 22 23 84 39 56 68 37 33 91 19 18 16 40 71 35 31 17 20 0,40
PFG_MOEA,427,5,149.83,980.99,0 4 80 53 66 94 49 51 79 32 3 36 54 70 72 67 86 82 21 1 34 58 77 0,86
PFG_MOEA,427,6,149.83,980.99,0 2 99 25 43 92 62 48 50 45 24 5 29 61 60 52 87 6 65 90 0,5
PFG_MOEA,428,1,143.0,1006.23,0 13 27 12 41 11 83 96 59 44 38 47 69 89 10 26 98 14 73 95 57 0,13
PFG_MOEA,428,2,143.0,1006.23,0 8 15 85 88 63 74 78 64 30 71 35 40 0,64 88
PFG_MOEA,428,3,143.0,1006.23,0 20 17 31 16 18 19 91 33 37 68 56 39 84 23 22 21 1 34 0,
PFG_MOEA,428,4,143.0,1006.23,0 4 80 53 66 49 51 79 32 94 82 86 67 72 70 54 36 3 58 77 0,80 94
PFG_MOEA,428,5,143.0,1006.23,0 2 99 25 43 92 62 48 50 45 24 5 29 52 87 6 65 90 0,43 48 65
PFG_MOEA,428,6,143.0,1006.23,0 100 93 60 61 97 75 55 9 76 42 81 7 46 28 0,
PFG_MOEA,429,1,182.07,852.88,0 8 100 97 75 55 9 76 42 81 7 46 28 69 47 38 44 59 26 10 89 96 83 11 14 13 0,26 81
PFG_MOEA,429,2,182.07,852.88,0 27 12 0,
PFG_MOEA,429,3,182.07,852.88,0 57 95 41 73 15 98 85 88 63 74 78 64 30 71 35 40 16 18 19 17 31 20 0,
PFG_MOEA,429,4,182.07,852.88,0 4 80 53 66 94 49 51 79 32 3 36 54 70 72 67 86 82 23 84 39 56 68 37 33 22 21 91 1 0,86
PFG_MOEA,429,5,182.07,852.88,0 50 2 99 34 25 43 92 48 62 58 77 45 0,48 50
PFG_MOEA,429,6,182.07,852.88,0 24 5 29 90 65 6 87 52 60 61 93 0,5
PFG_MOEA,430,1,377.38,815.07,0 28 0,
PFG_MOEA,430,2,377.38,815.07,0 10 26 59 44 38 47 69 89 0,
PFG_MOEA,430,3,377.38,815.07,0 4 80 53 66 94 49 51 79 32 3 36 54 70 72 67 86 82 23 84 39 56 68 37 33 22 21 91 20 31 17 19 18 16 40 35 71 30 64 78 74 63 88 85 98 15 73 14 11 83 96 57 95 41 12 27 13 99 34 1 43 25 2 50 0,35 50
PFG_MOEA,430,4,377.38,815.07,0 92 48 62 58 77 0,
PFG_MOEA,430,5,377.38,815.07,0 45 24 0,45
PFG_MOEA,430,6,377.38,815.07,0 90 65 6 87 52 29 5 60 61 97 93 100 8 42 76 9 55 75 81 7 46 0,5 65 100
PFG_MOEA,431,1,141.39,1069.23,0 8 42 28 10 89 47 69 38 44 59 26 96 0,
PFG_MOEA,431,2,141.39,1069.23,0 13 12 41 11 14 98 85 15 73 95 57 0,57
PFG_MOEA,431,3,141.39,1069.23,0 4 80 53 100 81 7 46 27 83 88 63 74 78 64 30 71 35 40 16 20 0,100
PFG_MOEA,431,4,141.39,1069.23,0 31 17 18 19 91 33 37 68 56 39 72 70 54 36 3 58 77 50 0,
PFG_MOEA,431,5,141.39,1069.23,0 2 99 34 1 21 84 23 22 25 43 92 48 62 67 86 82 94 49 66 0,94
PFG_MOEA,431,6,141.39,1069.23,0 24 45 51 32 79 5 29 90 65 6 87 52 60 61 97 93 75 55 9 76 0,
PFG_MOEA,432,1,167.7,934.83,0 96 83 11 14 42 76 9 55 75 81 46 28 69 47 38 44 59 26 10 89 0,26 38 89
PFG_MOEA,432,2,167.7,934.83,0 13 27 12 41 95 57 73 15 98 85 88 63 74 78 64 30 71 35 40 16 18 19 31 20 0,
PFG_MOEA,432,3,167.7,934.83,0 17 91 33 37 68 56 39 84 23 0,
PFG_MOEA,432,4,167.7,934.83,0 4 80 53 66 94 49 51 79 32 3 36 54 70 72 67 86 82 22 21 1 34 48 62 58 77 0,86 94
PFG_MOEA,432,5,167.7,934.83,0 2 99 25 43 92 50 45 24 5 29 90 65 6 87 52 60 61 97 93 100 0,43 45
PFG_MOEA,432,6,167.7,934.83,0 8 7 0,
PFG_MOEA,433,1,173.13,915.94,0 8 28 10 89 47 69 38 44 59 26 96 83 11 98 14 73 41 12 13 95 57 0,38
PFG_MOEA,433,2,173.13,915.94,0 15 85 88 63 74 78 64 30 71 35 40 16 18 19 31 17 20 91 33 37 68 56 39 84 23 22 21 1 34 0,17 40 64 88
PFG_MOEA,433,3,173.13,915.94,0 4 80 53 51 79 0,
PFG_MOEA,433,4,173.13,915.94,0 66 49 32 94 82 86 67 72 70 54 36 3 58 77 48 62 92 43 0,
PFG_MOEA,433,5,173.13,915.94,0 25 99 2 0,
PFG_MOEA,433,6,173.13,915.94,0 50 45 24 5 29 90 65 6 87 52 60 61 97 93 100 75 55 9 76 42 81 7 46 27 0,5 50 81
PFG_MOEA,434,1,152.21,947.44,0 27 12 41 95 57 83 11 96 26 59 44 38 69 47 89 10 0,11
PFG_MOEA,434,2,152.21,947.44,0 28 13 73 14 98 15 85 88 63 74 78 64 30 71 35 40 16 18 19 31 17 20 91 0,17 35 64 88
PFG_MOEA,434,3,152.21,947.44,0 22 23 84 39 56 68 37 33 21 1 34 80 53 51 79 0,
PFG_MOEA,434,4,152.21,947.44,0 92 50 25 99 2 66 49 32 5 24 45 4 0,2 5
PFG_MOEA,434,5,152.21,947.44,0 46 81 75 55 9 76 42 7 8 100 93 97 61 60 52 87 6 65 90 29 94 0,
PFG_MOEA,434,6,152.21,947.44,0 77 58 3 36 54 70 72 67 86 82 62 48 43 0,
PFG_MOEA,435,1,138.05,1111.26,0 73 78 74 63 88 85 15 98 14 0,
PFG_MOEA,435,2,138.05,1111.26,0 20 91 19 17 31 35 71 30 64 40 16 18 68 56 39 84 23 22 0,17 35 64
PFG_MOEA,435,3,138.05,1111.26,0 50 92 37 33 21 1 34 99 2 25 66 49 32 79 51 53 80 0,
PFG_MOEA,435,4,138.05,1111.26,0 6 65 90 29 5 24 45 94 82 86 67 72 70 54 36 3 58 77 62 0,5
PFG_MOEA,435,5,138.05,1111.26,0 43 48 46 81 75 55 9 76 42 7 8 100 93 97 61 60 52 87 4 0,100
PFG_MOEA,435,6,138.05,1111.26,0 28 10 89 47 69 38 44 59 26 96 11 83 57 95 41 12 27 13 0,
PFG_MOEA,436,1,149.83,980.99,0 100 93 97 55 75 0,
PFG_MOEA,436,2,149.83,980.99,0 46 7 81 9 76 42 28 69 47 38 44 59 26 10 89 96 83 11 14 73 95 0,81
PFG_MOEA,436,3,149.83,980.99,0 13 27 12 41 30 64 78 74 63 88 85 98 15 57 0,
PFG_MOEA,436,4,149.83,980.99,0 8 22 23 84 39 56 68 37 33 91 19 18 16 40 71 35 31 17 20 0,40
PFG_MOEA,436,5,149.83,980.99,0 4 80 53 66 94 49 51 79 32 3 36 54 70 72 67 86 82 21 1 34 58 77 0,86
PFG_MOEA,436,6,149.83,980.99,0 2 99 25 43 92 62 48 50 45 24 5 29 61 60 52 87 6 65 90 0,5
PFG_MOEA,437,1,143.0,1006.23,0 13 27 12 41 11 83 96 59 44 38 47 69 89 10 26 98 14 73 95 57 0,13
PFG_MOEA,437,2,143.0,1006.23,0 8 15 85 88 63 74 78 64 30 71 35 40 0,64 88
PFG_MOEA,437,3,143.0,1006.23,0 20 17 31 16 18 19 91 33 37 68 56 39 84 23 22 21 1 34 0,
PFG_MOEA,437,4,143.0,1006.23,0 4 80 53 66 49 51 79 32 94 82 86 67 72 70 54 36 3 58 77 0,80 94
PFG_MOEA,437,5,143.0,1006.23,0 2 99 25 43 92 62 48 50 45 24 5 29 52 87 6 65 90 0,43 48 65
PFG_MOEA,437,6,143.0,1006.23,0 100 93 60 61 97 75 55 9 76 42 81 7 46 28 0,
PFG_MOEA,438,1,182.07,852.88,0 8 100 97 75 55 9 76 42 81 7 46 28 69 47 38 44 59 26 10 89 96 83 11 14 13 0,26 81
PFG_MOEA,438,2,182.07,852.88,0 27 12 0,
PFG_MOEA,438,3,182.07,852.88,0 57 95 41 73 15 98 85 88 63 74 78 64 30 71 35 40 16 18 19 17 31 20 0,
PFG_MOEA,438,4,182.07,852.88,0 4 80 53 66 94 49 51 79 32 3 36 54 70 72 67 86 82 23 84 39 56 68 37 33 22 21 91 1 0,86
PFG_MOEA,438,5,182.07,852.88,0 50 2 99 34 25 43 92 48 62 58 77 45 0,48 50
PFG_MOEA,438,6,182.07,852.88,0 24 5 29 90 65 6 87 52 60 61 93 0,5
PFG_MOEA,439,1,377.38,815.07,0 28 0,
PFG_MOEA,439,2,377.38,815.07,0 10 26 59 44 38 47 69 89 0,
PFG_MOEA,439,3,377.38,815.07,0 4 80 53 66 94 49 51 79 32 3 36 54 70 72 67 86 82 23 84 39 56 68 37 33 22 21 91 20 31 17 19 18 16 40 35 71 30 64 78 74 63 88 85 98 15 73 14 11 83 96 57 95 41 12 27 13 99 34 1 43 25 2 50 0,35 50
PFG_MOEA,439,4,377.38,815.07,0 92 48 62 58 77 0,
PFG_MOEA,439,5,377.38,815.07,0 45 24 0,45
PFG_MOEA,439,6,377.38,815.07,0 90 65 6 87 52 29 5 60 61 97 93 100 8 42 76 9 55 75 81 7 46 0,5 65 100
PFG_MOEA,440,1,141.39,1069.23,0 8 42 28 10 89 47 69 38 44 59 26 96 0,
PFG_MOEA,440,2,141.39,1069.23,0 13 12 41 11 14 98 85 15 73 95 57 0,57
PFG_MOEA,440,3,141.39,1069.23,0 4 80 53 100 81 7 46 27 83 88 63 74 78 64 30 71 35 40 16 20 0,100
PFG_MOEA,440,4,141.39,1069.23,0 31 17 18 19 91 33 37 68 56 39 72 70 54 36 3 58 77 50 0,
PFG_MOEA,440,5,141.39,1069.23,0 2 99 34 1 21 84 23 22 25 43 92 48 62 67 86 82 94 49 66 0,94
PFG_MOEA,440,6,141.39,1069.23,0 24 45 51 32 79 5 29 90 65 6 87 52 60 61 97 93 75 55 9 76 0,
PFG_MOEA,441,1,167.7,934.83,0 96 83 11 14 42 76 9 55 75 81 46 28 69 47 38 44 59 26 10 89 0,26 38 89
PFG_MOEA,441,2,167.7,934.83,0 13 27 12 41 95 57 73 15 98 85 88 63 74 78 64 30 71 35 40 16 18 19 31 20 0,
PFG_MOEA,441,3,167.7,934.83,0 17 91 33 37 68 56 39 84 23 0,
PFG_MOEA,441,4,167.7,934.83,0 4 80 53 66 94 49 51 79 32 3 36 54 70 72 67 86 82 22 21 1 34 48 62 58 77 0,86 94
PFG_MOEA,441,5,167.7,934.83,0 2 99 25 43 92 50 45 24 5 29 90 65 6 87 52 60 61 97 93 100 0,43 45
PFG_MOEA,441,6,167.7,934.83,0 8 7 0,
PFG_MOEA,442,1,173.13,915.94,0 8 28 10 89 47 69 38 44 59 26 96 83 11 98 14 73 41 12 13 95 57 0,38
PFG_MOEA,442,2,173.13,915.94,0 15 85 88 63 74 78 64 30 71 35 40 16 18 19 31 17 20 91 33 37 68 56 39 84 23 22 21 1 34 0,17 40 64 88
PFG_MOEA,442,3,173.13,915.94,0 4 80 53 51 79 0,
PFG_MOEA,442,4,173.13,915.94,0 66 49 32 94 82 86 67 72 70 54 36 3 58 77 48 62 92 43 0,
PFG_MOEA,442,5,173.13,915.94,0 25 99 2 0,
PFG_MOEA,442,6,173.13,915.94,0 50 45 24 5 29 90 65 6 87 52 60 61 97 93 100 75 55 9 76 42 81 7 46 27 0,5 50 81
PFG_MOEA,443,1,152.21,947.44,0 27 12 41 95 57 83 11 96 26 59 44 38 69 47 89 10 0,11
PFG_MOEA,443,2,152.21,947.44,0 28 13 73 14 98 15 85 88 63 74 78 64 30 71 35 40 16 18 19 31 17 20 91 0,17 35 64 88
PFG_MOEA,443,3,152.21,947.44,0 22 23 84 39 56 68 37 33 21 1 34 80 53 51 79 0,
PFG_MOEA,443,4,152.21,947.44,0 92 50 25 99 2 66 49 32 5 24 45 4 0,2 5
PFG_MOEA,443,5,152.21,947.44,0 46 81 75 55 9 76 42 7 8 100 93 97 61 60 52 87 6 65 90 29 94 0,
PFG_MOEA,443,6,152.21,947.44,0 77 58 3 36 54 70 72 67 86 82 62 48 43 0,
PFG_MOEA,444,1,138.05,1111.26,0 73 78 74 63 88 85 15 98 14 0,
PFG_MOEA,444,2,138.05,1111.26,0 20 91 19 17 31 35 71 30 64 40 16 18 68 56 39 84 23 22 0,17 35 64
PFG_MOEA,444,3,138.05,1111.26,0 50 92 37 33 21 1 34 99 2 25 66 49 32 79 51 53 80 0,
PFG_MOEA,444,4,138.05,1111.26,0 6 65 90 29 5 24 45 94 82 86 67 72 70 54 36 3 58 77 62 0,5
PFG_MOEA,444,5,138.05,1111.26,0 43 48 46 81 75 55 9 76 42 7 8 100 93 97 61 60 52 87 4 0,100
PFG_MOEA,444,6,138.05,1111.26,0 28 10 89 47 69 38 44 59 26 96 11 83 57 95 41 12 27 13 0,
PFG_MOEA,445,1,149.83,980.99,0 100 93 97 55 75 0,
PFG_MOEA,445,2,149.83,980.99,0 46 7 81 9 76 42 28 69 47 38 44 59 26 10 89 96 83 11 14 73 95 0,81
PFG_MOEA,445,3,149.83,980.99,0 13 27 12 41 30 64 78 74 63 88 85 98 15 57 0,
PFG_MOEA,445,4,149.83,980.99,0 8 22 23 84 39 56 68 37 33 91 19 18 16 40 71 35 31 17 20 0,40
PFG_MOEA,445,5,149.83,980.99,0 4 80 53 66 94 49 51 79 32 3 36 54 70 72 67 86 82 21 1 34 58 77 0,86
PFG_MOEA,445,6,149.83,980.99,0 2 99 25 43 92 62 48 50 45 24 5 29 61 60 52 87 6 65 90 0,5
PFG_MOEA,446,1,143.0,1006.23,0 13 27 12 41 11 83 96 59 44 38 47 69 89 10 26 98 14 73 95 57 0,13
PFG_MOEA,446,2,143.0,1006.23,0 8 15 85 88 63 74 78 64 30 71 35 40 0,64 88
PFG_MOEA,446,3,143.0,1006.23,0 20 17 31 16 18 19 91 33 37 68 56 39 84 23 22 21 1 34 0,
PFG_MOEA,446,4,143.0,1006.23,0 4 80 53 66 49 51 79 32 94 82 86 67 72 70 54 36 3 58 77 0,80 94
PFG_MOEA,446,5,143.0,1006.23,0 2 99 25 43 92 62 48 50 45 24 5 29 52 87 6 65 90 0,43 48 65
PFG_MOEA,446,6,143.0,1006.23,0 100 93 60 61 97 75 55 9 76 42 81 7 46 28 0,
PFG_MOEA,447,1,182.07,852.88,0 8 100 97 75 55 9 76 42 81 7 46 28 69 47 38 44 59 26 10 89 96 83 11 14 13 0,26 81
PFG_MOEA,447,2,182.07,852.88,0 27 12 0,
PFG_MOEA,447,3,182.07,852.88,0 57 95 41 73 15 98 85 88 63 74 78 64 30 71 35 40 16 18 19 17 31 20 0,
PFG_MOEA,447,4,182.07,852.88,0 4 80 53 66 94 49 51 79 32 3 36 54 70 72 67 86 82 23 84 39 56 68 37 33 22 21 91 1 0,86
PFG_MOEA,447,5,182.07,852.88,0 50 2 99 34 25 43 92 48 62 58 77 45 0,48 50
PFG_MOEA,447,6,182.07,852.88,0 24 5 29 90 65 6 87 52 60 61 93 0,5
PFG_MOEA,448,1,377.38,815.07,0 28 0,
PFG_MOEA,448,2,377.38,815.07,0 10 26 59 44 38 47 69 89 0,
PFG_MOEA,448,3,377.38,815.07,0 4 80 53 66 94 49 51 79 32 3 36 54 70 72 67 86 82 23 84 39 56 68 37 33 22 21 91 20 31 17 19 18 16 40 35 71 30 64 78 74 63 88 85 98 15 73 14 11 83 96 57 95 41 12 27 13 99 34 1 43 25 2 50 0,35 50
PFG_MOEA,448,4,377.38,815.07,0 92 48 62 58 77 0,
PFG_MOEA,448,5,377.38,815.07,0 45 24 0,45
PFG_MOEA,448,6,377.38,815.07,0 90 65 6 87 52 29 5 60 61 97 93 100 8 42 76 9 55 75 81 7 46 0,5 65 100
PFG_MOEA,449,1,141.39,1069.23,0 8 42 28 10 89 47 69 38 44 59 26 96 0,
PFG_MOEA,449,2,141.39,1069.23,0 13 12 41 11 14 98 85 15 73 95 57 0,57
PFG_MOEA,449,3,141.39,1069.23,0 4 80 53 100 81 7 46 27 83 88 63 74 78 64 30 71 35 40 16 20 0,100
PFG_MOEA,449,4,141.39,1069.23,0 31 17 18 19 91 33 37 68 56 39 72 70 54 36 3 58 77 50 0,
PFG_MOEA,449,5,141.39,1069.23,0 2 99 34 1 21 84 23 22 25 43 92 48 62 67 86 82 94 49 66 0,94
PFG_MOEA,449,6,141.39,1069.23,0 24 45 51 32 79 5 29 90 65 6 87 52 60 61 97 93 75 55 9 76 0,
PFG_MOEA,450,1,167.7,934.83,0 96 83 11 14 42 76 9 55 75 81 46 28 69 47 38 44 59 26 10 89 0,26 38 89
PFG_MOEA,450,2,167.7,934.83,0 13 27 12 41 95 57 73 15 98 85 88 63 74 78 64 30 71 35 40 16 18 19 31 20 0,
PFG_MOEA,450,3,167.7,934.83,0 17 91 33 37 68 56 39 84 23 0,
PFG_MOEA,450,4,167.7,934.83,0 4 80 53 66 94 49 51 79 32 3 36 54 70 72 67 86 82 22 21 1 34 48 62 58 77 0,86 94
PFG_MOEA,450,5,167.7,934.83,0 2 99 25 43 92 50 45 24 5 29 90 65 6 87 52 60 61 97 93 100 0,43 45
PFG_MOEA,450,6,167.7,934.83,0 8 7 0,
PFG_MOEA,451,1,173.13,915.94,0 8 28 10 89 47 69 38 44 59 26 96 83 11 98 14 73 41 12 13 95 57 0,38
PFG_MOEA,451,2,173.13,915.94,0 15 85 88 63 74 78 64 30 71 35 40 16 18 19 31 17 20 91 33 37 68 56 39 84 23 22 21 1 34 0,17 40 64 88
PFG_MOEA,451,3,173.13,915.94,0 4 80 53 51 79 0,
PFG_MOEA,451,4,173.13,915.94,0 66 49 32 94 82 86 67 72 70 54 36 3 58 77 48 62 92 43 0,
PFG_MOEA,451,5,173.13,915.94,0 25 99 2 0,
PFG_MOEA,451,6,173.13,915.94,0 50 45 24 5 29 90 65 6 87 52 60 61 97 93 100 75 55 9 76 42 81 7 46 27 0,5 50 81
PFG_MOEA,452,1,152.21,947.44,0 27 12 41 95 57 83 11 96 26 59 44 38 69 47 89 10 0,11
PFG_MOEA,452,2,152.21,947.44,0 28 13 73 14 98 15 85 88 63 74 78 64 30 71 35 40 16 18 19 31 17 20 91 0,17 35 64 88
PFG_MOEA,452,3,152.21,947.44,0 22 23 84 39 56 68 37 33 21 1 34 80 53 51 79 0,
PFG_MOEA,452,4,152.21,947.44,0 92 50 25 99 2 66 49 32 5 24 45 4 0,2 5
PFG_MOEA,452,5,152.21,947.44,0 46 81 75 55 9 76 42 7 8 100 93 97 61 60 52 87 6 65 90 29 94 0,
PFG_MOEA,452,6,152.21,947.44,0 77 58 3 36 54 70 72 67 86 82 62 48 43 0,
PFG_MOEA,453,1,138.05,1111.26,0 73 78 74 63 88 85 15 98 14 0,
PFG_MOEA,453,2,138.05,1111.26,0 20 91 19 17 31 35 71 30 64 40 16 18 68 56 39 84 23 22 0,17 35 64
PFG_MOEA,453,3,138.05,1111.26,0 50 92 37 33 21 1 34 99 2 25 66 49 32 79 51 53 80 0,
PFG_MOEA,453,4,138.05,1111.26,0 6 65 90 29 5 24 45 94 82 86 67 72 70 54 36 3 58 77 62 0,5
PFG_MOEA,453,5,138.05,1111.26,0 43 48 46 81 75 55 9 76 42 7 8 100 93 97 61 60 52 87 4 0,100
PFG_MOEA,453,6,138.05,1111.26,0 28 10 89 47 69 38 44 59 26 96 11 83 57 95 41 12 27 13 0,
PFG_MOEA,454,1,149.83,980.99,0 100 93 97 55 75 0,
PFG_MOEA,454,2,149.83,980.99,0 46 7 81 9 76 42 28 69 47 38 44 59 26 10 89 96 83 11 14 73 95 0,81
PFG_MOEA,454,3,149.83,980.99,0 13 27 12 41 30 64 78 74 63 88 85 98 15 57 0,
PFG_MOEA,454,4,149.83,980.99,0 8 22 23 84 39 56 68 37 33 91 19 18 16 40 71 35 31 17 20 0,40
PFG_MOEA,454,5,149.83,980.99,0 4 80 53 66 94 49 51 79 32 3 36 54 70 72 67 86 82 21 1 34 58 77 0,86
PFG_MOEA,454,6,149.83,980.99,0 2 99 25 43 92 62 48 50 45 24 5 29 61 60 52 87 6 65 90 0,5
PFG_MOEA,455,1,143.0,1006.23,0 13 27 12 41 11 83 96 59 44 38 47 69 89 10 26 98 14 73 95 57 0,13
PFG_MOEA,455,2,143.0,1006.23,0 8 15 85 88 63 74 78 64 30 71 35 40 0,64 88
PFG_MOEA,455,3,143.0,1006.23,0 20 17 31 16 18 19 91 33 37 68 56 39 84 23 22 21 1 34 0,
PFG_MOEA,455,4,143.0,1006.23,0 4 80 53 66 49 51 79 32 94 82 86 67 72 70 54 36 3 58 77 0,80 94
PFG_MOEA,455,5,143.0,1006.23,0 2 99 25 43 92 62 48 50 45 24 5 29 52 87 6 65 90 0,43 48 65
PFG_MOEA,455,6,143.0,1006.23,0 100 93 60 61 97 75 55 9 76 42 81 7 46 28 0,
PFG_MOEA,456,1,182.07,852.88,0 8 100 97 75 55 9 76 42 81 7 46 28 69 47 38 44 59 26 10 89 96 83 11 14 13 0,26 81
PFG_MOEA,456,2,182.07,852.88,0 27 12 0,
PFG_MOEA,456,3,182.07,852.88,0 57 95 41 73 15 98 85 88 63 74 78 64 30 71 35 40 16 18 19 17 31 20 0,
PFG_MOEA,456,4,182.07,852.88,0 4 80 53 66 94 49 51 79 32 3 36 54 70 72 67 86 82 23 84 39 56 68 37 33 22 21 91 1 0,86
PFG_MOEA,456,5,182.07,852.88,0 50 2 99 34 25 43 92 48 62 58 77 45 0,48 50
PFG_MOEA,456,6,182.07,852.88,0 24 5 29 90 65 6 87 52 60 61 93 0,5
PFG_MOEA,457,1,377.38,815.07,0 28 0,
PFG_MOEA,457,2,377.38,815.07,0 10 26 59 44 38 47 69 89 0,
PFG_MOEA,457,3,377.38,815.07,0 4 80 53 66 94 49 51 79 32 3 36 54 70 72 67 86 82 23 84 39 56 68 37 33 22 21 91 20 31 17 19 18 16 40 35 71 30 64 78 74 63 88 85 98 15 73 14 11 83 96 57 95 41 12 27 13 99 34 1 43 25 2 50 0,35 50
PFG_MOEA,457,4,377.38,815.07,0 92 48 62 58 77 0,
PFG_MOEA,457,5,377.38,815.07,0 45 24 0,45
PFG_MOEA,457,6,377.38,815.07,0 90 65 6 87 52 29 5 60 61 97 93 100 8 42 76 9 55 75 81 7 46 0,5 65 100
PFG_MOEA,458,1,141.39,1069.23,0 8 42 28 10 89 47 69 38 44 59 26 96 0,
PFG_MOEA,458,2,141.39,1069.23,0 13 12 41 11 14 98 85 15 73 95 57 0,57
PFG_MOEA,458,3,141.39,1069.23,0 4 80 53 100 81 7 46 27 83 88 63 74 78 64 30 71 35 40 16 20 0,100
PFG_MOEA,458,4,141.39,1069.23,0 31 17 18 19 91 33 37 68 56 39 72 70 54 36 3 58 77 50 0,
PFG_MOEA,458,5,141.39,1069.23,0 2 99 34 1 21 84 23 22 25 43 92 48 62 67 86 82 94 49 66 0,94
PFG_MOEA,458,6,141.39,1069.23,0 24 45 51 32 79 5 29 90 65 6 87 52 60 61 97 93 75 55 9 76 0,
PFG_MOEA,459,1,167.7,934.83,0 96 83 11 14 42 76 9 55 75 81 46 28 69 47 38 44 59 26 10 89 0,26 38 89
PFG_MOEA,459,2,167.7,934.83,0 13 27 12 41 95 57 73 15 98 85 88 63 74 78 64 30 71 35 40 16 18 19 31 20 0,
PFG_MOEA,459,3,167.7,934.83,0 17 91 33 37 68 56 39 84 23 0,
PFG_MOEA,459,4,167.7,934.83,0 4 80 53 66 94 49 51 79 32 3 36 54 70 72 67 86 82 22 21 1 34 48 62 58 77 0,86 94
PFG_MOEA,459,5,167.7,934.83,0 2 99 25 43 92 50 45 24 5 29 90 65 6 87 52 60 61 97 93 100 0,43 45
PFG_MOEA,459,6,167.7,934.83,0 8 7 0,
PFG_MOEA,460,1,173.13,915.94,0 8 28 10 89 47 69 38 44 59 26 96 83 11 98 14 73 41 12 13 95 57 0,38
PFG_MOEA,460,2,173.13,915.94,0 15 85 88 63 74 78 64 30 71 35 40 16 18 19 31 17 20 91 33 37 68 56 39 84 23 22 21 1 34 0,17 40 64 88
PFG_MOEA,460,3,173.13,915.94,0 4 80 53 51 79 0,
PFG_MOEA,460,4,173.13,915.94,0 66 49 32 94 82 86 67 72 70 54 36 3 58 77 48 62 92 43 0,
PFG_MOEA,460,5,173.13,915.94,0 25 99 2 0,
PFG_MOEA,460,6,173.13,915.94,0 50 45 24 5 29 90 65 6 87 52 60 61 97 93 100 75 55 9 76 42 81 7 46 27 0,5 50 81
PFG_MOEA,461,1,152.21,947.44,0 27 12 41 95 57 83 11 96 26 59 44 38 69 47 89 10 0,11
PFG_MOEA,461,2,152.21,947.44,0 28 13 73 14 98 15 85 88 63 74 78 64 30 71 35 40 16 18 19 31 17 20 91 0,17 35 64 88
PFG_MOEA,461,3,152.21,947.44,0 22 23 84 39 56 68 37 33 21 1 34 80 53 51 79 0,
PFG_MOEA,461,4,152.21,947.44,0 92 50 25 99 2 66 49 32 5 24 45 4 0,2 5
PFG_MOEA,461,5,152.21,947.44,0 46 81 75 55 9 76 42 7 8 100 93 97 61 60 52 87 6 65 90 29 94 0,
PFG_MOEA,461,6,152.21,947.44,0 77 58 3 36 54 70 72 67 86 82 62 48 43 0,
PFG_MOEA,462,1,138.05,1111.26,0 73 78 74 63 88 85 15 98 14 0,
PFG_MOEA,462,2,138.05,1111.26,0 20 91 19 17 31 35 71 30 64 40 16 18 68 56 39 84 23 22 0,17 35 64
PFG_MOEA,462,3,138.05,1111.26,0 50 92 37 33 21 1 34 99 2 25 66 49 32 79 51 53 80 0,
PFG_MOEA,462,4,138.05,1111.26,0 6 65 90 29 5 24 45 94 82 86 67 72 70 54 36 3 58 77 62 0,5
PFG_MOEA,462,5,138.05,1111.26,0 43 48 46 81 75 55 9 76 42 7 8 100 93 97 61 60 52 87 4 0,100
PFG_MOEA,462,6,138.05,1111.26,0 28 10 89 47 69 38 44 59 26 96 11 83 57 95 41 12 27 13 0,
PFG_MOEA,463,1,149.83,980.99,0 100 93 97 55 75 0,
PFG_MOEA,463,2,149.83,980.99,0 46 7 81 9 76 42 28 69 47 38 44 59 26 10 89 96 83 11 14 73 95 0,81
PFG_MOEA,463,3,149.83,980.99,0 13 27 12 41 30 64 78 74 63 88 85 98 15 57 0,
PFG_MOEA,463,4,149.83,980.99,0 8 22 23 84 39 56 68 37 33 91 19 18 16 40 71 35 31 17 20 0,40
PFG_MOEA,463,5,149.83,980.99,0 4 80 53 66 94 49 51 79 32 3 36 54 70 72 67 86 82 21 1 34 58 77 0,86
PFG_MOEA,463,6,149.83,980.99,0 2 99 25 43 92 62 48 50 45 24 5 29 61 60 52 87 6 65 90 0,5
PFG_MOEA,464,1,143.0,1006.23,0 13 27 12 41 11 83 96 59 44 38 47 69 89 10 26 98 14 73 95 57 0,13
PFG_MOEA,464,2,143.0,1006.23,0 8 15 85 88 63 74 78 64 30 71 35 40 0,64 88
PFG_MOEA,464,3,143.0,1006.23,0 20 17 31 16 18 19 91 33 37 68 56 39 84 23 22 21 1 34 0,
PFG_MOEA,464,4,143.0,1006.23,0 4 80 53 66 49 51 79 32 94 82 86 67 72 70 54 36 3 58 77 0,80 94
PFG_MOEA,464,5,143.0,1006.23,0 2 99 25 43 92 62 48 50 45 24 5 29 52 87 6 65 90 0,43 48 65
PFG_MOEA,464,6,143.0,1006.23,0 100 93 60 61 97 75 55 9 76 42 81 7 46 28 0,
PFG_MOEA,465,1,182.07,852.88,0 8 100 97 75 55 9 76 42 81 7 46 28 69 47 38 44 59 26 10 89 96 83 11 14 13 0,26 81
PFG_MOEA,465,2,182.07,852.88,0 27 12 0,
PFG_MOEA,465,3,182.07,852.88,0 57 95 41 73 15 98 85 88 63 74 78 64 30 71 35 40 16 18 19 17 31 20 0,
PFG_MOEA,465,4,182.07,852.88,0 4 80 53 66 94 49 51 79 32 3 36 54 70 72 67 86 82 23 84 39 56 68 37 33 22 21 91 1 0,86
PFG_MOEA,465,5,182.07,852.88,0 50 2 99 34 25 43 92 48 62 58 77 45 0,48 50
PFG_MOEA,465,6,182.07,852.88,0 24 5 29 90 65 6 87 52 60 61 93 0,5
PFG_MOEA,466,1,377.38,815.07,0 28 0,
PFG_MOEA,466,2,377.38,815.07,0 10 26 59 44 38 47 69 89 0,
PFG_MOEA,466,3,377.38,815.07,0 4 80 53 66 94 49 51 79 32 3 36 54 70 72 67 86 82 23 84 39 56 68 37 33 22 21 91 20 31 17 19 18 16 40 35 71 30 64 78 74 63 88 85 98 15 73 14 11 83 96 57 95 41 12 27 13 99 34 1 43 25 2 50 0,35 50
PFG_MOEA,466,4,377.38,815.07,0 92 48 62 58 77 0,
PFG_MOEA,466,5,377.38,815.07,0 45 24 0,45
PFG_MOEA,466,6,377.38,815.07,0 90 65 6 87 52 29 5 60 61 97 93 100 8 42 76 9 55 75 81 7 46 0,5 65 100
PFG_MOEA,467,1,141.39,1069.23,0 8 42 28 10 89 47 69 38 44 59 26 96 0,
PFG_MOEA,467,2,141.39,1069.23,0 13 12 41 11 14 98 85 15 73 95 57 0,57
PFG_MOEA,467,3,141.39,1069.23,0 4 80 53 100 81 7 46 27 83 88 63 74 78 64 30 71 35 40 16 20 0,100
PFG_MOEA,467,4,141.39,1069.23,0 31 17 18 19 91 33 37 68 56 39 72 70 54 36 3 58 77 50 0,
PFG_MOEA,467,5,141.39,1069.23,0 2 99 34 1 21 84 23 22 25 43 92 48 62 67 86 82 94 49 66 0,94
PFG_MOEA,467,6,141.39,1069.23,0 24 45 51 32 79 5 29 90 65 6 87 52 60 61 97 93 75 55 9 76 0,
PFG_MOEA,468,1,167.7,934.83,0 96 83 11 14 42 76 9 55 75 81 46 28 69 47 38 44 59 26 10 89 0,26 38 89
PFG_MOEA,468,2,167.7,934.83,0 13 27 12 41 95 57 73 15 98 85 88 63 74 78 64 30 71 35 40 16 18 19 31 20 0,
PFG_MOEA,468,3,167.7,934.83,0 17 91 33 37 68 56 39 84 23 0,
PFG_MOEA,468,4,167.7,934.83,0 4 80 53 66 94 49 51 79 32 3 36 54 70 72 67 86 82 22 21 1 34 48 62 58 77 0,86 94
PFG_MOEA,468,5,167.7,934.83,0 2 99 25 43 92 50 45 24 5 29 90 65 6 87 52 60 61 97 93 100 0,43 45
PFG_MOEA,468,6,167.7,934.83,0 8 7 0,
PFG_MOEA,469,1,173.13,915.94,0 8 28 10 89 47 69 38 44 59 26 96 83 11 98 14 73 41 12 13 95 57 0,38
PFG_MOEA,469,2,173.13,915.94,0 15 85 88 63 74 78 64 30 71 35 40 16 18 19 31 17 20 91 33 37 68 56 39 84 23 22 21 1 34 0,17 40 64 88
PFG_MOEA,469,3,173.13,915.94,0 4 80 53 51 79 0,
PFG_MOEA,469,4,173.13,915.94,0 66 49 32 94 82 86 67 72 70 54 36 3 58 77 48 62 92 43 0,
PFG_MOEA,469,5,173.13,915.94,0 25 99 2 0,
PFG_MOEA,469,6,173.13,915.94,0 50 45 24 5 29 90 65 6 87 52 60 61 97 93 100 75 55 9 76 42 81 7 46 27 0,5 50 81
PFG_MOEA,470,1,152.21,947.44,0 27 12 41 95 57 83 11 96 26 59 44 38 69 47 89 10 0,11
PFG_MOEA,470,2,152.21,947.44,0 28 13 73 14 98 15 85 88 63 74 78 64 30 71 35 40 16 18 19 31 17 20 91 0,17 35 64 88
PFG_MOEA,470,3,152.21,947.44,0 22 23 84 39 56 68 37 33 21 1 34 80 53 51 79 0,
PFG_MOEA,470,4,152.21,947.44,0 92 50 25 99 2 66 49 32 5 24 45 4 0,2 5
PFG_MOEA,470,5,152.21,947.44,0 46 81 75 55 9 76 42 7 8 100 93 97 61 60 52 87 6 65 90 29 94 0,
PFG_MOEA,470,6,152.21,947.44,0 77 58 3 36 54 70 72 67 86 82 62 48 43 0,
PFG_MOEA,471,1,138.05,1111.26,0 73 78 74 63 88 85 15 98 14 0,
PFG_MOEA,471,2,138.05,1111.26,0 20 91 19 17 31 35 71 30 64 40 16 18 68 56 39 84 23 22 0,17 35 64
PFG_MOEA,471,3,138.05,1111.26,0 50 92 37 33 21 1 34 99 2 25 66 49 32 79 51 53 80 0,
PFG_MOEA,471,4,138.05,1111.26,0 6 65 90 29 5 24 45 94 82 86 67 72 70 54 36 3 58 77 62 0,5
PFG_MOEA,471,5,138.05,1111.26,0 43 48 46 81 75 55 9 76 42 7 8 100 93 97 61 60 52 87 4 0,100
PFG_MOEA,471,6,138.05,1111.26,0 28 10 89 47 69 38 44 59 26 96 11 83 57 95 41 12 27 13 0,
PFG_MOEA,472,1,149.83,980.99,0 100 93 97 55 75 0,
PFG_MOEA,472,2,149.83,980.99,0 46 7 81 9 76 42 28 69 47 38 44 59 26 10 89 96 83 11 14 73 95 0,81
PFG_MOEA,472,3,149.83,980.99,0 13 27 12 41 30 64 78 74 63 88 85 98 15 57 0,
PFG_MOEA,472,4,149.83,980.99,0 8 22 23 84 39 56 68 37 33 91 19 18 16 40 71 35 31 17 20 0,40
PFG_MOEA,472,5,149.83,980.99,0 4 80 53 66 94 49 51 79 32 3 36 54 70 72 67 86 82 21 1 34 58 77 0,86
PFG_MOEA,472,6,149.83,980.99,0 2 99 25 43 92 62 48 50 45 24 5 29 61 60 52 87 6 65 90 0,5
PFG_MOEA,473,1,143.0,1006.23,0 13 27 12 41 11 83 96 59 44 38 47 69 89 10 26 98 14 73 95 57 0,13
PFG_MOEA,473,2,143.0,1006.23,0 8 15 85 88 63 74 78 64 30 71 35 40 0,64 88
PFG_MOEA,473,3,143.0,1006.23,0 20 17 31 16 18 19 91 33 37 68 56 39 84 23 22 21 1 34 0,
PFG_MOEA,473,4,143.0,1006.23,0 4 80 53 66 49 51 79 32 94 82 86 67 72 70 54 36 3 58 77 0,80 94
PFG_MOEA,473,5,143.0,1006.23,0 2 99 25 43 92 62 48 50 45 24 5 29 52 87 6 65 90 0,43 48 65
PFG_MOEA,473,6,143.0,1006.23,0 100 93 60 61 97 75 55 9 76 42 81 7 46 28 0,
PFG_MOEA,474,1,182.07,852.88,0 8 100 97 75 55 9 76 42 81 7 46 28 69 47 38 44 59 26 10 89 96 83 11 14 13 0,26 81
PFG_MOEA,474,2,182.07,852.88,0 27 12 0,
PFG_MOEA,474,3,182.07,852.88,0 57 95 41 73 15 98 85 88 63 74 78 64 30 71 35 40 16 18 19 17 31 20 0,
PFG_MOEA,474,4,182.07,852.88,0 4 80 53 66 94 49 51 79 32 3 36 54 70 72 67 86 82 23 84 39 56 68 37 33 22 21 91 1 0,86
PFG_MOEA,474,5,182.07,852.88,0 50 2 99 34 25 43 92 48 62 58 77 45 0,48 50
PFG_MOEA,474,6,182.07,852.88,0 24 5 29 90 65 6 87 52 60 61 93 0,5
PFG_MOEA,475,1,377.38,815.07,0 28 0,
PFG_MOEA,475,2,377.38,815.07,0 10 26 59 44 38 47 69 89 0,
PFG_MOEA,475,3,377.38,815.07,0 4 80 53 66 94 49 51 79 32 3 36 54 70 72 67 86 82 23 84 39 56 68 37 33 22 21 91 20 31 17 19 18 16 40 35 71 30 64 78 74 63 88 85 98 15 73 14 11 83 96 57 95 41 12 27 13 99 34 1 43 25 2 50 0,35 50
PFG_MOEA,475,4,377.38,815.07,0 92 48 62 58 77 0,
PFG_MOEA,475,5,377.38,815.07,0 45 24 0,45
PFG_MOEA,475,6,377.38,815.07,0 90 65 6 87 52 29 5 60 61 97 93 100 8 42 76 9 55 75 81 7 46 0,5 65 100
PFG_MOEA,476,1,141.39,1069.23,0 8 42 28 10 89 47 69 38 44 59 26 96 0,
PFG_MOEA,476,2,141.39,1069.23,0 13 12 41 11 14 98 85 15 73 95 57 0,57
PFG_MOEA,476,3,141.39,1069.23,0 4 80 53 100 81 7 46 27 83 88 63 74 78 64 30 71 35 40 16 20 0,100
PFG_MOEA,476,4,141.39,1069.23,0 31 17 18 19 91 33 37 68 56 39 72 70 54 36 3 58 77 50 0,
PFG_MOEA,476,5,141.39,1069.23,0 2 99 34 1 21 84 23 22 25 43 92 48 62 67 86 82 94 49 66 0,94
PFG_MOEA,476,6,141.39,1069.23,0 24 45 51 32 79 5 29 90 65 6 87 52 60 61 97 93 75 55 9 76 0,
PFG_MOEA,477,1,167.7,934.83,0 96 83 11 14 42 76 9 55 75 81 46 28 69 47 38 44 59 26 10 89 0,26 38 89
PFG_MOEA,477,2,167.7,934.83,0 13 27 12 41 95 57 73 15 98 85 88 63 74 78 64 30 71 35 40 16 18 19 31 20 0,
PFG_MOEA,477,3,167.7,934.83,0 17 91 33 37 68 56 39 84 23 0,
PFG_MOEA,477,4,167.7,934.83,0 4 80 53 66 94 49 51 79 32 3 36 54 70 72 67 86 82 22 21 1 34 48 62 58 77 0,86 94
PFG_MOEA,477,5,167.7,934.83,0 2 99 25 43 92 50 45 24 5 29 90 65 6 87 52 60 61 97 93 100 0,43 45
PFG_MOEA,477,6,167.7,934.83,0 8 7 0,
PFG_MOEA,478,1,173.13,915.94,0 8 28 10 89 47 69 38 44 59 26 96 83 11 98 14 73 41 12 13 95 57 0,38
PFG_MOEA,478,2,173.13,915.94,0 15 85 88 63 74 78 64 30 71 35 40 16 18 19 31 17 20 91 33 37 68 56 39 84 23 22 21 1 34 0,17 40 64 88
PFG_MOEA,478,3,173.13,915.94,0 4 80 53 51 79 0,
PFG_MOEA,478,4,173.13,915.94,0 66 49 32 94 82 86 67 72 70 54 36 3 58 77 48 62 92 43 0,
PFG_MOEA,478,5,173.13,915.94,0 25 99 2 0,
PFG_MOEA,478,6,173.13,915.94,0 50 45 24 5 29 90 65 6 87 52 60 61 97 93 100 75 55 9 76 42 81 7 46 27 0,5 50 81
PFG_MOEA,479,1,152.21,947.44,0 27 12 41 95 57 83 11 96 26 59 44 38 69 47 89 10 0,11
PFG_MOEA,479,2,152.21,947.44,0 28 13 73 14 98 15 85 88 63 74 78 64 30 71 35 40 16 18 19 31 17 20 91 0,17 35 64 88
PFG_MOEA,479,3,152.21,947.44,0 22 23 84 39 56 68 37 33 21 1 34 80 53 51 79 0,
PFG_MOEA,479,4,152.21,947.44,0 92 50 25 99 2 66 49 32 5 24 45 4 0,2 5
PFG_MOEA,479,5,152.21,947.44,0 46 81 75 55 9 76 42 7 8 100 93 97 61 60 52 87 6 65 90 29 94 0,
PFG_MOEA,479,6,152.21,947.44,0 77 58 3 36 54 70 72 67 86 82 62 48 43 0,
PFG_MOEA,480,1,138.05,1111.26,0 73 78 74 63 88 85 15 98 14 0,
PFG_MOEA,480,2,138.05,1111.26,0 20 91 19 17 31 35 71 30 64 40 16 18 68 56 39 84 23 22 0,17 35 64
PFG_MOEA,480,3,138.05,1111.26,0 50 92 37 33 21 1 34 99 2 25 66 49 32 79 51 53 80 0,
PFG_MOEA,480,4,138.05,1111.26,0 6 65 90 29 5 24 45 94 82 86 67 72 70 54 36 3 58 77 62 0,5
PFG_MOEA,480,5,138.05,1111.26,0 43 48 46 81 75 55 9 76 42 7 8 100 93 97 61 60 52 87 4 0,100
PFG_MOEA,480,6,138.05,1111.26,0 28 10 89 47 69 38 44 59 26 96 11 83 57 95 41 12 27 13 0,
PFG_MOEA,481,1,149.83,980.99,0 100 93 97 55 75 0,
PFG_MOEA,481,2,149.83,980.99,0 46 7 81 9 76 42 28 69 47 38 44 59 26 10 89 96 83 11 14 73 95 0,81
PFG_MOEA,481,3,149.83,980.99,0 13 27 12 41 30 64 78 74 63 88 85 98 15 57 0,
PFG_MOEA,481,4,149.83,980.99,0 8 22 23 84 39 56 68 37 33 91 19 18 16 40 71 35 31 17 20 0,40
PFG_MOEA,481,5,149.83,980.99,0 4 80 53 66 94 49 51 79 32 3 36 54 70 72 67 86 82 21 1 34 58 77 0,86
PFG_MOEA,481,6,149.83,980.99,0 2 99 25 43 92 62 48 50 45 24 5 29 61 60 52 87 6 65 90 0,5
PFG_MOEA,482,1,143.0,1006.23,0 13 27 12 41 11 83 96 59 44 38 47 69 89 10 26 98 14 73 95 57 0,13
PFG_MOEA,482,2,143.0,1006.23,0 8 15 85 88 63 74 78 64 30 71 35 40 0,64 88
PFG_MOEA,482,3,143.0,1006.23,0 20 17 31 16 18 19 91 33 37 68 56 39 84 23 22 21 1 34 0,
PFG_MOEA,482,4,143.0,1006.23,0 4 80 53 66 49 51 79 32 94 82 86 67 72 70 54 36 3 58 77 0,80 94
PFG_MOEA,482,5,143.0,1006.23,0 2 99 25 43 92 62 48 50 45 24 5 29 52 87 6 65 90 0,43 48 65
PFG_MOEA,482,6,143.0,1006.23,0 100 93 60 61 97 75 55 9 76 42 81 7 46 28 0,
PFG_MOEA,483,1,182.07,852.88,0 8 100 97 75 55 9 76 42 81 7 46 28 69 47 38 44 59 26 10 89 96 83 11 14 13 0,26 81
PFG_MOEA,483,2,182.07,852.88,0 27 12 0,
PFG_MOEA,483,3,182.07,852.88,0 57 95 41 73 15 98 85 88 63 74 78 64 30 71 35 40 16 18 19 17 31 20 0,
PFG_MOEA,483,4,182.07,852.88,0 4 80 53 66 94 49 51 79 32 3 36 54 70 72 67 86 82 23 84 39 56 68 37 33 22 21 91 1 0,86
PFG_MOEA,483,5,182.07,852.88,0 50 2 99 34 25 43 92 48 62 58 77 45 0,48 50
PFG_MOEA,483,6,182.07,852.88,0 24 5 29 90 65 6 87 52 60 61 93 0,5
PFG_MOEA,484,1,377.38,815.07,0 28 0,
PFG_MOEA,484,2,377.38,815.07,0 10 26 59 44 38 47 69 89 0,
PFG_MOEA,484,3,377.38,815.07,0 4 80 53 66 94 49 51 79 32 3 36 54 70 72 67 86 82 23 84 39 56 68 37 33 22 21 91 20 31 17 19 18 16 40 35 71 30 64 78 74 63 88 85 98 15 73 14 11 83 96 57 95 41 12 27 13 99 34 1 43 25 2 50 0,35 50
PFG_MOEA,484,4,377.38,815.07,0 92 48 62 58 77 0,
PFG_MOEA,484,5,377.38,815.07,0 45 24 0,45
PFG_MOEA,484,6,377.38,815.07,0 90 65 6 87 52 29 5 60 61 97 93 100 8 42 76 9 55 75 81 7 46 0,5 65 100
PFG_MOEA,485,1,141.39,1069.23,0 8 42 28 10 89 47 69 38 44 59 26 96 0,
PFG_MOEA,485,2,141.39,1069.23,0 13 12 41 11 14 98 85 15 73 95 57 0,57
PFG_MOEA,485,3,141.39,1069.23,0 4 80 53 100 81 7 46 27 83 88 63 74 78 64 30 71 35 40 16 20 0,100
PFG_MOEA,485,4,141.39,1069.23,0 31 17 18 19 91 33 37 68 56 39 72 70 54 36 3 58 77 50 0,
PFG_MOEA,485,5,141.39,1069.23,0 2 99 34 1 21 84 23 22 25 43 92 48 62 67 86 82 94 49 66 0,94
PFG_MOEA,485,6,141.39,1069.23,0 24 45 51 32 79 5 29 90 65 6 87 52 60 61 97 93 75 55 9 76 0,
PFG_MOEA,486,1,167.7,934.83,0 96 83 11 14 42 76 9 55 75 81 46 28 69 47 38 44 59 26 10 89 0,26 38 89
PFG_MOEA,486,2,167.7,934.83,0 13 27 12 41 95 57 73 15 98 85 88 63 74 78 64 30 71 35 40 16 18 19 31 20 0,
PFG_MOEA,486,3,167.7,934.83,0 17 91 33 37 68 56 39 84 23 0,
PFG_MOEA,486,4,167.7,934.83,0 4 80 53 66 94 49 51 79 32 3 36 54 70 72 67 86 82 22 21 1 34 48 62 58 77 0,86 94
PFG_MOEA,486,5,167.7,934.83,0 2 99 25 43 92 50 45 24 5 29 90 65 6 87 52 60 61 97 93 100 0,43 45
PFG_MOEA,486,6,167.7,934.83,0 8 7 0,
PFG_MOEA,487,1,173.13,915.94,0 8 28 10 89 47 69 38 44 59 26 96 83 11 98 14 73 41 12 13 95 57 0,38
PFG_MOEA,487,2,173.13,915.94,0 15 85 88 63 74 78 64 30 71 35 40 16 18 19 31 17 20 91 33 37 68 56 39 84 23 22 21 1 34 0,17 40 64 88
PFG_MOEA,487,3,173.13,915.94,0 4 80 53 51 79 0,
PFG_MOEA,487,4,173.13,915.94,0 66 49 32 94 82 86 67 72 70 54 36 3 58 77 48 62 92 43 0,
PFG_MOEA,487,5,173.13,915.94,0 25 99 2 0,
PFG_MOEA,487,6,173.13,915.94,0 50 45 24 5 29 90 65 6 87 52 60 61 97 93 100 75 55 9 76 42 81 7 46 27 0,5 50 81
PFG_MOEA,488,1,152.21,947.44,0 27 12 41 95 57 83 11 96 26 59 44 38 69 47 89 10 0,11
PFG_MOEA,488,2,152.21,947.44,0 28 13 73 14 98 15 85 88 63 74 78 64 30 71 35 40 16 18 19 31 17 20 91 0,17 35 64 88
PFG_MOEA,488,3,152.21,947.44,0 22 23 84 39 56 68 37 33 21 1 34 80 53 51 79 0,
PFG_MOEA,488,4,152.21,947.44,0 92 50 25 99 2 66 49 32 5 24 45 4 0,2 5
PFG_MOEA,488,5,152.21,947.44,0 46 81 75 55 9 76 42 7 8 100 93 97 61 60 52 87 6 65 90 29 94 0,
PFG_MOEA,488,6,152.21,947.44,0 77 58 3 36 54 70 72 67 86 82 62 48 43 0,
PFG_MOEA,489,1,138.05,1111.26,0 73 78 74 63 88 85 15 98 14 0,
PFG_MOEA,489,2,138.05,1111.26,0 20 91 19 17 31 35 71 30 64 40 16 18 68 56 39 84 23 22 0,17 35 64
PFG_MOEA,489,3,138.05,1111.26,0 50 92 37 33 21 1 34 99 2 25 66 49 32 79 51 53 80 0,
PFG_MOEA,489,4,138.05,1111.26,0 6 65 90 29 5 24 45 94 82 86 67 72 70 54 36 3 58 77 62 0,5
PFG_MOEA,489,5,138.05,1111.26,0 43 48 46 81 75 55 9 76 42 7 8 100 93 97 61 60 52 87 4 0,100
PFG_MOEA,489,6,138.05,1111.26,0 28 10 89 47 69 38 44 59 26 96 11 83 57 95 41 12 27 13 0,
PFG_MOEA,490,1,149.83,980.99,0 100 93 97 55 75 0,
PFG_MOEA,490,2,149.83,980.99,0 46 7 81 9 76 42 28 69 47 38 44 59 26 10 89 96 83 11 14 73 95 0,81
PFG_MOEA,490,3,149.83,980.99,0 13 27 12 41 30 64 78 74 63 88 85 98 15 57 0,
PFG_MOEA,490,4,149.83,980.99,0 8 22 23 84 39 56 68 37 33 91 19 18 16 40 71 35 31 17 20 0,40
PFG_MOEA,490,5,149.83,980.99,0 4 80 53 66 94 49 51 79 32 3 36 54 70 72 67 86 82 21 1 34 58 77 0,86
PFG_MOEA,490,6,149.83,980.99,0 2 99 25 43 92 62 48 50 45 24 5 29 61 60 52 87 6 65 90 0,5
PFG_MOEA,491,1,143.0,1006.23,0 13 27 12 41 11 83 96 59 44 38 47 69 89 10 26 98 14 73 95 57 0,13
PFG_MOEA,491,2,143.0,1006.23,0 8 15 85 88 63 74 78 64 30 71 35 40 0,64 88
PFG_MOEA,491,3,143.0,1006.23,0 20 17 31 16 18 19 91 33 37 68 56 39 84 23 22 21 1 34 0,
PFG_MOEA,491,4,143.0,1006.23,0 4 80 53 66 49 51 79 32 94 82 86 67 72 70 54 36 3 58 77 0,80 94
PFG_MOEA,491,5,143.0,1006.23,0 2 99 25 43 92 62 48 50 45 24 5 29 52 87 6 65 90 0,43 48 65
PFG_MOEA,491,6,143.0,1006.23,0 100 93 60 61 97 75 55 9 76 42 81 7 46 28 0,
PFG_MOEA,492,1,182.07,852.88,0 8 100 97 75 55 9 76 42 81 7 46 28 69 47 38 44 59 26 10 89 96 83 11 14 13 0,26 81
PFG_MOEA,492,2,182.07,852.88,0 27 12 0,
PFG_MOEA,492,3,182.07,852.88,0 57 95 41 73 15 98 85 88 63 74 78 64 30 71 35 40 16 18 19 17 31 20 0,
PFG_MOEA,492,4,182.07,852.88,0 4 80 53 66 94 49 51 79 32 3 36 54 70 72 67 86 82 23 84 39 56 68 37 33 22 21 91 1 0,86
PFG_MOEA,492,5,182.07,852.88,0 50 2 99 34 25 43 92 48 62 58 77 45 0,48 50
PFG_MOEA,492,6,182.07,852.88,0 24 5 29 90 65 6 87 52 60 61 93 0,5
PFG_MOEA,493,1,377.38,815.07,0 28 0,
PFG_MOEA,493,2,377.38,815.07,0 10 26 59 44 38 47 69 89 0,
PFG_MOEA,493,3,377.38,815.07,0 4 80 53 66 94 49 51 79 32 3 36 54 70 72 67 86 82 23 84 39 56 68 37 33 22 21 91 20 31 17 19 18 16 40 35 71 30 64 78 74 63 88 85 98 15 73 14 11 83 96 57 95 41 12 27 13 99 34 1 43 25 2 50 0,35 50
PFG_MOEA,493,4,377.38,815.07,0 92 48 62 58 77 0,
PFG_MOEA,493,5,377.38,815.07,0 45 24 0,45
PFG_MOEA,493,6,377.38,815.07,0 90 65 6 87 52 29 5 60 61 97 93 100 8 42 76 9 55 75 81 7 46 0,5 65 100
PFG_MOEA,494,1,141.39,1069.23,0 8 42 28 10 89 47 69 38 44 59 26 96 0,
PFG_MOEA,494,2,141.39,1069.23,0 13 12 41 11 14 98 85 15 73 95 57 0,57
PFG_MOEA,494,3,141.39,1069.23,0 4 80 53 100 81 7 46 27 83 88 63 74 78 64 30 71 35 40 16 20 0,100
PFG_MOEA,494,4,141.39,1069.23,0 31 17 18 19 91 33 37 68 56 39 72 70 54 36 3 58 77 50 0,
PFG_MOEA,494,5,141.39,1069.23,0 2 99 34 1 21 84 23 22 25 43 92 48 62 67 86 82 94 49 66 0,94
PFG_MOEA,494,6,141.39,1069.23,0 24 45 51 32 79 5 29 90 65 6 87 52 60 61 97 93 75 55 9 76 0,
PFG_MOEA,495,1,167.7,934.83,0 96 83 11 14 42 76 9 55 75 81 46 28 69 47 38 44 59 26 10 89 0,26 38 89
PFG_MOEA,495,2,167.7,934.83,0 13 27 12 41 95 57 73 15 98 85 88 63 74 78 64 30 71 35 40 16 18 19 31 20 0,
PFG_MOEA,495,3,167.7,934.83,0 17 91 33 37 68 56 39 84 23 0,
PFG_MOEA,495,4,167.7,934.83,0 4 80 53 66 94 49 51 79 32 3 36 54 70 72 67 86 82 22 21 1 34 48 62 58 77 0,86 94
PFG_MOEA,495,5,167.7,934.83,0 2 99 25 43 92 50 45 24 5 29 90 65 6 87 52 60 61 97 93 100 0,43 45
PFG_MOEA,495,6,167.7,934.83,0 8 7 0,
PFG_MOEA,496,1,173.13,915.94,0 8 28 10 89 47 69 38 44 59 26 96 83 11 98 14 73 41 12 13 95 57 0,38
PFG_MOEA,496,2,173.13,915.94,0 15 85 88 63 74 78 64 30 71 35 40 16 18 19 31 17 20 91 33 37 68 56 39 84 23 22 21 1 34 0,17 40 64 88
PFG_MOEA,496,3,173.13,915.94,0 4 80 53 51 79 0,
PFG_MOEA,496,4,173.13,915.94,0 66 49 32 94 82 86 67 72 70 54 36 3 58 77 48 62 92 43 0,
PFG_MOEA,496,5,173.13,915.94,0 25 99 2 0,
PFG_MOEA,496,6,173.13,915.94,0 50 45 24 5 29 90 65 6 87 52 60 61 97 93 100 75 55 9 76 42 81 7 46 27 0,5 50 81
PFG_MOEA,497,1,152.21,947.44,0 27 12 41 95 57 83 11 96 26 59 44 38 69 47 89 10 0,11
PFG_MOEA,497,2,152.21,947.44,0 28 13 73 14 98 15 85 88 63 74 78 64 30 71 35 40 16 18 19 31 17 20 91 0,17 35 64 88
PFG_MOEA,497,3,152.21,947.44,0 22 23 84 39 56 68 37 33 21 1 34 80 53 51 79 0,
PFG_MOEA,497,4,152.21,947.44,0 92 50 25 99 2 66 49 32 5 24 45 4 0,2 5
PFG_MOEA,497,5,152.21,947.44,0 46 81 75 55 9 76 42 7 8 100 93 97 61 60 52 87 6 65 90 29 94 0,
PFG_MOEA,497,6,152.21,947.44,0 77 58 3 36 54 70 72 67 86 82 62 48 43 0,
PFG_MOEA,498,1,138.05,1111.26,0 73 78 74 63 88 85 15 98 14 0,
PFG_MOEA,498,2,138.05,1111.26,0 20 91 19 17 31 35 71 30 64 40 16 18 68 56 39 84 23 22 0,17 35 64
PFG_MOEA,498,3,138.05,1111.26,0 50 92 37 33 21 1 34 99 2 25 66 49 32 79 51 53 80 0,
PFG_MOEA,498,4,138.05,1111.26,0 6 65 90 29 5 24 45 94 82 86 67 72 70 54 36 3 58 77 62 0,5
PFG_MOEA,498,5,138.05,1111.26,0 43 48 46 81 75 55 9 76 42 7 8 100 93 97 61 60 52 87 4 0,100
PFG_MOEA,498,6,138.05,1111.26,0 28 10 89 47 69 38 44 59 26 96 11 83 57 95 41 12 27 13 0,
PFG_MOEA,499,1,149.83,980.99,0 100 93 97 55 75 0,
PFG_MOEA,499,2,149.83,980.99,0 46 7 81 9 76 42 28 69 47 38 44 59 26 10 89 96 83 11 14 73 95 0,81
PFG_MOEA,499,3,149.83,980.99,0 13 27 12 41 30 64 78 74 63 88 85 98 15 57 0,
PFG_MOEA,499,4,149.83,980.99,0 8 22 23 84 39 56 68 37 33 91 19 18 16 40 71 35 31 17 20 0,40
PFG_MOEA,499,5,149.83,980.99,0 4 80 53 66 94 49 51 79 32 3 36 54 70 72 67 86 82 21 1 34 58 77 0,86
PFG_MOEA,499,6,149.83,980.99,0 2 99 25 43 92 62 48 50 45 24 5 29 61 60 52 87 6 65 90 0,5
PFG_MOEA,500,1,143.0,1006.23,0 13 27 12 41 11 83 96 59 44 38 47 69 89 10 26 98 14 73 95 57 0,13
PFG_MOEA,500,2,143.0,1006.23,0 8 15 85 88 63 74 78 64 30 71 35 40 0,64 88
PFG_MOEA,500,3,143.0,1006.23,0 20 17 31 16 18 19 91 33 37 68 56 39 84 23 22 21 1 34 0,
PFG_MOEA,500,4,143.0,1006.23,0 4 80 53 66 49 51 79 32 94 82 86 67 72 70 54 36 3 58 77 0,80 94
PFG_MOEA,500,5,143.0,1006.23,0 2 99 25 43 92 62 48 50 45 24 5 29 52 87 6 65 90 0,43 48 65
PFG_MOEA,500,6,143.0,1006.23,0 100 93 60 61 97 75 55 9 76 42 81 7 46 28 0,
PFG_MOEA,501,1,182.07,852.88,0 8 100 97 75 55 9 76 42 81 7 46 28 69 47 38 44 59 26 10 89 96 83 11 14 13 0,26 81
PFG_MOEA,501,2,182.07,852.88,0 27 12 0,
PFG_MOEA,501,3,182.07,852.88,0 57 95 41 73 15 98 85 88 63 74 78 64 30 71 35 40 16 18 19 17 31 20 0,
PFG_MOEA,501,4,182.07,852.88,0 4 80 53 66 94 49 51 79 32 3 36 54 70 72 67 86 82 23 84 39 56 68 37 33 22 21 91 1 0,86
PFG_MOEA,501,5,182.07,852.88,0 50 2 99 34 25 43 92 48 62 58 77 45 0,48 50
PFG_MOEA,501,6,182.07,852.88,0 24 5 29 90 65 6 87 52 60 61 93 0,5
PFG_MOEA,502,1,377.38,815.07,0 28 0,
PFG_MOEA,502,2,377.38,815.07,0 10 26 59 44 38 47 69 89 0,
PFG_MOEA,502,3,377.38,815.07,0 4 80 53 66 94 49 51 79 32 3 36 54 70 72 67 86 82 23 84 39 56 68 37 33 22 21 91 20 31 17 19 18 16 40 35 71 30 64 78 74 63 88 85 98 15 73 14 11 83 96 57 95 41 12 27 13 99 34 1 43 25 2 50 0,35 50
PFG_MOEA,502,4,377.38,815.07,0 92 48 62 58 77 0,
PFG_MOEA,502,5,377.38,815.07,0 45 24 0,45
PFG_MOEA,502,6,377.38,815.07,0 90 65 6 87 52 29 5 60 61 97 93 100 8 42 76 9 55 75 81 7 46 0,5 65 100
PFG_MOEA,503,1,141.39,1069.23,0 8 42 28 10 89 47 69 38 44 59 26 96 0,
PFG_MOEA,503,2,141.39,1069.23,0 13 12 41 11 14 98 85 15 73 95 57 0,57
PFG_MOEA,503,3,141.39,1069.23,0 4 80 53 100 81 7 46 27 83 88 63 74 78 64 30 71 35 40 16 20 0,100
PFG_MOEA,503,4,141.39,1069.23,0 31 17 18 19 91 33 37 68 56 39 72 70 54 36 3 58 77 50 0,
PFG_MOEA,503,5,141.39,1069.23,0 2 99 34 1 21 84 23 22 25 43 92 48 62 67 86 82 94 49 66 0,94
PFG_MOEA,503,6,141.39,1069.23,0 24 45 51 32 79 5 29 90 65 6 87 52 60 61 97 93 75 55 9 76 0,
PFG_MOEA,504,1,167.7,934.83,0 96 83 11 14 42 76 9 55 75 81 46 28 69 47 38 44 59 26 10 89 0,26 38 89
PFG_MOEA,504,2,167.7,934.83,0 13 27 12 41 95 57 73 15 98 85 88 63 74 78 64 30 71 35 40 16 18 19 31 20 0,
PFG_MOEA,504,3,167.7,934.83,0 17 91 33 37 68 56 39 84 23 0,
PFG_MOEA,504,4,167.7,934.83,0 4 80 53 66 94 49 51 79 32 3 36 54 70 72 67 86 82 22 21 1 34 48 62 58 77 0,86 94
PFG_MOEA,504,5,167.7,934.83,0 2 99 25 43 92 50 45 24 5 29 90 65 6 87 52 60 61 97 93 100 0,43 45
PFG_MOEA,504,6,167.7,934.83,0 8 7 0,
PFG_MOEA,505,1,173.13,915.94,0 8 28 10 89 47 69 38 44 59 26 96 83 11 98 14 73 41 12 13 95 57 0,38
PFG_MOEA,505,2,173.13,915.94,0 15 85 88 63 74 78 64 30 71 35 40 16 18 19 31 17 20 91 33 37 68 56 39 84 23 22 21 1 34 0,17 40 64 88
PFG_MOEA,505,3,173.13,915.94,0 4 80 53 51 79 0,
PFG_MOEA,505,4,173.13,915.94,0 66 49 32 94 82 86 67 72 70 54 36 3 58 77 48 62 92 43 0,
PFG_MOEA,505,5,173.13,915.94,0 25 99 2 0,
PFG_MOEA,505,6,173.13,915.94,0 50 45 24 5 29 90 65 6 87 52 60 61 97 93 100 75 55 9 76 42 81 7 46 27 0,5 50 81
PFG_MOEA,506,1,152.21,947.44,0 27 12 41 95 57 83 11 96 26 59 44 38 69 47 89 10 0,11
PFG_MOEA,506,2,152.21,947.44,0 28 13 73 14 98 15 85 88 63 74 78 64 30 71 35 40 16 18 19 31 17 20 91 0,17 35 64 88
PFG_MOEA,506,3,152.21,947.44,0 22 23 84 39 56 68 37 33 21 1 34 80 53 51 79 0,
PFG_MOEA,506,4,152.21,947.44,0 92 50 25 99 2 66 49 32 5 24 45 4 0,2 5
PFG_MOEA,506,5,152.21,947.44,0 46 81 75 55 9 76 42 7 8 100 93 97 61 60 52 87 6 65 90 29 94 0,
PFG_MOEA,506,6,152.21,947.44,0 77 58 3 36 54 70 72 67 86 82 62 48 43 0,
PFG_MOEA,507,1,138.05,1111.26,0 73 78 74 63 88 85 15 98 14 0,
PFG_MOEA,507,2,138.05,1111.26,0 20 91 19 17 31 35 71 30 64 40 16 18 68 56 39 84 23 22 0,17 35 64
PFG_MOEA,507,3,138.05,1111.26,0 50 92 37 33 21 1 34 99 2 25 66 49 32 79 51 53 80 0,
PFG_MOEA,507,4,138.05,1111.26,0 6 65 90 29 5 24 45 94 82 86 67 72 70 54 36 3 58 77 62 0,5
PFG_MOEA,507,5,138.05,1111.26,0 43 48 46 81 75 55 9 76 42 7 8 100 93 97 61 60 52 87 4 0,100
PFG_MOEA,507,6,138.05,1111.26,0 28 10 89 47 69 38 44 59 26 96 11 83 57 95 41 12 27 13 0,
PFG_MOEA,508,1,149.83,980.99,0 100 93 97 55 75 0,
PFG_MOEA,508,2,149.83,980.99,0 46 7 81 9 76 42 28 69 47 38 44 59 26 10 89 96 83 11 14 73 95 0,81
PFG_MOEA,508,3,149.83,980.99,0 13 27 12 41 30 64 78 74 63 88 85 98 15 57 0,
PFG_MOEA,508,4,149.83,980.99,0 8 22 23 84 39 56 68 37 33 91 19 18 16 40 71 35 31 17 20 0,40
PFG_MOEA,508,5,149.83,980.99,0 4 80 53 66 94 49 51 79 32 3 36 54 70 72 67 86 82 21 1 34 58 77 0,86
PFG_MOEA,508,6,149.83,980.99,0 2 99 25 43 92 62 48 50 45 24 5 29 61 60 52 87 6 65 90 0,5
PFG_MOEA,509,1,143.0,1006.23,0 13 27 12 41 11 83 96 59 44 38 47 69 89 10 26 98 14 73 95 57 0,13
PFG_MOEA,509,2,143.0,1006.23,0 8 15 85 88 63 74 78 64 30 71 35 40 0,64 88
PFG_MOEA,509,3,143.0,1006.23,0 20 17 31 16 18 19 91 33 37 68 56 39 84 23 22 21 1 34 0,
PFG_MOEA,509,4,143.0,1006.23,0 4 80 53 66 49 51 79 32 94 82 86 67 72 70 54 36 3 58 77 0,80 94
PFG_MOEA,509,5,143.0,1006.23,0 2 99 25 43 92 62 48 50 45 24 5 29 52 87 6 65 90 0,43 48 65
PFG_MOEA,509,6,143.0,1006.23,0 100 93 60 61 97 75 55 9 76 42 81 7 46 28 0,
PFG_MOEA,510,1,182.07,852.88,0 8 100 97 75 55 9 76 42 81 7 46 28 69 47 38 44 59 26 10 89 96 83 11 14 13 0,26 81
PFG_MOEA,510,2,182.07,852.88,0 27 12 0,
PFG_MOEA,510,3,182.07,852.88,0 57 95 41 73 15 98 85 88 63 74 78 64 30 71 35 40 16 18 19 17 31 20 0,
PFG_MOEA,510,4,182.07,852.88,0 4 80 53 66 94 49 51 79 32 3 36 54 70 72 67 86 82 23 84 39 56 68 37 33 22 21 91 1 0,86
PFG_MOEA,510,5,182.07,852.88,0 50 2 99 34 25 43 92 48 62 58 77 45 0,48 50
PFG_MOEA,510,6,182.07,852.88,0 24 5 29 90 65 6 87 52 60 61 93 0,5
PFG_MOEA,511,1,377.38,815.07,0 28 0,
PFG_MOEA,511,2,377.38,815.07,0 10 26 59 44 38 47 69 89 0,
PFG_MOEA,511,3,377.38,815.07,0 4 80 53 66 94 49 51 79 32 3 36 54 70 72 67 86 82 23 84 39 56 68 37 33 22 21 91 20 31 17 19 18 16 40 35 71 30 64 78 74 63 88 85 98 15 73 14 11 83 96 57 95 41 12 27 13 99 34 1 43 25 2 50 0,35 50
PFG_MOEA,511,4,377.38,815.07,0 92 48 62 58 77 0,
PFG_MOEA,511,5,377.38,815.07,0 45 24 0,45
PFG_MOEA,511,6,377.38,815.07,0 90 65 6 87 52 29 5 60 61 97 93 100 8 42 76 9 55 75 81 7 46 0,5 65 100
PFG_MOEA,512,1,141.39,1069.23,0 8 42 28 10 89 47 69 38 44 59 26 96 0,
PFG_MOEA,512,2,141.39,1069.23,0 13 12 41 11 14 98 85 15 73 95 57 0,57
PFG_MOEA,512,3,141.39,1069.23,0 4 80 53 100 81 7 46 27 83 88 63 74 78 64 30 71 35 40 16 20 0,100
PFG_MOEA,512,4,141.39,1069.23,0 31 17 18 19 91 33 37 68 56 39 72 70 54 36 3 58 77 50 0,
PFG_MOEA,512,5,141.39,1069.23,0 2 99 34 1 21 84 23 22 25 43 92 48 62 67 86 82 94 49 66 0,94
PFG_MOEA,512,6,141.39,1069.23,0 24 45 51 32 79 5 29 90 65 6 87 52 60 61 97 93 75 55 9 76 0,
PFG_MOEA,513,1,167.7,934.83,0 96 83 11 14 42 76 9 55 75 81 46 28 69 47 38 44 59 26 10 89 0,26 38 89
PFG_MOEA,513,2,167.7,934.83,0 13 27 12 41 95 57 73 15 98 85 88 63 74 78 64 30 71 35 40 16 18 19 31 20 0,
PFG_MOEA,513,3,167.7,934.83,0 17 91 33 37 68 56 39 84 23 0,
PFG_MOEA,513,4,167.7,934.83,0 4 80 53 66 94 49 51 79 32 3 36 54 70 72 67 86 82 22 21 1 34 48 62 58 77 0,86 94
PFG_MOEA,513,5,167.7,934.83,0 2 99 25 43 92 50 45 24 5 29 90 65 6 87 52 60 61 97 93 100 0,43 45
PFG_MOEA,513,6,167.7,934.83,0 8 7 0,
PFG_MOEA,514,1,173.13,915.94,0 8 28 10 89 47 69 38 44 59 26 96 83 11 98 14 73 41 12 13 95 57 0,38
PFG_MOEA,514,2,173.13,915.94,0 15 85 88 63 74 78 64 30 71 35 40 16 18 19 31 17 20 91 33 37 68 56 39 84 23 22 21 1 34 0,17 40 64 88
PFG_MOEA,514,3,173.13,915.94,0 4 80 53 51 79 0,
PFG_MOEA,514,4,173.13,915.94,0 66 49 32 94 82 86 67 72 70 54 36 3 58 77 48 62 92 43 0,
PFG_MOEA,514,5,173.13,915.94,0 25 99 2 0,
PFG_MOEA,514,6,173.13,915.94,0 50 45 24 5 29 90 65 6 87 52 60 61 97 93 100 75 55 9 76 42 81 7 46 27 0,5 50 81
PFG_MOEA,515,1,152.21,947.44,0 27 12 41 95 57 83 11 96 26 59 44 38 69 47 89 10 0,11
PFG_MOEA,515,2,152.21,947.44,0 28 13 73 14 98 15 85 88 63 74 78 64 30 71 35 40 16 18 19 31 17 20 91 0,17 35 64 88
PFG_MOEA,515,3,152.21,947.44,0 22 23 84 39 56 68 37 33 21 1 34 80 53 51 79 0,
PFG_MOEA,515,4,152.21,947.44,0 92 50 25 99 2 66 49 32 5 24 45 4 0,2 5
PFG_MOEA,515,5,152.21,947.44,0 46 81 75 55 9 76 42 7 8 100 93 97 61 60 52 87 6 65 90 29 94 0,
PFG_MOEA,515,6,152.21,947.44,0 77 58 3 36 54 70 72 67 86 82 62 48 43 0,
PFG_MOEA,516,1,138.05,1111.26,0 73 78 74 63 88 85 15 98 14 0,
PFG_MOEA,516,2,138.05,1111.26,0 20 91 19 17 31 35 71 30 64 40 16 18 68 56 39 84 23 22 0,17 35 64
PFG_MOEA,516,3,138.05,1111.26,0 50 92 37 33 21 1 34 99 2 25 66 49 32 79 51 53 80 0,
PFG_MOEA,516,4,138.05,1111.26,0 6 65 90 29 5 24 45 94 82 86 67 72 70 54 36 3 58 77 62 0,5
PFG_MOEA,516,5,138.05,1111.26,0 43 48 46 81 75 55 9 76 42 7 8 100 93 97 61 60 52 87 4 0,100
PFG_MOEA,516,6,138.05,1111.26,0 28 10 89 47 69 38 44 59 26 96 11 83 57 95 41 12 27 13 0,
PFG_MOEA,517,1,149.83,980.99,0 100 93 97 55 75 0,
PFG_MOEA,517,2,149.83,980.99,0 46 7 81 9 76 42 28 69 47 38 44 59 26 10 89 96 83 11 14 73 95 0,81
PFG_MOEA,517,3,149.83,980.99,0 13 27 12 41 30 64 78 74 63 88 85 98 15 57 0,
PFG_MOEA,517,4,149.83,980.99,0 8 22 23 84 39 56 68 37 33 91 19 18 16 40 71 35 31 17 20 0,40
PFG_MOEA,517,5,149.83,980.99,0 4 80 53 66 94 49 51 79 32 3 36 54 70 72 67 86 82 21 1 34 58 77 0,86
PFG_MOEA,517,6,149.83,980.99,0 2 99 25 43 92 62 48 50 45 24 5 29 61 60 52 87 6 65 90 0,5
PFG_MOEA,518,1,143.0,1006.23,0 13 27 12 41 11 83 96 59 44 38 47 69 89 10 26 98 14 73 95 57 0,13
PFG_MOEA,518,2,143.0,1006.23,0 8 15 85 88 63 74 78 64 30 71 35 40 0,64 88
PFG_MOEA,518,3,143.0,1006.23,0 20 17 31 16 18 19 91 33 37 68 56 39 84 23 22 21 1 34 0,
PFG_MOEA,518,4,143.0,1006.23,0 4 80 53 66 49 51 79 32 94 82 86 67 72 70 54 36 3 58 77 0,80 94
PFG_MOEA,518,5,143.0,1006.23,0 2 99 25 43 92 62 48 50 45 24 5 29 52 87 6 65 90 0,43 48 65
PFG_MOEA,518,6,143.0,1006.23,0 100 93 60 61 97 75 55 9 76 42 81 7 46 28 0,
PFG_MOEA,519,1,182.07,852.88,0 8 100 97 75 55 9 76 42 81 7 46 28 69 47 38 44 59 26 10 89 96 83 11 14 13 0,26 81
PFG_MOEA,519,2,182.07,852.88,0 27 12 0,
PFG_MOEA,519,3,182.07,852.88,0 57 95 41 73 15 98 85 88 63 74 78 64 30 71 35 40 16 18 19 17 31 20 0,
PFG_MOEA,519,4,182.07,852.88,0 4 80 53 66 94 49 51 79 32 3 36 54 70 72 67 86 82 23 84 39 56 68 37 33 22 21 91 1 0,86
PFG_MOEA,519,5,182.07,852.88,0 50 2 99 34 25 43 92 48 62 58 77 45 0,48 50
PFG_MOEA,519,6,182.07,852.88,0 24 5 29 90 65 6 87 52 60 61 93 0,5
PFG_MOEA,520,1,377.38,815.07,0 28 0,
PFG_MOEA,520,2,377.38,815.07,0 10 26 59 44 38 47 69 89 0,
PFG_MOEA,520,3,377.38,815.07,0 4 80 53 66 94 49 51 79 32 3 36 54 70 72 67 86 82 23 84 39 56 68 37 33 22 21 91 20 31 17 19 18 16 40 35 71 30 64 78 74 63 88 85 98 15 73 14 11 83 96 57 95 41 12 27 13 99 34 1 43 25 2 50 0,35 50
PFG_MOEA,520,4,377.38,815.07,0 92 48 62 58 77 0,
PFG_MOEA,520,5,377.38,815.07,0 45 24 0,45
PFG_MOEA,520,6,377.38,815.07,0 90 65 6 87 52 29 5 60 61 97 93 100 8 42 76 9 55 75 81 7 46 0,5 65 100
PFG_MOEA,521,1,141.39,1069.23,0 8 42 28 10 89 47 69 38 44 59 26 96 0,
PFG_MOEA,521,2,141.39,1069.23,0 13 12 41 11 14 98 85 15 73 95 57 0,57
PFG_MOEA,521,3,141.39,1069.23,0 4 80 53 100 81 7 46 27 83 88 63 74 78 64 30 71 35 40 16 20 0,100
PFG_MOEA,521,4,141.39,1069.23,0 31 17 18 19 91 33 37 68 56 39 72 70 54 36 3 58 77 50 0,
PFG_MOEA,521,5,141.39,1069.23,0 2 99 34 1 21 84 23 22 25 43 92 48 62 67 86 82 94 49 66 0,94
PFG_MOEA,521,6,141.39,1069.23,0 24 45 51 32 79 5 29 90 65 6 87 52 60 61 97 93 75 55 9 76 0,
PFG_MOEA,522,1,167.7,934.83,0 96 83 11 14 42 76 9 55 75 81 46 28 69 47 38 44 59 26 10 89 0,26 38 89
PFG_MOEA,522,2,167.7,934.83,0 13 27 12 41 95 57 73 15 98 85 88 63 74 78 64 30 71 35 40 16 18 19 31 20 0,
PFG_MOEA,522,3,167.7,934.83,0 17 91 33 37 68 56 39 84 23 0,
PFG_MOEA,522,4,167.7,934.83,0 4 80 53 66 94 49 51 79 32 3 36 54 70 72 67 86 82 22 21 1 34 48 62 58 77 0,86 94
PFG_MOEA,522,5,167.7,934.83,0 2 99 25 43 92 50 45 24 5 29 90 65 6 87 52 60 61 97 93 100 0,43 45
PFG_MOEA,522,6,167.7,934.83,0 8 7 0,
PFG_MOEA,523,1,173.13,915.94,0 8 28 10 89 47 69 38 44 59 26 96 83 11 98 14 73 41 12 13 95 57 0,38
PFG_MOEA,523,2,173.13,915.94,0 15 85 88 63 74 78 64 30 71 35 40 16 18 19 31 17 20 91 33 37 68 56 39 84 23 22 21 1 34 0,17 40 64 88
PFG_MOEA,523,3,173.13,915.94,0 4 80 53 51 79 0,
PFG_MOEA,523,4,173.13,915.94,0 66 49 32 94 82 86 67 72 70 54 36 3 58 77 48 62 92 43 0,
PFG_MOEA,523,5,173.13,915.94,0 25 99 2 0,
PFG_MOEA,523,6,173.13,915.94,0 50 45 24 5 29 90 65 6 87 52 60 61 97 93 100 75 55 9 76 42 81 7 46 27 0,5 50 81
PFG_MOEA,524,1,152.21,947.44,0 27 12 41 95 57 83 11 96 26 59 44 38 69 47 89 10 0,11
PFG_MOEA,524,2,152.21,947.44,0 28 13 73 14 98 15 85 88 63 74 78 64 30 71 35 40 16 18 19 31 17 20 91 0,17 35 64 88
PFG_MOEA,524,3,152.21,947.44,0 22 23 84 39 56 68 37 33 21 1 34 80 53 51 79 0,
PFG_MOEA,524,4,152.21,947.44,0 92 50 25 99 2 66 49 32 5 24 45 4 0,2 5
PFG_MOEA,524,5,152.21,947.44,0 46 81 75 55 9 76 42 7 8 100 93 97 61 60 52 87 6 65 90 29 94 0,
PFG_MOEA,524,6,152.21,947.44,0 77 58 3 36 54 70 72 67 86 82 62 48 43 0,
PFG_MOEA,525,1,138.05,1111.26,0 73 78 74 63 88 85 15 98 14 0,
PFG_MOEA,525,2,138.05,1111.26,0 20 91 19 17 31 35 71 30 64 40 16 18 68 56 39 84 23 22 0,17 35 64
PFG_MOEA,525,3,138.05,1111.26,0 50 92 37 33 21 1 34 99 2 25 66 49 32 79 51 53 80 0,
PFG_MOEA,525,4,138.05,1111.26,0 6 65 90 29 5 24 45 94 82 86 67 72 70 54 36 3 58 77 62 0,5
PFG_MOEA,525,5,138.05,1111.26,0 43 48 46 81 75 55 9 76 42 7 8 100 93 97 61 60 52 87 4 0,100
PFG_MOEA,525,6,138.05,1111.26,0 28 10 89 47 69 38 44 59 26 96 11 83 57 95 41 12 27 13 0,
PFG_MOEA,526,1,149.83,980.99,0 100 93 97 55 75 0,
PFG_MOEA,526,2,149.83,980.99,0 46 7 81 9 76 42 28 69 47 38 44 59 26 10 89 96 83 11 14 73 95 0,81
PFG_MOEA,526,3,149.83,980.99,0 13 27 12 41 30 64 78 74 63 88 85 98 15 57 0,
PFG_MOEA,526,4,149.83,980.99,0 8 22 23 84 39 56 68 37 33 91 19 18 16 40 71 35 31 17 20 0,40
PFG_MOEA,526,5,149.83,980.99,0 4 80 53 66 94 49 51 79 32 3 36 54 70 72 67 86 82 21 1 34 58 77 0,86
PFG_MOEA,526,6,149.83,980.99,0 2 99 25 43 92 62 48 50 45 24 5 29 61 60 52 87 6 65 90 0,5
PFG_MOEA,527,1,143.0,1006.23,0 13 27 12 41 11 83 96 59 44 38 47 69 89 10 26 98 14 73 95 57 0,13
PFG_MOEA,527,2,143.0,1006.23,0 8 15 85 88 63 74 78 64 30 71 35 40 0,64 88
PFG_MOEA,527,3,143.0,1006.23,0 20 17 31 16 18 19 91 33 37 68 56 39 84 23 22 21 1 34 0,
PFG_MOEA,527,4,143.0,1006.23,0 4 80 53 66 49 51 79 32 94 82 86 67 72 70 54 36 3 58 77 0,80 94
PFG_MOEA,527,5,143.0,1006.23,0 2 99 25 43 92 62 48 50 45 24 5 29 52 87 6 65 90 0,43 48 65
PFG_MOEA,527,6,143.0,1006.23,0 100 93 60 61 97 75 55 9 76 42 81 7 46 28 0,
PFG_MOEA,528,1,182.07,852.88,0 8 100 97 75 55 9 76 42 81 7 46 28 69 47 38 44 59 26 10 89 96 83 11 14 13 0,26 81
PFG_MOEA,528,2,182.07,852.88,0 27 12 0,
PFG_MOEA,528,3,182.07,852.88,0 57 95 41 73 15 98 85 88 63 74 78 64 30 71 35 40 16 18 19 17 31 20 0,
PFG_MOEA,528,4,182.07,852.88,0 4 80 53 66 94 49 51 79 32 3 36 54 70 72 67 86 82 23 84 39 56 68 37 33 22 21 91 1 0,86
PFG_MOEA,528,5,182.07,852.88,0 50 2 99 34 25 43 92 48 62 58 77 45 0,48 50
PFG_MOEA,528,6,182.07,852.88,0 24 5 29 90 65 6 87 52 60 61 93 0,5
PFG_MOEA,529,1,377.38,815.07,0 28 0,
PFG_MOEA,529,2,377.38,815.07,0 10 26 59 44 38 47 69 89 0,
PFG_MOEA,529,3,377.38,815.07,0 4 80 53 66 94 49 51 79 32 3 36 54 70 72 67 86 82 23 84 39 56 68 37 33 22 21 91 20 31 17 19 18 16 40 35 71 30 64 78 74 63 88 85 98 15 73 14 11 83 96 57 95 41 12 27 13 99 34 1 43 25 2 50 0,35 50
PFG_MOEA,529,4,377.38,815.07,0 92 48 62 58 77 0,
PFG_MOEA,529,5,377.38,815.07,0 45 24 0,45
PFG_MOEA,529,6,377.38,815.07,0 90 65 6 87 52 29 5 60 61 97 93 100 8 42 76 9 55 75 81 7 46 0,5 65 100
PFG_MOEA,530,1,141.39,1069.23,0 8 42 28 10 89 47 69 38 44 59 26 96 0,
PFG_MOEA,530,2,141.39,1069.23,0 13 12 41 11 14 98 85 15 73 95 57 0,57
PFG_MOEA,530,3,141.39,1069.23,0 4 80 53 100 81 7 46 27 83 88 63 74 78 64 30 71 35 40 16 20 0,100
PFG_MOEA,530,4,141.39,1069.23,0 31 17 18 19 91 33 37 68 56 39 72 70 54 36 3 58 77 50 0,
PFG_MOEA,530,5,141.39,1069.23,0 2 99 34 1 21 84 23 22 25 43 92 48 62 67 86 82 94 49 66 0,94
PFG_MOEA,530,6,141.39,1069.23,0 24 45 51 32 79 5 29 90 65 6 87 52 60 61 97 93 75 55 9 76 0,
PFG_MOEA,531,1,167.7,934.83,0 96 83 11 14 42 76 9 55 75 81 46 28 69 47 38 44 59 26 10 89 0,26 38 89
PFG_MOEA,531,2,167.7,934.83,0 13 27 12 41 95 57 73 15 98 85 88 63 74 78 64 30 71 35 40 16 18 19 31 20 0,
PFG_MOEA,531,3,167.7,934.83,0 17 91 33 37 68 56 39 84 23 0,
PFG_MOEA,531,4,167.7,934.83,0 4 80 53 66 94 49 51 79 32 3 36 54 70 72 67 86 82 22 21 1 34 48 62 58 77 0,86 94
PFG_MOEA,531,5,167.7,934.83,0 2 99 25 43 92 50 45 24 5 29 90 65 6 87 52 60 61 97 93 100 0,43 45
PFG_MOEA,531,6,167.7,934.83,0 8 7 0,
PFG_MOEA,532,1,173.13,915.94,0 8 28 10 89 47 69 38 44 59 26 96 83 11 98 14 73 41 12 13 95 57 0,38
PFG_MOEA,532,2,173.13,915.94,0 15 85 88 63 74 78 64 30 71 35 40 16 18 19 31 17 20 91 33 37 68 56 39 84 23 22 21 1 34 0,17 40 64 88
PFG_MOEA,532,3,173.13,915.94,0 4 80 53 51 79 0,
PFG_MOEA,532,4,173.13,915.94,0 66 49 32 94 82 86 67 72 70 54 36 3 58 77 48 62 92 43 0,
PFG_MOEA,532,5,173.13,915.94,0 25 99 2 0,
PFG_MOEA,532,6,173.13,915.94,0 50 45 24 5 29 90 65 6 87 52 60 61 97 93 100 75 55 9 76 42 81 7 46 27 0,5 50 81
PFG_MOEA,533,1,152.21,947.44,0 27 12 41 95 57 83 11 96 26 59 44 38 69 47 89 10 0,11
PFG_MOEA,533,2,152.21,947.44,0 28 13 73 14 98 15 85 88 63 74 78 64 30 71 35 40 16 18 19 31 17 20 91 0,17 35 64 88
PFG_MOEA,533,3,152.21,947.44,0 22 23 84 39 56 68 37 33 21 1 34 80 53 51 79 0,
PFG_MOEA,533,4,152.21,947.44,0 92 50 25 99 2 66 49 32 5 24 45 4 0,2 5
PFG_MOEA,533,5,152.21,947.44,0 46 81 75 55 9 76 42 7 8 100 93 97 61 60 52 87 6 65 90 29 94 0,
PFG_MOEA,533,6,152.21,947.44,0 77 58 3 36 54 70 72 67 86 82 62 48 43 0,
PFG_MOEA,534,1,138.05,1111.26,0 73 78 74 63 88 85 15 98 14 0,
PFG_MOEA,534,2,138.05,1111.26,0 20 91 19 17 31 35 71 30 64 40 16 18 68 56 39 84 23 22 0,17 35 64
PFG_MOEA,534,3,138.05,1111.26,0 50 92 37 33 21 1 34 99 2 25 66 49 32 79 51 53 80 0,
PFG_MOEA,534,4,138.05,1111.26,0 6 65 90 29 5 24 45 94 82 86 67 72 70 54 36 3 58 77 62 0,5
PFG_MOEA,534,5,138.05,1111.26,0 43 48 46 81 75 55 9 76 42 7 8 100 93 97 61 60 52 87 4 0,100
PFG_MOEA,534,6,138.05,1111.26,0 28 10 89 47 69 38 44 59 26 96 11 83 57 95 41 12 27 13 0,
PFG_MOEA,535,1,149.83,980.99,0 100 93 97 55 75 0,
PFG_MOEA,535,2,149.83,980.99,0 46 7 81 9 76 42 28 69 47 38 44 59 26 10 89 96 83 11 14 73 95 0,81
PFG_MOEA,535,3,149.83,980.99,0 13 27 12 41 30 64 78 74 63 88 85 98 15 57 0,
PFG_MOEA,535,4,149.83,980.99,0 8 22 23 84 39 56 68 37 33 91 19 18 16 40 71 35 31 17 20 0,40
PFG_MOEA,535,5,149.83,980.99,0 4 80 53 66 94 49 51 79 32 3 36 54 70 72 67 86 82 21 1 34 58 77 0,86
PFG_MOEA,535,6,149.83,980.99,0 2 99 25 43 92 62 48 50 45 24 5 29 61 60 52 87 6 65 90 0,5
PFG_MOEA,536,1,143.0,1006.23,0 13 27 12 41 11 83 96 59 44 38 47 69 89 10 26 98 14 73 95 57 0,13
PFG_MOEA,536,2,143.0,1006.23,0 8 15 85 88 63 74 78 64 30 71 35 40 0,64 88
PFG_MOEA,536,3,143.0,1006.23,0 20 17 31 16 18 19 91 33 37 68 56 39 84 23 22 21 1 34 0,
PFG_MOEA,536,4,143.0,1006.23,0 4 80 53 66 49 51 79 32 94 82 86 67 72 70 54 36 3 58 77 0,80 94
PFG_MOEA,536,5,143.0,1006.23,0 2 99 25 43 92 62 48 50 45 24 5 29 52 87 6 65 90 0,43 48 65
PFG_MOEA,536,6,143.0,1006.23,0 100 93 60 61 97 75 55 9 76 42 81 7 46 28 0,
PFG_MOEA,537,1,182.07,852.88,0 8 100 97 75 55 9 76 42 81 7 46 28 69 47 38 44 59 26 10 89 96 83 11 14 13 0,26 81
PFG_MOEA,537,2,182.07,852.88,0 27 12 0,
PFG_MOEA,537,3,182.07,852.88,0 57 95 41 73 15 98 85 88 63 74 78 64 30 71 35 40 16 18 19 17 31 20 0,
PFG_MOEA,537,4,182.07,852.88,0 4 80 53 66 94 49 51 79 32 3 36 54 70 72 67 86 82 23 84 39 56 68 37 33 22 21 91 1 0,86
PFG_MOEA,537,5,182.07,852.88,0 50 2 99 34 25 43 92 48 62 58 77 45 0,48 50
PFG_MOEA,537,6,182.07,852.88,0 24 5 29 90 65 6 87 52 60 61 93 0,5
PFG_MOEA,538,1,377.38,815.07,0 28 0,
PFG_MOEA,538,2,377.38,815.07,0 10 26 59 44 38 47 69 89 0,
PFG_MOEA,538,3,377.38,815.07,0 4 80 53 66 94 49 51 79 32 3 36 54 70 72 67 86 82 23 84 39 56 68 37 33 22 21 91 20 31 17 19 18 16 40 35 71 30 64 78 74 63 88 85 98 15 73 14 11 83 96 57 95 41 12 27 13 99 34 1 43 25 2 50 0,35 50
PFG_MOEA,538,4,377.38,815.07,0 92 48 62 58 77 0,
PFG_MOEA,538,5,377.38,815.07,0 45 24 0,45
PFG_MOEA,538,6,377.38,815.07,0 90 65 6 87 52 29 5 60 61 97 93 100 8 42 76 9 55 75 81 7 46 0,5 65 100
PFG_MOEA,539,1,141.39,1069.23,0 8 42 28 10 89 47 69 38 44 59 26 96 0,
PFG_MOEA,539,2,141.39,1069.23,0 13 12 41 11 14 98 85 15 73 95 57 0,57
PFG_MOEA,539,3,141.39,1069.23,0 4 80 53 100 81 7 46 27 83 88 63 74 78 64 30 71 35 40 16 20 0,100
PFG_MOEA,539,4,141.39,1069.23,0 31 17 18 19 91 33 37 68 56 39 72 70 54 36 3 58 77 50 0,
PFG_MOEA,539,5,141.39,1069.23,0 2 99 34 1 21 84 23 22 25 43 92 48 62 67 86 82 94 49 66 0,94
PFG_MOEA,539,6,141.39,1069.23,0 24 45 51 32 79 5 29 90 65 6 87 52 60 61 97 93 75 55 9 76 0,
PFG_MOEA,540,1,167.7,934.83,0 96 83 11 14 42 76 9 55 75 81 46 28 69 47 38 44 59 26 10 89 0,26 38 89
PFG_MOEA,540,2,167.7,934.83,0 13 27 12 41 95 57 73 15 98 85 88 63 74 78 64 30 71 35 40 16 18 19 31 20 0,
PFG_MOEA,540,3,167.7,934.83,0 17 91 33 37 68 56 39 84 23 0,
PFG_MOEA,540,4,167.7,934.83,0 4 80 53 66 94 49 51 79 32 3 36 54 70 72 67 86 82 22 21 1 34 48 62 58 77 0,86 94
PFG_MOEA,540,5,167.7,934.83,0 2 99 25 43 92 50 45 24 5 29 90 65 6 87 52 60 61 97 93 100 0,43 45
PFG_MOEA,540,6,167.7,934.83,0 8 7 0,
PFG_MOEA,541,1,173.13,915.94,0 8 28 10 89 47 69 38 44 59 26 96 83 11 98 14 73 41 12 13 95 57 0,38
PFG_MOEA,541,2,173.13,915.94,0 15 85 88 63 74 78 64 30 71 35 40 16 18 19 31 17 20 91 33 37 68 56 39 84 23 22 21 1 34 0,17 40 64 88
PFG_MOEA,541,3,173.13,915.94,0 4 80 53 51 79 0,
PFG_MOEA,541,4,173.13,915.94,0 66 49 32 94 82 86 67 72 70 54 36 3 58 77 48 62 92 43 0,
PFG_MOEA,541,5,173.13,915.94,0 25 99 2 0,
PFG_MOEA,541,6,173.13,915.94,0 50 45 24 5 29 90 65 6 87 52 60 61 97 93 100 75 55 9 76 42 81 7 46 27 0,5 50 81
PFG_MOEA,542,1,152.21,947.44,0 27 12 41 95 57 83 11 96 26 59 44 38 69 47 89 10 0,11
PFG_MOEA,542,2,152.21,947.44,0 28 13 73 14 98 15 85 88 63 74 78 64 30 71 35 40 16 18 19 31 17 20 91 0,17 35 64 88
PFG_MOEA,542,3,152.21,947.44,0 22 23 84 39 56 68 37 33 21 1 34 80 53 51 79 0,
PFG_MOEA,542,4,152.21,947.44,0 92 50 25 99 2 66 49 32 5 24 45 4 0,2 5
PFG_MOEA,542,5,152.21,947.44,0 46 81 75 55 9 76 42 7 8 100 93 97 61 60 52 87 6 65 90 29 94 0,
PFG_MOEA,542,6,152.21,947.44,0 77 58 3 36 54 70 72 67 86 82 62 48 43 0,
PFG_MOEA,543,1,138.05,1111.26,0 73 78 74 63 88 85 15 98 14 0,
PFG_MOEA,543,2,138.05,1111.26,0 20 91 19 17 31 35 71 30 64 40 16 18 68 56 39 84 23 22 0,17 35 64
PFG_MOEA,543,3,138.05,1111.26,0 50 92 37 33 21 1 34 99 2 25 66 49 32 79 51 53 80 0,
PFG_MOEA,543,4,138.05,1111.26,0 6 65 90 29 5 24 45 94 82 86 67 72 70 54 36 3 58 77 62 0,5
PFG_MOEA,543,5,138.05,1111.26,0 43 48 46 81 75 55 9 76 42 7 8 100 93 97 61 60 52 87 4 0,100
PFG_MOEA,543,6,138.05,1111.26,0 28 10 89 47 69 38 44 59 26 96 11 83 57 95 41 12 27 13 0,
PFG_MOEA,544,1,149.83,980.99,0 100 93 97 55 75 0,
PFG_MOEA,544,2,149.83,980.99,0 46 7 81 9 76 42 28 69 47 38 44 59 26 10 89 96 83 11 14 73 95 0,81
PFG_MOEA,544,3,149.83,980.99,0 13 27 12 41 30 64 78 74 63 88 85 98 15 57 0,
PFG_MOEA,544,4,149.83,980.99,0 8 22 23 84 39 56 68 37 33 91 19 18 16 40 71 35 31 17 20 0,40
PFG_MOEA,544,5,149.83,980.99,0 4 80 53 66 94 49 51 79 32 3 36 54 70 72 67 86 82 21 1 34 58 77 0,86
PFG_MOEA,544,6,149.83,980.99,0 2 99 25 43 92 62 48 50 45 24 5 29 61 60 52 87 6 65 90 0,5
PFG_MOEA,545,1,143.0,1006.23,0 13 27 12 41 11 83 96 59 44 38 47 69 89 10 26 98 14 73 95 57 0,13
PFG_MOEA,545,2,143.0,1006.23,0 8 15 85 88 63 74 78 64 30 71 35 40 0,64 88
PFG_MOEA,545,3,143.0,1006.23,0 20 17 31 16 18 19 91 33 37 68 56 39 84 23 22 21 1 34 0,
PFG_MOEA,545,4,143.0,1006.23,0 4 80 53 66 49 51 79 32 94 82 86 67 72 70 54 36 3 58 77 0,80 94
PFG_MOEA,545,5,143.0,1006.23,0 2 99 25 43 92 62 48 50 45 24 5 29 52 87 6 65 90 0,43 48 65
PFG_MOEA,545,6,143.0,1006.23,0 100 93 60 61 97 75 55 9 76 42 81 7 46 28 0,
PFG_MOEA,546,1,182.07,852.88,0 8 100 97 75 55 9 76 42 81 7 46 28 69 47 38 44 59 26 10 89 96 83 11 14 13 0,26 81
PFG_MOEA,546,2,182.07,852.88,0 27 12 0,
PFG_MOEA,546,3,182.07,852.88,0 57 95 41 73 15 98 85 88 63 74 78 64 30 71 35 40 16 18 19 17 31 20 0,
PFG_MOEA,546,4,182.07,852.88,0 4 80 53 66 94 49 51 79 32 3 36 54 70 72 67 86 82 23 84 39 56 68 37 33 22 21 91 1 0,86
PFG_MOEA,546,5,182.07,852.88,0 50 2 99 34 25 43 92 48 62 58 77 45 0,48 50
PFG_MOEA,546,6,182.07,852.88,0 24 5 29 90 65 6 87 52 60 61 93 0,5
PFG_MOEA,547,1,377.38,815.07,0 28 0,
PFG_MOEA,547,2,377.38,815.07,0 10 26 59 44 38 47 69 89 0,
PFG_MOEA,547,3,377.38,815.07,0 4 80 53 66 94 49 51 79 32 3 36 54 70 72 67 86 82 23 84 39 56 68 37 33 22 21 91 20 31 17 19 18 16 40 35 71 30 64 78 74 63 88 85 98 15 73 14 11 83 96 57 95 41 12 27 13 99 34 1 43 25 2 50 0,35 50
PFG_MOEA,547,4,377.38,815.07,0 92 48 62 58 77 0,
PFG_MOEA,547,5,377.38,815.07,0 45 24 0,45
PFG_MOEA,547,6,377.38,815.07,0 90 65 6 87 52 29 5 60 61 97 93 100 8 42 76 9 55 75 81 7 46 0,5 65 100
PFG_MOEA,548,1,141.39,1069.23,0 8 42 28 10 89 47 69 38 44 59 26 96 0,
PFG_MOEA,548,2,141.39,1069.23,0 13 12 41 11 14 98 85 15 73 95 57 0,57
PFG_MOEA,548,3,141.39,1069.23,0 4 80 53 100 81 7 46 27 83 88 63 74 78 64 30 71 35 40 16 20 0,100
PFG_MOEA,548,4,141.39,1069.23,0 31 17 18 19 91 33 37 68 56 39 72 70 54 36 3 58 77 50 0,
PFG_MOEA,548,5,141.39,1069.23,0 2 99 34 1 21 84 23 22 25 43 92 48 62 67 86 82 94 49 66 0,94
PFG_MOEA,548,6,141.39,1069.23,0 24 45 51 32 79 5 29 90 65 6 87 52 60 61 97 93 75 55 9 76 0,
PFG_MOEA,549,1,167.7,934.83,0 96 83 11 14 42 76 9 55 75 81 46 28 69 47 38 44 59 26 10 89 0,26 38 89
PFG_MOEA,549,2,167.7,934.83,0 13 27 12 41 95 57 73 15 98 85 88 63 74 78 64 30 71 35 40 16 18 19 31 20 0,
PFG_MOEA,549,3,167.7,934.83,0 17 91 33 37 68 56 39 84 23 0,
PFG_MOEA,549,4,167.7,934.83,0 4 80 53 66 94 49 51 79 32 3 36 54 70 72 67 86 82 22 21 1 34 48 62 58 77 0,86 94
PFG_MOEA,549,5,167.7,934.83,0 2 99 25 43 92 50 45 24 5 29 90 65 6 87 52 60 61 97 93 100 0,43 45
PFG_MOEA,549,6,167.7,934.83,0 8 7 0,
PFG_MOEA,550,1,173.13,915.94,0 8 28 10 89 47 69 38 44 59 26 96 83 11 98 14 73 41 12 13 95 57 0,38
PFG_MOEA,550,2,173.13,915.94,0 15 85 88 63 74 78 64 30 71 35 40 16 18 19 31 17 20 91 33 37 68 56 39 84 23 22 21 1 34 0,17 40 64 88
PFG_MOEA,550,3,173.13,915.94,0 4 80 53 51 79 0,
PFG_MOEA,550,4,173.13,915.94,0 66 49 32 94 82 86 67 72 70 54 36 3 58 77 48 62 92 43 0,
PFG_MOEA,550,5,173.13,915.94,0 25 99 2 0,
PFG_MOEA,550,6,173.13,915.94,0 50 45 24 5 29 90 65 6 87 52 60 61 97 93 100 75 55 9 76 42 81 7 46 27 0,5 50 81
PFG_MOEA,551,1,152.21,947.44,0 27 12 41 95 57 83 11 96 26 59 44 38 69 47 89 10 0,11
PFG_MOEA,551,2,152.21,947.44,0 28 13 73 14 98 15 85 88 63 74 78 64 30 71 35 40 16 18 19 31 17 20 91 0,17 35 64 88
PFG_MOEA,551,3,152.21,947.44,0 22 23 84 39 56 68 37 33 21 1 34 80 53 51 79 0,
PFG_MOEA,551,4,152.21,947.44,0 92 50 25 99 2 66 49 32 5 24 45 4 0,2 5
PFG_MOEA,551,5,152.21,947.44,0 46 81 75 55 9 76 42 7 8 100 93 97 61 60 52 87 6 65 90 29 94 0,
PFG_MOEA,551,6,152.21,947.44,0 77 58 3 36 54 70 72 67 86 82 62 48 43 0,
PFG_MOEA,552,1,138.05,1111.26,0 73 78 74 63 88 85 15 98 14 0,
PFG_MOEA,552,2,138.05,1111.26,0 20 91 19 17 31 35 71 30 64 40 16 18 68 56 39 84 23 22 0,17 35 64
PFG_MOEA,552,3,138.05,1111.26,0 50 92 37 33 21 1 34 99 2 25 66 49 32 79 51 53 80 0,
PFG_MOEA,552,4,138.05,1111.26,0 6 65 90 29 5 24 45 94 82 86 67 72 70 54 36 3 58 77 62 0,5
PFG_MOEA,552,5,138.05,1111.26,0 43 48 46 81 75 55 9 76 42 7 8 100 93 97 61 60 52 87 4 0,100
PFG_MOEA,552,6,138.05,1111.26,0 28 10 89 47 69 38 44 59 26 96 11 83 57 95 41 12 27 13 0,
PFG_MOEA,553,1,149.83,980.99,0 100 93 97 55 75 0,
PFG_MOEA,553,2,149.83,980.99,0 46 7 81 9 76 42 28 69 47 38 44 59 26 10 89 96 83 11 14 73 95 0,81
PFG_MOEA,553,3,149.83,980.99,0 13 27 12 41 30 64 78 74 63 88 85 98 15 57 0,
PFG_MOEA,553,4,149.83,980.99,0 8 22 23 84 39 56 68 37 33 91 19 18 16 40 71 35 31 17 20 0,40
PFG_MOEA,553,5,149.83,980.99,0 4 80 53 66 94 49 51 79 32 3 36 54 70 72 67 86 82 21 1 34 58 77 0,86
PFG_MOEA,553,6,149.83,980.99,0 2 99 25 43 92 62 48 50 45 24 5 29 61 60 52 87 6 65 90 0,5
PFG_MOEA,554,1,143.0,1006.23,0 13 27 12 41 11 83 96 59 44 38 47 69 89 10 26 98 14 73 95 57 0,13
PFG_MOEA,554,2,143.0,1006.23,0 8 15 85 88 63 74 78 64 30 71 35 40 0,64 88
PFG_MOEA,554,3,143.0,1006.23,0 20 17 31 16 18 19 91 33 37 68 56 39 84 23 22 21 1 34 0,
PFG_MOEA,554,4,143.0,1006.23,0 4 80 53 66 49 51 79 32 94 82 86 67 72 70 54 36 3 58 77 0,80 94
PFG_MOEA,554,5,143.0,1006.23,0 2 99 25 43 92 62 48 50 45 24 5 29 52 87 6 65 90 0,43 48 65
PFG_MOEA,554,6,143.0,1006.23,0 100 93 60 61 97 75 55 9 76 42 81 7 46 28 0,
PFG_MOEA,555,1,182.07,852.88,0 8 100 97 75 55 9 76 42 81 7 46 28 69 47 38 44 59 26 10 89 96 83 11 14 13 0,26 81
PFG_MOEA,555,2,182.07,852.88,0 27 12 0,
PFG_MOEA,555,3,182.07,852.88,0 57 95 41 73 15 98 85 88 63 74 78 64 30 71 35 40 16 18 19 17 31 20 0,
PFG_MOEA,555,4,182.07,852.88,0 4 80 53 66 94 49 51 79 32 3 36 54 70 72 67 86 82 23 84 39 56 68 37 33 22 21 91 1 0,86
PFG_MOEA,555,5,182.07,852.88,0 50 2 99 34 25 43 92 48 62 58 77 45 0,48 50
PFG_MOEA,555,6,182.07,852.88,0 24 5 29 90 65 6 87 52 60 61 93 0,5
PFG_MOEA,556,1,377.38,815.07,0 28 0,
PFG_MOEA,556,2,377.38,815.07,0 10 26 59 44 38 47 69 89 0,
PFG_MOEA,556,3,377.38,815.07,0 4 80 53 66 94 49 51 79 32 3 36 54 70 72 67 86 82 23 84 39 56 68 37 33 22 21 91 20 31 17 19 18 16 40 35 71 30 64 78 74 63 88 85 98 15 73 14 11 83 96 57 95 41 12 27 13 99 34 1 43 25 2 50 0,35 50
PFG_MOEA,556,4,377.38,815.07,0 92 48 62 58 77 0,
PFG_MOEA,556,5,377.38,815.07,0 45 24 0,45
PFG_MOEA,556,6,377.38,815.07,0 90 65 6 87 52 29 5 60 61 97 93 100 8 42 76 9 55 75 81 7 46 0,5 65 100
PFG_MOEA,557,1,141.39,1069.23,0 8 42 28 10 89 47 69 38 44 59 26 96 0,
PFG_MOEA,557,2,141.39,1069.23,0 13 12 41 11 14 98 85 15 73 95 57 0,57
PFG_MOEA,557,3,141.39,1069.23,0 4 80 53 100 81 7 46 27 83 88 63 74 78 64 30 71 35 40 16 20 0,100
PFG_MOEA,557,4,141.39,1069.23,0 31 17 18 19 91 33 37 68 56 39 72 70 54 36 3 58 77 50 0,
PFG_MOEA,557,5,141.39,1069.23,0 2 99 34 1 21 84 23 22 25 43 92 48 62 67 86 82 94 49 66 0,94
PFG_MOEA,557,6,141.39,1069.23,0 24 45 51 32 79 5 29 90 65 6 87 52 60 61 97 93 75 55 9 76 0,
PFG_MOEA,558,1,167.7,934.83,0 96 83 11 14 42 76 9 55 75 81 46 28 69 47 38 44 59 26 10 89 0,26 38 89
PFG_MOEA,558,2,167.7,934.83,0 13 27 12 41 95 57 73 15 98 85 88 63 74 78 64 30 71 35 40 16 18 19 31 20 0,
PFG_MOEA,558,3,167.7,934.83,0 17 91 33 37 68 56 39 84 23 0,
PFG_MOEA,558,4,167.7,934.83,0 4 80 53 66 94 49 51 79 32 3 36 54 70 72 67 86 82 22 21 1 34 48 62 58 77 0,86 94
PFG_MOEA,558,5,167.7,934.83,0 2 99 25 43 92 50 45 24 5 29 90 65 6 87 52 60 61 97 93 100 0,43 45
PFG_MOEA,558,6,167.7,934.83,0 8 7 0,
PFG_MOEA,559,1,173.13,915.94,0 8 28 10 89 47 69 38 44 59 26 96 83 11 98 14 73 41 12 13 95 57 0,38
PFG_MOEA,559,2,173.13,915.94,0 15 85 88 63 74 78 64 30 71 35 40 16 18 19 31 17 20 91 33 37 68 56 39 84 23 22 21 1 34 0,17 40 64 88
PFG_MOEA,559,3,173.13,915.94,0 4 80 53 51 79 0,
PFG_MOEA,559,4,173.13,915.94,0 66 49 32 94 82 86 67 72 70 54 36 3 58 77 48 62 92 43 0,
PFG_MOEA,559,5,173.13,915.94,0 25 99 2 0,
PFG_MOEA,559,6,173.13,915.94,0 50 45 24 5 29 90 65 6 87 52 60 61 97 93 100 75 55 9 76 42 81 7 46 27 0,5 50 81
PFG_MOEA,560,1,152.21,947.44,0 27 12 41 95 57 83 11 96 26 59 44 38 69 47 89 10 0,11
PFG_MOEA,560,2,152.21,947.44,0 28 13 73 14 98 15 85 88 63 74 78 64 30 71 35 40 16 18 19 31 17 20 91 0,17 35 64 88
PFG_MOEA,560,3,152.21,947.44,0 22 23 84 39 56 68 37 33 21 1 34 80 53 51 79 0,
PFG_MOEA,560,4,152.21,947.44,0 92 50 25 99 2 66 49 32 5 24 45 4 0,2 5
PFG_MOEA,560,5,152.21,947.44,0 46 81 75 55 9 76 42 7 8 100 93 97 61 60 52 87 6 65 90 29 94 0,
PFG_MOEA,560,6,152.21,947.44,0 77 58 3 36 54 70 72 67 86 82 62 48 43 0,
PFG_MOEA,561,1,138.05,1111.26,0 73 78 74 63 88 85 15 98 14 0,
PFG_MOEA,561,2,138.05,1111.26,0 20 91 19 17 31 35 71 30 64 40 16 18 68 56 39 84 23 22 0,17 35 64
PFG_MOEA,561,3,138.05,1111.26,0 50 92 37 33 21 1 34 99 2 25 66 49 32 79 51 53 80 0,
PFG_MOEA,561,4,138.05,1111.26,0 6 65 90 29 5 24 45 94 82 86 67 72 70 54 36 3 58 77 62 0,5
PFG_MOEA,561,5,138.05,1111.26,0 43 48 46 81 75 55 9 76 42 7 8 100 93 97 61 60 52 87 4 0,100
PFG_MOEA,561,6,138.05,1111.26,0 28 10 89 47 69 38 44 59 26 96 11 83 57 95 41 12 27 13 0,
PFG_MOEA,562,1,149.83,980.99,0 100 93 97 55 75 0,
PFG_MOEA,562,2,149.83,980.99,0 46 7 81 9 76 42 28 69 47 38 44 59 26 10 89 96 83 11 14 73 95 0,81
PFG_MOEA,562,3,149.83,980.99,0 13 27 12 41 30 64 78 74 63 88 85 98 15 57 0,
PFG_MOEA,562,4,149.83,980.99,0 8 22 23 84 39 56 68 37 33 91 19 18 16 40 71 35 31 17 20 0,40
PFG_MOEA,562,5,149.83,980.99,0 4 80 53 66 94 49 51 79 32 3 36 54 70 72 67 86 82 21 1 34 58 77 0,86
PFG_MOEA,562,6,149.83,980.99,0 2 99 25 43 92 62 48 50 45 24 5 29 61 60 52 87 6 65 90 0,5
PFG_MOEA,563,1,143.0,1006.23,0 13 27 12 41 11 83 96 59 44 38 47 69 89 10 26 98 14 73 95 57 0,13
PFG_MOEA,563,2,143.0,1006.23,0 8 15 85 88 63 74 78 64 30 71 35 40 0,64 88
PFG_MOEA,563,3,143.0,1006.23,0 20 17 31 16 18 19 91 33 37 68 56 39 84 23 22 21 1 34 0,
PFG_MOEA,563,4,143.0,1006.23,0 4 80 53 66 49 51 79 32 94 82 86 67 72 70 54 36 3 58 77 0,80 94
PFG_MOEA,563,5,143.0,1006.23,0 2 99 25 43 92 62 48 50 45 24 5 29 52 87 6 65 90 0,43 48 65
PFG_MOEA,563,6,143.0,1006.23,0 100 93 60 61 97 75 55 9 76 42 81 7 46 28 0,
PFG_MOEA,564,1,182.07,852.88,0 8 100 97 75 55 9 76 42 81 7 46 28 69 47 38 44 59 26 10 89 96 83 11 14 13 0,26 81
PFG_MOEA,564,2,182.07,852.88,0 27 12 0,
PFG_MOEA,564,3,182.07,852.88,0 57 95 41 73 15 98 85 88 63 74 78 64 30 71 35 40 16 18 19 17 31 20 0,
PFG_MOEA,564,4,182.07,852.88,0 4 80 53 66 94 49 51 79 32 3 36 54 70 72 67 86 82 23 84 39 56 68 37 33 22 21 91 1 0,86
PFG_MOEA,564,5,182.07,852.88,0 50 2 99 34 25 43 92 48 62 58 77 45 0,48 50
PFG_MOEA,564,6,182.07,852.88,0 24 5 29 90 65 6 87 52 60 61 93 0,5
PFG_MOEA,565,1,377.38,815.07,0 28 0,
PFG_MOEA,565,2,377.38,815.07,0 10 26 59 44 38 47 69 89 0,
PFG_MOEA,565,3,377.38,815.07,0 4 80 53 66 94 49 51 79 32 3 36 54 70 72 67 86 82 23 84 39 56 68 37 33 22 21 91 20 31 17 19 18 16 40 35 71 30 64 78 74 63 88 85 98 15 73 14 11 83 96 57 95 41 12 27 13 99 34 1 43 25 2 50 0,35 50
PFG_MOEA,565,4,377.38,815.07,0 92 48 62 58 77 0,
PFG_MOEA,565,5,377.38,815.07,0 45 24 0,45
PFG_MOEA,565,6,377.38,815.07,0 90 65 6 87 52 29 5 60 61 97 93 100 8 42 76 9 55 75 81 7 46 0,5 65 100
PFG_MOEA,566,1,141.39,1069.23,0 8 42 28 10 89 47 69 38 44 59 26 96 0,
PFG_MOEA,566,2,141.39,1069.23,0 13 12 41 11 14 98 85 15 73 95 57 0,57
PFG_MOEA,566,3,141.39,1069.23,0 4 80 53 100 81 7 46 27 83 88 63 74 78 64 30 71 35 40 16 20 0,100
PFG_MOEA,566,4,141.39,1069.23,0 31 17 18 19 91 33 37 68 56 39 72 70 54 36 3 58 77 50 0,
PFG_MOEA,566,5,141.39,1069.23,0 2 99 34 1 21 84 23 22 25 43 92 48 62 67 86 82 94 49 66 0,94
PFG_MOEA,566,6,141.39,1069.23,0 24 45 51 32 79 5 29 90 65 6 87 52 60 61 97 93 75 55 9 76 0,
PFG_MOEA,567,1,167.7,934.83,0 96 83 11 14 42 76 9 55 75 81 46 28 69 47 38 44 59 26 10 89 0,26 38 89
PFG_MOEA,567,2,167.7,934.83,0 13 27 12 41 95 57 73 15 98 85 88 63 74 78 64 30 71 35 40 16 18 19 31 20 0,
PFG_MOEA,567,3,167.7,934.83,0 17 91 33 37 68 56 39 84 23 0,
PFG_MOEA,567,4,167.7,934.83,0 4 80 53 66 94 49 51 79 32 3 36 54 70 72 67 86 82 22 21 1 34 48 62 58 77 0,86 94
PFG_MOEA,567,5,167.7,934.83,0 2 99 25 43 92 50 45 24 5 29 90 65 6 87 52 60 61 97 93 100 0,43 45
PFG_MOEA,567,6,167.7,934.83,0 8 7 0,
PFG_MOEA,568,1,173.13,915.94,0 8 28 10 89 47 69 38 44 59 26 96 83 11 98 14 73 41 12 13 95 57 0,38
PFG_MOEA,568,2,173.13,915.94,0 15 85 88 63 74 78 64 30 71 35 40 16 18 19 31 17 20 91 33 37 68 56 39 84 23 22 21 1 34 0,17 40 64 88
PFG_MOEA,568,3,173.13,915.94,0 4 80 53 51 79 0,
PFG_MOEA,568,4,173.13,915.94,0 66 49 32 94 82 86 67 72 70 54 36 3 58 77 48 62 92 43 0,
PFG_MOEA,568,5,173.13,915.94,0 25 99 2 0,
PFG_MOEA,568,6,173.13,915.94,0 50 45 24 5 29 90 65 6 87 52 60 61 97 93 100 75 55 9 76 42 81 7 46 27 0,5 50 81
PFG_MOEA,569,1,152.21,947.44,0 27 12 41 95 57 83 11 96 26 59 44 38 69 47 89 10 0,11
PFG_MOEA,569,2,152.21,947.44,0 28 13 73 14 98 15 85 88 63 74 78 64 30 71 35 40 16 18 19 31 17 20 91 0,17 35 64 88
PFG_MOEA,569,3,152.21,947.44,0 22 23 84 39 56 68 37 33 21 1 34 80 53 51 79 0,
PFG_MOEA,569,4,152.21,947.44,0 92 50 25 99 2 66 49 32 5 24 45 4 0,2 5
PFG_MOEA,569,5,152.21,947.44,0 46 81 75 55 9 76 42 7 8 100 93 97 61 60 52 87 6 65 90 29 94 0,
PFG_MOEA,569,6,152.21,947.44,0 77 58 3 36 54 70 72 67 86 82 62 48 43 0,
PFG_MOEA,570,1,138.05,1111.26,0 73 78 74 63 88 85 15 98 14 0,
PFG_MOEA,570,2,138.05,1111.26,0 20 91 19 17 31 35 71 30 64 40 16 18 68 56 39 84 23 22 0,17 35 64
PFG_MOEA,570,3,138.05,1111.26,0 50 92 37 33 21 1 34 99 2 25 66 49 32 79 51 53 80 0,
PFG_MOEA,570,4,138.05,1111.26,0 6 65 90 29 5 24 45 94 82 86 67 72 70 54 36 3 58 77 62 0,5
PFG_MOEA,570,5,138.05,1111.26,0 43 48 46 81 75 55 9 76 42 7 8 100 93 97 61 60 52 87 4 0,100
PFG_MOEA,570,6,138.05,1111.26,0 28 10 89 47 69 38 44 59 26 96 11 83 57 95 41 12 27 13 0,
PFG_MOEA,571,1,149.83,980.99,0 100 93 97 55 75 0,
PFG_MOEA,571,2,149.83,980.99,0 46 7 81 9 76 42 28 69 47 38 44 59 26 10 89 96 83 11 14 73 95 0,81
PFG_MOEA,571,3,149.83,980.99,0 13 27 12 41 30 64 78 74 63 88 85 98 15 57 0,
PFG_MOEA,571,4,149.83,980.99,0 8 22 23 84 39 56 68 37 33 91 19 18 16 40 71 35 31 17 20 0,40
PFG_MOEA,571,5,149.83,980.99,0 4 80 53 66 94 49 51 79 32 3 36 54 70 72 67 86 82 21 1 34 58 77 0,86
PFG_MOEA,571,6,149.83,980.99,0 2 99 25 43 92 62 48 50 45 24 5 29 61 60 52 87 6 65 90 0,5
PFG_MOEA,572,1,143.0,1006.23,0 13 27 12 41 11 83 96 59 44 38 47 69 89 10 26 98 14 73 95 57 0,13
PFG_MOEA,572,2,143.0,1006.23,0 8 15 85 88 63 74 78 64 30 71 35 40 0,64 88
PFG_MOEA,572,3,143.0,1006.23,0 20 17 31 16 18 19 91 33 37 68 56 39 84 23 22 21 1 34 0,
PFG_MOEA,572,4,143.0,1006.23,0 4 80 53 66 49 51 79 32 94 82 86 67 72 70 54 36 3 58 77 0,80 94
PFG_MOEA,572,5,143.0,1006.23,0 2 99 25 43 92 62 48 50 45 24 5 29 52 87 6 65 90 0,43 48 65
PFG_MOEA,572,6,143.0,1006.23,0 100 93 60 61 97 75 55 9 76 42 81 7 46 28 0,
PFG_MOEA,573,1,182.07,852.88,0 8 100 97 75 55 9 76 42 81 7 46 28 69 47 38 44 59 26 10 89 96 83 11 14 13 0,26 81
PFG_MOEA,573,2,182.07,852.88,0 27 12 0,
PFG_MOEA,573,3,182.07,852.88,0 57 95 41 73 15 98 85 88 63 74 78 64 30 71 35 40 16 18 19 17 31 20 0,
PFG_MOEA,573,4,182.07,852.88,0 4 80 53 66 94 49 51 79 32 3 36 54 70 72 67 86 82 23 84 39 56 68 37 33 22 21 91 1 0,86
PFG_MOEA,573,5,182.07,852.88,0 50 2 99 34 25 43 92 48 62 58 77 45 0,48 50
PFG_MOEA,573,6,182.07,852.88,0 24 5 29 90 65 6 87 52 60 61 93 0,5
PFG_MOEA,574,1,377.38,815.07,0 28 0,
PFG_MOEA,574,2,377.38,815.07,0 10 26 59 44 38 47 69 89 0,
PFG_MOEA,574,3,377.38,815.07,0 4 80 53 66 94 49 51 79 32 3 36 54 70 72 67 86 82 23 84 39 56 68 37 33 22 21 91 20 31 17 19 18 16 40 35 71 30 64 78 74 63 88 85 98 15 73 14 11 83 96 57 95 41 12 27 13 99 34 1 43 25 2 50 0,35 50
PFG_MOEA,574,4,377.38,815.07,0 92 48 62 58 77 0,
PFG_MOEA,574,5,377.38,815.07,0 45 24 0,45
PFG_MOEA,574,6,377.38,815.07,0 90 65 6 87 52 29 5 60 61 97 93 100 8 42 76 9 55 75 81 7 46 0,5 65 100
PFG_MOEA,575,1,141.39,1069.23,0 8 42 28 10 89 47 69 38 44 59 26 96 0,
PFG_MOEA,575,2,141.39,1069.23,0 13 12 41 11 14 98 85 15 73 95 57 0,57
PFG_MOEA,575,3,141.39,1069.23,0 4 80 53 100 81 7 46 27 83 88 63 74 78 64 30 71 35 40 16 20 0,100
PFG_MOEA,575,4,141.39,1069.23,0 31 17 18 19 91 33 37 68 56 39 72 70 54 36 3 58 77 50 0,
PFG_MOEA,575,5,141.39,1069.23,0 2 99 34 1 21 84 23 22 25 43 92 48 62 67 86 82 94 49 66 0,94
PFG_MOEA,575,6,141.39,1069.23,0 24 45 51 32 79 5 29 90 65 6 87 52 60 61 97 93 75 55 9 76 0,
PFG_MOEA,576,1,167.7,934.83,0 96 83 11 14 42 76 9 55 75 81 46 28 69 47 38 44 59 26 10 89 0,26 38 89
PFG_MOEA,576,2,167.7,934.83,0 13 27 12 41 95 57 73 15 98 85 88 63 74 78 64 30 71 35 40 16 18 19 31 20 0,
PFG_MOEA,576,3,167.7,934.83,0 17 91 33 37 68 56 39 84 23 0,
PFG_MOEA,576,4,167.7,934.83,0 4 80 53 66 94 49 51 79 32 3 36 54 70 72 67 86 82 22 21 1 34 48 62 58 77 0,86 94
PFG_MOEA,576,5,167.7,934.83,0 2 99 25 43 92 50 45 24 5 29 90 65 6 87 52 60 61 97 93 100 0,43 45
PFG_MOEA,576,6,167.7,934.83,0 8 7 0,
PFG_MOEA,577,1,173.13,915.94,0 8 28 10 89 47 69 38 44 59 26 96 83 11 98 14 73 41 12 13 95 57 0,38
PFG_MOEA,577,2,173.13,915.94,0 15 85 88 63 74 78 64 30 71 35 40 16 18 19 31 17 20 91 33 37 68 56 39 84 23 22 21 1 34 0,17 40 64 88
PFG_MOEA,577,3,173.13,915.94,0 4 80 53 51 79 0,
PFG_MOEA,577,4,173.13,915.94,0 66 49 32 94 82 86 67 72 70 54 36 3 58 77 48 62 92 43 0,
PFG_MOEA,577,5,173.13,915.94,0 25 99 2 0,
PFG_MOEA,577,6,173.13,915.94,0 50 45 24 5 29 90 65 6 87 52 60 61 97 93 100 75 55 9 76 42 81 7 46 27 0,5 50 81
PFG_MOEA,578,1,152.21,947.44,0 27 12 41 95 57 83 11 96 26 59 44 38 69 47 89 10 0,11
PFG_MOEA,578,2,152.21,947.44,0 28 13 73 14 98 15 85 88 63 74 78 64 30 71 35 40 16 18 19 31 17 20 91 0,17 35 64 88
PFG_MOEA,578,3,152.21,947.44,0 22 23 84 39 56 68 37 33 21 1 34 80 53 51 79 0,
PFG_MOEA,578,4,152.21,947.44,0 92 50 25 99 2 66 49 32 5 24 45 4 0,2 5
PFG_MOEA,578,5,152.21,947.44,0 46 81 75 55 9 76 42 7 8 100 93 97 61 60 52 87 6 65 90 29 94 0,
PFG_MOEA,578,6,152.21,947.44,0 77 58 3 36 54 70 72 67 86 82 62 48 43 0,
PFG_MOEA,579,1,138.05,1111.26,0 73 78 74 63 88 85 15 98 14 0,
PFG_MOEA,579,2,138.05,1111.26,0 20 91 19 17 31 35 71 30 64 40 16 18 68 56 39 84 23 22 0,17 35 64
PFG_MOEA,579,3,138.05,1111.26,0 50 92 37 33 21 1 34 99 2 25 66 49 32 79 51 53 80 0,
PFG_MOEA,579,4,138.05,1111.26,0 6 65 90 29 5 24 45 94 82 86 67 72 70 54 36 3 58 77 62 0,5
PFG_MOEA,579,5,138.05,1111.26,0 43 48 46 81 75 55 9 76 42 7 8 100 93 97 61 60 52 87 4 0,100
PFG_MOEA,579,6,138.05,1111.26,0 28 10 89 47 69 38 44 59 26 96 11 83 57 95 41 12 27 13 0,
PFG_MOEA,580,1,149.83,980.99,0 100 93 97 55 75 0,
PFG_MOEA,580,2,149.83,980.99,0 46 7 81 9 76 42 28 69 47 38 44 59 26 10 89 96 83 11 14 73 95 0,81
PFG_MOEA,580,3,149.83,980.99,0 13 27 12 41 30 64 78 74 63 88 85 98 15 57 0,
PFG_MOEA,580,4,149.83,980.99,0 8 22 23 84 39 56 68 37 33 91 19 18 16 40 71 35 31 17 20 0,40
PFG_MOEA,580,5,149.83,980.99,0 4 80 53 66 94 49 51 79 32 3 36 54 70 72 67 86 82 21 1 34 58 77 0,86
PFG_MOEA,580,6,149.83,980.99,0 2 99 25 43 92 62 48 50 45 24 5 29 61 60 52 87 6 65 90 0,5
PFG_MOEA,581,1,143.0,1006.23,0 13 27 12 41 11 83 96 59 44 38 47 69 89 10 26 98 14 73 95 57 0,13
PFG_MOEA,581,2,143.0,1006.23,0 8 15 85 88 63 74 78 64 30 71 35 40 0,64 88
PFG_MOEA,581,3,143.0,1006.23,0 20 17 31 16 18 19 91 33 37 68 56 39 84 23 22 21 1 34 0,
PFG_MOEA,581,4,143.0,1006.23,0 4 80 53 66 49 51 79 32 94 82 86 67 72 70 54 36 3 58 77 0,80 94
PFG_MOEA,581,5,143.0,1006.23,0 2 99 25 43 92 62 48 50 45 24 5 29 52 87 6 65 90 0,43 48 65
PFG_MOEA,581,6,143.0,1006.23,0 100 93 60 61 97 75 55 9 76 42 81 7 46 28 0,
PFG_MOEA,582,1,182.07,852.88,0 8 100 97 75 55 9 76 42 81 7 46 28 69 47 38 44 59 26 10 89 96 83 11 14 13 0,26 81
PFG_MOEA,582,2,182.07,852.88,0 27 12 0,
PFG_MOEA,582,3,182.07,852.88,0 57 95 41 73 15 98 85 88 63 74 78 64 30 71 35 40 16 18 19 17 31 20 0,
PFG_MOEA,582,4,182.07,852.88,0 4 80 53 66 94 49 51 79 32 3 36 54 70 72 67 86 82 23 84 39 56 68 37 33 22 21 91 1 0,86
PFG_MOEA,582,5,182.07,852.88,0 50 2 99 34 25 43 92 48 62 58 77 45 0,48 50
PFG_MOEA,582,6,182.07,852.88,0 24 5 29 90 65 6 87 52 60 61 93 0,5
PFG_MOEA,583,1,377.38,815.07,0 28 0,
PFG_MOEA,583,2,377.38,815.07,0 10 26 59 44 38 47 69 89 0,
PFG_MOEA,583,3,377.38,815.07,0 4 80 53 66 94 49 51 79 32 3 36 54 70 72 67 86 82 23 84 39 56 68 37 33 22 21 91 20 31 17 19 18 16 40 35 71 30 64 78 74 63 88 85 98 15 73 14 11 83 96 57 95 41 12 27 13 99 34 1 43 25 2 50 0,35 50
PFG_MOEA,583,4,377.38,815.07,0 92 48 62 58 77 0,
PFG_MOEA,583,5,377.38,815.07,0 45 24 0,45
PFG_MOEA,583,6,377.38,815.07,0 90 65 6 87 52 29 5 60 61 97 93 100 8 42 76 9 55 75 81 7 46 0,5 65 100
PFG_MOEA,584,1,141.39,1069.23,0 8 42 28 10 89 47 69 38 44 59 26 96 0,
PFG_MOEA,584,2,141.39,1069.23,0 13 12 41 11 14 98 85 15 73 95 57 0,57
PFG_MOEA,584,3,141.39,1069.23,0 4 80 53 100 81 7 46 27 83 88 63 74 78 64 30 71 35 40 16 20 0,100
PFG_MOEA,584,4,141.39,1069.23,0 31 17 18 19 91 33 37 68 56 39 72 70 54 36 3 58 77 50 0,
PFG_MOEA,584,5,141.39,1069.23,0 2 99 34 1 21 84 23 22 25 43 92 48 62 67 86 82 94 49 66 0,94
PFG_MOEA,584,6,141.39,1069.23,0 24 45 51 32 79 5 29 90 65 6 87 52 60 61 97 93 75 55 9 76 0,
PFG_MOEA,585,1,167.7,934.83,0 96 83 11 14 42 76 9 55 75 81 46 28 69 47 38 44 59 26 10 89 0,26 38 89
PFG_MOEA,585,2,167.7,934.83,0 13 27 12 41 95 57 73 15 98 85 88 63 74 78 64 30 71 35 40 16 18 19 31 20 0,
PFG_MOEA,585,3,167.7,934.83,0 17 91 33 37 68 56 39 84 23 0,
PFG_MOEA,585,4,167.7,934.83,0 4 80 53 66 94 49 51 79 32 3 36 54 70 72 67 86 82 22 21 1 34 48 62 58 77 0,86 94
PFG_MOEA,585,5,167.7,934.83,0 2 99 25 43 92 50 45 24 5 29 90 65 6 87 52 60 61 97 93 100 0,43 45
PFG_MOEA,585,6,167.7,934.83,0 8 7 0,
PFG_MOEA,586,1,173.13,915.94,0 8 28 10 89 47 69 38 44 59 26 96 83 11 98 14 73 41 12 13 95 57 0,38
PFG_MOEA,586,2,173.13,915.94,0 15 85 88 63 74 78 64 30 71 35 40 16 18 19 31 17 20 91 33 37 68 56 39 84 23 22 21 1 34 0,17 40 64 88
PFG_MOEA,586,3,173.13,915.94,0 4 80 53 51 79 0,
PFG_MOEA,586,4,173.13,915.94,0 66 49 32 94 82 86 67 72 70 54 36 3 58 77 48 62 92 43 0,
PFG_MOEA,586,5,173.13,915.94,0 25 99 2 0,
PFG_MOEA,586,6,173.13,915.94,0 50 45 24 5 29 90 65 6 87 52 60 61 97 93 100 75 55 9 76 42 81 7 46 27 0,5 50 81
PFG_MOEA,587,1,152.21,947.44,0 27 12 41 95 57 83 11 96 26 59 44 38 69 47 89 10 0,11
PFG_MOEA,587,2,152.21,947.44,0 28 13 73 14 98 15 85 88 63 74 78 64 30 71 35 40 16 18 19 31 17 20 91 0,17 35 64 88
PFG_MOEA,587,3,152.21,947.44,0 22 23 84 39 56 68 37 33 21 1 34 80 53 51 79 0,
PFG_MOEA,587,4,152.21,947.44,0 92 50 25 99 2 66 49 32 5 24 45 4 0,2 5
PFG_MOEA,587,5,152.21,947.44,0 46 81 75 55 9 76 42 7 8 100 93 97 61 60 52 87 6 65 90 29 94 0,
PFG_MOEA,587,6,152.21,947.44,0 77 58 3 36 54 70 72 67 86 82 62 48 43 0,
PFG_MOEA,588,1,138.05,1111.26,0 73 78 74 63 88 85 15 98 14 0,
PFG_MOEA,588,2,138.05,1111.26,0 20 91 19 17 31 35 71 30 64 40 16 18 68 56 39 84 23 22 0,17 35 64
PFG_MOEA,588,3,138.05,1111.26,0 50 92 37 33 21 1 34 99 2 25 66 49 32 79 51 53 80 0,
PFG_MOEA,588,4,138.05,1111.26,0 6 65 90 29 5 24 45 94 82 86 67 72 70 54 36 3 58 77 62 0,5
PFG_MOEA,588,5,138.05,1111.26,0 43 48 46 81 75 55 9 76 42 7 8 100 93 97 61 60 52 87 4 0,100
PFG_MOEA,588,6,138.05,1111.26,0 28 10 89 47 69 38 44 59 26 96 11 83 57 95 41 12 27 13 0,
PFG_MOEA,589,1,149.83,980.99,0 100 93 97 55 75 0,
PFG_MOEA,589,2,149.83,980.99,0 46 7 81 9 76 42 28 69 47 38 44 59 26 10 89 96 83 11 14 73 95 0,81
PFG_MOEA,589,3,149.83,980.99,0 13 27 12 41 30 64 78 74 63 88 85 98 15 57 0,
PFG_MOEA,589,4,149.83,980.99,0 8 22 23 84 39 56 68 37 33 91 19 18 16 40 71 35 31 17 20 0,40
PFG_MOEA,589,5,149.83,980.99,0 4 80 53 66 94 49 51 79 32 3 36 54 70 72 67 86 82 21 1 34 58 77 0,86
PFG_MOEA,589,6,149.83,980.99,0 2 99 25 43 92 62 48 50 45 24 5 29 61 60 52 87 6 65 90 0,5
PFG_MOEA,590,1,143.0,1006.23,0 13 27 12 41 11 83 96 59 44 38 47 69 89 10 26 98 14 73 95 57 0,13
PFG_MOEA,590,2,143.0,1006.23,0 8 15 85 88 63 74 78 64 30 71 35 40 0,64 88
PFG_MOEA,590,3,143.0,1006.23,0 20 17 31 16 18 19 91 33 37 68 56 39 84 23 22 21 1 34 0,
PFG_MOEA,590,4,143.0,1006.23,0 4 80 53 66 49 51 79 32 94 82 86 67 72 70 54 36 3 58 77 0,80 94
PFG_MOEA,590,5,143.0,1006.23,0 2 99 25 43 92 62 48 50 45 24 5 29 52 87 6 65 90 0,43 48 65
PFG_MOEA,590,6,143.0,1006.23,0 100 93 60 61 97 75 55 9 76 42 81 7 46 28 0,
PFG_MOEA,591,1,182.07,852.88,0 8 100 97 75 55 9 76 42 81 7 46 28 69 47 38 44 59 26 10 89 96 83 11 14 13 0,26 81
PFG_MOEA,591,2,182.07,852.88,0 27 12 0,
PFG_MOEA,591,3,182.07,852.88,0 57 95 41 73 15 98 85 88 63 74 78 64 30 71 35 40 16 18 19 17 31 20 0,
PFG_MOEA,591,4,182.07,852.88,0 4 80 53 66 94 49 51 79 32 3 36 54 70 72 67 86 82 23 84 39 56 68 37 33 22 21 91 1 0,86
PFG_MOEA,591,5,182.07,852.88,0 50 2 99 34 25 43 92 48 62 58 77 45 0,48 50
PFG_MOEA,591,6,182.07,852.88,0 24 5 29 90 65 6 87 52 60 61 93 0,5
PFG_MOEA,592,1,377.38,815.07,0 28 0,
PFG_MOEA,592,2,377.38,815.07,0 10 26 59 44 38 47 69 89 0,
PFG_MOEA,592,3,377.38,815.07,0 4 80 53 66 94 49 51 79 32 3 36 54 70 72 67 86 82 23 84 39 56 68 37 33 22 21 91 20 31 17 19 18 16 40 35 71 30 64 78 74 63 88 85 98 15 73 14 11 83 96 57 95 41 12 27 13 99 34 1 43 25 2 50 0,35 50
PFG_MOEA,592,4,377.38,815.07,0 92 48 62 58 77 0,
PFG_MOEA,592,5,377.38,815.07,0 45 24 0,45
PFG_MOEA,592,6,377.38,815.07,0 90 65 6 87 52 29 5 60 61 97 93 100 8 42 76 9 55 75 81 7 46 0,5 65 100
PFG_MOEA,593,1,141.39,1069.23,0 8 42 28 10 89 47 69 38 44 59 26 96 0,
PFG_MOEA,593,2,141.39,1069.23,0 13 12 41 11 14 98 85 15 73 95 57 0,57
PFG_MOEA,593,3,141.39,1069.23,0 4 80 53 100 81 7 46 27 83 88 63 74 78 64 30 71 35 40 16 20 0,100
PFG_MOEA,593,4,141.39,1069.23,0 31 17 18 19 91 33 37 68 56 39 72 70 54 36 3 58 77 50 0,
PFG_MOEA,593,5,141.39,1069.23,0 2 99 34 1 21 84 23 22 25 43 92 48 62 67 86 82 94 49 66 0,94
PFG_MOEA,593,6,141.39,1069.23,0 24 45 51 32 79 5 29 90 65 6 87 52 60 61 97 93 75 55 9 76 0,
PFG_MOEA,594,1,167.7,934.83,0 96 83 11 14 42 76 9 55 75 81 46 28 69 47 38 44 59 26 10 89 0,26 38 89
PFG_MOEA,594,2,167.7,934.83,0 13 27 12 41 95 57 73 15 98 85 88 63 74 78 64 30 71 35 40 16 18 19 31 20 0,
PFG_MOEA,594,3,167.7,934.83,0 17 91 33 37 68 56 39 84 23 0,
PFG_MOEA,594,4,167.7,934.83,0 4 80 53 66 94 49 51 79 32 3 36 54 70 72 67 86 82 22 21 1 34 48 62 58 77 0,86 94
PFG_MOEA,594,5,167.7,934.83,0 2 99 25 43 92 50 45 24 5 29 90 65 6 87 52 60 61 97 93 100 0,43 45
PFG_MOEA,594,6,167.7,934.83,0 8 7 0,
PFG_MOEA,595,1,173.13,915.94,0 8 28 10 89 47 69 38 44 59 26 96 83 11 98 14 73 41 12 13 95 57 0,38
PFG_MOEA,595,2,173.13,915.94,0 15 85 88 63 74 78 64 30 71 35 40 16 18 19 31 17 20 91 33 37 68 56 39 84 23 22 21 1 34 0,17 40 64 88
PFG_MOEA,595,3,173.13,915.94,0 4 80 53 51 79 0,
PFG_MOEA,595,4,173.13,915.94,0 66 49 32 94 82 86 67 72 70 54 36 3 58 77 48 62 92 43 0,
PFG_MOEA,595,5,173.13,915.94,0 25 99 2 0,
PFG_MOEA,595,6,173.13,915.94,0 50 45 24 5 29 90 65 6 87 52 60 61 97 93 100 75 55 9 76 42 81 7 46 27 0,5 50 81
PFG_MOEA,596,1,152.21,947.44,0 27 12 41 95 57 83 11 96 26 59 44 38 69 47 89 10 0,11
PFG_MOEA,596,2,152.21,947.44,0 28 13 73 14 98 15 85 88 63 74 78 64 30 71 35 40 16 18 19 31 17 20 91 0,17 35 64 88
PFG_MOEA,596,3,152.21,947.44,0 22 23 84 39 56 68 37 33 21 1 34 80 53 51 79 0,
PFG_MOEA,596,4,152.21,947.44,0 92 50 25 99 2 66 49 32 5 24 45 4 0,2 5
PFG_MOEA,596,5,152.21,947.44,0 46 81 75 55 9 76 42 7 8 100 93 97 61 60 52 87 6 65 90 29 94 0,
PFG_MOEA,596,6,152.21,947.44,0 77 58 3 36 54 70 72 67 86 82 62 48 43 0,
PFG_MOEA,597,1,138.05,1111.26,0 73 78 74 63 88 85 15 98 14 0,
PFG_MOEA,597,2,138.05,1111.26,0 20 91 19 17 31 35 71 30 64 40 16 18 68 56 39 84 23 22 0,17 35 64
PFG_MOEA,597,3,138.05,1111.26,0 50 92 37 33 21 1 34 99 2 25 66 49 32 79 51 53 80 0,
PFG_MOEA,597,4,138.05,1111.26,0 6 65 90 29 5 24 45 94 82 86 67 72 70 54 36 3 58 77 62 0,5
PFG_MOEA,597,5,138.05,1111.26,0 43 48 46 81 75 55 9 76 42 7 8 100 93 97 61 60 52 87 4 0,100
PFG_MOEA,597,6,138.05,1111.26,0 28 10 89 47 69 38 44 59 26 96 11 83 57 95 41 12 27 13 0,
PFG_MOEA,598,1,149.83,980.99,0 100 93 97 55 75 0,
PFG_MOEA,598,2,149.83,980.99,0 46 7 81 9 76 42 28 69 47 38 44 59 26 10 89 96 83 11 14 73 95 0,81
PFG_MOEA,598,3,149.83,980.99,0 13 27 12 41 30 64 78 74 63 88 85 98 15 57 0,
PFG_MOEA,598,4,149.83,980.99,0 8 22 23 84 39 56 68 37 33 91 19 18 16 40 71 35 31 17 20 0,40
PFG_MOEA,598,5,149.83,980.99,0 4 80 53 66 94 49 51 79 32 3 36 54 70 72 67 86 82 21 1 34 58 77 0,86
PFG_MOEA,598,6,149.83,980.99,0 2 99 25 43 92 62 48 50 45 24 5 29 61 60 52 87 6 65 90 0,5
PFG_MOEA,599,1,143.0,1006.23,0 13 27 12 41 11 83 96 59 44 38 47 69 89 10 26 98 14 73 95 57 0,13
PFG_MOEA,599,2,143.0,1006.23,0 8 15 85 88 63 74 78 64 30 71 35 40 0,64 88
PFG_MOEA,599,3,143.0,1006.23,0 20 17 31 16 18 19 91 33 37 68 56 39 84 23 22 21 1 34 0,
PFG_MOEA,599,4,143.0,1006.23,0 4 80 53 66 49 51 79 32 94 82 86 67 72 70 54 36 3 58 77 0,80 94
PFG_MOEA,599,5,143.0,1006.23,0 2 99 25 43 92 62 48 50 45 24 5 29 52 87 6 65 90 0,43 48 65
PFG_MOEA,599,6,143.0,1006.23,0 100 93 60 61 97 75 55 9 76 42 81 7 46 28 0,
PFG_MOEA,600,1,182.07,852.88,0 8 100 97 75 55 9 76 42 81 7 46 28 69 47 38 44 59 26 10 89 96 83 11 14 13 0,26 81
PFG_MOEA,600,2,182.07,852.88,0 27 12 0,
PFG_MOEA,600,3,182.07,852.88,0 57 95 41 73 15 98 85 88 63 74 78 64 30 71 35 40 16 18 19 17 31 20 0,
PFG_MOEA,600,4,182.07,852.88,0 4 80 53 66 94 49 51 79 32 3 36 54 70 72 67 86 82 23 84 39 56 68 37 33 22 21 91 1 0,86
PFG_MOEA,600,5,182.07,852.88,0 50 2 99 34 25 43 92 48 62 58 77 45 0,48 50
PFG_MOEA,600,6,182.07,852.88,0 24 5 29 90 65 6 87 52 60 61 93 0,5
PFG_MOEA,601,1,377.38,815.07,0 28 0,
PFG_MOEA,601,2,377.38,815.07,0 10 26 59 44 38 47 69 89 0,
PFG_MOEA,601,3,377.38,815.07,0 4 80 53 66 94 49 51 79 32 3 36 54 70 72 67 86 82 23 84 39 56 68 37 33 22 21 91 20 31 17 19 18 16 40 35 71 30 64 78 74 63 88 85 98 15 73 14 11 83 96 57 95 41 12 27 13 99 34 1 43 25 2 50 0,35 50
PFG_MOEA,601,4,377.38,815.07,0 92 48 62 58 77 0,
PFG_MOEA,601,5,377.38,815.07,0 45 24 0,45
PFG_MOEA,601,6,377.38,815.07,0 90 65 6 87 52 29 5 60 61 97 93 100 8 42 76 9 55 75 81 7 46 0,5 65 100
PFG_MOEA,602,1,141.39,1069.23,0 8 42 28 10 89 47 69 38 44 59 26 96 0,
PFG_MOEA,602,2,141.39,1069.23,0 13 12 41 11 14 98 85 15 73 95 57 0,57
PFG_MOEA,602,3,141.39,1069.23,0 4 80 53 100 81 7 46 27 83 88 63 74 78 64 30 71 35 40 16 20 0,100
PFG_MOEA,602,4,141.39,1069.23,0 31 17 18 19 91 33 37 68 56 39 72 70 54 36 3 58 77 50 0,
PFG_MOEA,602,5,141.39,1069.23,0 2 99 34 1 21 84 23 22 25 43 92 48 62 67 86 82 94 49 66 0,94
PFG_MOEA,602,6,141.39,1069.23,0 24 45 51 32 79 5 29 90 65 6 87 52 60 61 97 93 75 55 9 76 0,
PFG_MOEA,603,1,167.7,934.83,0 96 83 11 14 42 76 9 55 75 81 46 28 69 47 38 44 59 26 10 89 0,26 38 89
PFG_MOEA,603,2,167.7,934.83,0 13 27 12 41 95 57 73 15 98 85 88 63 74 78 64 30 71 35 40 16 18 19 31 20 0,
PFG_MOEA,603,3,167.7,934.83,0 17 91 33 37 68 56 39 84 23 0,
PFG_MOEA,603,4,167.7,934.83,0 4 80 53 66 94 49 51 79 32 3 36 54 70 72 67 86 82 22 21 1 34 48 62 58 77 0,86 94
PFG_MOEA,603,5,167.7,934.83,0 2 99 25 43 92 50 45 24 5 29 90 65 6 87 52 60 61 97 93 100 0,43 45
PFG_MOEA,603,6,167.7,934.83,0 8 7 0,
PFG_MOEA,604,1,173.13,915.94,0 8 28 10 89 47 69 38 44 59 26 96 83 11 98 14 73 41 12 13 95 57 0,38
PFG_MOEA,604,2,173.13,915.94,0 15 85 88 63 74 78 64 30 71 35 40 16 18 19 31 17 20 91 33 37 68 56 39 84 23 22 21 1 34 0,17 40 64 88
PFG_MOEA,604,3,173.13,915.94,0 4 80 53 51 79 0,
PFG_MOEA,604,4,173.13,915.94,0 66 49 32 94 82 86 67 72 70 54 36 3 58 77 48 62 92 43 0,
PFG_MOEA,604,5,173.13,915.94,0 25 99 2 0,
PFG_MOEA,604,6,173.13,915.94,0 50 45 24 5 29 90 65 6 87 52 60 61 97 93 100 75 55 9 76 42 81 7 46 27 0,5 50 81
PFG_MOEA,605,1,152.21,947.44,0 27 12 41 95 57 83 11 96 26 59 44 38 69 47 89 10 0,11
PFG_MOEA,605,2,152.21,947.44,0 28 13 73 14 98 15 85 88 63 74 78 64 30 71 35 40 16 18 19 31 17 20 91 0,17 35 64 88
PFG_MOEA,605,3,152.21,947.44,0 22 23 84 39 56 68 37 33 21 1 34 80 53 51 79 0,
PFG_MOEA,605,4,152.21,947.44,0 92 50 25 99 2 66 49 32 5 24 45 4 0,2 5
PFG_MOEA,605,5,152.21,947.44,0 46 81 75 55 9 76 42 7 8 100 93 97 61 60 52 87 6 65 90 29 94 0,
PFG_MOEA,605,6,152.21,947.44,0 77 58 3 36 54 70 72 67 86 82 62 48 43 0,
PFG_MOEA,606,1,138.05,1111.26,0 73 78 74 63 88 85 15 98 14 0,
PFG_MOEA,606,2,138.05,1111.26,0 20 91 19 17 31 35 71 30 64 40 16 18 68 56 39 84 23 22 0,17 35 64
PFG_MOEA,606,3,138.05,1111.26,0 50 92 37 33 21 1 34 99 2 25 66 49 32 79 51 53 80 0,
PFG_MOEA,606,4,138.05,1111.26,0 6 65 90 29 5 24 45 94 82 86 67 72 70 54 36 3 58 77 62 0,5
PFG_MOEA,606,5,138.05,1111.26,0 43 48 46 81 75 55 9 76 42 7 8 100 93 97 61 60 52 87 4 0,100
PFG_MOEA,606,6,138.05,1111.26,0 28 10 89 47 69 38 44 59 26 96 11 83 57 95 41 12 27 13 0,
PFG_MOEA,607,1,149.83,980.99,0 100 93 97 55 75 0,
PFG_MOEA,607,2,149.83,980.99,0 46 7 81 9 76 42 28 69 47 38 44 59 26 10 89 96 83 11 14 73 95 0,81
PFG_MOEA,607,3,149.83,980.99,0 13 27 12 41 30 64 78 74 63 88 85 98 15 57 0,
PFG_MOEA,607,4,149.83,980.99,0 8 22 23 84 39 56 68 37 33 91 19 18 16 40 71 35 31 17 20 0,40
PFG_MOEA,607,5,149.83,980.99,0 4 80 53 66 94 49 51 79 32 3 36 54 70 72 67 86 82 21 1 34 58 77 0,86
PFG_MOEA,607,6,149.83,980.99,0 2 99 25 43 92 62 48 50 45 24 5 29 61 60 52 87 6 65 90 0,5
PFG_MOEA,608,1,143.0,1006.23,0 13 27 12 41 11 83 96 59 44 38 47 69 89 10 26 98 14 73 95 57 0,13
PFG_MOEA,608,2,143.0,1006.23,0 8 15 85 88 63 74 78 64 30 71 35 40 0,64 88
PFG_MOEA,608,3,143.0,1006.23,0 20 17 31 16 18 19 91 33 37 68 56 39 84 23 22 21 1 34 0,
PFG_MOEA,608,4,143.0,1006.23,0 4 80 53 66 49 51 79 32 94 82 86 67 72 70 54 36 3 58 77 0,80 94
PFG_MOEA,608,5,143.0,1006.23,0 2 99 25 43 92 62 48 50 45 24 5 29 52 87 6 65 90 0,43 48 65
PFG_MOEA,608,6,143.0,1006.23,0 100 93 60 61 97 75 55 9 76 42 81 7 46 28 0,
PFG_MOEA,609,1,182.07,852.88,0 8 100 97 75 55 9 76 42 81 7 46 28 69 47 38 44 59 26 10 89 96 83 11 14 13 0,26 81
PFG_MOEA,609,2,182.07,852.88,0 27 12 0,
PFG_MOEA,609,3,182.07,852.88,0 57 95 41 73 15 98 85 88 63 74 78 64 30 71 35 40 16 18 19 17 31 20 0,
PFG_MOEA,609,4,182.07,852.88,0 4 80 53 66 94 49 51 79 32 3 36 54 70 72 67 86 82 23 84 39 56 68 37 33 22 21 91 1 0,86
PFG_MOEA,609,5,182.07,852.88,0 50 2 99 34 25 43 92 48 62 58 77 45 0,48 50
PFG_MOEA,609,6,182.07,852.88,0 24 5 29 90 65 6 87 52 60 61 93 0,5
PFG_MOEA,610,1,377.38,815.07,0 28 0,
PFG_MOEA,610,2,377.38,815.07,0 10 26 59 44 38 47 69 89 0,
PFG_MOEA,610,3,377.38,815.07,0 4 80 53 66 94 49 51 79 32 3 36 54 70 72 67 86 82 23 84 39 56 68 37 33 22 21 91 20 31 17 19 18 16 40 35 71 30 64 78 74 63 88 85 98 15 73 14 11 83 96 57 95 41 12 27 13 99 34 1 43 25 2 50 0,35 50
PFG_MOEA,610,4,377.38,815.07,0 92 48 62 58 77 0,
PFG_MOEA,610,5,377.38,815.07,0 45 24 0,45
PFG_MOEA,610,6,377.38,815.07,0 90 65 6 87 52 29 5 60 61 97 93 100 8 42 76 9 55 75 81 7 46 0,5 65 100
PFG_MOEA,611,1,141.39,1069.23,0 8 42 28 10 89 47 69 38 44 59 26 96 0,
PFG_MOEA,611,2,141.39,1069.23,0 13 12 41 11 14 98 85 15 73 95 57 0,57
PFG_MOEA,611,3,141.39,1069.23,0 4 80 53 100 81 7 46 27 83 88 63 74 78 64 30 71 35 40 16 20 0,100
PFG_MOEA,611,4,141.39,1069.23,0 31 17 18 19 91 33 37 68 56 39 72 70 54 36 3 58 77 50 0,
PFG_MOEA,611,5,141.39,1069.23,0 2 99 34 1 21 84 23 22 25 43 92 48 62 67 86 82 94 49 66 0,94
PFG_MOEA,611,6,141.39,1069.23,0 24 45 51 32 79 5 29 90 65 6 87 52 60 61 97 93 75 55 9 76 0,
PFG_MOEA,612,1,167.7,934.83,0 96 83 11 14 42 76 9 55 75 81 46 28 69 47 38 44 59 26 10 89 0,26 38 89
PFG_MOEA,612,2,167.7,934.83,0 13 27 12 41 95 57 73 15 98 85 88 63 74 78 64 30 71 35 40 16 18 19 31 20 0,
PFG_MOEA,612,3,167.7,934.83,0 17 91 33 37 68 56 39 84 23 0,
PFG_MOEA,612,4,167.7,934.83,0 4 80 53 66 94 49 51 79 32 3 36 54 70 72 67 86 82 22 21 1 34 48 62 58 77 0,86 94
PFG_MOEA,612,5,167.7,934.83,0 2 99 25 43 92 50 45 24 5 29 90 65 6 87 52 60 61 97 93 100 0,43 45
PFG_MOEA,612,6,167.7,934.83,0 8 7 0,
PFG_MOEA,613,1,173.13,915.94,0 8 28 10 89 47 69 38 44 59 26 96 83 11 98 14 73 41 12 13 95 57 0,38
PFG_MOEA,613,2,173.13,915.94,0 15 85 88 63 74 78 64 30 71 35 40 16 18 19 31 17 20 91 33 37 68 56 39 84 23 22 21 1 34 0,17 40 64 88
PFG_MOEA,613,3,173.13,915.94,0 4 80 53 51 79 0,
PFG_MOEA,613,4,173.13,915.94,0 66 49 32 94 82 86 67 72 70 54 36 3 58 77 48 62 92 43 0,
PFG_MOEA,613,5,173.13,915.94,0 25 99 2 0,
PFG_MOEA,613,6,173.13,915.94,0 50 45 24 5 29 90 65 6 87 52 60 61 97 93 100 75 55 9 76 42 81 7 46 27 0,5 50 81
PFG_MOEA,614,1,152.21,947.44,0 27 12 41 95 57 83 11 96 26 59 44 38 69 47 89 10 0,11
PFG_MOEA,614,2,152.21,947.44,0 28 13 73 14 98 15 85 88 63 74 78 64 30 71 35 40 16 18 19 31 17 20 91 0,17 35 64 88
PFG_MOEA,614,3,152.21,947.44,0 22 23 84 39 56 68 37 33 21 1 34 80 53 51 79 0,
PFG_MOEA,614,4,152.21,947.44,0 92 50 25 99 2 66 49 32 5 24 45 4 0,2 5
PFG_MOEA,614,5,152.21,947.44,0 46 81 75 55 9 76 42 7 8 100 93 97 61 60 52 87 6 65 90 29 94 0,
PFG_MOEA,614,6,152.21,947.44,0 77 58 3 36 54 70 72 67 86 82 62 48 43 0,
PFG_MOEA,615,1,138.05,1111.26,0 73 78 74 63 88 85 15 98 14 0,
PFG_MOEA,615,2,138.05,1111.26,0 20 91 19 17 31 35 71 30 64 40 16 18 68 56 39 84 23 22 0,17 35 64
PFG_MOEA,615,3,138.05,1111.26,0 50 92 37 33 21 1 34 99 2 25 66 49 32 79 51 53 80 0,
PFG_MOEA,615,4,138.05,1111.26,0 6 65 90 29 5 24 45 94 82 86 67 72 70 54 36 3 58 77 62 0,5
PFG_MOEA,615,5,138.05,1111.26,0 43 48 46 81 75 55 9 76 42 7 8 100 93 97 61 60 52 87 4 0,100
PFG_MOEA,615,6,138.05,1111.26,0 28 10 89 47 69 38 44 59 26 96 11 83 57 95 41 12 27 13 0,
PFG_MOEA,616,1,149.83,980.99,0 100 93 97 55 75 0,
PFG_MOEA,616,2,149.83,980.99,0 46 7 81 9 76 42 28 69 47 38 44 59 26 10 89 96 83 11 14 73 95 0,81
PFG_MOEA,616,3,149.83,980.99,0 13 27 12 41 30 64 78 74 63 88 85 98 15 57 0,
PFG_MOEA,616,4,149.83,980.99,0 8 22 23 84 39 56 68 37 33 91 19 18 16 40 71 35 31 17 20 0,40
PFG_MOEA,616,5,149.83,980.99,0 4 80 53 66 94 49 51 79 32 3 36 54 70 72 67 86 82 21 1 34 58 77 0,86
PFG_MOEA,616,6,149.83,980.99,0 2 99 25 43 92 62 48 50 45 24 5 29 61 60 52 87 6 65 90 0,5
PFG_MOEA,617,1,143.0,1006.23,0 13 27 12 41 11 83 96 59 44 38 47 69 89 10 26 98 14 73 95 57 0,13
PFG_MOEA,617,2,143.0,1006.23,0 8 15 85 88 63 74 78 64 30 71 35 40 0,64 88
PFG_MOEA,617,3,143.0,1006.23,0 20 17 31 16 18 19 91 33 37 68 56 39 84 23 22 21 1 34 0,
PFG_MOEA,617,4,143.0,1006.23,0 4 80 53 66 49 51 79 32 94 82 86 67 72 70 54 36 3 58 77 0,80 94
PFG_MOEA,617,5,143.0,1006.23,0 2 99 25 43 92 62 48 50 45 24 5 29 52 87 6 65 90 0,43 48 65
PFG_MOEA,617,6,143.0,1006.23,0 100 93 60 61 97 75 55 9 76 42 81 7 46 28 0,
PFG_MOEA,618,1,182.07,852.88,0 8 100 97 75 55 9 76 42 81 7 46 28 69 47 38 44 59 26 10 89 96 83 11 14 13 0,26 81
PFG_MOEA,618,2,182.07,852.88,0 27 12 0,
PFG_MOEA,618,3,182.07,852.88,0 57 95 41 73 15 98 85 88 63 74 78 64 30 71 35 40 16 18 19 17 31 20 0,
PFG_MOEA,618,4,182.07,852.88,0 4 80 53 66 94 49 51 79 32 3 36 54 70 72 67 86 82 23 84 39 56 68 37 33 22 21 91 1 0,86
PFG_MOEA,618,5,182.07,852.88,0 50 2 99 34 25 43 92 48 62 58 77 45 0,48 50
PFG_MOEA,618,6,182.07,852.88,0 24 5 29 90 65 6 87 52 60 61 93 0,5
PFG_MOEA,619,1,377.38,815.07,0 28 0,
PFG_MOEA,619,2,377.38,815.07,0 10 26 59 44 38 47 69 89 0,
PFG_MOEA,619,3,377.38,815.07,0 4 80 53 66 94 49 51 79 32 3 36 54 70 72 67 86 82 23 84 39 56 68 37 33 22 21 91 20 31 17 19 18 16 40 35 71 30 64 78 74 63 88 85 98 15 73 14 11 83 96 57 95 41 12 27 13 99 34 1 43 25 2 50 0,35 50
PFG_MOEA,619,4,377.38,815.07,0 92 48 62 58 77 0,
PFG_MOEA,619,5,377.38,815.07,0 45 24 0,45
PFG_MOEA,619,6,377.38,815.07,0 90 65 6 87 52 29 5 60 61 97 93 100 8 42 76 9 55 75 81 7 46 0,5 65 100
PFG_MOEA,620,1,141.39,1069.23,0 8 42 28 10 89 47 69 38 44 59 26 96 0,
PFG_MOEA,620,2,141.39,1069.23,0 13 12 41 11 14 98 85 15 73 95 57 0,57
PFG_MOEA,620,3,141.39,1069.23,0 4 80 53 100 81 7 46 27 83 88 63 74 78 64 30 71 35 40 16 20 0,100
PFG_MOEA,620,4,141.39,1069.23,0 31 17 18 19 91 33 37 68 56 39 72 70 54 36 3 58 77 50 0,
PFG_MOEA,620,5,141.39,1069.23,0 2 99 34 1 21 84 23 22 25 43 92 48 62 67 86 82 94 49 66 0,94
PFG_MOEA,620,6,141.39,1069.23,0 24 45 51 32 79 5 29 90 65 6 87 52 60 61 97 93 75 55 9 76 0,
PFG_MOEA,621,1,167.7,934.83,0 96 83 11 14 42 76 9 55 75 81 46 28 69 47 38 44 59 26 10 89 0,26 38 89
PFG_MOEA,621,2,167.7,934.83,0 13 27 12 41 95 57 73 15 98 85 88 63 74 78 64 30 71 35 40 16 18 19 31 20 0,
PFG_MOEA,621,3,167.7,934.83,0 17 91 33 37 68 56 39 84 23 0,
PFG_MOEA,621,4,167.7,934.83,0 4 80 53 66 94 49 51 79 32 3 36 54 70 72 67 86 82 22 21 1 34 48 62 58 77 0,86 94
PFG_MOEA,621,5,167.7,934.83,0 2 99 25 43 92 50 45 24 5 29 90 65 6 87 52 60 61 97 93 100 0,43 45
PFG_MOEA,621,6,167.7,934.83,0 8 7 0,
PFG_MOEA,622,1,173.13,915.94,0 8 28 10 89 47 69 38 44 59 26 96 83 11 98 14 73 41 12 13 95 57 0,38
PFG_MOEA,622,2,173.13,915.94,0 15 85 88 63 74 78 64 30 71 35 40 16 18 19 31 17 20 91 33 37 68 56 39 84 23 22 21 1 34 0,17 40 64 88
PFG_MOEA,622,3,173.13,915.94,0 4 80 53 51 79 0,
PFG_MOEA,622,4,173.13,915.94,0 66 49 32 94 82 86 67 72 70 54 36 3 58 77 48 62 92 43 0,
PFG_MOEA,622,5,173.13,915.94,0 25 99 2 0,
PFG_MOEA,622,6,173.13,915.94,0 50 45 24 5 29 90 65 6 87 52 60 61 97 93 100 75 55 9 76 42 81 7 46 27 0,5 50 81
PFG_MOEA,623,1,152.21,947.44,0 27 12 41 95 57 83 11 96 26 59 44 38 69 47 89 10 0,11
PFG_MOEA,623,2,152.21,947.44,0 28 13 73 14 98 15 85 88 63 74 78 64 30 71 35 40 16 18 19 31 17 20 91 0,17 35 64 88
PFG_MOEA,623,3,152.21,947.44,0 22 23 84 39 56 68 37 33 21 1 34 80 53 51 79 0,
PFG_MOEA,623,4,152.21,947.44,0 92 50 25 99 2 66 49 32 5 24 45 4 0,2 5
PFG_MOEA,623,5,152.21,947.44,0 46 81 75 55 9 76 42 7 8 100 93 97 61 60 52 87 6 65 90 29 94 0,
PFG_MOEA,623,6,152.21,947.44,0 77 58 3 36 54 70 72 67 86 82 62 48 43 0,
PFG_MOEA,624,1,138.05,1111.26,0 73 78 74 63 88 85 15 98 14 0,
PFG_MOEA,624,2,138.05,1111.26,0 20 91 19 17 31 35 71 30 64 40 16 18 68 56 39 84 23 22 0,17 35 64
PFG_MOEA,624,3,138.05,1111.26,0 50 92 37 33 21 1 34 99 2 25 66 49 32 79 51 53 80 0,
PFG_MOEA,624,4,138.05,1111.26,0 6 65 90 29 5 24 45 94 82 86 67 72 70 54 36 3 58 77 62 0,5
PFG_MOEA,624,5,138.05,1111.26,0 43 48 46 81 75 55 9 76 42 7 8 100 93 97 61 60 52 87 4 0,100
PFG_MOEA,624,6,138.05,1111.26,0 28 10 89 47 69 38 44 59 26 96 11 83 57 95 41 12 27 13 0,
PFG_MOEA,625,1,149.83,980.99,0 100 93 97 55 75 0,
PFG_MOEA,625,2,149.83,980.99,0 46 7 81 9 76 42 28 69 47 38 44 59 26 10 89 96 83 11 14 73 95 0,81
PFG_MOEA,625,3,149.83,980.99,0 13 27 12 41 30 64 78 74 63 88 85 98 15 57 0,
PFG_MOEA,625,4,149.83,980.99,0 8 22 23 84 39 56 68 37 33 91 19 18 16 40 71 35 31 17 20 0,40
PFG_MOEA,625,5,149.83,980.99,0 4 80 53 66 94 49 51 79 32 3 36 54 70 72 67 86 82 21 1 34 58 77 0,86
PFG_MOEA,625,6,149.83,980.99,0 2 99 25 43 92 62 48 50 45 24 5 29 61 60 52 87 6 65 90 0,5
PFG_MOEA,626,1,143.0,1006.23,0 13 27 12 41 11 83 96 59 44 38 47 69 89 10 26 98 14 73 95 57 0,13
PFG_MOEA,626,2,143.0,1006.23,0 8 15 85 88 63 74 78 64 30 71 35 40 0,64 88
PFG_MOEA,626,3,143.0,1006.23,0 20 17 31 16 18 19 91 33 37 68 56 39 84 23 22 21 1 34 0,
PFG_MOEA,626,4,143.0,1006.23,0 4 80 53 66 49 51 79 32 94 82 86 67 72 70 54 36 3 58 77 0,80 94
PFG_MOEA,626,5,143.0,1006.23,0 2 99 25 43 92 62 48 50 45 24 5 29 52 87 6 65 90 0,43 48 65
PFG_MOEA,626,6,143.0,1006.23,0 100 93 60 61 97 75 55 9 76 42 81 7 46 28 0,
PFG_MOEA,627,1,182.07,852.88,0 8 100 97 75 55 9 76 42 81 7 46 28 69 47 38 44 59 26 10 89 96 83 11 14 13 0,26 81
PFG_MOEA,627,2,182.07,852.88,0 27 12 0,
PFG_MOEA,627,3,182.07,852.88,0 57 95 41 73 15 98 85 88 63 74 78 64 30 71 35 40 16 18 19 17 31 20 0,
PFG_MOEA,627,4,182.07,852.88,0 4 80 53 66 94 49 51 79 32 3 36 54 70 72 67 86 82 23 84 39 56 68 37 33 22 21 91 1 0,86
PFG_MOEA,627,5,182.07,852.88,0 50 2 99 34 25 43 92 48 62 58 77 45 0,48 50
PFG_MOEA,627,6,182.07,852.88,0 24 5 29 90 65 6 87 52 60 61 93 0,5
PFG_MOEA,628,1,377.38,815.07,0 28 0,
PFG_MOEA,628,2,377.38,815.07,0 10 26 59 44 38 47 69 89 0,
PFG_MOEA,628,3,377.38,815.07,0 4 80 53 66 94 49 51 79 32 3 36 54 70 72 67 86 82 23 84 39 56 68 37 33 22 21 91 20 31 17 19 18 16 40 35 71 30 64 78 74 63 88 85 98 15 73 14 11 83 96 57 95 41 12 27 13 99 34 1 43 25 2 50 0,35 50
PFG_MOEA,628,4,377.38,815.07,0 92 48 62 58 77 0,
PFG_MOEA,628,5,377.38,815.07,0 45 24 0,45
PFG_MOEA,628,6,377.38,815.07,0 90 65 6 87 52 29 5 60 61 97 93 100 8 42 76 9 55 75 81 7 46 0,5 65 100
PFG_MOEA,629,1,141.39,1069.23,0 8 42 28 10 89 47 69 38 44 59 26 96 0,
PFG_MOEA,629,2,141.39,1069.23,0 13 12 41 11 14 98 85 15 73 95 57 0,57
PFG_MOEA,629,3,141.39,1069.23,0 4 80 53 100 81 7 46 27 83 88 63 74 78 64 30 71 35 40 16 20 0,100
PFG_MOEA,629,4,141.39,1069.23,0 31 17 18 19 91 33 37 68 56 39 72 70 54 36 3 58 77 50 0,
PFG_MOEA,629,5,141.39,1069.23,0 2 99 34 1 21 84 23 22 25 43 92 48 62 67 86 82 94 49 66 0,94
PFG_MOEA,629,6,141.39,1069.23,0 24 45 51 32 79 5 29 90 65 6 87 52 60 61 97 93 75 55 9 76 0,
PFG_MOEA,630,1,167.7,934.83,0 96 83 11 14 42 76 9 55 75 81 46 28 69 47 38 44 59 26 10 89 0,26 38 89
PFG_MOEA,630,2,167.7,934.83,0 13 27 12 41 95 57 73 15 98 85 88 63 74 78 64 30 71 35 40 16 18 19 31 20 0,
PFG_MOEA,630,3,167.7,934.83,0 17 91 33 37 68 56 39 84 23 0,
PFG_MOEA,630,4,167.7,934.83,0 4 80 53 66 94 49 51 79 32 3 36 54 70 72 67 86 82 22 21 1 34 48 62 58 77 0,86 94
PFG_MOEA,630,5,167.7,934.83,0 2 99 25 43 92 50 45 24 5 29 90 65 6 87 52 60 61 97 93 100 0,43 45
PFG_MOEA,630,6,167.7,934.83,0 8 7 0,
PFG_MOEA,631,1,173.13,915.94,0 8 28 10 89 47 69 38 44 59 26 96 83 11 98 14 73 41 12 13 95 57 0,38
PFG_MOEA,631,2,173.13,915.94,0 15 85 88 63 74 78 64 30 71 35 40 16 18 19 31 17 20 91 33 37 68 56 39 84 23 22 21 1 34 0,17 40 64 88
PFG_MOEA,631,3,173.13,915.94,0 4 80 53 51 79 0,
PFG_MOEA,631,4,173.13,915.94,0 66 49 32 94 82 86 67 72 70 54 36 3 58 77 48 62 92 43 0,
PFG_MOEA,631,5,173.13,915.94,0 25 99 2 0,
PFG_MOEA,631,6,173.13,915.94,0 50 45 24 5 29 90 65 6 87 52 60 61 97 93 100 75 55 9 76 42 81 7 46 27 0,5 50 81
PFG_MOEA,632,1,152.21,947.44,0 27 12 41 95 57 83 11 96 26 59 44 38 69 47 89 10 0,11
PFG_MOEA,632,2,152.21,947.44,0 28 13 73 14 98 15 85 88 63 74 78 64 30 71 35 40 16 18 19 31 17 20 91 0,17 35 64 88
PFG_MOEA,632,3,152.21,947.44,0 22 23 84 39 56 68 37 33 21 1 34 80 53 51 79 0,
PFG_MOEA,632,4,152.21,947.44,0 92 50 25 99 2 66 49 32 5 24 45 4 0,2 5
PFG_MOEA,632,5,152.21,947.44,0 46 81 75 55 9 76 42 7 8 100 93 97 61 60 52 87 6 65 90 29 94 0,
PFG_MOEA,632,6,152.21,947.44,0 77 58 3 36 54 70 72 67 86 82 62 48 43 0,
PFG_MOEA,633,1,138.05,1111.26,0 73 78 74 63 88 85 15 98 14 0,
PFG_MOEA,633,2,138.05,1111.26,0 20 91 19 17 31 35 71 30 64 40 16 18 68 56 39 84 23 22 0,17 35 64
PFG_MOEA,633,3,138.05,1111.26,0 50 92 37 33 21 1 34 99 2 25 66 49 32 79 51 53 80 0,
PFG_MOEA,633,4,138.05,1111.26,0 6 65 90 29 5 24 45 94 82 86 67 72 70 54 36 3 58 77 62 0,5
PFG_MOEA,633,5,138.05,1111.26,0 43 48 46 81 75 55 9 76 42 7 8 100 93 97 61 60 52 87 4 0,100
PFG_MOEA,633,6,138.05,1111.26,0 28 10 89 47 69 38 44 59 26 96 11 83 57 95 41 12 27 13 0,
PFG_MOEA,634,1,149.83,980.99,0 100 93 97 55 75 0,
PFG_MOEA,634,2,149.83,980.99,0 46 7 81 9 76 42 28 69 47 38 44 59 26 10 89 96 83 11 14 73 95 0,81
PFG_MOEA,634,3,149.83,980.99,0 13 27 12 41 30 64 78 74 63 88 85 98 15 57 0,
PFG_MOEA,634,4,149.83,980.99,0 8 22 23 84 39 56 68 37 33 91 19 18 16 40 71 35 31 17 20 0,40
PFG_MOEA,634,5,149.83,980.99,0 4 80 53 66 94 49 51 79 32 3 36 54 70 72 67 86 82 21 1 34 58 77 0,86
PFG_MOEA,634,6,149.83,980.99,0 2 99 25 43 92 62 48 50 45 24 5 29 61 60 52 87 6 65 90 0,5
PFG_MOEA,635,1,143.0,1006.23,0 13 27 12 41 11 83 96 59 44 38 47 69 89 10 26 98 14 73 95 57 0,13
PFG_MOEA,635,2,143.0,1006.23,0 8 15 85 88 63 74 78 64 30 71 35 40 0,64 88
PFG_MOEA,635,3,143.0,1006.23,0 20 17 31 16 18 19 91 33 37 68 56 39 84 23 22 21 1 34 0,
PFG_MOEA,635,4,143.0,1006.23,0 4 80 53 66 49 51 79 32 94 82 86 67 72 70 54 36 3 58 77 0,80 94
PFG_MOEA,635,5,143.0,1006.23,0 2 99 25 43 92 62 48 50 45 24 5 29 52 87 6 65 90 0,43 48 65
PFG_MOEA,635,6,143.0,1006.23,0 100 93 60 61 97 75 55 9 76 42 81 7 46 28 0,
PFG_MOEA,636,1,182.07,852.88,0 8 100 97 75 55 9 76 42 81 7 46 28 69 47 38 44 59 26 10 89 96 83 11 14 13 0,26 81
PFG_MOEA,636,2,182.07,852.88,0 27 12 0,
PFG_MOEA,636,3,182.07,852.88,0 57 95 41 73 15 98 85 88 63 74 78 64 30 71 35 40 16 18 19 17 31 20 0,
PFG_MOEA,636,4,182.07,852.88,0 4 80 53 66 94 49 51 79 32 3 36 54 70 72 67 86 82 23 84 39 56 68 37 33 22 21 91 1 0,86
PFG_MOEA,636,5,182.07,852.88,0 50 2 99 34 25 43 92 48 62 58 77 45 0,48 50
PFG_MOEA,636,6,182.07,852.88,0 24 5 29 90 65 6 87 52 60 61 93 0,5
PFG_MOEA,637,1,377.38,815.07,0 28 0,
PFG_MOEA,637,2,377.38,815.07,0 10 26 59 44 38 47 69 89 0,
PFG_MOEA,637,3,377.38,815.07,0 4 80 53 66 94 49 51 79 32 3 36 54 70 72 67 86 82 23 84 39 56 68 37 33 22 21 91 20 31 17 19 18 16 40 35 71 30 64 78 74 63 88 85 98 15 73 14 11 83 96 57 95 41 12 27 13 99 34 1 43 25 2 50 0,35 50
PFG_MOEA,637,4,377.38,815.07,0 92 48 62 58 77 0,
PFG_MOEA,637,5,377.38,815.07,0 45 24 0,45
PFG_MOEA,637,6,377.38,815.07,0 90 65 6 87 52 29 5 60 61 97 93 100 8 42 76 9 55 75 81 7 46 0,5 65 100
PFG_MOEA,638,1,141.39,1069.23,0 8 42 28 10 89 47 69 38 44 59 26 96 0,
PFG_MOEA,638,2,141.39,1069.23,0 13 12 41 11 14 98 85 15 73 95 57 0,57
PFG_MOEA,638,3,141.39,1069.23,0 4 80 53 100 81 7 46 27 83 88 63 74 78 64 30 71 35 40 16 20 0,100
PFG_MOEA,638,4,141.39,1069.23,0 31 17 18 19 91 33 37 68 56 39 72 70 54 36 3 58 77 50 0,
PFG_MOEA,638,5,141.39,1069.23,0 2 99 34 1 21 84 23 22 25 43 92 48 62 67 86 82 94 49 66 0,94
PFG_MOEA,638,6,141.39,1069.23,0 24 45 51 32 79 5 29 90 65 6 87 52 60 61 97 93 75 55 9 76 0,
PFG_MOEA,639,1,167.7,934.83,0 96 83 11 14 42 76 9 55 75 81 46 28 69 47 38 44 59 26 10 89 0,26 38 89
PFG_MOEA,639,2,167.7,934.83,0 13 27 12 41 95 57 73 15 98 85 88 63 74 78 64 30 71 35 40 16 18 19 31 20 0,
PFG_MOEA,639,3,167.7,934.83,0 17 91 33 37 68 56 39 84 23 0,
PFG_MOEA,639,4,167.7,934.83,0 4 80 53 66 94 49 51 79 32 3 36 54 70 72 67 86 82 22 21 1 34 48 62 58 77 0,86 94
PFG_MOEA,639,5,167.7,934.83,0 2 99 25 43 92 50 45 24 5 29 90 65 6 87 52 60 61 97 93 100 0,43 45
PFG_MOEA,639,6,167.7,934.83,0 8 7 0,
PFG_MOEA,640,1,173.13,915.94,0 8 28 10 89 47 69 38 44 59 26 96 83 11 98 14 73 41 12 13 95 57 0,38
PFG_MOEA,640,2,173.13,915.94,0 15 85 88 63 74 78 64 30 71 35 40 16 18 19 31 17 20 91 33 37 68 56 39 84 23 22 21 1 34 0,17 40 64 88
PFG_MOEA,640,3,173.13,915.94,0 4 80 53 51 79 0,
PFG_MOEA,640,4,173.13,915.94,0 66 49 32 94 82 86 67 72 70 54 36 3 58 77 48 62 92 43 0,
PFG_MOEA,640,5,173.13,915.94,0 25 99 2 0,
PFG_MOEA,640,6,173.13,915.94,0 50 45 24 5 29 90 65 6 87 52 60 61 97 93 100 75 55 9 76 42 81 7 46 27 0,5 50 81
PFG_MOEA,641,1,152.21,947.44,0 27 12 41 95 57 83 11 96 26 59 44 38 69 47 89 10 0,11
PFG_MOEA,641,2,152.21,947.44,0 28 13 73 14 98 15 85 88 63 74 78 64 30 71 35 40 16 18 19 31 17 20 91 0,17 35 64 88
PFG_MOEA,641,3,152.21,947.44,0 22 23 84 39 56 68 37 33 21 1 34 80 53 51 79 0,
PFG_MOEA,641,4,152.21,947.44,0 92 50 25 99 2 66 49 32 5 24 45 4 0,2 5
PFG_MOEA,641,5,152.21,947.44,0 46 81 75 55 9 76 42 7 8 100 93 97 61 60 52 87 6 65 90 29 94 0,
PFG_MOEA,641,6,152.21,947.44,0 77 58 3 36 54 70 72 67 86 82 62 48 43 0,
PFG_MOEA,642,1,138.05,1111.26,0 73 78 74 63 88 85 15 98 14 0,
PFG_MOEA,642,2,138.05,1111.26,0 20 91 19 17 31 35 71 30 64 40 16 18 68 56 39 84 23 22 0,17 35 64
PFG_MOEA,642,3,138.05,1111.26,0 50 92 37 33 21 1 34 99 2 25 66 49 32 79 51 53 80 0,
PFG_MOEA,642,4,138.05,1111.26,0 6 65 90 29 5 24 45 94 82 86 67 72 70 54 36 3 58 77 62 0,5
PFG_MOEA,642,5,138.05,1111.26,0 43 48 46 81 75 55 9 76 42 7 8 100 93 97 61 60 52 87 4 0,100
PFG_MOEA,642,6,138.05,1111.26,0 28 10 89 47 69 38 44 59 26 96 11 83 57 95 41 12 27 13 0,
PFG_MOEA,643,1,149.83,980.99,0 100 93 97 55 75 0,
PFG_MOEA,643,2,149.83,980.99,0 46 7 81 9 76 42 28 69 47 38 44 59 26 10 89 96 83 11 14 73 95 0,81
PFG_MOEA,643,3,149.83,980.99,0 13 27 12 41 30 64 78 74 63 88 85 98 15 57 0,
PFG_MOEA,643,4,149.83,980.99,0 8 22 23 84 39 56 68 37 33 91 19 18 16 40 71 35 31 17 20 0,40
PFG_MOEA,643,5,149.83,980.99,0 4 80 53 66 94 49 51 79 32 3 36 54 70 72 67 86 82 21 1 34 58 77 0,86
PFG_MOEA,643,6,149.83,980.99,0 2 99 25 43 92 62 48 50 45 24 5 29 61 60 52 87 6 65 90 0,5
PFG_MOEA,644,1,143.0,1006.23,0 13 27 12 41 11 83 96 59 44 38 47 69 89 10 26 98 14 73 95 57 0,13
PFG_MOEA,644,2,143.0,1006.23,0 8 15 85 88 63 74 78 64 30 71 35 40 0,64 88
PFG_MOEA,644,3,143.0,1006.23,0 20 17 31 16 18 19 91 33 37 68 56 39 84 23 22 21 1 34 0,
PFG_MOEA,644,4,143.0,1006.23,0 4 80 53 66 49 51 79 32 94 82 86 67 72 70 54 36 3 58 77 0,80 94
PFG_MOEA,644,5,143.0,1006.23,0 2 99 25 43 92 62 48 50 45 24 5 29 52 87 6 65 90 0,43 48 65
PFG_MOEA,644,6,143.0,1006.23,0 100 93 60 61 97 75 55 9 76 42 81 7 46 28 0,
PFG_MOEA,645,1,182.07,852.88,0 8 100 97 75 55 9 76 42 81 7 46 28 69 47 38 44 59 26 10 89 96 83 11 14 13 0,26 81
PFG_MOEA,645,2,182.07,852.88,0 27 12 0,
PFG_MOEA,645,3,182.07,852.88,0 57 95 41 73 15 98 85 88 63 74 78 64 30 71 35 40 16 18 19 17 31 20 0,
PFG_MOEA,645,4,182.07,852.88,0 4 80 53 66 94 49 51 79 32 3 36 54 70 72 67 86 82 23 84 39 56 68 37 33 22 21 91 1 0,86
PFG_MOEA,645,5,182.07,852.88,0 50 2 99 34 25 43 92 48 62 58 77 45 0,48 50
PFG_MOEA,645,6,182.07,852.88,0 24 5 29 90 65 6 87 52 60 61 93 0,5
PFG_MOEA,646,1,377.38,815.07,0 28 0,
PFG_MOEA,646,2,377.38,815.07,0 10 26 59 44 38 47 69 89 0,
PFG_MOEA,646,3,377.38,815.07,0 4 80 53 66 94 49 51 79 32 3 36 54 70 72 67 86 82 23 84 39 56 68 37 33 22 21 91 20 31 17 19 18 16 40 35 71 30 64 78 74 63 88 85 98 15 73 14 11 83 96 57 95 41 12 27 13 99 34 1 43 25 2 50 0,35 50
PFG_MOEA,646,4,377.38,815.07,0 92 48 62 58 77 0,
PFG_MOEA,646,5,377.38,815.07,0 45 24 0,45
PFG_MOEA,646,6,377.38,815.07,0 90 65 6 87 52 29 5 60 61 97 93 100 8 42 76 9 55 75 81 7 46 0,5 65 100
PFG_MOEA,647,1,141.39,1069.23,0 8 42 28 10 89 47 69 38 44 59 26 96 0,
PFG_MOEA,647,2,141.39,1069.23,0 13 12 41 11 14 98 85 15 73 95 57 0,57
PFG_MOEA,647,3,141.39,1069.23,0 4 80 53 100 81 7 46 27 83 88 63 74 78 64 30 71 35 40 16 20 0,100
PFG_MOEA,647,4,141.39,1069.23,0 31 17 18 19 91 33 37 68 56 39 72 70 54 36 3 58 77 50 0,
PFG_MOEA,647,5,141.39,1069.23,0 2 99 34 1 21 84 23 22 25 43 92 48 62 67 86 82 94 49 66 0,94
PFG_MOEA,647,6,141.39,1069.23,0 24 45 51 32 79 5 29 90 65 6 87 52 60 61 97 93 75 55 9 76 0,
PFG_MOEA,648,1,167.7,934.83,0 96 83 11 14 42 76 9 55 75 81 46 28 69 47 38 44 59 26 10 89 0,26 38 89
PFG_MOEA,648,2,167.7,934.83,0 13 27 12 41 95 57 73 15 98 85 88 63 74 78 64 30 71 35 40 16 18 19 31 20 0,
PFG_MOEA,648,3,167.7,934.83,0 17 91 33 37 68 56 39 84 23 0,
PFG_MOEA,648,4,167.7,934.83,0 4 80 53 66 94 49 51 79 32 3 36 54 70 72 67 86 82 22 21 1 34 48 62 58 77 0,86 94
PFG_MOEA,648,5,167.7,934.83,0 2 99 25 43 92 50 45 24 5 29 90 65 6 87 52 60 61 97 93 100 0,43 45
PFG_MOEA,648,6,167.7,934.83,0 8 7 0,
PFG_MOEA,649,1,173.13,915.94,0 8 28 10 89 47 69 38 44 59 26 96 83 11 98 14 73 41 12 13 95 57 0,38
PFG_MOEA,649,2,173.13,915.94,0 15 85 88 63 74 78 64 30 71 35 40 16 18 19 31 17 20 91 33 37 68 56 39 84 23 22 21 1 34 0,17 40 64 88
PFG_MOEA,649,3,173.13,915.94,0 4 80 53 51 79 0,
PFG_MOEA,649,4,173.13,915.94,0 66 49 32 94 82 86 67 72 70 54 36 3 58 77 48 62 92 43 0,
PFG_MOEA,649,5,173.13,915.94,0 25 99 2 0,
PFG_MOEA,649,6,173.13,915.94,0 50 45 24 5 29 90 65 6 87 52 60 61 97 93 100 75 55 9 76 42 81 7 46 27 0,5 50 81
PFG_MOEA,650,1,152.21,947.44,0 27 12 41 95 57 83 11 96 26 59 44 38 69 47 89 10 0,11
PFG_MOEA,650,2,152.21,947.44,0 28 13 73 14 98 15 85 88 63 74 78 64 30 71 35 40 16 18 19 31 17 20 91 0,17 35 64 88
PFG_MOEA,650,3,152.21,947.44,0 22 23 84 39 56 68 37 33 21 1 34 80 53 51 79 0,
PFG_MOEA,650,4,152.21,947.44,0 92 50 25 99 2 66 49 32 5 24 45 4 0,2 5
PFG_MOEA,650,5,152.21,947.44,0 46 81 75 55 9 76 42 7 8 100 93 97 61 60 52 87 6 65 90 29 94 0,
PFG_MOEA,650,6,152.21,947.44,0 77 58 3 36 54 70 72 67 86 82 62 48 43 0,
PFG_MOEA,651,1,138.05,1111.26,0 73 78 74 63 88 85 15 98 14 0,
PFG_MOEA,651,2,138.05,1111.26,0 20 91 19 17 31 35 71 30 64 40 16 18 68 56 39 84 23 22 0,17 35 64
PFG_MOEA,651,3,138.05,1111.26,0 50 92 37 33 21 1 34 99 2 25 66 49 32 79 51 53 80 0,
PFG_MOEA,651,4,138.05,1111.26,0 6 65 90 29 5 24 45 94 82 86 67 72 70 54 36 3 58 77 62 0,5
PFG_MOEA,651,5,138.05,1111.26,0 43 48 46 81 75 55 9 76 42 7 8 100 93 97 61 60 52 87 4 0,100
PFG_MOEA,651,6,138.05,1111.26,0 28 10 89 47 69 38 44 59 26 96 11 83 57 95 41 12 27 13 0,
PFG_MOEA,652,1,149.83,980.99,0 100 93 97 55 75 0,
PFG_MOEA,652,2,149.83,980.99,0 46 7 81 9 76 42 28 69 47 38 44 59 26 10 89 96 83 11 14 73 95 0,81
PFG_MOEA,652,3,149.83,980.99,0 13 27 12 41 30 64 78 74 63 88 85 98 15 57 0,
PFG_MOEA,652,4,149.83,980.99,0 8 22 23 84 39 56 68 37 33 91 19 18 16 40 71 35 31 17 20 0,40
PFG_MOEA,652,5,149.83,980.99,0 4 80 53 66 94 49 51 79 32 3 36 54 70 72 67 86 82 21 1 34 58 77 0,86
PFG_MOEA,652,6,149.83,980.99,0 2 99 25 43 92 62 48 50 45 24 5 29 61 60 52 87 6 65 90 0,5
PFG_MOEA,653,1,143.0,1006.23,0 13 27 12 41 11 83 96 59 44 38 47 69 89 10 26 98 14 73 95 57 0,13
PFG_MOEA,653,2,143.0,1006.23,0 8 15 85 88 63 74 78 64 30 71 35 40 0,64 88
PFG_MOEA,653,3,143.0,1006.23,0 20 17 31 16 18 19 91 33 37 68 56 39 84 23 22 21 1 34 0,
PFG_MOEA,653,4,143.0,1006.23,0 4 80 53 66 49 51 79 32 94 82 86 67 72 70 54 36 3 58 77 0,80 94
PFG_MOEA,653,5,143.0,1006.23,0 2 99 25 43 92 62 48 50 45 24 5 29 52 87 6 65 90 0,43 48 65
PFG_MOEA,653,6,143.0,1006.23,0 100 93 60 61 97 75 55 9 76 42 81 7 46 28 0,
PFG_MOEA,654,1,182.07,852.88,0 8 100 97 75 55 9 76 42 81 7 46 28 69 47 38 44 59 26 10 89 96 83 11 14 13 0,26 81
PFG_MOEA,654,2,182.07,852.88,0 27 12 0,
PFG_MOEA,654,3,182.07,852.88,0 57 95 41 73 15 98 85 88 63 74 78 64 30 71 35 40 16 18 19 17 31 20 0,
PFG_MOEA,654,4,182.07,852.88,0 4 80 53 66 94 49 51 79 32 3 36 54 70 72 67 86 82 23 84 39 56 68 37 33 22 21 91 1 0,86
PFG_MOEA,654,5,182.07,852.88,0 50 2 99 34 25 43 92 48 62 58 77 45 0,48 50
PFG_MOEA,654,6,182.07,852.88,0 24 5 29 90 65 6 87 52 60 61 93 0,5
PFG_MOEA,655,1,377.38,815.07,0 28 0,
PFG_MOEA,655,2,377.38,815.07,0 10 26 59 44 38 47 69 89 0,
PFG_MOEA,655,3,377.38,815.07,0 4 80 53 66 94 49 51 79 32 3 36 54 70 72 67 86 82 23 84 39 56 68 37 33 22 21 91 20 31 17 19 18 16 40 35 71 30 64 78 74 63 88 85 98 15 73 14 11 83 96 57 95 41 12 27 13 99 34 1 43 25 2 50 0,35 50
PFG_MOEA,655,4,377.38,815.07,0 92 48 62 58 77 0,
PFG_MOEA,655,5,377.38,815.07,0 45 24 0,45
PFG_MOEA,655,6,377.38,815.07,0 90 65 6 87 52 29 5 60 61 97 93 100 8 42 76 9 55 75 81 7 46 0,5 65 100
PFG_MOEA,656,1,141.39,1069.23,0 8 42 28 10 89 47 69 38 44 59 26 96 0,
PFG_MOEA,656,2,141.39,1069.23,0 13 12 41 11 14 98 85 15 73 95 57 0,57
PFG_MOEA,656,3,141.39,1069.23,0 4 80 53 100 81 7 46 27 83 88 63 74 78 64 30 71 35 40 16 20 0,100
PFG_MOEA,656,4,141.39,1069.23,0 31 17 18 19 91 33 37 68 56 39 72 70 54 36 3 58 77 50 0,
PFG_MOEA,656,5,141.39,1069.23,0 2 99 34 1 21 84 23 22 25 43 92 48 62 67 86 82 94 49 66 0,94
PFG_MOEA,656,6,141.39,1069.23,0 24 45 51 32 79 5 29 90 65 6 87 52 60 61 97 93 75 55 9 76 0,
PFG_MOEA,657,1,167.7,934.83,0 96 83 11 14 42 76 9 55 75 81 46 28 69 47 38 44 59 26 10 89 0,26 38 89
PFG_MOEA,657,2,167.7,934.83,0 13 27 12 41 95 57 73 15 98 85 88 63 74 78 64 30 71 35 40 16 18 19 31 20 0,
PFG_MOEA,657,3,167.7,934.83,0 17 91 33 37 68 56 39 84 23 0,
PFG_MOEA,657,4,167.7,934.83,0 4 80 53 66 94 49 51 79 32 3 36 54 70 72 67 86 82 22 21 1 34 48 62 58 77 0,86 94
PFG_MOEA,657,5,167.7,934.83,0 2 99 25 43 92 50 45 24 5 29 90 65 6 87 52 60 61 97 93 100 0,43 45
PFG_MOEA,657,6,167.7,934.83,0 8 7 0,
PFG_MOEA,658,1,173.13,915.94,0 8 28 10 89 47 69 38 44 59 26 96 83 11 98 14 73 41 12 13 95 57 0,38
PFG_MOEA,658,2,173.13,915.94,0 15 85 88 63 74 78 64 30 71 35 40 16 18 19 31 17 20 91 33 37 68 56 39 84 23 22 21 1 34 0,17 40 64 88
PFG_MOEA,658,3,173.13,915.94,0 4 80 53 51 79 0,
PFG_MOEA,658,4,173.13,915.94,0 66 49 32 94 82 86 67 72 70 54 36 3 58 77 48 62 92 43 0,
PFG_MOEA,658,5,173.13,915.94,0 25 99 2 0,
PFG_MOEA,658,6,173.13,915.94,0 50 45 24 5 29 90 65 6 87 52 60 61 97 93 100 75 55 9 76 42 81 7 46 27 0,5 50 81
PFG_MOEA,659,1,152.21,947.44,0 27 12 41 95 57 83 11 96 26 59 44 38 69 47 89 10 0,11
PFG_MOEA,659,2,152.21,947.44,0 28 13 73 14 98 15 85 88 63 74 78 64 30 71 35 40 16 18 19 31 17 20 91 0,17 35 64 88
PFG_MOEA,659,3,152.21,947.44,0 22 23 84 39 56 68 37 33 21 1 34 80 53 51 79 0,
PFG_MOEA,659,4,152.21,947.44,0 92 50 25 99 2 66 49 32 5 24 45 4 0,2 5
PFG_MOEA,659,5,152.21,947.44,0 46 81 75 55 9 76 42 7 8 100 93 97 61 60 52 87 6 65 90 29 94 0,
PFG_MOEA,659,6,152.21,947.44,0 77 58 3 36 54 70 72 67 86 82 62 48 43 0,
PFG_MOEA,660,1,138.05,1111.26,0 73 78 74 63 88 85 15 98 14 0,
PFG_MOEA,660,2,138.05,1111.26,0 20 91 19 17 31 35 71 30 64 40 16 18 68 56 39 84 23 22 0,17 35 64
PFG_MOEA,660,3,138.05,1111.26,0 50 92 37 33 21 1 34 99 2 25 66 49 32 79 51 53 80 0,
PFG_MOEA,660,4,138.05,1111.26,0 6 65 90 29 5 24 45 94 82 86 67 72 70 54 36 3 58 77 62 0,5
PFG_MOEA,660,5,138.05,1111.26,0 43 48 46 81 75 55 9 76 42 7 8 100 93 97 61 60 52 87 4 0,100
PFG_MOEA,660,6,138.05,1111.26,0 28 10 89 47 69 38 44 59 26 96 11 83 57 95 41 12 27 13 0,
PFG_MOEA,661,1,149.83,980.99,0 100 93 97 55 75 0,
PFG_MOEA,661,2,149.83,980.99,0 46 7 81 9 76 42 28 69 47 38 44 59 26 10 89 96 83 11 14 73 95 0,81
PFG_MOEA,661,3,149.83,980.99,0 13 27 12 41 30 64 78 74 63 88 85 98 15 57 0,
PFG_MOEA,661,4,149.83,980.99,0 8 22 23 84 39 56 68 37 33 91 19 18 16 40 71 35 31 17 20 0,40
PFG_MOEA,661,5,149.83,980.99,0 4 80 53 66 94 49 51 79 32 3 36 54 70 72 67 86 82 21 1 34 58 77 0,86
PFG_MOEA,661,6,149.83,980.99,0 2 99 25 43 92 62 48 50 45 24 5 29 61 60 52 87 6 65 90 0,5
PFG_MOEA,662,1,143.0,1006.23,0 13 27 12 41 11 83 96 59 44 38 47 69 89 10 26 98 14 73 95 57 0,13
PFG_MOEA,662,2,143.0,1006.23,0 8 15 85 88 63 74 78 64 30 71 35 40 0,64 88
PFG_MOEA,662,3,143.0,1006.23,0 20 17 31 16 18 19 91 33 37 68 56 39 84 23 22 21 1 34 0,
PFG_MOEA,662,4,143.0,1006.23,0 4 80 53 66 49 51 79 32 94 82 86 67 72 70 54 36 3 58 77 0,80 94
PFG_MOEA,662,5,143.0,1006.23,0 2 99 25 43 92 62 48 50 45 24 5 29 52 87 6 65 90 0,43 48 65
PFG_MOEA,662,6,143.0,1006.23,0 100 93 60 61 97 75 55 9 76 42 81 7 46 28 0,
PFG_MOEA,663,1,182.07,852.88,0 8 100 97 75 55 9 76 42 81 7 46 28 69 47 38 44 59 26 10 89 96 83 11 14 13 0,26 81
PFG_MOEA,663,2,182.07,852.88,0 27 12 0,
PFG_MOEA,663,3,182.07,852.88,0 57 95 41 73 15 98 85 88 63 74 78 64 30 71 35 40 16 18 19 17 31 20 0,
PFG_MOEA,663,4,182.07,852.88,0 4 80 53 66 94 49 51 79 32 3 36 54 70 72 67 86 82 23 84 39 56 68 37 33 22 21 91 1 0,86
PFG_MOEA,663,5,182.07,852.88,0 50 2 99 34 25 43 92 48 62 58 77 45 0,48 50
PFG_MOEA,663,6,182.07,852.88,0 24 5 29 90 65 6 87 52 60 61 93 0,5
PFG_MOEA,664,1,377.38,815.07,0 28 0,
PFG_MOEA,664,2,377.38,815.07,0 10 26 59 44 38 47 69 89 0,
PFG_MOEA,664,3,377.38,815.07,0 4 80 53 66 94 49 51 79 32 3 36 54 70 72 67 86 82 23 84 39 56 68 37 33 22 21 91 20 31 17 19 18 16 40 35 71 30 64 78 74 63 88 85 98 15 73 14 11 83 96 57 95 41 12 27 13 99 34 1 43 25 2 50 0,35 50
PFG_MOEA,664,4,377.38,815.07,0 92 48 62 58 77 0,
PFG_MOEA,664,5,377.38,815.07,0 45 24 0,45
PFG_MOEA,664,6,377.38,815.07,0 90 65 6 87 52 29 5 60 61 97 93 100 8 42 76 9 55 75 81 7 46 0,5 65 100
PFG_MOEA,665,1,141.39,1069.23,0 8 42 28 10 89 47 69 38 44 59 26 96 0,
PFG_MOEA,665,2,141.39,1069.23,0 13 12 41 11 14 98 85 15 73 95 57 0,57
PFG_MOEA,665,3,141.39,1069.23,0 4 80 53 100 81 7 46 27 83 88 63 74 78 64 30 71 35 40 16 20 0,100
PFG_MOEA,665,4,141.39,1069.23,0 31 17 18 19 91 33 37 68 56 39 72 70 54 36 3 58 77 50 0,
PFG_MOEA,665,5,141.39,1069.23,0 2 99 34 1 21 84 23 22 25 43 92 48 62 67 86 82 94 49 66 0,94
PFG_MOEA,665,6,141.39,1069.23,0 24 45 51 32 79 5 29 90 65 6 87 52 60 61 97 93 75 55 9 76 0,
PFG_MOEA,666,1,167.7,934.83,0 96 83 11 14 42 76 9 55 75 81 46 28 69 47 38 44 59 26 10 89 0,26 38 89
PFG_MOEA,666,2,167.7,934.83,0 13 27 12 41 95 57 73 15 98 85 88 63 74 78 64 30 71 35 40 16 18 19 31 20 0,
PFG_MOEA,666,3,167.7,934.83,0 17 91 33 37 68 56 39 84 23 0,
PFG_MOEA,666,4,167.7,934.83,0 4 80 53 66 94 49 51 79 32 3 36 54 70 72 67 86 82 22 21 1 34 48 62 58 77 0,86 94
PFG_MOEA,666,5,167.7,934.83,0 2 99 25 43 92 50 45 24 5 29 90 65 6 87 52 60 61 97 93 100 0,43 45
PFG_MOEA,666,6,167.7,934.83,0 8 7 0,
PFG_MOEA,667,1,173.13,915.94,0 8 28 10 89 47 69 38 44 59 26 96 83 11 98 14 73 41 12 13 95 57 0,38
PFG_MOEA,667,2,173.13,915.94,0 15 85 88 63 74 78 64 30 71 35 40 16 18 19 31 17 20 91 33 37 68 56 39 84 23 22 21 1 34 0,17 40 64 88
PFG_MOEA,667,3,173.13,915.94,0 4 80 53 51 79 0,
PFG_MOEA,667,4,173.13,915.94,0 66 49 32 94 82 86 67 72 70 54 36 3 58 77 48 62 92 43 0,
PFG_MOEA,667,5,173.13,915.94,0 25 99 2 0,
PFG_MOEA,667,6,173.13,915.94,0 50 45 24 5 29 90 65 6 87 52 60 61 97 93 100 75 55 9 76 42 81 7 46 27 0,5 50 81
PFG_MOEA,668,1,152.21,947.44,0 27 12 41 95 57 83 11 96 26 59 44 38 69 47 89 10 0,11
PFG_MOEA,668,2,152.21,947.44,0 28 13 73 14 98 15 85 88 63 74 78 64 30 71 35 40 16 18 19 31 17 20 91 0,17 35 64 88
PFG_MOEA,668,3,152.21,947.44,0 22 23 84 39 56 68 37 33 21 1 34 80 53 51 79 0,
PFG_MOEA,668,4,152.21,947.44,0 92 50 25 99 2 66 49 32 5 24 45 4 0,2 5
PFG_MOEA,668,5,152.21,947.44,0 46 81 75 55 9 76 42 7 8 100 93 97 61 60 52 87 6 65 90 29 94 0,
PFG_MOEA,668,6,152.21,947.44,0 77 58 3 36 54 70 72 67 86 82 62 48 43 0,
PFG_MOEA,669,1,138.05,1111.26,0 73 78 74 63 88 85 15 98 14 0,
PFG_MOEA,669,2,138.05,1111.26,0 20 91 19 17 31 35 71 30 64 40 16 18 68 56 39 84 23 22 0,17 35 64
PFG_MOEA,669,3,138.05,1111.26,0 50 92 37 33 21 1 34 99 2 25 66 49 32 79 51 53 80 0,
PFG_MOEA,669,4,138.05,1111.26,0 6 65 90 29 5 24 45 94 82 86 67 72 70 54 36 3 58 77 62 0,5
PFG_MOEA,669,5,138.05,1111.26,0 43 48 46 81 75 55 9 76 42 7 8 100 93 97 61 60 52 87 4 0,100
PFG_MOEA,669,6,138.05,1111.26,0 28 10 89 47 69 38 44 59 26 96 11 83 57 95 41 12 27 13 0,
PFG_MOEA,670,1,149.83,980.99,0 100 93 97 55 75 0,
PFG_MOEA,670,2,149.83,980.99,0 46 7 81 9 76 42 28 69 47 38 44 59 26 10 89 96 83 11 14 73 95 0,81
PFG_MOEA,670,3,149.83,980.99,0 13 27 12 41 30 64 78 74 63 88 85 98 15 57 0,
PFG_MOEA,670,4,149.83,980.99,0 8 22 23 84 39 56 68 37 33 91 19 18 16 40 71 35 31 17 20 0,40
PFG_MOEA,670,5,149.83,980.99,0 4 80 53 66 94 49 51 79 32 3 36 54 70 72 67 86 82 21 1 34 58 77 0,86
PFG_MOEA,670,6,149.83,980.99,0 2 99 25 43 92 62 48 50 45 24 5 29 61 60 52 87 6 65 90 0,5
PFG_MOEA,671,1,143.0,1006.23,0 13 27 12 41 11 83 96 59 44 38 47 69 89 10 26 98 14 73 95 57 0,13
PFG_MOEA,671,2,143.0,1006.23,0 8 15 85 88 63 74 78 64 30 71 35 40 0,64 88
PFG_MOEA,671,3,143.0,1006.23,0 20 17 31 16 18 19 91 33 37 68 56 39 84 23 22 21 1 34 0,
PFG_MOEA,671,4,143.0,1006.23,0 4 80 53 66 49 51 79 32 94 82 86 67 72 70 54 36 3 58 77 0,80 94
PFG_MOEA,671,5,143.0,1006.23,0 2 99 25 43 92 62 48 50 45 24 5 29 52 87 6 65 90 0,43 48 65
PFG_MOEA,671,6,143.0,1006.23,0 100 93 60 61 97 75 55 9 76 42 81 7 46 28 0,
PFG_MOEA,672,1,182.07,852.88,0 8 100 97 75 55 9 76 42 81 7 46 28 69 47 38 44 59 26 10 89 96 83 11 14 13 0,26 81
PFG_MOEA,672,2,182.07,852.88,0 27 12 0,
PFG_MOEA,672,3,182.07,852.88,0 57 95 41 73 15 98 85 88 63 74 78 64 30 71 35 40 16 18 19 17 31 20 0,
PFG_MOEA,672,4,182.07,852.88,0 4 80 53 66 94 49 51 79 32 3 36 54 70 72 67 86 82 23 84 39 56 68 37 33 22 21 91 1 0,86
PFG_MOEA,672,5,182.07,852.88,0 50 2 99 34 25 43 92 48 62 58 77 45 0,48 50
PFG_MOEA,672,6,182.07,852.88,0 24 5 29 90 65 6 87 52 60 61 93 0,5
PFG_MOEA,673,1,377.38,815.07,0 28 0,
PFG_MOEA,673,2,377.38,815.07,0 10 26 59 44 38 47 69 89 0,
PFG_MOEA,673,3,377.38,815.07,0 4 80 53 66 94 49 51 79 32 3 36 54 70 72 67 86 82 23 84 39 56 68 37 33 22 21 91 20 31 17 19 18 16 40 35 71 30 64 78 74 63 88 85 98 15 73 14 11 83 96 57 95 41 12 27 13 99 34 1 43 25 2 50 0,35 50
PFG_MOEA,673,4,377.38,815.07,0 92 48 62 58 77 0,
PFG_MOEA,673,5,377.38,815.07,0 45 24 0,45
PFG_MOEA,673,6,377.38,815.07,0 90 65 6 87 52 29 5 60 61 97 93 100 8 42 76 9 55 75 81 7 46 0,5 65 100
PFG_MOEA,674,1,141.39,1069.23,0 8 42 28 10 89 47 69 38 44 59 26 96 0,
PFG_MOEA,674,2,141.39,1069.23,0 13 12 41 11 14 98 85 15 73 95 57 0,57
PFG_MOEA,674,3,141.39,1069.23,0 4 80 53 100 81 7 46 27 83 88 63 74 78 64 30 71 35 40 16 20 0,100
PFG_MOEA,674,4,141.39,1069.23,0 31 17 18 19 91 33 37 68 56 39 72 70 54 36 3 58 77 50 0,
PFG_MOEA,674,5,141.39,1069.23,0 2 99 34 1 21 84 23 22 25 43 92 48 62 67 86 82 94 49 66 0,94
PFG_MOEA,674,6,141.39,1069.23,0 24 45 51 32 79 5 29 90 65 6 87 52 60 61 97 93 75 55 9 76 0,
PFG_MOEA,675,1,167.7,934.83,0 96 83 11 14 42 76 9 55 75 81 46 28 69 47 38 44 59 26 10 89 0,26 38 89
PFG_MOEA,675,2,167.7,934.83,0 13 27 12 41 95 57 73 15 98 85 88 63 74 78 64 30 71 35 40 16 18 19 31 20 0,
PFG_MOEA,675,3,167.7,934.83,0 17 91 33 37 68 56 39 84 23 0,
PFG_MOEA,675,4,167.7,934.83,0 4 80 53 66 94 49 51 79 32 3 36 54 70 72 67 86 82 22 21 1 34 48 62 58 77 0,86 94
PFG_MOEA,675,5,167.7,934.83,0 2 99 25 43 92 50 45 24 5 29 90 65 6 87 52 60 61 97 93 100 0,43 45
PFG_MOEA,675,6,167.7,934.83,0 8 7 0,
PFG_MOEA,676,1,173.13,915.94,0 8 28 10 89 47 69 38 44 59 26 96 83 11 98 14 73 41 12 13 95 57 0,38
PFG_MOEA,676,2,173.13,915.94,0 15 85 88 63 74 78 64 30 71 35 40 16 18 19 31 17 20 91 33 37 68 56 39 84 23 22 21 1 34 0,17 40 64 88
PFG_MOEA,676,3,173.13,915.94,0 4 80 53 51 79 0,
PFG_MOEA,676,4,173.13,915.94,0 66 49 32 94 82 86 67 72 70 54 36 3 58 77 48 62 92 43 0,
PFG_MOEA,676,5,173.13,915.94,0 25 99 2 0,
PFG_MOEA,676,6,173.13,915.94,0 50 45 24 5 29 90 65 6 87 52 60 61 97 93 100 75 55 9 76 42 81 7 46 27 0,5 50 81
PFG_MOEA,677,1,152.21,947.44,0 27 12 41 95 57 83 11 96 26 59 44 38 69 47 89 10 0,11
PFG_MOEA,677,2,152.21,947.44,0 28 13 73 14 98 15 85 88 63 74 78 64 30 71 35 40 16 18 19 31 17 20 91 0,17 35 64 88
PFG_MOEA,677,3,152.21,947.44,0 22 23 84 39 56 68 37 33 21 1 34 80 53 51 79 0,
PFG_MOEA,677,4,152.21,947.44,0 92 50 25 99 2 66 49 32 5 24 45 4 0,2 5
PFG_MOEA,677,5,152.21,947.44,0 46 81 75 55 9 76 42 7 8 100 93 97 61 60 52 87 6 65 90 29 94 0,
PFG_MOEA,677,6,152.21,947.44,0 77 58 3 36 54 70 72 67 86 82 62 48 43 0,
PFG_MOEA,678,1,138.05,1111.26,0 73 78 74 63 88 85 15 98 14 0,
PFG_MOEA,678,2,138.05,1111.26,0 20 91 19 17 31 35 71 30 64 40 16 18 68 56 39 84 23 22 0,17 35 64
PFG_MOEA,678,3,138.05,1111.26,0 50 92 37 33 21 1 34 99 2 25 66 49 32 79 51 53 80 0,
PFG_MOEA,678,4,138.05,1111.26,0 6 65 90 29 5 24 45 94 82 86 67 72 70 54 36 3 58 77 62 0,5
PFG_MOEA,678,5,138.05,1111.26,0 43 48 46 81 75 55 9 76 42 7 8 100 93 97 61 60 52 87 4 0,100
PFG_MOEA,678,6,138.05,1111.26,0 28 10 89 47 69 38 44 59 26 96 11 83 57 95 41 12 27 13 0,
PFG_MOEA,679,1,149.83,980.99,0 100 93 97 55 75 0,
PFG_MOEA,679,2,149.83,980.99,0 46 7 81 9 76 42 28 69 47 38 44 59 26 10 89 96 83 11 14 73 95 0,81
PFG_MOEA,679,3,149.83,980.99,0 13 27 12 41 30 64 78 74 63 88 85 98 15 57 0,
PFG_MOEA,679,4,149.83,980.99,0 8 22 23 84 39 56 68 37 33 91 19 18 16 40 71 35 31 17 20 0,40
PFG_MOEA,679,5,149.83,980.99,0 4 80 53 66 94 49 51 79 32 3 36 54 70 72 67 86 82 21 1 34 58 77 0,86
PFG_MOEA,679,6,149.83,980.99,0 2 99 25 43 92 62 48 50 45 24 5 29 61 60 52 87 6 65 90 0,5
PFG_MOEA,680,1,143.0,1006.23,0 13 27 12 41 11 83 96 59 44 38 47 69 89 10 26 98 14 73 95 57 0,13
PFG_MOEA,680,2,143.0,1006.23,0 8 15 85 88 63 74 78 64 30 71 35 40 0,64 88
PFG_MOEA,680,3,143.0,1006.23,0 20 17 31 16 18 19 91 33 37 68 56 39 84 23 22 21 1 34 0,
PFG_MOEA,680,4,143.0,1006.23,0 4 80 53 66 49 51 79 32 94 82 86 67 72 70 54 36 3 58 77 0,80 94
PFG_MOEA,680,5,143.0,1006.23,0 2 99 25 43 92 62 48 50 45 24 5 29 52 87 6 65 90 0,43 48 65
PFG_MOEA,680,6,143.0,1006.23,0 100 93 60 61 97 75 55 9 76 42 81 7 46 28 0,
PFG_MOEA,681,1,182.07,852.88,0 8 100 97 75 55 9 76 42 81 7 46 28 69 47 38 44 59 26 10 89 96 83 11 14 13 0,26 81
PFG_MOEA,681,2,182.07,852.88,0 27 12 0,
PFG_MOEA,681,3,182.07,852.88,0 57 95 41 73 15 98 85 88 63 74 78 64 30 71 35 40 16 18 19 17 31 20 0,
PFG_MOEA,681,4,182.07,852.88,0 4 80 53 66 94 49 51 79 32 3 36 54 70 72 67 86 82 23 84 39 56 68 37 33 22 21 91 1 0,86
PFG_MOEA,681,5,182.07,852.88,0 50 2 99 34 25 43 92 48 62 58 77 45 0,48 50
PFG_MOEA,681,6,182.07,852.88,0 24 5 29 90 65 6 87 52 60 61 93 0,5
PFG_MOEA,682,1,377.38,815.07,0 28 0,
PFG_MOEA,682,2,377.38,815.07,0 10 26 59 44 38 47 69 89 0,
PFG_MOEA,682,3,377.38,815.07,0 4 80 53 66 94 49 51 79 32 3 36 54 70 72 67 86 82 23 84 39 56 68 37 33 22 21 91 20 31 17 19 18 16 40 35 71 30 64 78 74 63 88 85 98 15 73 14 11 83 96 57 95 41 12 27 13 99 34 1 43 25 2 50 0,35 50
PFG_MOEA,682,4,377.38,815.07,0 92 48 62 58 77 0,
PFG_MOEA,682,5,377.38,815.07,0 45 24 0,45
PFG_MOEA,682,6,377.38,815.07,0 90 65 6 87 52 29 5 60 61 97 93 100 8 42 76 9 55 75 81 7 46 0,5 65 100
PFG_MOEA,683,1,141.39,1069.23,0 8 42 28 10 89 47 69 38 44 59 26 96 0,
PFG_MOEA,683,2,141.39,1069.23,0 13 12 41 11 14 98 85 15 73 95 57 0,57
PFG_MOEA,683,3,141.39,1069.23,0 4 80 53 100 81 7 46 27 83 88 63 74 78 64 30 71 35 40 16 20 0,100
PFG_MOEA,683,4,141.39,1069.23,0 31 17 18 19 91 33 37 68 56 39 72 70 54 36 3 58 77 50 0,
PFG_MOEA,683,5,141.39,1069.23,0 2 99 34 1 21 84 23 22 25 43 92 48 62 67 86 82 94 49 66 0,94
PFG_MOEA,683,6,141.39,1069.23,0 24 45 51 32 79 5 29 90 65 6 87 52 60 61 97 93 75 55 9 76 0,
PFG_MOEA,684,1,167.7,934.83,0 96 83 11 14 42 76 9 55 75 81 46 28 69 47 38 44 59 26 10 89 0,26 38 89
PFG_MOEA,684,2,167.7,934.83,0 13 27 12 41 95 57 73 15 98 85 88 63 74 78 64 30 71 35 40 16 18 19 31 20 0,
PFG_MOEA,684,3,167.7,934.83,0 17 91 33 37 68 56 39 84 23 0,
PFG_MOEA,684,4,167.7,934.83,0 4 80 53 66 94 49 51 79 32 3 36 54 70 72 67 86 82 22 21 1 34 48 62 58 77 0,86 94
PFG_MOEA,684,5,167.7,934.83,0 2 99 25 43 92 50 45 24 5 29 90 65 6 87 52 60 61 97 93 100 0,43 45
PFG_MOEA,684,6,167.7,934.83,0 8 7 0,
PFG_MOEA,685,1,173.13,915.94,0 8 28 10 89 47 69 38 44 59 26 96 83 11 98 14 73 41 12 13 95 57 0,38
PFG_MOEA,685,2,173.13,915.94,0 15 85 88 63 74 78 64 30 71 35 40 16 18 19 31 17 20 91 33 37 68 56 39 84 23 22 21 1 34 0,17 40 64 88
PFG_MOEA,685,3,173.13,915.94,0 4 80 53 51 79 0,
PFG_MOEA,685,4,173.13,915.94,0 66 49 32 94 82 86 67 72 70 54 36 3 58 77 48 62 92 43 0,
PFG_MOEA,685,5,173.13,915.94,0 25 99 2 0,
PFG_MOEA,685,6,173.13,915.94,0 50 45 24 5 29 90 65 6 87 52 60 61 97 93 100 75 55 9 76 42 81 7 46 27 0,5 50 81
PFG_MOEA,686,1,152.21,947.44,0 27 12 41 95 57 83 11 96 26 59 44 38 69 47 89 10 0,11
PFG_MOEA,686,2,152.21,947.44,0 28 13 73 14 98 15 85 88 63 74 78 64 30 71 35 40 16 18 19 31 17 20 91 0,17 35 64 88
PFG_MOEA,686,3,152.21,947.44,0 22 23 84 39 56 68 37 33 21 1 34 80 53 51 79 0,
PFG_MOEA,686,4,152.21,947.44,0 92 50 25 99 2 66 49 32 5 24 45 4 0,2 5
PFG_MOEA,686,5,152.21,947.44,0 46 81 75 55 9 76 42 7 8 100 93 97 61 60 52 87 6 65 90 29 94 0,
PFG_MOEA,686,6,152.21,947.44,0 77 58 3 36 54 70 72 67 86 82 62 48 43 0,
PFG_MOEA,687,1,138.05,1111.26,0 73 78 74 63 88 85 15 98 14 0,
PFG_MOEA,687,2,138.05,1111.26,0 20 91 19 17 31 35 71 30 64 40 16 18 68 56 39 84 23 22 0,17 35 64
PFG_MOEA,687,3,138.05,1111.26,0 50 92 37 33 21 1 34 99 2 25 66 49 32 79 51 53 80 0,
PFG_MOEA,687,4,138.05,1111.26,0 6 65 90 29 5 24 45 94 82 86 67 72 70 54 36 3 58 77 62 0,5
PFG_MOEA,687,5,138.05,1111.26,0 43 48 46 81 75 55 9 76 42 7 8 100 93 97 61 60 52 87 4 0,100
PFG_MOEA,687,6,138.05,1111.26,0 28 10 89 47 69 38 44 59 26 96 11 83 57 95 41 12 27 13 0,
PFG_MOEA,688,1,149.83,980.99,0 100 93 97 55 75 0,
PFG_MOEA,688,2,149.83,980.99,0 46 7 81 9 76 42 28 69 47 38 44 59 26 10 89 96 83 11 14 73 95 0,81
PFG_MOEA,688,3,149.83,980.99,0 13 27 12 41 30 64 78 74 63 88 85 98 15 57 0,
PFG_MOEA,688,4,149.83,980.99,0 8 22 23 84 39 56 68 37 33 91 19 18 16 40 71 35 31 17 20 0,40
PFG_MOEA,688,5,149.83,980.99,0 4 80 53 66 94 49 51 79 32 3 36 54 70 72 67 86 82 21 1 34 58 77 0,86
PFG_MOEA,688,6,149.83,980.99,0 2 99 25 43 92 62 48 50 45 24 5 29 61 60 52 87 6 65 90 0,5
PFG_MOEA,689,1,143.0,1006.23,0 13 27 12 41 11 83 96 59 44 38 47 69 89 10 26 98 14 73 95 57 0,13
PFG_MOEA,689,2,143.0,1006.23,0 8 15 85 88 63 74 78 64 30 71 35 40 0,64 88
PFG_MOEA,689,3,143.0,1006.23,0 20 17 31 16 18 19 91 33 37 68 56 39 84 23 22 21 1 34 0,
PFG_MOEA,689,4,143.0,1006.23,0 4 80 53 66 49 51 79 32 94 82 86 67 72 70 54 36 3 58 77 0,80 94
PFG_MOEA,689,5,143.0,1006.23,0 2 99 25 43 92 62 48 50 45 24 5 29 52 87 6 65 90 0,43 48 65
PFG_MOEA,689,6,143.0,1006.23,0 100 93 60 61 97 75 55 9 76 42 81 7 46 28 0,
PFG_MOEA,690,1,182.07,852.88,0 8 100 97 75 55 9 76 42 81 7 46 28 69 47 38 44 59 26 10 89 96 83 11 14 13 0,26 81
PFG_MOEA,690,2,182.07,852.88,0 27 12 0,
PFG_MOEA,690,3,182.07,852.88,0 57 95 41 73 15 98 85 88 63 74 78 64 30 71 35 40 16 18 19 17 31 20 0,
PFG_MOEA,690,4,182.07,852.88,0 4 80 53 66 94 49 51 79 32 3 36 54 70 72 67 86 82 23 84 39 56 68 37 33 22 21 91 1 0,86
PFG_MOEA,690,5,182.07,852.88,0 50 2 99 34 25 43 92 48 62 58 77 45 0,48 50
PFG_MOEA,690,6,182.07,852.88,0 24 5 29 90 65 6 87 52 60 61 93 0,5
PFG_MOEA,691,1,377.38,815.07,0 28 0,
PFG_MOEA,691,2,377.38,815.07,0 10 26 59 44 38 47 69 89 0,
PFG_MOEA,691,3,377.38,815.07,0 4 80 53 66 94 49 51 79 32 3 36 54 70 72 67 86 82 23 84 39 56 68 37 33 22 21 91 20 31 17 19 18 16 40 35 71 30 64 78 74 63 88 85 98 15 73 14 11 83 96 57 95 41 12 27 13 99 34 1 43 25 2 50 0,35 50
PFG_MOEA,691,4,377.38,815.07,0 92 48 62 58 77 0,
PFG_MOEA,691,5,377.38,815.07,0 45 24 0,45
PFG_MOEA,691,6,377.38,815.07,0 90 65 6 87 52 29 5 60 61 97 93 100 8 42 76 9 55 75 81 7 46 0,5 65 100
PFG_MOEA,692,1,141.39,1069.23,0 8 42 28 10 89 47 69 38 44 59 26 96 0,
PFG_MOEA,692,2,141.39,1069.23,0 13 12 41 11 14 98 85 15 73 95 57 0,57
PFG_MOEA,692,3,141.39,1069.23,0 4 80 53 100 81 7 46 27 83 88 63 74 78 64 30 71 35 40 16 20 0,100
PFG_MOEA,692,4,141.39,1069.23,0 31 17 18 19 91 33 37 68 56 39 72 70 54 36 3 58 77 50 0,
PFG_MOEA,692,5,141.39,1069.23,0 2 99 34 1 21 84 23 22 25 43 92 48 62 67 86 82 94 49 66 0,94
PFG_MOEA,692,6,141.39,1069.23,0 24 45 51 32 79 5 29 90 65 6 87 52 60 61 97 93 75 55 9 76 0,
PFG_MOEA,693,1,167.7,934.83,0 96 83 11 14 42 76 9 55 75 81 46 28 69 47 38 44 59 26 10 89 0,26 38 89
PFG_MOEA,693,2,167.7,934.83,0 13 27 12 41 95 57 73 15 98 85 88 63 74 78 64 30 71 35 40 16 18 19 31 20 0,
PFG_MOEA,693,3,167.7,934.83,0 17 91 33 37 68 56 39 84 23 0,
PFG_MOEA,693,4,167.7,934.83,0 4 80 53 66 94 49 51 79 32 3 36 54 70 72 67 86 82 22 21 1 34 48 62 58 77 0,86 94
PFG_MOEA,693,5,167.7,934.83,0 2 99 25 43 92 50 45 24 5 29 90 65 6 87 52 60 61 97 93 100 0,43 45
PFG_MOEA,693,6,167.7,934.83,0 8 7 0,
PFG_MOEA,694,1,173.13,915.94,0 8 28 10 89 47 69 38 44 59 26 96 83 11 98 14 73 41 12 13 95 57 0,38
PFG_MOEA,694,2,173.13,915.94,0 15 85 88 63 74 78 64 30 71 35 40 16 18 19 31 17 20 91 33 37 68 56 39 84 23 22 21 1 34 0,17 40 64 88
PFG_MOEA,694,3,173.13,915.94,0 4 80 53 51 79 0,
PFG_MOEA,694,4,173.13,915.94,0 66 49 32 94 82 86 67 72 70 54 36 3 58 77 48 62 92 43 0,
PFG_MOEA,694,5,173.13,915.94,0 25 99 2 0,
PFG_MOEA,694,6,173.13,915.94,0 50 45 24 5 29 90 65 6 87 52 60 61 97 93 100 75 55 9 76 42 81 7 46 27 0,5 50 81
PFG_MOEA,695,1,152.21,947.44,0 27 12 41 95 57 83 11 96 26 59 44 38 69 47 89 10 0,11
PFG_MOEA,695,2,152.21,947.44,0 28 13 73 14 98 15 85 88 63 74 78 64 30 71 35 40 16 18 19 31 17 20 91 0,17 35 64 88
PFG_MOEA,695,3,152.21,947.44,0 22 23 84 39 56 68 37 33 21 1 34 80 53 51 79 0,
PFG_MOEA,695,4,152.21,947.44,0 92 50 25 99 2 66 49 32 5 24 45 4 0,2 5
PFG_MOEA,695,5,152.21,947.44,0 46 81 75 55 9 76 42 7 8 100 93 97 61 60 52 87 6 65 90 29 94 0,
PFG_MOEA,695,6,152.21,947.44,0 77 58 3 36 54 70 72 67 86 82 62 48 43 0,
PFG_MOEA,696,1,138.05,1111.26,0 73 78 74 63 88 85 15 98 14 0,
PFG_MOEA,696,2,138.05,1111.26,0 20 91 19 17 31 35 71 30 64 40 16 18 68 56 39 84 23 22 0,17 35 64
PFG_MOEA,696,3,138.05,1111.26,0 50 92 37 33 21 1 34 99 2 25 66 49 32 79 51 53 80 0,
PFG_MOEA,696,4,138.05,1111.26,0 6 65 90 29 5 24 45 94 82 86 67 72 70 54 36 3 58 77 62 0,5
PFG_MOEA,696,5,138.05,1111.26,0 43 48 46 81 75 55 9 76 42 7 8 100 93 97 61 60 52 87 4 0,100
PFG_MOEA,696,6,138.05,1111.26,0 28 10 89 47 69 38 44 59 26 96 11 83 57 95 41 12 27 13 0,
PFG_MOEA,697,1,149.83,980.99,0 100 93 97 55 75 0,
PFG_MOEA,697,2,149.83,980.99,0 46 7 81 9 76 42 28 69 47 38 44 59 26 10 89 96 83 11 14 73 95 0,81
PFG_MOEA,697,3,149.83,980.99,0 13 27 12 41 30 64 78 74 63 88 85 98 15 57 0,
PFG_MOEA,697,4,149.83,980.99,0 8 22 23 84 39 56 68 37 33 91 19 18 16 40 71 35 31 17 20 0,40
PFG_MOEA,697,5,149.83,980.99,0 4 80 53 66 94 49 51 79 32 3 36 54 70 72 67 86 82 21 1 34 58 77 0,86
PFG_MOEA,697,6,149.83,980.99,0 2 99 25 43 92 62 48 50 45 24 5 29 61 60 52 87 6 65 90 0,5
PFG_MOEA,698,1,143.0,1006.23,0 13 27 12 41 11 83 96 59 44 38 47 69 89 10 26 98 14 73 95 57 0,13
PFG_MOEA,698,2,143.0,1006.23,0 8 15 85 88 63 74 78 64 30 71 35 40 0,64 88
PFG_MOEA,698,3,143.0,1006.23,0 20 17 31 16 18 19 91 33 37 68 56 39 84 23 22 21 1 34 0,
PFG_MOEA,698,4,143.0,1006.23,0 4 80 53 66 49 51 79 32 94 82 86 67 72 70 54 36 3 58 77 0,80 94
PFG_MOEA,698,5,143.0,1006.23,0 2 99 25 43 92 62 48 50 45 24 5 29 52 87 6 65 90 0,43 48 65
PFG_MOEA,698,6,143.0,1006.23,0 100 93 60 61 97 75 55 9 76 42 81 7 46 28 0,
PFG_MOEA,699,1,182.07,852.88,0 8 100 97 75 55 9 76 42 81 7 46 28 69 47 38 44 59 26 10 89 96 83 11 14 13 0,26 81
PFG_MOEA,699,2,182.07,852.88,0 27 12 0,
PFG_MOEA,699,3,182.07,852.88,0 57 95 41 73 15 98 85 88 63 74 78 64 30 71 35 40 16 18 19 17 31 20 0,
PFG_MOEA,699,4,182.07,852.88,0 4 80 53 66 94 49 51 79 32 3 36 54 70 72 67 86 82 23 84 39 56 68 37 33 22 21 91 1 0,86
PFG_MOEA,699,5,182.07,852.88,0 50 2 99 34 25 43 92 48 62 58 77 45 0,48 50
PFG_MOEA,699,6,182.07,852.88,0 24 5 29 90 65 6 87 52 60 61 93 0,5
PFG_MOEA,700,1,377.38,815.07,0 28 0,
PFG_MOEA,700,2,377.38,815.07,0 10 26 59 44 38 47 69 89 0,
PFG_MOEA,700,3,377.38,815.07,0 4 80 53 66 94 49 51 79 32 3 36 54 70 72 67 86 82 23 84 39 56 68 37 33 22 21 91 20 31 17 19 18 16 40 35 71 30 64 78 74 63 88 85 98 15 73 14 11 83 96 57 95 41 12 27 13 99 34 1 43 25 2 50 0,35 50
PFG_MOEA,700,4,377.38,815.07,0 92 48 62 58 77 0,
PFG_MOEA,700,5,377.38,815.07,0 45 24 0,45
PFG_MOEA,700,6,377.38,815.07,0 90 65 6 87 52 29 5 60 61 97 93 100 8 42 76 9 55 75 81 7 46 0,5 65 100
PFG_MOEA,701,1,141.39,1069.23,0 8 42 28 10 89 47 69 38 44 59 26 96 0,
PFG_MOEA,701,2,141.39,1069.23,0 13 12 41 11 14 98 85 15 73 95 57 0,57
PFG_MOEA,701,3,141.39,1069.23,0 4 80 53 100 81 7 46 27 83 88 63 74 78 64 30 71 35 40 16 20 0,100
PFG_MOEA,701,4,141.39,1069.23,0 31 17 18 19 91 33 37 68 56 39 72 70 54 36 3 58 77 50 0,
PFG_MOEA,701,5,141.39,1069.23,0 2 99 34 1 21 84 23 22 25 43 92 48 62 67 86 82 94 49 66 0,94
PFG_MOEA,701,6,141.39,1069.23,0 24 45 51 32 79 5 29 90 65 6 87 52 60 61 97 93 75 55 9 76 0,
PFG_MOEA,702,1,167.7,934.83,0 96 83 11 14 42 76 9 55 75 81 46 28 69 47 38 44 59 26 10 89 0,26 38 89
PFG_MOEA,702,2,167.7,934.83,0 13 27 12 41 95 57 73 15 98 85 88 63 74 78 64 30 71 35 40 16 18 19 31 20 0,
PFG_MOEA,702,3,167.7,934.83,0 17 91 33 37 68 56 39 84 23 0,
PFG_MOEA,702,4,167.7,934.83,0 4 80 53 66 94 49 51 79 32 3 36 54 70 72 67 86 82 22 21 1 34 48 62 58 77 0,86 94
PFG_MOEA,702,5,167.7,934.83,0 2 99 25 43 92 50 45 24 5 29 90 65 6 87 52 60 61 97 93 100 0,43 45
PFG_MOEA,702,6,167.7,934.83,0 8 7 0,
PFG_MOEA,703,1,173.13,915.94,0 8 28 10 89 47 69 38 44 59 26 96 83 11 98 14 73 41 12 13 95 57 0,38
PFG_MOEA,703,2,173.13,915.94,0 15 85 88 63 74 78 64 30 71 35 40 16 18 19 31 17 20 91 33 37 68 56 39 84 23 22 21 1 34 0,17 40 64 88
PFG_MOEA,703,3,173.13,915.94,0 4 80 53 51 79 0,
PFG_MOEA,703,4,173.13,915.94,0 66 49 32 94 82 86 67 72 70 54 36 3 58 77 48 62 92 43 0,
PFG_MOEA,703,5,173.13,915.94,0 25 99 2 0,
PFG_MOEA,703,6,173.13,915.94,0 50 45 24 5 29 90 65 6 87 52 60 61 97 93 100 75 55 9 76 42 81 7 46 27 0,5 50 81
PFG_MOEA,704,1,152.21,947.44,0 27 12 41 95 57 83 11 96 26 59 44 38 69 47 89 10 0,11
PFG_MOEA,704,2,152.21,947.44,0 28 13 73 14 98 15 85 88 63 74 78 64 30 71 35 40 16 18 19 31 17 20 91 0,17 35 64 88
PFG_MOEA,704,3,152.21,947.44,0 22 23 84 39 56 68 37 33 21 1 34 80 53 51 79 0,
PFG_MOEA,704,4,152.21,947.44,0 92 50 25 99 2 66 49 32 5 24 45 4 0,2 5
PFG_MOEA,704,5,152.21,947.44,0 46 81 75 55 9 76 42 7 8 100 93 97 61 60 52 87 6 65 90 29 94 0,
PFG_MOEA,704,6,152.21,947.44,0 77 58 3 36 54 70 72 67 86 82 62 48 43 0,
PFG_MOEA,705,1,138.05,1111.26,0 73 78 74 63 88 85 15 98 14 0,
PFG_MOEA,705,2,138.05,1111.26,0 20 91 19 17 31 35 71 30 64 40 16 18 68 56 39 84 23 22 0,17 35 64
PFG_MOEA,705,3,138.05,1111.26,0 50 92 37 33 21 1 34 99 2 25 66 49 32 79 51 53 80 0,
PFG_MOEA,705,4,138.05,1111.26,0 6 65 90 29 5 24 45 94 82 86 67 72 70 54 36 3 58 77 62 0,5
PFG_MOEA,705,5,138.05,1111.26,0 43 48 46 81 75 55 9 76 42 7 8 100 93 97 61 60 52 87 4 0,100
PFG_MOEA,705,6,138.05,1111.26,0 28 10 89 47 69 38 44 59 26 96 11 83 57 95 41 12 27 13 0,
PFG_MOEA,706,1,149.83,980.99,0 100 93 97 55 75 0,
PFG_MOEA,706,2,149.83,980.99,0 46 7 81 9 76 42 28 69 47 38 44 59 26 10 89 96 83 11 14 73 95 0,81
PFG_MOEA,706,3,149.83,980.99,0 13 27 12 41 30 64 78 74 63 88 85 98 15 57 0,
PFG_MOEA,706,4,149.83,980.99,0 8 22 23 84 39 56 68 37 33 91 19 18 16 40 71 35 31 17 20 0,40
PFG_MOEA,706,5,149.83,980.99,0 4 80 53 66 94 49 51 79 32 3 36 54 70 72 67 86 82 21 1 34 58 77 0,86
PFG_MOEA,706,6,149.83,980.99,0 2 99 25 43 92 62 48 50 45 24 5 29 61 60 52 87 6 65 90 0,5
PFG_MOEA,707,1,143.0,1006.23,0 13 27 12 41 11 83 96 59 44 38 47 69 89 10 26 98 14 73 95 57 0,13
PFG_MOEA,707,2,143.0,1006.23,0 8 15 85 88 63 74 78 64 30 71 35 40 0,64 88
PFG_MOEA,707,3,143.0,1006.23,0 20 17 31 16 18 19 91 33 37 68 56 39 84 23 22 21 1 34 0,
PFG_MOEA,707,4,143.0,1006.23,0 4 80 53 66 49 51 79 32 94 82 86 67 72 70 54 36 3 58 77 0,80 94
PFG_MOEA,707,5,143.0,1006.23,0 2 99 25 43 92 62 48 50 45 24 5 29 52 87 6 65 90 0,43 48 65
PFG_MOEA,707,6,143.0,1006.23,0 100 93 60 61 97 75 55 9 76 42 81 7 46 28 0,
PFG_MOEA,708,1,182.07,852.88,0 8 100 97 75 55 9 76 42 81 7 46 28 69 47 38 44 59 26 10 89 96 83 11 14 13 0,26 81
PFG_MOEA,708,2,182.07,852.88,0 27 12 0,
PFG_MOEA,708,3,182.07,852.88,0 57 95 41 73 15 98 85 88 63 74 78 64 30 71 35 40 16 18 19 17 31 20 0,
PFG_MOEA,708,4,182.07,852.88,0 4 80 53 66 94 49 51 79 32 3 36 54 70 72 67 86 82 23 84 39 56 68 37 33 22 21 91 1 0,86
PFG_MOEA,708,5,182.07,852.88,0 50 2 99 34 25 43 92 48 62 58 77 45 0,48 50
PFG_MOEA,708,6,182.07,852.88,0 24 5 29 90 65 6 87 52 60 61 93 0,5
PFG_MOEA,709,1,377.38,815.07,0 28 0,
PFG_MOEA,709,2,377.38,815.07,0 10 26 59 44 38 47 69 89 0,
PFG_MOEA,709,3,377.38,815.07,0 4 80 53 66 94 49 51 79 32 3 36 54 70 72 67 86 82 23 84 39 56 68 37 33 22 21 91 20 31 17 19 18 16 40 35 71 30 64 78 74 63 88 85 98 15 73 14 11 83 96 57 95 41 12 27 13 99 34 1 43 25 2 50 0,35 50
PFG_MOEA,709,4,377.38,815.07,0 92 48 62 58 77 0,
PFG_MOEA,709,5,377.38,815.07,0 45 24 0,45
PFG_MOEA,709,6,377.38,815.07,0 90 65 6 87 52 29 5 60 61 97 93 100 8 42 76 9 55 75 81 7 46 0,5 65 100
PFG_MOEA,710,1,141.39,1069.23,0 8 42 28 10 89 47 69 38 44 59 26 96 0,
PFG_MOEA,710,2,141.39,1069.23,0 13 12 41 11 14 98 85 15 73 95 57 0,57
PFG_MOEA,710,3,141.39,1069.23,0 4 80 53 100 81 7 46 27 83 88 63 74 78 64 30 71 35 40 16 20 0,100
PFG_MOEA,710,4,141.39,1069.23,0 31 17 18 19 91 33 37 68 56 39 72 70 54 36 3 58 77 50 0,
PFG_MOEA,710,5,141.39,1069.23,0 2 99 34 1 21 84 23 22 25 43 92 48 62 67 86 82 94 49 66 0,94
PFG_MOEA,710,6,141.39,1069.23,0 24 45 51 32 79 5 29 90 65 6 87 52 60 61 97 93 75 55 9 76 0,
PFG_MOEA,711,1,167.7,934.83,0 96 83 11 14 42 76 9 55 75 81 46 28 69 47 38 44 59 26 10 89 0,26 38 89
PFG_MOEA,711,2,167.7,934.83,0 13 27 12 41 95 57 73 15 98 85 88 63 74 78 64 30 71 35 40 16 18 19 31 20 0,
PFG_MOEA,711,3,167.7,934.83,0 17 91 33 37 68 56 39 84 23 0,
PFG_MOEA,711,4,167.7,934.83,0 4 80 53 66 94 49 51 79 32 3 36 54 70 72 67 86 82 22 21 1 34 48 62 58 77 0,86 94
PFG_MOEA,711,5,167.7,934.83,0 2 99 25 43 92 50 45 24 5 29 90 65 6 87 52 60 61 97 93 100 0,43 45
PFG_MOEA,711,6,167.7,934.83,0 8 7 0,
PFG_MOEA,712,1,173.13,915.94,0 8 28 10 89 47 69 38 44 59 26 96 83 11 98 14 73 41 12 13 95 57 0,38
PFG_MOEA,712,2,173.13,915.94,0 15 85 88 63 74 78 64 30 71 35 40 16 18 19 31 17 20 91 33 37 68 56 39 84 23 22 21 1 34 0,17 40 64 88
PFG_MOEA,712,3,173.13,915.94,0 4 80 53 51 79 0,
PFG_MOEA,712,4,173.13,915.94,0 66 49 32 94 82 86 67 72 70 54 36 3 58 77 48 62 92 43 0,
PFG_MOEA,712,5,173.13,915.94,0 25 99 2 0,
PFG_MOEA,712,6,173.13,915.94,0 50 45 24 5 29 90 65 6 87 52 60 61 97 93 100 75 55 9 76 42 81 7 46 27 0,5 50 81
PFG_MOEA,713,1,152.21,947.44,0 27 12 41 95 57 83 11 96 26 59 44 38 69 47 89 10 0,11
PFG_MOEA,713,2,152.21,947.44,0 28 13 73 14 98 15 85 88 63 74 78 64 30 71 35 40 16 18 19 31 17 20 91 0,17 35 64 88
PFG_MOEA,713,3,152.21,947.44,0 22 23 84 39 56 68 37 33 21 1 34 80 53 51 79 0,
PFG_MOEA,713,4,152.21,947.44,0 92 50 25 99 2 66 49 32 5 24 45 4 0,2 5
PFG_MOEA,713,5,152.21,947.44,0 46 81 75 55 9 76 42 7 8 100 93 97 61 60 52 87 6 65 90 29 94 0,
PFG_MOEA,713,6,152.21,947.44,0 77 58 3 36 54 70 72 67 86 82 62 48 43 0,
PFG_MOEA,714,1,138.05,1111.26,0 73 78 74 63 88 85 15 98 14 0,
PFG_MOEA,714,2,138.05,1111.26,0 20 91 19 17 31 35 71 30 64 40 16 18 68 56 39 84 23 22 0,17 35 64
PFG_MOEA,714,3,138.05,1111.26,0 50 92 37 33 21 1 34 99 2 25 66 49 32 79 51 53 80 0,
PFG_MOEA,714,4,138.05,1111.26,0 6 65 90 29 5 24 45 94 82 86 67 72 70 54 36 3 58 77 62 0,5
PFG_MOEA,714,5,138.05,1111.26,0 43 48 46 81 75 55 9 76 42 7 8 100 93 97 61 60 52 87 4 0,100
PFG_MOEA,714,6,138.05,1111.26,0 28 10 89 47 69 38 44 59 26 96 11 83 57 95 41 12 27 13 0,
PFG_MOEA,715,1,149.83,980.99,0 100 93 97 55 75 0,
PFG_MOEA,715,2,149.83,980.99,0 46 7 81 9 76 42 28 69 47 38 44 59 26 10 89 96 83 11 14 73 95 0,81
PFG_MOEA,715,3,149.83,980.99,0 13 27 12 41 30 64 78 74 63 88 85 98 15 57 0,
PFG_MOEA,715,4,149.83,980.99,0 8 22 23 84 39 56 68 37 33 91 19 18 16 40 71 35 31 17 20 0,40
PFG_MOEA,715,5,149.83,980.99,0 4 80 53 66 94 49 51 79 32 3 36 54 70 72 67 86 82 21 1 34 58 77 0,86
PFG_MOEA,715,6,149.83,980.99,0 2 99 25 43 92 62 48 50 45 24 5 29 61 60 52 87 6 65 90 0,5
PFG_MOEA,716,1,143.0,1006.23,0 13 27 12 41 11 83 96 59 44 38 47 69 89 10 26 98 14 73 95 57 0,13
PFG_MOEA,716,2,143.0,1006.23,0 8 15 85 88 63 74 78 64 30 71 35 40 0,64 88
PFG_MOEA,716,3,143.0,1006.23,0 20 17 31 16 18 19 91 33 37 68 56 39 84 23 22 21 1 34 0,
PFG_MOEA,716,4,143.0,1006.23,0 4 80 53 66 49 51 79 32 94 82 86 67 72 70 54 36 3 58 77 0,80 94
PFG_MOEA,716,5,143.0,1006.23,0 2 99 25 43 92 62 48 50 45 24 5 29 52 87 6 65 90 0,43 48 65
PFG_MOEA,716,6,143.0,1006.23,0 100 93 60 61 97 75 55 9 76 42 81 7 46 28 0,
PFG_MOEA,717,1,182.07,852.88,0 8 100 97 75 55 9 76 42 81 7 46 28 69 47 38 44 59 26 10 89 96 83 11 14 13 0,26 81
PFG_MOEA,717,2,182.07,852.88,0 27 12 0,
PFG_MOEA,717,3,182.07,852.88,0 57 95 41 73 15 98 85 88 63 74 78 64 30 71 35 40 16 18 19 17 31 20 0,
PFG_MOEA,717,4,182.07,852.88,0 4 80 53 66 94 49 51 79 32 3 36 54 70 72 67 86 82 23 84 39 56 68 37 33 22 21 91 1 0,86
PFG_MOEA,717,5,182.07,852.88,0 50 2 99 34 25 43 92 48 62 58 77 45 0,48 50
PFG_MOEA,717,6,182.07,852.88,0 24 5 29 90 65 6 87 52 60 61 93 0,5
PFG_MOEA,718,1,377.38,815.07,0 28 0,
PFG_MOEA,718,2,377.38,815.07,0 10 26 59 44 38 47 69 89 0,
PFG_MOEA,718,3,377.38,815.07,0 4 80 53 66 94 49 51 79 32 3 36 54 70 72 67 86 82 23 84 39 56 68 37 33 22 21 91 20 31 17 19 18 16 40 35 71 30 64 78 74 63 88 85 98 15 73 14 11 83 96 57 95 41 12 27 13 99 34 1 43 25 2 50 0,35 50
PFG_MOEA,718,4,377.38,815.07,0 92 48 62 58 77 0,
PFG_MOEA,718,5,377.38,815.07,0 45 24 0,45
PFG_MOEA,718,6,377.38,815.07,0 90 65 6 87 52 29 5 60 61 97 93 100 8 42 76 9 55 75 81 7 46 0,5 65 100
PFG_MOEA,719,1,141.39,1069.23,0 8 42 28 10 89 47 69 38 44 59 26 96 0,
PFG_MOEA,719,2,141.39,1069.23,0 13 12 41 11 14 98 85 15 73 95 57 0,57
PFG_MOEA,719,3,141.39,1069.23,0 4 80 53 100 81 7 46 27 83 88 63 74 78 64 30 71 35 40 16 20 0,100
PFG_MOEA,719,4,141.39,1069.23,0 31 17 18 19 91 33 37 68 56 39 72 70 54 36 3 58 77 50 0,
PFG_MOEA,719,5,141.39,1069.23,0 2 99 34 1 21 84 23 22 25 43 92 48 62 67 86 82 94 49 66 0,94
PFG_MOEA,719,6,141.39,1069.23,0 24 45 51 32 79 5 29 90 65 6 87 52 60 61 97 93 75 55 9 76 0,
PFG_MOEA,720,1,167.7,934.83,0 96 83 11 14 42 76 9 55 75 81 46 28 69 47 38 44 59 26 10 89 0,26 38 89
PFG_MOEA,720,2,167.7,934.83,0 13 27 12 41 95 57 73 15 98 85 88 63 74 78 64 30 71 35 40 16 18 19 31 20 0,
PFG_MOEA,720,3,167.7,934.83,0 17 91 33 37 68 56 39 84 23 0,
PFG_MOEA,720,4,167.7,934.83,0 4 80 53 66 94 49 51 79 32 3 36 54 70 72 67 86 82 22 21 1 34 48 62 58 77 0,86 94
PFG_MOEA,720,5,167.7,934.83,0 2 99 25 43 92 50 45 24 5 29 90 65 6 87 52 60 61 97 93 100 0,43 45
PFG_MOEA,720,6,167.7,934.83,0 8 7 0,
PFG_MOEA,721,1,173.13,915.94,0 8 28 10 89 47 69 38 44 59 26 96 83 11 98 14 73 41 12 13 95 57 0,38
PFG_MOEA,721,2,173.13,915.94,0 15 85 88 63 74 78 64 30 71 35 40 16 18 19 31 17 20 91 33 37 68 56 39 84 23 22 21 1 34 0,17 40 64 88
PFG_MOEA,721,3,173.13,915.94,0 4 80 53 51 79 0,
PFG_MOEA,721,4,173.13,915.94,0 66 49 32 94 82 86 67 72 70 54 36 3 58 77 48 62 92 43 0,
PFG_MOEA,721,5,173.13,915.94,0 25 99 2 0,
PFG_MOEA,721,6,173.13,915.94,0 50 45 24 5 29 90 65 6 87 52 60 61 97 93 100 75 55 9 76 42 81 7 46 27 0,5 50 81
PFG_MOEA,722,1,152.21,947.44,0 27 12 41 95 57 83 11 96 26 59 44 38 69 47 89 10 0,11
PFG_MOEA,722,2,152.21,947.44,0 28 13 73 14 98 15 85 88 63 74 78 64 30 71 35 40 16 18 19 31 17 20 91 0,17 35 64 88
PFG_MOEA,722,3,152.21,947.44,0 22 23 84 39 56 68 37 33 21 1 34 80 53 51 79 0,
PFG_MOEA,722,4,152.21,947.44,0 92 50 25 99 2 66 49 32 5 24 45 4 0,2 5
PFG_MOEA,722,5,152.21,947.44,0 46 81 75 55 9 76 42 7 8 100 93 97 61 60 52 87 6 65 90 29 94 0,
PFG_MOEA,722,6,152.21,947.44,0 77 58 3 36 54 70 72 67 86 82 62 48 43 0,
PFG_MOEA,723,1,138.05,1111.26,0 73 78 74 63 88 85 15 98 14 0,
PFG_MOEA,723,2,138.05,1111.26,0 20 91 19 17 31 35 71 30 64 40 16 18 68 56 39 84 23 22 0,17 35 64
PFG_MOEA,723,3,138.05,1111.26,0 50 92 37 33 21 1 34 99 2 25 66 49 32 79 51 53 80 0,
PFG_MOEA,723,4,138.05,1111.26,0 6 65 90 29 5 24 45 94 82 86 67 72 70 54 36 3 58 77 62 0,5
PFG_MOEA,723,5,138.05,1111.26,0 43 48 46 81 75 55 9 76 42 7 8 100 93 97 61 60 52 87 4 0,100
PFG_MOEA,723,6,138.05,1111.26,0 28 10 89 47 69 38 44 59 26 96 11 83 57 95 41 12 27 13 0,
PFG_MOEA,724,1,149.83,980.99,0 100 93 97 55 75 0,
PFG_MOEA,724,2,149.83,980.99,0 46 7 81 9 76 42 28 69 47 38 44 59 26 10 89 96 83 11 14 73 95 0,81
PFG_MOEA,724,3,149.83,980.99,0 13 27 12 41 30 64 78 74 63 88 85 98 15 57 0,
PFG_MOEA,724,4,149.83,980.99,0 8 22 23 84 39 56 68 37 33 91 19 18 16 40 71 35 31 17 20 0,40
PFG_MOEA,724,5,149.83,980.99,0 4 80 53 66 94 49 51 79 32 3 36 54 70 72 67 86 82 21 1 34 58 77 0,86
PFG_MOEA,724,6,149.83,980.99,0 2 99 25 43 92 62 48 50 45 24 5 29 61 60 52 87 6 65 90 0,5
PFG_MOEA,725,1,143.0,1006.23,0 13 27 12 41 11 83 96 59 44 38 47 69 89 10 26 98 14 73 95 57 0,13
PFG_MOEA,725,2,143.0,1006.23,0 8 15 85 88 63 74 78 64 30 71 35 40 0,64 88
PFG_MOEA,725,3,143.0,1006.23,0 20 17 31 16 18 19 91 33 37 68 56 39 84 23 22 21 1 34 0,
PFG_MOEA,725,4,143.0,1006.23,0 4 80 53 66 49 51 79 32 94 82 86 67 72 70 54 36 3 58 77 0,80 94
PFG_MOEA,725,5,143.0,1006.23,0 2 99 25 43 92 62 48 50 45 24 5 29 52 87 6 65 90 0,43 48 65
PFG_MOEA,725,6,143.0,1006.23,0 100 93 60 61 97 75 55 9 76 42 81 7 46 28 0,
PFG_MOEA,726,1,182.07,852.88,0 8 100 97 75 55 9 76 42 81 7 46 28 69 47 38 44 59 26 10 89 96 83 11 14 13 0,26 81
PFG_MOEA,726,2,182.07,852.88,0 27 12 0,
PFG_MOEA,726,3,182.07,852.88,0 57 95 41 73 15 98 85 88 63 74 78 64 30 71 35 40 16 18 19 17 31 20 0,
PFG_MOEA,726,4,182.07,852.88,0 4 80 53 66 94 49 51 79 32 3 36 54 70 72 67 86 82 23 84 39 56 68 37 33 22 21 91 1 0,86
PFG_MOEA,726,5,182.07,852.88,0 50 2 99 34 25 43 92 48 62 58 77 45 0,48 50
PFG_MOEA,726,6,182.07,852.88,0 24 5 29 90 65 6 87 52 60 61 93 0,5
PFG_MOEA,727,1,377.38,815.07,0 28 0,
PFG_MOEA,727,2,377.38,815.07,0 10 26 59 44 38 47 69 89 0,
PFG_MOEA,727,3,377.38,815.07,0 4 80 53 66 94 49 51 79 32 3 36 54 70 72 67 86 82 23 84 39 56 68 37 33 22 21 91 20 31 17 19 18 16 40 35 71 30 64 78 74 63 88 85 98 15 73 14 11 83 96 57 95 41 12 27 13 99 34 1 43 25 2 50 0,35 50
PFG_MOEA,727,4,377.38,815.07,0 92 48 62 58 77 0,
PFG_MOEA,727,5,377.38,815.07,0 45 24 0,45
PFG_MOEA,727,6,377.38,815.07,0 90 65 6 87 52 29 5 60 61 97 93 100 8 42 76 9 55 75 81 7 46 0,5 65 100
PFG_MOEA,728,1,141.39,1069.23,0 8 42 28 10 89 47 69 38 44 59 26 96 0,
PFG_MOEA,728,2,141.39,1069.23,0 13 12 41 11 14 98 85 15 73 95 57 0,57
PFG_MOEA,728,3,141.39,1069.23,0 4 80 53 100 81 7 46 27 83 88 63 74 78 64 30 71 35 40 16 20 0,100
PFG_MOEA,728,4,141.39,1069.23,0 31 17 18 19 91 33 37 68 56 39 72 70 54 36 3 58 77 50 0,
PFG_MOEA,728,5,141.39,1069.23,0 2 99 34 1 21 84 23 22 25 43 92 48 62 67 86 82 94 49 66 0,94
PFG_MOEA,728,6,141.39,1069.23,0 24 45 51 32 79 5 29 90 65 6 87 52 60 61 97 93 75 55 9 76 0,
PFG_MOEA,729,1,167.7,934.83,0 96 83 11 14 42 76 9 55 75 81 46 28 69 47 38 44 59 26 10 89 0,26 38 89
PFG_MOEA,729,2,167.7,934.83,0 13 27 12 41 95 57 73 15 98 85 88 63 74 78 64 30 71 35 40 16 18 19 31 20 0,
PFG_MOEA,729,3,167.7,934.83,0 17 91 33 37 68 56 39 84 23 0,
PFG_MOEA,729,4,167.7,934.83,0 4 80 53 66 94 49 51 79 32 3 36 54 70 72 67 86 82 22 21 1 34 48 62 58 77 0,86 94
PFG_MOEA,729,5,167.7,934.83,0 2 99 25 43 92 50 45 24 5 29 90 65 6 87 52 60 61 97 93 100 0,43 45
PFG_MOEA,729,6,167.7,934.83,0 8 7 0,
PFG_MOEA,730,1,173.13,915.94,0 8 28 10 89 47 69 38 44 59 26 96 83 11 98 14 73 41 12 13 95 57 0,38
PFG_MOEA,730,2,173.13,915.94,0 15 85 88 63 74 78 64 30 71 35 40 16 18 19 31 17 20 91 33 37 68 56 39 84 23 22 21 1 34 0,17 40 64 88
PFG_MOEA,730,3,173.13,915.94,0 4 80 53 51 79 0,
PFG_MOEA,730,4,173.13,915.94,0 66 49 32 94 82 86 67 72 70 54 36 3 58 77 48 62 92 43 0,
PFG_MOEA,730,5,173.13,915.94,0 25 99 2 0,
PFG_MOEA,730,6,173.13,915.94,0 50 45 24 5 29 90 65 6 87 52 60 61 97 93 100 75 55 9 76 42 81 7 46 27 0,5 50 81
PFG_MOEA,731,1,152.21,947.44,0 27 12 41 95 57 83 11 96 26 59 44 38 69 47 89 10 0,11
PFG_MOEA,731,2,152.21,947.44,0 28 13 73 14 98 15 85 88 63 74 78 64 30 71 35 40 16 18 19 31 17 20 91 0,17 35 64 88
PFG_MOEA,731,3,152.21,947.44,0 22 23 84 39 56 68 37 33 21 1 34 80 53 51 79 0,
PFG_MOEA,731,4,152.21,947.44,0 92 50 25 99 2 66 49 32 5 24 45 4 0,2 5
PFG_MOEA,731,5,152.21,947.44,0 46 81 75 55 9 76 42 7 8 100 93 97 61 60 52 87 6 65 90 29 94 0,
PFG_MOEA,731,6,152.21,947.44,0 77 58 3 36 54 70 72 67 86 82 62 48 43 0,
PFG_MOEA,732,1,138.05,1111.26,0 73 78 74 63 88 85 15 98 14 0,
PFG_MOEA,732,2,138.05,1111.26,0 20 91 19 17 31 35 71 30 64 40 16 18 68 56 39 84 23 22 0,17 35 64
PFG_MOEA,732,3,138.05,1111.26,0 50 92 37 33 21 1 34 99 2 25 66 49 32 79 51 53 80 0,
PFG_MOEA,732,4,138.05,1111.26,0 6 65 90 29 5 24 45 94 82 86 67 72 70 54 36 3 58 77 62 0,5
PFG_MOEA,732,5,138.05,1111.26,0 43 48 46 81 75 55 9 76 42 7 8 100 93 97 61 60 52 87 4 0,100
PFG_MOEA,732,6,138.05,1111.26,0 28 10 89 47 69 38 44 59 26 96 11 83 57 95 41 12 27 13 0,
PFG_MOEA,733,1,149.83,980.99,0 100 93 97 55 75 0,
PFG_MOEA,733,2,149.83,980.99,0 46 7 81 9 76 42 28 69 47 38 44 59 26 10 89 96 83 11 14 73 95 0,81
PFG_MOEA,733,3,149.83,980.99,0 13 27 12 41 30 64 78 74 63 88 85 98 15 57 0,
PFG_MOEA,733,4,149.83,980.99,0 8 22 23 84 39 56 68 37 33 91 19 18 16 40 71 35 31 17 20 0,40
PFG_MOEA,733,5,149.83,980.99,0 4 80 53 66 94 49 51 79 32 3 36 54 70 72 67 86 82 21 1 34 58 77 0,86
PFG_MOEA,733,6,149.83,980.99,0 2 99 25 43 92 62 48 50 45 24 5 29 61 60 52 87 6 65 90 0,5
PFG_MOEA,734,1,143.0,1006.23,0 13 27 12 41 11 83 96 59 44 38 47 69 89 10 26 98 14 73 95 57 0,13
PFG_MOEA,734,2,143.0,1006.23,0 8 15 85 88 63 74 78 64 30 71 35 40 0,64 88
PFG_MOEA,734,3,143.0,1006.23,0 20 17 31 16 18 19 91 33 37 68 56 39 84 23 22 21 1 34 0,
PFG_MOEA,734,4,143.0,1006.23,0 4 80 53 66 49 51 79 32 94 82 86 67 72 70 54 36 3 58 77 0,80 94
PFG_MOEA,734,5,143.0,1006.23,0 2 99 25 43 92 62 48 50 45 24 5 29 52 87 6 65 90 0,43 48 65
PFG_MOEA,734,6,143.0,1006.23,0 100 93 60 61 97 75 55 9 76 42 81 7 46 28 0,
PFG_MOEA,735,1,182.07,852.88,0 8 100 97 75 55 9 76 42 81 7 46 28 69 47 38 44 59 26 10 89 96 83 11 14 13 0,26 81
PFG_MOEA,735,2,182.07,852.88,0 27 12 0,
PFG_MOEA,735,3,182.07,852.88,0 57 95 41 73 15 98 85 88 63 74 78 64 30 71 35 40 16 18 19 17 31 20 0,
PFG_MOEA,735,4,182.07,852.88,0 4 80 53 66 94 49 51 79 32 3 36 54 70 72 67 86 82 23 84 39 56 68 37 33 22 21 91 1 0,86
PFG_MOEA,735,5,182.07,852.88,0 50 2 99 34 25 43 92 48 62 58 77 45 0,48 50
PFG_MOEA,735,6,182.07,852.88,0 24 5 29 90 65 6 87 52 60 61 93 0,5
PFG_MOEA,736,1,377.38,815.07,0 28 0,
PFG_MOEA,736,2,377.38,815.07,0 10 26 59 44 38 47 69 89 0,
PFG_MOEA,736,3,377.38,815.07,0 4 80 53 66 94 49 51 79 32 3 36 54 70 72 67 86 82 23 84 39 56 68 37 33 22 21 91 20 31 17 19 18 16 40 35 71 30 64 78 74 63 88 85 98 15 73 14 11 83 96 57 95 41 12 27 13 99 34 1 43 25 2 50 0,35 50
PFG_MOEA,736,4,377.38,815.07,0 92 48 62 58 77 0,
PFG_MOEA,736,5,377.38,815.07,0 45 24 0,45
PFG_MOEA,736,6,377.38,815.07,0 90 65 6 87 52 29 5 60 61 97 93 100 8 42 76 9 55 75 81 7 46 0,5 65 100
PFG_MOEA,737,1,146.68,995.69,0 79 32 3 36 54 70 72 67 86 82 23 84 39 56 68 37 33 22 21 0,84
PFG_MOEA,737,2,146.68,995.69,0 91 20 31 17 19 18 16 40 35 71 30 64 78 74 63 88 85 98 15 73 0,
PFG_MOEA,737,3,146.68,995.69,0 57 96 83 11 14 95 41 12 27 13 99 34 1 43 92 50 25 2 0,50
PFG_MOEA,737,4,146.68,995.69,0 48 5 29 60 61 97 93 100 8 42 76 9 55 75 81 7 46 0,93
PFG_MOEA,737,5,146.68,995.69,0 62 58 77 45 24 90 65 6 87 52 0,45
PFG_MOEA,737,6,146.68,995.69,0 10 26 59 44 38 47 69 89 28 4 80 53 66 94 49 51 0,
PFG_MOEA,738,1,141.39,1069.23,0 8 42 28 10 89 47 69 38 44 59 26 96 0,
PFG_MOEA,738,2,141.39,1069.23,0 13 12 41 11 14 98 85 15 73 95 57 0,57
PFG_MOEA,738,3,141.39,1069.23,0 4 80 53 100 81 7 46 27 83 88 63 74 78 64 30 71 35 40 16 20 0,100
PFG_MOEA,738,4,141.39,1069.23,0 31 17 18 19 91 33 37 68 56 39 72 70 54 36 3 58 77 50 0,
PFG_MOEA,738,5,141.39,1069.23,0 2 99 34 1 21 84 23 22 25 43 92 48 62 67 86 82 94 49 66 0,94
PFG_MOEA,738,6,141.39,1069.23,0 24 45 51 32 79 5 29 90 65 6 87 52 60 61 97 93 75 55 9 76 0,
PFG_MOEA,739,1,167.7,934.83,0 96 83 11 14 42 76 9 55 75 81 46 28 69 47 38 44 59 26 10 89 0,26 38 89
PFG_MOEA,739,2,167.7,934.83,0 13 27 12 41 95 57 73 15 98 85 88 63 74 78 64 30 71 35 40 16 18 19 31 20 0,
PFG_MOEA,739,3,167.7,934.83,0 17 91 33 37 68 56 39 84 23 0,
PFG_MOEA,739,4,167.7,934.83,0 4 80 53 66 94 49 51 79 32 3 36 54 70 72 67 86 82 22 21 1 34 48 62 58 77 0,86 94
PFG_MOEA,739,5,167.7,934.83,0 2 99 25 43 92 50 45 24 5 29 90 65 6 87 52 60 61 97 93 100 0,43 45
PFG_MOEA,739,6,167.7,934.83,0 8 7 0,
PFG_MOEA,740,1,173.13,915.94,0 8 28 10 89 47 69 38 44 59 26 96 83 11 98 14 73 41 12 13 95 57 0,38
PFG_MOEA,740,2,173.13,915.94,0 15 85 88 63 74 78 64 30 71 35 40 16 18 19 31 17 20 91 33 37 68 56 39 84 23 22 21 1 34 0,17 40 64 88
PFG_MOEA,740,3,173.13,915.94,0 4 80 53 51 79 0,
PFG_MOEA,740,4,173.13,915.94,0 66 49 32 94 82 86 67 72 70 54 36 3 58 77 48 62 92 43 0,
PFG_MOEA,740,5,173.13,915.94,0 25 99 2 0,
PFG_MOEA,740,6,173.13,915.94,0 50 45 24 5 29 90 65 6 87 52 60 61 97 93 100 75 55 9 76 42 81 7 46 27 0,5 50 81
PFG_MOEA,741,1,152.21,947.44,0 27 12 41 95 57 83 11 96 26 59 44 38 69 47 89 10 0,11
PFG_MOEA,741,2,152.21,947.44,0 28 13 73 14 98 15 85 88 63 74 78 64 30 71 35 40 16 18 19 31 17 20 91 0,17 35 64 88
PFG_MOEA,741,3,152.21,947.44,0 22 23 84 39 56 68 37 33 21 1 34 80 53 51 79 0,
PFG_MOEA,741,4,152.21,947.44,0 92 50 25 99 2 66 49 32 5 24 45 4 0,2 5
PFG_MOEA,741,5,152.21,947.44,0 46 81 75 55 9 76 42 7 8 100 93 97 61 60 52 87 6 65 90 29 94 0,
PFG_MOEA,741,6,152.21,947.44,0 77 58 3 36 54 70 72 67 86 82 62 48 43 0,
PFG_MOEA,742,1,138.05,1111.26,0 73 78 74 63 88 85 15 98 14 0,
PFG_MOEA,742,2,138.05,1111.26,0 20 91 19 17 31 35 71 30 64 40 16 18 68 56 39 84 23 22 0,17 35 64
PFG_MOEA,742,3,138.05,1111.26,0 50 92 37 33 21 1 34 99 2 25 66 49 32 79 51 53 80 0,
PFG_MOEA,742,4,138.05,1111.26,0 6 65 90 29 5 24 45 94 82 86 67 72 70 54 36 3 58 77 62 0,5
PFG_MOEA,742,5,138.05,1111.26,0 43 48 46 81 75 55 9 76 42 7 8 100 93 97 61 60 52 87 4 0,100
PFG_MOEA,742,6,138.05,1111.26,0 28 10 89 47 69 38 44 59 26 96 11 83 57 95 41 12 27 13 0,
PFG_MOEA,743,1,149.83,980.99,0 100 93 97 55 75 0,
PFG_MOEA,743,2,149.83,980.99,0 46 7 81 9 76 42 28 69 47 38 44 59 26 10 89 96 83 11 14 73 95 0,81
PFG_MOEA,743,3,149.83,980.99,0 13 27 12 41 30 64 78 74 63 88 85 98 15 57 0,
PFG_MOEA,743,4,149.83,980.99,0 8 22 23 84 39 56 68 37 33 91 19 18 16 40 71 35 31 17 20 0,40
PFG_MOEA,743,5,149.83,980.99,0 4 80 53 66 94 49 51 79 32 3 36 54 70 72 67 86 82 21 1 34 58 77 0,86
PFG_MOEA,743,6,149.83,980.99,0 2 99 25 43 92 62 48 50 45 24 5 29 61 60 52 87 6 65 90 0,5
PFG_MOEA,744,1,143.0,1006.23,0 13 27 12 41 11 83 96 59 44 38 47 69 89 10 26 98 14 73 95 57 0,13
PFG_MOEA,744,2,143.0,1006.23,0 8 15 85 88 63 74 78 64 30 71 35 40 0,64 88
PFG_MOEA,744,3,143.0,1006.23,0 20 17 31 16 18 19 91 33 37 68 56 39 84 23 22 21 1 34 0,
PFG_MOEA,744,4,143.0,1006.23,0 4 80 53 66 49 51 79 32 94 82 86 67 72 70 54 36 3 58 77 0,80 94
PFG_MOEA,744,5,143.0,1006.23,0 2 99 25 43 92 62 48 50 45 24 5 29 52 87 6 65 90 0,43 48 65
PFG_MOEA,744,6,143.0,1006.23,0 100 93 60 61 97 75 55 9 76 42 81 7 46 28 0,
PFG_MOEA,745,1,182.07,852.88,0 8 100 97 75 55 9 76 42 81 7 46 28 69 47 38 44 59 26 10 89 96 83 11 14 13 0,26 81
PFG_MOEA,745,2,182.07,852.88,0 27 12 0,
PFG_MOEA,745,3,182.07,852.88,0 57 95 41 73 15 98 85 88 63 74 78 64 30 71 35 40 16 18 19 17 31 20 0,
PFG_MOEA,745,4,182.07,852.88,0 4 80 53 66 94 49 51 79 32 3 36 54 70 72 67 86 82 23 84 39 56 68 37 33 22 21 91 1 0,86
PFG_MOEA,745,5,182.07,852.88,0 50 2 99 34 25 43 92 48 62 58 77 45 0,48 50
PFG_MOEA,745,6,182.07,852.88,0 24 5 29 90 65 6 87 52 60 61 93 0,5
PFG_MOEA,746,1,377.38,815.07,0 28 0,
PFG_MOEA,746,2,377.38,815.07,0 10 26 59 44 38 47 69 89 0,
PFG_MOEA,746,3,377.38,815.07,0 4 80 53 66 94 49 51 79 32 3 36 54 70 72 67 86 82 23 84 39 56 68 37 33 22 21 91 20 31 17 19 18 16 40 35 71 30 64 78 74 63 88 85 98 15 73 14 11 83 96 57 95 41 12 27 13 99 34 1 43 25 2 50 0,35 50
PFG_MOEA,746,4,377.38,815.07,0 92 48 62 58 77 0,
PFG_MOEA,746,5,377.38,815.07,0 45 24 0,45
PFG_MOEA,746,6,377.38,815.07,0 90 65 6 87 52 29 5 60 61 97 93 100 8 42 76 9 55 75 81 7 46 0,5 65 100
PFG_MOEA,747,1,146.68,995.69,0 79 32 3 36 54 70 72 67 86 82 23 84 39 56 68 37 33 22 21 0,84
PFG_MOEA,747,2,146.68,995.69,0 91 20 31 17 19 18 16 40 35 71 30 64 78 74 63 88 85 98 15 73 0,
PFG_MOEA,747,3,146.68,995.69,0 57 96 83 11 14 95 41 12 27 13 99 34 1 43 92 50 25 2 0,50
PFG_MOEA,747,4,146.68,995.69,0 48 5 29 60 61 97 93 100 8 42 76 9 55 75 81 7 46 0,93
PFG_MOEA,747,5,146.68,995.69,0 62 58 77 45 24 90 65 6 87 52 0,45
PFG_MOEA,747,6,146.68,995.69,0 10 26 59 44 38 47 69 89 28 4 80 53 66 94 49 51 0,
PFG_MOEA,748,1,141.39,1069.23,0 8 42 28 10 89 47 69 38 44 59 26 96 0,
PFG_MOEA,748,2,141.39,1069.23,0 13 12 41 11 14 98 85 15 73 95 57 0,57
PFG_MOEA,748,3,141.39,1069.23,0 4 80 53 100 81 7 46 27 83 88 63 74 78 64 30 71 35 40 16 20 0,100
PFG_MOEA,748,4,141.39,1069.23,0 31 17 18 19 91 33 37 68 56 39 72 70 54 36 3 58 77 50 0,
PFG_MOEA,748,5,141.39,1069.23,0 2 99 34 1 21 84 23 22 25 43 92 48 62 67 86 82 94 49 66 0,94
PFG_MOEA,748,6,141.39,1069.23,0 24 45 51 32 79 5 29 90 65 6 87 52 60 61 97 93 75 55 9 76 0,
PFG_MOEA,749,1,167.7,934.83,0 96 83 11 14 42 76 9 55 75 81 46 28 69 47 38 44 59 26 10 89 0,26 38 89
PFG_MOEA,749,2,167.7,934.83,0 13 27 12 41 95 57 73 15 98 85 88 63 74 78 64 30 71 35 40 16 18 19 31 20 0,
PFG_MOEA,749,3,167.7,934.83,0 17 91 33 37 68 56 39 84 23 0,
PFG_MOEA,749,4,167.7,934.83,0 4 80 53 66 94 49 51 79 32 3 36 54 70 72 67 86 82 22 21 1 34 48 62 58 77 0,86 94
PFG_MOEA,749,5,167.7,934.83,0 2 99 25 43 92 50 45 24 5 29 90 65 6 87 52 60 61 97 93 100 0,43 45
PFG_MOEA,749,6,167.7,934.83,0 8 7 0,
PFG_MOEA,750,1,173.13,915.94,0 8 28 10 89 47 69 38 44 59 26 96 83 11 98 14 73 41 12 13 95 57 0,38
PFG_MOEA,750,2,173.13,915.94,0 15 85 88 63 74 78 64 30 71 35 40 16 18 19 31 17 20 91 33 37 68 56 39 84 23 22 21 1 34 0,17 40 64 88
PFG_MOEA,750,3,173.13,915.94,0 4 80 53 51 79 0,
PFG_MOEA,750,4,173.13,915.94,0 66 49 32 94 82 86 67 72 70 54 36 3 58 77 48 62 92 43 0,
PFG_MOEA,750,5,173.13,915.94,0 25 99 2 0,
PFG_MOEA,750,6,173.13,915.94,0 50 45 24 5 29 90 65 6 87 52 60 61 97 93 100 75 55 9 76 42 81 7 46 27 0,5 50 81
PFG_MOEA,751,1,152.21,947.44,0 27 12 41 95 57 83 11 96 26 59 44 38 69 47 89 10 0,11
PFG_MOEA,751,2,152.21,947.44,0 28 13 73 14 98 15 85 88 63 74 78 64 30 71 35 40 16 18 19 31 17 20 91 0,17 35 64 88
PFG_MOEA,751,3,152.21,947.44,0 22 23 84 39 56 68 37 33 21 1 34 80 53 51 79 0,
PFG_MOEA,751,4,152.21,947.44,0 92 50 25 99 2 66 49 32 5 24 45 4 0,2 5
PFG_MOEA,751,5,152.21,947.44,0 46 81 75 55 9 76 42 7 8 100 93 97 61 60 52 87 6 65 90 29 94 0,
PFG_MOEA,751,6,152.21,947.44,0 77 58 3 36 54 70 72 67 86 82 62 48 43 0,
PFG_MOEA,752,1,138.05,1111.26,0 73 78 74 63 88 85 15 98 14 0,
PFG_MOEA,752,2,138.05,1111.26,0 20 91 19 17 31 35 71 30 64 40 16 18 68 56 39 84 23 22 0,17 35 64
PFG_MOEA,752,3,138.05,1111.26,0 50 92 37 33 21 1 34 99 2 25 66 49 32 79 51 53 80 0,
PFG_MOEA,752,4,138.05,1111.26,0 6 65 90 29 5 24 45 94 82 86 67 72 70 54 36 3 58 77 62 0,5
PFG_MOEA,752,5,138.05,1111.26,0 43 48 46 81 75 55 9 76 42 7 8 100 93 97 61 60 52 87 4 0,100
PFG_MOEA,752,6,138.05,1111.26,0 28 10 89 47 69 38 44 59 26 96 11 83 57 95 41 12 27 13 0,
PFG_MOEA,753,1,149.83,980.99,0 100 93 97 55 75 0,
PFG_MOEA,753,2,149.83,980.99,0 46 7 81 9 76 42 28 69 47 38 44 59 26 10 89 96 83 11 14 73 95 0,81
PFG_MOEA,753,3,149.83,980.99,0 13 27 12 41 30 64 78 74 63 88 85 98 15 57 0,
PFG_MOEA,753,4,149.83,980.99,0 8 22 23 84 39 56 68 37 33 91 19 18 16 40 71 35 31 17 20 0,40
PFG_MOEA,753,5,149.83,980.99,0 4 80 53 66 94 49 51 79 32 3 36 54 70 72 67 86 82 21 1 34 58 77 0,86
PFG_MOEA,753,6,149.83,980.99,0 2 99 25 43 92 62 48 50 45 24 5 29 61 60 52 87 6 65 90 0,5
PFG_MOEA,754,1,143.0,1006.23,0 13 27 12 41 11 83 96 59 44 38 47 69 89 10 26 98 14 73 95 57 0,13
PFG_MOEA,754,2,143.0,1006.23,0 8 15 85 88 63 74 78 64 30 71 35 40 0,64 88
PFG_MOEA,754,3,143.0,1006.23,0 20 17 31 16 18 19 91 33 37 68 56 39 84 23 22 21 1 34 0,
PFG_MOEA,754,4,143.0,1006.23,0 4 80 53 66 49 51 79 32 94 82 86 67 72 70 54 36 3 58 77 0,80 94
PFG_MOEA,754,5,143.0,1006.23,0 2 99 25 43 92 62 48 50 45 24 5 29 52 87 6 65 90 0,43 48 65
PFG_MOEA,754,6,143.0,1006.23,0 100 93 60 61 97 75 55 9 76 42 81 7 46 28 0,
PFG_MOEA,755,1,182.07,852.88,0 8 100 97 75 55 9 76 42 81 7 46 28 69 47 38 44 59 26 10 89 96 83 11 14 13 0,26 81
PFG_MOEA,755,2,182.07,852.88,0 27 12 0,
PFG_MOEA,755,3,182.07,852.88,0 57 95 41 73 15 98 85 88 63 74 78 64 30 71 35 40 16 18 19 17 31 20 0,
PFG_MOEA,755,4,182.07,852.88,0 4 80 53 66 94 49 51 79 32 3 36 54 70 72 67 86 82 23 84 39 56 68 37 33 22 21 91 1 0,86
PFG_MOEA,755,5,182.07,852.88,0 50 2 99 34 25 43 92 48 62 58 77 45 0,48 50
PFG_MOEA,755,6,182.07,852.88,0 24 5 29 90 65 6 87 52 60 61 93 0,5
PFG_MOEA,756,1,377.38,815.07,0 28 0,
PFG_MOEA,756,2,377.38,815.07,0 10 26 59 44 38 47 69 89 0,
PFG_MOEA,756,3,377.38,815.07,0 4 80 53 66 94 49 51 79 32 3 36 54 70 72 67 86 82 23 84 39 56 68 37 33 22 21 91 20 31 17 19 18 16 40 35 71 30 64 78 74 63 88 85 98 15 73 14 11 83 96 57 95 41 12 27 13 99 34 1 43 25 2 50 0,35 50
PFG_MOEA,756,4,377.38,815.07,0 92 48 62 58 77 0,
PFG_MOEA,756,5,377.38,815.07,0 45 24 0,45
PFG_MOEA,756,6,377.38,815.07,0 90 65 6 87 52 29 5 60 61 97 93 100 8 42 76 9 55 75 81 7 46 0,5 65 100
PFG_MOEA,757,1,146.68,995.69,0 79 32 3 36 54 70 72 67 86 82 23 84 39 56 68 37 33 22 21 0,84
PFG_MOEA,757,2,146.68,995.69,0 91 20 31 17 19 18 16 40 35 71 30 64 78 74 63 88 85 98 15 73 0,
PFG_MOEA,757,3,146.68,995.69,0 57 96 83 11 14 95 41 12 27 13 99 34 1 43 92 50 25 2 0,50
PFG_MOEA,757,4,146.68,995.69,0 48 5 29 60 61 97 93 100 8 42 76 9 55 75 81 7 46 0,93
PFG_MOEA,757,5,146.68,995.69,0 62 58 77 45 24 90 65 6 87 52 0,45
PFG_MOEA,757,6,146.68,995.69,0 10 26 59 44 38 47 69 89 28 4 80 53 66 94 49 51 0,
PFG_MOEA,758,1,141.39,1069.23,0 8 42 28 10 89 47 69 38 44 59 26 96 0,
PFG_MOEA,758,2,141.39,1069.23,0 13 12 41 11 14 98 85 15 73 95 57 0,57
PFG_MOEA,758,3,141.39,1069.23,0 4 80 53 100 81 7 46 27 83 88 63 74 78 64 30 71 35 40 16 20 0,100
PFG_MOEA,758,4,141.39,1069.23,0 31 17 18 19 91 33 37 68 56 39 72 70 54 36 3 58 77 50 0,
PFG_MOEA,758,5,141.39,1069.23,0 2 99 34 1 21 84 23 22 25 43 92 48 62 67 86 82 94 49 66 0,94
PFG_MOEA,758,6,141.39,1069.23,0 24 45 51 32 79 5 29 90 65 6 87 52 60 61 97 93 75 55 9 76 0,
PFG_MOEA,759,1,167.7,934.83,0 96 83 11 14 42 76 9 55 75 81 46 28 69 47 38 44 59 26 10 89 0,26 38 89
PFG_MOEA,759,2,167.7,934.83,0 13 27 12 41 95 57 73 15 98 85 88 63 74 78 64 30 71 35 40 16 18 19 31 20 0,
PFG_MOEA,759,3,167.7,934.83,0 17 91 33 37 68 56 39 84 23 0,
PFG_MOEA,759,4,167.7,934.83,0 4 80 53 66 94 49 51 79 32 3 36 54 70 72 67 86 82 22 21 1 34 48 62 58 77 0,86 94
PFG_MOEA,759,5,167.7,934.83,0 2 99 25 43 92 50 45 24 5 29 90 65 6 87 52 60 61 97 93 100 0,43 45
PFG_MOEA,759,6,167.7,934.83,0 8 7 0,
PFG_MOEA,760,1,173.13,915.94,0 8 28 10 89 47 69 38 44 59 26 96 83 11 98 14 73 41 12 13 95 57 0,38
PFG_MOEA,760,2,173.13,915.94,0 15 85 88 63 74 78 64 30 71 35 40 16 18 19 31 17 20 91 33 37 68 56 39 84 23 22 21 1 34 0,17 40 64 88
PFG_MOEA,760,3,173.13,915.94,0 4 80 53 51 79 0,
PFG_MOEA,760,4,173.13,915.94,0 66 49 32 94 82 86 67 72 70 54 36 3 58 77 48 62 92 43 0,
PFG_MOEA,760,5,173.13,915.94,0 25 99 2 0,
PFG_MOEA,760,6,173.13,915.94,0 50 45 24 5 29 90 65 6 87 52 60 61 97 93 100 75 55 9 76 42 81 7 46 27 0,5 50 81
PFG_MOEA,761,1,152.21,947.44,0 27 12 41 95 57 83 11 96 26 59 44 38 69 47 89 10 0,11
PFG_MOEA,761,2,152.21,947.44,0 28 13 73 14 98 15 85 88 63 74 78 64 30 71 35 40 16 18 19 31 17 20 91 0,17 35 64 88
PFG_MOEA,761,3,152.21,947.44,0 22 23 84 39 56 68 37 33 21 1 34 80 53 51 79 0,
PFG_MOEA,761,4,152.21,947.44,0 92 50 25 99 2 66 49 32 5 24 45 4 0,2 5
PFG_MOEA,761,5,152.21,947.44,0 46 81 75 55 9 76 42 7 8 100 93 97 61 60 52 87 6 65 90 29 94 0,
PFG_MOEA,761,6,152.21,947.44,0 77 58 3 36 54 70 72 67 86 82 62 48 43 0,
PFG_MOEA,762,1,138.05,1111.26,0 73 78 74 63 88 85 15 98 14 0,
PFG_MOEA,762,2,138.05,1111.26,0 20 91 19 17 31 35 71 30 64 40 16 18 68 56 39 84 23 22 0,17 35 64
PFG_MOEA,762,3,138.05,1111.26,0 50 92 37 33 21 1 34 99 2 25 66 49 32 79 51 53 80 0,
PFG_MOEA,762,4,138.05,1111.26,0 6 65 90 29 5 24 45 94 82 86 67 72 70 54 36 3 58 77 62 0,5
PFG_MOEA,762,5,138.05,1111.26,0 43 48 46 81 75 55 9 76 42 7 8 100 93 97 61 60 52 87 4 0,100
PFG_MOEA,762,6,138.05,1111.26,0 28 10 89 47 69 38 44 59 26 96 11 83 57 95 41 12 27 13 0,
PFG_MOEA,763,1,149.83,980.99,0 100 93 97 55 75 0,
PFG_MOEA,763,2,149.83,980.99,0 46 7 81 9 76 42 28 69 47 38 44 59 26 10 89 96 83 11 14 73 95 0,81
PFG_MOEA,763,3,149.83,980.99,0 13 27 12 41 30 64 78 74 63 88 85 98 15 57 0,
PFG_MOEA,763,4,149.83,980.99,0 8 22 23 84 39 56 68 37 33 91 19 18 16 40 71 35 31 17 20 0,40
PFG_MOEA,763,5,149.83,980.99,0 4 80 53 66 94 49 51 79 32 3 36 54 70 72 67 86 82 21 1 34 58 77 0,86
PFG_MOEA,763,6,149.83,980.99,0 2 99 25 43 92 62 48 50 45 24 5 29 61 60 52 87 6 65 90 0,5
PFG_MOEA,764,1,143.0,1006.23,0 13 27 12 41 11 83 96 59 44 38 47 69 89 10 26 98 14 73 95 57 0,13
PFG_MOEA,764,2,143.0,1006.23,0 8 15 85 88 63 74 78 64 30 71 35 40 0,64 88
PFG_MOEA,764,3,143.0,1006.23,0 20 17 31 16 18 19 91 33 37 68 56 39 84 23 22 21 1 34 0,
PFG_MOEA,764,4,143.0,1006.23,0 4 80 53 66 49 51 79 32 94 82 86 67 72 70 54 36 3 58 77 0,80 94
PFG_MOEA,764,5,143.0,1006.23,0 2 99 25 43 92 62 48 50 45 24 5 29 52 87 6 65 90 0,43 48 65
PFG_MOEA,764,6,143.0,1006.23,0 100 93 60 61 97 75 55 9 76 42 81 7 46 28 0,
PFG_MOEA,765,1,182.07,852.88,0 8 100 97 75 55 9 76 42 81 7 46 28 69 47 38 44 59 26 10 89 96 83 11 14 13 0,26 81
PFG_MOEA,765,2,182.07,852.88,0 27 12 0,
PFG_MOEA,765,3,182.07,852.88,0 57 95 41 73 15 98 85 88 63 74 78 64 30 71 35 40 16 18 19 17 31 20 0,
PFG_MOEA,765,4,182.07,852.88,0 4 80 53 66 94 49 51 79 32 3 36 54 70 72 67 86 82 23 84 39 56 68 37 33 22 21 91 1 0,86
PFG_MOEA,765,5,182.07,852.88,0 50 2 99 34 25 43 92 48 62 58 77 45 0,48 50
PFG_MOEA,765,6,182.07,852.88,0 24 5 29 90 65 6 87 52 60 61 93 0,5
PFG_MOEA,766,1,377.38,815.07,0 28 0,
PFG_MOEA,766,2,377.38,815.07,0 10 26 59 44 38 47 69 89 0,
PFG_MOEA,766,3,377.38,815.07,0 4 80 53 66 94 49 51 79 32 3 36 54 70 72 67 86 82 23 84 39 56 68 37 33 22 21 91 20 31 17 19 18 16 40 35 71 30 64 78 74 63 88 85 98 15 73 14 11 83 96 57 95 41 12 27 13 99 34 1 43 25 2 50 0,35 50
PFG_MOEA,766,4,377.38,815.07,0 92 48 62 58 77 0,
PFG_MOEA,766,5,377.38,815.07,0 45 24 0,45
PFG_MOEA,766,6,377.38,815.07,0 90 65 6 87 52 29 5 60 61 97 93 100 8 42 76 9 55 75 81 7 46 0,5 65 100
PFG_MOEA,767,1,146.68,995.69,0 79 32 3 36 54 70 72 67 86 82 23 84 39 56 68 37 33 22 21 0,84
PFG_MOEA,767,2,146.68,995.69,0 91 20 31 17 19 18 16 40 35 71 30 64 78 74 63 88 85 98 15 73 0,
PFG_MOEA,767,3,146.68,995.69,0 57 96 83 11 14 95 41 12 27 13 99 34 1 43 92 50 25 2 0,50
PFG_MOEA,767,4,146.68,995.69,0 48 5 29 60 61 97 93 100 8 42 76 9 55 75 81 7 46 0,93
PFG_MOEA,767,5,146.68,995.69,0 62 58 77 45 24 90 65 6 87 52 0,45
PFG_MOEA,767,6,146.68,995.69,0 10 26 59 44 38 47 69 89 28 4 80 53 66 94 49 51 0,
PFG_MOEA,768,1,141.39,1069.23,0 8 42 28 10 89 47 69 38 44 59 26 96 0,
PFG_MOEA,768,2,141.39,1069.23,0 13 12 41 11 14 98 85 15 73 95 57 0,57
PFG_MOEA,768,3,141.39,1069.23,0 4 80 53 100 81 7 46 27 83 88 63 74 78 64 30 71 35 40 16 20 0,100
PFG_MOEA,768,4,141.39,1069.23,0 31 17 18 19 91 33 37 68 56 39 72 70 54 36 3 58 77 50 0,
PFG_MOEA,768,5,141.39,1069.23,0 2 99 34 1 21 84 23 22 25 43 92 48 62 67 86 82 94 49 66 0,94
PFG_MOEA,768,6,141.39,1069.23,0 24 45 51 32 79 5 29 90 65 6 87 52 60 61 97 93 75 55 9 76 0,
PFG_MOEA,769,1,167.7,934.83,0 96 83 11 14 42 76 9 55 75 81 46 28 69 47 38 44 59 26 10 89 0,26 38 89
PFG_MOEA,769,2,167.7,934.83,0 13 27 12 41 95 57 73 15 98 85 88 63 74 78 64 30 71 35 40 16 18 19 31 20 0,
PFG_MOEA,769,3,167.7,934.83,0 17 91 33 37 68 56 39 84 23 0,
PFG_MOEA,769,4,167.7,934.83,0 4 80 53 66 94 49 51 79 32 3 36 54 70 72 67 86 82 22 21 1 34 48 62 58 77 0,86 94
PFG_MOEA,769,5,167.7,934.83,0 2 99 25 43 92 50 45 24 5 29 90 65 6 87 52 60 61 97 93 100 0,43 45
PFG_MOEA,769,6,167.7,934.83,0 8 7 0,
PFG_MOEA,770,1,173.13,915.94,0 8 28 10 89 47 69 38 44 59 26 96 83 11 98 14 73 41 12 13 95 57 0,38
PFG_MOEA,770,2,173.13,915.94,0 15 85 88 63 74 78 64 30 71 35 40 16 18 19 31 17 20 91 33 37 68 56 39 84 23 22 21 1 34 0,17 40 64 88
PFG_MOEA,770,3,173.13,915.94,0 4 80 53 51 79 0,
PFG_MOEA,770,4,173.13,915.94,0 66 49 32 94 82 86 67 72 70 54 36 3 58 77 48 62 92 43 0,
PFG_MOEA,770,5,173.13,915.94,0 25 99 2 0,
PFG_MOEA,770,6,173.13,915.94,0 50 45 24 5 29 90 65 6 87 52 60 61 97 93 100 75 55 9 76 42 81 7 46 27 0,5 50 81
PFG_MOEA,771,1,152.21,947.44,0 27 12 41 95 57 83 11 96 26 59 44 38 69 47 89 10 0,11
PFG_MOEA,771,2,152.21,947.44,0 28 13 73 14 98 15 85 88 63 74 78 64 30 71 35 40 16 18 19 31 17 20 91 0,17 35 64 88
PFG_MOEA,771,3,152.21,947.44,0 22 23 84 39 56 68 37 33 21 1 34 80 53 51 79 0,
PFG_MOEA,771,4,152.21,947.44,0 92 50 25 99 2 66 49 32 5 24 45 4 0,2 5
PFG_MOEA,771,5,152.21,947.44,0 46 81 75 55 9 76 42 7 8 100 93 97 61 60 52 87 6 65 90 29 94 0,
PFG_MOEA,771,6,152.21,947.44,0 77 58 3 36 54 70 72 67 86 82 62 48 43 0,
PFG_MOEA,772,1,138.05,1111.26,0 73 78 74 63 88 85 15 98 14 0,
PFG_MOEA,772,2,138.05,1111.26,0 20 91 19 17 31 35 71 30 64 40 16 18 68 56 39 84 23 22 0,17 35 64
PFG_MOEA,772,3,138.05,1111.26,0 50 92 37 33 21 1 34 99 2 25 66 49 32 79 51 53 80 0,
PFG_MOEA,772,4,138.05,1111.26,0 6 65 90 29 5 24 45 94 82 86 67 72 70 54 36 3 58 77 62 0,5
PFG_MOEA,772,5,138.05,1111.26,0 43 48 46 81 75 55 9 76 42 7 8 100 93 97 61 60 52 87 4 0,100
PFG_MOEA,772,6,138.05,1111.26,0 28 10 89 47 69 38 44 59 26 96 11 83 57 95 41 12 27 13 0,
PFG_MOEA,773,1,149.83,980.99,0 100 93 97 55 75 0,
PFG_MOEA,773,2,149.83,980.99,0 46 7 81 9 76 42 28 69 47 38 44 59 26 10 89 96 83 11 14 73 95 0,81
PFG_MOEA,773,3,149.83,980.99,0 13 27 12 41 30 64 78 74 63 88 85 98 15 57 0,
PFG_MOEA,773,4,149.83,980.99,0 8 22 23 84 39 56 68 37 33 91 19 18 16 40 71 35 31 17 20 0,40
PFG_MOEA,773,5,149.83,980.99,0 4 80 53 66 94 49 51 79 32 3 36 54 70 72 67 86 82 21 1 34 58 77 0,86
PFG_MOEA,773,6,149.83,980.99,0 2 99 25 43 92 62 48 50 45 24 5 29 61 60 52 87 6 65 90 0,5
PFG_MOEA,774,1,143.0,1006.23,0 13 27 12 41 11 83 96 59 44 38 47 69 89 10 26 98 14 73 95 57 0,13
PFG_MOEA,774,2,143.0,1006.23,0 8 15 85 88 63 74 78 64 30 71 35 40 0,64 88
PFG_MOEA,774,3,143.0,1006.23,0 20 17 31 16 18 19 91 33 37 68 56 39 84 23 22 21 1 34 0,
PFG_MOEA,774,4,143.0,1006.23,0 4 80 53 66 49 51 79 32 94 82 86 67 72 70 54 36 3 58 77 0,80 94
PFG_MOEA,774,5,143.0,1006.23,0 2 99 25 43 92 62 48 50 45 24 5 29 52 87 6 65 90 0,43 48 65
PFG_MOEA,774,6,143.0,1006.23,0 100 93 60 61 97 75 55 9 76 42 81 7 46 28 0,
PFG_MOEA,775,1,182.07,852.88,0 8 100 97 75 55 9 76 42 81 7 46 28 69 47 38 44 59 26 10 89 96 83 11 14 13 0,26 81
PFG_MOEA,775,2,182.07,852.88,0 27 12 0,
PFG_MOEA,775,3,182.07,852.88,0 57 95 41 73 15 98 85 88 63 74 78 64 30 71 35 40 16 18 19 17 31 20 0,
PFG_MOEA,775,4,182.07,852.88,0 4 80 53 66 94 49 51 79 32 3 36 54 70 72 67 86 82 23 84 39 56 68 37 33 22 21 91 1 0,86
PFG_MOEA,775,5,182.07,852.88,0 50 2 99 34 25 43 92 48 62 58 77 45 0,48 50
PFG_MOEA,775,6,182.07,852.88,0 24 5 29 90 65 6 87 52 60 61 93 0,5
PFG_MOEA,776,1,377.38,815.07,0 28 0,
PFG_MOEA,776,2,377.38,815.07,0 10 26 59 44 38 47 69 89 0,
PFG_MOEA,776,3,377.38,815.07,0 4 80 53 66 94 49 51 79 32 3 36 54 70 72 67 86 82 23 84 39 56 68 37 33 22 21 91 20 31 17 19 18 16 40 35 71 30 64 78 74 63 88 85 98 15 73 14 11 83 96 57 95 41 12 27 13 99 34 1 43 25 2 50 0,35 50
PFG_MOEA,776,4,377.38,815.07,0 92 48 62 58 77 0,
PFG_MOEA,776,5,377.38,815.07,0 45 24 0,45
PFG_MOEA,776,6,377.38,815.07,0 90 65 6 87 52 29 5 60 61 97 93 100 8 42 76 9 55 75 81 7 46 0,5 65 100
PFG_MOEA,777,1,146.68,995.69,0 79 32 3 36 54 70 72 67 86 82 23 84 39 56 68 37 33 22 21 0,84
PFG_MOEA,777,2,146.68,995.69,0 91 20 31 17 19 18 16 40 35 71 30 64 78 74 63 88 85 98 15 73 0,
PFG_MOEA,777,3,146.68,995.69,0 57 96 83 11 14 95 41 12 27 13 99 34 1 43 92 50 25 2 0,50
PFG_MOEA,777,4,146.68,995.69,0 48 5 29 60 61 97 93 100 8 42 76 9 55 75 81 7 46 0,93
PFG_MOEA,777,5,146.68,995.69,0 62 58 77 45 24 90 65 6 87 52 0,45
PFG_MOEA,777,6,146.68,995.69,0 10 26 59 44 38 47 69 89 28 4 80 53 66 94 49 51 0,
PFG_MOEA,778,1,141.39,1069.23,0 8 42 28 10 89 47 69 38 44 59 26 96 0,
PFG_MOEA,778,2,141.39,1069.23,0 13 12 41 11 14 98 85 15 73 95 57 0,57
PFG_MOEA,778,3,141.39,1069.23,0 4 80 53 100 81 7 46 27 83 88 63 74 78 64 30 71 35 40 16 20 0,100
PFG_MOEA,778,4,141.39,1069.23,0 31 17 18 19 91 33 37 68 56 39 72 70 54 36 3 58 77 50 0,
PFG_MOEA,778,5,141.39,1069.23,0 2 99 34 1 21 84 23 22 25 43 92 48 62 67 86 82 94 49 66 0,94
PFG_MOEA,778,6,141.39,1069.23,0 24 45 51 32 79 5 29 90 65 6 87 52 60 61 97 93 75 55 9 76 0,
PFG_MOEA,779,1,167.7,934.83,0 96 83 11 14 42 76 9 55 75 81 46 28 69 47 38 44 59 26 10 89 0,26 38 89
PFG_MOEA,779,2,167.7,934.83,0 13 27 12 41 95 57 73 15 98 85 88 63 74 78 64 30 71 35 40 16 18 19 31 20 0,
PFG_MOEA,779,3,167.7,934.83,0 17 91 33 37 68 56 39 84 23 0,
PFG_MOEA,779,4,167.7,934.83,0 4 80 53 66 94 49 51 79 32 3 36 54 70 72 67 86 82 22 21 1 34 48 62 58 77 0,86 94
PFG_MOEA,779,5,167.7,934.83,0 2 99 25 43 92 50 45 24 5 29 90 65 6 87 52 60 61 97 93 100 0,43 45
PFG_MOEA,779,6,167.7,934.83,0 8 7 0,
PFG_MOEA,780,1,173.13,915.94,0 8 28 10 89 47 69 38 44 59 26 96 83 11 98 14 73 41 12 13 95 57 0,38
PFG_MOEA,780,2,173.13,915.94,0 15 85 88 63 74 78 64 30 71 35 40 16 18 19 31 17 20 91 33 37 68 56 39 84 23 22 21 1 34 0,17 40 64 88
PFG_MOEA,780,3,173.13,915.94,0 4 80 53 51 79 0,
PFG_MOEA,780,4,173.13,915.94,0 66 49 32 94 82 86 67 72 70 54 36 3 58 77 48 62 92 43 0,
PFG_MOEA,780,5,173.13,915.94,0 25 99 2 0,
PFG_MOEA,780,6,173.13,915.94,0 50 45 24 5 29 90 65 6 87 52 60 61 97 93 100 75 55 9 76 42 81 7 46 27 0,5 50 81
PFG_MOEA,781,1,152.21,947.44,0 27 12 41 95 57 83 11 96 26 59 44 38 69 47 89 10 0,11
PFG_MOEA,781,2,152.21,947.44,0 28 13 73 14 98 15 85 88 63 74 78 64 30 71 35 40 16 18 19 31 17 20 91 0,17 35 64 88
PFG_MOEA,781,3,152.21,947.44,0 22 23 84 39 56 68 37 33 21 1 34 80 53 51 79 0,
PFG_MOEA,781,4,152.21,947.44,0 92 50 25 99 2 66 49 32 5 24 45 4 0,2 5
PFG_MOEA,781,5,152.21,947.44,0 46 81 75 55 9 76 42 7 8 100 93 97 61 60 52 87 6 65 90 29 94 0,
PFG_MOEA,781,6,152.21,947.44,0 77 58 3 36 54 70 72 67 86 82 62 48 43 0,
PFG_MOEA,782,1,138.05,1111.26,0 73 78 74 63 88 85 15 98 14 0,
PFG_MOEA,782,2,138.05,1111.26,0 20 91 19 17 31 35 71 30 64 40 16 18 68 56 39 84 23 22 0,17 35 64
PFG_MOEA,782,3,138.05,1111.26,0 50 92 37 33 21 1 34 99 2 25 66 49 32 79 51 53 80 0,
PFG_MOEA,782,4,138.05,1111.26,0 6 65 90 29 5 24 45 94 82 86 67 72 70 54 36 3 58 77 62 0,5
PFG_MOEA,782,5,138.05,1111.26,0 43 48 46 81 75 55 9 76 42 7 8 100 93 97 61 60 52 87 4 0,100
PFG_MOEA,782,6,138.05,1111.26,0 28 10 89 47 69 38 44 59 26 96 11 83 57 95 41 12 27 13 0,
PFG_MOEA,783,1,149.83,980.99,0 100 93 97 55 75 0,
PFG_MOEA,783,2,149.83,980.99,0 46 7 81 9 76 42 28 69 47 38 44 59 26 10 89 96 83 11 14 73 95 0,81
PFG_MOEA,783,3,149.83,980.99,0 13 27 12 41 30 64 78 74 63 88 85 98 15 57 0,
PFG_MOEA,783,4,149.83,980.99,0 8 22 23 84 39 56 68 37 33 91 19 18 16 40 71 35 31 17 20 0,40
PFG_MOEA,783,5,149.83,980.99,0 4 80 53 66 94 49 51 79 32 3 36 54 70 72 67 86 82 21 1 34 58 77 0,86
PFG_MOEA,783,6,149.83,980.99,0 2 99 25 43 92 62 48 50 45 24 5 29 61 60 52 87 6 65 90 0,5
PFG_MOEA,784,1,143.0,1006.23,0 13 27 12 41 11 83 96 59 44 38 47 69 89 10 26 98 14 73 95 57 0,13
PFG_MOEA,784,2,143.0,1006.23,0 8 15 85 88 63 74 78 64 30 71 35 40 0,64 88
PFG_MOEA,784,3,143.0,1006.23,0 20 17 31 16 18 19 91 33 37 68 56 39 84 23 22 21 1 34 0,
PFG_MOEA,784,4,143.0,1006.23,0 4 80 53 66 49 51 79 32 94 82 86 67 72 70 54 36 3 58 77 0,80 94
PFG_MOEA,784,5,143.0,1006.23,0 2 99 25 43 92 62 48 50 45 24 5 29 52 87 6 65 90 0,43 48 65
PFG_MOEA,784,6,143.0,1006.23,0 100 93 60 61 97 75 55 9 76 42 81 7 46 28 0,
PFG_MOEA,785,1,182.07,852.88,0 8 100 97 75 55 9 76 42 81 7 46 28 69 47 38 44 59 26 10 89 96 83 11 14 13 0,26 81
PFG_MOEA,785,2,182.07,852.88,0 27 12 0,
PFG_MOEA,785,3,182.07,852.88,0 57 95 41 73 15 98 85 88 63 74 78 64 30 71 35 40 16 18 19 17 31 20 0,
PFG_MOEA,785,4,182.07,852.88,0 4 80 53 66 94 49 51 79 32 3 36 54 70 72 67 86 82 23 84 39 56 68 37 33 22 21 91 1 0,86
PFG_MOEA,785,5,182.07,852.88,0 50 2 99 34 25 43 92 48 62 58 77 45 0,48 50
PFG_MOEA,785,6,182.07,852.88,0 24 5 29 90 65 6 87 52 60 61 93 0,5
PFG_MOEA,786,1,377.38,815.07,0 28 0,
PFG_MOEA,786,2,377.38,815.07,0 10 26 59 44 38 47 69 89 0,
PFG_MOEA,786,3,377.38,815.07,0 4 80 53 66 94 49 51 79 32 3 36 54 70 72 67 86 82 23 84 39 56 68 37 33 22 21 91 20 31 17 19 18 16 40 35 71 30 64 78 74 63 88 85 98 15 73 14 11 83 96 57 95 41 12 27 13 99 34 1 43 25 2 50 0,35 50
PFG_MOEA,786,4,377.38,815.07,0 92 48 62 58 77 0,
PFG_MOEA,786,5,377.38,815.07,0 45 24 0,45
PFG_MOEA,786,6,377.38,815.07,0 90 65 6 87 52 29 5 60 61 97 93 100 8 42 76 9 55 75 81 7 46 0,5 65 100
PFG_MOEA,787,1,146.68,995.69,0 79 32 3 36 54 70 72 67 86 82 23 84 39 56 68 37 33 22 21 0,84
PFG_MOEA,787,2,146.68,995.69,0 91 20 31 17 19 18 16 40 35 71 30 64 78 74 63 88 85 98 15 73 0,
PFG_MOEA,787,3,146.68,995.69,0 57 96 83 11 14 95 41 12 27 13 99 34 1 43 92 50 25 2 0,50
PFG_MOEA,787,4,146.68,995.69,0 48 5 29 60 61 97 93 100 8 42 76 9 55 75 81 7 46 0,93
PFG_MOEA,787,5,146.68,995.69,0 62 58 77 45 24 90 65 6 87 52 0,45
PFG_MOEA,787,6,146.68,995.69,0 10 26 59 44 38 47 69 89 28 4 80 53 66 94 49 51 0,
PFG_MOEA,788,1,141.39,1069.23,0 8 42 28 10 89 47 69 38 44 59 26 96 0,
PFG_MOEA,788,2,141.39,1069.23,0 13 12 41 11 14 98 85 15 73 95 57 0,57
PFG_MOEA,788,3,141.39,1069.23,0 4 80 53 100 81 7 46 27 83 88 63 74 78 64 30 71 35 40 16 20 0,100
PFG_MOEA,788,4,141.39,1069.23,0 31 17 18 19 91 33 37 68 56 39 72 70 54 36 3 58 77 50 0,
PFG_MOEA,788,5,141.39,1069.23,0 2 99 34 1 21 84 23 22 25 43 92 48 62 67 86 82 94 49 66 0,94
PFG_MOEA,788,6,141.39,1069.23,0 24 45 51 32 79 5 29 90 65 6 87 52 60 61 97 93 75 55 9 76 0,
PFG_MOEA,789,1,167.7,934.83,0 96 83 11 14 42 76 9 55 75 81 46 28 69 47 38 44 59 26 10 89 0,26 38 89
PFG_MOEA,789,2,167.7,934.83,0 13 27 12 41 95 57 73 15 98 85 88 63 74 78 64 30 71 35 40 16 18 19 31 20 0,
PFG_MOEA,789,3,167.7,934.83,0 17 91 33 37 68 56 39 84 23 0,
PFG_MOEA,789,4,167.7,934.83,0 4 80 53 66 94 49 51 79 32 3 36 54 70 72 67 86 82 22 21 1 34 48 62 58 77 0,86 94
PFG_MOEA,789,5,167.7,934.83,0 2 99 25 43 92 50 45 24 5 29 90 65 6 87 52 60 61 97 93 100 0,43 45
PFG_MOEA,789,6,167.7,934.83,0 8 7 0,
PFG_MOEA,790,1,173.13,915.94,0 8 28 10 89 47 69 38 44 59 26 96 83 11 98 14 73 41 12 13 95 57 0,38
PFG_MOEA,790,2,173.13,915.94,0 15 85 88 63 74 78 64 30 71 35 40 16 18 19 31 17 20 91 33 37 68 56 39 84 23 22 21 1 34 0,17 40 64 88
PFG_MOEA,790,3,173.13,915.94,0 4 80 53 51 79 0,
PFG_MOEA,790,4,173.13,915.94,0 66 49 32 94 82 86 67 72 70 54 36 3 58 77 48 62 92 43 0,
PFG_MOEA,790,5,173.13,915.94,0 25 99 2 0,
PFG_MOEA,790,6,173.13,915.94,0 50 45 24 5 29 90 65 6 87 52 60 61 97 93 100 75 55 9 76 42 81 7 46 27 0,5 50 81
PFG_MOEA,791,1,152.21,947.44,0 27 12 41 95 57 83 11 96 26 59 44 38 69 47 89 10 0,11
PFG_MOEA,791,2,152.21,947.44,0 28 13 73 14 98 15 85 88 63 74 78 64 30 71 35 40 16 18 19 31 17 20 91 0,17 35 64 88
PFG_MOEA,791,3,152.21,947.44,0 22 23 84 39 56 68 37 33 21 1 34 80 53 51 79 0,
PFG_MOEA,791,4,152.21,947.44,0 92 50 25 99 2 66 49 32 5 24 45 4 0,2 5
PFG_MOEA,791,5,152.21,947.44,0 46 81 75 55 9 76 42 7 8 100 93 97 61 60 52 87 6 65 90 29 94 0,
PFG_MOEA,791,6,152.21,947.44,0 77 58 3 36 54 70 72 67 86 82 62 48 43 0,
PFG_MOEA,792,1,138.05,1111.26,0 73 78 74 63 88 85 15 98 14 0,
PFG_MOEA,792,2,138.05,1111.26,0 20 91 19 17 31 35 71 30 64 40 16 18 68 56 39 84 23 22 0,17 35 64
PFG_MOEA,792,3,138.05,1111.26,0 50 92 37 33 21 1 34 99 2 25 66 49 32 79 51 53 80 0,
PFG_MOEA,792,4,138.05,1111.26,0 6 65 90 29 5 24 45 94 82 86 67 72 70 54 36 3 58 77 62 0,5
PFG_MOEA,792,5,138.05,1111.26,0 43 48 46 81 75 55 9 76 42 7 8 100 93 97 61 60 52 87 4 0,100
PFG_MOEA,792,6,138.05,1111.26,0 28 10 89 47 69 38 44 59 26 96 11 83 57 95 41 12 27 13 0,
PFG_MOEA,793,1,149.83,980.99,0 100 93 97 55 75 0,
PFG_MOEA,793,2,149.83,980.99,0 46 7 81 9 76 42 28 69 47 38 44 59 26 10 89 96 83 11 14 73 95 0,81
PFG_MOEA,793,3,149.83,980.99,0 13 27 12 41 30 64 78 74 63 88 85 98 15 57 0,
PFG_MOEA,793,4,149.83,980.99,0 8 22 23 84 39 56 68 37 33 91 19 18 16 40 71 35 31 17 20 0,40
PFG_MOEA,793,5,149.83,980.99,0 4 80 53 66 94 49 51 79 32 3 36 54 70 72 67 86 82 21 1 34 58 77 0,86
PFG_MOEA,793,6,149.83,980.99,0 2 99 25 43 92 62 48 50 45 24 5 29 61 60 52 87 6 65 90 0,5
PFG_MOEA,794,1,143.0,1006.23,0 13 27 12 41 11 83 96 59 44 38 47 69 89 10 26 98 14 73 95 57 0,13
PFG_MOEA,794,2,143.0,1006.23,0 8 15 85 88 63 74 78 64 30 71 35 40 0,64 88
PFG_MOEA,794,3,143.0,1006.23,0 20 17 31 16 18 19 91 33 37 68 56 39 84 23 22 21 1 34 0,
PFG_MOEA,794,4,143.0,1006.23,0 4 80 53 66 49 51 79 32 94 82 86 67 72 70 54 36 3 58 77 0,80 94
PFG_MOEA,794,5,143.0,1006.23,0 2 99 25 43 92 62 48 50 45 24 5 29 52 87 6 65 90 0,43 48 65
PFG_MOEA,794,6,143.0,1006.23,0 100 93 60 61 97 75 55 9 76 42 81 7 46 28 0,
PFG_MOEA,795,1,182.07,852.88,0 8 100 97 75 55 9 76 42 81 7 46 28 69 47 38 44 59 26 10 89 96 83 11 14 13 0,26 81
PFG_MOEA,795,2,182.07,852.88,0 27 12 0,
PFG_MOEA,795,3,182.07,852.88,0 57 95 41 73 15 98 85 88 63 74 78 64 30 71 35 40 16 18 19 17 31 20 0,
PFG_MOEA,795,4,182.07,852.88,0 4 80 53 66 94 49 51 79 32 3 36 54 70 72 67 86 82 23 84 39 56 68 37 33 22 21 91 1 0,86
PFG_MOEA,795,5,182.07,852.88,0 50 2 99 34 25 43 92 48 62 58 77 45 0,48 50
PFG_MOEA,795,6,182.07,852.88,0 24 5 29 90 65 6 87 52 60 61 93 0,5
PFG_MOEA,796,1,377.38,815.07,0 28 0,
PFG_MOEA,796,2,377.38,815.07,0 10 26 59 44 38 47 69 89 0,
PFG_MOEA,796,3,377.38,815.07,0 4 80 53 66 94 49 51 79 32 3 36 54 70 72 67 86 82 23 84 39 56 68 37 33 22 21 91 20 31 17 19 18 16 40 35 71 30 64 78 74 63 88 85 98 15 73 14 11 83 96 57 95 41 12 27 13 99 34 1 43 25 2 50 0,35 50
PFG_MOEA,796,4,377.38,815.07,0 92 48 62 58 77 0,
PFG_MOEA,796,5,377.38,815.07,0 45 24 0,45
PFG_MOEA,796,6,377.38,815.07,0 90 65 6 87 52 29 5 60 61 97 93 100 8 42 76 9 55 75 81 7 46 0,5 65 100
PFG_MOEA,797,1,146.68,995.69,0 79 32 3 36 54 70 72 67 86 82 23 84 39 56 68 37 33 22 21 0,84
PFG_MOEA,797,2,146.68,995.69,0 91 20 31 17 19 18 16 40 35 71 30 64 78 74 63 88 85 98 15 73 0,
PFG_MOEA,797,3,146.68,995.69,0 57 96 83 11 14 95 41 12 27 13 99 34 1 43 92 50 25 2 0,50
PFG_MOEA,797,4,146.68,995.69,0 48 5 29 60 61 97 93 100 8 42 76 9 55 75 81 7 46 0,93
PFG_MOEA,797,5,146.68,995.69,0 62 58 77 45 24 90 65 6 87 52 0,45
PFG_MOEA,797,6,146.68,995.69,0 10 26 59 44 38 47 69 89 28 4 80 53 66 94 49 51 0,
PFG_MOEA,798,1,141.39,1069.23,0 8 42 28 10 89 47 69 38 44 59 26 96 0,
PFG_MOEA,798,2,141.39,1069.23,0 13 12 41 11 14 98 85 15 73 95 57 0,57
PFG_MOEA,798,3,141.39,1069.23,0 4 80 53 100 81 7 46 27 83 88 63 74 78 64 30 71 35 40 16 20 0,100
PFG_MOEA,798,4,141.39,1069.23,0 31 17 18 19 91 33 37 68 56 39 72 70 54 36 3 58 77 50 0,
PFG_MOEA,798,5,141.39,1069.23,0 2 99 34 1 21 84 23 22 25 43 92 48 62 67 86 82 94 49 66 0,94
PFG_MOEA,798,6,141.39,1069.23,0 24 45 51 32 79 5 29 90 65 6 87 52 60 61 97 93 75 55 9 76 0,
PFG_MOEA,799,1,167.7,934.83,0 96 83 11 14 42 76 9 55 75 81 46 28 69 47 38 44 59 26 10 89 0,26 38 89
PFG_MOEA,799,2,167.7,934.83,0 13 27 12 41 95 57 73 15 98 85 88 63 74 78 64 30 71 35 40 16 18 19 31 20 0,
PFG_MOEA,799,3,167.7,934.83,0 17 91 33 37 68 56 39 84 23 0,
PFG_MOEA,799,4,167.7,934.83,0 4 80 53 66 94 49 51 79 32 3 36 54 70 72 67 86 82 22 21 1 34 48 62 58 77 0,86 94
PFG_MOEA,799,5,167.7,934.83,0 2 99 25 43 92 50 45 24 5 29 90 65 6 87 52 60 61 97 93 100 0,43 45
PFG_MOEA,799,6,167.7,934.83,0 8 7 0,
PFG_MOEA,800,1,173.13,915.94,0 8 28 10 89 47 69 38 44 59 26 96 83 11 98 14 73 41 12 13 95 57 0,38
PFG_MOEA,800,2,173.13,915.94,0 15 85 88 63 74 78 64 30 71 35 40 16 18 19 31 17 20 91 33 37 68 56 39 84 23 22 21 1 34 0,17 40 64 88
PFG_MOEA,800,3,173.13,915.94,0 4 80 53 51 79 0,
PFG_MOEA,800,4,173.13,915.94,0 66 49 32 94 82 86 67 72 70 54 36 3 58 77 48 62 92 43 0,
PFG_MOEA,800,5,173.13,915.94,0 25 99 2 0,
PFG_MOEA,800,6,173.13,915.94,0 50 45 24 5 29 90 65 6 87 52 60 61 97 93 100 75 55 9 76 42 81 7 46 27 0,5 50 81
PFG_MOEA,801,1,152.21,947.44,0 27 12 41 95 57 83 11 96 26 59 44 38 69 47 89 10 0,11
PFG_MOEA,801,2,152.21,947.44,0 28 13 73 14 98 15 85 88 63 74 78 64 30 71 35 40 16 18 19 31 17 20 91 0,17 35 64 88
PFG_MOEA,801,3,152.21,947.44,0 22 23 84 39 56 68 37 33 21 1 34 80 53 51 79 0,
PFG_MOEA,801,4,152.21,947.44,0 92 50 25 99 2 66 49 32 5 24 45 4 0,2 5
PFG_MOEA,801,5,152.21,947.44,0 46 81 75 55 9 76 42 7 8 100 93 97 61 60 52 87 6 65 90 29 94 0,
PFG_MOEA,801,6,152.21,947.44,0 77 58 3 36 54 70 72 67 86 82 62 48 43 0,
PFG_MOEA,802,1,138.05,1111.26,0 73 78 74 63 88 85 15 98 14 0,
PFG_MOEA,802,2,138.05,1111.26,0 20 91 19 17 31 35 71 30 64 40 16 18 68 56 39 84 23 22 0,17 35 64
PFG_MOEA,802,3,138.05,1111.26,0 50 92 37 33 21 1 34 99 2 25 66 49 32 79 51 53 80 0,
PFG_MOEA,802,4,138.05,1111.26,0 6 65 90 29 5 24 45 94 82 86 67 72 70 54 36 3 58 77 62 0,5
PFG_MOEA,802,5,138.05,1111.26,0 43 48 46 81 75 55 9 76 42 7 8 100 93 97 61 60 52 87 4 0,100
PFG_MOEA,802,6,138.05,1111.26,0 28 10 89 47 69 38 44 59 26 96 11 83 57 95 41 12 27 13 0,
PFG_MOEA,803,1,149.83,980.99,0 100 93 97 55 75 0,
PFG_MOEA,803,2,149.83,980.99,0 46 7 81 9 76 42 28 69 47 38 44 59 26 10 89 96 83 11 14 73 95 0,81
PFG_MOEA,803,3,149.83,980.99,0 13 27 12 41 30 64 78 74 63 88 85 98 15 57 0,
PFG_MOEA,803,4,149.83,980.99,0 8 22 23 84 39 56 68 37 33 91 19 18 16 40 71 35 31 17 20 0,40
PFG_MOEA,803,5,149.83,980.99,0 4 80 53 66 94 49 51 79 32 3 36 54 70 72 67 86 82 21 1 34 58 77 0,86
PFG_MOEA,803,6,149.83,980.99,0 2 99 25 43 92 62 48 50 45 24 5 29 61 60 52 87 6 65 90 0,5
PFG_MOEA,804,1,143.0,1006.23,0 13 27 12 41 11 83 96 59 44 38 47 69 89 10 26 98 14 73 95 57 0,13
PFG_MOEA,804,2,143.0,1006.23,0 8 15 85 88 63 74 78 64 30 71 35 40 0,64 88
PFG_MOEA,804,3,143.0,1006.23,0 20 17 31 16 18 19 91 33 37 68 56 39 84 23 22 21 1 34 0,
PFG_MOEA,804,4,143.0,1006.23,0 4 80 53 66 49 51 79 32 94 82 86 67 72 70 54 36 3 58 77 0,80 94
PFG_MOEA,804,5,143.0,1006.23,0 2 99 25 43 92 62 48 50 45 24 5 29 52 87 6 65 90 0,43 48 65
PFG_MOEA,804,6,143.0,1006.23,0 100 93 60 61 97 75 55 9 76 42 81 7 46 28 0,
PFG_MOEA,805,1,182.07,852.88,0 8 100 97 75 55 9 76 42 81 7 46 28 69 47 38 44 59 26 10 89 96 83 11 14 13 0,26 81
PFG_MOEA,805,2,182.07,852.88,0 27 12 0,
PFG_MOEA,805,3,182.07,852.88,0 57 95 41 73 15 98 85 88 63 74 78 64 30 71 35 40 16 18 19 17 31 20 0,
PFG_MOEA,805,4,182.07,852.88,0 4 80 53 66 94 49 51 79 32 3 36 54 70 72 67 86 82 23 84 39 56 68 37 33 22 21 91 1 0,86
PFG_MOEA,805,5,182.07,852.88,0 50 2 99 34 25 43 92 48 62 58 77 45 0,48 50
PFG_MOEA,805,6,182.07,852.88,0 24 5 29 90 65 6 87 52 60 61 93 0,5
PFG_MOEA,806,1,377.38,815.07,0 28 0,
PFG_MOEA,806,2,377.38,815.07,0 10 26 59 44 38 47 69 89 0,
PFG_MOEA,806,3,377.38,815.07,0 4 80 53 66 94 49 51 79 32 3 36 54 70 72 67 86 82 23 84 39 56 68 37 33 22 21 91 20 31 17 19 18 16 40 35 71 30 64 78 74 63 88 85 98 15 73 14 11 83 96 57 95 41 12 27 13 99 34 1 43 25 2 50 0,35 50
PFG_MOEA,806,4,377.38,815.07,0 92 48 62 58 77 0,
PFG_MOEA,806,5,377.38,815.07,0 45 24 0,45
PFG_MOEA,806,6,377.38,815.07,0 90 65 6 87 52 29 5 60 61 97 93 100 8 42 76 9 55 75 81 7 46 0,5 65 100
PFG_MOEA,807,1,146.68,995.69,0 79 32 3 36 54 70 72 67 86 82 23 84 39 56 68 37 33 22 21 0,84
PFG_MOEA,807,2,146.68,995.69,0 91 20 31 17 19 18 16 40 35 71 30 64 78 74 63 88 85 98 15 73 0,
PFG_MOEA,807,3,146.68,995.69,0 57 96 83 11 14 95 41 12 27 13 99 34 1 43 92 50 25 2 0,50
PFG_MOEA,807,4,146.68,995.69,0 48 5 29 60 61 97 93 100 8 42 76 9 55 75 81 7 46 0,93
PFG_MOEA,807,5,146.68,995.69,0 62 58 77 45 24 90 65 6 87 52 0,45
PFG_MOEA,807,6,146.68,995.69,0 10 26 59 44 38 47 69 89 28 4 80 53 66 94 49 51 0,
PFG_MOEA,808,1,141.39,1069.23,0 8 42 28 10 89 47 69 38 44 59 26 96 0,
PFG_MOEA,808,2,141.39,1069.23,0 13 12 41 11 14 98 85 15 73 95 57 0,57
PFG_MOEA,808,3,141.39,1069.23,0 4 80 53 100 81 7 46 27 83 88 63 74 78 64 30 71 35 40 16 20 0,100
PFG_MOEA,808,4,141.39,1069.23,0 31 17 18 19 91 33 37 68 56 39 72 70 54 36 3 58 77 50 0,
PFG_MOEA,808,5,141.39,1069.23,0 2 99 34 1 21 84 23 22 25 43 92 48 62 67 86 82 94 49 66 0,94
PFG_MOEA,808,6,141.39,1069.23,0 24 45 51 32 79 5 29 90 65 6 87 52 60 61 97 93 75 55 9 76 0,
PFG_MOEA,809,1,167.7,934.83,0 96 83 11 14 42 76 9 55 75 81 46 28 69 47 38 44 59 26 10 89 0,26 38 89
PFG_MOEA,809,2,167.7,934.83,0 13 27 12 41 95 57 73 15 98 85 88 63 74 78 64 30 71 35 40 16 18 19 31 20 0,
PFG_MOEA,809,3,167.7,934.83,0 17 91 33 37 68 56 39 84 23 0,
PFG_MOEA,809,4,167.7,934.83,0 4 80 53 66 94 49 51 79 32 3 36 54 70 72 67 86 82 22 21 1 34 48 62 58 77 0,86 94
PFG_MOEA,809,5,167.7,934.83,0 2 99 25 43 92 50 45 24 5 29 90 65 6 87 52 60 61 97 93 100 0,43 45
PFG_MOEA,809,6,167.7,934.83,0 8 7 0,
PFG_MOEA,810,1,173.13,915.94,0 8 28 10 89 47 69 38 44 59 26 96 83 11 98 14 73 41 12 13 95 57 0,38
PFG_MOEA,810,2,173.13,915.94,0 15 85 88 63 74 78 64 30 71 35 40 16 18 19 31 17 20 91 33 37 68 56 39 84 23 22 21 1 34 0,17 40 64 88
PFG_MOEA,810,3,173.13,915.94,0 4 80 53 51 79 0,
PFG_MOEA,810,4,173.13,915.94,0 66 49 32 94 82 86 67 72 70 54 36 3 58 77 48 62 92 43 0,
PFG_MOEA,810,5,173.13,915.94,0 25 99 2 0,
PFG_MOEA,810,6,173.13,915.94,0 50 45 24 5 29 90 65 6 87 52 60 61 97 93 100 75 55 9 76 42 81 7 46 27 0,5 50 81
PFG_MOEA,811,1,152.21,947.44,0 27 12 41 95 57 83 11 96 26 59 44 38 69 47 89 10 0,11
PFG_MOEA,811,2,152.21,947.44,0 28 13 73 14 98 15 85 88 63 74 78 64 30 71 35 40 16 18 19 31 17 20 91 0,17 35 64 88
PFG_MOEA,811,3,152.21,947.44,0 22 23 84 39 56 68 37 33 21 1 34 80 53 51 79 0,
PFG_MOEA,811,4,152.21,947.44,0 92 50 25 99 2 66 49 32 5 24 45 4 0,2 5
PFG_MOEA,811,5,152.21,947.44,0 46 81 75 55 9 76 42 7 8 100 93 97 61 60 52 87 6 65 90 29 94 0,
PFG_MOEA,811,6,152.21,947.44,0 77 58 3 36 54 70 72 67 86 82 62 48 43 0,
PFG_MOEA,812,1,138.05,1111.26,0 73 78 74 63 88 85 15 98 14 0,
PFG_MOEA,812,2,138.05,1111.26,0 20 91 19 17 31 35 71 30 64 40 16 18 68 56 39 84 23 22 0,17 35 64
PFG_MOEA,812,3,138.05,1111.26,0 50 92 37 33 21 1 34 99 2 25 66 49 32 79 51 53 80 0,
PFG_MOEA,812,4,138.05,1111.26,0 6 65 90 29 5 24 45 94 82 86 67 72 70 54 36 3 58 77 62 0,5
PFG_MOEA,812,5,138.05,1111.26,0 43 48 46 81 75 55 9 76 42 7 8 100 93 97 61 60 52 87 4 0,100
PFG_MOEA,812,6,138.05,1111.26,0 28 10 89 47 69 38 44 59 26 96 11 83 57 95 41 12 27 13 0,
PFG_MOEA,813,1,149.83,980.99,0 100 93 97 55 75 0,
PFG_MOEA,813,2,149.83,980.99,0 46 7 81 9 76 42 28 69 47 38 44 59 26 10 89 96 83 11 14 73 95 0,81
PFG_MOEA,813,3,149.83,980.99,0 13 27 12 41 30 64 78 74 63 88 85 98 15 57 0,
PFG_MOEA,813,4,149.83,980.99,0 8 22 23 84 39 56 68 37 33 91 19 18 16 40 71 35 31 17 20 0,40
PFG_MOEA,813,5,149.83,980.99,0 4 80 53 66 94 49 51 79 32 3 36 54 70 72 67 86 82 21 1 34 58 77 0,86
PFG_MOEA,813,6,149.83,980.99,0 2 99 25 43 92 62 48 50 45 24 5 29 61 60 52 87 6 65 90 0,5
PFG_MOEA,814,1,143.0,1006.23,0 13 27 12 41 11 83 96 59 44 38 47 69 89 10 26 98 14 73 95 57 0,13
PFG_MOEA,814,2,143.0,1006.23,0 8 15 85 88 63 74 78 64 30 71 35 40 0,64 88
PFG_MOEA,814,3,143.0,1006.23,0 20 17 31 16 18 19 91 33 37 68 56 39 84 23 22 21 1 34 0,
PFG_MOEA,814,4,143.0,1006.23,0 4 80 53 66 49 51 79 32 94 82 86 67 72 70 54 36 3 58 77 0,80 94
PFG_MOEA,814,5,143.0,1006.23,0 2 99 25 43 92 62 48 50 45 24 5 29 52 87 6 65 90 0,43 48 65
PFG_MOEA,814,6,143.0,1006.23,0 100 93 60 61 97 75 55 9 76 42 81 7 46 28 0,
PFG_MOEA,815,1,182.07,852.88,0 8 100 97 75 55 9 76 42 81 7 46 28 69 47 38 44 59 26 10 89 96 83 11 14 13 0,26 81
PFG_MOEA,815,2,182.07,852.88,0 27 12 0,
PFG_MOEA,815,3,182.07,852.88,0 57 95 41 73 15 98 85 88 63 74 78 64 30 71 35 40 16 18 19 17 31 20 0,
PFG_MOEA,815,4,182.07,852.88,0 4 80 53 66 94 49 51 79 32 3 36 54 70 72 67 86 82 23 84 39 56 68 37 33 22 21 91 1 0,86
PFG_MOEA,815,5,182.07,852.88,0 50 2 99 34 25 43 92 48 62 58 77 45 0,48 50
PFG_MOEA,815,6,182.07,852.88,0 24 5 29 90 65 6 87 52 60 61 93 0,5
PFG_MOEA,816,1,377.38,815.07,0 28 0,
PFG_MOEA,816,2,377.38,815.07,0 10 26 59 44 38 47 69 89 0,
PFG_MOEA,816,3,377.38,815.07,0 4 80 53 66 94 49 51 79 32 3 36 54 70 72 67 86 82 23 84 39 56 68 37 33 22 21 91 20 31 17 19 18 16 40 35 71 30 64 78 74 63 88 85 98 15 73 14 11 83 96 57 95 41 12 27 13 99 34 1 43 25 2 50 0,35 50
PFG_MOEA,816,4,377.38,815.07,0 92 48 62 58 77 0,
PFG_MOEA,816,5,377.38,815.07,0 45 24 0,45
PFG_MOEA,816,6,377.38,815.07,0 90 65 6 87 52 29 5 60 61 97 93 100 8 42 76 9 55 75 81 7 46 0,5 65 100
PFG_MOEA,817,1,146.68,995.69,0 79 32 3 36 54 70 72 67 86 82 23 84 39 56 68 37 33 22 21 0,84
PFG_MOEA,817,2,146.68,995.69,0 91 20 31 17 19 18 16 40 35 71 30 64 78 74 63 88 85 98 15 73 0,
PFG_MOEA,817,3,146.68,995.69,0 57 96 83 11 14 95 41 12 27 13 99 34 1 43 92 50 25 2 0,50
PFG_MOEA,817,4,146.68,995.69,0 48 5 29 60 61 97 93 100 8 42 76 9 55 75 81 7 46 0,93
PFG_MOEA,817,5,146.68,995.69,0 62 58 77 45 24 90 65 6 87 52 0,45
PFG_MOEA,817,6,146.68,995.69,0 10 26 59 44 38 47 69 89 28 4 80 53 66 94 49 51 0,
PFG_MOEA,818,1,141.39,1069.23,0 8 42 28 10 89 47 69 38 44 59 26 96 0,
PFG_MOEA,818,2,141.39,1069.23,0 13 12 41 11 14 98 85 15 73 95 57 0,57
PFG_MOEA,818,3,141.39,1069.23,0 4 80 53 100 81 7 46 27 83 88 63 74 78 64 30 71 35 40 16 20 0,100
PFG_MOEA,818,4,141.39,1069.23,0 31 17 18 19 91 33 37 68 56 39 72 70 54 36 3 58 77 50 0,
PFG_MOEA,818,5,141.39,1069.23,0 2 99 34 1 21 84 23 22 25 43 92 48 62 67 86 82 94 49 66 0,94
PFG_MOEA,818,6,141.39,1069.23,0 24 45 51 32 79 5 29 90 65 6 87 52 60 61 97 93 75 55 9 76 0,
PFG_MOEA,819,1,167.7,934.83,0 96 83 11 14 42 76 9 55 75 81 46 28 69 47 38 44 59 26 10 89 0,26 38 89
PFG_MOEA,819,2,167.7,934.83,0 13 27 12 41 95 57 73 15 98 85 88 63 74 78 64 30 71 35 40 16 18 19 31 20 0,
PFG_MOEA,819,3,167.7,934.83,0 17 91 33 37 68 56 39 84 23 0,
PFG_MOEA,819,4,167.7,934.83,0 4 80 53 66 94 49 51 79 32 3 36 54 70 72 67 86 82 22 21 1 34 48 62 58 77 0,86 94
PFG_MOEA,819,5,167.7,934.83,0 2 99 25 43 92 50 45 24 5 29 90 65 6 87 52 60 61 97 93 100 0,43 45
PFG_MOEA,819,6,167.7,934.83,0 8 7 0,
PFG_MOEA,820,1,173.13,915.94,0 8 28 10 89 47 69 38 44 59 26 96 83 11 98 14 73 41 12 13 95 57 0,38
PFG_MOEA,820,2,173.13,915.94,0 15 85 88 63 74 78 64 30 71 35 40 16 18 19 31 17 20 91 33 37 68 56 39 84 23 22 21 1 34 0,17 40 64 88
PFG_MOEA,820,3,173.13,915.94,0 4 80 53 51 79 0,
PFG_MOEA,820,4,173.13,915.94,0 66 49 32 94 82 86 67 72 70 54 36 3 58 77 48 62 92 43 0,
PFG_MOEA,820,5,173.13,915.94,0 25 99 2 0,
PFG_MOEA,820,6,173.13,915.94,0 50 45 24 5 29 90 65 6 87 52 60 61 97 93 100 75 55 9 76 42 81 7 46 27 0,5 50 81
PFG_MOEA,821,1,152.21,947.44,0 27 12 41 95 57 83 11 96 26 59 44 38 69 47 89 10 0,11
PFG_MOEA,821,2,152.21,947.44,0 28 13 73 14 98 15 85 88 63 74 78 64 30 71 35 40 16 18 19 31 17 20 91 0,17 35 64 88
PFG_MOEA,821,3,152.21,947.44,0 22 23 84 39 56 68 37 33 21 1 34 80 53 51 79 0,
PFG_MOEA,821,4,152.21,947.44,0 92 50 25 99 2 66 49 32 5 24 45 4 0,2 5
PFG_MOEA,821,5,152.21,947.44,0 46 81 75 55 9 76 42 7 8 100 93 97 61 60 52 87 6 65 90 29 94 0,
PFG_MOEA,821,6,152.21,947.44,0 77 58 3 36 54 70 72 67 86 82 62 48 43 0,
PFG_MOEA,822,1,138.05,1111.26,0 73 78 74 63 88 85 15 98 14 0,
PFG_MOEA,822,2,138.05,1111.26,0 20 91 19 17 31 35 71 30 64 40 16 18 68 56 39 84 23 22 0,17 35 64
PFG_MOEA,822,3,138.05,1111.26,0 50 92 37 33 21 1 34 99 2 25 66 49 32 79 51 53 80 0,
PFG_MOEA,822,4,138.05,1111.26,0 6 65 90 29 5 24 45 94 82 86 67 72 70 54 36 3 58 77 62 0,5
PFG_MOEA,822,5,138.05,1111.26,0 43 48 46 81 75 55 9 76 42 7 8 100 93 97 61 60 52 87 4 0,100
PFG_MOEA,822,6,138.05,1111.26,0 28 10 89 47 69 38 44 59 26 96 11 83 57 95 41 12 27 13 0,
PFG_MOEA,823,1,149.83,980.99,0 100 93 97 55 75 0,
PFG_MOEA,823,2,149.83,980.99,0 46 7 81 9 76 42 28 69 47 38 44 59 26 10 89 96 83 11 14 73 95 0,81
PFG_MOEA,823,3,149.83,980.99,0 13 27 12 41 30 64 78 74 63 88 85 98 15 57 0,
PFG_MOEA,823,4,149.83,980.99,0 8 22 23 84 39 56 68 37 33 91 19 18 16 40 71 35 31 17 20 0,40
PFG_MOEA,823,5,149.83,980.99,0 4 80 53 66 94 49 51 79 32 3 36 54 70 72 67 86 82 21 1 34 58 77 0,86
PFG_MOEA,823,6,149.83,980.99,0 2 99 25 43 92 62 48 50 45 24 5 29 61 60 52 87 6 65 90 0,5
PFG_MOEA,824,1,143.0,1006.23,0 13 27 12 41 11 83 96 59 44 38 47 69 89 10 26 98 14 73 95 57 0,13
PFG_MOEA,824,2,143.0,1006.23,0 8 15 85 88 63 74 78 64 30 71 35 40 0,64 88
PFG_MOEA,824,3,143.0,1006.23,0 20 17 31 16 18 19 91 33 37 68 56 39 84 23 22 21 1 34 0,
PFG_MOEA,824,4,143.0,1006.23,0 4 80 53 66 49 51 79 32 94 82 86 67 72 70 54 36 3 58 77 0,80 94
PFG_MOEA,824,5,143.0,1006.23,0 2 99 25 43 92 62 48 50 45 24 5 29 52 87 6 65 90 0,43 48 65
PFG_MOEA,824,6,143.0,1006.23,0 100 93 60 61 97 75 55 9 76 42 81 7 46 28 0,
PFG_MOEA,825,1,182.07,852.88,0 8 100 97 75 55 9 76 42 81 7 46 28 69 47 38 44 59 26 10 89 96 83 11 14 13 0,26 81
PFG_MOEA,825,2,182.07,852.88,0 27 12 0,
PFG_MOEA,825,3,182.07,852.88,0 57 95 41 73 15 98 85 88 63 74 78 64 30 71 35 40 16 18 19 17 31 20 0,
PFG_MOEA,825,4,182.07,852.88,0 4 80 53 66 94 49 51 79 32 3 36 54 70 72 67 86 82 23 84 39 56 68 37 33 22 21 91 1 0,86
PFG_MOEA,825,5,182.07,852.88,0 50 2 99 34 25 43 92 48 62 58 77 45 0,48 50
PFG_MOEA,825,6,182.07,852.88,0 24 5 29 90 65 6 87 52 60 61 93 0,5
PFG_MOEA,826,1,377.38,815.07,0 28 0,
PFG_MOEA,826,2,377.38,815.07,0 10 26 59 44 38 47 69 89 0,
PFG_MOEA,826,3,377.38,815.07,0 4 80 53 66 94 49 51 79 32 3 36 54 70 72 67 86 82 23 84 39 56 68 37 33 22 21 91 20 31 17 19 18 16 40 35 71 30 64 78 74 63 88 85 98 15 73 14 11 83 96 57 95 41 12 27 13 99 34 1 43 25 2 50 0,35 50
PFG_MOEA,826,4,377.38,815.07,0 92 48 62 58 77 0,
PFG_MOEA,826,5,377.38,815.07,0 45 24 0,45
PFG_MOEA,826,6,377.38,815.07,0 90 65 6 87 52 29 5 60 61 97 93 100 8 42 76 9 55 75 81 7 46 0,5 65 100
PFG_MOEA,827,1,146.68,995.69,0 79 32 3 36 54 70 72 67 86 82 23 84 39 56 68 37 33 22 21 0,84
PFG_MOEA,827,2,146.68,995.69,0 91 20 31 17 19 18 16 40 35 71 30 64 78 74 63 88 85 98 15 73 0,
PFG_MOEA,827,3,146.68,995.69,0 57 96 83 11 14 95 41 12 27 13 99 34 1 43 92 50 25 2 0,50
PFG_MOEA,827,4,146.68,995.69,0 48 5 29 60 61 97 93 100 8 42 76 9 55 75 81 7 46 0,93
PFG_MOEA,827,5,146.68,995.69,0 62 58 77 45 24 90 65 6 87 52 0,45
PFG_MOEA,827,6,146.68,995.69,0 10 26 59 44 38 47 69 89 28 4 80 53 66 94 49 51 0,
PFG_MOEA,828,1,141.39,1069.23,0 8 42 28 10 89 47 69 38 44 59 26 96 0,
PFG_MOEA,828,2,141.39,1069.23,0 13 12 41 11 14 98 85 15 73 95 57 0,57
PFG_MOEA,828,3,141.39,1069.23,0 4 80 53 100 81 7 46 27 83 88 63 74 78 64 30 71 35 40 16 20 0,100
PFG_MOEA,828,4,141.39,1069.23,0 31 17 18 19 91 33 37 68 56 39 72 70 54 36 3 58 77 50 0,
PFG_MOEA,828,5,141.39,1069.23,0 2 99 34 1 21 84 23 22 25 43 92 48 62 67 86 82 94 49 66 0,94
PFG_MOEA,828,6,141.39,1069.23,0 24 45 51 32 79 5 29 90 65 6 87 52 60 61 97 93 75 55 9 76 0,
PFG_MOEA,829,1,167.7,934.83,0 96 83 11 14 42 76 9 55 75 81 46 28 69 47 38 44 59 26 10 89 0,26 38 89
PFG_MOEA,829,2,167.7,934.83,0 13 27 12 41 95 57 73 15 98 85 88 63 74 78 64 30 71 35 40 16 18 19 31 20 0,
PFG_MOEA,829,3,167.7,934.83,0 17 91 33 37 68 56 39 84 23 0,
PFG_MOEA,829,4,167.7,934.83,0 4 80 53 66 94 49 51 79 32 3 36 54 70 72 67 86 82 22 21 1 34 48 62 58 77 0,86 94
PFG_MOEA,829,5,167.7,934.83,0 2 99 25 43 92 50 45 24 5 29 90 65 6 87 52 60 61 97 93 100 0,43 45
PFG_MOEA,829,6,167.7,934.83,0 8 7 0,
PFG_MOEA,830,1,173.13,915.94,0 8 28 10 89 47 69 38 44 59 26 96 83 11 98 14 73 41 12 13 95 57 0,38
PFG_MOEA,830,2,173.13,915.94,0 15 85 88 63 74 78 64 30 71 35 40 16 18 19 31 17 20 91 33 37 68 56 39 84 23 22 21 1 34 0,17 40 64 88
PFG_MOEA,830,3,173.13,915.94,0 4 80 53 51 79 0,
PFG_MOEA,830,4,173.13,915.94,0 66 49 32 94 82 86 67 72 70 54 36 3 58 77 48 62 92 43 0,
PFG_MOEA,830,5,173.13,915.94,0 25 99 2 0,
PFG_MOEA,830,6,173.13,915.94,0 50 45 24 5 29 90 65 6 87 52 60 61 97 93 100 75 55 9 76 42 81 7 46 27 0,5 50 81
PFG_MOEA,831,1,152.21,947.44,0 27 12 41 95 57 83 11 96 26 59 44 38 69 47 89 10 0,11
PFG_MOEA,831,2,152.21,947.44,0 28 13 73 14 98 15 85 88 63 74 78 64 30 71 35 40 16 18 19 31 17 20 91 0,17 35 64 88
PFG_MOEA,831,3,152.21,947.44,0 22 23 84 39 56 68 37 33 21 1 34 80 53 51 79 0,
PFG_MOEA,831,4,152.21,947.44,0 92 50 25 99 2 66 49 32 5 24 45 4 0,2 5
PFG_MOEA,831,5,152.21,947.44,0 46 81 75 55 9 76 42 7 8 100 93 97 61 60 52 87 6 65 90 29 94 0,
PFG_MOEA,831,6,152.21,947.44,0 77 58 3 36 54 70 72 67 86 82 62 48 43 0,
PFG_MOEA,832,1,138.05,1111.26,0 73 78 74 63 88 85 15 98 14 0,
PFG_MOEA,832,2,138.05,1111.26,0 20 91 19 17 31 35 71 30 64 40 16 18 68 56 39 84 23 22 0,17 35 64
PFG_MOEA,832,3,138.05,1111.26,0 50 92 37 33 21 1 34 99 2 25 66 49 32 79 51 53 80 0,
PFG_MOEA,832,4,138.05,1111.26,0 6 65 90 29 5 24 45 94 82 86 67 72 70 54 36 3 58 77 62 0,5
PFG_MOEA,832,5,138.05,1111.26,0 43 48 46 81 75 55 9 76 42 7 8 100 93 97 61 60 52 87 4 0,100
PFG_MOEA,832,6,138.05,1111.26,0 28 10 89 47 69 38 44 59 26 96 11 83 57 95 41 12 27 13 0,
PFG_MOEA,833,1,149.83,980.99,0 100 93 97 55 75 0,
PFG_MOEA,833,2,149.83,980.99,0 46 7 81 9 76 42 28 69 47 38 44 59 26 10 89 96 83 11 14 73 95 0,81
PFG_MOEA,833,3,149.83,980.99,0 13 27 12 41 30 64 78 74 63 88 85 98 15 57 0,
PFG_MOEA,833,4,149.83,980.99,0 8 22 23 84 39 56 68 37 33 91 19 18 16 40 71 35 31 17 20 0,40
PFG_MOEA,833,5,149.83,980.99,0 4 80 53 66 94 49 51 79 32 3 36 54 70 72 67 86 82 21 1 34 58 77 0,86
PFG_MOEA,833,6,149.83,980.99,0 2 99 25 43 92 62 48 50 45 24 5 29 61 60 52 87 6 65 90 0,5
PFG_MOEA,834,1,143.0,1006.23,0 13 27 12 41 11 83 96 59 44 38 47 69 89 10 26 98 14 73 95 57 0,13
PFG_MOEA,834,2,143.0,1006.23,0 8 15 85 88 63 74 78 64 30 71 35 40 0,64 88
PFG_MOEA,834,3,143.0,1006.23,0 20 17 31 16 18 19 91 33 37 68 56 39 84 23 22 21 1 34 0,
PFG_MOEA,834,4,143.0,1006.23,0 4 80 53 66 49 51 79 32 94 82 86 67 72 70 54 36 3 58 77 0,80 94
PFG_MOEA,834,5,143.0,1006.23,0 2 99 25 43 92 62 48 50 45 24 5 29 52 87 6 65 90 0,43 48 65
PFG_MOEA,834,6,143.0,1006.23,0 100 93 60 61 97 75 55 9 76 42 81 7 46 28 0,
PFG_MOEA,835,1,182.07,852.88,0 8 100 97 75 55 9 76 42 81 7 46 28 69 47 38 44 59 26 10 89 96 83 11 14 13 0,26 81
PFG_MOEA,835,2,182.07,852.88,0 27 12 0,
PFG_MOEA,835,3,182.07,852.88,0 57 95 41 73 15 98 85 88 63 74 78 64 30 71 35 40 16 18 19 17 31 20 0,
PFG_MOEA,835,4,182.07,852.88,0 4 80 53 66 94 49 51 79 32 3 36 54 70 72 67 86 82 23 84 39 56 68 37 33 22 21 91 1 0,86
PFG_MOEA,835,5,182.07,852.88,0 50 2 99 34 25 43 92 48 62 58 77 45 0,48 50
PFG_MOEA,835,6,182.07,852.88,0 24 5 29 90 65 6 87 52 60 61 93 0,5
PFG_MOEA,836,1,377.38,815.07,0 28 0,
PFG_MOEA,836,2,377.38,815.07,0 10 26 59 44 38 47 69 89 0,
PFG_MOEA,836,3,377.38,815.07,0 4 80 53 66 94 49 51 79 32 3 36 54 70 72 67 86 82 23 84 39 56 68 37 33 22 21 91 20 31 17 19 18 16 40 35 71 30 64 78 74 63 88 85 98 15 73 14 11 83 96 57 95 41 12 27 13 99 34 1 43 25 2 50 0,35 50
PFG_MOEA,836,4,377.38,815.07,0 92 48 62 58 77 0,
PFG_MOEA,836,5,377.38,815.07,0 45 24 0,45
PFG_MOEA,836,6,377.38,815.07,0 90 65 6 87 52 29 5 60 61 97 93 100 8 42 76 9 55 75 81 7 46 0,5 65 100
PFG_MOEA,837,1,146.68,995.69,0 79 32 3 36 54 70 72 67 86 82 23 84 39 56 68 37 33 22 21 0,84
PFG_MOEA,837,2,146.68,995.69,0 91 20 31 17 19 18 16 40 35 71 30 64 78 74 63 88 85 98 15 73 0,
PFG_MOEA,837,3,146.68,995.69,0 57 96 83 11 14 95 41 12 27 13 99 34 1 43 92 50 25 2 0,50
PFG_MOEA,837,4,146.68,995.69,0 48 5 29 60 61 97 93 100 8 42 76 9 55 75 81 7 46 0,93
PFG_MOEA,837,5,146.68,995.69,0 62 58 77 45 24 90 65 6 87 52 0,45
PFG_MOEA,837,6,146.68,995.69,0 10 26 59 44 38 47 69 89 28 4 80 53 66 94 49 51 0,
PFG_MOEA,838,1,141.39,1069.23,0 8 42 28 10 89 47 69 38 44 59 26 96 0,
PFG_MOEA,838,2,141.39,1069.23,0 13 12 41 11 14 98 85 15 73 95 57 0,57
PFG_MOEA,838,3,141.39,1069.23,0 4 80 53 100 81 7 46 27 83 88 63 74 78 64 30 71 35 40 16 20 0,100
PFG_MOEA,838,4,141.39,1069.23,0 31 17 18 19 91 33 37 68 56 39 72 70 54 36 3 58 77 50 0,
PFG_MOEA,838,5,141.39,1069.23,0 2 99 34 1 21 84 23 22 25 43 92 48 62 67 86 82 94 49 66 0,94
PFG_MOEA,838,6,141.39,1069.23,0 24 45 51 32 79 5 29 90 65 6 87 52 60 61 97 93 75 55 9 76 0,
PFG_MOEA,839,1,167.7,934.83,0 96 83 11 14 42 76 9 55 75 81 46 28 69 47 38 44 59 26 10 89 0,26 38 89
PFG_MOEA,839,2,167.7,934.83,0 13 27 12 41 95 57 73 15 98 85 88 63 74 78 64 30 71 35 40 16 18 19 31 20 0,
PFG_MOEA,839,3,167.7,934.83,0 17 91 33 37 68 56 39 84 23 0,
PFG_MOEA,839,4,167.7,934.83,0 4 80 53 66 94 49 51 79 32 3 36 54 70 72 67 86 82 22 21 1 34 48 62 58 77 0,86 94
PFG_MOEA,839,5,167.7,934.83,0 2 99 25 43 92 50 45 24 5 29 90 65 6 87 52 60 61 97 93 100 0,43 45
PFG_MOEA,839,6,167.7,934.83,0 8 7 0,
PFG_MOEA,840,1,173.13,915.94,0 8 28 10 89 47 69 38 44 59 26 96 83 11 98 14 73 41 12 13 95 57 0,38
PFG_MOEA,840,2,173.13,915.94,0 15 85 88 63 74 78 64 30 71 35 40 16 18 19 31 17 20 91 33 37 68 56 39 84 23 22 21 1 34 0,17 40 64 88
PFG_MOEA,840,3,173.13,915.94,0 4 80 53 51 79 0,
PFG_MOEA,840,4,173.13,915.94,0 66 49 32 94 82 86 67 72 70 54 36 3 58 77 48 62 92 43 0,
PFG_MOEA,840,5,173.13,915.94,0 25 99 2 0,
PFG_MOEA,840,6,173.13,915.94,0 50 45 24 5 29 90 65 6 87 52 60 61 97 93 100 75 55 9 76 42 81 7 46 27 0,5 50 81
PFG_MOEA,841,1,152.21,947.44,0 27 12 41 95 57 83 11 96 26 59 44 38 69 47 89 10 0,11
PFG_MOEA,841,2,152.21,947.44,0 28 13 73 14 98 15 85 88 63 74 78 64 30 71 35 40 16 18 19 31 17 20 91 0,17 35 64 88
PFG_MOEA,841,3,152.21,947.44,0 22 23 84 39 56 68 37 33 21 1 34 80 53 51 79 0,
PFG_MOEA,841,4,152.21,947.44,0 92 50 25 99 2 66 49 32 5 24 45 4 0,2 5
PFG_MOEA,841,5,152.21,947.44,0 46 81 75 55 9 76 42 7 8 100 93 97 61 60 52 87 6 65 90 29 94 0,
PFG_MOEA,841,6,152.21,947.44,0 77 58 3 36 54 70 72 67 86 82 62 48 43 0,
PFG_MOEA,842,1,138.05,1111.26,0 73 78 74 63 88 85 15 98 14 0,
PFG_MOEA,842,2,138.05,1111.26,0 20 91 19 17 31 35 71 30 64 40 16 18 68 56 39 84 23 22 0,17 35 64
PFG_MOEA,842,3,138.05,1111.26,0 50 92 37 33 21 1 34 99 2 25 66 49 32 79 51 53 80 0,
PFG_MOEA,842,4,138.05,1111.26,0 6 65 90 29 5 24 45 94 82 86 67 72 70 54 36 3 58 77 62 0,5
PFG_MOEA,842,5,138.05,1111.26,0 43 48 46 81 75 55 9 76 42 7 8 100 93 97 61 60 52 87 4 0,100
PFG_MOEA,842,6,138.05,1111.26,0 28 10 89 47 69 38 44 59 26 96 11 83 57 95 41 12 27 13 0,
PFG_MOEA,843,1,149.83,980.99,0 100 93 97 55 75 0,
PFG_MOEA,843,2,149.83,980.99,0 46 7 81 9 76 42 28 69 47 38 44 59 26 10 89 96 83 11 14 73 95 0,81
PFG_MOEA,843,3,149.83,980.99,0 13 27 12 41 30 64 78 74 63 88 85 98 15 57 0,
PFG_MOEA,843,4,149.83,980.99,0 8 22 23 84 39 56 68 37 33 91 19 18 16 40 71 35 31 17 20 0,40
PFG_MOEA,843,5,149.83,980.99,0 4 80 53 66 94 49 51 79 32 3 36 54 70 72 67 86 82 21 1 34 58 77 0,86
PFG_MOEA,843,6,149.83,980.99,0 2 99 25 43 92 62 48 50 45 24 5 29 61 60 52 87 6 65 90 0,5
PFG_MOEA,844,1,143.0,1006.23,0 13 27 12 41 11 83 96 59 44 38 47 69 89 10 26 98 14 73 95 57 0,13
PFG_MOEA,844,2,143.0,1006.23,0 8 15 85 88 63 74 78 64 30 71 35 40 0,64 88
PFG_MOEA,844,3,143.0,1006.23,0 20 17 31 16 18 19 91 33 37 68 56 39 84 23 22 21 1 34 0,
PFG_MOEA,844,4,143.0,1006.23,0 4 80 53 66 49 51 79 32 94 82 86 67 72 70 54 36 3 58 77 0,80 94
PFG_MOEA,844,5,143.0,1006.23,0 2 99 25 43 92 62 48 50 45 24 5 29 52 87 6 65 90 0,43 48 65
PFG_MOEA,844,6,143.0,1006.23,0 100 93 60 61 97 75 55 9 76 42 81 7 46 28 0,
PFG_MOEA,845,1,182.07,852.88,0 8 100 97 75 55 9 76 42 81 7 46 28 69 47 38 44 59 26 10 89 96 83 11 14 13 0,26 81
PFG_MOEA,845,2,182.07,852.88,0 27 12 0,
PFG_MOEA,845,3,182.07,852.88,0 57 95 41 73 15 98 85 88 63 74 78 64 30 71 35 40 16 18 19 17 31 20 0,
PFG_MOEA,845,4,182.07,852.88,0 4 80 53 66 94 49 51 79 32 3 36 54 70 72 67 86 82 23 84 39 56 68 37 33 22 21 91 1 0,86
PFG_MOEA,845,5,182.07,852.88,0 50 2 99 34 25 43 92 48 62 58 77 45 0,48 50
PFG_MOEA,845,6,182.07,852.88,0 24 5 29 90 65 6 87 52 60 61 93 0,5
PFG_MOEA,846,1,377.38,815.07,0 28 0,
PFG_MOEA,846,2,377.38,815.07,0 10 26 59 44 38 47 69 89 0,
PFG_MOEA,846,3,377.38,815.07,0 4 80 53 66 94 49 51 79 32 3 36 54 70 72 67 86 82 23 84 39 56 68 37 33 22 21 91 20 31 17 19 18 16 40 35 71 30 64 78 74 63 88 85 98 15 73 14 11 83 96 57 95 41 12 27 13 99 34 1 43 25 2 50 0,35 50
PFG_MOEA,846,4,377.38,815.07,0 92 48 62 58 77 0,
PFG_MOEA,846,5,377.38,815.07,0 45 24 0,45
PFG_MOEA,846,6,377.38,815.07,0 90 65 6 87 52 29 5 60 61 97 93 100 8 42 76 9 55 75 81 7 46 0,5 65 100
PFG_MOEA,847,1,146.68,995.69,0 79 32 3 36 54 70 72 67 86 82 23 84 39 56 68 37 33 22 21 0,84
PFG_MOEA,847,2,146.68,995.69,0 91 20 31 17 19 18 16 40 35 71 30 64 78 74 63 88 85 98 15 73 0,
PFG_MOEA,847,3,146.68,995.69,0 57 96 83 11 14 95 41 12 27 13 99 34 1 43 92 50 25 2 0,50
PFG_MOEA,847,4,146.68,995.69,0 48 5 29 60 61 97 93 100 8 42 76 9 55 75 81 7 46 0,93
PFG_MOEA,847,5,146.68,995.69,0 62 58 77 45 24 90 65 6 87 52 0,45
PFG_MOEA,847,6,146.68,995.69,0 10 26 59 44 38 47 69 89 28 4 80 53 66 94 49 51 0,
PFG_MOEA,848,1,141.39,1069.23,0 8 42 28 10 89 47 69 38 44 59 26 96 0,
PFG_MOEA,848,2,141.39,1069.23,0 13 12 41 11 14 98 85 15 73 95 57 0,57
PFG_MOEA,848,3,141.39,1069.23,0 4 80 53 100 81 7 46 27 83 88 63 74 78 64 30 71 35 40 16 20 0,100
PFG_MOEA,848,4,141.39,1069.23,0 31 17 18 19 91 33 37 68 56 39 72 70 54 36 3 58 77 50 0,
PFG_MOEA,848,5,141.39,1069.23,0 2 99 34 1 21 84 23 22 25 43 92 48 62 67 86 82 94 49 66 0,94
PFG_MOEA,848,6,141.39,1069.23,0 24 45 51 32 79 5 29 90 65 6 87 52 60 61 97 93 75 55 9 76 0,
PFG_MOEA,849,1,167.7,934.83,0 96 83 11 14 42 76 9 55 75 81 46 28 69 47 38 44 59 26 10 89 0,26 38 89
PFG_MOEA,849,2,167.7,934.83,0 13 27 12 41 95 57 73 15 98 85 88 63 74 78 64 30 71 35 40 16 18 19 31 20 0,
PFG_MOEA,849,3,167.7,934.83,0 17 91 33 37 68 56 39 84 23 0,
PFG_MOEA,849,4,167.7,934.83,0 4 80 53 66 94 49 51 79 32 3 36 54 70 72 67 86 82 22 21 1 34 48 62 58 77 0,86 94
PFG_MOEA,849,5,167.7,934.83,0 2 99 25 43 92 50 45 24 5 29 90 65 6 87 52 60 61 97 93 100 0,43 45
PFG_MOEA,849,6,167.7,934.83,0 8 7 0,
PFG_MOEA,850,1,173.13,915.94,0 8 28 10 89 47 69 38 44 59 26 96 83 11 98 14 73 41 12 13 95 57 0,38
PFG_MOEA,850,2,173.13,915.94,0 15 85 88 63 74 78 64 30 71 35 40 16 18 19 31 17 20 91 33 37 68 56 39 84 23 22 21 1 34 0,17 40 64 88
PFG_MOEA,850,3,173.13,915.94,0 4 80 53 51 79 0,
PFG_MOEA,850,4,173.13,915.94,0 66 49 32 94 82 86 67 72 70 54 36 3 58 77 48 62 92 43 0,
PFG_MOEA,850,5,173.13,915.94,0 25 99 2 0,
PFG_MOEA,850,6,173.13,915.94,0 50 45 24 5 29 90 65 6 87 52 60 61 97 93 100 75 55 9 76 42 81 7 46 27 0,5 50 81
PFG_MOEA,851,1,152.21,947.44,0 27 12 41 95 57 83 11 96 26 59 44 38 69 47 89 10 0,11
PFG_MOEA,851,2,152.21,947.44,0 28 13 73 14 98 15 85 88 63 74 78 64 30 71 35 40 16 18 19 31 17 20 91 0,17 35 64 88
PFG_MOEA,851,3,152.21,947.44,0 22 23 84 39 56 68 37 33 21 1 34 80 53 51 79 0,
PFG_MOEA,851,4,152.21,947.44,0 92 50 25 99 2 66 49 32 5 24 45 4 0,2 5
PFG_MOEA,851,5,152.21,947.44,0 46 81 75 55 9 76 42 7 8 100 93 97 61 60 52 87 6 65 90 29 94 0,
PFG_MOEA,851,6,152.21,947.44,0 77 58 3 36 54 70 72 67 86 82 62 48 43 0,
PFG_MOEA,852,1,138.05,1111.26,0 73 78 74 63 88 85 15 98 14 0,
PFG_MOEA,852,2,138.05,1111.26,0 20 91 19 17 31 35 71 30 64 40 16 18 68 56 39 84 23 22 0,17 35 64
PFG_MOEA,852,3,138.05,1111.26,0 50 92 37 33 21 1 34 99 2 25 66 49 32 79 51 53 80 0,
PFG_MOEA,852,4,138.05,1111.26,0 6 65 90 29 5 24 45 94 82 86 67 72 70 54 36 3 58 77 62 0,5
PFG_MOEA,852,5,138.05,1111.26,0 43 48 46 81 75 55 9 76 42 7 8 100 93 97 61 60 52 87 4 0,100
PFG_MOEA,852,6,138.05,1111.26,0 28 10 89 47 69 38 44 59 26 96 11 83 57 95 41 12 27 13 0,
PFG_MOEA,853,1,149.83,980.99,0 100 93 97 55 75 0,
PFG_MOEA,853,2,149.83,980.99,0 46 7 81 9 76 42 28 69 47 38 44 59 26 10 89 96 83 11 14 73 95 0,81
PFG_MOEA,853,3,149.83,980.99,0 13 27 12 41 30 64 78 74 63 88 85 98 15 57 0,
PFG_MOEA,853,4,149.83,980.99,0 8 22 23 84 39 56 68 37 33 91 19 18 16 40 71 35 31 17 20 0,40
PFG_MOEA,853,5,149.83,980.99,0 4 80 53 66 94 49 51 79 32 3 36 54 70 72 67 86 82 21 1 34 58 77 0,86
PFG_MOEA,853,6,149.83,980.99,0 2 99 25 43 92 62 48 50 45 24 5 29 61 60 52 87 6 65 90 0,5
PFG_MOEA,854,1,143.0,1006.23,0 13 27 12 41 11 83 96 59 44 38 47 69 89 10 26 98 14 73 95 57 0,13
PFG_MOEA,854,2,143.0,1006.23,0 8 15 85 88 63 74 78 64 30 71 35 40 0,64 88
PFG_MOEA,854,3,143.0,1006.23,0 20 17 31 16 18 19 91 33 37 68 56 39 84 23 22 21 1 34 0,
PFG_MOEA,854,4,143.0,1006.23,0 4 80 53 66 49 51 79 32 94 82 86 67 72 70 54 36 3 58 77 0,80 94
PFG_MOEA,854,5,143.0,1006.23,0 2 99 25 43 92 62 48 50 45 24 5 29 52 87 6 65 90 0,43 48 65
PFG_MOEA,854,6,143.0,1006.23,0 100 93 60 61 97 75 55 9 76 42 81 7 46 28 0,
PFG_MOEA,855,1,182.07,852.88,0 8 100 97 75 55 9 76 42 81 7 46 28 69 47 38 44 59 26 10 89 96 83 11 14 13 0,26 81
PFG_MOEA,855,2,182.07,852.88,0 27 12 0,
PFG_MOEA,855,3,182.07,852.88,0 57 95 41 73 15 98 85 88 63 74 78 64 30 71 35 40 16 18 19 17 31 20 0,
PFG_MOEA,855,4,182.07,852.88,0 4 80 53 66 94 49 51 79 32 3 36 54 70 72 67 86 82 23 84 39 56 68 37 33 22 21 91 1 0,86
PFG_MOEA,855,5,182.07,852.88,0 50 2 99 34 25 43 92 48 62 58 77 45 0,48 50
PFG_MOEA,855,6,182.07,852.88,0 24 5 29 90 65 6 87 52 60 61 93 0,5
PFG_MOEA,856,1,377.38,815.07,0 28 0,
PFG_MOEA,856,2,377.38,815.07,0 10 26 59 44 38 47 69 89 0,
PFG_MOEA,856,3,377.38,815.07,0 4 80 53 66 94 49 51 79 32 3 36 54 70 72 67 86 82 23 84 39 56 68 37 33 22 21 91 20 31 17 19 18 16 40 35 71 30 64 78 74 63 88 85 98 15 73 14 11 83 96 57 95 41 12 27 13 99 34 1 43 25 2 50 0,35 50
PFG_MOEA,856,4,377.38,815.07,0 92 48 62 58 77 0,
PFG_MOEA,856,5,377.38,815.07,0 45 24 0,45
PFG_MOEA,856,6,377.38,815.07,0 90 65 6 87 52 29 5 60 61 97 93 100 8 42 76 9 55 75 81 7 46 0,5 65 100
PFG_MOEA,857,1,146.68,995.69,0 79 32 3 36 54 70 72 67 86 82 23 84 39 56 68 37 33 22 21 0,84
PFG_MOEA,857,2,146.68,995.69,0 91 20 31 17 19 18 16 40 35 71 30 64 78 74 63 88 85 98 15 73 0,
PFG_MOEA,857,3,146.68,995.69,0 57 96 83 11 14 95 41 12 27 13 99 34 1 43 92 50 25 2 0,50
PFG_MOEA,857,4,146.68,995.69,0 48 5 29 60 61 97 93 100 8 42 76 9 55 75 81 7 46 0,93
PFG_MOEA,857,5,146.68,995.69,0 62 58 77 45 24 90 65 6 87 52 0,45
PFG_MOEA,857,6,146.68,995.69,0 10 26 59 44 38 47 69 89 28 4 80 53 66 94 49 51 0,
PFG_MOEA,858,1,141.39,1069.23,0 8 42 28 10 89 47 69 38 44 59 26 96 0,
PFG_MOEA,858,2,141.39,1069.23,0 13 12 41 11 14 98 85 15 73 95 57 0,57
PFG_MOEA,858,3,141.39,1069.23,0 4 80 53 100 81 7 46 27 83 88 63 74 78 64 30 71 35 40 16 20 0,100
PFG_MOEA,858,4,141.39,1069.23,0 31 17 18 19 91 33 37 68 56 39 72 70 54 36 3 58 77 50 0,
PFG_MOEA,858,5,141.39,1069.23,0 2 99 34 1 21 84 23 22 25 43 92 48 62 67 86 82 94 49 66 0,94
PFG_MOEA,858,6,141.39,1069.23,0 24 45 51 32 79 5 29 90 65 6 87 52 60 61 97 93 75 55 9 76 0,
PFG_MOEA,859,1,167.7,934.83,0 96 83 11 14 42 76 9 55 75 81 46 28 69 47 38 44 59 26 10 89 0,26 38 89
PFG_MOEA,859,2,167.7,934.83,0 13 27 12 41 95 57 73 15 98 85 88 63 74 78 64 30 71 35 40 16 18 19 31 20 0,
PFG_MOEA,859,3,167.7,934.83,0 17 91 33 37 68 56 39 84 23 0,
PFG_MOEA,859,4,167.7,934.83,0 4 80 53 66 94 49 51 79 32 3 36 54 70 72 67 86 82 22 21 1 34 48 62 58 77 0,86 94
PFG_MOEA,859,5,167.7,934.83,0 2 99 25 43 92 50 45 24 5 29 90 65 6 87 52 60 61 97 93 100 0,43 45
PFG_MOEA,859,6,167.7,934.83,0 8 7 0,
PFG_MOEA,860,1,173.13,915.94,0 8 28 10 89 47 69 38 44 59 26 96 83 11 98 14 73 41 12 13 95 57 0,38
PFG_MOEA,860,2,173.13,915.94,0 15 85 88 63 74 78 64 30 71 35 40 16 18 19 31 17 20 91 33 37 68 56 39 84 23 22 21 1 34 0,17 40 64 88
PFG_MOEA,860,3,173.13,915.94,0 4 80 53 51 79 0,
PFG_MOEA,860,4,173.13,915.94,0 66 49 32 94 82 86 67 72 70 54 36 3 58 77 48 62 92 43 0,
PFG_MOEA,860,5,173.13,915.94,0 25 99 2 0,
PFG_MOEA,860,6,173.13,915.94,0 50 45 24 5 29 90 65 6 87 52 60 61 97 93 100 75 55 9 76 42 81 7 46 27 0,5 50 81
PFG_MOEA,861,1,152.21,947.44,0 27 12 41 95 57 83 11 96 26 59 44 38 69 47 89 10 0,11
PFG_MOEA,861,2,152.21,947.44,0 28 13 73 14 98 15 85 88 63 74 78 64 30 71 35 40 16 18 19 31 17 20 91 0,17 35 64 88
PFG_MOEA,861,3,152.21,947.44,0 22 23 84 39 56 68 37 33 21 1 34 80 53 51 79 0,
PFG_MOEA,861,4,152.21,947.44,0 92 50 25 99 2 66 49 32 5 24 45 4 0,2 5
PFG_MOEA,861,5,152.21,947.44,0 46 81 75 55 9 76 42 7 8 100 93 97 61 60 52 87 6 65 90 29 94 0,
PFG_MOEA,861,6,152.21,947.44,0 77 58 3 36 54 70 72 67 86 82 62 48 43 0,
PFG_MOEA,862,1,138.05,1111.26,0 73 78 74 63 88 85 15 98 14 0,
PFG_MOEA,862,2,138.05,1111.26,0 20 91 19 17 31 35 71 30 64 40 16 18 68 56 39 84 23 22 0,17 35 64
PFG_MOEA,862,3,138.05,1111.26,0 50 92 37 33 21 1 34 99 2 25 66 49 32 79 51 53 80 0,
PFG_MOEA,862,4,138.05,1111.26,0 6 65 90 29 5 24 45 94 82 86 67 72 70 54 36 3 58 77 62 0,5
PFG_MOEA,862,5,138.05,1111.26,0 43 48 46 81 75 55 9 76 42 7 8 100 93 97 61 60 52 87 4 0,100
PFG_MOEA,862,6,138.05,1111.26,0 28 10 89 47 69 38 44 59 26 96 11 83 57 95 41 12 27 13 0,
PFG_MOEA,863,1,149.83,980.99,0 100 93 97 55 75 0,
PFG_MOEA,863,2,149.83,980.99,0 46 7 81 9 76 42 28 69 47 38 44 59 26 10 89 96 83 11 14 73 95 0,81
PFG_MOEA,863,3,149.83,980.99,0 13 27 12 41 30 64 78 74 63 88 85 98 15 57 0,
PFG_MOEA,863,4,149.83,980.99,0 8 22 23 84 39 56 68 37 33 91 19 18 16 40 71 35 31 17 20 0,40
PFG_MOEA,863,5,149.83,980.99,0 4 80 53 66 94 49 51 79 32 3 36 54 70 72 67 86 82 21 1 34 58 77 0,86
PFG_MOEA,863,6,149.83,980.99,0 2 99 25 43 92 62 48 50 45 24 5 29 61 60 52 87 6 65 90 0,5
PFG_MOEA,864,1,143.0,1006.23,0 13 27 12 41 11 83 96 59 44 38 47 69 89 10 26 98 14 73 95 57 0,13
PFG_MOEA,864,2,143.0,1006.23,0 8 15 85 88 63 74 78 64 30 71 35 40 0,64 88
PFG_MOEA,864,3,143.0,1006.23,0 20 17 31 16 18 19 91 33 37 68 56 39 84 23 22 21 1 34 0,
PFG_MOEA,864,4,143.0,1006.23,0 4 80 53 66 49 51 79 32 94 82 86 67 72 70 54 36 3 58 77 0,80 94
PFG_MOEA,864,5,143.0,1006.23,0 2 99 25 43 92 62 48 50 45 24 5 29 52 87 6 65 90 0,43 48 65
PFG_MOEA,864,6,143.0,1006.23,0 100 93 60 61 97 75 55 9 76 42 81 7 46 28 0,
PFG_MOEA,865,1,182.07,852.88,0 8 100 97 75 55 9 76 42 81 7 46 28 69 47 38 44 59 26 10 89 96 83 11 14 13 0,26 81
PFG_MOEA,865,2,182.07,852.88,0 27 12 0,
PFG_MOEA,865,3,182.07,852.88,0 57 95 41 73 15 98 85 88 63 74 78 64 30 71 35 40 16 18 19 17 31 20 0,
PFG_MOEA,865,4,182.07,852.88,0 4 80 53 66 94 49 51 79 32 3 36 54 70 72 67 86 82 23 84 39 56 68 37 33 22 21 91 1 0,86
PFG_MOEA,865,5,182.07,852.88,0 50 2 99 34 25 43 92 48 62 58 77 45 0,48 50
PFG_MOEA,865,6,182.07,852.88,0 24 5 29 90 65 6 87 52 60 61 93 0,5
PFG_MOEA,866,1,377.38,815.07,0 28 0,
PFG_MOEA,866,2,377.38,815.07,0 10 26 59 44 38 47 69 89 0,
PFG_MOEA,866,3,377.38,815.07,0 4 80 53 66 94 49 51 79 32 3 36 54 70 72 67 86 82 23 84 39 56 68 37 33 22 21 91 20 31 17 19 18 16 40 35 71 30 64 78 74 63 88 85 98 15 73 14 11 83 96 57 95 41 12 27 13 99 34 1 43 25 2 50 0,35 50
PFG_MOEA,866,4,377.38,815.07,0 92 48 62 58 77 0,
PFG_MOEA,866,5,377.38,815.07,0 45 24 0,45
PFG_MOEA,866,6,377.38,815.07,0 90 65 6 87 52 29 5 60 61 97 93 100 8 42 76 9 55 75 81 7 46 0,5 65 100
PFG_MOEA,867,1,146.68,995.69,0 79 32 3 36 54 70 72 67 86 82 23 84 39 56 68 37 33 22 21 0,84
PFG_MOEA,867,2,146.68,995.69,0 91 20 31 17 19 18 16 40 35 71 30 64 78 74 63 88 85 98 15 73 0,
PFG_MOEA,867,3,146.68,995.69,0 57 96 83 11 14 95 41 12 27 13 99 34 1 43 92 50 25 2 0,50
PFG_MOEA,867,4,146.68,995.69,0 48 5 29 60 61 97 93 100 8 42 76 9 55 75 81 7 46 0,93
PFG_MOEA,867,5,146.68,995.69,0 62 58 77 45 24 90 65 6 87 52 0,45
PFG_MOEA,867,6,146.68,995.69,0 10 26 59 44 38 47 69 89 28 4 80 53 66 94 49 51 0,
PFG_MOEA,868,1,141.39,1069.23,0 8 42 28 10 89 47 69 38 44 59 26 96 0,
PFG_MOEA,868,2,141.39,1069.23,0 13 12 41 11 14 98 85 15 73 95 57 0,57
PFG_MOEA,868,3,141.39,1069.23,0 4 80 53 100 81 7 46 27 83 88 63 74 78 64 30 71 35 40 16 20 0,100
PFG_MOEA,868,4,141.39,1069.23,0 31 17 18 19 91 33 37 68 56 39 72 70 54 36 3 58 77 50 0,
PFG_MOEA,868,5,141.39,1069.23,0 2 99 34 1 21 84 23 22 25 43 92 48 62 67 86 82 94 49 66 0,94
PFG_MOEA,868,6,141.39,1069.23,0 24 45 51 32 79 5 29 90 65 6 87 52 60 61 97 93 75 55 9 76 0,
PFG_MOEA,869,1,167.7,934.83,0 96 83 11 14 42 76 9 55 75 81 46 28 69 47 38 44 59 26 10 89 0,26 38 89
PFG_MOEA,869,2,167.7,934.83,0 13 27 12 41 95 57 73 15 98 85 88 63 74 78 64 30 71 35 40 16 18 19 31 20 0,
PFG_MOEA,869,3,167.7,934.83,0 17 91 33 37 68 56 39 84 23 0,
PFG_MOEA,869,4,167.7,934.83,0 4 80 53 66 94 49 51 79 32 3 36 54 70 72 67 86 82 22 21 1 34 48 62 58 77 0,86 94
PFG_MOEA,869,5,167.7,934.83,0 2 99 25 43 92 50 45 24 5 29 90 65 6 87 52 60 61 97 93 100 0,43 45
PFG_MOEA,869,6,167.7,934.83,0 8 7 0,
PFG_MOEA,870,1,173.13,915.94,0 8 28 10 89 47 69 38 44 59 26 96 83 11 98 14 73 41 12 13 95 57 0,38
PFG_MOEA,870,2,173.13,915.94,0 15 85 88 63 74 78 64 30 71 35 40 16 18 19 31 17 20 91 33 37 68 56 39 84 23 22 21 1 34 0,17 40 64 88
PFG_MOEA,870,3,173.13,915.94,0 4 80 53 51 79 0,
PFG_MOEA,870,4,173.13,915.94,0 66 49 32 94 82 86 67 72 70 54 36 3 58 77 48 62 92 43 0,
PFG_MOEA,870,5,173.13,915.94,0 25 99 2 0,
PFG_MOEA,870,6,173.13,915.94,0 50 45 24 5 29 90 65 6 87 52 60 61 97 93 100 75 55 9 76 42 81 7 46 27 0,5 50 81
PFG_MOEA,871,1,152.21,947.44,0 27 12 41 95 57 83 11 96 26 59 44 38 69 47 89 10 0,11
PFG_MOEA,871,2,152.21,947.44,0 28 13 73 14 98 15 85 88 63 74 78 64 30 71 35 40 16 18 19 31 17 20 91 0,17 35 64 88
PFG_MOEA,871,3,152.21,947.44,0 22 23 84 39 56 68 37 33 21 1 34 80 53 51 79 0,
PFG_MOEA,871,4,152.21,947.44,0 92 50 25 99 2 66 49 32 5 24 45 4 0,2 5
PFG_MOEA,871,5,152.21,947.44,0 46 81 75 55 9 76 42 7 8 100 93 97 61 60 52 87 6 65 90 29 94 0,
PFG_MOEA,871,6,152.21,947.44,0 77 58 3 36 54 70 72 67 86 82 62 48 43 0,
PFG_MOEA,872,1,138.05,1111.26,0 73 78 74 63 88 85 15 98 14 0,
PFG_MOEA,872,2,138.05,1111.26,0 20 91 19 17 31 35 71 30 64 40 16 18 68 56 39 84 23 22 0,17 35 64
PFG_MOEA,872,3,138.05,1111.26,0 50 92 37 33 21 1 34 99 2 25 66 49 32 79 51 53 80 0,
PFG_MOEA,872,4,138.05,1111.26,0 6 65 90 29 5 24 45 94 82 86 67 72 70 54 36 3 58 77 62 0,5
PFG_MOEA,872,5,138.05,1111.26,0 43 48 46 81 75 55 9 76 42 7 8 100 93 97 61 60 52 87 4 0,100
PFG_MOEA,872,6,138.05,1111.26,0 28 10 89 47 69 38 44 59 26 96 11 83 57 95 41 12 27 13 0,
PFG_MOEA,873,1,149.83,980.99,0 100 93 97 55 75 0,
PFG_MOEA,873,2,149.83,980.99,0 46 7 81 9 76 42 28 69 47 38 44 59 26 10 89 96 83 11 14 73 95 0,81
PFG_MOEA,873,3,149.83,980.99,0 13 27 12 41 30 64 78 74 63 88 85 98 15 57 0,
PFG_MOEA,873,4,149.83,980.99,0 8 22 23 84 39 56 68 37 33 91 19 18 16 40 71 35 31 17 20 0,40
PFG_MOEA,873,5,149.83,980.99,0 4 80 53 66 94 49 51 79 32 3 36 54 70 72 67 86 82 21 1 34 58 77 0,86
PFG_MOEA,873,6,149.83,980.99,0 2 99 25 43 92 62 48 50 45 24 5 29 61 60 52 87 6 65 90 0,5
PFG_MOEA,874,1,143.0,1006.23,0 13 27 12 41 11 83 96 59 44 38 47 69 89 10 26 98 14 73 95 57 0,13
PFG_MOEA,874,2,143.0,1006.23,0 8 15 85 88 63 74 78 64 30 71 35 40 0,64 88
PFG_MOEA,874,3,143.0,1006.23,0 20 17 31 16 18 19 91 33 37 68 56 39 84 23 22 21 1 34 0,
PFG_MOEA,874,4,143.0,1006.23,0 4 80 53 66 49 51 79 32 94 82 86 67 72 70 54 36 3 58 77 0,80 94
PFG_MOEA,874,5,143.0,1006.23,0 2 99 25 43 92 62 48 50 45 24 5 29 52 87 6 65 90 0,43 48 65
PFG_MOEA,874,6,143.0,1006.23,0 100 93 60 61 97 75 55 9 76 42 81 7 46 28 0,
PFG_MOEA,875,1,182.07,852.88,0 8 100 97 75 55 9 76 42 81 7 46 28 69 47 38 44 59 26 10 89 96 83 11 14 13 0,26 81
PFG_MOEA,875,2,182.07,852.88,0 27 12 0,
PFG_MOEA,875,3,182.07,852.88,0 57 95 41 73 15 98 85 88 63 74 78 64 30 71 35 40 16 18 19 17 31 20 0,
PFG_MOEA,875,4,182.07,852.88,0 4 80 53 66 94 49 51 79 32 3 36 54 70 72 67 86 82 23 84 39 56 68 37 33 22 21 91 1 0,86
PFG_MOEA,875,5,182.07,852.88,0 50 2 99 34 25 43 92 48 62 58 77 45 0,48 50
PFG_MOEA,875,6,182.07,852.88,0 24 5 29 90 65 6 87 52 60 61 93 0,5
PFG_MOEA,876,1,377.38,815.07,0 28 0,
PFG_MOEA,876,2,377.38,815.07,0 10 26 59 44 38 47 69 89 0,
PFG_MOEA,876,3,377.38,815.07,0 4 80 53 66 94 49 51 79 32 3 36 54 70 72 67 86 82 23 84 39 56 68 37 33 22 21 91 20 31 17 19 18 16 40 35 71 30 64 78 74 63 88 85 98 15 73 14 11 83 96 57 95 41 12 27 13 99 34 1 43 25 2 50 0,35 50
PFG_MOEA,876,4,377.38,815.07,0 92 48 62 58 77 0,
PFG_MOEA,876,5,377.38,815.07,0 45 24 0,45
PFG_MOEA,876,6,377.38,815.07,0 90 65 6 87 52 29 5 60 61 97 93 100 8 42 76 9 55 75 81 7 46 0,5 65 100
PFG_MOEA,877,1,146.68,995.69,0 79 32 3 36 54 70 72 67 86 82 23 84 39 56 68 37 33 22 21 0,84
PFG_MOEA,877,2,146.68,995.69,0 91 20 31 17 19 18 16 40 35 71 30 64 78 74 63 88 85 98 15 73 0,
PFG_MOEA,877,3,146.68,995.69,0 57 96 83 11 14 95 41 12 27 13 99 34 1 43 92 50 25 2 0,50
PFG_MOEA,877,4,146.68,995.69,0 48 5 29 60 61 97 93 100 8 42 76 9 55 75 81 7 46 0,93
PFG_MOEA,877,5,146.68,995.69,0 62 58 77 45 24 90 65 6 87 52 0,45
PFG_MOEA,877,6,146.68,995.69,0 10 26 59 44 38 47 69 89 28 4 80 53 66 94 49 51 0,
PFG_MOEA,878,1,141.39,1069.23,0 8 42 28 10 89 47 69 38 44 59 26 96 0,
PFG_MOEA,878,2,141.39,1069.23,0 13 12 41 11 14 98 85 15 73 95 57 0,57
PFG_MOEA,878,3,141.39,1069.23,0 4 80 53 100 81 7 46 27 83 88 63 74 78 64 30 71 35 40 16 20 0,100
PFG_MOEA,878,4,141.39,1069.23,0 31 17 18 19 91 33 37 68 56 39 72 70 54 36 3 58 77 50 0,
PFG_MOEA,878,5,141.39,1069.23,0 2 99 34 1 21 84 23 22 25 43 92 48 62 67 86 82 94 49 66 0,94
PFG_MOEA,878,6,141.39,1069.23,0 24 45 51 32 79 5 29 90 65 6 87 52 60 61 97 93 75 55 9 76 0,
PFG_MOEA,879,1,167.7,934.83,0 96 83 11 14 42 76 9 55 75 81 46 28 69 47 38 44 59 26 10 89 0,26 38 89
PFG_MOEA,879,2,167.7,934.83,0 13 27 12 41 95 57 73 15 98 85 88 63 74 78 64 30 71 35 40 16 18 19 31 20 0,
PFG_MOEA,879,3,167.7,934.83,0 17 91 33 37 68 56 39 84 23 0,
PFG_MOEA,879,4,167.7,934.83,0 4 80 53 66 94 49 51 79 32 3 36 54 70 72 67 86 82 22 21 1 34 48 62 58 77 0,86 94
PFG_MOEA,879,5,167.7,934.83,0 2 99 25 43 92 50 45 24 5 29 90 65 6 87 52 60 61 97 93 100 0,43 45
PFG_MOEA,879,6,167.7,934.83,0 8 7 0,
PFG_MOEA,880,1,173.13,915.94,0 8 28 10 89 47 69 38 44 59 26 96 83 11 98 14 73 41 12 13 95 57 0,38
PFG_MOEA,880,2,173.13,915.94,0 15 85 88 63 74 78 64 30 71 35 40 16 18 19 31 17 20 91 33 37 68 56 39 84 23 22 21 1 34 0,17 40 64 88
PFG_MOEA,880,3,173.13,915.94,0 4 80 53 51 79 0,
PFG_MOEA,880,4,173.13,915.94,0 66 49 32 94 82 86 67 72 70 54 36 3 58 77 48 62 92 43 0,
PFG_MOEA,880,5,173.13,915.94,0 25 99 2 0,
PFG_MOEA,880,6,173.13,915.94,0 50 45 24 5 29 90 65 6 87 52 60 61 97 93 100 75 55 9 76 42 81 7 46 27 0,5 50 81
PFG_MOEA,881,1,152.21,947.44,0 27 12 41 95 57 83 11 96 26 59 44 38 69 47 89 10 0,11
PFG_MOEA,881,2,152.21,947.44,0 28 13 73 14 98 15 85 88 63 74 78 64 30 71 35 40 16 18 19 31 17 20 91 0,17 35 64 88
PFG_MOEA,881,3,152.21,947.44,0 22 23 84 39 56 68 37 33 21 1 34 80 53 51 79 0,
PFG_MOEA,881,4,152.21,947.44,0 92 50 25 99 2 66 49 32 5 24 45 4 0,2 5
PFG_MOEA,881,5,152.21,947.44,0 46 81 75 55 9 76 42 7 8 100 93 97 61 60 52 87 6 65 90 29 94 0,
PFG_MOEA,881,6,152.21,947.44,0 77 58 3 36 54 70 72 67 86 82 62 48 43 0,
PFG_MOEA,882,1,138.05,1111.26,0 73 78 74 63 88 85 15 98 14 0,
PFG_MOEA,882,2,138.05,1111.26,0 20 91 19 17 31 35 71 30 64 40 16 18 68 56 39 84 23 22 0,17 35 64
PFG_MOEA,882,3,138.05,1111.26,0 50 92 37 33 21 1 34 99 2 25 66 49 32 79 51 53 80 0,
PFG_MOEA,882,4,138.05,1111.26,0 6 65 90 29 5 24 45 94 82 86 67 72 70 54 36 3 58 77 62 0,5
PFG_MOEA,882,5,138.05,1111.26,0 43 48 46 81 75 55 9 76 42 7 8 100 93 97 61 60 52 87 4 0,100
PFG_MOEA,882,6,138.05,1111.26,0 28 10 89 47 69 38 44 59 26 96 11 83 57 95 41 12 27 13 0,
PFG_MOEA,883,1,149.83,980.99,0 100 93 97 55 75 0,
PFG_MOEA,883,2,149.83,980.99,0 46 7 81 9 76 42 28 69 47 38 44 59 26 10 89 96 83 11 14 73 95 0,81
PFG_MOEA,883,3,149.83,980.99,0 13 27 12 41 30 64 78 74 63 88 85 98 15 57 0,
PFG_MOEA,883,4,149.83,980.99,0 8 22 23 84 39 56 68 37 33 91 19 18 16 40 71 35 31 17 20 0,40
PFG_MOEA,883,5,149.83,980.99,0 4 80 53 66 94 49 51 79 32 3 36 54 70 72 67 86 82 21 1 34 58 77 0,86
PFG_MOEA,883,6,149.83,980.99,0 2 99 25 43 92 62 48 50 45 24 5 29 61 60 52 87 6 65 90 0,5
PFG_MOEA,884,1,143.0,1006.23,0 13 27 12 41 11 83 96 59 44 38 47 69 89 10 26 98 14 73 95 57 0,13
PFG_MOEA,884,2,143.0,1006.23,0 8 15 85 88 63 74 78 64 30 71 35 40 0,64 88
PFG_MOEA,884,3,143.0,1006.23,0 20 17 31 16 18 19 91 33 37 68 56 39 84 23 22 21 1 34 0,
PFG_MOEA,884,4,143.0,1006.23,0 4 80 53 66 49 51 79 32 94 82 86 67 72 70 54 36 3 58 77 0,80 94
PFG_MOEA,884,5,143.0,1006.23,0 2 99 25 43 92 62 48 50 45 24 5 29 52 87 6 65 90 0,43 48 65
PFG_MOEA,884,6,143.0,1006.23,0 100 93 60 61 97 75 55 9 76 42 81 7 46 28 0,
PFG_MOEA,885,1,182.07,852.88,0 8 100 97 75 55 9 76 42 81 7 46 28 69 47 38 44 59 26 10 89 96 83 11 14 13 0,26 81
PFG_MOEA,885,2,182.07,852.88,0 27 12 0,
PFG_MOEA,885,3,182.07,852.88,0 57 95 41 73 15 98 85 88 63 74 78 64 30 71 35 40 16 18 19 17 31 20 0,
PFG_MOEA,885,4,182.07,852.88,0 4 80 53 66 94 49 51 79 32 3 36 54 70 72 67 86 82 23 84 39 56 68 37 33 22 21 91 1 0,86
PFG_MOEA,885,5,182.07,852.88,0 50 2 99 34 25 43 92 48 62 58 77 45 0,48 50
PFG_MOEA,885,6,182.07,852.88,0 24 5 29 90 65 6 87 52 60 61 93 0,5
PFG_MOEA,886,1,377.38,815.07,0 28 0,
PFG_MOEA,886,2,377.38,815.07,0 10 26 59 44 38 47 69 89 0,
PFG_MOEA,886,3,377.38,815.07,0 4 80 53 66 94 49 51 79 32 3 36 54 70 72 67 86 82 23 84 39 56 68 37 33 22 21 91 20 31 17 19 18 16 40 35 71 30 64 78 74 63 88 85 98 15 73 14 11 83 96 57 95 41 12 27 13 99 34 1 43 25 2 50 0,35 50
PFG_MOEA,886,4,377.38,815.07,0 92 48 62 58 77 0,
PFG_MOEA,886,5,377.38,815.07,0 45 24 0,45
PFG_MOEA,886,6,377.38,815.07,0 90 65 6 87 52 29 5 60 61 97 93 100 8 42 76 9 55 75 81 7 46 0,5 65 100
PFG_MOEA,887,1,146.68,995.69,0 79 32 3 36 54 70 72 67 86 82 23 84 39 56 68 37 33 22 21 0,84
PFG_MOEA,887,2,146.68,995.69,0 91 20 31 17 19 18 16 40 35 71 30 64 78 74 63 88 85 98 15 73 0,
PFG_MOEA,887,3,146.68,995.69,0 57 96 83 11 14 95 41 12 27 13 99 34 1 43 92 50 25 2 0,50
PFG_MOEA,887,4,146.68,995.69,0 48 5 29 60 61 97 93 100 8 42 76 9 55 75 81 7 46 0,93
PFG_MOEA,887,5,146.68,995.69,0 62 58 77 45 24 90 65 6 87 52 0,45
PFG_MOEA,887,6,146.68,995.69,0 10 26 59 44 38 47 69 89 28 4 80 53 66 94 49 51 0,
PFG_MOEA,888,1,141.39,1069.23,0 8 42 28 10 89 47 69 38 44 59 26 96 0,
PFG_MOEA,888,2,141.39,1069.23,0 13 12 41 11 14 98 85 15 73 95 57 0,57
PFG_MOEA,888,3,141.39,1069.23,0 4 80 53 100 81 7 46 27 83 88 63 74 78 64 30 71 35 40 16 20 0,100
PFG_MOEA,888,4,141.39,1069.23,0 31 17 18 19 91 33 37 68 56 39 72 70 54 36 3 58 77 50 0,
PFG_MOEA,888,5,141.39,1069.23,0 2 99 34 1 21 84 23 22 25 43 92 48 62 67 86 82 94 49 66 0,94
PFG_MOEA,888,6,141.39,1069.23,0 24 45 51 32 79 5 29 90 65 6 87 52 60 61 97 93 75 55 9 76 0,
PFG_MOEA,889,1,167.7,934.83,0 96 83 11 14 42 76 9 55 75 81 46 28 69 47 38 44 59 26 10 89 0,26 38 89
PFG_MOEA,889,2,167.7,934.83,0 13 27 12 41 95 57 73 15 98 85 88 63 74 78 64 30 71 35 40 16 18 19 31 20 0,
PFG_MOEA,889,3,167.7,934.83,0 17 91 33 37 68 56 39 84 23 0,
PFG_MOEA,889,4,167.7,934.83,0 4 80 53 66 94 49 51 79 32 3 36 54 70 72 67 86 82 22 21 1 34 48 62 58 77 0,86 94
PFG_MOEA,889,5,167.7,934.83,0 2 99 25 43 92 50 45 24 5 29 90 65 6 87 52 60 61 97 93 100 0,43 45
PFG_MOEA,889,6,167.7,934.83,0 8 7 0,
PFG_MOEA,890,1,173.13,915.94,0 8 28 10 89 47 69 38 44 59 26 96 83 11 98 14 73 41 12 13 95 57 0,38
PFG_MOEA,890,2,173.13,915.94,0 15 85 88 63 74 78 64 30 71 35 40 16 18 19 31 17 20 91 33 37 68 56 39 84 23 22 21 1 34 0,17 40 64 88
PFG_MOEA,890,3,173.13,915.94,0 4 80 53 51 79 0,
PFG_MOEA,890,4,173.13,915.94,0 66 49 32 94 82 86 67 72 70 54 36 3 58 77 48 62 92 43 0,
PFG_MOEA,890,5,173.13,915.94,0 25 99 2 0,
PFG_MOEA,890,6,173.13,915.94,0 50 45 24 5 29 90 65 6 87 52 60 61 97 93 100 75 55 9 76 42 81 7 46 27 0,5 50 81
PFG_MOEA,891,1,152.21,947.44,0 27 12 41 95 57 83 11 96 26 59 44 38 69 47 89 10 0,11
PFG_MOEA,891,2,152.21,947.44,0 28 13 73 14 98 15 85 88 63 74 78 64 30 71 35 40 16 18 19 31 17 20 91 0,17 35 64 88
PFG_MOEA,891,3,152.21,947.44,0 22 23 84 39 56 68 37 33 21 1 34 80 53 51 79 0,
PFG_MOEA,891,4,152.21,947.44,0 92 50 25 99 2 66 49 32 5 24 45 4 0,2 5
PFG_MOEA,891,5,152.21,947.44,0 46 81 75 55 9 76 42 7 8 100 93 97 61 60 52 87 6 65 90 29 94 0,
PFG_MOEA,891,6,152.21,947.44,0 77 58 3 36 54 70 72 67 86 82 62 48 43 0,
PFG_MOEA,892,1,138.05,1111.26,0 73 78 74 63 88 85 15 98 14 0,
PFG_MOEA,892,2,138.05,1111.26,0 20 91 19 17 31 35 71 30 64 40 16 18 68 56 39 84 23 22 0,17 35 64
PFG_MOEA,892,3,138.05,1111.26,0 50 92 37 33 21 1 34 99 2 25 66 49 32 79 51 53 80 0,
PFG_MOEA,892,4,138.05,1111.26,0 6 65 90 29 5 24 45 94 82 86 67 72 70 54 36 3 58 77 62 0,5
PFG_MOEA,892,5,138.05,1111.26,0 43 48 46 81 75 55 9 76 42 7 8 100 93 97 61 60 52 87 4 0,100
PFG_MOEA,892,6,138.05,1111.26,0 28 10 89 47 69 38 44 59 26 96 11 83 57 95 41 12 27 13 0,
PFG_MOEA,893,1,149.83,980.99,0 100 93 97 55 75 0,
PFG_MOEA,893,2,149.83,980.99,0 46 7 81 9 76 42 28 69 47 38 44 59 26 10 89 96 83 11 14 73 95 0,81
PFG_MOEA,893,3,149.83,980.99,0 13 27 12 41 30 64 78 74 63 88 85 98 15 57 0,
PFG_MOEA,893,4,149.83,980.99,0 8 22 23 84 39 56 68 37 33 91 19 18 16 40 71 35 31 17 20 0,40
PFG_MOEA,893,5,149.83,980.99,0 4 80 53 66 94 49 51 79 32 3 36 54 70 72 67 86 82 21 1 34 58 77 0,86
PFG_MOEA,893,6,149.83,980.99,0 2 99 25 43 92 62 48 50 45 24 5 29 61 60 52 87 6 65 90 0,5
PFG_MOEA,894,1,143.0,1006.23,0 13 27 12 41 11 83 96 59 44 38 47 69 89 10 26 98 14 73 95 57 0,13
PFG_MOEA,894,2,143.0,1006.23,0 8 15 85 88 63 74 78 64 30 71 35 40 0,64 88
PFG_MOEA,894,3,143.0,1006.23,0 20 17 31 16 18 19 91 33 37 68 56 39 84 23 22 21 1 34 0,
PFG_MOEA,894,4,143.0,1006.23,0 4 80 53 66 49 51 79 32 94 82 86 67 72 70 54 36 3 58 77 0,80 94
PFG_MOEA,894,5,143.0,1006.23,0 2 99 25 43 92 62 48 50 45 24 5 29 52 87 6 65 90 0,43 48 65
PFG_MOEA,894,6,143.0,1006.23,0 100 93 60 61 97 75 55 9 76 42 81 7 46 28 0,
PFG_MOEA,895,1,182.07,852.88,0 8 100 97 75 55 9 76 42 81 7 46 28 69 47 38 44 59 26 10 89 96 83 11 14 13 0,26 81
PFG_MOEA,895,2,182.07,852.88,0 27 12 0,
PFG_MOEA,895,3,182.07,852.88,0 57 95 41 73 15 98 85 88 63 74 78 64 30 71 35 40 16 18 19 17 31 20 0,
PFG_MOEA,895,4,182.07,852.88,0 4 80 53 66 94 49 51 79 32 3 36 54 70 72 67 86 82 23 84 39 56 68 37 33 22 21 91 1 0,86
PFG_MOEA,895,5,182.07,852.88,0 50 2 99 34 25 43 92 48 62 58 77 45 0,48 50
PFG_MOEA,895,6,182.07,852.88,0 24 5 29 90 65 6 87 52 60 61 93 0,5
PFG_MOEA,896,1,377.38,815.07,0 28 0,
PFG_MOEA,896,2,377.38,815.07,0 10 26 59 44 38 47 69 89 0,
PFG_MOEA,896,3,377.38,815.07,0 4 80 53 66 94 49 51 79 32 3 36 54 70 72 67 86 82 23 84 39 56 68 37 33 22 21 91 20 31 17 19 18 16 40 35 71 30 64 78 74 63 88 85 98 15 73 14 11 83 96 57 95 41 12 27 13 99 34 1 43 25 2 50 0,35 50
PFG_MOEA,896,4,377.38,815.07,0 92 48 62 58 77 0,
PFG_MOEA,896,5,377.38,815.07,0 45 24 0,45
PFG_MOEA,896,6,377.38,815.07,0 90 65 6 87 52 29 5 60 61 97 93 100 8 42 76 9 55 75 81 7 46 0,5 65 100
PFG_MOEA,897,1,146.68,995.69,0 79 32 3 36 54 70 72 67 86 82 23 84 39 56 68 37 33 22 21 0,84
PFG_MOEA,897,2,146.68,995.69,0 91 20 31 17 19 18 16 40 35 71 30 64 78 74 63 88 85 98 15 73 0,
PFG_MOEA,897,3,146.68,995.69,0 57 96 83 11 14 95 41 12 27 13 99 34 1 43 92 50 25 2 0,50
PFG_MOEA,897,4,146.68,995.69,0 48 5 29 60 61 97 93 100 8 42 76 9 55 75 81 7 46 0,93
PFG_MOEA,897,5,146.68,995.69,0 62 58 77 45 24 90 65 6 87 52 0,45
PFG_MOEA,897,6,146.68,995.69,0 10 26 59 44 38 47 69 89 28 4 80 53 66 94 49 51 0,
PFG_MOEA,898,1,168.27,920.08,0 8 100 93 75 55 9 76 42 81 7 46 28 69 47 38 44 59 26 10 89 96 83 11 14 13 0,81
PFG_MOEA,898,2,168.27,920.08,0 27 12 0,
PFG_MOEA,898,3,168.27,920.08,0 57 95 41 73 15 98 85 88 63 74 78 64 30 0,57
PFG_MOEA,898,4,168.27,920.08,0 20 17 31 71 35 40 16 18 19 23 82 86 67 72 70 54 36 3 32 79 51 49 94 66 53 80 4 0,86 94
PFG_MOEA,898,5,168.27,920.08,0 91 21 84 39 56 68 37 33 22 99 0,
PFG_MOEA,898,6,168.27,920.08,0 50 25 2 34 1 43 92 48 62 58 77 45 24 90 65 6 87 52 29 5 60 61 97 0,29 65
PFG_MOEA,899,1,141.39,1069.23,0 8 42 28 10 89 47 69 38 44 59 26 96 0,
PFG_MOEA,899,2,141.39,1069.23,0 13 12 41 11 14 98 85 15 73 95 57 0,57
PFG_MOEA,899,3,141.39,1069.23,0 4 80 53 100 81 7 46 27 83 88 63 74 78 64 30 71 35 40 16 20 0,100
PFG_MOEA,899,4,141.39,1069.23,0 31 17 18 19 91 33 37 68 56 39 72 70 54 36 3 58 77 50 0,
PFG_MOEA,899,5,141.39,1069.23,0 2 99 34 1 21 84 23 22 25 43 92 48 62 67 86 82 94 49 66 0,94
PFG_MOEA,899,6,141.39,1069.23,0 24 45 51 32 79 5 29 90 65 6 87 52 60 61 97 93 75 55 9 76 0,
PFG_MOEA,900,1,167.7,934.83,0 96 83 11 14 42 76 9 55 75 81 46 28 69 47 38 44 59 26 10 89 0,26 38 89
PFG_MOEA,900,2,167.7,934.83,0 13 27 12 41 95 57 73 15 98 85 88 63 74 78 64 30 71 35 40 16 18 19 31 20 0,
PFG_MOEA,900,3,167.7,934.83,0 17 91 33 37 68 56 39 84 23 0,
PFG_MOEA,900,4,167.7,934.83,0 4 80 53 66 94 49 51 79 32 3 36 54 70 72 67 86 82 22 21 1 34 48 62 58 77 0,86 94
PFG_MOEA,900,5,167.7,934.83,0 2 99 25 43 92 50 45 24 5 29 90 65 6 87 52 60 61 97 93 100 0,43 45
PFG_MOEA,900,6,167.7,934.83,0 8 7 0,
PFG_MOEA,901,1,173.13,915.94,0 8 28 10 89 47 69 38 44 59 26 96 83 11 98 14 73 41 12 13 95 57 0,38
PFG_MOEA,901,2,173.13,915.94,0 15 85 88 63 74 78 64 30 71 35 40 16 18 19 31 17 20 91 33 37 68 56 39 84 23 22 21 1 34 0,17 40 64 88
PFG_MOEA,901,3,173.13,915.94,0 4 80 53 51 79 0,
PFG_MOEA,901,4,173.13,915.94,0 66 49 32 94 82 86 67 72 70 54 36 3 58 77 48 62 92 43 0,
PFG_MOEA,901,5,173.13,915.94,0 25 99 2 0,
PFG_MOEA,901,6,173.13,915.94,0 50 45 24 5 29 90 65 6 87 52 60 61 97 93 100 75 55 9 76 42 81 7 46 27 0,5 50 81
PFG_MOEA,902,1,152.21,947.44,0 27 12 41 95 57 83 11 96 26 59 44 38 69 47 89 10 0,11
PFG_MOEA,902,2,152.21,947.44,0 28 13 73 14 98 15 85 88 63 74 78 64 30 71 35 40 16 18 19 31 17 20 91 0,17 35 64 88
PFG_MOEA,902,3,152.21,947.44,0 22 23 84 39 56 68 37 33 21 1 34 80 53 51 79 0,
PFG_MOEA,902,4,152.21,947.44,0 92 50 25 99 2 66 49 32 5 24 45 4 0,2 5
PFG_MOEA,902,5,152.21,947.44,0 46 81 75 55 9 76 42 7 8 100 93 97 61 60 52 87 6 65 90 29 94 0,
PFG_MOEA,902,6,152.21,947.44,0 77 58 3 36 54 70 72 67 86 82 62 48 43 0,
PFG_MOEA,903,1,138.05,1111.26,0 73 78 74 63 88 85 15 98 14 0,
PFG_MOEA,903,2,138.05,1111.26,0 20 91 19 17 31 35 71 30 64 40 16 18 68 56 39 84 23 22 0,17 35 64
PFG_MOEA,903,3,138.05,1111.26,0 50 92 37 33 21 1 34 99 2 25 66 49 32 79 51 53 80 0,
PFG_MOEA,903,4,138.05,1111.26,0 6 65 90 29 5 24 45 94 82 86 67 72 70 54 36 3 58 77 62 0,5
PFG_MOEA,903,5,138.05,1111.26,0 43 48 46 81 75 55 9 76 42 7 8 100 93 97 61 60 52 87 4 0,100
PFG_MOEA,903,6,138.05,1111.26,0 28 10 89 47 69 38 44 59 26 96 11 83 57 95 41 12 27 13 0,
PFG_MOEA,904,1,149.83,980.99,0 100 93 97 55 75 0,
PFG_MOEA,904,2,149.83,980.99,0 46 7 81 9 76 42 28 69 47 38 44 59 26 10 89 96 83 11 14 73 95 0,81
PFG_MOEA,904,3,149.83,980.99,0 13 27 12 41 30 64 78 74 63 88 85 98 15 57 0,
PFG_MOEA,904,4,149.83,980.99,0 8 22 23 84 39 56 68 37 33 91 19 18 16 40 71 35 31 17 20 0,40
PFG_MOEA,904,5,149.83,980.99,0 4 80 53 66 94 49 51 79 32 3 36 54 70 72 67 86 82 21 1 34 58 77 0,86
PFG_MOEA,904,6,149.83,980.99,0 2 99 25 43 92 62 48 50 45 24 5 29 61 60 52 87 6 65 90 0,5
PFG_MOEA,905,1,143.0,1006.23,0 13 27 12 41 11 83 96 59 44 38 47 69 89 10 26 98 14 73 95 57 0,13
PFG_MOEA,905,2,143.0,1006.23,0 8 15 85 88 63 74 78 64 30 71 35 40 0,64 88
PFG_MOEA,905,3,143.0,1006.23,0 20 17 31 16 18 19 91 33 37 68 56 39 84 23 22 21 1 34 0,
PFG_MOEA,905,4,143.0,1006.23,0 4 80 53 66 49 51 79 32 94 82 86 67 72 70 54 36 3 58 77 0,80 94
PFG_MOEA,905,5,143.0,1006.23,0 2 99 25 43 92 62 48 50 45 24 5 29 52 87 6 65 90 0,43 48 65
PFG_MOEA,905,6,143.0,1006.23,0 100 93 60 61 97 75 55 9 76 42 81 7 46 28 0,
PFG_MOEA,906,1,182.07,852.88,0 8 100 97 75 55 9 76 42 81 7 46 28 69 47 38 44 59 26 10 89 96 83 11 14 13 0,26 81
PFG_MOEA,906,2,182.07,852.88,0 27 12 0,
PFG_MOEA,906,3,182.07,852.88,0 57 95 41 73 15 98 85 88 63 74 78 64 30 71 35 40 16 18 19 17 31 20 0,
PFG_MOEA,906,4,182.07,852.88,0 4 80 53 66 94 49 51 79 32 3 36 54 70 72 67 86 82 23 84 39 56 68 37 33 22 21 91 1 0,86
PFG_MOEA,906,5,182.07,852.88,0 50 2 99 34 25 43 92 48 62 58 77 45 0,48 50
PFG_MOEA,906,6,182.07,852.88,0 24 5 29 90 65 6 87 52 60 61 93 0,5
PFG_MOEA,907,1,377.38,815.07,0 28 0,
PFG_MOEA,907,2,377.38,815.07,0 10 26 59 44 38 47 69 89 0,
PFG_MOEA,907,3,377.38,815.07,0 4 80 53 66 94 49 51 79 32 3 36 54 70 72 67 86 82 23 84 39 56 68 37 33 22 21 91 20 31 17 19 18 16 40 35 71 30 64 78 74 63 88 85 98 15 73 14 11 83 96 57 95 41 12 27 13 99 34 1 43 25 2 50 0,35 50
PFG_MOEA,907,4,377.38,815.07,0 92 48 62 58 77 0,
PFG_MOEA,907,5,377.38,815.07,0 45 24 0,45
PFG_MOEA,907,6,377.38,815.07,0 90 65 6 87 52 29 5 60 61 97 93 100 8 42 76 9 55 75 81 7 46 0,5 65 100
PFG_MOEA,908,1,146.68,995.69,0 79 32 3 36 54 70 72 67 86 82 23 84 39 56 68 37 33 22 21 0,84
PFG_MOEA,908,2,146.68,995.69,0 91 20 31 17 19 18 16 40 35 71 30 64 78 74 63 88 85 98 15 73 0,
PFG_MOEA,908,3,146.68,995.69,0 57 96 83 11 14 95 41 12 27 13 99 34 1 43 92 50 25 2 0,50
PFG_MOEA,908,4,146.68,995.69,0 48 5 29 60 61 97 93 100 8 42 76 9 55 75 81 7 46 0,93
PFG_MOEA,908,5,146.68,995.69,0 62 58 77 45 24 90 65 6 87 52 0,45
PFG_MOEA,908,6,146.68,995.69,0 10 26 59 44 38 47 69 89 28 4 80 53 66 94 49 51 0,
PFG_MOEA,909,1,168.27,920.08,0 8 100 93 75 55 9 76 42 81 7 46 28 69 47 38 44 59 26 10 89 96 83 11 14 13 0,81
PFG_MOEA,909,2,168.27,920.08,0 27 12 0,
PFG_MOEA,909,3,168.27,920.08,0 57 95 41 73 15 98 85 88 63 74 78 64 30 0,57
PFG_MOEA,909,4,168.27,920.08,0 20 17 31 71 35 40 16 18 19 23 82 86 67 72 70 54 36 3 32 79 51 49 94 66 53 80 4 0,86 94
PFG_MOEA,909,5,168.27,920.08,0 91 21 84 39 56 68 37 33 22 99 0,
PFG_MOEA,909,6,168.27,920.08,0 50 25 2 34 1 43 92 48 62 58 77 45 24 90 65 6 87 52 29 5 60 61 97 0,29 65
PFG_MOEA,910,1,141.39,1069.23,0 8 42 28 10 89 47 69 38 44 59 26 96 0,
PFG_MOEA,910,2,141.39,1069.23,0 13 12 41 11 14 98 85 15 73 95 57 0,57
PFG_MOEA,910,3,141.39,1069.23,0 4 80 53 100 81 7 46 27 83 88 63 74 78 64 30 71 35 40 16 20 0,100
PFG_MOEA,910,4,141.39,1069.23,0 31 17 18 19 91 33 37 68 56 39 72 70 54 36 3 58 77 50 0,
PFG_MOEA,910,5,141.39,1069.23,0 2 99 34 1 21 84 23 22 25 43 92 48 62 67 86 82 94 49 66 0,94
PFG_MOEA,910,6,141.39,1069.23,0 24 45 51 32 79 5 29 90 65 6 87 52 60 61 97 93 75 55 9 76 0,
PFG_MOEA,911,1,167.7,934.83,0 96 83 11 14 42 76 9 55 75 81 46 28 69 47 38 44 59 26 10 89 0,26 38 89
PFG_MOEA,911,2,167.7,934.83,0 13 27 12 41 95 57 73 15 98 85 88 63 74 78 64 30 71 35 40 16 18 19 31 20 0,
PFG_MOEA,911,3,167.7,934.83,0 17 91 33 37 68 56 39 84 23 0,
PFG_MOEA,911,4,167.7,934.83,0 4 80 53 66 94 49 51 79 32 3 36 54 70 72 67 86 82 22 21 1 34 48 62 58 77 0,86 94
PFG_MOEA,911,5,167.7,934.83,0 2 99 25 43 92 50 45 24 5 29 90 65 6 87 52 60 61 97 93 100 0,43 45
PFG_MOEA,911,6,167.7,934.83,0 8 7 0,
PFG_MOEA,912,1,173.13,915.94,0 8 28 10 89 47 69 38 44 59 26 96 83 11 98 14 73 41 12 13 95 57 0,38
PFG_MOEA,912,2,173.13,915.94,0 15 85 88 63 74 78 64 30 71 35 40 16 18 19 31 17 20 91 33 37 68 56 39 84 23 22 21 1 34 0,17 40 64 88
PFG_MOEA,912,3,173.13,915.94,0 4 80 53 51 79 0,
PFG_MOEA,912,4,173.13,915.94,0 66 49 32 94 82 86 67 72 70 54 36 3 58 77 48 62 92 43 0,
PFG_MOEA,912,5,173.13,915.94,0 25 99 2 0,
PFG_MOEA,912,6,173.13,915.94,0 50 45 24 5 29 90 65 6 87 52 60 61 97 93 100 75 55 9 76 42 81 7 46 27 0,5 50 81
PFG_MOEA,913,1,152.21,947.44,0 27 12 41 95 57 83 11 96 26 59 44 38 69 47 89 10 0,11
PFG_MOEA,913,2,152.21,947.44,0 28 13 73 14 98 15 85 88 63 74 78 64 30 71 35 40 16 18 19 31 17 20 91 0,17 35 64 88
PFG_MOEA,913,3,152.21,947.44,0 22 23 84 39 56 68 37 33 21 1 34 80 53 51 79 0,
PFG_MOEA,913,4,152.21,947.44,0 92 50 25 99 2 66 49 32 5 24 45 4 0,2 5
PFG_MOEA,913,5,152.21,947.44,0 46 81 75 55 9 76 42 7 8 100 93 97 61 60 52 87 6 65 90 29 94 0,
PFG_MOEA,913,6,152.21,947.44,0 77 58 3 36 54 70 72 67 86 82 62 48 43 0,
PFG_MOEA,914,1,138.05,1111.26,0 73 78 74 63 88 85 15 98 14 0,
PFG_MOEA,914,2,138.05,1111.26,0 20 91 19 17 31 35 71 30 64 40 16 18 68 56 39 84 23 22 0,17 35 64
PFG_MOEA,914,3,138.05,1111.26,0 50 92 37 33 21 1 34 99 2 25 66 49 32 79 51 53 80 0,
PFG_MOEA,914,4,138.05,1111.26,0 6 65 90 29 5 24 45 94 82 86 67 72 70 54 36 3 58 77 62 0,5
PFG_MOEA,914,5,138.05,1111.26,0 43 48 46 81 75 55 9 76 42 7 8 100 93 97 61 60 52 87 4 0,100
PFG_MOEA,914,6,138.05,1111.26,0 28 10 89 47 69 38 44 59 26 96 11 83 57 95 41 12 27 13 0,
PFG_MOEA,915,1,149.83,980.99,0 100 93 97 55 75 0,
PFG_MOEA,915,2,149.83,980.99,0 46 7 81 9 76 42 28 69 47 38 44 59 26 10 89 96 83 11 14 73 95 0,81
PFG_MOEA,915,3,149.83,980.99,0 13 27 12 41 30 64 78 74 63 88 85 98 15 57 0,
PFG_MOEA,915,4,149.83,980.99,0 8 22 23 84 39 56 68 37 33 91 19 18 16 40 71 35 31 17 20 0,40
PFG_MOEA,915,5,149.83,980.99,0 4 80 53 66 94 49 51 79 32 3 36 54 70 72 67 86 82 21 1 34 58 77 0,86
PFG_MOEA,915,6,149.83,980.99,0 2 99 25 43 92 62 48 50 45 24 5 29 61 60 52 87 6 65 90 0,5
PFG_MOEA,916,1,143.0,1006.23,0 13 27 12 41 11 83 96 59 44 38 47 69 89 10 26 98 14 73 95 57 0,13
PFG_MOEA,916,2,143.0,1006.23,0 8 15 85 88 63 74 78 64 30 71 35 40 0,64 88
PFG_MOEA,916,3,143.0,1006.23,0 20 17 31 16 18 19 91 33 37 68 56 39 84 23 22 21 1 34 0,
PFG_MOEA,916,4,143.0,1006.23,0 4 80 53 66 49 51 79 32 94 82 86 67 72 70 54 36 3 58 77 0,80 94
PFG_MOEA,916,5,143.0,1006.23,0 2 99 25 43 92 62 48 50 45 24 5 29 52 87 6 65 90 0,43 48 65
PFG_MOEA,916,6,143.0,1006.23,0 100 93 60 61 97 75 55 9 76 42 81 7 46 28 0,
PFG_MOEA,917,1,182.07,852.88,0 8 100 97 75 55 9 76 42 81 7 46 28 69 47 38 44 59 26 10 89 96 83 11 14 13 0,26 81
PFG_MOEA,917,2,182.07,852.88,0 27 12 0,
PFG_MOEA,917,3,182.07,852.88,0 57 95 41 73 15 98 85 88 63 74 78 64 30 71 35 40 16 18 19 17 31 20 0,
PFG_MOEA,917,4,182.07,852.88,0 4 80 53 66 94 49 51 79 32 3 36 54 70 72 67 86 82 23 84 39 56 68 37 33 22 21 91 1 0,86
PFG_MOEA,917,5,182.07,852.88,0 50 2 99 34 25 43 92 48 62 58 77 45 0,48 50
PFG_MOEA,917,6,182.07,852.88,0 24 5 29 90 65 6 87 52 60 61 93 0,5
PFG_MOEA,918,1,377.38,815.07,0 28 0,
PFG_MOEA,918,2,377.38,815.07,0 10 26 59 44 38 47 69 89 0,
PFG_MOEA,918,3,377.38,815.07,0 4 80 53 66 94 49 51 79 32 3 36 54 70 72 67 86 82 23 84 39 56 68 37 33 22 21 91 20 31 17 19 18 16 40 35 71 30 64 78 74 63 88 85 98 15 73 14 11 83 96 57 95 41 12 27 13 99 34 1 43 25 2 50 0,35 50
PFG_MOEA,918,4,377.38,815.07,0 92 48 62 58 77 0,
PFG_MOEA,918,5,377.38,815.07,0 45 24 0,45
PFG_MOEA,918,6,377.38,815.07,0 90 65 6 87 52 29 5 60 61 97 93 100 8 42 76 9 55 75 81 7 46 0,5 65 100
PFG_MOEA,919,1,146.68,995.69,0 79 32 3 36 54 70 72 67 86 82 23 84 39 56 68 37 33 22 21 0,84
PFG_MOEA,919,2,146.68,995.69,0 91 20 31 17 19 18 16 40 35 71 30 64 78 74 63 88 85 98 15 73 0,
PFG_MOEA,919,3,146.68,995.69,0 57 96 83 11 14 95 41 12 27 13 99 34 1 43 92 50 25 2 0,50
PFG_MOEA,919,4,146.68,995.69,0 48 5 29 60 61 97 93 100 8 42 76 9 55 75 81 7 46 0,93
PFG_MOEA,919,5,146.68,995.69,0 62 58 77 45 24 90 65 6 87 52 0,45
PFG_MOEA,919,6,146.68,995.69,0 10 26 59 44 38 47 69 89 28 4 80 53 66 94 49 51 0,
PFG_MOEA,920,1,168.27,920.08,0 8 100 93 75 55 9 76 42 81 7 46 28 69 47 38 44 59 26 10 89 96 83 11 14 13 0,81
PFG_MOEA,920,2,168.27,920.08,0 27 12 0,
PFG_MOEA,920,3,168.27,920.08,0 57 95 41 73 15 98 85 88 63 74 78 64 30 0,57
PFG_MOEA,920,4,168.27,920.08,0 20 17 31 71 35 40 16 18 19 23 82 86 67 72 70 54 36 3 32 79 51 49 94 66 53 80 4 0,86 94
PFG_MOEA,920,5,168.27,920.08,0 91 21 84 39 56 68 37 33 22 99 0,
PFG_MOEA,920,6,168.27,920.08,0 50 25 2 34 1 43 92 48 62 58 77 45 24 90 65 6 87 52 29 5 60 61 97 0,29 65
PFG_MOEA,921,1,141.39,1069.23,0 8 42 28 10 89 47 69 38 44 59 26 96 0,
PFG_MOEA,921,2,141.39,1069.23,0 13 12 41 11 14 98 85 15 73 95 57 0,57
PFG_MOEA,921,3,141.39,1069.23,0 4 80 53 100 81 7 46 27 83 88 63 74 78 64 30 71 35 40 16 20 0,100
PFG_MOEA,921,4,141.39,1069.23,0 31 17 18 19 91 33 37 68 56 39 72 70 54 36 3 58 77 50 0,
PFG_MOEA,921,5,141.39,1069.23,0 2 99 34 1 21 84 23 22 25 43 92 48 62 67 86 82 94 49 66 0,94
PFG_MOEA,921,6,141.39,1069.23,0 24 45 51 32 79 5 29 90 65 6 87 52 60 61 97 93 75 55 9 76 0,
PFG_MOEA,922,1,167.7,934.83,0 96 83 11 14 42 76 9 55 75 81 46 28 69 47 38 44 59 26 10 89 0,26 38 89
PFG_MOEA,922,2,167.7,934.83,0 13 27 12 41 95 57 73 15 98 85 88 63 74 78 64 30 71 35 40 16 18 19 31 20 0,
PFG_MOEA,922,3,167.7,934.83,0 17 91 33 37 68 56 39 84 23 0,
PFG_MOEA,922,4,167.7,934.83,0 4 80 53 66 94 49 51 79 32 3 36 54 70 72 67 86 82 22 21 1 34 48 62 58 77 0,86 94
PFG_MOEA,922,5,167.7,934.83,0 2 99 25 43 92 50 45 24 5 29 90 65 6 87 52 60 61 97 93 100 0,43 45
PFG_MOEA,922,6,167.7,934.83,0 8 7 0,
PFG_MOEA,923,1,173.13,915.94,0 8 28 10 89 47 69 38 44 59 26 96 83 11 98 14 73 41 12 13 95 57 0,38
PFG_MOEA,923,2,173.13,915.94,0 15 85 88 63 74 78 64 30 71 35 40 16 18 19 31 17 20 91 33 37 68 56 39 84 23 22 21 1 34 0,17 40 64 88
PFG_MOEA,923,3,173.13,915.94,0 4 80 53 51 79 0,
PFG_MOEA,923,4,173.13,915.94,0 66 49 32 94 82 86 67 72 70 54 36 3 58 77 48 62 92 43 0,
PFG_MOEA,923,5,173.13,915.94,0 25 99 2 0,
PFG_MOEA,923,6,173.13,915.94,0 50 45 24 5 29 90 65 6 87 52 60 61 97 93 100 75 55 9 76 42 81 7 46 27 0,5 50 81
PFG_MOEA,924,1,152.21,947.44,0 27 12 41 95 57 83 11 96 26 59 44 38 69 47 89 10 0,11
PFG_MOEA,924,2,152.21,947.44,0 28 13 73 14 98 15 85 88 63 74 78 64 30 71 35 40 16 18 19 31 17 20 91 0,17 35 64 88
PFG_MOEA,924,3,152.21,947.44,0 22 23 84 39 56 68 37 33 21 1 34 80 53 51 79 0,
PFG_MOEA,924,4,152.21,947.44,0 92 50 25 99 2 66 49 32 5 24 45 4 0,2 5
PFG_MOEA,924,5,152.21,947.44,0 46 81 75 55 9 76 42 7 8 100 93 97 61 60 52 87 6 65 90 29 94 0,
PFG_MOEA,924,6,152.21,947.44,0 77 58 3 36 54 70 72 67 86 82 62 48 43 0,
PFG_MOEA,925,1,138.05,1111.26,0 73 78 74 63 88 85 15 98 14 0,
PFG_MOEA,925,2,138.05,1111.26,0 20 91 19 17 31 35 71 30 64 40 16 18 68 56 39 84 23 22 0,17 35 64
PFG_MOEA,925,3,138.05,1111.26,0 50 92 37 33 21 1 34 99 2 25 66 49 32 79 51 53 80 0,
PFG_MOEA,925,4,138.05,1111.26,0 6 65 90 29 5 24 45 94 82 86 67 72 70 54 36 3 58 77 62 0,5
PFG_MOEA,925,5,138.05,1111.26,0 43 48 46 81 75 55 9 76 42 7 8 100 93 97 61 60 52 87 4 0,100
PFG_MOEA,925,6,138.05,1111.26,0 28 10 89 47 69 38 44 59 26 96 11 83 57 95 41 12 27 13 0,
PFG_MOEA,926,1,149.83,980.99,0 100 93 97 55 75 0,
PFG_MOEA,926,2,149.83,980.99,0 46 7 81 9 76 42 28 69 47 38 44 59 26 10 89 96 83 11 14 73 95 0,81
PFG_MOEA,926,3,149.83,980.99,0 13 27 12 41 30 64 78 74 63 88 85 98 15 57 0,
PFG_MOEA,926,4,149.83,980.99,0 8 22 23 84 39 56 68 37 33 91 19 18 16 40 71 35 31 17 20 0,40
PFG_MOEA,926,5,149.83,980.99,0 4 80 53 66 94 49 51 79 32 3 36 54 70 72 67 86 82 21 1 34 58 77 0,86
PFG_MOEA,926,6,149.83,980.99,0 2 99 25 43 92 62 48 50 45 24 5 29 61 60 52 87 6 65 90 0,5
PFG_MOEA,927,1,143.0,1006.23,0 13 27 12 41 11 83 96 59 44 38 47 69 89 10 26 98 14 73 95 57 0,13
PFG_MOEA,927,2,143.0,1006.23,0 8 15 85 88 63 74 78 64 30 71 35 40 0,64 88
PFG_MOEA,927,3,143.0,1006.23,0 20 17 31 16 18 19 91 33 37 68 56 39 84 23 22 21 1 34 0,
PFG_MOEA,927,4,143.0,1006.23,0 4 80 53 66 49 51 79 32 94 82 86 67 72 70 54 36 3 58 77 0,80 94
PFG_MOEA,927,5,143.0,1006.23,0 2 99 25 43 92 62 48 50 45 24 5 29 52 87 6 65 90 0,43 48 65
PFG_MOEA,927,6,143.0,1006.23,0 100 93 60 61 97 75 55 9 76 42 81 7 46 28 0,
PFG_MOEA,928,1,182.07,852.88,0 8 100 97 75 55 9 76 42 81 7 46 28 69 47 38 44 59 26 10 89 96 83 11 14 13 0,26 81
PFG_MOEA,928,2,182.07,852.88,0 27 12 0,
PFG_MOEA,928,3,182.07,852.88,0 57 95 41 73 15 98 85 88 63 74 78 64 30 71 35 40 16 18 19 17 31 20 0,
PFG_MOEA,928,4,182.07,852.88,0 4 80 53 66 94 49 51 79 32 3 36 54 70 72 67 86 82 23 84 39 56 68 37 33 22 21 91 1 0,86
PFG_MOEA,928,5,182.07,852.88,0 50 2 99 34 25 43 92 48 62 58 77 45 0,48 50
PFG_MOEA,928,6,182.07,852.88,0 24 5 29 90 65 6 87 52 60 61 93 0,5
PFG_MOEA,929,1,377.38,815.07,0 28 0,
PFG_MOEA,929,2,377.38,815.07,0 10 26 59 44 38 47 69 89 0,
PFG_MOEA,929,3,377.38,815.07,0 4 80 53 66 94 49 51 79 32 3 36 54 70 72 67 86 82 23 84 39 56 68 37 33 22 21 91 20 31 17 19 18 16 40 35 71 30 64 78 74 63 88 85 98 15 73 14 11 83 96 57 95 41 12 27 13 99 34 1 43 25 2 50 0,35 50
PFG_MOEA,929,4,377.38,815.07,0 92 48 62 58 77 0,
PFG_MOEA,929,5,377.38,815.07,0 45 24 0,45
PFG_MOEA,929,6,377.38,815.07,0 90 65 6 87 52 29 5 60 61 97 93 100 8 42 76 9 55 75 81 7 46 0,5 65 100
PFG_MOEA,930,1,146.68,995.69,0 79 32 3 36 54 70 72 67 86 82 23 84 39 56 68 37 33 22 21 0,84
PFG_MOEA,930,2,146.68,995.69,0 91 20 31 17 19 18 16 40 35 71 30 64 78 74 63 88 85 98 15 73 0,
PFG_MOEA,930,3,146.68,995.69,0 57 96 83 11 14 95 41 12 27 13 99 34 1 43 92 50 25 2 0,50
PFG_MOEA,930,4,146.68,995.69,0 48 5 29 60 61 97 93 100 8 42 76 9 55 75 81 7 46 0,93
PFG_MOEA,930,5,146.68,995.69,0 62 58 77 45 24 90 65 6 87 52 0,45
PFG_MOEA,930,6,146.68,995.69,0 10 26 59 44 38 47 69 89 28 4 80 53 66 94 49 51 0,
PFG_MOEA,931,1,168.27,920.08,0 8 100 93 75 55 9 76 42 81 7 46 28 69 47 38 44 59 26 10 89 96 83 11 14 13 0,81
PFG_MOEA,931,2,168.27,920.08,0 27 12 0,
PFG_MOEA,931,3,168.27,920.08,0 57 95 41 73 15 98 85 88 63 74 78 64 30 0,57
PFG_MOEA,931,4,168.27,920.08,0 20 17 31 71 35 40 16 18 19 23 82 86 67 72 70 54 36 3 32 79 51 49 94 66 53 80 4 0,86 94
PFG_MOEA,931,5,168.27,920.08,0 91 21 84 39 56 68 37 33 22 99 0,
PFG_MOEA,931,6,168.27,920.08,0 50 25 2 34 1 43 92 48 62 58 77 45 24 90 65 6 87 52 29 5 60 61 97 0,29 65
PFG_MOEA,932,1,141.39,1069.23,0 8 42 28 10 89 47 69 38 44 59 26 96 0,
PFG_MOEA,932,2,141.39,1069.23,0 13 12 41 11 14 98 85 15 73 95 57 0,57
PFG_MOEA,932,3,141.39,1069.23,0 4 80 53 100 81 7 46 27 83 88 63 74 78 64 30 71 35 40 16 20 0,100
PFG_MOEA,932,4,141.39,1069.23,0 31 17 18 19 91 33 37 68 56 39 72 70 54 36 3 58 77 50 0,
PFG_MOEA,932,5,141.39,1069.23,0 2 99 34 1 21 84 23 22 25 43 92 48 62 67 86 82 94 49 66 0,94
PFG_MOEA,932,6,141.39,1069.23,0 24 45 51 32 79 5 29 90 65 6 87 52 60 61 97 93 75 55 9 76 0,
PFG_MOEA,933,1,167.7,934.83,0 96 83 11 14 42 76 9 55 75 81 46 28 69 47 38 44 59 26 10 89 0,26 38 89
PFG_MOEA,933,2,167.7,934.83,0 13 27 12 41 95 57 73 15 98 85 88 63 74 78 64 30 71 35 40 16 18 19 31 20 0,
PFG_MOEA,933,3,167.7,934.83,0 17 91 33 37 68 56 39 84 23 0,
PFG_MOEA,933,4,167.7,934.83,0 4 80 53 66 94 49 51 79 32 3 36 54 70 72 67 86 82 22 21 1 34 48 62 58 77 0,86 94
PFG_MOEA,933,5,167.7,934.83,0 2 99 25 43 92 50 45 24 5 29 90 65 6 87 52 60 61 97 93 100 0,43 45
PFG_MOEA,933,6,167.7,934.83,0 8 7 0,
PFG_MOEA,934,1,173.13,915.94,0 8 28 10 89 47 69 38 44 59 26 96 83 11 98 14 73 41 12 13 95 57 0,38
PFG_MOEA,934,2,173.13,915.94,0 15 85 88 63 74 78 64 30 71 35 40 16 18 19 31 17 20 91 33 37 68 56 39 84 23 22 21 1 34 0,17 40 64 88
PFG_MOEA,934,3,173.13,915.94,0 4 80 53 51 79 0,
PFG_MOEA,934,4,173.13,915.94,0 66 49 32 94 82 86 67 72 70 54 36 3 58 77 48 62 92 43 0,
PFG_MOEA,934,5,173.13,915.94,0 25 99 2 0,
PFG_MOEA,934,6,173.13,915.94,0 50 45 24 5 29 90 65 6 87 52 60 61 97 93 100 75 55 9 76 42 81 7 46 27 0,5 50 81
PFG_MOEA,935,1,152.21,947.44,0 27 12 41 95 57 83 11 96 26 59 44 38 69 47 89 10 0,11
PFG_MOEA,935,2,152.21,947.44,0 28 13 73 14 98 15 85 88 63 74 78 64 30 71 35 40 16 18 19 31 17 20 91 0,17 35 64 88
PFG_MOEA,935,3,152.21,947.44,0 22 23 84 39 56 68 37 33 21 1 34 80 53 51 79 0,
PFG_MOEA,935,4,152.21,947.44,0 92 50 25 99 2 66 49 32 5 24 45 4 0,2 5
PFG_MOEA,935,5,152.21,947.44,0 46 81 75 55 9 76 42 7 8 100 93 97 61 60 52 87 6 65 90 29 94 0,
PFG_MOEA,935,6,152.21,947.44,0 77 58 3 36 54 70 72 67 86 82 62 48 43 0,
PFG_MOEA,936,1,138.05,1111.26,0 73 78 74 63 88 85 15 98 14 0,
PFG_MOEA,936,2,138.05,1111.26,0 20 91 19 17 31 35 71 30 64 40 16 18 68 56 39 84 23 22 0,17 35 64
PFG_MOEA,936,3,138.05,1111.26,0 50 92 37 33 21 1 34 99 2 25 66 49 32 79 51 53 80 0,
PFG_MOEA,936,4,138.05,1111.26,0 6 65 90 29 5 24 45 94 82 86 67 72 70 54 36 3 58 77 62 0,5
PFG_MOEA,936,5,138.05,1111.26,0 43 48 46 81 75 55 9 76 42 7 8 100 93 97 61 60 52 87 4 0,100
PFG_MOEA,936,6,138.05,1111.26,0 28 10 89 47 69 38 44 59 26 96 11 83 57 95 41 12 27 13 0,
PFG_MOEA,937,1,149.83,980.99,0 100 93 97 55 75 0,
PFG_MOEA,937,2,149.83,980.99,0 46 7 81 9 76 42 28 69 47 38 44 59 26 10 89 96 83 11 14 73 95 0,81
PFG_MOEA,937,3,149.83,980.99,0 13 27 12 41 30 64 78 74 63 88 85 98 15 57 0,
PFG_MOEA,937,4,149.83,980.99,0 8 22 23 84 39 56 68 37 33 91 19 18 16 40 71 35 31 17 20 0,40
PFG_MOEA,937,5,149.83,980.99,0 4 80 53 66 94 49 51 79 32 3 36 54 70 72 67 86 82 21 1 34 58 77 0,86
PFG_MOEA,937,6,149.83,980.99,0 2 99 25 43 92 62 48 50 45 24 5 29 61 60 52 87 6 65 90 0,5
PFG_MOEA,938,1,143.0,1006.23,0 13 27 12 41 11 83 96 59 44 38 47 69 89 10 26 98 14 73 95 57 0,13
PFG_MOEA,938,2,143.0,1006.23,0 8 15 85 88 63 74 78 64 30 71 35 40 0,64 88
PFG_MOEA,938,3,143.0,1006.23,0 20 17 31 16 18 19 91 33 37 68 56 39 84 23 22 21 1 34 0,
PFG_MOEA,938,4,143.0,1006.23,0 4 80 53 66 49 51 79 32 94 82 86 67 72 70 54 36 3 58 77 0,80 94
PFG_MOEA,938,5,143.0,1006.23,0 2 99 25 43 92 62 48 50 45 24 5 29 52 87 6 65 90 0,43 48 65
PFG_MOEA,938,6,143.0,1006.23,0 100 93 60 61 97 75 55 9 76 42 81 7 46 28 0,
PFG_MOEA,939,1,182.07,852.88,0 8 100 97 75 55 9 76 42 81 7 46 28 69 47 38 44 59 26 10 89 96 83 11 14 13 0,26 81
PFG_MOEA,939,2,182.07,852.88,0 27 12 0,
PFG_MOEA,939,3,182.07,852.88,0 57 95 41 73 15 98 85 88 63 74 78 64 30 71 35 40 16 18 19 17 31 20 0,
PFG_MOEA,939,4,182.07,852.88,0 4 80 53 66 94 49 51 79 32 3 36 54 70 72 67 86 82 23 84 39 56 68 37 33 22 21 91 1 0,86
PFG_MOEA,939,5,182.07,852.88,0 50 2 99 34 25 43 92 48 62 58 77 45 0,48 50
PFG_MOEA,939,6,182.07,852.88,0 24 5 29 90 65 6 87 52 60 61 93 0,5
PFG_MOEA,940,1,377.38,815.07,0 28 0,
PFG_MOEA,940,2,377.38,815.07,0 10 26 59 44 38 47 69 89 0,
PFG_MOEA,940,3,377.38,815.07,0 4 80 53 66 94 49 51 79 32 3 36 54 70 72 67 86 82 23 84 39 56 68 37 33 22 21 91 20 31 17 19 18 16 40 35 71 30 64 78 74 63 88 85 98 15 73 14 11 83 96 57 95 41 12 27 13 99 34 1 43 25 2 50 0,35 50
PFG_MOEA,940,4,377.38,815.07,0 92 48 62 58 77 0,
PFG_MOEA,940,5,377.38,815.07,0 45 24 0,45
PFG_MOEA,940,6,377.38,815.07,0 90 65 6 87 52 29 5 60 61 97 93 100 8 42 76 9 55 75 81 7 46 0,5 65 100
PFG_MOEA,941,1,146.68,995.69,0 79 32 3 36 54 70 72 67 86 82 23 84 39 56 68 37 33 22 21 0,84
PFG_MOEA,941,2,146.68,995.69,0 91 20 31 17 19 18 16 40 35 71 30 64 78 74 63 88 85 98 15 73 0,
PFG_MOEA,941,3,146.68,995.69,0 57 96 83 11 14 95 41 12 27 13 99 34 1 43 92 50 25 2 0,50
PFG_MOEA,941,4,146.68,995.69,0 48 5 29 60 61 97 93 100 8 42 76 9 55 75 81 7 46 0,93
PFG_MOEA,941,5,146.68,995.69,0 62 58 77 45 24 90 65 6 87 52 0,45
PFG_MOEA,941,6,146.68,995.69,0 10 26 59 44 38 47 69 89 28 4 80 53 66 94 49 51 0,
PFG_MOEA,942,1,168.27,920.08,0 8 100 93 75 55 9 76 42 81 7 46 28 69 47 38 44 59 26 10 89 96 83 11 14 13 0,81
PFG_MOEA,942,2,168.27,920.08,0 27 12 0,
PFG_MOEA,942,3,168.27,920.08,0 57 95 41 73 15 98 85 88 63 74 78 64 30 0,57
PFG_MOEA,942,4,168.27,920.08,0 20 17 31 71 35 40 16 18 19 23 82 86 67 72 70 54 36 3 32 79 51 49 94 66 53 80 4 0,86 94
PFG_MOEA,942,5,168.27,920.08,0 91 21 84 39 56 68 37 33 22 99 0,
PFG_MOEA,942,6,168.27,920.08,0 50 25 2 34 1 43 92 48 62 58 77 45 24 90 65 6 87 52 29 5 60 61 97 0,29 65
PFG_MOEA,943,1,141.39,1069.23,0 8 42 28 10 89 47 69 38 44 59 26 96 0,
PFG_MOEA,943,2,141.39,1069.23,0 13 12 41 11 14 98 85 15 73 95 57 0,57
PFG_MOEA,943,3,141.39,1069.23,0 4 80 53 100 81 7 46 27 83 88 63 74 78 64 30 71 35 40 16 20 0,100
PFG_MOEA,943,4,141.39,1069.23,0 31 17 18 19 91 33 37 68 56 39 72 70 54 36 3 58 77 50 0,
PFG_MOEA,943,5,141.39,1069.23,0 2 99 34 1 21 84 23 22 25 43 92 48 62 67 86 82 94 49 66 0,94
PFG_MOEA,943,6,141.39,1069.23,0 24 45 51 32 79 5 29 90 65 6 87 52 60 61 97 93 75 55 9 76 0,
PFG_MOEA,944,1,167.7,934.83,0 96 83 11 14 42 76 9 55 75 81 46 28 69 47 38 44 59 26 10 89 0,26 38 89
PFG_MOEA,944,2,167.7,934.83,0 13 27 12 41 95 57 73 15 98 85 88 63 74 78 64 30 71 35 40 16 18 19 31 20 0,
PFG_MOEA,944,3,167.7,934.83,0 17 91 33 37 68 56 39 84 23 0,
PFG_MOEA,944,4,167.7,934.83,0 4 80 53 66 94 49 51 79 32 3 36 54 70 72 67 86 82 22 21 1 34 48 62 58 77 0,86 94
PFG_MOEA,944,5,167.7,934.83,0 2 99 25 43 92 50 45 24 5 29 90 65 6 87 52 60 61 97 93 100 0,43 45
PFG_MOEA,944,6,167.7,934.83,0 8 7 0,
PFG_MOEA,945,1,173.13,915.94,0 8 28 10 89 47 69 38 44 59 26 96 83 11 98 14 73 41 12 13 95 57 0,38
PFG_MOEA,945,2,173.13,915.94,0 15 85 88 63 74 78 64 30 71 35 40 16 18 19 31 17 20 91 33 37 68 56 39 84 23 22 21 1 34 0,17 40 64 88
PFG_MOEA,945,3,173.13,915.94,0 4 80 53 51 79 0,
PFG_MOEA,945,4,173.13,915.94,0 66 49 32 94 82 86 67 72 70 54 36 3 58 77 48 62 92 43 0,
PFG_MOEA,945,5,173.13,915.94,0 25 99 2 0,
PFG_MOEA,945,6,173.13,915.94,0 50 45 24 5 29 90 65 6 87 52 60 61 97 93 100 75 55 9 76 42 81 7 46 27 0,5 50 81
PFG_MOEA,946,1,152.21,947.44,0 27 12 41 95 57 83 11 96 26 59 44 38 69 47 89 10 0,11
PFG_MOEA,946,2,152.21,947.44,0 28 13 73 14 98 15 85 88 63 74 78 64 30 71 35 40 16 18 19 31 17 20 91 0,17 35 64 88
PFG_MOEA,946,3,152.21,947.44,0 22 23 84 39 56 68 37 33 21 1 34 80 53 51 79 0,
PFG_MOEA,946,4,152.21,947.44,0 92 50 25 99 2 66 49 32 5 24 45 4 0,2 5
PFG_MOEA,946,5,152.21,947.44,0 46 81 75 55 9 76 42 7 8 100 93 97 61 60 52 87 6 65 90 29 94 0,
PFG_MOEA,946,6,152.21,947.44,0 77 58 3 36 54 70 72 67 86 82 62 48 43 0,
PFG_MOEA,947,1,138.05,1111.26,0 73 78 74 63 88 85 15 98 14 0,
PFG_MOEA,947,2,138.05,1111.26,0 20 91 19 17 31 35 71 30 64 40 16 18 68 56 39 84 23 22 0,17 35 64
PFG_MOEA,947,3,138.05,1111.26,0 50 92 37 33 21 1 34 99 2 25 66 49 32 79 51 53 80 0,
PFG_MOEA,947,4,138.05,1111.26,0 6 65 90 29 5 24 45 94 82 86 67 72 70 54 36 3 58 77 62 0,5
PFG_MOEA,947,5,138.05,1111.26,0 43 48 46 81 75 55 9 76 42 7 8 100 93 97 61 60 52 87 4 0,100
PFG_MOEA,947,6,138.05,1111.26,0 28 10 89 47 69 38 44 59 26 96 11 83 57 95 41 12 27 13 0,
PFG_MOEA,948,1,149.83,980.99,0 100 93 97 55 75 0,
PFG_MOEA,948,2,149.83,980.99,0 46 7 81 9 76 42 28 69 47 38 44 59 26 10 89 96 83 11 14 73 95 0,81
PFG_MOEA,948,3,149.83,980.99,0 13 27 12 41 30 64 78 74 63 88 85 98 15 57 0,
PFG_MOEA,948,4,149.83,980.99,0 8 22 23 84 39 56 68 37 33 91 19 18 16 40 71 35 31 17 20 0,40
PFG_MOEA,948,5,149.83,980.99,0 4 80 53 66 94 49 51 79 32 3 36 54 70 72 67 86 82 21 1 34 58 77 0,86
PFG_MOEA,948,6,149.83,980.99,0 2 99 25 43 92 62 48 50 45 24 5 29 61 60 52 87 6 65 90 0,5
PFG_MOEA,949,1,143.0,1006.23,0 13 27 12 41 11 83 96 59 44 38 47 69 89 10 26 98 14 73 95 57 0,13
PFG_MOEA,949,2,143.0,1006.23,0 8 15 85 88 63 74 78 64 30 71 35 40 0,64 88
PFG_MOEA,949,3,143.0,1006.23,0 20 17 31 16 18 19 91 33 37 68 56 39 84 23 22 21 1 34 0,
PFG_MOEA,949,4,143.0,1006.23,0 4 80 53 66 49 51 79 32 94 82 86 67 72 70 54 36 3 58 77 0,80 94
PFG_MOEA,949,5,143.0,1006.23,0 2 99 25 43 92 62 48 50 45 24 5 29 52 87 6 65 90 0,43 48 65
PFG_MOEA,949,6,143.0,1006.23,0 100 93 60 61 97 75 55 9 76 42 81 7 46 28 0,
PFG_MOEA,950,1,182.07,852.88,0 8 100 97 75 55 9 76 42 81 7 46 28 69 47 38 44 59 26 10 89 96 83 11 14 13 0,26 81
PFG_MOEA,950,2,182.07,852.88,0 27 12 0,
PFG_MOEA,950,3,182.07,852.88,0 57 95 41 73 15 98 85 88 63 74 78 64 30 71 35 40 16 18 19 17 31 20 0,
PFG_MOEA,950,4,182.07,852.88,0 4 80 53 66 94 49 51 79 32 3 36 54 70 72 67 86 82 23 84 39 56 68 37 33 22 21 91 1 0,86
PFG_MOEA,950,5,182.07,852.88,0 50 2 99 34 25 43 92 48 62 58 77 45 0,48 50
PFG_MOEA,950,6,182.07,852.88,0 24 5 29 90 65 6 87 52 60 61 93 0,5
PFG_MOEA,951,1,377.38,815.07,0 28 0,
PFG_MOEA,951,2,377.38,815.07,0 10 26 59 44 38 47 69 89 0,
PFG_MOEA,951,3,377.38,815.07,0 4 80 53 66 94 49 51 79 32 3 36 54 70 72 67 86 82 23 84 39 56 68 37 33 22 21 91 20 31 17 19 18 16 40 35 71 30 64 78 74 63 88 85 98 15 73 14 11 83 96 57 95 41 12 27 13 99 34 1 43 25 2 50 0,35 50
PFG_MOEA,951,4,377.38,815.07,0 92 48 62 58 77 0,
PFG_MOEA,951,5,377.38,815.07,0 45 24 0,45
PFG_MOEA,951,6,377.38,815.07,0 90 65 6 87 52 29 5 60 61 97 93 100 8 42 76 9 55 75 81 7 46 0,5 65 100
PFG_MOEA,952,1,146.68,995.69,0 79 32 3 36 54 70 72 67 86 82 23 84 39 56 68 37 33 22 21 0,84
PFG_MOEA,952,2,146.68,995.69,0 91 20 31 17 19 18 16 40 35 71 30 64 78 74 63 88 85 98 15 73 0,
PFG_MOEA,952,3,146.68,995.69,0 57 96 83 11 14 95 41 12 27 13 99 34 1 43 92 50 25 2 0,50
PFG_MOEA,952,4,146.68,995.69,0 48 5 29 60 61 97 93 100 8 42 76 9 55 75 81 7 46 0,93
PFG_MOEA,952,5,146.68,995.69,0 62 58 77 45 24 90 65 6 87 52 0,45
PFG_MOEA,952,6,146.68,995.69,0 10 26 59 44 38 47 69 89 28 4 80 53 66 94 49 51 0,
PFG_MOEA,953,1,168.27,920.08,0 8 100 93 75 55 9 76 42 81 7 46 28 69 47 38 44 59 26 10 89 96 83 11 14 13 0,81
PFG_MOEA,953,2,168.27,920.08,0 27 12 0,
PFG_MOEA,953,3,168.27,920.08,0 57 95 41 73 15 98 85 88 63 74 78 64 30 0,57
PFG_MOEA,953,4,168.27,920.08,0 20 17 31 71 35 40 16 18 19 23 82 86 67 72 70 54 36 3 32 79 51 49 94 66 53 80 4 0,86 94
PFG_MOEA,953,5,168.27,920.08,0 91 21 84 39 56 68 37 33 22 99 0,
PFG_MOEA,953,6,168.27,920.08,0 50 25 2 34 1 43 92 48 62 58 77 45 24 90 65 6 87 52 29 5 60 61 97 0,29 65
PFG_MOEA,954,1,141.39,1069.23,0 8 42 28 10 89 47 69 38 44 59 26 96 0,
PFG_MOEA,954,2,141.39,1069.23,0 13 12 41 11 14 98 85 15 73 95 57 0,57
PFG_MOEA,954,3,141.39,1069.23,0 4 80 53 100 81 7 46 27 83 88 63 74 78 64 30 71 35 40 16 20 0,100
PFG_MOEA,954,4,141.39,1069.23,0 31 17 18 19 91 33 37 68 56 39 72 70 54 36 3 58 77 50 0,
PFG_MOEA,954,5,141.39,1069.23,0 2 99 34 1 21 84 23 22 25 43 92 48 62 67 86 82 94 49 66 0,94
PFG_MOEA,954,6,141.39,1069.23,0 24 45 51 32 79 5 29 90 65 6 87 52 60 61 97 93 75 55 9 76 0,
PFG_MOEA,955,1,167.7,934.83,0 96 83 11 14 42 76 9 55 75 81 46 28 69 47 38 44 59 26 10 89 0,26 38 89
PFG_MOEA,955,2,167.7,934.83,0 13 27 12 41 95 57 73 15 98 85 88 63 74 78 64 30 71 35 40 16 18 19 31 20 0,
PFG_MOEA,955,3,167.7,934.83,0 17 91 33 37 68 56 39 84 23 0,
PFG_MOEA,955,4,167.7,934.83,0 4 80 53 66 94 49 51 79 32 3 36 54 70 72 67 86 82 22 21 1 34 48 62 58 77 0,86 94
PFG_MOEA,955,5,167.7,934.83,0 2 99 25 43 92 50 45 24 5 29 90 65 6 87 52 60 61 97 93 100 0,43 45
PFG_MOEA,955,6,167.7,934.83,0 8 7 0,
PFG_MOEA,956,1,173.13,915.94,0 8 28 10 89 47 69 38 44 59 26 96 83 11 98 14 73 41 12 13 95 57 0,38
PFG_MOEA,956,2,173.13,915.94,0 15 85 88 63 74 78 64 30 71 35 40 16 18 19 31 17 20 91 33 37 68 56 39 84 23 22 21 1 34 0,17 40 64 88
PFG_MOEA,956,3,173.13,915.94,0 4 80 53 51 79 0,
PFG_MOEA,956,4,173.13,915.94,0 66 49 32 94 82 86 67 72 70 54 36 3 58 77 48 62 92 43 0,
PFG_MOEA,956,5,173.13,915.94,0 25 99 2 0,
PFG_MOEA,956,6,173.13,915.94,0 50 45 24 5 29 90 65 6 87 52 60 61 97 93 100 75 55 9 76 42 81 7 46 27 0,5 50 81
PFG_MOEA,957,1,152.21,947.44,0 27 12 41 95 57 83 11 96 26 59 44 38 69 47 89 10 0,11
PFG_MOEA,957,2,152.21,947.44,0 28 13 73 14 98 15 85 88 63 74 78 64 30 71 35 40 16 18 19 31 17 20 91 0,17 35 64 88
PFG_MOEA,957,3,152.21,947.44,0 22 23 84 39 56 68 37 33 21 1 34 80 53 51 79 0,
PFG_MOEA,957,4,152.21,947.44,0 92 50 25 99 2 66 49 32 5 24 45 4 0,2 5
PFG_MOEA,957,5,152.21,947.44,0 46 81 75 55 9 76 42 7 8 100 93 97 61 60 52 87 6 65 90 29 94 0,
PFG_MOEA,957,6,152.21,947.44,0 77 58 3 36 54 70 72 67 86 82 62 48 43 0,
PFG_MOEA,958,1,138.05,1111.26,0 73 78 74 63 88 85 15 98 14 0,
PFG_MOEA,958,2,138.05,1111.26,0 20 91 19 17 31 35 71 30 64 40 16 18 68 56 39 84 23 22 0,17 35 64
PFG_MOEA,958,3,138.05,1111.26,0 50 92 37 33 21 1 34 99 2 25 66 49 32 79 51 53 80 0,
PFG_MOEA,958,4,138.05,1111.26,0 6 65 90 29 5 24 45 94 82 86 67 72 70 54 36 3 58 77 62 0,5
PFG_MOEA,958,5,138.05,1111.26,0 43 48 46 81 75 55 9 76 42 7 8 100 93 97 61 60 52 87 4 0,100
PFG_MOEA,958,6,138.05,1111.26,0 28 10 89 47 69 38 44 59 26 96 11 83 57 95 41 12 27 13 0,
PFG_MOEA,959,1,149.83,980.99,0 100 93 97 55 75 0,
PFG_MOEA,959,2,149.83,980.99,0 46 7 81 9 76 42 28 69 47 38 44 59 26 10 89 96 83 11 14 73 95 0,81
PFG_MOEA,959,3,149.83,980.99,0 13 27 12 41 30 64 78 74 63 88 85 98 15 57 0,
PFG_MOEA,959,4,149.83,980.99,0 8 22 23 84 39 56 68 37 33 91 19 18 16 40 71 35 31 17 20 0,40
PFG_MOEA,959,5,149.83,980.99,0 4 80 53 66 94 49 51 79 32 3 36 54 70 72 67 86 82 21 1 34 58 77 0,86
PFG_MOEA,959,6,149.83,980.99,0 2 99 25 43 92 62 48 50 45 24 5 29 61 60 52 87 6 65 90 0,5
PFG_MOEA,960,1,143.0,1006.23,0 13 27 12 41 11 83 96 59 44 38 47 69 89 10 26 98 14 73 95 57 0,13
PFG_MOEA,960,2,143.0,1006.23,0 8 15 85 88 63 74 78 64 30 71 35 40 0,64 88
PFG_MOEA,960,3,143.0,1006.23,0 20 17 31 16 18 19 91 33 37 68 56 39 84 23 22 21 1 34 0,
PFG_MOEA,960,4,143.0,1006.23,0 4 80 53 66 49 51 79 32 94 82 86 67 72 70 54 36 3 58 77 0,80 94
PFG_MOEA,960,5,143.0,1006.23,0 2 99 25 43 92 62 48 50 45 24 5 29 52 87 6 65 90 0,43 48 65
PFG_MOEA,960,6,143.0,1006.23,0 100 93 60 61 97 75 55 9 76 42 81 7 46 28 0,
PFG_MOEA,961,1,182.07,852.88,0 8 100 97 75 55 9 76 42 81 7 46 28 69 47 38 44 59 26 10 89 96 83 11 14 13 0,26 81
PFG_MOEA,961,2,182.07,852.88,0 27 12 0,
PFG_MOEA,961,3,182.07,852.88,0 57 95 41 73 15 98 85 88 63 74 78 64 30 71 35 40 16 18 19 17 31 20 0,
PFG_MOEA,961,4,182.07,852.88,0 4 80 53 66 94 49 51 79 32 3 36 54 70 72 67 86 82 23 84 39 56 68 37 33 22 21 91 1 0,86
PFG_MOEA,961,5,182.07,852.88,0 50 2 99 34 25 43 92 48 62 58 77 45 0,48 50
PFG_MOEA,961,6,182.07,852.88,0 24 5 29 90 65 6 87 52 60 61 93 0,5
PFG_MOEA,962,1,377.38,815.07,0 28 0,
PFG_MOEA,962,2,377.38,815.07,0 10 26 59 44 38 47 69 89 0,
PFG_MOEA,962,3,377.38,815.07,0 4 80 53 66 94 49 51 79 32 3 36 54 70 72 67 86 82 23 84 39 56 68 37 33 22 21 91 20 31 17 19 18 16 40 35 71 30 64 78 74 63 88 85 98 15 73 14 11 83 96 57 95 41 12 27 13 99 34 1 43 25 2 50 0,35 50
PFG_MOEA,962,4,377.38,815.07,0 92 48 62 58 77 0,
PFG_MOEA,962,5,377.38,815.07,0 45 24 0,45
PFG_MOEA,962,6,377.38,815.07,0 90 65 6 87 52 29 5 60 61 97 93 100 8 42 76 9 55 75 81 7 46 0,5 65 100
PFG_MOEA,963,1,146.68,995.69,0 79 32 3 36 54 70 72 67 86 82 23 84 39 56 68 37 33 22 21 0,84
PFG_MOEA,963,2,146.68,995.69,0 91 20 31 17 19 18 16 40 35 71 30 64 78 74 63 88 85 98 15 73 0,
PFG_MOEA,963,3,146.68,995.69,0 57 96 83 11 14 95 41 12 27 13 99 34 1 43 92 50 25 2 0,50
PFG_MOEA,963,4,146.68,995.69,0 48 5 29 60 61 97 93 100 8 42 76 9 55 75 81 7 46 0,93
PFG_MOEA,963,5,146.68,995.69,0 62 58 77 45 24 90 65 6 87 52 0,45
PFG_MOEA,963,6,146.68,995.69,0 10 26 59 44 38 47 69 89 28 4 80 53 66 94 49 51 0,
PFG_MOEA,964,1,168.27,920.08,0 8 100 93 75 55 9 76 42 81 7 46 28 69 47 38 44 59 26 10 89 96 83 11 14 13 0,81
PFG_MOEA,964,2,168.27,920.08,0 27 12 0,
PFG_MOEA,964,3,168.27,920.08,0 57 95 41 73 15 98 85 88 63 74 78 64 30 0,57
PFG_MOEA,964,4,168.27,920.08,0 20 17 31 71 35 40 16 18 19 23 82 86 67 72 70 54 36 3 32 79 51 49 94 66 53 80 4 0,86 94
PFG_MOEA,964,5,168.27,920.08,0 91 21 84 39 56 68 37 33 22 99 0,
PFG_MOEA,964,6,168.27,920.08,0 50 25 2 34 1 43 92 48 62 58 77 45 24 90 65 6 87 52 29 5 60 61 97 0,29 65
PFG_MOEA,965,1,141.39,1069.23,0 8 42 28 10 89 47 69 38 44 59 26 96 0,
PFG_MOEA,965,2,141.39,1069.23,0 13 12 41 11 14 98 85 15 73 95 57 0,57
PFG_MOEA,965,3,141.39,1069.23,0 4 80 53 100 81 7 46 27 83 88 63 74 78 64 30 71 35 40 16 20 0,100
PFG_MOEA,965,4,141.39,1069.23,0 31 17 18 19 91 33 37 68 56 39 72 70 54 36 3 58 77 50 0,
PFG_MOEA,965,5,141.39,1069.23,0 2 99 34 1 21 84 23 22 25 43 92 48 62 67 86 82 94 49 66 0,94
PFG_MOEA,965,6,141.39,1069.23,0 24 45 51 32 79 5 29 90 65 6 87 52 60 61 97 93 75 55 9 76 0,
PFG_MOEA,966,1,167.7,934.83,0 96 83 11 14 42 76 9 55 75 81 46 28 69 47 38 44 59 26 10 89 0,26 38 89
PFG_MOEA,966,2,167.7,934.83,0 13 27 12 41 95 57 73 15 98 85 88 63 74 78 64 30 71 35 40 16 18 19 31 20 0,
PFG_MOEA,966,3,167.7,934.83,0 17 91 33 37 68 56 39 84 23 0,
PFG_MOEA,966,4,167.7,934.83,0 4 80 53 66 94 49 51 79 32 3 36 54 70 72 67 86 82 22 21 1 34 48 62 58 77 0,86 94
PFG_MOEA,966,5,167.7,934.83,0 2 99 25 43 92 50 45 24 5 29 90 65 6 87 52 60 61 97 93 100 0,43 45
PFG_MOEA,966,6,167.7,934.83,0 8 7 0,
PFG_MOEA,967,1,173.13,915.94,0 8 28 10 89 47 69 38 44 59 26 96 83 11 98 14 73 41 12 13 95 57 0,38
PFG_MOEA,967,2,173.13,915.94,0 15 85 88 63 74 78 64 30 71 35 40 16 18 19 31 17 20 91 33 37 68 56 39 84 23 22 21 1 34 0,17 40 64 88
PFG_MOEA,967,3,173.13,915.94,0 4 80 53 51 79 0,
PFG_MOEA,967,4,173.13,915.94,0 66 49 32 94 82 86 67 72 70 54 36 3 58 77 48 62 92 43 0,
PFG_MOEA,967,5,173.13,915.94,0 25 99 2 0,
PFG_MOEA,967,6,173.13,915.94,0 50 45 24 5 29 90 65 6 87 52 60 61 97 93 100 75 55 9 76 42 81 7 46 27 0,5 50 81
PFG_MOEA,968,1,152.21,947.44,0 27 12 41 95 57 83 11 96 26 59 44 38 69 47 89 10 0,11
PFG_MOEA,968,2,152.21,947.44,0 28 13 73 14 98 15 85 88 63 74 78 64 30 71 35 40 16 18 19 31 17 20 91 0,17 35 64 88
PFG_MOEA,968,3,152.21,947.44,0 22 23 84 39 56 68 37 33 21 1 34 80 53 51 79 0,
PFG_MOEA,968,4,152.21,947.44,0 92 50 25 99 2 66 49 32 5 24 45 4 0,2 5
PFG_MOEA,968,5,152.21,947.44,0 46 81 75 55 9 76 42 7 8 100 93 97 61 60 52 87 6 65 90 29 94 0,
PFG_MOEA,968,6,152.21,947.44,0 77 58 3 36 54 70 72 67 86 82 62 48 43 0,
PFG_MOEA,969,1,138.05,1111.26,0 73 78 74 63 88 85 15 98 14 0,
PFG_MOEA,969,2,138.05,1111.26,0 20 91 19 17 31 35 71 30 64 40 16 18 68 56 39 84 23 22 0,17 35 64
PFG_MOEA,969,3,138.05,1111.26,0 50 92 37 33 21 1 34 99 2 25 66 49 32 79 51 53 80 0,
PFG_MOEA,969,4,138.05,1111.26,0 6 65 90 29 5 24 45 94 82 86 67 72 70 54 36 3 58 77 62 0,5
PFG_MOEA,969,5,138.05,1111.26,0 43 48 46 81 75 55 9 76 42 7 8 100 93 97 61 60 52 87 4 0,100
PFG_MOEA,969,6,138.05,1111.26,0 28 10 89 47 69 38 44 59 26 96 11 83 57 95 41 12 27 13 0,
PFG_MOEA,970,1,149.83,980.99,0 100 93 97 55 75 0,
PFG_MOEA,970,2,149.83,980.99,0 46 7 81 9 76 42 28 69 47 38 44 59 26 10 89 96 83 11 14 73 95 0,81
PFG_MOEA,970,3,149.83,980.99,0 13 27 12 41 30 64 78 74 63 88 85 98 15 57 0,
PFG_MOEA,970,4,149.83,980.99,0 8 22 23 84 39 56 68 37 33 91 19 18 16 40 71 35 31 17 20 0,40
PFG_MOEA,970,5,149.83,980.99,0 4 80 53 66 94 49 51 79 32 3 36 54 70 72 67 86 82 21 1 34 58 77 0,86
PFG_MOEA,970,6,149.83,980.99,0 2 99 25 43 92 62 48 50 45 24 5 29 61 60 52 87 6 65 90 0,5
PFG_MOEA,971,1,143.0,1006.23,0 13 27 12 41 11 83 96 59 44 38 47 69 89 10 26 98 14 73 95 57 0,13
PFG_MOEA,971,2,143.0,1006.23,0 8 15 85 88 63 74 78 64 30 71 35 40 0,64 88
PFG_MOEA,971,3,143.0,1006.23,0 20 17 31 16 18 19 91 33 37 68 56 39 84 23 22 21 1 34 0,
PFG_MOEA,971,4,143.0,1006.23,0 4 80 53 66 49 51 79 32 94 82 86 67 72 70 54 36 3 58 77 0,80 94
PFG_MOEA,971,5,143.0,1006.23,0 2 99 25 43 92 62 48 50 45 24 5 29 52 87 6 65 90 0,43 48 65
PFG_MOEA,971,6,143.0,1006.23,0 100 93 60 61 97 75 55 9 76 42 81 7 46 28 0,
PFG_MOEA,972,1,182.07,852.88,0 8 100 97 75 55 9 76 42 81 7 46 28 69 47 38 44 59 26 10 89 96 83 11 14 13 0,26 81
PFG_MOEA,972,2,182.07,852.88,0 27 12 0,
PFG_MOEA,972,3,182.07,852.88,0 57 95 41 73 15 98 85 88 63 74 78 64 30 71 35 40 16 18 19 17 31 20 0,
PFG_MOEA,972,4,182.07,852.88,0 4 80 53 66 94 49 51 79 32 3 36 54 70 72 67 86 82 23 84 39 56 68 37 33 22 21 91 1 0,86
PFG_MOEA,972,5,182.07,852.88,0 50 2 99 34 25 43 92 48 62 58 77 45 0,48 50
PFG_MOEA,972,6,182.07,852.88,0 24 5 29 90 65 6 87 52 60 61 93 0,5
PFG_MOEA,973,1,377.38,815.07,0 28 0,
PFG_MOEA,973,2,377.38,815.07,0 10 26 59 44 38 47 69 89 0,
PFG_MOEA,973,3,377.38,815.07,0 4 80 53 66 94 49 51 79 32 3 36 54 70 72 67 86 82 23 84 39 56 68 37 33 22 21 91 20 31 17 19 18 16 40 35 71 30 64 78 74 63 88 85 98 15 73 14 11 83 96 57 95 41 12 27 13 99 34 1 43 25 2 50 0,35 50
PFG_MOEA,973,4,377.38,815.07,0 92 48 62 58 77 0,
PFG_MOEA,973,5,377.38,815.07,0 45 24 0,45
PFG_MOEA,973,6,377.38,815.07,0 90 65 6 87 52 29 5 60 61 97 93 100 8 42 76 9 55 75 81 7 46 0,5 65 100
PFG_MOEA,974,1,146.68,995.69,0 79 32 3 36 54 70 72 67 86 82 23 84 39 56 68 37 33 22 21 0,84
PFG_MOEA,974,2,146.68,995.69,0 91 20 31 17 19 18 16 40 35 71 30 64 78 74 63 88 85 98 15 73 0,
PFG_MOEA,974,3,146.68,995.69,0 57 96 83 11 14 95 41 12 27 13 99 34 1 43 92 50 25 2 0,50
PFG_MOEA,974,4,146.68,995.69,0 48 5 29 60 61 97 93 100 8 42 76 9 55 75 81 7 46 0,93
PFG_MOEA,974,5,146.68,995.69,0 62 58 77 45 24 90 65 6 87 52 0,45
PFG_MOEA,974,6,146.68,995.69,0 10 26 59 44 38 47 69 89 28 4 80 53 66 94 49 51 0,
PFG_MOEA,975,1,168.27,920.08,0 8 100 93 75 55 9 76 42 81 7 46 28 69 47 38 44 59 26 10 89 96 83 11 14 13 0,81
PFG_MOEA,975,2,168.27,920.08,0 27 12 0,
PFG_MOEA,975,3,168.27,920.08,0 57 95 41 73 15 98 85 88 63 74 78 64 30 0,57
PFG_MOEA,975,4,168.27,920.08,0 20 17 31 71 35 40 16 18 19 23 82 86 67 72 70 54 36 3 32 79 51 49 94 66 53 80 4 0,86 94
PFG_MOEA,975,5,168.27,920.08,0 91 21 84 39 56 68 37 33 22 99 0,
PFG_MOEA,975,6,168.27,920.08,0 50 25 2 34 1 43 92 48 62 58 77 45 24 90 65 6 87 52 29 5 60 61 97 0,29 65
PFG_MOEA,976,1,141.39,1069.23,0 8 42 28 10 89 47 69 38 44 59 26 96 0,
PFG_MOEA,976,2,141.39,1069.23,0 13 12 41 11 14 98 85 15 73 95 57 0,57
PFG_MOEA,976,3,141.39,1069.23,0 4 80 53 100 81 7 46 27 83 88 63 74 78 64 30 71 35 40 16 20 0,100
PFG_MOEA,976,4,141.39,1069.23,0 31 17 18 19 91 33 37 68 56 39 72 70 54 36 3 58 77 50 0,
PFG_MOEA,976,5,141.39,1069.23,0 2 99 34 1 21 84 23 22 25 43 92 48 62 67 86 82 94 49 66 0,94
PFG_MOEA,976,6,141.39,1069.23,0 24 45 51 32 79 5 29 90 65 6 87 52 60 61 97 93 75 55 9 76 0,
PFG_MOEA,977,1,167.7,934.83,0 96 83 11 14 42 76 9 55 75 81 46 28 69 47 38 44 59 26 10 89 0,26 38 89
PFG_MOEA,977,2,167.7,934.83,0 13 27 12 41 95 57 73 15 98 85 88 63 74 78 64 30 71 35 40 16 18 19 31 20 0,
PFG_MOEA,977,3,167.7,934.83,0 17 91 33 37 68 56 39 84 23 0,
PFG_MOEA,977,4,167.7,934.83,0 4 80 53 66 94 49 51 79 32 3 36 54 70 72 67 86 82 22 21 1 34 48 62 58 77 0,86 94
PFG_MOEA,977,5,167.7,934.83,0 2 99 25 43 92 50 45 24 5 29 90 65 6 87 52 60 61 97 93 100 0,43 45
PFG_MOEA,977,6,167.7,934.83,0 8 7 0,
PFG_MOEA,978,1,173.13,915.94,0 8 28 10 89 47 69 38 44 59 26 96 83 11 98 14 73 41 12 13 95 57 0,38
PFG_MOEA,978,2,173.13,915.94,0 15 85 88 63 74 78 64 30 71 35 40 16 18 19 31 17 20 91 33 37 68 56 39 84 23 22 21 1 34 0,17 40 64 88
PFG_MOEA,978,3,173.13,915.94,0 4 80 53 51 79 0,
PFG_MOEA,978,4,173.13,915.94,0 66 49 32 94 82 86 67 72 70 54 36 3 58 77 48 62 92 43 0,
PFG_MOEA,978,5,173.13,915.94,0 25 99 2 0,
PFG_MOEA,978,6,173.13,915.94,0 50 45 24 5 29 90 65 6 87 52 60 61 97 93 100 75 55 9 76 42 81 7 46 27 0,5 50 81
PFG_MOEA,979,1,152.21,947.44,0 27 12 41 95 57 83 11 96 26 59 44 38 69 47 89 10 0,11
PFG_MOEA,979,2,152.21,947.44,0 28 13 73 14 98 15 85 88 63 74 78 64 30 71 35 40 16 18 19 31 17 20 91 0,17 35 64 88
PFG_MOEA,979,3,152.21,947.44,0 22 23 84 39 56 68 37 33 21 1 34 80 53 51 79 0,
PFG_MOEA,979,4,152.21,947.44,0 92 50 25 99 2 66 49 32 5 24 45 4 0,2 5
PFG_MOEA,979,5,152.21,947.44,0 46 81 75 55 9 76 42 7 8 100 93 97 61 60 52 87 6 65 90 29 94 0,
PFG_MOEA,979,6,152.21,947.44,0 77 58 3 36 54 70 72 67 86 82 62 48 43 0,
PFG_MOEA,980,1,138.05,1111.26,0 73 78 74 63 88 85 15 98 14 0,
PFG_MOEA,980,2,138.05,1111.26,0 20 91 19 17 31 35 71 30 64 40 16 18 68 56 39 84 23 22 0,17 35 64
PFG_MOEA,980,3,138.05,1111.26,0 50 92 37 33 21 1 34 99 2 25 66 49 32 79 51 53 80 0,
PFG_MOEA,980,4,138.05,1111.26,0 6 65 90 29 5 24 45 94 82 86 67 72 70 54 36 3 58 77 62 0,5
PFG_MOEA,980,5,138.05,1111.26,0 43 48 46 81 75 55 9 76 42 7 8 100 93 97 61 60 52 87 4 0,100
PFG_MOEA,980,6,138.05,1111.26,0 28 10 89 47 69 38 44 59 26 96 11 83 57 95 41 12 27 13 0,
PFG_MOEA,981,1,149.83,980.99,0 100 93 97 55 75 0,
PFG_MOEA,981,2,149.83,980.99,0 46 7 81 9 76 42 28 69 47 38 44 59 26 10 89 96 83 11 14 73 95 0,81
PFG_MOEA,981,3,149.83,980.99,0 13 27 12 41 30 64 78 74 63 88 85 98 15 57 0,
PFG_MOEA,981,4,149.83,980.99,0 8 22 23 84 39 56 68 37 33 91 19 18 16 40 71 35 31 17 20 0,40
PFG_MOEA,981,5,149.83,980.99,0 4 80 53 66 94 49 51 79 32 3 36 54 70 72 67 86 82 21 1 34 58 77 0,86
PFG_MOEA,981,6,149.83,980.99,0 2 99 25 43 92 62 48 50 45 24 5 29 61 60 52 87 6 65 90 0,5
PFG_MOEA,982,1,143.0,1006.23,0 13 27 12 41 11 83 96 59 44 38 47 69 89 10 26 98 14 73 95 57 0,13
PFG_MOEA,982,2,143.0,1006.23,0 8 15 85 88 63 74 78 64 30 71 35 40 0,64 88
PFG_MOEA,982,3,143.0,1006.23,0 20 17 31 16 18 19 91 33 37 68 56 39 84 23 22 21 1 34 0,
PFG_MOEA,982,4,143.0,1006.23,0 4 80 53 66 49 51 79 32 94 82 86 67 72 70 54 36 3 58 77 0,80 94
PFG_MOEA,982,5,143.0,1006.23,0 2 99 25 43 92 62 48 50 45 24 5 29 52 87 6 65 90 0,43 48 65
PFG_MOEA,982,6,143.0,1006.23,0 100 93 60 61 97 75 55 9 76 42 81 7 46 28 0,
PFG_MOEA,983,1,182.07,852.88,0 8 100 97 75 55 9 76 42 81 7 46 28 69 47 38 44 59 26 10 89 96 83 11 14 13 0,26 81
PFG_MOEA,983,2,182.07,852.88,0 27 12 0,
PFG_MOEA,983,3,182.07,852.88,0 57 95 41 73 15 98 85 88 63 74 78 64 30 71 35 40 16 18 19 17 31 20 0,
PFG_MOEA,983,4,182.07,852.88,0 4 80 53 66 94 49 51 79 32 3 36 54 70 72 67 86 82 23 84 39 56 68 37 33 22 21 91 1 0,86
PFG_MOEA,983,5,182.07,852.88,0 50 2 99 34 25 43 92 48 62 58 77 45 0,48 50
PFG_MOEA,983,6,182.07,852.88,0 24 5 29 90 65 6 87 52 60 61 93 0,5
PFG_MOEA,984,1,377.38,815.07,0 28 0,
PFG_MOEA,984,2,377.38,815.07,0 10 26 59 44 38 47 69 89 0,
PFG_MOEA,984,3,377.38,815.07,0 4 80 53 66 94 49 51 79 32 3 36 54 70 72 67 86 82 23 84 39 56 68 37 33 22 21 91 20 31 17 19 18 16 40 35 71 30 64 78 74 63 88 85 98 15 73 14 11 83 96 57 95 41 12 27 13 99 34 1 43 25 2 50 0,35 50
PFG_MOEA,984,4,377.38,815.07,0 92 48 62 58 77 0,
PFG_MOEA,984,5,377.38,815.07,0 45 24 0,45
PFG_MOEA,984,6,377.38,815.07,0 90 65 6 87 52 29 5 60 61 97 93 100 8 42 76 9 55 75 81 7 46 0,5 65 100
PFG_MOEA,985,1,146.68,995.69,0 79 32 3 36 54 70 72 67 86 82 23 84 39 56 68 37 33 22 21 0,84
PFG_MOEA,985,2,146.68,995.69,0 91 20 31 17 19 18 16 40 35 71 30 64 78 74 63 88 85 98 15 73 0,
PFG_MOEA,985,3,146.68,995.69,0 57 96 83 11 14 95 41 12 27 13 99 34 1 43 92 50 25 2 0,50
PFG_MOEA,985,4,146.68,995.69,0 48 5 29 60 61 97 93 100 8 42 76 9 55 75 81 7 46 0,93
PFG_MOEA,985,5,146.68,995.69,0 62 58 77 45 24 90 65 6 87 52 0,45
PFG_MOEA,985,6,146.68,995.69,0 10 26 59 44 38 47 69 89 28 4 80 53 66 94 49 51 0,
PFG_MOEA,986,1,168.27,920.08,0 8 100 93 75 55 9 76 42 81 7 46 28 69 47 38 44 59 26 10 89 96 83 11 14 13 0,81
PFG_MOEA,986,2,168.27,920.08,0 27 12 0,
PFG_MOEA,986,3,168.27,920.08,0 57 95 41 73 15 98 85 88 63 74 78 64 30 0,57
PFG_MOEA,986,4,168.27,920.08,0 20 17 31 71 35 40 16 18 19 23 82 86 67 72 70 54 36 3 32 79 51 49 94 66 53 80 4 0,86 94
PFG_MOEA,986,5,168.27,920.08,0 91 21 84 39 56 68 37 33 22 99 0,
PFG_MOEA,986,6,168.27,920.08,0 50 25 2 34 1 43 92 48 62 58 77 45 24 90 65 6 87 52 29 5 60 61 97 0,29 65
PFG_MOEA,987,1,141.39,1069.23,0 8 42 28 10 89 47 69 38 44 59 26 96 0,
PFG_MOEA,987,2,141.39,1069.23,0 13 12 41 11 14 98 85 15 73 95 57 0,57
PFG_MOEA,987,3,141.39,1069.23,0 4 80 53 100 81 7 46 27 83 88 63 74 78 64 30 71 35 40 16 20 0,100
PFG_MOEA,987,4,141.39,1069.23,0 31 17 18 19 91 33 37 68 56 39 72 70 54 36 3 58 77 50 0,
PFG_MOEA,987,5,141.39,1069.23,0 2 99 34 1 21 84 23 22 25 43 92 48 62 67 86 82 94 49 66 0,94
PFG_MOEA,987,6,141.39,1069.23,0 24 45 51 32 79 5 29 90 65 6 87 52 60 61 97 93 75 55 9 76 0,
PFG_MOEA,988,1,167.7,934.83,0 96 83 11 14 42 76 9 55 75 81 46 28 69 47 38 44 59 26 10 89 0,26 38 89
PFG_MOEA,988,2,167.7,934.83,0 13 27 12 41 95 57 73 15 98 85 88 63 74 78 64 30 71 35 40 16 18 19 31 20 0,
PFG_MOEA,988,3,167.7,934.83,0 17 91 33 37 68 56 39 84 23 0,
PFG_MOEA,988,4,167.7,934.83,0 4 80 53 66 94 49 51 79 32 3 36 54 70 72 67 86 82 22 21 1 34 48 62 58 77 0,86 94
PFG_MOEA,988,5,167.7,934.83,0 2 99 25 43 92 50 45 24 5 29 90 65 6 87 52 60 61 97 93 100 0,43 45
PFG_MOEA,988,6,167.7,934.83,0 8 7 0,
PFG_MOEA,989,1,173.13,915.94,0 8 28 10 89 47 69 38 44 59 26 96 83 11 98 14 73 41 12 13 95 57 0,38
PFG_MOEA,989,2,173.13,915.94,0 15 85 88 63 74 78 64 30 71 35 40 16 18 19 31 17 20 91 33 37 68 56 39 84 23 22 21 1 34 0,17 40 64 88
PFG_MOEA,989,3,173.13,915.94,0 4 80 53 51 79 0,
PFG_MOEA,989,4,173.13,915.94,0 66 49 32 94 82 86 67 72 70 54 36 3 58 77 48 62 92 43 0,
PFG_MOEA,989,5,173.13,915.94,0 25 99 2 0,
PFG_MOEA,989,6,173.13,915.94,0 50 45 24 5 29 90 65 6 87 52 60 61 97 93 100 75 55 9 76 42 81 7 46 27 0,5 50 81
PFG_MOEA,990,1,152.21,947.44,0 27 12 41 95 57 83 11 96 26 59 44 38 69 47 89 10 0,11
PFG_MOEA,990,2,152.21,947.44,0 28 13 73 14 98 15 85 88 63 74 78 64 30 71 35 40 16 18 19 31 17 20 91 0,17 35 64 88
PFG_MOEA,990,3,152.21,947.44,0 22 23 84 39 56 68 37 33 21 1 34 80 53 51 79 0,
PFG_MOEA,990,4,152.21,947.44,0 92 50 25 99 2 66 49 32 5 24 45 4 0,2 5
PFG_MOEA,990,5,152.21,947.44,0 46 81 75 55 9 76 42 7 8 100 93 97 61 60 52 87 6 65 90 29 94 0,
PFG_MOEA,990,6,152.21,947.44,0 77 58 3 36 54 70 72 67 86 82 62 48 43 0,
PFG_MOEA,991,1,138.05,1111.26,0 73 78 74 63 88 85 15 98 14 0,
PFG_MOEA,991,2,138.05,1111.26,0 20 91 19 17 31 35 71 30 64 40 16 18 68 56 39 84 23 22 0,17 35 64
PFG_MOEA,991,3,138.05,1111.26,0 50 92 37 33 21 1 34 99 2 25 66 49 32 79 51 53 80 0,
PFG_MOEA,991,4,138.05,1111.26,0 6 65 90 29 5 24 45 94 82 86 67 72 70 54 36 3 58 77 62 0,5
PFG_MOEA,991,5,138.05,1111.26,0 43 48 46 81 75 55 9 76 42 7 8 100 93 97 61 60 52 87 4 0,100
PFG_MOEA,991,6,138.05,1111.26,0 28 10 89 47 69 38 44 59 26 96 11 83 57 95 41 12 27 13 0,
PFG_MOEA,992,1,149.83,980.99,0 100 93 97 55 75 0,
PFG_MOEA,992,2,149.83,980.99,0 46 7 81 9 76 42 28 69 47 38 44 59 26 10 89 96 83 11 14 73 95 0,81
PFG_MOEA,992,3,149.83,980.99,0 13 27 12 41 30 64 78 74 63 88 85 98 15 57 0,
PFG_MOEA,992,4,149.83,980.99,0 8 22 23 84 39 56 68 37 33 91 19 18 16 40 71 35 31 17 20 0,40
PFG_MOEA,992,5,149.83,980.99,0 4 80 53 66 94 49 51 79 32 3 36 54 70 72 67 86 82 21 1 34 58 77 0,86
PFG_MOEA,992,6,149.83,980.99,0 2 99 25 43 92 62 48 50 45 24 5 29 61 60 52 87 6 65 90 0,5
PFG_MOEA,993,1,143.0,1006.23,0 13 27 12 41 11 83 96 59 44 38 47 69 89 10 26 98 14 73 95 57 0,13
PFG_MOEA,993,2,143.0,1006.23,0 8 15 85 88 63 74 78 64 30 71 35 40 0,64 88
PFG_MOEA,993,3,143.0,1006.23,0 20 17 31 16 18 19 91 33 37 68 56 39 84 23 22 21 1 34 0,
PFG_MOEA,993,4,143.0,1006.23,0 4 80 53 66 49 51 79 32 94 82 86 67 72 70 54 36 3 58 77 0,80 94
PFG_MOEA,993,5,143.0,1006.23,0 2 99 25 43 92 62 48 50 45 24 5 29 52 87 6 65 90 0,43 48 65
PFG_MOEA,993,6,143.0,1006.23,0 100 93 60 61 97 75 55 9 76 42 81 7 46 28 0,
PFG_MOEA,994,1,182.07,852.88,0 8 100 97 75 55 9 76 42 81 7 46 28 69 47 38 44 59 26 10 89 96 83 11 14 13 0,26 81
PFG_MOEA,994,2,182.07,852.88,0 27 12 0,
PFG_MOEA,994,3,182.07,852.88,0 57 95 41 73 15 98 85 88 63 74 78 64 30 71 35 40 16 18 19 17 31 20 0,
PFG_MOEA,994,4,182.07,852.88,0 4 80 53 66 94 49 51 79 32 3 36 54 70 72 67 86 82 23 84 39 56 68 37 33 22 21 91 1 0,86
PFG_MOEA,994,5,182.07,852.88,0 50 2 99 34 25 43 92 48 62 58 77 45 0,48 50
PFG_MOEA,994,6,182.07,852.88,0 24 5 29 90 65 6 87 52 60 61 93 0,5
PFG_MOEA,995,1,377.38,815.07,0 28 0,
PFG_MOEA,995,2,377.38,815.07,0 10 26 59 44 38 47 69 89 0,
PFG_MOEA,995,3,377.38,815.07,0 4 80 53 66 94 49 51 79 32 3 36 54 70 72 67 86 82 23 84 39 56 68 37 33 22 21 91 20 31 17 19 18 16 40 35 71 30 64 78 74 63 88 85 98 15 73 14 11 83 96 57 95 41 12 27 13 99 34 1 43 25 2 50 0,35 50
PFG_MOEA,995,4,377.38,815.07,0 92 48 62 58 77 0,
PFG_MOEA,995,5,377.38,815.07,0 45 24 0,45
PFG_MOEA,995,6,377.38,815.07,0 90 65 6 87 52 29 5 60 61 97 93 100 8 42 76 9 55 75 81 7 46 0,5 65 100
PFG_MOEA,996,1,146.68,995.69,0 79 32 3 36 54 70 72 67 86 82 23 84 39 56 68 37 33 22 21 0,84
PFG_MOEA,996,2,146.68,995.69,0 91 20 31 17 19 18 16 40 35 71 30 64 78 74 63 88 85 98 15 73 0,
PFG_MOEA,996,3,146.68,995.69,0 57 96 83 11 14 95 41 12 27 13 99 34 1 43 92 50 25 2 0,50
PFG_MOEA,996,4,146.68,995.69,0 48 5 29 60 61 97 93 100 8 42 76 9 55 75 81 7 46 0,93
PFG_MOEA,996,5,146.68,995.69,0 62 58 77 45 24 90 65 6 87 52 0,45
PFG_MOEA,996,6,146.68,995.69,0 10 26 59 44 38 47 69 89 28 4 80 53 66 94 49 51 0,
PFG_MOEA,997,1,168.27,920.08,0 8 100 93 75 55 9 76 42 81 7 46 28 69 47 38 44 59 26 10 89 96 83 11 14 13 0,81
PFG_MOEA,997,2,168.27,920.08,0 27 12 0,
PFG_MOEA,997,3,168.27,920.08,0 57 95 41 73 15 98 85 88 63 74 78 64 30 0,57
PFG_MOEA,997,4,168.27,920.08,0 20 17 31 71 35 40 16 18 19 23 82 86 67 72 70 54 36 3 32 79 51 49 94 66 53 80 4 0,86 94
PFG_MOEA,997,5,168.27,920.08,0 91 21 84 39 56 68 37 33 22 99 0,
PFG_MOEA,997,6,168.27,920.08,0 50 25 2 34 1 43 92 48 62 58 77 45 24 90 65 6 87 52 29 5 60 61 97 0,29 65
PFG_MOEA,998,1,141.39,1069.23,0 8 42 28 10 89 47 69 38 44 59 26 96 0,
PFG_MOEA,998,2,141.39,1069.23,0 13 12 41 11 14 98 85 15 73 95 57 0,57
PFG_MOEA,998,3,141.39,1069.23,0 4 80 53 100 81 7 46 27 83 88 63 74 78 64 30 71 35 40 16 20 0,100
PFG_MOEA,998,4,141.39,1069.23,0 31 17 18 19 91 33 37 68 56 39 72 70 54 36 3 58 77 50 0,
PFG_MOEA,998,5,141.39,1069.23,0 2 99 34 1 21 84 23 22 25 43 92 48 62 67 86 82 94 49 66 0,94
PFG_MOEA,998,6,141.39,1069.23,0 24 45 51 32 79 5 29 90 65 6 87 52 60 61 97 93 75 55 9 76 0,
PFG_MOEA,999,1,167.7,934.83,0 96 83 11 14 42 76 9 55 75 81 46 28 69 47 38 44 59 26 10 89 0,26 38 89
PFG_MOEA,999,2,167.7,934.83,0 13 27 12 41 95 57 73 15 98 85 88 63 74 78 64 30 71 35 40 16 18 19 31 20 0,
PFG_MOEA,999,3,167.7,934.83,0 17 91 33 37 68 56 39 84 23 0,
PFG_MOEA,999,4,167.7,934.83,0 4 80 53 66 94 49 51 79 32 3 36 54 70 72 67 86 82 22 21 1 34 48 62 58 77 0,86 94
PFG_MOEA,999,5,167.7,934.83,0 2 99 25 43 92 50 45 24 5 29 90 65 6 87 52 60 61 97 93 100 0,43 45
PFG_MOEA,999,6,167.7,934.83,0 8 7 0,
PFG_MOEA,1000,1,173.13,915.94,0 8 28 10 89 47 69 38 44 59 26 96 83 11 98 14 73 41 12 13 95 57 0,38
PFG_MOEA,1000,2,173.13,915.94,0 15 85 88 63 74 78 64 30 71 35 40 16 18 19 31 17 20 91 33 37 68 56 39 84 23 22 21 1 34 0,17 40 64 88
PFG_MOEA,1000,3,173.13,915.94,0 4 80 53 51 79 0,
PFG_MOEA,1000,4,173.13,915.94,0 66 49 32 94 82 86 67 72 70 54 36 3 58 77 48 62 92 43 0,
PFG_MOEA,1000,5,173.13,915.94,0 25 99 2 0,
PFG_MOEA,1000,6,173.13,915.94,0 50 45 24 5 29 90 65 6 87 52 60 61 97 93 100 75 55 9 76 42 81 7 46 27 0,5 50 81
PFG_MOEA,1001,1,152.21,947.44,0 27 12 41 95 57 83 11 96 26 59 44 38 69 47 89 10 0,11
PFG_MOEA,1001,2,152.21,947.44,0 28 13 73 14 98 15 85 88 63 74 78 64 30 71 35 40 16 18 19 31 17 20 91 0,17 35 64 88
PFG_MOEA,1001,3,152.21,947.44,0 22 23 84 39 56 68 37 33 21 1 34 80 53 51 79 0,
PFG_MOEA,1001,4,152.21,947.44,0 92 50 25 99 2 66 49 32 5 24 45 4 0,2 5
PFG_MOEA,1001,5,152.21,947.44,0 46 81 75 55 9 76 42 7 8 100 93 97 61 60 52 87 6 65 90 29 94 0,
PFG_MOEA,1001,6,152.21,947.44,0 77 58 3 36 54 70 72 67 86 82 62 48 43 0,
PFG_MOEA,1002,1,138.05,1111.26,0 73 78 74 63 88 85 15 98 14 0,
PFG_MOEA,1002,2,138.05,1111.26,0 20 91 19 17 31 35 71 30 64 40 16 18 68 56 39 84 23 22 0,17 35 64
PFG_MOEA,1002,3,138.05,1111.26,0 50 92 37 33 21 1 34 99 2 25 66 49 32 79 51 53 80 0,
PFG_MOEA,1002,4,138.05,1111.26,0 6 65 90 29 5 24 45 94 82 86 67 72 70 54 36 3 58 77 62 0,5
PFG_MOEA,1002,5,138.05,1111.26,0 43 48 46 81 75 55 9 76 42 7 8 100 93 97 61 60 52 87 4 0,100
PFG_MOEA,1002,6,138.05,1111.26,0 28 10 89 47 69 38 44 59 26 96 11 83 57 95 41 12 27 13 0,
PFG_MOEA,1003,1,149.83,980.99,0 100 93 97 55 75 0,
PFG_MOEA,1003,2,149.83,980.99,0 46 7 81 9 76 42 28 69 47 38 44 59 26 10 89 96 83 11 14 73 95 0,81
PFG_MOEA,1003,3,149.83,980.99,0 13 27 12 41 30 64 78 74 63 88 85 98 15 57 0,
PFG_MOEA,1003,4,149.83,980.99,0 8 22 23 84 39 56 68 37 33 91 19 18 16 40 71 35 31 17 20 0,40
PFG_MOEA,1003,5,149.83,980.99,0 4 80 53 66 94 49 51 79 32 3 36 54 70 72 67 86 82 21 1 34 58 77 0,86
PFG_MOEA,1003,6,149.83,980.99,0 2 99 25 43 92 62 48 50 45 24 5 29 61 60 52 87 6 65 90 0,5
PFG_MOEA,1004,1,143.0,1006.23,0 13 27 12 41 11 83 96 59 44 38 47 69 89 10 26 98 14 73 95 57 0,13
PFG_MOEA,1004,2,143.0,1006.23,0 8 15 85 88 63 74 78 64 30 71 35 40 0,64 88
PFG_MOEA,1004,3,143.0,1006.23,0 20 17 31 16 18 19 91 33 37 68 56 39 84 23 22 21 1 34 0,
PFG_MOEA,1004,4,143.0,1006.23,0 4 80 53 66 49 51 79 32 94 82 86 67 72 70 54 36 3 58 77 0,80 94
PFG_MOEA,1004,5,143.0,1006.23,0 2 99 25 43 92 62 48 50 45 24 5 29 52 87 6 65 90 0,43 48 65
PFG_MOEA,1004,6,143.0,1006.23,0 100 93 60 61 97 75 55 9 76 42 81 7 46 28 0,
PFG_MOEA,1005,1,182.07,852.88,0 8 100 97 75 55 9 76 42 81 7 46 28 69 47 38 44 59 26 10 89 96 83 11 14 13 0,26 81
PFG_MOEA,1005,2,182.07,852.88,0 27 12 0,
PFG_MOEA,1005,3,182.07,852.88,0 57 95 41 73 15 98 85 88 63 74 78 64 30 71 35 40 16 18 19 17 31 20 0,
PFG_MOEA,1005,4,182.07,852.88,0 4 80 53 66 94 49 51 79 32 3 36 54 70 72 67 86 82 23 84 39 56 68 37 33 22 21 91 1 0,86
PFG_MOEA,1005,5,182.07,852.88,0 50 2 99 34 25 43 92 48 62 58 77 45 0,48 50
PFG_MOEA,1005,6,182.07,852.88,0 24 5 29 90 65 6 87 52 60 61 93 0,5
PFG_MOEA,1006,1,377.38,815.07,0 28 0,
PFG_MOEA,1006,2,377.38,815.07,0 10 26 59 44 38 47 69 89 0,
PFG_MOEA,1006,3,377.38,815.07,0 4 80 53 66 94 49 51 79 32 3 36 54 70 72 67 86 82 23 84 39 56 68 37 33 22 21 91 20 31 17 19 18 16 40 35 71 30 64 78 74 63 88 85 98 15 73 14 11 83 96 57 95 41 12 27 13 99 34 1 43 25 2 50 0,35 50
PFG_MOEA,1006,4,377.38,815.07,0 92 48 62 58 77 0,
PFG_MOEA,1006,5,377.38,815.07,0 45 24 0,45
PFG_MOEA,1006,6,377.38,815.07,0 90 65 6 87 52 29 5 60 61 97 93 100 8 42 76 9 55 75 81 7 46 0,5 65 100
PFG_MOEA,1007,1,146.68,995.69,0 79 32 3 36 54 70 72 67 86 82 23 84 39 56 68 37 33 22 21 0,84
PFG_MOEA,1007,2,146.68,995.69,0 91 20 31 17 19 18 16 40 35 71 30 64 78 74 63 88 85 98 15 73 0,
PFG_MOEA,1007,3,146.68,995.69,0 57 96 83 11 14 95 41 12 27 13 99 34 1 43 92 50 25 2 0,50
PFG_MOEA,1007,4,146.68,995.69,0 48 5 29 60 61 97 93 100 8 42 76 9 55 75 81 7 46 0,93
PFG_MOEA,1007,5,146.68,995.69,0 62 58 77 45 24 90 65 6 87 52 0,45
PFG_MOEA,1007,6,146.68,995.69,0 10 26 59 44 38 47 69 89 28 4 80 53 66 94 49 51 0,
PFG_MOEA,1008,1,168.27,920.08,0 8 100 93 75 55 9 76 42 81 7 46 28 69 47 38 44 59 26 10 89 96 83 11 14 13 0,81
PFG_MOEA,1008,2,168.27,920.08,0 27 12 0,
PFG_MOEA,1008,3,168.27,920.08,0 57 95 41 73 15 98 85 88 63 74 78 64 30 0,57
PFG_MOEA,1008,4,168.27,920.08,0 20 17 31 71 35 40 16 18 19 23 82 86 67 72 70 54 36 3 32 79 51 49 94 66 53 80 4 0,86 94
PFG_MOEA,1008,5,168.27,920.08,0 91 21 84 39 56 68 37 33 22 99 0,
PFG_MOEA,1008,6,168.27,920.08,0 50 25 2 34 1 43 92 48 62 58 77 45 24 90 65 6 87 52 29 5 60 61 97 0,29 65
PFG_MOEA,1009,1,141.39,1069.23,0 8 42 28 10 89 47 69 38 44 59 26 96 0,
PFG_MOEA,1009,2,141.39,1069.23,0 13 12 41 11 14 98 85 15 73 95 57 0,57
PFG_MOEA,1009,3,141.39,1069.23,0 4 80 53 100 81 7 46 27 83 88 63 74 78 64 30 71 35 40 16 20 0,100
PFG_MOEA,1009,4,141.39,1069.23,0 31 17 18 19 91 33 37 68 56 39 72 70 54 36 3 58 77 50 0,
PFG_MOEA,1009,5,141.39,1069.23,0 2 99 34 1 21 84 23 22 25 43 92 48 62 67 86 82 94 49 66 0,94
PFG_MOEA,1009,6,141.39,1069.23,0 24 45 51 32 79 5 29 90 65 6 87 52 60 61 97 93 75 55 9 76 0,
PFG_MOEA,1010,1,167.7,934.83,0 96 83 11 14 42 76 9 55 75 81 46 28 69 47 38 44 59 26 10 89 0,26 38 89
PFG_MOEA,1010,2,167.7,934.83,0 13 27 12 41 95 57 73 15 98 85 88 63 74 78 64 30 71 35 40 16 18 19 31 20 0,
PFG_MOEA,1010,3,167.7,934.83,0 17 91 33 37 68 56 39 84 23 0,
PFG_MOEA,1010,4,167.7,934.83,0 4 80 53 66 94 49 51 79 32 3 36 54 70 72 67 86 82 22 21 1 34 48 62 58 77 0,86 94
PFG_MOEA,1010,5,167.7,934.83,0 2 99 25 43 92 50 45 24 5 29 90 65 6 87 52 60 61 97 93 100 0,43 45
PFG_MOEA,1010,6,167.7,934.83,0 8 7 0,
PFG_MOEA,1011,1,173.13,915.94,0 8 28 10 89 47 69 38 44 59 26 96 83 11 98 14 73 41 12 13 95 57 0,38
PFG_MOEA,1011,2,173.13,915.94,0 15 85 88 63 74 78 64 30 71 35 40 16 18 19 31 17 20 91 33 37 68 56 39 84 23 22 21 1 34 0,17 40 64 88
PFG_MOEA,1011,3,173.13,915.94,0 4 80 53 51 79 0,
PFG_MOEA,1011,4,173.13,915.94,0 66 49 32 94 82 86 67 72 70 54 36 3 58 77 48 62 92 43 0,
PFG_MOEA,1011,5,173.13,915.94,0 25 99 2 0,
PFG_MOEA,1011,6,173.13,915.94,0 50 45 24 5 29 90 65 6 87 52 60 61 97 93 100 75 55 9 76 42 81 7 46 27 0,5 50 81
PFG_MOEA,1012,1,152.21,947.44,0 27 12 41 95 57 83 11 96 26 59 44 38 69 47 89 10 0,11
PFG_MOEA,1012,2,152.21,947.44,0 28 13 73 14 98 15 85 88 63 74 78 64 30 71 35 40 16 18 19 31 17 20 91 0,17 35 64 88
PFG_MOEA,1012,3,152.21,947.44,0 22 23 84 39 56 68 37 33 21 1 34 80 53 51 79 0,
PFG_MOEA,1012,4,152.21,947.44,0 92 50 25 99 2 66 49 32 5 24 45 4 0,2 5
PFG_MOEA,1012,5,152.21,947.44,0 46 81 75 55 9 76 42 7 8 100 93 97 61 60 52 87 6 65 90 29 94 0,
PFG_MOEA,1012,6,152.21,947.44,0 77 58 3 36 54 70 72 67 86 82 62 48 43 0,
PFG_MOEA,1013,1,138.05,1111.26,0 73 78 74 63 88 85 15 98 14 0,
PFG_MOEA,1013,2,138.05,1111.26,0 20 91 19 17 31 35 71 30 64 40 16 18 68 56 39 84 23 22 0,17 35 64
PFG_MOEA,1013,3,138.05,1111.26,0 50 92 37 33 21 1 34 99 2 25 66 49 32 79 51 53 80 0,
PFG_MOEA,1013,4,138.05,1111.26,0 6 65 90 29 5 24 45 94 82 86 67 72 70 54 36 3 58 77 62 0,5
PFG_MOEA,1013,5,138.05,1111.26,0 43 48 46 81 75 55 9 76 42 7 8 100 93 97 61 60 52 87 4 0,100
PFG_MOEA,1013,6,138.05,1111.26,0 28 10 89 47 69 38 44 59 26 96 11 83 57 95 41 12 27 13 0,
PFG_MOEA,1014,1,149.83,980.99,0 100 93 97 55 75 0,
PFG_MOEA,1014,2,149.83,980.99,0 46 7 81 9 76 42 28 69 47 38 44 59 26 10 89 96 83 11 14 73 95 0,81
PFG_MOEA,1014,3,149.83,980.99,0 13 27 12 41 30 64 78 74 63 88 85 98 15 57 0,
PFG_MOEA,1014,4,149.83,980.99,0 8 22 23 84 39 56 68 37 33 91 19 18 16 40 71 35 31 17 20 0,40
PFG_MOEA,1014,5,149.83,980.99,0 4 80 53 66 94 49 51 79 32 3 36 54 70 72 67 86 82 21 1 34 58 77 0,86
PFG_MOEA,1014,6,149.83,980.99,0 2 99 25 43 92 62 48 50 45 24 5 29 61 60 52 87 6 65 90 0,5
PFG_MOEA,1015,1,143.0,1006.23,0 13 27 12 41 11 83 96 59 44 38 47 69 89 10 26 98 14 73 95 57 0,13
PFG_MOEA,1015,2,143.0,1006.23,0 8 15 85 88 63 74 78 64 30 71 35 40 0,64 88
PFG_MOEA,1015,3,143.0,1006.23,0 20 17 31 16 18 19 91 33 37 68 56 39 84 23 22 21 1 34 0,
PFG_MOEA,1015,4,143.0,1006.23,0 4 80 53 66 49 51 79 32 94 82 86 67 72 70 54 36 3 58 77 0,80 94
PFG_MOEA,1015,5,143.0,1006.23,0 2 99 25 43 92 62 48 50 45 24 5 29 52 87 6 65 90 0,43 48 65
PFG_MOEA,1015,6,143.0,1006.23,0 100 93 60 61 97 75 55 9 76 42 81 7 46 28 0,
PFG_MOEA,1016,1,182.07,852.88,0 8 100 97 75 55 9 76 42 81 7 46 28 69 47 38 44 59 26 10 89 96 83 11 14 13 0,26 81
PFG_MOEA,1016,2,182.07,852.88,0 27 12 0,
PFG_MOEA,1016,3,182.07,852.88,0 57 95 41 73 15 98 85 88 63 74 78 64 30 71 35 40 16 18 19 17 31 20 0,
PFG_MOEA,1016,4,182.07,852.88,0 4 80 53 66 94 49 51 79 32 3 36 54 70 72 67 86 82 23 84 39 56 68 37 33 22 21 91 1 0,86
PFG_MOEA,1016,5,182.07,852.88,0 50 2 99 34 25 43 92 48 62 58 77 45 0,48 50
PFG_MOEA,1016,6,182.07,852.88,0 24 5 29 90 65 6 87 52 60 61 93 0,5
PFG_MOEA,1017,1,377.38,815.07,0 28 0,
PFG_MOEA,1017,2,377.38,815.07,0 10 26 59 44 38 47 69 89 0,
PFG_MOEA,1017,3,377.38,815.07,0 4 80 53 66 94 49 51 79 32 3 36 54 70 72 67 86 82 23 84 39 56 68 37 33 22 21 91 20 31 17 19 18 16 40 35 71 30 64 78 74 63 88 85 98 15 73 14 11 83 96 57 95 41 12 27 13 99 34 1 43 25 2 50 0,35 50
PFG_MOEA,1017,4,377.38,815.07,0 92 48 62 58 77 0,
PFG_MOEA,1017,5,377.38,815.07,0 45 24 0,45
PFG_MOEA,1017,6,377.38,815.07,0 90 65 6 87 52 29 5 60 61 97 93 100 8 42 76 9 55 75 81 7 46 0,5 65 100
PFG_MOEA,1018,1,146.68,995.69,0 79 32 3 36 54 70 72 67 86 82 23 84 39 56 68 37 33 22 21 0,84
PFG_MOEA,1018,2,146.68,995.69,0 91 20 31 17 19 18 16 40 35 71 30 64 78 74 63 88 85 98 15 73 0,
PFG_MOEA,1018,3,146.68,995.69,0 57 96 83 11 14 95 41 12 27 13 99 34 1 43 92 50 25 2 0,50
PFG_MOEA,1018,4,146.68,995.69,0 48 5 29 60 61 97 93 100 8 42 76 9 55 75 81 7 46 0,93
PFG_MOEA,1018,5,146.68,995.69,0 62 58 77 45 24 90 65 6 87 52 0,45
PFG_MOEA,1018,6,146.68,995.69,0 10 26 59 44 38 47 69 89 28 4 80 53 66 94 49 51 0,
PFG_MOEA,1019,1,168.27,920.08,0 8 100 93 75 55 9 76 42 81 7 46 28 69 47 38 44 59 26 10 89 96 83 11 14 13 0,81
PFG_MOEA,1019,2,168.27,920.08,0 27 12 0,
PFG_MOEA,1019,3,168.27,920.08,0 57 95 41 73 15 98 85 88 63 74 78 64 30 0,57
PFG_MOEA,1019,4,168.27,920.08,0 20 17 31 71 35 40 16 18 19 23 82 86 67 72 70 54 36 3 32 79 51 49 94 66 53 80 4 0,86 94
PFG_MOEA,1019,5,168.27,920.08,0 91 21 84 39 56 68 37 33 22 99 0,
PFG_MOEA,1019,6,168.27,920.08,0 50 25 2 34 1 43 92 48 62 58 77 45 24 90 65 6 87 52 29 5 60 61 97 0,29 65
PFG_MOEA,1020,1,141.39,1069.23,0 8 42 28 10 89 47 69 38 44 59 26 96 0,
PFG_MOEA,1020,2,141.39,1069.23,0 13 12 41 11 14 98 85 15 73 95 57 0,57
PFG_MOEA,1020,3,141.39,1069.23,0 4 80 53 100 81 7 46 27 83 88 63 74 78 64 30 71 35 40 16 20 0,100
PFG_MOEA,1020,4,141.39,1069.23,0 31 17 18 19 91 33 37 68 56 39 72 70 54 36 3 58 77 50 0,
PFG_MOEA,1020,5,141.39,1069.23,0 2 99 34 1 21 84 23 22 25 43 92 48 62 67 86 82 94 49 66 0,94
PFG_MOEA,1020,6,141.39,1069.23,0 24 45 51 32 79 5 29 90 65 6 87 52 60 61 97 93 75 55 9 76 0,
PFG_MOEA,1021,1,167.7,934.83,0 96 83 11 14 42 76 9 55 75 81 46 28 69 47 38 44 59 26 10 89 0,26 38 89
PFG_MOEA,1021,2,167.7,934.83,0 13 27 12 41 95 57 73 15 98 85 88 63 74 78 64 30 71 35 40 16 18 19 31 20 0,
PFG_MOEA,1021,3,167.7,934.83,0 17 91 33 37 68 56 39 84 23 0,
PFG_MOEA,1021,4,167.7,934.83,0 4 80 53 66 94 49 51 79 32 3 36 54 70 72 67 86 82 22 21 1 34 48 62 58 77 0,86 94
PFG_MOEA,1021,5,167.7,934.83,0 2 99 25 43 92 50 45 24 5 29 90 65 6 87 52 60 61 97 93 100 0,43 45
PFG_MOEA,1021,6,167.7,934.83,0 8 7 0,
PFG_MOEA,1022,1,173.13,915.94,0 8 28 10 89 47 69 38 44 59 26 96 83 11 98 14 73 41 12 13 95 57 0,38
PFG_MOEA,1022,2,173.13,915.94,0 15 85 88 63 74 78 64 30 71 35 40 16 18 19 31 17 20 91 33 37 68 56 39 84 23 22 21 1 34 0,17 40 64 88
PFG_MOEA,1022,3,173.13,915.94,0 4 80 53 51 79 0,
PFG_MOEA,1022,4,173.13,915.94,0 66 49 32 94 82 86 67 72 70 54 36 3 58 77 48 62 92 43 0,
PFG_MOEA,1022,5,173.13,915.94,0 25 99 2 0,
PFG_MOEA,1022,6,173.13,915.94,0 50 45 24 5 29 90 65 6 87 52 60 61 97 93 100 75 55 9 76 42 81 7 46 27 0,5 50 81
PFG_MOEA,1023,1,152.21,947.44,0 27 12 41 95 57 83 11 96 26 59 44 38 69 47 89 10 0,11
PFG_MOEA,1023,2,152.21,947.44,0 28 13 73 14 98 15 85 88 63 74 78 64 30 71 35 40 16 18 19 31 17 20 91 0,17 35 64 88
PFG_MOEA,1023,3,152.21,947.44,0 22 23 84 39 56 68 37 33 21 1 34 80 53 51 79 0,
PFG_MOEA,1023,4,152.21,947.44,0 92 50 25 99 2 66 49 32 5 24 45 4 0,2 5
PFG_MOEA,1023,5,152.21,947.44,0 46 81 75 55 9 76 42 7 8 100 93 97 61 60 52 87 6 65 90 29 94 0,
PFG_MOEA,1023,6,152.21,947.44,0 77 58 3 36 54 70 72 67 86 82 62 48 43 0,
PFG_MOEA,1024,1,138.05,1111.26,0 73 78 74 63 88 85 15 98 14 0,
PFG_MOEA,1024,2,138.05,1111.26,0 20 91 19 17 31 35 71 30 64 40 16 18 68 56 39 84 23 22 0,17 35 64
PFG_MOEA,1024,3,138.05,1111.26,0 50 92 37 33 21 1 34 99 2 25 66 49 32 79 51 53 80 0,
PFG_MOEA,1024,4,138.05,1111.26,0 6 65 90 29 5 24 45 94 82 86 67 72 70 54 36 3 58 77 62 0,5
PFG_MOEA,1024,5,138.05,1111.26,0 43 48 46 81 75 55 9 76 42 7 8 100 93 97 61 60 52 87 4 0,100
PFG_MOEA,1024,6,138.05,1111.26,0 28 10 89 47 69 38 44 59 26 96 11 83 57 95 41 12 27 13 0,
PFG_MOEA,1025,1,149.83,980.99,0 100 93 97 55 75 0,
PFG_MOEA,1025,2,149.83,980.99,0 46 7 81 9 76 42 28 69 47 38 44 59 26 10 89 96 83 11 14 73 95 0,81
PFG_MOEA,1025,3,149.83,980.99,0 13 27 12 41 30 64 78 74 63 88 85 98 15 57 0,
PFG_MOEA,1025,4,149.83,980.99,0 8 22 23 84 39 56 68 37 33 91 19 18 16 40 71 35 31 17 20 0,40
PFG_MOEA,1025,5,149.83,980.99,0 4 80 53 66 94 49 51 79 32 3 36 54 70 72 67 86 82 21 1 34 58 77 0,86
PFG_MOEA,1025,6,149.83,980.99,0 2 99 25 43 92 62 48 50 45 24 5 29 61 60 52 87 6 65 90 0,5
PFG_MOEA,1026,1,143.0,1006.23,0 13 27 12 41 11 83 96 59 44 38 47 69 89 10 26 98 14 73 95 57 0,13
PFG_MOEA,1026,2,143.0,1006.23,0 8 15 85 88 63 74 78 64 30 71 35 40 0,64 88
PFG_MOEA,1026,3,143.0,1006.23,0 20 17 31 16 18 19 91 33 37 68 56 39 84 23 22 21 1 34 0,
PFG_MOEA,1026,4,143.0,1006.23,0 4 80 53 66 49 51 79 32 94 82 86 67 72 70 54 36 3 58 77 0,80 94
PFG_MOEA,1026,5,143.0,1006.23,0 2 99 25 43 92 62 48 50 45 24 5 29 52 87 6 65 90 0,43 48 65
PFG_MOEA,1026,6,143.0,1006.23,0 100 93 60 61 97 75 55 9 76 42 81 7 46 28 0,
PFG_MOEA,1027,1,182.07,852.88,0 8 100 97 75 55 9 76 42 81 7 46 28 69 47 38 44 59 26 10 89 96 83 11 14 13 0,26 81
PFG_MOEA,1027,2,182.07,852.88,0 27 12 0,
PFG_MOEA,1027,3,182.07,852.88,0 57 95 41 73 15 98 85 88 63 74 78 64 30 71 35 40 16 18 19 17 31 20 0,
PFG_MOEA,1027,4,182.07,852.88,0 4 80 53 66 94 49 51 79 32 3 36 54 70 72 67 86 82 23 84 39 56 68 37 33 22 21 91 1 0,86
PFG_MOEA,1027,5,182.07,852.88,0 50 2 99 34 25 43 92 48 62 58 77 45 0,48 50
PFG_MOEA,1027,6,182.07,852.88,0 24 5 29 90 65 6 87 52 60 61 93 0,5
PFG_MOEA,1028,1,377.38,815.07,0 28 0,
PFG_MOEA,1028,2,377.38,815.07,0 10 26 59 44 38 47 69 89 0,
PFG_MOEA,1028,3,377.38,815.07,0 4 80 53 66 94 49 51 79 32 3 36 54 70 72 67 86 82 23 84 39 56 68 37 33 22 21 91 20 31 17 19 18 16 40 35 71 30 64 78 74 63 88 85 98 15 73 14 11 83 96 57 95 41 12 27 13 99 34 1 43 25 2 50 0,35 50
PFG_MOEA,1028,4,377.38,815.07,0 92 48 62 58 77 0,
PFG_MOEA,1028,5,377.38,815.07,0 45 24 0,45
PFG_MOEA,1028,6,377.38,815.07,0 90 65 6 87 52 29 5 60 61 97 93 100 8 42 76 9 55 75 81 7 46 0,5 65 100
PFG_MOEA,1029,1,146.68,995.69,0 79 32 3 36 54 70 72 67 86 82 23 84 39 56 68 37 33 22 21 0,84
PFG_MOEA,1029,2,146.68,995.69,0 91 20 31 17 19 18 16 40 35 71 30 64 78 74 63 88 85 98 15 73 0,
PFG_MOEA,1029,3,146.68,995.69,0 57 96 83 11 14 95 41 12 27 13 99 34 1 43 92 50 25 2 0,50
PFG_MOEA,1029,4,146.68,995.69,0 48 5 29 60 61 97 93 100 8 42 76 9 55 75 81 7 46 0,93
PFG_MOEA,1029,5,146.68,995.69,0 62 58 77 45 24 90 65 6 87 52 0,45
PFG_MOEA,1029,6,146.68,995.69,0 10 26 59 44 38 47 69 89 28 4 80 53 66 94 49 51 0,
PFG_MOEA,1030,1,168.27,920.08,0 8 100 93 75 55 9 76 42 81 7 46 28 69 47 38 44 59 26 10 89 96 83 11 14 13 0,81
PFG_MOEA,1030,2,168.27,920.08,0 27 12 0,
PFG_MOEA,1030,3,168.27,920.08,0 57 95 41 73 15 98 85 88 63 74 78 64 30 0,57
PFG_MOEA,1030,4,168.27,920.08,0 20 17 31 71 35 40 16 18 19 23 82 86 67 72 70 54 36 3 32 79 51 49 94 66 53 80 4 0,86 94
PFG_MOEA,1030,5,168.27,920.08,0 91 21 84 39 56 68 37 33 22 99 0,
PFG_MOEA,1030,6,168.27,920.08,0 50 25 2 34 1 43 92 48 62 58 77 45 24 90 65 6 87 52 29 5 60 61 97 0,29 65
PFG_MOEA,1031,1,141.39,1069.23,0 8 42 28 10 89 47 69 38 44 59 26 96 0,
PFG_MOEA,1031,2,141.39,1069.23,0 13 12 41 11 14 98 85 15 73 95 57 0,57
PFG_MOEA,1031,3,141.39,1069.23,0 4 80 53 100 81 7 46 27 83 88 63 74 78 64 30 71 35 40 16 20 0,100
PFG_MOEA,1031,4,141.39,1069.23,0 31 17 18 19 91 33 37 68 56 39 72 70 54 36 3 58 77 50 0,
PFG_MOEA,1031,5,141.39,1069.23,0 2 99 34 1 21 84 23 22 25 43 92 48 62 67 86 82 94 49 66 0,94
PFG_MOEA,1031,6,141.39,1069.23,0 24 45 51 32 79 5 29 90 65 6 87 52 60 61 97 93 75 55 9 76 0,
PFG_MOEA,1032,1,167.7,934.83,0 96 83 11 14 42 76 9 55 75 81 46 28 69 47 38 44 59 26 10 89 0,26 38 89
PFG_MOEA,1032,2,167.7,934.83,0 13 27 12 41 95 57 73 15 98 85 88 63 74 78 64 30 71 35 40 16 18 19 31 20 0,
PFG_MOEA,1032,3,167.7,934.83,0 17 91 33 37 68 56 39 84 23 0,
PFG_MOEA,1032,4,167.7,934.83,0 4 80 53 66 94 49 51 79 32 3 36 54 70 72 67 86 82 22 21 1 34 48 62 58 77 0,86 94
PFG_MOEA,1032,5,167.7,934.83,0 2 99 25 43 92 50 45 24 5 29 90 65 6 87 52 60 61 97 93 100 0,43 45
PFG_MOEA,1032,6,167.7,934.83,0 8 7 0,
PFG_MOEA,1033,1,173.13,915.94,0 8 28 10 89 47 69 38 44 59 26 96 83 11 98 14 73 41 12 13 95 57 0,38
PFG_MOEA,1033,2,173.13,915.94,0 15 85 88 63 74 78 64 30 71 35 40 16 18 19 31 17 20 91 33 37 68 56 39 84 23 22 21 1 34 0,17 40 64 88
PFG_MOEA,1033,3,173.13,915.94,0 4 80 53 51 79 0,
PFG_MOEA,1033,4,173.13,915.94,0 66 49 32 94 82 86 67 72 70 54 36 3 58 77 48 62 92 43 0,
PFG_MOEA,1033,5,173.13,915.94,0 25 99 2 0,
PFG_MOEA,1033,6,173.13,915.94,0 50 45 24 5 29 90 65 6 87 52 60 61 97 93 100 75 55 9 76 42 81 7 46 27 0,5 50 81
PFG_MOEA,1034,1,152.21,947.44,0 27 12 41 95 57 83 11 96 26 59 44 38 69 47 89 10 0,11
PFG_MOEA,1034,2,152.21,947.44,0 28 13 73 14 98 15 85 88 63 74 78 64 30 71 35 40 16 18 19 31 17 20 91 0,17 35 64 88
PFG_MOEA,1034,3,152.21,947.44,0 22 23 84 39 56 68 37 33 21 1 34 80 53 51 79 0,
PFG_MOEA,1034,4,152.21,947.44,0 92 50 25 99 2 66 49 32 5 24 45 4 0,2 5
PFG_MOEA,1034,5,152.21,947.44,0 46 81 75 55 9 76 42 7 8 100 93 97 61 60 52 87 6 65 90 29 94 0,
PFG_MOEA,1034,6,152.21,947.44,0 77 58 3 36 54 70 72 67 86 82 62 48 43 0,
PFG_MOEA,1035,1,138.05,1111.26,0 73 78 74 63 88 85 15 98 14 0,
PFG_MOEA,1035,2,138.05,1111.26,0 20 91 19 17 31 35 71 30 64 40 16 18 68 56 39 84 23 22 0,17 35 64
PFG_MOEA,1035,3,138.05,1111.26,0 50 92 37 33 21 1 34 99 2 25 66 49 32 79 51 53 80 0,
PFG_MOEA,1035,4,138.05,1111.26,0 6 65 90 29 5 24 45 94 82 86 67 72 70 54 36 3 58 77 62 0,5
PFG_MOEA,1035,5,138.05,1111.26,0 43 48 46 81 75 55 9 76 42 7 8 100 93 97 61 60 52 87 4 0,100
PFG_MOEA,1035,6,138.05,1111.26,0 28 10 89 47 69 38 44 59 26 96 11 83 57 95 41 12 27 13 0,
PFG_MOEA,1036,1,149.83,980.99,0 100 93 97 55 75 0,
PFG_MOEA,1036,2,149.83,980.99,0 46 7 81 9 76 42 28 69 47 38 44 59 26 10 89 96 83 11 14 73 95 0,81
PFG_MOEA,1036,3,149.83,980.99,0 13 27 12 41 30 64 78 74 63 88 85 98 15 57 0,
PFG_MOEA,1036,4,149.83,980.99,0 8 22 23 84 39 56 68 37 33 91 19 18 16 40 71 35 31 17 20 0,40
PFG_MOEA,1036,5,149.83,980.99,0 4 80 53 66 94 49 51 79 32 3 36 54 70 72 67 86 82 21 1 34 58 77 0,86
PFG_MOEA,1036,6,149.83,980.99,0 2 99 25 43 92 62 48 50 45 24 5 29 61 60 52 87 6 65 90 0,5
PFG_MOEA,1037,1,143.0,1006.23,0 13 27 12 41 11 83 96 59 44 38 47 69 89 10 26 98 14 73 95 57 0,13
PFG_MOEA,1037,2,143.0,1006.23,0 8 15 85 88 63 74 78 64 30 71 35 40 0,64 88
PFG_MOEA,1037,3,143.0,1006.23,0 20 17 31 16 18 19 91 33 37 68 56 39 84 23 22 21 1 34 0,
PFG_MOEA,1037,4,143.0,1006.23,0 4 80 53 66 49 51 79 32 94 82 86 67 72 70 54 36 3 58 77 0,80 94
PFG_MOEA,1037,5,143.0,1006.23,0 2 99 25 43 92 62 48 50 45 24 5 29 52 87 6 65 90 0,43 48 65
PFG_MOEA,1037,6,143.0,1006.23,0 100 93 60 61 97 75 55 9 76 42 81 7 46 28 0,
PFG_MOEA,1038,1,182.07,852.88,0 8 100 97 75 55 9 76 42 81 7 46 28 69 47 38 44 59 26 10 89 96 83 11 14 13 0,26 81
PFG_MOEA,1038,2,182.07,852.88,0 27 12 0,
PFG_MOEA,1038,3,182.07,852.88,0 57 95 41 73 15 98 85 88 63 74 78 64 30 71 35 40 16 18 19 17 31 20 0,
PFG_MOEA,1038,4,182.07,852.88,0 4 80 53 66 94 49 51 79 32 3 36 54 70 72 67 86 82 23 84 39 56 68 37 33 22 21 91 1 0,86
PFG_MOEA,1038,5,182.07,852.88,0 50 2 99 34 25 43 92 48 62 58 77 45 0,48 50
PFG_MOEA,1038,6,182.07,852.88,0 24 5 29 90 65 6 87 52 60 61 93 0,5
PFG_MOEA,1039,1,377.38,815.07,0 28 0,
PFG_MOEA,1039,2,377.38,815.07,0 10 26 59 44 38 47 69 89 0,
PFG_MOEA,1039,3,377.38,815.07,0 4 80 53 66 94 49 51 79 32 3 36 54 70 72 67 86 82 23 84 39 56 68 37 33 22 21 91 20 31 17 19 18 16 40 35 71 30 64 78 74 63 88 85 98 15 73 14 11 83 96 57 95 41 12 27 13 99 34 1 43 25 2 50 0,35 50
PFG_MOEA,1039,4,377.38,815.07,0 92 48 62 58 77 0,
PFG_MOEA,1039,5,377.38,815.07,0 45 24 0,45
PFG_MOEA,1039,6,377.38,815.07,0 90 65 6 87 52 29 5 60 61 97 93 100 8 42 76 9 55 75 81 7 46 0,5 65 100
PFG_MOEA,1040,1,146.68,995.69,0 79 32 3 36 54 70 72 67 86 82 23 84 39 56 68 37 33 22 21 0,84
PFG_MOEA,1040,2,146.68,995.69,0 91 20 31 17 19 18 16 40 35 71 30 64 78 74 63 88 85 98 15 73 0,
PFG_MOEA,1040,3,146.68,995.69,0 57 96 83 11 14 95 41 12 27 13 99 34 1 43 92 50 25 2 0,50
PFG_MOEA,1040,4,146.68,995.69,0 48 5 29 60 61 97 93 100 8 42 76 9 55 75 81 7 46 0,93
PFG_MOEA,1040,5,146.68,995.69,0 62 58 77 45 24 90 65 6 87 52 0,45
PFG_MOEA,1040,6,146.68,995.69,0 10 26 59 44 38 47 69 89 28 4 80 53 66 94 49 51 0,
PFG_MOEA,1041,1,168.27,920.08,0 8 100 93 75 55 9 76 42 81 7 46 28 69 47 38 44 59 26 10 89 96 83 11 14 13 0,81
PFG_MOEA,1041,2,168.27,920.08,0 27 12 0,
PFG_MOEA,1041,3,168.27,920.08,0 57 95 41 73 15 98 85 88 63 74 78 64 30 0,57
PFG_MOEA,1041,4,168.27,920.08,0 20 17 31 71 35 40 16 18 19 23 82 86 67 72 70 54 36 3 32 79 51 49 94 66 53 80 4 0,86 94
PFG_MOEA,1041,5,168.27,920.08,0 91 21 84 39 56 68 37 33 22 99 0,
PFG_MOEA,1041,6,168.27,920.08,0 50 25 2 34 1 43 92 48 62 58 77 45 24 90 65 6 87 52 29 5 60 61 97 0,29 65
PFG_MOEA,1042,1,141.39,1069.23,0 8 42 28 10 89 47 69 38 44 59 26 96 0,
PFG_MOEA,1042,2,141.39,1069.23,0 13 12 41 11 14 98 85 15 73 95 57 0,57
PFG_MOEA,1042,3,141.39,1069.23,0 4 80 53 100 81 7 46 27 83 88 63 74 78 64 30 71 35 40 16 20 0,100
PFG_MOEA,1042,4,141.39,1069.23,0 31 17 18 19 91 33 37 68 56 39 72 70 54 36 3 58 77 50 0,
PFG_MOEA,1042,5,141.39,1069.23,0 2 99 34 1 21 84 23 22 25 43 92 48 62 67 86 82 94 49 66 0,94
PFG_MOEA,1042,6,141.39,1069.23,0 24 45 51 32 79 5 29 90 65 6 87 52 60 61 97 93 75 55 9 76 0,
PFG_MOEA,1043,1,167.7,934.83,0 96 83 11 14 42 76 9 55 75 81 46 28 69 47 38 44 59 26 10 89 0,26 38 89
PFG_MOEA,1043,2,167.7,934.83,0 13 27 12 41 95 57 73 15 98 85 88 63 74 78 64 30 71 35 40 16 18 19 31 20 0,
PFG_MOEA,1043,3,167.7,934.83,0 17 91 33 37 68 56 39 84 23 0,
PFG_MOEA,1043,4,167.7,934.83,0 4 80 53 66 94 49 51 79 32 3 36 54 70 72 67 86 82 22 21 1 34 48 62 58 77 0,86 94
PFG_MOEA,1043,5,167.7,934.83,0 2 99 25 43 92 50 45 24 5 29 90 65 6 87 52 60 61 97 93 100 0,43 45
PFG_MOEA,1043,6,167.7,934.83,0 8 7 0,
PFG_MOEA,1044,1,173.13,915.94,0 8 28 10 89 47 69 38 44 59 26 96 83 11 98 14 73 41 12 13 95 57 0,38
PFG_MOEA,1044,2,173.13,915.94,0 15 85 88 63 74 78 64 30 71 35 40 16 18 19 31 17 20 91 33 37 68 56 39 84 23 22 21 1 34 0,17 40 64 88
PFG_MOEA,1044,3,173.13,915.94,0 4 80 53 51 79 0,
PFG_MOEA,1044,4,173.13,915.94,0 66 49 32 94 82 86 67 72 70 54 36 3 58 77 48 62 92 43 0,
PFG_MOEA,1044,5,173.13,915.94,0 25 99 2 0,
PFG_MOEA,1044,6,173.13,915.94,0 50 45 24 5 29 90 65 6 87 52 60 61 97 93 100 75 55 9 76 42 81 7 46 27 0,5 50 81
PFG_MOEA,1045,1,152.21,947.44,0 27 12 41 95 57 83 11 96 26 59 44 38 69 47 89 10 0,11
PFG_MOEA,1045,2,152.21,947.44,0 28 13 73 14 98 15 85 88 63 74 78 64 30 71 35 40 16 18 19 31 17 20 91 0,17 35 64 88
PFG_MOEA,1045,3,152.21,947.44,0 22 23 84 39 56 68 37 33 21 1 34 80 53 51 79 0,
PFG_MOEA,1045,4,152.21,947.44,0 92 50 25 99 2 66 49 32 5 24 45 4 0,2 5
PFG_MOEA,1045,5,152.21,947.44,0 46 81 75 55 9 76 42 7 8 100 93 97 61 60 52 87 6 65 90 29 94 0,
PFG_MOEA,1045,6,152.21,947.44,0 77 58 3 36 54 70 72 67 86 82 62 48 43 0,
PFG_MOEA,1046,1,138.05,1111.26,0 73 78 74 63 88 85 15 98 14 0,
PFG_MOEA,1046,2,138.05,1111.26,0 20 91 19 17 31 35 71 30 64 40 16 18 68 56 39 84 23 22 0,17 35 64
PFG_MOEA,1046,3,138.05,1111.26,0 50 92 37 33 21 1 34 99 2 25 66 49 32 79 51 53 80 0,
PFG_MOEA,1046,4,138.05,1111.26,0 6 65 90 29 5 24 45 94 82 86 67 72 70 54 36 3 58 77 62 0,5
PFG_MOEA,1046,5,138.05,1111.26,0 43 48 46 81 75 55 9 76 42 7 8 100 93 97 61 60 52 87 4 0,100
PFG_MOEA,1046,6,138.05,1111.26,0 28 10 89 47 69 38 44 59 26 96 11 83 57 95 41 12 27 13 0,
PFG_MOEA,1047,1,149.83,980.99,0 100 93 97 55 75 0,
PFG_MOEA,1047,2,149.83,980.99,0 46 7 81 9 76 42 28 69 47 38 44 59 26 10 89 96 83 11 14 73 95 0,81
PFG_MOEA,1047,3,149.83,980.99,0 13 27 12 41 30 64 78 74 63 88 85 98 15 57 0,
PFG_MOEA,1047,4,149.83,980.99,0 8 22 23 84 39 56 68 37 33 91 19 18 16 40 71 35 31 17 20 0,40
PFG_MOEA,1047,5,149.83,980.99,0 4 80 53 66 94 49 51 79 32 3 36 54 70 72 67 86 82 21 1 34 58 77 0,86
PFG_MOEA,1047,6,149.83,980.99,0 2 99 25 43 92 62 48 50 45 24 5 29 61 60 52 87 6 65 90 0,5
PFG_MOEA,1048,1,143.0,1006.23,0 13 27 12 41 11 83 96 59 44 38 47 69 89 10 26 98 14 73 95 57 0,13
PFG_MOEA,1048,2,143.0,1006.23,0 8 15 85 88 63 74 78 64 30 71 35 40 0,64 88
PFG_MOEA,1048,3,143.0,1006.23,0 20 17 31 16 18 19 91 33 37 68 56 39 84 23 22 21 1 34 0,
PFG_MOEA,1048,4,143.0,1006.23,0 4 80 53 66 49 51 79 32 94 82 86 67 72 70 54 36 3 58 77 0,80 94
PFG_MOEA,1048,5,143.0,1006.23,0 2 99 25 43 92 62 48 50 45 24 5 29 52 87 6 65 90 0,43 48 65
PFG_MOEA,1048,6,143.0,1006.23,0 100 93 60 61 97 75 55 9 76 42 81 7 46 28 0,
PFG_MOEA,1049,1,182.07,852.88,0 8 100 97 75 55 9 76 42 81 7 46 28 69 47 38 44 59 26 10 89 96 83 11 14 13 0,26 81
PFG_MOEA,1049,2,182.07,852.88,0 27 12 0,
PFG_MOEA,1049,3,182.07,852.88,0 57 95 41 73 15 98 85 88 63 74 78 64 30 71 35 40 16 18 19 17 31 20 0,
PFG_MOEA,1049,4,182.07,852.88,0 4 80 53 66 94 49 51 79 32 3 36 54 70 72 67 86 82 23 84 39 56 68 37 33 22 21 91 1 0,86
PFG_MOEA,1049,5,182.07,852.88,0 50 2 99 34 25 43 92 48 62 58 77 45 0,48 50
PFG_MOEA,1049,6,182.07,852.88,0 24 5 29 90 65 6 87 52 60 61 93 0,5
PFG_MOEA,1050,1,377.38,815.07,0 28 0,
PFG_MOEA,1050,2,377.38,815.07,0 10 26 59 44 38 47 69 89 0,
PFG_MOEA,1050,3,377.38,815.07,0 4 80 53 66 94 49 51 79 32 3 36 54 70 72 67 86 82 23 84 39 56 68 37 33 22 21 91 20 31 17 19 18 16 40 35 71 30 64 78 74 63 88 85 98 15 73 14 11 83 96 57 95 41 12 27 13 99 34 1 43 25 2 50 0,35 50
PFG_MOEA,1050,4,377.38,815.07,0 92 48 62 58 77 0,
PFG_MOEA,1050,5,377.38,815.07,0 45 24 0,45
PFG_MOEA,1050,6,377.38,815.07,0 90 65 6 87 52 29 5 60 61 97 93 100 8 42 76 9 55 75 81 7 46 0,5 65 100
PFG_MOEA,1051,1,146.68,995.69,0 79 32 3 36 54 70 72 67 86 82 23 84 39 56 68 37 33 22 21 0,84
PFG_MOEA,1051,2,146.68,995.69,0 91 20 31 17 19 18 16 40 35 71 30 64 78 74 63 88 85 98 15 73 0,
PFG_MOEA,1051,3,146.68,995.69,0 57 96 83 11 14 95 41 12 27 13 99 34 1 43 92 50 25 2 0,50
PFG_MOEA,1051,4,146.68,995.69,0 48 5 29 60 61 97 93 100 8 42 76 9 55 75 81 7 46 0,93
PFG_MOEA,1051,5,146.68,995.69,0 62 58 77 45 24 90 65 6 87 52 0,45
PFG_MOEA,1051,6,146.68,995.69,0 10 26 59 44 38 47 69 89 28 4 80 53 66 94 49 51 0,
PFG_MOEA,1052,1,168.27,920.08,0 8 100 93 75 55 9 76 42 81 7 46 28 69 47 38 44 59 26 10 89 96 83 11 14 13 0,81
PFG_MOEA,1052,2,168.27,920.08,0 27 12 0,
PFG_MOEA,1052,3,168.27,920.08,0 57 95 41 73 15 98 85 88 63 74 78 64 30 0,57
PFG_MOEA,1052,4,168.27,920.08,0 20 17 31 71 35 40 16 18 19 23 82 86 67 72 70 54 36 3 32 79 51 49 94 66 53 80 4 0,86 94
PFG_MOEA,1052,5,168.27,920.08,0 91 21 84 39 56 68 37 33 22 99 0,
PFG_MOEA,1052,6,168.27,920.08,0 50 25 2 34 1 43 92 48 62 58 77 45 24 90 65 6 87 52 29 5 60 61 97 0,29 65
