algorithm,solution_id,truck_id,makespan,carbon,truck_route,drone_customers
PFG_MOEA,1,1,189.76,972.7,0 19 91 33 82 86 67 72 70 54 36 3 66 80 4 53 24 0,
PFG_MOEA,1,2,189.76,972.7,0 50 92 62 58 48 43 34 1 22 23 84 56 39 68 37 21 99 2 25 0,56 62
PFG_MOEA,1,3,189.76,972.7,0 77 94 49 32 51 45 79 90 65 6 87 52 5 29 60 97 0,97
PFG_MOEA,1,4,189.76,972.7,0 57 38 69 47 89 10 28 42 76 9 55 46 7 81 75 61 93 100 8 0,61
PFG_MOEA,1,5,189.76,972.7,0 59 44 26 96 83 14 11 41 95 13 0,
PFG_MOEA,1,6,189.76,972.7,0 27 12 73 15 30 64 78 74 63 88 85 98 71 35 40 16 18 17 31 20 0,78 88 98
PFG_MOEA,2,1,189.76,972.7,0 19 91 33 82 86 67 72 70 54 36 3 66 80 4 53 24 0,
PFG_MOEA,2,2,189.76,972.7,0 50 92 62 58 48 43 34 1 22 23 84 56 39 68 37 21 99 2 25 0,56 62
PFG_MOEA,2,3,189.76,972.7,0 77 94 49 32 51 45 79 90 65 6 87 52 5 29 60 97 0,97
PFG_MOEA,2,4,189.76,972.7,0 57 38 69 47 89 10 28 42 76 9 55 46 7 81 75 61 93 100 8 0,61
PFG_MOEA,2,5,189.76,972.7,0 59 44 26 96 83 14 11 41 95 13 0,
PFG_MOEA,2,6,189.76,972.7,0 27 12 73 15 30 64 78 74 63 88 85 98 71 35 40 16 18 17 31 20 0,78 88 98
PFG_MOEA,3,1,189.76,972.7,0 19 91 33 82 86 67 72 70 54 36 3 66 80 4 53 24 0,
PFG_MOEA,3,2,189.76,972.7,0 50 92 62 58 48 43 34 1 22 23 84 56 39 68 37 21 99 2 25 0,56 62
PFG_MOEA,3,3,189.76,972.7,0 77 94 49 32 51 45 79 90 65 6 87 52 5 29 60 97 0,97
PFG_MOEA,3,4,189.76,972.7,0 57 38 69 47 89 10 28 42 76 9 55 46 7 81 75 61 93 100 8 0,61
PFG_MOEA,3,5,189.76,972.7,0 59 44 26 96 83 14 11 41 95 13 0,
PFG_MOEA,3,6,189.76,972.7,0 27 12 73 15 30 64 78 74 63 88 85 98 71 35 40 16 18 17 31 20 0,78 88 98
PFG_MOEA,4,1,189.76,972.7,0 19 91 33 82 86 67 72 70 54 36 3 66 80 4 53 24 0,
PFG_MOEA,4,2,189.76,972.7,0 50 92 62 58 48 43 34 1 22 23 84 56 39 68 37 21 99 2 25 0,56 62
PFG_MOEA,4,3,189.76,972.7,0 77 94 49 32 51 45 79 90 65 6 87 52 5 29 60 97 0,97
PFG_MOEA,4,4,189.76,972.7,0 57 38 69 47 89 10 28 42 76 9 55 46 7 81 75 61 93 100 8 0,61
PFG_MOEA,4,5,189.76,972.7,0 59 44 26 96 83 14 11 41 95 13 0,
PFG_MOEA,4,6,189.76,972.7,0 27 12 73 15 30 64 78 74 63 88 85 98 71 35 40 16 18 17 31 20 0,78 88 98
PFG_MOEA,5,1,189.76,972.7,0 19 91 33 82 86 67 72 70 54 36 3 66 80 4 53 24 0,
PFG_MOEA,5,2,189.76,972.7,0 50 92 62 58 48 43 34 1 22 23 84 56 39 68 37 21 99 2 25 0,56 62
PFG_MOEA,5,3,189.76,972.7,0 77 94 49 32 51 45 79 90 65 6 87 52 5 29 60 97 0,97
PFG_MOEA,5,4,189.76,972.7,0 57 38 69 47 89 10 28 42 76 9 55 46 7 81 75 61 93 100 8 0,61
PFG_MOEA,5,5,189.76,972.7,0 59 44 26 96 83 14 11 41 95 13 0,
PFG_MOEA,5,6,189.76,972.7,0 27 12 73 15 30 64 78 74 63 88 85 98 71 35 40 16 18 17 31 20 0,78 88 98
PFG_MOEA,6,1,189.76,972.7,0 19 91 33 82 86 67 72 70 54 36 3 66 80 4 53 24 0,
PFG_MOEA,6,2,189.76,972.7,0 50 92 62 58 48 43 34 1 22 23 84 56 39 68 37 21 99 2 25 0,56 62
PFG_MOEA,6,3,189.76,972.7,0 77 94 49 32 51 45 79 90 65 6 87 52 5 29 60 97 0,97
PFG_MOEA,6,4,189.76,972.7,0 57 38 69 47 89 10 28 42 76 9 55 46 7 81 75 61 93 100 8 0,61
PFG_MOEA,6,5,189.76,972.7,0 59 44 26 96 83 14 11 41 95 13 0,
PFG_MOEA,6,6,189.76,972.7,0 27 12 73 15 30 64 78 74 63 88 85 98 71 35 40 16 18 17 31 20 0,78 88 98
PFG_MOEA,7,1,189.76,972.7,0 19 91 33 82 86 67 72 70 54 36 3 66 80 4 53 24 0,
PFG_MOEA,7,2,189.76,972.7,0 50 92 62 58 48 43 34 1 22 23 84 56 39 68 37 21 99 2 25 0,56 62
PFG_MOEA,7,3,189.76,972.7,0 77 94 49 32 51 45 79 90 65 6 87 52 5 29 60 97 0,97
PFG_MOEA,7,4,189.76,972.7,0 57 38 69 47 89 10 28 42 76 9 55 46 7 81 75 61 93 100 8 0,61
PFG_MOEA,7,5,189.76,972.7,0 59 44 26 96 83 14 11 41 95 13 0,
PFG_MOEA,7,6,189.76,972.7,0 27 12 73 15 30 64 78 74 63 88 85 98 71 35 40 16 18 17 31 20 0,78 88 98
PFG_MOEA,8,1,189.76,972.7,0 19 91 33 82 86 67 72 70 54 36 3 66 80 4 53 24 0,
PFG_MOEA,8,2,189.76,972.7,0 50 92 62 58 48 43 34 1 22 23 84 56 39 68 37 21 99 2 25 0,56 62
PFG_MOEA,8,3,189.76,972.7,0 77 94 49 32 51 45 79 90 65 6 87 52 5 29 60 97 0,97
PFG_MOEA,8,4,189.76,972.7,0 57 38 69 47 89 10 28 42 76 9 55 46 7 81 75 61 93 100 8 0,61
PFG_MOEA,8,5,189.76,972.7,0 59 44 26 96 83 14 11 41 95 13 0,
PFG_MOEA,8,6,189.76,972.7,0 27 12 73 15 30 64 78 74 63 88 85 98 71 35 40 16 18 17 31 20 0,78 88 98
PFG_MOEA,9,1,189.76,972.7,0 19 91 33 82 86 67 72 70 54 36 3 66 80 4 53 24 0,
PFG_MOEA,9,2,189.76,972.7,0 50 92 62 58 48 43 34 1 22 23 84 56 39 68 37 21 99 2 25 0,56 62
PFG_MOEA,9,3,189.76,972.7,0 77 94 49 32 51 45 79 90 65 6 87 52 5 29 60 97 0,97
PFG_MOEA,9,4,189.76,972.7,0 57 38 69 47 89 10 28 42 76 9 55 46 7 81 75 61 93 100 8 0,61
PFG_MOEA,9,5,189.76,972.7,0 59 44 26 96 83 14 11 41 95 13 0,
PFG_MOEA,9,6,189.76,972.7,0 27 12 73 15 30 64 78 74 63 88 85 98 71 35 40 16 18 17 31 20 0,78 88 98
PFG_MOEA,10,1,189.76,972.7,0 19 91 33 82 86 67 72 70 54 36 3 66 80 4 53 24 0,
PFG_MOEA,10,2,189.76,972.7,0 50 92 62 58 48 43 34 1 22 23 84 56 39 68 37 21 99 2 25 0,56 62
PFG_MOEA,10,3,189.76,972.7,0 77 94 49 32 51 45 79 90 65 6 87 52 5 29 60 97 0,97
PFG_MOEA,10,4,189.76,972.7,0 57 38 69 47 89 10 28 42 76 9 55 46 7 81 75 61 93 100 8 0,61
PFG_MOEA,10,5,189.76,972.7,0 59 44 26 96 83 14 11 41 95 13 0,
PFG_MOEA,10,6,189.76,972.7,0 27 12 73 15 30 64 78 74 63 88 85 98 71 35 40 16 18 17 31 20 0,78 88 98
PFG_MOEA,11,1,189.76,972.7,0 19 91 33 82 86 67 72 70 54 36 3 66 80 4 53 24 0,
PFG_MOEA,11,2,189.76,972.7,0 50 92 62 58 48 43 34 1 22 23 84 56 39 68 37 21 99 2 25 0,56 62
PFG_MOEA,11,3,189.76,972.7,0 77 94 49 32 51 45 79 90 65 6 87 52 5 29 60 97 0,97
PFG_MOEA,11,4,189.76,972.7,0 57 38 69 47 89 10 28 42 76 9 55 46 7 81 75 61 93 100 8 0,61
PFG_MOEA,11,5,189.76,972.7,0 59 44 26 96 83 14 11 41 95 13 0,
PFG_MOEA,11,6,189.76,972.7,0 27 12 73 15 30 64 78 74 63 88 85 98 71 35 40 16 18 17 31 20 0,78 88 98
PFG_MOEA,12,1,189.76,972.7,0 19 91 33 82 86 67 72 70 54 36 3 66 80 4 53 24 0,
PFG_MOEA,12,2,189.76,972.7,0 50 92 62 58 48 43 34 1 22 23 84 56 39 68 37 21 99 2 25 0,56 62
PFG_MOEA,12,3,189.76,972.7,0 77 94 49 32 51 45 79 90 65 6 87 52 5 29 60 97 0,97
PFG_MOEA,12,4,189.76,972.7,0 57 38 69 47 89 10 28 42 76 9 55 46 7 81 75 61 93 100 8 0,61
PFG_MOEA,12,5,189.76,972.7,0 59 44 26 96 83 14 11 41 95 13 0,
PFG_MOEA,12,6,189.76,972.7,0 27 12 73 15 30 64 78 74 63 88 85 98 71 35 40 16 18 17 31 20 0,78 88 98
PFG_MOEA,13,1,201.38,878.14,0 13 27 12 73 30 64 78 74 63 88 85 98 15 71 35 40 16 18 19 31 17 0,19 27 78 88 98
PFG_MOEA,13,2,201.38,878.14,0 20 91 21 33 37 68 39 56 84 23 22 82 86 67 72 70 54 36 3 66 0,56
PFG_MOEA,13,3,201.38,878.14,0 4 24 53 80 58 48 62 92 50 25 43 1 34 99 2 0,25 34
PFG_MOEA,13,4,201.38,878.14,0 77 94 49 32 5 61 60 29 52 87 6 65 90 79 51 45 0,32 61
PFG_MOEA,13,5,201.38,878.14,0 100 81 75 9 55 97 93 57 95 41 11 14 83 96 0,83
PFG_MOEA,13,6,201.38,878.14,0 26 59 44 38 69 47 89 10 28 76 42 46 7 8 0,59 76
PFG_MOEA,14,1,189.76,972.7,0 19 91 33 82 86 67 72 70 54 36 3 66 80 4 53 24 0,
PFG_MOEA,14,2,189.76,972.7,0 50 92 62 58 48 43 34 1 22 23 84 56 39 68 37 21 99 2 25 0,56 62
PFG_MOEA,14,3,189.76,972.7,0 77 94 49 32 51 45 79 90 65 6 87 52 5 29 60 97 0,97
PFG_MOEA,14,4,189.76,972.7,0 57 38 69 47 89 10 28 42 76 9 55 46 7 81 75 61 93 100 8 0,61
PFG_MOEA,14,5,189.76,972.7,0 59 44 26 96 83 14 11 41 95 13 0,
PFG_MOEA,14,6,189.76,972.7,0 27 12 73 15 30 64 78 74 63 88 85 98 71 35 40 16 18 17 31 20 0,78 88 98
PFG_MOEA,15,1,201.38,878.14,0 13 27 12 73 30 64 78 74 63 88 85 98 15 71 35 40 16 18 19 31 17 0,19 27 78 88 98
PFG_MOEA,15,2,201.38,878.14,0 20 91 21 33 37 68 39 56 84 23 22 82 86 67 72 70 54 36 3 66 0,56
PFG_MOEA,15,3,201.38,878.14,0 4 24 53 80 58 48 62 92 50 25 43 1 34 99 2 0,25 34
PFG_MOEA,15,4,201.38,878.14,0 77 94 49 32 5 61 60 29 52 87 6 65 90 79 51 45 0,32 61
PFG_MOEA,15,5,201.38,878.14,0 100 81 75 9 55 97 93 57 95 41 11 14 83 96 0,83
PFG_MOEA,15,6,201.38,878.14,0 26 59 44 38 69 47 89 10 28 76 42 46 7 8 0,59 76
PFG_MOEA,16,1,189.76,972.7,0 19 91 33 82 86 67 72 70 54 36 3 66 80 4 53 24 0,
PFG_MOEA,16,2,189.76,972.7,0 50 92 62 58 48 43 34 1 22 23 84 56 39 68 37 21 99 2 25 0,56 62
PFG_MOEA,16,3,189.76,972.7,0 77 94 49 32 51 45 79 90 65 6 87 52 5 29 60 97 0,97
PFG_MOEA,16,4,189.76,972.7,0 57 38 69 47 89 10 28 42 76 9 55 46 7 81 75 61 93 100 8 0,61
PFG_MOEA,16,5,189.76,972.7,0 59 44 26 96 83 14 11 41 95 13 0,
PFG_MOEA,16,6,189.76,972.7,0 27 12 73 15 30 64 78 74 63 88 85 98 71 35 40 16 18 17 31 20 0,78 88 98
PFG_MOEA,17,1,201.38,878.14,0 13 27 12 73 30 64 78 74 63 88 85 98 15 71 35 40 16 18 19 31 17 0,19 27 78 88 98
PFG_MOEA,17,2,201.38,878.14,0 20 91 21 33 37 68 39 56 84 23 22 82 86 67 72 70 54 36 3 66 0,56
PFG_MOEA,17,3,201.38,878.14,0 4 24 53 80 58 48 62 92 50 25 43 1 34 99 2 0,25 34
PFG_MOEA,17,4,201.38,878.14,0 77 94 49 32 5 61 60 29 52 87 6 65 90 79 51 45 0,32 61
PFG_MOEA,17,5,201.38,878.14,0 100 81 75 9 55 97 93 57 95 41 11 14 83 96 0,83
PFG_MOEA,17,6,201.38,878.14,0 26 59 44 38 69 47 89 10 28 76 42 46 7 8 0,59 76
PFG_MOEA,18,1,189.76,972.7,0 19 91 33 82 86 67 72 70 54 36 3 66 80 4 53 24 0,
PFG_MOEA,18,2,189.76,972.7,0 50 92 62 58 48 43 34 1 22 23 84 56 39 68 37 21 99 2 25 0,56 62
PFG_MOEA,18,3,189.76,972.7,0 77 94 49 32 51 45 79 90 65 6 87 52 5 29 60 97 0,97
PFG_MOEA,18,4,189.76,972.7,0 57 38 69 47 89 10 28 42 76 9 55 46 7 81 75 61 93 100 8 0,61
PFG_MOEA,18,5,189.76,972.7,0 59 44 26 96 83 14 11 41 95 13 0,
PFG_MOEA,18,6,189.76,972.7,0 27 12 73 15 30 64 78 74 63 88 85 98 71 35 40 16 18 17 31 20 0,78 88 98
PFG_MOEA,19,1,201.38,878.14,0 13 27 12 73 30 64 78 74 63 88 85 98 15 71 35 40 16 18 19 31 17 0,19 27 78 88 98
PFG_MOEA,19,2,201.38,878.14,0 20 91 21 33 37 68 39 56 84 23 22 82 86 67 72 70 54 36 3 66 0,56
PFG_MOEA,19,3,201.38,878.14,0 4 24 53 80 58 48 62 92 50 25 43 1 34 99 2 0,25 34
PFG_MOEA,19,4,201.38,878.14,0 77 94 49 32 5 61 60 29 52 87 6 65 90 79 51 45 0,32 61
PFG_MOEA,19,5,201.38,878.14,0 100 81 75 9 55 97 93 57 95 41 11 14 83 96 0,83
PFG_MOEA,19,6,201.38,878.14,0 26 59 44 38 69 47 89 10 28 76 42 46 7 8 0,59 76
PFG_MOEA,20,1,189.76,972.7,0 19 91 33 82 86 67 72 70 54 36 3 66 80 4 53 24 0,
PFG_MOEA,20,2,189.76,972.7,0 50 92 62 58 48 43 34 1 22 23 84 56 39 68 37 21 99 2 25 0,56 62
PFG_MOEA,20,3,189.76,972.7,0 77 94 49 32 51 45 79 90 65 6 87 52 5 29 60 97 0,97
PFG_MOEA,20,4,189.76,972.7,0 57 38 69 47 89 10 28 42 76 9 55 46 7 81 75 61 93 100 8 0,61
PFG_MOEA,20,5,189.76,972.7,0 59 44 26 96 83 14 11 41 95 13 0,
PFG_MOEA,20,6,189.76,972.7,0 27 12 73 15 30 64 78 74 63 88 85 98 71 35 40 16 18 17 31 20 0,78 88 98
PFG_MOEA,21,1,201.38,878.14,0 13 27 12 73 30 64 78 74 63 88 85 98 15 71 35 40 16 18 19 31 17 0,19 27 78 88 98
PFG_MOEA,21,2,201.38,878.14,0 20 91 21 33 37 68 39 56 84 23 22 82 86 67 72 70 54 36 3 66 0,56
PFG_MOEA,21,3,201.38,878.14,0 4 24 53 80 58 48 62 92 50 25 43 1 34 99 2 0,25 34
PFG_MOEA,21,4,201.38,878.14,0 77 94 49 32 5 61 60 29 52 87 6 65 90 79 51 45 0,32 61
PFG_MOEA,21,5,201.38,878.14,0 100 81 75 9 55 97 93 57 95 41 11 14 83 96 0,83
PFG_MOEA,21,6,201.38,878.14,0 26 59 44 38 69 47 89 10 28 76 42 46 7 8 0,59 76
PFG_MOEA,22,1,189.76,972.7,0 19 91 33 82 86 67 72 70 54 36 3 66 80 4 53 24 0,
PFG_MOEA,22,2,189.76,972.7,0 50 92 62 58 48 43 34 1 22 23 84 56 39 68 37 21 99 2 25 0,56 62
PFG_MOEA,22,3,189.76,972.7,0 77 94 49 32 51 45 79 90 65 6 87 52 5 29 60 97 0,97
PFG_MOEA,22,4,189.76,972.7,0 57 38 69 47 89 10 28 42 76 9 55 46 7 81 75 61 93 100 8 0,61
PFG_MOEA,22,5,189.76,972.7,0 59 44 26 96 83 14 11 41 95 13 0,
PFG_MOEA,22,6,189.76,972.7,0 27 12 73 15 30 64 78 74 63 88 85 98 71 35 40 16 18 17 31 20 0,78 88 98
PFG_MOEA,23,1,201.38,878.14,0 13 27 12 73 30 64 78 74 63 88 85 98 15 71 35 40 16 18 19 31 17 0,19 27 78 88 98
PFG_MOEA,23,2,201.38,878.14,0 20 91 21 33 37 68 39 56 84 23 22 82 86 67 72 70 54 36 3 66 0,56
PFG_MOEA,23,3,201.38,878.14,0 4 24 53 80 58 48 62 92 50 25 43 1 34 99 2 0,25 34
PFG_MOEA,23,4,201.38,878.14,0 77 94 49 32 5 61 60 29 52 87 6 65 90 79 51 45 0,32 61
PFG_MOEA,23,5,201.38,878.14,0 100 81 75 9 55 97 93 57 95 41 11 14 83 96 0,83
PFG_MOEA,23,6,201.38,878.14,0 26 59 44 38 69 47 89 10 28 76 42 46 7 8 0,59 76
PFG_MOEA,24,1,189.76,972.7,0 19 91 33 82 86 67 72 70 54 36 3 66 80 4 53 24 0,
PFG_MOEA,24,2,189.76,972.7,0 50 92 62 58 48 43 34 1 22 23 84 56 39 68 37 21 99 2 25 0,56 62
PFG_MOEA,24,3,189.76,972.7,0 77 94 49 32 51 45 79 90 65 6 87 52 5 29 60 97 0,97
PFG_MOEA,24,4,189.76,972.7,0 57 38 69 47 89 10 28 42 76 9 55 46 7 81 75 61 93 100 8 0,61
PFG_MOEA,24,5,189.76,972.7,0 59 44 26 96 83 14 11 41 95 13 0,
PFG_MOEA,24,6,189.76,972.7,0 27 12 73 15 30 64 78 74 63 88 85 98 71 35 40 16 18 17 31 20 0,78 88 98
PFG_MOEA,25,1,201.38,878.14,0 13 27 12 73 30 64 78 74 63 88 85 98 15 71 35 40 16 18 19 31 17 0,19 27 78 88 98
PFG_MOEA,25,2,201.38,878.14,0 20 91 21 33 37 68 39 56 84 23 22 82 86 67 72 70 54 36 3 66 0,56
PFG_MOEA,25,3,201.38,878.14,0 4 24 53 80 58 48 62 92 50 25 43 1 34 99 2 0,25 34
PFG_MOEA,25,4,201.38,878.14,0 77 94 49 32 5 61 60 29 52 87 6 65 90 79 51 45 0,32 61
PFG_MOEA,25,5,201.38,878.14,0 100 81 75 9 55 97 93 57 95 41 11 14 83 96 0,83
PFG_MOEA,25,6,201.38,878.14,0 26 59 44 38 69 47 89 10 28 76 42 46 7 8 0,59 76
PFG_MOEA,26,1,189.76,972.7,0 19 91 33 82 86 67 72 70 54 36 3 66 80 4 53 24 0,
PFG_MOEA,26,2,189.76,972.7,0 50 92 62 58 48 43 34 1 22 23 84 56 39 68 37 21 99 2 25 0,56 62
PFG_MOEA,26,3,189.76,972.7,0 77 94 49 32 51 45 79 90 65 6 87 52 5 29 60 97 0,97
PFG_MOEA,26,4,189.76,972.7,0 57 38 69 47 89 10 28 42 76 9 55 46 7 81 75 61 93 100 8 0,61
PFG_MOEA,26,5,189.76,972.7,0 59 44 26 96 83 14 11 41 95 13 0,
PFG_MOEA,26,6,189.76,972.7,0 27 12 73 15 30 64 78 74 63 88 85 98 71 35 40 16 18 17 31 20 0,78 88 98
PFG_MOEA,27,1,201.38,878.14,0 13 27 12 73 30 64 78 74 63 88 85 98 15 71 35 40 16 18 19 31 17 0,19 27 78 88 98
PFG_MOEA,27,2,201.38,878.14,0 20 91 21 33 37 68 39 56 84 23 22 82 86 67 72 70 54 36 3 66 0,56
PFG_MOEA,27,3,201.38,878.14,0 4 24 53 80 58 48 62 92 50 25 43 1 34 99 2 0,25 34
PFG_MOEA,27,4,201.38,878.14,0 77 94 49 32 5 61 60 29 52 87 6 65 90 79 51 45 0,32 61
PFG_MOEA,27,5,201.38,878.14,0 100 81 75 9 55 97 93 57 95 41 11 14 83 96 0,83
PFG_MOEA,27,6,201.38,878.14,0 26 59 44 38 69 47 89 10 28 76 42 46 7 8 0,59 76
PFG_MOEA,28,1,189.76,972.7,0 19 91 33 82 86 67 72 70 54 36 3 66 80 4 53 24 0,
PFG_MOEA,28,2,189.76,972.7,0 50 92 62 58 48 43 34 1 22 23 84 56 39 68 37 21 99 2 25 0,56 62
PFG_MOEA,28,3,189.76,972.7,0 77 94 49 32 51 45 79 90 65 6 87 52 5 29 60 97 0,97
PFG_MOEA,28,4,189.76,972.7,0 57 38 69 47 89 10 28 42 76 9 55 46 7 81 75 61 93 100 8 0,61
PFG_MOEA,28,5,189.76,972.7,0 59 44 26 96 83 14 11 41 95 13 0,
PFG_MOEA,28,6,189.76,972.7,0 27 12 73 15 30 64 78 74 63 88 85 98 71 35 40 16 18 17 31 20 0,78 88 98
PFG_MOEA,29,1,201.38,878.14,0 13 27 12 73 30 64 78 74 63 88 85 98 15 71 35 40 16 18 19 31 17 0,19 27 78 88 98
PFG_MOEA,29,2,201.38,878.14,0 20 91 21 33 37 68 39 56 84 23 22 82 86 67 72 70 54 36 3 66 0,56
PFG_MOEA,29,3,201.38,878.14,0 4 24 53 80 58 48 62 92 50 25 43 1 34 99 2 0,25 34
PFG_MOEA,29,4,201.38,878.14,0 77 94 49 32 5 61 60 29 52 87 6 65 90 79 51 45 0,32 61
PFG_MOEA,29,5,201.38,878.14,0 100 81 75 9 55 97 93 57 95 41 11 14 83 96 0,83
PFG_MOEA,29,6,201.38,878.14,0 26 59 44 38 69 47 89 10 28 76 42 46 7 8 0,59 76
PFG_MOEA,30,1,189.76,972.7,0 19 91 33 82 86 67 72 70 54 36 3 66 80 4 53 24 0,
PFG_MOEA,30,2,189.76,972.7,0 50 92 62 58 48 43 34 1 22 23 84 56 39 68 37 21 99 2 25 0,56 62
PFG_MOEA,30,3,189.76,972.7,0 77 94 49 32 51 45 79 90 65 6 87 52 5 29 60 97 0,97
PFG_MOEA,30,4,189.76,972.7,0 57 38 69 47 89 10 28 42 76 9 55 46 7 81 75 61 93 100 8 0,61
PFG_MOEA,30,5,189.76,972.7,0 59 44 26 96 83 14 11 41 95 13 0,
PFG_MOEA,30,6,189.76,972.7,0 27 12 73 15 30 64 78 74 63 88 85 98 71 35 40 16 18 17 31 20 0,78 88 98
PFG_MOEA,31,1,201.38,878.14,0 13 27 12 73 30 64 78 74 63 88 85 98 15 71 35 40 16 18 19 31 17 0,19 27 78 88 98
PFG_MOEA,31,2,201.38,878.14,0 20 91 21 33 37 68 39 56 84 23 22 82 86 67 72 70 54 36 3 66 0,56
PFG_MOEA,31,3,201.38,878.14,0 4 24 53 80 58 48 62 92 50 25 43 1 34 99 2 0,25 34
PFG_MOEA,31,4,201.38,878.14,0 77 94 49 32 5 61 60 29 52 87 6 65 90 79 51 45 0,32 61
PFG_MOEA,31,5,201.38,878.14,0 100 81 75 9 55 97 93 57 95 41 11 14 83 96 0,83
PFG_MOEA,31,6,201.38,878.14,0 26 59 44 38 69 47 89 10 28 76 42 46 7 8 0,59 76
PFG_MOEA,32,1,189.76,972.7,0 19 91 33 82 86 67 72 70 54 36 3 66 80 4 53 24 0,
PFG_MOEA,32,2,189.76,972.7,0 50 92 62 58 48 43 34 1 22 23 84 56 39 68 37 21 99 2 25 0,56 62
PFG_MOEA,32,3,189.76,972.7,0 77 94 49 32 51 45 79 90 65 6 87 52 5 29 60 97 0,97
PFG_MOEA,32,4,189.76,972.7,0 57 38 69 47 89 10 28 42 76 9 55 46 7 81 75 61 93 100 8 0,61
PFG_MOEA,32,5,189.76,972.7,0 59 44 26 96 83 14 11 41 95 13 0,
PFG_MOEA,32,6,189.76,972.7,0 27 12 73 15 30 64 78 74 63 88 85 98 71 35 40 16 18 17 31 20 0,78 88 98
PFG_MOEA,33,1,201.38,878.14,0 13 27 12 73 30 64 78 74 63 88 85 98 15 71 35 40 16 18 19 31 17 0,19 27 78 88 98
PFG_MOEA,33,2,201.38,878.14,0 20 91 21 33 37 68 39 56 84 23 22 82 86 67 72 70 54 36 3 66 0,56
PFG_MOEA,33,3,201.38,878.14,0 4 24 53 80 58 48 62 92 50 25 43 1 34 99 2 0,25 34
PFG_MOEA,33,4,201.38,878.14,0 77 94 49 32 5 61 60 29 52 87 6 65 90 79 51 45 0,32 61
PFG_MOEA,33,5,201.38,878.14,0 100 81 75 9 55 97 93 57 95 41 11 14 83 96 0,83
PFG_MOEA,33,6,201.38,878.14,0 26 59 44 38 69 47 89 10 28 76 42 46 7 8 0,59 76
PFG_MOEA,34,1,189.76,972.7,0 19 91 33 82 86 67 72 70 54 36 3 66 80 4 53 24 0,
PFG_MOEA,34,2,189.76,972.7,0 50 92 62 58 48 43 34 1 22 23 84 56 39 68 37 21 99 2 25 0,56 62
PFG_MOEA,34,3,189.76,972.7,0 77 94 49 32 51 45 79 90 65 6 87 52 5 29 60 97 0,97
PFG_MOEA,34,4,189.76,972.7,0 57 38 69 47 89 10 28 42 76 9 55 46 7 81 75 61 93 100 8 0,61
PFG_MOEA,34,5,189.76,972.7,0 59 44 26 96 83 14 11 41 95 13 0,
PFG_MOEA,34,6,189.76,972.7,0 27 12 73 15 30 64 78 74 63 88 85 98 71 35 40 16 18 17 31 20 0,78 88 98
PFG_MOEA,35,1,201.38,878.14,0 13 27 12 73 30 64 78 74 63 88 85 98 15 71 35 40 16 18 19 31 17 0,19 27 78 88 98
PFG_MOEA,35,2,201.38,878.14,0 20 91 21 33 37 68 39 56 84 23 22 82 86 67 72 70 54 36 3 66 0,56
PFG_MOEA,35,3,201.38,878.14,0 4 24 53 80 58 48 62 92 50 25 43 1 34 99 2 0,25 34
PFG_MOEA,35,4,201.38,878.14,0 77 94 49 32 5 61 60 29 52 87 6 65 90 79 51 45 0,32 61
PFG_MOEA,35,5,201.38,878.14,0 100 81 75 9 55 97 93 57 95 41 11 14 83 96 0,83
PFG_MOEA,35,6,201.38,878.14,0 26 59 44 38 69 47 89 10 28 76 42 46 7 8 0,59 76
PFG_MOEA,36,1,239.86,802.65,0 13 27 12 73 30 64 78 74 63 88 85 98 15 71 35 40 16 18 39 68 37 33 21 91 19 31 17 20 0,18
PFG_MOEA,36,2,239.86,802.65,0 56 0,56
PFG_MOEA,36,3,239.86,802.65,0 4 80 66 53 24 3 36 54 70 72 67 86 82 84 23 22 1 43 25 50 0,
PFG_MOEA,36,4,239.86,802.65,0 34 0,34
PFG_MOEA,36,5,239.86,802.65,0 99 2 92 62 48 58 77 94 49 32 45 51 79 90 65 6 87 52 29 5 61 60 97 75 81 7 46 0,
PFG_MOEA,36,6,239.86,802.65,0 57 95 41 11 14 83 96 26 59 44 38 69 47 89 10 28 42 76 9 55 93 100 8 0,11 26 76 83 95
PFG_MOEA,37,1,189.76,972.7,0 19 91 33 82 86 67 72 70 54 36 3 66 80 4 53 24 0,
PFG_MOEA,37,2,189.76,972.7,0 50 92 62 58 48 43 34 1 22 23 84 56 39 68 37 21 99 2 25 0,56 62
PFG_MOEA,37,3,189.76,972.7,0 77 94 49 32 51 45 79 90 65 6 87 52 5 29 60 97 0,97
PFG_MOEA,37,4,189.76,972.7,0 57 38 69 47 89 10 28 42 76 9 55 46 7 81 75 61 93 100 8 0,61
PFG_MOEA,37,5,189.76,972.7,0 59 44 26 96 83 14 11 41 95 13 0,
PFG_MOEA,37,6,189.76,972.7,0 27 12 73 15 30 64 78 74 63 88 85 98 71 35 40 16 18 17 31 20 0,78 88 98
PFG_MOEA,38,1,201.38,878.14,0 13 27 12 73 30 64 78 74 63 88 85 98 15 71 35 40 16 18 19 31 17 0,19 27 78 88 98
PFG_MOEA,38,2,201.38,878.14,0 20 91 21 33 37 68 39 56 84 23 22 82 86 67 72 70 54 36 3 66 0,56
PFG_MOEA,38,3,201.38,878.14,0 4 24 53 80 58 48 62 92 50 25 43 1 34 99 2 0,25 34
PFG_MOEA,38,4,201.38,878.14,0 77 94 49 32 5 61 60 29 52 87 6 65 90 79 51 45 0,32 61
PFG_MOEA,38,5,201.38,878.14,0 100 81 75 9 55 97 93 57 95 41 11 14 83 96 0,83
PFG_MOEA,38,6,201.38,878.14,0 26 59 44 38 69 47 89 10 28 76 42 46 7 8 0,59 76
PFG_MOEA,39,1,239.86,802.65,0 13 27 12 73 30 64 78 74 63 88 85 98 15 71 35 40 16 18 39 68 37 33 21 91 19 31 17 20 0,18
PFG_MOEA,39,2,239.86,802.65,0 56 0,56
PFG_MOEA,39,3,239.86,802.65,0 4 80 66 53 24 3 36 54 70 72 67 86 82 84 23 22 1 43 25 50 0,
PFG_MOEA,39,4,239.86,802.65,0 34 0,34
PFG_MOEA,39,5,239.86,802.65,0 99 2 92 62 48 58 77 94 49 32 45 51 79 90 65 6 87 52 29 5 61 60 97 75 81 7 46 0,
PFG_MOEA,39,6,239.86,802.65,0 57 95 41 11 14 83 96 26 59 44 38 69 47 89 10 28 42 76 9 55 93 100 8 0,11 26 76 83 95
PFG_MOEA,40,1,189.76,972.7,0 19 91 33 82 86 67 72 70 54 36 3 66 80 4 53 24 0,
PFG_MOEA,40,2,189.76,972.7,0 50 92 62 58 48 43 34 1 22 23 84 56 39 68 37 21 99 2 25 0,56 62
PFG_MOEA,40,3,189.76,972.7,0 77 94 49 32 51 45 79 90 65 6 87 52 5 29 60 97 0,97
PFG_MOEA,40,4,189.76,972.7,0 57 38 69 47 89 10 28 42 76 9 55 46 7 81 75 61 93 100 8 0,61
PFG_MOEA,40,5,189.76,972.7,0 59 44 26 96 83 14 11 41 95 13 0,
PFG_MOEA,40,6,189.76,972.7,0 27 12 73 15 30 64 78 74 63 88 85 98 71 35 40 16 18 17 31 20 0,78 88 98
PFG_MOEA,41,1,201.38,878.14,0 13 27 12 73 30 64 78 74 63 88 85 98 15 71 35 40 16 18 19 31 17 0,19 27 78 88 98
PFG_MOEA,41,2,201.38,878.14,0 20 91 21 33 37 68 39 56 84 23 22 82 86 67 72 70 54 36 3 66 0,56
PFG_MOEA,41,3,201.38,878.14,0 4 24 53 80 58 48 62 92 50 25 43 1 34 99 2 0,25 34
PFG_MOEA,41,4,201.38,878.14,0 77 94 49 32 5 61 60 29 52 87 6 65 90 79 51 45 0,32 61
PFG_MOEA,41,5,201.38,878.14,0 100 81 75 9 55 97 93 57 95 41 11 14 83 96 0,83
PFG_MOEA,41,6,201.38,878.14,0 26 59 44 38 69 47 89 10 28 76 42 46 7 8 0,59 76
PFG_MOEA,42,1,239.86,802.65,0 13 27 12 73 30 64 78 74 63 88 85 98 15 71 35 40 16 18 39 68 37 33 21 91 19 31 17 20 0,18
PFG_MOEA,42,2,239.86,802.65,0 56 0,56
PFG_MOEA,42,3,239.86,802.65,0 4 80 66 53 24 3 36 54 70 72 67 86 82 84 23 22 1 43 25 50 0,
PFG_MOEA,42,4,239.86,802.65,0 34 0,34
PFG_MOEA,42,5,239.86,802.65,0 99 2 92 62 48 58 77 94 49 32 45 51 79 90 65 6 87 52 29 5 61 60 97 75 81 7 46 0,
PFG_MOEA,42,6,239.86,802.65,0 57 95 41 11 14 83 96 26 59 44 38 69 47 89 10 28 42 76 9 55 93 100 8 0,11 26 76 83 95
PFG_MOEA,43,1,189.76,972.7,0 19 91 33 82 86 67 72 70 54 36 3 66 80 4 53 24 0,
PFG_MOEA,43,2,189.76,972.7,0 50 92 62 58 48 43 34 1 22 23 84 56 39 68 37 21 99 2 25 0,56 62
PFG_MOEA,43,3,189.76,972.7,0 77 94 49 32 51 45 79 90 65 6 87 52 5 29 60 97 0,97
PFG_MOEA,43,4,189.76,972.7,0 57 38 69 47 89 10 28 42 76 9 55 46 7 81 75 61 93 100 8 0,61
PFG_MOEA,43,5,189.76,972.7,0 59 44 26 96 83 14 11 41 95 13 0,
PFG_MOEA,43,6,189.76,972.7,0 27 12 73 15 30 64 78 74 63 88 85 98 71 35 40 16 18 17 31 20 0,78 88 98
PFG_MOEA,44,1,201.38,878.14,0 13 27 12 73 30 64 78 74 63 88 85 98 15 71 35 40 16 18 19 31 17 0,19 27 78 88 98
PFG_MOEA,44,2,201.38,878.14,0 20 91 21 33 37 68 39 56 84 23 22 82 86 67 72 70 54 36 3 66 0,56
PFG_MOEA,44,3,201.38,878.14,0 4 24 53 80 58 48 62 92 50 25 43 1 34 99 2 0,25 34
PFG_MOEA,44,4,201.38,878.14,0 77 94 49 32 5 61 60 29 52 87 6 65 90 79 51 45 0,32 61
PFG_MOEA,44,5,201.38,878.14,0 100 81 75 9 55 97 93 57 95 41 11 14 83 96 0,83
PFG_MOEA,44,6,201.38,878.14,0 26 59 44 38 69 47 89 10 28 76 42 46 7 8 0,59 76
PFG_MOEA,45,1,239.86,802.65,0 13 27 12 73 30 64 78 74 63 88 85 98 15 71 35 40 16 18 39 68 37 33 21 91 19 31 17 20 0,18
PFG_MOEA,45,2,239.86,802.65,0 56 0,56
PFG_MOEA,45,3,239.86,802.65,0 4 80 66 53 24 3 36 54 70 72 67 86 82 84 23 22 1 43 25 50 0,
PFG_MOEA,45,4,239.86,802.65,0 34 0,34
PFG_MOEA,45,5,239.86,802.65,0 99 2 92 62 48 58 77 94 49 32 45 51 79 90 65 6 87 52 29 5 61 60 97 75 81 7 46 0,
PFG_MOEA,45,6,239.86,802.65,0 57 95 41 11 14 83 96 26 59 44 38 69 47 89 10 28 42 76 9 55 93 100 8 0,11 26 76 83 95
PFG_MOEA,46,1,189.76,972.7,0 19 91 33 82 86 67 72 70 54 36 3 66 80 4 53 24 0,
PFG_MOEA,46,2,189.76,972.7,0 50 92 62 58 48 43 34 1 22 23 84 56 39 68 37 21 99 2 25 0,56 62
PFG_MOEA,46,3,189.76,972.7,0 77 94 49 32 51 45 79 90 65 6 87 52 5 29 60 97 0,97
PFG_MOEA,46,4,189.76,972.7,0 57 38 69 47 89 10 28 42 76 9 55 46 7 81 75 61 93 100 8 0,61
PFG_MOEA,46,5,189.76,972.7,0 59 44 26 96 83 14 11 41 95 13 0,
PFG_MOEA,46,6,189.76,972.7,0 27 12 73 15 30 64 78 74 63 88 85 98 71 35 40 16 18 17 31 20 0,78 88 98
PFG_MOEA,47,1,201.38,878.14,0 13 27 12 73 30 64 78 74 63 88 85 98 15 71 35 40 16 18 19 31 17 0,19 27 78 88 98
PFG_MOEA,47,2,201.38,878.14,0 20 91 21 33 37 68 39 56 84 23 22 82 86 67 72 70 54 36 3 66 0,56
PFG_MOEA,47,3,201.38,878.14,0 4 24 53 80 58 48 62 92 50 25 43 1 34 99 2 0,25 34
PFG_MOEA,47,4,201.38,878.14,0 77 94 49 32 5 61 60 29 52 87 6 65 90 79 51 45 0,32 61
PFG_MOEA,47,5,201.38,878.14,0 100 81 75 9 55 97 93 57 95 41 11 14 83 96 0,83
PFG_MOEA,47,6,201.38,878.14,0 26 59 44 38 69 47 89 10 28 76 42 46 7 8 0,59 76
PFG_MOEA,48,1,239.86,802.65,0 13 27 12 73 30 64 78 74 63 88 85 98 15 71 35 40 16 18 39 68 37 33 21 91 19 31 17 20 0,18
PFG_MOEA,48,2,239.86,802.65,0 56 0,56
PFG_MOEA,48,3,239.86,802.65,0 4 80 66 53 24 3 36 54 70 72 67 86 82 84 23 22 1 43 25 50 0,
PFG_MOEA,48,4,239.86,802.65,0 34 0,34
PFG_MOEA,48,5,239.86,802.65,0 99 2 92 62 48 58 77 94 49 32 45 51 79 90 65 6 87 52 29 5 61 60 97 75 81 7 46 0,
PFG_MOEA,48,6,239.86,802.65,0 57 95 41 11 14 83 96 26 59 44 38 69 47 89 10 28 42 76 9 55 93 100 8 0,11 26 76 83 95
PFG_MOEA,49,1,189.76,972.7,0 19 91 33 82 86 67 72 70 54 36 3 66 80 4 53 24 0,
PFG_MOEA,49,2,189.76,972.7,0 50 92 62 58 48 43 34 1 22 23 84 56 39 68 37 21 99 2 25 0,56 62
PFG_MOEA,49,3,189.76,972.7,0 77 94 49 32 51 45 79 90 65 6 87 52 5 29 60 97 0,97
PFG_MOEA,49,4,189.76,972.7,0 57 38 69 47 89 10 28 42 76 9 55 46 7 81 75 61 93 100 8 0,61
PFG_MOEA,49,5,189.76,972.7,0 59 44 26 96 83 14 11 41 95 13 0,
PFG_MOEA,49,6,189.76,972.7,0 27 12 73 15 30 64 78 74 63 88 85 98 71 35 40 16 18 17 31 20 0,78 88 98
PFG_MOEA,50,1,201.38,878.14,0 13 27 12 73 30 64 78 74 63 88 85 98 15 71 35 40 16 18 19 31 17 0,19 27 78 88 98
PFG_MOEA,50,2,201.38,878.14,0 20 91 21 33 37 68 39 56 84 23 22 82 86 67 72 70 54 36 3 66 0,56
PFG_MOEA,50,3,201.38,878.14,0 4 24 53 80 58 48 62 92 50 25 43 1 34 99 2 0,25 34
PFG_MOEA,50,4,201.38,878.14,0 77 94 49 32 5 61 60 29 52 87 6 65 90 79 51 45 0,32 61
PFG_MOEA,50,5,201.38,878.14,0 100 81 75 9 55 97 93 57 95 41 11 14 83 96 0,83
PFG_MOEA,50,6,201.38,878.14,0 26 59 44 38 69 47 89 10 28 76 42 46 7 8 0,59 76
PFG_MOEA,51,1,239.86,802.65,0 13 27 12 73 30 64 78 74 63 88 85 98 15 71 35 40 16 18 39 68 37 33 21 91 19 31 17 20 0,18
PFG_MOEA,51,2,239.86,802.65,0 56 0,56
PFG_MOEA,51,3,239.86,802.65,0 4 80 66 53 24 3 36 54 70 72 67 86 82 84 23 22 1 43 25 50 0,
PFG_MOEA,51,4,239.86,802.65,0 34 0,34
PFG_MOEA,51,5,239.86,802.65,0 99 2 92 62 48 58 77 94 49 32 45 51 79 90 65 6 87 52 29 5 61 60 97 75 81 7 46 0,
PFG_MOEA,51,6,239.86,802.65,0 57 95 41 11 14 83 96 26 59 44 38 69 47 89 10 28 42 76 9 55 93 100 8 0,11 26 76 83 95
PFG_MOEA,52,1,189.76,972.7,0 19 91 33 82 86 67 72 70 54 36 3 66 80 4 53 24 0,
PFG_MOEA,52,2,189.76,972.7,0 50 92 62 58 48 43 34 1 22 23 84 56 39 68 37 21 99 2 25 0,56 62
PFG_MOEA,52,3,189.76,972.7,0 77 94 49 32 51 45 79 90 65 6 87 52 5 29 60 97 0,97
PFG_MOEA,52,4,189.76,972.7,0 57 38 69 47 89 10 28 42 76 9 55 46 7 81 75 61 93 100 8 0,61
PFG_MOEA,52,5,189.76,972.7,0 59 44 26 96 83 14 11 41 95 13 0,
PFG_MOEA,52,6,189.76,972.7,0 27 12 73 15 30 64 78 74 63 88 85 98 71 35 40 16 18 17 31 20 0,78 88 98
PFG_MOEA,53,1,201.38,878.14,0 13 27 12 73 30 64 78 74 63 88 85 98 15 71 35 40 16 18 19 31 17 0,19 27 78 88 98
PFG_MOEA,53,2,201.38,878.14,0 20 91 21 33 37 68 39 56 84 23 22 82 86 67 72 70 54 36 3 66 0,56
PFG_MOEA,53,3,201.38,878.14,0 4 24 53 80 58 48 62 92 50 25 43 1 34 99 2 0,25 34
PFG_MOEA,53,4,201.38,878.14,0 77 94 49 32 5 61 60 29 52 87 6 65 90 79 51 45 0,32 61
PFG_MOEA,53,5,201.38,878.14,0 100 81 75 9 55 97 93 57 95 41 11 14 83 96 0,83
PFG_MOEA,53,6,201.38,878.14,0 26 59 44 38 69 47 89 10 28 76 42 46 7 8 0,59 76
PFG_MOEA,54,1,239.86,802.65,0 13 27 12 73 30 64 78 74 63 88 85 98 15 71 35 40 16 18 39 68 37 33 21 91 19 31 17 20 0,18
PFG_MOEA,54,2,239.86,802.65,0 56 0,56
PFG_MOEA,54,3,239.86,802.65,0 4 80 66 53 24 3 36 54 70 72 67 86 82 84 23 22 1 43 25 50 0,
PFG_MOEA,54,4,239.86,802.65,0 34 0,34
PFG_MOEA,54,5,239.86,802.65,0 99 2 92 62 48 58 77 94 49 32 45 51 79 90 65 6 87 52 29 5 61 60 97 75 81 7 46 0,
PFG_MOEA,54,6,239.86,802.65,0 57 95 41 11 14 83 96 26 59 44 38 69 47 89 10 28 42 76 9 55 93 100 8 0,11 26 76 83 95
PFG_MOEA,55,1,189.76,972.7,0 19 91 33 82 86 67 72 70 54 36 3 66 80 4 53 24 0,
PFG_MOEA,55,2,189.76,972.7,0 50 92 62 58 48 43 34 1 22 23 84 56 39 68 37 21 99 2 25 0,56 62
PFG_MOEA,55,3,189.76,972.7,0 77 94 49 32 51 45 79 90 65 6 87 52 5 29 60 97 0,97
PFG_MOEA,55,4,189.76,972.7,0 57 38 69 47 89 10 28 42 76 9 55 46 7 81 75 61 93 100 8 0,61
PFG_MOEA,55,5,189.76,972.7,0 59 44 26 96 83 14 11 41 95 13 0,
PFG_MOEA,55,6,189.76,972.7,0 27 12 73 15 30 64 78 74 63 88 85 98 71 35 40 16 18 17 31 20 0,78 88 98
PFG_MOEA,56,1,201.38,878.14,0 13 27 12 73 30 64 78 74 63 88 85 98 15 71 35 40 16 18 19 31 17 0,19 27 78 88 98
PFG_MOEA,56,2,201.38,878.14,0 20 91 21 33 37 68 39 56 84 23 22 82 86 67 72 70 54 36 3 66 0,56
PFG_MOEA,56,3,201.38,878.14,0 4 24 53 80 58 48 62 92 50 25 43 1 34 99 2 0,25 34
PFG_MOEA,56,4,201.38,878.14,0 77 94 49 32 5 61 60 29 52 87 6 65 90 79 51 45 0,32 61
PFG_MOEA,56,5,201.38,878.14,0 100 81 75 9 55 97 93 57 95 41 11 14 83 96 0,83
PFG_MOEA,56,6,201.38,878.14,0 26 59 44 38 69 47 89 10 28 76 42 46 7 8 0,59 76
PFG_MOEA,57,1,239.86,802.65,0 13 27 12 73 30 64 78 74 63 88 85 98 15 71 35 40 16 18 39 68 37 33 21 91 19 31 17 20 0,18
PFG_MOEA,57,2,239.86,802.65,0 56 0,56
PFG_MOEA,57,3,239.86,802.65,0 4 80 66 53 24 3 36 54 70 72 67 86 82 84 23 22 1 43 25 50 0,
PFG_MOEA,57,4,239.86,802.65,0 34 0,34
PFG_MOEA,57,5,239.86,802.65,0 99 2 92 62 48 58 77 94 49 32 45 51 79 90 65 6 87 52 29 5 61 60 97 75 81 7 46 0,
PFG_MOEA,57,6,239.86,802.65,0 57 95 41 11 14 83 96 26 59 44 38 69 47 89 10 28 42 76 9 55 93 100 8 0,11 26 76 83 95
PFG_MOEA,58,1,189.76,972.7,0 19 91 33 82 86 67 72 70 54 36 3 66 80 4 53 24 0,
PFG_MOEA,58,2,189.76,972.7,0 50 92 62 58 48 43 34 1 22 23 84 56 39 68 37 21 99 2 25 0,56 62
PFG_MOEA,58,3,189.76,972.7,0 77 94 49 32 51 45 79 90 65 6 87 52 5 29 60 97 0,97
PFG_MOEA,58,4,189.76,972.7,0 57 38 69 47 89 10 28 42 76 9 55 46 7 81 75 61 93 100 8 0,61
PFG_MOEA,58,5,189.76,972.7,0 59 44 26 96 83 14 11 41 95 13 0,
PFG_MOEA,58,6,189.76,972.7,0 27 12 73 15 30 64 78 74 63 88 85 98 71 35 40 16 18 17 31 20 0,78 88 98
PFG_MOEA,59,1,201.38,878.14,0 13 27 12 73 30 64 78 74 63 88 85 98 15 71 35 40 16 18 19 31 17 0,19 27 78 88 98
PFG_MOEA,59,2,201.38,878.14,0 20 91 21 33 37 68 39 56 84 23 22 82 86 67 72 70 54 36 3 66 0,56
PFG_MOEA,59,3,201.38,878.14,0 4 24 53 80 58 48 62 92 50 25 43 1 34 99 2 0,25 34
PFG_MOEA,59,4,201.38,878.14,0 77 94 49 32 5 61 60 29 52 87 6 65 90 79 51 45 0,32 61
PFG_MOEA,59,5,201.38,878.14,0 100 81 75 9 55 97 93 57 95 41 11 14 83 96 0,83
PFG_MOEA,59,6,201.38,878.14,0 26 59 44 38 69 47 89 10 28 76 42 46 7 8 0,59 76
PFG_MOEA,60,1,239.86,802.65,0 13 27 12 73 30 64 78 74 63 88 85 98 15 71 35 40 16 18 39 68 37 33 21 91 19 31 17 20 0,18
PFG_MOEA,60,2,239.86,802.65,0 56 0,56
PFG_MOEA,60,3,239.86,802.65,0 4 80 66 53 24 3 36 54 70 72 67 86 82 84 23 22 1 43 25 50 0,
PFG_MOEA,60,4,239.86,802.65,0 34 0,34
PFG_MOEA,60,5,239.86,802.65,0 99 2 92 62 48 58 77 94 49 32 45 51 79 90 65 6 87 52 29 5 61 60 97 75 81 7 46 0,
PFG_MOEA,60,6,239.86,802.65,0 57 95 41 11 14 83 96 26 59 44 38 69 47 89 10 28 42 76 9 55 93 100 8 0,11 26 76 83 95
PFG_MOEA,61,1,189.76,972.7,0 19 91 33 82 86 67 72 70 54 36 3 66 80 4 53 24 0,
PFG_MOEA,61,2,189.76,972.7,0 50 92 62 58 48 43 34 1 22 23 84 56 39 68 37 21 99 2 25 0,56 62
PFG_MOEA,61,3,189.76,972.7,0 77 94 49 32 51 45 79 90 65 6 87 52 5 29 60 97 0,97
PFG_MOEA,61,4,189.76,972.7,0 57 38 69 47 89 10 28 42 76 9 55 46 7 81 75 61 93 100 8 0,61
PFG_MOEA,61,5,189.76,972.7,0 59 44 26 96 83 14 11 41 95 13 0,
PFG_MOEA,61,6,189.76,972.7,0 27 12 73 15 30 64 78 74 63 88 85 98 71 35 40 16 18 17 31 20 0,78 88 98
PFG_MOEA,62,1,201.38,878.14,0 13 27 12 73 30 64 78 74 63 88 85 98 15 71 35 40 16 18 19 31 17 0,19 27 78 88 98
PFG_MOEA,62,2,201.38,878.14,0 20 91 21 33 37 68 39 56 84 23 22 82 86 67 72 70 54 36 3 66 0,56
PFG_MOEA,62,3,201.38,878.14,0 4 24 53 80 58 48 62 92 50 25 43 1 34 99 2 0,25 34
PFG_MOEA,62,4,201.38,878.14,0 77 94 49 32 5 61 60 29 52 87 6 65 90 79 51 45 0,32 61
PFG_MOEA,62,5,201.38,878.14,0 100 81 75 9 55 97 93 57 95 41 11 14 83 96 0,83
PFG_MOEA,62,6,201.38,878.14,0 26 59 44 38 69 47 89 10 28 76 42 46 7 8 0,59 76
PFG_MOEA,63,1,239.86,802.65,0 13 27 12 73 30 64 78 74 63 88 85 98 15 71 35 40 16 18 39 68 37 33 21 91 19 31 17 20 0,18
PFG_MOEA,63,2,239.86,802.65,0 56 0,56
PFG_MOEA,63,3,239.86,802.65,0 4 80 66 53 24 3 36 54 70 72 67 86 82 84 23 22 1 43 25 50 0,
PFG_MOEA,63,4,239.86,802.65,0 34 0,34
PFG_MOEA,63,5,239.86,802.65,0 99 2 92 62 48 58 77 94 49 32 45 51 79 90 65 6 87 52 29 5 61 60 97 75 81 7 46 0,
PFG_MOEA,63,6,239.86,802.65,0 57 95 41 11 14 83 96 26 59 44 38 69 47 89 10 28 42 76 9 55 93 100 8 0,11 26 76 83 95
PFG_MOEA,64,1,189.76,972.7,0 19 91 33 82 86 67 72 70 54 36 3 66 80 4 53 24 0,
PFG_MOEA,64,2,189.76,972.7,0 50 92 62 58 48 43 34 1 22 23 84 56 39 68 37 21 99 2 25 0,56 62
PFG_MOEA,64,3,189.76,972.7,0 77 94 49 32 51 45 79 90 65 6 87 52 5 29 60 97 0,97
PFG_MOEA,64,4,189.76,972.7,0 57 38 69 47 89 10 28 42 76 9 55 46 7 81 75 61 93 100 8 0,61
PFG_MOEA,64,5,189.76,972.7,0 59 44 26 96 83 14 11 41 95 13 0,
PFG_MOEA,64,6,189.76,972.7,0 27 12 73 15 30 64 78 74 63 88 85 98 71 35 40 16 18 17 31 20 0,78 88 98
PFG_MOEA,65,1,201.38,878.14,0 13 27 12 73 30 64 78 74 63 88 85 98 15 71 35 40 16 18 19 31 17 0,19 27 78 88 98
PFG_MOEA,65,2,201.38,878.14,0 20 91 21 33 37 68 39 56 84 23 22 82 86 67 72 70 54 36 3 66 0,56
PFG_MOEA,65,3,201.38,878.14,0 4 24 53 80 58 48 62 92 50 25 43 1 34 99 2 0,25 34
PFG_MOEA,65,4,201.38,878.14,0 77 94 49 32 5 61 60 29 52 87 6 65 90 79 51 45 0,32 61
PFG_MOEA,65,5,201.38,878.14,0 100 81 75 9 55 97 93 57 95 41 11 14 83 96 0,83
PFG_MOEA,65,6,201.38,878.14,0 26 59 44 38 69 47 89 10 28 76 42 46 7 8 0,59 76
PFG_MOEA,66,1,239.86,802.65,0 13 27 12 73 30 64 78 74 63 88 85 98 15 71 35 40 16 18 39 68 37 33 21 91 19 31 17 20 0,18
PFG_MOEA,66,2,239.86,802.65,0 56 0,56
PFG_MOEA,66,3,239.86,802.65,0 4 80 66 53 24 3 36 54 70 72 67 86 82 84 23 22 1 43 25 50 0,
PFG_MOEA,66,4,239.86,802.65,0 34 0,34
PFG_MOEA,66,5,239.86,802.65,0 99 2 92 62 48 58 77 94 49 32 45 51 79 90 65 6 87 52 29 5 61 60 97 75 81 7 46 0,
PFG_MOEA,66,6,239.86,802.65,0 57 95 41 11 14 83 96 26 59 44 38 69 47 89 10 28 42 76 9 55 93 100 8 0,11 26 76 83 95
PFG_MOEA,67,1,189.76,972.7,0 19 91 33 82 86 67 72 70 54 36 3 66 80 4 53 24 0,
PFG_MOEA,67,2,189.76,972.7,0 50 92 62 58 48 43 34 1 22 23 84 56 39 68 37 21 99 2 25 0,56 62
PFG_MOEA,67,3,189.76,972.7,0 77 94 49 32 51 45 79 90 65 6 87 52 5 29 60 97 0,97
PFG_MOEA,67,4,189.76,972.7,0 57 38 69 47 89 10 28 42 76 9 55 46 7 81 75 61 93 100 8 0,61
PFG_MOEA,67,5,189.76,972.7,0 59 44 26 96 83 14 11 41 95 13 0,
PFG_MOEA,67,6,189.76,972.7,0 27 12 73 15 30 64 78 74 63 88 85 98 71 35 40 16 18 17 31 20 0,78 88 98
PFG_MOEA,68,1,201.38,878.14,0 13 27 12 73 30 64 78 74 63 88 85 98 15 71 35 40 16 18 19 31 17 0,19 27 78 88 98
PFG_MOEA,68,2,201.38,878.14,0 20 91 21 33 37 68 39 56 84 23 22 82 86 67 72 70 54 36 3 66 0,56
PFG_MOEA,68,3,201.38,878.14,0 4 24 53 80 58 48 62 92 50 25 43 1 34 99 2 0,25 34
PFG_MOEA,68,4,201.38,878.14,0 77 94 49 32 5 61 60 29 52 87 6 65 90 79 51 45 0,32 61
PFG_MOEA,68,5,201.38,878.14,0 100 81 75 9 55 97 93 57 95 41 11 14 83 96 0,83
PFG_MOEA,68,6,201.38,878.14,0 26 59 44 38 69 47 89 10 28 76 42 46 7 8 0,59 76
PFG_MOEA,69,1,239.86,802.65,0 13 27 12 73 30 64 78 74 63 88 85 98 15 71 35 40 16 18 39 68 37 33 21 91 19 31 17 20 0,18
PFG_MOEA,69,2,239.86,802.65,0 56 0,56
PFG_MOEA,69,3,239.86,802.65,0 4 80 66 53 24 3 36 54 70 72 67 86 82 84 23 22 1 43 25 50 0,
PFG_MOEA,69,4,239.86,802.65,0 34 0,34
PFG_MOEA,69,5,239.86,802.65,0 99 2 92 62 48 58 77 94 49 32 45 51 79 90 65 6 87 52 29 5 61 60 97 75 81 7 46 0,
PFG_MOEA,69,6,239.86,802.65,0 57 95 41 11 14 83 96 26 59 44 38 69 47 89 10 28 42 76 9 55 93 100 8 0,11 26 76 83 95
PFG_MOEA,70,1,189.76,972.7,0 19 91 33 82 86 67 72 70 54 36 3 66 80 4 53 24 0,
PFG_MOEA,70,2,189.76,972.7,0 50 92 62 58 48 43 34 1 22 23 84 56 39 68 37 21 99 2 25 0,56 62
PFG_MOEA,70,3,189.76,972.7,0 77 94 49 32 51 45 79 90 65 6 87 52 5 29 60 97 0,97
PFG_MOEA,70,4,189.76,972.7,0 57 38 69 47 89 10 28 42 76 9 55 46 7 81 75 61 93 100 8 0,61
PFG_MOEA,70,5,189.76,972.7,0 59 44 26 96 83 14 11 41 95 13 0,
PFG_MOEA,70,6,189.76,972.7,0 27 12 73 15 30 64 78 74 63 88 85 98 71 35 40 16 18 17 31 20 0,78 88 98
PFG_MOEA,71,1,201.38,878.14,0 13 27 12 73 30 64 78 74 63 88 85 98 15 71 35 40 16 18 19 31 17 0,19 27 78 88 98
PFG_MOEA,71,2,201.38,878.14,0 20 91 21 33 37 68 39 56 84 23 22 82 86 67 72 70 54 36 3 66 0,56
PFG_MOEA,71,3,201.38,878.14,0 4 24 53 80 58 48 62 92 50 25 43 1 34 99 2 0,25 34
PFG_MOEA,71,4,201.38,878.14,0 77 94 49 32 5 61 60 29 52 87 6 65 90 79 51 45 0,32 61
PFG_MOEA,71,5,201.38,878.14,0 100 81 75 9 55 97 93 57 95 41 11 14 83 96 0,83
PFG_MOEA,71,6,201.38,878.14,0 26 59 44 38 69 47 89 10 28 76 42 46 7 8 0,59 76
PFG_MOEA,72,1,239.86,802.65,0 13 27 12 73 30 64 78 74 63 88 85 98 15 71 35 40 16 18 39 68 37 33 21 91 19 31 17 20 0,18
PFG_MOEA,72,2,239.86,802.65,0 56 0,56
PFG_MOEA,72,3,239.86,802.65,0 4 80 66 53 24 3 36 54 70 72 67 86 82 84 23 22 1 43 25 50 0,
PFG_MOEA,72,4,239.86,802.65,0 34 0,34
PFG_MOEA,72,5,239.86,802.65,0 99 2 92 62 48 58 77 94 49 32 45 51 79 90 65 6 87 52 29 5 61 60 97 75 81 7 46 0,
PFG_MOEA,72,6,239.86,802.65,0 57 95 41 11 14 83 96 26 59 44 38 69 47 89 10 28 42 76 9 55 93 100 8 0,11 26 76 83 95
PFG_MOEA,73,1,189.76,972.7,0 19 91 33 82 86 67 72 70 54 36 3 66 80 4 53 24 0,
PFG_MOEA,73,2,189.76,972.7,0 50 92 62 58 48 43 34 1 22 23 84 56 39 68 37 21 99 2 25 0,56 62
PFG_MOEA,73,3,189.76,972.7,0 77 94 49 32 51 45 79 90 65 6 87 52 5 29 60 97 0,97
PFG_MOEA,73,4,189.76,972.7,0 57 38 69 47 89 10 28 42 76 9 55 46 7 81 75 61 93 100 8 0,61
PFG_MOEA,73,5,189.76,972.7,0 59 44 26 96 83 14 11 41 95 13 0,
PFG_MOEA,73,6,189.76,972.7,0 27 12 73 15 30 64 78 74 63 88 85 98 71 35 40 16 18 17 31 20 0,78 88 98
PFG_MOEA,74,1,201.38,878.14,0 13 27 12 73 30 64 78 74 63 88 85 98 15 71 35 40 16 18 19 31 17 0,19 27 78 88 98
PFG_MOEA,74,2,201.38,878.14,0 20 91 21 33 37 68 39 56 84 23 22 82 86 67 72 70 54 36 3 66 0,56
PFG_MOEA,74,3,201.38,878.14,0 4 24 53 80 58 48 62 92 50 25 43 1 34 99 2 0,25 34
PFG_MOEA,74,4,201.38,878.14,0 77 94 49 32 5 61 60 29 52 87 6 65 90 79 51 45 0,32 61
PFG_MOEA,74,5,201.38,878.14,0 100 81 75 9 55 97 93 57 95 41 11 14 83 96 0,83
PFG_MOEA,74,6,201.38,878.14,0 26 59 44 38 69 47 89 10 28 76 42 46 7 8 0,59 76
PFG_MOEA,75,1,239.86,802.65,0 13 27 12 73 30 64 78 74 63 88 85 98 15 71 35 40 16 18 39 68 37 33 21 91 19 31 17 20 0,18
PFG_MOEA,75,2,239.86,802.65,0 56 0,56
PFG_MOEA,75,3,239.86,802.65,0 4 80 66 53 24 3 36 54 70 72 67 86 82 84 23 22 1 43 25 50 0,
PFG_MOEA,75,4,239.86,802.65,0 34 0,34
PFG_MOEA,75,5,239.86,802.65,0 99 2 92 62 48 58 77 94 49 32 45 51 79 90 65 6 87 52 29 5 61 60 97 75 81 7 46 0,
PFG_MOEA,75,6,239.86,802.65,0 57 95 41 11 14 83 96 26 59 44 38 69 47 89 10 28 42 76 9 55 93 100 8 0,11 26 76 83 95
PFG_MOEA,76,1,189.76,972.7,0 19 91 33 82 86 67 72 70 54 36 3 66 80 4 53 24 0,
PFG_MOEA,76,2,189.76,972.7,0 50 92 62 58 48 43 34 1 22 23 84 56 39 68 37 21 99 2 25 0,56 62
PFG_MOEA,76,3,189.76,972.7,0 77 94 49 32 51 45 79 90 65 6 87 52 5 29 60 97 0,97
PFG_MOEA,76,4,189.76,972.7,0 57 38 69 47 89 10 28 42 76 9 55 46 7 81 75 61 93 100 8 0,61
PFG_MOEA,76,5,189.76,972.7,0 59 44 26 96 83 14 11 41 95 13 0,
PFG_MOEA,76,6,189.76,972.7,0 27 12 73 15 30 64 78 74 63 88 85 98 71 35 40 16 18 17 31 20 0,78 88 98
PFG_MOEA,77,1,201.38,878.14,0 13 27 12 73 30 64 78 74 63 88 85 98 15 71 35 40 16 18 19 31 17 0,19 27 78 88 98
PFG_MOEA,77,2,201.38,878.14,0 20 91 21 33 37 68 39 56 84 23 22 82 86 67 72 70 54 36 3 66 0,56
PFG_MOEA,77,3,201.38,878.14,0 4 24 53 80 58 48 62 92 50 25 43 1 34 99 2 0,25 34
PFG_MOEA,77,4,201.38,878.14,0 77 94 49 32 5 61 60 29 52 87 6 65 90 79 51 45 0,32 61
PFG_MOEA,77,5,201.38,878.14,0 100 81 75 9 55 97 93 57 95 41 11 14 83 96 0,83
PFG_MOEA,77,6,201.38,878.14,0 26 59 44 38 69 47 89 10 28 76 42 46 7 8 0,59 76
PFG_MOEA,78,1,239.86,802.65,0 13 27 12 73 30 64 78 74 63 88 85 98 15 71 35 40 16 18 39 68 37 33 21 91 19 31 17 20 0,18
PFG_MOEA,78,2,239.86,802.65,0 56 0,56
PFG_MOEA,78,3,239.86,802.65,0 4 80 66 53 24 3 36 54 70 72 67 86 82 84 23 22 1 43 25 50 0,
PFG_MOEA,78,4,239.86,802.65,0 34 0,34
PFG_MOEA,78,5,239.86,802.65,0 99 2 92 62 48 58 77 94 49 32 45 51 79 90 65 6 87 52 29 5 61 60 97 75 81 7 46 0,
PFG_MOEA,78,6,239.86,802.65,0 57 95 41 11 14 83 96 26 59 44 38 69 47 89 10 28 42 76 9 55 93 100 8 0,11 26 76 83 95
PFG_MOEA,79,1,189.76,972.7,0 19 91 33 82 86 67 72 70 54 36 3 66 80 4 53 24 0,
PFG_MOEA,79,2,189.76,972.7,0 50 92 62 58 48 43 34 1 22 23 84 56 39 68 37 21 99 2 25 0,56 62
PFG_MOEA,79,3,189.76,972.7,0 77 94 49 32 51 45 79 90 65 6 87 52 5 29 60 97 0,97
PFG_MOEA,79,4,189.76,972.7,0 57 38 69 47 89 10 28 42 76 9 55 46 7 81 75 61 93 100 8 0,61
PFG_MOEA,79,5,189.76,972.7,0 59 44 26 96 83 14 11 41 95 13 0,
PFG_MOEA,79,6,189.76,972.7,0 27 12 73 15 30 64 78 74 63 88 85 98 71 35 40 16 18 17 31 20 0,78 88 98
PFG_MOEA,80,1,201.38,878.14,0 13 27 12 73 30 64 78 74 63 88 85 98 15 71 35 40 16 18 19 31 17 0,19 27 78 88 98
PFG_MOEA,80,2,201.38,878.14,0 20 91 21 33 37 68 39 56 84 23 22 82 86 67 72 70 54 36 3 66 0,56
PFG_MOEA,80,3,201.38,878.14,0 4 24 53 80 58 48 62 92 50 25 43 1 34 99 2 0,25 34
PFG_MOEA,80,4,201.38,878.14,0 77 94 49 32 5 61 60 29 52 87 6 65 90 79 51 45 0,32 61
PFG_MOEA,80,5,201.38,878.14,0 100 81 75 9 55 97 93 57 95 41 11 14 83 96 0,83
PFG_MOEA,80,6,201.38,878.14,0 26 59 44 38 69 47 89 10 28 76 42 46 7 8 0,59 76
PFG_MOEA,81,1,239.86,802.65,0 13 27 12 73 30 64 78 74 63 88 85 98 15 71 35 40 16 18 39 68 37 33 21 91 19 31 17 20 0,18
PFG_MOEA,81,2,239.86,802.65,0 56 0,56
PFG_MOEA,81,3,239.86,802.65,0 4 80 66 53 24 3 36 54 70 72 67 86 82 84 23 22 1 43 25 50 0,
PFG_MOEA,81,4,239.86,802.65,0 34 0,34
PFG_MOEA,81,5,239.86,802.65,0 99 2 92 62 48 58 77 94 49 32 45 51 79 90 65 6 87 52 29 5 61 60 97 75 81 7 46 0,
PFG_MOEA,81,6,239.86,802.65,0 57 95 41 11 14 83 96 26 59 44 38 69 47 89 10 28 42 76 9 55 93 100 8 0,11 26 76 83 95
PFG_MOEA,82,1,189.76,972.7,0 19 91 33 82 86 67 72 70 54 36 3 66 80 4 53 24 0,
PFG_MOEA,82,2,189.76,972.7,0 50 92 62 58 48 43 34 1 22 23 84 56 39 68 37 21 99 2 25 0,56 62
PFG_MOEA,82,3,189.76,972.7,0 77 94 49 32 51 45 79 90 65 6 87 52 5 29 60 97 0,97
PFG_MOEA,82,4,189.76,972.7,0 57 38 69 47 89 10 28 42 76 9 55 46 7 81 75 61 93 100 8 0,61
PFG_MOEA,82,5,189.76,972.7,0 59 44 26 96 83 14 11 41 95 13 0,
PFG_MOEA,82,6,189.76,972.7,0 27 12 73 15 30 64 78 74 63 88 85 98 71 35 40 16 18 17 31 20 0,78 88 98
PFG_MOEA,83,1,201.38,878.14,0 13 27 12 73 30 64 78 74 63 88 85 98 15 71 35 40 16 18 19 31 17 0,19 27 78 88 98
PFG_MOEA,83,2,201.38,878.14,0 20 91 21 33 37 68 39 56 84 23 22 82 86 67 72 70 54 36 3 66 0,56
PFG_MOEA,83,3,201.38,878.14,0 4 24 53 80 58 48 62 92 50 25 43 1 34 99 2 0,25 34
PFG_MOEA,83,4,201.38,878.14,0 77 94 49 32 5 61 60 29 52 87 6 65 90 79 51 45 0,32 61
PFG_MOEA,83,5,201.38,878.14,0 100 81 75 9 55 97 93 57 95 41 11 14 83 96 0,83
PFG_MOEA,83,6,201.38,878.14,0 26 59 44 38 69 47 89 10 28 76 42 46 7 8 0,59 76
PFG_MOEA,84,1,239.86,802.65,0 13 27 12 73 30 64 78 74 63 88 85 98 15 71 35 40 16 18 39 68 37 33 21 91 19 31 17 20 0,18
PFG_MOEA,84,2,239.86,802.65,0 56 0,56
PFG_MOEA,84,3,239.86,802.65,0 4 80 66 53 24 3 36 54 70 72 67 86 82 84 23 22 1 43 25 50 0,
PFG_MOEA,84,4,239.86,802.65,0 34 0,34
PFG_MOEA,84,5,239.86,802.65,0 99 2 92 62 48 58 77 94 49 32 45 51 79 90 65 6 87 52 29 5 61 60 97 75 81 7 46 0,
PFG_MOEA,84,6,239.86,802.65,0 57 95 41 11 14 83 96 26 59 44 38 69 47 89 10 28 42 76 9 55 93 100 8 0,11 26 76 83 95
PFG_MOEA,85,1,189.76,972.7,0 19 91 33 82 86 67 72 70 54 36 3 66 80 4 53 24 0,
PFG_MOEA,85,2,189.76,972.7,0 50 92 62 58 48 43 34 1 22 23 84 56 39 68 37 21 99 2 25 0,56 62
PFG_MOEA,85,3,189.76,972.7,0 77 94 49 32 51 45 79 90 65 6 87 52 5 29 60 97 0,97
PFG_MOEA,85,4,189.76,972.7,0 57 38 69 47 89 10 28 42 76 9 55 46 7 81 75 61 93 100 8 0,61
PFG_MOEA,85,5,189.76,972.7,0 59 44 26 96 83 14 11 41 95 13 0,
PFG_MOEA,85,6,189.76,972.7,0 27 12 73 15 30 64 78 74 63 88 85 98 71 35 40 16 18 17 31 20 0,78 88 98
PFG_MOEA,86,1,201.38,878.14,0 13 27 12 73 30 64 78 74 63 88 85 98 15 71 35 40 16 18 19 31 17 0,19 27 78 88 98
PFG_MOEA,86,2,201.38,878.14,0 20 91 21 33 37 68 39 56 84 23 22 82 86 67 72 70 54 36 3 66 0,56
PFG_MOEA,86,3,201.38,878.14,0 4 24 53 80 58 48 62 92 50 25 43 1 34 99 2 0,25 34
PFG_MOEA,86,4,201.38,878.14,0 77 94 49 32 5 61 60 29 52 87 6 65 90 79 51 45 0,32 61
PFG_MOEA,86,5,201.38,878.14,0 100 81 75 9 55 97 93 57 95 41 11 14 83 96 0,83
PFG_MOEA,86,6,201.38,878.14,0 26 59 44 38 69 47 89 10 28 76 42 46 7 8 0,59 76
PFG_MOEA,87,1,239.86,802.65,0 13 27 12 73 30 64 78 74 63 88 85 98 15 71 35 40 16 18 39 68 37 33 21 91 19 31 17 20 0,18
PFG_MOEA,87,2,239.86,802.65,0 56 0,56
PFG_MOEA,87,3,239.86,802.65,0 4 80 66 53 24 3 36 54 70 72 67 86 82 84 23 22 1 43 25 50 0,
PFG_MOEA,87,4,239.86,802.65,0 34 0,34
PFG_MOEA,87,5,239.86,802.65,0 99 2 92 62 48 58 77 94 49 32 45 51 79 90 65 6 87 52 29 5 61 60 97 75 81 7 46 0,
PFG_MOEA,87,6,239.86,802.65,0 57 95 41 11 14 83 96 26 59 44 38 69 47 89 10 28 42 76 9 55 93 100 8 0,11 26 76 83 95
PFG_MOEA,88,1,189.76,972.7,0 19 91 33 82 86 67 72 70 54 36 3 66 80 4 53 24 0,
PFG_MOEA,88,2,189.76,972.7,0 50 92 62 58 48 43 34 1 22 23 84 56 39 68 37 21 99 2 25 0,56 62
PFG_MOEA,88,3,189.76,972.7,0 77 94 49 32 51 45 79 90 65 6 87 52 5 29 60 97 0,97
PFG_MOEA,88,4,189.76,972.7,0 57 38 69 47 89 10 28 42 76 9 55 46 7 81 75 61 93 100 8 0,61
PFG_MOEA,88,5,189.76,972.7,0 59 44 26 96 83 14 11 41 95 13 0,
PFG_MOEA,88,6,189.76,972.7,0 27 12 73 15 30 64 78 74 63 88 85 98 71 35 40 16 18 17 31 20 0,78 88 98
PFG_MOEA,89,1,201.38,878.14,0 13 27 12 73 30 64 78 74 63 88 85 98 15 71 35 40 16 18 19 31 17 0,19 27 78 88 98
PFG_MOEA,89,2,201.38,878.14,0 20 91 21 33 37 68 39 56 84 23 22 82 86 67 72 70 54 36 3 66 0,56
PFG_MOEA,89,3,201.38,878.14,0 4 24 53 80 58 48 62 92 50 25 43 1 34 99 2 0,25 34
PFG_MOEA,89,4,201.38,878.14,0 77 94 49 32 5 61 60 29 52 87 6 65 90 79 51 45 0,32 61
PFG_MOEA,89,5,201.38,878.14,0 100 81 75 9 55 97 93 57 95 41 11 14 83 96 0,83
PFG_MOEA,89,6,201.38,878.14,0 26 59 44 38 69 47 89 10 28 76 42 46 7 8 0,59 76
PFG_MOEA,90,1,239.86,802.65,0 13 27 12 73 30 64 78 74 63 88 85 98 15 71 35 40 16 18 39 68 37 33 21 91 19 31 17 20 0,18
PFG_MOEA,90,2,239.86,802.65,0 56 0,56
PFG_MOEA,90,3,239.86,802.65,0 4 80 66 53 24 3 36 54 70 72 67 86 82 84 23 22 1 43 25 50 0,
PFG_MOEA,90,4,239.86,802.65,0 34 0,34
PFG_MOEA,90,5,239.86,802.65,0 99 2 92 62 48 58 77 94 49 32 45 51 79 90 65 6 87 52 29 5 61 60 97 75 81 7 46 0,
PFG_MOEA,90,6,239.86,802.65,0 57 95 41 11 14 83 96 26 59 44 38 69 47 89 10 28 42 76 9 55 93 100 8 0,11 26 76 83 95
PFG_MOEA,91,1,189.76,972.7,0 19 91 33 82 86 67 72 70 54 36 3 66 80 4 53 24 0,
PFG_MOEA,91,2,189.76,972.7,0 50 92 62 58 48 43 34 1 22 23 84 56 39 68 37 21 99 2 25 0,56 62
PFG_MOEA,91,3,189.76,972.7,0 77 94 49 32 51 45 79 90 65 6 87 52 5 29 60 97 0,97
PFG_MOEA,91,4,189.76,972.7,0 57 38 69 47 89 10 28 42 76 9 55 46 7 81 75 61 93 100 8 0,61
PFG_MOEA,91,5,189.76,972.7,0 59 44 26 96 83 14 11 41 95 13 0,
PFG_MOEA,91,6,189.76,972.7,0 27 12 73 15 30 64 78 74 63 88 85 98 71 35 40 16 18 17 31 20 0,78 88 98
PFG_MOEA,92,1,201.38,878.14,0 13 27 12 73 30 64 78 74 63 88 85 98 15 71 35 40 16 18 19 31 17 0,19 27 78 88 98
PFG_MOEA,92,2,201.38,878.14,0 20 91 21 33 37 68 39 56 84 23 22 82 86 67 72 70 54 36 3 66 0,56
PFG_MOEA,92,3,201.38,878.14,0 4 24 53 80 58 48 62 92 50 25 43 1 34 99 2 0,25 34
PFG_MOEA,92,4,201.38,878.14,0 77 94 49 32 5 61 60 29 52 87 6 65 90 79 51 45 0,32 61
PFG_MOEA,92,5,201.38,878.14,0 100 81 75 9 55 97 93 57 95 41 11 14 83 96 0,83
PFG_MOEA,92,6,201.38,878.14,0 26 59 44 38 69 47 89 10 28 76 42 46 7 8 0,59 76
PFG_MOEA,93,1,239.86,802.65,0 13 27 12 73 30 64 78 74 63 88 85 98 15 71 35 40 16 18 39 68 37 33 21 91 19 31 17 20 0,18
PFG_MOEA,93,2,239.86,802.65,0 56 0,56
PFG_MOEA,93,3,239.86,802.65,0 4 80 66 53 24 3 36 54 70 72 67 86 82 84 23 22 1 43 25 50 0,
PFG_MOEA,93,4,239.86,802.65,0 34 0,34
PFG_MOEA,93,5,239.86,802.65,0 99 2 92 62 48 58 77 94 49 32 45 51 79 90 65 6 87 52 29 5 61 60 97 75 81 7 46 0,
PFG_MOEA,93,6,239.86,802.65,0 57 95 41 11 14 83 96 26 59 44 38 69 47 89 10 28 42 76 9 55 93 100 8 0,11 26 76 83 95
PFG_MOEA,94,1,189.76,972.7,0 19 91 33 82 86 67 72 70 54 36 3 66 80 4 53 24 0,
PFG_MOEA,94,2,189.76,972.7,0 50 92 62 58 48 43 34 1 22 23 84 56 39 68 37 21 99 2 25 0,56 62
PFG_MOEA,94,3,189.76,972.7,0 77 94 49 32 51 45 79 90 65 6 87 52 5 29 60 97 0,97
PFG_MOEA,94,4,189.76,972.7,0 57 38 69 47 89 10 28 42 76 9 55 46 7 81 75 61 93 100 8 0,61
PFG_MOEA,94,5,189.76,972.7,0 59 44 26 96 83 14 11 41 95 13 0,
PFG_MOEA,94,6,189.76,972.7,0 27 12 73 15 30 64 78 74 63 88 85 98 71 35 40 16 18 17 31 20 0,78 88 98
PFG_MOEA,95,1,201.38,878.14,0 13 27 12 73 30 64 78 74 63 88 85 98 15 71 35 40 16 18 19 31 17 0,19 27 78 88 98
PFG_MOEA,95,2,201.38,878.14,0 20 91 21 33 37 68 39 56 84 23 22 82 86 67 72 70 54 36 3 66 0,56
PFG_MOEA,95,3,201.38,878.14,0 4 24 53 80 58 48 62 92 50 25 43 1 34 99 2 0,25 34
PFG_MOEA,95,4,201.38,878.14,0 77 94 49 32 5 61 60 29 52 87 6 65 90 79 51 45 0,32 61
PFG_MOEA,95,5,201.38,878.14,0 100 81 75 9 55 97 93 57 95 41 11 14 83 96 0,83
PFG_MOEA,95,6,201.38,878.14,0 26 59 44 38 69 47 89 10 28 76 42 46 7 8 0,59 76
PFG_MOEA,96,1,239.86,802.65,0 13 27 12 73 30 64 78 74 63 88 85 98 15 71 35 40 16 18 39 68 37 33 21 91 19 31 17 20 0,18
PFG_MOEA,96,2,239.86,802.65,0 56 0,56
PFG_MOEA,96,3,239.86,802.65,0 4 80 66 53 24 3 36 54 70 72 67 86 82 84 23 22 1 43 25 50 0,
PFG_MOEA,96,4,239.86,802.65,0 34 0,34
PFG_MOEA,96,5,239.86,802.65,0 99 2 92 62 48 58 77 94 49 32 45 51 79 90 65 6 87 52 29 5 61 60 97 75 81 7 46 0,
PFG_MOEA,96,6,239.86,802.65,0 57 95 41 11 14 83 96 26 59 44 38 69 47 89 10 28 42 76 9 55 93 100 8 0,11 26 76 83 95
PFG_MOEA,97,1,189.76,972.7,0 19 91 33 82 86 67 72 70 54 36 3 66 80 4 53 24 0,
PFG_MOEA,97,2,189.76,972.7,0 50 92 62 58 48 43 34 1 22 23 84 56 39 68 37 21 99 2 25 0,56 62
PFG_MOEA,97,3,189.76,972.7,0 77 94 49 32 51 45 79 90 65 6 87 52 5 29 60 97 0,97
PFG_MOEA,97,4,189.76,972.7,0 57 38 69 47 89 10 28 42 76 9 55 46 7 81 75 61 93 100 8 0,61
PFG_MOEA,97,5,189.76,972.7,0 59 44 26 96 83 14 11 41 95 13 0,
PFG_MOEA,97,6,189.76,972.7,0 27 12 73 15 30 64 78 74 63 88 85 98 71 35 40 16 18 17 31 20 0,78 88 98
PFG_MOEA,98,1,201.38,878.14,0 13 27 12 73 30 64 78 74 63 88 85 98 15 71 35 40 16 18 19 31 17 0,19 27 78 88 98
PFG_MOEA,98,2,201.38,878.14,0 20 91 21 33 37 68 39 56 84 23 22 82 86 67 72 70 54 36 3 66 0,56
PFG_MOEA,98,3,201.38,878.14,0 4 24 53 80 58 48 62 92 50 25 43 1 34 99 2 0,25 34
PFG_MOEA,98,4,201.38,878.14,0 77 94 49 32 5 61 60 29 52 87 6 65 90 79 51 45 0,32 61
PFG_MOEA,98,5,201.38,878.14,0 100 81 75 9 55 97 93 57 95 41 11 14 83 96 0,83
PFG_MOEA,98,6,201.38,878.14,0 26 59 44 38 69 47 89 10 28 76 42 46 7 8 0,59 76
PFG_MOEA,99,1,239.86,802.65,0 13 27 12 73 30 64 78 74 63 88 85 98 15 71 35 40 16 18 39 68 37 33 21 91 19 31 17 20 0,18
PFG_MOEA,99,2,239.86,802.65,0 56 0,56
PFG_MOEA,99,3,239.86,802.65,0 4 80 66 53 24 3 36 54 70 72 67 86 82 84 23 22 1 43 25 50 0,
PFG_MOEA,99,4,239.86,802.65,0 34 0,34
PFG_MOEA,99,5,239.86,802.65,0 99 2 92 62 48 58 77 94 49 32 45 51 79 90 65 6 87 52 29 5 61 60 97 75 81 7 46 0,
PFG_MOEA,99,6,239.86,802.65,0 57 95 41 11 14 83 96 26 59 44 38 69 47 89 10 28 42 76 9 55 93 100 8 0,11 26 76 83 95
PFG_MOEA,100,1,189.76,972.7,0 19 91 33 82 86 67 72 70 54 36 3 66 80 4 53 24 0,
PFG_MOEA,100,2,189.76,972.7,0 50 92 62 58 48 43 34 1 22 23 84 56 39 68 37 21 99 2 25 0,56 62
PFG_MOEA,100,3,189.76,972.7,0 77 94 49 32 51 45 79 90 65 6 87 52 5 29 60 97 0,97
PFG_MOEA,100,4,189.76,972.7,0 57 38 69 47 89 10 28 42 76 9 55 46 7 81 75 61 93 100 8 0,61
PFG_MOEA,100,5,189.76,972.7,0 59 44 26 96 83 14 11 41 95 13 0,
PFG_MOEA,100,6,189.76,972.7,0 27 12 73 15 30 64 78 74 63 88 85 98 71 35 40 16 18 17 31 20 0,78 88 98
PFG_MOEA,101,1,201.38,878.14,0 13 27 12 73 30 64 78 74 63 88 85 98 15 71 35 40 16 18 19 31 17 0,19 27 78 88 98
PFG_MOEA,101,2,201.38,878.14,0 20 91 21 33 37 68 39 56 84 23 22 82 86 67 72 70 54 36 3 66 0,56
PFG_MOEA,101,3,201.38,878.14,0 4 24 53 80 58 48 62 92 50 25 43 1 34 99 2 0,25 34
PFG_MOEA,101,4,201.38,878.14,0 77 94 49 32 5 61 60 29 52 87 6 65 90 79 51 45 0,32 61
PFG_MOEA,101,5,201.38,878.14,0 100 81 75 9 55 97 93 57 95 41 11 14 83 96 0,83
PFG_MOEA,101,6,201.38,878.14,0 26 59 44 38 69 47 89 10 28 76 42 46 7 8 0,59 76
PFG_MOEA,102,1,239.86,802.65,0 13 27 12 73 30 64 78 74 63 88 85 98 15 71 35 40 16 18 39 68 37 33 21 91 19 31 17 20 0,18
PFG_MOEA,102,2,239.86,802.65,0 56 0,56
PFG_MOEA,102,3,239.86,802.65,0 4 80 66 53 24 3 36 54 70 72 67 86 82 84 23 22 1 43 25 50 0,
PFG_MOEA,102,4,239.86,802.65,0 34 0,34
PFG_MOEA,102,5,239.86,802.65,0 99 2 92 62 48 58 77 94 49 32 45 51 79 90 65 6 87 52 29 5 61 60 97 75 81 7 46 0,
PFG_MOEA,102,6,239.86,802.65,0 57 95 41 11 14 83 96 26 59 44 38 69 47 89 10 28 42 76 9 55 93 100 8 0,11 26 76 83 95
PFG_MOEA,103,1,189.76,972.7,0 19 91 33 82 86 67 72 70 54 36 3 66 80 4 53 24 0,
PFG_MOEA,103,2,189.76,972.7,0 50 92 62 58 48 43 34 1 22 23 84 56 39 68 37 21 99 2 25 0,56 62
PFG_MOEA,103,3,189.76,972.7,0 77 94 49 32 51 45 79 90 65 6 87 52 5 29 60 97 0,97
PFG_MOEA,103,4,189.76,972.7,0 57 38 69 47 89 10 28 42 76 9 55 46 7 81 75 61 93 100 8 0,61
PFG_MOEA,103,5,189.76,972.7,0 59 44 26 96 83 14 11 41 95 13 0,
PFG_MOEA,103,6,189.76,972.7,0 27 12 73 15 30 64 78 74 63 88 85 98 71 35 40 16 18 17 31 20 0,78 88 98
PFG_MOEA,104,1,201.38,878.14,0 13 27 12 73 30 64 78 74 63 88 85 98 15 71 35 40 16 18 19 31 17 0,19 27 78 88 98
PFG_MOEA,104,2,201.38,878.14,0 20 91 21 33 37 68 39 56 84 23 22 82 86 67 72 70 54 36 3 66 0,56
PFG_MOEA,104,3,201.38,878.14,0 4 24 53 80 58 48 62 92 50 25 43 1 34 99 2 0,25 34
PFG_MOEA,104,4,201.38,878.14,0 77 94 49 32 5 61 60 29 52 87 6 65 90 79 51 45 0,32 61
PFG_MOEA,104,5,201.38,878.14,0 100 81 75 9 55 97 93 57 95 41 11 14 83 96 0,83
PFG_MOEA,104,6,201.38,878.14,0 26 59 44 38 69 47 89 10 28 76 42 46 7 8 0,59 76
PFG_MOEA,105,1,239.86,802.65,0 13 27 12 73 30 64 78 74 63 88 85 98 15 71 35 40 16 18 39 68 37 33 21 91 19 31 17 20 0,18
PFG_MOEA,105,2,239.86,802.65,0 56 0,56
PFG_MOEA,105,3,239.86,802.65,0 4 80 66 53 24 3 36 54 70 72 67 86 82 84 23 22 1 43 25 50 0,
PFG_MOEA,105,4,239.86,802.65,0 34 0,34
PFG_MOEA,105,5,239.86,802.65,0 99 2 92 62 48 58 77 94 49 32 45 51 79 90 65 6 87 52 29 5 61 60 97 75 81 7 46 0,
PFG_MOEA,105,6,239.86,802.65,0 57 95 41 11 14 83 96 26 59 44 38 69 47 89 10 28 42 76 9 55 93 100 8 0,11 26 76 83 95
PFG_MOEA,106,1,189.76,972.7,0 19 91 33 82 86 67 72 70 54 36 3 66 80 4 53 24 0,
PFG_MOEA,106,2,189.76,972.7,0 50 92 62 58 48 43 34 1 22 23 84 56 39 68 37 21 99 2 25 0,56 62
PFG_MOEA,106,3,189.76,972.7,0 77 94 49 32 51 45 79 90 65 6 87 52 5 29 60 97 0,97
PFG_MOEA,106,4,189.76,972.7,0 57 38 69 47 89 10 28 42 76 9 55 46 7 81 75 61 93 100 8 0,61
PFG_MOEA,106,5,189.76,972.7,0 59 44 26 96 83 14 11 41 95 13 0,
PFG_MOEA,106,6,189.76,972.7,0 27 12 73 15 30 64 78 74 63 88 85 98 71 35 40 16 18 17 31 20 0,78 88 98
PFG_MOEA,107,1,201.38,878.14,0 13 27 12 73 30 64 78 74 63 88 85 98 15 71 35 40 16 18 19 31 17 0,19 27 78 88 98
PFG_MOEA,107,2,201.38,878.14,0 20 91 21 33 37 68 39 56 84 23 22 82 86 67 72 70 54 36 3 66 0,56
PFG_MOEA,107,3,201.38,878.14,0 4 24 53 80 58 48 62 92 50 25 43 1 34 99 2 0,25 34
PFG_MOEA,107,4,201.38,878.14,0 77 94 49 32 5 61 60 29 52 87 6 65 90 79 51 45 0,32 61
PFG_MOEA,107,5,201.38,878.14,0 100 81 75 9 55 97 93 57 95 41 11 14 83 96 0,83
PFG_MOEA,107,6,201.38,878.14,0 26 59 44 38 69 47 89 10 28 76 42 46 7 8 0,59 76
PFG_MOEA,108,1,239.86,802.65,0 13 27 12 73 30 64 78 74 63 88 85 98 15 71 35 40 16 18 39 68 37 33 21 91 19 31 17 20 0,18
PFG_MOEA,108,2,239.86,802.65,0 56 0,56
PFG_MOEA,108,3,239.86,802.65,0 4 80 66 53 24 3 36 54 70 72 67 86 82 84 23 22 1 43 25 50 0,
PFG_MOEA,108,4,239.86,802.65,0 34 0,34
PFG_MOEA,108,5,239.86,802.65,0 99 2 92 62 48 58 77 94 49 32 45 51 79 90 65 6 87 52 29 5 61 60 97 75 81 7 46 0,
PFG_MOEA,108,6,239.86,802.65,0 57 95 41 11 14 83 96 26 59 44 38 69 47 89 10 28 42 76 9 55 93 100 8 0,11 26 76 83 95
PFG_MOEA,109,1,189.76,972.7,0 19 91 33 82 86 67 72 70 54 36 3 66 80 4 53 24 0,
PFG_MOEA,109,2,189.76,972.7,0 50 92 62 58 48 43 34 1 22 23 84 56 39 68 37 21 99 2 25 0,56 62
PFG_MOEA,109,3,189.76,972.7,0 77 94 49 32 51 45 79 90 65 6 87 52 5 29 60 97 0,97
PFG_MOEA,109,4,189.76,972.7,0 57 38 69 47 89 10 28 42 76 9 55 46 7 81 75 61 93 100 8 0,61
PFG_MOEA,109,5,189.76,972.7,0 59 44 26 96 83 14 11 41 95 13 0,
PFG_MOEA,109,6,189.76,972.7,0 27 12 73 15 30 64 78 74 63 88 85 98 71 35 40 16 18 17 31 20 0,78 88 98
PFG_MOEA,110,1,201.38,878.14,0 13 27 12 73 30 64 78 74 63 88 85 98 15 71 35 40 16 18 19 31 17 0,19 27 78 88 98
PFG_MOEA,110,2,201.38,878.14,0 20 91 21 33 37 68 39 56 84 23 22 82 86 67 72 70 54 36 3 66 0,56
PFG_MOEA,110,3,201.38,878.14,0 4 24 53 80 58 48 62 92 50 25 43 1 34 99 2 0,25 34
PFG_MOEA,110,4,201.38,878.14,0 77 94 49 32 5 61 60 29 52 87 6 65 90 79 51 45 0,32 61
PFG_MOEA,110,5,201.38,878.14,0 100 81 75 9 55 97 93 57 95 41 11 14 83 96 0,83
PFG_MOEA,110,6,201.38,878.14,0 26 59 44 38 69 47 89 10 28 76 42 46 7 8 0,59 76
PFG_MOEA,111,1,239.86,802.65,0 13 27 12 73 30 64 78 74 63 88 85 98 15 71 35 40 16 18 39 68 37 33 21 91 19 31 17 20 0,18
PFG_MOEA,111,2,239.86,802.65,0 56 0,56
PFG_MOEA,111,3,239.86,802.65,0 4 80 66 53 24 3 36 54 70 72 67 86 82 84 23 22 1 43 25 50 0,
PFG_MOEA,111,4,239.86,802.65,0 34 0,34
PFG_MOEA,111,5,239.86,802.65,0 99 2 92 62 48 58 77 94 49 32 45 51 79 90 65 6 87 52 29 5 61 60 97 75 81 7 46 0,
PFG_MOEA,111,6,239.86,802.65,0 57 95 41 11 14 83 96 26 59 44 38 69 47 89 10 28 42 76 9 55 93 100 8 0,11 26 76 83 95
PFG_MOEA,112,1,189.76,972.7,0 19 91 33 82 86 67 72 70 54 36 3 66 80 4 53 24 0,
PFG_MOEA,112,2,189.76,972.7,0 50 92 62 58 48 43 34 1 22 23 84 56 39 68 37 21 99 2 25 0,56 62
PFG_MOEA,112,3,189.76,972.7,0 77 94 49 32 51 45 79 90 65 6 87 52 5 29 60 97 0,97
PFG_MOEA,112,4,189.76,972.7,0 57 38 69 47 89 10 28 42 76 9 55 46 7 81 75 61 93 100 8 0,61
PFG_MOEA,112,5,189.76,972.7,0 59 44 26 96 83 14 11 41 95 13 0,
PFG_MOEA,112,6,189.76,972.7,0 27 12 73 15 30 64 78 74 63 88 85 98 71 35 40 16 18 17 31 20 0,78 88 98
PFG_MOEA,113,1,201.38,878.14,0 13 27 12 73 30 64 78 74 63 88 85 98 15 71 35 40 16 18 19 31 17 0,19 27 78 88 98
PFG_MOEA,113,2,201.38,878.14,0 20 91 21 33 37 68 39 56 84 23 22 82 86 67 72 70 54 36 3 66 0,56
PFG_MOEA,113,3,201.38,878.14,0 4 24 53 80 58 48 62 92 50 25 43 1 34 99 2 0,25 34
PFG_MOEA,113,4,201.38,878.14,0 77 94 49 32 5 61 60 29 52 87 6 65 90 79 51 45 0,32 61
PFG_MOEA,113,5,201.38,878.14,0 100 81 75 9 55 97 93 57 95 41 11 14 83 96 0,83
PFG_MOEA,113,6,201.38,878.14,0 26 59 44 38 69 47 89 10 28 76 42 46 7 8 0,59 76
PFG_MOEA,114,1,239.86,802.65,0 13 27 12 73 30 64 78 74 63 88 85 98 15 71 35 40 16 18 39 68 37 33 21 91 19 31 17 20 0,18
PFG_MOEA,114,2,239.86,802.65,0 56 0,56
PFG_MOEA,114,3,239.86,802.65,0 4 80 66 53 24 3 36 54 70 72 67 86 82 84 23 22 1 43 25 50 0,
PFG_MOEA,114,4,239.86,802.65,0 34 0,34
PFG_MOEA,114,5,239.86,802.65,0 99 2 92 62 48 58 77 94 49 32 45 51 79 90 65 6 87 52 29 5 61 60 97 75 81 7 46 0,
PFG_MOEA,114,6,239.86,802.65,0 57 95 41 11 14 83 96 26 59 44 38 69 47 89 10 28 42 76 9 55 93 100 8 0,11 26 76 83 95
PFG_MOEA,115,1,189.76,972.7,0 19 91 33 82 86 67 72 70 54 36 3 66 80 4 53 24 0,
PFG_MOEA,115,2,189.76,972.7,0 50 92 62 58 48 43 34 1 22 23 84 56 39 68 37 21 99 2 25 0,56 62
PFG_MOEA,115,3,189.76,972.7,0 77 94 49 32 51 45 79 90 65 6 87 52 5 29 60 97 0,97
PFG_MOEA,115,4,189.76,972.7,0 57 38 69 47 89 10 28 42 76 9 55 46 7 81 75 61 93 100 8 0,61
PFG_MOEA,115,5,189.76,972.7,0 59 44 26 96 83 14 11 41 95 13 0,
PFG_MOEA,115,6,189.76,972.7,0 27 12 73 15 30 64 78 74 63 88 85 98 71 35 40 16 18 17 31 20 0,78 88 98
PFG_MOEA,116,1,201.38,878.14,0 13 27 12 73 30 64 78 74 63 88 85 98 15 71 35 40 16 18 19 31 17 0,19 27 78 88 98
PFG_MOEA,116,2,201.38,878.14,0 20 91 21 33 37 68 39 56 84 23 22 82 86 67 72 70 54 36 3 66 0,56
PFG_MOEA,116,3,201.38,878.14,0 4 24 53 80 58 48 62 92 50 25 43 1 34 99 2 0,25 34
PFG_MOEA,116,4,201.38,878.14,0 77 94 49 32 5 61 60 29 52 87 6 65 90 79 51 45 0,32 61
PFG_MOEA,116,5,201.38,878.14,0 100 81 75 9 55 97 93 57 95 41 11 14 83 96 0,83
PFG_MOEA,116,6,201.38,878.14,0 26 59 44 38 69 47 89 10 28 76 42 46 7 8 0,59 76
PFG_MOEA,117,1,239.86,802.65,0 13 27 12 73 30 64 78 74 63 88 85 98 15 71 35 40 16 18 39 68 37 33 21 91 19 31 17 20 0,18
PFG_MOEA,117,2,239.86,802.65,0 56 0,56
PFG_MOEA,117,3,239.86,802.65,0 4 80 66 53 24 3 36 54 70 72 67 86 82 84 23 22 1 43 25 50 0,
PFG_MOEA,117,4,239.86,802.65,0 34 0,34
PFG_MOEA,117,5,239.86,802.65,0 99 2 92 62 48 58 77 94 49 32 45 51 79 90 65 6 87 52 29 5 61 60 97 75 81 7 46 0,
PFG_MOEA,117,6,239.86,802.65,0 57 95 41 11 14 83 96 26 59 44 38 69 47 89 10 28 42 76 9 55 93 100 8 0,11 26 76 83 95
PFG_MOEA,118,1,189.76,972.7,0 19 91 33 82 86 67 72 70 54 36 3 66 80 4 53 24 0,
PFG_MOEA,118,2,189.76,972.7,0 50 92 62 58 48 43 34 1 22 23 84 56 39 68 37 21 99 2 25 0,56 62
PFG_MOEA,118,3,189.76,972.7,0 77 94 49 32 51 45 79 90 65 6 87 52 5 29 60 97 0,97
PFG_MOEA,118,4,189.76,972.7,0 57 38 69 47 89 10 28 42 76 9 55 46 7 81 75 61 93 100 8 0,61
PFG_MOEA,118,5,189.76,972.7,0 59 44 26 96 83 14 11 41 95 13 0,
PFG_MOEA,118,6,189.76,972.7,0 27 12 73 15 30 64 78 74 63 88 85 98 71 35 40 16 18 17 31 20 0,78 88 98
PFG_MOEA,119,1,201.38,878.14,0 13 27 12 73 30 64 78 74 63 88 85 98 15 71 35 40 16 18 19 31 17 0,19 27 78 88 98
PFG_MOEA,119,2,201.38,878.14,0 20 91 21 33 37 68 39 56 84 23 22 82 86 67 72 70 54 36 3 66 0,56
PFG_MOEA,119,3,201.38,878.14,0 4 24 53 80 58 48 62 92 50 25 43 1 34 99 2 0,25 34
PFG_MOEA,119,4,201.38,878.14,0 77 94 49 32 5 61 60 29 52 87 6 65 90 79 51 45 0,32 61
PFG_MOEA,119,5,201.38,878.14,0 100 81 75 9 55 97 93 57 95 41 11 14 83 96 0,83
PFG_MOEA,119,6,201.38,878.14,0 26 59 44 38 69 47 89 10 28 76 42 46 7 8 0,59 76
PFG_MOEA,120,1,239.86,802.65,0 13 27 12 73 30 64 78 74 63 88 85 98 15 71 35 40 16 18 39 68 37 33 21 91 19 31 17 20 0,18
PFG_MOEA,120,2,239.86,802.65,0 56 0,56
PFG_MOEA,120,3,239.86,802.65,0 4 80 66 53 24 3 36 54 70 72 67 86 82 84 23 22 1 43 25 50 0,
PFG_MOEA,120,4,239.86,802.65,0 34 0,34
PFG_MOEA,120,5,239.86,802.65,0 99 2 92 62 48 58 77 94 49 32 45 51 79 90 65 6 87 52 29 5 61 60 97 75 81 7 46 0,
PFG_MOEA,120,6,239.86,802.65,0 57 95 41 11 14 83 96 26 59 44 38 69 47 89 10 28 42 76 9 55 93 100 8 0,11 26 76 83 95
PFG_MOEA,121,1,189.76,972.7,0 19 91 33 82 86 67 72 70 54 36 3 66 80 4 53 24 0,
PFG_MOEA,121,2,189.76,972.7,0 50 92 62 58 48 43 34 1 22 23 84 56 39 68 37 21 99 2 25 0,56 62
PFG_MOEA,121,3,189.76,972.7,0 77 94 49 32 51 45 79 90 65 6 87 52 5 29 60 97 0,97
PFG_MOEA,121,4,189.76,972.7,0 57 38 69 47 89 10 28 42 76 9 55 46 7 81 75 61 93 100 8 0,61
PFG_MOEA,121,5,189.76,972.7,0 59 44 26 96 83 14 11 41 95 13 0,
PFG_MOEA,121,6,189.76,972.7,0 27 12 73 15 30 64 78 74 63 88 85 98 71 35 40 16 18 17 31 20 0,78 88 98
PFG_MOEA,122,1,201.38,878.14,0 13 27 12 73 30 64 78 74 63 88 85 98 15 71 35 40 16 18 19 31 17 0,19 27 78 88 98
PFG_MOEA,122,2,201.38,878.14,0 20 91 21 33 37 68 39 56 84 23 22 82 86 67 72 70 54 36 3 66 0,56
PFG_MOEA,122,3,201.38,878.14,0 4 24 53 80 58 48 62 92 50 25 43 1 34 99 2 0,25 34
PFG_MOEA,122,4,201.38,878.14,0 77 94 49 32 5 61 60 29 52 87 6 65 90 79 51 45 0,32 61
PFG_MOEA,122,5,201.38,878.14,0 100 81 75 9 55 97 93 57 95 41 11 14 83 96 0,83
PFG_MOEA,122,6,201.38,878.14,0 26 59 44 38 69 47 89 10 28 76 42 46 7 8 0,59 76
PFG_MOEA,123,1,239.86,802.65,0 13 27 12 73 30 64 78 74 63 88 85 98 15 71 35 40 16 18 39 68 37 33 21 91 19 31 17 20 0,18
PFG_MOEA,123,2,239.86,802.65,0 56 0,56
PFG_MOEA,123,3,239.86,802.65,0 4 80 66 53 24 3 36 54 70 72 67 86 82 84 23 22 1 43 25 50 0,
PFG_MOEA,123,4,239.86,802.65,0 34 0,34
PFG_MOEA,123,5,239.86,802.65,0 99 2 92 62 48 58 77 94 49 32 45 51 79 90 65 6 87 52 29 5 61 60 97 75 81 7 46 0,
PFG_MOEA,123,6,239.86,802.65,0 57 95 41 11 14 83 96 26 59 44 38 69 47 89 10 28 42 76 9 55 93 100 8 0,11 26 76 83 95
PFG_MOEA,124,1,189.76,972.7,0 19 91 33 82 86 67 72 70 54 36 3 66 80 4 53 24 0,
PFG_MOEA,124,2,189.76,972.7,0 50 92 62 58 48 43 34 1 22 23 84 56 39 68 37 21 99 2 25 0,56 62
PFG_MOEA,124,3,189.76,972.7,0 77 94 49 32 51 45 79 90 65 6 87 52 5 29 60 97 0,97
PFG_MOEA,124,4,189.76,972.7,0 57 38 69 47 89 10 28 42 76 9 55 46 7 81 75 61 93 100 8 0,61
PFG_MOEA,124,5,189.76,972.7,0 59 44 26 96 83 14 11 41 95 13 0,
PFG_MOEA,124,6,189.76,972.7,0 27 12 73 15 30 64 78 74 63 88 85 98 71 35 40 16 18 17 31 20 0,78 88 98
PFG_MOEA,125,1,201.38,878.14,0 13 27 12 73 30 64 78 74 63 88 85 98 15 71 35 40 16 18 19 31 17 0,19 27 78 88 98
PFG_MOEA,125,2,201.38,878.14,0 20 91 21 33 37 68 39 56 84 23 22 82 86 67 72 70 54 36 3 66 0,56
PFG_MOEA,125,3,201.38,878.14,0 4 24 53 80 58 48 62 92 50 25 43 1 34 99 2 0,25 34
PFG_MOEA,125,4,201.38,878.14,0 77 94 49 32 5 61 60 29 52 87 6 65 90 79 51 45 0,32 61
PFG_MOEA,125,5,201.38,878.14,0 100 81 75 9 55 97 93 57 95 41 11 14 83 96 0,83
PFG_MOEA,125,6,201.38,878.14,0 26 59 44 38 69 47 89 10 28 76 42 46 7 8 0,59 76
PFG_MOEA,126,1,239.86,802.65,0 13 27 12 73 30 64 78 74 63 88 85 98 15 71 35 40 16 18 39 68 37 33 21 91 19 31 17 20 0,18
PFG_MOEA,126,2,239.86,802.65,0 56 0,56
PFG_MOEA,126,3,239.86,802.65,0 4 80 66 53 24 3 36 54 70 72 67 86 82 84 23 22 1 43 25 50 0,
PFG_MOEA,126,4,239.86,802.65,0 34 0,34
PFG_MOEA,126,5,239.86,802.65,0 99 2 92 62 48 58 77 94 49 32 45 51 79 90 65 6 87 52 29 5 61 60 97 75 81 7 46 0,
PFG_MOEA,126,6,239.86,802.65,0 57 95 41 11 14 83 96 26 59 44 38 69 47 89 10 28 42 76 9 55 93 100 8 0,11 26 76 83 95
PFG_MOEA,127,1,189.76,972.7,0 19 91 33 82 86 67 72 70 54 36 3 66 80 4 53 24 0,
PFG_MOEA,127,2,189.76,972.7,0 50 92 62 58 48 43 34 1 22 23 84 56 39 68 37 21 99 2 25 0,56 62
PFG_MOEA,127,3,189.76,972.7,0 77 94 49 32 51 45 79 90 65 6 87 52 5 29 60 97 0,97
PFG_MOEA,127,4,189.76,972.7,0 57 38 69 47 89 10 28 42 76 9 55 46 7 81 75 61 93 100 8 0,61
PFG_MOEA,127,5,189.76,972.7,0 59 44 26 96 83 14 11 41 95 13 0,
PFG_MOEA,127,6,189.76,972.7,0 27 12 73 15 30 64 78 74 63 88 85 98 71 35 40 16 18 17 31 20 0,78 88 98
PFG_MOEA,128,1,201.38,878.14,0 13 27 12 73 30 64 78 74 63 88 85 98 15 71 35 40 16 18 19 31 17 0,19 27 78 88 98
PFG_MOEA,128,2,201.38,878.14,0 20 91 21 33 37 68 39 56 84 23 22 82 86 67 72 70 54 36 3 66 0,56
PFG_MOEA,128,3,201.38,878.14,0 4 24 53 80 58 48 62 92 50 25 43 1 34 99 2 0,25 34
PFG_MOEA,128,4,201.38,878.14,0 77 94 49 32 5 61 60 29 52 87 6 65 90 79 51 45 0,32 61
PFG_MOEA,128,5,201.38,878.14,0 100 81 75 9 55 97 93 57 95 41 11 14 83 96 0,83
PFG_MOEA,128,6,201.38,878.14,0 26 59 44 38 69 47 89 10 28 76 42 46 7 8 0,59 76
PFG_MOEA,129,1,239.86,802.65,0 13 27 12 73 30 64 78 74 63 88 85 98 15 71 35 40 16 18 39 68 37 33 21 91 19 31 17 20 0,18
PFG_MOEA,129,2,239.86,802.65,0 56 0,56
PFG_MOEA,129,3,239.86,802.65,0 4 80 66 53 24 3 36 54 70 72 67 86 82 84 23 22 1 43 25 50 0,
PFG_MOEA,129,4,239.86,802.65,0 34 0,34
PFG_MOEA,129,5,239.86,802.65,0 99 2 92 62 48 58 77 94 49 32 45 51 79 90 65 6 87 52 29 5 61 60 97 75 81 7 46 0,
PFG_MOEA,129,6,239.86,802.65,0 57 95 41 11 14 83 96 26 59 44 38 69 47 89 10 28 42 76 9 55 93 100 8 0,11 26 76 83 95
PFG_MOEA,130,1,189.76,972.7,0 19 91 33 82 86 67 72 70 54 36 3 66 80 4 53 24 0,
PFG_MOEA,130,2,189.76,972.7,0 50 92 62 58 48 43 34 1 22 23 84 56 39 68 37 21 99 2 25 0,56 62
PFG_MOEA,130,3,189.76,972.7,0 77 94 49 32 51 45 79 90 65 6 87 52 5 29 60 97 0,97
PFG_MOEA,130,4,189.76,972.7,0 57 38 69 47 89 10 28 42 76 9 55 46 7 81 75 61 93 100 8 0,61
PFG_MOEA,130,5,189.76,972.7,0 59 44 26 96 83 14 11 41 95 13 0,
PFG_MOEA,130,6,189.76,972.7,0 27 12 73 15 30 64 78 74 63 88 85 98 71 35 40 16 18 17 31 20 0,78 88 98
PFG_MOEA,131,1,201.38,878.14,0 13 27 12 73 30 64 78 74 63 88 85 98 15 71 35 40 16 18 19 31 17 0,19 27 78 88 98
PFG_MOEA,131,2,201.38,878.14,0 20 91 21 33 37 68 39 56 84 23 22 82 86 67 72 70 54 36 3 66 0,56
PFG_MOEA,131,3,201.38,878.14,0 4 24 53 80 58 48 62 92 50 25 43 1 34 99 2 0,25 34
PFG_MOEA,131,4,201.38,878.14,0 77 94 49 32 5 61 60 29 52 87 6 65 90 79 51 45 0,32 61
PFG_MOEA,131,5,201.38,878.14,0 100 81 75 9 55 97 93 57 95 41 11 14 83 96 0,83
PFG_MOEA,131,6,201.38,878.14,0 26 59 44 38 69 47 89 10 28 76 42 46 7 8 0,59 76
PFG_MOEA,132,1,239.86,802.65,0 13 27 12 73 30 64 78 74 63 88 85 98 15 71 35 40 16 18 39 68 37 33 21 91 19 31 17 20 0,18
PFG_MOEA,132,2,239.86,802.65,0 56 0,56
PFG_MOEA,132,3,239.86,802.65,0 4 80 66 53 24 3 36 54 70 72 67 86 82 84 23 22 1 43 25 50 0,
PFG_MOEA,132,4,239.86,802.65,0 34 0,34
PFG_MOEA,132,5,239.86,802.65,0 99 2 92 62 48 58 77 94 49 32 45 51 79 90 65 6 87 52 29 5 61 60 97 75 81 7 46 0,
PFG_MOEA,132,6,239.86,802.65,0 57 95 41 11 14 83 96 26 59 44 38 69 47 89 10 28 42 76 9 55 93 100 8 0,11 26 76 83 95
PFG_MOEA,133,1,189.76,972.7,0 19 91 33 82 86 67 72 70 54 36 3 66 80 4 53 24 0,
PFG_MOEA,133,2,189.76,972.7,0 50 92 62 58 48 43 34 1 22 23 84 56 39 68 37 21 99 2 25 0,56 62
PFG_MOEA,133,3,189.76,972.7,0 77 94 49 32 51 45 79 90 65 6 87 52 5 29 60 97 0,97
PFG_MOEA,133,4,189.76,972.7,0 57 38 69 47 89 10 28 42 76 9 55 46 7 81 75 61 93 100 8 0,61
PFG_MOEA,133,5,189.76,972.7,0 59 44 26 96 83 14 11 41 95 13 0,
PFG_MOEA,133,6,189.76,972.7,0 27 12 73 15 30 64 78 74 63 88 85 98 71 35 40 16 18 17 31 20 0,78 88 98
PFG_MOEA,134,1,201.38,878.14,0 13 27 12 73 30 64 78 74 63 88 85 98 15 71 35 40 16 18 19 31 17 0,19 27 78 88 98
PFG_MOEA,134,2,201.38,878.14,0 20 91 21 33 37 68 39 56 84 23 22 82 86 67 72 70 54 36 3 66 0,56
PFG_MOEA,134,3,201.38,878.14,0 4 24 53 80 58 48 62 92 50 25 43 1 34 99 2 0,25 34
PFG_MOEA,134,4,201.38,878.14,0 77 94 49 32 5 61 60 29 52 87 6 65 90 79 51 45 0,32 61
PFG_MOEA,134,5,201.38,878.14,0 100 81 75 9 55 97 93 57 95 41 11 14 83 96 0,83
PFG_MOEA,134,6,201.38,878.14,0 26 59 44 38 69 47 89 10 28 76 42 46 7 8 0,59 76
PFG_MOEA,135,1,239.86,802.65,0 13 27 12 73 30 64 78 74 63 88 85 98 15 71 35 40 16 18 39 68 37 33 21 91 19 31 17 20 0,18
PFG_MOEA,135,2,239.86,802.65,0 56 0,56
PFG_MOEA,135,3,239.86,802.65,0 4 80 66 53 24 3 36 54 70 72 67 86 82 84 23 22 1 43 25 50 0,
PFG_MOEA,135,4,239.86,802.65,0 34 0,34
PFG_MOEA,135,5,239.86,802.65,0 99 2 92 62 48 58 77 94 49 32 45 51 79 90 65 6 87 52 29 5 61 60 97 75 81 7 46 0,
PFG_MOEA,135,6,239.86,802.65,0 57 95 41 11 14 83 96 26 59 44 38 69 47 89 10 28 42 76 9 55 93 100 8 0,11 26 76 83 95
PFG_MOEA,136,1,189.76,972.7,0 19 91 33 82 86 67 72 70 54 36 3 66 80 4 53 24 0,
PFG_MOEA,136,2,189.76,972.7,0 50 92 62 58 48 43 34 1 22 23 84 56 39 68 37 21 99 2 25 0,56 62
PFG_MOEA,136,3,189.76,972.7,0 77 94 49 32 51 45 79 90 65 6 87 52 5 29 60 97 0,97
PFG_MOEA,136,4,189.76,972.7,0 57 38 69 47 89 10 28 42 76 9 55 46 7 81 75 61 93 100 8 0,61
PFG_MOEA,136,5,189.76,972.7,0 59 44 26 96 83 14 11 41 95 13 0,
PFG_MOEA,136,6,189.76,972.7,0 27 12 73 15 30 64 78 74 63 88 85 98 71 35 40 16 18 17 31 20 0,78 88 98
PFG_MOEA,137,1,201.38,878.14,0 13 27 12 73 30 64 78 74 63 88 85 98 15 71 35 40 16 18 19 31 17 0,19 27 78 88 98
PFG_MOEA,137,2,201.38,878.14,0 20 91 21 33 37 68 39 56 84 23 22 82 86 67 72 70 54 36 3 66 0,56
PFG_MOEA,137,3,201.38,878.14,0 4 24 53 80 58 48 62 92 50 25 43 1 34 99 2 0,25 34
PFG_MOEA,137,4,201.38,878.14,0 77 94 49 32 5 61 60 29 52 87 6 65 90 79 51 45 0,32 61
PFG_MOEA,137,5,201.38,878.14,0 100 81 75 9 55 97 93 57 95 41 11 14 83 96 0,83
PFG_MOEA,137,6,201.38,878.14,0 26 59 44 38 69 47 89 10 28 76 42 46 7 8 0,59 76
PFG_MOEA,138,1,239.86,802.65,0 13 27 12 73 30 64 78 74 63 88 85 98 15 71 35 40 16 18 39 68 37 33 21 91 19 31 17 20 0,18
PFG_MOEA,138,2,239.86,802.65,0 56 0,56
PFG_MOEA,138,3,239.86,802.65,0 4 80 66 53 24 3 36 54 70 72 67 86 82 84 23 22 1 43 25 50 0,
PFG_MOEA,138,4,239.86,802.65,0 34 0,34
PFG_MOEA,138,5,239.86,802.65,0 99 2 92 62 48 58 77 94 49 32 45 51 79 90 65 6 87 52 29 5 61 60 97 75 81 7 46 0,
PFG_MOEA,138,6,239.86,802.65,0 57 95 41 11 14 83 96 26 59 44 38 69 47 89 10 28 42 76 9 55 93 100 8 0,11 26 76 83 95
PFG_MOEA,139,1,189.76,972.7,0 19 91 33 82 86 67 72 70 54 36 3 66 80 4 53 24 0,
PFG_MOEA,139,2,189.76,972.7,0 50 92 62 58 48 43 34 1 22 23 84 56 39 68 37 21 99 2 25 0,56 62
PFG_MOEA,139,3,189.76,972.7,0 77 94 49 32 51 45 79 90 65 6 87 52 5 29 60 97 0,97
PFG_MOEA,139,4,189.76,972.7,0 57 38 69 47 89 10 28 42 76 9 55 46 7 81 75 61 93 100 8 0,61
PFG_MOEA,139,5,189.76,972.7,0 59 44 26 96 83 14 11 41 95 13 0,
PFG_MOEA,139,6,189.76,972.7,0 27 12 73 15 30 64 78 74 63 88 85 98 71 35 40 16 18 17 31 20 0,78 88 98
PFG_MOEA,140,1,201.38,878.14,0 13 27 12 73 30 64 78 74 63 88 85 98 15 71 35 40 16 18 19 31 17 0,19 27 78 88 98
PFG_MOEA,140,2,201.38,878.14,0 20 91 21 33 37 68 39 56 84 23 22 82 86 67 72 70 54 36 3 66 0,56
PFG_MOEA,140,3,201.38,878.14,0 4 24 53 80 58 48 62 92 50 25 43 1 34 99 2 0,25 34
PFG_MOEA,140,4,201.38,878.14,0 77 94 49 32 5 61 60 29 52 87 6 65 90 79 51 45 0,32 61
PFG_MOEA,140,5,201.38,878.14,0 100 81 75 9 55 97 93 57 95 41 11 14 83 96 0,83
PFG_MOEA,140,6,201.38,878.14,0 26 59 44 38 69 47 89 10 28 76 42 46 7 8 0,59 76
PFG_MOEA,141,1,239.86,802.65,0 13 27 12 73 30 64 78 74 63 88 85 98 15 71 35 40 16 18 39 68 37 33 21 91 19 31 17 20 0,18
PFG_MOEA,141,2,239.86,802.65,0 56 0,56
PFG_MOEA,141,3,239.86,802.65,0 4 80 66 53 24 3 36 54 70 72 67 86 82 84 23 22 1 43 25 50 0,
PFG_MOEA,141,4,239.86,802.65,0 34 0,34
PFG_MOEA,141,5,239.86,802.65,0 99 2 92 62 48 58 77 94 49 32 45 51 79 90 65 6 87 52 29 5 61 60 97 75 81 7 46 0,
PFG_MOEA,141,6,239.86,802.65,0 57 95 41 11 14 83 96 26 59 44 38 69 47 89 10 28 42 76 9 55 93 100 8 0,11 26 76 83 95
PFG_MOEA,142,1,189.76,972.7,0 19 91 33 82 86 67 72 70 54 36 3 66 80 4 53 24 0,
PFG_MOEA,142,2,189.76,972.7,0 50 92 62 58 48 43 34 1 22 23 84 56 39 68 37 21 99 2 25 0,56 62
PFG_MOEA,142,3,189.76,972.7,0 77 94 49 32 51 45 79 90 65 6 87 52 5 29 60 97 0,97
PFG_MOEA,142,4,189.76,972.7,0 57 38 69 47 89 10 28 42 76 9 55 46 7 81 75 61 93 100 8 0,61
PFG_MOEA,142,5,189.76,972.7,0 59 44 26 96 83 14 11 41 95 13 0,
PFG_MOEA,142,6,189.76,972.7,0 27 12 73 15 30 64 78 74 63 88 85 98 71 35 40 16 18 17 31 20 0,78 88 98
PFG_MOEA,143,1,201.38,878.14,0 13 27 12 73 30 64 78 74 63 88 85 98 15 71 35 40 16 18 19 31 17 0,19 27 78 88 98
PFG_MOEA,143,2,201.38,878.14,0 20 91 21 33 37 68 39 56 84 23 22 82 86 67 72 70 54 36 3 66 0,56
PFG_MOEA,143,3,201.38,878.14,0 4 24 53 80 58 48 62 92 50 25 43 1 34 99 2 0,25 34
PFG_MOEA,143,4,201.38,878.14,0 77 94 49 32 5 61 60 29 52 87 6 65 90 79 51 45 0,32 61
PFG_MOEA,143,5,201.38,878.14,0 100 81 75 9 55 97 93 57 95 41 11 14 83 96 0,83
PFG_MOEA,143,6,201.38,878.14,0 26 59 44 38 69 47 89 10 28 76 42 46 7 8 0,59 76
PFG_MOEA,144,1,239.86,802.65,0 13 27 12 73 30 64 78 74 63 88 85 98 15 71 35 40 16 18 39 68 37 33 21 91 19 31 17 20 0,18
PFG_MOEA,144,2,239.86,802.65,0 56 0,56
PFG_MOEA,144,3,239.86,802.65,0 4 80 66 53 24 3 36 54 70 72 67 86 82 84 23 22 1 43 25 50 0,
PFG_MOEA,144,4,239.86,802.65,0 34 0,34
PFG_MOEA,144,5,239.86,802.65,0 99 2 92 62 48 58 77 94 49 32 45 51 79 90 65 6 87 52 29 5 61 60 97 75 81 7 46 0,
PFG_MOEA,144,6,239.86,802.65,0 57 95 41 11 14 83 96 26 59 44 38 69 47 89 10 28 42 76 9 55 93 100 8 0,11 26 76 83 95
PFG_MOEA,145,1,189.76,972.7,0 19 91 33 82 86 67 72 70 54 36 3 66 80 4 53 24 0,
PFG_MOEA,145,2,189.76,972.7,0 50 92 62 58 48 43 34 1 22 23 84 56 39 68 37 21 99 2 25 0,56 62
PFG_MOEA,145,3,189.76,972.7,0 77 94 49 32 51 45 79 90 65 6 87 52 5 29 60 97 0,97
PFG_MOEA,145,4,189.76,972.7,0 57 38 69 47 89 10 28 42 76 9 55 46 7 81 75 61 93 100 8 0,61
PFG_MOEA,145,5,189.76,972.7,0 59 44 26 96 83 14 11 41 95 13 0,
PFG_MOEA,145,6,189.76,972.7,0 27 12 73 15 30 64 78 74 63 88 85 98 71 35 40 16 18 17 31 20 0,78 88 98
PFG_MOEA,146,1,201.38,878.14,0 13 27 12 73 30 64 78 74 63 88 85 98 15 71 35 40 16 18 19 31 17 0,19 27 78 88 98
PFG_MOEA,146,2,201.38,878.14,0 20 91 21 33 37 68 39 56 84 23 22 82 86 67 72 70 54 36 3 66 0,56
PFG_MOEA,146,3,201.38,878.14,0 4 24 53 80 58 48 62 92 50 25 43 1 34 99 2 0,25 34
PFG_MOEA,146,4,201.38,878.14,0 77 94 49 32 5 61 60 29 52 87 6 65 90 79 51 45 0,32 61
PFG_MOEA,146,5,201.38,878.14,0 100 81 75 9 55 97 93 57 95 41 11 14 83 96 0,83
PFG_MOEA,146,6,201.38,878.14,0 26 59 44 38 69 47 89 10 28 76 42 46 7 8 0,59 76
PFG_MOEA,147,1,239.86,802.65,0 13 27 12 73 30 64 78 74 63 88 85 98 15 71 35 40 16 18 39 68 37 33 21 91 19 31 17 20 0,18
PFG_MOEA,147,2,239.86,802.65,0 56 0,56
PFG_MOEA,147,3,239.86,802.65,0 4 80 66 53 24 3 36 54 70 72 67 86 82 84 23 22 1 43 25 50 0,
PFG_MOEA,147,4,239.86,802.65,0 34 0,34
PFG_MOEA,147,5,239.86,802.65,0 99 2 92 62 48 58 77 94 49 32 45 51 79 90 65 6 87 52 29 5 61 60 97 75 81 7 46 0,
PFG_MOEA,147,6,239.86,802.65,0 57 95 41 11 14 83 96 26 59 44 38 69 47 89 10 28 42 76 9 55 93 100 8 0,11 26 76 83 95
PFG_MOEA,148,1,189.76,972.7,0 19 91 33 82 86 67 72 70 54 36 3 66 80 4 53 24 0,
PFG_MOEA,148,2,189.76,972.7,0 50 92 62 58 48 43 34 1 22 23 84 56 39 68 37 21 99 2 25 0,56 62
PFG_MOEA,148,3,189.76,972.7,0 77 94 49 32 51 45 79 90 65 6 87 52 5 29 60 97 0,97
PFG_MOEA,148,4,189.76,972.7,0 57 38 69 47 89 10 28 42 76 9 55 46 7 81 75 61 93 100 8 0,61
PFG_MOEA,148,5,189.76,972.7,0 59 44 26 96 83 14 11 41 95 13 0,
PFG_MOEA,148,6,189.76,972.7,0 27 12 73 15 30 64 78 74 63 88 85 98 71 35 40 16 18 17 31 20 0,78 88 98
PFG_MOEA,149,1,201.38,878.14,0 13 27 12 73 30 64 78 74 63 88 85 98 15 71 35 40 16 18 19 31 17 0,19 27 78 88 98
PFG_MOEA,149,2,201.38,878.14,0 20 91 21 33 37 68 39 56 84 23 22 82 86 67 72 70 54 36 3 66 0,56
PFG_MOEA,149,3,201.38,878.14,0 4 24 53 80 58 48 62 92 50 25 43 1 34 99 2 0,25 34
PFG_MOEA,149,4,201.38,878.14,0 77 94 49 32 5 61 60 29 52 87 6 65 90 79 51 45 0,32 61
PFG_MOEA,149,5,201.38,878.14,0 100 81 75 9 55 97 93 57 95 41 11 14 83 96 0,83
PFG_MOEA,149,6,201.38,878.14,0 26 59 44 38 69 47 89 10 28 76 42 46 7 8 0,59 76
PFG_MOEA,150,1,239.86,802.65,0 13 27 12 73 30 64 78 74 63 88 85 98 15 71 35 40 16 18 39 68 37 33 21 91 19 31 17 20 0,18
PFG_MOEA,150,2,239.86,802.65,0 56 0,56
PFG_MOEA,150,3,239.86,802.65,0 4 80 66 53 24 3 36 54 70 72 67 86 82 84 23 22 1 43 25 50 0,
PFG_MOEA,150,4,239.86,802.65,0 34 0,34
PFG_MOEA,150,5,239.86,802.65,0 99 2 92 62 48 58 77 94 49 32 45 51 79 90 65 6 87 52 29 5 61 60 97 75 81 7 46 0,
PFG_MOEA,150,6,239.86,802.65,0 57 95 41 11 14 83 96 26 59 44 38 69 47 89 10 28 42 76 9 55 93 100 8 0,11 26 76 83 95
PFG_MOEA,151,1,189.76,972.7,0 19 91 33 82 86 67 72 70 54 36 3 66 80 4 53 24 0,
PFG_MOEA,151,2,189.76,972.7,0 50 92 62 58 48 43 34 1 22 23 84 56 39 68 37 21 99 2 25 0,56 62
PFG_MOEA,151,3,189.76,972.7,0 77 94 49 32 51 45 79 90 65 6 87 52 5 29 60 97 0,97
PFG_MOEA,151,4,189.76,972.7,0 57 38 69 47 89 10 28 42 76 9 55 46 7 81 75 61 93 100 8 0,61
PFG_MOEA,151,5,189.76,972.7,0 59 44 26 96 83 14 11 41 95 13 0,
PFG_MOEA,151,6,189.76,972.7,0 27 12 73 15 30 64 78 74 63 88 85 98 71 35 40 16 18 17 31 20 0,78 88 98
PFG_MOEA,152,1,201.38,878.14,0 13 27 12 73 30 64 78 74 63 88 85 98 15 71 35 40 16 18 19 31 17 0,19 27 78 88 98
PFG_MOEA,152,2,201.38,878.14,0 20 91 21 33 37 68 39 56 84 23 22 82 86 67 72 70 54 36 3 66 0,56
PFG_MOEA,152,3,201.38,878.14,0 4 24 53 80 58 48 62 92 50 25 43 1 34 99 2 0,25 34
PFG_MOEA,152,4,201.38,878.14,0 77 94 49 32 5 61 60 29 52 87 6 65 90 79 51 45 0,32 61
PFG_MOEA,152,5,201.38,878.14,0 100 81 75 9 55 97 93 57 95 41 11 14 83 96 0,83
PFG_MOEA,152,6,201.38,878.14,0 26 59 44 38 69 47 89 10 28 76 42 46 7 8 0,59 76
PFG_MOEA,153,1,239.86,802.65,0 13 27 12 73 30 64 78 74 63 88 85 98 15 71 35 40 16 18 39 68 37 33 21 91 19 31 17 20 0,18
PFG_MOEA,153,2,239.86,802.65,0 56 0,56
PFG_MOEA,153,3,239.86,802.65,0 4 80 66 53 24 3 36 54 70 72 67 86 82 84 23 22 1 43 25 50 0,
PFG_MOEA,153,4,239.86,802.65,0 34 0,34
PFG_MOEA,153,5,239.86,802.65,0 99 2 92 62 48 58 77 94 49 32 45 51 79 90 65 6 87 52 29 5 61 60 97 75 81 7 46 0,
PFG_MOEA,153,6,239.86,802.65,0 57 95 41 11 14 83 96 26 59 44 38 69 47 89 10 28 42 76 9 55 93 100 8 0,11 26 76 83 95
PFG_MOEA,154,1,189.76,972.7,0 19 91 33 82 86 67 72 70 54 36 3 66 80 4 53 24 0,
PFG_MOEA,154,2,189.76,972.7,0 50 92 62 58 48 43 34 1 22 23 84 56 39 68 37 21 99 2 25 0,56 62
PFG_MOEA,154,3,189.76,972.7,0 77 94 49 32 51 45 79 90 65 6 87 52 5 29 60 97 0,97
PFG_MOEA,154,4,189.76,972.7,0 57 38 69 47 89 10 28 42 76 9 55 46 7 81 75 61 93 100 8 0,61
PFG_MOEA,154,5,189.76,972.7,0 59 44 26 96 83 14 11 41 95 13 0,
PFG_MOEA,154,6,189.76,972.7,0 27 12 73 15 30 64 78 74 63 88 85 98 71 35 40 16 18 17 31 20 0,78 88 98
PFG_MOEA,155,1,201.38,878.14,0 13 27 12 73 30 64 78 74 63 88 85 98 15 71 35 40 16 18 19 31 17 0,19 27 78 88 98
PFG_MOEA,155,2,201.38,878.14,0 20 91 21 33 37 68 39 56 84 23 22 82 86 67 72 70 54 36 3 66 0,56
PFG_MOEA,155,3,201.38,878.14,0 4 24 53 80 58 48 62 92 50 25 43 1 34 99 2 0,25 34
PFG_MOEA,155,4,201.38,878.14,0 77 94 49 32 5 61 60 29 52 87 6 65 90 79 51 45 0,32 61
PFG_MOEA,155,5,201.38,878.14,0 100 81 75 9 55 97 93 57 95 41 11 14 83 96 0,83
PFG_MOEA,155,6,201.38,878.14,0 26 59 44 38 69 47 89 10 28 76 42 46 7 8 0,59 76
PFG_MOEA,156,1,239.86,802.65,0 13 27 12 73 30 64 78 74 63 88 85 98 15 71 35 40 16 18 39 68 37 33 21 91 19 31 17 20 0,18
PFG_MOEA,156,2,239.86,802.65,0 56 0,56
PFG_MOEA,156,3,239.86,802.65,0 4 80 66 53 24 3 36 54 70 72 67 86 82 84 23 22 1 43 25 50 0,
PFG_MOEA,156,4,239.86,802.65,0 34 0,34
PFG_MOEA,156,5,239.86,802.65,0 99 2 92 62 48 58 77 94 49 32 45 51 79 90 65 6 87 52 29 5 61 60 97 75 81 7 46 0,
PFG_MOEA,156,6,239.86,802.65,0 57 95 41 11 14 83 96 26 59 44 38 69 47 89 10 28 42 76 9 55 93 100 8 0,11 26 76 83 95
PFG_MOEA,157,1,189.76,972.7,0 19 91 33 82 86 67 72 70 54 36 3 66 80 4 53 24 0,
PFG_MOEA,157,2,189.76,972.7,0 50 92 62 58 48 43 34 1 22 23 84 56 39 68 37 21 99 2 25 0,56 62
PFG_MOEA,157,3,189.76,972.7,0 77 94 49 32 51 45 79 90 65 6 87 52 5 29 60 97 0,97
PFG_MOEA,157,4,189.76,972.7,0 57 38 69 47 89 10 28 42 76 9 55 46 7 81 75 61 93 100 8 0,61
PFG_MOEA,157,5,189.76,972.7,0 59 44 26 96 83 14 11 41 95 13 0,
PFG_MOEA,157,6,189.76,972.7,0 27 12 73 15 30 64 78 74 63 88 85 98 71 35 40 16 18 17 31 20 0,78 88 98
PFG_MOEA,158,1,201.38,878.14,0 13 27 12 73 30 64 78 74 63 88 85 98 15 71 35 40 16 18 19 31 17 0,19 27 78 88 98
PFG_MOEA,158,2,201.38,878.14,0 20 91 21 33 37 68 39 56 84 23 22 82 86 67 72 70 54 36 3 66 0,56
PFG_MOEA,158,3,201.38,878.14,0 4 24 53 80 58 48 62 92 50 25 43 1 34 99 2 0,25 34
PFG_MOEA,158,4,201.38,878.14,0 77 94 49 32 5 61 60 29 52 87 6 65 90 79 51 45 0,32 61
PFG_MOEA,158,5,201.38,878.14,0 100 81 75 9 55 97 93 57 95 41 11 14 83 96 0,83
PFG_MOEA,158,6,201.38,878.14,0 26 59 44 38 69 47 89 10 28 76 42 46 7 8 0,59 76
PFG_MOEA,159,1,239.86,802.65,0 13 27 12 73 30 64 78 74 63 88 85 98 15 71 35 40 16 18 39 68 37 33 21 91 19 31 17 20 0,18
PFG_MOEA,159,2,239.86,802.65,0 56 0,56
PFG_MOEA,159,3,239.86,802.65,0 4 80 66 53 24 3 36 54 70 72 67 86 82 84 23 22 1 43 25 50 0,
PFG_MOEA,159,4,239.86,802.65,0 34 0,34
PFG_MOEA,159,5,239.86,802.65,0 99 2 92 62 48 58 77 94 49 32 45 51 79 90 65 6 87 52 29 5 61 60 97 75 81 7 46 0,
PFG_MOEA,159,6,239.86,802.65,0 57 95 41 11 14 83 96 26 59 44 38 69 47 89 10 28 42 76 9 55 93 100 8 0,11 26 76 83 95
PFG_MOEA,160,1,189.76,972.7,0 19 91 33 82 86 67 72 70 54 36 3 66 80 4 53 24 0,
PFG_MOEA,160,2,189.76,972.7,0 50 92 62 58 48 43 34 1 22 23 84 56 39 68 37 21 99 2 25 0,56 62
PFG_MOEA,160,3,189.76,972.7,0 77 94 49 32 51 45 79 90 65 6 87 52 5 29 60 97 0,97
PFG_MOEA,160,4,189.76,972.7,0 57 38 69 47 89 10 28 42 76 9 55 46 7 81 75 61 93 100 8 0,61
PFG_MOEA,160,5,189.76,972.7,0 59 44 26 96 83 14 11 41 95 13 0,
PFG_MOEA,160,6,189.76,972.7,0 27 12 73 15 30 64 78 74 63 88 85 98 71 35 40 16 18 17 31 20 0,78 88 98
PFG_MOEA,161,1,201.38,878.14,0 13 27 12 73 30 64 78 74 63 88 85 98 15 71 35 40 16 18 19 31 17 0,19 27 78 88 98
PFG_MOEA,161,2,201.38,878.14,0 20 91 21 33 37 68 39 56 84 23 22 82 86 67 72 70 54 36 3 66 0,56
PFG_MOEA,161,3,201.38,878.14,0 4 24 53 80 58 48 62 92 50 25 43 1 34 99 2 0,25 34
PFG_MOEA,161,4,201.38,878.14,0 77 94 49 32 5 61 60 29 52 87 6 65 90 79 51 45 0,32 61
PFG_MOEA,161,5,201.38,878.14,0 100 81 75 9 55 97 93 57 95 41 11 14 83 96 0,83
PFG_MOEA,161,6,201.38,878.14,0 26 59 44 38 69 47 89 10 28 76 42 46 7 8 0,59 76
PFG_MOEA,162,1,239.86,802.65,0 13 27 12 73 30 64 78 74 63 88 85 98 15 71 35 40 16 18 39 68 37 33 21 91 19 31 17 20 0,18
PFG_MOEA,162,2,239.86,802.65,0 56 0,56
PFG_MOEA,162,3,239.86,802.65,0 4 80 66 53 24 3 36 54 70 72 67 86 82 84 23 22 1 43 25 50 0,
PFG_MOEA,162,4,239.86,802.65,0 34 0,34
PFG_MOEA,162,5,239.86,802.65,0 99 2 92 62 48 58 77 94 49 32 45 51 79 90 65 6 87 52 29 5 61 60 97 75 81 7 46 0,
PFG_MOEA,162,6,239.86,802.65,0 57 95 41 11 14 83 96 26 59 44 38 69 47 89 10 28 42 76 9 55 93 100 8 0,11 26 76 83 95
PFG_MOEA,163,1,189.76,972.7,0 19 91 33 82 86 67 72 70 54 36 3 66 80 4 53 24 0,
PFG_MOEA,163,2,189.76,972.7,0 50 92 62 58 48 43 34 1 22 23 84 56 39 68 37 21 99 2 25 0,56 62
PFG_MOEA,163,3,189.76,972.7,0 77 94 49 32 51 45 79 90 65 6 87 52 5 29 60 97 0,97
PFG_MOEA,163,4,189.76,972.7,0 57 38 69 47 89 10 28 42 76 9 55 46 7 81 75 61 93 100 8 0,61
PFG_MOEA,163,5,189.76,972.7,0 59 44 26 96 83 14 11 41 95 13 0,
PFG_MOEA,163,6,189.76,972.7,0 27 12 73 15 30 64 78 74 63 88 85 98 71 35 40 16 18 17 31 20 0,78 88 98
PFG_MOEA,164,1,201.38,878.14,0 13 27 12 73 30 64 78 74 63 88 85 98 15 71 35 40 16 18 19 31 17 0,19 27 78 88 98
PFG_MOEA,164,2,201.38,878.14,0 20 91 21 33 37 68 39 56 84 23 22 82 86 67 72 70 54 36 3 66 0,56
PFG_MOEA,164,3,201.38,878.14,0 4 24 53 80 58 48 62 92 50 25 43 1 34 99 2 0,25 34
PFG_MOEA,164,4,201.38,878.14,0 77 94 49 32 5 61 60 29 52 87 6 65 90 79 51 45 0,32 61
PFG_MOEA,164,5,201.38,878.14,0 100 81 75 9 55 97 93 57 95 41 11 14 83 96 0,83
PFG_MOEA,164,6,201.38,878.14,0 26 59 44 38 69 47 89 10 28 76 42 46 7 8 0,59 76
PFG_MOEA,165,1,239.86,802.65,0 13 27 12 73 30 64 78 74 63 88 85 98 15 71 35 40 16 18 39 68 37 33 21 91 19 31 17 20 0,18
PFG_MOEA,165,2,239.86,802.65,0 56 0,56
PFG_MOEA,165,3,239.86,802.65,0 4 80 66 53 24 3 36 54 70 72 67 86 82 84 23 22 1 43 25 50 0,
PFG_MOEA,165,4,239.86,802.65,0 34 0,34
PFG_MOEA,165,5,239.86,802.65,0 99 2 92 62 48 58 77 94 49 32 45 51 79 90 65 6 87 52 29 5 61 60 97 75 81 7 46 0,
PFG_MOEA,165,6,239.86,802.65,0 57 95 41 11 14 83 96 26 59 44 38 69 47 89 10 28 42 76 9 55 93 100 8 0,11 26 76 83 95
PFG_MOEA,166,1,189.76,972.7,0 19 91 33 82 86 67 72 70 54 36 3 66 80 4 53 24 0,
PFG_MOEA,166,2,189.76,972.7,0 50 92 62 58 48 43 34 1 22 23 84 56 39 68 37 21 99 2 25 0,56 62
PFG_MOEA,166,3,189.76,972.7,0 77 94 49 32 51 45 79 90 65 6 87 52 5 29 60 97 0,97
PFG_MOEA,166,4,189.76,972.7,0 57 38 69 47 89 10 28 42 76 9 55 46 7 81 75 61 93 100 8 0,61
PFG_MOEA,166,5,189.76,972.7,0 59 44 26 96 83 14 11 41 95 13 0,
PFG_MOEA,166,6,189.76,972.7,0 27 12 73 15 30 64 78 74 63 88 85 98 71 35 40 16 18 17 31 20 0,78 88 98
PFG_MOEA,167,1,201.38,878.14,0 13 27 12 73 30 64 78 74 63 88 85 98 15 71 35 40 16 18 19 31 17 0,19 27 78 88 98
PFG_MOEA,167,2,201.38,878.14,0 20 91 21 33 37 68 39 56 84 23 22 82 86 67 72 70 54 36 3 66 0,56
PFG_MOEA,167,3,201.38,878.14,0 4 24 53 80 58 48 62 92 50 25 43 1 34 99 2 0,25 34
PFG_MOEA,167,4,201.38,878.14,0 77 94 49 32 5 61 60 29 52 87 6 65 90 79 51 45 0,32 61
PFG_MOEA,167,5,201.38,878.14,0 100 81 75 9 55 97 93 57 95 41 11 14 83 96 0,83
PFG_MOEA,167,6,201.38,878.14,0 26 59 44 38 69 47 89 10 28 76 42 46 7 8 0,59 76
PFG_MOEA,168,1,239.86,802.65,0 13 27 12 73 30 64 78 74 63 88 85 98 15 71 35 40 16 18 39 68 37 33 21 91 19 31 17 20 0,18
PFG_MOEA,168,2,239.86,802.65,0 56 0,56
PFG_MOEA,168,3,239.86,802.65,0 4 80 66 53 24 3 36 54 70 72 67 86 82 84 23 22 1 43 25 50 0,
PFG_MOEA,168,4,239.86,802.65,0 34 0,34
PFG_MOEA,168,5,239.86,802.65,0 99 2 92 62 48 58 77 94 49 32 45 51 79 90 65 6 87 52 29 5 61 60 97 75 81 7 46 0,
PFG_MOEA,168,6,239.86,802.65,0 57 95 41 11 14 83 96 26 59 44 38 69 47 89 10 28 42 76 9 55 93 100 8 0,11 26 76 83 95
PFG_MOEA,169,1,189.76,972.7,0 19 91 33 82 86 67 72 70 54 36 3 66 80 4 53 24 0,
PFG_MOEA,169,2,189.76,972.7,0 50 92 62 58 48 43 34 1 22 23 84 56 39 68 37 21 99 2 25 0,56 62
PFG_MOEA,169,3,189.76,972.7,0 77 94 49 32 51 45 79 90 65 6 87 52 5 29 60 97 0,97
PFG_MOEA,169,4,189.76,972.7,0 57 38 69 47 89 10 28 42 76 9 55 46 7 81 75 61 93 100 8 0,61
PFG_MOEA,169,5,189.76,972.7,0 59 44 26 96 83 14 11 41 95 13 0,
PFG_MOEA,169,6,189.76,972.7,0 27 12 73 15 30 64 78 74 63 88 85 98 71 35 40 16 18 17 31 20 0,78 88 98
PFG_MOEA,170,1,201.38,878.14,0 13 27 12 73 30 64 78 74 63 88 85 98 15 71 35 40 16 18 19 31 17 0,19 27 78 88 98
PFG_MOEA,170,2,201.38,878.14,0 20 91 21 33 37 68 39 56 84 23 22 82 86 67 72 70 54 36 3 66 0,56
PFG_MOEA,170,3,201.38,878.14,0 4 24 53 80 58 48 62 92 50 25 43 1 34 99 2 0,25 34
PFG_MOEA,170,4,201.38,878.14,0 77 94 49 32 5 61 60 29 52 87 6 65 90 79 51 45 0,32 61
PFG_MOEA,170,5,201.38,878.14,0 100 81 75 9 55 97 93 57 95 41 11 14 83 96 0,83
PFG_MOEA,170,6,201.38,878.14,0 26 59 44 38 69 47 89 10 28 76 42 46 7 8 0,59 76
PFG_MOEA,171,1,239.86,802.65,0 13 27 12 73 30 64 78 74 63 88 85 98 15 71 35 40 16 18 39 68 37 33 21 91 19 31 17 20 0,18
PFG_MOEA,171,2,239.86,802.65,0 56 0,56
PFG_MOEA,171,3,239.86,802.65,0 4 80 66 53 24 3 36 54 70 72 67 86 82 84 23 22 1 43 25 50 0,
PFG_MOEA,171,4,239.86,802.65,0 34 0,34
PFG_MOEA,171,5,239.86,802.65,0 99 2 92 62 48 58 77 94 49 32 45 51 79 90 65 6 87 52 29 5 61 60 97 75 81 7 46 0,
PFG_MOEA,171,6,239.86,802.65,0 57 95 41 11 14 83 96 26 59 44 38 69 47 89 10 28 42 76 9 55 93 100 8 0,11 26 76 83 95
PFG_MOEA,172,1,189.76,972.7,0 19 91 33 82 86 67 72 70 54 36 3 66 80 4 53 24 0,
PFG_MOEA,172,2,189.76,972.7,0 50 92 62 58 48 43 34 1 22 23 84 56 39 68 37 21 99 2 25 0,56 62
PFG_MOEA,172,3,189.76,972.7,0 77 94 49 32 51 45 79 90 65 6 87 52 5 29 60 97 0,97
PFG_MOEA,172,4,189.76,972.7,0 57 38 69 47 89 10 28 42 76 9 55 46 7 81 75 61 93 100 8 0,61
PFG_MOEA,172,5,189.76,972.7,0 59 44 26 96 83 14 11 41 95 13 0,
PFG_MOEA,172,6,189.76,972.7,0 27 12 73 15 30 64 78 74 63 88 85 98 71 35 40 16 18 17 31 20 0,78 88 98
PFG_MOEA,173,1,201.38,878.14,0 13 27 12 73 30 64 78 74 63 88 85 98 15 71 35 40 16 18 19 31 17 0,19 27 78 88 98
PFG_MOEA,173,2,201.38,878.14,0 20 91 21 33 37 68 39 56 84 23 22 82 86 67 72 70 54 36 3 66 0,56
PFG_MOEA,173,3,201.38,878.14,0 4 24 53 80 58 48 62 92 50 25 43 1 34 99 2 0,25 34
PFG_MOEA,173,4,201.38,878.14,0 77 94 49 32 5 61 60 29 52 87 6 65 90 79 51 45 0,32 61
PFG_MOEA,173,5,201.38,878.14,0 100 81 75 9 55 97 93 57 95 41 11 14 83 96 0,83
PFG_MOEA,173,6,201.38,878.14,0 26 59 44 38 69 47 89 10 28 76 42 46 7 8 0,59 76
PFG_MOEA,174,1,239.86,802.65,0 13 27 12 73 30 64 78 74 63 88 85 98 15 71 35 40 16 18 39 68 37 33 21 91 19 31 17 20 0,18
PFG_MOEA,174,2,239.86,802.65,0 56 0,56
PFG_MOEA,174,3,239.86,802.65,0 4 80 66 53 24 3 36 54 70 72 67 86 82 84 23 22 1 43 25 50 0,
PFG_MOEA,174,4,239.86,802.65,0 34 0,34
PFG_MOEA,174,5,239.86,802.65,0 99 2 92 62 48 58 77 94 49 32 45 51 79 90 65 6 87 52 29 5 61 60 97 75 81 7 46 0,
PFG_MOEA,174,6,239.86,802.65,0 57 95 41 11 14 83 96 26 59 44 38 69 47 89 10 28 42 76 9 55 93 100 8 0,11 26 76 83 95
PFG_MOEA,175,1,189.76,972.7,0 19 91 33 82 86 67 72 70 54 36 3 66 80 4 53 24 0,
PFG_MOEA,175,2,189.76,972.7,0 50 92 62 58 48 43 34 1 22 23 84 56 39 68 37 21 99 2 25 0,56 62
PFG_MOEA,175,3,189.76,972.7,0 77 94 49 32 51 45 79 90 65 6 87 52 5 29 60 97 0,97
PFG_MOEA,175,4,189.76,972.7,0 57 38 69 47 89 10 28 42 76 9 55 46 7 81 75 61 93 100 8 0,61
PFG_MOEA,175,5,189.76,972.7,0 59 44 26 96 83 14 11 41 95 13 0,
PFG_MOEA,175,6,189.76,972.7,0 27 12 73 15 30 64 78 74 63 88 85 98 71 35 40 16 18 17 31 20 0,78 88 98
PFG_MOEA,176,1,201.38,878.14,0 13 27 12 73 30 64 78 74 63 88 85 98 15 71 35 40 16 18 19 31 17 0,19 27 78 88 98
PFG_MOEA,176,2,201.38,878.14,0 20 91 21 33 37 68 39 56 84 23 22 82 86 67 72 70 54 36 3 66 0,56
PFG_MOEA,176,3,201.38,878.14,0 4 24 53 80 58 48 62 92 50 25 43 1 34 99 2 0,25 34
PFG_MOEA,176,4,201.38,878.14,0 77 94 49 32 5 61 60 29 52 87 6 65 90 79 51 45 0,32 61
PFG_MOEA,176,5,201.38,878.14,0 100 81 75 9 55 97 93 57 95 41 11 14 83 96 0,83
PFG_MOEA,176,6,201.38,878.14,0 26 59 44 38 69 47 89 10 28 76 42 46 7 8 0,59 76
PFG_MOEA,177,1,239.86,802.65,0 13 27 12 73 30 64 78 74 63 88 85 98 15 71 35 40 16 18 39 68 37 33 21 91 19 31 17 20 0,18
PFG_MOEA,177,2,239.86,802.65,0 56 0,56
PFG_MOEA,177,3,239.86,802.65,0 4 80 66 53 24 3 36 54 70 72 67 86 82 84 23 22 1 43 25 50 0,
PFG_MOEA,177,4,239.86,802.65,0 34 0,34
PFG_MOEA,177,5,239.86,802.65,0 99 2 92 62 48 58 77 94 49 32 45 51 79 90 65 6 87 52 29 5 61 60 97 75 81 7 46 0,
PFG_MOEA,177,6,239.86,802.65,0 57 95 41 11 14 83 96 26 59 44 38 69 47 89 10 28 42 76 9 55 93 100 8 0,11 26 76 83 95
PFG_MOEA,178,1,189.76,972.7,0 19 91 33 82 86 67 72 70 54 36 3 66 80 4 53 24 0,
PFG_MOEA,178,2,189.76,972.7,0 50 92 62 58 48 43 34 1 22 23 84 56 39 68 37 21 99 2 25 0,56 62
PFG_MOEA,178,3,189.76,972.7,0 77 94 49 32 51 45 79 90 65 6 87 52 5 29 60 97 0,97
PFG_MOEA,178,4,189.76,972.7,0 57 38 69 47 89 10 28 42 76 9 55 46 7 81 75 61 93 100 8 0,61
PFG_MOEA,178,5,189.76,972.7,0 59 44 26 96 83 14 11 41 95 13 0,
PFG_MOEA,178,6,189.76,972.7,0 27 12 73 15 30 64 78 74 63 88 85 98 71 35 40 16 18 17 31 20 0,78 88 98
PFG_MOEA,179,1,201.38,878.14,0 13 27 12 73 30 64 78 74 63 88 85 98 15 71 35 40 16 18 19 31 17 0,19 27 78 88 98
PFG_MOEA,179,2,201.38,878.14,0 20 91 21 33 37 68 39 56 84 23 22 82 86 67 72 70 54 36 3 66 0,56
PFG_MOEA,179,3,201.38,878.14,0 4 24 53 80 58 48 62 92 50 25 43 1 34 99 2 0,25 34
PFG_MOEA,179,4,201.38,878.14,0 77 94 49 32 5 61 60 29 52 87 6 65 90 79 51 45 0,32 61
PFG_MOEA,179,5,201.38,878.14,0 100 81 75 9 55 97 93 57 95 41 11 14 83 96 0,83
PFG_MOEA,179,6,201.38,878.14,0 26 59 44 38 69 47 89 10 28 76 42 46 7 8 0,59 76
PFG_MOEA,180,1,239.86,802.65,0 13 27 12 73 30 64 78 74 63 88 85 98 15 71 35 40 16 18 39 68 37 33 21 91 19 31 17 20 0,18
PFG_MOEA,180,2,239.86,802.65,0 56 0,56
PFG_MOEA,180,3,239.86,802.65,0 4 80 66 53 24 3 36 54 70 72 67 86 82 84 23 22 1 43 25 50 0,
PFG_MOEA,180,4,239.86,802.65,0 34 0,34
PFG_MOEA,180,5,239.86,802.65,0 99 2 92 62 48 58 77 94 49 32 45 51 79 90 65 6 87 52 29 5 61 60 97 75 81 7 46 0,
PFG_MOEA,180,6,239.86,802.65,0 57 95 41 11 14 83 96 26 59 44 38 69 47 89 10 28 42 76 9 55 93 100 8 0,11 26 76 83 95
PFG_MOEA,181,1,189.76,972.7,0 19 91 33 82 86 67 72 70 54 36 3 66 80 4 53 24 0,
PFG_MOEA,181,2,189.76,972.7,0 50 92 62 58 48 43 34 1 22 23 84 56 39 68 37 21 99 2 25 0,56 62
PFG_MOEA,181,3,189.76,972.7,0 77 94 49 32 51 45 79 90 65 6 87 52 5 29 60 97 0,97
PFG_MOEA,181,4,189.76,972.7,0 57 38 69 47 89 10 28 42 76 9 55 46 7 81 75 61 93 100 8 0,61
PFG_MOEA,181,5,189.76,972.7,0 59 44 26 96 83 14 11 41 95 13 0,
PFG_MOEA,181,6,189.76,972.7,0 27 12 73 15 30 64 78 74 63 88 85 98 71 35 40 16 18 17 31 20 0,78 88 98
PFG_MOEA,182,1,201.38,878.14,0 13 27 12 73 30 64 78 74 63 88 85 98 15 71 35 40 16 18 19 31 17 0,19 27 78 88 98
PFG_MOEA,182,2,201.38,878.14,0 20 91 21 33 37 68 39 56 84 23 22 82 86 67 72 70 54 36 3 66 0,56
PFG_MOEA,182,3,201.38,878.14,0 4 24 53 80 58 48 62 92 50 25 43 1 34 99 2 0,25 34
PFG_MOEA,182,4,201.38,878.14,0 77 94 49 32 5 61 60 29 52 87 6 65 90 79 51 45 0,32 61
PFG_MOEA,182,5,201.38,878.14,0 100 81 75 9 55 97 93 57 95 41 11 14 83 96 0,83
PFG_MOEA,182,6,201.38,878.14,0 26 59 44 38 69 47 89 10 28 76 42 46 7 8 0,59 76
PFG_MOEA,183,1,239.86,802.65,0 13 27 12 73 30 64 78 74 63 88 85 98 15 71 35 40 16 18 39 68 37 33 21 91 19 31 17 20 0,18
PFG_MOEA,183,2,239.86,802.65,0 56 0,56
PFG_MOEA,183,3,239.86,802.65,0 4 80 66 53 24 3 36 54 70 72 67 86 82 84 23 22 1 43 25 50 0,
PFG_MOEA,183,4,239.86,802.65,0 34 0,34
PFG_MOEA,183,5,239.86,802.65,0 99 2 92 62 48 58 77 94 49 32 45 51 79 90 65 6 87 52 29 5 61 60 97 75 81 7 46 0,
PFG_MOEA,183,6,239.86,802.65,0 57 95 41 11 14 83 96 26 59 44 38 69 47 89 10 28 42 76 9 55 93 100 8 0,11 26 76 83 95
PFG_MOEA,184,1,189.76,972.7,0 19 91 33 82 86 67 72 70 54 36 3 66 80 4 53 24 0,
PFG_MOEA,184,2,189.76,972.7,0 50 92 62 58 48 43 34 1 22 23 84 56 39 68 37 21 99 2 25 0,56 62
PFG_MOEA,184,3,189.76,972.7,0 77 94 49 32 51 45 79 90 65 6 87 52 5 29 60 97 0,97
PFG_MOEA,184,4,189.76,972.7,0 57 38 69 47 89 10 28 42 76 9 55 46 7 81 75 61 93 100 8 0,61
PFG_MOEA,184,5,189.76,972.7,0 59 44 26 96 83 14 11 41 95 13 0,
PFG_MOEA,184,6,189.76,972.7,0 27 12 73 15 30 64 78 74 63 88 85 98 71 35 40 16 18 17 31 20 0,78 88 98
PFG_MOEA,185,1,201.38,878.14,0 13 27 12 73 30 64 78 74 63 88 85 98 15 71 35 40 16 18 19 31 17 0,19 27 78 88 98
PFG_MOEA,185,2,201.38,878.14,0 20 91 21 33 37 68 39 56 84 23 22 82 86 67 72 70 54 36 3 66 0,56
PFG_MOEA,185,3,201.38,878.14,0 4 24 53 80 58 48 62 92 50 25 43 1 34 99 2 0,25 34
PFG_MOEA,185,4,201.38,878.14,0 77 94 49 32 5 61 60 29 52 87 6 65 90 79 51 45 0,32 61
PFG_MOEA,185,5,201.38,878.14,0 100 81 75 9 55 97 93 57 95 41 11 14 83 96 0,83
PFG_MOEA,185,6,201.38,878.14,0 26 59 44 38 69 47 89 10 28 76 42 46 7 8 0,59 76
PFG_MOEA,186,1,239.86,802.65,0 13 27 12 73 30 64 78 74 63 88 85 98 15 71 35 40 16 18 39 68 37 33 21 91 19 31 17 20 0,18
PFG_MOEA,186,2,239.86,802.65,0 56 0,56
PFG_MOEA,186,3,239.86,802.65,0 4 80 66 53 24 3 36 54 70 72 67 86 82 84 23 22 1 43 25 50 0,
PFG_MOEA,186,4,239.86,802.65,0 34 0,34
PFG_MOEA,186,5,239.86,802.65,0 99 2 92 62 48 58 77 94 49 32 45 51 79 90 65 6 87 52 29 5 61 60 97 75 81 7 46 0,
PFG_MOEA,186,6,239.86,802.65,0 57 95 41 11 14 83 96 26 59 44 38 69 47 89 10 28 42 76 9 55 93 100 8 0,11 26 76 83 95
PFG_MOEA,187,1,189.76,972.7,0 19 91 33 82 86 67 72 70 54 36 3 66 80 4 53 24 0,
PFG_MOEA,187,2,189.76,972.7,0 50 92 62 58 48 43 34 1 22 23 84 56 39 68 37 21 99 2 25 0,56 62
PFG_MOEA,187,3,189.76,972.7,0 77 94 49 32 51 45 79 90 65 6 87 52 5 29 60 97 0,97
PFG_MOEA,187,4,189.76,972.7,0 57 38 69 47 89 10 28 42 76 9 55 46 7 81 75 61 93 100 8 0,61
PFG_MOEA,187,5,189.76,972.7,0 59 44 26 96 83 14 11 41 95 13 0,
PFG_MOEA,187,6,189.76,972.7,0 27 12 73 15 30 64 78 74 63 88 85 98 71 35 40 16 18 17 31 20 0,78 88 98
PFG_MOEA,188,1,201.38,878.14,0 13 27 12 73 30 64 78 74 63 88 85 98 15 71 35 40 16 18 19 31 17 0,19 27 78 88 98
PFG_MOEA,188,2,201.38,878.14,0 20 91 21 33 37 68 39 56 84 23 22 82 86 67 72 70 54 36 3 66 0,56
PFG_MOEA,188,3,201.38,878.14,0 4 24 53 80 58 48 62 92 50 25 43 1 34 99 2 0,25 34
PFG_MOEA,188,4,201.38,878.14,0 77 94 49 32 5 61 60 29 52 87 6 65 90 79 51 45 0,32 61
PFG_MOEA,188,5,201.38,878.14,0 100 81 75 9 55 97 93 57 95 41 11 14 83 96 0,83
PFG_MOEA,188,6,201.38,878.14,0 26 59 44 38 69 47 89 10 28 76 42 46 7 8 0,59 76
PFG_MOEA,189,1,239.86,802.65,0 13 27 12 73 30 64 78 74 63 88 85 98 15 71 35 40 16 18 39 68 37 33 21 91 19 31 17 20 0,18
PFG_MOEA,189,2,239.86,802.65,0 56 0,56
PFG_MOEA,189,3,239.86,802.65,0 4 80 66 53 24 3 36 54 70 72 67 86 82 84 23 22 1 43 25 50 0,
PFG_MOEA,189,4,239.86,802.65,0 34 0,34
PFG_MOEA,189,5,239.86,802.65,0 99 2 92 62 48 58 77 94 49 32 45 51 79 90 65 6 87 52 29 5 61 60 97 75 81 7 46 0,
PFG_MOEA,189,6,239.86,802.65,0 57 95 41 11 14 83 96 26 59 44 38 69 47 89 10 28 42 76 9 55 93 100 8 0,11 26 76 83 95
PFG_MOEA,190,1,189.76,972.7,0 19 91 33 82 86 67 72 70 54 36 3 66 80 4 53 24 0,
PFG_MOEA,190,2,189.76,972.7,0 50 92 62 58 48 43 34 1 22 23 84 56 39 68 37 21 99 2 25 0,56 62
PFG_MOEA,190,3,189.76,972.7,0 77 94 49 32 51 45 79 90 65 6 87 52 5 29 60 97 0,97
PFG_MOEA,190,4,189.76,972.7,0 57 38 69 47 89 10 28 42 76 9 55 46 7 81 75 61 93 100 8 0,61
PFG_MOEA,190,5,189.76,972.7,0 59 44 26 96 83 14 11 41 95 13 0,
PFG_MOEA,190,6,189.76,972.7,0 27 12 73 15 30 64 78 74 63 88 85 98 71 35 40 16 18 17 31 20 0,78 88 98
PFG_MOEA,191,1,201.38,878.14,0 13 27 12 73 30 64 78 74 63 88 85 98 15 71 35 40 16 18 19 31 17 0,19 27 78 88 98
PFG_MOEA,191,2,201.38,878.14,0 20 91 21 33 37 68 39 56 84 23 22 82 86 67 72 70 54 36 3 66 0,56
PFG_MOEA,191,3,201.38,878.14,0 4 24 53 80 58 48 62 92 50 25 43 1 34 99 2 0,25 34
PFG_MOEA,191,4,201.38,878.14,0 77 94 49 32 5 61 60 29 52 87 6 65 90 79 51 45 0,32 61
PFG_MOEA,191,5,201.38,878.14,0 100 81 75 9 55 97 93 57 95 41 11 14 83 96 0,83
PFG_MOEA,191,6,201.38,878.14,0 26 59 44 38 69 47 89 10 28 76 42 46 7 8 0,59 76
PFG_MOEA,192,1,239.86,802.65,0 13 27 12 73 30 64 78 74 63 88 85 98 15 71 35 40 16 18 39 68 37 33 21 91 19 31 17 20 0,18
PFG_MOEA,192,2,239.86,802.65,0 56 0,56
PFG_MOEA,192,3,239.86,802.65,0 4 80 66 53 24 3 36 54 70 72 67 86 82 84 23 22 1 43 25 50 0,
PFG_MOEA,192,4,239.86,802.65,0 34 0,34
PFG_MOEA,192,5,239.86,802.65,0 99 2 92 62 48 58 77 94 49 32 45 51 79 90 65 6 87 52 29 5 61 60 97 75 81 7 46 0,
PFG_MOEA,192,6,239.86,802.65,0 57 95 41 11 14 83 96 26 59 44 38 69 47 89 10 28 42 76 9 55 93 100 8 0,11 26 76 83 95
PFG_MOEA,193,1,189.76,972.7,0 19 91 33 82 86 67 72 70 54 36 3 66 80 4 53 24 0,
PFG_MOEA,193,2,189.76,972.7,0 50 92 62 58 48 43 34 1 22 23 84 56 39 68 37 21 99 2 25 0,56 62
PFG_MOEA,193,3,189.76,972.7,0 77 94 49 32 51 45 79 90 65 6 87 52 5 29 60 97 0,97
PFG_MOEA,193,4,189.76,972.7,0 57 38 69 47 89 10 28 42 76 9 55 46 7 81 75 61 93 100 8 0,61
PFG_MOEA,193,5,189.76,972.7,0 59 44 26 96 83 14 11 41 95 13 0,
PFG_MOEA,193,6,189.76,972.7,0 27 12 73 15 30 64 78 74 63 88 85 98 71 35 40 16 18 17 31 20 0,78 88 98
PFG_MOEA,194,1,201.38,878.14,0 13 27 12 73 30 64 78 74 63 88 85 98 15 71 35 40 16 18 19 31 17 0,19 27 78 88 98
PFG_MOEA,194,2,201.38,878.14,0 20 91 21 33 37 68 39 56 84 23 22 82 86 67 72 70 54 36 3 66 0,56
PFG_MOEA,194,3,201.38,878.14,0 4 24 53 80 58 48 62 92 50 25 43 1 34 99 2 0,25 34
PFG_MOEA,194,4,201.38,878.14,0 77 94 49 32 5 61 60 29 52 87 6 65 90 79 51 45 0,32 61
PFG_MOEA,194,5,201.38,878.14,0 100 81 75 9 55 97 93 57 95 41 11 14 83 96 0,83
PFG_MOEA,194,6,201.38,878.14,0 26 59 44 38 69 47 89 10 28 76 42 46 7 8 0,59 76
PFG_MOEA,195,1,239.86,802.65,0 13 27 12 73 30 64 78 74 63 88 85 98 15 71 35 40 16 18 39 68 37 33 21 91 19 31 17 20 0,18
PFG_MOEA,195,2,239.86,802.65,0 56 0,56
PFG_MOEA,195,3,239.86,802.65,0 4 80 66 53 24 3 36 54 70 72 67 86 82 84 23 22 1 43 25 50 0,
PFG_MOEA,195,4,239.86,802.65,0 34 0,34
PFG_MOEA,195,5,239.86,802.65,0 99 2 92 62 48 58 77 94 49 32 45 51 79 90 65 6 87 52 29 5 61 60 97 75 81 7 46 0,
PFG_MOEA,195,6,239.86,802.65,0 57 95 41 11 14 83 96 26 59 44 38 69 47 89 10 28 42 76 9 55 93 100 8 0,11 26 76 83 95
PFG_MOEA,196,1,189.76,972.7,0 19 91 33 82 86 67 72 70 54 36 3 66 80 4 53 24 0,
PFG_MOEA,196,2,189.76,972.7,0 50 92 62 58 48 43 34 1 22 23 84 56 39 68 37 21 99 2 25 0,56 62
PFG_MOEA,196,3,189.76,972.7,0 77 94 49 32 51 45 79 90 65 6 87 52 5 29 60 97 0,97
PFG_MOEA,196,4,189.76,972.7,0 57 38 69 47 89 10 28 42 76 9 55 46 7 81 75 61 93 100 8 0,61
PFG_MOEA,196,5,189.76,972.7,0 59 44 26 96 83 14 11 41 95 13 0,
PFG_MOEA,196,6,189.76,972.7,0 27 12 73 15 30 64 78 74 63 88 85 98 71 35 40 16 18 17 31 20 0,78 88 98
PFG_MOEA,197,1,201.38,878.14,0 13 27 12 73 30 64 78 74 63 88 85 98 15 71 35 40 16 18 19 31 17 0,19 27 78 88 98
PFG_MOEA,197,2,201.38,878.14,0 20 91 21 33 37 68 39 56 84 23 22 82 86 67 72 70 54 36 3 66 0,56
PFG_MOEA,197,3,201.38,878.14,0 4 24 53 80 58 48 62 92 50 25 43 1 34 99 2 0,25 34
PFG_MOEA,197,4,201.38,878.14,0 77 94 49 32 5 61 60 29 52 87 6 65 90 79 51 45 0,32 61
PFG_MOEA,197,5,201.38,878.14,0 100 81 75 9 55 97 93 57 95 41 11 14 83 96 0,83
PFG_MOEA,197,6,201.38,878.14,0 26 59 44 38 69 47 89 10 28 76 42 46 7 8 0,59 76
PFG_MOEA,198,1,239.86,802.65,0 13 27 12 73 30 64 78 74 63 88 85 98 15 71 35 40 16 18 39 68 37 33 21 91 19 31 17 20 0,18
PFG_MOEA,198,2,239.86,802.65,0 56 0,56
PFG_MOEA,198,3,239.86,802.65,0 4 80 66 53 24 3 36 54 70 72 67 86 82 84 23 22 1 43 25 50 0,
PFG_MOEA,198,4,239.86,802.65,0 34 0,34
PFG_MOEA,198,5,239.86,802.65,0 99 2 92 62 48 58 77 94 49 32 45 51 79 90 65 6 87 52 29 5 61 60 97 75 81 7 46 0,
PFG_MOEA,198,6,239.86,802.65,0 57 95 41 11 14 83 96 26 59 44 38 69 47 89 10 28 42 76 9 55 93 100 8 0,11 26 76 83 95
PFG_MOEA,199,1,189.76,972.7,0 19 91 33 82 86 67 72 70 54 36 3 66 80 4 53 24 0,
PFG_MOEA,199,2,189.76,972.7,0 50 92 62 58 48 43 34 1 22 23 84 56 39 68 37 21 99 2 25 0,56 62
PFG_MOEA,199,3,189.76,972.7,0 77 94 49 32 51 45 79 90 65 6 87 52 5 29 60 97 0,97
PFG_MOEA,199,4,189.76,972.7,0 57 38 69 47 89 10 28 42 76 9 55 46 7 81 75 61 93 100 8 0,61
PFG_MOEA,199,5,189.76,972.7,0 59 44 26 96 83 14 11 41 95 13 0,
PFG_MOEA,199,6,189.76,972.7,0 27 12 73 15 30 64 78 74 63 88 85 98 71 35 40 16 18 17 31 20 0,78 88 98
PFG_MOEA,200,1,201.38,878.14,0 13 27 12 73 30 64 78 74 63 88 85 98 15 71 35 40 16 18 19 31 17 0,19 27 78 88 98
PFG_MOEA,200,2,201.38,878.14,0 20 91 21 33 37 68 39 56 84 23 22 82 86 67 72 70 54 36 3 66 0,56
PFG_MOEA,200,3,201.38,878.14,0 4 24 53 80 58 48 62 92 50 25 43 1 34 99 2 0,25 34
PFG_MOEA,200,4,201.38,878.14,0 77 94 49 32 5 61 60 29 52 87 6 65 90 79 51 45 0,32 61
PFG_MOEA,200,5,201.38,878.14,0 100 81 75 9 55 97 93 57 95 41 11 14 83 96 0,83
PFG_MOEA,200,6,201.38,878.14,0 26 59 44 38 69 47 89 10 28 76 42 46 7 8 0,59 76
PFG_MOEA,201,1,239.86,802.65,0 13 27 12 73 30 64 78 74 63 88 85 98 15 71 35 40 16 18 39 68 37 33 21 91 19 31 17 20 0,18
PFG_MOEA,201,2,239.86,802.65,0 56 0,56
PFG_MOEA,201,3,239.86,802.65,0 4 80 66 53 24 3 36 54 70 72 67 86 82 84 23 22 1 43 25 50 0,
PFG_MOEA,201,4,239.86,802.65,0 34 0,34
PFG_MOEA,201,5,239.86,802.65,0 99 2 92 62 48 58 77 94 49 32 45 51 79 90 65 6 87 52 29 5 61 60 97 75 81 7 46 0,
PFG_MOEA,201,6,239.86,802.65,0 57 95 41 11 14 83 96 26 59 44 38 69 47 89 10 28 42 76 9 55 93 100 8 0,11 26 76 83 95
PFG_MOEA,202,1,189.76,972.7,0 19 91 33 82 86 67 72 70 54 36 3 66 80 4 53 24 0,
PFG_MOEA,202,2,189.76,972.7,0 50 92 62 58 48 43 34 1 22 23 84 56 39 68 37 21 99 2 25 0,56 62
PFG_MOEA,202,3,189.76,972.7,0 77 94 49 32 51 45 79 90 65 6 87 52 5 29 60 97 0,97
PFG_MOEA,202,4,189.76,972.7,0 57 38 69 47 89 10 28 42 76 9 55 46 7 81 75 61 93 100 8 0,61
PFG_MOEA,202,5,189.76,972.7,0 59 44 26 96 83 14 11 41 95 13 0,
PFG_MOEA,202,6,189.76,972.7,0 27 12 73 15 30 64 78 74 63 88 85 98 71 35 40 16 18 17 31 20 0,78 88 98
PFG_MOEA,203,1,201.38,878.14,0 13 27 12 73 30 64 78 74 63 88 85 98 15 71 35 40 16 18 19 31 17 0,19 27 78 88 98
PFG_MOEA,203,2,201.38,878.14,0 20 91 21 33 37 68 39 56 84 23 22 82 86 67 72 70 54 36 3 66 0,56
PFG_MOEA,203,3,201.38,878.14,0 4 24 53 80 58 48 62 92 50 25 43 1 34 99 2 0,25 34
PFG_MOEA,203,4,201.38,878.14,0 77 94 49 32 5 61 60 29 52 87 6 65 90 79 51 45 0,32 61
PFG_MOEA,203,5,201.38,878.14,0 100 81 75 9 55 97 93 57 95 41 11 14 83 96 0,83
PFG_MOEA,203,6,201.38,878.14,0 26 59 44 38 69 47 89 10 28 76 42 46 7 8 0,59 76
PFG_MOEA,204,1,239.86,802.65,0 13 27 12 73 30 64 78 74 63 88 85 98 15 71 35 40 16 18 39 68 37 33 21 91 19 31 17 20 0,18
PFG_MOEA,204,2,239.86,802.65,0 56 0,56
PFG_MOEA,204,3,239.86,802.65,0 4 80 66 53 24 3 36 54 70 72 67 86 82 84 23 22 1 43 25 50 0,
PFG_MOEA,204,4,239.86,802.65,0 34 0,34
PFG_MOEA,204,5,239.86,802.65,0 99 2 92 62 48 58 77 94 49 32 45 51 79 90 65 6 87 52 29 5 61 60 97 75 81 7 46 0,
PFG_MOEA,204,6,239.86,802.65,0 57 95 41 11 14 83 96 26 59 44 38 69 47 89 10 28 42 76 9 55 93 100 8 0,11 26 76 83 95
PFG_MOEA,205,1,189.76,972.7,0 19 91 33 82 86 67 72 70 54 36 3 66 80 4 53 24 0,
PFG_MOEA,205,2,189.76,972.7,0 50 92 62 58 48 43 34 1 22 23 84 56 39 68 37 21 99 2 25 0,56 62
PFG_MOEA,205,3,189.76,972.7,0 77 94 49 32 51 45 79 90 65 6 87 52 5 29 60 97 0,97
PFG_MOEA,205,4,189.76,972.7,0 57 38 69 47 89 10 28 42 76 9 55 46 7 81 75 61 93 100 8 0,61
PFG_MOEA,205,5,189.76,972.7,0 59 44 26 96 83 14 11 41 95 13 0,
PFG_MOEA,205,6,189.76,972.7,0 27 12 73 15 30 64 78 74 63 88 85 98 71 35 40 16 18 17 31 20 0,78 88 98
PFG_MOEA,206,1,201.38,878.14,0 13 27 12 73 30 64 78 74 63 88 85 98 15 71 35 40 16 18 19 31 17 0,19 27 78 88 98
PFG_MOEA,206,2,201.38,878.14,0 20 91 21 33 37 68 39 56 84 23 22 82 86 67 72 70 54 36 3 66 0,56
PFG_MOEA,206,3,201.38,878.14,0 4 24 53 80 58 48 62 92 50 25 43 1 34 99 2 0,25 34
PFG_MOEA,206,4,201.38,878.14,0 77 94 49 32 5 61 60 29 52 87 6 65 90 79 51 45 0,32 61
PFG_MOEA,206,5,201.38,878.14,0 100 81 75 9 55 97 93 57 95 41 11 14 83 96 0,83
PFG_MOEA,206,6,201.38,878.14,0 26 59 44 38 69 47 89 10 28 76 42 46 7 8 0,59 76
PFG_MOEA,207,1,239.86,802.65,0 13 27 12 73 30 64 78 74 63 88 85 98 15 71 35 40 16 18 39 68 37 33 21 91 19 31 17 20 0,18
PFG_MOEA,207,2,239.86,802.65,0 56 0,56
PFG_MOEA,207,3,239.86,802.65,0 4 80 66 53 24 3 36 54 70 72 67 86 82 84 23 22 1 43 25 50 0,
PFG_MOEA,207,4,239.86,802.65,0 34 0,34
PFG_MOEA,207,5,239.86,802.65,0 99 2 92 62 48 58 77 94 49 32 45 51 79 90 65 6 87 52 29 5 61 60 97 75 81 7 46 0,
PFG_MOEA,207,6,239.86,802.65,0 57 95 41 11 14 83 96 26 59 44 38 69 47 89 10 28 42 76 9 55 93 100 8 0,11 26 76 83 95
PFG_MOEA,208,1,189.76,972.7,0 19 91 33 82 86 67 72 70 54 36 3 66 80 4 53 24 0,
PFG_MOEA,208,2,189.76,972.7,0 50 92 62 58 48 43 34 1 22 23 84 56 39 68 37 21 99 2 25 0,56 62
PFG_MOEA,208,3,189.76,972.7,0 77 94 49 32 51 45 79 90 65 6 87 52 5 29 60 97 0,97
PFG_MOEA,208,4,189.76,972.7,0 57 38 69 47 89 10 28 42 76 9 55 46 7 81 75 61 93 100 8 0,61
PFG_MOEA,208,5,189.76,972.7,0 59 44 26 96 83 14 11 41 95 13 0,
PFG_MOEA,208,6,189.76,972.7,0 27 12 73 15 30 64 78 74 63 88 85 98 71 35 40 16 18 17 31 20 0,78 88 98
PFG_MOEA,209,1,201.38,878.14,0 13 27 12 73 30 64 78 74 63 88 85 98 15 71 35 40 16 18 19 31 17 0,19 27 78 88 98
PFG_MOEA,209,2,201.38,878.14,0 20 91 21 33 37 68 39 56 84 23 22 82 86 67 72 70 54 36 3 66 0,56
PFG_MOEA,209,3,201.38,878.14,0 4 24 53 80 58 48 62 92 50 25 43 1 34 99 2 0,25 34
PFG_MOEA,209,4,201.38,878.14,0 77 94 49 32 5 61 60 29 52 87 6 65 90 79 51 45 0,32 61
PFG_MOEA,209,5,201.38,878.14,0 100 81 75 9 55 97 93 57 95 41 11 14 83 96 0,83
PFG_MOEA,209,6,201.38,878.14,0 26 59 44 38 69 47 89 10 28 76 42 46 7 8 0,59 76
PFG_MOEA,210,1,239.86,802.65,0 13 27 12 73 30 64 78 74 63 88 85 98 15 71 35 40 16 18 39 68 37 33 21 91 19 31 17 20 0,18
PFG_MOEA,210,2,239.86,802.65,0 56 0,56
PFG_MOEA,210,3,239.86,802.65,0 4 80 66 53 24 3 36 54 70 72 67 86 82 84 23 22 1 43 25 50 0,
PFG_MOEA,210,4,239.86,802.65,0 34 0,34
PFG_MOEA,210,5,239.86,802.65,0 99 2 92 62 48 58 77 94 49 32 45 51 79 90 65 6 87 52 29 5 61 60 97 75 81 7 46 0,
PFG_MOEA,210,6,239.86,802.65,0 57 95 41 11 14 83 96 26 59 44 38 69 47 89 10 28 42 76 9 55 93 100 8 0,11 26 76 83 95
PFG_MOEA,211,1,189.76,972.7,0 19 91 33 82 86 67 72 70 54 36 3 66 80 4 53 24 0,
PFG_MOEA,211,2,189.76,972.7,0 50 92 62 58 48 43 34 1 22 23 84 56 39 68 37 21 99 2 25 0,56 62
PFG_MOEA,211,3,189.76,972.7,0 77 94 49 32 51 45 79 90 65 6 87 52 5 29 60 97 0,97
PFG_MOEA,211,4,189.76,972.7,0 57 38 69 47 89 10 28 42 76 9 55 46 7 81 75 61 93 100 8 0,61
PFG_MOEA,211,5,189.76,972.7,0 59 44 26 96 83 14 11 41 95 13 0,
PFG_MOEA,211,6,189.76,972.7,0 27 12 73 15 30 64 78 74 63 88 85 98 71 35 40 16 18 17 31 20 0,78 88 98
PFG_MOEA,212,1,201.38,878.14,0 13 27 12 73 30 64 78 74 63 88 85 98 15 71 35 40 16 18 19 31 17 0,19 27 78 88 98
PFG_MOEA,212,2,201.38,878.14,0 20 91 21 33 37 68 39 56 84 23 22 82 86 67 72 70 54 36 3 66 0,56
PFG_MOEA,212,3,201.38,878.14,0 4 24 53 80 58 48 62 92 50 25 43 1 34 99 2 0,25 34
PFG_MOEA,212,4,201.38,878.14,0 77 94 49 32 5 61 60 29 52 87 6 65 90 79 51 45 0,32 61
PFG_MOEA,212,5,201.38,878.14,0 100 81 75 9 55 97 93 57 95 41 11 14 83 96 0,83
PFG_MOEA,212,6,201.38,878.14,0 26 59 44 38 69 47 89 10 28 76 42 46 7 8 0,59 76
PFG_MOEA,213,1,239.86,802.65,0 13 27 12 73 30 64 78 74 63 88 85 98 15 71 35 40 16 18 39 68 37 33 21 91 19 31 17 20 0,18
PFG_MOEA,213,2,239.86,802.65,0 56 0,56
PFG_MOEA,213,3,239.86,802.65,0 4 80 66 53 24 3 36 54 70 72 67 86 82 84 23 22 1 43 25 50 0,
PFG_MOEA,213,4,239.86,802.65,0 34 0,34
PFG_MOEA,213,5,239.86,802.65,0 99 2 92 62 48 58 77 94 49 32 45 51 79 90 65 6 87 52 29 5 61 60 97 75 81 7 46 0,
PFG_MOEA,213,6,239.86,802.65,0 57 95 41 11 14 83 96 26 59 44 38 69 47 89 10 28 42 76 9 55 93 100 8 0,11 26 76 83 95
PFG_MOEA,214,1,189.76,972.7,0 19 91 33 82 86 67 72 70 54 36 3 66 80 4 53 24 0,
PFG_MOEA,214,2,189.76,972.7,0 50 92 62 58 48 43 34 1 22 23 84 56 39 68 37 21 99 2 25 0,56 62
PFG_MOEA,214,3,189.76,972.7,0 77 94 49 32 51 45 79 90 65 6 87 52 5 29 60 97 0,97
PFG_MOEA,214,4,189.76,972.7,0 57 38 69 47 89 10 28 42 76 9 55 46 7 81 75 61 93 100 8 0,61
PFG_MOEA,214,5,189.76,972.7,0 59 44 26 96 83 14 11 41 95 13 0,
PFG_MOEA,214,6,189.76,972.7,0 27 12 73 15 30 64 78 74 63 88 85 98 71 35 40 16 18 17 31 20 0,78 88 98
PFG_MOEA,215,1,201.38,878.14,0 13 27 12 73 30 64 78 74 63 88 85 98 15 71 35 40 16 18 19 31 17 0,19 27 78 88 98
PFG_MOEA,215,2,201.38,878.14,0 20 91 21 33 37 68 39 56 84 23 22 82 86 67 72 70 54 36 3 66 0,56
PFG_MOEA,215,3,201.38,878.14,0 4 24 53 80 58 48 62 92 50 25 43 1 34 99 2 0,25 34
PFG_MOEA,215,4,201.38,878.14,0 77 94 49 32 5 61 60 29 52 87 6 65 90 79 51 45 0,32 61
PFG_MOEA,215,5,201.38,878.14,0 100 81 75 9 55 97 93 57 95 41 11 14 83 96 0,83
PFG_MOEA,215,6,201.38,878.14,0 26 59 44 38 69 47 89 10 28 76 42 46 7 8 0,59 76
PFG_MOEA,216,1,239.86,802.65,0 13 27 12 73 30 64 78 74 63 88 85 98 15 71 35 40 16 18 39 68 37 33 21 91 19 31 17 20 0,18
PFG_MOEA,216,2,239.86,802.65,0 56 0,56
PFG_MOEA,216,3,239.86,802.65,0 4 80 66 53 24 3 36 54 70 72 67 86 82 84 23 22 1 43 25 50 0,
PFG_MOEA,216,4,239.86,802.65,0 34 0,34
PFG_MOEA,216,5,239.86,802.65,0 99 2 92 62 48 58 77 94 49 32 45 51 79 90 65 6 87 52 29 5 61 60 97 75 81 7 46 0,
PFG_MOEA,216,6,239.86,802.65,0 57 95 41 11 14 83 96 26 59 44 38 69 47 89 10 28 42 76 9 55 93 100 8 0,11 26 76 83 95
PFG_MOEA,217,1,189.76,972.7,0 19 91 33 82 86 67 72 70 54 36 3 66 80 4 53 24 0,
PFG_MOEA,217,2,189.76,972.7,0 50 92 62 58 48 43 34 1 22 23 84 56 39 68 37 21 99 2 25 0,56 62
PFG_MOEA,217,3,189.76,972.7,0 77 94 49 32 51 45 79 90 65 6 87 52 5 29 60 97 0,97
PFG_MOEA,217,4,189.76,972.7,0 57 38 69 47 89 10 28 42 76 9 55 46 7 81 75 61 93 100 8 0,61
PFG_MOEA,217,5,189.76,972.7,0 59 44 26 96 83 14 11 41 95 13 0,
PFG_MOEA,217,6,189.76,972.7,0 27 12 73 15 30 64 78 74 63 88 85 98 71 35 40 16 18 17 31 20 0,78 88 98
PFG_MOEA,218,1,201.38,878.14,0 13 27 12 73 30 64 78 74 63 88 85 98 15 71 35 40 16 18 19 31 17 0,19 27 78 88 98
PFG_MOEA,218,2,201.38,878.14,0 20 91 21 33 37 68 39 56 84 23 22 82 86 67 72 70 54 36 3 66 0,56
PFG_MOEA,218,3,201.38,878.14,0 4 24 53 80 58 48 62 92 50 25 43 1 34 99 2 0,25 34
PFG_MOEA,218,4,201.38,878.14,0 77 94 49 32 5 61 60 29 52 87 6 65 90 79 51 45 0,32 61
PFG_MOEA,218,5,201.38,878.14,0 100 81 75 9 55 97 93 57 95 41 11 14 83 96 0,83
PFG_MOEA,218,6,201.38,878.14,0 26 59 44 38 69 47 89 10 28 76 42 46 7 8 0,59 76
PFG_MOEA,219,1,239.86,802.65,0 13 27 12 73 30 64 78 74 63 88 85 98 15 71 35 40 16 18 39 68 37 33 21 91 19 31 17 20 0,18
PFG_MOEA,219,2,239.86,802.65,0 56 0,56
PFG_MOEA,219,3,239.86,802.65,0 4 80 66 53 24 3 36 54 70 72 67 86 82 84 23 22 1 43 25 50 0,
PFG_MOEA,219,4,239.86,802.65,0 34 0,34
PFG_MOEA,219,5,239.86,802.65,0 99 2 92 62 48 58 77 94 49 32 45 51 79 90 65 6 87 52 29 5 61 60 97 75 81 7 46 0,
PFG_MOEA,219,6,239.86,802.65,0 57 95 41 11 14 83 96 26 59 44 38 69 47 89 10 28 42 76 9 55 93 100 8 0,11 26 76 83 95
PFG_MOEA,220,1,189.76,972.7,0 19 91 33 82 86 67 72 70 54 36 3 66 80 4 53 24 0,
PFG_MOEA,220,2,189.76,972.7,0 50 92 62 58 48 43 34 1 22 23 84 56 39 68 37 21 99 2 25 0,56 62
PFG_MOEA,220,3,189.76,972.7,0 77 94 49 32 51 45 79 90 65 6 87 52 5 29 60 97 0,97
PFG_MOEA,220,4,189.76,972.7,0 57 38 69 47 89 10 28 42 76 9 55 46 7 81 75 61 93 100 8 0,61
PFG_MOEA,220,5,189.76,972.7,0 59 44 26 96 83 14 11 41 95 13 0,
PFG_MOEA,220,6,189.76,972.7,0 27 12 73 15 30 64 78 74 63 88 85 98 71 35 40 16 18 17 31 20 0,78 88 98
PFG_MOEA,221,1,201.38,878.14,0 13 27 12 73 30 64 78 74 63 88 85 98 15 71 35 40 16 18 19 31 17 0,19 27 78 88 98
PFG_MOEA,221,2,201.38,878.14,0 20 91 21 33 37 68 39 56 84 23 22 82 86 67 72 70 54 36 3 66 0,56
PFG_MOEA,221,3,201.38,878.14,0 4 24 53 80 58 48 62 92 50 25 43 1 34 99 2 0,25 34
PFG_MOEA,221,4,201.38,878.14,0 77 94 49 32 5 61 60 29 52 87 6 65 90 79 51 45 0,32 61
PFG_MOEA,221,5,201.38,878.14,0 100 81 75 9 55 97 93 57 95 41 11 14 83 96 0,83
PFG_MOEA,221,6,201.38,878.14,0 26 59 44 38 69 47 89 10 28 76 42 46 7 8 0,59 76
PFG_MOEA,222,1,239.86,802.65,0 13 27 12 73 30 64 78 74 63 88 85 98 15 71 35 40 16 18 39 68 37 33 21 91 19 31 17 20 0,18
PFG_MOEA,222,2,239.86,802.65,0 56 0,56
PFG_MOEA,222,3,239.86,802.65,0 4 80 66 53 24 3 36 54 70 72 67 86 82 84 23 22 1 43 25 50 0,
PFG_MOEA,222,4,239.86,802.65,0 34 0,34
PFG_MOEA,222,5,239.86,802.65,0 99 2 92 62 48 58 77 94 49 32 45 51 79 90 65 6 87 52 29 5 61 60 97 75 81 7 46 0,
PFG_MOEA,222,6,239.86,802.65,0 57 95 41 11 14 83 96 26 59 44 38 69 47 89 10 28 42 76 9 55 93 100 8 0,11 26 76 83 95
PFG_MOEA,223,1,189.76,972.7,0 19 91 33 82 86 67 72 70 54 36 3 66 80 4 53 24 0,
PFG_MOEA,223,2,189.76,972.7,0 50 92 62 58 48 43 34 1 22 23 84 56 39 68 37 21 99 2 25 0,56 62
PFG_MOEA,223,3,189.76,972.7,0 77 94 49 32 51 45 79 90 65 6 87 52 5 29 60 97 0,97
PFG_MOEA,223,4,189.76,972.7,0 57 38 69 47 89 10 28 42 76 9 55 46 7 81 75 61 93 100 8 0,61
PFG_MOEA,223,5,189.76,972.7,0 59 44 26 96 83 14 11 41 95 13 0,
PFG_MOEA,223,6,189.76,972.7,0 27 12 73 15 30 64 78 74 63 88 85 98 71 35 40 16 18 17 31 20 0,78 88 98
PFG_MOEA,224,1,201.38,878.14,0 13 27 12 73 30 64 78 74 63 88 85 98 15 71 35 40 16 18 19 31 17 0,19 27 78 88 98
PFG_MOEA,224,2,201.38,878.14,0 20 91 21 33 37 68 39 56 84 23 22 82 86 67 72 70 54 36 3 66 0,56
PFG_MOEA,224,3,201.38,878.14,0 4 24 53 80 58 48 62 92 50 25 43 1 34 99 2 0,25 34
PFG_MOEA,224,4,201.38,878.14,0 77 94 49 32 5 61 60 29 52 87 6 65 90 79 51 45 0,32 61
PFG_MOEA,224,5,201.38,878.14,0 100 81 75 9 55 97 93 57 95 41 11 14 83 96 0,83
PFG_MOEA,224,6,201.38,878.14,0 26 59 44 38 69 47 89 10 28 76 42 46 7 8 0,59 76
PFG_MOEA,225,1,239.86,802.65,0 13 27 12 73 30 64 78 74 63 88 85 98 15 71 35 40 16 18 39 68 37 33 21 91 19 31 17 20 0,18
PFG_MOEA,225,2,239.86,802.65,0 56 0,56
PFG_MOEA,225,3,239.86,802.65,0 4 80 66 53 24 3 36 54 70 72 67 86 82 84 23 22 1 43 25 50 0,
PFG_MOEA,225,4,239.86,802.65,0 34 0,34
PFG_MOEA,225,5,239.86,802.65,0 99 2 92 62 48 58 77 94 49 32 45 51 79 90 65 6 87 52 29 5 61 60 97 75 81 7 46 0,
PFG_MOEA,225,6,239.86,802.65,0 57 95 41 11 14 83 96 26 59 44 38 69 47 89 10 28 42 76 9 55 93 100 8 0,11 26 76 83 95
PFG_MOEA,226,1,189.76,972.7,0 19 91 33 82 86 67 72 70 54 36 3 66 80 4 53 24 0,
PFG_MOEA,226,2,189.76,972.7,0 50 92 62 58 48 43 34 1 22 23 84 56 39 68 37 21 99 2 25 0,56 62
PFG_MOEA,226,3,189.76,972.7,0 77 94 49 32 51 45 79 90 65 6 87 52 5 29 60 97 0,97
PFG_MOEA,226,4,189.76,972.7,0 57 38 69 47 89 10 28 42 76 9 55 46 7 81 75 61 93 100 8 0,61
PFG_MOEA,226,5,189.76,972.7,0 59 44 26 96 83 14 11 41 95 13 0,
PFG_MOEA,226,6,189.76,972.7,0 27 12 73 15 30 64 78 74 63 88 85 98 71 35 40 16 18 17 31 20 0,78 88 98
PFG_MOEA,227,1,201.38,878.14,0 13 27 12 73 30 64 78 74 63 88 85 98 15 71 35 40 16 18 19 31 17 0,19 27 78 88 98
PFG_MOEA,227,2,201.38,878.14,0 20 91 21 33 37 68 39 56 84 23 22 82 86 67 72 70 54 36 3 66 0,56
PFG_MOEA,227,3,201.38,878.14,0 4 24 53 80 58 48 62 92 50 25 43 1 34 99 2 0,25 34
PFG_MOEA,227,4,201.38,878.14,0 77 94 49 32 5 61 60 29 52 87 6 65 90 79 51 45 0,32 61
PFG_MOEA,227,5,201.38,878.14,0 100 81 75 9 55 97 93 57 95 41 11 14 83 96 0,83
PFG_MOEA,227,6,201.38,878.14,0 26 59 44 38 69 47 89 10 28 76 42 46 7 8 0,59 76
PFG_MOEA,228,1,239.86,802.65,0 13 27 12 73 30 64 78 74 63 88 85 98 15 71 35 40 16 18 39 68 37 33 21 91 19 31 17 20 0,18
PFG_MOEA,228,2,239.86,802.65,0 56 0,56
PFG_MOEA,228,3,239.86,802.65,0 4 80 66 53 24 3 36 54 70 72 67 86 82 84 23 22 1 43 25 50 0,
PFG_MOEA,228,4,239.86,802.65,0 34 0,34
PFG_MOEA,228,5,239.86,802.65,0 99 2 92 62 48 58 77 94 49 32 45 51 79 90 65 6 87 52 29 5 61 60 97 75 81 7 46 0,
PFG_MOEA,228,6,239.86,802.65,0 57 95 41 11 14 83 96 26 59 44 38 69 47 89 10 28 42 76 9 55 93 100 8 0,11 26 76 83 95
PFG_MOEA,229,1,189.76,972.7,0 19 91 33 82 86 67 72 70 54 36 3 66 80 4 53 24 0,
PFG_MOEA,229,2,189.76,972.7,0 50 92 62 58 48 43 34 1 22 23 84 56 39 68 37 21 99 2 25 0,56 62
PFG_MOEA,229,3,189.76,972.7,0 77 94 49 32 51 45 79 90 65 6 87 52 5 29 60 97 0,97
PFG_MOEA,229,4,189.76,972.7,0 57 38 69 47 89 10 28 42 76 9 55 46 7 81 75 61 93 100 8 0,61
PFG_MOEA,229,5,189.76,972.7,0 59 44 26 96 83 14 11 41 95 13 0,
PFG_MOEA,229,6,189.76,972.7,0 27 12 73 15 30 64 78 74 63 88 85 98 71 35 40 16 18 17 31 20 0,78 88 98
PFG_MOEA,230,1,201.38,878.14,0 13 27 12 73 30 64 78 74 63 88 85 98 15 71 35 40 16 18 19 31 17 0,19 27 78 88 98
PFG_MOEA,230,2,201.38,878.14,0 20 91 21 33 37 68 39 56 84 23 22 82 86 67 72 70 54 36 3 66 0,56
PFG_MOEA,230,3,201.38,878.14,0 4 24 53 80 58 48 62 92 50 25 43 1 34 99 2 0,25 34
PFG_MOEA,230,4,201.38,878.14,0 77 94 49 32 5 61 60 29 52 87 6 65 90 79 51 45 0,32 61
PFG_MOEA,230,5,201.38,878.14,0 100 81 75 9 55 97 93 57 95 41 11 14 83 96 0,83
PFG_MOEA,230,6,201.38,878.14,0 26 59 44 38 69 47 89 10 28 76 42 46 7 8 0,59 76
PFG_MOEA,231,1,239.86,802.65,0 13 27 12 73 30 64 78 74 63 88 85 98 15 71 35 40 16 18 39 68 37 33 21 91 19 31 17 20 0,18
PFG_MOEA,231,2,239.86,802.65,0 56 0,56
PFG_MOEA,231,3,239.86,802.65,0 4 80 66 53 24 3 36 54 70 72 67 86 82 84 23 22 1 43 25 50 0,
PFG_MOEA,231,4,239.86,802.65,0 34 0,34
PFG_MOEA,231,5,239.86,802.65,0 99 2 92 62 48 58 77 94 49 32 45 51 79 90 65 6 87 52 29 5 61 60 97 75 81 7 46 0,
PFG_MOEA,231,6,239.86,802.65,0 57 95 41 11 14 83 96 26 59 44 38 69 47 89 10 28 42 76 9 55 93 100 8 0,11 26 76 83 95
PFG_MOEA,232,1,189.76,972.7,0 19 91 33 82 86 67 72 70 54 36 3 66 80 4 53 24 0,
PFG_MOEA,232,2,189.76,972.7,0 50 92 62 58 48 43 34 1 22 23 84 56 39 68 37 21 99 2 25 0,56 62
PFG_MOEA,232,3,189.76,972.7,0 77 94 49 32 51 45 79 90 65 6 87 52 5 29 60 97 0,97
PFG_MOEA,232,4,189.76,972.7,0 57 38 69 47 89 10 28 42 76 9 55 46 7 81 75 61 93 100 8 0,61
PFG_MOEA,232,5,189.76,972.7,0 59 44 26 96 83 14 11 41 95 13 0,
PFG_MOEA,232,6,189.76,972.7,0 27 12 73 15 30 64 78 74 63 88 85 98 71 35 40 16 18 17 31 20 0,78 88 98
PFG_MOEA,233,1,201.38,878.14,0 13 27 12 73 30 64 78 74 63 88 85 98 15 71 35 40 16 18 19 31 17 0,19 27 78 88 98
PFG_MOEA,233,2,201.38,878.14,0 20 91 21 33 37 68 39 56 84 23 22 82 86 67 72 70 54 36 3 66 0,56
PFG_MOEA,233,3,201.38,878.14,0 4 24 53 80 58 48 62 92 50 25 43 1 34 99 2 0,25 34
PFG_MOEA,233,4,201.38,878.14,0 77 94 49 32 5 61 60 29 52 87 6 65 90 79 51 45 0,32 61
PFG_MOEA,233,5,201.38,878.14,0 100 81 75 9 55 97 93 57 95 41 11 14 83 96 0,83
PFG_MOEA,233,6,201.38,878.14,0 26 59 44 38 69 47 89 10 28 76 42 46 7 8 0,59 76
PFG_MOEA,234,1,239.86,802.65,0 13 27 12 73 30 64 78 74 63 88 85 98 15 71 35 40 16 18 39 68 37 33 21 91 19 31 17 20 0,18
PFG_MOEA,234,2,239.86,802.65,0 56 0,56
PFG_MOEA,234,3,239.86,802.65,0 4 80 66 53 24 3 36 54 70 72 67 86 82 84 23 22 1 43 25 50 0,
PFG_MOEA,234,4,239.86,802.65,0 34 0,34
PFG_MOEA,234,5,239.86,802.65,0 99 2 92 62 48 58 77 94 49 32 45 51 79 90 65 6 87 52 29 5 61 60 97 75 81 7 46 0,
PFG_MOEA,234,6,239.86,802.65,0 57 95 41 11 14 83 96 26 59 44 38 69 47 89 10 28 42 76 9 55 93 100 8 0,11 26 76 83 95
PFG_MOEA,235,1,189.76,972.7,0 19 91 33 82 86 67 72 70 54 36 3 66 80 4 53 24 0,
PFG_MOEA,235,2,189.76,972.7,0 50 92 62 58 48 43 34 1 22 23 84 56 39 68 37 21 99 2 25 0,56 62
PFG_MOEA,235,3,189.76,972.7,0 77 94 49 32 51 45 79 90 65 6 87 52 5 29 60 97 0,97
PFG_MOEA,235,4,189.76,972.7,0 57 38 69 47 89 10 28 42 76 9 55 46 7 81 75 61 93 100 8 0,61
PFG_MOEA,235,5,189.76,972.7,0 59 44 26 96 83 14 11 41 95 13 0,
PFG_MOEA,235,6,189.76,972.7,0 27 12 73 15 30 64 78 74 63 88 85 98 71 35 40 16 18 17 31 20 0,78 88 98
PFG_MOEA,236,1,201.38,878.14,0 13 27 12 73 30 64 78 74 63 88 85 98 15 71 35 40 16 18 19 31 17 0,19 27 78 88 98
PFG_MOEA,236,2,201.38,878.14,0 20 91 21 33 37 68 39 56 84 23 22 82 86 67 72 70 54 36 3 66 0,56
PFG_MOEA,236,3,201.38,878.14,0 4 24 53 80 58 48 62 92 50 25 43 1 34 99 2 0,25 34
PFG_MOEA,236,4,201.38,878.14,0 77 94 49 32 5 61 60 29 52 87 6 65 90 79 51 45 0,32 61
PFG_MOEA,236,5,201.38,878.14,0 100 81 75 9 55 97 93 57 95 41 11 14 83 96 0,83
PFG_MOEA,236,6,201.38,878.14,0 26 59 44 38 69 47 89 10 28 76 42 46 7 8 0,59 76
PFG_MOEA,237,1,239.86,802.65,0 13 27 12 73 30 64 78 74 63 88 85 98 15 71 35 40 16 18 39 68 37 33 21 91 19 31 17 20 0,18
PFG_MOEA,237,2,239.86,802.65,0 56 0,56
PFG_MOEA,237,3,239.86,802.65,0 4 80 66 53 24 3 36 54 70 72 67 86 82 84 23 22 1 43 25 50 0,
PFG_MOEA,237,4,239.86,802.65,0 34 0,34
PFG_MOEA,237,5,239.86,802.65,0 99 2 92 62 48 58 77 94 49 32 45 51 79 90 65 6 87 52 29 5 61 60 97 75 81 7 46 0,
PFG_MOEA,237,6,239.86,802.65,0 57 95 41 11 14 83 96 26 59 44 38 69 47 89 10 28 42 76 9 55 93 100 8 0,11 26 76 83 95
PFG_MOEA,238,1,189.76,972.7,0 19 91 33 82 86 67 72 70 54 36 3 66 80 4 53 24 0,
PFG_MOEA,238,2,189.76,972.7,0 50 92 62 58 48 43 34 1 22 23 84 56 39 68 37 21 99 2 25 0,56 62
PFG_MOEA,238,3,189.76,972.7,0 77 94 49 32 51 45 79 90 65 6 87 52 5 29 60 97 0,97
PFG_MOEA,238,4,189.76,972.7,0 57 38 69 47 89 10 28 42 76 9 55 46 7 81 75 61 93 100 8 0,61
PFG_MOEA,238,5,189.76,972.7,0 59 44 26 96 83 14 11 41 95 13 0,
PFG_MOEA,238,6,189.76,972.7,0 27 12 73 15 30 64 78 74 63 88 85 98 71 35 40 16 18 17 31 20 0,78 88 98
PFG_MOEA,239,1,201.38,878.14,0 13 27 12 73 30 64 78 74 63 88 85 98 15 71 35 40 16 18 19 31 17 0,19 27 78 88 98
PFG_MOEA,239,2,201.38,878.14,0 20 91 21 33 37 68 39 56 84 23 22 82 86 67 72 70 54 36 3 66 0,56
PFG_MOEA,239,3,201.38,878.14,0 4 24 53 80 58 48 62 92 50 25 43 1 34 99 2 0,25 34
PFG_MOEA,239,4,201.38,878.14,0 77 94 49 32 5 61 60 29 52 87 6 65 90 79 51 45 0,32 61
PFG_MOEA,239,5,201.38,878.14,0 100 81 75 9 55 97 93 57 95 41 11 14 83 96 0,83
PFG_MOEA,239,6,201.38,878.14,0 26 59 44 38 69 47 89 10 28 76 42 46 7 8 0,59 76
PFG_MOEA,240,1,239.86,802.65,0 13 27 12 73 30 64 78 74 63 88 85 98 15 71 35 40 16 18 39 68 37 33 21 91 19 31 17 20 0,18
PFG_MOEA,240,2,239.86,802.65,0 56 0,56
PFG_MOEA,240,3,239.86,802.65,0 4 80 66 53 24 3 36 54 70 72 67 86 82 84 23 22 1 43 25 50 0,
PFG_MOEA,240,4,239.86,802.65,0 34 0,34
PFG_MOEA,240,5,239.86,802.65,0 99 2 92 62 48 58 77 94 49 32 45 51 79 90 65 6 87 52 29 5 61 60 97 75 81 7 46 0,
PFG_MOEA,240,6,239.86,802.65,0 57 95 41 11 14 83 96 26 59 44 38 69 47 89 10 28 42 76 9 55 93 100 8 0,11 26 76 83 95
PFG_MOEA,241,1,189.76,972.7,0 19 91 33 82 86 67 72 70 54 36 3 66 80 4 53 24 0,
PFG_MOEA,241,2,189.76,972.7,0 50 92 62 58 48 43 34 1 22 23 84 56 39 68 37 21 99 2 25 0,56 62
PFG_MOEA,241,3,189.76,972.7,0 77 94 49 32 51 45 79 90 65 6 87 52 5 29 60 97 0,97
PFG_MOEA,241,4,189.76,972.7,0 57 38 69 47 89 10 28 42 76 9 55 46 7 81 75 61 93 100 8 0,61
PFG_MOEA,241,5,189.76,972.7,0 59 44 26 96 83 14 11 41 95 13 0,
PFG_MOEA,241,6,189.76,972.7,0 27 12 73 15 30 64 78 74 63 88 85 98 71 35 40 16 18 17 31 20 0,78 88 98
PFG_MOEA,242,1,201.38,878.14,0 13 27 12 73 30 64 78 74 63 88 85 98 15 71 35 40 16 18 19 31 17 0,19 27 78 88 98
PFG_MOEA,242,2,201.38,878.14,0 20 91 21 33 37 68 39 56 84 23 22 82 86 67 72 70 54 36 3 66 0,56
PFG_MOEA,242,3,201.38,878.14,0 4 24 53 80 58 48 62 92 50 25 43 1 34 99 2 0,25 34
PFG_MOEA,242,4,201.38,878.14,0 77 94 49 32 5 61 60 29 52 87 6 65 90 79 51 45 0,32 61
PFG_MOEA,242,5,201.38,878.14,0 100 81 75 9 55 97 93 57 95 41 11 14 83 96 0,83
PFG_MOEA,242,6,201.38,878.14,0 26 59 44 38 69 47 89 10 28 76 42 46 7 8 0,59 76
PFG_MOEA,243,1,239.86,802.65,0 13 27 12 73 30 64 78 74 63 88 85 98 15 71 35 40 16 18 39 68 37 33 21 91 19 31 17 20 0,18
PFG_MOEA,243,2,239.86,802.65,0 56 0,56
PFG_MOEA,243,3,239.86,802.65,0 4 80 66 53 24 3 36 54 70 72 67 86 82 84 23 22 1 43 25 50 0,
PFG_MOEA,243,4,239.86,802.65,0 34 0,34
PFG_MOEA,243,5,239.86,802.65,0 99 2 92 62 48 58 77 94 49 32 45 51 79 90 65 6 87 52 29 5 61 60 97 75 81 7 46 0,
PFG_MOEA,243,6,239.86,802.65,0 57 95 41 11 14 83 96 26 59 44 38 69 47 89 10 28 42 76 9 55 93 100 8 0,11 26 76 83 95
PFG_MOEA,244,1,189.76,972.7,0 19 91 33 82 86 67 72 70 54 36 3 66 80 4 53 24 0,
PFG_MOEA,244,2,189.76,972.7,0 50 92 62 58 48 43 34 1 22 23 84 56 39 68 37 21 99 2 25 0,56 62
PFG_MOEA,244,3,189.76,972.7,0 77 94 49 32 51 45 79 90 65 6 87 52 5 29 60 97 0,97
PFG_MOEA,244,4,189.76,972.7,0 57 38 69 47 89 10 28 42 76 9 55 46 7 81 75 61 93 100 8 0,61
PFG_MOEA,244,5,189.76,972.7,0 59 44 26 96 83 14 11 41 95 13 0,
PFG_MOEA,244,6,189.76,972.7,0 27 12 73 15 30 64 78 74 63 88 85 98 71 35 40 16 18 17 31 20 0,78 88 98
PFG_MOEA,245,1,201.38,878.14,0 13 27 12 73 30 64 78 74 63 88 85 98 15 71 35 40 16 18 19 31 17 0,19 27 78 88 98
PFG_MOEA,245,2,201.38,878.14,0 20 91 21 33 37 68 39 56 84 23 22 82 86 67 72 70 54 36 3 66 0,56
PFG_MOEA,245,3,201.38,878.14,0 4 24 53 80 58 48 62 92 50 25 43 1 34 99 2 0,25 34
PFG_MOEA,245,4,201.38,878.14,0 77 94 49 32 5 61 60 29 52 87 6 65 90 79 51 45 0,32 61
PFG_MOEA,245,5,201.38,878.14,0 100 81 75 9 55 97 93 57 95 41 11 14 83 96 0,83
PFG_MOEA,245,6,201.38,878.14,0 26 59 44 38 69 47 89 10 28 76 42 46 7 8 0,59 76
PFG_MOEA,246,1,239.86,802.65,0 13 27 12 73 30 64 78 74 63 88 85 98 15 71 35 40 16 18 39 68 37 33 21 91 19 31 17 20 0,18
PFG_MOEA,246,2,239.86,802.65,0 56 0,56
PFG_MOEA,246,3,239.86,802.65,0 4 80 66 53 24 3 36 54 70 72 67 86 82 84 23 22 1 43 25 50 0,
PFG_MOEA,246,4,239.86,802.65,0 34 0,34
PFG_MOEA,246,5,239.86,802.65,0 99 2 92 62 48 58 77 94 49 32 45 51 79 90 65 6 87 52 29 5 61 60 97 75 81 7 46 0,
PFG_MOEA,246,6,239.86,802.65,0 57 95 41 11 14 83 96 26 59 44 38 69 47 89 10 28 42 76 9 55 93 100 8 0,11 26 76 83 95
PFG_MOEA,247,1,189.76,972.7,0 19 91 33 82 86 67 72 70 54 36 3 66 80 4 53 24 0,
PFG_MOEA,247,2,189.76,972.7,0 50 92 62 58 48 43 34 1 22 23 84 56 39 68 37 21 99 2 25 0,56 62
PFG_MOEA,247,3,189.76,972.7,0 77 94 49 32 51 45 79 90 65 6 87 52 5 29 60 97 0,97
PFG_MOEA,247,4,189.76,972.7,0 57 38 69 47 89 10 28 42 76 9 55 46 7 81 75 61 93 100 8 0,61
PFG_MOEA,247,5,189.76,972.7,0 59 44 26 96 83 14 11 41 95 13 0,
PFG_MOEA,247,6,189.76,972.7,0 27 12 73 15 30 64 78 74 63 88 85 98 71 35 40 16 18 17 31 20 0,78 88 98
PFG_MOEA,248,1,201.38,878.14,0 13 27 12 73 30 64 78 74 63 88 85 98 15 71 35 40 16 18 19 31 17 0,19 27 78 88 98
PFG_MOEA,248,2,201.38,878.14,0 20 91 21 33 37 68 39 56 84 23 22 82 86 67 72 70 54 36 3 66 0,56
PFG_MOEA,248,3,201.38,878.14,0 4 24 53 80 58 48 62 92 50 25 43 1 34 99 2 0,25 34
PFG_MOEA,248,4,201.38,878.14,0 77 94 49 32 5 61 60 29 52 87 6 65 90 79 51 45 0,32 61
PFG_MOEA,248,5,201.38,878.14,0 100 81 75 9 55 97 93 57 95 41 11 14 83 96 0,83
PFG_MOEA,248,6,201.38,878.14,0 26 59 44 38 69 47 89 10 28 76 42 46 7 8 0,59 76
PFG_MOEA,249,1,239.86,802.65,0 13 27 12 73 30 64 78 74 63 88 85 98 15 71 35 40 16 18 39 68 37 33 21 91 19 31 17 20 0,18
PFG_MOEA,249,2,239.86,802.65,0 56 0,56
PFG_MOEA,249,3,239.86,802.65,0 4 80 66 53 24 3 36 54 70 72 67 86 82 84 23 22 1 43 25 50 0,
PFG_MOEA,249,4,239.86,802.65,0 34 0,34
PFG_MOEA,249,5,239.86,802.65,0 99 2 92 62 48 58 77 94 49 32 45 51 79 90 65 6 87 52 29 5 61 60 97 75 81 7 46 0,
PFG_MOEA,249,6,239.86,802.65,0 57 95 41 11 14 83 96 26 59 44 38 69 47 89 10 28 42 76 9 55 93 100 8 0,11 26 76 83 95
PFG_MOEA,250,1,189.76,972.7,0 19 91 33 82 86 67 72 70 54 36 3 66 80 4 53 24 0,
PFG_MOEA,250,2,189.76,972.7,0 50 92 62 58 48 43 34 1 22 23 84 56 39 68 37 21 99 2 25 0,56 62
PFG_MOEA,250,3,189.76,972.7,0 77 94 49 32 51 45 79 90 65 6 87 52 5 29 60 97 0,97
PFG_MOEA,250,4,189.76,972.7,0 57 38 69 47 89 10 28 42 76 9 55 46 7 81 75 61 93 100 8 0,61
PFG_MOEA,250,5,189.76,972.7,0 59 44 26 96 83 14 11 41 95 13 0,
PFG_MOEA,250,6,189.76,972.7,0 27 12 73 15 30 64 78 74 63 88 85 98 71 35 40 16 18 17 31 20 0,78 88 98
PFG_MOEA,251,1,201.38,878.14,0 13 27 12 73 30 64 78 74 63 88 85 98 15 71 35 40 16 18 19 31 17 0,19 27 78 88 98
PFG_MOEA,251,2,201.38,878.14,0 20 91 21 33 37 68 39 56 84 23 22 82 86 67 72 70 54 36 3 66 0,56
PFG_MOEA,251,3,201.38,878.14,0 4 24 53 80 58 48 62 92 50 25 43 1 34 99 2 0,25 34
PFG_MOEA,251,4,201.38,878.14,0 77 94 49 32 5 61 60 29 52 87 6 65 90 79 51 45 0,32 61
PFG_MOEA,251,5,201.38,878.14,0 100 81 75 9 55 97 93 57 95 41 11 14 83 96 0,83
PFG_MOEA,251,6,201.38,878.14,0 26 59 44 38 69 47 89 10 28 76 42 46 7 8 0,59 76
PFG_MOEA,252,1,239.86,802.65,0 13 27 12 73 30 64 78 74 63 88 85 98 15 71 35 40 16 18 39 68 37 33 21 91 19 31 17 20 0,18
PFG_MOEA,252,2,239.86,802.65,0 56 0,56
PFG_MOEA,252,3,239.86,802.65,0 4 80 66 53 24 3 36 54 70 72 67 86 82 84 23 22 1 43 25 50 0,
PFG_MOEA,252,4,239.86,802.65,0 34 0,34
PFG_MOEA,252,5,239.86,802.65,0 99 2 92 62 48 58 77 94 49 32 45 51 79 90 65 6 87 52 29 5 61 60 97 75 81 7 46 0,
PFG_MOEA,252,6,239.86,802.65,0 57 95 41 11 14 83 96 26 59 44 38 69 47 89 10 28 42 76 9 55 93 100 8 0,11 26 76 83 95
PFG_MOEA,253,1,189.76,972.7,0 19 91 33 82 86 67 72 70 54 36 3 66 80 4 53 24 0,
PFG_MOEA,253,2,189.76,972.7,0 50 92 62 58 48 43 34 1 22 23 84 56 39 68 37 21 99 2 25 0,56 62
PFG_MOEA,253,3,189.76,972.7,0 77 94 49 32 51 45 79 90 65 6 87 52 5 29 60 97 0,97
PFG_MOEA,253,4,189.76,972.7,0 57 38 69 47 89 10 28 42 76 9 55 46 7 81 75 61 93 100 8 0,61
PFG_MOEA,253,5,189.76,972.7,0 59 44 26 96 83 14 11 41 95 13 0,
PFG_MOEA,253,6,189.76,972.7,0 27 12 73 15 30 64 78 74 63 88 85 98 71 35 40 16 18 17 31 20 0,78 88 98
PFG_MOEA,254,1,201.38,878.14,0 13 27 12 73 30 64 78 74 63 88 85 98 15 71 35 40 16 18 19 31 17 0,19 27 78 88 98
PFG_MOEA,254,2,201.38,878.14,0 20 91 21 33 37 68 39 56 84 23 22 82 86 67 72 70 54 36 3 66 0,56
PFG_MOEA,254,3,201.38,878.14,0 4 24 53 80 58 48 62 92 50 25 43 1 34 99 2 0,25 34
PFG_MOEA,254,4,201.38,878.14,0 77 94 49 32 5 61 60 29 52 87 6 65 90 79 51 45 0,32 61
PFG_MOEA,254,5,201.38,878.14,0 100 81 75 9 55 97 93 57 95 41 11 14 83 96 0,83
PFG_MOEA,254,6,201.38,878.14,0 26 59 44 38 69 47 89 10 28 76 42 46 7 8 0,59 76
PFG_MOEA,255,1,239.86,802.65,0 13 27 12 73 30 64 78 74 63 88 85 98 15 71 35 40 16 18 39 68 37 33 21 91 19 31 17 20 0,18
PFG_MOEA,255,2,239.86,802.65,0 56 0,56
PFG_MOEA,255,3,239.86,802.65,0 4 80 66 53 24 3 36 54 70 72 67 86 82 84 23 22 1 43 25 50 0,
PFG_MOEA,255,4,239.86,802.65,0 34 0,34
PFG_MOEA,255,5,239.86,802.65,0 99 2 92 62 48 58 77 94 49 32 45 51 79 90 65 6 87 52 29 5 61 60 97 75 81 7 46 0,
PFG_MOEA,255,6,239.86,802.65,0 57 95 41 11 14 83 96 26 59 44 38 69 47 89 10 28 42 76 9 55 93 100 8 0,11 26 76 83 95
PFG_MOEA,256,1,189.76,972.7,0 19 91 33 82 86 67 72 70 54 36 3 66 80 4 53 24 0,
PFG_MOEA,256,2,189.76,972.7,0 50 92 62 58 48 43 34 1 22 23 84 56 39 68 37 21 99 2 25 0,56 62
PFG_MOEA,256,3,189.76,972.7,0 77 94 49 32 51 45 79 90 65 6 87 52 5 29 60 97 0,97
PFG_MOEA,256,4,189.76,972.7,0 57 38 69 47 89 10 28 42 76 9 55 46 7 81 75 61 93 100 8 0,61
PFG_MOEA,256,5,189.76,972.7,0 59 44 26 96 83 14 11 41 95 13 0,
PFG_MOEA,256,6,189.76,972.7,0 27 12 73 15 30 64 78 74 63 88 85 98 71 35 40 16 18 17 31 20 0,78 88 98
PFG_MOEA,257,1,201.38,878.14,0 13 27 12 73 30 64 78 74 63 88 85 98 15 71 35 40 16 18 19 31 17 0,19 27 78 88 98
PFG_MOEA,257,2,201.38,878.14,0 20 91 21 33 37 68 39 56 84 23 22 82 86 67 72 70 54 36 3 66 0,56
PFG_MOEA,257,3,201.38,878.14,0 4 24 53 80 58 48 62 92 50 25 43 1 34 99 2 0,25 34
PFG_MOEA,257,4,201.38,878.14,0 77 94 49 32 5 61 60 29 52 87 6 65 90 79 51 45 0,32 61
PFG_MOEA,257,5,201.38,878.14,0 100 81 75 9 55 97 93 57 95 41 11 14 83 96 0,83
PFG_MOEA,257,6,201.38,878.14,0 26 59 44 38 69 47 89 10 28 76 42 46 7 8 0,59 76
PFG_MOEA,258,1,239.86,802.65,0 13 27 12 73 30 64 78 74 63 88 85 98 15 71 35 40 16 18 39 68 37 33 21 91 19 31 17 20 0,18
PFG_MOEA,258,2,239.86,802.65,0 56 0,56
PFG_MOEA,258,3,239.86,802.65,0 4 80 66 53 24 3 36 54 70 72 67 86 82 84 23 22 1 43 25 50 0,
PFG_MOEA,258,4,239.86,802.65,0 34 0,34
PFG_MOEA,258,5,239.86,802.65,0 99 2 92 62 48 58 77 94 49 32 45 51 79 90 65 6 87 52 29 5 61 60 97 75 81 7 46 0,
PFG_MOEA,258,6,239.86,802.65,0 57 95 41 11 14 83 96 26 59 44 38 69 47 89 10 28 42 76 9 55 93 100 8 0,11 26 76 83 95
PFG_MOEA,259,1,189.76,972.7,0 19 91 33 82 86 67 72 70 54 36 3 66 80 4 53 24 0,
PFG_MOEA,259,2,189.76,972.7,0 50 92 62 58 48 43 34 1 22 23 84 56 39 68 37 21 99 2 25 0,56 62
PFG_MOEA,259,3,189.76,972.7,0 77 94 49 32 51 45 79 90 65 6 87 52 5 29 60 97 0,97
PFG_MOEA,259,4,189.76,972.7,0 57 38 69 47 89 10 28 42 76 9 55 46 7 81 75 61 93 100 8 0,61
PFG_MOEA,259,5,189.76,972.7,0 59 44 26 96 83 14 11 41 95 13 0,
PFG_MOEA,259,6,189.76,972.7,0 27 12 73 15 30 64 78 74 63 88 85 98 71 35 40 16 18 17 31 20 0,78 88 98
PFG_MOEA,260,1,201.38,878.14,0 13 27 12 73 30 64 78 74 63 88 85 98 15 71 35 40 16 18 19 31 17 0,19 27 78 88 98
PFG_MOEA,260,2,201.38,878.14,0 20 91 21 33 37 68 39 56 84 23 22 82 86 67 72 70 54 36 3 66 0,56
PFG_MOEA,260,3,201.38,878.14,0 4 24 53 80 58 48 62 92 50 25 43 1 34 99 2 0,25 34
PFG_MOEA,260,4,201.38,878.14,0 77 94 49 32 5 61 60 29 52 87 6 65 90 79 51 45 0,32 61
PFG_MOEA,260,5,201.38,878.14,0 100 81 75 9 55 97 93 57 95 41 11 14 83 96 0,83
PFG_MOEA,260,6,201.38,878.14,0 26 59 44 38 69 47 89 10 28 76 42 46 7 8 0,59 76
PFG_MOEA,261,1,239.86,802.65,0 13 27 12 73 30 64 78 74 63 88 85 98 15 71 35 40 16 18 39 68 37 33 21 91 19 31 17 20 0,18
PFG_MOEA,261,2,239.86,802.65,0 56 0,56
PFG_MOEA,261,3,239.86,802.65,0 4 80 66 53 24 3 36 54 70 72 67 86 82 84 23 22 1 43 25 50 0,
PFG_MOEA,261,4,239.86,802.65,0 34 0,34
PFG_MOEA,261,5,239.86,802.65,0 99 2 92 62 48 58 77 94 49 32 45 51 79 90 65 6 87 52 29 5 61 60 97 75 81 7 46 0,
PFG_MOEA,261,6,239.86,802.65,0 57 95 41 11 14 83 96 26 59 44 38 69 47 89 10 28 42 76 9 55 93 100 8 0,11 26 76 83 95
PFG_MOEA,262,1,189.76,972.7,0 19 91 33 82 86 67 72 70 54 36 3 66 80 4 53 24 0,
PFG_MOEA,262,2,189.76,972.7,0 50 92 62 58 48 43 34 1 22 23 84 56 39 68 37 21 99 2 25 0,56 62
PFG_MOEA,262,3,189.76,972.7,0 77 94 49 32 51 45 79 90 65 6 87 52 5 29 60 97 0,97
PFG_MOEA,262,4,189.76,972.7,0 57 38 69 47 89 10 28 42 76 9 55 46 7 81 75 61 93 100 8 0,61
PFG_MOEA,262,5,189.76,972.7,0 59 44 26 96 83 14 11 41 95 13 0,
PFG_MOEA,262,6,189.76,972.7,0 27 12 73 15 30 64 78 74 63 88 85 98 71 35 40 16 18 17 31 20 0,78 88 98
PFG_MOEA,263,1,201.38,878.14,0 13 27 12 73 30 64 78 74 63 88 85 98 15 71 35 40 16 18 19 31 17 0,19 27 78 88 98
PFG_MOEA,263,2,201.38,878.14,0 20 91 21 33 37 68 39 56 84 23 22 82 86 67 72 70 54 36 3 66 0,56
PFG_MOEA,263,3,201.38,878.14,0 4 24 53 80 58 48 62 92 50 25 43 1 34 99 2 0,25 34
PFG_MOEA,263,4,201.38,878.14,0 77 94 49 32 5 61 60 29 52 87 6 65 90 79 51 45 0,32 61
PFG_MOEA,263,5,201.38,878.14,0 100 81 75 9 55 97 93 57 95 41 11 14 83 96 0,83
PFG_MOEA,263,6,201.38,878.14,0 26 59 44 38 69 47 89 10 28 76 42 46 7 8 0,59 76
PFG_MOEA,264,1,239.86,802.65,0 13 27 12 73 30 64 78 74 63 88 85 98 15 71 35 40 16 18 39 68 37 33 21 91 19 31 17 20 0,18
PFG_MOEA,264,2,239.86,802.65,0 56 0,56
PFG_MOEA,264,3,239.86,802.65,0 4 80 66 53 24 3 36 54 70 72 67 86 82 84 23 22 1 43 25 50 0,
PFG_MOEA,264,4,239.86,802.65,0 34 0,34
PFG_MOEA,264,5,239.86,802.65,0 99 2 92 62 48 58 77 94 49 32 45 51 79 90 65 6 87 52 29 5 61 60 97 75 81 7 46 0,
PFG_MOEA,264,6,239.86,802.65,0 57 95 41 11 14 83 96 26 59 44 38 69 47 89 10 28 42 76 9 55 93 100 8 0,11 26 76 83 95
PFG_MOEA,265,1,189.76,972.7,0 19 91 33 82 86 67 72 70 54 36 3 66 80 4 53 24 0,
PFG_MOEA,265,2,189.76,972.7,0 50 92 62 58 48 43 34 1 22 23 84 56 39 68 37 21 99 2 25 0,56 62
PFG_MOEA,265,3,189.76,972.7,0 77 94 49 32 51 45 79 90 65 6 87 52 5 29 60 97 0,97
PFG_MOEA,265,4,189.76,972.7,0 57 38 69 47 89 10 28 42 76 9 55 46 7 81 75 61 93 100 8 0,61
PFG_MOEA,265,5,189.76,972.7,0 59 44 26 96 83 14 11 41 95 13 0,
PFG_MOEA,265,6,189.76,972.7,0 27 12 73 15 30 64 78 74 63 88 85 98 71 35 40 16 18 17 31 20 0,78 88 98
PFG_MOEA,266,1,201.38,878.14,0 13 27 12 73 30 64 78 74 63 88 85 98 15 71 35 40 16 18 19 31 17 0,19 27 78 88 98
PFG_MOEA,266,2,201.38,878.14,0 20 91 21 33 37 68 39 56 84 23 22 82 86 67 72 70 54 36 3 66 0,56
PFG_MOEA,266,3,201.38,878.14,0 4 24 53 80 58 48 62 92 50 25 43 1 34 99 2 0,25 34
PFG_MOEA,266,4,201.38,878.14,0 77 94 49 32 5 61 60 29 52 87 6 65 90 79 51 45 0,32 61
PFG_MOEA,266,5,201.38,878.14,0 100 81 75 9 55 97 93 57 95 41 11 14 83 96 0,83
PFG_MOEA,266,6,201.38,878.14,0 26 59 44 38 69 47 89 10 28 76 42 46 7 8 0,59 76
PFG_MOEA,267,1,239.86,802.65,0 13 27 12 73 30 64 78 74 63 88 85 98 15 71 35 40 16 18 39 68 37 33 21 91 19 31 17 20 0,18
PFG_MOEA,267,2,239.86,802.65,0 56 0,56
PFG_MOEA,267,3,239.86,802.65,0 4 80 66 53 24 3 36 54 70 72 67 86 82 84 23 22 1 43 25 50 0,
PFG_MOEA,267,4,239.86,802.65,0 34 0,34
PFG_MOEA,267,5,239.86,802.65,0 99 2 92 62 48 58 77 94 49 32 45 51 79 90 65 6 87 52 29 5 61 60 97 75 81 7 46 0,
PFG_MOEA,267,6,239.86,802.65,0 57 95 41 11 14 83 96 26 59 44 38 69 47 89 10 28 42 76 9 55 93 100 8 0,11 26 76 83 95
PFG_MOEA,268,1,189.76,972.7,0 19 91 33 82 86 67 72 70 54 36 3 66 80 4 53 24 0,
PFG_MOEA,268,2,189.76,972.7,0 50 92 62 58 48 43 34 1 22 23 84 56 39 68 37 21 99 2 25 0,56 62
PFG_MOEA,268,3,189.76,972.7,0 77 94 49 32 51 45 79 90 65 6 87 52 5 29 60 97 0,97
PFG_MOEA,268,4,189.76,972.7,0 57 38 69 47 89 10 28 42 76 9 55 46 7 81 75 61 93 100 8 0,61
PFG_MOEA,268,5,189.76,972.7,0 59 44 26 96 83 14 11 41 95 13 0,
PFG_MOEA,268,6,189.76,972.7,0 27 12 73 15 30 64 78 74 63 88 85 98 71 35 40 16 18 17 31 20 0,78 88 98
PFG_MOEA,269,1,201.38,878.14,0 13 27 12 73 30 64 78 74 63 88 85 98 15 71 35 40 16 18 19 31 17 0,19 27 78 88 98
PFG_MOEA,269,2,201.38,878.14,0 20 91 21 33 37 68 39 56 84 23 22 82 86 67 72 70 54 36 3 66 0,56
PFG_MOEA,269,3,201.38,878.14,0 4 24 53 80 58 48 62 92 50 25 43 1 34 99 2 0,25 34
PFG_MOEA,269,4,201.38,878.14,0 77 94 49 32 5 61 60 29 52 87 6 65 90 79 51 45 0,32 61
PFG_MOEA,269,5,201.38,878.14,0 100 81 75 9 55 97 93 57 95 41 11 14 83 96 0,83
PFG_MOEA,269,6,201.38,878.14,0 26 59 44 38 69 47 89 10 28 76 42 46 7 8 0,59 76
PFG_MOEA,270,1,239.86,802.65,0 13 27 12 73 30 64 78 74 63 88 85 98 15 71 35 40 16 18 39 68 37 33 21 91 19 31 17 20 0,18
PFG_MOEA,270,2,239.86,802.65,0 56 0,56
PFG_MOEA,270,3,239.86,802.65,0 4 80 66 53 24 3 36 54 70 72 67 86 82 84 23 22 1 43 25 50 0,
PFG_MOEA,270,4,239.86,802.65,0 34 0,34
PFG_MOEA,270,5,239.86,802.65,0 99 2 92 62 48 58 77 94 49 32 45 51 79 90 65 6 87 52 29 5 61 60 97 75 81 7 46 0,
PFG_MOEA,270,6,239.86,802.65,0 57 95 41 11 14 83 96 26 59 44 38 69 47 89 10 28 42 76 9 55 93 100 8 0,11 26 76 83 95
PFG_MOEA,271,1,189.76,972.7,0 19 91 33 82 86 67 72 70 54 36 3 66 80 4 53 24 0,
PFG_MOEA,271,2,189.76,972.7,0 50 92 62 58 48 43 34 1 22 23 84 56 39 68 37 21 99 2 25 0,56 62
PFG_MOEA,271,3,189.76,972.7,0 77 94 49 32 51 45 79 90 65 6 87 52 5 29 60 97 0,97
PFG_MOEA,271,4,189.76,972.7,0 57 38 69 47 89 10 28 42 76 9 55 46 7 81 75 61 93 100 8 0,61
PFG_MOEA,271,5,189.76,972.7,0 59 44 26 96 83 14 11 41 95 13 0,
PFG_MOEA,271,6,189.76,972.7,0 27 12 73 15 30 64 78 74 63 88 85 98 71 35 40 16 18 17 31 20 0,78 88 98
PFG_MOEA,272,1,201.38,878.14,0 13 27 12 73 30 64 78 74 63 88 85 98 15 71 35 40 16 18 19 31 17 0,19 27 78 88 98
PFG_MOEA,272,2,201.38,878.14,0 20 91 21 33 37 68 39 56 84 23 22 82 86 67 72 70 54 36 3 66 0,56
PFG_MOEA,272,3,201.38,878.14,0 4 24 53 80 58 48 62 92 50 25 43 1 34 99 2 0,25 34
PFG_MOEA,272,4,201.38,878.14,0 77 94 49 32 5 61 60 29 52 87 6 65 90 79 51 45 0,32 61
PFG_MOEA,272,5,201.38,878.14,0 100 81 75 9 55 97 93 57 95 41 11 14 83 96 0,83
PFG_MOEA,272,6,201.38,878.14,0 26 59 44 38 69 47 89 10 28 76 42 46 7 8 0,59 76
PFG_MOEA,273,1,239.86,802.65,0 13 27 12 73 30 64 78 74 63 88 85 98 15 71 35 40 16 18 39 68 37 33 21 91 19 31 17 20 0,18
PFG_MOEA,273,2,239.86,802.65,0 56 0,56
PFG_MOEA,273,3,239.86,802.65,0 4 80 66 53 24 3 36 54 70 72 67 86 82 84 23 22 1 43 25 50 0,
PFG_MOEA,273,4,239.86,802.65,0 34 0,34
PFG_MOEA,273,5,239.86,802.65,0 99 2 92 62 48 58 77 94 49 32 45 51 79 90 65 6 87 52 29 5 61 60 97 75 81 7 46 0,
PFG_MOEA,273,6,239.86,802.65,0 57 95 41 11 14 83 96 26 59 44 38 69 47 89 10 28 42 76 9 55 93 100 8 0,11 26 76 83 95
PFG_MOEA,274,1,189.76,972.7,0 19 91 33 82 86 67 72 70 54 36 3 66 80 4 53 24 0,
PFG_MOEA,274,2,189.76,972.7,0 50 92 62 58 48 43 34 1 22 23 84 56 39 68 37 21 99 2 25 0,56 62
PFG_MOEA,274,3,189.76,972.7,0 77 94 49 32 51 45 79 90 65 6 87 52 5 29 60 97 0,97
PFG_MOEA,274,4,189.76,972.7,0 57 38 69 47 89 10 28 42 76 9 55 46 7 81 75 61 93 100 8 0,61
PFG_MOEA,274,5,189.76,972.7,0 59 44 26 96 83 14 11 41 95 13 0,
PFG_MOEA,274,6,189.76,972.7,0 27 12 73 15 30 64 78 74 63 88 85 98 71 35 40 16 18 17 31 20 0,78 88 98
PFG_MOEA,275,1,201.38,878.14,0 13 27 12 73 30 64 78 74 63 88 85 98 15 71 35 40 16 18 19 31 17 0,19 27 78 88 98
PFG_MOEA,275,2,201.38,878.14,0 20 91 21 33 37 68 39 56 84 23 22 82 86 67 72 70 54 36 3 66 0,56
PFG_MOEA,275,3,201.38,878.14,0 4 24 53 80 58 48 62 92 50 25 43 1 34 99 2 0,25 34
PFG_MOEA,275,4,201.38,878.14,0 77 94 49 32 5 61 60 29 52 87 6 65 90 79 51 45 0,32 61
PFG_MOEA,275,5,201.38,878.14,0 100 81 75 9 55 97 93 57 95 41 11 14 83 96 0,83
PFG_MOEA,275,6,201.38,878.14,0 26 59 44 38 69 47 89 10 28 76 42 46 7 8 0,59 76
PFG_MOEA,276,1,239.86,802.65,0 13 27 12 73 30 64 78 74 63 88 85 98 15 71 35 40 16 18 39 68 37 33 21 91 19 31 17 20 0,18
PFG_MOEA,276,2,239.86,802.65,0 56 0,56
PFG_MOEA,276,3,239.86,802.65,0 4 80 66 53 24 3 36 54 70 72 67 86 82 84 23 22 1 43 25 50 0,
PFG_MOEA,276,4,239.86,802.65,0 34 0,34
PFG_MOEA,276,5,239.86,802.65,0 99 2 92 62 48 58 77 94 49 32 45 51 79 90 65 6 87 52 29 5 61 60 97 75 81 7 46 0,
PFG_MOEA,276,6,239.86,802.65,0 57 95 41 11 14 83 96 26 59 44 38 69 47 89 10 28 42 76 9 55 93 100 8 0,11 26 76 83 95
PFG_MOEA,277,1,189.76,972.7,0 19 91 33 82 86 67 72 70 54 36 3 66 80 4 53 24 0,
PFG_MOEA,277,2,189.76,972.7,0 50 92 62 58 48 43 34 1 22 23 84 56 39 68 37 21 99 2 25 0,56 62
PFG_MOEA,277,3,189.76,972.7,0 77 94 49 32 51 45 79 90 65 6 87 52 5 29 60 97 0,97
PFG_MOEA,277,4,189.76,972.7,0 57 38 69 47 89 10 28 42 76 9 55 46 7 81 75 61 93 100 8 0,61
PFG_MOEA,277,5,189.76,972.7,0 59 44 26 96 83 14 11 41 95 13 0,
PFG_MOEA,277,6,189.76,972.7,0 27 12 73 15 30 64 78 74 63 88 85 98 71 35 40 16 18 17 31 20 0,78 88 98
PFG_MOEA,278,1,201.38,878.14,0 13 27 12 73 30 64 78 74 63 88 85 98 15 71 35 40 16 18 19 31 17 0,19 27 78 88 98
PFG_MOEA,278,2,201.38,878.14,0 20 91 21 33 37 68 39 56 84 23 22 82 86 67 72 70 54 36 3 66 0,56
PFG_MOEA,278,3,201.38,878.14,0 4 24 53 80 58 48 62 92 50 25 43 1 34 99 2 0,25 34
PFG_MOEA,278,4,201.38,878.14,0 77 94 49 32 5 61 60 29 52 87 6 65 90 79 51 45 0,32 61
PFG_MOEA,278,5,201.38,878.14,0 100 81 75 9 55 97 93 57 95 41 11 14 83 96 0,83
PFG_MOEA,278,6,201.38,878.14,0 26 59 44 38 69 47 89 10 28 76 42 46 7 8 0,59 76
PFG_MOEA,279,1,239.86,802.65,0 13 27 12 73 30 64 78 74 63 88 85 98 15 71 35 40 16 18 39 68 37 33 21 91 19 31 17 20 0,18
PFG_MOEA,279,2,239.86,802.65,0 56 0,56
PFG_MOEA,279,3,239.86,802.65,0 4 80 66 53 24 3 36 54 70 72 67 86 82 84 23 22 1 43 25 50 0,
PFG_MOEA,279,4,239.86,802.65,0 34 0,34
PFG_MOEA,279,5,239.86,802.65,0 99 2 92 62 48 58 77 94 49 32 45 51 79 90 65 6 87 52 29 5 61 60 97 75 81 7 46 0,
PFG_MOEA,279,6,239.86,802.65,0 57 95 41 11 14 83 96 26 59 44 38 69 47 89 10 28 42 76 9 55 93 100 8 0,11 26 76 83 95
PFG_MOEA,280,1,189.76,972.7,0 19 91 33 82 86 67 72 70 54 36 3 66 80 4 53 24 0,
PFG_MOEA,280,2,189.76,972.7,0 50 92 62 58 48 43 34 1 22 23 84 56 39 68 37 21 99 2 25 0,56 62
PFG_MOEA,280,3,189.76,972.7,0 77 94 49 32 51 45 79 90 65 6 87 52 5 29 60 97 0,97
PFG_MOEA,280,4,189.76,972.7,0 57 38 69 47 89 10 28 42 76 9 55 46 7 81 75 61 93 100 8 0,61
PFG_MOEA,280,5,189.76,972.7,0 59 44 26 96 83 14 11 41 95 13 0,
PFG_MOEA,280,6,189.76,972.7,0 27 12 73 15 30 64 78 74 63 88 85 98 71 35 40 16 18 17 31 20 0,78 88 98
PFG_MOEA,281,1,201.38,878.14,0 13 27 12 73 30 64 78 74 63 88 85 98 15 71 35 40 16 18 19 31 17 0,19 27 78 88 98
PFG_MOEA,281,2,201.38,878.14,0 20 91 21 33 37 68 39 56 84 23 22 82 86 67 72 70 54 36 3 66 0,56
PFG_MOEA,281,3,201.38,878.14,0 4 24 53 80 58 48 62 92 50 25 43 1 34 99 2 0,25 34
PFG_MOEA,281,4,201.38,878.14,0 77 94 49 32 5 61 60 29 52 87 6 65 90 79 51 45 0,32 61
PFG_MOEA,281,5,201.38,878.14,0 100 81 75 9 55 97 93 57 95 41 11 14 83 96 0,83
PFG_MOEA,281,6,201.38,878.14,0 26 59 44 38 69 47 89 10 28 76 42 46 7 8 0,59 76
PFG_MOEA,282,1,239.86,802.65,0 13 27 12 73 30 64 78 74 63 88 85 98 15 71 35 40 16 18 39 68 37 33 21 91 19 31 17 20 0,18
PFG_MOEA,282,2,239.86,802.65,0 56 0,56
PFG_MOEA,282,3,239.86,802.65,0 4 80 66 53 24 3 36 54 70 72 67 86 82 84 23 22 1 43 25 50 0,
PFG_MOEA,282,4,239.86,802.65,0 34 0,34
PFG_MOEA,282,5,239.86,802.65,0 99 2 92 62 48 58 77 94 49 32 45 51 79 90 65 6 87 52 29 5 61 60 97 75 81 7 46 0,
PFG_MOEA,282,6,239.86,802.65,0 57 95 41 11 14 83 96 26 59 44 38 69 47 89 10 28 42 76 9 55 93 100 8 0,11 26 76 83 95
