algorithm,solution_id,truck_id,makespan,carbon,truck_route,drone_customers
PFG_MOEA,1,1,306.31,2495.58,0 136 20 143 5 61 109 11 36 126 34 112 180 182 167 56 9 137 85 17 162 200 142 120 74 62 135 107 156 124 0,11 126
PFG_MOEA,1,2,306.31,2495.58,0 47 123 97 155 111 179 33 14 132 18 46 4 99 60 173 151 116 199 171 144 30 24 59 1 44 7 2 77 0,99
PFG_MOEA,1,3,306.31,2495.58,0 51 48 146 175 78 185 66 166 195 58 100 113 178 86 104 181 53 93 43 160 192 69 70 55 196 119 198 128 98 21 115 39 64 0,93 181
PFG_MOEA,1,4,306.31,2495.58,0 131 163 106 40 68 95 172 94 32 41 169 67 191 92 130 90 168 75 80 140 38 82 161 133 158 102 105 49 147 23 183 88 145 174 157 118 170 114 188 138 81 26 10 8 50 71 0,80 105
PFG_MOEA,1,5,306.31,2495.58,0 152 83 153 12 149 177 52 6 63 159 19 139 103 190 45 54 15 87 22 187 57 184 27 89 28 121 110 42 29 164 127 73 3 0,149 190
PFG_MOEA,1,6,306.31,2495.58,0 117 13 79 96 134 186 141 125 154 165 129 16 108 35 150 31 101 25 148 91 193 122 194 37 72 189 197 76 65 176 84 0,91 141
PFG_MOEA,2,1,306.31,2495.58,0 136 20 143 5 61 109 11 36 126 34 112 180 182 167 56 9 137 85 17 162 200 142 120 74 62 135 107 156 124 0,11 126
PFG_MOEA,2,2,306.31,2495.58,0 47 123 97 155 111 179 33 14 132 18 46 4 99 60 173 151 116 199 171 144 30 24 59 1 44 7 2 77 0,99
PFG_MOEA,2,3,306.31,2495.58,0 51 48 146 175 78 185 66 166 195 58 100 113 178 86 104 181 53 93 43 160 192 69 70 55 196 119 198 128 98 21 115 39 64 0,93 181
PFG_MOEA,2,4,306.31,2495.58,0 131 163 106 40 68 95 172 94 32 41 169 67 191 92 130 90 168 75 80 140 38 82 161 133 158 102 105 49 147 23 183 88 145 174 157 118 170 114 188 138 81 26 10 8 50 71 0,80 105
PFG_MOEA,2,5,306.31,2495.58,0 152 83 153 12 149 177 52 6 63 159 19 139 103 190 45 54 15 87 22 187 57 184 27 89 28 121 110 42 29 164 127 73 3 0,149 190
PFG_MOEA,2,6,306.31,2495.58,0 117 13 79 96 134 186 141 125 154 165 129 16 108 35 150 31 101 25 148 91 193 122 194 37 72 189 197 76 65 176 84 0,91 141
PFG_MOEA,3,1,306.31,2495.58,0 136 20 143 5 61 109 11 36 126 34 112 180 182 167 56 9 137 85 17 162 200 142 120 74 62 135 107 156 124 0,11 126
PFG_MOEA,3,2,306.31,2495.58,0 47 123 97 155 111 179 33 14 132 18 46 4 99 60 173 151 116 199 171 144 30 24 59 1 44 7 2 77 0,99
PFG_MOEA,3,3,306.31,2495.58,0 51 48 146 175 78 185 66 166 195 58 100 113 178 86 104 181 53 93 43 160 192 69 70 55 196 119 198 128 98 21 115 39 64 0,93 181
PFG_MOEA,3,4,306.31,2495.58,0 131 163 106 40 68 95 172 94 32 41 169 67 191 92 130 90 168 75 80 140 38 82 161 133 158 102 105 49 147 23 183 88 145 174 157 118 170 114 188 138 81 26 10 8 50 71 0,80 105
PFG_MOEA,3,5,306.31,2495.58,0 152 83 153 12 149 177 52 6 63 159 19 139 103 190 45 54 15 87 22 187 57 184 27 89 28 121 110 42 29 164 127 73 3 0,149 190
PFG_MOEA,3,6,306.31,2495.58,0 117 13 79 96 134 186 141 125 154 165 129 16 108 35 150 31 101 25 148 91 193 122 194 37 72 189 197 76 65 176 84 0,91 141
PFG_MOEA,4,1,306.31,2495.58,0 136 20 143 5 61 109 11 36 126 34 112 180 182 167 56 9 137 85 17 162 200 142 120 74 62 135 107 156 124 0,11 126
PFG_MOEA,4,2,306.31,2495.58,0 47 123 97 155 111 179 33 14 132 18 46 4 99 60 173 151 116 199 171 144 30 24 59 1 44 7 2 77 0,99
PFG_MOEA,4,3,306.31,2495.58,0 51 48 146 175 78 185 66 166 195 58 100 113 178 86 104 181 53 93 43 160 192 69 70 55 196 119 198 128 98 21 115 39 64 0,93 181
PFG_MOEA,4,4,306.31,2495.58,0 131 163 106 40 68 95 172 94 32 41 169 67 191 92 130 90 168 75 80 140 38 82 161 133 158 102 105 49 147 23 183 88 145 174 157 118 170 114 188 138 81 26 10 8 50 71 0,80 105
PFG_MOEA,4,5,306.31,2495.58,0 152 83 153 12 149 177 52 6 63 159 19 139 103 190 45 54 15 87 22 187 57 184 27 89 28 121 110 42 29 164 127 73 3 0,149 190
PFG_MOEA,4,6,306.31,2495.58,0 117 13 79 96 134 186 141 125 154 165 129 16 108 35 150 31 101 25 148 91 193 122 194 37 72 189 197 76 65 176 84 0,91 141
PFG_MOEA,5,1,306.31,2495.58,0 136 20 143 5 61 109 11 36 126 34 112 180 182 167 56 9 137 85 17 162 200 142 120 74 62 135 107 156 124 0,11 126
PFG_MOEA,5,2,306.31,2495.58,0 47 123 97 155 111 179 33 14 132 18 46 4 99 60 173 151 116 199 171 144 30 24 59 1 44 7 2 77 0,99
PFG_MOEA,5,3,306.31,2495.58,0 51 48 146 175 78 185 66 166 195 58 100 113 178 86 104 181 53 93 43 160 192 69 70 55 196 119 198 128 98 21 115 39 64 0,93 181
PFG_MOEA,5,4,306.31,2495.58,0 131 163 106 40 68 95 172 94 32 41 169 67 191 92 130 90 168 75 80 140 38 82 161 133 158 102 105 49 147 23 183 88 145 174 157 118 170 114 188 138 81 26 10 8 50 71 0,80 105
PFG_MOEA,5,5,306.31,2495.58,0 152 83 153 12 149 177 52 6 63 159 19 139 103 190 45 54 15 87 22 187 57 184 27 89 28 121 110 42 29 164 127 73 3 0,149 190
PFG_MOEA,5,6,306.31,2495.58,0 117 13 79 96 134 186 141 125 154 165 129 16 108 35 150 31 101 25 148 91 193 122 194 37 72 189 197 76 65 176 84 0,91 141
PFG_MOEA,6,1,306.31,2495.58,0 136 20 143 5 61 109 11 36 126 34 112 180 182 167 56 9 137 85 17 162 200 142 120 74 62 135 107 156 124 0,11 126
PFG_MOEA,6,2,306.31,2495.58,0 47 123 97 155 111 179 33 14 132 18 46 4 99 60 173 151 116 199 171 144 30 24 59 1 44 7 2 77 0,99
PFG_MOEA,6,3,306.31,2495.58,0 51 48 146 175 78 185 66 166 195 58 100 113 178 86 104 181 53 93 43 160 192 69 70 55 196 119 198 128 98 21 115 39 64 0,93 181
PFG_MOEA,6,4,306.31,2495.58,0 131 163 106 40 68 95 172 94 32 41 169 67 191 92 130 90 168 75 80 140 38 82 161 133 158 102 105 49 147 23 183 88 145 174 157 118 170 114 188 138 81 26 10 8 50 71 0,80 105
PFG_MOEA,6,5,306.31,2495.58,0 152 83 153 12 149 177 52 6 63 159 19 139 103 190 45 54 15 87 22 187 57 184 27 89 28 121 110 42 29 164 127 73 3 0,149 190
PFG_MOEA,6,6,306.31,2495.58,0 117 13 79 96 134 186 141 125 154 165 129 16 108 35 150 31 101 25 148 91 193 122 194 37 72 189 197 76 65 176 84 0,91 141
PFG_MOEA,7,1,306.31,2495.58,0 136 20 143 5 61 109 11 36 126 34 112 180 182 167 56 9 137 85 17 162 200 142 120 74 62 135 107 156 124 0,11 126
PFG_MOEA,7,2,306.31,2495.58,0 47 123 97 155 111 179 33 14 132 18 46 4 99 60 173 151 116 199 171 144 30 24 59 1 44 7 2 77 0,99
PFG_MOEA,7,3,306.31,2495.58,0 51 48 146 175 78 185 66 166 195 58 100 113 178 86 104 181 53 93 43 160 192 69 70 55 196 119 198 128 98 21 115 39 64 0,93 181
PFG_MOEA,7,4,306.31,2495.58,0 131 163 106 40 68 95 172 94 32 41 169 67 191 92 130 90 168 75 80 140 38 82 161 133 158 102 105 49 147 23 183 88 145 174 157 118 170 114 188 138 81 26 10 8 50 71 0,80 105
PFG_MOEA,7,5,306.31,2495.58,0 152 83 153 12 149 177 52 6 63 159 19 139 103 190 45 54 15 87 22 187 57 184 27 89 28 121 110 42 29 164 127 73 3 0,149 190
PFG_MOEA,7,6,306.31,2495.58,0 117 13 79 96 134 186 141 125 154 165 129 16 108 35 150 31 101 25 148 91 193 122 194 37 72 189 197 76 65 176 84 0,91 141
PFG_MOEA,8,1,306.31,2495.58,0 136 20 143 5 61 109 11 36 126 34 112 180 182 167 56 9 137 85 17 162 200 142 120 74 62 135 107 156 124 0,11 126
PFG_MOEA,8,2,306.31,2495.58,0 47 123 97 155 111 179 33 14 132 18 46 4 99 60 173 151 116 199 171 144 30 24 59 1 44 7 2 77 0,99
PFG_MOEA,8,3,306.31,2495.58,0 51 48 146 175 78 185 66 166 195 58 100 113 178 86 104 181 53 93 43 160 192 69 70 55 196 119 198 128 98 21 115 39 64 0,93 181
PFG_MOEA,8,4,306.31,2495.58,0 131 163 106 40 68 95 172 94 32 41 169 67 191 92 130 90 168 75 80 140 38 82 161 133 158 102 105 49 147 23 183 88 145 174 157 118 170 114 188 138 81 26 10 8 50 71 0,80 105
PFG_MOEA,8,5,306.31,2495.58,0 152 83 153 12 149 177 52 6 63 159 19 139 103 190 45 54 15 87 22 187 57 184 27 89 28 121 110 42 29 164 127 73 3 0,149 190
PFG_MOEA,8,6,306.31,2495.58,0 117 13 79 96 134 186 141 125 154 165 129 16 108 35 150 31 101 25 148 91 193 122 194 37 72 189 197 76 65 176 84 0,91 141
PFG_MOEA,9,1,306.31,2495.58,0 136 20 143 5 61 109 11 36 126 34 112 180 182 167 56 9 137 85 17 162 200 142 120 74 62 135 107 156 124 0,11 126
PFG_MOEA,9,2,306.31,2495.58,0 47 123 97 155 111 179 33 14 132 18 46 4 99 60 173 151 116 199 171 144 30 24 59 1 44 7 2 77 0,99
PFG_MOEA,9,3,306.31,2495.58,0 51 48 146 175 78 185 66 166 195 58 100 113 178 86 104 181 53 93 43 160 192 69 70 55 196 119 198 128 98 21 115 39 64 0,93 181
PFG_MOEA,9,4,306.31,2495.58,0 131 163 106 40 68 95 172 94 32 41 169 67 191 92 130 90 168 75 80 140 38 82 161 133 158 102 105 49 147 23 183 88 145 174 157 118 170 114 188 138 81 26 10 8 50 71 0,80 105
PFG_MOEA,9,5,306.31,2495.58,0 152 83 153 12 149 177 52 6 63 159 19 139 103 190 45 54 15 87 22 187 57 184 27 89 28 121 110 42 29 164 127 73 3 0,149 190
PFG_MOEA,9,6,306.31,2495.58,0 117 13 79 96 134 186 141 125 154 165 129 16 108 35 150 31 101 25 148 91 193 122 194 37 72 189 197 76 65 176 84 0,91 141
PFG_MOEA,10,1,306.31,2495.58,0 136 20 143 5 61 109 11 36 126 34 112 180 182 167 56 9 137 85 17 162 200 142 120 74 62 135 107 156 124 0,11 126
PFG_MOEA,10,2,306.31,2495.58,0 47 123 97 155 111 179 33 14 132 18 46 4 99 60 173 151 116 199 171 144 30 24 59 1 44 7 2 77 0,99
PFG_MOEA,10,3,306.31,2495.58,0 51 48 146 175 78 185 66 166 195 58 100 113 178 86 104 181 53 93 43 160 192 69 70 55 196 119 198 128 98 21 115 39 64 0,93 181
PFG_MOEA,10,4,306.31,2495.58,0 131 163 106 40 68 95 172 94 32 41 169 67 191 92 130 90 168 75 80 140 38 82 161 133 158 102 105 49 147 23 183 88 145 174 157 118 170 114 188 138 81 26 10 8 50 71 0,80 105
PFG_MOEA,10,5,306.31,2495.58,0 152 83 153 12 149 177 52 6 63 159 19 139 103 190 45 54 15 87 22 187 57 184 27 89 28 121 110 42 29 164 127 73 3 0,149 190
PFG_MOEA,10,6,306.31,2495.58,0 117 13 79 96 134 186 141 125 154 165 129 16 108 35 150 31 101 25 148 91 193 122 194 37 72 189 197 76 65 176 84 0,91 141
PFG_MOEA,11,1,306.31,2495.58,0 136 20 143 5 61 109 11 36 126 34 112 180 182 167 56 9 137 85 17 162 200 142 120 74 62 135 107 156 124 0,11 126
PFG_MOEA,11,2,306.31,2495.58,0 47 123 97 155 111 179 33 14 132 18 46 4 99 60 173 151 116 199 171 144 30 24 59 1 44 7 2 77 0,99
PFG_MOEA,11,3,306.31,2495.58,0 51 48 146 175 78 185 66 166 195 58 100 113 178 86 104 181 53 93 43 160 192 69 70 55 196 119 198 128 98 21 115 39 64 0,93 181
PFG_MOEA,11,4,306.31,2495.58,0 131 163 106 40 68 95 172 94 32 41 169 67 191 92 130 90 168 75 80 140 38 82 161 133 158 102 105 49 147 23 183 88 145 174 157 118 170 114 188 138 81 26 10 8 50 71 0,80 105
PFG_MOEA,11,5,306.31,2495.58,0 152 83 153 12 149 177 52 6 63 159 19 139 103 190 45 54 15 87 22 187 57 184 27 89 28 121 110 42 29 164 127 73 3 0,149 190
PFG_MOEA,11,6,306.31,2495.58,0 117 13 79 96 134 186 141 125 154 165 129 16 108 35 150 31 101 25 148 91 193 122 194 37 72 189 197 76 65 176 84 0,91 141
PFG_MOEA,12,1,306.31,2495.58,0 136 20 143 5 61 109 11 36 126 34 112 180 182 167 56 9 137 85 17 162 200 142 120 74 62 135 107 156 124 0,11 126
PFG_MOEA,12,2,306.31,2495.58,0 47 123 97 155 111 179 33 14 132 18 46 4 99 60 173 151 116 199 171 144 30 24 59 1 44 7 2 77 0,99
PFG_MOEA,12,3,306.31,2495.58,0 51 48 146 175 78 185 66 166 195 58 100 113 178 86 104 181 53 93 43 160 192 69 70 55 196 119 198 128 98 21 115 39 64 0,93 181
PFG_MOEA,12,4,306.31,2495.58,0 131 163 106 40 68 95 172 94 32 41 169 67 191 92 130 90 168 75 80 140 38 82 161 133 158 102 105 49 147 23 183 88 145 174 157 118 170 114 188 138 81 26 10 8 50 71 0,80 105
PFG_MOEA,12,5,306.31,2495.58,0 152 83 153 12 149 177 52 6 63 159 19 139 103 190 45 54 15 87 22 187 57 184 27 89 28 121 110 42 29 164 127 73 3 0,149 190
PFG_MOEA,12,6,306.31,2495.58,0 117 13 79 96 134 186 141 125 154 165 129 16 108 35 150 31 101 25 148 91 193 122 194 37 72 189 197 76 65 176 84 0,91 141
PFG_MOEA,13,1,306.31,2495.58,0 136 20 143 5 61 109 11 36 126 34 112 180 182 167 56 9 137 85 17 162 200 142 120 74 62 135 107 156 124 0,11 126
PFG_MOEA,13,2,306.31,2495.58,0 47 123 97 155 111 179 33 14 132 18 46 4 99 60 173 151 116 199 171 144 30 24 59 1 44 7 2 77 0,99
PFG_MOEA,13,3,306.31,2495.58,0 51 48 146 175 78 185 66 166 195 58 100 113 178 86 104 181 53 93 43 160 192 69 70 55 196 119 198 128 98 21 115 39 64 0,93 181
PFG_MOEA,13,4,306.31,2495.58,0 131 163 106 40 68 95 172 94 32 41 169 67 191 92 130 90 168 75 80 140 38 82 161 133 158 102 105 49 147 23 183 88 145 174 157 118 170 114 188 138 81 26 10 8 50 71 0,80 105
PFG_MOEA,13,5,306.31,2495.58,0 152 83 153 12 149 177 52 6 63 159 19 139 103 190 45 54 15 87 22 187 57 184 27 89 28 121 110 42 29 164 127 73 3 0,149 190
PFG_MOEA,13,6,306.31,2495.58,0 117 13 79 96 134 186 141 125 154 165 129 16 108 35 150 31 101 25 148 91 193 122 194 37 72 189 197 76 65 176 84 0,91 141
PFG_MOEA,14,1,528.52,2327.53,0 124 156 107 126 36 109 11 167 182 34 112 180 176 197 76 65 84 74 120 142 200 162 56 9 17 85 137 173 60 99 151 116 199 30 144 171 4 46 18 132 14 33 179 111 155 97 123 47 62 135 77 2 24 59 1 44 7 195 58 100 113 178 86 104 166 66 181 53 93 160 43 185 78 175 146 192 69 70 55 196 119 198 128 98 21 115 48 51 0,126 182
PFG_MOEA,14,2,528.52,2327.53,0 39 0,39
PFG_MOEA,14,3,528.52,2327.53,0 64 0,
PFG_MOEA,14,4,528.52,2327.53,0 81 71 50 0,
PFG_MOEA,14,5,528.52,2327.53,0 131 163 106 40 130 92 133 161 82 38 140 80 75 168 90 158 102 105 49 147 23 183 88 145 174 157 118 170 10 8 26 114 188 138 0,92 168
PFG_MOEA,14,6,528.52,2327.53,0 136 20 143 61 5 16 108 35 150 31 101 25 148 91 193 122 194 37 72 189 190 45 87 22 187 57 184 27 89 41 169 67 191 32 94 68 95 172 15 54 103 139 19 159 63 6 52 177 149 12 153 83 129 165 154 125 141 186 152 134 96 79 13 28 121 110 42 29 164 127 73 3 117 0,91 141 187
PFG_MOEA,15,1,306.31,2495.58,0 136 20 143 5 61 109 11 36 126 34 112 180 182 167 56 9 137 85 17 162 200 142 120 74 62 135 107 156 124 0,11 126
PFG_MOEA,15,2,306.31,2495.58,0 47 123 97 155 111 179 33 14 132 18 46 4 99 60 173 151 116 199 171 144 30 24 59 1 44 7 2 77 0,99
PFG_MOEA,15,3,306.31,2495.58,0 51 48 146 175 78 185 66 166 195 58 100 113 178 86 104 181 53 93 43 160 192 69 70 55 196 119 198 128 98 21 115 39 64 0,93 181
PFG_MOEA,15,4,306.31,2495.58,0 131 163 106 40 68 95 172 94 32 41 169 67 191 92 130 90 168 75 80 140 38 82 161 133 158 102 105 49 147 23 183 88 145 174 157 118 170 114 188 138 81 26 10 8 50 71 0,80 105
PFG_MOEA,15,5,306.31,2495.58,0 152 83 153 12 149 177 52 6 63 159 19 139 103 190 45 54 15 87 22 187 57 184 27 89 28 121 110 42 29 164 127 73 3 0,149 190
PFG_MOEA,15,6,306.31,2495.58,0 117 13 79 96 134 186 141 125 154 165 129 16 108 35 150 31 101 25 148 91 193 122 194 37 72 189 197 76 65 176 84 0,91 141
PFG_MOEA,16,1,528.52,2327.53,0 124 156 107 126 36 109 11 167 182 34 112 180 176 197 76 65 84 74 120 142 200 162 56 9 17 85 137 173 60 99 151 116 199 30 144 171 4 46 18 132 14 33 179 111 155 97 123 47 62 135 77 2 24 59 1 44 7 195 58 100 113 178 86 104 166 66 181 53 93 160 43 185 78 175 146 192 69 70 55 196 119 198 128 98 21 115 48 51 0,126 182
PFG_MOEA,16,2,528.52,2327.53,0 39 0,39
PFG_MOEA,16,3,528.52,2327.53,0 64 0,
PFG_MOEA,16,4,528.52,2327.53,0 81 71 50 0,
PFG_MOEA,16,5,528.52,2327.53,0 131 163 106 40 130 92 133 161 82 38 140 80 75 168 90 158 102 105 49 147 23 183 88 145 174 157 118 170 10 8 26 114 188 138 0,92 168
PFG_MOEA,16,6,528.52,2327.53,0 136 20 143 61 5 16 108 35 150 31 101 25 148 91 193 122 194 37 72 189 190 45 87 22 187 57 184 27 89 41 169 67 191 32 94 68 95 172 15 54 103 139 19 159 63 6 52 177 149 12 153 83 129 165 154 125 141 186 152 134 96 79 13 28 121 110 42 29 164 127 73 3 117 0,91 141 187
PFG_MOEA,17,1,306.31,2495.58,0 136 20 143 5 61 109 11 36 126 34 112 180 182 167 56 9 137 85 17 162 200 142 120 74 62 135 107 156 124 0,11 126
PFG_MOEA,17,2,306.31,2495.58,0 47 123 97 155 111 179 33 14 132 18 46 4 99 60 173 151 116 199 171 144 30 24 59 1 44 7 2 77 0,99
PFG_MOEA,17,3,306.31,2495.58,0 51 48 146 175 78 185 66 166 195 58 100 113 178 86 104 181 53 93 43 160 192 69 70 55 196 119 198 128 98 21 115 39 64 0,93 181
PFG_MOEA,17,4,306.31,2495.58,0 131 163 106 40 68 95 172 94 32 41 169 67 191 92 130 90 168 75 80 140 38 82 161 133 158 102 105 49 147 23 183 88 145 174 157 118 170 114 188 138 81 26 10 8 50 71 0,80 105
PFG_MOEA,17,5,306.31,2495.58,0 152 83 153 12 149 177 52 6 63 159 19 139 103 190 45 54 15 87 22 187 57 184 27 89 28 121 110 42 29 164 127 73 3 0,149 190
PFG_MOEA,17,6,306.31,2495.58,0 117 13 79 96 134 186 141 125 154 165 129 16 108 35 150 31 101 25 148 91 193 122 194 37 72 189 197 76 65 176 84 0,91 141
PFG_MOEA,18,1,528.52,2327.53,0 124 156 107 126 36 109 11 167 182 34 112 180 176 197 76 65 84 74 120 142 200 162 56 9 17 85 137 173 60 99 151 116 199 30 144 171 4 46 18 132 14 33 179 111 155 97 123 47 62 135 77 2 24 59 1 44 7 195 58 100 113 178 86 104 166 66 181 53 93 160 43 185 78 175 146 192 69 70 55 196 119 198 128 98 21 115 48 51 0,126 182
PFG_MOEA,18,2,528.52,2327.53,0 39 0,39
PFG_MOEA,18,3,528.52,2327.53,0 64 0,
PFG_MOEA,18,4,528.52,2327.53,0 81 71 50 0,
PFG_MOEA,18,5,528.52,2327.53,0 131 163 106 40 130 92 133 161 82 38 140 80 75 168 90 158 102 105 49 147 23 183 88 145 174 157 118 170 10 8 26 114 188 138 0,92 168
PFG_MOEA,18,6,528.52,2327.53,0 136 20 143 61 5 16 108 35 150 31 101 25 148 91 193 122 194 37 72 189 190 45 87 22 187 57 184 27 89 41 169 67 191 32 94 68 95 172 15 54 103 139 19 159 63 6 52 177 149 12 153 83 129 165 154 125 141 186 152 134 96 79 13 28 121 110 42 29 164 127 73 3 117 0,91 141 187
PFG_MOEA,19,1,306.31,2495.58,0 136 20 143 5 61 109 11 36 126 34 112 180 182 167 56 9 137 85 17 162 200 142 120 74 62 135 107 156 124 0,11 126
PFG_MOEA,19,2,306.31,2495.58,0 47 123 97 155 111 179 33 14 132 18 46 4 99 60 173 151 116 199 171 144 30 24 59 1 44 7 2 77 0,99
PFG_MOEA,19,3,306.31,2495.58,0 51 48 146 175 78 185 66 166 195 58 100 113 178 86 104 181 53 93 43 160 192 69 70 55 196 119 198 128 98 21 115 39 64 0,93 181
PFG_MOEA,19,4,306.31,2495.58,0 131 163 106 40 68 95 172 94 32 41 169 67 191 92 130 90 168 75 80 140 38 82 161 133 158 102 105 49 147 23 183 88 145 174 157 118 170 114 188 138 81 26 10 8 50 71 0,80 105
PFG_MOEA,19,5,306.31,2495.58,0 152 83 153 12 149 177 52 6 63 159 19 139 103 190 45 54 15 87 22 187 57 184 27 89 28 121 110 42 29 164 127 73 3 0,149 190
PFG_MOEA,19,6,306.31,2495.58,0 117 13 79 96 134 186 141 125 154 165 129 16 108 35 150 31 101 25 148 91 193 122 194 37 72 189 197 76 65 176 84 0,91 141
PFG_MOEA,20,1,528.52,2327.53,0 124 156 107 126 36 109 11 167 182 34 112 180 176 197 76 65 84 74 120 142 200 162 56 9 17 85 137 173 60 99 151 116 199 30 144 171 4 46 18 132 14 33 179 111 155 97 123 47 62 135 77 2 24 59 1 44 7 195 58 100 113 178 86 104 166 66 181 53 93 160 43 185 78 175 146 192 69 70 55 196 119 198 128 98 21 115 48 51 0,126 182
PFG_MOEA,20,2,528.52,2327.53,0 39 0,39
PFG_MOEA,20,3,528.52,2327.53,0 64 0,
PFG_MOEA,20,4,528.52,2327.53,0 81 71 50 0,
PFG_MOEA,20,5,528.52,2327.53,0 131 163 106 40 130 92 133 161 82 38 140 80 75 168 90 158 102 105 49 147 23 183 88 145 174 157 118 170 10 8 26 114 188 138 0,92 168
PFG_MOEA,20,6,528.52,2327.53,0 136 20 143 61 5 16 108 35 150 31 101 25 148 91 193 122 194 37 72 189 190 45 87 22 187 57 184 27 89 41 169 67 191 32 94 68 95 172 15 54 103 139 19 159 63 6 52 177 149 12 153 83 129 165 154 125 141 186 152 134 96 79 13 28 121 110 42 29 164 127 73 3 117 0,91 141 187
PFG_MOEA,21,1,306.31,2495.58,0 136 20 143 5 61 109 11 36 126 34 112 180 182 167 56 9 137 85 17 162 200 142 120 74 62 135 107 156 124 0,11 126
PFG_MOEA,21,2,306.31,2495.58,0 47 123 97 155 111 179 33 14 132 18 46 4 99 60 173 151 116 199 171 144 30 24 59 1 44 7 2 77 0,99
PFG_MOEA,21,3,306.31,2495.58,0 51 48 146 175 78 185 66 166 195 58 100 113 178 86 104 181 53 93 43 160 192 69 70 55 196 119 198 128 98 21 115 39 64 0,93 181
PFG_MOEA,21,4,306.31,2495.58,0 131 163 106 40 68 95 172 94 32 41 169 67 191 92 130 90 168 75 80 140 38 82 161 133 158 102 105 49 147 23 183 88 145 174 157 118 170 114 188 138 81 26 10 8 50 71 0,80 105
PFG_MOEA,21,5,306.31,2495.58,0 152 83 153 12 149 177 52 6 63 159 19 139 103 190 45 54 15 87 22 187 57 184 27 89 28 121 110 42 29 164 127 73 3 0,149 190
PFG_MOEA,21,6,306.31,2495.58,0 117 13 79 96 134 186 141 125 154 165 129 16 108 35 150 31 101 25 148 91 193 122 194 37 72 189 197 76 65 176 84 0,91 141
PFG_MOEA,22,1,528.52,2327.53,0 124 156 107 126 36 109 11 167 182 34 112 180 176 197 76 65 84 74 120 142 200 162 56 9 17 85 137 173 60 99 151 116 199 30 144 171 4 46 18 132 14 33 179 111 155 97 123 47 62 135 77 2 24 59 1 44 7 195 58 100 113 178 86 104 166 66 181 53 93 160 43 185 78 175 146 192 69 70 55 196 119 198 128 98 21 115 48 51 0,126 182
PFG_MOEA,22,2,528.52,2327.53,0 39 0,39
PFG_MOEA,22,3,528.52,2327.53,0 64 0,
PFG_MOEA,22,4,528.52,2327.53,0 81 71 50 0,
PFG_MOEA,22,5,528.52,2327.53,0 131 163 106 40 130 92 133 161 82 38 140 80 75 168 90 158 102 105 49 147 23 183 88 145 174 157 118 170 10 8 26 114 188 138 0,92 168
PFG_MOEA,22,6,528.52,2327.53,0 136 20 143 61 5 16 108 35 150 31 101 25 148 91 193 122 194 37 72 189 190 45 87 22 187 57 184 27 89 41 169 67 191 32 94 68 95 172 15 54 103 139 19 159 63 6 52 177 149 12 153 83 129 165 154 125 141 186 152 134 96 79 13 28 121 110 42 29 164 127 73 3 117 0,91 141 187
PFG_MOEA,23,1,306.31,2495.58,0 136 20 143 5 61 109 11 36 126 34 112 180 182 167 56 9 137 85 17 162 200 142 120 74 62 135 107 156 124 0,11 126
PFG_MOEA,23,2,306.31,2495.58,0 47 123 97 155 111 179 33 14 132 18 46 4 99 60 173 151 116 199 171 144 30 24 59 1 44 7 2 77 0,99
PFG_MOEA,23,3,306.31,2495.58,0 51 48 146 175 78 185 66 166 195 58 100 113 178 86 104 181 53 93 43 160 192 69 70 55 196 119 198 128 98 21 115 39 64 0,93 181
PFG_MOEA,23,4,306.31,2495.58,0 131 163 106 40 68 95 172 94 32 41 169 67 191 92 130 90 168 75 80 140 38 82 161 133 158 102 105 49 147 23 183 88 145 174 157 118 170 114 188 138 81 26 10 8 50 71 0,80 105
PFG_MOEA,23,5,306.31,2495.58,0 152 83 153 12 149 177 52 6 63 159 19 139 103 190 45 54 15 87 22 187 57 184 27 89 28 121 110 42 29 164 127 73 3 0,149 190
PFG_MOEA,23,6,306.31,2495.58,0 117 13 79 96 134 186 141 125 154 165 129 16 108 35 150 31 101 25 148 91 193 122 194 37 72 189 197 76 65 176 84 0,91 141
PFG_MOEA,24,1,528.52,2327.53,0 124 156 107 126 36 109 11 167 182 34 112 180 176 197 76 65 84 74 120 142 200 162 56 9 17 85 137 173 60 99 151 116 199 30 144 171 4 46 18 132 14 33 179 111 155 97 123 47 62 135 77 2 24 59 1 44 7 195 58 100 113 178 86 104 166 66 181 53 93 160 43 185 78 175 146 192 69 70 55 196 119 198 128 98 21 115 48 51 0,126 182
PFG_MOEA,24,2,528.52,2327.53,0 39 0,39
PFG_MOEA,24,3,528.52,2327.53,0 64 0,
PFG_MOEA,24,4,528.52,2327.53,0 81 71 50 0,
PFG_MOEA,24,5,528.52,2327.53,0 131 163 106 40 130 92 133 161 82 38 140 80 75 168 90 158 102 105 49 147 23 183 88 145 174 157 118 170 10 8 26 114 188 138 0,92 168
PFG_MOEA,24,6,528.52,2327.53,0 136 20 143 61 5 16 108 35 150 31 101 25 148 91 193 122 194 37 72 189 190 45 87 22 187 57 184 27 89 41 169 67 191 32 94 68 95 172 15 54 103 139 19 159 63 6 52 177 149 12 153 83 129 165 154 125 141 186 152 134 96 79 13 28 121 110 42 29 164 127 73 3 117 0,91 141 187
PFG_MOEA,25,1,306.31,2495.58,0 136 20 143 5 61 109 11 36 126 34 112 180 182 167 56 9 137 85 17 162 200 142 120 74 62 135 107 156 124 0,11 126
PFG_MOEA,25,2,306.31,2495.58,0 47 123 97 155 111 179 33 14 132 18 46 4 99 60 173 151 116 199 171 144 30 24 59 1 44 7 2 77 0,99
PFG_MOEA,25,3,306.31,2495.58,0 51 48 146 175 78 185 66 166 195 58 100 113 178 86 104 181 53 93 43 160 192 69 70 55 196 119 198 128 98 21 115 39 64 0,93 181
PFG_MOEA,25,4,306.31,2495.58,0 131 163 106 40 68 95 172 94 32 41 169 67 191 92 130 90 168 75 80 140 38 82 161 133 158 102 105 49 147 23 183 88 145 174 157 118 170 114 188 138 81 26 10 8 50 71 0,80 105
PFG_MOEA,25,5,306.31,2495.58,0 152 83 153 12 149 177 52 6 63 159 19 139 103 190 45 54 15 87 22 187 57 184 27 89 28 121 110 42 29 164 127 73 3 0,149 190
PFG_MOEA,25,6,306.31,2495.58,0 117 13 79 96 134 186 141 125 154 165 129 16 108 35 150 31 101 25 148 91 193 122 194 37 72 189 197 76 65 176 84 0,91 141
PFG_MOEA,26,1,528.52,2327.53,0 124 156 107 126 36 109 11 167 182 34 112 180 176 197 76 65 84 74 120 142 200 162 56 9 17 85 137 173 60 99 151 116 199 30 144 171 4 46 18 132 14 33 179 111 155 97 123 47 62 135 77 2 24 59 1 44 7 195 58 100 113 178 86 104 166 66 181 53 93 160 43 185 78 175 146 192 69 70 55 196 119 198 128 98 21 115 48 51 0,126 182
PFG_MOEA,26,2,528.52,2327.53,0 39 0,39
PFG_MOEA,26,3,528.52,2327.53,0 64 0,
PFG_MOEA,26,4,528.52,2327.53,0 81 71 50 0,
PFG_MOEA,26,5,528.52,2327.53,0 131 163 106 40 130 92 133 161 82 38 140 80 75 168 90 158 102 105 49 147 23 183 88 145 174 157 118 170 10 8 26 114 188 138 0,92 168
PFG_MOEA,26,6,528.52,2327.53,0 136 20 143 61 5 16 108 35 150 31 101 25 148 91 193 122 194 37 72 189 190 45 87 22 187 57 184 27 89 41 169 67 191 32 94 68 95 172 15 54 103 139 19 159 63 6 52 177 149 12 153 83 129 165 154 125 141 186 152 134 96 79 13 28 121 110 42 29 164 127 73 3 117 0,91 141 187
PFG_MOEA,27,1,306.31,2495.58,0 136 20 143 5 61 109 11 36 126 34 112 180 182 167 56 9 137 85 17 162 200 142 120 74 62 135 107 156 124 0,11 126
PFG_MOEA,27,2,306.31,2495.58,0 47 123 97 155 111 179 33 14 132 18 46 4 99 60 173 151 116 199 171 144 30 24 59 1 44 7 2 77 0,99
PFG_MOEA,27,3,306.31,2495.58,0 51 48 146 175 78 185 66 166 195 58 100 113 178 86 104 181 53 93 43 160 192 69 70 55 196 119 198 128 98 21 115 39 64 0,93 181
PFG_MOEA,27,4,306.31,2495.58,0 131 163 106 40 68 95 172 94 32 41 169 67 191 92 130 90 168 75 80 140 38 82 161 133 158 102 105 49 147 23 183 88 145 174 157 118 170 114 188 138 81 26 10 8 50 71 0,80 105
PFG_MOEA,27,5,306.31,2495.58,0 152 83 153 12 149 177 52 6 63 159 19 139 103 190 45 54 15 87 22 187 57 184 27 89 28 121 110 42 29 164 127 73 3 0,149 190
PFG_MOEA,27,6,306.31,2495.58,0 117 13 79 96 134 186 141 125 154 165 129 16 108 35 150 31 101 25 148 91 193 122 194 37 72 189 197 76 65 176 84 0,91 141
PFG_MOEA,28,1,528.52,2327.53,0 124 156 107 126 36 109 11 167 182 34 112 180 176 197 76 65 84 74 120 142 200 162 56 9 17 85 137 173 60 99 151 116 199 30 144 171 4 46 18 132 14 33 179 111 155 97 123 47 62 135 77 2 24 59 1 44 7 195 58 100 113 178 86 104 166 66 181 53 93 160 43 185 78 175 146 192 69 70 55 196 119 198 128 98 21 115 48 51 0,126 182
PFG_MOEA,28,2,528.52,2327.53,0 39 0,39
PFG_MOEA,28,3,528.52,2327.53,0 64 0,
PFG_MOEA,28,4,528.52,2327.53,0 81 71 50 0,
PFG_MOEA,28,5,528.52,2327.53,0 131 163 106 40 130 92 133 161 82 38 140 80 75 168 90 158 102 105 49 147 23 183 88 145 174 157 118 170 10 8 26 114 188 138 0,92 168
PFG_MOEA,28,6,528.52,2327.53,0 136 20 143 61 5 16 108 35 150 31 101 25 148 91 193 122 194 37 72 189 190 45 87 22 187 57 184 27 89 41 169 67 191 32 94 68 95 172 15 54 103 139 19 159 63 6 52 177 149 12 153 83 129 165 154 125 141 186 152 134 96 79 13 28 121 110 42 29 164 127 73 3 117 0,91 141 187
PFG_MOEA,29,1,306.31,2495.58,0 136 20 143 5 61 109 11 36 126 34 112 180 182 167 56 9 137 85 17 162 200 142 120 74 62 135 107 156 124 0,11 126
PFG_MOEA,29,2,306.31,2495.58,0 47 123 97 155 111 179 33 14 132 18 46 4 99 60 173 151 116 199 171 144 30 24 59 1 44 7 2 77 0,99
PFG_MOEA,29,3,306.31,2495.58,0 51 48 146 175 78 185 66 166 195 58 100 113 178 86 104 181 53 93 43 160 192 69 70 55 196 119 198 128 98 21 115 39 64 0,93 181
PFG_MOEA,29,4,306.31,2495.58,0 131 163 106 40 68 95 172 94 32 41 169 67 191 92 130 90 168 75 80 140 38 82 161 133 158 102 105 49 147 23 183 88 145 174 157 118 170 114 188 138 81 26 10 8 50 71 0,80 105
PFG_MOEA,29,5,306.31,2495.58,0 152 83 153 12 149 177 52 6 63 159 19 139 103 190 45 54 15 87 22 187 57 184 27 89 28 121 110 42 29 164 127 73 3 0,149 190
PFG_MOEA,29,6,306.31,2495.58,0 117 13 79 96 134 186 141 125 154 165 129 16 108 35 150 31 101 25 148 91 193 122 194 37 72 189 197 76 65 176 84 0,91 141
PFG_MOEA,30,1,528.52,2327.53,0 124 156 107 126 36 109 11 167 182 34 112 180 176 197 76 65 84 74 120 142 200 162 56 9 17 85 137 173 60 99 151 116 199 30 144 171 4 46 18 132 14 33 179 111 155 97 123 47 62 135 77 2 24 59 1 44 7 195 58 100 113 178 86 104 166 66 181 53 93 160 43 185 78 175 146 192 69 70 55 196 119 198 128 98 21 115 48 51 0,126 182
PFG_MOEA,30,2,528.52,2327.53,0 39 0,39
PFG_MOEA,30,3,528.52,2327.53,0 64 0,
PFG_MOEA,30,4,528.52,2327.53,0 81 71 50 0,
PFG_MOEA,30,5,528.52,2327.53,0 131 163 106 40 130 92 133 161 82 38 140 80 75 168 90 158 102 105 49 147 23 183 88 145 174 157 118 170 10 8 26 114 188 138 0,92 168
PFG_MOEA,30,6,528.52,2327.53,0 136 20 143 61 5 16 108 35 150 31 101 25 148 91 193 122 194 37 72 189 190 45 87 22 187 57 184 27 89 41 169 67 191 32 94 68 95 172 15 54 103 139 19 159 63 6 52 177 149 12 153 83 129 165 154 125 141 186 152 134 96 79 13 28 121 110 42 29 164 127 73 3 117 0,91 141 187
PFG_MOEA,31,1,306.31,2495.58,0 136 20 143 5 61 109 11 36 126 34 112 180 182 167 56 9 137 85 17 162 200 142 120 74 62 135 107 156 124 0,11 126
PFG_MOEA,31,2,306.31,2495.58,0 47 123 97 155 111 179 33 14 132 18 46 4 99 60 173 151 116 199 171 144 30 24 59 1 44 7 2 77 0,99
PFG_MOEA,31,3,306.31,2495.58,0 51 48 146 175 78 185 66 166 195 58 100 113 178 86 104 181 53 93 43 160 192 69 70 55 196 119 198 128 98 21 115 39 64 0,93 181
PFG_MOEA,31,4,306.31,2495.58,0 131 163 106 40 68 95 172 94 32 41 169 67 191 92 130 90 168 75 80 140 38 82 161 133 158 102 105 49 147 23 183 88 145 174 157 118 170 114 188 138 81 26 10 8 50 71 0,80 105
PFG_MOEA,31,5,306.31,2495.58,0 152 83 153 12 149 177 52 6 63 159 19 139 103 190 45 54 15 87 22 187 57 184 27 89 28 121 110 42 29 164 127 73 3 0,149 190
PFG_MOEA,31,6,306.31,2495.58,0 117 13 79 96 134 186 141 125 154 165 129 16 108 35 150 31 101 25 148 91 193 122 194 37 72 189 197 76 65 176 84 0,91 141
PFG_MOEA,32,1,528.52,2327.53,0 124 156 107 126 36 109 11 167 182 34 112 180 176 197 76 65 84 74 120 142 200 162 56 9 17 85 137 173 60 99 151 116 199 30 144 171 4 46 18 132 14 33 179 111 155 97 123 47 62 135 77 2 24 59 1 44 7 195 58 100 113 178 86 104 166 66 181 53 93 160 43 185 78 175 146 192 69 70 55 196 119 198 128 98 21 115 48 51 0,126 182
PFG_MOEA,32,2,528.52,2327.53,0 39 0,39
PFG_MOEA,32,3,528.52,2327.53,0 64 0,
PFG_MOEA,32,4,528.52,2327.53,0 81 71 50 0,
PFG_MOEA,32,5,528.52,2327.53,0 131 163 106 40 130 92 133 161 82 38 140 80 75 168 90 158 102 105 49 147 23 183 88 145 174 157 118 170 10 8 26 114 188 138 0,92 168
PFG_MOEA,32,6,528.52,2327.53,0 136 20 143 61 5 16 108 35 150 31 101 25 148 91 193 122 194 37 72 189 190 45 87 22 187 57 184 27 89 41 169 67 191 32 94 68 95 172 15 54 103 139 19 159 63 6 52 177 149 12 153 83 129 165 154 125 141 186 152 134 96 79 13 28 121 110 42 29 164 127 73 3 117 0,91 141 187
PFG_MOEA,33,1,306.31,2495.58,0 136 20 143 5 61 109 11 36 126 34 112 180 182 167 56 9 137 85 17 162 200 142 120 74 62 135 107 156 124 0,11 126
PFG_MOEA,33,2,306.31,2495.58,0 47 123 97 155 111 179 33 14 132 18 46 4 99 60 173 151 116 199 171 144 30 24 59 1 44 7 2 77 0,99
PFG_MOEA,33,3,306.31,2495.58,0 51 48 146 175 78 185 66 166 195 58 100 113 178 86 104 181 53 93 43 160 192 69 70 55 196 119 198 128 98 21 115 39 64 0,93 181
PFG_MOEA,33,4,306.31,2495.58,0 131 163 106 40 68 95 172 94 32 41 169 67 191 92 130 90 168 75 80 140 38 82 161 133 158 102 105 49 147 23 183 88 145 174 157 118 170 114 188 138 81 26 10 8 50 71 0,80 105
PFG_MOEA,33,5,306.31,2495.58,0 152 83 153 12 149 177 52 6 63 159 19 139 103 190 45 54 15 87 22 187 57 184 27 89 28 121 110 42 29 164 127 73 3 0,149 190
PFG_MOEA,33,6,306.31,2495.58,0 117 13 79 96 134 186 141 125 154 165 129 16 108 35 150 31 101 25 148 91 193 122 194 37 72 189 197 76 65 176 84 0,91 141
PFG_MOEA,34,1,528.52,2327.53,0 124 156 107 126 36 109 11 167 182 34 112 180 176 197 76 65 84 74 120 142 200 162 56 9 17 85 137 173 60 99 151 116 199 30 144 171 4 46 18 132 14 33 179 111 155 97 123 47 62 135 77 2 24 59 1 44 7 195 58 100 113 178 86 104 166 66 181 53 93 160 43 185 78 175 146 192 69 70 55 196 119 198 128 98 21 115 48 51 0,126 182
PFG_MOEA,34,2,528.52,2327.53,0 39 0,39
PFG_MOEA,34,3,528.52,2327.53,0 64 0,
PFG_MOEA,34,4,528.52,2327.53,0 81 71 50 0,
PFG_MOEA,34,5,528.52,2327.53,0 131 163 106 40 130 92 133 161 82 38 140 80 75 168 90 158 102 105 49 147 23 183 88 145 174 157 118 170 10 8 26 114 188 138 0,92 168
PFG_MOEA,34,6,528.52,2327.53,0 136 20 143 61 5 16 108 35 150 31 101 25 148 91 193 122 194 37 72 189 190 45 87 22 187 57 184 27 89 41 169 67 191 32 94 68 95 172 15 54 103 139 19 159 63 6 52 177 149 12 153 83 129 165 154 125 141 186 152 134 96 79 13 28 121 110 42 29 164 127 73 3 117 0,91 141 187
PFG_MOEA,35,1,306.31,2495.58,0 136 20 143 5 61 109 11 36 126 34 112 180 182 167 56 9 137 85 17 162 200 142 120 74 62 135 107 156 124 0,11 126
PFG_MOEA,35,2,306.31,2495.58,0 47 123 97 155 111 179 33 14 132 18 46 4 99 60 173 151 116 199 171 144 30 24 59 1 44 7 2 77 0,99
PFG_MOEA,35,3,306.31,2495.58,0 51 48 146 175 78 185 66 166 195 58 100 113 178 86 104 181 53 93 43 160 192 69 70 55 196 119 198 128 98 21 115 39 64 0,93 181
PFG_MOEA,35,4,306.31,2495.58,0 131 163 106 40 68 95 172 94 32 41 169 67 191 92 130 90 168 75 80 140 38 82 161 133 158 102 105 49 147 23 183 88 145 174 157 118 170 114 188 138 81 26 10 8 50 71 0,80 105
PFG_MOEA,35,5,306.31,2495.58,0 152 83 153 12 149 177 52 6 63 159 19 139 103 190 45 54 15 87 22 187 57 184 27 89 28 121 110 42 29 164 127 73 3 0,149 190
PFG_MOEA,35,6,306.31,2495.58,0 117 13 79 96 134 186 141 125 154 165 129 16 108 35 150 31 101 25 148 91 193 122 194 37 72 189 197 76 65 176 84 0,91 141
PFG_MOEA,36,1,528.52,2327.53,0 124 156 107 126 36 109 11 167 182 34 112 180 176 197 76 65 84 74 120 142 200 162 56 9 17 85 137 173 60 99 151 116 199 30 144 171 4 46 18 132 14 33 179 111 155 97 123 47 62 135 77 2 24 59 1 44 7 195 58 100 113 178 86 104 166 66 181 53 93 160 43 185 78 175 146 192 69 70 55 196 119 198 128 98 21 115 48 51 0,126 182
PFG_MOEA,36,2,528.52,2327.53,0 39 0,39
PFG_MOEA,36,3,528.52,2327.53,0 64 0,
PFG_MOEA,36,4,528.52,2327.53,0 81 71 50 0,
PFG_MOEA,36,5,528.52,2327.53,0 131 163 106 40 130 92 133 161 82 38 140 80 75 168 90 158 102 105 49 147 23 183 88 145 174 157 118 170 10 8 26 114 188 138 0,92 168
PFG_MOEA,36,6,528.52,2327.53,0 136 20 143 61 5 16 108 35 150 31 101 25 148 91 193 122 194 37 72 189 190 45 87 22 187 57 184 27 89 41 169 67 191 32 94 68 95 172 15 54 103 139 19 159 63 6 52 177 149 12 153 83 129 165 154 125 141 186 152 134 96 79 13 28 121 110 42 29 164 127 73 3 117 0,91 141 187
PFG_MOEA,37,1,306.31,2495.58,0 136 20 143 5 61 109 11 36 126 34 112 180 182 167 56 9 137 85 17 162 200 142 120 74 62 135 107 156 124 0,11 126
PFG_MOEA,37,2,306.31,2495.58,0 47 123 97 155 111 179 33 14 132 18 46 4 99 60 173 151 116 199 171 144 30 24 59 1 44 7 2 77 0,99
PFG_MOEA,37,3,306.31,2495.58,0 51 48 146 175 78 185 66 166 195 58 100 113 178 86 104 181 53 93 43 160 192 69 70 55 196 119 198 128 98 21 115 39 64 0,93 181
PFG_MOEA,37,4,306.31,2495.58,0 131 163 106 40 68 95 172 94 32 41 169 67 191 92 130 90 168 75 80 140 38 82 161 133 158 102 105 49 147 23 183 88 145 174 157 118 170 114 188 138 81 26 10 8 50 71 0,80 105
PFG_MOEA,37,5,306.31,2495.58,0 152 83 153 12 149 177 52 6 63 159 19 139 103 190 45 54 15 87 22 187 57 184 27 89 28 121 110 42 29 164 127 73 3 0,149 190
PFG_MOEA,37,6,306.31,2495.58,0 117 13 79 96 134 186 141 125 154 165 129 16 108 35 150 31 101 25 148 91 193 122 194 37 72 189 197 76 65 176 84 0,91 141
PFG_MOEA,38,1,528.52,2327.53,0 124 156 107 126 36 109 11 167 182 34 112 180 176 197 76 65 84 74 120 142 200 162 56 9 17 85 137 173 60 99 151 116 199 30 144 171 4 46 18 132 14 33 179 111 155 97 123 47 62 135 77 2 24 59 1 44 7 195 58 100 113 178 86 104 166 66 181 53 93 160 43 185 78 175 146 192 69 70 55 196 119 198 128 98 21 115 48 51 0,126 182
PFG_MOEA,38,2,528.52,2327.53,0 39 0,39
PFG_MOEA,38,3,528.52,2327.53,0 64 0,
PFG_MOEA,38,4,528.52,2327.53,0 81 71 50 0,
PFG_MOEA,38,5,528.52,2327.53,0 131 163 106 40 130 92 133 161 82 38 140 80 75 168 90 158 102 105 49 147 23 183 88 145 174 157 118 170 10 8 26 114 188 138 0,92 168
PFG_MOEA,38,6,528.52,2327.53,0 136 20 143 61 5 16 108 35 150 31 101 25 148 91 193 122 194 37 72 189 190 45 87 22 187 57 184 27 89 41 169 67 191 32 94 68 95 172 15 54 103 139 19 159 63 6 52 177 149 12 153 83 129 165 154 125 141 186 152 134 96 79 13 28 121 110 42 29 164 127 73 3 117 0,91 141 187
PFG_MOEA,39,1,306.31,2495.58,0 136 20 143 5 61 109 11 36 126 34 112 180 182 167 56 9 137 85 17 162 200 142 120 74 62 135 107 156 124 0,11 126
PFG_MOEA,39,2,306.31,2495.58,0 47 123 97 155 111 179 33 14 132 18 46 4 99 60 173 151 116 199 171 144 30 24 59 1 44 7 2 77 0,99
PFG_MOEA,39,3,306.31,2495.58,0 51 48 146 175 78 185 66 166 195 58 100 113 178 86 104 181 53 93 43 160 192 69 70 55 196 119 198 128 98 21 115 39 64 0,93 181
PFG_MOEA,39,4,306.31,2495.58,0 131 163 106 40 68 95 172 94 32 41 169 67 191 92 130 90 168 75 80 140 38 82 161 133 158 102 105 49 147 23 183 88 145 174 157 118 170 114 188 138 81 26 10 8 50 71 0,80 105
PFG_MOEA,39,5,306.31,2495.58,0 152 83 153 12 149 177 52 6 63 159 19 139 103 190 45 54 15 87 22 187 57 184 27 89 28 121 110 42 29 164 127 73 3 0,149 190
PFG_MOEA,39,6,306.31,2495.58,0 117 13 79 96 134 186 141 125 154 165 129 16 108 35 150 31 101 25 148 91 193 122 194 37 72 189 197 76 65 176 84 0,91 141
PFG_MOEA,40,1,528.52,2327.53,0 124 156 107 126 36 109 11 167 182 34 112 180 176 197 76 65 84 74 120 142 200 162 56 9 17 85 137 173 60 99 151 116 199 30 144 171 4 46 18 132 14 33 179 111 155 97 123 47 62 135 77 2 24 59 1 44 7 195 58 100 113 178 86 104 166 66 181 53 93 160 43 185 78 175 146 192 69 70 55 196 119 198 128 98 21 115 48 51 0,126 182
PFG_MOEA,40,2,528.52,2327.53,0 39 0,39
PFG_MOEA,40,3,528.52,2327.53,0 64 0,
PFG_MOEA,40,4,528.52,2327.53,0 81 71 50 0,
PFG_MOEA,40,5,528.52,2327.53,0 131 163 106 40 130 92 133 161 82 38 140 80 75 168 90 158 102 105 49 147 23 183 88 145 174 157 118 170 10 8 26 114 188 138 0,92 168
PFG_MOEA,40,6,528.52,2327.53,0 136 20 143 61 5 16 108 35 150 31 101 25 148 91 193 122 194 37 72 189 190 45 87 22 187 57 184 27 89 41 169 67 191 32 94 68 95 172 15 54 103 139 19 159 63 6 52 177 149 12 153 83 129 165 154 125 141 186 152 134 96 79 13 28 121 110 42 29 164 127 73 3 117 0,91 141 187
PFG_MOEA,41,1,264.18,3010.24,0 117 16 108 35 150 37 72 87 22 187 57 172 95 184 27 89 41 32 94 191 133 161 82 38 140 80 75 168 105 102 158 90 67 169 68 152 0,94 168
PFG_MOEA,41,2,264.18,3010.24,0 3 31 101 25 148 91 6 52 177 149 190 45 122 76 65 193 176 84 151 116 199 171 4 46 18 132 144 30 109 107 156 124 0,122 149
PFG_MOEA,41,3,264.18,3010.24,0 126 36 11 167 182 34 112 180 194 189 197 74 120 142 200 162 17 85 137 173 60 99 9 56 111 179 33 14 155 97 123 47 62 135 77 0,
PFG_MOEA,41,4,264.18,3010.24,0 24 59 2 1 44 7 195 58 100 113 178 86 104 166 66 93 181 53 192 160 43 185 78 175 131 163 183 23 147 49 130 92 40 106 0,
PFG_MOEA,41,5,264.18,3010.24,0 136 20 143 61 69 70 55 196 119 198 98 128 10 8 145 88 174 157 118 170 114 188 138 26 81 71 50 39 0,136
PFG_MOEA,41,6,264.18,3010.24,0 51 48 146 21 115 64 127 73 164 29 42 110 121 28 15 54 13 79 96 134 186 141 103 139 19 159 63 154 125 165 153 12 83 129 5 0,21 96
PFG_MOEA,42,1,306.31,2495.58,0 136 20 143 5 61 109 11 36 126 34 112 180 182 167 56 9 137 85 17 162 200 142 120 74 62 135 107 156 124 0,11 126
PFG_MOEA,42,2,306.31,2495.58,0 47 123 97 155 111 179 33 14 132 18 46 4 99 60 173 151 116 199 171 144 30 24 59 1 44 7 2 77 0,99
PFG_MOEA,42,3,306.31,2495.58,0 51 48 146 175 78 185 66 166 195 58 100 113 178 86 104 181 53 93 43 160 192 69 70 55 196 119 198 128 98 21 115 39 64 0,93 181
PFG_MOEA,42,4,306.31,2495.58,0 131 163 106 40 68 95 172 94 32 41 169 67 191 92 130 90 168 75 80 140 38 82 161 133 158 102 105 49 147 23 183 88 145 174 157 118 170 114 188 138 81 26 10 8 50 71 0,80 105
PFG_MOEA,42,5,306.31,2495.58,0 152 83 153 12 149 177 52 6 63 159 19 139 103 190 45 54 15 87 22 187 57 184 27 89 28 121 110 42 29 164 127 73 3 0,149 190
PFG_MOEA,42,6,306.31,2495.58,0 117 13 79 96 134 186 141 125 154 165 129 16 108 35 150 31 101 25 148 91 193 122 194 37 72 189 197 76 65 176 84 0,91 141
PFG_MOEA,43,1,528.52,2327.53,0 124 156 107 126 36 109 11 167 182 34 112 180 176 197 76 65 84 74 120 142 200 162 56 9 17 85 137 173 60 99 151 116 199 30 144 171 4 46 18 132 14 33 179 111 155 97 123 47 62 135 77 2 24 59 1 44 7 195 58 100 113 178 86 104 166 66 181 53 93 160 43 185 78 175 146 192 69 70 55 196 119 198 128 98 21 115 48 51 0,126 182
PFG_MOEA,43,2,528.52,2327.53,0 39 0,39
PFG_MOEA,43,3,528.52,2327.53,0 64 0,
PFG_MOEA,43,4,528.52,2327.53,0 81 71 50 0,
PFG_MOEA,43,5,528.52,2327.53,0 131 163 106 40 130 92 133 161 82 38 140 80 75 168 90 158 102 105 49 147 23 183 88 145 174 157 118 170 10 8 26 114 188 138 0,92 168
PFG_MOEA,43,6,528.52,2327.53,0 136 20 143 61 5 16 108 35 150 31 101 25 148 91 193 122 194 37 72 189 190 45 87 22 187 57 184 27 89 41 169 67 191 32 94 68 95 172 15 54 103 139 19 159 63 6 52 177 149 12 153 83 129 165 154 125 141 186 152 134 96 79 13 28 121 110 42 29 164 127 73 3 117 0,91 141 187
PFG_MOEA,44,1,264.18,3010.24,0 117 16 108 35 150 37 72 87 22 187 57 172 95 184 27 89 41 32 94 191 133 161 82 38 140 80 75 168 105 102 158 90 67 169 68 152 0,94 168
PFG_MOEA,44,2,264.18,3010.24,0 3 31 101 25 148 91 6 52 177 149 190 45 122 76 65 193 176 84 151 116 199 171 4 46 18 132 144 30 109 107 156 124 0,122 149
PFG_MOEA,44,3,264.18,3010.24,0 126 36 11 167 182 34 112 180 194 189 197 74 120 142 200 162 17 85 137 173 60 99 9 56 111 179 33 14 155 97 123 47 62 135 77 0,
PFG_MOEA,44,4,264.18,3010.24,0 24 59 2 1 44 7 195 58 100 113 178 86 104 166 66 93 181 53 192 160 43 185 78 175 131 163 183 23 147 49 130 92 40 106 0,
PFG_MOEA,44,5,264.18,3010.24,0 136 20 143 61 69 70 55 196 119 198 98 128 10 8 145 88 174 157 118 170 114 188 138 26 81 71 50 39 0,136
PFG_MOEA,44,6,264.18,3010.24,0 51 48 146 21 115 64 127 73 164 29 42 110 121 28 15 54 13 79 96 134 186 141 103 139 19 159 63 154 125 165 153 12 83 129 5 0,21 96
PFG_MOEA,45,1,306.31,2495.58,0 136 20 143 5 61 109 11 36 126 34 112 180 182 167 56 9 137 85 17 162 200 142 120 74 62 135 107 156 124 0,11 126
PFG_MOEA,45,2,306.31,2495.58,0 47 123 97 155 111 179 33 14 132 18 46 4 99 60 173 151 116 199 171 144 30 24 59 1 44 7 2 77 0,99
PFG_MOEA,45,3,306.31,2495.58,0 51 48 146 175 78 185 66 166 195 58 100 113 178 86 104 181 53 93 43 160 192 69 70 55 196 119 198 128 98 21 115 39 64 0,93 181
PFG_MOEA,45,4,306.31,2495.58,0 131 163 106 40 68 95 172 94 32 41 169 67 191 92 130 90 168 75 80 140 38 82 161 133 158 102 105 49 147 23 183 88 145 174 157 118 170 114 188 138 81 26 10 8 50 71 0,80 105
PFG_MOEA,45,5,306.31,2495.58,0 152 83 153 12 149 177 52 6 63 159 19 139 103 190 45 54 15 87 22 187 57 184 27 89 28 121 110 42 29 164 127 73 3 0,149 190
PFG_MOEA,45,6,306.31,2495.58,0 117 13 79 96 134 186 141 125 154 165 129 16 108 35 150 31 101 25 148 91 193 122 194 37 72 189 197 76 65 176 84 0,91 141
PFG_MOEA,46,1,528.52,2327.53,0 124 156 107 126 36 109 11 167 182 34 112 180 176 197 76 65 84 74 120 142 200 162 56 9 17 85 137 173 60 99 151 116 199 30 144 171 4 46 18 132 14 33 179 111 155 97 123 47 62 135 77 2 24 59 1 44 7 195 58 100 113 178 86 104 166 66 181 53 93 160 43 185 78 175 146 192 69 70 55 196 119 198 128 98 21 115 48 51 0,126 182
PFG_MOEA,46,2,528.52,2327.53,0 39 0,39
PFG_MOEA,46,3,528.52,2327.53,0 64 0,
PFG_MOEA,46,4,528.52,2327.53,0 81 71 50 0,
PFG_MOEA,46,5,528.52,2327.53,0 131 163 106 40 130 92 133 161 82 38 140 80 75 168 90 158 102 105 49 147 23 183 88 145 174 157 118 170 10 8 26 114 188 138 0,92 168
PFG_MOEA,46,6,528.52,2327.53,0 136 20 143 61 5 16 108 35 150 31 101 25 148 91 193 122 194 37 72 189 190 45 87 22 187 57 184 27 89 41 169 67 191 32 94 68 95 172 15 54 103 139 19 159 63 6 52 177 149 12 153 83 129 165 154 125 141 186 152 134 96 79 13 28 121 110 42 29 164 127 73 3 117 0,91 141 187
PFG_MOEA,47,1,264.18,3010.24,0 117 16 108 35 150 37 72 87 22 187 57 172 95 184 27 89 41 32 94 191 133 161 82 38 140 80 75 168 105 102 158 90 67 169 68 152 0,94 168
PFG_MOEA,47,2,264.18,3010.24,0 3 31 101 25 148 91 6 52 177 149 190 45 122 76 65 193 176 84 151 116 199 171 4 46 18 132 144 30 109 107 156 124 0,122 149
PFG_MOEA,47,3,264.18,3010.24,0 126 36 11 167 182 34 112 180 194 189 197 74 120 142 200 162 17 85 137 173 60 99 9 56 111 179 33 14 155 97 123 47 62 135 77 0,
PFG_MOEA,47,4,264.18,3010.24,0 24 59 2 1 44 7 195 58 100 113 178 86 104 166 66 93 181 53 192 160 43 185 78 175 131 163 183 23 147 49 130 92 40 106 0,
PFG_MOEA,47,5,264.18,3010.24,0 136 20 143 61 69 70 55 196 119 198 98 128 10 8 145 88 174 157 118 170 114 188 138 26 81 71 50 39 0,136
PFG_MOEA,47,6,264.18,3010.24,0 51 48 146 21 115 64 127 73 164 29 42 110 121 28 15 54 13 79 96 134 186 141 103 139 19 159 63 154 125 165 153 12 83 129 5 0,21 96
PFG_MOEA,48,1,306.31,2495.58,0 136 20 143 5 61 109 11 36 126 34 112 180 182 167 56 9 137 85 17 162 200 142 120 74 62 135 107 156 124 0,11 126
PFG_MOEA,48,2,306.31,2495.58,0 47 123 97 155 111 179 33 14 132 18 46 4 99 60 173 151 116 199 171 144 30 24 59 1 44 7 2 77 0,99
PFG_MOEA,48,3,306.31,2495.58,0 51 48 146 175 78 185 66 166 195 58 100 113 178 86 104 181 53 93 43 160 192 69 70 55 196 119 198 128 98 21 115 39 64 0,93 181
PFG_MOEA,48,4,306.31,2495.58,0 131 163 106 40 68 95 172 94 32 41 169 67 191 92 130 90 168 75 80 140 38 82 161 133 158 102 105 49 147 23 183 88 145 174 157 118 170 114 188 138 81 26 10 8 50 71 0,80 105
PFG_MOEA,48,5,306.31,2495.58,0 152 83 153 12 149 177 52 6 63 159 19 139 103 190 45 54 15 87 22 187 57 184 27 89 28 121 110 42 29 164 127 73 3 0,149 190
PFG_MOEA,48,6,306.31,2495.58,0 117 13 79 96 134 186 141 125 154 165 129 16 108 35 150 31 101 25 148 91 193 122 194 37 72 189 197 76 65 176 84 0,91 141
PFG_MOEA,49,1,528.52,2327.53,0 124 156 107 126 36 109 11 167 182 34 112 180 176 197 76 65 84 74 120 142 200 162 56 9 17 85 137 173 60 99 151 116 199 30 144 171 4 46 18 132 14 33 179 111 155 97 123 47 62 135 77 2 24 59 1 44 7 195 58 100 113 178 86 104 166 66 181 53 93 160 43 185 78 175 146 192 69 70 55 196 119 198 128 98 21 115 48 51 0,126 182
PFG_MOEA,49,2,528.52,2327.53,0 39 0,39
PFG_MOEA,49,3,528.52,2327.53,0 64 0,
PFG_MOEA,49,4,528.52,2327.53,0 81 71 50 0,
PFG_MOEA,49,5,528.52,2327.53,0 131 163 106 40 130 92 133 161 82 38 140 80 75 168 90 158 102 105 49 147 23 183 88 145 174 157 118 170 10 8 26 114 188 138 0,92 168
PFG_MOEA,49,6,528.52,2327.53,0 136 20 143 61 5 16 108 35 150 31 101 25 148 91 193 122 194 37 72 189 190 45 87 22 187 57 184 27 89 41 169 67 191 32 94 68 95 172 15 54 103 139 19 159 63 6 52 177 149 12 153 83 129 165 154 125 141 186 152 134 96 79 13 28 121 110 42 29 164 127 73 3 117 0,91 141 187
PFG_MOEA,50,1,264.18,3010.24,0 117 16 108 35 150 37 72 87 22 187 57 172 95 184 27 89 41 32 94 191 133 161 82 38 140 80 75 168 105 102 158 90 67 169 68 152 0,94 168
PFG_MOEA,50,2,264.18,3010.24,0 3 31 101 25 148 91 6 52 177 149 190 45 122 76 65 193 176 84 151 116 199 171 4 46 18 132 144 30 109 107 156 124 0,122 149
PFG_MOEA,50,3,264.18,3010.24,0 126 36 11 167 182 34 112 180 194 189 197 74 120 142 200 162 17 85 137 173 60 99 9 56 111 179 33 14 155 97 123 47 62 135 77 0,
PFG_MOEA,50,4,264.18,3010.24,0 24 59 2 1 44 7 195 58 100 113 178 86 104 166 66 93 181 53 192 160 43 185 78 175 131 163 183 23 147 49 130 92 40 106 0,
PFG_MOEA,50,5,264.18,3010.24,0 136 20 143 61 69 70 55 196 119 198 98 128 10 8 145 88 174 157 118 170 114 188 138 26 81 71 50 39 0,136
PFG_MOEA,50,6,264.18,3010.24,0 51 48 146 21 115 64 127 73 164 29 42 110 121 28 15 54 13 79 96 134 186 141 103 139 19 159 63 154 125 165 153 12 83 129 5 0,21 96
PFG_MOEA,51,1,306.31,2495.58,0 136 20 143 5 61 109 11 36 126 34 112 180 182 167 56 9 137 85 17 162 200 142 120 74 62 135 107 156 124 0,11 126
PFG_MOEA,51,2,306.31,2495.58,0 47 123 97 155 111 179 33 14 132 18 46 4 99 60 173 151 116 199 171 144 30 24 59 1 44 7 2 77 0,99
PFG_MOEA,51,3,306.31,2495.58,0 51 48 146 175 78 185 66 166 195 58 100 113 178 86 104 181 53 93 43 160 192 69 70 55 196 119 198 128 98 21 115 39 64 0,93 181
PFG_MOEA,51,4,306.31,2495.58,0 131 163 106 40 68 95 172 94 32 41 169 67 191 92 130 90 168 75 80 140 38 82 161 133 158 102 105 49 147 23 183 88 145 174 157 118 170 114 188 138 81 26 10 8 50 71 0,80 105
PFG_MOEA,51,5,306.31,2495.58,0 152 83 153 12 149 177 52 6 63 159 19 139 103 190 45 54 15 87 22 187 57 184 27 89 28 121 110 42 29 164 127 73 3 0,149 190
PFG_MOEA,51,6,306.31,2495.58,0 117 13 79 96 134 186 141 125 154 165 129 16 108 35 150 31 101 25 148 91 193 122 194 37 72 189 197 76 65 176 84 0,91 141
PFG_MOEA,52,1,528.52,2327.53,0 124 156 107 126 36 109 11 167 182 34 112 180 176 197 76 65 84 74 120 142 200 162 56 9 17 85 137 173 60 99 151 116 199 30 144 171 4 46 18 132 14 33 179 111 155 97 123 47 62 135 77 2 24 59 1 44 7 195 58 100 113 178 86 104 166 66 181 53 93 160 43 185 78 175 146 192 69 70 55 196 119 198 128 98 21 115 48 51 0,126 182
PFG_MOEA,52,2,528.52,2327.53,0 39 0,39
PFG_MOEA,52,3,528.52,2327.53,0 64 0,
PFG_MOEA,52,4,528.52,2327.53,0 81 71 50 0,
PFG_MOEA,52,5,528.52,2327.53,0 131 163 106 40 130 92 133 161 82 38 140 80 75 168 90 158 102 105 49 147 23 183 88 145 174 157 118 170 10 8 26 114 188 138 0,92 168
PFG_MOEA,52,6,528.52,2327.53,0 136 20 143 61 5 16 108 35 150 31 101 25 148 91 193 122 194 37 72 189 190 45 87 22 187 57 184 27 89 41 169 67 191 32 94 68 95 172 15 54 103 139 19 159 63 6 52 177 149 12 153 83 129 165 154 125 141 186 152 134 96 79 13 28 121 110 42 29 164 127 73 3 117 0,91 141 187
PFG_MOEA,53,1,264.18,3010.24,0 117 16 108 35 150 37 72 87 22 187 57 172 95 184 27 89 41 32 94 191 133 161 82 38 140 80 75 168 105 102 158 90 67 169 68 152 0,94 168
PFG_MOEA,53,2,264.18,3010.24,0 3 31 101 25 148 91 6 52 177 149 190 45 122 76 65 193 176 84 151 116 199 171 4 46 18 132 144 30 109 107 156 124 0,122 149
PFG_MOEA,53,3,264.18,3010.24,0 126 36 11 167 182 34 112 180 194 189 197 74 120 142 200 162 17 85 137 173 60 99 9 56 111 179 33 14 155 97 123 47 62 135 77 0,
PFG_MOEA,53,4,264.18,3010.24,0 24 59 2 1 44 7 195 58 100 113 178 86 104 166 66 93 181 53 192 160 43 185 78 175 131 163 183 23 147 49 130 92 40 106 0,
PFG_MOEA,53,5,264.18,3010.24,0 136 20 143 61 69 70 55 196 119 198 98 128 10 8 145 88 174 157 118 170 114 188 138 26 81 71 50 39 0,136
PFG_MOEA,53,6,264.18,3010.24,0 51 48 146 21 115 64 127 73 164 29 42 110 121 28 15 54 13 79 96 134 186 141 103 139 19 159 63 154 125 165 153 12 83 129 5 0,21 96
PFG_MOEA,54,1,306.31,2495.58,0 136 20 143 5 61 109 11 36 126 34 112 180 182 167 56 9 137 85 17 162 200 142 120 74 62 135 107 156 124 0,11 126
PFG_MOEA,54,2,306.31,2495.58,0 47 123 97 155 111 179 33 14 132 18 46 4 99 60 173 151 116 199 171 144 30 24 59 1 44 7 2 77 0,99
PFG_MOEA,54,3,306.31,2495.58,0 51 48 146 175 78 185 66 166 195 58 100 113 178 86 104 181 53 93 43 160 192 69 70 55 196 119 198 128 98 21 115 39 64 0,93 181
PFG_MOEA,54,4,306.31,2495.58,0 131 163 106 40 68 95 172 94 32 41 169 67 191 92 130 90 168 75 80 140 38 82 161 133 158 102 105 49 147 23 183 88 145 174 157 118 170 114 188 138 81 26 10 8 50 71 0,80 105
PFG_MOEA,54,5,306.31,2495.58,0 152 83 153 12 149 177 52 6 63 159 19 139 103 190 45 54 15 87 22 187 57 184 27 89 28 121 110 42 29 164 127 73 3 0,149 190
PFG_MOEA,54,6,306.31,2495.58,0 117 13 79 96 134 186 141 125 154 165 129 16 108 35 150 31 101 25 148 91 193 122 194 37 72 189 197 76 65 176 84 0,91 141
PFG_MOEA,55,1,528.52,2327.53,0 124 156 107 126 36 109 11 167 182 34 112 180 176 197 76 65 84 74 120 142 200 162 56 9 17 85 137 173 60 99 151 116 199 30 144 171 4 46 18 132 14 33 179 111 155 97 123 47 62 135 77 2 24 59 1 44 7 195 58 100 113 178 86 104 166 66 181 53 93 160 43 185 78 175 146 192 69 70 55 196 119 198 128 98 21 115 48 51 0,126 182
PFG_MOEA,55,2,528.52,2327.53,0 39 0,39
PFG_MOEA,55,3,528.52,2327.53,0 64 0,
PFG_MOEA,55,4,528.52,2327.53,0 81 71 50 0,
PFG_MOEA,55,5,528.52,2327.53,0 131 163 106 40 130 92 133 161 82 38 140 80 75 168 90 158 102 105 49 147 23 183 88 145 174 157 118 170 10 8 26 114 188 138 0,92 168
PFG_MOEA,55,6,528.52,2327.53,0 136 20 143 61 5 16 108 35 150 31 101 25 148 91 193 122 194 37 72 189 190 45 87 22 187 57 184 27 89 41 169 67 191 32 94 68 95 172 15 54 103 139 19 159 63 6 52 177 149 12 153 83 129 165 154 125 141 186 152 134 96 79 13 28 121 110 42 29 164 127 73 3 117 0,91 141 187
PFG_MOEA,56,1,264.18,3010.24,0 117 16 108 35 150 37 72 87 22 187 57 172 95 184 27 89 41 32 94 191 133 161 82 38 140 80 75 168 105 102 158 90 67 169 68 152 0,94 168
PFG_MOEA,56,2,264.18,3010.24,0 3 31 101 25 148 91 6 52 177 149 190 45 122 76 65 193 176 84 151 116 199 171 4 46 18 132 144 30 109 107 156 124 0,122 149
PFG_MOEA,56,3,264.18,3010.24,0 126 36 11 167 182 34 112 180 194 189 197 74 120 142 200 162 17 85 137 173 60 99 9 56 111 179 33 14 155 97 123 47 62 135 77 0,
PFG_MOEA,56,4,264.18,3010.24,0 24 59 2 1 44 7 195 58 100 113 178 86 104 166 66 93 181 53 192 160 43 185 78 175 131 163 183 23 147 49 130 92 40 106 0,
PFG_MOEA,56,5,264.18,3010.24,0 136 20 143 61 69 70 55 196 119 198 98 128 10 8 145 88 174 157 118 170 114 188 138 26 81 71 50 39 0,136
PFG_MOEA,56,6,264.18,3010.24,0 51 48 146 21 115 64 127 73 164 29 42 110 121 28 15 54 13 79 96 134 186 141 103 139 19 159 63 154 125 165 153 12 83 129 5 0,21 96
PFG_MOEA,57,1,306.31,2495.58,0 136 20 143 5 61 109 11 36 126 34 112 180 182 167 56 9 137 85 17 162 200 142 120 74 62 135 107 156 124 0,11 126
PFG_MOEA,57,2,306.31,2495.58,0 47 123 97 155 111 179 33 14 132 18 46 4 99 60 173 151 116 199 171 144 30 24 59 1 44 7 2 77 0,99
PFG_MOEA,57,3,306.31,2495.58,0 51 48 146 175 78 185 66 166 195 58 100 113 178 86 104 181 53 93 43 160 192 69 70 55 196 119 198 128 98 21 115 39 64 0,93 181
PFG_MOEA,57,4,306.31,2495.58,0 131 163 106 40 68 95 172 94 32 41 169 67 191 92 130 90 168 75 80 140 38 82 161 133 158 102 105 49 147 23 183 88 145 174 157 118 170 114 188 138 81 26 10 8 50 71 0,80 105
PFG_MOEA,57,5,306.31,2495.58,0 152 83 153 12 149 177 52 6 63 159 19 139 103 190 45 54 15 87 22 187 57 184 27 89 28 121 110 42 29 164 127 73 3 0,149 190
PFG_MOEA,57,6,306.31,2495.58,0 117 13 79 96 134 186 141 125 154 165 129 16 108 35 150 31 101 25 148 91 193 122 194 37 72 189 197 76 65 176 84 0,91 141
PFG_MOEA,58,1,528.52,2327.53,0 124 156 107 126 36 109 11 167 182 34 112 180 176 197 76 65 84 74 120 142 200 162 56 9 17 85 137 173 60 99 151 116 199 30 144 171 4 46 18 132 14 33 179 111 155 97 123 47 62 135 77 2 24 59 1 44 7 195 58 100 113 178 86 104 166 66 181 53 93 160 43 185 78 175 146 192 69 70 55 196 119 198 128 98 21 115 48 51 0,126 182
PFG_MOEA,58,2,528.52,2327.53,0 39 0,39
PFG_MOEA,58,3,528.52,2327.53,0 64 0,
PFG_MOEA,58,4,528.52,2327.53,0 81 71 50 0,
PFG_MOEA,58,5,528.52,2327.53,0 131 163 106 40 130 92 133 161 82 38 140 80 75 168 90 158 102 105 49 147 23 183 88 145 174 157 118 170 10 8 26 114 188 138 0,92 168
PFG_MOEA,58,6,528.52,2327.53,0 136 20 143 61 5 16 108 35 150 31 101 25 148 91 193 122 194 37 72 189 190 45 87 22 187 57 184 27 89 41 169 67 191 32 94 68 95 172 15 54 103 139 19 159 63 6 52 177 149 12 153 83 129 165 154 125 141 186 152 134 96 79 13 28 121 110 42 29 164 127 73 3 117 0,91 141 187
PFG_MOEA,59,1,264.18,3010.24,0 117 16 108 35 150 37 72 87 22 187 57 172 95 184 27 89 41 32 94 191 133 161 82 38 140 80 75 168 105 102 158 90 67 169 68 152 0,94 168
PFG_MOEA,59,2,264.18,3010.24,0 3 31 101 25 148 91 6 52 177 149 190 45 122 76 65 193 176 84 151 116 199 171 4 46 18 132 144 30 109 107 156 124 0,122 149
PFG_MOEA,59,3,264.18,3010.24,0 126 36 11 167 182 34 112 180 194 189 197 74 120 142 200 162 17 85 137 173 60 99 9 56 111 179 33 14 155 97 123 47 62 135 77 0,
PFG_MOEA,59,4,264.18,3010.24,0 24 59 2 1 44 7 195 58 100 113 178 86 104 166 66 93 181 53 192 160 43 185 78 175 131 163 183 23 147 49 130 92 40 106 0,
PFG_MOEA,59,5,264.18,3010.24,0 136 20 143 61 69 70 55 196 119 198 98 128 10 8 145 88 174 157 118 170 114 188 138 26 81 71 50 39 0,136
PFG_MOEA,59,6,264.18,3010.24,0 51 48 146 21 115 64 127 73 164 29 42 110 121 28 15 54 13 79 96 134 186 141 103 139 19 159 63 154 125 165 153 12 83 129 5 0,21 96
PFG_MOEA,60,1,306.31,2495.58,0 136 20 143 5 61 109 11 36 126 34 112 180 182 167 56 9 137 85 17 162 200 142 120 74 62 135 107 156 124 0,11 126
PFG_MOEA,60,2,306.31,2495.58,0 47 123 97 155 111 179 33 14 132 18 46 4 99 60 173 151 116 199 171 144 30 24 59 1 44 7 2 77 0,99
PFG_MOEA,60,3,306.31,2495.58,0 51 48 146 175 78 185 66 166 195 58 100 113 178 86 104 181 53 93 43 160 192 69 70 55 196 119 198 128 98 21 115 39 64 0,93 181
PFG_MOEA,60,4,306.31,2495.58,0 131 163 106 40 68 95 172 94 32 41 169 67 191 92 130 90 168 75 80 140 38 82 161 133 158 102 105 49 147 23 183 88 145 174 157 118 170 114 188 138 81 26 10 8 50 71 0,80 105
PFG_MOEA,60,5,306.31,2495.58,0 152 83 153 12 149 177 52 6 63 159 19 139 103 190 45 54 15 87 22 187 57 184 27 89 28 121 110 42 29 164 127 73 3 0,149 190
PFG_MOEA,60,6,306.31,2495.58,0 117 13 79 96 134 186 141 125 154 165 129 16 108 35 150 31 101 25 148 91 193 122 194 37 72 189 197 76 65 176 84 0,91 141
PFG_MOEA,61,1,528.52,2327.53,0 124 156 107 126 36 109 11 167 182 34 112 180 176 197 76 65 84 74 120 142 200 162 56 9 17 85 137 173 60 99 151 116 199 30 144 171 4 46 18 132 14 33 179 111 155 97 123 47 62 135 77 2 24 59 1 44 7 195 58 100 113 178 86 104 166 66 181 53 93 160 43 185 78 175 146 192 69 70 55 196 119 198 128 98 21 115 48 51 0,126 182
PFG_MOEA,61,2,528.52,2327.53,0 39 0,39
PFG_MOEA,61,3,528.52,2327.53,0 64 0,
PFG_MOEA,61,4,528.52,2327.53,0 81 71 50 0,
PFG_MOEA,61,5,528.52,2327.53,0 131 163 106 40 130 92 133 161 82 38 140 80 75 168 90 158 102 105 49 147 23 183 88 145 174 157 118 170 10 8 26 114 188 138 0,92 168
PFG_MOEA,61,6,528.52,2327.53,0 136 20 143 61 5 16 108 35 150 31 101 25 148 91 193 122 194 37 72 189 190 45 87 22 187 57 184 27 89 41 169 67 191 32 94 68 95 172 15 54 103 139 19 159 63 6 52 177 149 12 153 83 129 165 154 125 141 186 152 134 96 79 13 28 121 110 42 29 164 127 73 3 117 0,91 141 187
PFG_MOEA,62,1,264.18,3010.24,0 117 16 108 35 150 37 72 87 22 187 57 172 95 184 27 89 41 32 94 191 133 161 82 38 140 80 75 168 105 102 158 90 67 169 68 152 0,94 168
PFG_MOEA,62,2,264.18,3010.24,0 3 31 101 25 148 91 6 52 177 149 190 45 122 76 65 193 176 84 151 116 199 171 4 46 18 132 144 30 109 107 156 124 0,122 149
PFG_MOEA,62,3,264.18,3010.24,0 126 36 11 167 182 34 112 180 194 189 197 74 120 142 200 162 17 85 137 173 60 99 9 56 111 179 33 14 155 97 123 47 62 135 77 0,
PFG_MOEA,62,4,264.18,3010.24,0 24 59 2 1 44 7 195 58 100 113 178 86 104 166 66 93 181 53 192 160 43 185 78 175 131 163 183 23 147 49 130 92 40 106 0,
PFG_MOEA,62,5,264.18,3010.24,0 136 20 143 61 69 70 55 196 119 198 98 128 10 8 145 88 174 157 118 170 114 188 138 26 81 71 50 39 0,136
PFG_MOEA,62,6,264.18,3010.24,0 51 48 146 21 115 64 127 73 164 29 42 110 121 28 15 54 13 79 96 134 186 141 103 139 19 159 63 154 125 165 153 12 83 129 5 0,21 96
PFG_MOEA,63,1,306.31,2495.58,0 136 20 143 5 61 109 11 36 126 34 112 180 182 167 56 9 137 85 17 162 200 142 120 74 62 135 107 156 124 0,11 126
PFG_MOEA,63,2,306.31,2495.58,0 47 123 97 155 111 179 33 14 132 18 46 4 99 60 173 151 116 199 171 144 30 24 59 1 44 7 2 77 0,99
PFG_MOEA,63,3,306.31,2495.58,0 51 48 146 175 78 185 66 166 195 58 100 113 178 86 104 181 53 93 43 160 192 69 70 55 196 119 198 128 98 21 115 39 64 0,93 181
PFG_MOEA,63,4,306.31,2495.58,0 131 163 106 40 68 95 172 94 32 41 169 67 191 92 130 90 168 75 80 140 38 82 161 133 158 102 105 49 147 23 183 88 145 174 157 118 170 114 188 138 81 26 10 8 50 71 0,80 105
PFG_MOEA,63,5,306.31,2495.58,0 152 83 153 12 149 177 52 6 63 159 19 139 103 190 45 54 15 87 22 187 57 184 27 89 28 121 110 42 29 164 127 73 3 0,149 190
PFG_MOEA,63,6,306.31,2495.58,0 117 13 79 96 134 186 141 125 154 165 129 16 108 35 150 31 101 25 148 91 193 122 194 37 72 189 197 76 65 176 84 0,91 141
PFG_MOEA,64,1,528.52,2327.53,0 124 156 107 126 36 109 11 167 182 34 112 180 176 197 76 65 84 74 120 142 200 162 56 9 17 85 137 173 60 99 151 116 199 30 144 171 4 46 18 132 14 33 179 111 155 97 123 47 62 135 77 2 24 59 1 44 7 195 58 100 113 178 86 104 166 66 181 53 93 160 43 185 78 175 146 192 69 70 55 196 119 198 128 98 21 115 48 51 0,126 182
PFG_MOEA,64,2,528.52,2327.53,0 39 0,39
PFG_MOEA,64,3,528.52,2327.53,0 64 0,
PFG_MOEA,64,4,528.52,2327.53,0 81 71 50 0,
PFG_MOEA,64,5,528.52,2327.53,0 131 163 106 40 130 92 133 161 82 38 140 80 75 168 90 158 102 105 49 147 23 183 88 145 174 157 118 170 10 8 26 114 188 138 0,92 168
PFG_MOEA,64,6,528.52,2327.53,0 136 20 143 61 5 16 108 35 150 31 101 25 148 91 193 122 194 37 72 189 190 45 87 22 187 57 184 27 89 41 169 67 191 32 94 68 95 172 15 54 103 139 19 159 63 6 52 177 149 12 153 83 129 165 154 125 141 186 152 134 96 79 13 28 121 110 42 29 164 127 73 3 117 0,91 141 187
PFG_MOEA,65,1,264.18,3010.24,0 117 16 108 35 150 37 72 87 22 187 57 172 95 184 27 89 41 32 94 191 133 161 82 38 140 80 75 168 105 102 158 90 67 169 68 152 0,94 168
PFG_MOEA,65,2,264.18,3010.24,0 3 31 101 25 148 91 6 52 177 149 190 45 122 76 65 193 176 84 151 116 199 171 4 46 18 132 144 30 109 107 156 124 0,122 149
PFG_MOEA,65,3,264.18,3010.24,0 126 36 11 167 182 34 112 180 194 189 197 74 120 142 200 162 17 85 137 173 60 99 9 56 111 179 33 14 155 97 123 47 62 135 77 0,
PFG_MOEA,65,4,264.18,3010.24,0 24 59 2 1 44 7 195 58 100 113 178 86 104 166 66 93 181 53 192 160 43 185 78 175 131 163 183 23 147 49 130 92 40 106 0,
PFG_MOEA,65,5,264.18,3010.24,0 136 20 143 61 69 70 55 196 119 198 98 128 10 8 145 88 174 157 118 170 114 188 138 26 81 71 50 39 0,136
PFG_MOEA,65,6,264.18,3010.24,0 51 48 146 21 115 64 127 73 164 29 42 110 121 28 15 54 13 79 96 134 186 141 103 139 19 159 63 154 125 165 153 12 83 129 5 0,21 96
PFG_MOEA,66,1,306.31,2495.58,0 136 20 143 5 61 109 11 36 126 34 112 180 182 167 56 9 137 85 17 162 200 142 120 74 62 135 107 156 124 0,11 126
PFG_MOEA,66,2,306.31,2495.58,0 47 123 97 155 111 179 33 14 132 18 46 4 99 60 173 151 116 199 171 144 30 24 59 1 44 7 2 77 0,99
PFG_MOEA,66,3,306.31,2495.58,0 51 48 146 175 78 185 66 166 195 58 100 113 178 86 104 181 53 93 43 160 192 69 70 55 196 119 198 128 98 21 115 39 64 0,93 181
PFG_MOEA,66,4,306.31,2495.58,0 131 163 106 40 68 95 172 94 32 41 169 67 191 92 130 90 168 75 80 140 38 82 161 133 158 102 105 49 147 23 183 88 145 174 157 118 170 114 188 138 81 26 10 8 50 71 0,80 105
PFG_MOEA,66,5,306.31,2495.58,0 152 83 153 12 149 177 52 6 63 159 19 139 103 190 45 54 15 87 22 187 57 184 27 89 28 121 110 42 29 164 127 73 3 0,149 190
PFG_MOEA,66,6,306.31,2495.58,0 117 13 79 96 134 186 141 125 154 165 129 16 108 35 150 31 101 25 148 91 193 122 194 37 72 189 197 76 65 176 84 0,91 141
PFG_MOEA,67,1,528.52,2327.53,0 124 156 107 126 36 109 11 167 182 34 112 180 176 197 76 65 84 74 120 142 200 162 56 9 17 85 137 173 60 99 151 116 199 30 144 171 4 46 18 132 14 33 179 111 155 97 123 47 62 135 77 2 24 59 1 44 7 195 58 100 113 178 86 104 166 66 181 53 93 160 43 185 78 175 146 192 69 70 55 196 119 198 128 98 21 115 48 51 0,126 182
PFG_MOEA,67,2,528.52,2327.53,0 39 0,39
PFG_MOEA,67,3,528.52,2327.53,0 64 0,
PFG_MOEA,67,4,528.52,2327.53,0 81 71 50 0,
PFG_MOEA,67,5,528.52,2327.53,0 131 163 106 40 130 92 133 161 82 38 140 80 75 168 90 158 102 105 49 147 23 183 88 145 174 157 118 170 10 8 26 114 188 138 0,92 168
PFG_MOEA,67,6,528.52,2327.53,0 136 20 143 61 5 16 108 35 150 31 101 25 148 91 193 122 194 37 72 189 190 45 87 22 187 57 184 27 89 41 169 67 191 32 94 68 95 172 15 54 103 139 19 159 63 6 52 177 149 12 153 83 129 165 154 125 141 186 152 134 96 79 13 28 121 110 42 29 164 127 73 3 117 0,91 141 187
PFG_MOEA,68,1,264.18,3010.24,0 117 16 108 35 150 37 72 87 22 187 57 172 95 184 27 89 41 32 94 191 133 161 82 38 140 80 75 168 105 102 158 90 67 169 68 152 0,94 168
PFG_MOEA,68,2,264.18,3010.24,0 3 31 101 25 148 91 6 52 177 149 190 45 122 76 65 193 176 84 151 116 199 171 4 46 18 132 144 30 109 107 156 124 0,122 149
PFG_MOEA,68,3,264.18,3010.24,0 126 36 11 167 182 34 112 180 194 189 197 74 120 142 200 162 17 85 137 173 60 99 9 56 111 179 33 14 155 97 123 47 62 135 77 0,
PFG_MOEA,68,4,264.18,3010.24,0 24 59 2 1 44 7 195 58 100 113 178 86 104 166 66 93 181 53 192 160 43 185 78 175 131 163 183 23 147 49 130 92 40 106 0,
PFG_MOEA,68,5,264.18,3010.24,0 136 20 143 61 69 70 55 196 119 198 98 128 10 8 145 88 174 157 118 170 114 188 138 26 81 71 50 39 0,136
PFG_MOEA,68,6,264.18,3010.24,0 51 48 146 21 115 64 127 73 164 29 42 110 121 28 15 54 13 79 96 134 186 141 103 139 19 159 63 154 125 165 153 12 83 129 5 0,21 96
PFG_MOEA,69,1,306.31,2495.58,0 136 20 143 5 61 109 11 36 126 34 112 180 182 167 56 9 137 85 17 162 200 142 120 74 62 135 107 156 124 0,11 126
PFG_MOEA,69,2,306.31,2495.58,0 47 123 97 155 111 179 33 14 132 18 46 4 99 60 173 151 116 199 171 144 30 24 59 1 44 7 2 77 0,99
PFG_MOEA,69,3,306.31,2495.58,0 51 48 146 175 78 185 66 166 195 58 100 113 178 86 104 181 53 93 43 160 192 69 70 55 196 119 198 128 98 21 115 39 64 0,93 181
PFG_MOEA,69,4,306.31,2495.58,0 131 163 106 40 68 95 172 94 32 41 169 67 191 92 130 90 168 75 80 140 38 82 161 133 158 102 105 49 147 23 183 88 145 174 157 118 170 114 188 138 81 26 10 8 50 71 0,80 105
PFG_MOEA,69,5,306.31,2495.58,0 152 83 153 12 149 177 52 6 63 159 19 139 103 190 45 54 15 87 22 187 57 184 27 89 28 121 110 42 29 164 127 73 3 0,149 190
PFG_MOEA,69,6,306.31,2495.58,0 117 13 79 96 134 186 141 125 154 165 129 16 108 35 150 31 101 25 148 91 193 122 194 37 72 189 197 76 65 176 84 0,91 141
PFG_MOEA,70,1,528.52,2327.53,0 124 156 107 126 36 109 11 167 182 34 112 180 176 197 76 65 84 74 120 142 200 162 56 9 17 85 137 173 60 99 151 116 199 30 144 171 4 46 18 132 14 33 179 111 155 97 123 47 62 135 77 2 24 59 1 44 7 195 58 100 113 178 86 104 166 66 181 53 93 160 43 185 78 175 146 192 69 70 55 196 119 198 128 98 21 115 48 51 0,126 182
PFG_MOEA,70,2,528.52,2327.53,0 39 0,39
PFG_MOEA,70,3,528.52,2327.53,0 64 0,
PFG_MOEA,70,4,528.52,2327.53,0 81 71 50 0,
PFG_MOEA,70,5,528.52,2327.53,0 131 163 106 40 130 92 133 161 82 38 140 80 75 168 90 158 102 105 49 147 23 183 88 145 174 157 118 170 10 8 26 114 188 138 0,92 168
PFG_MOEA,70,6,528.52,2327.53,0 136 20 143 61 5 16 108 35 150 31 101 25 148 91 193 122 194 37 72 189 190 45 87 22 187 57 184 27 89 41 169 67 191 32 94 68 95 172 15 54 103 139 19 159 63 6 52 177 149 12 153 83 129 165 154 125 141 186 152 134 96 79 13 28 121 110 42 29 164 127 73 3 117 0,91 141 187
PFG_MOEA,71,1,264.18,3010.24,0 117 16 108 35 150 37 72 87 22 187 57 172 95 184 27 89 41 32 94 191 133 161 82 38 140 80 75 168 105 102 158 90 67 169 68 152 0,94 168
PFG_MOEA,71,2,264.18,3010.24,0 3 31 101 25 148 91 6 52 177 149 190 45 122 76 65 193 176 84 151 116 199 171 4 46 18 132 144 30 109 107 156 124 0,122 149
PFG_MOEA,71,3,264.18,3010.24,0 126 36 11 167 182 34 112 180 194 189 197 74 120 142 200 162 17 85 137 173 60 99 9 56 111 179 33 14 155 97 123 47 62 135 77 0,
PFG_MOEA,71,4,264.18,3010.24,0 24 59 2 1 44 7 195 58 100 113 178 86 104 166 66 93 181 53 192 160 43 185 78 175 131 163 183 23 147 49 130 92 40 106 0,
PFG_MOEA,71,5,264.18,3010.24,0 136 20 143 61 69 70 55 196 119 198 98 128 10 8 145 88 174 157 118 170 114 188 138 26 81 71 50 39 0,136
PFG_MOEA,71,6,264.18,3010.24,0 51 48 146 21 115 64 127 73 164 29 42 110 121 28 15 54 13 79 96 134 186 141 103 139 19 159 63 154 125 165 153 12 83 129 5 0,21 96
PFG_MOEA,72,1,306.31,2495.58,0 136 20 143 5 61 109 11 36 126 34 112 180 182 167 56 9 137 85 17 162 200 142 120 74 62 135 107 156 124 0,11 126
PFG_MOEA,72,2,306.31,2495.58,0 47 123 97 155 111 179 33 14 132 18 46 4 99 60 173 151 116 199 171 144 30 24 59 1 44 7 2 77 0,99
PFG_MOEA,72,3,306.31,2495.58,0 51 48 146 175 78 185 66 166 195 58 100 113 178 86 104 181 53 93 43 160 192 69 70 55 196 119 198 128 98 21 115 39 64 0,93 181
PFG_MOEA,72,4,306.31,2495.58,0 131 163 106 40 68 95 172 94 32 41 169 67 191 92 130 90 168 75 80 140 38 82 161 133 158 102 105 49 147 23 183 88 145 174 157 118 170 114 188 138 81 26 10 8 50 71 0,80 105
PFG_MOEA,72,5,306.31,2495.58,0 152 83 153 12 149 177 52 6 63 159 19 139 103 190 45 54 15 87 22 187 57 184 27 89 28 121 110 42 29 164 127 73 3 0,149 190
PFG_MOEA,72,6,306.31,2495.58,0 117 13 79 96 134 186 141 125 154 165 129 16 108 35 150 31 101 25 148 91 193 122 194 37 72 189 197 76 65 176 84 0,91 141
PFG_MOEA,73,1,528.52,2327.53,0 124 156 107 126 36 109 11 167 182 34 112 180 176 197 76 65 84 74 120 142 200 162 56 9 17 85 137 173 60 99 151 116 199 30 144 171 4 46 18 132 14 33 179 111 155 97 123 47 62 135 77 2 24 59 1 44 7 195 58 100 113 178 86 104 166 66 181 53 93 160 43 185 78 175 146 192 69 70 55 196 119 198 128 98 21 115 48 51 0,126 182
PFG_MOEA,73,2,528.52,2327.53,0 39 0,39
PFG_MOEA,73,3,528.52,2327.53,0 64 0,
PFG_MOEA,73,4,528.52,2327.53,0 81 71 50 0,
PFG_MOEA,73,5,528.52,2327.53,0 131 163 106 40 130 92 133 161 82 38 140 80 75 168 90 158 102 105 49 147 23 183 88 145 174 157 118 170 10 8 26 114 188 138 0,92 168
PFG_MOEA,73,6,528.52,2327.53,0 136 20 143 61 5 16 108 35 150 31 101 25 148 91 193 122 194 37 72 189 190 45 87 22 187 57 184 27 89 41 169 67 191 32 94 68 95 172 15 54 103 139 19 159 63 6 52 177 149 12 153 83 129 165 154 125 141 186 152 134 96 79 13 28 121 110 42 29 164 127 73 3 117 0,91 141 187
PFG_MOEA,74,1,264.18,3010.24,0 117 16 108 35 150 37 72 87 22 187 57 172 95 184 27 89 41 32 94 191 133 161 82 38 140 80 75 168 105 102 158 90 67 169 68 152 0,94 168
PFG_MOEA,74,2,264.18,3010.24,0 3 31 101 25 148 91 6 52 177 149 190 45 122 76 65 193 176 84 151 116 199 171 4 46 18 132 144 30 109 107 156 124 0,122 149
PFG_MOEA,74,3,264.18,3010.24,0 126 36 11 167 182 34 112 180 194 189 197 74 120 142 200 162 17 85 137 173 60 99 9 56 111 179 33 14 155 97 123 47 62 135 77 0,
PFG_MOEA,74,4,264.18,3010.24,0 24 59 2 1 44 7 195 58 100 113 178 86 104 166 66 93 181 53 192 160 43 185 78 175 131 163 183 23 147 49 130 92 40 106 0,
PFG_MOEA,74,5,264.18,3010.24,0 136 20 143 61 69 70 55 196 119 198 98 128 10 8 145 88 174 157 118 170 114 188 138 26 81 71 50 39 0,136
PFG_MOEA,74,6,264.18,3010.24,0 51 48 146 21 115 64 127 73 164 29 42 110 121 28 15 54 13 79 96 134 186 141 103 139 19 159 63 154 125 165 153 12 83 129 5 0,21 96
PFG_MOEA,75,1,306.31,2495.58,0 136 20 143 5 61 109 11 36 126 34 112 180 182 167 56 9 137 85 17 162 200 142 120 74 62 135 107 156 124 0,11 126
PFG_MOEA,75,2,306.31,2495.58,0 47 123 97 155 111 179 33 14 132 18 46 4 99 60 173 151 116 199 171 144 30 24 59 1 44 7 2 77 0,99
PFG_MOEA,75,3,306.31,2495.58,0 51 48 146 175 78 185 66 166 195 58 100 113 178 86 104 181 53 93 43 160 192 69 70 55 196 119 198 128 98 21 115 39 64 0,93 181
PFG_MOEA,75,4,306.31,2495.58,0 131 163 106 40 68 95 172 94 32 41 169 67 191 92 130 90 168 75 80 140 38 82 161 133 158 102 105 49 147 23 183 88 145 174 157 118 170 114 188 138 81 26 10 8 50 71 0,80 105
PFG_MOEA,75,5,306.31,2495.58,0 152 83 153 12 149 177 52 6 63 159 19 139 103 190 45 54 15 87 22 187 57 184 27 89 28 121 110 42 29 164 127 73 3 0,149 190
PFG_MOEA,75,6,306.31,2495.58,0 117 13 79 96 134 186 141 125 154 165 129 16 108 35 150 31 101 25 148 91 193 122 194 37 72 189 197 76 65 176 84 0,91 141
PFG_MOEA,76,1,528.52,2327.53,0 124 156 107 126 36 109 11 167 182 34 112 180 176 197 76 65 84 74 120 142 200 162 56 9 17 85 137 173 60 99 151 116 199 30 144 171 4 46 18 132 14 33 179 111 155 97 123 47 62 135 77 2 24 59 1 44 7 195 58 100 113 178 86 104 166 66 181 53 93 160 43 185 78 175 146 192 69 70 55 196 119 198 128 98 21 115 48 51 0,126 182
PFG_MOEA,76,2,528.52,2327.53,0 39 0,39
PFG_MOEA,76,3,528.52,2327.53,0 64 0,
PFG_MOEA,76,4,528.52,2327.53,0 81 71 50 0,
PFG_MOEA,76,5,528.52,2327.53,0 131 163 106 40 130 92 133 161 82 38 140 80 75 168 90 158 102 105 49 147 23 183 88 145 174 157 118 170 10 8 26 114 188 138 0,92 168
PFG_MOEA,76,6,528.52,2327.53,0 136 20 143 61 5 16 108 35 150 31 101 25 148 91 193 122 194 37 72 189 190 45 87 22 187 57 184 27 89 41 169 67 191 32 94 68 95 172 15 54 103 139 19 159 63 6 52 177 149 12 153 83 129 165 154 125 141 186 152 134 96 79 13 28 121 110 42 29 164 127 73 3 117 0,91 141 187
PFG_MOEA,77,1,264.18,3010.24,0 117 16 108 35 150 37 72 87 22 187 57 172 95 184 27 89 41 32 94 191 133 161 82 38 140 80 75 168 105 102 158 90 67 169 68 152 0,94 168
PFG_MOEA,77,2,264.18,3010.24,0 3 31 101 25 148 91 6 52 177 149 190 45 122 76 65 193 176 84 151 116 199 171 4 46 18 132 144 30 109 107 156 124 0,122 149
PFG_MOEA,77,3,264.18,3010.24,0 126 36 11 167 182 34 112 180 194 189 197 74 120 142 200 162 17 85 137 173 60 99 9 56 111 179 33 14 155 97 123 47 62 135 77 0,
PFG_MOEA,77,4,264.18,3010.24,0 24 59 2 1 44 7 195 58 100 113 178 86 104 166 66 93 181 53 192 160 43 185 78 175 131 163 183 23 147 49 130 92 40 106 0,
PFG_MOEA,77,5,264.18,3010.24,0 136 20 143 61 69 70 55 196 119 198 98 128 10 8 145 88 174 157 118 170 114 188 138 26 81 71 50 39 0,136
PFG_MOEA,77,6,264.18,3010.24,0 51 48 146 21 115 64 127 73 164 29 42 110 121 28 15 54 13 79 96 134 186 141 103 139 19 159 63 154 125 165 153 12 83 129 5 0,21 96
PFG_MOEA,78,1,306.31,2495.58,0 136 20 143 5 61 109 11 36 126 34 112 180 182 167 56 9 137 85 17 162 200 142 120 74 62 135 107 156 124 0,11 126
PFG_MOEA,78,2,306.31,2495.58,0 47 123 97 155 111 179 33 14 132 18 46 4 99 60 173 151 116 199 171 144 30 24 59 1 44 7 2 77 0,99
PFG_MOEA,78,3,306.31,2495.58,0 51 48 146 175 78 185 66 166 195 58 100 113 178 86 104 181 53 93 43 160 192 69 70 55 196 119 198 128 98 21 115 39 64 0,93 181
PFG_MOEA,78,4,306.31,2495.58,0 131 163 106 40 68 95 172 94 32 41 169 67 191 92 130 90 168 75 80 140 38 82 161 133 158 102 105 49 147 23 183 88 145 174 157 118 170 114 188 138 81 26 10 8 50 71 0,80 105
PFG_MOEA,78,5,306.31,2495.58,0 152 83 153 12 149 177 52 6 63 159 19 139 103 190 45 54 15 87 22 187 57 184 27 89 28 121 110 42 29 164 127 73 3 0,149 190
PFG_MOEA,78,6,306.31,2495.58,0 117 13 79 96 134 186 141 125 154 165 129 16 108 35 150 31 101 25 148 91 193 122 194 37 72 189 197 76 65 176 84 0,91 141
PFG_MOEA,79,1,528.52,2327.53,0 124 156 107 126 36 109 11 167 182 34 112 180 176 197 76 65 84 74 120 142 200 162 56 9 17 85 137 173 60 99 151 116 199 30 144 171 4 46 18 132 14 33 179 111 155 97 123 47 62 135 77 2 24 59 1 44 7 195 58 100 113 178 86 104 166 66 181 53 93 160 43 185 78 175 146 192 69 70 55 196 119 198 128 98 21 115 48 51 0,126 182
PFG_MOEA,79,2,528.52,2327.53,0 39 0,39
PFG_MOEA,79,3,528.52,2327.53,0 64 0,
PFG_MOEA,79,4,528.52,2327.53,0 81 71 50 0,
PFG_MOEA,79,5,528.52,2327.53,0 131 163 106 40 130 92 133 161 82 38 140 80 75 168 90 158 102 105 49 147 23 183 88 145 174 157 118 170 10 8 26 114 188 138 0,92 168
PFG_MOEA,79,6,528.52,2327.53,0 136 20 143 61 5 16 108 35 150 31 101 25 148 91 193 122 194 37 72 189 190 45 87 22 187 57 184 27 89 41 169 67 191 32 94 68 95 172 15 54 103 139 19 159 63 6 52 177 149 12 153 83 129 165 154 125 141 186 152 134 96 79 13 28 121 110 42 29 164 127 73 3 117 0,91 141 187
PFG_MOEA,80,1,264.18,3010.24,0 117 16 108 35 150 37 72 87 22 187 57 172 95 184 27 89 41 32 94 191 133 161 82 38 140 80 75 168 105 102 158 90 67 169 68 152 0,94 168
PFG_MOEA,80,2,264.18,3010.24,0 3 31 101 25 148 91 6 52 177 149 190 45 122 76 65 193 176 84 151 116 199 171 4 46 18 132 144 30 109 107 156 124 0,122 149
PFG_MOEA,80,3,264.18,3010.24,0 126 36 11 167 182 34 112 180 194 189 197 74 120 142 200 162 17 85 137 173 60 99 9 56 111 179 33 14 155 97 123 47 62 135 77 0,
PFG_MOEA,80,4,264.18,3010.24,0 24 59 2 1 44 7 195 58 100 113 178 86 104 166 66 93 181 53 192 160 43 185 78 175 131 163 183 23 147 49 130 92 40 106 0,
PFG_MOEA,80,5,264.18,3010.24,0 136 20 143 61 69 70 55 196 119 198 98 128 10 8 145 88 174 157 118 170 114 188 138 26 81 71 50 39 0,136
PFG_MOEA,80,6,264.18,3010.24,0 51 48 146 21 115 64 127 73 164 29 42 110 121 28 15 54 13 79 96 134 186 141 103 139 19 159 63 154 125 165 153 12 83 129 5 0,21 96
PFG_MOEA,81,1,306.31,2495.58,0 136 20 143 5 61 109 11 36 126 34 112 180 182 167 56 9 137 85 17 162 200 142 120 74 62 135 107 156 124 0,11 126
PFG_MOEA,81,2,306.31,2495.58,0 47 123 97 155 111 179 33 14 132 18 46 4 99 60 173 151 116 199 171 144 30 24 59 1 44 7 2 77 0,99
PFG_MOEA,81,3,306.31,2495.58,0 51 48 146 175 78 185 66 166 195 58 100 113 178 86 104 181 53 93 43 160 192 69 70 55 196 119 198 128 98 21 115 39 64 0,93 181
PFG_MOEA,81,4,306.31,2495.58,0 131 163 106 40 68 95 172 94 32 41 169 67 191 92 130 90 168 75 80 140 38 82 161 133 158 102 105 49 147 23 183 88 145 174 157 118 170 114 188 138 81 26 10 8 50 71 0,80 105
PFG_MOEA,81,5,306.31,2495.58,0 152 83 153 12 149 177 52 6 63 159 19 139 103 190 45 54 15 87 22 187 57 184 27 89 28 121 110 42 29 164 127 73 3 0,149 190
PFG_MOEA,81,6,306.31,2495.58,0 117 13 79 96 134 186 141 125 154 165 129 16 108 35 150 31 101 25 148 91 193 122 194 37 72 189 197 76 65 176 84 0,91 141
PFG_MOEA,82,1,528.52,2327.53,0 124 156 107 126 36 109 11 167 182 34 112 180 176 197 76 65 84 74 120 142 200 162 56 9 17 85 137 173 60 99 151 116 199 30 144 171 4 46 18 132 14 33 179 111 155 97 123 47 62 135 77 2 24 59 1 44 7 195 58 100 113 178 86 104 166 66 181 53 93 160 43 185 78 175 146 192 69 70 55 196 119 198 128 98 21 115 48 51 0,126 182
PFG_MOEA,82,2,528.52,2327.53,0 39 0,39
PFG_MOEA,82,3,528.52,2327.53,0 64 0,
PFG_MOEA,82,4,528.52,2327.53,0 81 71 50 0,
PFG_MOEA,82,5,528.52,2327.53,0 131 163 106 40 130 92 133 161 82 38 140 80 75 168 90 158 102 105 49 147 23 183 88 145 174 157 118 170 10 8 26 114 188 138 0,92 168
PFG_MOEA,82,6,528.52,2327.53,0 136 20 143 61 5 16 108 35 150 31 101 25 148 91 193 122 194 37 72 189 190 45 87 22 187 57 184 27 89 41 169 67 191 32 94 68 95 172 15 54 103 139 19 159 63 6 52 177 149 12 153 83 129 165 154 125 141 186 152 134 96 79 13 28 121 110 42 29 164 127 73 3 117 0,91 141 187
PFG_MOEA,83,1,264.18,3010.24,0 117 16 108 35 150 37 72 87 22 187 57 172 95 184 27 89 41 32 94 191 133 161 82 38 140 80 75 168 105 102 158 90 67 169 68 152 0,94 168
PFG_MOEA,83,2,264.18,3010.24,0 3 31 101 25 148 91 6 52 177 149 190 45 122 76 65 193 176 84 151 116 199 171 4 46 18 132 144 30 109 107 156 124 0,122 149
PFG_MOEA,83,3,264.18,3010.24,0 126 36 11 167 182 34 112 180 194 189 197 74 120 142 200 162 17 85 137 173 60 99 9 56 111 179 33 14 155 97 123 47 62 135 77 0,
PFG_MOEA,83,4,264.18,3010.24,0 24 59 2 1 44 7 195 58 100 113 178 86 104 166 66 93 181 53 192 160 43 185 78 175 131 163 183 23 147 49 130 92 40 106 0,
PFG_MOEA,83,5,264.18,3010.24,0 136 20 143 61 69 70 55 196 119 198 98 128 10 8 145 88 174 157 118 170 114 188 138 26 81 71 50 39 0,136
PFG_MOEA,83,6,264.18,3010.24,0 51 48 146 21 115 64 127 73 164 29 42 110 121 28 15 54 13 79 96 134 186 141 103 139 19 159 63 154 125 165 153 12 83 129 5 0,21 96
PFG_MOEA,84,1,306.31,2495.58,0 136 20 143 5 61 109 11 36 126 34 112 180 182 167 56 9 137 85 17 162 200 142 120 74 62 135 107 156 124 0,11 126
PFG_MOEA,84,2,306.31,2495.58,0 47 123 97 155 111 179 33 14 132 18 46 4 99 60 173 151 116 199 171 144 30 24 59 1 44 7 2 77 0,99
PFG_MOEA,84,3,306.31,2495.58,0 51 48 146 175 78 185 66 166 195 58 100 113 178 86 104 181 53 93 43 160 192 69 70 55 196 119 198 128 98 21 115 39 64 0,93 181
PFG_MOEA,84,4,306.31,2495.58,0 131 163 106 40 68 95 172 94 32 41 169 67 191 92 130 90 168 75 80 140 38 82 161 133 158 102 105 49 147 23 183 88 145 174 157 118 170 114 188 138 81 26 10 8 50 71 0,80 105
PFG_MOEA,84,5,306.31,2495.58,0 152 83 153 12 149 177 52 6 63 159 19 139 103 190 45 54 15 87 22 187 57 184 27 89 28 121 110 42 29 164 127 73 3 0,149 190
PFG_MOEA,84,6,306.31,2495.58,0 117 13 79 96 134 186 141 125 154 165 129 16 108 35 150 31 101 25 148 91 193 122 194 37 72 189 197 76 65 176 84 0,91 141
PFG_MOEA,85,1,528.52,2327.53,0 124 156 107 126 36 109 11 167 182 34 112 180 176 197 76 65 84 74 120 142 200 162 56 9 17 85 137 173 60 99 151 116 199 30 144 171 4 46 18 132 14 33 179 111 155 97 123 47 62 135 77 2 24 59 1 44 7 195 58 100 113 178 86 104 166 66 181 53 93 160 43 185 78 175 146 192 69 70 55 196 119 198 128 98 21 115 48 51 0,126 182
PFG_MOEA,85,2,528.52,2327.53,0 39 0,39
PFG_MOEA,85,3,528.52,2327.53,0 64 0,
PFG_MOEA,85,4,528.52,2327.53,0 81 71 50 0,
PFG_MOEA,85,5,528.52,2327.53,0 131 163 106 40 130 92 133 161 82 38 140 80 75 168 90 158 102 105 49 147 23 183 88 145 174 157 118 170 10 8 26 114 188 138 0,92 168
PFG_MOEA,85,6,528.52,2327.53,0 136 20 143 61 5 16 108 35 150 31 101 25 148 91 193 122 194 37 72 189 190 45 87 22 187 57 184 27 89 41 169 67 191 32 94 68 95 172 15 54 103 139 19 159 63 6 52 177 149 12 153 83 129 165 154 125 141 186 152 134 96 79 13 28 121 110 42 29 164 127 73 3 117 0,91 141 187
PFG_MOEA,86,1,264.18,3010.24,0 117 16 108 35 150 37 72 87 22 187 57 172 95 184 27 89 41 32 94 191 133 161 82 38 140 80 75 168 105 102 158 90 67 169 68 152 0,94 168
PFG_MOEA,86,2,264.18,3010.24,0 3 31 101 25 148 91 6 52 177 149 190 45 122 76 65 193 176 84 151 116 199 171 4 46 18 132 144 30 109 107 156 124 0,122 149
PFG_MOEA,86,3,264.18,3010.24,0 126 36 11 167 182 34 112 180 194 189 197 74 120 142 200 162 17 85 137 173 60 99 9 56 111 179 33 14 155 97 123 47 62 135 77 0,
PFG_MOEA,86,4,264.18,3010.24,0 24 59 2 1 44 7 195 58 100 113 178 86 104 166 66 93 181 53 192 160 43 185 78 175 131 163 183 23 147 49 130 92 40 106 0,
PFG_MOEA,86,5,264.18,3010.24,0 136 20 143 61 69 70 55 196 119 198 98 128 10 8 145 88 174 157 118 170 114 188 138 26 81 71 50 39 0,136
PFG_MOEA,86,6,264.18,3010.24,0 51 48 146 21 115 64 127 73 164 29 42 110 121 28 15 54 13 79 96 134 186 141 103 139 19 159 63 154 125 165 153 12 83 129 5 0,21 96
PFG_MOEA,87,1,306.31,2495.58,0 136 20 143 5 61 109 11 36 126 34 112 180 182 167 56 9 137 85 17 162 200 142 120 74 62 135 107 156 124 0,11 126
PFG_MOEA,87,2,306.31,2495.58,0 47 123 97 155 111 179 33 14 132 18 46 4 99 60 173 151 116 199 171 144 30 24 59 1 44 7 2 77 0,99
PFG_MOEA,87,3,306.31,2495.58,0 51 48 146 175 78 185 66 166 195 58 100 113 178 86 104 181 53 93 43 160 192 69 70 55 196 119 198 128 98 21 115 39 64 0,93 181
PFG_MOEA,87,4,306.31,2495.58,0 131 163 106 40 68 95 172 94 32 41 169 67 191 92 130 90 168 75 80 140 38 82 161 133 158 102 105 49 147 23 183 88 145 174 157 118 170 114 188 138 81 26 10 8 50 71 0,80 105
PFG_MOEA,87,5,306.31,2495.58,0 152 83 153 12 149 177 52 6 63 159 19 139 103 190 45 54 15 87 22 187 57 184 27 89 28 121 110 42 29 164 127 73 3 0,149 190
PFG_MOEA,87,6,306.31,2495.58,0 117 13 79 96 134 186 141 125 154 165 129 16 108 35 150 31 101 25 148 91 193 122 194 37 72 189 197 76 65 176 84 0,91 141
PFG_MOEA,88,1,528.52,2327.53,0 124 156 107 126 36 109 11 167 182 34 112 180 176 197 76 65 84 74 120 142 200 162 56 9 17 85 137 173 60 99 151 116 199 30 144 171 4 46 18 132 14 33 179 111 155 97 123 47 62 135 77 2 24 59 1 44 7 195 58 100 113 178 86 104 166 66 181 53 93 160 43 185 78 175 146 192 69 70 55 196 119 198 128 98 21 115 48 51 0,126 182
PFG_MOEA,88,2,528.52,2327.53,0 39 0,39
PFG_MOEA,88,3,528.52,2327.53,0 64 0,
PFG_MOEA,88,4,528.52,2327.53,0 81 71 50 0,
PFG_MOEA,88,5,528.52,2327.53,0 131 163 106 40 130 92 133 161 82 38 140 80 75 168 90 158 102 105 49 147 23 183 88 145 174 157 118 170 10 8 26 114 188 138 0,92 168
PFG_MOEA,88,6,528.52,2327.53,0 136 20 143 61 5 16 108 35 150 31 101 25 148 91 193 122 194 37 72 189 190 45 87 22 187 57 184 27 89 41 169 67 191 32 94 68 95 172 15 54 103 139 19 159 63 6 52 177 149 12 153 83 129 165 154 125 141 186 152 134 96 79 13 28 121 110 42 29 164 127 73 3 117 0,91 141 187
PFG_MOEA,89,1,264.18,3010.24,0 117 16 108 35 150 37 72 87 22 187 57 172 95 184 27 89 41 32 94 191 133 161 82 38 140 80 75 168 105 102 158 90 67 169 68 152 0,94 168
PFG_MOEA,89,2,264.18,3010.24,0 3 31 101 25 148 91 6 52 177 149 190 45 122 76 65 193 176 84 151 116 199 171 4 46 18 132 144 30 109 107 156 124 0,122 149
PFG_MOEA,89,3,264.18,3010.24,0 126 36 11 167 182 34 112 180 194 189 197 74 120 142 200 162 17 85 137 173 60 99 9 56 111 179 33 14 155 97 123 47 62 135 77 0,
PFG_MOEA,89,4,264.18,3010.24,0 24 59 2 1 44 7 195 58 100 113 178 86 104 166 66 93 181 53 192 160 43 185 78 175 131 163 183 23 147 49 130 92 40 106 0,
PFG_MOEA,89,5,264.18,3010.24,0 136 20 143 61 69 70 55 196 119 198 98 128 10 8 145 88 174 157 118 170 114 188 138 26 81 71 50 39 0,136
PFG_MOEA,89,6,264.18,3010.24,0 51 48 146 21 115 64 127 73 164 29 42 110 121 28 15 54 13 79 96 134 186 141 103 139 19 159 63 154 125 165 153 12 83 129 5 0,21 96
PFG_MOEA,90,1,306.31,2495.58,0 136 20 143 5 61 109 11 36 126 34 112 180 182 167 56 9 137 85 17 162 200 142 120 74 62 135 107 156 124 0,11 126
PFG_MOEA,90,2,306.31,2495.58,0 47 123 97 155 111 179 33 14 132 18 46 4 99 60 173 151 116 199 171 144 30 24 59 1 44 7 2 77 0,99
PFG_MOEA,90,3,306.31,2495.58,0 51 48 146 175 78 185 66 166 195 58 100 113 178 86 104 181 53 93 43 160 192 69 70 55 196 119 198 128 98 21 115 39 64 0,93 181
PFG_MOEA,90,4,306.31,2495.58,0 131 163 106 40 68 95 172 94 32 41 169 67 191 92 130 90 168 75 80 140 38 82 161 133 158 102 105 49 147 23 183 88 145 174 157 118 170 114 188 138 81 26 10 8 50 71 0,80 105
PFG_MOEA,90,5,306.31,2495.58,0 152 83 153 12 149 177 52 6 63 159 19 139 103 190 45 54 15 87 22 187 57 184 27 89 28 121 110 42 29 164 127 73 3 0,149 190
PFG_MOEA,90,6,306.31,2495.58,0 117 13 79 96 134 186 141 125 154 165 129 16 108 35 150 31 101 25 148 91 193 122 194 37 72 189 197 76 65 176 84 0,91 141
PFG_MOEA,91,1,528.52,2327.53,0 124 156 107 126 36 109 11 167 182 34 112 180 176 197 76 65 84 74 120 142 200 162 56 9 17 85 137 173 60 99 151 116 199 30 144 171 4 46 18 132 14 33 179 111 155 97 123 47 62 135 77 2 24 59 1 44 7 195 58 100 113 178 86 104 166 66 181 53 93 160 43 185 78 175 146 192 69 70 55 196 119 198 128 98 21 115 48 51 0,126 182
PFG_MOEA,91,2,528.52,2327.53,0 39 0,39
PFG_MOEA,91,3,528.52,2327.53,0 64 0,
PFG_MOEA,91,4,528.52,2327.53,0 81 71 50 0,
PFG_MOEA,91,5,528.52,2327.53,0 131 163 106 40 130 92 133 161 82 38 140 80 75 168 90 158 102 105 49 147 23 183 88 145 174 157 118 170 10 8 26 114 188 138 0,92 168
PFG_MOEA,91,6,528.52,2327.53,0 136 20 143 61 5 16 108 35 150 31 101 25 148 91 193 122 194 37 72 189 190 45 87 22 187 57 184 27 89 41 169 67 191 32 94 68 95 172 15 54 103 139 19 159 63 6 52 177 149 12 153 83 129 165 154 125 141 186 152 134 96 79 13 28 121 110 42 29 164 127 73 3 117 0,91 141 187
PFG_MOEA,92,1,264.18,3010.24,0 117 16 108 35 150 37 72 87 22 187 57 172 95 184 27 89 41 32 94 191 133 161 82 38 140 80 75 168 105 102 158 90 67 169 68 152 0,94 168
PFG_MOEA,92,2,264.18,3010.24,0 3 31 101 25 148 91 6 52 177 149 190 45 122 76 65 193 176 84 151 116 199 171 4 46 18 132 144 30 109 107 156 124 0,122 149
PFG_MOEA,92,3,264.18,3010.24,0 126 36 11 167 182 34 112 180 194 189 197 74 120 142 200 162 17 85 137 173 60 99 9 56 111 179 33 14 155 97 123 47 62 135 77 0,
PFG_MOEA,92,4,264.18,3010.24,0 24 59 2 1 44 7 195 58 100 113 178 86 104 166 66 93 181 53 192 160 43 185 78 175 131 163 183 23 147 49 130 92 40 106 0,
PFG_MOEA,92,5,264.18,3010.24,0 136 20 143 61 69 70 55 196 119 198 98 128 10 8 145 88 174 157 118 170 114 188 138 26 81 71 50 39 0,136
PFG_MOEA,92,6,264.18,3010.24,0 51 48 146 21 115 64 127 73 164 29 42 110 121 28 15 54 13 79 96 134 186 141 103 139 19 159 63 154 125 165 153 12 83 129 5 0,21 96
PFG_MOEA,93,1,306.31,2495.58,0 136 20 143 5 61 109 11 36 126 34 112 180 182 167 56 9 137 85 17 162 200 142 120 74 62 135 107 156 124 0,11 126
PFG_MOEA,93,2,306.31,2495.58,0 47 123 97 155 111 179 33 14 132 18 46 4 99 60 173 151 116 199 171 144 30 24 59 1 44 7 2 77 0,99
PFG_MOEA,93,3,306.31,2495.58,0 51 48 146 175 78 185 66 166 195 58 100 113 178 86 104 181 53 93 43 160 192 69 70 55 196 119 198 128 98 21 115 39 64 0,93 181
PFG_MOEA,93,4,306.31,2495.58,0 131 163 106 40 68 95 172 94 32 41 169 67 191 92 130 90 168 75 80 140 38 82 161 133 158 102 105 49 147 23 183 88 145 174 157 118 170 114 188 138 81 26 10 8 50 71 0,80 105
PFG_MOEA,93,5,306.31,2495.58,0 152 83 153 12 149 177 52 6 63 159 19 139 103 190 45 54 15 87 22 187 57 184 27 89 28 121 110 42 29 164 127 73 3 0,149 190
PFG_MOEA,93,6,306.31,2495.58,0 117 13 79 96 134 186 141 125 154 165 129 16 108 35 150 31 101 25 148 91 193 122 194 37 72 189 197 76 65 176 84 0,91 141
PFG_MOEA,94,1,528.52,2327.53,0 124 156 107 126 36 109 11 167 182 34 112 180 176 197 76 65 84 74 120 142 200 162 56 9 17 85 137 173 60 99 151 116 199 30 144 171 4 46 18 132 14 33 179 111 155 97 123 47 62 135 77 2 24 59 1 44 7 195 58 100 113 178 86 104 166 66 181 53 93 160 43 185 78 175 146 192 69 70 55 196 119 198 128 98 21 115 48 51 0,126 182
PFG_MOEA,94,2,528.52,2327.53,0 39 0,39
PFG_MOEA,94,3,528.52,2327.53,0 64 0,
PFG_MOEA,94,4,528.52,2327.53,0 81 71 50 0,
PFG_MOEA,94,5,528.52,2327.53,0 131 163 106 40 130 92 133 161 82 38 140 80 75 168 90 158 102 105 49 147 23 183 88 145 174 157 118 170 10 8 26 114 188 138 0,92 168
PFG_MOEA,94,6,528.52,2327.53,0 136 20 143 61 5 16 108 35 150 31 101 25 148 91 193 122 194 37 72 189 190 45 87 22 187 57 184 27 89 41 169 67 191 32 94 68 95 172 15 54 103 139 19 159 63 6 52 177 149 12 153 83 129 165 154 125 141 186 152 134 96 79 13 28 121 110 42 29 164 127 73 3 117 0,91 141 187
PFG_MOEA,95,1,264.18,3010.24,0 117 16 108 35 150 37 72 87 22 187 57 172 95 184 27 89 41 32 94 191 133 161 82 38 140 80 75 168 105 102 158 90 67 169 68 152 0,94 168
PFG_MOEA,95,2,264.18,3010.24,0 3 31 101 25 148 91 6 52 177 149 190 45 122 76 65 193 176 84 151 116 199 171 4 46 18 132 144 30 109 107 156 124 0,122 149
PFG_MOEA,95,3,264.18,3010.24,0 126 36 11 167 182 34 112 180 194 189 197 74 120 142 200 162 17 85 137 173 60 99 9 56 111 179 33 14 155 97 123 47 62 135 77 0,
PFG_MOEA,95,4,264.18,3010.24,0 24 59 2 1 44 7 195 58 100 113 178 86 104 166 66 93 181 53 192 160 43 185 78 175 131 163 183 23 147 49 130 92 40 106 0,
PFG_MOEA,95,5,264.18,3010.24,0 136 20 143 61 69 70 55 196 119 198 98 128 10 8 145 88 174 157 118 170 114 188 138 26 81 71 50 39 0,136
PFG_MOEA,95,6,264.18,3010.24,0 51 48 146 21 115 64 127 73 164 29 42 110 121 28 15 54 13 79 96 134 186 141 103 139 19 159 63 154 125 165 153 12 83 129 5 0,21 96
PFG_MOEA,96,1,306.31,2495.58,0 136 20 143 5 61 109 11 36 126 34 112 180 182 167 56 9 137 85 17 162 200 142 120 74 62 135 107 156 124 0,11 126
PFG_MOEA,96,2,306.31,2495.58,0 47 123 97 155 111 179 33 14 132 18 46 4 99 60 173 151 116 199 171 144 30 24 59 1 44 7 2 77 0,99
PFG_MOEA,96,3,306.31,2495.58,0 51 48 146 175 78 185 66 166 195 58 100 113 178 86 104 181 53 93 43 160 192 69 70 55 196 119 198 128 98 21 115 39 64 0,93 181
PFG_MOEA,96,4,306.31,2495.58,0 131 163 106 40 68 95 172 94 32 41 169 67 191 92 130 90 168 75 80 140 38 82 161 133 158 102 105 49 147 23 183 88 145 174 157 118 170 114 188 138 81 26 10 8 50 71 0,80 105
PFG_MOEA,96,5,306.31,2495.58,0 152 83 153 12 149 177 52 6 63 159 19 139 103 190 45 54 15 87 22 187 57 184 27 89 28 121 110 42 29 164 127 73 3 0,149 190
PFG_MOEA,96,6,306.31,2495.58,0 117 13 79 96 134 186 141 125 154 165 129 16 108 35 150 31 101 25 148 91 193 122 194 37 72 189 197 76 65 176 84 0,91 141
PFG_MOEA,97,1,528.52,2327.53,0 124 156 107 126 36 109 11 167 182 34 112 180 176 197 76 65 84 74 120 142 200 162 56 9 17 85 137 173 60 99 151 116 199 30 144 171 4 46 18 132 14 33 179 111 155 97 123 47 62 135 77 2 24 59 1 44 7 195 58 100 113 178 86 104 166 66 181 53 93 160 43 185 78 175 146 192 69 70 55 196 119 198 128 98 21 115 48 51 0,126 182
PFG_MOEA,97,2,528.52,2327.53,0 39 0,39
PFG_MOEA,97,3,528.52,2327.53,0 64 0,
PFG_MOEA,97,4,528.52,2327.53,0 81 71 50 0,
PFG_MOEA,97,5,528.52,2327.53,0 131 163 106 40 130 92 133 161 82 38 140 80 75 168 90 158 102 105 49 147 23 183 88 145 174 157 118 170 10 8 26 114 188 138 0,92 168
PFG_MOEA,97,6,528.52,2327.53,0 136 20 143 61 5 16 108 35 150 31 101 25 148 91 193 122 194 37 72 189 190 45 87 22 187 57 184 27 89 41 169 67 191 32 94 68 95 172 15 54 103 139 19 159 63 6 52 177 149 12 153 83 129 165 154 125 141 186 152 134 96 79 13 28 121 110 42 29 164 127 73 3 117 0,91 141 187
PFG_MOEA,98,1,264.18,3010.24,0 117 16 108 35 150 37 72 87 22 187 57 172 95 184 27 89 41 32 94 191 133 161 82 38 140 80 75 168 105 102 158 90 67 169 68 152 0,94 168
PFG_MOEA,98,2,264.18,3010.24,0 3 31 101 25 148 91 6 52 177 149 190 45 122 76 65 193 176 84 151 116 199 171 4 46 18 132 144 30 109 107 156 124 0,122 149
PFG_MOEA,98,3,264.18,3010.24,0 126 36 11 167 182 34 112 180 194 189 197 74 120 142 200 162 17 85 137 173 60 99 9 56 111 179 33 14 155 97 123 47 62 135 77 0,
PFG_MOEA,98,4,264.18,3010.24,0 24 59 2 1 44 7 195 58 100 113 178 86 104 166 66 93 181 53 192 160 43 185 78 175 131 163 183 23 147 49 130 92 40 106 0,
PFG_MOEA,98,5,264.18,3010.24,0 136 20 143 61 69 70 55 196 119 198 98 128 10 8 145 88 174 157 118 170 114 188 138 26 81 71 50 39 0,136
PFG_MOEA,98,6,264.18,3010.24,0 51 48 146 21 115 64 127 73 164 29 42 110 121 28 15 54 13 79 96 134 186 141 103 139 19 159 63 154 125 165 153 12 83 129 5 0,21 96
PFG_MOEA,99,1,306.31,2495.58,0 136 20 143 5 61 109 11 36 126 34 112 180 182 167 56 9 137 85 17 162 200 142 120 74 62 135 107 156 124 0,11 126
PFG_MOEA,99,2,306.31,2495.58,0 47 123 97 155 111 179 33 14 132 18 46 4 99 60 173 151 116 199 171 144 30 24 59 1 44 7 2 77 0,99
PFG_MOEA,99,3,306.31,2495.58,0 51 48 146 175 78 185 66 166 195 58 100 113 178 86 104 181 53 93 43 160 192 69 70 55 196 119 198 128 98 21 115 39 64 0,93 181
PFG_MOEA,99,4,306.31,2495.58,0 131 163 106 40 68 95 172 94 32 41 169 67 191 92 130 90 168 75 80 140 38 82 161 133 158 102 105 49 147 23 183 88 145 174 157 118 170 114 188 138 81 26 10 8 50 71 0,80 105
PFG_MOEA,99,5,306.31,2495.58,0 152 83 153 12 149 177 52 6 63 159 19 139 103 190 45 54 15 87 22 187 57 184 27 89 28 121 110 42 29 164 127 73 3 0,149 190
PFG_MOEA,99,6,306.31,2495.58,0 117 13 79 96 134 186 141 125 154 165 129 16 108 35 150 31 101 25 148 91 193 122 194 37 72 189 197 76 65 176 84 0,91 141
PFG_MOEA,100,1,528.52,2327.53,0 124 156 107 126 36 109 11 167 182 34 112 180 176 197 76 65 84 74 120 142 200 162 56 9 17 85 137 173 60 99 151 116 199 30 144 171 4 46 18 132 14 33 179 111 155 97 123 47 62 135 77 2 24 59 1 44 7 195 58 100 113 178 86 104 166 66 181 53 93 160 43 185 78 175 146 192 69 70 55 196 119 198 128 98 21 115 48 51 0,126 182
PFG_MOEA,100,2,528.52,2327.53,0 39 0,39
PFG_MOEA,100,3,528.52,2327.53,0 64 0,
PFG_MOEA,100,4,528.52,2327.53,0 81 71 50 0,
PFG_MOEA,100,5,528.52,2327.53,0 131 163 106 40 130 92 133 161 82 38 140 80 75 168 90 158 102 105 49 147 23 183 88 145 174 157 118 170 10 8 26 114 188 138 0,92 168
PFG_MOEA,100,6,528.52,2327.53,0 136 20 143 61 5 16 108 35 150 31 101 25 148 91 193 122 194 37 72 189 190 45 87 22 187 57 184 27 89 41 169 67 191 32 94 68 95 172 15 54 103 139 19 159 63 6 52 177 149 12 153 83 129 165 154 125 141 186 152 134 96 79 13 28 121 110 42 29 164 127 73 3 117 0,91 141 187
PFG_MOEA,101,1,264.18,3010.24,0 117 16 108 35 150 37 72 87 22 187 57 172 95 184 27 89 41 32 94 191 133 161 82 38 140 80 75 168 105 102 158 90 67 169 68 152 0,94 168
PFG_MOEA,101,2,264.18,3010.24,0 3 31 101 25 148 91 6 52 177 149 190 45 122 76 65 193 176 84 151 116 199 171 4 46 18 132 144 30 109 107 156 124 0,122 149
PFG_MOEA,101,3,264.18,3010.24,0 126 36 11 167 182 34 112 180 194 189 197 74 120 142 200 162 17 85 137 173 60 99 9 56 111 179 33 14 155 97 123 47 62 135 77 0,
PFG_MOEA,101,4,264.18,3010.24,0 24 59 2 1 44 7 195 58 100 113 178 86 104 166 66 93 181 53 192 160 43 185 78 175 131 163 183 23 147 49 130 92 40 106 0,
PFG_MOEA,101,5,264.18,3010.24,0 136 20 143 61 69 70 55 196 119 198 98 128 10 8 145 88 174 157 118 170 114 188 138 26 81 71 50 39 0,136
PFG_MOEA,101,6,264.18,3010.24,0 51 48 146 21 115 64 127 73 164 29 42 110 121 28 15 54 13 79 96 134 186 141 103 139 19 159 63 154 125 165 153 12 83 129 5 0,21 96
PFG_MOEA,102,1,306.31,2495.58,0 136 20 143 5 61 109 11 36 126 34 112 180 182 167 56 9 137 85 17 162 200 142 120 74 62 135 107 156 124 0,11 126
PFG_MOEA,102,2,306.31,2495.58,0 47 123 97 155 111 179 33 14 132 18 46 4 99 60 173 151 116 199 171 144 30 24 59 1 44 7 2 77 0,99
PFG_MOEA,102,3,306.31,2495.58,0 51 48 146 175 78 185 66 166 195 58 100 113 178 86 104 181 53 93 43 160 192 69 70 55 196 119 198 128 98 21 115 39 64 0,93 181
PFG_MOEA,102,4,306.31,2495.58,0 131 163 106 40 68 95 172 94 32 41 169 67 191 92 130 90 168 75 80 140 38 82 161 133 158 102 105 49 147 23 183 88 145 174 157 118 170 114 188 138 81 26 10 8 50 71 0,80 105
PFG_MOEA,102,5,306.31,2495.58,0 152 83 153 12 149 177 52 6 63 159 19 139 103 190 45 54 15 87 22 187 57 184 27 89 28 121 110 42 29 164 127 73 3 0,149 190
PFG_MOEA,102,6,306.31,2495.58,0 117 13 79 96 134 186 141 125 154 165 129 16 108 35 150 31 101 25 148 91 193 122 194 37 72 189 197 76 65 176 84 0,91 141
PFG_MOEA,103,1,528.52,2327.53,0 124 156 107 126 36 109 11 167 182 34 112 180 176 197 76 65 84 74 120 142 200 162 56 9 17 85 137 173 60 99 151 116 199 30 144 171 4 46 18 132 14 33 179 111 155 97 123 47 62 135 77 2 24 59 1 44 7 195 58 100 113 178 86 104 166 66 181 53 93 160 43 185 78 175 146 192 69 70 55 196 119 198 128 98 21 115 48 51 0,126 182
PFG_MOEA,103,2,528.52,2327.53,0 39 0,39
PFG_MOEA,103,3,528.52,2327.53,0 64 0,
PFG_MOEA,103,4,528.52,2327.53,0 81 71 50 0,
PFG_MOEA,103,5,528.52,2327.53,0 131 163 106 40 130 92 133 161 82 38 140 80 75 168 90 158 102 105 49 147 23 183 88 145 174 157 118 170 10 8 26 114 188 138 0,92 168
PFG_MOEA,103,6,528.52,2327.53,0 136 20 143 61 5 16 108 35 150 31 101 25 148 91 193 122 194 37 72 189 190 45 87 22 187 57 184 27 89 41 169 67 191 32 94 68 95 172 15 54 103 139 19 159 63 6 52 177 149 12 153 83 129 165 154 125 141 186 152 134 96 79 13 28 121 110 42 29 164 127 73 3 117 0,91 141 187
PFG_MOEA,104,1,264.18,3010.24,0 117 16 108 35 150 37 72 87 22 187 57 172 95 184 27 89 41 32 94 191 133 161 82 38 140 80 75 168 105 102 158 90 67 169 68 152 0,94 168
PFG_MOEA,104,2,264.18,3010.24,0 3 31 101 25 148 91 6 52 177 149 190 45 122 76 65 193 176 84 151 116 199 171 4 46 18 132 144 30 109 107 156 124 0,122 149
PFG_MOEA,104,3,264.18,3010.24,0 126 36 11 167 182 34 112 180 194 189 197 74 120 142 200 162 17 85 137 173 60 99 9 56 111 179 33 14 155 97 123 47 62 135 77 0,
PFG_MOEA,104,4,264.18,3010.24,0 24 59 2 1 44 7 195 58 100 113 178 86 104 166 66 93 181 53 192 160 43 185 78 175 131 163 183 23 147 49 130 92 40 106 0,
PFG_MOEA,104,5,264.18,3010.24,0 136 20 143 61 69 70 55 196 119 198 98 128 10 8 145 88 174 157 118 170 114 188 138 26 81 71 50 39 0,136
PFG_MOEA,104,6,264.18,3010.24,0 51 48 146 21 115 64 127 73 164 29 42 110 121 28 15 54 13 79 96 134 186 141 103 139 19 159 63 154 125 165 153 12 83 129 5 0,21 96
PFG_MOEA,105,1,306.31,2495.58,0 136 20 143 5 61 109 11 36 126 34 112 180 182 167 56 9 137 85 17 162 200 142 120 74 62 135 107 156 124 0,11 126
PFG_MOEA,105,2,306.31,2495.58,0 47 123 97 155 111 179 33 14 132 18 46 4 99 60 173 151 116 199 171 144 30 24 59 1 44 7 2 77 0,99
PFG_MOEA,105,3,306.31,2495.58,0 51 48 146 175 78 185 66 166 195 58 100 113 178 86 104 181 53 93 43 160 192 69 70 55 196 119 198 128 98 21 115 39 64 0,93 181
PFG_MOEA,105,4,306.31,2495.58,0 131 163 106 40 68 95 172 94 32 41 169 67 191 92 130 90 168 75 80 140 38 82 161 133 158 102 105 49 147 23 183 88 145 174 157 118 170 114 188 138 81 26 10 8 50 71 0,80 105
PFG_MOEA,105,5,306.31,2495.58,0 152 83 153 12 149 177 52 6 63 159 19 139 103 190 45 54 15 87 22 187 57 184 27 89 28 121 110 42 29 164 127 73 3 0,149 190
PFG_MOEA,105,6,306.31,2495.58,0 117 13 79 96 134 186 141 125 154 165 129 16 108 35 150 31 101 25 148 91 193 122 194 37 72 189 197 76 65 176 84 0,91 141
PFG_MOEA,106,1,528.52,2327.53,0 124 156 107 126 36 109 11 167 182 34 112 180 176 197 76 65 84 74 120 142 200 162 56 9 17 85 137 173 60 99 151 116 199 30 144 171 4 46 18 132 14 33 179 111 155 97 123 47 62 135 77 2 24 59 1 44 7 195 58 100 113 178 86 104 166 66 181 53 93 160 43 185 78 175 146 192 69 70 55 196 119 198 128 98 21 115 48 51 0,126 182
PFG_MOEA,106,2,528.52,2327.53,0 39 0,39
PFG_MOEA,106,3,528.52,2327.53,0 64 0,
PFG_MOEA,106,4,528.52,2327.53,0 81 71 50 0,
PFG_MOEA,106,5,528.52,2327.53,0 131 163 106 40 130 92 133 161 82 38 140 80 75 168 90 158 102 105 49 147 23 183 88 145 174 157 118 170 10 8 26 114 188 138 0,92 168
PFG_MOEA,106,6,528.52,2327.53,0 136 20 143 61 5 16 108 35 150 31 101 25 148 91 193 122 194 37 72 189 190 45 87 22 187 57 184 27 89 41 169 67 191 32 94 68 95 172 15 54 103 139 19 159 63 6 52 177 149 12 153 83 129 165 154 125 141 186 152 134 96 79 13 28 121 110 42 29 164 127 73 3 117 0,91 141 187
PFG_MOEA,107,1,264.18,3010.24,0 117 16 108 35 150 37 72 87 22 187 57 172 95 184 27 89 41 32 94 191 133 161 82 38 140 80 75 168 105 102 158 90 67 169 68 152 0,94 168
PFG_MOEA,107,2,264.18,3010.24,0 3 31 101 25 148 91 6 52 177 149 190 45 122 76 65 193 176 84 151 116 199 171 4 46 18 132 144 30 109 107 156 124 0,122 149
PFG_MOEA,107,3,264.18,3010.24,0 126 36 11 167 182 34 112 180 194 189 197 74 120 142 200 162 17 85 137 173 60 99 9 56 111 179 33 14 155 97 123 47 62 135 77 0,
PFG_MOEA,107,4,264.18,3010.24,0 24 59 2 1 44 7 195 58 100 113 178 86 104 166 66 93 181 53 192 160 43 185 78 175 131 163 183 23 147 49 130 92 40 106 0,
PFG_MOEA,107,5,264.18,3010.24,0 136 20 143 61 69 70 55 196 119 198 98 128 10 8 145 88 174 157 118 170 114 188 138 26 81 71 50 39 0,136
PFG_MOEA,107,6,264.18,3010.24,0 51 48 146 21 115 64 127 73 164 29 42 110 121 28 15 54 13 79 96 134 186 141 103 139 19 159 63 154 125 165 153 12 83 129 5 0,21 96
PFG_MOEA,108,1,306.31,2495.58,0 136 20 143 5 61 109 11 36 126 34 112 180 182 167 56 9 137 85 17 162 200 142 120 74 62 135 107 156 124 0,11 126
PFG_MOEA,108,2,306.31,2495.58,0 47 123 97 155 111 179 33 14 132 18 46 4 99 60 173 151 116 199 171 144 30 24 59 1 44 7 2 77 0,99
PFG_MOEA,108,3,306.31,2495.58,0 51 48 146 175 78 185 66 166 195 58 100 113 178 86 104 181 53 93 43 160 192 69 70 55 196 119 198 128 98 21 115 39 64 0,93 181
PFG_MOEA,108,4,306.31,2495.58,0 131 163 106 40 68 95 172 94 32 41 169 67 191 92 130 90 168 75 80 140 38 82 161 133 158 102 105 49 147 23 183 88 145 174 157 118 170 114 188 138 81 26 10 8 50 71 0,80 105
PFG_MOEA,108,5,306.31,2495.58,0 152 83 153 12 149 177 52 6 63 159 19 139 103 190 45 54 15 87 22 187 57 184 27 89 28 121 110 42 29 164 127 73 3 0,149 190
PFG_MOEA,108,6,306.31,2495.58,0 117 13 79 96 134 186 141 125 154 165 129 16 108 35 150 31 101 25 148 91 193 122 194 37 72 189 197 76 65 176 84 0,91 141
PFG_MOEA,109,1,528.52,2327.53,0 124 156 107 126 36 109 11 167 182 34 112 180 176 197 76 65 84 74 120 142 200 162 56 9 17 85 137 173 60 99 151 116 199 30 144 171 4 46 18 132 14 33 179 111 155 97 123 47 62 135 77 2 24 59 1 44 7 195 58 100 113 178 86 104 166 66 181 53 93 160 43 185 78 175 146 192 69 70 55 196 119 198 128 98 21 115 48 51 0,126 182
PFG_MOEA,109,2,528.52,2327.53,0 39 0,39
PFG_MOEA,109,3,528.52,2327.53,0 64 0,
PFG_MOEA,109,4,528.52,2327.53,0 81 71 50 0,
PFG_MOEA,109,5,528.52,2327.53,0 131 163 106 40 130 92 133 161 82 38 140 80 75 168 90 158 102 105 49 147 23 183 88 145 174 157 118 170 10 8 26 114 188 138 0,92 168
PFG_MOEA,109,6,528.52,2327.53,0 136 20 143 61 5 16 108 35 150 31 101 25 148 91 193 122 194 37 72 189 190 45 87 22 187 57 184 27 89 41 169 67 191 32 94 68 95 172 15 54 103 139 19 159 63 6 52 177 149 12 153 83 129 165 154 125 141 186 152 134 96 79 13 28 121 110 42 29 164 127 73 3 117 0,91 141 187
PFG_MOEA,110,1,264.18,3010.24,0 117 16 108 35 150 37 72 87 22 187 57 172 95 184 27 89 41 32 94 191 133 161 82 38 140 80 75 168 105 102 158 90 67 169 68 152 0,94 168
PFG_MOEA,110,2,264.18,3010.24,0 3 31 101 25 148 91 6 52 177 149 190 45 122 76 65 193 176 84 151 116 199 171 4 46 18 132 144 30 109 107 156 124 0,122 149
PFG_MOEA,110,3,264.18,3010.24,0 126 36 11 167 182 34 112 180 194 189 197 74 120 142 200 162 17 85 137 173 60 99 9 56 111 179 33 14 155 97 123 47 62 135 77 0,
PFG_MOEA,110,4,264.18,3010.24,0 24 59 2 1 44 7 195 58 100 113 178 86 104 166 66 93 181 53 192 160 43 185 78 175 131 163 183 23 147 49 130 92 40 106 0,
PFG_MOEA,110,5,264.18,3010.24,0 136 20 143 61 69 70 55 196 119 198 98 128 10 8 145 88 174 157 118 170 114 188 138 26 81 71 50 39 0,136
PFG_MOEA,110,6,264.18,3010.24,0 51 48 146 21 115 64 127 73 164 29 42 110 121 28 15 54 13 79 96 134 186 141 103 139 19 159 63 154 125 165 153 12 83 129 5 0,21 96
PFG_MOEA,111,1,306.31,2495.58,0 136 20 143 5 61 109 11 36 126 34 112 180 182 167 56 9 137 85 17 162 200 142 120 74 62 135 107 156 124 0,11 126
PFG_MOEA,111,2,306.31,2495.58,0 47 123 97 155 111 179 33 14 132 18 46 4 99 60 173 151 116 199 171 144 30 24 59 1 44 7 2 77 0,99
PFG_MOEA,111,3,306.31,2495.58,0 51 48 146 175 78 185 66 166 195 58 100 113 178 86 104 181 53 93 43 160 192 69 70 55 196 119 198 128 98 21 115 39 64 0,93 181
PFG_MOEA,111,4,306.31,2495.58,0 131 163 106 40 68 95 172 94 32 41 169 67 191 92 130 90 168 75 80 140 38 82 161 133 158 102 105 49 147 23 183 88 145 174 157 118 170 114 188 138 81 26 10 8 50 71 0,80 105
PFG_MOEA,111,5,306.31,2495.58,0 152 83 153 12 149 177 52 6 63 159 19 139 103 190 45 54 15 87 22 187 57 184 27 89 28 121 110 42 29 164 127 73 3 0,149 190
PFG_MOEA,111,6,306.31,2495.58,0 117 13 79 96 134 186 141 125 154 165 129 16 108 35 150 31 101 25 148 91 193 122 194 37 72 189 197 76 65 176 84 0,91 141
PFG_MOEA,112,1,528.52,2327.53,0 124 156 107 126 36 109 11 167 182 34 112 180 176 197 76 65 84 74 120 142 200 162 56 9 17 85 137 173 60 99 151 116 199 30 144 171 4 46 18 132 14 33 179 111 155 97 123 47 62 135 77 2 24 59 1 44 7 195 58 100 113 178 86 104 166 66 181 53 93 160 43 185 78 175 146 192 69 70 55 196 119 198 128 98 21 115 48 51 0,126 182
PFG_MOEA,112,2,528.52,2327.53,0 39 0,39
PFG_MOEA,112,3,528.52,2327.53,0 64 0,
PFG_MOEA,112,4,528.52,2327.53,0 81 71 50 0,
PFG_MOEA,112,5,528.52,2327.53,0 131 163 106 40 130 92 133 161 82 38 140 80 75 168 90 158 102 105 49 147 23 183 88 145 174 157 118 170 10 8 26 114 188 138 0,92 168
PFG_MOEA,112,6,528.52,2327.53,0 136 20 143 61 5 16 108 35 150 31 101 25 148 91 193 122 194 37 72 189 190 45 87 22 187 57 184 27 89 41 169 67 191 32 94 68 95 172 15 54 103 139 19 159 63 6 52 177 149 12 153 83 129 165 154 125 141 186 152 134 96 79 13 28 121 110 42 29 164 127 73 3 117 0,91 141 187
PFG_MOEA,113,1,264.18,3010.24,0 117 16 108 35 150 37 72 87 22 187 57 172 95 184 27 89 41 32 94 191 133 161 82 38 140 80 75 168 105 102 158 90 67 169 68 152 0,94 168
PFG_MOEA,113,2,264.18,3010.24,0 3 31 101 25 148 91 6 52 177 149 190 45 122 76 65 193 176 84 151 116 199 171 4 46 18 132 144 30 109 107 156 124 0,122 149
PFG_MOEA,113,3,264.18,3010.24,0 126 36 11 167 182 34 112 180 194 189 197 74 120 142 200 162 17 85 137 173 60 99 9 56 111 179 33 14 155 97 123 47 62 135 77 0,
PFG_MOEA,113,4,264.18,3010.24,0 24 59 2 1 44 7 195 58 100 113 178 86 104 166 66 93 181 53 192 160 43 185 78 175 131 163 183 23 147 49 130 92 40 106 0,
PFG_MOEA,113,5,264.18,3010.24,0 136 20 143 61 69 70 55 196 119 198 98 128 10 8 145 88 174 157 118 170 114 188 138 26 81 71 50 39 0,136
PFG_MOEA,113,6,264.18,3010.24,0 51 48 146 21 115 64 127 73 164 29 42 110 121 28 15 54 13 79 96 134 186 141 103 139 19 159 63 154 125 165 153 12 83 129 5 0,21 96
PFG_MOEA,114,1,306.31,2495.58,0 136 20 143 5 61 109 11 36 126 34 112 180 182 167 56 9 137 85 17 162 200 142 120 74 62 135 107 156 124 0,11 126
PFG_MOEA,114,2,306.31,2495.58,0 47 123 97 155 111 179 33 14 132 18 46 4 99 60 173 151 116 199 171 144 30 24 59 1 44 7 2 77 0,99
PFG_MOEA,114,3,306.31,2495.58,0 51 48 146 175 78 185 66 166 195 58 100 113 178 86 104 181 53 93 43 160 192 69 70 55 196 119 198 128 98 21 115 39 64 0,93 181
PFG_MOEA,114,4,306.31,2495.58,0 131 163 106 40 68 95 172 94 32 41 169 67 191 92 130 90 168 75 80 140 38 82 161 133 158 102 105 49 147 23 183 88 145 174 157 118 170 114 188 138 81 26 10 8 50 71 0,80 105
PFG_MOEA,114,5,306.31,2495.58,0 152 83 153 12 149 177 52 6 63 159 19 139 103 190 45 54 15 87 22 187 57 184 27 89 28 121 110 42 29 164 127 73 3 0,149 190
PFG_MOEA,114,6,306.31,2495.58,0 117 13 79 96 134 186 141 125 154 165 129 16 108 35 150 31 101 25 148 91 193 122 194 37 72 189 197 76 65 176 84 0,91 141
PFG_MOEA,115,1,528.52,2327.53,0 124 156 107 126 36 109 11 167 182 34 112 180 176 197 76 65 84 74 120 142 200 162 56 9 17 85 137 173 60 99 151 116 199 30 144 171 4 46 18 132 14 33 179 111 155 97 123 47 62 135 77 2 24 59 1 44 7 195 58 100 113 178 86 104 166 66 181 53 93 160 43 185 78 175 146 192 69 70 55 196 119 198 128 98 21 115 48 51 0,126 182
PFG_MOEA,115,2,528.52,2327.53,0 39 0,39
PFG_MOEA,115,3,528.52,2327.53,0 64 0,
PFG_MOEA,115,4,528.52,2327.53,0 81 71 50 0,
PFG_MOEA,115,5,528.52,2327.53,0 131 163 106 40 130 92 133 161 82 38 140 80 75 168 90 158 102 105 49 147 23 183 88 145 174 157 118 170 10 8 26 114 188 138 0,92 168
PFG_MOEA,115,6,528.52,2327.53,0 136 20 143 61 5 16 108 35 150 31 101 25 148 91 193 122 194 37 72 189 190 45 87 22 187 57 184 27 89 41 169 67 191 32 94 68 95 172 15 54 103 139 19 159 63 6 52 177 149 12 153 83 129 165 154 125 141 186 152 134 96 79 13 28 121 110 42 29 164 127 73 3 117 0,91 141 187
PFG_MOEA,116,1,264.18,3010.24,0 117 16 108 35 150 37 72 87 22 187 57 172 95 184 27 89 41 32 94 191 133 161 82 38 140 80 75 168 105 102 158 90 67 169 68 152 0,94 168
PFG_MOEA,116,2,264.18,3010.24,0 3 31 101 25 148 91 6 52 177 149 190 45 122 76 65 193 176 84 151 116 199 171 4 46 18 132 144 30 109 107 156 124 0,122 149
PFG_MOEA,116,3,264.18,3010.24,0 126 36 11 167 182 34 112 180 194 189 197 74 120 142 200 162 17 85 137 173 60 99 9 56 111 179 33 14 155 97 123 47 62 135 77 0,
PFG_MOEA,116,4,264.18,3010.24,0 24 59 2 1 44 7 195 58 100 113 178 86 104 166 66 93 181 53 192 160 43 185 78 175 131 163 183 23 147 49 130 92 40 106 0,
PFG_MOEA,116,5,264.18,3010.24,0 136 20 143 61 69 70 55 196 119 198 98 128 10 8 145 88 174 157 118 170 114 188 138 26 81 71 50 39 0,136
PFG_MOEA,116,6,264.18,3010.24,0 51 48 146 21 115 64 127 73 164 29 42 110 121 28 15 54 13 79 96 134 186 141 103 139 19 159 63 154 125 165 153 12 83 129 5 0,21 96
PFG_MOEA,117,1,306.31,2495.58,0 136 20 143 5 61 109 11 36 126 34 112 180 182 167 56 9 137 85 17 162 200 142 120 74 62 135 107 156 124 0,11 126
PFG_MOEA,117,2,306.31,2495.58,0 47 123 97 155 111 179 33 14 132 18 46 4 99 60 173 151 116 199 171 144 30 24 59 1 44 7 2 77 0,99
PFG_MOEA,117,3,306.31,2495.58,0 51 48 146 175 78 185 66 166 195 58 100 113 178 86 104 181 53 93 43 160 192 69 70 55 196 119 198 128 98 21 115 39 64 0,93 181
PFG_MOEA,117,4,306.31,2495.58,0 131 163 106 40 68 95 172 94 32 41 169 67 191 92 130 90 168 75 80 140 38 82 161 133 158 102 105 49 147 23 183 88 145 174 157 118 170 114 188 138 81 26 10 8 50 71 0,80 105
PFG_MOEA,117,5,306.31,2495.58,0 152 83 153 12 149 177 52 6 63 159 19 139 103 190 45 54 15 87 22 187 57 184 27 89 28 121 110 42 29 164 127 73 3 0,149 190
PFG_MOEA,117,6,306.31,2495.58,0 117 13 79 96 134 186 141 125 154 165 129 16 108 35 150 31 101 25 148 91 193 122 194 37 72 189 197 76 65 176 84 0,91 141
PFG_MOEA,118,1,528.52,2327.53,0 124 156 107 126 36 109 11 167 182 34 112 180 176 197 76 65 84 74 120 142 200 162 56 9 17 85 137 173 60 99 151 116 199 30 144 171 4 46 18 132 14 33 179 111 155 97 123 47 62 135 77 2 24 59 1 44 7 195 58 100 113 178 86 104 166 66 181 53 93 160 43 185 78 175 146 192 69 70 55 196 119 198 128 98 21 115 48 51 0,126 182
PFG_MOEA,118,2,528.52,2327.53,0 39 0,39
PFG_MOEA,118,3,528.52,2327.53,0 64 0,
PFG_MOEA,118,4,528.52,2327.53,0 81 71 50 0,
PFG_MOEA,118,5,528.52,2327.53,0 131 163 106 40 130 92 133 161 82 38 140 80 75 168 90 158 102 105 49 147 23 183 88 145 174 157 118 170 10 8 26 114 188 138 0,92 168
PFG_MOEA,118,6,528.52,2327.53,0 136 20 143 61 5 16 108 35 150 31 101 25 148 91 193 122 194 37 72 189 190 45 87 22 187 57 184 27 89 41 169 67 191 32 94 68 95 172 15 54 103 139 19 159 63 6 52 177 149 12 153 83 129 165 154 125 141 186 152 134 96 79 13 28 121 110 42 29 164 127 73 3 117 0,91 141 187
PFG_MOEA,119,1,264.18,3010.24,0 117 16 108 35 150 37 72 87 22 187 57 172 95 184 27 89 41 32 94 191 133 161 82 38 140 80 75 168 105 102 158 90 67 169 68 152 0,94 168
PFG_MOEA,119,2,264.18,3010.24,0 3 31 101 25 148 91 6 52 177 149 190 45 122 76 65 193 176 84 151 116 199 171 4 46 18 132 144 30 109 107 156 124 0,122 149
PFG_MOEA,119,3,264.18,3010.24,0 126 36 11 167 182 34 112 180 194 189 197 74 120 142 200 162 17 85 137 173 60 99 9 56 111 179 33 14 155 97 123 47 62 135 77 0,
PFG_MOEA,119,4,264.18,3010.24,0 24 59 2 1 44 7 195 58 100 113 178 86 104 166 66 93 181 53 192 160 43 185 78 175 131 163 183 23 147 49 130 92 40 106 0,
PFG_MOEA,119,5,264.18,3010.24,0 136 20 143 61 69 70 55 196 119 198 98 128 10 8 145 88 174 157 118 170 114 188 138 26 81 71 50 39 0,136
PFG_MOEA,119,6,264.18,3010.24,0 51 48 146 21 115 64 127 73 164 29 42 110 121 28 15 54 13 79 96 134 186 141 103 139 19 159 63 154 125 165 153 12 83 129 5 0,21 96
PFG_MOEA,120,1,306.31,2495.58,0 136 20 143 5 61 109 11 36 126 34 112 180 182 167 56 9 137 85 17 162 200 142 120 74 62 135 107 156 124 0,11 126
PFG_MOEA,120,2,306.31,2495.58,0 47 123 97 155 111 179 33 14 132 18 46 4 99 60 173 151 116 199 171 144 30 24 59 1 44 7 2 77 0,99
PFG_MOEA,120,3,306.31,2495.58,0 51 48 146 175 78 185 66 166 195 58 100 113 178 86 104 181 53 93 43 160 192 69 70 55 196 119 198 128 98 21 115 39 64 0,93 181
PFG_MOEA,120,4,306.31,2495.58,0 131 163 106 40 68 95 172 94 32 41 169 67 191 92 130 90 168 75 80 140 38 82 161 133 158 102 105 49 147 23 183 88 145 174 157 118 170 114 188 138 81 26 10 8 50 71 0,80 105
PFG_MOEA,120,5,306.31,2495.58,0 152 83 153 12 149 177 52 6 63 159 19 139 103 190 45 54 15 87 22 187 57 184 27 89 28 121 110 42 29 164 127 73 3 0,149 190
PFG_MOEA,120,6,306.31,2495.58,0 117 13 79 96 134 186 141 125 154 165 129 16 108 35 150 31 101 25 148 91 193 122 194 37 72 189 197 76 65 176 84 0,91 141
PFG_MOEA,121,1,528.52,2327.53,0 124 156 107 126 36 109 11 167 182 34 112 180 176 197 76 65 84 74 120 142 200 162 56 9 17 85 137 173 60 99 151 116 199 30 144 171 4 46 18 132 14 33 179 111 155 97 123 47 62 135 77 2 24 59 1 44 7 195 58 100 113 178 86 104 166 66 181 53 93 160 43 185 78 175 146 192 69 70 55 196 119 198 128 98 21 115 48 51 0,126 182
PFG_MOEA,121,2,528.52,2327.53,0 39 0,39
PFG_MOEA,121,3,528.52,2327.53,0 64 0,
PFG_MOEA,121,4,528.52,2327.53,0 81 71 50 0,
PFG_MOEA,121,5,528.52,2327.53,0 131 163 106 40 130 92 133 161 82 38 140 80 75 168 90 158 102 105 49 147 23 183 88 145 174 157 118 170 10 8 26 114 188 138 0,92 168
PFG_MOEA,121,6,528.52,2327.53,0 136 20 143 61 5 16 108 35 150 31 101 25 148 91 193 122 194 37 72 189 190 45 87 22 187 57 184 27 89 41 169 67 191 32 94 68 95 172 15 54 103 139 19 159 63 6 52 177 149 12 153 83 129 165 154 125 141 186 152 134 96 79 13 28 121 110 42 29 164 127 73 3 117 0,91 141 187
PFG_MOEA,122,1,264.18,3010.24,0 117 16 108 35 150 37 72 87 22 187 57 172 95 184 27 89 41 32 94 191 133 161 82 38 140 80 75 168 105 102 158 90 67 169 68 152 0,94 168
PFG_MOEA,122,2,264.18,3010.24,0 3 31 101 25 148 91 6 52 177 149 190 45 122 76 65 193 176 84 151 116 199 171 4 46 18 132 144 30 109 107 156 124 0,122 149
PFG_MOEA,122,3,264.18,3010.24,0 126 36 11 167 182 34 112 180 194 189 197 74 120 142 200 162 17 85 137 173 60 99 9 56 111 179 33 14 155 97 123 47 62 135 77 0,
PFG_MOEA,122,4,264.18,3010.24,0 24 59 2 1 44 7 195 58 100 113 178 86 104 166 66 93 181 53 192 160 43 185 78 175 131 163 183 23 147 49 130 92 40 106 0,
PFG_MOEA,122,5,264.18,3010.24,0 136 20 143 61 69 70 55 196 119 198 98 128 10 8 145 88 174 157 118 170 114 188 138 26 81 71 50 39 0,136
PFG_MOEA,122,6,264.18,3010.24,0 51 48 146 21 115 64 127 73 164 29 42 110 121 28 15 54 13 79 96 134 186 141 103 139 19 159 63 154 125 165 153 12 83 129 5 0,21 96
PFG_MOEA,123,1,306.31,2495.58,0 136 20 143 5 61 109 11 36 126 34 112 180 182 167 56 9 137 85 17 162 200 142 120 74 62 135 107 156 124 0,11 126
PFG_MOEA,123,2,306.31,2495.58,0 47 123 97 155 111 179 33 14 132 18 46 4 99 60 173 151 116 199 171 144 30 24 59 1 44 7 2 77 0,99
PFG_MOEA,123,3,306.31,2495.58,0 51 48 146 175 78 185 66 166 195 58 100 113 178 86 104 181 53 93 43 160 192 69 70 55 196 119 198 128 98 21 115 39 64 0,93 181
PFG_MOEA,123,4,306.31,2495.58,0 131 163 106 40 68 95 172 94 32 41 169 67 191 92 130 90 168 75 80 140 38 82 161 133 158 102 105 49 147 23 183 88 145 174 157 118 170 114 188 138 81 26 10 8 50 71 0,80 105
PFG_MOEA,123,5,306.31,2495.58,0 152 83 153 12 149 177 52 6 63 159 19 139 103 190 45 54 15 87 22 187 57 184 27 89 28 121 110 42 29 164 127 73 3 0,149 190
PFG_MOEA,123,6,306.31,2495.58,0 117 13 79 96 134 186 141 125 154 165 129 16 108 35 150 31 101 25 148 91 193 122 194 37 72 189 197 76 65 176 84 0,91 141
PFG_MOEA,124,1,528.52,2327.53,0 124 156 107 126 36 109 11 167 182 34 112 180 176 197 76 65 84 74 120 142 200 162 56 9 17 85 137 173 60 99 151 116 199 30 144 171 4 46 18 132 14 33 179 111 155 97 123 47 62 135 77 2 24 59 1 44 7 195 58 100 113 178 86 104 166 66 181 53 93 160 43 185 78 175 146 192 69 70 55 196 119 198 128 98 21 115 48 51 0,126 182
PFG_MOEA,124,2,528.52,2327.53,0 39 0,39
PFG_MOEA,124,3,528.52,2327.53,0 64 0,
PFG_MOEA,124,4,528.52,2327.53,0 81 71 50 0,
PFG_MOEA,124,5,528.52,2327.53,0 131 163 106 40 130 92 133 161 82 38 140 80 75 168 90 158 102 105 49 147 23 183 88 145 174 157 118 170 10 8 26 114 188 138 0,92 168
PFG_MOEA,124,6,528.52,2327.53,0 136 20 143 61 5 16 108 35 150 31 101 25 148 91 193 122 194 37 72 189 190 45 87 22 187 57 184 27 89 41 169 67 191 32 94 68 95 172 15 54 103 139 19 159 63 6 52 177 149 12 153 83 129 165 154 125 141 186 152 134 96 79 13 28 121 110 42 29 164 127 73 3 117 0,91 141 187
PFG_MOEA,125,1,264.18,3010.24,0 117 16 108 35 150 37 72 87 22 187 57 172 95 184 27 89 41 32 94 191 133 161 82 38 140 80 75 168 105 102 158 90 67 169 68 152 0,94 168
PFG_MOEA,125,2,264.18,3010.24,0 3 31 101 25 148 91 6 52 177 149 190 45 122 76 65 193 176 84 151 116 199 171 4 46 18 132 144 30 109 107 156 124 0,122 149
PFG_MOEA,125,3,264.18,3010.24,0 126 36 11 167 182 34 112 180 194 189 197 74 120 142 200 162 17 85 137 173 60 99 9 56 111 179 33 14 155 97 123 47 62 135 77 0,
PFG_MOEA,125,4,264.18,3010.24,0 24 59 2 1 44 7 195 58 100 113 178 86 104 166 66 93 181 53 192 160 43 185 78 175 131 163 183 23 147 49 130 92 40 106 0,
PFG_MOEA,125,5,264.18,3010.24,0 136 20 143 61 69 70 55 196 119 198 98 128 10 8 145 88 174 157 118 170 114 188 138 26 81 71 50 39 0,136
PFG_MOEA,125,6,264.18,3010.24,0 51 48 146 21 115 64 127 73 164 29 42 110 121 28 15 54 13 79 96 134 186 141 103 139 19 159 63 154 125 165 153 12 83 129 5 0,21 96
PFG_MOEA,126,1,306.31,2495.58,0 136 20 143 5 61 109 11 36 126 34 112 180 182 167 56 9 137 85 17 162 200 142 120 74 62 135 107 156 124 0,11 126
PFG_MOEA,126,2,306.31,2495.58,0 47 123 97 155 111 179 33 14 132 18 46 4 99 60 173 151 116 199 171 144 30 24 59 1 44 7 2 77 0,99
PFG_MOEA,126,3,306.31,2495.58,0 51 48 146 175 78 185 66 166 195 58 100 113 178 86 104 181 53 93 43 160 192 69 70 55 196 119 198 128 98 21 115 39 64 0,93 181
PFG_MOEA,126,4,306.31,2495.58,0 131 163 106 40 68 95 172 94 32 41 169 67 191 92 130 90 168 75 80 140 38 82 161 133 158 102 105 49 147 23 183 88 145 174 157 118 170 114 188 138 81 26 10 8 50 71 0,80 105
PFG_MOEA,126,5,306.31,2495.58,0 152 83 153 12 149 177 52 6 63 159 19 139 103 190 45 54 15 87 22 187 57 184 27 89 28 121 110 42 29 164 127 73 3 0,149 190
PFG_MOEA,126,6,306.31,2495.58,0 117 13 79 96 134 186 141 125 154 165 129 16 108 35 150 31 101 25 148 91 193 122 194 37 72 189 197 76 65 176 84 0,91 141
PFG_MOEA,127,1,528.52,2327.53,0 124 156 107 126 36 109 11 167 182 34 112 180 176 197 76 65 84 74 120 142 200 162 56 9 17 85 137 173 60 99 151 116 199 30 144 171 4 46 18 132 14 33 179 111 155 97 123 47 62 135 77 2 24 59 1 44 7 195 58 100 113 178 86 104 166 66 181 53 93 160 43 185 78 175 146 192 69 70 55 196 119 198 128 98 21 115 48 51 0,126 182
PFG_MOEA,127,2,528.52,2327.53,0 39 0,39
PFG_MOEA,127,3,528.52,2327.53,0 64 0,
PFG_MOEA,127,4,528.52,2327.53,0 81 71 50 0,
PFG_MOEA,127,5,528.52,2327.53,0 131 163 106 40 130 92 133 161 82 38 140 80 75 168 90 158 102 105 49 147 23 183 88 145 174 157 118 170 10 8 26 114 188 138 0,92 168
PFG_MOEA,127,6,528.52,2327.53,0 136 20 143 61 5 16 108 35 150 31 101 25 148 91 193 122 194 37 72 189 190 45 87 22 187 57 184 27 89 41 169 67 191 32 94 68 95 172 15 54 103 139 19 159 63 6 52 177 149 12 153 83 129 165 154 125 141 186 152 134 96 79 13 28 121 110 42 29 164 127 73 3 117 0,91 141 187
PFG_MOEA,128,1,264.18,3010.24,0 117 16 108 35 150 37 72 87 22 187 57 172 95 184 27 89 41 32 94 191 133 161 82 38 140 80 75 168 105 102 158 90 67 169 68 152 0,94 168
PFG_MOEA,128,2,264.18,3010.24,0 3 31 101 25 148 91 6 52 177 149 190 45 122 76 65 193 176 84 151 116 199 171 4 46 18 132 144 30 109 107 156 124 0,122 149
PFG_MOEA,128,3,264.18,3010.24,0 126 36 11 167 182 34 112 180 194 189 197 74 120 142 200 162 17 85 137 173 60 99 9 56 111 179 33 14 155 97 123 47 62 135 77 0,
PFG_MOEA,128,4,264.18,3010.24,0 24 59 2 1 44 7 195 58 100 113 178 86 104 166 66 93 181 53 192 160 43 185 78 175 131 163 183 23 147 49 130 92 40 106 0,
PFG_MOEA,128,5,264.18,3010.24,0 136 20 143 61 69 70 55 196 119 198 98 128 10 8 145 88 174 157 118 170 114 188 138 26 81 71 50 39 0,136
PFG_MOEA,128,6,264.18,3010.24,0 51 48 146 21 115 64 127 73 164 29 42 110 121 28 15 54 13 79 96 134 186 141 103 139 19 159 63 154 125 165 153 12 83 129 5 0,21 96
PFG_MOEA,129,1,306.31,2495.58,0 136 20 143 5 61 109 11 36 126 34 112 180 182 167 56 9 137 85 17 162 200 142 120 74 62 135 107 156 124 0,11 126
PFG_MOEA,129,2,306.31,2495.58,0 47 123 97 155 111 179 33 14 132 18 46 4 99 60 173 151 116 199 171 144 30 24 59 1 44 7 2 77 0,99
PFG_MOEA,129,3,306.31,2495.58,0 51 48 146 175 78 185 66 166 195 58 100 113 178 86 104 181 53 93 43 160 192 69 70 55 196 119 198 128 98 21 115 39 64 0,93 181
PFG_MOEA,129,4,306.31,2495.58,0 131 163 106 40 68 95 172 94 32 41 169 67 191 92 130 90 168 75 80 140 38 82 161 133 158 102 105 49 147 23 183 88 145 174 157 118 170 114 188 138 81 26 10 8 50 71 0,80 105
PFG_MOEA,129,5,306.31,2495.58,0 152 83 153 12 149 177 52 6 63 159 19 139 103 190 45 54 15 87 22 187 57 184 27 89 28 121 110 42 29 164 127 73 3 0,149 190
PFG_MOEA,129,6,306.31,2495.58,0 117 13 79 96 134 186 141 125 154 165 129 16 108 35 150 31 101 25 148 91 193 122 194 37 72 189 197 76 65 176 84 0,91 141
PFG_MOEA,130,1,528.52,2327.53,0 124 156 107 126 36 109 11 167 182 34 112 180 176 197 76 65 84 74 120 142 200 162 56 9 17 85 137 173 60 99 151 116 199 30 144 171 4 46 18 132 14 33 179 111 155 97 123 47 62 135 77 2 24 59 1 44 7 195 58 100 113 178 86 104 166 66 181 53 93 160 43 185 78 175 146 192 69 70 55 196 119 198 128 98 21 115 48 51 0,126 182
PFG_MOEA,130,2,528.52,2327.53,0 39 0,39
PFG_MOEA,130,3,528.52,2327.53,0 64 0,
PFG_MOEA,130,4,528.52,2327.53,0 81 71 50 0,
PFG_MOEA,130,5,528.52,2327.53,0 131 163 106 40 130 92 133 161 82 38 140 80 75 168 90 158 102 105 49 147 23 183 88 145 174 157 118 170 10 8 26 114 188 138 0,92 168
PFG_MOEA,130,6,528.52,2327.53,0 136 20 143 61 5 16 108 35 150 31 101 25 148 91 193 122 194 37 72 189 190 45 87 22 187 57 184 27 89 41 169 67 191 32 94 68 95 172 15 54 103 139 19 159 63 6 52 177 149 12 153 83 129 165 154 125 141 186 152 134 96 79 13 28 121 110 42 29 164 127 73 3 117 0,91 141 187
PFG_MOEA,131,1,264.18,3010.24,0 117 16 108 35 150 37 72 87 22 187 57 172 95 184 27 89 41 32 94 191 133 161 82 38 140 80 75 168 105 102 158 90 67 169 68 152 0,94 168
PFG_MOEA,131,2,264.18,3010.24,0 3 31 101 25 148 91 6 52 177 149 190 45 122 76 65 193 176 84 151 116 199 171 4 46 18 132 144 30 109 107 156 124 0,122 149
PFG_MOEA,131,3,264.18,3010.24,0 126 36 11 167 182 34 112 180 194 189 197 74 120 142 200 162 17 85 137 173 60 99 9 56 111 179 33 14 155 97 123 47 62 135 77 0,
PFG_MOEA,131,4,264.18,3010.24,0 24 59 2 1 44 7 195 58 100 113 178 86 104 166 66 93 181 53 192 160 43 185 78 175 131 163 183 23 147 49 130 92 40 106 0,
PFG_MOEA,131,5,264.18,3010.24,0 136 20 143 61 69 70 55 196 119 198 98 128 10 8 145 88 174 157 118 170 114 188 138 26 81 71 50 39 0,136
PFG_MOEA,131,6,264.18,3010.24,0 51 48 146 21 115 64 127 73 164 29 42 110 121 28 15 54 13 79 96 134 186 141 103 139 19 159 63 154 125 165 153 12 83 129 5 0,21 96
PFG_MOEA,132,1,306.31,2495.58,0 136 20 143 5 61 109 11 36 126 34 112 180 182 167 56 9 137 85 17 162 200 142 120 74 62 135 107 156 124 0,11 126
PFG_MOEA,132,2,306.31,2495.58,0 47 123 97 155 111 179 33 14 132 18 46 4 99 60 173 151 116 199 171 144 30 24 59 1 44 7 2 77 0,99
PFG_MOEA,132,3,306.31,2495.58,0 51 48 146 175 78 185 66 166 195 58 100 113 178 86 104 181 53 93 43 160 192 69 70 55 196 119 198 128 98 21 115 39 64 0,93 181
PFG_MOEA,132,4,306.31,2495.58,0 131 163 106 40 68 95 172 94 32 41 169 67 191 92 130 90 168 75 80 140 38 82 161 133 158 102 105 49 147 23 183 88 145 174 157 118 170 114 188 138 81 26 10 8 50 71 0,80 105
PFG_MOEA,132,5,306.31,2495.58,0 152 83 153 12 149 177 52 6 63 159 19 139 103 190 45 54 15 87 22 187 57 184 27 89 28 121 110 42 29 164 127 73 3 0,149 190
PFG_MOEA,132,6,306.31,2495.58,0 117 13 79 96 134 186 141 125 154 165 129 16 108 35 150 31 101 25 148 91 193 122 194 37 72 189 197 76 65 176 84 0,91 141
PFG_MOEA,133,1,528.52,2327.53,0 124 156 107 126 36 109 11 167 182 34 112 180 176 197 76 65 84 74 120 142 200 162 56 9 17 85 137 173 60 99 151 116 199 30 144 171 4 46 18 132 14 33 179 111 155 97 123 47 62 135 77 2 24 59 1 44 7 195 58 100 113 178 86 104 166 66 181 53 93 160 43 185 78 175 146 192 69 70 55 196 119 198 128 98 21 115 48 51 0,126 182
PFG_MOEA,133,2,528.52,2327.53,0 39 0,39
PFG_MOEA,133,3,528.52,2327.53,0 64 0,
PFG_MOEA,133,4,528.52,2327.53,0 81 71 50 0,
PFG_MOEA,133,5,528.52,2327.53,0 131 163 106 40 130 92 133 161 82 38 140 80 75 168 90 158 102 105 49 147 23 183 88 145 174 157 118 170 10 8 26 114 188 138 0,92 168
PFG_MOEA,133,6,528.52,2327.53,0 136 20 143 61 5 16 108 35 150 31 101 25 148 91 193 122 194 37 72 189 190 45 87 22 187 57 184 27 89 41 169 67 191 32 94 68 95 172 15 54 103 139 19 159 63 6 52 177 149 12 153 83 129 165 154 125 141 186 152 134 96 79 13 28 121 110 42 29 164 127 73 3 117 0,91 141 187
PFG_MOEA,134,1,264.18,3010.24,0 117 16 108 35 150 37 72 87 22 187 57 172 95 184 27 89 41 32 94 191 133 161 82 38 140 80 75 168 105 102 158 90 67 169 68 152 0,94 168
PFG_MOEA,134,2,264.18,3010.24,0 3 31 101 25 148 91 6 52 177 149 190 45 122 76 65 193 176 84 151 116 199 171 4 46 18 132 144 30 109 107 156 124 0,122 149
PFG_MOEA,134,3,264.18,3010.24,0 126 36 11 167 182 34 112 180 194 189 197 74 120 142 200 162 17 85 137 173 60 99 9 56 111 179 33 14 155 97 123 47 62 135 77 0,
PFG_MOEA,134,4,264.18,3010.24,0 24 59 2 1 44 7 195 58 100 113 178 86 104 166 66 93 181 53 192 160 43 185 78 175 131 163 183 23 147 49 130 92 40 106 0,
PFG_MOEA,134,5,264.18,3010.24,0 136 20 143 61 69 70 55 196 119 198 98 128 10 8 145 88 174 157 118 170 114 188 138 26 81 71 50 39 0,136
PFG_MOEA,134,6,264.18,3010.24,0 51 48 146 21 115 64 127 73 164 29 42 110 121 28 15 54 13 79 96 134 186 141 103 139 19 159 63 154 125 165 153 12 83 129 5 0,21 96
PFG_MOEA,135,1,306.31,2495.58,0 136 20 143 5 61 109 11 36 126 34 112 180 182 167 56 9 137 85 17 162 200 142 120 74 62 135 107 156 124 0,11 126
PFG_MOEA,135,2,306.31,2495.58,0 47 123 97 155 111 179 33 14 132 18 46 4 99 60 173 151 116 199 171 144 30 24 59 1 44 7 2 77 0,99
PFG_MOEA,135,3,306.31,2495.58,0 51 48 146 175 78 185 66 166 195 58 100 113 178 86 104 181 53 93 43 160 192 69 70 55 196 119 198 128 98 21 115 39 64 0,93 181
PFG_MOEA,135,4,306.31,2495.58,0 131 163 106 40 68 95 172 94 32 41 169 67 191 92 130 90 168 75 80 140 38 82 161 133 158 102 105 49 147 23 183 88 145 174 157 118 170 114 188 138 81 26 10 8 50 71 0,80 105
PFG_MOEA,135,5,306.31,2495.58,0 152 83 153 12 149 177 52 6 63 159 19 139 103 190 45 54 15 87 22 187 57 184 27 89 28 121 110 42 29 164 127 73 3 0,149 190
PFG_MOEA,135,6,306.31,2495.58,0 117 13 79 96 134 186 141 125 154 165 129 16 108 35 150 31 101 25 148 91 193 122 194 37 72 189 197 76 65 176 84 0,91 141
PFG_MOEA,136,1,528.52,2327.53,0 124 156 107 126 36 109 11 167 182 34 112 180 176 197 76 65 84 74 120 142 200 162 56 9 17 85 137 173 60 99 151 116 199 30 144 171 4 46 18 132 14 33 179 111 155 97 123 47 62 135 77 2 24 59 1 44 7 195 58 100 113 178 86 104 166 66 181 53 93 160 43 185 78 175 146 192 69 70 55 196 119 198 128 98 21 115 48 51 0,126 182
PFG_MOEA,136,2,528.52,2327.53,0 39 0,39
PFG_MOEA,136,3,528.52,2327.53,0 64 0,
PFG_MOEA,136,4,528.52,2327.53,0 81 71 50 0,
PFG_MOEA,136,5,528.52,2327.53,0 131 163 106 40 130 92 133 161 82 38 140 80 75 168 90 158 102 105 49 147 23 183 88 145 174 157 118 170 10 8 26 114 188 138 0,92 168
PFG_MOEA,136,6,528.52,2327.53,0 136 20 143 61 5 16 108 35 150 31 101 25 148 91 193 122 194 37 72 189 190 45 87 22 187 57 184 27 89 41 169 67 191 32 94 68 95 172 15 54 103 139 19 159 63 6 52 177 149 12 153 83 129 165 154 125 141 186 152 134 96 79 13 28 121 110 42 29 164 127 73 3 117 0,91 141 187
PFG_MOEA,137,1,264.18,3010.24,0 117 16 108 35 150 37 72 87 22 187 57 172 95 184 27 89 41 32 94 191 133 161 82 38 140 80 75 168 105 102 158 90 67 169 68 152 0,94 168
PFG_MOEA,137,2,264.18,3010.24,0 3 31 101 25 148 91 6 52 177 149 190 45 122 76 65 193 176 84 151 116 199 171 4 46 18 132 144 30 109 107 156 124 0,122 149
PFG_MOEA,137,3,264.18,3010.24,0 126 36 11 167 182 34 112 180 194 189 197 74 120 142 200 162 17 85 137 173 60 99 9 56 111 179 33 14 155 97 123 47 62 135 77 0,
PFG_MOEA,137,4,264.18,3010.24,0 24 59 2 1 44 7 195 58 100 113 178 86 104 166 66 93 181 53 192 160 43 185 78 175 131 163 183 23 147 49 130 92 40 106 0,
PFG_MOEA,137,5,264.18,3010.24,0 136 20 143 61 69 70 55 196 119 198 98 128 10 8 145 88 174 157 118 170 114 188 138 26 81 71 50 39 0,136
PFG_MOEA,137,6,264.18,3010.24,0 51 48 146 21 115 64 127 73 164 29 42 110 121 28 15 54 13 79 96 134 186 141 103 139 19 159 63 154 125 165 153 12 83 129 5 0,21 96
PFG_MOEA,138,1,306.31,2495.58,0 136 20 143 5 61 109 11 36 126 34 112 180 182 167 56 9 137 85 17 162 200 142 120 74 62 135 107 156 124 0,11 126
PFG_MOEA,138,2,306.31,2495.58,0 47 123 97 155 111 179 33 14 132 18 46 4 99 60 173 151 116 199 171 144 30 24 59 1 44 7 2 77 0,99
PFG_MOEA,138,3,306.31,2495.58,0 51 48 146 175 78 185 66 166 195 58 100 113 178 86 104 181 53 93 43 160 192 69 70 55 196 119 198 128 98 21 115 39 64 0,93 181
PFG_MOEA,138,4,306.31,2495.58,0 131 163 106 40 68 95 172 94 32 41 169 67 191 92 130 90 168 75 80 140 38 82 161 133 158 102 105 49 147 23 183 88 145 174 157 118 170 114 188 138 81 26 10 8 50 71 0,80 105
PFG_MOEA,138,5,306.31,2495.58,0 152 83 153 12 149 177 52 6 63 159 19 139 103 190 45 54 15 87 22 187 57 184 27 89 28 121 110 42 29 164 127 73 3 0,149 190
PFG_MOEA,138,6,306.31,2495.58,0 117 13 79 96 134 186 141 125 154 165 129 16 108 35 150 31 101 25 148 91 193 122 194 37 72 189 197 76 65 176 84 0,91 141
PFG_MOEA,139,1,528.52,2327.53,0 124 156 107 126 36 109 11 167 182 34 112 180 176 197 76 65 84 74 120 142 200 162 56 9 17 85 137 173 60 99 151 116 199 30 144 171 4 46 18 132 14 33 179 111 155 97 123 47 62 135 77 2 24 59 1 44 7 195 58 100 113 178 86 104 166 66 181 53 93 160 43 185 78 175 146 192 69 70 55 196 119 198 128 98 21 115 48 51 0,126 182
PFG_MOEA,139,2,528.52,2327.53,0 39 0,39
PFG_MOEA,139,3,528.52,2327.53,0 64 0,
PFG_MOEA,139,4,528.52,2327.53,0 81 71 50 0,
PFG_MOEA,139,5,528.52,2327.53,0 131 163 106 40 130 92 133 161 82 38 140 80 75 168 90 158 102 105 49 147 23 183 88 145 174 157 118 170 10 8 26 114 188 138 0,92 168
PFG_MOEA,139,6,528.52,2327.53,0 136 20 143 61 5 16 108 35 150 31 101 25 148 91 193 122 194 37 72 189 190 45 87 22 187 57 184 27 89 41 169 67 191 32 94 68 95 172 15 54 103 139 19 159 63 6 52 177 149 12 153 83 129 165 154 125 141 186 152 134 96 79 13 28 121 110 42 29 164 127 73 3 117 0,91 141 187
PFG_MOEA,140,1,264.18,3010.24,0 117 16 108 35 150 37 72 87 22 187 57 172 95 184 27 89 41 32 94 191 133 161 82 38 140 80 75 168 105 102 158 90 67 169 68 152 0,94 168
PFG_MOEA,140,2,264.18,3010.24,0 3 31 101 25 148 91 6 52 177 149 190 45 122 76 65 193 176 84 151 116 199 171 4 46 18 132 144 30 109 107 156 124 0,122 149
PFG_MOEA,140,3,264.18,3010.24,0 126 36 11 167 182 34 112 180 194 189 197 74 120 142 200 162 17 85 137 173 60 99 9 56 111 179 33 14 155 97 123 47 62 135 77 0,
PFG_MOEA,140,4,264.18,3010.24,0 24 59 2 1 44 7 195 58 100 113 178 86 104 166 66 93 181 53 192 160 43 185 78 175 131 163 183 23 147 49 130 92 40 106 0,
PFG_MOEA,140,5,264.18,3010.24,0 136 20 143 61 69 70 55 196 119 198 98 128 10 8 145 88 174 157 118 170 114 188 138 26 81 71 50 39 0,136
PFG_MOEA,140,6,264.18,3010.24,0 51 48 146 21 115 64 127 73 164 29 42 110 121 28 15 54 13 79 96 134 186 141 103 139 19 159 63 154 125 165 153 12 83 129 5 0,21 96
PFG_MOEA,141,1,306.31,2495.58,0 136 20 143 5 61 109 11 36 126 34 112 180 182 167 56 9 137 85 17 162 200 142 120 74 62 135 107 156 124 0,11 126
PFG_MOEA,141,2,306.31,2495.58,0 47 123 97 155 111 179 33 14 132 18 46 4 99 60 173 151 116 199 171 144 30 24 59 1 44 7 2 77 0,99
PFG_MOEA,141,3,306.31,2495.58,0 51 48 146 175 78 185 66 166 195 58 100 113 178 86 104 181 53 93 43 160 192 69 70 55 196 119 198 128 98 21 115 39 64 0,93 181
PFG_MOEA,141,4,306.31,2495.58,0 131 163 106 40 68 95 172 94 32 41 169 67 191 92 130 90 168 75 80 140 38 82 161 133 158 102 105 49 147 23 183 88 145 174 157 118 170 114 188 138 81 26 10 8 50 71 0,80 105
PFG_MOEA,141,5,306.31,2495.58,0 152 83 153 12 149 177 52 6 63 159 19 139 103 190 45 54 15 87 22 187 57 184 27 89 28 121 110 42 29 164 127 73 3 0,149 190
PFG_MOEA,141,6,306.31,2495.58,0 117 13 79 96 134 186 141 125 154 165 129 16 108 35 150 31 101 25 148 91 193 122 194 37 72 189 197 76 65 176 84 0,91 141
PFG_MOEA,142,1,528.52,2327.53,0 124 156 107 126 36 109 11 167 182 34 112 180 176 197 76 65 84 74 120 142 200 162 56 9 17 85 137 173 60 99 151 116 199 30 144 171 4 46 18 132 14 33 179 111 155 97 123 47 62 135 77 2 24 59 1 44 7 195 58 100 113 178 86 104 166 66 181 53 93 160 43 185 78 175 146 192 69 70 55 196 119 198 128 98 21 115 48 51 0,126 182
PFG_MOEA,142,2,528.52,2327.53,0 39 0,39
PFG_MOEA,142,3,528.52,2327.53,0 64 0,
PFG_MOEA,142,4,528.52,2327.53,0 81 71 50 0,
PFG_MOEA,142,5,528.52,2327.53,0 131 163 106 40 130 92 133 161 82 38 140 80 75 168 90 158 102 105 49 147 23 183 88 145 174 157 118 170 10 8 26 114 188 138 0,92 168
PFG_MOEA,142,6,528.52,2327.53,0 136 20 143 61 5 16 108 35 150 31 101 25 148 91 193 122 194 37 72 189 190 45 87 22 187 57 184 27 89 41 169 67 191 32 94 68 95 172 15 54 103 139 19 159 63 6 52 177 149 12 153 83 129 165 154 125 141 186 152 134 96 79 13 28 121 110 42 29 164 127 73 3 117 0,91 141 187
PFG_MOEA,143,1,264.18,3010.24,0 117 16 108 35 150 37 72 87 22 187 57 172 95 184 27 89 41 32 94 191 133 161 82 38 140 80 75 168 105 102 158 90 67 169 68 152 0,94 168
PFG_MOEA,143,2,264.18,3010.24,0 3 31 101 25 148 91 6 52 177 149 190 45 122 76 65 193 176 84 151 116 199 171 4 46 18 132 144 30 109 107 156 124 0,122 149
PFG_MOEA,143,3,264.18,3010.24,0 126 36 11 167 182 34 112 180 194 189 197 74 120 142 200 162 17 85 137 173 60 99 9 56 111 179 33 14 155 97 123 47 62 135 77 0,
PFG_MOEA,143,4,264.18,3010.24,0 24 59 2 1 44 7 195 58 100 113 178 86 104 166 66 93 181 53 192 160 43 185 78 175 131 163 183 23 147 49 130 92 40 106 0,
PFG_MOEA,143,5,264.18,3010.24,0 136 20 143 61 69 70 55 196 119 198 98 128 10 8 145 88 174 157 118 170 114 188 138 26 81 71 50 39 0,136
PFG_MOEA,143,6,264.18,3010.24,0 51 48 146 21 115 64 127 73 164 29 42 110 121 28 15 54 13 79 96 134 186 141 103 139 19 159 63 154 125 165 153 12 83 129 5 0,21 96
PFG_MOEA,144,1,306.31,2495.58,0 136 20 143 5 61 109 11 36 126 34 112 180 182 167 56 9 137 85 17 162 200 142 120 74 62 135 107 156 124 0,11 126
PFG_MOEA,144,2,306.31,2495.58,0 47 123 97 155 111 179 33 14 132 18 46 4 99 60 173 151 116 199 171 144 30 24 59 1 44 7 2 77 0,99
PFG_MOEA,144,3,306.31,2495.58,0 51 48 146 175 78 185 66 166 195 58 100 113 178 86 104 181 53 93 43 160 192 69 70 55 196 119 198 128 98 21 115 39 64 0,93 181
PFG_MOEA,144,4,306.31,2495.58,0 131 163 106 40 68 95 172 94 32 41 169 67 191 92 130 90 168 75 80 140 38 82 161 133 158 102 105 49 147 23 183 88 145 174 157 118 170 114 188 138 81 26 10 8 50 71 0,80 105
PFG_MOEA,144,5,306.31,2495.58,0 152 83 153 12 149 177 52 6 63 159 19 139 103 190 45 54 15 87 22 187 57 184 27 89 28 121 110 42 29 164 127 73 3 0,149 190
PFG_MOEA,144,6,306.31,2495.58,0 117 13 79 96 134 186 141 125 154 165 129 16 108 35 150 31 101 25 148 91 193 122 194 37 72 189 197 76 65 176 84 0,91 141
PFG_MOEA,145,1,528.52,2327.53,0 124 156 107 126 36 109 11 167 182 34 112 180 176 197 76 65 84 74 120 142 200 162 56 9 17 85 137 173 60 99 151 116 199 30 144 171 4 46 18 132 14 33 179 111 155 97 123 47 62 135 77 2 24 59 1 44 7 195 58 100 113 178 86 104 166 66 181 53 93 160 43 185 78 175 146 192 69 70 55 196 119 198 128 98 21 115 48 51 0,126 182
PFG_MOEA,145,2,528.52,2327.53,0 39 0,39
PFG_MOEA,145,3,528.52,2327.53,0 64 0,
PFG_MOEA,145,4,528.52,2327.53,0 81 71 50 0,
PFG_MOEA,145,5,528.52,2327.53,0 131 163 106 40 130 92 133 161 82 38 140 80 75 168 90 158 102 105 49 147 23 183 88 145 174 157 118 170 10 8 26 114 188 138 0,92 168
PFG_MOEA,145,6,528.52,2327.53,0 136 20 143 61 5 16 108 35 150 31 101 25 148 91 193 122 194 37 72 189 190 45 87 22 187 57 184 27 89 41 169 67 191 32 94 68 95 172 15 54 103 139 19 159 63 6 52 177 149 12 153 83 129 165 154 125 141 186 152 134 96 79 13 28 121 110 42 29 164 127 73 3 117 0,91 141 187
PFG_MOEA,146,1,264.18,3010.24,0 117 16 108 35 150 37 72 87 22 187 57 172 95 184 27 89 41 32 94 191 133 161 82 38 140 80 75 168 105 102 158 90 67 169 68 152 0,94 168
PFG_MOEA,146,2,264.18,3010.24,0 3 31 101 25 148 91 6 52 177 149 190 45 122 76 65 193 176 84 151 116 199 171 4 46 18 132 144 30 109 107 156 124 0,122 149
PFG_MOEA,146,3,264.18,3010.24,0 126 36 11 167 182 34 112 180 194 189 197 74 120 142 200 162 17 85 137 173 60 99 9 56 111 179 33 14 155 97 123 47 62 135 77 0,
PFG_MOEA,146,4,264.18,3010.24,0 24 59 2 1 44 7 195 58 100 113 178 86 104 166 66 93 181 53 192 160 43 185 78 175 131 163 183 23 147 49 130 92 40 106 0,
PFG_MOEA,146,5,264.18,3010.24,0 136 20 143 61 69 70 55 196 119 198 98 128 10 8 145 88 174 157 118 170 114 188 138 26 81 71 50 39 0,136
PFG_MOEA,146,6,264.18,3010.24,0 51 48 146 21 115 64 127 73 164 29 42 110 121 28 15 54 13 79 96 134 186 141 103 139 19 159 63 154 125 165 153 12 83 129 5 0,21 96
PFG_MOEA,147,1,306.31,2495.58,0 136 20 143 5 61 109 11 36 126 34 112 180 182 167 56 9 137 85 17 162 200 142 120 74 62 135 107 156 124 0,11 126
PFG_MOEA,147,2,306.31,2495.58,0 47 123 97 155 111 179 33 14 132 18 46 4 99 60 173 151 116 199 171 144 30 24 59 1 44 7 2 77 0,99
PFG_MOEA,147,3,306.31,2495.58,0 51 48 146 175 78 185 66 166 195 58 100 113 178 86 104 181 53 93 43 160 192 69 70 55 196 119 198 128 98 21 115 39 64 0,93 181
PFG_MOEA,147,4,306.31,2495.58,0 131 163 106 40 68 95 172 94 32 41 169 67 191 92 130 90 168 75 80 140 38 82 161 133 158 102 105 49 147 23 183 88 145 174 157 118 170 114 188 138 81 26 10 8 50 71 0,80 105
PFG_MOEA,147,5,306.31,2495.58,0 152 83 153 12 149 177 52 6 63 159 19 139 103 190 45 54 15 87 22 187 57 184 27 89 28 121 110 42 29 164 127 73 3 0,149 190
PFG_MOEA,147,6,306.31,2495.58,0 117 13 79 96 134 186 141 125 154 165 129 16 108 35 150 31 101 25 148 91 193 122 194 37 72 189 197 76 65 176 84 0,91 141
PFG_MOEA,148,1,528.52,2327.53,0 124 156 107 126 36 109 11 167 182 34 112 180 176 197 76 65 84 74 120 142 200 162 56 9 17 85 137 173 60 99 151 116 199 30 144 171 4 46 18 132 14 33 179 111 155 97 123 47 62 135 77 2 24 59 1 44 7 195 58 100 113 178 86 104 166 66 181 53 93 160 43 185 78 175 146 192 69 70 55 196 119 198 128 98 21 115 48 51 0,126 182
PFG_MOEA,148,2,528.52,2327.53,0 39 0,39
PFG_MOEA,148,3,528.52,2327.53,0 64 0,
PFG_MOEA,148,4,528.52,2327.53,0 81 71 50 0,
PFG_MOEA,148,5,528.52,2327.53,0 131 163 106 40 130 92 133 161 82 38 140 80 75 168 90 158 102 105 49 147 23 183 88 145 174 157 118 170 10 8 26 114 188 138 0,92 168
PFG_MOEA,148,6,528.52,2327.53,0 136 20 143 61 5 16 108 35 150 31 101 25 148 91 193 122 194 37 72 189 190 45 87 22 187 57 184 27 89 41 169 67 191 32 94 68 95 172 15 54 103 139 19 159 63 6 52 177 149 12 153 83 129 165 154 125 141 186 152 134 96 79 13 28 121 110 42 29 164 127 73 3 117 0,91 141 187
PFG_MOEA,149,1,264.18,3010.24,0 117 16 108 35 150 37 72 87 22 187 57 172 95 184 27 89 41 32 94 191 133 161 82 38 140 80 75 168 105 102 158 90 67 169 68 152 0,94 168
PFG_MOEA,149,2,264.18,3010.24,0 3 31 101 25 148 91 6 52 177 149 190 45 122 76 65 193 176 84 151 116 199 171 4 46 18 132 144 30 109 107 156 124 0,122 149
PFG_MOEA,149,3,264.18,3010.24,0 126 36 11 167 182 34 112 180 194 189 197 74 120 142 200 162 17 85 137 173 60 99 9 56 111 179 33 14 155 97 123 47 62 135 77 0,
PFG_MOEA,149,4,264.18,3010.24,0 24 59 2 1 44 7 195 58 100 113 178 86 104 166 66 93 181 53 192 160 43 185 78 175 131 163 183 23 147 49 130 92 40 106 0,
PFG_MOEA,149,5,264.18,3010.24,0 136 20 143 61 69 70 55 196 119 198 98 128 10 8 145 88 174 157 118 170 114 188 138 26 81 71 50 39 0,136
PFG_MOEA,149,6,264.18,3010.24,0 51 48 146 21 115 64 127 73 164 29 42 110 121 28 15 54 13 79 96 134 186 141 103 139 19 159 63 154 125 165 153 12 83 129 5 0,21 96
PFG_MOEA,150,1,306.31,2495.58,0 136 20 143 5 61 109 11 36 126 34 112 180 182 167 56 9 137 85 17 162 200 142 120 74 62 135 107 156 124 0,11 126
PFG_MOEA,150,2,306.31,2495.58,0 47 123 97 155 111 179 33 14 132 18 46 4 99 60 173 151 116 199 171 144 30 24 59 1 44 7 2 77 0,99
PFG_MOEA,150,3,306.31,2495.58,0 51 48 146 175 78 185 66 166 195 58 100 113 178 86 104 181 53 93 43 160 192 69 70 55 196 119 198 128 98 21 115 39 64 0,93 181
PFG_MOEA,150,4,306.31,2495.58,0 131 163 106 40 68 95 172 94 32 41 169 67 191 92 130 90 168 75 80 140 38 82 161 133 158 102 105 49 147 23 183 88 145 174 157 118 170 114 188 138 81 26 10 8 50 71 0,80 105
PFG_MOEA,150,5,306.31,2495.58,0 152 83 153 12 149 177 52 6 63 159 19 139 103 190 45 54 15 87 22 187 57 184 27 89 28 121 110 42 29 164 127 73 3 0,149 190
PFG_MOEA,150,6,306.31,2495.58,0 117 13 79 96 134 186 141 125 154 165 129 16 108 35 150 31 101 25 148 91 193 122 194 37 72 189 197 76 65 176 84 0,91 141
PFG_MOEA,151,1,528.52,2327.53,0 124 156 107 126 36 109 11 167 182 34 112 180 176 197 76 65 84 74 120 142 200 162 56 9 17 85 137 173 60 99 151 116 199 30 144 171 4 46 18 132 14 33 179 111 155 97 123 47 62 135 77 2 24 59 1 44 7 195 58 100 113 178 86 104 166 66 181 53 93 160 43 185 78 175 146 192 69 70 55 196 119 198 128 98 21 115 48 51 0,126 182
PFG_MOEA,151,2,528.52,2327.53,0 39 0,39
PFG_MOEA,151,3,528.52,2327.53,0 64 0,
PFG_MOEA,151,4,528.52,2327.53,0 81 71 50 0,
PFG_MOEA,151,5,528.52,2327.53,0 131 163 106 40 130 92 133 161 82 38 140 80 75 168 90 158 102 105 49 147 23 183 88 145 174 157 118 170 10 8 26 114 188 138 0,92 168
PFG_MOEA,151,6,528.52,2327.53,0 136 20 143 61 5 16 108 35 150 31 101 25 148 91 193 122 194 37 72 189 190 45 87 22 187 57 184 27 89 41 169 67 191 32 94 68 95 172 15 54 103 139 19 159 63 6 52 177 149 12 153 83 129 165 154 125 141 186 152 134 96 79 13 28 121 110 42 29 164 127 73 3 117 0,91 141 187
PFG_MOEA,152,1,264.18,3010.24,0 117 16 108 35 150 37 72 87 22 187 57 172 95 184 27 89 41 32 94 191 133 161 82 38 140 80 75 168 105 102 158 90 67 169 68 152 0,94 168
PFG_MOEA,152,2,264.18,3010.24,0 3 31 101 25 148 91 6 52 177 149 190 45 122 76 65 193 176 84 151 116 199 171 4 46 18 132 144 30 109 107 156 124 0,122 149
PFG_MOEA,152,3,264.18,3010.24,0 126 36 11 167 182 34 112 180 194 189 197 74 120 142 200 162 17 85 137 173 60 99 9 56 111 179 33 14 155 97 123 47 62 135 77 0,
PFG_MOEA,152,4,264.18,3010.24,0 24 59 2 1 44 7 195 58 100 113 178 86 104 166 66 93 181 53 192 160 43 185 78 175 131 163 183 23 147 49 130 92 40 106 0,
PFG_MOEA,152,5,264.18,3010.24,0 136 20 143 61 69 70 55 196 119 198 98 128 10 8 145 88 174 157 118 170 114 188 138 26 81 71 50 39 0,136
PFG_MOEA,152,6,264.18,3010.24,0 51 48 146 21 115 64 127 73 164 29 42 110 121 28 15 54 13 79 96 134 186 141 103 139 19 159 63 154 125 165 153 12 83 129 5 0,21 96
PFG_MOEA,153,1,306.31,2495.58,0 136 20 143 5 61 109 11 36 126 34 112 180 182 167 56 9 137 85 17 162 200 142 120 74 62 135 107 156 124 0,11 126
PFG_MOEA,153,2,306.31,2495.58,0 47 123 97 155 111 179 33 14 132 18 46 4 99 60 173 151 116 199 171 144 30 24 59 1 44 7 2 77 0,99
PFG_MOEA,153,3,306.31,2495.58,0 51 48 146 175 78 185 66 166 195 58 100 113 178 86 104 181 53 93 43 160 192 69 70 55 196 119 198 128 98 21 115 39 64 0,93 181
PFG_MOEA,153,4,306.31,2495.58,0 131 163 106 40 68 95 172 94 32 41 169 67 191 92 130 90 168 75 80 140 38 82 161 133 158 102 105 49 147 23 183 88 145 174 157 118 170 114 188 138 81 26 10 8 50 71 0,80 105
PFG_MOEA,153,5,306.31,2495.58,0 152 83 153 12 149 177 52 6 63 159 19 139 103 190 45 54 15 87 22 187 57 184 27 89 28 121 110 42 29 164 127 73 3 0,149 190
PFG_MOEA,153,6,306.31,2495.58,0 117 13 79 96 134 186 141 125 154 165 129 16 108 35 150 31 101 25 148 91 193 122 194 37 72 189 197 76 65 176 84 0,91 141
PFG_MOEA,154,1,528.52,2327.53,0 124 156 107 126 36 109 11 167 182 34 112 180 176 197 76 65 84 74 120 142 200 162 56 9 17 85 137 173 60 99 151 116 199 30 144 171 4 46 18 132 14 33 179 111 155 97 123 47 62 135 77 2 24 59 1 44 7 195 58 100 113 178 86 104 166 66 181 53 93 160 43 185 78 175 146 192 69 70 55 196 119 198 128 98 21 115 48 51 0,126 182
PFG_MOEA,154,2,528.52,2327.53,0 39 0,39
PFG_MOEA,154,3,528.52,2327.53,0 64 0,
PFG_MOEA,154,4,528.52,2327.53,0 81 71 50 0,
PFG_MOEA,154,5,528.52,2327.53,0 131 163 106 40 130 92 133 161 82 38 140 80 75 168 90 158 102 105 49 147 23 183 88 145 174 157 118 170 10 8 26 114 188 138 0,92 168
PFG_MOEA,154,6,528.52,2327.53,0 136 20 143 61 5 16 108 35 150 31 101 25 148 91 193 122 194 37 72 189 190 45 87 22 187 57 184 27 89 41 169 67 191 32 94 68 95 172 15 54 103 139 19 159 63 6 52 177 149 12 153 83 129 165 154 125 141 186 152 134 96 79 13 28 121 110 42 29 164 127 73 3 117 0,91 141 187
PFG_MOEA,155,1,264.18,3010.24,0 117 16 108 35 150 37 72 87 22 187 57 172 95 184 27 89 41 32 94 191 133 161 82 38 140 80 75 168 105 102 158 90 67 169 68 152 0,94 168
PFG_MOEA,155,2,264.18,3010.24,0 3 31 101 25 148 91 6 52 177 149 190 45 122 76 65 193 176 84 151 116 199 171 4 46 18 132 144 30 109 107 156 124 0,122 149
PFG_MOEA,155,3,264.18,3010.24,0 126 36 11 167 182 34 112 180 194 189 197 74 120 142 200 162 17 85 137 173 60 99 9 56 111 179 33 14 155 97 123 47 62 135 77 0,
PFG_MOEA,155,4,264.18,3010.24,0 24 59 2 1 44 7 195 58 100 113 178 86 104 166 66 93 181 53 192 160 43 185 78 175 131 163 183 23 147 49 130 92 40 106 0,
PFG_MOEA,155,5,264.18,3010.24,0 136 20 143 61 69 70 55 196 119 198 98 128 10 8 145 88 174 157 118 170 114 188 138 26 81 71 50 39 0,136
PFG_MOEA,155,6,264.18,3010.24,0 51 48 146 21 115 64 127 73 164 29 42 110 121 28 15 54 13 79 96 134 186 141 103 139 19 159 63 154 125 165 153 12 83 129 5 0,21 96
PFG_MOEA,156,1,306.31,2495.58,0 136 20 143 5 61 109 11 36 126 34 112 180 182 167 56 9 137 85 17 162 200 142 120 74 62 135 107 156 124 0,11 126
PFG_MOEA,156,2,306.31,2495.58,0 47 123 97 155 111 179 33 14 132 18 46 4 99 60 173 151 116 199 171 144 30 24 59 1 44 7 2 77 0,99
PFG_MOEA,156,3,306.31,2495.58,0 51 48 146 175 78 185 66 166 195 58 100 113 178 86 104 181 53 93 43 160 192 69 70 55 196 119 198 128 98 21 115 39 64 0,93 181
PFG_MOEA,156,4,306.31,2495.58,0 131 163 106 40 68 95 172 94 32 41 169 67 191 92 130 90 168 75 80 140 38 82 161 133 158 102 105 49 147 23 183 88 145 174 157 118 170 114 188 138 81 26 10 8 50 71 0,80 105
PFG_MOEA,156,5,306.31,2495.58,0 152 83 153 12 149 177 52 6 63 159 19 139 103 190 45 54 15 87 22 187 57 184 27 89 28 121 110 42 29 164 127 73 3 0,149 190
PFG_MOEA,156,6,306.31,2495.58,0 117 13 79 96 134 186 141 125 154 165 129 16 108 35 150 31 101 25 148 91 193 122 194 37 72 189 197 76 65 176 84 0,91 141
PFG_MOEA,157,1,528.52,2327.53,0 124 156 107 126 36 109 11 167 182 34 112 180 176 197 76 65 84 74 120 142 200 162 56 9 17 85 137 173 60 99 151 116 199 30 144 171 4 46 18 132 14 33 179 111 155 97 123 47 62 135 77 2 24 59 1 44 7 195 58 100 113 178 86 104 166 66 181 53 93 160 43 185 78 175 146 192 69 70 55 196 119 198 128 98 21 115 48 51 0,126 182
PFG_MOEA,157,2,528.52,2327.53,0 39 0,39
PFG_MOEA,157,3,528.52,2327.53,0 64 0,
PFG_MOEA,157,4,528.52,2327.53,0 81 71 50 0,
PFG_MOEA,157,5,528.52,2327.53,0 131 163 106 40 130 92 133 161 82 38 140 80 75 168 90 158 102 105 49 147 23 183 88 145 174 157 118 170 10 8 26 114 188 138 0,92 168
PFG_MOEA,157,6,528.52,2327.53,0 136 20 143 61 5 16 108 35 150 31 101 25 148 91 193 122 194 37 72 189 190 45 87 22 187 57 184 27 89 41 169 67 191 32 94 68 95 172 15 54 103 139 19 159 63 6 52 177 149 12 153 83 129 165 154 125 141 186 152 134 96 79 13 28 121 110 42 29 164 127 73 3 117 0,91 141 187
PFG_MOEA,158,1,264.18,3010.24,0 117 16 108 35 150 37 72 87 22 187 57 172 95 184 27 89 41 32 94 191 133 161 82 38 140 80 75 168 105 102 158 90 67 169 68 152 0,94 168
PFG_MOEA,158,2,264.18,3010.24,0 3 31 101 25 148 91 6 52 177 149 190 45 122 76 65 193 176 84 151 116 199 171 4 46 18 132 144 30 109 107 156 124 0,122 149
PFG_MOEA,158,3,264.18,3010.24,0 126 36 11 167 182 34 112 180 194 189 197 74 120 142 200 162 17 85 137 173 60 99 9 56 111 179 33 14 155 97 123 47 62 135 77 0,
PFG_MOEA,158,4,264.18,3010.24,0 24 59 2 1 44 7 195 58 100 113 178 86 104 166 66 93 181 53 192 160 43 185 78 175 131 163 183 23 147 49 130 92 40 106 0,
PFG_MOEA,158,5,264.18,3010.24,0 136 20 143 61 69 70 55 196 119 198 98 128 10 8 145 88 174 157 118 170 114 188 138 26 81 71 50 39 0,136
PFG_MOEA,158,6,264.18,3010.24,0 51 48 146 21 115 64 127 73 164 29 42 110 121 28 15 54 13 79 96 134 186 141 103 139 19 159 63 154 125 165 153 12 83 129 5 0,21 96
PFG_MOEA,159,1,306.31,2495.58,0 136 20 143 5 61 109 11 36 126 34 112 180 182 167 56 9 137 85 17 162 200 142 120 74 62 135 107 156 124 0,11 126
PFG_MOEA,159,2,306.31,2495.58,0 47 123 97 155 111 179 33 14 132 18 46 4 99 60 173 151 116 199 171 144 30 24 59 1 44 7 2 77 0,99
PFG_MOEA,159,3,306.31,2495.58,0 51 48 146 175 78 185 66 166 195 58 100 113 178 86 104 181 53 93 43 160 192 69 70 55 196 119 198 128 98 21 115 39 64 0,93 181
PFG_MOEA,159,4,306.31,2495.58,0 131 163 106 40 68 95 172 94 32 41 169 67 191 92 130 90 168 75 80 140 38 82 161 133 158 102 105 49 147 23 183 88 145 174 157 118 170 114 188 138 81 26 10 8 50 71 0,80 105
PFG_MOEA,159,5,306.31,2495.58,0 152 83 153 12 149 177 52 6 63 159 19 139 103 190 45 54 15 87 22 187 57 184 27 89 28 121 110 42 29 164 127 73 3 0,149 190
PFG_MOEA,159,6,306.31,2495.58,0 117 13 79 96 134 186 141 125 154 165 129 16 108 35 150 31 101 25 148 91 193 122 194 37 72 189 197 76 65 176 84 0,91 141
PFG_MOEA,160,1,528.52,2327.53,0 124 156 107 126 36 109 11 167 182 34 112 180 176 197 76 65 84 74 120 142 200 162 56 9 17 85 137 173 60 99 151 116 199 30 144 171 4 46 18 132 14 33 179 111 155 97 123 47 62 135 77 2 24 59 1 44 7 195 58 100 113 178 86 104 166 66 181 53 93 160 43 185 78 175 146 192 69 70 55 196 119 198 128 98 21 115 48 51 0,126 182
PFG_MOEA,160,2,528.52,2327.53,0 39 0,39
PFG_MOEA,160,3,528.52,2327.53,0 64 0,
PFG_MOEA,160,4,528.52,2327.53,0 81 71 50 0,
PFG_MOEA,160,5,528.52,2327.53,0 131 163 106 40 130 92 133 161 82 38 140 80 75 168 90 158 102 105 49 147 23 183 88 145 174 157 118 170 10 8 26 114 188 138 0,92 168
PFG_MOEA,160,6,528.52,2327.53,0 136 20 143 61 5 16 108 35 150 31 101 25 148 91 193 122 194 37 72 189 190 45 87 22 187 57 184 27 89 41 169 67 191 32 94 68 95 172 15 54 103 139 19 159 63 6 52 177 149 12 153 83 129 165 154 125 141 186 152 134 96 79 13 28 121 110 42 29 164 127 73 3 117 0,91 141 187
PFG_MOEA,161,1,264.18,3010.24,0 117 16 108 35 150 37 72 87 22 187 57 172 95 184 27 89 41 32 94 191 133 161 82 38 140 80 75 168 105 102 158 90 67 169 68 152 0,94 168
PFG_MOEA,161,2,264.18,3010.24,0 3 31 101 25 148 91 6 52 177 149 190 45 122 76 65 193 176 84 151 116 199 171 4 46 18 132 144 30 109 107 156 124 0,122 149
PFG_MOEA,161,3,264.18,3010.24,0 126 36 11 167 182 34 112 180 194 189 197 74 120 142 200 162 17 85 137 173 60 99 9 56 111 179 33 14 155 97 123 47 62 135 77 0,
PFG_MOEA,161,4,264.18,3010.24,0 24 59 2 1 44 7 195 58 100 113 178 86 104 166 66 93 181 53 192 160 43 185 78 175 131 163 183 23 147 49 130 92 40 106 0,
PFG_MOEA,161,5,264.18,3010.24,0 136 20 143 61 69 70 55 196 119 198 98 128 10 8 145 88 174 157 118 170 114 188 138 26 81 71 50 39 0,136
PFG_MOEA,161,6,264.18,3010.24,0 51 48 146 21 115 64 127 73 164 29 42 110 121 28 15 54 13 79 96 134 186 141 103 139 19 159 63 154 125 165 153 12 83 129 5 0,21 96
PFG_MOEA,162,1,306.31,2495.58,0 136 20 143 5 61 109 11 36 126 34 112 180 182 167 56 9 137 85 17 162 200 142 120 74 62 135 107 156 124 0,11 126
PFG_MOEA,162,2,306.31,2495.58,0 47 123 97 155 111 179 33 14 132 18 46 4 99 60 173 151 116 199 171 144 30 24 59 1 44 7 2 77 0,99
PFG_MOEA,162,3,306.31,2495.58,0 51 48 146 175 78 185 66 166 195 58 100 113 178 86 104 181 53 93 43 160 192 69 70 55 196 119 198 128 98 21 115 39 64 0,93 181
PFG_MOEA,162,4,306.31,2495.58,0 131 163 106 40 68 95 172 94 32 41 169 67 191 92 130 90 168 75 80 140 38 82 161 133 158 102 105 49 147 23 183 88 145 174 157 118 170 114 188 138 81 26 10 8 50 71 0,80 105
PFG_MOEA,162,5,306.31,2495.58,0 152 83 153 12 149 177 52 6 63 159 19 139 103 190 45 54 15 87 22 187 57 184 27 89 28 121 110 42 29 164 127 73 3 0,149 190
PFG_MOEA,162,6,306.31,2495.58,0 117 13 79 96 134 186 141 125 154 165 129 16 108 35 150 31 101 25 148 91 193 122 194 37 72 189 197 76 65 176 84 0,91 141
PFG_MOEA,163,1,528.52,2327.53,0 124 156 107 126 36 109 11 167 182 34 112 180 176 197 76 65 84 74 120 142 200 162 56 9 17 85 137 173 60 99 151 116 199 30 144 171 4 46 18 132 14 33 179 111 155 97 123 47 62 135 77 2 24 59 1 44 7 195 58 100 113 178 86 104 166 66 181 53 93 160 43 185 78 175 146 192 69 70 55 196 119 198 128 98 21 115 48 51 0,126 182
PFG_MOEA,163,2,528.52,2327.53,0 39 0,39
PFG_MOEA,163,3,528.52,2327.53,0 64 0,
PFG_MOEA,163,4,528.52,2327.53,0 81 71 50 0,
PFG_MOEA,163,5,528.52,2327.53,0 131 163 106 40 130 92 133 161 82 38 140 80 75 168 90 158 102 105 49 147 23 183 88 145 174 157 118 170 10 8 26 114 188 138 0,92 168
PFG_MOEA,163,6,528.52,2327.53,0 136 20 143 61 5 16 108 35 150 31 101 25 148 91 193 122 194 37 72 189 190 45 87 22 187 57 184 27 89 41 169 67 191 32 94 68 95 172 15 54 103 139 19 159 63 6 52 177 149 12 153 83 129 165 154 125 141 186 152 134 96 79 13 28 121 110 42 29 164 127 73 3 117 0,91 141 187
PFG_MOEA,164,1,264.18,3010.24,0 117 16 108 35 150 37 72 87 22 187 57 172 95 184 27 89 41 32 94 191 133 161 82 38 140 80 75 168 105 102 158 90 67 169 68 152 0,94 168
PFG_MOEA,164,2,264.18,3010.24,0 3 31 101 25 148 91 6 52 177 149 190 45 122 76 65 193 176 84 151 116 199 171 4 46 18 132 144 30 109 107 156 124 0,122 149
PFG_MOEA,164,3,264.18,3010.24,0 126 36 11 167 182 34 112 180 194 189 197 74 120 142 200 162 17 85 137 173 60 99 9 56 111 179 33 14 155 97 123 47 62 135 77 0,
PFG_MOEA,164,4,264.18,3010.24,0 24 59 2 1 44 7 195 58 100 113 178 86 104 166 66 93 181 53 192 160 43 185 78 175 131 163 183 23 147 49 130 92 40 106 0,
PFG_MOEA,164,5,264.18,3010.24,0 136 20 143 61 69 70 55 196 119 198 98 128 10 8 145 88 174 157 118 170 114 188 138 26 81 71 50 39 0,136
PFG_MOEA,164,6,264.18,3010.24,0 51 48 146 21 115 64 127 73 164 29 42 110 121 28 15 54 13 79 96 134 186 141 103 139 19 159 63 154 125 165 153 12 83 129 5 0,21 96
PFG_MOEA,165,1,306.31,2495.58,0 136 20 143 5 61 109 11 36 126 34 112 180 182 167 56 9 137 85 17 162 200 142 120 74 62 135 107 156 124 0,11 126
PFG_MOEA,165,2,306.31,2495.58,0 47 123 97 155 111 179 33 14 132 18 46 4 99 60 173 151 116 199 171 144 30 24 59 1 44 7 2 77 0,99
PFG_MOEA,165,3,306.31,2495.58,0 51 48 146 175 78 185 66 166 195 58 100 113 178 86 104 181 53 93 43 160 192 69 70 55 196 119 198 128 98 21 115 39 64 0,93 181
PFG_MOEA,165,4,306.31,2495.58,0 131 163 106 40 68 95 172 94 32 41 169 67 191 92 130 90 168 75 80 140 38 82 161 133 158 102 105 49 147 23 183 88 145 174 157 118 170 114 188 138 81 26 10 8 50 71 0,80 105
PFG_MOEA,165,5,306.31,2495.58,0 152 83 153 12 149 177 52 6 63 159 19 139 103 190 45 54 15 87 22 187 57 184 27 89 28 121 110 42 29 164 127 73 3 0,149 190
PFG_MOEA,165,6,306.31,2495.58,0 117 13 79 96 134 186 141 125 154 165 129 16 108 35 150 31 101 25 148 91 193 122 194 37 72 189 197 76 65 176 84 0,91 141
PFG_MOEA,166,1,528.52,2327.53,0 124 156 107 126 36 109 11 167 182 34 112 180 176 197 76 65 84 74 120 142 200 162 56 9 17 85 137 173 60 99 151 116 199 30 144 171 4 46 18 132 14 33 179 111 155 97 123 47 62 135 77 2 24 59 1 44 7 195 58 100 113 178 86 104 166 66 181 53 93 160 43 185 78 175 146 192 69 70 55 196 119 198 128 98 21 115 48 51 0,126 182
PFG_MOEA,166,2,528.52,2327.53,0 39 0,39
PFG_MOEA,166,3,528.52,2327.53,0 64 0,
PFG_MOEA,166,4,528.52,2327.53,0 81 71 50 0,
PFG_MOEA,166,5,528.52,2327.53,0 131 163 106 40 130 92 133 161 82 38 140 80 75 168 90 158 102 105 49 147 23 183 88 145 174 157 118 170 10 8 26 114 188 138 0,92 168
PFG_MOEA,166,6,528.52,2327.53,0 136 20 143 61 5 16 108 35 150 31 101 25 148 91 193 122 194 37 72 189 190 45 87 22 187 57 184 27 89 41 169 67 191 32 94 68 95 172 15 54 103 139 19 159 63 6 52 177 149 12 153 83 129 165 154 125 141 186 152 134 96 79 13 28 121 110 42 29 164 127 73 3 117 0,91 141 187
PFG_MOEA,167,1,264.18,3010.24,0 117 16 108 35 150 37 72 87 22 187 57 172 95 184 27 89 41 32 94 191 133 161 82 38 140 80 75 168 105 102 158 90 67 169 68 152 0,94 168
PFG_MOEA,167,2,264.18,3010.24,0 3 31 101 25 148 91 6 52 177 149 190 45 122 76 65 193 176 84 151 116 199 171 4 46 18 132 144 30 109 107 156 124 0,122 149
PFG_MOEA,167,3,264.18,3010.24,0 126 36 11 167 182 34 112 180 194 189 197 74 120 142 200 162 17 85 137 173 60 99 9 56 111 179 33 14 155 97 123 47 62 135 77 0,
PFG_MOEA,167,4,264.18,3010.24,0 24 59 2 1 44 7 195 58 100 113 178 86 104 166 66 93 181 53 192 160 43 185 78 175 131 163 183 23 147 49 130 92 40 106 0,
PFG_MOEA,167,5,264.18,3010.24,0 136 20 143 61 69 70 55 196 119 198 98 128 10 8 145 88 174 157 118 170 114 188 138 26 81 71 50 39 0,136
PFG_MOEA,167,6,264.18,3010.24,0 51 48 146 21 115 64 127 73 164 29 42 110 121 28 15 54 13 79 96 134 186 141 103 139 19 159 63 154 125 165 153 12 83 129 5 0,21 96
PFG_MOEA,168,1,306.31,2495.58,0 136 20 143 5 61 109 11 36 126 34 112 180 182 167 56 9 137 85 17 162 200 142 120 74 62 135 107 156 124 0,11 126
PFG_MOEA,168,2,306.31,2495.58,0 47 123 97 155 111 179 33 14 132 18 46 4 99 60 173 151 116 199 171 144 30 24 59 1 44 7 2 77 0,99
PFG_MOEA,168,3,306.31,2495.58,0 51 48 146 175 78 185 66 166 195 58 100 113 178 86 104 181 53 93 43 160 192 69 70 55 196 119 198 128 98 21 115 39 64 0,93 181
PFG_MOEA,168,4,306.31,2495.58,0 131 163 106 40 68 95 172 94 32 41 169 67 191 92 130 90 168 75 80 140 38 82 161 133 158 102 105 49 147 23 183 88 145 174 157 118 170 114 188 138 81 26 10 8 50 71 0,80 105
PFG_MOEA,168,5,306.31,2495.58,0 152 83 153 12 149 177 52 6 63 159 19 139 103 190 45 54 15 87 22 187 57 184 27 89 28 121 110 42 29 164 127 73 3 0,149 190
PFG_MOEA,168,6,306.31,2495.58,0 117 13 79 96 134 186 141 125 154 165 129 16 108 35 150 31 101 25 148 91 193 122 194 37 72 189 197 76 65 176 84 0,91 141
PFG_MOEA,169,1,528.52,2327.53,0 124 156 107 126 36 109 11 167 182 34 112 180 176 197 76 65 84 74 120 142 200 162 56 9 17 85 137 173 60 99 151 116 199 30 144 171 4 46 18 132 14 33 179 111 155 97 123 47 62 135 77 2 24 59 1 44 7 195 58 100 113 178 86 104 166 66 181 53 93 160 43 185 78 175 146 192 69 70 55 196 119 198 128 98 21 115 48 51 0,126 182
PFG_MOEA,169,2,528.52,2327.53,0 39 0,39
PFG_MOEA,169,3,528.52,2327.53,0 64 0,
PFG_MOEA,169,4,528.52,2327.53,0 81 71 50 0,
PFG_MOEA,169,5,528.52,2327.53,0 131 163 106 40 130 92 133 161 82 38 140 80 75 168 90 158 102 105 49 147 23 183 88 145 174 157 118 170 10 8 26 114 188 138 0,92 168
PFG_MOEA,169,6,528.52,2327.53,0 136 20 143 61 5 16 108 35 150 31 101 25 148 91 193 122 194 37 72 189 190 45 87 22 187 57 184 27 89 41 169 67 191 32 94 68 95 172 15 54 103 139 19 159 63 6 52 177 149 12 153 83 129 165 154 125 141 186 152 134 96 79 13 28 121 110 42 29 164 127 73 3 117 0,91 141 187
PFG_MOEA,170,1,264.18,3010.24,0 117 16 108 35 150 37 72 87 22 187 57 172 95 184 27 89 41 32 94 191 133 161 82 38 140 80 75 168 105 102 158 90 67 169 68 152 0,94 168
PFG_MOEA,170,2,264.18,3010.24,0 3 31 101 25 148 91 6 52 177 149 190 45 122 76 65 193 176 84 151 116 199 171 4 46 18 132 144 30 109 107 156 124 0,122 149
PFG_MOEA,170,3,264.18,3010.24,0 126 36 11 167 182 34 112 180 194 189 197 74 120 142 200 162 17 85 137 173 60 99 9 56 111 179 33 14 155 97 123 47 62 135 77 0,
PFG_MOEA,170,4,264.18,3010.24,0 24 59 2 1 44 7 195 58 100 113 178 86 104 166 66 93 181 53 192 160 43 185 78 175 131 163 183 23 147 49 130 92 40 106 0,
PFG_MOEA,170,5,264.18,3010.24,0 136 20 143 61 69 70 55 196 119 198 98 128 10 8 145 88 174 157 118 170 114 188 138 26 81 71 50 39 0,136
PFG_MOEA,170,6,264.18,3010.24,0 51 48 146 21 115 64 127 73 164 29 42 110 121 28 15 54 13 79 96 134 186 141 103 139 19 159 63 154 125 165 153 12 83 129 5 0,21 96
PFG_MOEA,171,1,306.31,2495.58,0 136 20 143 5 61 109 11 36 126 34 112 180 182 167 56 9 137 85 17 162 200 142 120 74 62 135 107 156 124 0,11 126
PFG_MOEA,171,2,306.31,2495.58,0 47 123 97 155 111 179 33 14 132 18 46 4 99 60 173 151 116 199 171 144 30 24 59 1 44 7 2 77 0,99
PFG_MOEA,171,3,306.31,2495.58,0 51 48 146 175 78 185 66 166 195 58 100 113 178 86 104 181 53 93 43 160 192 69 70 55 196 119 198 128 98 21 115 39 64 0,93 181
PFG_MOEA,171,4,306.31,2495.58,0 131 163 106 40 68 95 172 94 32 41 169 67 191 92 130 90 168 75 80 140 38 82 161 133 158 102 105 49 147 23 183 88 145 174 157 118 170 114 188 138 81 26 10 8 50 71 0,80 105
PFG_MOEA,171,5,306.31,2495.58,0 152 83 153 12 149 177 52 6 63 159 19 139 103 190 45 54 15 87 22 187 57 184 27 89 28 121 110 42 29 164 127 73 3 0,149 190
PFG_MOEA,171,6,306.31,2495.58,0 117 13 79 96 134 186 141 125 154 165 129 16 108 35 150 31 101 25 148 91 193 122 194 37 72 189 197 76 65 176 84 0,91 141
PFG_MOEA,172,1,528.52,2327.53,0 124 156 107 126 36 109 11 167 182 34 112 180 176 197 76 65 84 74 120 142 200 162 56 9 17 85 137 173 60 99 151 116 199 30 144 171 4 46 18 132 14 33 179 111 155 97 123 47 62 135 77 2 24 59 1 44 7 195 58 100 113 178 86 104 166 66 181 53 93 160 43 185 78 175 146 192 69 70 55 196 119 198 128 98 21 115 48 51 0,126 182
PFG_MOEA,172,2,528.52,2327.53,0 39 0,39
PFG_MOEA,172,3,528.52,2327.53,0 64 0,
PFG_MOEA,172,4,528.52,2327.53,0 81 71 50 0,
PFG_MOEA,172,5,528.52,2327.53,0 131 163 106 40 130 92 133 161 82 38 140 80 75 168 90 158 102 105 49 147 23 183 88 145 174 157 118 170 10 8 26 114 188 138 0,92 168
PFG_MOEA,172,6,528.52,2327.53,0 136 20 143 61 5 16 108 35 150 31 101 25 148 91 193 122 194 37 72 189 190 45 87 22 187 57 184 27 89 41 169 67 191 32 94 68 95 172 15 54 103 139 19 159 63 6 52 177 149 12 153 83 129 165 154 125 141 186 152 134 96 79 13 28 121 110 42 29 164 127 73 3 117 0,91 141 187
PFG_MOEA,173,1,264.18,3010.24,0 117 16 108 35 150 37 72 87 22 187 57 172 95 184 27 89 41 32 94 191 133 161 82 38 140 80 75 168 105 102 158 90 67 169 68 152 0,94 168
PFG_MOEA,173,2,264.18,3010.24,0 3 31 101 25 148 91 6 52 177 149 190 45 122 76 65 193 176 84 151 116 199 171 4 46 18 132 144 30 109 107 156 124 0,122 149
PFG_MOEA,173,3,264.18,3010.24,0 126 36 11 167 182 34 112 180 194 189 197 74 120 142 200 162 17 85 137 173 60 99 9 56 111 179 33 14 155 97 123 47 62 135 77 0,
PFG_MOEA,173,4,264.18,3010.24,0 24 59 2 1 44 7 195 58 100 113 178 86 104 166 66 93 181 53 192 160 43 185 78 175 131 163 183 23 147 49 130 92 40 106 0,
PFG_MOEA,173,5,264.18,3010.24,0 136 20 143 61 69 70 55 196 119 198 98 128 10 8 145 88 174 157 118 170 114 188 138 26 81 71 50 39 0,136
PFG_MOEA,173,6,264.18,3010.24,0 51 48 146 21 115 64 127 73 164 29 42 110 121 28 15 54 13 79 96 134 186 141 103 139 19 159 63 154 125 165 153 12 83 129 5 0,21 96
PFG_MOEA,174,1,306.31,2495.58,0 136 20 143 5 61 109 11 36 126 34 112 180 182 167 56 9 137 85 17 162 200 142 120 74 62 135 107 156 124 0,11 126
PFG_MOEA,174,2,306.31,2495.58,0 47 123 97 155 111 179 33 14 132 18 46 4 99 60 173 151 116 199 171 144 30 24 59 1 44 7 2 77 0,99
PFG_MOEA,174,3,306.31,2495.58,0 51 48 146 175 78 185 66 166 195 58 100 113 178 86 104 181 53 93 43 160 192 69 70 55 196 119 198 128 98 21 115 39 64 0,93 181
PFG_MOEA,174,4,306.31,2495.58,0 131 163 106 40 68 95 172 94 32 41 169 67 191 92 130 90 168 75 80 140 38 82 161 133 158 102 105 49 147 23 183 88 145 174 157 118 170 114 188 138 81 26 10 8 50 71 0,80 105
PFG_MOEA,174,5,306.31,2495.58,0 152 83 153 12 149 177 52 6 63 159 19 139 103 190 45 54 15 87 22 187 57 184 27 89 28 121 110 42 29 164 127 73 3 0,149 190
PFG_MOEA,174,6,306.31,2495.58,0 117 13 79 96 134 186 141 125 154 165 129 16 108 35 150 31 101 25 148 91 193 122 194 37 72 189 197 76 65 176 84 0,91 141
PFG_MOEA,175,1,528.52,2327.53,0 124 156 107 126 36 109 11 167 182 34 112 180 176 197 76 65 84 74 120 142 200 162 56 9 17 85 137 173 60 99 151 116 199 30 144 171 4 46 18 132 14 33 179 111 155 97 123 47 62 135 77 2 24 59 1 44 7 195 58 100 113 178 86 104 166 66 181 53 93 160 43 185 78 175 146 192 69 70 55 196 119 198 128 98 21 115 48 51 0,126 182
PFG_MOEA,175,2,528.52,2327.53,0 39 0,39
PFG_MOEA,175,3,528.52,2327.53,0 64 0,
PFG_MOEA,175,4,528.52,2327.53,0 81 71 50 0,
PFG_MOEA,175,5,528.52,2327.53,0 131 163 106 40 130 92 133 161 82 38 140 80 75 168 90 158 102 105 49 147 23 183 88 145 174 157 118 170 10 8 26 114 188 138 0,92 168
PFG_MOEA,175,6,528.52,2327.53,0 136 20 143 61 5 16 108 35 150 31 101 25 148 91 193 122 194 37 72 189 190 45 87 22 187 57 184 27 89 41 169 67 191 32 94 68 95 172 15 54 103 139 19 159 63 6 52 177 149 12 153 83 129 165 154 125 141 186 152 134 96 79 13 28 121 110 42 29 164 127 73 3 117 0,91 141 187
PFG_MOEA,176,1,264.18,3010.24,0 117 16 108 35 150 37 72 87 22 187 57 172 95 184 27 89 41 32 94 191 133 161 82 38 140 80 75 168 105 102 158 90 67 169 68 152 0,94 168
PFG_MOEA,176,2,264.18,3010.24,0 3 31 101 25 148 91 6 52 177 149 190 45 122 76 65 193 176 84 151 116 199 171 4 46 18 132 144 30 109 107 156 124 0,122 149
PFG_MOEA,176,3,264.18,3010.24,0 126 36 11 167 182 34 112 180 194 189 197 74 120 142 200 162 17 85 137 173 60 99 9 56 111 179 33 14 155 97 123 47 62 135 77 0,
PFG_MOEA,176,4,264.18,3010.24,0 24 59 2 1 44 7 195 58 100 113 178 86 104 166 66 93 181 53 192 160 43 185 78 175 131 163 183 23 147 49 130 92 40 106 0,
PFG_MOEA,176,5,264.18,3010.24,0 136 20 143 61 69 70 55 196 119 198 98 128 10 8 145 88 174 157 118 170 114 188 138 26 81 71 50 39 0,136
PFG_MOEA,176,6,264.18,3010.24,0 51 48 146 21 115 64 127 73 164 29 42 110 121 28 15 54 13 79 96 134 186 141 103 139 19 159 63 154 125 165 153 12 83 129 5 0,21 96
PFG_MOEA,177,1,306.31,2495.58,0 136 20 143 5 61 109 11 36 126 34 112 180 182 167 56 9 137 85 17 162 200 142 120 74 62 135 107 156 124 0,11 126
PFG_MOEA,177,2,306.31,2495.58,0 47 123 97 155 111 179 33 14 132 18 46 4 99 60 173 151 116 199 171 144 30 24 59 1 44 7 2 77 0,99
PFG_MOEA,177,3,306.31,2495.58,0 51 48 146 175 78 185 66 166 195 58 100 113 178 86 104 181 53 93 43 160 192 69 70 55 196 119 198 128 98 21 115 39 64 0,93 181
PFG_MOEA,177,4,306.31,2495.58,0 131 163 106 40 68 95 172 94 32 41 169 67 191 92 130 90 168 75 80 140 38 82 161 133 158 102 105 49 147 23 183 88 145 174 157 118 170 114 188 138 81 26 10 8 50 71 0,80 105
PFG_MOEA,177,5,306.31,2495.58,0 152 83 153 12 149 177 52 6 63 159 19 139 103 190 45 54 15 87 22 187 57 184 27 89 28 121 110 42 29 164 127 73 3 0,149 190
PFG_MOEA,177,6,306.31,2495.58,0 117 13 79 96 134 186 141 125 154 165 129 16 108 35 150 31 101 25 148 91 193 122 194 37 72 189 197 76 65 176 84 0,91 141
PFG_MOEA,178,1,528.52,2327.53,0 124 156 107 126 36 109 11 167 182 34 112 180 176 197 76 65 84 74 120 142 200 162 56 9 17 85 137 173 60 99 151 116 199 30 144 171 4 46 18 132 14 33 179 111 155 97 123 47 62 135 77 2 24 59 1 44 7 195 58 100 113 178 86 104 166 66 181 53 93 160 43 185 78 175 146 192 69 70 55 196 119 198 128 98 21 115 48 51 0,126 182
PFG_MOEA,178,2,528.52,2327.53,0 39 0,39
PFG_MOEA,178,3,528.52,2327.53,0 64 0,
PFG_MOEA,178,4,528.52,2327.53,0 81 71 50 0,
PFG_MOEA,178,5,528.52,2327.53,0 131 163 106 40 130 92 133 161 82 38 140 80 75 168 90 158 102 105 49 147 23 183 88 145 174 157 118 170 10 8 26 114 188 138 0,92 168
PFG_MOEA,178,6,528.52,2327.53,0 136 20 143 61 5 16 108 35 150 31 101 25 148 91 193 122 194 37 72 189 190 45 87 22 187 57 184 27 89 41 169 67 191 32 94 68 95 172 15 54 103 139 19 159 63 6 52 177 149 12 153 83 129 165 154 125 141 186 152 134 96 79 13 28 121 110 42 29 164 127 73 3 117 0,91 141 187
PFG_MOEA,179,1,264.18,3010.24,0 117 16 108 35 150 37 72 87 22 187 57 172 95 184 27 89 41 32 94 191 133 161 82 38 140 80 75 168 105 102 158 90 67 169 68 152 0,94 168
PFG_MOEA,179,2,264.18,3010.24,0 3 31 101 25 148 91 6 52 177 149 190 45 122 76 65 193 176 84 151 116 199 171 4 46 18 132 144 30 109 107 156 124 0,122 149
PFG_MOEA,179,3,264.18,3010.24,0 126 36 11 167 182 34 112 180 194 189 197 74 120 142 200 162 17 85 137 173 60 99 9 56 111 179 33 14 155 97 123 47 62 135 77 0,
PFG_MOEA,179,4,264.18,3010.24,0 24 59 2 1 44 7 195 58 100 113 178 86 104 166 66 93 181 53 192 160 43 185 78 175 131 163 183 23 147 49 130 92 40 106 0,
PFG_MOEA,179,5,264.18,3010.24,0 136 20 143 61 69 70 55 196 119 198 98 128 10 8 145 88 174 157 118 170 114 188 138 26 81 71 50 39 0,136
PFG_MOEA,179,6,264.18,3010.24,0 51 48 146 21 115 64 127 73 164 29 42 110 121 28 15 54 13 79 96 134 186 141 103 139 19 159 63 154 125 165 153 12 83 129 5 0,21 96
PFG_MOEA,180,1,306.31,2495.58,0 136 20 143 5 61 109 11 36 126 34 112 180 182 167 56 9 137 85 17 162 200 142 120 74 62 135 107 156 124 0,11 126
PFG_MOEA,180,2,306.31,2495.58,0 47 123 97 155 111 179 33 14 132 18 46 4 99 60 173 151 116 199 171 144 30 24 59 1 44 7 2 77 0,99
PFG_MOEA,180,3,306.31,2495.58,0 51 48 146 175 78 185 66 166 195 58 100 113 178 86 104 181 53 93 43 160 192 69 70 55 196 119 198 128 98 21 115 39 64 0,93 181
PFG_MOEA,180,4,306.31,2495.58,0 131 163 106 40 68 95 172 94 32 41 169 67 191 92 130 90 168 75 80 140 38 82 161 133 158 102 105 49 147 23 183 88 145 174 157 118 170 114 188 138 81 26 10 8 50 71 0,80 105
PFG_MOEA,180,5,306.31,2495.58,0 152 83 153 12 149 177 52 6 63 159 19 139 103 190 45 54 15 87 22 187 57 184 27 89 28 121 110 42 29 164 127 73 3 0,149 190
PFG_MOEA,180,6,306.31,2495.58,0 117 13 79 96 134 186 141 125 154 165 129 16 108 35 150 31 101 25 148 91 193 122 194 37 72 189 197 76 65 176 84 0,91 141
PFG_MOEA,181,1,528.52,2327.53,0 124 156 107 126 36 109 11 167 182 34 112 180 176 197 76 65 84 74 120 142 200 162 56 9 17 85 137 173 60 99 151 116 199 30 144 171 4 46 18 132 14 33 179 111 155 97 123 47 62 135 77 2 24 59 1 44 7 195 58 100 113 178 86 104 166 66 181 53 93 160 43 185 78 175 146 192 69 70 55 196 119 198 128 98 21 115 48 51 0,126 182
PFG_MOEA,181,2,528.52,2327.53,0 39 0,39
PFG_MOEA,181,3,528.52,2327.53,0 64 0,
PFG_MOEA,181,4,528.52,2327.53,0 81 71 50 0,
PFG_MOEA,181,5,528.52,2327.53,0 131 163 106 40 130 92 133 161 82 38 140 80 75 168 90 158 102 105 49 147 23 183 88 145 174 157 118 170 10 8 26 114 188 138 0,92 168
PFG_MOEA,181,6,528.52,2327.53,0 136 20 143 61 5 16 108 35 150 31 101 25 148 91 193 122 194 37 72 189 190 45 87 22 187 57 184 27 89 41 169 67 191 32 94 68 95 172 15 54 103 139 19 159 63 6 52 177 149 12 153 83 129 165 154 125 141 186 152 134 96 79 13 28 121 110 42 29 164 127 73 3 117 0,91 141 187
PFG_MOEA,182,1,264.18,3010.24,0 117 16 108 35 150 37 72 87 22 187 57 172 95 184 27 89 41 32 94 191 133 161 82 38 140 80 75 168 105 102 158 90 67 169 68 152 0,94 168
PFG_MOEA,182,2,264.18,3010.24,0 3 31 101 25 148 91 6 52 177 149 190 45 122 76 65 193 176 84 151 116 199 171 4 46 18 132 144 30 109 107 156 124 0,122 149
PFG_MOEA,182,3,264.18,3010.24,0 126 36 11 167 182 34 112 180 194 189 197 74 120 142 200 162 17 85 137 173 60 99 9 56 111 179 33 14 155 97 123 47 62 135 77 0,
PFG_MOEA,182,4,264.18,3010.24,0 24 59 2 1 44 7 195 58 100 113 178 86 104 166 66 93 181 53 192 160 43 185 78 175 131 163 183 23 147 49 130 92 40 106 0,
PFG_MOEA,182,5,264.18,3010.24,0 136 20 143 61 69 70 55 196 119 198 98 128 10 8 145 88 174 157 118 170 114 188 138 26 81 71 50 39 0,136
PFG_MOEA,182,6,264.18,3010.24,0 51 48 146 21 115 64 127 73 164 29 42 110 121 28 15 54 13 79 96 134 186 141 103 139 19 159 63 154 125 165 153 12 83 129 5 0,21 96
PFG_MOEA,183,1,306.31,2495.58,0 136 20 143 5 61 109 11 36 126 34 112 180 182 167 56 9 137 85 17 162 200 142 120 74 62 135 107 156 124 0,11 126
PFG_MOEA,183,2,306.31,2495.58,0 47 123 97 155 111 179 33 14 132 18 46 4 99 60 173 151 116 199 171 144 30 24 59 1 44 7 2 77 0,99
PFG_MOEA,183,3,306.31,2495.58,0 51 48 146 175 78 185 66 166 195 58 100 113 178 86 104 181 53 93 43 160 192 69 70 55 196 119 198 128 98 21 115 39 64 0,93 181
PFG_MOEA,183,4,306.31,2495.58,0 131 163 106 40 68 95 172 94 32 41 169 67 191 92 130 90 168 75 80 140 38 82 161 133 158 102 105 49 147 23 183 88 145 174 157 118 170 114 188 138 81 26 10 8 50 71 0,80 105
PFG_MOEA,183,5,306.31,2495.58,0 152 83 153 12 149 177 52 6 63 159 19 139 103 190 45 54 15 87 22 187 57 184 27 89 28 121 110 42 29 164 127 73 3 0,149 190
PFG_MOEA,183,6,306.31,2495.58,0 117 13 79 96 134 186 141 125 154 165 129 16 108 35 150 31 101 25 148 91 193 122 194 37 72 189 197 76 65 176 84 0,91 141
PFG_MOEA,184,1,528.52,2327.53,0 124 156 107 126 36 109 11 167 182 34 112 180 176 197 76 65 84 74 120 142 200 162 56 9 17 85 137 173 60 99 151 116 199 30 144 171 4 46 18 132 14 33 179 111 155 97 123 47 62 135 77 2 24 59 1 44 7 195 58 100 113 178 86 104 166 66 181 53 93 160 43 185 78 175 146 192 69 70 55 196 119 198 128 98 21 115 48 51 0,126 182
PFG_MOEA,184,2,528.52,2327.53,0 39 0,39
PFG_MOEA,184,3,528.52,2327.53,0 64 0,
PFG_MOEA,184,4,528.52,2327.53,0 81 71 50 0,
PFG_MOEA,184,5,528.52,2327.53,0 131 163 106 40 130 92 133 161 82 38 140 80 75 168 90 158 102 105 49 147 23 183 88 145 174 157 118 170 10 8 26 114 188 138 0,92 168
PFG_MOEA,184,6,528.52,2327.53,0 136 20 143 61 5 16 108 35 150 31 101 25 148 91 193 122 194 37 72 189 190 45 87 22 187 57 184 27 89 41 169 67 191 32 94 68 95 172 15 54 103 139 19 159 63 6 52 177 149 12 153 83 129 165 154 125 141 186 152 134 96 79 13 28 121 110 42 29 164 127 73 3 117 0,91 141 187
PFG_MOEA,185,1,264.18,3010.24,0 117 16 108 35 150 37 72 87 22 187 57 172 95 184 27 89 41 32 94 191 133 161 82 38 140 80 75 168 105 102 158 90 67 169 68 152 0,94 168
PFG_MOEA,185,2,264.18,3010.24,0 3 31 101 25 148 91 6 52 177 149 190 45 122 76 65 193 176 84 151 116 199 171 4 46 18 132 144 30 109 107 156 124 0,122 149
PFG_MOEA,185,3,264.18,3010.24,0 126 36 11 167 182 34 112 180 194 189 197 74 120 142 200 162 17 85 137 173 60 99 9 56 111 179 33 14 155 97 123 47 62 135 77 0,
PFG_MOEA,185,4,264.18,3010.24,0 24 59 2 1 44 7 195 58 100 113 178 86 104 166 66 93 181 53 192 160 43 185 78 175 131 163 183 23 147 49 130 92 40 106 0,
PFG_MOEA,185,5,264.18,3010.24,0 136 20 143 61 69 70 55 196 119 198 98 128 10 8 145 88 174 157 118 170 114 188 138 26 81 71 50 39 0,136
PFG_MOEA,185,6,264.18,3010.24,0 51 48 146 21 115 64 127 73 164 29 42 110 121 28 15 54 13 79 96 134 186 141 103 139 19 159 63 154 125 165 153 12 83 129 5 0,21 96
PFG_MOEA,186,1,306.31,2495.58,0 136 20 143 5 61 109 11 36 126 34 112 180 182 167 56 9 137 85 17 162 200 142 120 74 62 135 107 156 124 0,11 126
PFG_MOEA,186,2,306.31,2495.58,0 47 123 97 155 111 179 33 14 132 18 46 4 99 60 173 151 116 199 171 144 30 24 59 1 44 7 2 77 0,99
PFG_MOEA,186,3,306.31,2495.58,0 51 48 146 175 78 185 66 166 195 58 100 113 178 86 104 181 53 93 43 160 192 69 70 55 196 119 198 128 98 21 115 39 64 0,93 181
PFG_MOEA,186,4,306.31,2495.58,0 131 163 106 40 68 95 172 94 32 41 169 67 191 92 130 90 168 75 80 140 38 82 161 133 158 102 105 49 147 23 183 88 145 174 157 118 170 114 188 138 81 26 10 8 50 71 0,80 105
PFG_MOEA,186,5,306.31,2495.58,0 152 83 153 12 149 177 52 6 63 159 19 139 103 190 45 54 15 87 22 187 57 184 27 89 28 121 110 42 29 164 127 73 3 0,149 190
PFG_MOEA,186,6,306.31,2495.58,0 117 13 79 96 134 186 141 125 154 165 129 16 108 35 150 31 101 25 148 91 193 122 194 37 72 189 197 76 65 176 84 0,91 141
PFG_MOEA,187,1,528.52,2327.53,0 124 156 107 126 36 109 11 167 182 34 112 180 176 197 76 65 84 74 120 142 200 162 56 9 17 85 137 173 60 99 151 116 199 30 144 171 4 46 18 132 14 33 179 111 155 97 123 47 62 135 77 2 24 59 1 44 7 195 58 100 113 178 86 104 166 66 181 53 93 160 43 185 78 175 146 192 69 70 55 196 119 198 128 98 21 115 48 51 0,126 182
PFG_MOEA,187,2,528.52,2327.53,0 39 0,39
PFG_MOEA,187,3,528.52,2327.53,0 64 0,
PFG_MOEA,187,4,528.52,2327.53,0 81 71 50 0,
PFG_MOEA,187,5,528.52,2327.53,0 131 163 106 40 130 92 133 161 82 38 140 80 75 168 90 158 102 105 49 147 23 183 88 145 174 157 118 170 10 8 26 114 188 138 0,92 168
PFG_MOEA,187,6,528.52,2327.53,0 136 20 143 61 5 16 108 35 150 31 101 25 148 91 193 122 194 37 72 189 190 45 87 22 187 57 184 27 89 41 169 67 191 32 94 68 95 172 15 54 103 139 19 159 63 6 52 177 149 12 153 83 129 165 154 125 141 186 152 134 96 79 13 28 121 110 42 29 164 127 73 3 117 0,91 141 187
PFG_MOEA,188,1,264.18,3010.24,0 117 16 108 35 150 37 72 87 22 187 57 172 95 184 27 89 41 32 94 191 133 161 82 38 140 80 75 168 105 102 158 90 67 169 68 152 0,94 168
PFG_MOEA,188,2,264.18,3010.24,0 3 31 101 25 148 91 6 52 177 149 190 45 122 76 65 193 176 84 151 116 199 171 4 46 18 132 144 30 109 107 156 124 0,122 149
PFG_MOEA,188,3,264.18,3010.24,0 126 36 11 167 182 34 112 180 194 189 197 74 120 142 200 162 17 85 137 173 60 99 9 56 111 179 33 14 155 97 123 47 62 135 77 0,
PFG_MOEA,188,4,264.18,3010.24,0 24 59 2 1 44 7 195 58 100 113 178 86 104 166 66 93 181 53 192 160 43 185 78 175 131 163 183 23 147 49 130 92 40 106 0,
PFG_MOEA,188,5,264.18,3010.24,0 136 20 143 61 69 70 55 196 119 198 98 128 10 8 145 88 174 157 118 170 114 188 138 26 81 71 50 39 0,136
PFG_MOEA,188,6,264.18,3010.24,0 51 48 146 21 115 64 127 73 164 29 42 110 121 28 15 54 13 79 96 134 186 141 103 139 19 159 63 154 125 165 153 12 83 129 5 0,21 96
PFG_MOEA,189,1,306.31,2495.58,0 136 20 143 5 61 109 11 36 126 34 112 180 182 167 56 9 137 85 17 162 200 142 120 74 62 135 107 156 124 0,11 126
PFG_MOEA,189,2,306.31,2495.58,0 47 123 97 155 111 179 33 14 132 18 46 4 99 60 173 151 116 199 171 144 30 24 59 1 44 7 2 77 0,99
PFG_MOEA,189,3,306.31,2495.58,0 51 48 146 175 78 185 66 166 195 58 100 113 178 86 104 181 53 93 43 160 192 69 70 55 196 119 198 128 98 21 115 39 64 0,93 181
PFG_MOEA,189,4,306.31,2495.58,0 131 163 106 40 68 95 172 94 32 41 169 67 191 92 130 90 168 75 80 140 38 82 161 133 158 102 105 49 147 23 183 88 145 174 157 118 170 114 188 138 81 26 10 8 50 71 0,80 105
PFG_MOEA,189,5,306.31,2495.58,0 152 83 153 12 149 177 52 6 63 159 19 139 103 190 45 54 15 87 22 187 57 184 27 89 28 121 110 42 29 164 127 73 3 0,149 190
PFG_MOEA,189,6,306.31,2495.58,0 117 13 79 96 134 186 141 125 154 165 129 16 108 35 150 31 101 25 148 91 193 122 194 37 72 189 197 76 65 176 84 0,91 141
PFG_MOEA,190,1,528.52,2327.53,0 124 156 107 126 36 109 11 167 182 34 112 180 176 197 76 65 84 74 120 142 200 162 56 9 17 85 137 173 60 99 151 116 199 30 144 171 4 46 18 132 14 33 179 111 155 97 123 47 62 135 77 2 24 59 1 44 7 195 58 100 113 178 86 104 166 66 181 53 93 160 43 185 78 175 146 192 69 70 55 196 119 198 128 98 21 115 48 51 0,126 182
PFG_MOEA,190,2,528.52,2327.53,0 39 0,39
PFG_MOEA,190,3,528.52,2327.53,0 64 0,
PFG_MOEA,190,4,528.52,2327.53,0 81 71 50 0,
PFG_MOEA,190,5,528.52,2327.53,0 131 163 106 40 130 92 133 161 82 38 140 80 75 168 90 158 102 105 49 147 23 183 88 145 174 157 118 170 10 8 26 114 188 138 0,92 168
PFG_MOEA,190,6,528.52,2327.53,0 136 20 143 61 5 16 108 35 150 31 101 25 148 91 193 122 194 37 72 189 190 45 87 22 187 57 184 27 89 41 169 67 191 32 94 68 95 172 15 54 103 139 19 159 63 6 52 177 149 12 153 83 129 165 154 125 141 186 152 134 96 79 13 28 121 110 42 29 164 127 73 3 117 0,91 141 187
PFG_MOEA,191,1,264.18,3010.24,0 117 16 108 35 150 37 72 87 22 187 57 172 95 184 27 89 41 32 94 191 133 161 82 38 140 80 75 168 105 102 158 90 67 169 68 152 0,94 168
PFG_MOEA,191,2,264.18,3010.24,0 3 31 101 25 148 91 6 52 177 149 190 45 122 76 65 193 176 84 151 116 199 171 4 46 18 132 144 30 109 107 156 124 0,122 149
PFG_MOEA,191,3,264.18,3010.24,0 126 36 11 167 182 34 112 180 194 189 197 74 120 142 200 162 17 85 137 173 60 99 9 56 111 179 33 14 155 97 123 47 62 135 77 0,
PFG_MOEA,191,4,264.18,3010.24,0 24 59 2 1 44 7 195 58 100 113 178 86 104 166 66 93 181 53 192 160 43 185 78 175 131 163 183 23 147 49 130 92 40 106 0,
PFG_MOEA,191,5,264.18,3010.24,0 136 20 143 61 69 70 55 196 119 198 98 128 10 8 145 88 174 157 118 170 114 188 138 26 81 71 50 39 0,136
PFG_MOEA,191,6,264.18,3010.24,0 51 48 146 21 115 64 127 73 164 29 42 110 121 28 15 54 13 79 96 134 186 141 103 139 19 159 63 154 125 165 153 12 83 129 5 0,21 96
PFG_MOEA,192,1,306.31,2495.58,0 136 20 143 5 61 109 11 36 126 34 112 180 182 167 56 9 137 85 17 162 200 142 120 74 62 135 107 156 124 0,11 126
PFG_MOEA,192,2,306.31,2495.58,0 47 123 97 155 111 179 33 14 132 18 46 4 99 60 173 151 116 199 171 144 30 24 59 1 44 7 2 77 0,99
PFG_MOEA,192,3,306.31,2495.58,0 51 48 146 175 78 185 66 166 195 58 100 113 178 86 104 181 53 93 43 160 192 69 70 55 196 119 198 128 98 21 115 39 64 0,93 181
PFG_MOEA,192,4,306.31,2495.58,0 131 163 106 40 68 95 172 94 32 41 169 67 191 92 130 90 168 75 80 140 38 82 161 133 158 102 105 49 147 23 183 88 145 174 157 118 170 114 188 138 81 26 10 8 50 71 0,80 105
PFG_MOEA,192,5,306.31,2495.58,0 152 83 153 12 149 177 52 6 63 159 19 139 103 190 45 54 15 87 22 187 57 184 27 89 28 121 110 42 29 164 127 73 3 0,149 190
PFG_MOEA,192,6,306.31,2495.58,0 117 13 79 96 134 186 141 125 154 165 129 16 108 35 150 31 101 25 148 91 193 122 194 37 72 189 197 76 65 176 84 0,91 141
PFG_MOEA,193,1,528.52,2327.53,0 124 156 107 126 36 109 11 167 182 34 112 180 176 197 76 65 84 74 120 142 200 162 56 9 17 85 137 173 60 99 151 116 199 30 144 171 4 46 18 132 14 33 179 111 155 97 123 47 62 135 77 2 24 59 1 44 7 195 58 100 113 178 86 104 166 66 181 53 93 160 43 185 78 175 146 192 69 70 55 196 119 198 128 98 21 115 48 51 0,126 182
PFG_MOEA,193,2,528.52,2327.53,0 39 0,39
PFG_MOEA,193,3,528.52,2327.53,0 64 0,
PFG_MOEA,193,4,528.52,2327.53,0 81 71 50 0,
PFG_MOEA,193,5,528.52,2327.53,0 131 163 106 40 130 92 133 161 82 38 140 80 75 168 90 158 102 105 49 147 23 183 88 145 174 157 118 170 10 8 26 114 188 138 0,92 168
PFG_MOEA,193,6,528.52,2327.53,0 136 20 143 61 5 16 108 35 150 31 101 25 148 91 193 122 194 37 72 189 190 45 87 22 187 57 184 27 89 41 169 67 191 32 94 68 95 172 15 54 103 139 19 159 63 6 52 177 149 12 153 83 129 165 154 125 141 186 152 134 96 79 13 28 121 110 42 29 164 127 73 3 117 0,91 141 187
PFG_MOEA,194,1,264.18,3010.24,0 117 16 108 35 150 37 72 87 22 187 57 172 95 184 27 89 41 32 94 191 133 161 82 38 140 80 75 168 105 102 158 90 67 169 68 152 0,94 168
PFG_MOEA,194,2,264.18,3010.24,0 3 31 101 25 148 91 6 52 177 149 190 45 122 76 65 193 176 84 151 116 199 171 4 46 18 132 144 30 109 107 156 124 0,122 149
PFG_MOEA,194,3,264.18,3010.24,0 126 36 11 167 182 34 112 180 194 189 197 74 120 142 200 162 17 85 137 173 60 99 9 56 111 179 33 14 155 97 123 47 62 135 77 0,
PFG_MOEA,194,4,264.18,3010.24,0 24 59 2 1 44 7 195 58 100 113 178 86 104 166 66 93 181 53 192 160 43 185 78 175 131 163 183 23 147 49 130 92 40 106 0,
PFG_MOEA,194,5,264.18,3010.24,0 136 20 143 61 69 70 55 196 119 198 98 128 10 8 145 88 174 157 118 170 114 188 138 26 81 71 50 39 0,136
PFG_MOEA,194,6,264.18,3010.24,0 51 48 146 21 115 64 127 73 164 29 42 110 121 28 15 54 13 79 96 134 186 141 103 139 19 159 63 154 125 165 153 12 83 129 5 0,21 96
PFG_MOEA,195,1,306.31,2495.58,0 136 20 143 5 61 109 11 36 126 34 112 180 182 167 56 9 137 85 17 162 200 142 120 74 62 135 107 156 124 0,11 126
PFG_MOEA,195,2,306.31,2495.58,0 47 123 97 155 111 179 33 14 132 18 46 4 99 60 173 151 116 199 171 144 30 24 59 1 44 7 2 77 0,99
PFG_MOEA,195,3,306.31,2495.58,0 51 48 146 175 78 185 66 166 195 58 100 113 178 86 104 181 53 93 43 160 192 69 70 55 196 119 198 128 98 21 115 39 64 0,93 181
PFG_MOEA,195,4,306.31,2495.58,0 131 163 106 40 68 95 172 94 32 41 169 67 191 92 130 90 168 75 80 140 38 82 161 133 158 102 105 49 147 23 183 88 145 174 157 118 170 114 188 138 81 26 10 8 50 71 0,80 105
PFG_MOEA,195,5,306.31,2495.58,0 152 83 153 12 149 177 52 6 63 159 19 139 103 190 45 54 15 87 22 187 57 184 27 89 28 121 110 42 29 164 127 73 3 0,149 190
PFG_MOEA,195,6,306.31,2495.58,0 117 13 79 96 134 186 141 125 154 165 129 16 108 35 150 31 101 25 148 91 193 122 194 37 72 189 197 76 65 176 84 0,91 141
PFG_MOEA,196,1,528.52,2327.53,0 124 156 107 126 36 109 11 167 182 34 112 180 176 197 76 65 84 74 120 142 200 162 56 9 17 85 137 173 60 99 151 116 199 30 144 171 4 46 18 132 14 33 179 111 155 97 123 47 62 135 77 2 24 59 1 44 7 195 58 100 113 178 86 104 166 66 181 53 93 160 43 185 78 175 146 192 69 70 55 196 119 198 128 98 21 115 48 51 0,126 182
PFG_MOEA,196,2,528.52,2327.53,0 39 0,39
PFG_MOEA,196,3,528.52,2327.53,0 64 0,
PFG_MOEA,196,4,528.52,2327.53,0 81 71 50 0,
PFG_MOEA,196,5,528.52,2327.53,0 131 163 106 40 130 92 133 161 82 38 140 80 75 168 90 158 102 105 49 147 23 183 88 145 174 157 118 170 10 8 26 114 188 138 0,92 168
PFG_MOEA,196,6,528.52,2327.53,0 136 20 143 61 5 16 108 35 150 31 101 25 148 91 193 122 194 37 72 189 190 45 87 22 187 57 184 27 89 41 169 67 191 32 94 68 95 172 15 54 103 139 19 159 63 6 52 177 149 12 153 83 129 165 154 125 141 186 152 134 96 79 13 28 121 110 42 29 164 127 73 3 117 0,91 141 187
PFG_MOEA,197,1,264.18,3010.24,0 117 16 108 35 150 37 72 87 22 187 57 172 95 184 27 89 41 32 94 191 133 161 82 38 140 80 75 168 105 102 158 90 67 169 68 152 0,94 168
PFG_MOEA,197,2,264.18,3010.24,0 3 31 101 25 148 91 6 52 177 149 190 45 122 76 65 193 176 84 151 116 199 171 4 46 18 132 144 30 109 107 156 124 0,122 149
PFG_MOEA,197,3,264.18,3010.24,0 126 36 11 167 182 34 112 180 194 189 197 74 120 142 200 162 17 85 137 173 60 99 9 56 111 179 33 14 155 97 123 47 62 135 77 0,
PFG_MOEA,197,4,264.18,3010.24,0 24 59 2 1 44 7 195 58 100 113 178 86 104 166 66 93 181 53 192 160 43 185 78 175 131 163 183 23 147 49 130 92 40 106 0,
PFG_MOEA,197,5,264.18,3010.24,0 136 20 143 61 69 70 55 196 119 198 98 128 10 8 145 88 174 157 118 170 114 188 138 26 81 71 50 39 0,136
PFG_MOEA,197,6,264.18,3010.24,0 51 48 146 21 115 64 127 73 164 29 42 110 121 28 15 54 13 79 96 134 186 141 103 139 19 159 63 154 125 165 153 12 83 129 5 0,21 96
PFG_MOEA,198,1,306.31,2495.58,0 136 20 143 5 61 109 11 36 126 34 112 180 182 167 56 9 137 85 17 162 200 142 120 74 62 135 107 156 124 0,11 126
PFG_MOEA,198,2,306.31,2495.58,0 47 123 97 155 111 179 33 14 132 18 46 4 99 60 173 151 116 199 171 144 30 24 59 1 44 7 2 77 0,99
PFG_MOEA,198,3,306.31,2495.58,0 51 48 146 175 78 185 66 166 195 58 100 113 178 86 104 181 53 93 43 160 192 69 70 55 196 119 198 128 98 21 115 39 64 0,93 181
PFG_MOEA,198,4,306.31,2495.58,0 131 163 106 40 68 95 172 94 32 41 169 67 191 92 130 90 168 75 80 140 38 82 161 133 158 102 105 49 147 23 183 88 145 174 157 118 170 114 188 138 81 26 10 8 50 71 0,80 105
PFG_MOEA,198,5,306.31,2495.58,0 152 83 153 12 149 177 52 6 63 159 19 139 103 190 45 54 15 87 22 187 57 184 27 89 28 121 110 42 29 164 127 73 3 0,149 190
PFG_MOEA,198,6,306.31,2495.58,0 117 13 79 96 134 186 141 125 154 165 129 16 108 35 150 31 101 25 148 91 193 122 194 37 72 189 197 76 65 176 84 0,91 141
PFG_MOEA,199,1,528.52,2327.53,0 124 156 107 126 36 109 11 167 182 34 112 180 176 197 76 65 84 74 120 142 200 162 56 9 17 85 137 173 60 99 151 116 199 30 144 171 4 46 18 132 14 33 179 111 155 97 123 47 62 135 77 2 24 59 1 44 7 195 58 100 113 178 86 104 166 66 181 53 93 160 43 185 78 175 146 192 69 70 55 196 119 198 128 98 21 115 48 51 0,126 182
PFG_MOEA,199,2,528.52,2327.53,0 39 0,39
PFG_MOEA,199,3,528.52,2327.53,0 64 0,
PFG_MOEA,199,4,528.52,2327.53,0 81 71 50 0,
PFG_MOEA,199,5,528.52,2327.53,0 131 163 106 40 130 92 133 161 82 38 140 80 75 168 90 158 102 105 49 147 23 183 88 145 174 157 118 170 10 8 26 114 188 138 0,92 168
PFG_MOEA,199,6,528.52,2327.53,0 136 20 143 61 5 16 108 35 150 31 101 25 148 91 193 122 194 37 72 189 190 45 87 22 187 57 184 27 89 41 169 67 191 32 94 68 95 172 15 54 103 139 19 159 63 6 52 177 149 12 153 83 129 165 154 125 141 186 152 134 96 79 13 28 121 110 42 29 164 127 73 3 117 0,91 141 187
PFG_MOEA,200,1,264.18,3010.24,0 117 16 108 35 150 37 72 87 22 187 57 172 95 184 27 89 41 32 94 191 133 161 82 38 140 80 75 168 105 102 158 90 67 169 68 152 0,94 168
PFG_MOEA,200,2,264.18,3010.24,0 3 31 101 25 148 91 6 52 177 149 190 45 122 76 65 193 176 84 151 116 199 171 4 46 18 132 144 30 109 107 156 124 0,122 149
PFG_MOEA,200,3,264.18,3010.24,0 126 36 11 167 182 34 112 180 194 189 197 74 120 142 200 162 17 85 137 173 60 99 9 56 111 179 33 14 155 97 123 47 62 135 77 0,
PFG_MOEA,200,4,264.18,3010.24,0 24 59 2 1 44 7 195 58 100 113 178 86 104 166 66 93 181 53 192 160 43 185 78 175 131 163 183 23 147 49 130 92 40 106 0,
PFG_MOEA,200,5,264.18,3010.24,0 136 20 143 61 69 70 55 196 119 198 98 128 10 8 145 88 174 157 118 170 114 188 138 26 81 71 50 39 0,136
PFG_MOEA,200,6,264.18,3010.24,0 51 48 146 21 115 64 127 73 164 29 42 110 121 28 15 54 13 79 96 134 186 141 103 139 19 159 63 154 125 165 153 12 83 129 5 0,21 96
PFG_MOEA,201,1,306.31,2495.58,0 136 20 143 5 61 109 11 36 126 34 112 180 182 167 56 9 137 85 17 162 200 142 120 74 62 135 107 156 124 0,11 126
PFG_MOEA,201,2,306.31,2495.58,0 47 123 97 155 111 179 33 14 132 18 46 4 99 60 173 151 116 199 171 144 30 24 59 1 44 7 2 77 0,99
PFG_MOEA,201,3,306.31,2495.58,0 51 48 146 175 78 185 66 166 195 58 100 113 178 86 104 181 53 93 43 160 192 69 70 55 196 119 198 128 98 21 115 39 64 0,93 181
PFG_MOEA,201,4,306.31,2495.58,0 131 163 106 40 68 95 172 94 32 41 169 67 191 92 130 90 168 75 80 140 38 82 161 133 158 102 105 49 147 23 183 88 145 174 157 118 170 114 188 138 81 26 10 8 50 71 0,80 105
PFG_MOEA,201,5,306.31,2495.58,0 152 83 153 12 149 177 52 6 63 159 19 139 103 190 45 54 15 87 22 187 57 184 27 89 28 121 110 42 29 164 127 73 3 0,149 190
PFG_MOEA,201,6,306.31,2495.58,0 117 13 79 96 134 186 141 125 154 165 129 16 108 35 150 31 101 25 148 91 193 122 194 37 72 189 197 76 65 176 84 0,91 141
PFG_MOEA,202,1,528.52,2327.53,0 124 156 107 126 36 109 11 167 182 34 112 180 176 197 76 65 84 74 120 142 200 162 56 9 17 85 137 173 60 99 151 116 199 30 144 171 4 46 18 132 14 33 179 111 155 97 123 47 62 135 77 2 24 59 1 44 7 195 58 100 113 178 86 104 166 66 181 53 93 160 43 185 78 175 146 192 69 70 55 196 119 198 128 98 21 115 48 51 0,126 182
PFG_MOEA,202,2,528.52,2327.53,0 39 0,39
PFG_MOEA,202,3,528.52,2327.53,0 64 0,
PFG_MOEA,202,4,528.52,2327.53,0 81 71 50 0,
PFG_MOEA,202,5,528.52,2327.53,0 131 163 106 40 130 92 133 161 82 38 140 80 75 168 90 158 102 105 49 147 23 183 88 145 174 157 118 170 10 8 26 114 188 138 0,92 168
PFG_MOEA,202,6,528.52,2327.53,0 136 20 143 61 5 16 108 35 150 31 101 25 148 91 193 122 194 37 72 189 190 45 87 22 187 57 184 27 89 41 169 67 191 32 94 68 95 172 15 54 103 139 19 159 63 6 52 177 149 12 153 83 129 165 154 125 141 186 152 134 96 79 13 28 121 110 42 29 164 127 73 3 117 0,91 141 187
PFG_MOEA,203,1,264.18,3010.24,0 117 16 108 35 150 37 72 87 22 187 57 172 95 184 27 89 41 32 94 191 133 161 82 38 140 80 75 168 105 102 158 90 67 169 68 152 0,94 168
PFG_MOEA,203,2,264.18,3010.24,0 3 31 101 25 148 91 6 52 177 149 190 45 122 76 65 193 176 84 151 116 199 171 4 46 18 132 144 30 109 107 156 124 0,122 149
PFG_MOEA,203,3,264.18,3010.24,0 126 36 11 167 182 34 112 180 194 189 197 74 120 142 200 162 17 85 137 173 60 99 9 56 111 179 33 14 155 97 123 47 62 135 77 0,
PFG_MOEA,203,4,264.18,3010.24,0 24 59 2 1 44 7 195 58 100 113 178 86 104 166 66 93 181 53 192 160 43 185 78 175 131 163 183 23 147 49 130 92 40 106 0,
PFG_MOEA,203,5,264.18,3010.24,0 136 20 143 61 69 70 55 196 119 198 98 128 10 8 145 88 174 157 118 170 114 188 138 26 81 71 50 39 0,136
PFG_MOEA,203,6,264.18,3010.24,0 51 48 146 21 115 64 127 73 164 29 42 110 121 28 15 54 13 79 96 134 186 141 103 139 19 159 63 154 125 165 153 12 83 129 5 0,21 96
PFG_MOEA,204,1,306.31,2495.58,0 136 20 143 5 61 109 11 36 126 34 112 180 182 167 56 9 137 85 17 162 200 142 120 74 62 135 107 156 124 0,11 126
PFG_MOEA,204,2,306.31,2495.58,0 47 123 97 155 111 179 33 14 132 18 46 4 99 60 173 151 116 199 171 144 30 24 59 1 44 7 2 77 0,99
PFG_MOEA,204,3,306.31,2495.58,0 51 48 146 175 78 185 66 166 195 58 100 113 178 86 104 181 53 93 43 160 192 69 70 55 196 119 198 128 98 21 115 39 64 0,93 181
PFG_MOEA,204,4,306.31,2495.58,0 131 163 106 40 68 95 172 94 32 41 169 67 191 92 130 90 168 75 80 140 38 82 161 133 158 102 105 49 147 23 183 88 145 174 157 118 170 114 188 138 81 26 10 8 50 71 0,80 105
PFG_MOEA,204,5,306.31,2495.58,0 152 83 153 12 149 177 52 6 63 159 19 139 103 190 45 54 15 87 22 187 57 184 27 89 28 121 110 42 29 164 127 73 3 0,149 190
PFG_MOEA,204,6,306.31,2495.58,0 117 13 79 96 134 186 141 125 154 165 129 16 108 35 150 31 101 25 148 91 193 122 194 37 72 189 197 76 65 176 84 0,91 141
PFG_MOEA,205,1,528.52,2327.53,0 124 156 107 126 36 109 11 167 182 34 112 180 176 197 76 65 84 74 120 142 200 162 56 9 17 85 137 173 60 99 151 116 199 30 144 171 4 46 18 132 14 33 179 111 155 97 123 47 62 135 77 2 24 59 1 44 7 195 58 100 113 178 86 104 166 66 181 53 93 160 43 185 78 175 146 192 69 70 55 196 119 198 128 98 21 115 48 51 0,126 182
PFG_MOEA,205,2,528.52,2327.53,0 39 0,39
PFG_MOEA,205,3,528.52,2327.53,0 64 0,
PFG_MOEA,205,4,528.52,2327.53,0 81 71 50 0,
PFG_MOEA,205,5,528.52,2327.53,0 131 163 106 40 130 92 133 161 82 38 140 80 75 168 90 158 102 105 49 147 23 183 88 145 174 157 118 170 10 8 26 114 188 138 0,92 168
PFG_MOEA,205,6,528.52,2327.53,0 136 20 143 61 5 16 108 35 150 31 101 25 148 91 193 122 194 37 72 189 190 45 87 22 187 57 184 27 89 41 169 67 191 32 94 68 95 172 15 54 103 139 19 159 63 6 52 177 149 12 153 83 129 165 154 125 141 186 152 134 96 79 13 28 121 110 42 29 164 127 73 3 117 0,91 141 187
PFG_MOEA,206,1,264.18,3010.24,0 117 16 108 35 150 37 72 87 22 187 57 172 95 184 27 89 41 32 94 191 133 161 82 38 140 80 75 168 105 102 158 90 67 169 68 152 0,94 168
PFG_MOEA,206,2,264.18,3010.24,0 3 31 101 25 148 91 6 52 177 149 190 45 122 76 65 193 176 84 151 116 199 171 4 46 18 132 144 30 109 107 156 124 0,122 149
PFG_MOEA,206,3,264.18,3010.24,0 126 36 11 167 182 34 112 180 194 189 197 74 120 142 200 162 17 85 137 173 60 99 9 56 111 179 33 14 155 97 123 47 62 135 77 0,
PFG_MOEA,206,4,264.18,3010.24,0 24 59 2 1 44 7 195 58 100 113 178 86 104 166 66 93 181 53 192 160 43 185 78 175 131 163 183 23 147 49 130 92 40 106 0,
PFG_MOEA,206,5,264.18,3010.24,0 136 20 143 61 69 70 55 196 119 198 98 128 10 8 145 88 174 157 118 170 114 188 138 26 81 71 50 39 0,136
PFG_MOEA,206,6,264.18,3010.24,0 51 48 146 21 115 64 127 73 164 29 42 110 121 28 15 54 13 79 96 134 186 141 103 139 19 159 63 154 125 165 153 12 83 129 5 0,21 96
PFG_MOEA,207,1,306.31,2495.58,0 136 20 143 5 61 109 11 36 126 34 112 180 182 167 56 9 137 85 17 162 200 142 120 74 62 135 107 156 124 0,11 126
PFG_MOEA,207,2,306.31,2495.58,0 47 123 97 155 111 179 33 14 132 18 46 4 99 60 173 151 116 199 171 144 30 24 59 1 44 7 2 77 0,99
PFG_MOEA,207,3,306.31,2495.58,0 51 48 146 175 78 185 66 166 195 58 100 113 178 86 104 181 53 93 43 160 192 69 70 55 196 119 198 128 98 21 115 39 64 0,93 181
PFG_MOEA,207,4,306.31,2495.58,0 131 163 106 40 68 95 172 94 32 41 169 67 191 92 130 90 168 75 80 140 38 82 161 133 158 102 105 49 147 23 183 88 145 174 157 118 170 114 188 138 81 26 10 8 50 71 0,80 105
PFG_MOEA,207,5,306.31,2495.58,0 152 83 153 12 149 177 52 6 63 159 19 139 103 190 45 54 15 87 22 187 57 184 27 89 28 121 110 42 29 164 127 73 3 0,149 190
PFG_MOEA,207,6,306.31,2495.58,0 117 13 79 96 134 186 141 125 154 165 129 16 108 35 150 31 101 25 148 91 193 122 194 37 72 189 197 76 65 176 84 0,91 141
PFG_MOEA,208,1,528.52,2327.53,0 124 156 107 126 36 109 11 167 182 34 112 180 176 197 76 65 84 74 120 142 200 162 56 9 17 85 137 173 60 99 151 116 199 30 144 171 4 46 18 132 14 33 179 111 155 97 123 47 62 135 77 2 24 59 1 44 7 195 58 100 113 178 86 104 166 66 181 53 93 160 43 185 78 175 146 192 69 70 55 196 119 198 128 98 21 115 48 51 0,126 182
PFG_MOEA,208,2,528.52,2327.53,0 39 0,39
PFG_MOEA,208,3,528.52,2327.53,0 64 0,
PFG_MOEA,208,4,528.52,2327.53,0 81 71 50 0,
PFG_MOEA,208,5,528.52,2327.53,0 131 163 106 40 130 92 133 161 82 38 140 80 75 168 90 158 102 105 49 147 23 183 88 145 174 157 118 170 10 8 26 114 188 138 0,92 168
PFG_MOEA,208,6,528.52,2327.53,0 136 20 143 61 5 16 108 35 150 31 101 25 148 91 193 122 194 37 72 189 190 45 87 22 187 57 184 27 89 41 169 67 191 32 94 68 95 172 15 54 103 139 19 159 63 6 52 177 149 12 153 83 129 165 154 125 141 186 152 134 96 79 13 28 121 110 42 29 164 127 73 3 117 0,91 141 187
PFG_MOEA,209,1,264.18,3010.24,0 117 16 108 35 150 37 72 87 22 187 57 172 95 184 27 89 41 32 94 191 133 161 82 38 140 80 75 168 105 102 158 90 67 169 68 152 0,94 168
PFG_MOEA,209,2,264.18,3010.24,0 3 31 101 25 148 91 6 52 177 149 190 45 122 76 65 193 176 84 151 116 199 171 4 46 18 132 144 30 109 107 156 124 0,122 149
PFG_MOEA,209,3,264.18,3010.24,0 126 36 11 167 182 34 112 180 194 189 197 74 120 142 200 162 17 85 137 173 60 99 9 56 111 179 33 14 155 97 123 47 62 135 77 0,
PFG_MOEA,209,4,264.18,3010.24,0 24 59 2 1 44 7 195 58 100 113 178 86 104 166 66 93 181 53 192 160 43 185 78 175 131 163 183 23 147 49 130 92 40 106 0,
PFG_MOEA,209,5,264.18,3010.24,0 136 20 143 61 69 70 55 196 119 198 98 128 10 8 145 88 174 157 118 170 114 188 138 26 81 71 50 39 0,136
PFG_MOEA,209,6,264.18,3010.24,0 51 48 146 21 115 64 127 73 164 29 42 110 121 28 15 54 13 79 96 134 186 141 103 139 19 159 63 154 125 165 153 12 83 129 5 0,21 96
PFG_MOEA,210,1,306.31,2495.58,0 136 20 143 5 61 109 11 36 126 34 112 180 182 167 56 9 137 85 17 162 200 142 120 74 62 135 107 156 124 0,11 126
PFG_MOEA,210,2,306.31,2495.58,0 47 123 97 155 111 179 33 14 132 18 46 4 99 60 173 151 116 199 171 144 30 24 59 1 44 7 2 77 0,99
PFG_MOEA,210,3,306.31,2495.58,0 51 48 146 175 78 185 66 166 195 58 100 113 178 86 104 181 53 93 43 160 192 69 70 55 196 119 198 128 98 21 115 39 64 0,93 181
PFG_MOEA,210,4,306.31,2495.58,0 131 163 106 40 68 95 172 94 32 41 169 67 191 92 130 90 168 75 80 140 38 82 161 133 158 102 105 49 147 23 183 88 145 174 157 118 170 114 188 138 81 26 10 8 50 71 0,80 105
PFG_MOEA,210,5,306.31,2495.58,0 152 83 153 12 149 177 52 6 63 159 19 139 103 190 45 54 15 87 22 187 57 184 27 89 28 121 110 42 29 164 127 73 3 0,149 190
PFG_MOEA,210,6,306.31,2495.58,0 117 13 79 96 134 186 141 125 154 165 129 16 108 35 150 31 101 25 148 91 193 122 194 37 72 189 197 76 65 176 84 0,91 141
PFG_MOEA,211,1,528.52,2327.53,0 124 156 107 126 36 109 11 167 182 34 112 180 176 197 76 65 84 74 120 142 200 162 56 9 17 85 137 173 60 99 151 116 199 30 144 171 4 46 18 132 14 33 179 111 155 97 123 47 62 135 77 2 24 59 1 44 7 195 58 100 113 178 86 104 166 66 181 53 93 160 43 185 78 175 146 192 69 70 55 196 119 198 128 98 21 115 48 51 0,126 182
PFG_MOEA,211,2,528.52,2327.53,0 39 0,39
PFG_MOEA,211,3,528.52,2327.53,0 64 0,
PFG_MOEA,211,4,528.52,2327.53,0 81 71 50 0,
PFG_MOEA,211,5,528.52,2327.53,0 131 163 106 40 130 92 133 161 82 38 140 80 75 168 90 158 102 105 49 147 23 183 88 145 174 157 118 170 10 8 26 114 188 138 0,92 168
PFG_MOEA,211,6,528.52,2327.53,0 136 20 143 61 5 16 108 35 150 31 101 25 148 91 193 122 194 37 72 189 190 45 87 22 187 57 184 27 89 41 169 67 191 32 94 68 95 172 15 54 103 139 19 159 63 6 52 177 149 12 153 83 129 165 154 125 141 186 152 134 96 79 13 28 121 110 42 29 164 127 73 3 117 0,91 141 187
PFG_MOEA,212,1,264.18,3010.24,0 117 16 108 35 150 37 72 87 22 187 57 172 95 184 27 89 41 32 94 191 133 161 82 38 140 80 75 168 105 102 158 90 67 169 68 152 0,94 168
PFG_MOEA,212,2,264.18,3010.24,0 3 31 101 25 148 91 6 52 177 149 190 45 122 76 65 193 176 84 151 116 199 171 4 46 18 132 144 30 109 107 156 124 0,122 149
PFG_MOEA,212,3,264.18,3010.24,0 126 36 11 167 182 34 112 180 194 189 197 74 120 142 200 162 17 85 137 173 60 99 9 56 111 179 33 14 155 97 123 47 62 135 77 0,
PFG_MOEA,212,4,264.18,3010.24,0 24 59 2 1 44 7 195 58 100 113 178 86 104 166 66 93 181 53 192 160 43 185 78 175 131 163 183 23 147 49 130 92 40 106 0,
PFG_MOEA,212,5,264.18,3010.24,0 136 20 143 61 69 70 55 196 119 198 98 128 10 8 145 88 174 157 118 170 114 188 138 26 81 71 50 39 0,136
PFG_MOEA,212,6,264.18,3010.24,0 51 48 146 21 115 64 127 73 164 29 42 110 121 28 15 54 13 79 96 134 186 141 103 139 19 159 63 154 125 165 153 12 83 129 5 0,21 96
PFG_MOEA,213,1,306.31,2495.58,0 136 20 143 5 61 109 11 36 126 34 112 180 182 167 56 9 137 85 17 162 200 142 120 74 62 135 107 156 124 0,11 126
PFG_MOEA,213,2,306.31,2495.58,0 47 123 97 155 111 179 33 14 132 18 46 4 99 60 173 151 116 199 171 144 30 24 59 1 44 7 2 77 0,99
PFG_MOEA,213,3,306.31,2495.58,0 51 48 146 175 78 185 66 166 195 58 100 113 178 86 104 181 53 93 43 160 192 69 70 55 196 119 198 128 98 21 115 39 64 0,93 181
PFG_MOEA,213,4,306.31,2495.58,0 131 163 106 40 68 95 172 94 32 41 169 67 191 92 130 90 168 75 80 140 38 82 161 133 158 102 105 49 147 23 183 88 145 174 157 118 170 114 188 138 81 26 10 8 50 71 0,80 105
PFG_MOEA,213,5,306.31,2495.58,0 152 83 153 12 149 177 52 6 63 159 19 139 103 190 45 54 15 87 22 187 57 184 27 89 28 121 110 42 29 164 127 73 3 0,149 190
PFG_MOEA,213,6,306.31,2495.58,0 117 13 79 96 134 186 141 125 154 165 129 16 108 35 150 31 101 25 148 91 193 122 194 37 72 189 197 76 65 176 84 0,91 141
PFG_MOEA,214,1,528.52,2327.53,0 124 156 107 126 36 109 11 167 182 34 112 180 176 197 76 65 84 74 120 142 200 162 56 9 17 85 137 173 60 99 151 116 199 30 144 171 4 46 18 132 14 33 179 111 155 97 123 47 62 135 77 2 24 59 1 44 7 195 58 100 113 178 86 104 166 66 181 53 93 160 43 185 78 175 146 192 69 70 55 196 119 198 128 98 21 115 48 51 0,126 182
PFG_MOEA,214,2,528.52,2327.53,0 39 0,39
PFG_MOEA,214,3,528.52,2327.53,0 64 0,
PFG_MOEA,214,4,528.52,2327.53,0 81 71 50 0,
PFG_MOEA,214,5,528.52,2327.53,0 131 163 106 40 130 92 133 161 82 38 140 80 75 168 90 158 102 105 49 147 23 183 88 145 174 157 118 170 10 8 26 114 188 138 0,92 168
PFG_MOEA,214,6,528.52,2327.53,0 136 20 143 61 5 16 108 35 150 31 101 25 148 91 193 122 194 37 72 189 190 45 87 22 187 57 184 27 89 41 169 67 191 32 94 68 95 172 15 54 103 139 19 159 63 6 52 177 149 12 153 83 129 165 154 125 141 186 152 134 96 79 13 28 121 110 42 29 164 127 73 3 117 0,91 141 187
PFG_MOEA,215,1,264.18,3010.24,0 117 16 108 35 150 37 72 87 22 187 57 172 95 184 27 89 41 32 94 191 133 161 82 38 140 80 75 168 105 102 158 90 67 169 68 152 0,94 168
PFG_MOEA,215,2,264.18,3010.24,0 3 31 101 25 148 91 6 52 177 149 190 45 122 76 65 193 176 84 151 116 199 171 4 46 18 132 144 30 109 107 156 124 0,122 149
PFG_MOEA,215,3,264.18,3010.24,0 126 36 11 167 182 34 112 180 194 189 197 74 120 142 200 162 17 85 137 173 60 99 9 56 111 179 33 14 155 97 123 47 62 135 77 0,
PFG_MOEA,215,4,264.18,3010.24,0 24 59 2 1 44 7 195 58 100 113 178 86 104 166 66 93 181 53 192 160 43 185 78 175 131 163 183 23 147 49 130 92 40 106 0,
PFG_MOEA,215,5,264.18,3010.24,0 136 20 143 61 69 70 55 196 119 198 98 128 10 8 145 88 174 157 118 170 114 188 138 26 81 71 50 39 0,136
PFG_MOEA,215,6,264.18,3010.24,0 51 48 146 21 115 64 127 73 164 29 42 110 121 28 15 54 13 79 96 134 186 141 103 139 19 159 63 154 125 165 153 12 83 129 5 0,21 96
PFG_MOEA,216,1,306.31,2495.58,0 136 20 143 5 61 109 11 36 126 34 112 180 182 167 56 9 137 85 17 162 200 142 120 74 62 135 107 156 124 0,11 126
PFG_MOEA,216,2,306.31,2495.58,0 47 123 97 155 111 179 33 14 132 18 46 4 99 60 173 151 116 199 171 144 30 24 59 1 44 7 2 77 0,99
PFG_MOEA,216,3,306.31,2495.58,0 51 48 146 175 78 185 66 166 195 58 100 113 178 86 104 181 53 93 43 160 192 69 70 55 196 119 198 128 98 21 115 39 64 0,93 181
PFG_MOEA,216,4,306.31,2495.58,0 131 163 106 40 68 95 172 94 32 41 169 67 191 92 130 90 168 75 80 140 38 82 161 133 158 102 105 49 147 23 183 88 145 174 157 118 170 114 188 138 81 26 10 8 50 71 0,80 105
PFG_MOEA,216,5,306.31,2495.58,0 152 83 153 12 149 177 52 6 63 159 19 139 103 190 45 54 15 87 22 187 57 184 27 89 28 121 110 42 29 164 127 73 3 0,149 190
PFG_MOEA,216,6,306.31,2495.58,0 117 13 79 96 134 186 141 125 154 165 129 16 108 35 150 31 101 25 148 91 193 122 194 37 72 189 197 76 65 176 84 0,91 141
PFG_MOEA,217,1,528.52,2327.53,0 124 156 107 126 36 109 11 167 182 34 112 180 176 197 76 65 84 74 120 142 200 162 56 9 17 85 137 173 60 99 151 116 199 30 144 171 4 46 18 132 14 33 179 111 155 97 123 47 62 135 77 2 24 59 1 44 7 195 58 100 113 178 86 104 166 66 181 53 93 160 43 185 78 175 146 192 69 70 55 196 119 198 128 98 21 115 48 51 0,126 182
PFG_MOEA,217,2,528.52,2327.53,0 39 0,39
PFG_MOEA,217,3,528.52,2327.53,0 64 0,
PFG_MOEA,217,4,528.52,2327.53,0 81 71 50 0,
PFG_MOEA,217,5,528.52,2327.53,0 131 163 106 40 130 92 133 161 82 38 140 80 75 168 90 158 102 105 49 147 23 183 88 145 174 157 118 170 10 8 26 114 188 138 0,92 168
PFG_MOEA,217,6,528.52,2327.53,0 136 20 143 61 5 16 108 35 150 31 101 25 148 91 193 122 194 37 72 189 190 45 87 22 187 57 184 27 89 41 169 67 191 32 94 68 95 172 15 54 103 139 19 159 63 6 52 177 149 12 153 83 129 165 154 125 141 186 152 134 96 79 13 28 121 110 42 29 164 127 73 3 117 0,91 141 187
PFG_MOEA,218,1,264.18,3010.24,0 117 16 108 35 150 37 72 87 22 187 57 172 95 184 27 89 41 32 94 191 133 161 82 38 140 80 75 168 105 102 158 90 67 169 68 152 0,94 168
PFG_MOEA,218,2,264.18,3010.24,0 3 31 101 25 148 91 6 52 177 149 190 45 122 76 65 193 176 84 151 116 199 171 4 46 18 132 144 30 109 107 156 124 0,122 149
PFG_MOEA,218,3,264.18,3010.24,0 126 36 11 167 182 34 112 180 194 189 197 74 120 142 200 162 17 85 137 173 60 99 9 56 111 179 33 14 155 97 123 47 62 135 77 0,
PFG_MOEA,218,4,264.18,3010.24,0 24 59 2 1 44 7 195 58 100 113 178 86 104 166 66 93 181 53 192 160 43 185 78 175 131 163 183 23 147 49 130 92 40 106 0,
PFG_MOEA,218,5,264.18,3010.24,0 136 20 143 61 69 70 55 196 119 198 98 128 10 8 145 88 174 157 118 170 114 188 138 26 81 71 50 39 0,136
PFG_MOEA,218,6,264.18,3010.24,0 51 48 146 21 115 64 127 73 164 29 42 110 121 28 15 54 13 79 96 134 186 141 103 139 19 159 63 154 125 165 153 12 83 129 5 0,21 96
PFG_MOEA,219,1,306.31,2495.58,0 136 20 143 5 61 109 11 36 126 34 112 180 182 167 56 9 137 85 17 162 200 142 120 74 62 135 107 156 124 0,11 126
PFG_MOEA,219,2,306.31,2495.58,0 47 123 97 155 111 179 33 14 132 18 46 4 99 60 173 151 116 199 171 144 30 24 59 1 44 7 2 77 0,99
PFG_MOEA,219,3,306.31,2495.58,0 51 48 146 175 78 185 66 166 195 58 100 113 178 86 104 181 53 93 43 160 192 69 70 55 196 119 198 128 98 21 115 39 64 0,93 181
PFG_MOEA,219,4,306.31,2495.58,0 131 163 106 40 68 95 172 94 32 41 169 67 191 92 130 90 168 75 80 140 38 82 161 133 158 102 105 49 147 23 183 88 145 174 157 118 170 114 188 138 81 26 10 8 50 71 0,80 105
PFG_MOEA,219,5,306.31,2495.58,0 152 83 153 12 149 177 52 6 63 159 19 139 103 190 45 54 15 87 22 187 57 184 27 89 28 121 110 42 29 164 127 73 3 0,149 190
PFG_MOEA,219,6,306.31,2495.58,0 117 13 79 96 134 186 141 125 154 165 129 16 108 35 150 31 101 25 148 91 193 122 194 37 72 189 197 76 65 176 84 0,91 141
PFG_MOEA,220,1,528.52,2327.53,0 124 156 107 126 36 109 11 167 182 34 112 180 176 197 76 65 84 74 120 142 200 162 56 9 17 85 137 173 60 99 151 116 199 30 144 171 4 46 18 132 14 33 179 111 155 97 123 47 62 135 77 2 24 59 1 44 7 195 58 100 113 178 86 104 166 66 181 53 93 160 43 185 78 175 146 192 69 70 55 196 119 198 128 98 21 115 48 51 0,126 182
PFG_MOEA,220,2,528.52,2327.53,0 39 0,39
PFG_MOEA,220,3,528.52,2327.53,0 64 0,
PFG_MOEA,220,4,528.52,2327.53,0 81 71 50 0,
PFG_MOEA,220,5,528.52,2327.53,0 131 163 106 40 130 92 133 161 82 38 140 80 75 168 90 158 102 105 49 147 23 183 88 145 174 157 118 170 10 8 26 114 188 138 0,92 168
PFG_MOEA,220,6,528.52,2327.53,0 136 20 143 61 5 16 108 35 150 31 101 25 148 91 193 122 194 37 72 189 190 45 87 22 187 57 184 27 89 41 169 67 191 32 94 68 95 172 15 54 103 139 19 159 63 6 52 177 149 12 153 83 129 165 154 125 141 186 152 134 96 79 13 28 121 110 42 29 164 127 73 3 117 0,91 141 187
PFG_MOEA,221,1,264.18,3010.24,0 117 16 108 35 150 37 72 87 22 187 57 172 95 184 27 89 41 32 94 191 133 161 82 38 140 80 75 168 105 102 158 90 67 169 68 152 0,94 168
PFG_MOEA,221,2,264.18,3010.24,0 3 31 101 25 148 91 6 52 177 149 190 45 122 76 65 193 176 84 151 116 199 171 4 46 18 132 144 30 109 107 156 124 0,122 149
PFG_MOEA,221,3,264.18,3010.24,0 126 36 11 167 182 34 112 180 194 189 197 74 120 142 200 162 17 85 137 173 60 99 9 56 111 179 33 14 155 97 123 47 62 135 77 0,
PFG_MOEA,221,4,264.18,3010.24,0 24 59 2 1 44 7 195 58 100 113 178 86 104 166 66 93 181 53 192 160 43 185 78 175 131 163 183 23 147 49 130 92 40 106 0,
PFG_MOEA,221,5,264.18,3010.24,0 136 20 143 61 69 70 55 196 119 198 98 128 10 8 145 88 174 157 118 170 114 188 138 26 81 71 50 39 0,136
PFG_MOEA,221,6,264.18,3010.24,0 51 48 146 21 115 64 127 73 164 29 42 110 121 28 15 54 13 79 96 134 186 141 103 139 19 159 63 154 125 165 153 12 83 129 5 0,21 96
PFG_MOEA,222,1,306.31,2495.58,0 136 20 143 5 61 109 11 36 126 34 112 180 182 167 56 9 137 85 17 162 200 142 120 74 62 135 107 156 124 0,11 126
PFG_MOEA,222,2,306.31,2495.58,0 47 123 97 155 111 179 33 14 132 18 46 4 99 60 173 151 116 199 171 144 30 24 59 1 44 7 2 77 0,99
PFG_MOEA,222,3,306.31,2495.58,0 51 48 146 175 78 185 66 166 195 58 100 113 178 86 104 181 53 93 43 160 192 69 70 55 196 119 198 128 98 21 115 39 64 0,93 181
PFG_MOEA,222,4,306.31,2495.58,0 131 163 106 40 68 95 172 94 32 41 169 67 191 92 130 90 168 75 80 140 38 82 161 133 158 102 105 49 147 23 183 88 145 174 157 118 170 114 188 138 81 26 10 8 50 71 0,80 105
PFG_MOEA,222,5,306.31,2495.58,0 152 83 153 12 149 177 52 6 63 159 19 139 103 190 45 54 15 87 22 187 57 184 27 89 28 121 110 42 29 164 127 73 3 0,149 190
PFG_MOEA,222,6,306.31,2495.58,0 117 13 79 96 134 186 141 125 154 165 129 16 108 35 150 31 101 25 148 91 193 122 194 37 72 189 197 76 65 176 84 0,91 141
PFG_MOEA,223,1,528.52,2327.53,0 124 156 107 126 36 109 11 167 182 34 112 180 176 197 76 65 84 74 120 142 200 162 56 9 17 85 137 173 60 99 151 116 199 30 144 171 4 46 18 132 14 33 179 111 155 97 123 47 62 135 77 2 24 59 1 44 7 195 58 100 113 178 86 104 166 66 181 53 93 160 43 185 78 175 146 192 69 70 55 196 119 198 128 98 21 115 48 51 0,126 182
PFG_MOEA,223,2,528.52,2327.53,0 39 0,39
PFG_MOEA,223,3,528.52,2327.53,0 64 0,
PFG_MOEA,223,4,528.52,2327.53,0 81 71 50 0,
PFG_MOEA,223,5,528.52,2327.53,0 131 163 106 40 130 92 133 161 82 38 140 80 75 168 90 158 102 105 49 147 23 183 88 145 174 157 118 170 10 8 26 114 188 138 0,92 168
PFG_MOEA,223,6,528.52,2327.53,0 136 20 143 61 5 16 108 35 150 31 101 25 148 91 193 122 194 37 72 189 190 45 87 22 187 57 184 27 89 41 169 67 191 32 94 68 95 172 15 54 103 139 19 159 63 6 52 177 149 12 153 83 129 165 154 125 141 186 152 134 96 79 13 28 121 110 42 29 164 127 73 3 117 0,91 141 187
PFG_MOEA,224,1,264.18,3010.24,0 117 16 108 35 150 37 72 87 22 187 57 172 95 184 27 89 41 32 94 191 133 161 82 38 140 80 75 168 105 102 158 90 67 169 68 152 0,94 168
PFG_MOEA,224,2,264.18,3010.24,0 3 31 101 25 148 91 6 52 177 149 190 45 122 76 65 193 176 84 151 116 199 171 4 46 18 132 144 30 109 107 156 124 0,122 149
PFG_MOEA,224,3,264.18,3010.24,0 126 36 11 167 182 34 112 180 194 189 197 74 120 142 200 162 17 85 137 173 60 99 9 56 111 179 33 14 155 97 123 47 62 135 77 0,
PFG_MOEA,224,4,264.18,3010.24,0 24 59 2 1 44 7 195 58 100 113 178 86 104 166 66 93 181 53 192 160 43 185 78 175 131 163 183 23 147 49 130 92 40 106 0,
PFG_MOEA,224,5,264.18,3010.24,0 136 20 143 61 69 70 55 196 119 198 98 128 10 8 145 88 174 157 118 170 114 188 138 26 81 71 50 39 0,136
PFG_MOEA,224,6,264.18,3010.24,0 51 48 146 21 115 64 127 73 164 29 42 110 121 28 15 54 13 79 96 134 186 141 103 139 19 159 63 154 125 165 153 12 83 129 5 0,21 96
PFG_MOEA,225,1,306.31,2495.58,0 136 20 143 5 61 109 11 36 126 34 112 180 182 167 56 9 137 85 17 162 200 142 120 74 62 135 107 156 124 0,11 126
PFG_MOEA,225,2,306.31,2495.58,0 47 123 97 155 111 179 33 14 132 18 46 4 99 60 173 151 116 199 171 144 30 24 59 1 44 7 2 77 0,99
PFG_MOEA,225,3,306.31,2495.58,0 51 48 146 175 78 185 66 166 195 58 100 113 178 86 104 181 53 93 43 160 192 69 70 55 196 119 198 128 98 21 115 39 64 0,93 181
PFG_MOEA,225,4,306.31,2495.58,0 131 163 106 40 68 95 172 94 32 41 169 67 191 92 130 90 168 75 80 140 38 82 161 133 158 102 105 49 147 23 183 88 145 174 157 118 170 114 188 138 81 26 10 8 50 71 0,80 105
PFG_MOEA,225,5,306.31,2495.58,0 152 83 153 12 149 177 52 6 63 159 19 139 103 190 45 54 15 87 22 187 57 184 27 89 28 121 110 42 29 164 127 73 3 0,149 190
PFG_MOEA,225,6,306.31,2495.58,0 117 13 79 96 134 186 141 125 154 165 129 16 108 35 150 31 101 25 148 91 193 122 194 37 72 189 197 76 65 176 84 0,91 141
PFG_MOEA,226,1,528.52,2327.53,0 124 156 107 126 36 109 11 167 182 34 112 180 176 197 76 65 84 74 120 142 200 162 56 9 17 85 137 173 60 99 151 116 199 30 144 171 4 46 18 132 14 33 179 111 155 97 123 47 62 135 77 2 24 59 1 44 7 195 58 100 113 178 86 104 166 66 181 53 93 160 43 185 78 175 146 192 69 70 55 196 119 198 128 98 21 115 48 51 0,126 182
PFG_MOEA,226,2,528.52,2327.53,0 39 0,39
PFG_MOEA,226,3,528.52,2327.53,0 64 0,
PFG_MOEA,226,4,528.52,2327.53,0 81 71 50 0,
PFG_MOEA,226,5,528.52,2327.53,0 131 163 106 40 130 92 133 161 82 38 140 80 75 168 90 158 102 105 49 147 23 183 88 145 174 157 118 170 10 8 26 114 188 138 0,92 168
PFG_MOEA,226,6,528.52,2327.53,0 136 20 143 61 5 16 108 35 150 31 101 25 148 91 193 122 194 37 72 189 190 45 87 22 187 57 184 27 89 41 169 67 191 32 94 68 95 172 15 54 103 139 19 159 63 6 52 177 149 12 153 83 129 165 154 125 141 186 152 134 96 79 13 28 121 110 42 29 164 127 73 3 117 0,91 141 187
PFG_MOEA,227,1,264.18,3010.24,0 117 16 108 35 150 37 72 87 22 187 57 172 95 184 27 89 41 32 94 191 133 161 82 38 140 80 75 168 105 102 158 90 67 169 68 152 0,94 168
PFG_MOEA,227,2,264.18,3010.24,0 3 31 101 25 148 91 6 52 177 149 190 45 122 76 65 193 176 84 151 116 199 171 4 46 18 132 144 30 109 107 156 124 0,122 149
PFG_MOEA,227,3,264.18,3010.24,0 126 36 11 167 182 34 112 180 194 189 197 74 120 142 200 162 17 85 137 173 60 99 9 56 111 179 33 14 155 97 123 47 62 135 77 0,
PFG_MOEA,227,4,264.18,3010.24,0 24 59 2 1 44 7 195 58 100 113 178 86 104 166 66 93 181 53 192 160 43 185 78 175 131 163 183 23 147 49 130 92 40 106 0,
PFG_MOEA,227,5,264.18,3010.24,0 136 20 143 61 69 70 55 196 119 198 98 128 10 8 145 88 174 157 118 170 114 188 138 26 81 71 50 39 0,136
PFG_MOEA,227,6,264.18,3010.24,0 51 48 146 21 115 64 127 73 164 29 42 110 121 28 15 54 13 79 96 134 186 141 103 139 19 159 63 154 125 165 153 12 83 129 5 0,21 96
PFG_MOEA,228,1,306.31,2495.58,0 136 20 143 5 61 109 11 36 126 34 112 180 182 167 56 9 137 85 17 162 200 142 120 74 62 135 107 156 124 0,11 126
PFG_MOEA,228,2,306.31,2495.58,0 47 123 97 155 111 179 33 14 132 18 46 4 99 60 173 151 116 199 171 144 30 24 59 1 44 7 2 77 0,99
PFG_MOEA,228,3,306.31,2495.58,0 51 48 146 175 78 185 66 166 195 58 100 113 178 86 104 181 53 93 43 160 192 69 70 55 196 119 198 128 98 21 115 39 64 0,93 181
PFG_MOEA,228,4,306.31,2495.58,0 131 163 106 40 68 95 172 94 32 41 169 67 191 92 130 90 168 75 80 140 38 82 161 133 158 102 105 49 147 23 183 88 145 174 157 118 170 114 188 138 81 26 10 8 50 71 0,80 105
PFG_MOEA,228,5,306.31,2495.58,0 152 83 153 12 149 177 52 6 63 159 19 139 103 190 45 54 15 87 22 187 57 184 27 89 28 121 110 42 29 164 127 73 3 0,149 190
PFG_MOEA,228,6,306.31,2495.58,0 117 13 79 96 134 186 141 125 154 165 129 16 108 35 150 31 101 25 148 91 193 122 194 37 72 189 197 76 65 176 84 0,91 141
PFG_MOEA,229,1,528.52,2327.53,0 124 156 107 126 36 109 11 167 182 34 112 180 176 197 76 65 84 74 120 142 200 162 56 9 17 85 137 173 60 99 151 116 199 30 144 171 4 46 18 132 14 33 179 111 155 97 123 47 62 135 77 2 24 59 1 44 7 195 58 100 113 178 86 104 166 66 181 53 93 160 43 185 78 175 146 192 69 70 55 196 119 198 128 98 21 115 48 51 0,126 182
PFG_MOEA,229,2,528.52,2327.53,0 39 0,39
PFG_MOEA,229,3,528.52,2327.53,0 64 0,
PFG_MOEA,229,4,528.52,2327.53,0 81 71 50 0,
PFG_MOEA,229,5,528.52,2327.53,0 131 163 106 40 130 92 133 161 82 38 140 80 75 168 90 158 102 105 49 147 23 183 88 145 174 157 118 170 10 8 26 114 188 138 0,92 168
PFG_MOEA,229,6,528.52,2327.53,0 136 20 143 61 5 16 108 35 150 31 101 25 148 91 193 122 194 37 72 189 190 45 87 22 187 57 184 27 89 41 169 67 191 32 94 68 95 172 15 54 103 139 19 159 63 6 52 177 149 12 153 83 129 165 154 125 141 186 152 134 96 79 13 28 121 110 42 29 164 127 73 3 117 0,91 141 187
PFG_MOEA,230,1,264.18,3010.24,0 117 16 108 35 150 37 72 87 22 187 57 172 95 184 27 89 41 32 94 191 133 161 82 38 140 80 75 168 105 102 158 90 67 169 68 152 0,94 168
PFG_MOEA,230,2,264.18,3010.24,0 3 31 101 25 148 91 6 52 177 149 190 45 122 76 65 193 176 84 151 116 199 171 4 46 18 132 144 30 109 107 156 124 0,122 149
PFG_MOEA,230,3,264.18,3010.24,0 126 36 11 167 182 34 112 180 194 189 197 74 120 142 200 162 17 85 137 173 60 99 9 56 111 179 33 14 155 97 123 47 62 135 77 0,
PFG_MOEA,230,4,264.18,3010.24,0 24 59 2 1 44 7 195 58 100 113 178 86 104 166 66 93 181 53 192 160 43 185 78 175 131 163 183 23 147 49 130 92 40 106 0,
PFG_MOEA,230,5,264.18,3010.24,0 136 20 143 61 69 70 55 196 119 198 98 128 10 8 145 88 174 157 118 170 114 188 138 26 81 71 50 39 0,136
PFG_MOEA,230,6,264.18,3010.24,0 51 48 146 21 115 64 127 73 164 29 42 110 121 28 15 54 13 79 96 134 186 141 103 139 19 159 63 154 125 165 153 12 83 129 5 0,21 96
PFG_MOEA,231,1,306.31,2495.58,0 136 20 143 5 61 109 11 36 126 34 112 180 182 167 56 9 137 85 17 162 200 142 120 74 62 135 107 156 124 0,11 126
PFG_MOEA,231,2,306.31,2495.58,0 47 123 97 155 111 179 33 14 132 18 46 4 99 60 173 151 116 199 171 144 30 24 59 1 44 7 2 77 0,99
PFG_MOEA,231,3,306.31,2495.58,0 51 48 146 175 78 185 66 166 195 58 100 113 178 86 104 181 53 93 43 160 192 69 70 55 196 119 198 128 98 21 115 39 64 0,93 181
PFG_MOEA,231,4,306.31,2495.58,0 131 163 106 40 68 95 172 94 32 41 169 67 191 92 130 90 168 75 80 140 38 82 161 133 158 102 105 49 147 23 183 88 145 174 157 118 170 114 188 138 81 26 10 8 50 71 0,80 105
PFG_MOEA,231,5,306.31,2495.58,0 152 83 153 12 149 177 52 6 63 159 19 139 103 190 45 54 15 87 22 187 57 184 27 89 28 121 110 42 29 164 127 73 3 0,149 190
PFG_MOEA,231,6,306.31,2495.58,0 117 13 79 96 134 186 141 125 154 165 129 16 108 35 150 31 101 25 148 91 193 122 194 37 72 189 197 76 65 176 84 0,91 141
PFG_MOEA,232,1,528.52,2327.53,0 124 156 107 126 36 109 11 167 182 34 112 180 176 197 76 65 84 74 120 142 200 162 56 9 17 85 137 173 60 99 151 116 199 30 144 171 4 46 18 132 14 33 179 111 155 97 123 47 62 135 77 2 24 59 1 44 7 195 58 100 113 178 86 104 166 66 181 53 93 160 43 185 78 175 146 192 69 70 55 196 119 198 128 98 21 115 48 51 0,126 182
PFG_MOEA,232,2,528.52,2327.53,0 39 0,39
PFG_MOEA,232,3,528.52,2327.53,0 64 0,
PFG_MOEA,232,4,528.52,2327.53,0 81 71 50 0,
PFG_MOEA,232,5,528.52,2327.53,0 131 163 106 40 130 92 133 161 82 38 140 80 75 168 90 158 102 105 49 147 23 183 88 145 174 157 118 170 10 8 26 114 188 138 0,92 168
PFG_MOEA,232,6,528.52,2327.53,0 136 20 143 61 5 16 108 35 150 31 101 25 148 91 193 122 194 37 72 189 190 45 87 22 187 57 184 27 89 41 169 67 191 32 94 68 95 172 15 54 103 139 19 159 63 6 52 177 149 12 153 83 129 165 154 125 141 186 152 134 96 79 13 28 121 110 42 29 164 127 73 3 117 0,91 141 187
PFG_MOEA,233,1,264.18,3010.24,0 117 16 108 35 150 37 72 87 22 187 57 172 95 184 27 89 41 32 94 191 133 161 82 38 140 80 75 168 105 102 158 90 67 169 68 152 0,94 168
PFG_MOEA,233,2,264.18,3010.24,0 3 31 101 25 148 91 6 52 177 149 190 45 122 76 65 193 176 84 151 116 199 171 4 46 18 132 144 30 109 107 156 124 0,122 149
PFG_MOEA,233,3,264.18,3010.24,0 126 36 11 167 182 34 112 180 194 189 197 74 120 142 200 162 17 85 137 173 60 99 9 56 111 179 33 14 155 97 123 47 62 135 77 0,
PFG_MOEA,233,4,264.18,3010.24,0 24 59 2 1 44 7 195 58 100 113 178 86 104 166 66 93 181 53 192 160 43 185 78 175 131 163 183 23 147 49 130 92 40 106 0,
PFG_MOEA,233,5,264.18,3010.24,0 136 20 143 61 69 70 55 196 119 198 98 128 10 8 145 88 174 157 118 170 114 188 138 26 81 71 50 39 0,136
PFG_MOEA,233,6,264.18,3010.24,0 51 48 146 21 115 64 127 73 164 29 42 110 121 28 15 54 13 79 96 134 186 141 103 139 19 159 63 154 125 165 153 12 83 129 5 0,21 96
PFG_MOEA,234,1,306.31,2495.58,0 136 20 143 5 61 109 11 36 126 34 112 180 182 167 56 9 137 85 17 162 200 142 120 74 62 135 107 156 124 0,11 126
PFG_MOEA,234,2,306.31,2495.58,0 47 123 97 155 111 179 33 14 132 18 46 4 99 60 173 151 116 199 171 144 30 24 59 1 44 7 2 77 0,99
PFG_MOEA,234,3,306.31,2495.58,0 51 48 146 175 78 185 66 166 195 58 100 113 178 86 104 181 53 93 43 160 192 69 70 55 196 119 198 128 98 21 115 39 64 0,93 181
PFG_MOEA,234,4,306.31,2495.58,0 131 163 106 40 68 95 172 94 32 41 169 67 191 92 130 90 168 75 80 140 38 82 161 133 158 102 105 49 147 23 183 88 145 174 157 118 170 114 188 138 81 26 10 8 50 71 0,80 105
PFG_MOEA,234,5,306.31,2495.58,0 152 83 153 12 149 177 52 6 63 159 19 139 103 190 45 54 15 87 22 187 57 184 27 89 28 121 110 42 29 164 127 73 3 0,149 190
PFG_MOEA,234,6,306.31,2495.58,0 117 13 79 96 134 186 141 125 154 165 129 16 108 35 150 31 101 25 148 91 193 122 194 37 72 189 197 76 65 176 84 0,91 141
PFG_MOEA,235,1,528.52,2327.53,0 124 156 107 126 36 109 11 167 182 34 112 180 176 197 76 65 84 74 120 142 200 162 56 9 17 85 137 173 60 99 151 116 199 30 144 171 4 46 18 132 14 33 179 111 155 97 123 47 62 135 77 2 24 59 1 44 7 195 58 100 113 178 86 104 166 66 181 53 93 160 43 185 78 175 146 192 69 70 55 196 119 198 128 98 21 115 48 51 0,126 182
PFG_MOEA,235,2,528.52,2327.53,0 39 0,39
PFG_MOEA,235,3,528.52,2327.53,0 64 0,
PFG_MOEA,235,4,528.52,2327.53,0 81 71 50 0,
PFG_MOEA,235,5,528.52,2327.53,0 131 163 106 40 130 92 133 161 82 38 140 80 75 168 90 158 102 105 49 147 23 183 88 145 174 157 118 170 10 8 26 114 188 138 0,92 168
PFG_MOEA,235,6,528.52,2327.53,0 136 20 143 61 5 16 108 35 150 31 101 25 148 91 193 122 194 37 72 189 190 45 87 22 187 57 184 27 89 41 169 67 191 32 94 68 95 172 15 54 103 139 19 159 63 6 52 177 149 12 153 83 129 165 154 125 141 186 152 134 96 79 13 28 121 110 42 29 164 127 73 3 117 0,91 141 187
PFG_MOEA,236,1,264.18,3010.24,0 117 16 108 35 150 37 72 87 22 187 57 172 95 184 27 89 41 32 94 191 133 161 82 38 140 80 75 168 105 102 158 90 67 169 68 152 0,94 168
PFG_MOEA,236,2,264.18,3010.24,0 3 31 101 25 148 91 6 52 177 149 190 45 122 76 65 193 176 84 151 116 199 171 4 46 18 132 144 30 109 107 156 124 0,122 149
PFG_MOEA,236,3,264.18,3010.24,0 126 36 11 167 182 34 112 180 194 189 197 74 120 142 200 162 17 85 137 173 60 99 9 56 111 179 33 14 155 97 123 47 62 135 77 0,
PFG_MOEA,236,4,264.18,3010.24,0 24 59 2 1 44 7 195 58 100 113 178 86 104 166 66 93 181 53 192 160 43 185 78 175 131 163 183 23 147 49 130 92 40 106 0,
PFG_MOEA,236,5,264.18,3010.24,0 136 20 143 61 69 70 55 196 119 198 98 128 10 8 145 88 174 157 118 170 114 188 138 26 81 71 50 39 0,136
PFG_MOEA,236,6,264.18,3010.24,0 51 48 146 21 115 64 127 73 164 29 42 110 121 28 15 54 13 79 96 134 186 141 103 139 19 159 63 154 125 165 153 12 83 129 5 0,21 96
PFG_MOEA,237,1,306.31,2495.58,0 136 20 143 5 61 109 11 36 126 34 112 180 182 167 56 9 137 85 17 162 200 142 120 74 62 135 107 156 124 0,11 126
PFG_MOEA,237,2,306.31,2495.58,0 47 123 97 155 111 179 33 14 132 18 46 4 99 60 173 151 116 199 171 144 30 24 59 1 44 7 2 77 0,99
PFG_MOEA,237,3,306.31,2495.58,0 51 48 146 175 78 185 66 166 195 58 100 113 178 86 104 181 53 93 43 160 192 69 70 55 196 119 198 128 98 21 115 39 64 0,93 181
PFG_MOEA,237,4,306.31,2495.58,0 131 163 106 40 68 95 172 94 32 41 169 67 191 92 130 90 168 75 80 140 38 82 161 133 158 102 105 49 147 23 183 88 145 174 157 118 170 114 188 138 81 26 10 8 50 71 0,80 105
PFG_MOEA,237,5,306.31,2495.58,0 152 83 153 12 149 177 52 6 63 159 19 139 103 190 45 54 15 87 22 187 57 184 27 89 28 121 110 42 29 164 127 73 3 0,149 190
PFG_MOEA,237,6,306.31,2495.58,0 117 13 79 96 134 186 141 125 154 165 129 16 108 35 150 31 101 25 148 91 193 122 194 37 72 189 197 76 65 176 84 0,91 141
PFG_MOEA,238,1,528.52,2327.53,0 124 156 107 126 36 109 11 167 182 34 112 180 176 197 76 65 84 74 120 142 200 162 56 9 17 85 137 173 60 99 151 116 199 30 144 171 4 46 18 132 14 33 179 111 155 97 123 47 62 135 77 2 24 59 1 44 7 195 58 100 113 178 86 104 166 66 181 53 93 160 43 185 78 175 146 192 69 70 55 196 119 198 128 98 21 115 48 51 0,126 182
PFG_MOEA,238,2,528.52,2327.53,0 39 0,39
PFG_MOEA,238,3,528.52,2327.53,0 64 0,
PFG_MOEA,238,4,528.52,2327.53,0 81 71 50 0,
PFG_MOEA,238,5,528.52,2327.53,0 131 163 106 40 130 92 133 161 82 38 140 80 75 168 90 158 102 105 49 147 23 183 88 145 174 157 118 170 10 8 26 114 188 138 0,92 168
PFG_MOEA,238,6,528.52,2327.53,0 136 20 143 61 5 16 108 35 150 31 101 25 148 91 193 122 194 37 72 189 190 45 87 22 187 57 184 27 89 41 169 67 191 32 94 68 95 172 15 54 103 139 19 159 63 6 52 177 149 12 153 83 129 165 154 125 141 186 152 134 96 79 13 28 121 110 42 29 164 127 73 3 117 0,91 141 187
PFG_MOEA,239,1,264.18,3010.24,0 117 16 108 35 150 37 72 87 22 187 57 172 95 184 27 89 41 32 94 191 133 161 82 38 140 80 75 168 105 102 158 90 67 169 68 152 0,94 168
PFG_MOEA,239,2,264.18,3010.24,0 3 31 101 25 148 91 6 52 177 149 190 45 122 76 65 193 176 84 151 116 199 171 4 46 18 132 144 30 109 107 156 124 0,122 149
PFG_MOEA,239,3,264.18,3010.24,0 126 36 11 167 182 34 112 180 194 189 197 74 120 142 200 162 17 85 137 173 60 99 9 56 111 179 33 14 155 97 123 47 62 135 77 0,
PFG_MOEA,239,4,264.18,3010.24,0 24 59 2 1 44 7 195 58 100 113 178 86 104 166 66 93 181 53 192 160 43 185 78 175 131 163 183 23 147 49 130 92 40 106 0,
PFG_MOEA,239,5,264.18,3010.24,0 136 20 143 61 69 70 55 196 119 198 98 128 10 8 145 88 174 157 118 170 114 188 138 26 81 71 50 39 0,136
PFG_MOEA,239,6,264.18,3010.24,0 51 48 146 21 115 64 127 73 164 29 42 110 121 28 15 54 13 79 96 134 186 141 103 139 19 159 63 154 125 165 153 12 83 129 5 0,21 96
PFG_MOEA,240,1,306.31,2495.58,0 136 20 143 5 61 109 11 36 126 34 112 180 182 167 56 9 137 85 17 162 200 142 120 74 62 135 107 156 124 0,11 126
PFG_MOEA,240,2,306.31,2495.58,0 47 123 97 155 111 179 33 14 132 18 46 4 99 60 173 151 116 199 171 144 30 24 59 1 44 7 2 77 0,99
PFG_MOEA,240,3,306.31,2495.58,0 51 48 146 175 78 185 66 166 195 58 100 113 178 86 104 181 53 93 43 160 192 69 70 55 196 119 198 128 98 21 115 39 64 0,93 181
PFG_MOEA,240,4,306.31,2495.58,0 131 163 106 40 68 95 172 94 32 41 169 67 191 92 130 90 168 75 80 140 38 82 161 133 158 102 105 49 147 23 183 88 145 174 157 118 170 114 188 138 81 26 10 8 50 71 0,80 105
PFG_MOEA,240,5,306.31,2495.58,0 152 83 153 12 149 177 52 6 63 159 19 139 103 190 45 54 15 87 22 187 57 184 27 89 28 121 110 42 29 164 127 73 3 0,149 190
PFG_MOEA,240,6,306.31,2495.58,0 117 13 79 96 134 186 141 125 154 165 129 16 108 35 150 31 101 25 148 91 193 122 194 37 72 189 197 76 65 176 84 0,91 141
PFG_MOEA,241,1,528.52,2327.53,0 124 156 107 126 36 109 11 167 182 34 112 180 176 197 76 65 84 74 120 142 200 162 56 9 17 85 137 173 60 99 151 116 199 30 144 171 4 46 18 132 14 33 179 111 155 97 123 47 62 135 77 2 24 59 1 44 7 195 58 100 113 178 86 104 166 66 181 53 93 160 43 185 78 175 146 192 69 70 55 196 119 198 128 98 21 115 48 51 0,126 182
PFG_MOEA,241,2,528.52,2327.53,0 39 0,39
PFG_MOEA,241,3,528.52,2327.53,0 64 0,
PFG_MOEA,241,4,528.52,2327.53,0 81 71 50 0,
PFG_MOEA,241,5,528.52,2327.53,0 131 163 106 40 130 92 133 161 82 38 140 80 75 168 90 158 102 105 49 147 23 183 88 145 174 157 118 170 10 8 26 114 188 138 0,92 168
PFG_MOEA,241,6,528.52,2327.53,0 136 20 143 61 5 16 108 35 150 31 101 25 148 91 193 122 194 37 72 189 190 45 87 22 187 57 184 27 89 41 169 67 191 32 94 68 95 172 15 54 103 139 19 159 63 6 52 177 149 12 153 83 129 165 154 125 141 186 152 134 96 79 13 28 121 110 42 29 164 127 73 3 117 0,91 141 187
PFG_MOEA,242,1,264.18,3010.24,0 117 16 108 35 150 37 72 87 22 187 57 172 95 184 27 89 41 32 94 191 133 161 82 38 140 80 75 168 105 102 158 90 67 169 68 152 0,94 168
PFG_MOEA,242,2,264.18,3010.24,0 3 31 101 25 148 91 6 52 177 149 190 45 122 76 65 193 176 84 151 116 199 171 4 46 18 132 144 30 109 107 156 124 0,122 149
PFG_MOEA,242,3,264.18,3010.24,0 126 36 11 167 182 34 112 180 194 189 197 74 120 142 200 162 17 85 137 173 60 99 9 56 111 179 33 14 155 97 123 47 62 135 77 0,
PFG_MOEA,242,4,264.18,3010.24,0 24 59 2 1 44 7 195 58 100 113 178 86 104 166 66 93 181 53 192 160 43 185 78 175 131 163 183 23 147 49 130 92 40 106 0,
PFG_MOEA,242,5,264.18,3010.24,0 136 20 143 61 69 70 55 196 119 198 98 128 10 8 145 88 174 157 118 170 114 188 138 26 81 71 50 39 0,136
PFG_MOEA,242,6,264.18,3010.24,0 51 48 146 21 115 64 127 73 164 29 42 110 121 28 15 54 13 79 96 134 186 141 103 139 19 159 63 154 125 165 153 12 83 129 5 0,21 96
PFG_MOEA,243,1,274.07,2785.44,0 112 180 182 74 120 142 200 162 56 9 17 85 137 173 60 99 151 116 199 171 4 46 18 132 14 111 144 30 77 175 24 59 2 1 44 7 160 146 48 51 0,4 162 182
PFG_MOEA,243,2,274.07,2785.44,0 167 78 185 66 166 195 58 100 113 178 86 104 181 53 93 43 192 69 70 55 196 119 198 128 98 21 115 0,104
PFG_MOEA,243,3,274.07,2785.44,0 39 50 71 26 8 10 105 102 158 90 168 75 80 140 38 82 161 133 191 41 89 27 184 172 95 94 32 131 88 145 174 157 118 170 114 188 138 81 64 0,80 94
PFG_MOEA,243,4,274.07,2785.44,0 126 20 136 143 5 61 109 36 11 34 84 176 65 76 139 103 87 22 187 57 183 13 79 96 134 186 141 125 16 117 0,
PFG_MOEA,243,5,274.07,2785.44,0 3 73 127 163 23 147 49 130 92 67 169 68 40 106 29 164 42 110 121 28 15 54 45 190 189 72 152 0,
PFG_MOEA,243,6,274.07,2785.44,0 35 108 129 83 6 52 177 149 12 153 165 154 19 159 63 37 194 122 197 193 91 148 25 101 31 150 62 179 33 155 97 123 47 135 107 156 124 0,91 194
PFG_MOEA,244,1,306.31,2495.58,0 136 20 143 5 61 109 11 36 126 34 112 180 182 167 56 9 137 85 17 162 200 142 120 74 62 135 107 156 124 0,11 126
PFG_MOEA,244,2,306.31,2495.58,0 47 123 97 155 111 179 33 14 132 18 46 4 99 60 173 151 116 199 171 144 30 24 59 1 44 7 2 77 0,99
PFG_MOEA,244,3,306.31,2495.58,0 51 48 146 175 78 185 66 166 195 58 100 113 178 86 104 181 53 93 43 160 192 69 70 55 196 119 198 128 98 21 115 39 64 0,93 181
PFG_MOEA,244,4,306.31,2495.58,0 131 163 106 40 68 95 172 94 32 41 169 67 191 92 130 90 168 75 80 140 38 82 161 133 158 102 105 49 147 23 183 88 145 174 157 118 170 114 188 138 81 26 10 8 50 71 0,80 105
PFG_MOEA,244,5,306.31,2495.58,0 152 83 153 12 149 177 52 6 63 159 19 139 103 190 45 54 15 87 22 187 57 184 27 89 28 121 110 42 29 164 127 73 3 0,149 190
PFG_MOEA,244,6,306.31,2495.58,0 117 13 79 96 134 186 141 125 154 165 129 16 108 35 150 31 101 25 148 91 193 122 194 37 72 189 197 76 65 176 84 0,91 141
PFG_MOEA,245,1,528.52,2327.53,0 124 156 107 126 36 109 11 167 182 34 112 180 176 197 76 65 84 74 120 142 200 162 56 9 17 85 137 173 60 99 151 116 199 30 144 171 4 46 18 132 14 33 179 111 155 97 123 47 62 135 77 2 24 59 1 44 7 195 58 100 113 178 86 104 166 66 181 53 93 160 43 185 78 175 146 192 69 70 55 196 119 198 128 98 21 115 48 51 0,126 182
PFG_MOEA,245,2,528.52,2327.53,0 39 0,39
PFG_MOEA,245,3,528.52,2327.53,0 64 0,
PFG_MOEA,245,4,528.52,2327.53,0 81 71 50 0,
PFG_MOEA,245,5,528.52,2327.53,0 131 163 106 40 130 92 133 161 82 38 140 80 75 168 90 158 102 105 49 147 23 183 88 145 174 157 118 170 10 8 26 114 188 138 0,92 168
PFG_MOEA,245,6,528.52,2327.53,0 136 20 143 61 5 16 108 35 150 31 101 25 148 91 193 122 194 37 72 189 190 45 87 22 187 57 184 27 89 41 169 67 191 32 94 68 95 172 15 54 103 139 19 159 63 6 52 177 149 12 153 83 129 165 154 125 141 186 152 134 96 79 13 28 121 110 42 29 164 127 73 3 117 0,91 141 187
PFG_MOEA,246,1,264.18,3010.24,0 117 16 108 35 150 37 72 87 22 187 57 172 95 184 27 89 41 32 94 191 133 161 82 38 140 80 75 168 105 102 158 90 67 169 68 152 0,94 168
PFG_MOEA,246,2,264.18,3010.24,0 3 31 101 25 148 91 6 52 177 149 190 45 122 76 65 193 176 84 151 116 199 171 4 46 18 132 144 30 109 107 156 124 0,122 149
PFG_MOEA,246,3,264.18,3010.24,0 126 36 11 167 182 34 112 180 194 189 197 74 120 142 200 162 17 85 137 173 60 99 9 56 111 179 33 14 155 97 123 47 62 135 77 0,
PFG_MOEA,246,4,264.18,3010.24,0 24 59 2 1 44 7 195 58 100 113 178 86 104 166 66 93 181 53 192 160 43 185 78 175 131 163 183 23 147 49 130 92 40 106 0,
PFG_MOEA,246,5,264.18,3010.24,0 136 20 143 61 69 70 55 196 119 198 98 128 10 8 145 88 174 157 118 170 114 188 138 26 81 71 50 39 0,136
PFG_MOEA,246,6,264.18,3010.24,0 51 48 146 21 115 64 127 73 164 29 42 110 121 28 15 54 13 79 96 134 186 141 103 139 19 159 63 154 125 165 153 12 83 129 5 0,21 96
PFG_MOEA,247,1,274.07,2785.44,0 112 180 182 74 120 142 200 162 56 9 17 85 137 173 60 99 151 116 199 171 4 46 18 132 14 111 144 30 77 175 24 59 2 1 44 7 160 146 48 51 0,4 162 182
PFG_MOEA,247,2,274.07,2785.44,0 167 78 185 66 166 195 58 100 113 178 86 104 181 53 93 43 192 69 70 55 196 119 198 128 98 21 115 0,104
PFG_MOEA,247,3,274.07,2785.44,0 39 50 71 26 8 10 105 102 158 90 168 75 80 140 38 82 161 133 191 41 89 27 184 172 95 94 32 131 88 145 174 157 118 170 114 188 138 81 64 0,80 94
PFG_MOEA,247,4,274.07,2785.44,0 126 20 136 143 5 61 109 36 11 34 84 176 65 76 139 103 87 22 187 57 183 13 79 96 134 186 141 125 16 117 0,
PFG_MOEA,247,5,274.07,2785.44,0 3 73 127 163 23 147 49 130 92 67 169 68 40 106 29 164 42 110 121 28 15 54 45 190 189 72 152 0,
PFG_MOEA,247,6,274.07,2785.44,0 35 108 129 83 6 52 177 149 12 153 165 154 19 159 63 37 194 122 197 193 91 148 25 101 31 150 62 179 33 155 97 123 47 135 107 156 124 0,91 194
PFG_MOEA,248,1,306.31,2495.58,0 136 20 143 5 61 109 11 36 126 34 112 180 182 167 56 9 137 85 17 162 200 142 120 74 62 135 107 156 124 0,11 126
PFG_MOEA,248,2,306.31,2495.58,0 47 123 97 155 111 179 33 14 132 18 46 4 99 60 173 151 116 199 171 144 30 24 59 1 44 7 2 77 0,99
PFG_MOEA,248,3,306.31,2495.58,0 51 48 146 175 78 185 66 166 195 58 100 113 178 86 104 181 53 93 43 160 192 69 70 55 196 119 198 128 98 21 115 39 64 0,93 181
PFG_MOEA,248,4,306.31,2495.58,0 131 163 106 40 68 95 172 94 32 41 169 67 191 92 130 90 168 75 80 140 38 82 161 133 158 102 105 49 147 23 183 88 145 174 157 118 170 114 188 138 81 26 10 8 50 71 0,80 105
PFG_MOEA,248,5,306.31,2495.58,0 152 83 153 12 149 177 52 6 63 159 19 139 103 190 45 54 15 87 22 187 57 184 27 89 28 121 110 42 29 164 127 73 3 0,149 190
PFG_MOEA,248,6,306.31,2495.58,0 117 13 79 96 134 186 141 125 154 165 129 16 108 35 150 31 101 25 148 91 193 122 194 37 72 189 197 76 65 176 84 0,91 141
PFG_MOEA,249,1,528.52,2327.53,0 124 156 107 126 36 109 11 167 182 34 112 180 176 197 76 65 84 74 120 142 200 162 56 9 17 85 137 173 60 99 151 116 199 30 144 171 4 46 18 132 14 33 179 111 155 97 123 47 62 135 77 2 24 59 1 44 7 195 58 100 113 178 86 104 166 66 181 53 93 160 43 185 78 175 146 192 69 70 55 196 119 198 128 98 21 115 48 51 0,126 182
PFG_MOEA,249,2,528.52,2327.53,0 39 0,39
PFG_MOEA,249,3,528.52,2327.53,0 64 0,
PFG_MOEA,249,4,528.52,2327.53,0 81 71 50 0,
PFG_MOEA,249,5,528.52,2327.53,0 131 163 106 40 130 92 133 161 82 38 140 80 75 168 90 158 102 105 49 147 23 183 88 145 174 157 118 170 10 8 26 114 188 138 0,92 168
PFG_MOEA,249,6,528.52,2327.53,0 136 20 143 61 5 16 108 35 150 31 101 25 148 91 193 122 194 37 72 189 190 45 87 22 187 57 184 27 89 41 169 67 191 32 94 68 95 172 15 54 103 139 19 159 63 6 52 177 149 12 153 83 129 165 154 125 141 186 152 134 96 79 13 28 121 110 42 29 164 127 73 3 117 0,91 141 187
PFG_MOEA,250,1,264.18,3010.24,0 117 16 108 35 150 37 72 87 22 187 57 172 95 184 27 89 41 32 94 191 133 161 82 38 140 80 75 168 105 102 158 90 67 169 68 152 0,94 168
PFG_MOEA,250,2,264.18,3010.24,0 3 31 101 25 148 91 6 52 177 149 190 45 122 76 65 193 176 84 151 116 199 171 4 46 18 132 144 30 109 107 156 124 0,122 149
PFG_MOEA,250,3,264.18,3010.24,0 126 36 11 167 182 34 112 180 194 189 197 74 120 142 200 162 17 85 137 173 60 99 9 56 111 179 33 14 155 97 123 47 62 135 77 0,
PFG_MOEA,250,4,264.18,3010.24,0 24 59 2 1 44 7 195 58 100 113 178 86 104 166 66 93 181 53 192 160 43 185 78 175 131 163 183 23 147 49 130 92 40 106 0,
PFG_MOEA,250,5,264.18,3010.24,0 136 20 143 61 69 70 55 196 119 198 98 128 10 8 145 88 174 157 118 170 114 188 138 26 81 71 50 39 0,136
PFG_MOEA,250,6,264.18,3010.24,0 51 48 146 21 115 64 127 73 164 29 42 110 121 28 15 54 13 79 96 134 186 141 103 139 19 159 63 154 125 165 153 12 83 129 5 0,21 96
PFG_MOEA,251,1,274.07,2785.44,0 112 180 182 74 120 142 200 162 56 9 17 85 137 173 60 99 151 116 199 171 4 46 18 132 14 111 144 30 77 175 24 59 2 1 44 7 160 146 48 51 0,4 162 182
PFG_MOEA,251,2,274.07,2785.44,0 167 78 185 66 166 195 58 100 113 178 86 104 181 53 93 43 192 69 70 55 196 119 198 128 98 21 115 0,104
PFG_MOEA,251,3,274.07,2785.44,0 39 50 71 26 8 10 105 102 158 90 168 75 80 140 38 82 161 133 191 41 89 27 184 172 95 94 32 131 88 145 174 157 118 170 114 188 138 81 64 0,80 94
PFG_MOEA,251,4,274.07,2785.44,0 126 20 136 143 5 61 109 36 11 34 84 176 65 76 139 103 87 22 187 57 183 13 79 96 134 186 141 125 16 117 0,
PFG_MOEA,251,5,274.07,2785.44,0 3 73 127 163 23 147 49 130 92 67 169 68 40 106 29 164 42 110 121 28 15 54 45 190 189 72 152 0,
PFG_MOEA,251,6,274.07,2785.44,0 35 108 129 83 6 52 177 149 12 153 165 154 19 159 63 37 194 122 197 193 91 148 25 101 31 150 62 179 33 155 97 123 47 135 107 156 124 0,91 194
PFG_MOEA,252,1,306.31,2495.58,0 136 20 143 5 61 109 11 36 126 34 112 180 182 167 56 9 137 85 17 162 200 142 120 74 62 135 107 156 124 0,11 126
PFG_MOEA,252,2,306.31,2495.58,0 47 123 97 155 111 179 33 14 132 18 46 4 99 60 173 151 116 199 171 144 30 24 59 1 44 7 2 77 0,99
PFG_MOEA,252,3,306.31,2495.58,0 51 48 146 175 78 185 66 166 195 58 100 113 178 86 104 181 53 93 43 160 192 69 70 55 196 119 198 128 98 21 115 39 64 0,93 181
PFG_MOEA,252,4,306.31,2495.58,0 131 163 106 40 68 95 172 94 32 41 169 67 191 92 130 90 168 75 80 140 38 82 161 133 158 102 105 49 147 23 183 88 145 174 157 118 170 114 188 138 81 26 10 8 50 71 0,80 105
PFG_MOEA,252,5,306.31,2495.58,0 152 83 153 12 149 177 52 6 63 159 19 139 103 190 45 54 15 87 22 187 57 184 27 89 28 121 110 42 29 164 127 73 3 0,149 190
PFG_MOEA,252,6,306.31,2495.58,0 117 13 79 96 134 186 141 125 154 165 129 16 108 35 150 31 101 25 148 91 193 122 194 37 72 189 197 76 65 176 84 0,91 141
PFG_MOEA,253,1,528.52,2327.53,0 124 156 107 126 36 109 11 167 182 34 112 180 176 197 76 65 84 74 120 142 200 162 56 9 17 85 137 173 60 99 151 116 199 30 144 171 4 46 18 132 14 33 179 111 155 97 123 47 62 135 77 2 24 59 1 44 7 195 58 100 113 178 86 104 166 66 181 53 93 160 43 185 78 175 146 192 69 70 55 196 119 198 128 98 21 115 48 51 0,126 182
PFG_MOEA,253,2,528.52,2327.53,0 39 0,39
PFG_MOEA,253,3,528.52,2327.53,0 64 0,
PFG_MOEA,253,4,528.52,2327.53,0 81 71 50 0,
PFG_MOEA,253,5,528.52,2327.53,0 131 163 106 40 130 92 133 161 82 38 140 80 75 168 90 158 102 105 49 147 23 183 88 145 174 157 118 170 10 8 26 114 188 138 0,92 168
PFG_MOEA,253,6,528.52,2327.53,0 136 20 143 61 5 16 108 35 150 31 101 25 148 91 193 122 194 37 72 189 190 45 87 22 187 57 184 27 89 41 169 67 191 32 94 68 95 172 15 54 103 139 19 159 63 6 52 177 149 12 153 83 129 165 154 125 141 186 152 134 96 79 13 28 121 110 42 29 164 127 73 3 117 0,91 141 187
PFG_MOEA,254,1,264.18,3010.24,0 117 16 108 35 150 37 72 87 22 187 57 172 95 184 27 89 41 32 94 191 133 161 82 38 140 80 75 168 105 102 158 90 67 169 68 152 0,94 168
PFG_MOEA,254,2,264.18,3010.24,0 3 31 101 25 148 91 6 52 177 149 190 45 122 76 65 193 176 84 151 116 199 171 4 46 18 132 144 30 109 107 156 124 0,122 149
PFG_MOEA,254,3,264.18,3010.24,0 126 36 11 167 182 34 112 180 194 189 197 74 120 142 200 162 17 85 137 173 60 99 9 56 111 179 33 14 155 97 123 47 62 135 77 0,
PFG_MOEA,254,4,264.18,3010.24,0 24 59 2 1 44 7 195 58 100 113 178 86 104 166 66 93 181 53 192 160 43 185 78 175 131 163 183 23 147 49 130 92 40 106 0,
PFG_MOEA,254,5,264.18,3010.24,0 136 20 143 61 69 70 55 196 119 198 98 128 10 8 145 88 174 157 118 170 114 188 138 26 81 71 50 39 0,136
PFG_MOEA,254,6,264.18,3010.24,0 51 48 146 21 115 64 127 73 164 29 42 110 121 28 15 54 13 79 96 134 186 141 103 139 19 159 63 154 125 165 153 12 83 129 5 0,21 96
PFG_MOEA,255,1,274.07,2785.44,0 112 180 182 74 120 142 200 162 56 9 17 85 137 173 60 99 151 116 199 171 4 46 18 132 14 111 144 30 77 175 24 59 2 1 44 7 160 146 48 51 0,4 162 182
PFG_MOEA,255,2,274.07,2785.44,0 167 78 185 66 166 195 58 100 113 178 86 104 181 53 93 43 192 69 70 55 196 119 198 128 98 21 115 0,104
PFG_MOEA,255,3,274.07,2785.44,0 39 50 71 26 8 10 105 102 158 90 168 75 80 140 38 82 161 133 191 41 89 27 184 172 95 94 32 131 88 145 174 157 118 170 114 188 138 81 64 0,80 94
PFG_MOEA,255,4,274.07,2785.44,0 126 20 136 143 5 61 109 36 11 34 84 176 65 76 139 103 87 22 187 57 183 13 79 96 134 186 141 125 16 117 0,
PFG_MOEA,255,5,274.07,2785.44,0 3 73 127 163 23 147 49 130 92 67 169 68 40 106 29 164 42 110 121 28 15 54 45 190 189 72 152 0,
PFG_MOEA,255,6,274.07,2785.44,0 35 108 129 83 6 52 177 149 12 153 165 154 19 159 63 37 194 122 197 193 91 148 25 101 31 150 62 179 33 155 97 123 47 135 107 156 124 0,91 194
PFG_MOEA,256,1,306.31,2495.58,0 136 20 143 5 61 109 11 36 126 34 112 180 182 167 56 9 137 85 17 162 200 142 120 74 62 135 107 156 124 0,11 126
PFG_MOEA,256,2,306.31,2495.58,0 47 123 97 155 111 179 33 14 132 18 46 4 99 60 173 151 116 199 171 144 30 24 59 1 44 7 2 77 0,99
PFG_MOEA,256,3,306.31,2495.58,0 51 48 146 175 78 185 66 166 195 58 100 113 178 86 104 181 53 93 43 160 192 69 70 55 196 119 198 128 98 21 115 39 64 0,93 181
PFG_MOEA,256,4,306.31,2495.58,0 131 163 106 40 68 95 172 94 32 41 169 67 191 92 130 90 168 75 80 140 38 82 161 133 158 102 105 49 147 23 183 88 145 174 157 118 170 114 188 138 81 26 10 8 50 71 0,80 105
PFG_MOEA,256,5,306.31,2495.58,0 152 83 153 12 149 177 52 6 63 159 19 139 103 190 45 54 15 87 22 187 57 184 27 89 28 121 110 42 29 164 127 73 3 0,149 190
PFG_MOEA,256,6,306.31,2495.58,0 117 13 79 96 134 186 141 125 154 165 129 16 108 35 150 31 101 25 148 91 193 122 194 37 72 189 197 76 65 176 84 0,91 141
PFG_MOEA,257,1,528.52,2327.53,0 124 156 107 126 36 109 11 167 182 34 112 180 176 197 76 65 84 74 120 142 200 162 56 9 17 85 137 173 60 99 151 116 199 30 144 171 4 46 18 132 14 33 179 111 155 97 123 47 62 135 77 2 24 59 1 44 7 195 58 100 113 178 86 104 166 66 181 53 93 160 43 185 78 175 146 192 69 70 55 196 119 198 128 98 21 115 48 51 0,126 182
PFG_MOEA,257,2,528.52,2327.53,0 39 0,39
PFG_MOEA,257,3,528.52,2327.53,0 64 0,
PFG_MOEA,257,4,528.52,2327.53,0 81 71 50 0,
PFG_MOEA,257,5,528.52,2327.53,0 131 163 106 40 130 92 133 161 82 38 140 80 75 168 90 158 102 105 49 147 23 183 88 145 174 157 118 170 10 8 26 114 188 138 0,92 168
PFG_MOEA,257,6,528.52,2327.53,0 136 20 143 61 5 16 108 35 150 31 101 25 148 91 193 122 194 37 72 189 190 45 87 22 187 57 184 27 89 41 169 67 191 32 94 68 95 172 15 54 103 139 19 159 63 6 52 177 149 12 153 83 129 165 154 125 141 186 152 134 96 79 13 28 121 110 42 29 164 127 73 3 117 0,91 141 187
PFG_MOEA,258,1,264.18,3010.24,0 117 16 108 35 150 37 72 87 22 187 57 172 95 184 27 89 41 32 94 191 133 161 82 38 140 80 75 168 105 102 158 90 67 169 68 152 0,94 168
PFG_MOEA,258,2,264.18,3010.24,0 3 31 101 25 148 91 6 52 177 149 190 45 122 76 65 193 176 84 151 116 199 171 4 46 18 132 144 30 109 107 156 124 0,122 149
PFG_MOEA,258,3,264.18,3010.24,0 126 36 11 167 182 34 112 180 194 189 197 74 120 142 200 162 17 85 137 173 60 99 9 56 111 179 33 14 155 97 123 47 62 135 77 0,
PFG_MOEA,258,4,264.18,3010.24,0 24 59 2 1 44 7 195 58 100 113 178 86 104 166 66 93 181 53 192 160 43 185 78 175 131 163 183 23 147 49 130 92 40 106 0,
PFG_MOEA,258,5,264.18,3010.24,0 136 20 143 61 69 70 55 196 119 198 98 128 10 8 145 88 174 157 118 170 114 188 138 26 81 71 50 39 0,136
PFG_MOEA,258,6,264.18,3010.24,0 51 48 146 21 115 64 127 73 164 29 42 110 121 28 15 54 13 79 96 134 186 141 103 139 19 159 63 154 125 165 153 12 83 129 5 0,21 96
PFG_MOEA,259,1,274.07,2785.44,0 112 180 182 74 120 142 200 162 56 9 17 85 137 173 60 99 151 116 199 171 4 46 18 132 14 111 144 30 77 175 24 59 2 1 44 7 160 146 48 51 0,4 162 182
PFG_MOEA,259,2,274.07,2785.44,0 167 78 185 66 166 195 58 100 113 178 86 104 181 53 93 43 192 69 70 55 196 119 198 128 98 21 115 0,104
PFG_MOEA,259,3,274.07,2785.44,0 39 50 71 26 8 10 105 102 158 90 168 75 80 140 38 82 161 133 191 41 89 27 184 172 95 94 32 131 88 145 174 157 118 170 114 188 138 81 64 0,80 94
PFG_MOEA,259,4,274.07,2785.44,0 126 20 136 143 5 61 109 36 11 34 84 176 65 76 139 103 87 22 187 57 183 13 79 96 134 186 141 125 16 117 0,
PFG_MOEA,259,5,274.07,2785.44,0 3 73 127 163 23 147 49 130 92 67 169 68 40 106 29 164 42 110 121 28 15 54 45 190 189 72 152 0,
PFG_MOEA,259,6,274.07,2785.44,0 35 108 129 83 6 52 177 149 12 153 165 154 19 159 63 37 194 122 197 193 91 148 25 101 31 150 62 179 33 155 97 123 47 135 107 156 124 0,91 194
PFG_MOEA,260,1,306.31,2495.58,0 136 20 143 5 61 109 11 36 126 34 112 180 182 167 56 9 137 85 17 162 200 142 120 74 62 135 107 156 124 0,11 126
PFG_MOEA,260,2,306.31,2495.58,0 47 123 97 155 111 179 33 14 132 18 46 4 99 60 173 151 116 199 171 144 30 24 59 1 44 7 2 77 0,99
PFG_MOEA,260,3,306.31,2495.58,0 51 48 146 175 78 185 66 166 195 58 100 113 178 86 104 181 53 93 43 160 192 69 70 55 196 119 198 128 98 21 115 39 64 0,93 181
PFG_MOEA,260,4,306.31,2495.58,0 131 163 106 40 68 95 172 94 32 41 169 67 191 92 130 90 168 75 80 140 38 82 161 133 158 102 105 49 147 23 183 88 145 174 157 118 170 114 188 138 81 26 10 8 50 71 0,80 105
PFG_MOEA,260,5,306.31,2495.58,0 152 83 153 12 149 177 52 6 63 159 19 139 103 190 45 54 15 87 22 187 57 184 27 89 28 121 110 42 29 164 127 73 3 0,149 190
PFG_MOEA,260,6,306.31,2495.58,0 117 13 79 96 134 186 141 125 154 165 129 16 108 35 150 31 101 25 148 91 193 122 194 37 72 189 197 76 65 176 84 0,91 141
PFG_MOEA,261,1,528.52,2327.53,0 124 156 107 126 36 109 11 167 182 34 112 180 176 197 76 65 84 74 120 142 200 162 56 9 17 85 137 173 60 99 151 116 199 30 144 171 4 46 18 132 14 33 179 111 155 97 123 47 62 135 77 2 24 59 1 44 7 195 58 100 113 178 86 104 166 66 181 53 93 160 43 185 78 175 146 192 69 70 55 196 119 198 128 98 21 115 48 51 0,126 182
PFG_MOEA,261,2,528.52,2327.53,0 39 0,39
PFG_MOEA,261,3,528.52,2327.53,0 64 0,
PFG_MOEA,261,4,528.52,2327.53,0 81 71 50 0,
PFG_MOEA,261,5,528.52,2327.53,0 131 163 106 40 130 92 133 161 82 38 140 80 75 168 90 158 102 105 49 147 23 183 88 145 174 157 118 170 10 8 26 114 188 138 0,92 168
PFG_MOEA,261,6,528.52,2327.53,0 136 20 143 61 5 16 108 35 150 31 101 25 148 91 193 122 194 37 72 189 190 45 87 22 187 57 184 27 89 41 169 67 191 32 94 68 95 172 15 54 103 139 19 159 63 6 52 177 149 12 153 83 129 165 154 125 141 186 152 134 96 79 13 28 121 110 42 29 164 127 73 3 117 0,91 141 187
PFG_MOEA,262,1,264.18,3010.24,0 117 16 108 35 150 37 72 87 22 187 57 172 95 184 27 89 41 32 94 191 133 161 82 38 140 80 75 168 105 102 158 90 67 169 68 152 0,94 168
PFG_MOEA,262,2,264.18,3010.24,0 3 31 101 25 148 91 6 52 177 149 190 45 122 76 65 193 176 84 151 116 199 171 4 46 18 132 144 30 109 107 156 124 0,122 149
PFG_MOEA,262,3,264.18,3010.24,0 126 36 11 167 182 34 112 180 194 189 197 74 120 142 200 162 17 85 137 173 60 99 9 56 111 179 33 14 155 97 123 47 62 135 77 0,
PFG_MOEA,262,4,264.18,3010.24,0 24 59 2 1 44 7 195 58 100 113 178 86 104 166 66 93 181 53 192 160 43 185 78 175 131 163 183 23 147 49 130 92 40 106 0,
PFG_MOEA,262,5,264.18,3010.24,0 136 20 143 61 69 70 55 196 119 198 98 128 10 8 145 88 174 157 118 170 114 188 138 26 81 71 50 39 0,136
PFG_MOEA,262,6,264.18,3010.24,0 51 48 146 21 115 64 127 73 164 29 42 110 121 28 15 54 13 79 96 134 186 141 103 139 19 159 63 154 125 165 153 12 83 129 5 0,21 96
PFG_MOEA,263,1,274.07,2785.44,0 112 180 182 74 120 142 200 162 56 9 17 85 137 173 60 99 151 116 199 171 4 46 18 132 14 111 144 30 77 175 24 59 2 1 44 7 160 146 48 51 0,4 162 182
PFG_MOEA,263,2,274.07,2785.44,0 167 78 185 66 166 195 58 100 113 178 86 104 181 53 93 43 192 69 70 55 196 119 198 128 98 21 115 0,104
PFG_MOEA,263,3,274.07,2785.44,0 39 50 71 26 8 10 105 102 158 90 168 75 80 140 38 82 161 133 191 41 89 27 184 172 95 94 32 131 88 145 174 157 118 170 114 188 138 81 64 0,80 94
PFG_MOEA,263,4,274.07,2785.44,0 126 20 136 143 5 61 109 36 11 34 84 176 65 76 139 103 87 22 187 57 183 13 79 96 134 186 141 125 16 117 0,
PFG_MOEA,263,5,274.07,2785.44,0 3 73 127 163 23 147 49 130 92 67 169 68 40 106 29 164 42 110 121 28 15 54 45 190 189 72 152 0,
PFG_MOEA,263,6,274.07,2785.44,0 35 108 129 83 6 52 177 149 12 153 165 154 19 159 63 37 194 122 197 193 91 148 25 101 31 150 62 179 33 155 97 123 47 135 107 156 124 0,91 194
PFG_MOEA,264,1,306.31,2495.58,0 136 20 143 5 61 109 11 36 126 34 112 180 182 167 56 9 137 85 17 162 200 142 120 74 62 135 107 156 124 0,11 126
PFG_MOEA,264,2,306.31,2495.58,0 47 123 97 155 111 179 33 14 132 18 46 4 99 60 173 151 116 199 171 144 30 24 59 1 44 7 2 77 0,99
PFG_MOEA,264,3,306.31,2495.58,0 51 48 146 175 78 185 66 166 195 58 100 113 178 86 104 181 53 93 43 160 192 69 70 55 196 119 198 128 98 21 115 39 64 0,93 181
PFG_MOEA,264,4,306.31,2495.58,0 131 163 106 40 68 95 172 94 32 41 169 67 191 92 130 90 168 75 80 140 38 82 161 133 158 102 105 49 147 23 183 88 145 174 157 118 170 114 188 138 81 26 10 8 50 71 0,80 105
PFG_MOEA,264,5,306.31,2495.58,0 152 83 153 12 149 177 52 6 63 159 19 139 103 190 45 54 15 87 22 187 57 184 27 89 28 121 110 42 29 164 127 73 3 0,149 190
PFG_MOEA,264,6,306.31,2495.58,0 117 13 79 96 134 186 141 125 154 165 129 16 108 35 150 31 101 25 148 91 193 122 194 37 72 189 197 76 65 176 84 0,91 141
PFG_MOEA,265,1,528.52,2327.53,0 124 156 107 126 36 109 11 167 182 34 112 180 176 197 76 65 84 74 120 142 200 162 56 9 17 85 137 173 60 99 151 116 199 30 144 171 4 46 18 132 14 33 179 111 155 97 123 47 62 135 77 2 24 59 1 44 7 195 58 100 113 178 86 104 166 66 181 53 93 160 43 185 78 175 146 192 69 70 55 196 119 198 128 98 21 115 48 51 0,126 182
PFG_MOEA,265,2,528.52,2327.53,0 39 0,39
PFG_MOEA,265,3,528.52,2327.53,0 64 0,
PFG_MOEA,265,4,528.52,2327.53,0 81 71 50 0,
PFG_MOEA,265,5,528.52,2327.53,0 131 163 106 40 130 92 133 161 82 38 140 80 75 168 90 158 102 105 49 147 23 183 88 145 174 157 118 170 10 8 26 114 188 138 0,92 168
PFG_MOEA,265,6,528.52,2327.53,0 136 20 143 61 5 16 108 35 150 31 101 25 148 91 193 122 194 37 72 189 190 45 87 22 187 57 184 27 89 41 169 67 191 32 94 68 95 172 15 54 103 139 19 159 63 6 52 177 149 12 153 83 129 165 154 125 141 186 152 134 96 79 13 28 121 110 42 29 164 127 73 3 117 0,91 141 187
PFG_MOEA,266,1,264.18,3010.24,0 117 16 108 35 150 37 72 87 22 187 57 172 95 184 27 89 41 32 94 191 133 161 82 38 140 80 75 168 105 102 158 90 67 169 68 152 0,94 168
PFG_MOEA,266,2,264.18,3010.24,0 3 31 101 25 148 91 6 52 177 149 190 45 122 76 65 193 176 84 151 116 199 171 4 46 18 132 144 30 109 107 156 124 0,122 149
PFG_MOEA,266,3,264.18,3010.24,0 126 36 11 167 182 34 112 180 194 189 197 74 120 142 200 162 17 85 137 173 60 99 9 56 111 179 33 14 155 97 123 47 62 135 77 0,
PFG_MOEA,266,4,264.18,3010.24,0 24 59 2 1 44 7 195 58 100 113 178 86 104 166 66 93 181 53 192 160 43 185 78 175 131 163 183 23 147 49 130 92 40 106 0,
PFG_MOEA,266,5,264.18,3010.24,0 136 20 143 61 69 70 55 196 119 198 98 128 10 8 145 88 174 157 118 170 114 188 138 26 81 71 50 39 0,136
PFG_MOEA,266,6,264.18,3010.24,0 51 48 146 21 115 64 127 73 164 29 42 110 121 28 15 54 13 79 96 134 186 141 103 139 19 159 63 154 125 165 153 12 83 129 5 0,21 96
PFG_MOEA,267,1,274.07,2785.44,0 112 180 182 74 120 142 200 162 56 9 17 85 137 173 60 99 151 116 199 171 4 46 18 132 14 111 144 30 77 175 24 59 2 1 44 7 160 146 48 51 0,4 162 182
PFG_MOEA,267,2,274.07,2785.44,0 167 78 185 66 166 195 58 100 113 178 86 104 181 53 93 43 192 69 70 55 196 119 198 128 98 21 115 0,104
PFG_MOEA,267,3,274.07,2785.44,0 39 50 71 26 8 10 105 102 158 90 168 75 80 140 38 82 161 133 191 41 89 27 184 172 95 94 32 131 88 145 174 157 118 170 114 188 138 81 64 0,80 94
PFG_MOEA,267,4,274.07,2785.44,0 126 20 136 143 5 61 109 36 11 34 84 176 65 76 139 103 87 22 187 57 183 13 79 96 134 186 141 125 16 117 0,
PFG_MOEA,267,5,274.07,2785.44,0 3 73 127 163 23 147 49 130 92 67 169 68 40 106 29 164 42 110 121 28 15 54 45 190 189 72 152 0,
PFG_MOEA,267,6,274.07,2785.44,0 35 108 129 83 6 52 177 149 12 153 165 154 19 159 63 37 194 122 197 193 91 148 25 101 31 150 62 179 33 155 97 123 47 135 107 156 124 0,91 194
PFG_MOEA,268,1,306.31,2495.58,0 136 20 143 5 61 109 11 36 126 34 112 180 182 167 56 9 137 85 17 162 200 142 120 74 62 135 107 156 124 0,11 126
PFG_MOEA,268,2,306.31,2495.58,0 47 123 97 155 111 179 33 14 132 18 46 4 99 60 173 151 116 199 171 144 30 24 59 1 44 7 2 77 0,99
PFG_MOEA,268,3,306.31,2495.58,0 51 48 146 175 78 185 66 166 195 58 100 113 178 86 104 181 53 93 43 160 192 69 70 55 196 119 198 128 98 21 115 39 64 0,93 181
PFG_MOEA,268,4,306.31,2495.58,0 131 163 106 40 68 95 172 94 32 41 169 67 191 92 130 90 168 75 80 140 38 82 161 133 158 102 105 49 147 23 183 88 145 174 157 118 170 114 188 138 81 26 10 8 50 71 0,80 105
PFG_MOEA,268,5,306.31,2495.58,0 152 83 153 12 149 177 52 6 63 159 19 139 103 190 45 54 15 87 22 187 57 184 27 89 28 121 110 42 29 164 127 73 3 0,149 190
PFG_MOEA,268,6,306.31,2495.58,0 117 13 79 96 134 186 141 125 154 165 129 16 108 35 150 31 101 25 148 91 193 122 194 37 72 189 197 76 65 176 84 0,91 141
PFG_MOEA,269,1,528.52,2327.53,0 124 156 107 126 36 109 11 167 182 34 112 180 176 197 76 65 84 74 120 142 200 162 56 9 17 85 137 173 60 99 151 116 199 30 144 171 4 46 18 132 14 33 179 111 155 97 123 47 62 135 77 2 24 59 1 44 7 195 58 100 113 178 86 104 166 66 181 53 93 160 43 185 78 175 146 192 69 70 55 196 119 198 128 98 21 115 48 51 0,126 182
PFG_MOEA,269,2,528.52,2327.53,0 39 0,39
PFG_MOEA,269,3,528.52,2327.53,0 64 0,
PFG_MOEA,269,4,528.52,2327.53,0 81 71 50 0,
PFG_MOEA,269,5,528.52,2327.53,0 131 163 106 40 130 92 133 161 82 38 140 80 75 168 90 158 102 105 49 147 23 183 88 145 174 157 118 170 10 8 26 114 188 138 0,92 168
PFG_MOEA,269,6,528.52,2327.53,0 136 20 143 61 5 16 108 35 150 31 101 25 148 91 193 122 194 37 72 189 190 45 87 22 187 57 184 27 89 41 169 67 191 32 94 68 95 172 15 54 103 139 19 159 63 6 52 177 149 12 153 83 129 165 154 125 141 186 152 134 96 79 13 28 121 110 42 29 164 127 73 3 117 0,91 141 187
PFG_MOEA,270,1,264.18,3010.24,0 117 16 108 35 150 37 72 87 22 187 57 172 95 184 27 89 41 32 94 191 133 161 82 38 140 80 75 168 105 102 158 90 67 169 68 152 0,94 168
PFG_MOEA,270,2,264.18,3010.24,0 3 31 101 25 148 91 6 52 177 149 190 45 122 76 65 193 176 84 151 116 199 171 4 46 18 132 144 30 109 107 156 124 0,122 149
PFG_MOEA,270,3,264.18,3010.24,0 126 36 11 167 182 34 112 180 194 189 197 74 120 142 200 162 17 85 137 173 60 99 9 56 111 179 33 14 155 97 123 47 62 135 77 0,
PFG_MOEA,270,4,264.18,3010.24,0 24 59 2 1 44 7 195 58 100 113 178 86 104 166 66 93 181 53 192 160 43 185 78 175 131 163 183 23 147 49 130 92 40 106 0,
PFG_MOEA,270,5,264.18,3010.24,0 136 20 143 61 69 70 55 196 119 198 98 128 10 8 145 88 174 157 118 170 114 188 138 26 81 71 50 39 0,136
PFG_MOEA,270,6,264.18,3010.24,0 51 48 146 21 115 64 127 73 164 29 42 110 121 28 15 54 13 79 96 134 186 141 103 139 19 159 63 154 125 165 153 12 83 129 5 0,21 96
PFG_MOEA,271,1,274.07,2785.44,0 112 180 182 74 120 142 200 162 56 9 17 85 137 173 60 99 151 116 199 171 4 46 18 132 14 111 144 30 77 175 24 59 2 1 44 7 160 146 48 51 0,4 162 182
PFG_MOEA,271,2,274.07,2785.44,0 167 78 185 66 166 195 58 100 113 178 86 104 181 53 93 43 192 69 70 55 196 119 198 128 98 21 115 0,104
PFG_MOEA,271,3,274.07,2785.44,0 39 50 71 26 8 10 105 102 158 90 168 75 80 140 38 82 161 133 191 41 89 27 184 172 95 94 32 131 88 145 174 157 118 170 114 188 138 81 64 0,80 94
PFG_MOEA,271,4,274.07,2785.44,0 126 20 136 143 5 61 109 36 11 34 84 176 65 76 139 103 87 22 187 57 183 13 79 96 134 186 141 125 16 117 0,
PFG_MOEA,271,5,274.07,2785.44,0 3 73 127 163 23 147 49 130 92 67 169 68 40 106 29 164 42 110 121 28 15 54 45 190 189 72 152 0,
PFG_MOEA,271,6,274.07,2785.44,0 35 108 129 83 6 52 177 149 12 153 165 154 19 159 63 37 194 122 197 193 91 148 25 101 31 150 62 179 33 155 97 123 47 135 107 156 124 0,91 194
PFG_MOEA,272,1,306.31,2495.58,0 136 20 143 5 61 109 11 36 126 34 112 180 182 167 56 9 137 85 17 162 200 142 120 74 62 135 107 156 124 0,11 126
PFG_MOEA,272,2,306.31,2495.58,0 47 123 97 155 111 179 33 14 132 18 46 4 99 60 173 151 116 199 171 144 30 24 59 1 44 7 2 77 0,99
PFG_MOEA,272,3,306.31,2495.58,0 51 48 146 175 78 185 66 166 195 58 100 113 178 86 104 181 53 93 43 160 192 69 70 55 196 119 198 128 98 21 115 39 64 0,93 181
PFG_MOEA,272,4,306.31,2495.58,0 131 163 106 40 68 95 172 94 32 41 169 67 191 92 130 90 168 75 80 140 38 82 161 133 158 102 105 49 147 23 183 88 145 174 157 118 170 114 188 138 81 26 10 8 50 71 0,80 105
PFG_MOEA,272,5,306.31,2495.58,0 152 83 153 12 149 177 52 6 63 159 19 139 103 190 45 54 15 87 22 187 57 184 27 89 28 121 110 42 29 164 127 73 3 0,149 190
PFG_MOEA,272,6,306.31,2495.58,0 117 13 79 96 134 186 141 125 154 165 129 16 108 35 150 31 101 25 148 91 193 122 194 37 72 189 197 76 65 176 84 0,91 141
PFG_MOEA,273,1,528.52,2327.53,0 124 156 107 126 36 109 11 167 182 34 112 180 176 197 76 65 84 74 120 142 200 162 56 9 17 85 137 173 60 99 151 116 199 30 144 171 4 46 18 132 14 33 179 111 155 97 123 47 62 135 77 2 24 59 1 44 7 195 58 100 113 178 86 104 166 66 181 53 93 160 43 185 78 175 146 192 69 70 55 196 119 198 128 98 21 115 48 51 0,126 182
PFG_MOEA,273,2,528.52,2327.53,0 39 0,39
PFG_MOEA,273,3,528.52,2327.53,0 64 0,
PFG_MOEA,273,4,528.52,2327.53,0 81 71 50 0,
PFG_MOEA,273,5,528.52,2327.53,0 131 163 106 40 130 92 133 161 82 38 140 80 75 168 90 158 102 105 49 147 23 183 88 145 174 157 118 170 10 8 26 114 188 138 0,92 168
PFG_MOEA,273,6,528.52,2327.53,0 136 20 143 61 5 16 108 35 150 31 101 25 148 91 193 122 194 37 72 189 190 45 87 22 187 57 184 27 89 41 169 67 191 32 94 68 95 172 15 54 103 139 19 159 63 6 52 177 149 12 153 83 129 165 154 125 141 186 152 134 96 79 13 28 121 110 42 29 164 127 73 3 117 0,91 141 187
PFG_MOEA,274,1,264.18,3010.24,0 117 16 108 35 150 37 72 87 22 187 57 172 95 184 27 89 41 32 94 191 133 161 82 38 140 80 75 168 105 102 158 90 67 169 68 152 0,94 168
PFG_MOEA,274,2,264.18,3010.24,0 3 31 101 25 148 91 6 52 177 149 190 45 122 76 65 193 176 84 151 116 199 171 4 46 18 132 144 30 109 107 156 124 0,122 149
PFG_MOEA,274,3,264.18,3010.24,0 126 36 11 167 182 34 112 180 194 189 197 74 120 142 200 162 17 85 137 173 60 99 9 56 111 179 33 14 155 97 123 47 62 135 77 0,
PFG_MOEA,274,4,264.18,3010.24,0 24 59 2 1 44 7 195 58 100 113 178 86 104 166 66 93 181 53 192 160 43 185 78 175 131 163 183 23 147 49 130 92 40 106 0,
PFG_MOEA,274,5,264.18,3010.24,0 136 20 143 61 69 70 55 196 119 198 98 128 10 8 145 88 174 157 118 170 114 188 138 26 81 71 50 39 0,136
PFG_MOEA,274,6,264.18,3010.24,0 51 48 146 21 115 64 127 73 164 29 42 110 121 28 15 54 13 79 96 134 186 141 103 139 19 159 63 154 125 165 153 12 83 129 5 0,21 96
PFG_MOEA,275,1,274.07,2785.44,0 112 180 182 74 120 142 200 162 56 9 17 85 137 173 60 99 151 116 199 171 4 46 18 132 14 111 144 30 77 175 24 59 2 1 44 7 160 146 48 51 0,4 162 182
PFG_MOEA,275,2,274.07,2785.44,0 167 78 185 66 166 195 58 100 113 178 86 104 181 53 93 43 192 69 70 55 196 119 198 128 98 21 115 0,104
PFG_MOEA,275,3,274.07,2785.44,0 39 50 71 26 8 10 105 102 158 90 168 75 80 140 38 82 161 133 191 41 89 27 184 172 95 94 32 131 88 145 174 157 118 170 114 188 138 81 64 0,80 94
PFG_MOEA,275,4,274.07,2785.44,0 126 20 136 143 5 61 109 36 11 34 84 176 65 76 139 103 87 22 187 57 183 13 79 96 134 186 141 125 16 117 0,
PFG_MOEA,275,5,274.07,2785.44,0 3 73 127 163 23 147 49 130 92 67 169 68 40 106 29 164 42 110 121 28 15 54 45 190 189 72 152 0,
PFG_MOEA,275,6,274.07,2785.44,0 35 108 129 83 6 52 177 149 12 153 165 154 19 159 63 37 194 122 197 193 91 148 25 101 31 150 62 179 33 155 97 123 47 135 107 156 124 0,91 194
PFG_MOEA,276,1,306.31,2495.58,0 136 20 143 5 61 109 11 36 126 34 112 180 182 167 56 9 137 85 17 162 200 142 120 74 62 135 107 156 124 0,11 126
PFG_MOEA,276,2,306.31,2495.58,0 47 123 97 155 111 179 33 14 132 18 46 4 99 60 173 151 116 199 171 144 30 24 59 1 44 7 2 77 0,99
PFG_MOEA,276,3,306.31,2495.58,0 51 48 146 175 78 185 66 166 195 58 100 113 178 86 104 181 53 93 43 160 192 69 70 55 196 119 198 128 98 21 115 39 64 0,93 181
PFG_MOEA,276,4,306.31,2495.58,0 131 163 106 40 68 95 172 94 32 41 169 67 191 92 130 90 168 75 80 140 38 82 161 133 158 102 105 49 147 23 183 88 145 174 157 118 170 114 188 138 81 26 10 8 50 71 0,80 105
PFG_MOEA,276,5,306.31,2495.58,0 152 83 153 12 149 177 52 6 63 159 19 139 103 190 45 54 15 87 22 187 57 184 27 89 28 121 110 42 29 164 127 73 3 0,149 190
PFG_MOEA,276,6,306.31,2495.58,0 117 13 79 96 134 186 141 125 154 165 129 16 108 35 150 31 101 25 148 91 193 122 194 37 72 189 197 76 65 176 84 0,91 141
PFG_MOEA,277,1,528.52,2327.53,0 124 156 107 126 36 109 11 167 182 34 112 180 176 197 76 65 84 74 120 142 200 162 56 9 17 85 137 173 60 99 151 116 199 30 144 171 4 46 18 132 14 33 179 111 155 97 123 47 62 135 77 2 24 59 1 44 7 195 58 100 113 178 86 104 166 66 181 53 93 160 43 185 78 175 146 192 69 70 55 196 119 198 128 98 21 115 48 51 0,126 182
PFG_MOEA,277,2,528.52,2327.53,0 39 0,39
PFG_MOEA,277,3,528.52,2327.53,0 64 0,
PFG_MOEA,277,4,528.52,2327.53,0 81 71 50 0,
PFG_MOEA,277,5,528.52,2327.53,0 131 163 106 40 130 92 133 161 82 38 140 80 75 168 90 158 102 105 49 147 23 183 88 145 174 157 118 170 10 8 26 114 188 138 0,92 168
PFG_MOEA,277,6,528.52,2327.53,0 136 20 143 61 5 16 108 35 150 31 101 25 148 91 193 122 194 37 72 189 190 45 87 22 187 57 184 27 89 41 169 67 191 32 94 68 95 172 15 54 103 139 19 159 63 6 52 177 149 12 153 83 129 165 154 125 141 186 152 134 96 79 13 28 121 110 42 29 164 127 73 3 117 0,91 141 187
PFG_MOEA,278,1,264.18,3010.24,0 117 16 108 35 150 37 72 87 22 187 57 172 95 184 27 89 41 32 94 191 133 161 82 38 140 80 75 168 105 102 158 90 67 169 68 152 0,94 168
PFG_MOEA,278,2,264.18,3010.24,0 3 31 101 25 148 91 6 52 177 149 190 45 122 76 65 193 176 84 151 116 199 171 4 46 18 132 144 30 109 107 156 124 0,122 149
PFG_MOEA,278,3,264.18,3010.24,0 126 36 11 167 182 34 112 180 194 189 197 74 120 142 200 162 17 85 137 173 60 99 9 56 111 179 33 14 155 97 123 47 62 135 77 0,
PFG_MOEA,278,4,264.18,3010.24,0 24 59 2 1 44 7 195 58 100 113 178 86 104 166 66 93 181 53 192 160 43 185 78 175 131 163 183 23 147 49 130 92 40 106 0,
PFG_MOEA,278,5,264.18,3010.24,0 136 20 143 61 69 70 55 196 119 198 98 128 10 8 145 88 174 157 118 170 114 188 138 26 81 71 50 39 0,136
PFG_MOEA,278,6,264.18,3010.24,0 51 48 146 21 115 64 127 73 164 29 42 110 121 28 15 54 13 79 96 134 186 141 103 139 19 159 63 154 125 165 153 12 83 129 5 0,21 96
PFG_MOEA,279,1,274.07,2785.44,0 112 180 182 74 120 142 200 162 56 9 17 85 137 173 60 99 151 116 199 171 4 46 18 132 14 111 144 30 77 175 24 59 2 1 44 7 160 146 48 51 0,4 162 182
PFG_MOEA,279,2,274.07,2785.44,0 167 78 185 66 166 195 58 100 113 178 86 104 181 53 93 43 192 69 70 55 196 119 198 128 98 21 115 0,104
PFG_MOEA,279,3,274.07,2785.44,0 39 50 71 26 8 10 105 102 158 90 168 75 80 140 38 82 161 133 191 41 89 27 184 172 95 94 32 131 88 145 174 157 118 170 114 188 138 81 64 0,80 94
PFG_MOEA,279,4,274.07,2785.44,0 126 20 136 143 5 61 109 36 11 34 84 176 65 76 139 103 87 22 187 57 183 13 79 96 134 186 141 125 16 117 0,
PFG_MOEA,279,5,274.07,2785.44,0 3 73 127 163 23 147 49 130 92 67 169 68 40 106 29 164 42 110 121 28 15 54 45 190 189 72 152 0,
PFG_MOEA,279,6,274.07,2785.44,0 35 108 129 83 6 52 177 149 12 153 165 154 19 159 63 37 194 122 197 193 91 148 25 101 31 150 62 179 33 155 97 123 47 135 107 156 124 0,91 194
PFG_MOEA,280,1,306.31,2495.58,0 136 20 143 5 61 109 11 36 126 34 112 180 182 167 56 9 137 85 17 162 200 142 120 74 62 135 107 156 124 0,11 126
PFG_MOEA,280,2,306.31,2495.58,0 47 123 97 155 111 179 33 14 132 18 46 4 99 60 173 151 116 199 171 144 30 24 59 1 44 7 2 77 0,99
PFG_MOEA,280,3,306.31,2495.58,0 51 48 146 175 78 185 66 166 195 58 100 113 178 86 104 181 53 93 43 160 192 69 70 55 196 119 198 128 98 21 115 39 64 0,93 181
PFG_MOEA,280,4,306.31,2495.58,0 131 163 106 40 68 95 172 94 32 41 169 67 191 92 130 90 168 75 80 140 38 82 161 133 158 102 105 49 147 23 183 88 145 174 157 118 170 114 188 138 81 26 10 8 50 71 0,80 105
PFG_MOEA,280,5,306.31,2495.58,0 152 83 153 12 149 177 52 6 63 159 19 139 103 190 45 54 15 87 22 187 57 184 27 89 28 121 110 42 29 164 127 73 3 0,149 190
PFG_MOEA,280,6,306.31,2495.58,0 117 13 79 96 134 186 141 125 154 165 129 16 108 35 150 31 101 25 148 91 193 122 194 37 72 189 197 76 65 176 84 0,91 141
PFG_MOEA,281,1,528.52,2327.53,0 124 156 107 126 36 109 11 167 182 34 112 180 176 197 76 65 84 74 120 142 200 162 56 9 17 85 137 173 60 99 151 116 199 30 144 171 4 46 18 132 14 33 179 111 155 97 123 47 62 135 77 2 24 59 1 44 7 195 58 100 113 178 86 104 166 66 181 53 93 160 43 185 78 175 146 192 69 70 55 196 119 198 128 98 21 115 48 51 0,126 182
PFG_MOEA,281,2,528.52,2327.53,0 39 0,39
PFG_MOEA,281,3,528.52,2327.53,0 64 0,
PFG_MOEA,281,4,528.52,2327.53,0 81 71 50 0,
PFG_MOEA,281,5,528.52,2327.53,0 131 163 106 40 130 92 133 161 82 38 140 80 75 168 90 158 102 105 49 147 23 183 88 145 174 157 118 170 10 8 26 114 188 138 0,92 168
PFG_MOEA,281,6,528.52,2327.53,0 136 20 143 61 5 16 108 35 150 31 101 25 148 91 193 122 194 37 72 189 190 45 87 22 187 57 184 27 89 41 169 67 191 32 94 68 95 172 15 54 103 139 19 159 63 6 52 177 149 12 153 83 129 165 154 125 141 186 152 134 96 79 13 28 121 110 42 29 164 127 73 3 117 0,91 141 187
PFG_MOEA,282,1,264.18,3010.24,0 117 16 108 35 150 37 72 87 22 187 57 172 95 184 27 89 41 32 94 191 133 161 82 38 140 80 75 168 105 102 158 90 67 169 68 152 0,94 168
PFG_MOEA,282,2,264.18,3010.24,0 3 31 101 25 148 91 6 52 177 149 190 45 122 76 65 193 176 84 151 116 199 171 4 46 18 132 144 30 109 107 156 124 0,122 149
PFG_MOEA,282,3,264.18,3010.24,0 126 36 11 167 182 34 112 180 194 189 197 74 120 142 200 162 17 85 137 173 60 99 9 56 111 179 33 14 155 97 123 47 62 135 77 0,
PFG_MOEA,282,4,264.18,3010.24,0 24 59 2 1 44 7 195 58 100 113 178 86 104 166 66 93 181 53 192 160 43 185 78 175 131 163 183 23 147 49 130 92 40 106 0,
PFG_MOEA,282,5,264.18,3010.24,0 136 20 143 61 69 70 55 196 119 198 98 128 10 8 145 88 174 157 118 170 114 188 138 26 81 71 50 39 0,136
PFG_MOEA,282,6,264.18,3010.24,0 51 48 146 21 115 64 127 73 164 29 42 110 121 28 15 54 13 79 96 134 186 141 103 139 19 159 63 154 125 165 153 12 83 129 5 0,21 96
PFG_MOEA,283,1,274.07,2785.44,0 112 180 182 74 120 142 200 162 56 9 17 85 137 173 60 99 151 116 199 171 4 46 18 132 14 111 144 30 77 175 24 59 2 1 44 7 160 146 48 51 0,4 162 182
PFG_MOEA,283,2,274.07,2785.44,0 167 78 185 66 166 195 58 100 113 178 86 104 181 53 93 43 192 69 70 55 196 119 198 128 98 21 115 0,104
PFG_MOEA,283,3,274.07,2785.44,0 39 50 71 26 8 10 105 102 158 90 168 75 80 140 38 82 161 133 191 41 89 27 184 172 95 94 32 131 88 145 174 157 118 170 114 188 138 81 64 0,80 94
PFG_MOEA,283,4,274.07,2785.44,0 126 20 136 143 5 61 109 36 11 34 84 176 65 76 139 103 87 22 187 57 183 13 79 96 134 186 141 125 16 117 0,
PFG_MOEA,283,5,274.07,2785.44,0 3 73 127 163 23 147 49 130 92 67 169 68 40 106 29 164 42 110 121 28 15 54 45 190 189 72 152 0,
PFG_MOEA,283,6,274.07,2785.44,0 35 108 129 83 6 52 177 149 12 153 165 154 19 159 63 37 194 122 197 193 91 148 25 101 31 150 62 179 33 155 97 123 47 135 107 156 124 0,91 194
PFG_MOEA,284,1,306.31,2495.58,0 136 20 143 5 61 109 11 36 126 34 112 180 182 167 56 9 137 85 17 162 200 142 120 74 62 135 107 156 124 0,11 126
PFG_MOEA,284,2,306.31,2495.58,0 47 123 97 155 111 179 33 14 132 18 46 4 99 60 173 151 116 199 171 144 30 24 59 1 44 7 2 77 0,99
PFG_MOEA,284,3,306.31,2495.58,0 51 48 146 175 78 185 66 166 195 58 100 113 178 86 104 181 53 93 43 160 192 69 70 55 196 119 198 128 98 21 115 39 64 0,93 181
PFG_MOEA,284,4,306.31,2495.58,0 131 163 106 40 68 95 172 94 32 41 169 67 191 92 130 90 168 75 80 140 38 82 161 133 158 102 105 49 147 23 183 88 145 174 157 118 170 114 188 138 81 26 10 8 50 71 0,80 105
PFG_MOEA,284,5,306.31,2495.58,0 152 83 153 12 149 177 52 6 63 159 19 139 103 190 45 54 15 87 22 187 57 184 27 89 28 121 110 42 29 164 127 73 3 0,149 190
PFG_MOEA,284,6,306.31,2495.58,0 117 13 79 96 134 186 141 125 154 165 129 16 108 35 150 31 101 25 148 91 193 122 194 37 72 189 197 76 65 176 84 0,91 141
PFG_MOEA,285,1,528.52,2327.53,0 124 156 107 126 36 109 11 167 182 34 112 180 176 197 76 65 84 74 120 142 200 162 56 9 17 85 137 173 60 99 151 116 199 30 144 171 4 46 18 132 14 33 179 111 155 97 123 47 62 135 77 2 24 59 1 44 7 195 58 100 113 178 86 104 166 66 181 53 93 160 43 185 78 175 146 192 69 70 55 196 119 198 128 98 21 115 48 51 0,126 182
PFG_MOEA,285,2,528.52,2327.53,0 39 0,39
PFG_MOEA,285,3,528.52,2327.53,0 64 0,
PFG_MOEA,285,4,528.52,2327.53,0 81 71 50 0,
PFG_MOEA,285,5,528.52,2327.53,0 131 163 106 40 130 92 133 161 82 38 140 80 75 168 90 158 102 105 49 147 23 183 88 145 174 157 118 170 10 8 26 114 188 138 0,92 168
PFG_MOEA,285,6,528.52,2327.53,0 136 20 143 61 5 16 108 35 150 31 101 25 148 91 193 122 194 37 72 189 190 45 87 22 187 57 184 27 89 41 169 67 191 32 94 68 95 172 15 54 103 139 19 159 63 6 52 177 149 12 153 83 129 165 154 125 141 186 152 134 96 79 13 28 121 110 42 29 164 127 73 3 117 0,91 141 187
PFG_MOEA,286,1,264.18,3010.24,0 117 16 108 35 150 37 72 87 22 187 57 172 95 184 27 89 41 32 94 191 133 161 82 38 140 80 75 168 105 102 158 90 67 169 68 152 0,94 168
PFG_MOEA,286,2,264.18,3010.24,0 3 31 101 25 148 91 6 52 177 149 190 45 122 76 65 193 176 84 151 116 199 171 4 46 18 132 144 30 109 107 156 124 0,122 149
PFG_MOEA,286,3,264.18,3010.24,0 126 36 11 167 182 34 112 180 194 189 197 74 120 142 200 162 17 85 137 173 60 99 9 56 111 179 33 14 155 97 123 47 62 135 77 0,
PFG_MOEA,286,4,264.18,3010.24,0 24 59 2 1 44 7 195 58 100 113 178 86 104 166 66 93 181 53 192 160 43 185 78 175 131 163 183 23 147 49 130 92 40 106 0,
PFG_MOEA,286,5,264.18,3010.24,0 136 20 143 61 69 70 55 196 119 198 98 128 10 8 145 88 174 157 118 170 114 188 138 26 81 71 50 39 0,136
PFG_MOEA,286,6,264.18,3010.24,0 51 48 146 21 115 64 127 73 164 29 42 110 121 28 15 54 13 79 96 134 186 141 103 139 19 159 63 154 125 165 153 12 83 129 5 0,21 96
PFG_MOEA,287,1,274.07,2785.44,0 112 180 182 74 120 142 200 162 56 9 17 85 137 173 60 99 151 116 199 171 4 46 18 132 14 111 144 30 77 175 24 59 2 1 44 7 160 146 48 51 0,4 162 182
PFG_MOEA,287,2,274.07,2785.44,0 167 78 185 66 166 195 58 100 113 178 86 104 181 53 93 43 192 69 70 55 196 119 198 128 98 21 115 0,104
PFG_MOEA,287,3,274.07,2785.44,0 39 50 71 26 8 10 105 102 158 90 168 75 80 140 38 82 161 133 191 41 89 27 184 172 95 94 32 131 88 145 174 157 118 170 114 188 138 81 64 0,80 94
PFG_MOEA,287,4,274.07,2785.44,0 126 20 136 143 5 61 109 36 11 34 84 176 65 76 139 103 87 22 187 57 183 13 79 96 134 186 141 125 16 117 0,
PFG_MOEA,287,5,274.07,2785.44,0 3 73 127 163 23 147 49 130 92 67 169 68 40 106 29 164 42 110 121 28 15 54 45 190 189 72 152 0,
PFG_MOEA,287,6,274.07,2785.44,0 35 108 129 83 6 52 177 149 12 153 165 154 19 159 63 37 194 122 197 193 91 148 25 101 31 150 62 179 33 155 97 123 47 135 107 156 124 0,91 194
PFG_MOEA,288,1,306.31,2495.58,0 136 20 143 5 61 109 11 36 126 34 112 180 182 167 56 9 137 85 17 162 200 142 120 74 62 135 107 156 124 0,11 126
PFG_MOEA,288,2,306.31,2495.58,0 47 123 97 155 111 179 33 14 132 18 46 4 99 60 173 151 116 199 171 144 30 24 59 1 44 7 2 77 0,99
PFG_MOEA,288,3,306.31,2495.58,0 51 48 146 175 78 185 66 166 195 58 100 113 178 86 104 181 53 93 43 160 192 69 70 55 196 119 198 128 98 21 115 39 64 0,93 181
PFG_MOEA,288,4,306.31,2495.58,0 131 163 106 40 68 95 172 94 32 41 169 67 191 92 130 90 168 75 80 140 38 82 161 133 158 102 105 49 147 23 183 88 145 174 157 118 170 114 188 138 81 26 10 8 50 71 0,80 105
PFG_MOEA,288,5,306.31,2495.58,0 152 83 153 12 149 177 52 6 63 159 19 139 103 190 45 54 15 87 22 187 57 184 27 89 28 121 110 42 29 164 127 73 3 0,149 190
PFG_MOEA,288,6,306.31,2495.58,0 117 13 79 96 134 186 141 125 154 165 129 16 108 35 150 31 101 25 148 91 193 122 194 37 72 189 197 76 65 176 84 0,91 141
PFG_MOEA,289,1,528.52,2327.53,0 124 156 107 126 36 109 11 167 182 34 112 180 176 197 76 65 84 74 120 142 200 162 56 9 17 85 137 173 60 99 151 116 199 30 144 171 4 46 18 132 14 33 179 111 155 97 123 47 62 135 77 2 24 59 1 44 7 195 58 100 113 178 86 104 166 66 181 53 93 160 43 185 78 175 146 192 69 70 55 196 119 198 128 98 21 115 48 51 0,126 182
PFG_MOEA,289,2,528.52,2327.53,0 39 0,39
PFG_MOEA,289,3,528.52,2327.53,0 64 0,
PFG_MOEA,289,4,528.52,2327.53,0 81 71 50 0,
PFG_MOEA,289,5,528.52,2327.53,0 131 163 106 40 130 92 133 161 82 38 140 80 75 168 90 158 102 105 49 147 23 183 88 145 174 157 118 170 10 8 26 114 188 138 0,92 168
PFG_MOEA,289,6,528.52,2327.53,0 136 20 143 61 5 16 108 35 150 31 101 25 148 91 193 122 194 37 72 189 190 45 87 22 187 57 184 27 89 41 169 67 191 32 94 68 95 172 15 54 103 139 19 159 63 6 52 177 149 12 153 83 129 165 154 125 141 186 152 134 96 79 13 28 121 110 42 29 164 127 73 3 117 0,91 141 187
PFG_MOEA,290,1,264.18,3010.24,0 117 16 108 35 150 37 72 87 22 187 57 172 95 184 27 89 41 32 94 191 133 161 82 38 140 80 75 168 105 102 158 90 67 169 68 152 0,94 168
PFG_MOEA,290,2,264.18,3010.24,0 3 31 101 25 148 91 6 52 177 149 190 45 122 76 65 193 176 84 151 116 199 171 4 46 18 132 144 30 109 107 156 124 0,122 149
PFG_MOEA,290,3,264.18,3010.24,0 126 36 11 167 182 34 112 180 194 189 197 74 120 142 200 162 17 85 137 173 60 99 9 56 111 179 33 14 155 97 123 47 62 135 77 0,
PFG_MOEA,290,4,264.18,3010.24,0 24 59 2 1 44 7 195 58 100 113 178 86 104 166 66 93 181 53 192 160 43 185 78 175 131 163 183 23 147 49 130 92 40 106 0,
PFG_MOEA,290,5,264.18,3010.24,0 136 20 143 61 69 70 55 196 119 198 98 128 10 8 145 88 174 157 118 170 114 188 138 26 81 71 50 39 0,136
PFG_MOEA,290,6,264.18,3010.24,0 51 48 146 21 115 64 127 73 164 29 42 110 121 28 15 54 13 79 96 134 186 141 103 139 19 159 63 154 125 165 153 12 83 129 5 0,21 96
PFG_MOEA,291,1,274.07,2785.44,0 112 180 182 74 120 142 200 162 56 9 17 85 137 173 60 99 151 116 199 171 4 46 18 132 14 111 144 30 77 175 24 59 2 1 44 7 160 146 48 51 0,4 162 182
PFG_MOEA,291,2,274.07,2785.44,0 167 78 185 66 166 195 58 100 113 178 86 104 181 53 93 43 192 69 70 55 196 119 198 128 98 21 115 0,104
PFG_MOEA,291,3,274.07,2785.44,0 39 50 71 26 8 10 105 102 158 90 168 75 80 140 38 82 161 133 191 41 89 27 184 172 95 94 32 131 88 145 174 157 118 170 114 188 138 81 64 0,80 94
PFG_MOEA,291,4,274.07,2785.44,0 126 20 136 143 5 61 109 36 11 34 84 176 65 76 139 103 87 22 187 57 183 13 79 96 134 186 141 125 16 117 0,
PFG_MOEA,291,5,274.07,2785.44,0 3 73 127 163 23 147 49 130 92 67 169 68 40 106 29 164 42 110 121 28 15 54 45 190 189 72 152 0,
PFG_MOEA,291,6,274.07,2785.44,0 35 108 129 83 6 52 177 149 12 153 165 154 19 159 63 37 194 122 197 193 91 148 25 101 31 150 62 179 33 155 97 123 47 135 107 156 124 0,91 194
PFG_MOEA,292,1,306.31,2495.58,0 136 20 143 5 61 109 11 36 126 34 112 180 182 167 56 9 137 85 17 162 200 142 120 74 62 135 107 156 124 0,11 126
PFG_MOEA,292,2,306.31,2495.58,0 47 123 97 155 111 179 33 14 132 18 46 4 99 60 173 151 116 199 171 144 30 24 59 1 44 7 2 77 0,99
PFG_MOEA,292,3,306.31,2495.58,0 51 48 146 175 78 185 66 166 195 58 100 113 178 86 104 181 53 93 43 160 192 69 70 55 196 119 198 128 98 21 115 39 64 0,93 181
PFG_MOEA,292,4,306.31,2495.58,0 131 163 106 40 68 95 172 94 32 41 169 67 191 92 130 90 168 75 80 140 38 82 161 133 158 102 105 49 147 23 183 88 145 174 157 118 170 114 188 138 81 26 10 8 50 71 0,80 105
PFG_MOEA,292,5,306.31,2495.58,0 152 83 153 12 149 177 52 6 63 159 19 139 103 190 45 54 15 87 22 187 57 184 27 89 28 121 110 42 29 164 127 73 3 0,149 190
PFG_MOEA,292,6,306.31,2495.58,0 117 13 79 96 134 186 141 125 154 165 129 16 108 35 150 31 101 25 148 91 193 122 194 37 72 189 197 76 65 176 84 0,91 141
PFG_MOEA,293,1,528.52,2327.53,0 124 156 107 126 36 109 11 167 182 34 112 180 176 197 76 65 84 74 120 142 200 162 56 9 17 85 137 173 60 99 151 116 199 30 144 171 4 46 18 132 14 33 179 111 155 97 123 47 62 135 77 2 24 59 1 44 7 195 58 100 113 178 86 104 166 66 181 53 93 160 43 185 78 175 146 192 69 70 55 196 119 198 128 98 21 115 48 51 0,126 182
PFG_MOEA,293,2,528.52,2327.53,0 39 0,39
PFG_MOEA,293,3,528.52,2327.53,0 64 0,
PFG_MOEA,293,4,528.52,2327.53,0 81 71 50 0,
PFG_MOEA,293,5,528.52,2327.53,0 131 163 106 40 130 92 133 161 82 38 140 80 75 168 90 158 102 105 49 147 23 183 88 145 174 157 118 170 10 8 26 114 188 138 0,92 168
PFG_MOEA,293,6,528.52,2327.53,0 136 20 143 61 5 16 108 35 150 31 101 25 148 91 193 122 194 37 72 189 190 45 87 22 187 57 184 27 89 41 169 67 191 32 94 68 95 172 15 54 103 139 19 159 63 6 52 177 149 12 153 83 129 165 154 125 141 186 152 134 96 79 13 28 121 110 42 29 164 127 73 3 117 0,91 141 187
PFG_MOEA,294,1,264.18,3010.24,0 117 16 108 35 150 37 72 87 22 187 57 172 95 184 27 89 41 32 94 191 133 161 82 38 140 80 75 168 105 102 158 90 67 169 68 152 0,94 168
PFG_MOEA,294,2,264.18,3010.24,0 3 31 101 25 148 91 6 52 177 149 190 45 122 76 65 193 176 84 151 116 199 171 4 46 18 132 144 30 109 107 156 124 0,122 149
PFG_MOEA,294,3,264.18,3010.24,0 126 36 11 167 182 34 112 180 194 189 197 74 120 142 200 162 17 85 137 173 60 99 9 56 111 179 33 14 155 97 123 47 62 135 77 0,
PFG_MOEA,294,4,264.18,3010.24,0 24 59 2 1 44 7 195 58 100 113 178 86 104 166 66 93 181 53 192 160 43 185 78 175 131 163 183 23 147 49 130 92 40 106 0,
PFG_MOEA,294,5,264.18,3010.24,0 136 20 143 61 69 70 55 196 119 198 98 128 10 8 145 88 174 157 118 170 114 188 138 26 81 71 50 39 0,136
PFG_MOEA,294,6,264.18,3010.24,0 51 48 146 21 115 64 127 73 164 29 42 110 121 28 15 54 13 79 96 134 186 141 103 139 19 159 63 154 125 165 153 12 83 129 5 0,21 96
PFG_MOEA,295,1,274.07,2785.44,0 112 180 182 74 120 142 200 162 56 9 17 85 137 173 60 99 151 116 199 171 4 46 18 132 14 111 144 30 77 175 24 59 2 1 44 7 160 146 48 51 0,4 162 182
PFG_MOEA,295,2,274.07,2785.44,0 167 78 185 66 166 195 58 100 113 178 86 104 181 53 93 43 192 69 70 55 196 119 198 128 98 21 115 0,104
PFG_MOEA,295,3,274.07,2785.44,0 39 50 71 26 8 10 105 102 158 90 168 75 80 140 38 82 161 133 191 41 89 27 184 172 95 94 32 131 88 145 174 157 118 170 114 188 138 81 64 0,80 94
PFG_MOEA,295,4,274.07,2785.44,0 126 20 136 143 5 61 109 36 11 34 84 176 65 76 139 103 87 22 187 57 183 13 79 96 134 186 141 125 16 117 0,
PFG_MOEA,295,5,274.07,2785.44,0 3 73 127 163 23 147 49 130 92 67 169 68 40 106 29 164 42 110 121 28 15 54 45 190 189 72 152 0,
PFG_MOEA,295,6,274.07,2785.44,0 35 108 129 83 6 52 177 149 12 153 165 154 19 159 63 37 194 122 197 193 91 148 25 101 31 150 62 179 33 155 97 123 47 135 107 156 124 0,91 194
PFG_MOEA,296,1,306.31,2495.58,0 136 20 143 5 61 109 11 36 126 34 112 180 182 167 56 9 137 85 17 162 200 142 120 74 62 135 107 156 124 0,11 126
PFG_MOEA,296,2,306.31,2495.58,0 47 123 97 155 111 179 33 14 132 18 46 4 99 60 173 151 116 199 171 144 30 24 59 1 44 7 2 77 0,99
PFG_MOEA,296,3,306.31,2495.58,0 51 48 146 175 78 185 66 166 195 58 100 113 178 86 104 181 53 93 43 160 192 69 70 55 196 119 198 128 98 21 115 39 64 0,93 181
PFG_MOEA,296,4,306.31,2495.58,0 131 163 106 40 68 95 172 94 32 41 169 67 191 92 130 90 168 75 80 140 38 82 161 133 158 102 105 49 147 23 183 88 145 174 157 118 170 114 188 138 81 26 10 8 50 71 0,80 105
PFG_MOEA,296,5,306.31,2495.58,0 152 83 153 12 149 177 52 6 63 159 19 139 103 190 45 54 15 87 22 187 57 184 27 89 28 121 110 42 29 164 127 73 3 0,149 190
PFG_MOEA,296,6,306.31,2495.58,0 117 13 79 96 134 186 141 125 154 165 129 16 108 35 150 31 101 25 148 91 193 122 194 37 72 189 197 76 65 176 84 0,91 141
PFG_MOEA,297,1,528.52,2327.53,0 124 156 107 126 36 109 11 167 182 34 112 180 176 197 76 65 84 74 120 142 200 162 56 9 17 85 137 173 60 99 151 116 199 30 144 171 4 46 18 132 14 33 179 111 155 97 123 47 62 135 77 2 24 59 1 44 7 195 58 100 113 178 86 104 166 66 181 53 93 160 43 185 78 175 146 192 69 70 55 196 119 198 128 98 21 115 48 51 0,126 182
PFG_MOEA,297,2,528.52,2327.53,0 39 0,39
PFG_MOEA,297,3,528.52,2327.53,0 64 0,
PFG_MOEA,297,4,528.52,2327.53,0 81 71 50 0,
PFG_MOEA,297,5,528.52,2327.53,0 131 163 106 40 130 92 133 161 82 38 140 80 75 168 90 158 102 105 49 147 23 183 88 145 174 157 118 170 10 8 26 114 188 138 0,92 168
PFG_MOEA,297,6,528.52,2327.53,0 136 20 143 61 5 16 108 35 150 31 101 25 148 91 193 122 194 37 72 189 190 45 87 22 187 57 184 27 89 41 169 67 191 32 94 68 95 172 15 54 103 139 19 159 63 6 52 177 149 12 153 83 129 165 154 125 141 186 152 134 96 79 13 28 121 110 42 29 164 127 73 3 117 0,91 141 187
PFG_MOEA,298,1,264.18,3010.24,0 117 16 108 35 150 37 72 87 22 187 57 172 95 184 27 89 41 32 94 191 133 161 82 38 140 80 75 168 105 102 158 90 67 169 68 152 0,94 168
PFG_MOEA,298,2,264.18,3010.24,0 3 31 101 25 148 91 6 52 177 149 190 45 122 76 65 193 176 84 151 116 199 171 4 46 18 132 144 30 109 107 156 124 0,122 149
PFG_MOEA,298,3,264.18,3010.24,0 126 36 11 167 182 34 112 180 194 189 197 74 120 142 200 162 17 85 137 173 60 99 9 56 111 179 33 14 155 97 123 47 62 135 77 0,
PFG_MOEA,298,4,264.18,3010.24,0 24 59 2 1 44 7 195 58 100 113 178 86 104 166 66 93 181 53 192 160 43 185 78 175 131 163 183 23 147 49 130 92 40 106 0,
PFG_MOEA,298,5,264.18,3010.24,0 136 20 143 61 69 70 55 196 119 198 98 128 10 8 145 88 174 157 118 170 114 188 138 26 81 71 50 39 0,136
PFG_MOEA,298,6,264.18,3010.24,0 51 48 146 21 115 64 127 73 164 29 42 110 121 28 15 54 13 79 96 134 186 141 103 139 19 159 63 154 125 165 153 12 83 129 5 0,21 96
PFG_MOEA,299,1,274.07,2785.44,0 112 180 182 74 120 142 200 162 56 9 17 85 137 173 60 99 151 116 199 171 4 46 18 132 14 111 144 30 77 175 24 59 2 1 44 7 160 146 48 51 0,4 162 182
PFG_MOEA,299,2,274.07,2785.44,0 167 78 185 66 166 195 58 100 113 178 86 104 181 53 93 43 192 69 70 55 196 119 198 128 98 21 115 0,104
PFG_MOEA,299,3,274.07,2785.44,0 39 50 71 26 8 10 105 102 158 90 168 75 80 140 38 82 161 133 191 41 89 27 184 172 95 94 32 131 88 145 174 157 118 170 114 188 138 81 64 0,80 94
PFG_MOEA,299,4,274.07,2785.44,0 126 20 136 143 5 61 109 36 11 34 84 176 65 76 139 103 87 22 187 57 183 13 79 96 134 186 141 125 16 117 0,
PFG_MOEA,299,5,274.07,2785.44,0 3 73 127 163 23 147 49 130 92 67 169 68 40 106 29 164 42 110 121 28 15 54 45 190 189 72 152 0,
PFG_MOEA,299,6,274.07,2785.44,0 35 108 129 83 6 52 177 149 12 153 165 154 19 159 63 37 194 122 197 193 91 148 25 101 31 150 62 179 33 155 97 123 47 135 107 156 124 0,91 194
PFG_MOEA,300,1,306.31,2495.58,0 136 20 143 5 61 109 11 36 126 34 112 180 182 167 56 9 137 85 17 162 200 142 120 74 62 135 107 156 124 0,11 126
PFG_MOEA,300,2,306.31,2495.58,0 47 123 97 155 111 179 33 14 132 18 46 4 99 60 173 151 116 199 171 144 30 24 59 1 44 7 2 77 0,99
PFG_MOEA,300,3,306.31,2495.58,0 51 48 146 175 78 185 66 166 195 58 100 113 178 86 104 181 53 93 43 160 192 69 70 55 196 119 198 128 98 21 115 39 64 0,93 181
PFG_MOEA,300,4,306.31,2495.58,0 131 163 106 40 68 95 172 94 32 41 169 67 191 92 130 90 168 75 80 140 38 82 161 133 158 102 105 49 147 23 183 88 145 174 157 118 170 114 188 138 81 26 10 8 50 71 0,80 105
PFG_MOEA,300,5,306.31,2495.58,0 152 83 153 12 149 177 52 6 63 159 19 139 103 190 45 54 15 87 22 187 57 184 27 89 28 121 110 42 29 164 127 73 3 0,149 190
PFG_MOEA,300,6,306.31,2495.58,0 117 13 79 96 134 186 141 125 154 165 129 16 108 35 150 31 101 25 148 91 193 122 194 37 72 189 197 76 65 176 84 0,91 141
PFG_MOEA,301,1,528.52,2327.53,0 124 156 107 126 36 109 11 167 182 34 112 180 176 197 76 65 84 74 120 142 200 162 56 9 17 85 137 173 60 99 151 116 199 30 144 171 4 46 18 132 14 33 179 111 155 97 123 47 62 135 77 2 24 59 1 44 7 195 58 100 113 178 86 104 166 66 181 53 93 160 43 185 78 175 146 192 69 70 55 196 119 198 128 98 21 115 48 51 0,126 182
PFG_MOEA,301,2,528.52,2327.53,0 39 0,39
PFG_MOEA,301,3,528.52,2327.53,0 64 0,
PFG_MOEA,301,4,528.52,2327.53,0 81 71 50 0,
PFG_MOEA,301,5,528.52,2327.53,0 131 163 106 40 130 92 133 161 82 38 140 80 75 168 90 158 102 105 49 147 23 183 88 145 174 157 118 170 10 8 26 114 188 138 0,92 168
PFG_MOEA,301,6,528.52,2327.53,0 136 20 143 61 5 16 108 35 150 31 101 25 148 91 193 122 194 37 72 189 190 45 87 22 187 57 184 27 89 41 169 67 191 32 94 68 95 172 15 54 103 139 19 159 63 6 52 177 149 12 153 83 129 165 154 125 141 186 152 134 96 79 13 28 121 110 42 29 164 127 73 3 117 0,91 141 187
PFG_MOEA,302,1,264.18,3010.24,0 117 16 108 35 150 37 72 87 22 187 57 172 95 184 27 89 41 32 94 191 133 161 82 38 140 80 75 168 105 102 158 90 67 169 68 152 0,94 168
PFG_MOEA,302,2,264.18,3010.24,0 3 31 101 25 148 91 6 52 177 149 190 45 122 76 65 193 176 84 151 116 199 171 4 46 18 132 144 30 109 107 156 124 0,122 149
PFG_MOEA,302,3,264.18,3010.24,0 126 36 11 167 182 34 112 180 194 189 197 74 120 142 200 162 17 85 137 173 60 99 9 56 111 179 33 14 155 97 123 47 62 135 77 0,
PFG_MOEA,302,4,264.18,3010.24,0 24 59 2 1 44 7 195 58 100 113 178 86 104 166 66 93 181 53 192 160 43 185 78 175 131 163 183 23 147 49 130 92 40 106 0,
PFG_MOEA,302,5,264.18,3010.24,0 136 20 143 61 69 70 55 196 119 198 98 128 10 8 145 88 174 157 118 170 114 188 138 26 81 71 50 39 0,136
PFG_MOEA,302,6,264.18,3010.24,0 51 48 146 21 115 64 127 73 164 29 42 110 121 28 15 54 13 79 96 134 186 141 103 139 19 159 63 154 125 165 153 12 83 129 5 0,21 96
PFG_MOEA,303,1,274.07,2785.44,0 112 180 182 74 120 142 200 162 56 9 17 85 137 173 60 99 151 116 199 171 4 46 18 132 14 111 144 30 77 175 24 59 2 1 44 7 160 146 48 51 0,4 162 182
PFG_MOEA,303,2,274.07,2785.44,0 167 78 185 66 166 195 58 100 113 178 86 104 181 53 93 43 192 69 70 55 196 119 198 128 98 21 115 0,104
PFG_MOEA,303,3,274.07,2785.44,0 39 50 71 26 8 10 105 102 158 90 168 75 80 140 38 82 161 133 191 41 89 27 184 172 95 94 32 131 88 145 174 157 118 170 114 188 138 81 64 0,80 94
PFG_MOEA,303,4,274.07,2785.44,0 126 20 136 143 5 61 109 36 11 34 84 176 65 76 139 103 87 22 187 57 183 13 79 96 134 186 141 125 16 117 0,
PFG_MOEA,303,5,274.07,2785.44,0 3 73 127 163 23 147 49 130 92 67 169 68 40 106 29 164 42 110 121 28 15 54 45 190 189 72 152 0,
PFG_MOEA,303,6,274.07,2785.44,0 35 108 129 83 6 52 177 149 12 153 165 154 19 159 63 37 194 122 197 193 91 148 25 101 31 150 62 179 33 155 97 123 47 135 107 156 124 0,91 194
PFG_MOEA,304,1,306.31,2495.58,0 136 20 143 5 61 109 11 36 126 34 112 180 182 167 56 9 137 85 17 162 200 142 120 74 62 135 107 156 124 0,11 126
PFG_MOEA,304,2,306.31,2495.58,0 47 123 97 155 111 179 33 14 132 18 46 4 99 60 173 151 116 199 171 144 30 24 59 1 44 7 2 77 0,99
PFG_MOEA,304,3,306.31,2495.58,0 51 48 146 175 78 185 66 166 195 58 100 113 178 86 104 181 53 93 43 160 192 69 70 55 196 119 198 128 98 21 115 39 64 0,93 181
PFG_MOEA,304,4,306.31,2495.58,0 131 163 106 40 68 95 172 94 32 41 169 67 191 92 130 90 168 75 80 140 38 82 161 133 158 102 105 49 147 23 183 88 145 174 157 118 170 114 188 138 81 26 10 8 50 71 0,80 105
PFG_MOEA,304,5,306.31,2495.58,0 152 83 153 12 149 177 52 6 63 159 19 139 103 190 45 54 15 87 22 187 57 184 27 89 28 121 110 42 29 164 127 73 3 0,149 190
PFG_MOEA,304,6,306.31,2495.58,0 117 13 79 96 134 186 141 125 154 165 129 16 108 35 150 31 101 25 148 91 193 122 194 37 72 189 197 76 65 176 84 0,91 141
PFG_MOEA,305,1,528.52,2327.53,0 124 156 107 126 36 109 11 167 182 34 112 180 176 197 76 65 84 74 120 142 200 162 56 9 17 85 137 173 60 99 151 116 199 30 144 171 4 46 18 132 14 33 179 111 155 97 123 47 62 135 77 2 24 59 1 44 7 195 58 100 113 178 86 104 166 66 181 53 93 160 43 185 78 175 146 192 69 70 55 196 119 198 128 98 21 115 48 51 0,126 182
PFG_MOEA,305,2,528.52,2327.53,0 39 0,39
PFG_MOEA,305,3,528.52,2327.53,0 64 0,
PFG_MOEA,305,4,528.52,2327.53,0 81 71 50 0,
PFG_MOEA,305,5,528.52,2327.53,0 131 163 106 40 130 92 133 161 82 38 140 80 75 168 90 158 102 105 49 147 23 183 88 145 174 157 118 170 10 8 26 114 188 138 0,92 168
PFG_MOEA,305,6,528.52,2327.53,0 136 20 143 61 5 16 108 35 150 31 101 25 148 91 193 122 194 37 72 189 190 45 87 22 187 57 184 27 89 41 169 67 191 32 94 68 95 172 15 54 103 139 19 159 63 6 52 177 149 12 153 83 129 165 154 125 141 186 152 134 96 79 13 28 121 110 42 29 164 127 73 3 117 0,91 141 187
PFG_MOEA,306,1,264.18,3010.24,0 117 16 108 35 150 37 72 87 22 187 57 172 95 184 27 89 41 32 94 191 133 161 82 38 140 80 75 168 105 102 158 90 67 169 68 152 0,94 168
PFG_MOEA,306,2,264.18,3010.24,0 3 31 101 25 148 91 6 52 177 149 190 45 122 76 65 193 176 84 151 116 199 171 4 46 18 132 144 30 109 107 156 124 0,122 149
PFG_MOEA,306,3,264.18,3010.24,0 126 36 11 167 182 34 112 180 194 189 197 74 120 142 200 162 17 85 137 173 60 99 9 56 111 179 33 14 155 97 123 47 62 135 77 0,
PFG_MOEA,306,4,264.18,3010.24,0 24 59 2 1 44 7 195 58 100 113 178 86 104 166 66 93 181 53 192 160 43 185 78 175 131 163 183 23 147 49 130 92 40 106 0,
PFG_MOEA,306,5,264.18,3010.24,0 136 20 143 61 69 70 55 196 119 198 98 128 10 8 145 88 174 157 118 170 114 188 138 26 81 71 50 39 0,136
PFG_MOEA,306,6,264.18,3010.24,0 51 48 146 21 115 64 127 73 164 29 42 110 121 28 15 54 13 79 96 134 186 141 103 139 19 159 63 154 125 165 153 12 83 129 5 0,21 96
PFG_MOEA,307,1,274.07,2785.44,0 112 180 182 74 120 142 200 162 56 9 17 85 137 173 60 99 151 116 199 171 4 46 18 132 14 111 144 30 77 175 24 59 2 1 44 7 160 146 48 51 0,4 162 182
PFG_MOEA,307,2,274.07,2785.44,0 167 78 185 66 166 195 58 100 113 178 86 104 181 53 93 43 192 69 70 55 196 119 198 128 98 21 115 0,104
PFG_MOEA,307,3,274.07,2785.44,0 39 50 71 26 8 10 105 102 158 90 168 75 80 140 38 82 161 133 191 41 89 27 184 172 95 94 32 131 88 145 174 157 118 170 114 188 138 81 64 0,80 94
PFG_MOEA,307,4,274.07,2785.44,0 126 20 136 143 5 61 109 36 11 34 84 176 65 76 139 103 87 22 187 57 183 13 79 96 134 186 141 125 16 117 0,
PFG_MOEA,307,5,274.07,2785.44,0 3 73 127 163 23 147 49 130 92 67 169 68 40 106 29 164 42 110 121 28 15 54 45 190 189 72 152 0,
PFG_MOEA,307,6,274.07,2785.44,0 35 108 129 83 6 52 177 149 12 153 165 154 19 159 63 37 194 122 197 193 91 148 25 101 31 150 62 179 33 155 97 123 47 135 107 156 124 0,91 194
PFG_MOEA,308,1,306.31,2495.58,0 136 20 143 5 61 109 11 36 126 34 112 180 182 167 56 9 137 85 17 162 200 142 120 74 62 135 107 156 124 0,11 126
PFG_MOEA,308,2,306.31,2495.58,0 47 123 97 155 111 179 33 14 132 18 46 4 99 60 173 151 116 199 171 144 30 24 59 1 44 7 2 77 0,99
PFG_MOEA,308,3,306.31,2495.58,0 51 48 146 175 78 185 66 166 195 58 100 113 178 86 104 181 53 93 43 160 192 69 70 55 196 119 198 128 98 21 115 39 64 0,93 181
PFG_MOEA,308,4,306.31,2495.58,0 131 163 106 40 68 95 172 94 32 41 169 67 191 92 130 90 168 75 80 140 38 82 161 133 158 102 105 49 147 23 183 88 145 174 157 118 170 114 188 138 81 26 10 8 50 71 0,80 105
PFG_MOEA,308,5,306.31,2495.58,0 152 83 153 12 149 177 52 6 63 159 19 139 103 190 45 54 15 87 22 187 57 184 27 89 28 121 110 42 29 164 127 73 3 0,149 190
PFG_MOEA,308,6,306.31,2495.58,0 117 13 79 96 134 186 141 125 154 165 129 16 108 35 150 31 101 25 148 91 193 122 194 37 72 189 197 76 65 176 84 0,91 141
PFG_MOEA,309,1,528.52,2327.53,0 124 156 107 126 36 109 11 167 182 34 112 180 176 197 76 65 84 74 120 142 200 162 56 9 17 85 137 173 60 99 151 116 199 30 144 171 4 46 18 132 14 33 179 111 155 97 123 47 62 135 77 2 24 59 1 44 7 195 58 100 113 178 86 104 166 66 181 53 93 160 43 185 78 175 146 192 69 70 55 196 119 198 128 98 21 115 48 51 0,126 182
PFG_MOEA,309,2,528.52,2327.53,0 39 0,39
PFG_MOEA,309,3,528.52,2327.53,0 64 0,
PFG_MOEA,309,4,528.52,2327.53,0 81 71 50 0,
PFG_MOEA,309,5,528.52,2327.53,0 131 163 106 40 130 92 133 161 82 38 140 80 75 168 90 158 102 105 49 147 23 183 88 145 174 157 118 170 10 8 26 114 188 138 0,92 168
PFG_MOEA,309,6,528.52,2327.53,0 136 20 143 61 5 16 108 35 150 31 101 25 148 91 193 122 194 37 72 189 190 45 87 22 187 57 184 27 89 41 169 67 191 32 94 68 95 172 15 54 103 139 19 159 63 6 52 177 149 12 153 83 129 165 154 125 141 186 152 134 96 79 13 28 121 110 42 29 164 127 73 3 117 0,91 141 187
PFG_MOEA,310,1,264.18,3010.24,0 117 16 108 35 150 37 72 87 22 187 57 172 95 184 27 89 41 32 94 191 133 161 82 38 140 80 75 168 105 102 158 90 67 169 68 152 0,94 168
PFG_MOEA,310,2,264.18,3010.24,0 3 31 101 25 148 91 6 52 177 149 190 45 122 76 65 193 176 84 151 116 199 171 4 46 18 132 144 30 109 107 156 124 0,122 149
PFG_MOEA,310,3,264.18,3010.24,0 126 36 11 167 182 34 112 180 194 189 197 74 120 142 200 162 17 85 137 173 60 99 9 56 111 179 33 14 155 97 123 47 62 135 77 0,
PFG_MOEA,310,4,264.18,3010.24,0 24 59 2 1 44 7 195 58 100 113 178 86 104 166 66 93 181 53 192 160 43 185 78 175 131 163 183 23 147 49 130 92 40 106 0,
PFG_MOEA,310,5,264.18,3010.24,0 136 20 143 61 69 70 55 196 119 198 98 128 10 8 145 88 174 157 118 170 114 188 138 26 81 71 50 39 0,136
PFG_MOEA,310,6,264.18,3010.24,0 51 48 146 21 115 64 127 73 164 29 42 110 121 28 15 54 13 79 96 134 186 141 103 139 19 159 63 154 125 165 153 12 83 129 5 0,21 96
PFG_MOEA,311,1,274.07,2785.44,0 112 180 182 74 120 142 200 162 56 9 17 85 137 173 60 99 151 116 199 171 4 46 18 132 14 111 144 30 77 175 24 59 2 1 44 7 160 146 48 51 0,4 162 182
PFG_MOEA,311,2,274.07,2785.44,0 167 78 185 66 166 195 58 100 113 178 86 104 181 53 93 43 192 69 70 55 196 119 198 128 98 21 115 0,104
PFG_MOEA,311,3,274.07,2785.44,0 39 50 71 26 8 10 105 102 158 90 168 75 80 140 38 82 161 133 191 41 89 27 184 172 95 94 32 131 88 145 174 157 118 170 114 188 138 81 64 0,80 94
PFG_MOEA,311,4,274.07,2785.44,0 126 20 136 143 5 61 109 36 11 34 84 176 65 76 139 103 87 22 187 57 183 13 79 96 134 186 141 125 16 117 0,
PFG_MOEA,311,5,274.07,2785.44,0 3 73 127 163 23 147 49 130 92 67 169 68 40 106 29 164 42 110 121 28 15 54 45 190 189 72 152 0,
PFG_MOEA,311,6,274.07,2785.44,0 35 108 129 83 6 52 177 149 12 153 165 154 19 159 63 37 194 122 197 193 91 148 25 101 31 150 62 179 33 155 97 123 47 135 107 156 124 0,91 194
PFG_MOEA,312,1,306.31,2495.58,0 136 20 143 5 61 109 11 36 126 34 112 180 182 167 56 9 137 85 17 162 200 142 120 74 62 135 107 156 124 0,11 126
PFG_MOEA,312,2,306.31,2495.58,0 47 123 97 155 111 179 33 14 132 18 46 4 99 60 173 151 116 199 171 144 30 24 59 1 44 7 2 77 0,99
PFG_MOEA,312,3,306.31,2495.58,0 51 48 146 175 78 185 66 166 195 58 100 113 178 86 104 181 53 93 43 160 192 69 70 55 196 119 198 128 98 21 115 39 64 0,93 181
PFG_MOEA,312,4,306.31,2495.58,0 131 163 106 40 68 95 172 94 32 41 169 67 191 92 130 90 168 75 80 140 38 82 161 133 158 102 105 49 147 23 183 88 145 174 157 118 170 114 188 138 81 26 10 8 50 71 0,80 105
PFG_MOEA,312,5,306.31,2495.58,0 152 83 153 12 149 177 52 6 63 159 19 139 103 190 45 54 15 87 22 187 57 184 27 89 28 121 110 42 29 164 127 73 3 0,149 190
PFG_MOEA,312,6,306.31,2495.58,0 117 13 79 96 134 186 141 125 154 165 129 16 108 35 150 31 101 25 148 91 193 122 194 37 72 189 197 76 65 176 84 0,91 141
PFG_MOEA,313,1,528.52,2327.53,0 124 156 107 126 36 109 11 167 182 34 112 180 176 197 76 65 84 74 120 142 200 162 56 9 17 85 137 173 60 99 151 116 199 30 144 171 4 46 18 132 14 33 179 111 155 97 123 47 62 135 77 2 24 59 1 44 7 195 58 100 113 178 86 104 166 66 181 53 93 160 43 185 78 175 146 192 69 70 55 196 119 198 128 98 21 115 48 51 0,126 182
PFG_MOEA,313,2,528.52,2327.53,0 39 0,39
PFG_MOEA,313,3,528.52,2327.53,0 64 0,
PFG_MOEA,313,4,528.52,2327.53,0 81 71 50 0,
PFG_MOEA,313,5,528.52,2327.53,0 131 163 106 40 130 92 133 161 82 38 140 80 75 168 90 158 102 105 49 147 23 183 88 145 174 157 118 170 10 8 26 114 188 138 0,92 168
PFG_MOEA,313,6,528.52,2327.53,0 136 20 143 61 5 16 108 35 150 31 101 25 148 91 193 122 194 37 72 189 190 45 87 22 187 57 184 27 89 41 169 67 191 32 94 68 95 172 15 54 103 139 19 159 63 6 52 177 149 12 153 83 129 165 154 125 141 186 152 134 96 79 13 28 121 110 42 29 164 127 73 3 117 0,91 141 187
PFG_MOEA,314,1,264.18,3010.24,0 117 16 108 35 150 37 72 87 22 187 57 172 95 184 27 89 41 32 94 191 133 161 82 38 140 80 75 168 105 102 158 90 67 169 68 152 0,94 168
PFG_MOEA,314,2,264.18,3010.24,0 3 31 101 25 148 91 6 52 177 149 190 45 122 76 65 193 176 84 151 116 199 171 4 46 18 132 144 30 109 107 156 124 0,122 149
PFG_MOEA,314,3,264.18,3010.24,0 126 36 11 167 182 34 112 180 194 189 197 74 120 142 200 162 17 85 137 173 60 99 9 56 111 179 33 14 155 97 123 47 62 135 77 0,
PFG_MOEA,314,4,264.18,3010.24,0 24 59 2 1 44 7 195 58 100 113 178 86 104 166 66 93 181 53 192 160 43 185 78 175 131 163 183 23 147 49 130 92 40 106 0,
PFG_MOEA,314,5,264.18,3010.24,0 136 20 143 61 69 70 55 196 119 198 98 128 10 8 145 88 174 157 118 170 114 188 138 26 81 71 50 39 0,136
PFG_MOEA,314,6,264.18,3010.24,0 51 48 146 21 115 64 127 73 164 29 42 110 121 28 15 54 13 79 96 134 186 141 103 139 19 159 63 154 125 165 153 12 83 129 5 0,21 96
PFG_MOEA,315,1,274.07,2785.44,0 112 180 182 74 120 142 200 162 56 9 17 85 137 173 60 99 151 116 199 171 4 46 18 132 14 111 144 30 77 175 24 59 2 1 44 7 160 146 48 51 0,4 162 182
PFG_MOEA,315,2,274.07,2785.44,0 167 78 185 66 166 195 58 100 113 178 86 104 181 53 93 43 192 69 70 55 196 119 198 128 98 21 115 0,104
PFG_MOEA,315,3,274.07,2785.44,0 39 50 71 26 8 10 105 102 158 90 168 75 80 140 38 82 161 133 191 41 89 27 184 172 95 94 32 131 88 145 174 157 118 170 114 188 138 81 64 0,80 94
PFG_MOEA,315,4,274.07,2785.44,0 126 20 136 143 5 61 109 36 11 34 84 176 65 76 139 103 87 22 187 57 183 13 79 96 134 186 141 125 16 117 0,
PFG_MOEA,315,5,274.07,2785.44,0 3 73 127 163 23 147 49 130 92 67 169 68 40 106 29 164 42 110 121 28 15 54 45 190 189 72 152 0,
PFG_MOEA,315,6,274.07,2785.44,0 35 108 129 83 6 52 177 149 12 153 165 154 19 159 63 37 194 122 197 193 91 148 25 101 31 150 62 179 33 155 97 123 47 135 107 156 124 0,91 194
PFG_MOEA,316,1,306.31,2495.58,0 136 20 143 5 61 109 11 36 126 34 112 180 182 167 56 9 137 85 17 162 200 142 120 74 62 135 107 156 124 0,11 126
PFG_MOEA,316,2,306.31,2495.58,0 47 123 97 155 111 179 33 14 132 18 46 4 99 60 173 151 116 199 171 144 30 24 59 1 44 7 2 77 0,99
PFG_MOEA,316,3,306.31,2495.58,0 51 48 146 175 78 185 66 166 195 58 100 113 178 86 104 181 53 93 43 160 192 69 70 55 196 119 198 128 98 21 115 39 64 0,93 181
PFG_MOEA,316,4,306.31,2495.58,0 131 163 106 40 68 95 172 94 32 41 169 67 191 92 130 90 168 75 80 140 38 82 161 133 158 102 105 49 147 23 183 88 145 174 157 118 170 114 188 138 81 26 10 8 50 71 0,80 105
PFG_MOEA,316,5,306.31,2495.58,0 152 83 153 12 149 177 52 6 63 159 19 139 103 190 45 54 15 87 22 187 57 184 27 89 28 121 110 42 29 164 127 73 3 0,149 190
PFG_MOEA,316,6,306.31,2495.58,0 117 13 79 96 134 186 141 125 154 165 129 16 108 35 150 31 101 25 148 91 193 122 194 37 72 189 197 76 65 176 84 0,91 141
PFG_MOEA,317,1,528.52,2327.53,0 124 156 107 126 36 109 11 167 182 34 112 180 176 197 76 65 84 74 120 142 200 162 56 9 17 85 137 173 60 99 151 116 199 30 144 171 4 46 18 132 14 33 179 111 155 97 123 47 62 135 77 2 24 59 1 44 7 195 58 100 113 178 86 104 166 66 181 53 93 160 43 185 78 175 146 192 69 70 55 196 119 198 128 98 21 115 48 51 0,126 182
PFG_MOEA,317,2,528.52,2327.53,0 39 0,39
PFG_MOEA,317,3,528.52,2327.53,0 64 0,
PFG_MOEA,317,4,528.52,2327.53,0 81 71 50 0,
PFG_MOEA,317,5,528.52,2327.53,0 131 163 106 40 130 92 133 161 82 38 140 80 75 168 90 158 102 105 49 147 23 183 88 145 174 157 118 170 10 8 26 114 188 138 0,92 168
PFG_MOEA,317,6,528.52,2327.53,0 136 20 143 61 5 16 108 35 150 31 101 25 148 91 193 122 194 37 72 189 190 45 87 22 187 57 184 27 89 41 169 67 191 32 94 68 95 172 15 54 103 139 19 159 63 6 52 177 149 12 153 83 129 165 154 125 141 186 152 134 96 79 13 28 121 110 42 29 164 127 73 3 117 0,91 141 187
PFG_MOEA,318,1,264.18,3010.24,0 117 16 108 35 150 37 72 87 22 187 57 172 95 184 27 89 41 32 94 191 133 161 82 38 140 80 75 168 105 102 158 90 67 169 68 152 0,94 168
PFG_MOEA,318,2,264.18,3010.24,0 3 31 101 25 148 91 6 52 177 149 190 45 122 76 65 193 176 84 151 116 199 171 4 46 18 132 144 30 109 107 156 124 0,122 149
PFG_MOEA,318,3,264.18,3010.24,0 126 36 11 167 182 34 112 180 194 189 197 74 120 142 200 162 17 85 137 173 60 99 9 56 111 179 33 14 155 97 123 47 62 135 77 0,
PFG_MOEA,318,4,264.18,3010.24,0 24 59 2 1 44 7 195 58 100 113 178 86 104 166 66 93 181 53 192 160 43 185 78 175 131 163 183 23 147 49 130 92 40 106 0,
PFG_MOEA,318,5,264.18,3010.24,0 136 20 143 61 69 70 55 196 119 198 98 128 10 8 145 88 174 157 118 170 114 188 138 26 81 71 50 39 0,136
PFG_MOEA,318,6,264.18,3010.24,0 51 48 146 21 115 64 127 73 164 29 42 110 121 28 15 54 13 79 96 134 186 141 103 139 19 159 63 154 125 165 153 12 83 129 5 0,21 96
PFG_MOEA,319,1,274.07,2785.44,0 112 180 182 74 120 142 200 162 56 9 17 85 137 173 60 99 151 116 199 171 4 46 18 132 14 111 144 30 77 175 24 59 2 1 44 7 160 146 48 51 0,4 162 182
PFG_MOEA,319,2,274.07,2785.44,0 167 78 185 66 166 195 58 100 113 178 86 104 181 53 93 43 192 69 70 55 196 119 198 128 98 21 115 0,104
PFG_MOEA,319,3,274.07,2785.44,0 39 50 71 26 8 10 105 102 158 90 168 75 80 140 38 82 161 133 191 41 89 27 184 172 95 94 32 131 88 145 174 157 118 170 114 188 138 81 64 0,80 94
PFG_MOEA,319,4,274.07,2785.44,0 126 20 136 143 5 61 109 36 11 34 84 176 65 76 139 103 87 22 187 57 183 13 79 96 134 186 141 125 16 117 0,
PFG_MOEA,319,5,274.07,2785.44,0 3 73 127 163 23 147 49 130 92 67 169 68 40 106 29 164 42 110 121 28 15 54 45 190 189 72 152 0,
PFG_MOEA,319,6,274.07,2785.44,0 35 108 129 83 6 52 177 149 12 153 165 154 19 159 63 37 194 122 197 193 91 148 25 101 31 150 62 179 33 155 97 123 47 135 107 156 124 0,91 194
PFG_MOEA,320,1,306.31,2495.58,0 136 20 143 5 61 109 11 36 126 34 112 180 182 167 56 9 137 85 17 162 200 142 120 74 62 135 107 156 124 0,11 126
PFG_MOEA,320,2,306.31,2495.58,0 47 123 97 155 111 179 33 14 132 18 46 4 99 60 173 151 116 199 171 144 30 24 59 1 44 7 2 77 0,99
PFG_MOEA,320,3,306.31,2495.58,0 51 48 146 175 78 185 66 166 195 58 100 113 178 86 104 181 53 93 43 160 192 69 70 55 196 119 198 128 98 21 115 39 64 0,93 181
PFG_MOEA,320,4,306.31,2495.58,0 131 163 106 40 68 95 172 94 32 41 169 67 191 92 130 90 168 75 80 140 38 82 161 133 158 102 105 49 147 23 183 88 145 174 157 118 170 114 188 138 81 26 10 8 50 71 0,80 105
PFG_MOEA,320,5,306.31,2495.58,0 152 83 153 12 149 177 52 6 63 159 19 139 103 190 45 54 15 87 22 187 57 184 27 89 28 121 110 42 29 164 127 73 3 0,149 190
PFG_MOEA,320,6,306.31,2495.58,0 117 13 79 96 134 186 141 125 154 165 129 16 108 35 150 31 101 25 148 91 193 122 194 37 72 189 197 76 65 176 84 0,91 141
PFG_MOEA,321,1,528.52,2327.53,0 124 156 107 126 36 109 11 167 182 34 112 180 176 197 76 65 84 74 120 142 200 162 56 9 17 85 137 173 60 99 151 116 199 30 144 171 4 46 18 132 14 33 179 111 155 97 123 47 62 135 77 2 24 59 1 44 7 195 58 100 113 178 86 104 166 66 181 53 93 160 43 185 78 175 146 192 69 70 55 196 119 198 128 98 21 115 48 51 0,126 182
PFG_MOEA,321,2,528.52,2327.53,0 39 0,39
PFG_MOEA,321,3,528.52,2327.53,0 64 0,
PFG_MOEA,321,4,528.52,2327.53,0 81 71 50 0,
PFG_MOEA,321,5,528.52,2327.53,0 131 163 106 40 130 92 133 161 82 38 140 80 75 168 90 158 102 105 49 147 23 183 88 145 174 157 118 170 10 8 26 114 188 138 0,92 168
PFG_MOEA,321,6,528.52,2327.53,0 136 20 143 61 5 16 108 35 150 31 101 25 148 91 193 122 194 37 72 189 190 45 87 22 187 57 184 27 89 41 169 67 191 32 94 68 95 172 15 54 103 139 19 159 63 6 52 177 149 12 153 83 129 165 154 125 141 186 152 134 96 79 13 28 121 110 42 29 164 127 73 3 117 0,91 141 187
PFG_MOEA,322,1,264.18,3010.24,0 117 16 108 35 150 37 72 87 22 187 57 172 95 184 27 89 41 32 94 191 133 161 82 38 140 80 75 168 105 102 158 90 67 169 68 152 0,94 168
PFG_MOEA,322,2,264.18,3010.24,0 3 31 101 25 148 91 6 52 177 149 190 45 122 76 65 193 176 84 151 116 199 171 4 46 18 132 144 30 109 107 156 124 0,122 149
PFG_MOEA,322,3,264.18,3010.24,0 126 36 11 167 182 34 112 180 194 189 197 74 120 142 200 162 17 85 137 173 60 99 9 56 111 179 33 14 155 97 123 47 62 135 77 0,
PFG_MOEA,322,4,264.18,3010.24,0 24 59 2 1 44 7 195 58 100 113 178 86 104 166 66 93 181 53 192 160 43 185 78 175 131 163 183 23 147 49 130 92 40 106 0,
PFG_MOEA,322,5,264.18,3010.24,0 136 20 143 61 69 70 55 196 119 198 98 128 10 8 145 88 174 157 118 170 114 188 138 26 81 71 50 39 0,136
PFG_MOEA,322,6,264.18,3010.24,0 51 48 146 21 115 64 127 73 164 29 42 110 121 28 15 54 13 79 96 134 186 141 103 139 19 159 63 154 125 165 153 12 83 129 5 0,21 96
PFG_MOEA,323,1,274.07,2785.44,0 112 180 182 74 120 142 200 162 56 9 17 85 137 173 60 99 151 116 199 171 4 46 18 132 14 111 144 30 77 175 24 59 2 1 44 7 160 146 48 51 0,4 162 182
PFG_MOEA,323,2,274.07,2785.44,0 167 78 185 66 166 195 58 100 113 178 86 104 181 53 93 43 192 69 70 55 196 119 198 128 98 21 115 0,104
PFG_MOEA,323,3,274.07,2785.44,0 39 50 71 26 8 10 105 102 158 90 168 75 80 140 38 82 161 133 191 41 89 27 184 172 95 94 32 131 88 145 174 157 118 170 114 188 138 81 64 0,80 94
PFG_MOEA,323,4,274.07,2785.44,0 126 20 136 143 5 61 109 36 11 34 84 176 65 76 139 103 87 22 187 57 183 13 79 96 134 186 141 125 16 117 0,
PFG_MOEA,323,5,274.07,2785.44,0 3 73 127 163 23 147 49 130 92 67 169 68 40 106 29 164 42 110 121 28 15 54 45 190 189 72 152 0,
PFG_MOEA,323,6,274.07,2785.44,0 35 108 129 83 6 52 177 149 12 153 165 154 19 159 63 37 194 122 197 193 91 148 25 101 31 150 62 179 33 155 97 123 47 135 107 156 124 0,91 194
PFG_MOEA,324,1,306.31,2495.58,0 136 20 143 5 61 109 11 36 126 34 112 180 182 167 56 9 137 85 17 162 200 142 120 74 62 135 107 156 124 0,11 126
PFG_MOEA,324,2,306.31,2495.58,0 47 123 97 155 111 179 33 14 132 18 46 4 99 60 173 151 116 199 171 144 30 24 59 1 44 7 2 77 0,99
PFG_MOEA,324,3,306.31,2495.58,0 51 48 146 175 78 185 66 166 195 58 100 113 178 86 104 181 53 93 43 160 192 69 70 55 196 119 198 128 98 21 115 39 64 0,93 181
PFG_MOEA,324,4,306.31,2495.58,0 131 163 106 40 68 95 172 94 32 41 169 67 191 92 130 90 168 75 80 140 38 82 161 133 158 102 105 49 147 23 183 88 145 174 157 118 170 114 188 138 81 26 10 8 50 71 0,80 105
PFG_MOEA,324,5,306.31,2495.58,0 152 83 153 12 149 177 52 6 63 159 19 139 103 190 45 54 15 87 22 187 57 184 27 89 28 121 110 42 29 164 127 73 3 0,149 190
PFG_MOEA,324,6,306.31,2495.58,0 117 13 79 96 134 186 141 125 154 165 129 16 108 35 150 31 101 25 148 91 193 122 194 37 72 189 197 76 65 176 84 0,91 141
PFG_MOEA,325,1,528.52,2327.53,0 124 156 107 126 36 109 11 167 182 34 112 180 176 197 76 65 84 74 120 142 200 162 56 9 17 85 137 173 60 99 151 116 199 30 144 171 4 46 18 132 14 33 179 111 155 97 123 47 62 135 77 2 24 59 1 44 7 195 58 100 113 178 86 104 166 66 181 53 93 160 43 185 78 175 146 192 69 70 55 196 119 198 128 98 21 115 48 51 0,126 182
PFG_MOEA,325,2,528.52,2327.53,0 39 0,39
PFG_MOEA,325,3,528.52,2327.53,0 64 0,
PFG_MOEA,325,4,528.52,2327.53,0 81 71 50 0,
PFG_MOEA,325,5,528.52,2327.53,0 131 163 106 40 130 92 133 161 82 38 140 80 75 168 90 158 102 105 49 147 23 183 88 145 174 157 118 170 10 8 26 114 188 138 0,92 168
PFG_MOEA,325,6,528.52,2327.53,0 136 20 143 61 5 16 108 35 150 31 101 25 148 91 193 122 194 37 72 189 190 45 87 22 187 57 184 27 89 41 169 67 191 32 94 68 95 172 15 54 103 139 19 159 63 6 52 177 149 12 153 83 129 165 154 125 141 186 152 134 96 79 13 28 121 110 42 29 164 127 73 3 117 0,91 141 187
PFG_MOEA,326,1,264.18,3010.24,0 117 16 108 35 150 37 72 87 22 187 57 172 95 184 27 89 41 32 94 191 133 161 82 38 140 80 75 168 105 102 158 90 67 169 68 152 0,94 168
PFG_MOEA,326,2,264.18,3010.24,0 3 31 101 25 148 91 6 52 177 149 190 45 122 76 65 193 176 84 151 116 199 171 4 46 18 132 144 30 109 107 156 124 0,122 149
PFG_MOEA,326,3,264.18,3010.24,0 126 36 11 167 182 34 112 180 194 189 197 74 120 142 200 162 17 85 137 173 60 99 9 56 111 179 33 14 155 97 123 47 62 135 77 0,
PFG_MOEA,326,4,264.18,3010.24,0 24 59 2 1 44 7 195 58 100 113 178 86 104 166 66 93 181 53 192 160 43 185 78 175 131 163 183 23 147 49 130 92 40 106 0,
PFG_MOEA,326,5,264.18,3010.24,0 136 20 143 61 69 70 55 196 119 198 98 128 10 8 145 88 174 157 118 170 114 188 138 26 81 71 50 39 0,136
PFG_MOEA,326,6,264.18,3010.24,0 51 48 146 21 115 64 127 73 164 29 42 110 121 28 15 54 13 79 96 134 186 141 103 139 19 159 63 154 125 165 153 12 83 129 5 0,21 96
PFG_MOEA,327,1,274.07,2785.44,0 112 180 182 74 120 142 200 162 56 9 17 85 137 173 60 99 151 116 199 171 4 46 18 132 14 111 144 30 77 175 24 59 2 1 44 7 160 146 48 51 0,4 162 182
PFG_MOEA,327,2,274.07,2785.44,0 167 78 185 66 166 195 58 100 113 178 86 104 181 53 93 43 192 69 70 55 196 119 198 128 98 21 115 0,104
PFG_MOEA,327,3,274.07,2785.44,0 39 50 71 26 8 10 105 102 158 90 168 75 80 140 38 82 161 133 191 41 89 27 184 172 95 94 32 131 88 145 174 157 118 170 114 188 138 81 64 0,80 94
PFG_MOEA,327,4,274.07,2785.44,0 126 20 136 143 5 61 109 36 11 34 84 176 65 76 139 103 87 22 187 57 183 13 79 96 134 186 141 125 16 117 0,
PFG_MOEA,327,5,274.07,2785.44,0 3 73 127 163 23 147 49 130 92 67 169 68 40 106 29 164 42 110 121 28 15 54 45 190 189 72 152 0,
PFG_MOEA,327,6,274.07,2785.44,0 35 108 129 83 6 52 177 149 12 153 165 154 19 159 63 37 194 122 197 193 91 148 25 101 31 150 62 179 33 155 97 123 47 135 107 156 124 0,91 194
PFG_MOEA,328,1,306.31,2495.58,0 136 20 143 5 61 109 11 36 126 34 112 180 182 167 56 9 137 85 17 162 200 142 120 74 62 135 107 156 124 0,11 126
PFG_MOEA,328,2,306.31,2495.58,0 47 123 97 155 111 179 33 14 132 18 46 4 99 60 173 151 116 199 171 144 30 24 59 1 44 7 2 77 0,99
PFG_MOEA,328,3,306.31,2495.58,0 51 48 146 175 78 185 66 166 195 58 100 113 178 86 104 181 53 93 43 160 192 69 70 55 196 119 198 128 98 21 115 39 64 0,93 181
PFG_MOEA,328,4,306.31,2495.58,0 131 163 106 40 68 95 172 94 32 41 169 67 191 92 130 90 168 75 80 140 38 82 161 133 158 102 105 49 147 23 183 88 145 174 157 118 170 114 188 138 81 26 10 8 50 71 0,80 105
PFG_MOEA,328,5,306.31,2495.58,0 152 83 153 12 149 177 52 6 63 159 19 139 103 190 45 54 15 87 22 187 57 184 27 89 28 121 110 42 29 164 127 73 3 0,149 190
PFG_MOEA,328,6,306.31,2495.58,0 117 13 79 96 134 186 141 125 154 165 129 16 108 35 150 31 101 25 148 91 193 122 194 37 72 189 197 76 65 176 84 0,91 141
PFG_MOEA,329,1,528.52,2327.53,0 124 156 107 126 36 109 11 167 182 34 112 180 176 197 76 65 84 74 120 142 200 162 56 9 17 85 137 173 60 99 151 116 199 30 144 171 4 46 18 132 14 33 179 111 155 97 123 47 62 135 77 2 24 59 1 44 7 195 58 100 113 178 86 104 166 66 181 53 93 160 43 185 78 175 146 192 69 70 55 196 119 198 128 98 21 115 48 51 0,126 182
PFG_MOEA,329,2,528.52,2327.53,0 39 0,39
PFG_MOEA,329,3,528.52,2327.53,0 64 0,
PFG_MOEA,329,4,528.52,2327.53,0 81 71 50 0,
PFG_MOEA,329,5,528.52,2327.53,0 131 163 106 40 130 92 133 161 82 38 140 80 75 168 90 158 102 105 49 147 23 183 88 145 174 157 118 170 10 8 26 114 188 138 0,92 168
PFG_MOEA,329,6,528.52,2327.53,0 136 20 143 61 5 16 108 35 150 31 101 25 148 91 193 122 194 37 72 189 190 45 87 22 187 57 184 27 89 41 169 67 191 32 94 68 95 172 15 54 103 139 19 159 63 6 52 177 149 12 153 83 129 165 154 125 141 186 152 134 96 79 13 28 121 110 42 29 164 127 73 3 117 0,91 141 187
PFG_MOEA,330,1,264.18,3010.24,0 117 16 108 35 150 37 72 87 22 187 57 172 95 184 27 89 41 32 94 191 133 161 82 38 140 80 75 168 105 102 158 90 67 169 68 152 0,94 168
PFG_MOEA,330,2,264.18,3010.24,0 3 31 101 25 148 91 6 52 177 149 190 45 122 76 65 193 176 84 151 116 199 171 4 46 18 132 144 30 109 107 156 124 0,122 149
PFG_MOEA,330,3,264.18,3010.24,0 126 36 11 167 182 34 112 180 194 189 197 74 120 142 200 162 17 85 137 173 60 99 9 56 111 179 33 14 155 97 123 47 62 135 77 0,
PFG_MOEA,330,4,264.18,3010.24,0 24 59 2 1 44 7 195 58 100 113 178 86 104 166 66 93 181 53 192 160 43 185 78 175 131 163 183 23 147 49 130 92 40 106 0,
PFG_MOEA,330,5,264.18,3010.24,0 136 20 143 61 69 70 55 196 119 198 98 128 10 8 145 88 174 157 118 170 114 188 138 26 81 71 50 39 0,136
PFG_MOEA,330,6,264.18,3010.24,0 51 48 146 21 115 64 127 73 164 29 42 110 121 28 15 54 13 79 96 134 186 141 103 139 19 159 63 154 125 165 153 12 83 129 5 0,21 96
PFG_MOEA,331,1,274.07,2785.44,0 112 180 182 74 120 142 200 162 56 9 17 85 137 173 60 99 151 116 199 171 4 46 18 132 14 111 144 30 77 175 24 59 2 1 44 7 160 146 48 51 0,4 162 182
PFG_MOEA,331,2,274.07,2785.44,0 167 78 185 66 166 195 58 100 113 178 86 104 181 53 93 43 192 69 70 55 196 119 198 128 98 21 115 0,104
PFG_MOEA,331,3,274.07,2785.44,0 39 50 71 26 8 10 105 102 158 90 168 75 80 140 38 82 161 133 191 41 89 27 184 172 95 94 32 131 88 145 174 157 118 170 114 188 138 81 64 0,80 94
PFG_MOEA,331,4,274.07,2785.44,0 126 20 136 143 5 61 109 36 11 34 84 176 65 76 139 103 87 22 187 57 183 13 79 96 134 186 141 125 16 117 0,
PFG_MOEA,331,5,274.07,2785.44,0 3 73 127 163 23 147 49 130 92 67 169 68 40 106 29 164 42 110 121 28 15 54 45 190 189 72 152 0,
PFG_MOEA,331,6,274.07,2785.44,0 35 108 129 83 6 52 177 149 12 153 165 154 19 159 63 37 194 122 197 193 91 148 25 101 31 150 62 179 33 155 97 123 47 135 107 156 124 0,91 194
PFG_MOEA,332,1,306.31,2495.58,0 136 20 143 5 61 109 11 36 126 34 112 180 182 167 56 9 137 85 17 162 200 142 120 74 62 135 107 156 124 0,11 126
PFG_MOEA,332,2,306.31,2495.58,0 47 123 97 155 111 179 33 14 132 18 46 4 99 60 173 151 116 199 171 144 30 24 59 1 44 7 2 77 0,99
PFG_MOEA,332,3,306.31,2495.58,0 51 48 146 175 78 185 66 166 195 58 100 113 178 86 104 181 53 93 43 160 192 69 70 55 196 119 198 128 98 21 115 39 64 0,93 181
PFG_MOEA,332,4,306.31,2495.58,0 131 163 106 40 68 95 172 94 32 41 169 67 191 92 130 90 168 75 80 140 38 82 161 133 158 102 105 49 147 23 183 88 145 174 157 118 170 114 188 138 81 26 10 8 50 71 0,80 105
PFG_MOEA,332,5,306.31,2495.58,0 152 83 153 12 149 177 52 6 63 159 19 139 103 190 45 54 15 87 22 187 57 184 27 89 28 121 110 42 29 164 127 73 3 0,149 190
PFG_MOEA,332,6,306.31,2495.58,0 117 13 79 96 134 186 141 125 154 165 129 16 108 35 150 31 101 25 148 91 193 122 194 37 72 189 197 76 65 176 84 0,91 141
PFG_MOEA,333,1,528.52,2327.53,0 124 156 107 126 36 109 11 167 182 34 112 180 176 197 76 65 84 74 120 142 200 162 56 9 17 85 137 173 60 99 151 116 199 30 144 171 4 46 18 132 14 33 179 111 155 97 123 47 62 135 77 2 24 59 1 44 7 195 58 100 113 178 86 104 166 66 181 53 93 160 43 185 78 175 146 192 69 70 55 196 119 198 128 98 21 115 48 51 0,126 182
PFG_MOEA,333,2,528.52,2327.53,0 39 0,39
PFG_MOEA,333,3,528.52,2327.53,0 64 0,
PFG_MOEA,333,4,528.52,2327.53,0 81 71 50 0,
PFG_MOEA,333,5,528.52,2327.53,0 131 163 106 40 130 92 133 161 82 38 140 80 75 168 90 158 102 105 49 147 23 183 88 145 174 157 118 170 10 8 26 114 188 138 0,92 168
PFG_MOEA,333,6,528.52,2327.53,0 136 20 143 61 5 16 108 35 150 31 101 25 148 91 193 122 194 37 72 189 190 45 87 22 187 57 184 27 89 41 169 67 191 32 94 68 95 172 15 54 103 139 19 159 63 6 52 177 149 12 153 83 129 165 154 125 141 186 152 134 96 79 13 28 121 110 42 29 164 127 73 3 117 0,91 141 187
PFG_MOEA,334,1,264.18,3010.24,0 117 16 108 35 150 37 72 87 22 187 57 172 95 184 27 89 41 32 94 191 133 161 82 38 140 80 75 168 105 102 158 90 67 169 68 152 0,94 168
PFG_MOEA,334,2,264.18,3010.24,0 3 31 101 25 148 91 6 52 177 149 190 45 122 76 65 193 176 84 151 116 199 171 4 46 18 132 144 30 109 107 156 124 0,122 149
PFG_MOEA,334,3,264.18,3010.24,0 126 36 11 167 182 34 112 180 194 189 197 74 120 142 200 162 17 85 137 173 60 99 9 56 111 179 33 14 155 97 123 47 62 135 77 0,
PFG_MOEA,334,4,264.18,3010.24,0 24 59 2 1 44 7 195 58 100 113 178 86 104 166 66 93 181 53 192 160 43 185 78 175 131 163 183 23 147 49 130 92 40 106 0,
PFG_MOEA,334,5,264.18,3010.24,0 136 20 143 61 69 70 55 196 119 198 98 128 10 8 145 88 174 157 118 170 114 188 138 26 81 71 50 39 0,136
PFG_MOEA,334,6,264.18,3010.24,0 51 48 146 21 115 64 127 73 164 29 42 110 121 28 15 54 13 79 96 134 186 141 103 139 19 159 63 154 125 165 153 12 83 129 5 0,21 96
PFG_MOEA,335,1,274.07,2785.44,0 112 180 182 74 120 142 200 162 56 9 17 85 137 173 60 99 151 116 199 171 4 46 18 132 14 111 144 30 77 175 24 59 2 1 44 7 160 146 48 51 0,4 162 182
PFG_MOEA,335,2,274.07,2785.44,0 167 78 185 66 166 195 58 100 113 178 86 104 181 53 93 43 192 69 70 55 196 119 198 128 98 21 115 0,104
PFG_MOEA,335,3,274.07,2785.44,0 39 50 71 26 8 10 105 102 158 90 168 75 80 140 38 82 161 133 191 41 89 27 184 172 95 94 32 131 88 145 174 157 118 170 114 188 138 81 64 0,80 94
PFG_MOEA,335,4,274.07,2785.44,0 126 20 136 143 5 61 109 36 11 34 84 176 65 76 139 103 87 22 187 57 183 13 79 96 134 186 141 125 16 117 0,
PFG_MOEA,335,5,274.07,2785.44,0 3 73 127 163 23 147 49 130 92 67 169 68 40 106 29 164 42 110 121 28 15 54 45 190 189 72 152 0,
PFG_MOEA,335,6,274.07,2785.44,0 35 108 129 83 6 52 177 149 12 153 165 154 19 159 63 37 194 122 197 193 91 148 25 101 31 150 62 179 33 155 97 123 47 135 107 156 124 0,91 194
PFG_MOEA,336,1,306.31,2495.58,0 136 20 143 5 61 109 11 36 126 34 112 180 182 167 56 9 137 85 17 162 200 142 120 74 62 135 107 156 124 0,11 126
PFG_MOEA,336,2,306.31,2495.58,0 47 123 97 155 111 179 33 14 132 18 46 4 99 60 173 151 116 199 171 144 30 24 59 1 44 7 2 77 0,99
PFG_MOEA,336,3,306.31,2495.58,0 51 48 146 175 78 185 66 166 195 58 100 113 178 86 104 181 53 93 43 160 192 69 70 55 196 119 198 128 98 21 115 39 64 0,93 181
PFG_MOEA,336,4,306.31,2495.58,0 131 163 106 40 68 95 172 94 32 41 169 67 191 92 130 90 168 75 80 140 38 82 161 133 158 102 105 49 147 23 183 88 145 174 157 118 170 114 188 138 81 26 10 8 50 71 0,80 105
PFG_MOEA,336,5,306.31,2495.58,0 152 83 153 12 149 177 52 6 63 159 19 139 103 190 45 54 15 87 22 187 57 184 27 89 28 121 110 42 29 164 127 73 3 0,149 190
PFG_MOEA,336,6,306.31,2495.58,0 117 13 79 96 134 186 141 125 154 165 129 16 108 35 150 31 101 25 148 91 193 122 194 37 72 189 197 76 65 176 84 0,91 141
PFG_MOEA,337,1,528.52,2327.53,0 124 156 107 126 36 109 11 167 182 34 112 180 176 197 76 65 84 74 120 142 200 162 56 9 17 85 137 173 60 99 151 116 199 30 144 171 4 46 18 132 14 33 179 111 155 97 123 47 62 135 77 2 24 59 1 44 7 195 58 100 113 178 86 104 166 66 181 53 93 160 43 185 78 175 146 192 69 70 55 196 119 198 128 98 21 115 48 51 0,126 182
PFG_MOEA,337,2,528.52,2327.53,0 39 0,39
PFG_MOEA,337,3,528.52,2327.53,0 64 0,
PFG_MOEA,337,4,528.52,2327.53,0 81 71 50 0,
PFG_MOEA,337,5,528.52,2327.53,0 131 163 106 40 130 92 133 161 82 38 140 80 75 168 90 158 102 105 49 147 23 183 88 145 174 157 118 170 10 8 26 114 188 138 0,92 168
PFG_MOEA,337,6,528.52,2327.53,0 136 20 143 61 5 16 108 35 150 31 101 25 148 91 193 122 194 37 72 189 190 45 87 22 187 57 184 27 89 41 169 67 191 32 94 68 95 172 15 54 103 139 19 159 63 6 52 177 149 12 153 83 129 165 154 125 141 186 152 134 96 79 13 28 121 110 42 29 164 127 73 3 117 0,91 141 187
PFG_MOEA,338,1,264.18,3010.24,0 117 16 108 35 150 37 72 87 22 187 57 172 95 184 27 89 41 32 94 191 133 161 82 38 140 80 75 168 105 102 158 90 67 169 68 152 0,94 168
PFG_MOEA,338,2,264.18,3010.24,0 3 31 101 25 148 91 6 52 177 149 190 45 122 76 65 193 176 84 151 116 199 171 4 46 18 132 144 30 109 107 156 124 0,122 149
PFG_MOEA,338,3,264.18,3010.24,0 126 36 11 167 182 34 112 180 194 189 197 74 120 142 200 162 17 85 137 173 60 99 9 56 111 179 33 14 155 97 123 47 62 135 77 0,
PFG_MOEA,338,4,264.18,3010.24,0 24 59 2 1 44 7 195 58 100 113 178 86 104 166 66 93 181 53 192 160 43 185 78 175 131 163 183 23 147 49 130 92 40 106 0,
PFG_MOEA,338,5,264.18,3010.24,0 136 20 143 61 69 70 55 196 119 198 98 128 10 8 145 88 174 157 118 170 114 188 138 26 81 71 50 39 0,136
PFG_MOEA,338,6,264.18,3010.24,0 51 48 146 21 115 64 127 73 164 29 42 110 121 28 15 54 13 79 96 134 186 141 103 139 19 159 63 154 125 165 153 12 83 129 5 0,21 96
PFG_MOEA,339,1,274.07,2785.44,0 112 180 182 74 120 142 200 162 56 9 17 85 137 173 60 99 151 116 199 171 4 46 18 132 14 111 144 30 77 175 24 59 2 1 44 7 160 146 48 51 0,4 162 182
PFG_MOEA,339,2,274.07,2785.44,0 167 78 185 66 166 195 58 100 113 178 86 104 181 53 93 43 192 69 70 55 196 119 198 128 98 21 115 0,104
PFG_MOEA,339,3,274.07,2785.44,0 39 50 71 26 8 10 105 102 158 90 168 75 80 140 38 82 161 133 191 41 89 27 184 172 95 94 32 131 88 145 174 157 118 170 114 188 138 81 64 0,80 94
PFG_MOEA,339,4,274.07,2785.44,0 126 20 136 143 5 61 109 36 11 34 84 176 65 76 139 103 87 22 187 57 183 13 79 96 134 186 141 125 16 117 0,
PFG_MOEA,339,5,274.07,2785.44,0 3 73 127 163 23 147 49 130 92 67 169 68 40 106 29 164 42 110 121 28 15 54 45 190 189 72 152 0,
PFG_MOEA,339,6,274.07,2785.44,0 35 108 129 83 6 52 177 149 12 153 165 154 19 159 63 37 194 122 197 193 91 148 25 101 31 150 62 179 33 155 97 123 47 135 107 156 124 0,91 194
PFG_MOEA,340,1,306.31,2495.58,0 136 20 143 5 61 109 11 36 126 34 112 180 182 167 56 9 137 85 17 162 200 142 120 74 62 135 107 156 124 0,11 126
PFG_MOEA,340,2,306.31,2495.58,0 47 123 97 155 111 179 33 14 132 18 46 4 99 60 173 151 116 199 171 144 30 24 59 1 44 7 2 77 0,99
PFG_MOEA,340,3,306.31,2495.58,0 51 48 146 175 78 185 66 166 195 58 100 113 178 86 104 181 53 93 43 160 192 69 70 55 196 119 198 128 98 21 115 39 64 0,93 181
PFG_MOEA,340,4,306.31,2495.58,0 131 163 106 40 68 95 172 94 32 41 169 67 191 92 130 90 168 75 80 140 38 82 161 133 158 102 105 49 147 23 183 88 145 174 157 118 170 114 188 138 81 26 10 8 50 71 0,80 105
PFG_MOEA,340,5,306.31,2495.58,0 152 83 153 12 149 177 52 6 63 159 19 139 103 190 45 54 15 87 22 187 57 184 27 89 28 121 110 42 29 164 127 73 3 0,149 190
PFG_MOEA,340,6,306.31,2495.58,0 117 13 79 96 134 186 141 125 154 165 129 16 108 35 150 31 101 25 148 91 193 122 194 37 72 189 197 76 65 176 84 0,91 141
PFG_MOEA,341,1,528.52,2327.53,0 124 156 107 126 36 109 11 167 182 34 112 180 176 197 76 65 84 74 120 142 200 162 56 9 17 85 137 173 60 99 151 116 199 30 144 171 4 46 18 132 14 33 179 111 155 97 123 47 62 135 77 2 24 59 1 44 7 195 58 100 113 178 86 104 166 66 181 53 93 160 43 185 78 175 146 192 69 70 55 196 119 198 128 98 21 115 48 51 0,126 182
PFG_MOEA,341,2,528.52,2327.53,0 39 0,39
PFG_MOEA,341,3,528.52,2327.53,0 64 0,
PFG_MOEA,341,4,528.52,2327.53,0 81 71 50 0,
PFG_MOEA,341,5,528.52,2327.53,0 131 163 106 40 130 92 133 161 82 38 140 80 75 168 90 158 102 105 49 147 23 183 88 145 174 157 118 170 10 8 26 114 188 138 0,92 168
PFG_MOEA,341,6,528.52,2327.53,0 136 20 143 61 5 16 108 35 150 31 101 25 148 91 193 122 194 37 72 189 190 45 87 22 187 57 184 27 89 41 169 67 191 32 94 68 95 172 15 54 103 139 19 159 63 6 52 177 149 12 153 83 129 165 154 125 141 186 152 134 96 79 13 28 121 110 42 29 164 127 73 3 117 0,91 141 187
PFG_MOEA,342,1,264.18,3010.24,0 117 16 108 35 150 37 72 87 22 187 57 172 95 184 27 89 41 32 94 191 133 161 82 38 140 80 75 168 105 102 158 90 67 169 68 152 0,94 168
PFG_MOEA,342,2,264.18,3010.24,0 3 31 101 25 148 91 6 52 177 149 190 45 122 76 65 193 176 84 151 116 199 171 4 46 18 132 144 30 109 107 156 124 0,122 149
PFG_MOEA,342,3,264.18,3010.24,0 126 36 11 167 182 34 112 180 194 189 197 74 120 142 200 162 17 85 137 173 60 99 9 56 111 179 33 14 155 97 123 47 62 135 77 0,
PFG_MOEA,342,4,264.18,3010.24,0 24 59 2 1 44 7 195 58 100 113 178 86 104 166 66 93 181 53 192 160 43 185 78 175 131 163 183 23 147 49 130 92 40 106 0,
PFG_MOEA,342,5,264.18,3010.24,0 136 20 143 61 69 70 55 196 119 198 98 128 10 8 145 88 174 157 118 170 114 188 138 26 81 71 50 39 0,136
PFG_MOEA,342,6,264.18,3010.24,0 51 48 146 21 115 64 127 73 164 29 42 110 121 28 15 54 13 79 96 134 186 141 103 139 19 159 63 154 125 165 153 12 83 129 5 0,21 96
PFG_MOEA,343,1,274.07,2785.44,0 112 180 182 74 120 142 200 162 56 9 17 85 137 173 60 99 151 116 199 171 4 46 18 132 14 111 144 30 77 175 24 59 2 1 44 7 160 146 48 51 0,4 162 182
PFG_MOEA,343,2,274.07,2785.44,0 167 78 185 66 166 195 58 100 113 178 86 104 181 53 93 43 192 69 70 55 196 119 198 128 98 21 115 0,104
PFG_MOEA,343,3,274.07,2785.44,0 39 50 71 26 8 10 105 102 158 90 168 75 80 140 38 82 161 133 191 41 89 27 184 172 95 94 32 131 88 145 174 157 118 170 114 188 138 81 64 0,80 94
PFG_MOEA,343,4,274.07,2785.44,0 126 20 136 143 5 61 109 36 11 34 84 176 65 76 139 103 87 22 187 57 183 13 79 96 134 186 141 125 16 117 0,
PFG_MOEA,343,5,274.07,2785.44,0 3 73 127 163 23 147 49 130 92 67 169 68 40 106 29 164 42 110 121 28 15 54 45 190 189 72 152 0,
PFG_MOEA,343,6,274.07,2785.44,0 35 108 129 83 6 52 177 149 12 153 165 154 19 159 63 37 194 122 197 193 91 148 25 101 31 150 62 179 33 155 97 123 47 135 107 156 124 0,91 194
PFG_MOEA,344,1,306.31,2495.58,0 136 20 143 5 61 109 11 36 126 34 112 180 182 167 56 9 137 85 17 162 200 142 120 74 62 135 107 156 124 0,11 126
PFG_MOEA,344,2,306.31,2495.58,0 47 123 97 155 111 179 33 14 132 18 46 4 99 60 173 151 116 199 171 144 30 24 59 1 44 7 2 77 0,99
PFG_MOEA,344,3,306.31,2495.58,0 51 48 146 175 78 185 66 166 195 58 100 113 178 86 104 181 53 93 43 160 192 69 70 55 196 119 198 128 98 21 115 39 64 0,93 181
PFG_MOEA,344,4,306.31,2495.58,0 131 163 106 40 68 95 172 94 32 41 169 67 191 92 130 90 168 75 80 140 38 82 161 133 158 102 105 49 147 23 183 88 145 174 157 118 170 114 188 138 81 26 10 8 50 71 0,80 105
PFG_MOEA,344,5,306.31,2495.58,0 152 83 153 12 149 177 52 6 63 159 19 139 103 190 45 54 15 87 22 187 57 184 27 89 28 121 110 42 29 164 127 73 3 0,149 190
PFG_MOEA,344,6,306.31,2495.58,0 117 13 79 96 134 186 141 125 154 165 129 16 108 35 150 31 101 25 148 91 193 122 194 37 72 189 197 76 65 176 84 0,91 141
PFG_MOEA,345,1,528.52,2327.53,0 124 156 107 126 36 109 11 167 182 34 112 180 176 197 76 65 84 74 120 142 200 162 56 9 17 85 137 173 60 99 151 116 199 30 144 171 4 46 18 132 14 33 179 111 155 97 123 47 62 135 77 2 24 59 1 44 7 195 58 100 113 178 86 104 166 66 181 53 93 160 43 185 78 175 146 192 69 70 55 196 119 198 128 98 21 115 48 51 0,126 182
PFG_MOEA,345,2,528.52,2327.53,0 39 0,39
PFG_MOEA,345,3,528.52,2327.53,0 64 0,
PFG_MOEA,345,4,528.52,2327.53,0 81 71 50 0,
PFG_MOEA,345,5,528.52,2327.53,0 131 163 106 40 130 92 133 161 82 38 140 80 75 168 90 158 102 105 49 147 23 183 88 145 174 157 118 170 10 8 26 114 188 138 0,92 168
PFG_MOEA,345,6,528.52,2327.53,0 136 20 143 61 5 16 108 35 150 31 101 25 148 91 193 122 194 37 72 189 190 45 87 22 187 57 184 27 89 41 169 67 191 32 94 68 95 172 15 54 103 139 19 159 63 6 52 177 149 12 153 83 129 165 154 125 141 186 152 134 96 79 13 28 121 110 42 29 164 127 73 3 117 0,91 141 187
PFG_MOEA,346,1,264.18,3010.24,0 117 16 108 35 150 37 72 87 22 187 57 172 95 184 27 89 41 32 94 191 133 161 82 38 140 80 75 168 105 102 158 90 67 169 68 152 0,94 168
PFG_MOEA,346,2,264.18,3010.24,0 3 31 101 25 148 91 6 52 177 149 190 45 122 76 65 193 176 84 151 116 199 171 4 46 18 132 144 30 109 107 156 124 0,122 149
PFG_MOEA,346,3,264.18,3010.24,0 126 36 11 167 182 34 112 180 194 189 197 74 120 142 200 162 17 85 137 173 60 99 9 56 111 179 33 14 155 97 123 47 62 135 77 0,
PFG_MOEA,346,4,264.18,3010.24,0 24 59 2 1 44 7 195 58 100 113 178 86 104 166 66 93 181 53 192 160 43 185 78 175 131 163 183 23 147 49 130 92 40 106 0,
PFG_MOEA,346,5,264.18,3010.24,0 136 20 143 61 69 70 55 196 119 198 98 128 10 8 145 88 174 157 118 170 114 188 138 26 81 71 50 39 0,136
PFG_MOEA,346,6,264.18,3010.24,0 51 48 146 21 115 64 127 73 164 29 42 110 121 28 15 54 13 79 96 134 186 141 103 139 19 159 63 154 125 165 153 12 83 129 5 0,21 96
PFG_MOEA,347,1,274.07,2785.44,0 112 180 182 74 120 142 200 162 56 9 17 85 137 173 60 99 151 116 199 171 4 46 18 132 14 111 144 30 77 175 24 59 2 1 44 7 160 146 48 51 0,4 162 182
PFG_MOEA,347,2,274.07,2785.44,0 167 78 185 66 166 195 58 100 113 178 86 104 181 53 93 43 192 69 70 55 196 119 198 128 98 21 115 0,104
PFG_MOEA,347,3,274.07,2785.44,0 39 50 71 26 8 10 105 102 158 90 168 75 80 140 38 82 161 133 191 41 89 27 184 172 95 94 32 131 88 145 174 157 118 170 114 188 138 81 64 0,80 94
PFG_MOEA,347,4,274.07,2785.44,0 126 20 136 143 5 61 109 36 11 34 84 176 65 76 139 103 87 22 187 57 183 13 79 96 134 186 141 125 16 117 0,
PFG_MOEA,347,5,274.07,2785.44,0 3 73 127 163 23 147 49 130 92 67 169 68 40 106 29 164 42 110 121 28 15 54 45 190 189 72 152 0,
PFG_MOEA,347,6,274.07,2785.44,0 35 108 129 83 6 52 177 149 12 153 165 154 19 159 63 37 194 122 197 193 91 148 25 101 31 150 62 179 33 155 97 123 47 135 107 156 124 0,91 194
PFG_MOEA,348,1,285.8,2514.54,0 124 156 107 135 62 182 167 47 123 97 155 14 132 18 46 4 33 179 111 56 74 120 142 200 162 17 85 137 9 99 60 173 151 116 199 171 144 30 24 59 0,
PFG_MOEA,348,2,285.8,2514.54,0 51 48 192 69 70 55 160 43 93 53 181 104 86 178 113 100 58 195 166 66 185 78 7 44 1 2 77 175 146 0,78
PFG_MOEA,348,3,285.8,2514.54,0 64 163 131 106 40 68 128 198 119 196 98 21 115 39 0,119
PFG_MOEA,348,4,285.8,2514.54,0 138 88 183 95 172 94 32 41 169 67 191 92 130 90 168 75 80 140 38 82 161 133 158 102 105 49 147 23 145 174 157 118 170 114 188 81 0,80 92 105
PFG_MOEA,348,5,285.8,2514.54,0 117 50 71 26 8 10 89 27 184 57 187 22 87 15 54 45 190 139 19 63 108 125 103 141 186 152 134 96 79 13 28 121 110 42 29 164 127 73 3 0,54 108
PFG_MOEA,348,6,285.8,2514.54,0 136 20 143 5 61 109 36 11 34 112 180 31 150 35 16 129 83 6 52 177 149 12 153 159 154 165 101 25 148 91 193 122 194 37 72 189 197 76 65 176 84 126 0,11 35 194
PFG_MOEA,349,1,306.31,2495.58,0 136 20 143 5 61 109 11 36 126 34 112 180 182 167 56 9 137 85 17 162 200 142 120 74 62 135 107 156 124 0,11 126
PFG_MOEA,349,2,306.31,2495.58,0 47 123 97 155 111 179 33 14 132 18 46 4 99 60 173 151 116 199 171 144 30 24 59 1 44 7 2 77 0,99
PFG_MOEA,349,3,306.31,2495.58,0 51 48 146 175 78 185 66 166 195 58 100 113 178 86 104 181 53 93 43 160 192 69 70 55 196 119 198 128 98 21 115 39 64 0,93 181
PFG_MOEA,349,4,306.31,2495.58,0 131 163 106 40 68 95 172 94 32 41 169 67 191 92 130 90 168 75 80 140 38 82 161 133 158 102 105 49 147 23 183 88 145 174 157 118 170 114 188 138 81 26 10 8 50 71 0,80 105
PFG_MOEA,349,5,306.31,2495.58,0 152 83 153 12 149 177 52 6 63 159 19 139 103 190 45 54 15 87 22 187 57 184 27 89 28 121 110 42 29 164 127 73 3 0,149 190
PFG_MOEA,349,6,306.31,2495.58,0 117 13 79 96 134 186 141 125 154 165 129 16 108 35 150 31 101 25 148 91 193 122 194 37 72 189 197 76 65 176 84 0,91 141
PFG_MOEA,350,1,528.52,2327.53,0 124 156 107 126 36 109 11 167 182 34 112 180 176 197 76 65 84 74 120 142 200 162 56 9 17 85 137 173 60 99 151 116 199 30 144 171 4 46 18 132 14 33 179 111 155 97 123 47 62 135 77 2 24 59 1 44 7 195 58 100 113 178 86 104 166 66 181 53 93 160 43 185 78 175 146 192 69 70 55 196 119 198 128 98 21 115 48 51 0,126 182
PFG_MOEA,350,2,528.52,2327.53,0 39 0,39
PFG_MOEA,350,3,528.52,2327.53,0 64 0,
PFG_MOEA,350,4,528.52,2327.53,0 81 71 50 0,
PFG_MOEA,350,5,528.52,2327.53,0 131 163 106 40 130 92 133 161 82 38 140 80 75 168 90 158 102 105 49 147 23 183 88 145 174 157 118 170 10 8 26 114 188 138 0,92 168
PFG_MOEA,350,6,528.52,2327.53,0 136 20 143 61 5 16 108 35 150 31 101 25 148 91 193 122 194 37 72 189 190 45 87 22 187 57 184 27 89 41 169 67 191 32 94 68 95 172 15 54 103 139 19 159 63 6 52 177 149 12 153 83 129 165 154 125 141 186 152 134 96 79 13 28 121 110 42 29 164 127 73 3 117 0,91 141 187
PFG_MOEA,351,1,264.18,3010.24,0 117 16 108 35 150 37 72 87 22 187 57 172 95 184 27 89 41 32 94 191 133 161 82 38 140 80 75 168 105 102 158 90 67 169 68 152 0,94 168
PFG_MOEA,351,2,264.18,3010.24,0 3 31 101 25 148 91 6 52 177 149 190 45 122 76 65 193 176 84 151 116 199 171 4 46 18 132 144 30 109 107 156 124 0,122 149
PFG_MOEA,351,3,264.18,3010.24,0 126 36 11 167 182 34 112 180 194 189 197 74 120 142 200 162 17 85 137 173 60 99 9 56 111 179 33 14 155 97 123 47 62 135 77 0,
PFG_MOEA,351,4,264.18,3010.24,0 24 59 2 1 44 7 195 58 100 113 178 86 104 166 66 93 181 53 192 160 43 185 78 175 131 163 183 23 147 49 130 92 40 106 0,
PFG_MOEA,351,5,264.18,3010.24,0 136 20 143 61 69 70 55 196 119 198 98 128 10 8 145 88 174 157 118 170 114 188 138 26 81 71 50 39 0,136
PFG_MOEA,351,6,264.18,3010.24,0 51 48 146 21 115 64 127 73 164 29 42 110 121 28 15 54 13 79 96 134 186 141 103 139 19 159 63 154 125 165 153 12 83 129 5 0,21 96
PFG_MOEA,352,1,274.07,2785.44,0 112 180 182 74 120 142 200 162 56 9 17 85 137 173 60 99 151 116 199 171 4 46 18 132 14 111 144 30 77 175 24 59 2 1 44 7 160 146 48 51 0,4 162 182
PFG_MOEA,352,2,274.07,2785.44,0 167 78 185 66 166 195 58 100 113 178 86 104 181 53 93 43 192 69 70 55 196 119 198 128 98 21 115 0,104
PFG_MOEA,352,3,274.07,2785.44,0 39 50 71 26 8 10 105 102 158 90 168 75 80 140 38 82 161 133 191 41 89 27 184 172 95 94 32 131 88 145 174 157 118 170 114 188 138 81 64 0,80 94
PFG_MOEA,352,4,274.07,2785.44,0 126 20 136 143 5 61 109 36 11 34 84 176 65 76 139 103 87 22 187 57 183 13 79 96 134 186 141 125 16 117 0,
PFG_MOEA,352,5,274.07,2785.44,0 3 73 127 163 23 147 49 130 92 67 169 68 40 106 29 164 42 110 121 28 15 54 45 190 189 72 152 0,
PFG_MOEA,352,6,274.07,2785.44,0 35 108 129 83 6 52 177 149 12 153 165 154 19 159 63 37 194 122 197 193 91 148 25 101 31 150 62 179 33 155 97 123 47 135 107 156 124 0,91 194
PFG_MOEA,353,1,285.8,2514.54,0 124 156 107 135 62 182 167 47 123 97 155 14 132 18 46 4 33 179 111 56 74 120 142 200 162 17 85 137 9 99 60 173 151 116 199 171 144 30 24 59 0,
PFG_MOEA,353,2,285.8,2514.54,0 51 48 192 69 70 55 160 43 93 53 181 104 86 178 113 100 58 195 166 66 185 78 7 44 1 2 77 175 146 0,78
PFG_MOEA,353,3,285.8,2514.54,0 64 163 131 106 40 68 128 198 119 196 98 21 115 39 0,119
PFG_MOEA,353,4,285.8,2514.54,0 138 88 183 95 172 94 32 41 169 67 191 92 130 90 168 75 80 140 38 82 161 133 158 102 105 49 147 23 145 174 157 118 170 114 188 81 0,80 92 105
PFG_MOEA,353,5,285.8,2514.54,0 117 50 71 26 8 10 89 27 184 57 187 22 87 15 54 45 190 139 19 63 108 125 103 141 186 152 134 96 79 13 28 121 110 42 29 164 127 73 3 0,54 108
PFG_MOEA,353,6,285.8,2514.54,0 136 20 143 5 61 109 36 11 34 112 180 31 150 35 16 129 83 6 52 177 149 12 153 159 154 165 101 25 148 91 193 122 194 37 72 189 197 76 65 176 84 126 0,11 35 194
PFG_MOEA,354,1,306.31,2495.58,0 136 20 143 5 61 109 11 36 126 34 112 180 182 167 56 9 137 85 17 162 200 142 120 74 62 135 107 156 124 0,11 126
PFG_MOEA,354,2,306.31,2495.58,0 47 123 97 155 111 179 33 14 132 18 46 4 99 60 173 151 116 199 171 144 30 24 59 1 44 7 2 77 0,99
PFG_MOEA,354,3,306.31,2495.58,0 51 48 146 175 78 185 66 166 195 58 100 113 178 86 104 181 53 93 43 160 192 69 70 55 196 119 198 128 98 21 115 39 64 0,93 181
PFG_MOEA,354,4,306.31,2495.58,0 131 163 106 40 68 95 172 94 32 41 169 67 191 92 130 90 168 75 80 140 38 82 161 133 158 102 105 49 147 23 183 88 145 174 157 118 170 114 188 138 81 26 10 8 50 71 0,80 105
PFG_MOEA,354,5,306.31,2495.58,0 152 83 153 12 149 177 52 6 63 159 19 139 103 190 45 54 15 87 22 187 57 184 27 89 28 121 110 42 29 164 127 73 3 0,149 190
PFG_MOEA,354,6,306.31,2495.58,0 117 13 79 96 134 186 141 125 154 165 129 16 108 35 150 31 101 25 148 91 193 122 194 37 72 189 197 76 65 176 84 0,91 141
PFG_MOEA,355,1,528.52,2327.53,0 124 156 107 126 36 109 11 167 182 34 112 180 176 197 76 65 84 74 120 142 200 162 56 9 17 85 137 173 60 99 151 116 199 30 144 171 4 46 18 132 14 33 179 111 155 97 123 47 62 135 77 2 24 59 1 44 7 195 58 100 113 178 86 104 166 66 181 53 93 160 43 185 78 175 146 192 69 70 55 196 119 198 128 98 21 115 48 51 0,126 182
PFG_MOEA,355,2,528.52,2327.53,0 39 0,39
PFG_MOEA,355,3,528.52,2327.53,0 64 0,
PFG_MOEA,355,4,528.52,2327.53,0 81 71 50 0,
PFG_MOEA,355,5,528.52,2327.53,0 131 163 106 40 130 92 133 161 82 38 140 80 75 168 90 158 102 105 49 147 23 183 88 145 174 157 118 170 10 8 26 114 188 138 0,92 168
PFG_MOEA,355,6,528.52,2327.53,0 136 20 143 61 5 16 108 35 150 31 101 25 148 91 193 122 194 37 72 189 190 45 87 22 187 57 184 27 89 41 169 67 191 32 94 68 95 172 15 54 103 139 19 159 63 6 52 177 149 12 153 83 129 165 154 125 141 186 152 134 96 79 13 28 121 110 42 29 164 127 73 3 117 0,91 141 187
PFG_MOEA,356,1,264.18,3010.24,0 117 16 108 35 150 37 72 87 22 187 57 172 95 184 27 89 41 32 94 191 133 161 82 38 140 80 75 168 105 102 158 90 67 169 68 152 0,94 168
PFG_MOEA,356,2,264.18,3010.24,0 3 31 101 25 148 91 6 52 177 149 190 45 122 76 65 193 176 84 151 116 199 171 4 46 18 132 144 30 109 107 156 124 0,122 149
PFG_MOEA,356,3,264.18,3010.24,0 126 36 11 167 182 34 112 180 194 189 197 74 120 142 200 162 17 85 137 173 60 99 9 56 111 179 33 14 155 97 123 47 62 135 77 0,
PFG_MOEA,356,4,264.18,3010.24,0 24 59 2 1 44 7 195 58 100 113 178 86 104 166 66 93 181 53 192 160 43 185 78 175 131 163 183 23 147 49 130 92 40 106 0,
PFG_MOEA,356,5,264.18,3010.24,0 136 20 143 61 69 70 55 196 119 198 98 128 10 8 145 88 174 157 118 170 114 188 138 26 81 71 50 39 0,136
PFG_MOEA,356,6,264.18,3010.24,0 51 48 146 21 115 64 127 73 164 29 42 110 121 28 15 54 13 79 96 134 186 141 103 139 19 159 63 154 125 165 153 12 83 129 5 0,21 96
PFG_MOEA,357,1,274.07,2785.44,0 112 180 182 74 120 142 200 162 56 9 17 85 137 173 60 99 151 116 199 171 4 46 18 132 14 111 144 30 77 175 24 59 2 1 44 7 160 146 48 51 0,4 162 182
PFG_MOEA,357,2,274.07,2785.44,0 167 78 185 66 166 195 58 100 113 178 86 104 181 53 93 43 192 69 70 55 196 119 198 128 98 21 115 0,104
PFG_MOEA,357,3,274.07,2785.44,0 39 50 71 26 8 10 105 102 158 90 168 75 80 140 38 82 161 133 191 41 89 27 184 172 95 94 32 131 88 145 174 157 118 170 114 188 138 81 64 0,80 94
PFG_MOEA,357,4,274.07,2785.44,0 126 20 136 143 5 61 109 36 11 34 84 176 65 76 139 103 87 22 187 57 183 13 79 96 134 186 141 125 16 117 0,
PFG_MOEA,357,5,274.07,2785.44,0 3 73 127 163 23 147 49 130 92 67 169 68 40 106 29 164 42 110 121 28 15 54 45 190 189 72 152 0,
PFG_MOEA,357,6,274.07,2785.44,0 35 108 129 83 6 52 177 149 12 153 165 154 19 159 63 37 194 122 197 193 91 148 25 101 31 150 62 179 33 155 97 123 47 135 107 156 124 0,91 194
PFG_MOEA,358,1,285.8,2514.54,0 124 156 107 135 62 182 167 47 123 97 155 14 132 18 46 4 33 179 111 56 74 120 142 200 162 17 85 137 9 99 60 173 151 116 199 171 144 30 24 59 0,
PFG_MOEA,358,2,285.8,2514.54,0 51 48 192 69 70 55 160 43 93 53 181 104 86 178 113 100 58 195 166 66 185 78 7 44 1 2 77 175 146 0,78
PFG_MOEA,358,3,285.8,2514.54,0 64 163 131 106 40 68 128 198 119 196 98 21 115 39 0,119
PFG_MOEA,358,4,285.8,2514.54,0 138 88 183 95 172 94 32 41 169 67 191 92 130 90 168 75 80 140 38 82 161 133 158 102 105 49 147 23 145 174 157 118 170 114 188 81 0,80 92 105
PFG_MOEA,358,5,285.8,2514.54,0 117 50 71 26 8 10 89 27 184 57 187 22 87 15 54 45 190 139 19 63 108 125 103 141 186 152 134 96 79 13 28 121 110 42 29 164 127 73 3 0,54 108
PFG_MOEA,358,6,285.8,2514.54,0 136 20 143 5 61 109 36 11 34 112 180 31 150 35 16 129 83 6 52 177 149 12 153 159 154 165 101 25 148 91 193 122 194 37 72 189 197 76 65 176 84 126 0,11 35 194
PFG_MOEA,359,1,306.31,2495.58,0 136 20 143 5 61 109 11 36 126 34 112 180 182 167 56 9 137 85 17 162 200 142 120 74 62 135 107 156 124 0,11 126
PFG_MOEA,359,2,306.31,2495.58,0 47 123 97 155 111 179 33 14 132 18 46 4 99 60 173 151 116 199 171 144 30 24 59 1 44 7 2 77 0,99
PFG_MOEA,359,3,306.31,2495.58,0 51 48 146 175 78 185 66 166 195 58 100 113 178 86 104 181 53 93 43 160 192 69 70 55 196 119 198 128 98 21 115 39 64 0,93 181
PFG_MOEA,359,4,306.31,2495.58,0 131 163 106 40 68 95 172 94 32 41 169 67 191 92 130 90 168 75 80 140 38 82 161 133 158 102 105 49 147 23 183 88 145 174 157 118 170 114 188 138 81 26 10 8 50 71 0,80 105
PFG_MOEA,359,5,306.31,2495.58,0 152 83 153 12 149 177 52 6 63 159 19 139 103 190 45 54 15 87 22 187 57 184 27 89 28 121 110 42 29 164 127 73 3 0,149 190
PFG_MOEA,359,6,306.31,2495.58,0 117 13 79 96 134 186 141 125 154 165 129 16 108 35 150 31 101 25 148 91 193 122 194 37 72 189 197 76 65 176 84 0,91 141
PFG_MOEA,360,1,528.52,2327.53,0 124 156 107 126 36 109 11 167 182 34 112 180 176 197 76 65 84 74 120 142 200 162 56 9 17 85 137 173 60 99 151 116 199 30 144 171 4 46 18 132 14 33 179 111 155 97 123 47 62 135 77 2 24 59 1 44 7 195 58 100 113 178 86 104 166 66 181 53 93 160 43 185 78 175 146 192 69 70 55 196 119 198 128 98 21 115 48 51 0,126 182
PFG_MOEA,360,2,528.52,2327.53,0 39 0,39
PFG_MOEA,360,3,528.52,2327.53,0 64 0,
PFG_MOEA,360,4,528.52,2327.53,0 81 71 50 0,
PFG_MOEA,360,5,528.52,2327.53,0 131 163 106 40 130 92 133 161 82 38 140 80 75 168 90 158 102 105 49 147 23 183 88 145 174 157 118 170 10 8 26 114 188 138 0,92 168
PFG_MOEA,360,6,528.52,2327.53,0 136 20 143 61 5 16 108 35 150 31 101 25 148 91 193 122 194 37 72 189 190 45 87 22 187 57 184 27 89 41 169 67 191 32 94 68 95 172 15 54 103 139 19 159 63 6 52 177 149 12 153 83 129 165 154 125 141 186 152 134 96 79 13 28 121 110 42 29 164 127 73 3 117 0,91 141 187
PFG_MOEA,361,1,264.18,3010.24,0 117 16 108 35 150 37 72 87 22 187 57 172 95 184 27 89 41 32 94 191 133 161 82 38 140 80 75 168 105 102 158 90 67 169 68 152 0,94 168
PFG_MOEA,361,2,264.18,3010.24,0 3 31 101 25 148 91 6 52 177 149 190 45 122 76 65 193 176 84 151 116 199 171 4 46 18 132 144 30 109 107 156 124 0,122 149
PFG_MOEA,361,3,264.18,3010.24,0 126 36 11 167 182 34 112 180 194 189 197 74 120 142 200 162 17 85 137 173 60 99 9 56 111 179 33 14 155 97 123 47 62 135 77 0,
PFG_MOEA,361,4,264.18,3010.24,0 24 59 2 1 44 7 195 58 100 113 178 86 104 166 66 93 181 53 192 160 43 185 78 175 131 163 183 23 147 49 130 92 40 106 0,
PFG_MOEA,361,5,264.18,3010.24,0 136 20 143 61 69 70 55 196 119 198 98 128 10 8 145 88 174 157 118 170 114 188 138 26 81 71 50 39 0,136
PFG_MOEA,361,6,264.18,3010.24,0 51 48 146 21 115 64 127 73 164 29 42 110 121 28 15 54 13 79 96 134 186 141 103 139 19 159 63 154 125 165 153 12 83 129 5 0,21 96
PFG_MOEA,362,1,274.07,2785.44,0 112 180 182 74 120 142 200 162 56 9 17 85 137 173 60 99 151 116 199 171 4 46 18 132 14 111 144 30 77 175 24 59 2 1 44 7 160 146 48 51 0,4 162 182
PFG_MOEA,362,2,274.07,2785.44,0 167 78 185 66 166 195 58 100 113 178 86 104 181 53 93 43 192 69 70 55 196 119 198 128 98 21 115 0,104
PFG_MOEA,362,3,274.07,2785.44,0 39 50 71 26 8 10 105 102 158 90 168 75 80 140 38 82 161 133 191 41 89 27 184 172 95 94 32 131 88 145 174 157 118 170 114 188 138 81 64 0,80 94
PFG_MOEA,362,4,274.07,2785.44,0 126 20 136 143 5 61 109 36 11 34 84 176 65 76 139 103 87 22 187 57 183 13 79 96 134 186 141 125 16 117 0,
PFG_MOEA,362,5,274.07,2785.44,0 3 73 127 163 23 147 49 130 92 67 169 68 40 106 29 164 42 110 121 28 15 54 45 190 189 72 152 0,
PFG_MOEA,362,6,274.07,2785.44,0 35 108 129 83 6 52 177 149 12 153 165 154 19 159 63 37 194 122 197 193 91 148 25 101 31 150 62 179 33 155 97 123 47 135 107 156 124 0,91 194
PFG_MOEA,363,1,285.8,2514.54,0 124 156 107 135 62 182 167 47 123 97 155 14 132 18 46 4 33 179 111 56 74 120 142 200 162 17 85 137 9 99 60 173 151 116 199 171 144 30 24 59 0,
PFG_MOEA,363,2,285.8,2514.54,0 51 48 192 69 70 55 160 43 93 53 181 104 86 178 113 100 58 195 166 66 185 78 7 44 1 2 77 175 146 0,78
PFG_MOEA,363,3,285.8,2514.54,0 64 163 131 106 40 68 128 198 119 196 98 21 115 39 0,119
PFG_MOEA,363,4,285.8,2514.54,0 138 88 183 95 172 94 32 41 169 67 191 92 130 90 168 75 80 140 38 82 161 133 158 102 105 49 147 23 145 174 157 118 170 114 188 81 0,80 92 105
PFG_MOEA,363,5,285.8,2514.54,0 117 50 71 26 8 10 89 27 184 57 187 22 87 15 54 45 190 139 19 63 108 125 103 141 186 152 134 96 79 13 28 121 110 42 29 164 127 73 3 0,54 108
PFG_MOEA,363,6,285.8,2514.54,0 136 20 143 5 61 109 36 11 34 112 180 31 150 35 16 129 83 6 52 177 149 12 153 159 154 165 101 25 148 91 193 122 194 37 72 189 197 76 65 176 84 126 0,11 35 194
PFG_MOEA,364,1,306.31,2495.58,0 136 20 143 5 61 109 11 36 126 34 112 180 182 167 56 9 137 85 17 162 200 142 120 74 62 135 107 156 124 0,11 126
PFG_MOEA,364,2,306.31,2495.58,0 47 123 97 155 111 179 33 14 132 18 46 4 99 60 173 151 116 199 171 144 30 24 59 1 44 7 2 77 0,99
PFG_MOEA,364,3,306.31,2495.58,0 51 48 146 175 78 185 66 166 195 58 100 113 178 86 104 181 53 93 43 160 192 69 70 55 196 119 198 128 98 21 115 39 64 0,93 181
PFG_MOEA,364,4,306.31,2495.58,0 131 163 106 40 68 95 172 94 32 41 169 67 191 92 130 90 168 75 80 140 38 82 161 133 158 102 105 49 147 23 183 88 145 174 157 118 170 114 188 138 81 26 10 8 50 71 0,80 105
PFG_MOEA,364,5,306.31,2495.58,0 152 83 153 12 149 177 52 6 63 159 19 139 103 190 45 54 15 87 22 187 57 184 27 89 28 121 110 42 29 164 127 73 3 0,149 190
PFG_MOEA,364,6,306.31,2495.58,0 117 13 79 96 134 186 141 125 154 165 129 16 108 35 150 31 101 25 148 91 193 122 194 37 72 189 197 76 65 176 84 0,91 141
PFG_MOEA,365,1,528.52,2327.53,0 124 156 107 126 36 109 11 167 182 34 112 180 176 197 76 65 84 74 120 142 200 162 56 9 17 85 137 173 60 99 151 116 199 30 144 171 4 46 18 132 14 33 179 111 155 97 123 47 62 135 77 2 24 59 1 44 7 195 58 100 113 178 86 104 166 66 181 53 93 160 43 185 78 175 146 192 69 70 55 196 119 198 128 98 21 115 48 51 0,126 182
PFG_MOEA,365,2,528.52,2327.53,0 39 0,39
PFG_MOEA,365,3,528.52,2327.53,0 64 0,
PFG_MOEA,365,4,528.52,2327.53,0 81 71 50 0,
PFG_MOEA,365,5,528.52,2327.53,0 131 163 106 40 130 92 133 161 82 38 140 80 75 168 90 158 102 105 49 147 23 183 88 145 174 157 118 170 10 8 26 114 188 138 0,92 168
PFG_MOEA,365,6,528.52,2327.53,0 136 20 143 61 5 16 108 35 150 31 101 25 148 91 193 122 194 37 72 189 190 45 87 22 187 57 184 27 89 41 169 67 191 32 94 68 95 172 15 54 103 139 19 159 63 6 52 177 149 12 153 83 129 165 154 125 141 186 152 134 96 79 13 28 121 110 42 29 164 127 73 3 117 0,91 141 187
PFG_MOEA,366,1,264.18,3010.24,0 117 16 108 35 150 37 72 87 22 187 57 172 95 184 27 89 41 32 94 191 133 161 82 38 140 80 75 168 105 102 158 90 67 169 68 152 0,94 168
PFG_MOEA,366,2,264.18,3010.24,0 3 31 101 25 148 91 6 52 177 149 190 45 122 76 65 193 176 84 151 116 199 171 4 46 18 132 144 30 109 107 156 124 0,122 149
PFG_MOEA,366,3,264.18,3010.24,0 126 36 11 167 182 34 112 180 194 189 197 74 120 142 200 162 17 85 137 173 60 99 9 56 111 179 33 14 155 97 123 47 62 135 77 0,
PFG_MOEA,366,4,264.18,3010.24,0 24 59 2 1 44 7 195 58 100 113 178 86 104 166 66 93 181 53 192 160 43 185 78 175 131 163 183 23 147 49 130 92 40 106 0,
PFG_MOEA,366,5,264.18,3010.24,0 136 20 143 61 69 70 55 196 119 198 98 128 10 8 145 88 174 157 118 170 114 188 138 26 81 71 50 39 0,136
PFG_MOEA,366,6,264.18,3010.24,0 51 48 146 21 115 64 127 73 164 29 42 110 121 28 15 54 13 79 96 134 186 141 103 139 19 159 63 154 125 165 153 12 83 129 5 0,21 96
PFG_MOEA,367,1,274.07,2785.44,0 112 180 182 74 120 142 200 162 56 9 17 85 137 173 60 99 151 116 199 171 4 46 18 132 14 111 144 30 77 175 24 59 2 1 44 7 160 146 48 51 0,4 162 182
PFG_MOEA,367,2,274.07,2785.44,0 167 78 185 66 166 195 58 100 113 178 86 104 181 53 93 43 192 69 70 55 196 119 198 128 98 21 115 0,104
PFG_MOEA,367,3,274.07,2785.44,0 39 50 71 26 8 10 105 102 158 90 168 75 80 140 38 82 161 133 191 41 89 27 184 172 95 94 32 131 88 145 174 157 118 170 114 188 138 81 64 0,80 94
PFG_MOEA,367,4,274.07,2785.44,0 126 20 136 143 5 61 109 36 11 34 84 176 65 76 139 103 87 22 187 57 183 13 79 96 134 186 141 125 16 117 0,
PFG_MOEA,367,5,274.07,2785.44,0 3 73 127 163 23 147 49 130 92 67 169 68 40 106 29 164 42 110 121 28 15 54 45 190 189 72 152 0,
PFG_MOEA,367,6,274.07,2785.44,0 35 108 129 83 6 52 177 149 12 153 165 154 19 159 63 37 194 122 197 193 91 148 25 101 31 150 62 179 33 155 97 123 47 135 107 156 124 0,91 194
PFG_MOEA,368,1,285.8,2514.54,0 124 156 107 135 62 182 167 47 123 97 155 14 132 18 46 4 33 179 111 56 74 120 142 200 162 17 85 137 9 99 60 173 151 116 199 171 144 30 24 59 0,
PFG_MOEA,368,2,285.8,2514.54,0 51 48 192 69 70 55 160 43 93 53 181 104 86 178 113 100 58 195 166 66 185 78 7 44 1 2 77 175 146 0,78
PFG_MOEA,368,3,285.8,2514.54,0 64 163 131 106 40 68 128 198 119 196 98 21 115 39 0,119
PFG_MOEA,368,4,285.8,2514.54,0 138 88 183 95 172 94 32 41 169 67 191 92 130 90 168 75 80 140 38 82 161 133 158 102 105 49 147 23 145 174 157 118 170 114 188 81 0,80 92 105
PFG_MOEA,368,5,285.8,2514.54,0 117 50 71 26 8 10 89 27 184 57 187 22 87 15 54 45 190 139 19 63 108 125 103 141 186 152 134 96 79 13 28 121 110 42 29 164 127 73 3 0,54 108
PFG_MOEA,368,6,285.8,2514.54,0 136 20 143 5 61 109 36 11 34 112 180 31 150 35 16 129 83 6 52 177 149 12 153 159 154 165 101 25 148 91 193 122 194 37 72 189 197 76 65 176 84 126 0,11 35 194
PFG_MOEA,369,1,306.31,2495.58,0 136 20 143 5 61 109 11 36 126 34 112 180 182 167 56 9 137 85 17 162 200 142 120 74 62 135 107 156 124 0,11 126
PFG_MOEA,369,2,306.31,2495.58,0 47 123 97 155 111 179 33 14 132 18 46 4 99 60 173 151 116 199 171 144 30 24 59 1 44 7 2 77 0,99
PFG_MOEA,369,3,306.31,2495.58,0 51 48 146 175 78 185 66 166 195 58 100 113 178 86 104 181 53 93 43 160 192 69 70 55 196 119 198 128 98 21 115 39 64 0,93 181
PFG_MOEA,369,4,306.31,2495.58,0 131 163 106 40 68 95 172 94 32 41 169 67 191 92 130 90 168 75 80 140 38 82 161 133 158 102 105 49 147 23 183 88 145 174 157 118 170 114 188 138 81 26 10 8 50 71 0,80 105
PFG_MOEA,369,5,306.31,2495.58,0 152 83 153 12 149 177 52 6 63 159 19 139 103 190 45 54 15 87 22 187 57 184 27 89 28 121 110 42 29 164 127 73 3 0,149 190
PFG_MOEA,369,6,306.31,2495.58,0 117 13 79 96 134 186 141 125 154 165 129 16 108 35 150 31 101 25 148 91 193 122 194 37 72 189 197 76 65 176 84 0,91 141
PFG_MOEA,370,1,528.52,2327.53,0 124 156 107 126 36 109 11 167 182 34 112 180 176 197 76 65 84 74 120 142 200 162 56 9 17 85 137 173 60 99 151 116 199 30 144 171 4 46 18 132 14 33 179 111 155 97 123 47 62 135 77 2 24 59 1 44 7 195 58 100 113 178 86 104 166 66 181 53 93 160 43 185 78 175 146 192 69 70 55 196 119 198 128 98 21 115 48 51 0,126 182
PFG_MOEA,370,2,528.52,2327.53,0 39 0,39
PFG_MOEA,370,3,528.52,2327.53,0 64 0,
PFG_MOEA,370,4,528.52,2327.53,0 81 71 50 0,
PFG_MOEA,370,5,528.52,2327.53,0 131 163 106 40 130 92 133 161 82 38 140 80 75 168 90 158 102 105 49 147 23 183 88 145 174 157 118 170 10 8 26 114 188 138 0,92 168
PFG_MOEA,370,6,528.52,2327.53,0 136 20 143 61 5 16 108 35 150 31 101 25 148 91 193 122 194 37 72 189 190 45 87 22 187 57 184 27 89 41 169 67 191 32 94 68 95 172 15 54 103 139 19 159 63 6 52 177 149 12 153 83 129 165 154 125 141 186 152 134 96 79 13 28 121 110 42 29 164 127 73 3 117 0,91 141 187
PFG_MOEA,371,1,264.18,3010.24,0 117 16 108 35 150 37 72 87 22 187 57 172 95 184 27 89 41 32 94 191 133 161 82 38 140 80 75 168 105 102 158 90 67 169 68 152 0,94 168
PFG_MOEA,371,2,264.18,3010.24,0 3 31 101 25 148 91 6 52 177 149 190 45 122 76 65 193 176 84 151 116 199 171 4 46 18 132 144 30 109 107 156 124 0,122 149
PFG_MOEA,371,3,264.18,3010.24,0 126 36 11 167 182 34 112 180 194 189 197 74 120 142 200 162 17 85 137 173 60 99 9 56 111 179 33 14 155 97 123 47 62 135 77 0,
PFG_MOEA,371,4,264.18,3010.24,0 24 59 2 1 44 7 195 58 100 113 178 86 104 166 66 93 181 53 192 160 43 185 78 175 131 163 183 23 147 49 130 92 40 106 0,
PFG_MOEA,371,5,264.18,3010.24,0 136 20 143 61 69 70 55 196 119 198 98 128 10 8 145 88 174 157 118 170 114 188 138 26 81 71 50 39 0,136
PFG_MOEA,371,6,264.18,3010.24,0 51 48 146 21 115 64 127 73 164 29 42 110 121 28 15 54 13 79 96 134 186 141 103 139 19 159 63 154 125 165 153 12 83 129 5 0,21 96
PFG_MOEA,372,1,274.07,2785.44,0 112 180 182 74 120 142 200 162 56 9 17 85 137 173 60 99 151 116 199 171 4 46 18 132 14 111 144 30 77 175 24 59 2 1 44 7 160 146 48 51 0,4 162 182
PFG_MOEA,372,2,274.07,2785.44,0 167 78 185 66 166 195 58 100 113 178 86 104 181 53 93 43 192 69 70 55 196 119 198 128 98 21 115 0,104
PFG_MOEA,372,3,274.07,2785.44,0 39 50 71 26 8 10 105 102 158 90 168 75 80 140 38 82 161 133 191 41 89 27 184 172 95 94 32 131 88 145 174 157 118 170 114 188 138 81 64 0,80 94
PFG_MOEA,372,4,274.07,2785.44,0 126 20 136 143 5 61 109 36 11 34 84 176 65 76 139 103 87 22 187 57 183 13 79 96 134 186 141 125 16 117 0,
PFG_MOEA,372,5,274.07,2785.44,0 3 73 127 163 23 147 49 130 92 67 169 68 40 106 29 164 42 110 121 28 15 54 45 190 189 72 152 0,
PFG_MOEA,372,6,274.07,2785.44,0 35 108 129 83 6 52 177 149 12 153 165 154 19 159 63 37 194 122 197 193 91 148 25 101 31 150 62 179 33 155 97 123 47 135 107 156 124 0,91 194
PFG_MOEA,373,1,285.8,2514.54,0 124 156 107 135 62 182 167 47 123 97 155 14 132 18 46 4 33 179 111 56 74 120 142 200 162 17 85 137 9 99 60 173 151 116 199 171 144 30 24 59 0,
PFG_MOEA,373,2,285.8,2514.54,0 51 48 192 69 70 55 160 43 93 53 181 104 86 178 113 100 58 195 166 66 185 78 7 44 1 2 77 175 146 0,78
PFG_MOEA,373,3,285.8,2514.54,0 64 163 131 106 40 68 128 198 119 196 98 21 115 39 0,119
PFG_MOEA,373,4,285.8,2514.54,0 138 88 183 95 172 94 32 41 169 67 191 92 130 90 168 75 80 140 38 82 161 133 158 102 105 49 147 23 145 174 157 118 170 114 188 81 0,80 92 105
PFG_MOEA,373,5,285.8,2514.54,0 117 50 71 26 8 10 89 27 184 57 187 22 87 15 54 45 190 139 19 63 108 125 103 141 186 152 134 96 79 13 28 121 110 42 29 164 127 73 3 0,54 108
PFG_MOEA,373,6,285.8,2514.54,0 136 20 143 5 61 109 36 11 34 112 180 31 150 35 16 129 83 6 52 177 149 12 153 159 154 165 101 25 148 91 193 122 194 37 72 189 197 76 65 176 84 126 0,11 35 194
PFG_MOEA,374,1,306.31,2495.58,0 136 20 143 5 61 109 11 36 126 34 112 180 182 167 56 9 137 85 17 162 200 142 120 74 62 135 107 156 124 0,11 126
PFG_MOEA,374,2,306.31,2495.58,0 47 123 97 155 111 179 33 14 132 18 46 4 99 60 173 151 116 199 171 144 30 24 59 1 44 7 2 77 0,99
PFG_MOEA,374,3,306.31,2495.58,0 51 48 146 175 78 185 66 166 195 58 100 113 178 86 104 181 53 93 43 160 192 69 70 55 196 119 198 128 98 21 115 39 64 0,93 181
PFG_MOEA,374,4,306.31,2495.58,0 131 163 106 40 68 95 172 94 32 41 169 67 191 92 130 90 168 75 80 140 38 82 161 133 158 102 105 49 147 23 183 88 145 174 157 118 170 114 188 138 81 26 10 8 50 71 0,80 105
PFG_MOEA,374,5,306.31,2495.58,0 152 83 153 12 149 177 52 6 63 159 19 139 103 190 45 54 15 87 22 187 57 184 27 89 28 121 110 42 29 164 127 73 3 0,149 190
PFG_MOEA,374,6,306.31,2495.58,0 117 13 79 96 134 186 141 125 154 165 129 16 108 35 150 31 101 25 148 91 193 122 194 37 72 189 197 76 65 176 84 0,91 141
PFG_MOEA,375,1,528.52,2327.53,0 124 156 107 126 36 109 11 167 182 34 112 180 176 197 76 65 84 74 120 142 200 162 56 9 17 85 137 173 60 99 151 116 199 30 144 171 4 46 18 132 14 33 179 111 155 97 123 47 62 135 77 2 24 59 1 44 7 195 58 100 113 178 86 104 166 66 181 53 93 160 43 185 78 175 146 192 69 70 55 196 119 198 128 98 21 115 48 51 0,126 182
PFG_MOEA,375,2,528.52,2327.53,0 39 0,39
PFG_MOEA,375,3,528.52,2327.53,0 64 0,
PFG_MOEA,375,4,528.52,2327.53,0 81 71 50 0,
PFG_MOEA,375,5,528.52,2327.53,0 131 163 106 40 130 92 133 161 82 38 140 80 75 168 90 158 102 105 49 147 23 183 88 145 174 157 118 170 10 8 26 114 188 138 0,92 168
PFG_MOEA,375,6,528.52,2327.53,0 136 20 143 61 5 16 108 35 150 31 101 25 148 91 193 122 194 37 72 189 190 45 87 22 187 57 184 27 89 41 169 67 191 32 94 68 95 172 15 54 103 139 19 159 63 6 52 177 149 12 153 83 129 165 154 125 141 186 152 134 96 79 13 28 121 110 42 29 164 127 73 3 117 0,91 141 187
PFG_MOEA,376,1,264.18,3010.24,0 117 16 108 35 150 37 72 87 22 187 57 172 95 184 27 89 41 32 94 191 133 161 82 38 140 80 75 168 105 102 158 90 67 169 68 152 0,94 168
PFG_MOEA,376,2,264.18,3010.24,0 3 31 101 25 148 91 6 52 177 149 190 45 122 76 65 193 176 84 151 116 199 171 4 46 18 132 144 30 109 107 156 124 0,122 149
PFG_MOEA,376,3,264.18,3010.24,0 126 36 11 167 182 34 112 180 194 189 197 74 120 142 200 162 17 85 137 173 60 99 9 56 111 179 33 14 155 97 123 47 62 135 77 0,
PFG_MOEA,376,4,264.18,3010.24,0 24 59 2 1 44 7 195 58 100 113 178 86 104 166 66 93 181 53 192 160 43 185 78 175 131 163 183 23 147 49 130 92 40 106 0,
PFG_MOEA,376,5,264.18,3010.24,0 136 20 143 61 69 70 55 196 119 198 98 128 10 8 145 88 174 157 118 170 114 188 138 26 81 71 50 39 0,136
PFG_MOEA,376,6,264.18,3010.24,0 51 48 146 21 115 64 127 73 164 29 42 110 121 28 15 54 13 79 96 134 186 141 103 139 19 159 63 154 125 165 153 12 83 129 5 0,21 96
PFG_MOEA,377,1,274.07,2785.44,0 112 180 182 74 120 142 200 162 56 9 17 85 137 173 60 99 151 116 199 171 4 46 18 132 14 111 144 30 77 175 24 59 2 1 44 7 160 146 48 51 0,4 162 182
PFG_MOEA,377,2,274.07,2785.44,0 167 78 185 66 166 195 58 100 113 178 86 104 181 53 93 43 192 69 70 55 196 119 198 128 98 21 115 0,104
PFG_MOEA,377,3,274.07,2785.44,0 39 50 71 26 8 10 105 102 158 90 168 75 80 140 38 82 161 133 191 41 89 27 184 172 95 94 32 131 88 145 174 157 118 170 114 188 138 81 64 0,80 94
PFG_MOEA,377,4,274.07,2785.44,0 126 20 136 143 5 61 109 36 11 34 84 176 65 76 139 103 87 22 187 57 183 13 79 96 134 186 141 125 16 117 0,
PFG_MOEA,377,5,274.07,2785.44,0 3 73 127 163 23 147 49 130 92 67 169 68 40 106 29 164 42 110 121 28 15 54 45 190 189 72 152 0,
PFG_MOEA,377,6,274.07,2785.44,0 35 108 129 83 6 52 177 149 12 153 165 154 19 159 63 37 194 122 197 193 91 148 25 101 31 150 62 179 33 155 97 123 47 135 107 156 124 0,91 194
PFG_MOEA,378,1,285.8,2514.54,0 124 156 107 135 62 182 167 47 123 97 155 14 132 18 46 4 33 179 111 56 74 120 142 200 162 17 85 137 9 99 60 173 151 116 199 171 144 30 24 59 0,
PFG_MOEA,378,2,285.8,2514.54,0 51 48 192 69 70 55 160 43 93 53 181 104 86 178 113 100 58 195 166 66 185 78 7 44 1 2 77 175 146 0,78
PFG_MOEA,378,3,285.8,2514.54,0 64 163 131 106 40 68 128 198 119 196 98 21 115 39 0,119
PFG_MOEA,378,4,285.8,2514.54,0 138 88 183 95 172 94 32 41 169 67 191 92 130 90 168 75 80 140 38 82 161 133 158 102 105 49 147 23 145 174 157 118 170 114 188 81 0,80 92 105
PFG_MOEA,378,5,285.8,2514.54,0 117 50 71 26 8 10 89 27 184 57 187 22 87 15 54 45 190 139 19 63 108 125 103 141 186 152 134 96 79 13 28 121 110 42 29 164 127 73 3 0,54 108
PFG_MOEA,378,6,285.8,2514.54,0 136 20 143 5 61 109 36 11 34 112 180 31 150 35 16 129 83 6 52 177 149 12 153 159 154 165 101 25 148 91 193 122 194 37 72 189 197 76 65 176 84 126 0,11 35 194
PFG_MOEA,379,1,306.31,2495.58,0 136 20 143 5 61 109 11 36 126 34 112 180 182 167 56 9 137 85 17 162 200 142 120 74 62 135 107 156 124 0,11 126
PFG_MOEA,379,2,306.31,2495.58,0 47 123 97 155 111 179 33 14 132 18 46 4 99 60 173 151 116 199 171 144 30 24 59 1 44 7 2 77 0,99
PFG_MOEA,379,3,306.31,2495.58,0 51 48 146 175 78 185 66 166 195 58 100 113 178 86 104 181 53 93 43 160 192 69 70 55 196 119 198 128 98 21 115 39 64 0,93 181
PFG_MOEA,379,4,306.31,2495.58,0 131 163 106 40 68 95 172 94 32 41 169 67 191 92 130 90 168 75 80 140 38 82 161 133 158 102 105 49 147 23 183 88 145 174 157 118 170 114 188 138 81 26 10 8 50 71 0,80 105
PFG_MOEA,379,5,306.31,2495.58,0 152 83 153 12 149 177 52 6 63 159 19 139 103 190 45 54 15 87 22 187 57 184 27 89 28 121 110 42 29 164 127 73 3 0,149 190
PFG_MOEA,379,6,306.31,2495.58,0 117 13 79 96 134 186 141 125 154 165 129 16 108 35 150 31 101 25 148 91 193 122 194 37 72 189 197 76 65 176 84 0,91 141
PFG_MOEA,380,1,528.52,2327.53,0 124 156 107 126 36 109 11 167 182 34 112 180 176 197 76 65 84 74 120 142 200 162 56 9 17 85 137 173 60 99 151 116 199 30 144 171 4 46 18 132 14 33 179 111 155 97 123 47 62 135 77 2 24 59 1 44 7 195 58 100 113 178 86 104 166 66 181 53 93 160 43 185 78 175 146 192 69 70 55 196 119 198 128 98 21 115 48 51 0,126 182
PFG_MOEA,380,2,528.52,2327.53,0 39 0,39
PFG_MOEA,380,3,528.52,2327.53,0 64 0,
PFG_MOEA,380,4,528.52,2327.53,0 81 71 50 0,
PFG_MOEA,380,5,528.52,2327.53,0 131 163 106 40 130 92 133 161 82 38 140 80 75 168 90 158 102 105 49 147 23 183 88 145 174 157 118 170 10 8 26 114 188 138 0,92 168
PFG_MOEA,380,6,528.52,2327.53,0 136 20 143 61 5 16 108 35 150 31 101 25 148 91 193 122 194 37 72 189 190 45 87 22 187 57 184 27 89 41 169 67 191 32 94 68 95 172 15 54 103 139 19 159 63 6 52 177 149 12 153 83 129 165 154 125 141 186 152 134 96 79 13 28 121 110 42 29 164 127 73 3 117 0,91 141 187
PFG_MOEA,381,1,264.18,3010.24,0 117 16 108 35 150 37 72 87 22 187 57 172 95 184 27 89 41 32 94 191 133 161 82 38 140 80 75 168 105 102 158 90 67 169 68 152 0,94 168
PFG_MOEA,381,2,264.18,3010.24,0 3 31 101 25 148 91 6 52 177 149 190 45 122 76 65 193 176 84 151 116 199 171 4 46 18 132 144 30 109 107 156 124 0,122 149
PFG_MOEA,381,3,264.18,3010.24,0 126 36 11 167 182 34 112 180 194 189 197 74 120 142 200 162 17 85 137 173 60 99 9 56 111 179 33 14 155 97 123 47 62 135 77 0,
PFG_MOEA,381,4,264.18,3010.24,0 24 59 2 1 44 7 195 58 100 113 178 86 104 166 66 93 181 53 192 160 43 185 78 175 131 163 183 23 147 49 130 92 40 106 0,
PFG_MOEA,381,5,264.18,3010.24,0 136 20 143 61 69 70 55 196 119 198 98 128 10 8 145 88 174 157 118 170 114 188 138 26 81 71 50 39 0,136
PFG_MOEA,381,6,264.18,3010.24,0 51 48 146 21 115 64 127 73 164 29 42 110 121 28 15 54 13 79 96 134 186 141 103 139 19 159 63 154 125 165 153 12 83 129 5 0,21 96
PFG_MOEA,382,1,274.07,2785.44,0 112 180 182 74 120 142 200 162 56 9 17 85 137 173 60 99 151 116 199 171 4 46 18 132 14 111 144 30 77 175 24 59 2 1 44 7 160 146 48 51 0,4 162 182
PFG_MOEA,382,2,274.07,2785.44,0 167 78 185 66 166 195 58 100 113 178 86 104 181 53 93 43 192 69 70 55 196 119 198 128 98 21 115 0,104
PFG_MOEA,382,3,274.07,2785.44,0 39 50 71 26 8 10 105 102 158 90 168 75 80 140 38 82 161 133 191 41 89 27 184 172 95 94 32 131 88 145 174 157 118 170 114 188 138 81 64 0,80 94
PFG_MOEA,382,4,274.07,2785.44,0 126 20 136 143 5 61 109 36 11 34 84 176 65 76 139 103 87 22 187 57 183 13 79 96 134 186 141 125 16 117 0,
PFG_MOEA,382,5,274.07,2785.44,0 3 73 127 163 23 147 49 130 92 67 169 68 40 106 29 164 42 110 121 28 15 54 45 190 189 72 152 0,
PFG_MOEA,382,6,274.07,2785.44,0 35 108 129 83 6 52 177 149 12 153 165 154 19 159 63 37 194 122 197 193 91 148 25 101 31 150 62 179 33 155 97 123 47 135 107 156 124 0,91 194
PFG_MOEA,383,1,285.8,2514.54,0 124 156 107 135 62 182 167 47 123 97 155 14 132 18 46 4 33 179 111 56 74 120 142 200 162 17 85 137 9 99 60 173 151 116 199 171 144 30 24 59 0,
PFG_MOEA,383,2,285.8,2514.54,0 51 48 192 69 70 55 160 43 93 53 181 104 86 178 113 100 58 195 166 66 185 78 7 44 1 2 77 175 146 0,78
PFG_MOEA,383,3,285.8,2514.54,0 64 163 131 106 40 68 128 198 119 196 98 21 115 39 0,119
PFG_MOEA,383,4,285.8,2514.54,0 138 88 183 95 172 94 32 41 169 67 191 92 130 90 168 75 80 140 38 82 161 133 158 102 105 49 147 23 145 174 157 118 170 114 188 81 0,80 92 105
PFG_MOEA,383,5,285.8,2514.54,0 117 50 71 26 8 10 89 27 184 57 187 22 87 15 54 45 190 139 19 63 108 125 103 141 186 152 134 96 79 13 28 121 110 42 29 164 127 73 3 0,54 108
PFG_MOEA,383,6,285.8,2514.54,0 136 20 143 5 61 109 36 11 34 112 180 31 150 35 16 129 83 6 52 177 149 12 153 159 154 165 101 25 148 91 193 122 194 37 72 189 197 76 65 176 84 126 0,11 35 194
PFG_MOEA,384,1,306.31,2495.58,0 136 20 143 5 61 109 11 36 126 34 112 180 182 167 56 9 137 85 17 162 200 142 120 74 62 135 107 156 124 0,11 126
PFG_MOEA,384,2,306.31,2495.58,0 47 123 97 155 111 179 33 14 132 18 46 4 99 60 173 151 116 199 171 144 30 24 59 1 44 7 2 77 0,99
PFG_MOEA,384,3,306.31,2495.58,0 51 48 146 175 78 185 66 166 195 58 100 113 178 86 104 181 53 93 43 160 192 69 70 55 196 119 198 128 98 21 115 39 64 0,93 181
PFG_MOEA,384,4,306.31,2495.58,0 131 163 106 40 68 95 172 94 32 41 169 67 191 92 130 90 168 75 80 140 38 82 161 133 158 102 105 49 147 23 183 88 145 174 157 118 170 114 188 138 81 26 10 8 50 71 0,80 105
PFG_MOEA,384,5,306.31,2495.58,0 152 83 153 12 149 177 52 6 63 159 19 139 103 190 45 54 15 87 22 187 57 184 27 89 28 121 110 42 29 164 127 73 3 0,149 190
PFG_MOEA,384,6,306.31,2495.58,0 117 13 79 96 134 186 141 125 154 165 129 16 108 35 150 31 101 25 148 91 193 122 194 37 72 189 197 76 65 176 84 0,91 141
PFG_MOEA,385,1,528.52,2327.53,0 124 156 107 126 36 109 11 167 182 34 112 180 176 197 76 65 84 74 120 142 200 162 56 9 17 85 137 173 60 99 151 116 199 30 144 171 4 46 18 132 14 33 179 111 155 97 123 47 62 135 77 2 24 59 1 44 7 195 58 100 113 178 86 104 166 66 181 53 93 160 43 185 78 175 146 192 69 70 55 196 119 198 128 98 21 115 48 51 0,126 182
PFG_MOEA,385,2,528.52,2327.53,0 39 0,39
PFG_MOEA,385,3,528.52,2327.53,0 64 0,
PFG_MOEA,385,4,528.52,2327.53,0 81 71 50 0,
PFG_MOEA,385,5,528.52,2327.53,0 131 163 106 40 130 92 133 161 82 38 140 80 75 168 90 158 102 105 49 147 23 183 88 145 174 157 118 170 10 8 26 114 188 138 0,92 168
PFG_MOEA,385,6,528.52,2327.53,0 136 20 143 61 5 16 108 35 150 31 101 25 148 91 193 122 194 37 72 189 190 45 87 22 187 57 184 27 89 41 169 67 191 32 94 68 95 172 15 54 103 139 19 159 63 6 52 177 149 12 153 83 129 165 154 125 141 186 152 134 96 79 13 28 121 110 42 29 164 127 73 3 117 0,91 141 187
PFG_MOEA,386,1,264.18,3010.24,0 117 16 108 35 150 37 72 87 22 187 57 172 95 184 27 89 41 32 94 191 133 161 82 38 140 80 75 168 105 102 158 90 67 169 68 152 0,94 168
PFG_MOEA,386,2,264.18,3010.24,0 3 31 101 25 148 91 6 52 177 149 190 45 122 76 65 193 176 84 151 116 199 171 4 46 18 132 144 30 109 107 156 124 0,122 149
PFG_MOEA,386,3,264.18,3010.24,0 126 36 11 167 182 34 112 180 194 189 197 74 120 142 200 162 17 85 137 173 60 99 9 56 111 179 33 14 155 97 123 47 62 135 77 0,
PFG_MOEA,386,4,264.18,3010.24,0 24 59 2 1 44 7 195 58 100 113 178 86 104 166 66 93 181 53 192 160 43 185 78 175 131 163 183 23 147 49 130 92 40 106 0,
PFG_MOEA,386,5,264.18,3010.24,0 136 20 143 61 69 70 55 196 119 198 98 128 10 8 145 88 174 157 118 170 114 188 138 26 81 71 50 39 0,136
PFG_MOEA,386,6,264.18,3010.24,0 51 48 146 21 115 64 127 73 164 29 42 110 121 28 15 54 13 79 96 134 186 141 103 139 19 159 63 154 125 165 153 12 83 129 5 0,21 96
PFG_MOEA,387,1,274.07,2785.44,0 112 180 182 74 120 142 200 162 56 9 17 85 137 173 60 99 151 116 199 171 4 46 18 132 14 111 144 30 77 175 24 59 2 1 44 7 160 146 48 51 0,4 162 182
PFG_MOEA,387,2,274.07,2785.44,0 167 78 185 66 166 195 58 100 113 178 86 104 181 53 93 43 192 69 70 55 196 119 198 128 98 21 115 0,104
PFG_MOEA,387,3,274.07,2785.44,0 39 50 71 26 8 10 105 102 158 90 168 75 80 140 38 82 161 133 191 41 89 27 184 172 95 94 32 131 88 145 174 157 118 170 114 188 138 81 64 0,80 94
PFG_MOEA,387,4,274.07,2785.44,0 126 20 136 143 5 61 109 36 11 34 84 176 65 76 139 103 87 22 187 57 183 13 79 96 134 186 141 125 16 117 0,
PFG_MOEA,387,5,274.07,2785.44,0 3 73 127 163 23 147 49 130 92 67 169 68 40 106 29 164 42 110 121 28 15 54 45 190 189 72 152 0,
PFG_MOEA,387,6,274.07,2785.44,0 35 108 129 83 6 52 177 149 12 153 165 154 19 159 63 37 194 122 197 193 91 148 25 101 31 150 62 179 33 155 97 123 47 135 107 156 124 0,91 194
PFG_MOEA,388,1,285.8,2514.54,0 124 156 107 135 62 182 167 47 123 97 155 14 132 18 46 4 33 179 111 56 74 120 142 200 162 17 85 137 9 99 60 173 151 116 199 171 144 30 24 59 0,
PFG_MOEA,388,2,285.8,2514.54,0 51 48 192 69 70 55 160 43 93 53 181 104 86 178 113 100 58 195 166 66 185 78 7 44 1 2 77 175 146 0,78
PFG_MOEA,388,3,285.8,2514.54,0 64 163 131 106 40 68 128 198 119 196 98 21 115 39 0,119
PFG_MOEA,388,4,285.8,2514.54,0 138 88 183 95 172 94 32 41 169 67 191 92 130 90 168 75 80 140 38 82 161 133 158 102 105 49 147 23 145 174 157 118 170 114 188 81 0,80 92 105
PFG_MOEA,388,5,285.8,2514.54,0 117 50 71 26 8 10 89 27 184 57 187 22 87 15 54 45 190 139 19 63 108 125 103 141 186 152 134 96 79 13 28 121 110 42 29 164 127 73 3 0,54 108
PFG_MOEA,388,6,285.8,2514.54,0 136 20 143 5 61 109 36 11 34 112 180 31 150 35 16 129 83 6 52 177 149 12 153 159 154 165 101 25 148 91 193 122 194 37 72 189 197 76 65 176 84 126 0,11 35 194
PFG_MOEA,389,1,306.31,2495.58,0 136 20 143 5 61 109 11 36 126 34 112 180 182 167 56 9 137 85 17 162 200 142 120 74 62 135 107 156 124 0,11 126
PFG_MOEA,389,2,306.31,2495.58,0 47 123 97 155 111 179 33 14 132 18 46 4 99 60 173 151 116 199 171 144 30 24 59 1 44 7 2 77 0,99
PFG_MOEA,389,3,306.31,2495.58,0 51 48 146 175 78 185 66 166 195 58 100 113 178 86 104 181 53 93 43 160 192 69 70 55 196 119 198 128 98 21 115 39 64 0,93 181
PFG_MOEA,389,4,306.31,2495.58,0 131 163 106 40 68 95 172 94 32 41 169 67 191 92 130 90 168 75 80 140 38 82 161 133 158 102 105 49 147 23 183 88 145 174 157 118 170 114 188 138 81 26 10 8 50 71 0,80 105
PFG_MOEA,389,5,306.31,2495.58,0 152 83 153 12 149 177 52 6 63 159 19 139 103 190 45 54 15 87 22 187 57 184 27 89 28 121 110 42 29 164 127 73 3 0,149 190
PFG_MOEA,389,6,306.31,2495.58,0 117 13 79 96 134 186 141 125 154 165 129 16 108 35 150 31 101 25 148 91 193 122 194 37 72 189 197 76 65 176 84 0,91 141
PFG_MOEA,390,1,528.52,2327.53,0 124 156 107 126 36 109 11 167 182 34 112 180 176 197 76 65 84 74 120 142 200 162 56 9 17 85 137 173 60 99 151 116 199 30 144 171 4 46 18 132 14 33 179 111 155 97 123 47 62 135 77 2 24 59 1 44 7 195 58 100 113 178 86 104 166 66 181 53 93 160 43 185 78 175 146 192 69 70 55 196 119 198 128 98 21 115 48 51 0,126 182
PFG_MOEA,390,2,528.52,2327.53,0 39 0,39
PFG_MOEA,390,3,528.52,2327.53,0 64 0,
PFG_MOEA,390,4,528.52,2327.53,0 81 71 50 0,
PFG_MOEA,390,5,528.52,2327.53,0 131 163 106 40 130 92 133 161 82 38 140 80 75 168 90 158 102 105 49 147 23 183 88 145 174 157 118 170 10 8 26 114 188 138 0,92 168
PFG_MOEA,390,6,528.52,2327.53,0 136 20 143 61 5 16 108 35 150 31 101 25 148 91 193 122 194 37 72 189 190 45 87 22 187 57 184 27 89 41 169 67 191 32 94 68 95 172 15 54 103 139 19 159 63 6 52 177 149 12 153 83 129 165 154 125 141 186 152 134 96 79 13 28 121 110 42 29 164 127 73 3 117 0,91 141 187
PFG_MOEA,391,1,264.18,3010.24,0 117 16 108 35 150 37 72 87 22 187 57 172 95 184 27 89 41 32 94 191 133 161 82 38 140 80 75 168 105 102 158 90 67 169 68 152 0,94 168
PFG_MOEA,391,2,264.18,3010.24,0 3 31 101 25 148 91 6 52 177 149 190 45 122 76 65 193 176 84 151 116 199 171 4 46 18 132 144 30 109 107 156 124 0,122 149
PFG_MOEA,391,3,264.18,3010.24,0 126 36 11 167 182 34 112 180 194 189 197 74 120 142 200 162 17 85 137 173 60 99 9 56 111 179 33 14 155 97 123 47 62 135 77 0,
PFG_MOEA,391,4,264.18,3010.24,0 24 59 2 1 44 7 195 58 100 113 178 86 104 166 66 93 181 53 192 160 43 185 78 175 131 163 183 23 147 49 130 92 40 106 0,
PFG_MOEA,391,5,264.18,3010.24,0 136 20 143 61 69 70 55 196 119 198 98 128 10 8 145 88 174 157 118 170 114 188 138 26 81 71 50 39 0,136
PFG_MOEA,391,6,264.18,3010.24,0 51 48 146 21 115 64 127 73 164 29 42 110 121 28 15 54 13 79 96 134 186 141 103 139 19 159 63 154 125 165 153 12 83 129 5 0,21 96
PFG_MOEA,392,1,274.07,2785.44,0 112 180 182 74 120 142 200 162 56 9 17 85 137 173 60 99 151 116 199 171 4 46 18 132 14 111 144 30 77 175 24 59 2 1 44 7 160 146 48 51 0,4 162 182
PFG_MOEA,392,2,274.07,2785.44,0 167 78 185 66 166 195 58 100 113 178 86 104 181 53 93 43 192 69 70 55 196 119 198 128 98 21 115 0,104
PFG_MOEA,392,3,274.07,2785.44,0 39 50 71 26 8 10 105 102 158 90 168 75 80 140 38 82 161 133 191 41 89 27 184 172 95 94 32 131 88 145 174 157 118 170 114 188 138 81 64 0,80 94
PFG_MOEA,392,4,274.07,2785.44,0 126 20 136 143 5 61 109 36 11 34 84 176 65 76 139 103 87 22 187 57 183 13 79 96 134 186 141 125 16 117 0,
PFG_MOEA,392,5,274.07,2785.44,0 3 73 127 163 23 147 49 130 92 67 169 68 40 106 29 164 42 110 121 28 15 54 45 190 189 72 152 0,
PFG_MOEA,392,6,274.07,2785.44,0 35 108 129 83 6 52 177 149 12 153 165 154 19 159 63 37 194 122 197 193 91 148 25 101 31 150 62 179 33 155 97 123 47 135 107 156 124 0,91 194
PFG_MOEA,393,1,285.8,2514.54,0 124 156 107 135 62 182 167 47 123 97 155 14 132 18 46 4 33 179 111 56 74 120 142 200 162 17 85 137 9 99 60 173 151 116 199 171 144 30 24 59 0,
PFG_MOEA,393,2,285.8,2514.54,0 51 48 192 69 70 55 160 43 93 53 181 104 86 178 113 100 58 195 166 66 185 78 7 44 1 2 77 175 146 0,78
PFG_MOEA,393,3,285.8,2514.54,0 64 163 131 106 40 68 128 198 119 196 98 21 115 39 0,119
PFG_MOEA,393,4,285.8,2514.54,0 138 88 183 95 172 94 32 41 169 67 191 92 130 90 168 75 80 140 38 82 161 133 158 102 105 49 147 23 145 174 157 118 170 114 188 81 0,80 92 105
PFG_MOEA,393,5,285.8,2514.54,0 117 50 71 26 8 10 89 27 184 57 187 22 87 15 54 45 190 139 19 63 108 125 103 141 186 152 134 96 79 13 28 121 110 42 29 164 127 73 3 0,54 108
PFG_MOEA,393,6,285.8,2514.54,0 136 20 143 5 61 109 36 11 34 112 180 31 150 35 16 129 83 6 52 177 149 12 153 159 154 165 101 25 148 91 193 122 194 37 72 189 197 76 65 176 84 126 0,11 35 194
PFG_MOEA,394,1,306.31,2495.58,0 136 20 143 5 61 109 11 36 126 34 112 180 182 167 56 9 137 85 17 162 200 142 120 74 62 135 107 156 124 0,11 126
PFG_MOEA,394,2,306.31,2495.58,0 47 123 97 155 111 179 33 14 132 18 46 4 99 60 173 151 116 199 171 144 30 24 59 1 44 7 2 77 0,99
PFG_MOEA,394,3,306.31,2495.58,0 51 48 146 175 78 185 66 166 195 58 100 113 178 86 104 181 53 93 43 160 192 69 70 55 196 119 198 128 98 21 115 39 64 0,93 181
PFG_MOEA,394,4,306.31,2495.58,0 131 163 106 40 68 95 172 94 32 41 169 67 191 92 130 90 168 75 80 140 38 82 161 133 158 102 105 49 147 23 183 88 145 174 157 118 170 114 188 138 81 26 10 8 50 71 0,80 105
PFG_MOEA,394,5,306.31,2495.58,0 152 83 153 12 149 177 52 6 63 159 19 139 103 190 45 54 15 87 22 187 57 184 27 89 28 121 110 42 29 164 127 73 3 0,149 190
PFG_MOEA,394,6,306.31,2495.58,0 117 13 79 96 134 186 141 125 154 165 129 16 108 35 150 31 101 25 148 91 193 122 194 37 72 189 197 76 65 176 84 0,91 141
PFG_MOEA,395,1,528.52,2327.53,0 124 156 107 126 36 109 11 167 182 34 112 180 176 197 76 65 84 74 120 142 200 162 56 9 17 85 137 173 60 99 151 116 199 30 144 171 4 46 18 132 14 33 179 111 155 97 123 47 62 135 77 2 24 59 1 44 7 195 58 100 113 178 86 104 166 66 181 53 93 160 43 185 78 175 146 192 69 70 55 196 119 198 128 98 21 115 48 51 0,126 182
PFG_MOEA,395,2,528.52,2327.53,0 39 0,39
PFG_MOEA,395,3,528.52,2327.53,0 64 0,
PFG_MOEA,395,4,528.52,2327.53,0 81 71 50 0,
PFG_MOEA,395,5,528.52,2327.53,0 131 163 106 40 130 92 133 161 82 38 140 80 75 168 90 158 102 105 49 147 23 183 88 145 174 157 118 170 10 8 26 114 188 138 0,92 168
PFG_MOEA,395,6,528.52,2327.53,0 136 20 143 61 5 16 108 35 150 31 101 25 148 91 193 122 194 37 72 189 190 45 87 22 187 57 184 27 89 41 169 67 191 32 94 68 95 172 15 54 103 139 19 159 63 6 52 177 149 12 153 83 129 165 154 125 141 186 152 134 96 79 13 28 121 110 42 29 164 127 73 3 117 0,91 141 187
PFG_MOEA,396,1,264.18,3010.24,0 117 16 108 35 150 37 72 87 22 187 57 172 95 184 27 89 41 32 94 191 133 161 82 38 140 80 75 168 105 102 158 90 67 169 68 152 0,94 168
PFG_MOEA,396,2,264.18,3010.24,0 3 31 101 25 148 91 6 52 177 149 190 45 122 76 65 193 176 84 151 116 199 171 4 46 18 132 144 30 109 107 156 124 0,122 149
PFG_MOEA,396,3,264.18,3010.24,0 126 36 11 167 182 34 112 180 194 189 197 74 120 142 200 162 17 85 137 173 60 99 9 56 111 179 33 14 155 97 123 47 62 135 77 0,
PFG_MOEA,396,4,264.18,3010.24,0 24 59 2 1 44 7 195 58 100 113 178 86 104 166 66 93 181 53 192 160 43 185 78 175 131 163 183 23 147 49 130 92 40 106 0,
PFG_MOEA,396,5,264.18,3010.24,0 136 20 143 61 69 70 55 196 119 198 98 128 10 8 145 88 174 157 118 170 114 188 138 26 81 71 50 39 0,136
PFG_MOEA,396,6,264.18,3010.24,0 51 48 146 21 115 64 127 73 164 29 42 110 121 28 15 54 13 79 96 134 186 141 103 139 19 159 63 154 125 165 153 12 83 129 5 0,21 96
PFG_MOEA,397,1,274.07,2785.44,0 112 180 182 74 120 142 200 162 56 9 17 85 137 173 60 99 151 116 199 171 4 46 18 132 14 111 144 30 77 175 24 59 2 1 44 7 160 146 48 51 0,4 162 182
PFG_MOEA,397,2,274.07,2785.44,0 167 78 185 66 166 195 58 100 113 178 86 104 181 53 93 43 192 69 70 55 196 119 198 128 98 21 115 0,104
PFG_MOEA,397,3,274.07,2785.44,0 39 50 71 26 8 10 105 102 158 90 168 75 80 140 38 82 161 133 191 41 89 27 184 172 95 94 32 131 88 145 174 157 118 170 114 188 138 81 64 0,80 94
PFG_MOEA,397,4,274.07,2785.44,0 126 20 136 143 5 61 109 36 11 34 84 176 65 76 139 103 87 22 187 57 183 13 79 96 134 186 141 125 16 117 0,
PFG_MOEA,397,5,274.07,2785.44,0 3 73 127 163 23 147 49 130 92 67 169 68 40 106 29 164 42 110 121 28 15 54 45 190 189 72 152 0,
PFG_MOEA,397,6,274.07,2785.44,0 35 108 129 83 6 52 177 149 12 153 165 154 19 159 63 37 194 122 197 193 91 148 25 101 31 150 62 179 33 155 97 123 47 135 107 156 124 0,91 194
PFG_MOEA,398,1,285.8,2514.54,0 124 156 107 135 62 182 167 47 123 97 155 14 132 18 46 4 33 179 111 56 74 120 142 200 162 17 85 137 9 99 60 173 151 116 199 171 144 30 24 59 0,
PFG_MOEA,398,2,285.8,2514.54,0 51 48 192 69 70 55 160 43 93 53 181 104 86 178 113 100 58 195 166 66 185 78 7 44 1 2 77 175 146 0,78
PFG_MOEA,398,3,285.8,2514.54,0 64 163 131 106 40 68 128 198 119 196 98 21 115 39 0,119
PFG_MOEA,398,4,285.8,2514.54,0 138 88 183 95 172 94 32 41 169 67 191 92 130 90 168 75 80 140 38 82 161 133 158 102 105 49 147 23 145 174 157 118 170 114 188 81 0,80 92 105
PFG_MOEA,398,5,285.8,2514.54,0 117 50 71 26 8 10 89 27 184 57 187 22 87 15 54 45 190 139 19 63 108 125 103 141 186 152 134 96 79 13 28 121 110 42 29 164 127 73 3 0,54 108
PFG_MOEA,398,6,285.8,2514.54,0 136 20 143 5 61 109 36 11 34 112 180 31 150 35 16 129 83 6 52 177 149 12 153 159 154 165 101 25 148 91 193 122 194 37 72 189 197 76 65 176 84 126 0,11 35 194
PFG_MOEA,399,1,306.31,2495.58,0 136 20 143 5 61 109 11 36 126 34 112 180 182 167 56 9 137 85 17 162 200 142 120 74 62 135 107 156 124 0,11 126
PFG_MOEA,399,2,306.31,2495.58,0 47 123 97 155 111 179 33 14 132 18 46 4 99 60 173 151 116 199 171 144 30 24 59 1 44 7 2 77 0,99
PFG_MOEA,399,3,306.31,2495.58,0 51 48 146 175 78 185 66 166 195 58 100 113 178 86 104 181 53 93 43 160 192 69 70 55 196 119 198 128 98 21 115 39 64 0,93 181
PFG_MOEA,399,4,306.31,2495.58,0 131 163 106 40 68 95 172 94 32 41 169 67 191 92 130 90 168 75 80 140 38 82 161 133 158 102 105 49 147 23 183 88 145 174 157 118 170 114 188 138 81 26 10 8 50 71 0,80 105
PFG_MOEA,399,5,306.31,2495.58,0 152 83 153 12 149 177 52 6 63 159 19 139 103 190 45 54 15 87 22 187 57 184 27 89 28 121 110 42 29 164 127 73 3 0,149 190
PFG_MOEA,399,6,306.31,2495.58,0 117 13 79 96 134 186 141 125 154 165 129 16 108 35 150 31 101 25 148 91 193 122 194 37 72 189 197 76 65 176 84 0,91 141
PFG_MOEA,400,1,528.52,2327.53,0 124 156 107 126 36 109 11 167 182 34 112 180 176 197 76 65 84 74 120 142 200 162 56 9 17 85 137 173 60 99 151 116 199 30 144 171 4 46 18 132 14 33 179 111 155 97 123 47 62 135 77 2 24 59 1 44 7 195 58 100 113 178 86 104 166 66 181 53 93 160 43 185 78 175 146 192 69 70 55 196 119 198 128 98 21 115 48 51 0,126 182
PFG_MOEA,400,2,528.52,2327.53,0 39 0,39
PFG_MOEA,400,3,528.52,2327.53,0 64 0,
PFG_MOEA,400,4,528.52,2327.53,0 81 71 50 0,
PFG_MOEA,400,5,528.52,2327.53,0 131 163 106 40 130 92 133 161 82 38 140 80 75 168 90 158 102 105 49 147 23 183 88 145 174 157 118 170 10 8 26 114 188 138 0,92 168
PFG_MOEA,400,6,528.52,2327.53,0 136 20 143 61 5 16 108 35 150 31 101 25 148 91 193 122 194 37 72 189 190 45 87 22 187 57 184 27 89 41 169 67 191 32 94 68 95 172 15 54 103 139 19 159 63 6 52 177 149 12 153 83 129 165 154 125 141 186 152 134 96 79 13 28 121 110 42 29 164 127 73 3 117 0,91 141 187
PFG_MOEA,401,1,264.18,3010.24,0 117 16 108 35 150 37 72 87 22 187 57 172 95 184 27 89 41 32 94 191 133 161 82 38 140 80 75 168 105 102 158 90 67 169 68 152 0,94 168
PFG_MOEA,401,2,264.18,3010.24,0 3 31 101 25 148 91 6 52 177 149 190 45 122 76 65 193 176 84 151 116 199 171 4 46 18 132 144 30 109 107 156 124 0,122 149
PFG_MOEA,401,3,264.18,3010.24,0 126 36 11 167 182 34 112 180 194 189 197 74 120 142 200 162 17 85 137 173 60 99 9 56 111 179 33 14 155 97 123 47 62 135 77 0,
PFG_MOEA,401,4,264.18,3010.24,0 24 59 2 1 44 7 195 58 100 113 178 86 104 166 66 93 181 53 192 160 43 185 78 175 131 163 183 23 147 49 130 92 40 106 0,
PFG_MOEA,401,5,264.18,3010.24,0 136 20 143 61 69 70 55 196 119 198 98 128 10 8 145 88 174 157 118 170 114 188 138 26 81 71 50 39 0,136
PFG_MOEA,401,6,264.18,3010.24,0 51 48 146 21 115 64 127 73 164 29 42 110 121 28 15 54 13 79 96 134 186 141 103 139 19 159 63 154 125 165 153 12 83 129 5 0,21 96
PFG_MOEA,402,1,274.07,2785.44,0 112 180 182 74 120 142 200 162 56 9 17 85 137 173 60 99 151 116 199 171 4 46 18 132 14 111 144 30 77 175 24 59 2 1 44 7 160 146 48 51 0,4 162 182
PFG_MOEA,402,2,274.07,2785.44,0 167 78 185 66 166 195 58 100 113 178 86 104 181 53 93 43 192 69 70 55 196 119 198 128 98 21 115 0,104
PFG_MOEA,402,3,274.07,2785.44,0 39 50 71 26 8 10 105 102 158 90 168 75 80 140 38 82 161 133 191 41 89 27 184 172 95 94 32 131 88 145 174 157 118 170 114 188 138 81 64 0,80 94
PFG_MOEA,402,4,274.07,2785.44,0 126 20 136 143 5 61 109 36 11 34 84 176 65 76 139 103 87 22 187 57 183 13 79 96 134 186 141 125 16 117 0,
PFG_MOEA,402,5,274.07,2785.44,0 3 73 127 163 23 147 49 130 92 67 169 68 40 106 29 164 42 110 121 28 15 54 45 190 189 72 152 0,
PFG_MOEA,402,6,274.07,2785.44,0 35 108 129 83 6 52 177 149 12 153 165 154 19 159 63 37 194 122 197 193 91 148 25 101 31 150 62 179 33 155 97 123 47 135 107 156 124 0,91 194
PFG_MOEA,403,1,285.8,2514.54,0 124 156 107 135 62 182 167 47 123 97 155 14 132 18 46 4 33 179 111 56 74 120 142 200 162 17 85 137 9 99 60 173 151 116 199 171 144 30 24 59 0,
PFG_MOEA,403,2,285.8,2514.54,0 51 48 192 69 70 55 160 43 93 53 181 104 86 178 113 100 58 195 166 66 185 78 7 44 1 2 77 175 146 0,78
PFG_MOEA,403,3,285.8,2514.54,0 64 163 131 106 40 68 128 198 119 196 98 21 115 39 0,119
PFG_MOEA,403,4,285.8,2514.54,0 138 88 183 95 172 94 32 41 169 67 191 92 130 90 168 75 80 140 38 82 161 133 158 102 105 49 147 23 145 174 157 118 170 114 188 81 0,80 92 105
PFG_MOEA,403,5,285.8,2514.54,0 117 50 71 26 8 10 89 27 184 57 187 22 87 15 54 45 190 139 19 63 108 125 103 141 186 152 134 96 79 13 28 121 110 42 29 164 127 73 3 0,54 108
PFG_MOEA,403,6,285.8,2514.54,0 136 20 143 5 61 109 36 11 34 112 180 31 150 35 16 129 83 6 52 177 149 12 153 159 154 165 101 25 148 91 193 122 194 37 72 189 197 76 65 176 84 126 0,11 35 194
PFG_MOEA,404,1,306.31,2495.58,0 136 20 143 5 61 109 11 36 126 34 112 180 182 167 56 9 137 85 17 162 200 142 120 74 62 135 107 156 124 0,11 126
PFG_MOEA,404,2,306.31,2495.58,0 47 123 97 155 111 179 33 14 132 18 46 4 99 60 173 151 116 199 171 144 30 24 59 1 44 7 2 77 0,99
PFG_MOEA,404,3,306.31,2495.58,0 51 48 146 175 78 185 66 166 195 58 100 113 178 86 104 181 53 93 43 160 192 69 70 55 196 119 198 128 98 21 115 39 64 0,93 181
PFG_MOEA,404,4,306.31,2495.58,0 131 163 106 40 68 95 172 94 32 41 169 67 191 92 130 90 168 75 80 140 38 82 161 133 158 102 105 49 147 23 183 88 145 174 157 118 170 114 188 138 81 26 10 8 50 71 0,80 105
PFG_MOEA,404,5,306.31,2495.58,0 152 83 153 12 149 177 52 6 63 159 19 139 103 190 45 54 15 87 22 187 57 184 27 89 28 121 110 42 29 164 127 73 3 0,149 190
PFG_MOEA,404,6,306.31,2495.58,0 117 13 79 96 134 186 141 125 154 165 129 16 108 35 150 31 101 25 148 91 193 122 194 37 72 189 197 76 65 176 84 0,91 141
PFG_MOEA,405,1,528.52,2327.53,0 124 156 107 126 36 109 11 167 182 34 112 180 176 197 76 65 84 74 120 142 200 162 56 9 17 85 137 173 60 99 151 116 199 30 144 171 4 46 18 132 14 33 179 111 155 97 123 47 62 135 77 2 24 59 1 44 7 195 58 100 113 178 86 104 166 66 181 53 93 160 43 185 78 175 146 192 69 70 55 196 119 198 128 98 21 115 48 51 0,126 182
PFG_MOEA,405,2,528.52,2327.53,0 39 0,39
PFG_MOEA,405,3,528.52,2327.53,0 64 0,
PFG_MOEA,405,4,528.52,2327.53,0 81 71 50 0,
PFG_MOEA,405,5,528.52,2327.53,0 131 163 106 40 130 92 133 161 82 38 140 80 75 168 90 158 102 105 49 147 23 183 88 145 174 157 118 170 10 8 26 114 188 138 0,92 168
PFG_MOEA,405,6,528.52,2327.53,0 136 20 143 61 5 16 108 35 150 31 101 25 148 91 193 122 194 37 72 189 190 45 87 22 187 57 184 27 89 41 169 67 191 32 94 68 95 172 15 54 103 139 19 159 63 6 52 177 149 12 153 83 129 165 154 125 141 186 152 134 96 79 13 28 121 110 42 29 164 127 73 3 117 0,91 141 187
PFG_MOEA,406,1,264.18,3010.24,0 117 16 108 35 150 37 72 87 22 187 57 172 95 184 27 89 41 32 94 191 133 161 82 38 140 80 75 168 105 102 158 90 67 169 68 152 0,94 168
PFG_MOEA,406,2,264.18,3010.24,0 3 31 101 25 148 91 6 52 177 149 190 45 122 76 65 193 176 84 151 116 199 171 4 46 18 132 144 30 109 107 156 124 0,122 149
PFG_MOEA,406,3,264.18,3010.24,0 126 36 11 167 182 34 112 180 194 189 197 74 120 142 200 162 17 85 137 173 60 99 9 56 111 179 33 14 155 97 123 47 62 135 77 0,
PFG_MOEA,406,4,264.18,3010.24,0 24 59 2 1 44 7 195 58 100 113 178 86 104 166 66 93 181 53 192 160 43 185 78 175 131 163 183 23 147 49 130 92 40 106 0,
PFG_MOEA,406,5,264.18,3010.24,0 136 20 143 61 69 70 55 196 119 198 98 128 10 8 145 88 174 157 118 170 114 188 138 26 81 71 50 39 0,136
PFG_MOEA,406,6,264.18,3010.24,0 51 48 146 21 115 64 127 73 164 29 42 110 121 28 15 54 13 79 96 134 186 141 103 139 19 159 63 154 125 165 153 12 83 129 5 0,21 96
PFG_MOEA,407,1,274.07,2785.44,0 112 180 182 74 120 142 200 162 56 9 17 85 137 173 60 99 151 116 199 171 4 46 18 132 14 111 144 30 77 175 24 59 2 1 44 7 160 146 48 51 0,4 162 182
PFG_MOEA,407,2,274.07,2785.44,0 167 78 185 66 166 195 58 100 113 178 86 104 181 53 93 43 192 69 70 55 196 119 198 128 98 21 115 0,104
PFG_MOEA,407,3,274.07,2785.44,0 39 50 71 26 8 10 105 102 158 90 168 75 80 140 38 82 161 133 191 41 89 27 184 172 95 94 32 131 88 145 174 157 118 170 114 188 138 81 64 0,80 94
PFG_MOEA,407,4,274.07,2785.44,0 126 20 136 143 5 61 109 36 11 34 84 176 65 76 139 103 87 22 187 57 183 13 79 96 134 186 141 125 16 117 0,
PFG_MOEA,407,5,274.07,2785.44,0 3 73 127 163 23 147 49 130 92 67 169 68 40 106 29 164 42 110 121 28 15 54 45 190 189 72 152 0,
PFG_MOEA,407,6,274.07,2785.44,0 35 108 129 83 6 52 177 149 12 153 165 154 19 159 63 37 194 122 197 193 91 148 25 101 31 150 62 179 33 155 97 123 47 135 107 156 124 0,91 194
PFG_MOEA,408,1,285.8,2514.54,0 124 156 107 135 62 182 167 47 123 97 155 14 132 18 46 4 33 179 111 56 74 120 142 200 162 17 85 137 9 99 60 173 151 116 199 171 144 30 24 59 0,
PFG_MOEA,408,2,285.8,2514.54,0 51 48 192 69 70 55 160 43 93 53 181 104 86 178 113 100 58 195 166 66 185 78 7 44 1 2 77 175 146 0,78
PFG_MOEA,408,3,285.8,2514.54,0 64 163 131 106 40 68 128 198 119 196 98 21 115 39 0,119
PFG_MOEA,408,4,285.8,2514.54,0 138 88 183 95 172 94 32 41 169 67 191 92 130 90 168 75 80 140 38 82 161 133 158 102 105 49 147 23 145 174 157 118 170 114 188 81 0,80 92 105
PFG_MOEA,408,5,285.8,2514.54,0 117 50 71 26 8 10 89 27 184 57 187 22 87 15 54 45 190 139 19 63 108 125 103 141 186 152 134 96 79 13 28 121 110 42 29 164 127 73 3 0,54 108
PFG_MOEA,408,6,285.8,2514.54,0 136 20 143 5 61 109 36 11 34 112 180 31 150 35 16 129 83 6 52 177 149 12 153 159 154 165 101 25 148 91 193 122 194 37 72 189 197 76 65 176 84 126 0,11 35 194
PFG_MOEA,409,1,306.31,2495.58,0 136 20 143 5 61 109 11 36 126 34 112 180 182 167 56 9 137 85 17 162 200 142 120 74 62 135 107 156 124 0,11 126
PFG_MOEA,409,2,306.31,2495.58,0 47 123 97 155 111 179 33 14 132 18 46 4 99 60 173 151 116 199 171 144 30 24 59 1 44 7 2 77 0,99
PFG_MOEA,409,3,306.31,2495.58,0 51 48 146 175 78 185 66 166 195 58 100 113 178 86 104 181 53 93 43 160 192 69 70 55 196 119 198 128 98 21 115 39 64 0,93 181
PFG_MOEA,409,4,306.31,2495.58,0 131 163 106 40 68 95 172 94 32 41 169 67 191 92 130 90 168 75 80 140 38 82 161 133 158 102 105 49 147 23 183 88 145 174 157 118 170 114 188 138 81 26 10 8 50 71 0,80 105
PFG_MOEA,409,5,306.31,2495.58,0 152 83 153 12 149 177 52 6 63 159 19 139 103 190 45 54 15 87 22 187 57 184 27 89 28 121 110 42 29 164 127 73 3 0,149 190
PFG_MOEA,409,6,306.31,2495.58,0 117 13 79 96 134 186 141 125 154 165 129 16 108 35 150 31 101 25 148 91 193 122 194 37 72 189 197 76 65 176 84 0,91 141
PFG_MOEA,410,1,528.52,2327.53,0 124 156 107 126 36 109 11 167 182 34 112 180 176 197 76 65 84 74 120 142 200 162 56 9 17 85 137 173 60 99 151 116 199 30 144 171 4 46 18 132 14 33 179 111 155 97 123 47 62 135 77 2 24 59 1 44 7 195 58 100 113 178 86 104 166 66 181 53 93 160 43 185 78 175 146 192 69 70 55 196 119 198 128 98 21 115 48 51 0,126 182
PFG_MOEA,410,2,528.52,2327.53,0 39 0,39
PFG_MOEA,410,3,528.52,2327.53,0 64 0,
PFG_MOEA,410,4,528.52,2327.53,0 81 71 50 0,
PFG_MOEA,410,5,528.52,2327.53,0 131 163 106 40 130 92 133 161 82 38 140 80 75 168 90 158 102 105 49 147 23 183 88 145 174 157 118 170 10 8 26 114 188 138 0,92 168
PFG_MOEA,410,6,528.52,2327.53,0 136 20 143 61 5 16 108 35 150 31 101 25 148 91 193 122 194 37 72 189 190 45 87 22 187 57 184 27 89 41 169 67 191 32 94 68 95 172 15 54 103 139 19 159 63 6 52 177 149 12 153 83 129 165 154 125 141 186 152 134 96 79 13 28 121 110 42 29 164 127 73 3 117 0,91 141 187
PFG_MOEA,411,1,264.18,3010.24,0 117 16 108 35 150 37 72 87 22 187 57 172 95 184 27 89 41 32 94 191 133 161 82 38 140 80 75 168 105 102 158 90 67 169 68 152 0,94 168
PFG_MOEA,411,2,264.18,3010.24,0 3 31 101 25 148 91 6 52 177 149 190 45 122 76 65 193 176 84 151 116 199 171 4 46 18 132 144 30 109 107 156 124 0,122 149
PFG_MOEA,411,3,264.18,3010.24,0 126 36 11 167 182 34 112 180 194 189 197 74 120 142 200 162 17 85 137 173 60 99 9 56 111 179 33 14 155 97 123 47 62 135 77 0,
PFG_MOEA,411,4,264.18,3010.24,0 24 59 2 1 44 7 195 58 100 113 178 86 104 166 66 93 181 53 192 160 43 185 78 175 131 163 183 23 147 49 130 92 40 106 0,
PFG_MOEA,411,5,264.18,3010.24,0 136 20 143 61 69 70 55 196 119 198 98 128 10 8 145 88 174 157 118 170 114 188 138 26 81 71 50 39 0,136
PFG_MOEA,411,6,264.18,3010.24,0 51 48 146 21 115 64 127 73 164 29 42 110 121 28 15 54 13 79 96 134 186 141 103 139 19 159 63 154 125 165 153 12 83 129 5 0,21 96
PFG_MOEA,412,1,274.07,2785.44,0 112 180 182 74 120 142 200 162 56 9 17 85 137 173 60 99 151 116 199 171 4 46 18 132 14 111 144 30 77 175 24 59 2 1 44 7 160 146 48 51 0,4 162 182
PFG_MOEA,412,2,274.07,2785.44,0 167 78 185 66 166 195 58 100 113 178 86 104 181 53 93 43 192 69 70 55 196 119 198 128 98 21 115 0,104
PFG_MOEA,412,3,274.07,2785.44,0 39 50 71 26 8 10 105 102 158 90 168 75 80 140 38 82 161 133 191 41 89 27 184 172 95 94 32 131 88 145 174 157 118 170 114 188 138 81 64 0,80 94
PFG_MOEA,412,4,274.07,2785.44,0 126 20 136 143 5 61 109 36 11 34 84 176 65 76 139 103 87 22 187 57 183 13 79 96 134 186 141 125 16 117 0,
PFG_MOEA,412,5,274.07,2785.44,0 3 73 127 163 23 147 49 130 92 67 169 68 40 106 29 164 42 110 121 28 15 54 45 190 189 72 152 0,
PFG_MOEA,412,6,274.07,2785.44,0 35 108 129 83 6 52 177 149 12 153 165 154 19 159 63 37 194 122 197 193 91 148 25 101 31 150 62 179 33 155 97 123 47 135 107 156 124 0,91 194
PFG_MOEA,413,1,285.8,2514.54,0 124 156 107 135 62 182 167 47 123 97 155 14 132 18 46 4 33 179 111 56 74 120 142 200 162 17 85 137 9 99 60 173 151 116 199 171 144 30 24 59 0,
PFG_MOEA,413,2,285.8,2514.54,0 51 48 192 69 70 55 160 43 93 53 181 104 86 178 113 100 58 195 166 66 185 78 7 44 1 2 77 175 146 0,78
PFG_MOEA,413,3,285.8,2514.54,0 64 163 131 106 40 68 128 198 119 196 98 21 115 39 0,119
PFG_MOEA,413,4,285.8,2514.54,0 138 88 183 95 172 94 32 41 169 67 191 92 130 90 168 75 80 140 38 82 161 133 158 102 105 49 147 23 145 174 157 118 170 114 188 81 0,80 92 105
PFG_MOEA,413,5,285.8,2514.54,0 117 50 71 26 8 10 89 27 184 57 187 22 87 15 54 45 190 139 19 63 108 125 103 141 186 152 134 96 79 13 28 121 110 42 29 164 127 73 3 0,54 108
PFG_MOEA,413,6,285.8,2514.54,0 136 20 143 5 61 109 36 11 34 112 180 31 150 35 16 129 83 6 52 177 149 12 153 159 154 165 101 25 148 91 193 122 194 37 72 189 197 76 65 176 84 126 0,11 35 194
PFG_MOEA,414,1,306.31,2495.58,0 136 20 143 5 61 109 11 36 126 34 112 180 182 167 56 9 137 85 17 162 200 142 120 74 62 135 107 156 124 0,11 126
PFG_MOEA,414,2,306.31,2495.58,0 47 123 97 155 111 179 33 14 132 18 46 4 99 60 173 151 116 199 171 144 30 24 59 1 44 7 2 77 0,99
PFG_MOEA,414,3,306.31,2495.58,0 51 48 146 175 78 185 66 166 195 58 100 113 178 86 104 181 53 93 43 160 192 69 70 55 196 119 198 128 98 21 115 39 64 0,93 181
PFG_MOEA,414,4,306.31,2495.58,0 131 163 106 40 68 95 172 94 32 41 169 67 191 92 130 90 168 75 80 140 38 82 161 133 158 102 105 49 147 23 183 88 145 174 157 118 170 114 188 138 81 26 10 8 50 71 0,80 105
PFG_MOEA,414,5,306.31,2495.58,0 152 83 153 12 149 177 52 6 63 159 19 139 103 190 45 54 15 87 22 187 57 184 27 89 28 121 110 42 29 164 127 73 3 0,149 190
PFG_MOEA,414,6,306.31,2495.58,0 117 13 79 96 134 186 141 125 154 165 129 16 108 35 150 31 101 25 148 91 193 122 194 37 72 189 197 76 65 176 84 0,91 141
PFG_MOEA,415,1,528.52,2327.53,0 124 156 107 126 36 109 11 167 182 34 112 180 176 197 76 65 84 74 120 142 200 162 56 9 17 85 137 173 60 99 151 116 199 30 144 171 4 46 18 132 14 33 179 111 155 97 123 47 62 135 77 2 24 59 1 44 7 195 58 100 113 178 86 104 166 66 181 53 93 160 43 185 78 175 146 192 69 70 55 196 119 198 128 98 21 115 48 51 0,126 182
PFG_MOEA,415,2,528.52,2327.53,0 39 0,39
PFG_MOEA,415,3,528.52,2327.53,0 64 0,
PFG_MOEA,415,4,528.52,2327.53,0 81 71 50 0,
PFG_MOEA,415,5,528.52,2327.53,0 131 163 106 40 130 92 133 161 82 38 140 80 75 168 90 158 102 105 49 147 23 183 88 145 174 157 118 170 10 8 26 114 188 138 0,92 168
PFG_MOEA,415,6,528.52,2327.53,0 136 20 143 61 5 16 108 35 150 31 101 25 148 91 193 122 194 37 72 189 190 45 87 22 187 57 184 27 89 41 169 67 191 32 94 68 95 172 15 54 103 139 19 159 63 6 52 177 149 12 153 83 129 165 154 125 141 186 152 134 96 79 13 28 121 110 42 29 164 127 73 3 117 0,91 141 187
PFG_MOEA,416,1,264.18,3010.24,0 117 16 108 35 150 37 72 87 22 187 57 172 95 184 27 89 41 32 94 191 133 161 82 38 140 80 75 168 105 102 158 90 67 169 68 152 0,94 168
PFG_MOEA,416,2,264.18,3010.24,0 3 31 101 25 148 91 6 52 177 149 190 45 122 76 65 193 176 84 151 116 199 171 4 46 18 132 144 30 109 107 156 124 0,122 149
PFG_MOEA,416,3,264.18,3010.24,0 126 36 11 167 182 34 112 180 194 189 197 74 120 142 200 162 17 85 137 173 60 99 9 56 111 179 33 14 155 97 123 47 62 135 77 0,
PFG_MOEA,416,4,264.18,3010.24,0 24 59 2 1 44 7 195 58 100 113 178 86 104 166 66 93 181 53 192 160 43 185 78 175 131 163 183 23 147 49 130 92 40 106 0,
PFG_MOEA,416,5,264.18,3010.24,0 136 20 143 61 69 70 55 196 119 198 98 128 10 8 145 88 174 157 118 170 114 188 138 26 81 71 50 39 0,136
PFG_MOEA,416,6,264.18,3010.24,0 51 48 146 21 115 64 127 73 164 29 42 110 121 28 15 54 13 79 96 134 186 141 103 139 19 159 63 154 125 165 153 12 83 129 5 0,21 96
PFG_MOEA,417,1,274.07,2785.44,0 112 180 182 74 120 142 200 162 56 9 17 85 137 173 60 99 151 116 199 171 4 46 18 132 14 111 144 30 77 175 24 59 2 1 44 7 160 146 48 51 0,4 162 182
PFG_MOEA,417,2,274.07,2785.44,0 167 78 185 66 166 195 58 100 113 178 86 104 181 53 93 43 192 69 70 55 196 119 198 128 98 21 115 0,104
PFG_MOEA,417,3,274.07,2785.44,0 39 50 71 26 8 10 105 102 158 90 168 75 80 140 38 82 161 133 191 41 89 27 184 172 95 94 32 131 88 145 174 157 118 170 114 188 138 81 64 0,80 94
PFG_MOEA,417,4,274.07,2785.44,0 126 20 136 143 5 61 109 36 11 34 84 176 65 76 139 103 87 22 187 57 183 13 79 96 134 186 141 125 16 117 0,
PFG_MOEA,417,5,274.07,2785.44,0 3 73 127 163 23 147 49 130 92 67 169 68 40 106 29 164 42 110 121 28 15 54 45 190 189 72 152 0,
PFG_MOEA,417,6,274.07,2785.44,0 35 108 129 83 6 52 177 149 12 153 165 154 19 159 63 37 194 122 197 193 91 148 25 101 31 150 62 179 33 155 97 123 47 135 107 156 124 0,91 194
PFG_MOEA,418,1,285.8,2514.54,0 124 156 107 135 62 182 167 47 123 97 155 14 132 18 46 4 33 179 111 56 74 120 142 200 162 17 85 137 9 99 60 173 151 116 199 171 144 30 24 59 0,
PFG_MOEA,418,2,285.8,2514.54,0 51 48 192 69 70 55 160 43 93 53 181 104 86 178 113 100 58 195 166 66 185 78 7 44 1 2 77 175 146 0,78
PFG_MOEA,418,3,285.8,2514.54,0 64 163 131 106 40 68 128 198 119 196 98 21 115 39 0,119
PFG_MOEA,418,4,285.8,2514.54,0 138 88 183 95 172 94 32 41 169 67 191 92 130 90 168 75 80 140 38 82 161 133 158 102 105 49 147 23 145 174 157 118 170 114 188 81 0,80 92 105
PFG_MOEA,418,5,285.8,2514.54,0 117 50 71 26 8 10 89 27 184 57 187 22 87 15 54 45 190 139 19 63 108 125 103 141 186 152 134 96 79 13 28 121 110 42 29 164 127 73 3 0,54 108
PFG_MOEA,418,6,285.8,2514.54,0 136 20 143 5 61 109 36 11 34 112 180 31 150 35 16 129 83 6 52 177 149 12 153 159 154 165 101 25 148 91 193 122 194 37 72 189 197 76 65 176 84 126 0,11 35 194
PFG_MOEA,419,1,306.31,2495.58,0 136 20 143 5 61 109 11 36 126 34 112 180 182 167 56 9 137 85 17 162 200 142 120 74 62 135 107 156 124 0,11 126
PFG_MOEA,419,2,306.31,2495.58,0 47 123 97 155 111 179 33 14 132 18 46 4 99 60 173 151 116 199 171 144 30 24 59 1 44 7 2 77 0,99
PFG_MOEA,419,3,306.31,2495.58,0 51 48 146 175 78 185 66 166 195 58 100 113 178 86 104 181 53 93 43 160 192 69 70 55 196 119 198 128 98 21 115 39 64 0,93 181
PFG_MOEA,419,4,306.31,2495.58,0 131 163 106 40 68 95 172 94 32 41 169 67 191 92 130 90 168 75 80 140 38 82 161 133 158 102 105 49 147 23 183 88 145 174 157 118 170 114 188 138 81 26 10 8 50 71 0,80 105
PFG_MOEA,419,5,306.31,2495.58,0 152 83 153 12 149 177 52 6 63 159 19 139 103 190 45 54 15 87 22 187 57 184 27 89 28 121 110 42 29 164 127 73 3 0,149 190
PFG_MOEA,419,6,306.31,2495.58,0 117 13 79 96 134 186 141 125 154 165 129 16 108 35 150 31 101 25 148 91 193 122 194 37 72 189 197 76 65 176 84 0,91 141
PFG_MOEA,420,1,528.52,2327.53,0 124 156 107 126 36 109 11 167 182 34 112 180 176 197 76 65 84 74 120 142 200 162 56 9 17 85 137 173 60 99 151 116 199 30 144 171 4 46 18 132 14 33 179 111 155 97 123 47 62 135 77 2 24 59 1 44 7 195 58 100 113 178 86 104 166 66 181 53 93 160 43 185 78 175 146 192 69 70 55 196 119 198 128 98 21 115 48 51 0,126 182
PFG_MOEA,420,2,528.52,2327.53,0 39 0,39
PFG_MOEA,420,3,528.52,2327.53,0 64 0,
PFG_MOEA,420,4,528.52,2327.53,0 81 71 50 0,
PFG_MOEA,420,5,528.52,2327.53,0 131 163 106 40 130 92 133 161 82 38 140 80 75 168 90 158 102 105 49 147 23 183 88 145 174 157 118 170 10 8 26 114 188 138 0,92 168
PFG_MOEA,420,6,528.52,2327.53,0 136 20 143 61 5 16 108 35 150 31 101 25 148 91 193 122 194 37 72 189 190 45 87 22 187 57 184 27 89 41 169 67 191 32 94 68 95 172 15 54 103 139 19 159 63 6 52 177 149 12 153 83 129 165 154 125 141 186 152 134 96 79 13 28 121 110 42 29 164 127 73 3 117 0,91 141 187
PFG_MOEA,421,1,264.18,3010.24,0 117 16 108 35 150 37 72 87 22 187 57 172 95 184 27 89 41 32 94 191 133 161 82 38 140 80 75 168 105 102 158 90 67 169 68 152 0,94 168
PFG_MOEA,421,2,264.18,3010.24,0 3 31 101 25 148 91 6 52 177 149 190 45 122 76 65 193 176 84 151 116 199 171 4 46 18 132 144 30 109 107 156 124 0,122 149
PFG_MOEA,421,3,264.18,3010.24,0 126 36 11 167 182 34 112 180 194 189 197 74 120 142 200 162 17 85 137 173 60 99 9 56 111 179 33 14 155 97 123 47 62 135 77 0,
PFG_MOEA,421,4,264.18,3010.24,0 24 59 2 1 44 7 195 58 100 113 178 86 104 166 66 93 181 53 192 160 43 185 78 175 131 163 183 23 147 49 130 92 40 106 0,
PFG_MOEA,421,5,264.18,3010.24,0 136 20 143 61 69 70 55 196 119 198 98 128 10 8 145 88 174 157 118 170 114 188 138 26 81 71 50 39 0,136
PFG_MOEA,421,6,264.18,3010.24,0 51 48 146 21 115 64 127 73 164 29 42 110 121 28 15 54 13 79 96 134 186 141 103 139 19 159 63 154 125 165 153 12 83 129 5 0,21 96
PFG_MOEA,422,1,274.07,2785.44,0 112 180 182 74 120 142 200 162 56 9 17 85 137 173 60 99 151 116 199 171 4 46 18 132 14 111 144 30 77 175 24 59 2 1 44 7 160 146 48 51 0,4 162 182
PFG_MOEA,422,2,274.07,2785.44,0 167 78 185 66 166 195 58 100 113 178 86 104 181 53 93 43 192 69 70 55 196 119 198 128 98 21 115 0,104
PFG_MOEA,422,3,274.07,2785.44,0 39 50 71 26 8 10 105 102 158 90 168 75 80 140 38 82 161 133 191 41 89 27 184 172 95 94 32 131 88 145 174 157 118 170 114 188 138 81 64 0,80 94
PFG_MOEA,422,4,274.07,2785.44,0 126 20 136 143 5 61 109 36 11 34 84 176 65 76 139 103 87 22 187 57 183 13 79 96 134 186 141 125 16 117 0,
PFG_MOEA,422,5,274.07,2785.44,0 3 73 127 163 23 147 49 130 92 67 169 68 40 106 29 164 42 110 121 28 15 54 45 190 189 72 152 0,
PFG_MOEA,422,6,274.07,2785.44,0 35 108 129 83 6 52 177 149 12 153 165 154 19 159 63 37 194 122 197 193 91 148 25 101 31 150 62 179 33 155 97 123 47 135 107 156 124 0,91 194
PFG_MOEA,423,1,285.8,2514.54,0 124 156 107 135 62 182 167 47 123 97 155 14 132 18 46 4 33 179 111 56 74 120 142 200 162 17 85 137 9 99 60 173 151 116 199 171 144 30 24 59 0,
PFG_MOEA,423,2,285.8,2514.54,0 51 48 192 69 70 55 160 43 93 53 181 104 86 178 113 100 58 195 166 66 185 78 7 44 1 2 77 175 146 0,78
PFG_MOEA,423,3,285.8,2514.54,0 64 163 131 106 40 68 128 198 119 196 98 21 115 39 0,119
PFG_MOEA,423,4,285.8,2514.54,0 138 88 183 95 172 94 32 41 169 67 191 92 130 90 168 75 80 140 38 82 161 133 158 102 105 49 147 23 145 174 157 118 170 114 188 81 0,80 92 105
PFG_MOEA,423,5,285.8,2514.54,0 117 50 71 26 8 10 89 27 184 57 187 22 87 15 54 45 190 139 19 63 108 125 103 141 186 152 134 96 79 13 28 121 110 42 29 164 127 73 3 0,54 108
PFG_MOEA,423,6,285.8,2514.54,0 136 20 143 5 61 109 36 11 34 112 180 31 150 35 16 129 83 6 52 177 149 12 153 159 154 165 101 25 148 91 193 122 194 37 72 189 197 76 65 176 84 126 0,11 35 194
PFG_MOEA,424,1,306.31,2495.58,0 136 20 143 5 61 109 11 36 126 34 112 180 182 167 56 9 137 85 17 162 200 142 120 74 62 135 107 156 124 0,11 126
PFG_MOEA,424,2,306.31,2495.58,0 47 123 97 155 111 179 33 14 132 18 46 4 99 60 173 151 116 199 171 144 30 24 59 1 44 7 2 77 0,99
PFG_MOEA,424,3,306.31,2495.58,0 51 48 146 175 78 185 66 166 195 58 100 113 178 86 104 181 53 93 43 160 192 69 70 55 196 119 198 128 98 21 115 39 64 0,93 181
PFG_MOEA,424,4,306.31,2495.58,0 131 163 106 40 68 95 172 94 32 41 169 67 191 92 130 90 168 75 80 140 38 82 161 133 158 102 105 49 147 23 183 88 145 174 157 118 170 114 188 138 81 26 10 8 50 71 0,80 105
PFG_MOEA,424,5,306.31,2495.58,0 152 83 153 12 149 177 52 6 63 159 19 139 103 190 45 54 15 87 22 187 57 184 27 89 28 121 110 42 29 164 127 73 3 0,149 190
PFG_MOEA,424,6,306.31,2495.58,0 117 13 79 96 134 186 141 125 154 165 129 16 108 35 150 31 101 25 148 91 193 122 194 37 72 189 197 76 65 176 84 0,91 141
PFG_MOEA,425,1,528.52,2327.53,0 124 156 107 126 36 109 11 167 182 34 112 180 176 197 76 65 84 74 120 142 200 162 56 9 17 85 137 173 60 99 151 116 199 30 144 171 4 46 18 132 14 33 179 111 155 97 123 47 62 135 77 2 24 59 1 44 7 195 58 100 113 178 86 104 166 66 181 53 93 160 43 185 78 175 146 192 69 70 55 196 119 198 128 98 21 115 48 51 0,126 182
PFG_MOEA,425,2,528.52,2327.53,0 39 0,39
PFG_MOEA,425,3,528.52,2327.53,0 64 0,
PFG_MOEA,425,4,528.52,2327.53,0 81 71 50 0,
PFG_MOEA,425,5,528.52,2327.53,0 131 163 106 40 130 92 133 161 82 38 140 80 75 168 90 158 102 105 49 147 23 183 88 145 174 157 118 170 10 8 26 114 188 138 0,92 168
PFG_MOEA,425,6,528.52,2327.53,0 136 20 143 61 5 16 108 35 150 31 101 25 148 91 193 122 194 37 72 189 190 45 87 22 187 57 184 27 89 41 169 67 191 32 94 68 95 172 15 54 103 139 19 159 63 6 52 177 149 12 153 83 129 165 154 125 141 186 152 134 96 79 13 28 121 110 42 29 164 127 73 3 117 0,91 141 187
PFG_MOEA,426,1,264.18,3010.24,0 117 16 108 35 150 37 72 87 22 187 57 172 95 184 27 89 41 32 94 191 133 161 82 38 140 80 75 168 105 102 158 90 67 169 68 152 0,94 168
PFG_MOEA,426,2,264.18,3010.24,0 3 31 101 25 148 91 6 52 177 149 190 45 122 76 65 193 176 84 151 116 199 171 4 46 18 132 144 30 109 107 156 124 0,122 149
PFG_MOEA,426,3,264.18,3010.24,0 126 36 11 167 182 34 112 180 194 189 197 74 120 142 200 162 17 85 137 173 60 99 9 56 111 179 33 14 155 97 123 47 62 135 77 0,
PFG_MOEA,426,4,264.18,3010.24,0 24 59 2 1 44 7 195 58 100 113 178 86 104 166 66 93 181 53 192 160 43 185 78 175 131 163 183 23 147 49 130 92 40 106 0,
PFG_MOEA,426,5,264.18,3010.24,0 136 20 143 61 69 70 55 196 119 198 98 128 10 8 145 88 174 157 118 170 114 188 138 26 81 71 50 39 0,136
PFG_MOEA,426,6,264.18,3010.24,0 51 48 146 21 115 64 127 73 164 29 42 110 121 28 15 54 13 79 96 134 186 141 103 139 19 159 63 154 125 165 153 12 83 129 5 0,21 96
PFG_MOEA,427,1,274.07,2785.44,0 112 180 182 74 120 142 200 162 56 9 17 85 137 173 60 99 151 116 199 171 4 46 18 132 14 111 144 30 77 175 24 59 2 1 44 7 160 146 48 51 0,4 162 182
PFG_MOEA,427,2,274.07,2785.44,0 167 78 185 66 166 195 58 100 113 178 86 104 181 53 93 43 192 69 70 55 196 119 198 128 98 21 115 0,104
PFG_MOEA,427,3,274.07,2785.44,0 39 50 71 26 8 10 105 102 158 90 168 75 80 140 38 82 161 133 191 41 89 27 184 172 95 94 32 131 88 145 174 157 118 170 114 188 138 81 64 0,80 94
PFG_MOEA,427,4,274.07,2785.44,0 126 20 136 143 5 61 109 36 11 34 84 176 65 76 139 103 87 22 187 57 183 13 79 96 134 186 141 125 16 117 0,
PFG_MOEA,427,5,274.07,2785.44,0 3 73 127 163 23 147 49 130 92 67 169 68 40 106 29 164 42 110 121 28 15 54 45 190 189 72 152 0,
PFG_MOEA,427,6,274.07,2785.44,0 35 108 129 83 6 52 177 149 12 153 165 154 19 159 63 37 194 122 197 193 91 148 25 101 31 150 62 179 33 155 97 123 47 135 107 156 124 0,91 194
PFG_MOEA,428,1,285.8,2514.54,0 124 156 107 135 62 182 167 47 123 97 155 14 132 18 46 4 33 179 111 56 74 120 142 200 162 17 85 137 9 99 60 173 151 116 199 171 144 30 24 59 0,
PFG_MOEA,428,2,285.8,2514.54,0 51 48 192 69 70 55 160 43 93 53 181 104 86 178 113 100 58 195 166 66 185 78 7 44 1 2 77 175 146 0,78
PFG_MOEA,428,3,285.8,2514.54,0 64 163 131 106 40 68 128 198 119 196 98 21 115 39 0,119
PFG_MOEA,428,4,285.8,2514.54,0 138 88 183 95 172 94 32 41 169 67 191 92 130 90 168 75 80 140 38 82 161 133 158 102 105 49 147 23 145 174 157 118 170 114 188 81 0,80 92 105
PFG_MOEA,428,5,285.8,2514.54,0 117 50 71 26 8 10 89 27 184 57 187 22 87 15 54 45 190 139 19 63 108 125 103 141 186 152 134 96 79 13 28 121 110 42 29 164 127 73 3 0,54 108
PFG_MOEA,428,6,285.8,2514.54,0 136 20 143 5 61 109 36 11 34 112 180 31 150 35 16 129 83 6 52 177 149 12 153 159 154 165 101 25 148 91 193 122 194 37 72 189 197 76 65 176 84 126 0,11 35 194
PFG_MOEA,429,1,306.31,2495.58,0 136 20 143 5 61 109 11 36 126 34 112 180 182 167 56 9 137 85 17 162 200 142 120 74 62 135 107 156 124 0,11 126
PFG_MOEA,429,2,306.31,2495.58,0 47 123 97 155 111 179 33 14 132 18 46 4 99 60 173 151 116 199 171 144 30 24 59 1 44 7 2 77 0,99
PFG_MOEA,429,3,306.31,2495.58,0 51 48 146 175 78 185 66 166 195 58 100 113 178 86 104 181 53 93 43 160 192 69 70 55 196 119 198 128 98 21 115 39 64 0,93 181
PFG_MOEA,429,4,306.31,2495.58,0 131 163 106 40 68 95 172 94 32 41 169 67 191 92 130 90 168 75 80 140 38 82 161 133 158 102 105 49 147 23 183 88 145 174 157 118 170 114 188 138 81 26 10 8 50 71 0,80 105
PFG_MOEA,429,5,306.31,2495.58,0 152 83 153 12 149 177 52 6 63 159 19 139 103 190 45 54 15 87 22 187 57 184 27 89 28 121 110 42 29 164 127 73 3 0,149 190
PFG_MOEA,429,6,306.31,2495.58,0 117 13 79 96 134 186 141 125 154 165 129 16 108 35 150 31 101 25 148 91 193 122 194 37 72 189 197 76 65 176 84 0,91 141
PFG_MOEA,430,1,528.52,2327.53,0 124 156 107 126 36 109 11 167 182 34 112 180 176 197 76 65 84 74 120 142 200 162 56 9 17 85 137 173 60 99 151 116 199 30 144 171 4 46 18 132 14 33 179 111 155 97 123 47 62 135 77 2 24 59 1 44 7 195 58 100 113 178 86 104 166 66 181 53 93 160 43 185 78 175 146 192 69 70 55 196 119 198 128 98 21 115 48 51 0,126 182
PFG_MOEA,430,2,528.52,2327.53,0 39 0,39
PFG_MOEA,430,3,528.52,2327.53,0 64 0,
PFG_MOEA,430,4,528.52,2327.53,0 81 71 50 0,
PFG_MOEA,430,5,528.52,2327.53,0 131 163 106 40 130 92 133 161 82 38 140 80 75 168 90 158 102 105 49 147 23 183 88 145 174 157 118 170 10 8 26 114 188 138 0,92 168
PFG_MOEA,430,6,528.52,2327.53,0 136 20 143 61 5 16 108 35 150 31 101 25 148 91 193 122 194 37 72 189 190 45 87 22 187 57 184 27 89 41 169 67 191 32 94 68 95 172 15 54 103 139 19 159 63 6 52 177 149 12 153 83 129 165 154 125 141 186 152 134 96 79 13 28 121 110 42 29 164 127 73 3 117 0,91 141 187
PFG_MOEA,431,1,264.18,3010.24,0 117 16 108 35 150 37 72 87 22 187 57 172 95 184 27 89 41 32 94 191 133 161 82 38 140 80 75 168 105 102 158 90 67 169 68 152 0,94 168
PFG_MOEA,431,2,264.18,3010.24,0 3 31 101 25 148 91 6 52 177 149 190 45 122 76 65 193 176 84 151 116 199 171 4 46 18 132 144 30 109 107 156 124 0,122 149
PFG_MOEA,431,3,264.18,3010.24,0 126 36 11 167 182 34 112 180 194 189 197 74 120 142 200 162 17 85 137 173 60 99 9 56 111 179 33 14 155 97 123 47 62 135 77 0,
PFG_MOEA,431,4,264.18,3010.24,0 24 59 2 1 44 7 195 58 100 113 178 86 104 166 66 93 181 53 192 160 43 185 78 175 131 163 183 23 147 49 130 92 40 106 0,
PFG_MOEA,431,5,264.18,3010.24,0 136 20 143 61 69 70 55 196 119 198 98 128 10 8 145 88 174 157 118 170 114 188 138 26 81 71 50 39 0,136
PFG_MOEA,431,6,264.18,3010.24,0 51 48 146 21 115 64 127 73 164 29 42 110 121 28 15 54 13 79 96 134 186 141 103 139 19 159 63 154 125 165 153 12 83 129 5 0,21 96
PFG_MOEA,432,1,274.07,2785.44,0 112 180 182 74 120 142 200 162 56 9 17 85 137 173 60 99 151 116 199 171 4 46 18 132 14 111 144 30 77 175 24 59 2 1 44 7 160 146 48 51 0,4 162 182
PFG_MOEA,432,2,274.07,2785.44,0 167 78 185 66 166 195 58 100 113 178 86 104 181 53 93 43 192 69 70 55 196 119 198 128 98 21 115 0,104
PFG_MOEA,432,3,274.07,2785.44,0 39 50 71 26 8 10 105 102 158 90 168 75 80 140 38 82 161 133 191 41 89 27 184 172 95 94 32 131 88 145 174 157 118 170 114 188 138 81 64 0,80 94
PFG_MOEA,432,4,274.07,2785.44,0 126 20 136 143 5 61 109 36 11 34 84 176 65 76 139 103 87 22 187 57 183 13 79 96 134 186 141 125 16 117 0,
PFG_MOEA,432,5,274.07,2785.44,0 3 73 127 163 23 147 49 130 92 67 169 68 40 106 29 164 42 110 121 28 15 54 45 190 189 72 152 0,
PFG_MOEA,432,6,274.07,2785.44,0 35 108 129 83 6 52 177 149 12 153 165 154 19 159 63 37 194 122 197 193 91 148 25 101 31 150 62 179 33 155 97 123 47 135 107 156 124 0,91 194
PFG_MOEA,433,1,285.8,2514.54,0 124 156 107 135 62 182 167 47 123 97 155 14 132 18 46 4 33 179 111 56 74 120 142 200 162 17 85 137 9 99 60 173 151 116 199 171 144 30 24 59 0,
PFG_MOEA,433,2,285.8,2514.54,0 51 48 192 69 70 55 160 43 93 53 181 104 86 178 113 100 58 195 166 66 185 78 7 44 1 2 77 175 146 0,78
PFG_MOEA,433,3,285.8,2514.54,0 64 163 131 106 40 68 128 198 119 196 98 21 115 39 0,119
PFG_MOEA,433,4,285.8,2514.54,0 138 88 183 95 172 94 32 41 169 67 191 92 130 90 168 75 80 140 38 82 161 133 158 102 105 49 147 23 145 174 157 118 170 114 188 81 0,80 92 105
PFG_MOEA,433,5,285.8,2514.54,0 117 50 71 26 8 10 89 27 184 57 187 22 87 15 54 45 190 139 19 63 108 125 103 141 186 152 134 96 79 13 28 121 110 42 29 164 127 73 3 0,54 108
PFG_MOEA,433,6,285.8,2514.54,0 136 20 143 5 61 109 36 11 34 112 180 31 150 35 16 129 83 6 52 177 149 12 153 159 154 165 101 25 148 91 193 122 194 37 72 189 197 76 65 176 84 126 0,11 35 194
PFG_MOEA,434,1,306.31,2495.58,0 136 20 143 5 61 109 11 36 126 34 112 180 182 167 56 9 137 85 17 162 200 142 120 74 62 135 107 156 124 0,11 126
PFG_MOEA,434,2,306.31,2495.58,0 47 123 97 155 111 179 33 14 132 18 46 4 99 60 173 151 116 199 171 144 30 24 59 1 44 7 2 77 0,99
PFG_MOEA,434,3,306.31,2495.58,0 51 48 146 175 78 185 66 166 195 58 100 113 178 86 104 181 53 93 43 160 192 69 70 55 196 119 198 128 98 21 115 39 64 0,93 181
PFG_MOEA,434,4,306.31,2495.58,0 131 163 106 40 68 95 172 94 32 41 169 67 191 92 130 90 168 75 80 140 38 82 161 133 158 102 105 49 147 23 183 88 145 174 157 118 170 114 188 138 81 26 10 8 50 71 0,80 105
PFG_MOEA,434,5,306.31,2495.58,0 152 83 153 12 149 177 52 6 63 159 19 139 103 190 45 54 15 87 22 187 57 184 27 89 28 121 110 42 29 164 127 73 3 0,149 190
PFG_MOEA,434,6,306.31,2495.58,0 117 13 79 96 134 186 141 125 154 165 129 16 108 35 150 31 101 25 148 91 193 122 194 37 72 189 197 76 65 176 84 0,91 141
PFG_MOEA,435,1,528.52,2327.53,0 124 156 107 126 36 109 11 167 182 34 112 180 176 197 76 65 84 74 120 142 200 162 56 9 17 85 137 173 60 99 151 116 199 30 144 171 4 46 18 132 14 33 179 111 155 97 123 47 62 135 77 2 24 59 1 44 7 195 58 100 113 178 86 104 166 66 181 53 93 160 43 185 78 175 146 192 69 70 55 196 119 198 128 98 21 115 48 51 0,126 182
PFG_MOEA,435,2,528.52,2327.53,0 39 0,39
PFG_MOEA,435,3,528.52,2327.53,0 64 0,
PFG_MOEA,435,4,528.52,2327.53,0 81 71 50 0,
PFG_MOEA,435,5,528.52,2327.53,0 131 163 106 40 130 92 133 161 82 38 140 80 75 168 90 158 102 105 49 147 23 183 88 145 174 157 118 170 10 8 26 114 188 138 0,92 168
PFG_MOEA,435,6,528.52,2327.53,0 136 20 143 61 5 16 108 35 150 31 101 25 148 91 193 122 194 37 72 189 190 45 87 22 187 57 184 27 89 41 169 67 191 32 94 68 95 172 15 54 103 139 19 159 63 6 52 177 149 12 153 83 129 165 154 125 141 186 152 134 96 79 13 28 121 110 42 29 164 127 73 3 117 0,91 141 187
PFG_MOEA,436,1,264.18,3010.24,0 117 16 108 35 150 37 72 87 22 187 57 172 95 184 27 89 41 32 94 191 133 161 82 38 140 80 75 168 105 102 158 90 67 169 68 152 0,94 168
PFG_MOEA,436,2,264.18,3010.24,0 3 31 101 25 148 91 6 52 177 149 190 45 122 76 65 193 176 84 151 116 199 171 4 46 18 132 144 30 109 107 156 124 0,122 149
PFG_MOEA,436,3,264.18,3010.24,0 126 36 11 167 182 34 112 180 194 189 197 74 120 142 200 162 17 85 137 173 60 99 9 56 111 179 33 14 155 97 123 47 62 135 77 0,
PFG_MOEA,436,4,264.18,3010.24,0 24 59 2 1 44 7 195 58 100 113 178 86 104 166 66 93 181 53 192 160 43 185 78 175 131 163 183 23 147 49 130 92 40 106 0,
PFG_MOEA,436,5,264.18,3010.24,0 136 20 143 61 69 70 55 196 119 198 98 128 10 8 145 88 174 157 118 170 114 188 138 26 81 71 50 39 0,136
PFG_MOEA,436,6,264.18,3010.24,0 51 48 146 21 115 64 127 73 164 29 42 110 121 28 15 54 13 79 96 134 186 141 103 139 19 159 63 154 125 165 153 12 83 129 5 0,21 96
PFG_MOEA,437,1,274.07,2785.44,0 112 180 182 74 120 142 200 162 56 9 17 85 137 173 60 99 151 116 199 171 4 46 18 132 14 111 144 30 77 175 24 59 2 1 44 7 160 146 48 51 0,4 162 182
PFG_MOEA,437,2,274.07,2785.44,0 167 78 185 66 166 195 58 100 113 178 86 104 181 53 93 43 192 69 70 55 196 119 198 128 98 21 115 0,104
PFG_MOEA,437,3,274.07,2785.44,0 39 50 71 26 8 10 105 102 158 90 168 75 80 140 38 82 161 133 191 41 89 27 184 172 95 94 32 131 88 145 174 157 118 170 114 188 138 81 64 0,80 94
PFG_MOEA,437,4,274.07,2785.44,0 126 20 136 143 5 61 109 36 11 34 84 176 65 76 139 103 87 22 187 57 183 13 79 96 134 186 141 125 16 117 0,
PFG_MOEA,437,5,274.07,2785.44,0 3 73 127 163 23 147 49 130 92 67 169 68 40 106 29 164 42 110 121 28 15 54 45 190 189 72 152 0,
PFG_MOEA,437,6,274.07,2785.44,0 35 108 129 83 6 52 177 149 12 153 165 154 19 159 63 37 194 122 197 193 91 148 25 101 31 150 62 179 33 155 97 123 47 135 107 156 124 0,91 194
PFG_MOEA,438,1,285.8,2514.54,0 124 156 107 135 62 182 167 47 123 97 155 14 132 18 46 4 33 179 111 56 74 120 142 200 162 17 85 137 9 99 60 173 151 116 199 171 144 30 24 59 0,
PFG_MOEA,438,2,285.8,2514.54,0 51 48 192 69 70 55 160 43 93 53 181 104 86 178 113 100 58 195 166 66 185 78 7 44 1 2 77 175 146 0,78
PFG_MOEA,438,3,285.8,2514.54,0 64 163 131 106 40 68 128 198 119 196 98 21 115 39 0,119
PFG_MOEA,438,4,285.8,2514.54,0 138 88 183 95 172 94 32 41 169 67 191 92 130 90 168 75 80 140 38 82 161 133 158 102 105 49 147 23 145 174 157 118 170 114 188 81 0,80 92 105
PFG_MOEA,438,5,285.8,2514.54,0 117 50 71 26 8 10 89 27 184 57 187 22 87 15 54 45 190 139 19 63 108 125 103 141 186 152 134 96 79 13 28 121 110 42 29 164 127 73 3 0,54 108
PFG_MOEA,438,6,285.8,2514.54,0 136 20 143 5 61 109 36 11 34 112 180 31 150 35 16 129 83 6 52 177 149 12 153 159 154 165 101 25 148 91 193 122 194 37 72 189 197 76 65 176 84 126 0,11 35 194
PFG_MOEA,439,1,306.31,2495.58,0 136 20 143 5 61 109 11 36 126 34 112 180 182 167 56 9 137 85 17 162 200 142 120 74 62 135 107 156 124 0,11 126
PFG_MOEA,439,2,306.31,2495.58,0 47 123 97 155 111 179 33 14 132 18 46 4 99 60 173 151 116 199 171 144 30 24 59 1 44 7 2 77 0,99
PFG_MOEA,439,3,306.31,2495.58,0 51 48 146 175 78 185 66 166 195 58 100 113 178 86 104 181 53 93 43 160 192 69 70 55 196 119 198 128 98 21 115 39 64 0,93 181
PFG_MOEA,439,4,306.31,2495.58,0 131 163 106 40 68 95 172 94 32 41 169 67 191 92 130 90 168 75 80 140 38 82 161 133 158 102 105 49 147 23 183 88 145 174 157 118 170 114 188 138 81 26 10 8 50 71 0,80 105
PFG_MOEA,439,5,306.31,2495.58,0 152 83 153 12 149 177 52 6 63 159 19 139 103 190 45 54 15 87 22 187 57 184 27 89 28 121 110 42 29 164 127 73 3 0,149 190
PFG_MOEA,439,6,306.31,2495.58,0 117 13 79 96 134 186 141 125 154 165 129 16 108 35 150 31 101 25 148 91 193 122 194 37 72 189 197 76 65 176 84 0,91 141
PFG_MOEA,440,1,528.52,2327.53,0 124 156 107 126 36 109 11 167 182 34 112 180 176 197 76 65 84 74 120 142 200 162 56 9 17 85 137 173 60 99 151 116 199 30 144 171 4 46 18 132 14 33 179 111 155 97 123 47 62 135 77 2 24 59 1 44 7 195 58 100 113 178 86 104 166 66 181 53 93 160 43 185 78 175 146 192 69 70 55 196 119 198 128 98 21 115 48 51 0,126 182
PFG_MOEA,440,2,528.52,2327.53,0 39 0,39
PFG_MOEA,440,3,528.52,2327.53,0 64 0,
PFG_MOEA,440,4,528.52,2327.53,0 81 71 50 0,
PFG_MOEA,440,5,528.52,2327.53,0 131 163 106 40 130 92 133 161 82 38 140 80 75 168 90 158 102 105 49 147 23 183 88 145 174 157 118 170 10 8 26 114 188 138 0,92 168
PFG_MOEA,440,6,528.52,2327.53,0 136 20 143 61 5 16 108 35 150 31 101 25 148 91 193 122 194 37 72 189 190 45 87 22 187 57 184 27 89 41 169 67 191 32 94 68 95 172 15 54 103 139 19 159 63 6 52 177 149 12 153 83 129 165 154 125 141 186 152 134 96 79 13 28 121 110 42 29 164 127 73 3 117 0,91 141 187
PFG_MOEA,441,1,264.18,3010.24,0 117 16 108 35 150 37 72 87 22 187 57 172 95 184 27 89 41 32 94 191 133 161 82 38 140 80 75 168 105 102 158 90 67 169 68 152 0,94 168
PFG_MOEA,441,2,264.18,3010.24,0 3 31 101 25 148 91 6 52 177 149 190 45 122 76 65 193 176 84 151 116 199 171 4 46 18 132 144 30 109 107 156 124 0,122 149
PFG_MOEA,441,3,264.18,3010.24,0 126 36 11 167 182 34 112 180 194 189 197 74 120 142 200 162 17 85 137 173 60 99 9 56 111 179 33 14 155 97 123 47 62 135 77 0,
PFG_MOEA,441,4,264.18,3010.24,0 24 59 2 1 44 7 195 58 100 113 178 86 104 166 66 93 181 53 192 160 43 185 78 175 131 163 183 23 147 49 130 92 40 106 0,
PFG_MOEA,441,5,264.18,3010.24,0 136 20 143 61 69 70 55 196 119 198 98 128 10 8 145 88 174 157 118 170 114 188 138 26 81 71 50 39 0,136
PFG_MOEA,441,6,264.18,3010.24,0 51 48 146 21 115 64 127 73 164 29 42 110 121 28 15 54 13 79 96 134 186 141 103 139 19 159 63 154 125 165 153 12 83 129 5 0,21 96
PFG_MOEA,442,1,274.07,2785.44,0 112 180 182 74 120 142 200 162 56 9 17 85 137 173 60 99 151 116 199 171 4 46 18 132 14 111 144 30 77 175 24 59 2 1 44 7 160 146 48 51 0,4 162 182
PFG_MOEA,442,2,274.07,2785.44,0 167 78 185 66 166 195 58 100 113 178 86 104 181 53 93 43 192 69 70 55 196 119 198 128 98 21 115 0,104
PFG_MOEA,442,3,274.07,2785.44,0 39 50 71 26 8 10 105 102 158 90 168 75 80 140 38 82 161 133 191 41 89 27 184 172 95 94 32 131 88 145 174 157 118 170 114 188 138 81 64 0,80 94
PFG_MOEA,442,4,274.07,2785.44,0 126 20 136 143 5 61 109 36 11 34 84 176 65 76 139 103 87 22 187 57 183 13 79 96 134 186 141 125 16 117 0,
PFG_MOEA,442,5,274.07,2785.44,0 3 73 127 163 23 147 49 130 92 67 169 68 40 106 29 164 42 110 121 28 15 54 45 190 189 72 152 0,
PFG_MOEA,442,6,274.07,2785.44,0 35 108 129 83 6 52 177 149 12 153 165 154 19 159 63 37 194 122 197 193 91 148 25 101 31 150 62 179 33 155 97 123 47 135 107 156 124 0,91 194
PFG_MOEA,443,1,285.8,2514.54,0 124 156 107 135 62 182 167 47 123 97 155 14 132 18 46 4 33 179 111 56 74 120 142 200 162 17 85 137 9 99 60 173 151 116 199 171 144 30 24 59 0,
PFG_MOEA,443,2,285.8,2514.54,0 51 48 192 69 70 55 160 43 93 53 181 104 86 178 113 100 58 195 166 66 185 78 7 44 1 2 77 175 146 0,78
PFG_MOEA,443,3,285.8,2514.54,0 64 163 131 106 40 68 128 198 119 196 98 21 115 39 0,119
PFG_MOEA,443,4,285.8,2514.54,0 138 88 183 95 172 94 32 41 169 67 191 92 130 90 168 75 80 140 38 82 161 133 158 102 105 49 147 23 145 174 157 118 170 114 188 81 0,80 92 105
PFG_MOEA,443,5,285.8,2514.54,0 117 50 71 26 8 10 89 27 184 57 187 22 87 15 54 45 190 139 19 63 108 125 103 141 186 152 134 96 79 13 28 121 110 42 29 164 127 73 3 0,54 108
PFG_MOEA,443,6,285.8,2514.54,0 136 20 143 5 61 109 36 11 34 112 180 31 150 35 16 129 83 6 52 177 149 12 153 159 154 165 101 25 148 91 193 122 194 37 72 189 197 76 65 176 84 126 0,11 35 194
PFG_MOEA,444,1,306.31,2495.58,0 136 20 143 5 61 109 11 36 126 34 112 180 182 167 56 9 137 85 17 162 200 142 120 74 62 135 107 156 124 0,11 126
PFG_MOEA,444,2,306.31,2495.58,0 47 123 97 155 111 179 33 14 132 18 46 4 99 60 173 151 116 199 171 144 30 24 59 1 44 7 2 77 0,99
PFG_MOEA,444,3,306.31,2495.58,0 51 48 146 175 78 185 66 166 195 58 100 113 178 86 104 181 53 93 43 160 192 69 70 55 196 119 198 128 98 21 115 39 64 0,93 181
PFG_MOEA,444,4,306.31,2495.58,0 131 163 106 40 68 95 172 94 32 41 169 67 191 92 130 90 168 75 80 140 38 82 161 133 158 102 105 49 147 23 183 88 145 174 157 118 170 114 188 138 81 26 10 8 50 71 0,80 105
PFG_MOEA,444,5,306.31,2495.58,0 152 83 153 12 149 177 52 6 63 159 19 139 103 190 45 54 15 87 22 187 57 184 27 89 28 121 110 42 29 164 127 73 3 0,149 190
PFG_MOEA,444,6,306.31,2495.58,0 117 13 79 96 134 186 141 125 154 165 129 16 108 35 150 31 101 25 148 91 193 122 194 37 72 189 197 76 65 176 84 0,91 141
PFG_MOEA,445,1,528.52,2327.53,0 124 156 107 126 36 109 11 167 182 34 112 180 176 197 76 65 84 74 120 142 200 162 56 9 17 85 137 173 60 99 151 116 199 30 144 171 4 46 18 132 14 33 179 111 155 97 123 47 62 135 77 2 24 59 1 44 7 195 58 100 113 178 86 104 166 66 181 53 93 160 43 185 78 175 146 192 69 70 55 196 119 198 128 98 21 115 48 51 0,126 182
PFG_MOEA,445,2,528.52,2327.53,0 39 0,39
PFG_MOEA,445,3,528.52,2327.53,0 64 0,
PFG_MOEA,445,4,528.52,2327.53,0 81 71 50 0,
PFG_MOEA,445,5,528.52,2327.53,0 131 163 106 40 130 92 133 161 82 38 140 80 75 168 90 158 102 105 49 147 23 183 88 145 174 157 118 170 10 8 26 114 188 138 0,92 168
PFG_MOEA,445,6,528.52,2327.53,0 136 20 143 61 5 16 108 35 150 31 101 25 148 91 193 122 194 37 72 189 190 45 87 22 187 57 184 27 89 41 169 67 191 32 94 68 95 172 15 54 103 139 19 159 63 6 52 177 149 12 153 83 129 165 154 125 141 186 152 134 96 79 13 28 121 110 42 29 164 127 73 3 117 0,91 141 187
PFG_MOEA,446,1,264.18,3010.24,0 117 16 108 35 150 37 72 87 22 187 57 172 95 184 27 89 41 32 94 191 133 161 82 38 140 80 75 168 105 102 158 90 67 169 68 152 0,94 168
PFG_MOEA,446,2,264.18,3010.24,0 3 31 101 25 148 91 6 52 177 149 190 45 122 76 65 193 176 84 151 116 199 171 4 46 18 132 144 30 109 107 156 124 0,122 149
PFG_MOEA,446,3,264.18,3010.24,0 126 36 11 167 182 34 112 180 194 189 197 74 120 142 200 162 17 85 137 173 60 99 9 56 111 179 33 14 155 97 123 47 62 135 77 0,
PFG_MOEA,446,4,264.18,3010.24,0 24 59 2 1 44 7 195 58 100 113 178 86 104 166 66 93 181 53 192 160 43 185 78 175 131 163 183 23 147 49 130 92 40 106 0,
PFG_MOEA,446,5,264.18,3010.24,0 136 20 143 61 69 70 55 196 119 198 98 128 10 8 145 88 174 157 118 170 114 188 138 26 81 71 50 39 0,136
PFG_MOEA,446,6,264.18,3010.24,0 51 48 146 21 115 64 127 73 164 29 42 110 121 28 15 54 13 79 96 134 186 141 103 139 19 159 63 154 125 165 153 12 83 129 5 0,21 96
PFG_MOEA,447,1,274.07,2785.44,0 112 180 182 74 120 142 200 162 56 9 17 85 137 173 60 99 151 116 199 171 4 46 18 132 14 111 144 30 77 175 24 59 2 1 44 7 160 146 48 51 0,4 162 182
PFG_MOEA,447,2,274.07,2785.44,0 167 78 185 66 166 195 58 100 113 178 86 104 181 53 93 43 192 69 70 55 196 119 198 128 98 21 115 0,104
PFG_MOEA,447,3,274.07,2785.44,0 39 50 71 26 8 10 105 102 158 90 168 75 80 140 38 82 161 133 191 41 89 27 184 172 95 94 32 131 88 145 174 157 118 170 114 188 138 81 64 0,80 94
PFG_MOEA,447,4,274.07,2785.44,0 126 20 136 143 5 61 109 36 11 34 84 176 65 76 139 103 87 22 187 57 183 13 79 96 134 186 141 125 16 117 0,
PFG_MOEA,447,5,274.07,2785.44,0 3 73 127 163 23 147 49 130 92 67 169 68 40 106 29 164 42 110 121 28 15 54 45 190 189 72 152 0,
PFG_MOEA,447,6,274.07,2785.44,0 35 108 129 83 6 52 177 149 12 153 165 154 19 159 63 37 194 122 197 193 91 148 25 101 31 150 62 179 33 155 97 123 47 135 107 156 124 0,91 194
PFG_MOEA,448,1,285.8,2514.54,0 124 156 107 135 62 182 167 47 123 97 155 14 132 18 46 4 33 179 111 56 74 120 142 200 162 17 85 137 9 99 60 173 151 116 199 171 144 30 24 59 0,
PFG_MOEA,448,2,285.8,2514.54,0 51 48 192 69 70 55 160 43 93 53 181 104 86 178 113 100 58 195 166 66 185 78 7 44 1 2 77 175 146 0,78
PFG_MOEA,448,3,285.8,2514.54,0 64 163 131 106 40 68 128 198 119 196 98 21 115 39 0,119
PFG_MOEA,448,4,285.8,2514.54,0 138 88 183 95 172 94 32 41 169 67 191 92 130 90 168 75 80 140 38 82 161 133 158 102 105 49 147 23 145 174 157 118 170 114 188 81 0,80 92 105
PFG_MOEA,448,5,285.8,2514.54,0 117 50 71 26 8 10 89 27 184 57 187 22 87 15 54 45 190 139 19 63 108 125 103 141 186 152 134 96 79 13 28 121 110 42 29 164 127 73 3 0,54 108
PFG_MOEA,448,6,285.8,2514.54,0 136 20 143 5 61 109 36 11 34 112 180 31 150 35 16 129 83 6 52 177 149 12 153 159 154 165 101 25 148 91 193 122 194 37 72 189 197 76 65 176 84 126 0,11 35 194
PFG_MOEA,449,1,306.31,2495.58,0 136 20 143 5 61 109 11 36 126 34 112 180 182 167 56 9 137 85 17 162 200 142 120 74 62 135 107 156 124 0,11 126
PFG_MOEA,449,2,306.31,2495.58,0 47 123 97 155 111 179 33 14 132 18 46 4 99 60 173 151 116 199 171 144 30 24 59 1 44 7 2 77 0,99
PFG_MOEA,449,3,306.31,2495.58,0 51 48 146 175 78 185 66 166 195 58 100 113 178 86 104 181 53 93 43 160 192 69 70 55 196 119 198 128 98 21 115 39 64 0,93 181
PFG_MOEA,449,4,306.31,2495.58,0 131 163 106 40 68 95 172 94 32 41 169 67 191 92 130 90 168 75 80 140 38 82 161 133 158 102 105 49 147 23 183 88 145 174 157 118 170 114 188 138 81 26 10 8 50 71 0,80 105
PFG_MOEA,449,5,306.31,2495.58,0 152 83 153 12 149 177 52 6 63 159 19 139 103 190 45 54 15 87 22 187 57 184 27 89 28 121 110 42 29 164 127 73 3 0,149 190
PFG_MOEA,449,6,306.31,2495.58,0 117 13 79 96 134 186 141 125 154 165 129 16 108 35 150 31 101 25 148 91 193 122 194 37 72 189 197 76 65 176 84 0,91 141
PFG_MOEA,450,1,528.52,2327.53,0 124 156 107 126 36 109 11 167 182 34 112 180 176 197 76 65 84 74 120 142 200 162 56 9 17 85 137 173 60 99 151 116 199 30 144 171 4 46 18 132 14 33 179 111 155 97 123 47 62 135 77 2 24 59 1 44 7 195 58 100 113 178 86 104 166 66 181 53 93 160 43 185 78 175 146 192 69 70 55 196 119 198 128 98 21 115 48 51 0,126 182
PFG_MOEA,450,2,528.52,2327.53,0 39 0,39
PFG_MOEA,450,3,528.52,2327.53,0 64 0,
PFG_MOEA,450,4,528.52,2327.53,0 81 71 50 0,
PFG_MOEA,450,5,528.52,2327.53,0 131 163 106 40 130 92 133 161 82 38 140 80 75 168 90 158 102 105 49 147 23 183 88 145 174 157 118 170 10 8 26 114 188 138 0,92 168
PFG_MOEA,450,6,528.52,2327.53,0 136 20 143 61 5 16 108 35 150 31 101 25 148 91 193 122 194 37 72 189 190 45 87 22 187 57 184 27 89 41 169 67 191 32 94 68 95 172 15 54 103 139 19 159 63 6 52 177 149 12 153 83 129 165 154 125 141 186 152 134 96 79 13 28 121 110 42 29 164 127 73 3 117 0,91 141 187
PFG_MOEA,451,1,264.18,3010.24,0 117 16 108 35 150 37 72 87 22 187 57 172 95 184 27 89 41 32 94 191 133 161 82 38 140 80 75 168 105 102 158 90 67 169 68 152 0,94 168
PFG_MOEA,451,2,264.18,3010.24,0 3 31 101 25 148 91 6 52 177 149 190 45 122 76 65 193 176 84 151 116 199 171 4 46 18 132 144 30 109 107 156 124 0,122 149
PFG_MOEA,451,3,264.18,3010.24,0 126 36 11 167 182 34 112 180 194 189 197 74 120 142 200 162 17 85 137 173 60 99 9 56 111 179 33 14 155 97 123 47 62 135 77 0,
PFG_MOEA,451,4,264.18,3010.24,0 24 59 2 1 44 7 195 58 100 113 178 86 104 166 66 93 181 53 192 160 43 185 78 175 131 163 183 23 147 49 130 92 40 106 0,
PFG_MOEA,451,5,264.18,3010.24,0 136 20 143 61 69 70 55 196 119 198 98 128 10 8 145 88 174 157 118 170 114 188 138 26 81 71 50 39 0,136
PFG_MOEA,451,6,264.18,3010.24,0 51 48 146 21 115 64 127 73 164 29 42 110 121 28 15 54 13 79 96 134 186 141 103 139 19 159 63 154 125 165 153 12 83 129 5 0,21 96
PFG_MOEA,452,1,274.07,2785.44,0 112 180 182 74 120 142 200 162 56 9 17 85 137 173 60 99 151 116 199 171 4 46 18 132 14 111 144 30 77 175 24 59 2 1 44 7 160 146 48 51 0,4 162 182
PFG_MOEA,452,2,274.07,2785.44,0 167 78 185 66 166 195 58 100 113 178 86 104 181 53 93 43 192 69 70 55 196 119 198 128 98 21 115 0,104
PFG_MOEA,452,3,274.07,2785.44,0 39 50 71 26 8 10 105 102 158 90 168 75 80 140 38 82 161 133 191 41 89 27 184 172 95 94 32 131 88 145 174 157 118 170 114 188 138 81 64 0,80 94
PFG_MOEA,452,4,274.07,2785.44,0 126 20 136 143 5 61 109 36 11 34 84 176 65 76 139 103 87 22 187 57 183 13 79 96 134 186 141 125 16 117 0,
PFG_MOEA,452,5,274.07,2785.44,0 3 73 127 163 23 147 49 130 92 67 169 68 40 106 29 164 42 110 121 28 15 54 45 190 189 72 152 0,
PFG_MOEA,452,6,274.07,2785.44,0 35 108 129 83 6 52 177 149 12 153 165 154 19 159 63 37 194 122 197 193 91 148 25 101 31 150 62 179 33 155 97 123 47 135 107 156 124 0,91 194
PFG_MOEA,453,1,285.8,2514.54,0 124 156 107 135 62 182 167 47 123 97 155 14 132 18 46 4 33 179 111 56 74 120 142 200 162 17 85 137 9 99 60 173 151 116 199 171 144 30 24 59 0,
PFG_MOEA,453,2,285.8,2514.54,0 51 48 192 69 70 55 160 43 93 53 181 104 86 178 113 100 58 195 166 66 185 78 7 44 1 2 77 175 146 0,78
PFG_MOEA,453,3,285.8,2514.54,0 64 163 131 106 40 68 128 198 119 196 98 21 115 39 0,119
PFG_MOEA,453,4,285.8,2514.54,0 138 88 183 95 172 94 32 41 169 67 191 92 130 90 168 75 80 140 38 82 161 133 158 102 105 49 147 23 145 174 157 118 170 114 188 81 0,80 92 105
PFG_MOEA,453,5,285.8,2514.54,0 117 50 71 26 8 10 89 27 184 57 187 22 87 15 54 45 190 139 19 63 108 125 103 141 186 152 134 96 79 13 28 121 110 42 29 164 127 73 3 0,54 108
PFG_MOEA,453,6,285.8,2514.54,0 136 20 143 5 61 109 36 11 34 112 180 31 150 35 16 129 83 6 52 177 149 12 153 159 154 165 101 25 148 91 193 122 194 37 72 189 197 76 65 176 84 126 0,11 35 194
PFG_MOEA,454,1,306.31,2495.58,0 136 20 143 5 61 109 11 36 126 34 112 180 182 167 56 9 137 85 17 162 200 142 120 74 62 135 107 156 124 0,11 126
PFG_MOEA,454,2,306.31,2495.58,0 47 123 97 155 111 179 33 14 132 18 46 4 99 60 173 151 116 199 171 144 30 24 59 1 44 7 2 77 0,99
PFG_MOEA,454,3,306.31,2495.58,0 51 48 146 175 78 185 66 166 195 58 100 113 178 86 104 181 53 93 43 160 192 69 70 55 196 119 198 128 98 21 115 39 64 0,93 181
PFG_MOEA,454,4,306.31,2495.58,0 131 163 106 40 68 95 172 94 32 41 169 67 191 92 130 90 168 75 80 140 38 82 161 133 158 102 105 49 147 23 183 88 145 174 157 118 170 114 188 138 81 26 10 8 50 71 0,80 105
PFG_MOEA,454,5,306.31,2495.58,0 152 83 153 12 149 177 52 6 63 159 19 139 103 190 45 54 15 87 22 187 57 184 27 89 28 121 110 42 29 164 127 73 3 0,149 190
PFG_MOEA,454,6,306.31,2495.58,0 117 13 79 96 134 186 141 125 154 165 129 16 108 35 150 31 101 25 148 91 193 122 194 37 72 189 197 76 65 176 84 0,91 141
PFG_MOEA,455,1,528.52,2327.53,0 124 156 107 126 36 109 11 167 182 34 112 180 176 197 76 65 84 74 120 142 200 162 56 9 17 85 137 173 60 99 151 116 199 30 144 171 4 46 18 132 14 33 179 111 155 97 123 47 62 135 77 2 24 59 1 44 7 195 58 100 113 178 86 104 166 66 181 53 93 160 43 185 78 175 146 192 69 70 55 196 119 198 128 98 21 115 48 51 0,126 182
PFG_MOEA,455,2,528.52,2327.53,0 39 0,39
PFG_MOEA,455,3,528.52,2327.53,0 64 0,
PFG_MOEA,455,4,528.52,2327.53,0 81 71 50 0,
PFG_MOEA,455,5,528.52,2327.53,0 131 163 106 40 130 92 133 161 82 38 140 80 75 168 90 158 102 105 49 147 23 183 88 145 174 157 118 170 10 8 26 114 188 138 0,92 168
PFG_MOEA,455,6,528.52,2327.53,0 136 20 143 61 5 16 108 35 150 31 101 25 148 91 193 122 194 37 72 189 190 45 87 22 187 57 184 27 89 41 169 67 191 32 94 68 95 172 15 54 103 139 19 159 63 6 52 177 149 12 153 83 129 165 154 125 141 186 152 134 96 79 13 28 121 110 42 29 164 127 73 3 117 0,91 141 187
PFG_MOEA,456,1,264.18,3010.24,0 117 16 108 35 150 37 72 87 22 187 57 172 95 184 27 89 41 32 94 191 133 161 82 38 140 80 75 168 105 102 158 90 67 169 68 152 0,94 168
PFG_MOEA,456,2,264.18,3010.24,0 3 31 101 25 148 91 6 52 177 149 190 45 122 76 65 193 176 84 151 116 199 171 4 46 18 132 144 30 109 107 156 124 0,122 149
PFG_MOEA,456,3,264.18,3010.24,0 126 36 11 167 182 34 112 180 194 189 197 74 120 142 200 162 17 85 137 173 60 99 9 56 111 179 33 14 155 97 123 47 62 135 77 0,
PFG_MOEA,456,4,264.18,3010.24,0 24 59 2 1 44 7 195 58 100 113 178 86 104 166 66 93 181 53 192 160 43 185 78 175 131 163 183 23 147 49 130 92 40 106 0,
PFG_MOEA,456,5,264.18,3010.24,0 136 20 143 61 69 70 55 196 119 198 98 128 10 8 145 88 174 157 118 170 114 188 138 26 81 71 50 39 0,136
PFG_MOEA,456,6,264.18,3010.24,0 51 48 146 21 115 64 127 73 164 29 42 110 121 28 15 54 13 79 96 134 186 141 103 139 19 159 63 154 125 165 153 12 83 129 5 0,21 96
PFG_MOEA,457,1,274.07,2785.44,0 112 180 182 74 120 142 200 162 56 9 17 85 137 173 60 99 151 116 199 171 4 46 18 132 14 111 144 30 77 175 24 59 2 1 44 7 160 146 48 51 0,4 162 182
PFG_MOEA,457,2,274.07,2785.44,0 167 78 185 66 166 195 58 100 113 178 86 104 181 53 93 43 192 69 70 55 196 119 198 128 98 21 115 0,104
PFG_MOEA,457,3,274.07,2785.44,0 39 50 71 26 8 10 105 102 158 90 168 75 80 140 38 82 161 133 191 41 89 27 184 172 95 94 32 131 88 145 174 157 118 170 114 188 138 81 64 0,80 94
PFG_MOEA,457,4,274.07,2785.44,0 126 20 136 143 5 61 109 36 11 34 84 176 65 76 139 103 87 22 187 57 183 13 79 96 134 186 141 125 16 117 0,
PFG_MOEA,457,5,274.07,2785.44,0 3 73 127 163 23 147 49 130 92 67 169 68 40 106 29 164 42 110 121 28 15 54 45 190 189 72 152 0,
PFG_MOEA,457,6,274.07,2785.44,0 35 108 129 83 6 52 177 149 12 153 165 154 19 159 63 37 194 122 197 193 91 148 25 101 31 150 62 179 33 155 97 123 47 135 107 156 124 0,91 194
PFG_MOEA,458,1,285.8,2514.54,0 124 156 107 135 62 182 167 47 123 97 155 14 132 18 46 4 33 179 111 56 74 120 142 200 162 17 85 137 9 99 60 173 151 116 199 171 144 30 24 59 0,
PFG_MOEA,458,2,285.8,2514.54,0 51 48 192 69 70 55 160 43 93 53 181 104 86 178 113 100 58 195 166 66 185 78 7 44 1 2 77 175 146 0,78
PFG_MOEA,458,3,285.8,2514.54,0 64 163 131 106 40 68 128 198 119 196 98 21 115 39 0,119
PFG_MOEA,458,4,285.8,2514.54,0 138 88 183 95 172 94 32 41 169 67 191 92 130 90 168 75 80 140 38 82 161 133 158 102 105 49 147 23 145 174 157 118 170 114 188 81 0,80 92 105
PFG_MOEA,458,5,285.8,2514.54,0 117 50 71 26 8 10 89 27 184 57 187 22 87 15 54 45 190 139 19 63 108 125 103 141 186 152 134 96 79 13 28 121 110 42 29 164 127 73 3 0,54 108
PFG_MOEA,458,6,285.8,2514.54,0 136 20 143 5 61 109 36 11 34 112 180 31 150 35 16 129 83 6 52 177 149 12 153 159 154 165 101 25 148 91 193 122 194 37 72 189 197 76 65 176 84 126 0,11 35 194
PFG_MOEA,459,1,306.31,2495.58,0 136 20 143 5 61 109 11 36 126 34 112 180 182 167 56 9 137 85 17 162 200 142 120 74 62 135 107 156 124 0,11 126
PFG_MOEA,459,2,306.31,2495.58,0 47 123 97 155 111 179 33 14 132 18 46 4 99 60 173 151 116 199 171 144 30 24 59 1 44 7 2 77 0,99
PFG_MOEA,459,3,306.31,2495.58,0 51 48 146 175 78 185 66 166 195 58 100 113 178 86 104 181 53 93 43 160 192 69 70 55 196 119 198 128 98 21 115 39 64 0,93 181
PFG_MOEA,459,4,306.31,2495.58,0 131 163 106 40 68 95 172 94 32 41 169 67 191 92 130 90 168 75 80 140 38 82 161 133 158 102 105 49 147 23 183 88 145 174 157 118 170 114 188 138 81 26 10 8 50 71 0,80 105
PFG_MOEA,459,5,306.31,2495.58,0 152 83 153 12 149 177 52 6 63 159 19 139 103 190 45 54 15 87 22 187 57 184 27 89 28 121 110 42 29 164 127 73 3 0,149 190
PFG_MOEA,459,6,306.31,2495.58,0 117 13 79 96 134 186 141 125 154 165 129 16 108 35 150 31 101 25 148 91 193 122 194 37 72 189 197 76 65 176 84 0,91 141
PFG_MOEA,460,1,528.52,2327.53,0 124 156 107 126 36 109 11 167 182 34 112 180 176 197 76 65 84 74 120 142 200 162 56 9 17 85 137 173 60 99 151 116 199 30 144 171 4 46 18 132 14 33 179 111 155 97 123 47 62 135 77 2 24 59 1 44 7 195 58 100 113 178 86 104 166 66 181 53 93 160 43 185 78 175 146 192 69 70 55 196 119 198 128 98 21 115 48 51 0,126 182
PFG_MOEA,460,2,528.52,2327.53,0 39 0,39
PFG_MOEA,460,3,528.52,2327.53,0 64 0,
PFG_MOEA,460,4,528.52,2327.53,0 81 71 50 0,
PFG_MOEA,460,5,528.52,2327.53,0 131 163 106 40 130 92 133 161 82 38 140 80 75 168 90 158 102 105 49 147 23 183 88 145 174 157 118 170 10 8 26 114 188 138 0,92 168
PFG_MOEA,460,6,528.52,2327.53,0 136 20 143 61 5 16 108 35 150 31 101 25 148 91 193 122 194 37 72 189 190 45 87 22 187 57 184 27 89 41 169 67 191 32 94 68 95 172 15 54 103 139 19 159 63 6 52 177 149 12 153 83 129 165 154 125 141 186 152 134 96 79 13 28 121 110 42 29 164 127 73 3 117 0,91 141 187
PFG_MOEA,461,1,264.18,3010.24,0 117 16 108 35 150 37 72 87 22 187 57 172 95 184 27 89 41 32 94 191 133 161 82 38 140 80 75 168 105 102 158 90 67 169 68 152 0,94 168
PFG_MOEA,461,2,264.18,3010.24,0 3 31 101 25 148 91 6 52 177 149 190 45 122 76 65 193 176 84 151 116 199 171 4 46 18 132 144 30 109 107 156 124 0,122 149
PFG_MOEA,461,3,264.18,3010.24,0 126 36 11 167 182 34 112 180 194 189 197 74 120 142 200 162 17 85 137 173 60 99 9 56 111 179 33 14 155 97 123 47 62 135 77 0,
PFG_MOEA,461,4,264.18,3010.24,0 24 59 2 1 44 7 195 58 100 113 178 86 104 166 66 93 181 53 192 160 43 185 78 175 131 163 183 23 147 49 130 92 40 106 0,
PFG_MOEA,461,5,264.18,3010.24,0 136 20 143 61 69 70 55 196 119 198 98 128 10 8 145 88 174 157 118 170 114 188 138 26 81 71 50 39 0,136
PFG_MOEA,461,6,264.18,3010.24,0 51 48 146 21 115 64 127 73 164 29 42 110 121 28 15 54 13 79 96 134 186 141 103 139 19 159 63 154 125 165 153 12 83 129 5 0,21 96
PFG_MOEA,462,1,274.07,2785.44,0 112 180 182 74 120 142 200 162 56 9 17 85 137 173 60 99 151 116 199 171 4 46 18 132 14 111 144 30 77 175 24 59 2 1 44 7 160 146 48 51 0,4 162 182
PFG_MOEA,462,2,274.07,2785.44,0 167 78 185 66 166 195 58 100 113 178 86 104 181 53 93 43 192 69 70 55 196 119 198 128 98 21 115 0,104
PFG_MOEA,462,3,274.07,2785.44,0 39 50 71 26 8 10 105 102 158 90 168 75 80 140 38 82 161 133 191 41 89 27 184 172 95 94 32 131 88 145 174 157 118 170 114 188 138 81 64 0,80 94
PFG_MOEA,462,4,274.07,2785.44,0 126 20 136 143 5 61 109 36 11 34 84 176 65 76 139 103 87 22 187 57 183 13 79 96 134 186 141 125 16 117 0,
PFG_MOEA,462,5,274.07,2785.44,0 3 73 127 163 23 147 49 130 92 67 169 68 40 106 29 164 42 110 121 28 15 54 45 190 189 72 152 0,
PFG_MOEA,462,6,274.07,2785.44,0 35 108 129 83 6 52 177 149 12 153 165 154 19 159 63 37 194 122 197 193 91 148 25 101 31 150 62 179 33 155 97 123 47 135 107 156 124 0,91 194
PFG_MOEA,463,1,285.8,2514.54,0 124 156 107 135 62 182 167 47 123 97 155 14 132 18 46 4 33 179 111 56 74 120 142 200 162 17 85 137 9 99 60 173 151 116 199 171 144 30 24 59 0,
PFG_MOEA,463,2,285.8,2514.54,0 51 48 192 69 70 55 160 43 93 53 181 104 86 178 113 100 58 195 166 66 185 78 7 44 1 2 77 175 146 0,78
PFG_MOEA,463,3,285.8,2514.54,0 64 163 131 106 40 68 128 198 119 196 98 21 115 39 0,119
PFG_MOEA,463,4,285.8,2514.54,0 138 88 183 95 172 94 32 41 169 67 191 92 130 90 168 75 80 140 38 82 161 133 158 102 105 49 147 23 145 174 157 118 170 114 188 81 0,80 92 105
PFG_MOEA,463,5,285.8,2514.54,0 117 50 71 26 8 10 89 27 184 57 187 22 87 15 54 45 190 139 19 63 108 125 103 141 186 152 134 96 79 13 28 121 110 42 29 164 127 73 3 0,54 108
PFG_MOEA,463,6,285.8,2514.54,0 136 20 143 5 61 109 36 11 34 112 180 31 150 35 16 129 83 6 52 177 149 12 153 159 154 165 101 25 148 91 193 122 194 37 72 189 197 76 65 176 84 126 0,11 35 194
PFG_MOEA,464,1,306.31,2495.58,0 136 20 143 5 61 109 11 36 126 34 112 180 182 167 56 9 137 85 17 162 200 142 120 74 62 135 107 156 124 0,11 126
PFG_MOEA,464,2,306.31,2495.58,0 47 123 97 155 111 179 33 14 132 18 46 4 99 60 173 151 116 199 171 144 30 24 59 1 44 7 2 77 0,99
PFG_MOEA,464,3,306.31,2495.58,0 51 48 146 175 78 185 66 166 195 58 100 113 178 86 104 181 53 93 43 160 192 69 70 55 196 119 198 128 98 21 115 39 64 0,93 181
PFG_MOEA,464,4,306.31,2495.58,0 131 163 106 40 68 95 172 94 32 41 169 67 191 92 130 90 168 75 80 140 38 82 161 133 158 102 105 49 147 23 183 88 145 174 157 118 170 114 188 138 81 26 10 8 50 71 0,80 105
PFG_MOEA,464,5,306.31,2495.58,0 152 83 153 12 149 177 52 6 63 159 19 139 103 190 45 54 15 87 22 187 57 184 27 89 28 121 110 42 29 164 127 73 3 0,149 190
PFG_MOEA,464,6,306.31,2495.58,0 117 13 79 96 134 186 141 125 154 165 129 16 108 35 150 31 101 25 148 91 193 122 194 37 72 189 197 76 65 176 84 0,91 141
PFG_MOEA,465,1,528.52,2327.53,0 124 156 107 126 36 109 11 167 182 34 112 180 176 197 76 65 84 74 120 142 200 162 56 9 17 85 137 173 60 99 151 116 199 30 144 171 4 46 18 132 14 33 179 111 155 97 123 47 62 135 77 2 24 59 1 44 7 195 58 100 113 178 86 104 166 66 181 53 93 160 43 185 78 175 146 192 69 70 55 196 119 198 128 98 21 115 48 51 0,126 182
PFG_MOEA,465,2,528.52,2327.53,0 39 0,39
PFG_MOEA,465,3,528.52,2327.53,0 64 0,
PFG_MOEA,465,4,528.52,2327.53,0 81 71 50 0,
PFG_MOEA,465,5,528.52,2327.53,0 131 163 106 40 130 92 133 161 82 38 140 80 75 168 90 158 102 105 49 147 23 183 88 145 174 157 118 170 10 8 26 114 188 138 0,92 168
PFG_MOEA,465,6,528.52,2327.53,0 136 20 143 61 5 16 108 35 150 31 101 25 148 91 193 122 194 37 72 189 190 45 87 22 187 57 184 27 89 41 169 67 191 32 94 68 95 172 15 54 103 139 19 159 63 6 52 177 149 12 153 83 129 165 154 125 141 186 152 134 96 79 13 28 121 110 42 29 164 127 73 3 117 0,91 141 187
PFG_MOEA,466,1,264.18,3010.24,0 117 16 108 35 150 37 72 87 22 187 57 172 95 184 27 89 41 32 94 191 133 161 82 38 140 80 75 168 105 102 158 90 67 169 68 152 0,94 168
PFG_MOEA,466,2,264.18,3010.24,0 3 31 101 25 148 91 6 52 177 149 190 45 122 76 65 193 176 84 151 116 199 171 4 46 18 132 144 30 109 107 156 124 0,122 149
PFG_MOEA,466,3,264.18,3010.24,0 126 36 11 167 182 34 112 180 194 189 197 74 120 142 200 162 17 85 137 173 60 99 9 56 111 179 33 14 155 97 123 47 62 135 77 0,
PFG_MOEA,466,4,264.18,3010.24,0 24 59 2 1 44 7 195 58 100 113 178 86 104 166 66 93 181 53 192 160 43 185 78 175 131 163 183 23 147 49 130 92 40 106 0,
PFG_MOEA,466,5,264.18,3010.24,0 136 20 143 61 69 70 55 196 119 198 98 128 10 8 145 88 174 157 118 170 114 188 138 26 81 71 50 39 0,136
PFG_MOEA,466,6,264.18,3010.24,0 51 48 146 21 115 64 127 73 164 29 42 110 121 28 15 54 13 79 96 134 186 141 103 139 19 159 63 154 125 165 153 12 83 129 5 0,21 96
PFG_MOEA,467,1,274.07,2785.44,0 112 180 182 74 120 142 200 162 56 9 17 85 137 173 60 99 151 116 199 171 4 46 18 132 14 111 144 30 77 175 24 59 2 1 44 7 160 146 48 51 0,4 162 182
PFG_MOEA,467,2,274.07,2785.44,0 167 78 185 66 166 195 58 100 113 178 86 104 181 53 93 43 192 69 70 55 196 119 198 128 98 21 115 0,104
PFG_MOEA,467,3,274.07,2785.44,0 39 50 71 26 8 10 105 102 158 90 168 75 80 140 38 82 161 133 191 41 89 27 184 172 95 94 32 131 88 145 174 157 118 170 114 188 138 81 64 0,80 94
PFG_MOEA,467,4,274.07,2785.44,0 126 20 136 143 5 61 109 36 11 34 84 176 65 76 139 103 87 22 187 57 183 13 79 96 134 186 141 125 16 117 0,
PFG_MOEA,467,5,274.07,2785.44,0 3 73 127 163 23 147 49 130 92 67 169 68 40 106 29 164 42 110 121 28 15 54 45 190 189 72 152 0,
PFG_MOEA,467,6,274.07,2785.44,0 35 108 129 83 6 52 177 149 12 153 165 154 19 159 63 37 194 122 197 193 91 148 25 101 31 150 62 179 33 155 97 123 47 135 107 156 124 0,91 194
PFG_MOEA,468,1,285.8,2514.54,0 124 156 107 135 62 182 167 47 123 97 155 14 132 18 46 4 33 179 111 56 74 120 142 200 162 17 85 137 9 99 60 173 151 116 199 171 144 30 24 59 0,
PFG_MOEA,468,2,285.8,2514.54,0 51 48 192 69 70 55 160 43 93 53 181 104 86 178 113 100 58 195 166 66 185 78 7 44 1 2 77 175 146 0,78
PFG_MOEA,468,3,285.8,2514.54,0 64 163 131 106 40 68 128 198 119 196 98 21 115 39 0,119
PFG_MOEA,468,4,285.8,2514.54,0 138 88 183 95 172 94 32 41 169 67 191 92 130 90 168 75 80 140 38 82 161 133 158 102 105 49 147 23 145 174 157 118 170 114 188 81 0,80 92 105
PFG_MOEA,468,5,285.8,2514.54,0 117 50 71 26 8 10 89 27 184 57 187 22 87 15 54 45 190 139 19 63 108 125 103 141 186 152 134 96 79 13 28 121 110 42 29 164 127 73 3 0,54 108
PFG_MOEA,468,6,285.8,2514.54,0 136 20 143 5 61 109 36 11 34 112 180 31 150 35 16 129 83 6 52 177 149 12 153 159 154 165 101 25 148 91 193 122 194 37 72 189 197 76 65 176 84 126 0,11 35 194
PFG_MOEA,469,1,306.31,2495.58,0 136 20 143 5 61 109 11 36 126 34 112 180 182 167 56 9 137 85 17 162 200 142 120 74 62 135 107 156 124 0,11 126
PFG_MOEA,469,2,306.31,2495.58,0 47 123 97 155 111 179 33 14 132 18 46 4 99 60 173 151 116 199 171 144 30 24 59 1 44 7 2 77 0,99
PFG_MOEA,469,3,306.31,2495.58,0 51 48 146 175 78 185 66 166 195 58 100 113 178 86 104 181 53 93 43 160 192 69 70 55 196 119 198 128 98 21 115 39 64 0,93 181
PFG_MOEA,469,4,306.31,2495.58,0 131 163 106 40 68 95 172 94 32 41 169 67 191 92 130 90 168 75 80 140 38 82 161 133 158 102 105 49 147 23 183 88 145 174 157 118 170 114 188 138 81 26 10 8 50 71 0,80 105
PFG_MOEA,469,5,306.31,2495.58,0 152 83 153 12 149 177 52 6 63 159 19 139 103 190 45 54 15 87 22 187 57 184 27 89 28 121 110 42 29 164 127 73 3 0,149 190
PFG_MOEA,469,6,306.31,2495.58,0 117 13 79 96 134 186 141 125 154 165 129 16 108 35 150 31 101 25 148 91 193 122 194 37 72 189 197 76 65 176 84 0,91 141
PFG_MOEA,470,1,528.52,2327.53,0 124 156 107 126 36 109 11 167 182 34 112 180 176 197 76 65 84 74 120 142 200 162 56 9 17 85 137 173 60 99 151 116 199 30 144 171 4 46 18 132 14 33 179 111 155 97 123 47 62 135 77 2 24 59 1 44 7 195 58 100 113 178 86 104 166 66 181 53 93 160 43 185 78 175 146 192 69 70 55 196 119 198 128 98 21 115 48 51 0,126 182
PFG_MOEA,470,2,528.52,2327.53,0 39 0,39
PFG_MOEA,470,3,528.52,2327.53,0 64 0,
PFG_MOEA,470,4,528.52,2327.53,0 81 71 50 0,
PFG_MOEA,470,5,528.52,2327.53,0 131 163 106 40 130 92 133 161 82 38 140 80 75 168 90 158 102 105 49 147 23 183 88 145 174 157 118 170 10 8 26 114 188 138 0,92 168
PFG_MOEA,470,6,528.52,2327.53,0 136 20 143 61 5 16 108 35 150 31 101 25 148 91 193 122 194 37 72 189 190 45 87 22 187 57 184 27 89 41 169 67 191 32 94 68 95 172 15 54 103 139 19 159 63 6 52 177 149 12 153 83 129 165 154 125 141 186 152 134 96 79 13 28 121 110 42 29 164 127 73 3 117 0,91 141 187
PFG_MOEA,471,1,264.18,3010.24,0 117 16 108 35 150 37 72 87 22 187 57 172 95 184 27 89 41 32 94 191 133 161 82 38 140 80 75 168 105 102 158 90 67 169 68 152 0,94 168
PFG_MOEA,471,2,264.18,3010.24,0 3 31 101 25 148 91 6 52 177 149 190 45 122 76 65 193 176 84 151 116 199 171 4 46 18 132 144 30 109 107 156 124 0,122 149
PFG_MOEA,471,3,264.18,3010.24,0 126 36 11 167 182 34 112 180 194 189 197 74 120 142 200 162 17 85 137 173 60 99 9 56 111 179 33 14 155 97 123 47 62 135 77 0,
PFG_MOEA,471,4,264.18,3010.24,0 24 59 2 1 44 7 195 58 100 113 178 86 104 166 66 93 181 53 192 160 43 185 78 175 131 163 183 23 147 49 130 92 40 106 0,
PFG_MOEA,471,5,264.18,3010.24,0 136 20 143 61 69 70 55 196 119 198 98 128 10 8 145 88 174 157 118 170 114 188 138 26 81 71 50 39 0,136
PFG_MOEA,471,6,264.18,3010.24,0 51 48 146 21 115 64 127 73 164 29 42 110 121 28 15 54 13 79 96 134 186 141 103 139 19 159 63 154 125 165 153 12 83 129 5 0,21 96
PFG_MOEA,472,1,274.07,2785.44,0 112 180 182 74 120 142 200 162 56 9 17 85 137 173 60 99 151 116 199 171 4 46 18 132 14 111 144 30 77 175 24 59 2 1 44 7 160 146 48 51 0,4 162 182
PFG_MOEA,472,2,274.07,2785.44,0 167 78 185 66 166 195 58 100 113 178 86 104 181 53 93 43 192 69 70 55 196 119 198 128 98 21 115 0,104
PFG_MOEA,472,3,274.07,2785.44,0 39 50 71 26 8 10 105 102 158 90 168 75 80 140 38 82 161 133 191 41 89 27 184 172 95 94 32 131 88 145 174 157 118 170 114 188 138 81 64 0,80 94
PFG_MOEA,472,4,274.07,2785.44,0 126 20 136 143 5 61 109 36 11 34 84 176 65 76 139 103 87 22 187 57 183 13 79 96 134 186 141 125 16 117 0,
PFG_MOEA,472,5,274.07,2785.44,0 3 73 127 163 23 147 49 130 92 67 169 68 40 106 29 164 42 110 121 28 15 54 45 190 189 72 152 0,
PFG_MOEA,472,6,274.07,2785.44,0 35 108 129 83 6 52 177 149 12 153 165 154 19 159 63 37 194 122 197 193 91 148 25 101 31 150 62 179 33 155 97 123 47 135 107 156 124 0,91 194
PFG_MOEA,473,1,285.8,2514.54,0 124 156 107 135 62 182 167 47 123 97 155 14 132 18 46 4 33 179 111 56 74 120 142 200 162 17 85 137 9 99 60 173 151 116 199 171 144 30 24 59 0,
PFG_MOEA,473,2,285.8,2514.54,0 51 48 192 69 70 55 160 43 93 53 181 104 86 178 113 100 58 195 166 66 185 78 7 44 1 2 77 175 146 0,78
PFG_MOEA,473,3,285.8,2514.54,0 64 163 131 106 40 68 128 198 119 196 98 21 115 39 0,119
PFG_MOEA,473,4,285.8,2514.54,0 138 88 183 95 172 94 32 41 169 67 191 92 130 90 168 75 80 140 38 82 161 133 158 102 105 49 147 23 145 174 157 118 170 114 188 81 0,80 92 105
PFG_MOEA,473,5,285.8,2514.54,0 117 50 71 26 8 10 89 27 184 57 187 22 87 15 54 45 190 139 19 63 108 125 103 141 186 152 134 96 79 13 28 121 110 42 29 164 127 73 3 0,54 108
PFG_MOEA,473,6,285.8,2514.54,0 136 20 143 5 61 109 36 11 34 112 180 31 150 35 16 129 83 6 52 177 149 12 153 159 154 165 101 25 148 91 193 122 194 37 72 189 197 76 65 176 84 126 0,11 35 194
PFG_MOEA,474,1,306.31,2495.58,0 136 20 143 5 61 109 11 36 126 34 112 180 182 167 56 9 137 85 17 162 200 142 120 74 62 135 107 156 124 0,11 126
PFG_MOEA,474,2,306.31,2495.58,0 47 123 97 155 111 179 33 14 132 18 46 4 99 60 173 151 116 199 171 144 30 24 59 1 44 7 2 77 0,99
PFG_MOEA,474,3,306.31,2495.58,0 51 48 146 175 78 185 66 166 195 58 100 113 178 86 104 181 53 93 43 160 192 69 70 55 196 119 198 128 98 21 115 39 64 0,93 181
PFG_MOEA,474,4,306.31,2495.58,0 131 163 106 40 68 95 172 94 32 41 169 67 191 92 130 90 168 75 80 140 38 82 161 133 158 102 105 49 147 23 183 88 145 174 157 118 170 114 188 138 81 26 10 8 50 71 0,80 105
PFG_MOEA,474,5,306.31,2495.58,0 152 83 153 12 149 177 52 6 63 159 19 139 103 190 45 54 15 87 22 187 57 184 27 89 28 121 110 42 29 164 127 73 3 0,149 190
PFG_MOEA,474,6,306.31,2495.58,0 117 13 79 96 134 186 141 125 154 165 129 16 108 35 150 31 101 25 148 91 193 122 194 37 72 189 197 76 65 176 84 0,91 141
PFG_MOEA,475,1,528.52,2327.53,0 124 156 107 126 36 109 11 167 182 34 112 180 176 197 76 65 84 74 120 142 200 162 56 9 17 85 137 173 60 99 151 116 199 30 144 171 4 46 18 132 14 33 179 111 155 97 123 47 62 135 77 2 24 59 1 44 7 195 58 100 113 178 86 104 166 66 181 53 93 160 43 185 78 175 146 192 69 70 55 196 119 198 128 98 21 115 48 51 0,126 182
PFG_MOEA,475,2,528.52,2327.53,0 39 0,39
PFG_MOEA,475,3,528.52,2327.53,0 64 0,
PFG_MOEA,475,4,528.52,2327.53,0 81 71 50 0,
PFG_MOEA,475,5,528.52,2327.53,0 131 163 106 40 130 92 133 161 82 38 140 80 75 168 90 158 102 105 49 147 23 183 88 145 174 157 118 170 10 8 26 114 188 138 0,92 168
PFG_MOEA,475,6,528.52,2327.53,0 136 20 143 61 5 16 108 35 150 31 101 25 148 91 193 122 194 37 72 189 190 45 87 22 187 57 184 27 89 41 169 67 191 32 94 68 95 172 15 54 103 139 19 159 63 6 52 177 149 12 153 83 129 165 154 125 141 186 152 134 96 79 13 28 121 110 42 29 164 127 73 3 117 0,91 141 187
PFG_MOEA,476,1,264.18,3010.24,0 117 16 108 35 150 37 72 87 22 187 57 172 95 184 27 89 41 32 94 191 133 161 82 38 140 80 75 168 105 102 158 90 67 169 68 152 0,94 168
PFG_MOEA,476,2,264.18,3010.24,0 3 31 101 25 148 91 6 52 177 149 190 45 122 76 65 193 176 84 151 116 199 171 4 46 18 132 144 30 109 107 156 124 0,122 149
PFG_MOEA,476,3,264.18,3010.24,0 126 36 11 167 182 34 112 180 194 189 197 74 120 142 200 162 17 85 137 173 60 99 9 56 111 179 33 14 155 97 123 47 62 135 77 0,
PFG_MOEA,476,4,264.18,3010.24,0 24 59 2 1 44 7 195 58 100 113 178 86 104 166 66 93 181 53 192 160 43 185 78 175 131 163 183 23 147 49 130 92 40 106 0,
PFG_MOEA,476,5,264.18,3010.24,0 136 20 143 61 69 70 55 196 119 198 98 128 10 8 145 88 174 157 118 170 114 188 138 26 81 71 50 39 0,136
PFG_MOEA,476,6,264.18,3010.24,0 51 48 146 21 115 64 127 73 164 29 42 110 121 28 15 54 13 79 96 134 186 141 103 139 19 159 63 154 125 165 153 12 83 129 5 0,21 96
PFG_MOEA,477,1,274.07,2785.44,0 112 180 182 74 120 142 200 162 56 9 17 85 137 173 60 99 151 116 199 171 4 46 18 132 14 111 144 30 77 175 24 59 2 1 44 7 160 146 48 51 0,4 162 182
PFG_MOEA,477,2,274.07,2785.44,0 167 78 185 66 166 195 58 100 113 178 86 104 181 53 93 43 192 69 70 55 196 119 198 128 98 21 115 0,104
PFG_MOEA,477,3,274.07,2785.44,0 39 50 71 26 8 10 105 102 158 90 168 75 80 140 38 82 161 133 191 41 89 27 184 172 95 94 32 131 88 145 174 157 118 170 114 188 138 81 64 0,80 94
PFG_MOEA,477,4,274.07,2785.44,0 126 20 136 143 5 61 109 36 11 34 84 176 65 76 139 103 87 22 187 57 183 13 79 96 134 186 141 125 16 117 0,
PFG_MOEA,477,5,274.07,2785.44,0 3 73 127 163 23 147 49 130 92 67 169 68 40 106 29 164 42 110 121 28 15 54 45 190 189 72 152 0,
PFG_MOEA,477,6,274.07,2785.44,0 35 108 129 83 6 52 177 149 12 153 165 154 19 159 63 37 194 122 197 193 91 148 25 101 31 150 62 179 33 155 97 123 47 135 107 156 124 0,91 194
PFG_MOEA,478,1,285.8,2514.54,0 124 156 107 135 62 182 167 47 123 97 155 14 132 18 46 4 33 179 111 56 74 120 142 200 162 17 85 137 9 99 60 173 151 116 199 171 144 30 24 59 0,
PFG_MOEA,478,2,285.8,2514.54,0 51 48 192 69 70 55 160 43 93 53 181 104 86 178 113 100 58 195 166 66 185 78 7 44 1 2 77 175 146 0,78
PFG_MOEA,478,3,285.8,2514.54,0 64 163 131 106 40 68 128 198 119 196 98 21 115 39 0,119
PFG_MOEA,478,4,285.8,2514.54,0 138 88 183 95 172 94 32 41 169 67 191 92 130 90 168 75 80 140 38 82 161 133 158 102 105 49 147 23 145 174 157 118 170 114 188 81 0,80 92 105
PFG_MOEA,478,5,285.8,2514.54,0 117 50 71 26 8 10 89 27 184 57 187 22 87 15 54 45 190 139 19 63 108 125 103 141 186 152 134 96 79 13 28 121 110 42 29 164 127 73 3 0,54 108
PFG_MOEA,478,6,285.8,2514.54,0 136 20 143 5 61 109 36 11 34 112 180 31 150 35 16 129 83 6 52 177 149 12 153 159 154 165 101 25 148 91 193 122 194 37 72 189 197 76 65 176 84 126 0,11 35 194
PFG_MOEA,479,1,306.31,2495.58,0 136 20 143 5 61 109 11 36 126 34 112 180 182 167 56 9 137 85 17 162 200 142 120 74 62 135 107 156 124 0,11 126
PFG_MOEA,479,2,306.31,2495.58,0 47 123 97 155 111 179 33 14 132 18 46 4 99 60 173 151 116 199 171 144 30 24 59 1 44 7 2 77 0,99
PFG_MOEA,479,3,306.31,2495.58,0 51 48 146 175 78 185 66 166 195 58 100 113 178 86 104 181 53 93 43 160 192 69 70 55 196 119 198 128 98 21 115 39 64 0,93 181
PFG_MOEA,479,4,306.31,2495.58,0 131 163 106 40 68 95 172 94 32 41 169 67 191 92 130 90 168 75 80 140 38 82 161 133 158 102 105 49 147 23 183 88 145 174 157 118 170 114 188 138 81 26 10 8 50 71 0,80 105
PFG_MOEA,479,5,306.31,2495.58,0 152 83 153 12 149 177 52 6 63 159 19 139 103 190 45 54 15 87 22 187 57 184 27 89 28 121 110 42 29 164 127 73 3 0,149 190
PFG_MOEA,479,6,306.31,2495.58,0 117 13 79 96 134 186 141 125 154 165 129 16 108 35 150 31 101 25 148 91 193 122 194 37 72 189 197 76 65 176 84 0,91 141
PFG_MOEA,480,1,528.52,2327.53,0 124 156 107 126 36 109 11 167 182 34 112 180 176 197 76 65 84 74 120 142 200 162 56 9 17 85 137 173 60 99 151 116 199 30 144 171 4 46 18 132 14 33 179 111 155 97 123 47 62 135 77 2 24 59 1 44 7 195 58 100 113 178 86 104 166 66 181 53 93 160 43 185 78 175 146 192 69 70 55 196 119 198 128 98 21 115 48 51 0,126 182
PFG_MOEA,480,2,528.52,2327.53,0 39 0,39
PFG_MOEA,480,3,528.52,2327.53,0 64 0,
PFG_MOEA,480,4,528.52,2327.53,0 81 71 50 0,
PFG_MOEA,480,5,528.52,2327.53,0 131 163 106 40 130 92 133 161 82 38 140 80 75 168 90 158 102 105 49 147 23 183 88 145 174 157 118 170 10 8 26 114 188 138 0,92 168
PFG_MOEA,480,6,528.52,2327.53,0 136 20 143 61 5 16 108 35 150 31 101 25 148 91 193 122 194 37 72 189 190 45 87 22 187 57 184 27 89 41 169 67 191 32 94 68 95 172 15 54 103 139 19 159 63 6 52 177 149 12 153 83 129 165 154 125 141 186 152 134 96 79 13 28 121 110 42 29 164 127 73 3 117 0,91 141 187
PFG_MOEA,481,1,264.18,3010.24,0 117 16 108 35 150 37 72 87 22 187 57 172 95 184 27 89 41 32 94 191 133 161 82 38 140 80 75 168 105 102 158 90 67 169 68 152 0,94 168
PFG_MOEA,481,2,264.18,3010.24,0 3 31 101 25 148 91 6 52 177 149 190 45 122 76 65 193 176 84 151 116 199 171 4 46 18 132 144 30 109 107 156 124 0,122 149
PFG_MOEA,481,3,264.18,3010.24,0 126 36 11 167 182 34 112 180 194 189 197 74 120 142 200 162 17 85 137 173 60 99 9 56 111 179 33 14 155 97 123 47 62 135 77 0,
PFG_MOEA,481,4,264.18,3010.24,0 24 59 2 1 44 7 195 58 100 113 178 86 104 166 66 93 181 53 192 160 43 185 78 175 131 163 183 23 147 49 130 92 40 106 0,
PFG_MOEA,481,5,264.18,3010.24,0 136 20 143 61 69 70 55 196 119 198 98 128 10 8 145 88 174 157 118 170 114 188 138 26 81 71 50 39 0,136
PFG_MOEA,481,6,264.18,3010.24,0 51 48 146 21 115 64 127 73 164 29 42 110 121 28 15 54 13 79 96 134 186 141 103 139 19 159 63 154 125 165 153 12 83 129 5 0,21 96
PFG_MOEA,482,1,274.07,2785.44,0 112 180 182 74 120 142 200 162 56 9 17 85 137 173 60 99 151 116 199 171 4 46 18 132 14 111 144 30 77 175 24 59 2 1 44 7 160 146 48 51 0,4 162 182
PFG_MOEA,482,2,274.07,2785.44,0 167 78 185 66 166 195 58 100 113 178 86 104 181 53 93 43 192 69 70 55 196 119 198 128 98 21 115 0,104
PFG_MOEA,482,3,274.07,2785.44,0 39 50 71 26 8 10 105 102 158 90 168 75 80 140 38 82 161 133 191 41 89 27 184 172 95 94 32 131 88 145 174 157 118 170 114 188 138 81 64 0,80 94
PFG_MOEA,482,4,274.07,2785.44,0 126 20 136 143 5 61 109 36 11 34 84 176 65 76 139 103 87 22 187 57 183 13 79 96 134 186 141 125 16 117 0,
PFG_MOEA,482,5,274.07,2785.44,0 3 73 127 163 23 147 49 130 92 67 169 68 40 106 29 164 42 110 121 28 15 54 45 190 189 72 152 0,
PFG_MOEA,482,6,274.07,2785.44,0 35 108 129 83 6 52 177 149 12 153 165 154 19 159 63 37 194 122 197 193 91 148 25 101 31 150 62 179 33 155 97 123 47 135 107 156 124 0,91 194
PFG_MOEA,483,1,285.8,2514.54,0 124 156 107 135 62 182 167 47 123 97 155 14 132 18 46 4 33 179 111 56 74 120 142 200 162 17 85 137 9 99 60 173 151 116 199 171 144 30 24 59 0,
PFG_MOEA,483,2,285.8,2514.54,0 51 48 192 69 70 55 160 43 93 53 181 104 86 178 113 100 58 195 166 66 185 78 7 44 1 2 77 175 146 0,78
PFG_MOEA,483,3,285.8,2514.54,0 64 163 131 106 40 68 128 198 119 196 98 21 115 39 0,119
PFG_MOEA,483,4,285.8,2514.54,0 138 88 183 95 172 94 32 41 169 67 191 92 130 90 168 75 80 140 38 82 161 133 158 102 105 49 147 23 145 174 157 118 170 114 188 81 0,80 92 105
PFG_MOEA,483,5,285.8,2514.54,0 117 50 71 26 8 10 89 27 184 57 187 22 87 15 54 45 190 139 19 63 108 125 103 141 186 152 134 96 79 13 28 121 110 42 29 164 127 73 3 0,54 108
PFG_MOEA,483,6,285.8,2514.54,0 136 20 143 5 61 109 36 11 34 112 180 31 150 35 16 129 83 6 52 177 149 12 153 159 154 165 101 25 148 91 193 122 194 37 72 189 197 76 65 176 84 126 0,11 35 194
PFG_MOEA,484,1,306.31,2495.58,0 136 20 143 5 61 109 11 36 126 34 112 180 182 167 56 9 137 85 17 162 200 142 120 74 62 135 107 156 124 0,11 126
PFG_MOEA,484,2,306.31,2495.58,0 47 123 97 155 111 179 33 14 132 18 46 4 99 60 173 151 116 199 171 144 30 24 59 1 44 7 2 77 0,99
PFG_MOEA,484,3,306.31,2495.58,0 51 48 146 175 78 185 66 166 195 58 100 113 178 86 104 181 53 93 43 160 192 69 70 55 196 119 198 128 98 21 115 39 64 0,93 181
PFG_MOEA,484,4,306.31,2495.58,0 131 163 106 40 68 95 172 94 32 41 169 67 191 92 130 90 168 75 80 140 38 82 161 133 158 102 105 49 147 23 183 88 145 174 157 118 170 114 188 138 81 26 10 8 50 71 0,80 105
PFG_MOEA,484,5,306.31,2495.58,0 152 83 153 12 149 177 52 6 63 159 19 139 103 190 45 54 15 87 22 187 57 184 27 89 28 121 110 42 29 164 127 73 3 0,149 190
PFG_MOEA,484,6,306.31,2495.58,0 117 13 79 96 134 186 141 125 154 165 129 16 108 35 150 31 101 25 148 91 193 122 194 37 72 189 197 76 65 176 84 0,91 141
PFG_MOEA,485,1,528.52,2327.53,0 124 156 107 126 36 109 11 167 182 34 112 180 176 197 76 65 84 74 120 142 200 162 56 9 17 85 137 173 60 99 151 116 199 30 144 171 4 46 18 132 14 33 179 111 155 97 123 47 62 135 77 2 24 59 1 44 7 195 58 100 113 178 86 104 166 66 181 53 93 160 43 185 78 175 146 192 69 70 55 196 119 198 128 98 21 115 48 51 0,126 182
PFG_MOEA,485,2,528.52,2327.53,0 39 0,39
PFG_MOEA,485,3,528.52,2327.53,0 64 0,
PFG_MOEA,485,4,528.52,2327.53,0 81 71 50 0,
PFG_MOEA,485,5,528.52,2327.53,0 131 163 106 40 130 92 133 161 82 38 140 80 75 168 90 158 102 105 49 147 23 183 88 145 174 157 118 170 10 8 26 114 188 138 0,92 168
PFG_MOEA,485,6,528.52,2327.53,0 136 20 143 61 5 16 108 35 150 31 101 25 148 91 193 122 194 37 72 189 190 45 87 22 187 57 184 27 89 41 169 67 191 32 94 68 95 172 15 54 103 139 19 159 63 6 52 177 149 12 153 83 129 165 154 125 141 186 152 134 96 79 13 28 121 110 42 29 164 127 73 3 117 0,91 141 187
PFG_MOEA,486,1,264.18,3010.24,0 117 16 108 35 150 37 72 87 22 187 57 172 95 184 27 89 41 32 94 191 133 161 82 38 140 80 75 168 105 102 158 90 67 169 68 152 0,94 168
PFG_MOEA,486,2,264.18,3010.24,0 3 31 101 25 148 91 6 52 177 149 190 45 122 76 65 193 176 84 151 116 199 171 4 46 18 132 144 30 109 107 156 124 0,122 149
PFG_MOEA,486,3,264.18,3010.24,0 126 36 11 167 182 34 112 180 194 189 197 74 120 142 200 162 17 85 137 173 60 99 9 56 111 179 33 14 155 97 123 47 62 135 77 0,
PFG_MOEA,486,4,264.18,3010.24,0 24 59 2 1 44 7 195 58 100 113 178 86 104 166 66 93 181 53 192 160 43 185 78 175 131 163 183 23 147 49 130 92 40 106 0,
PFG_MOEA,486,5,264.18,3010.24,0 136 20 143 61 69 70 55 196 119 198 98 128 10 8 145 88 174 157 118 170 114 188 138 26 81 71 50 39 0,136
PFG_MOEA,486,6,264.18,3010.24,0 51 48 146 21 115 64 127 73 164 29 42 110 121 28 15 54 13 79 96 134 186 141 103 139 19 159 63 154 125 165 153 12 83 129 5 0,21 96
PFG_MOEA,487,1,274.07,2785.44,0 112 180 182 74 120 142 200 162 56 9 17 85 137 173 60 99 151 116 199 171 4 46 18 132 14 111 144 30 77 175 24 59 2 1 44 7 160 146 48 51 0,4 162 182
PFG_MOEA,487,2,274.07,2785.44,0 167 78 185 66 166 195 58 100 113 178 86 104 181 53 93 43 192 69 70 55 196 119 198 128 98 21 115 0,104
PFG_MOEA,487,3,274.07,2785.44,0 39 50 71 26 8 10 105 102 158 90 168 75 80 140 38 82 161 133 191 41 89 27 184 172 95 94 32 131 88 145 174 157 118 170 114 188 138 81 64 0,80 94
PFG_MOEA,487,4,274.07,2785.44,0 126 20 136 143 5 61 109 36 11 34 84 176 65 76 139 103 87 22 187 57 183 13 79 96 134 186 141 125 16 117 0,
PFG_MOEA,487,5,274.07,2785.44,0 3 73 127 163 23 147 49 130 92 67 169 68 40 106 29 164 42 110 121 28 15 54 45 190 189 72 152 0,
PFG_MOEA,487,6,274.07,2785.44,0 35 108 129 83 6 52 177 149 12 153 165 154 19 159 63 37 194 122 197 193 91 148 25 101 31 150 62 179 33 155 97 123 47 135 107 156 124 0,91 194
PFG_MOEA,488,1,285.8,2514.54,0 124 156 107 135 62 182 167 47 123 97 155 14 132 18 46 4 33 179 111 56 74 120 142 200 162 17 85 137 9 99 60 173 151 116 199 171 144 30 24 59 0,
PFG_MOEA,488,2,285.8,2514.54,0 51 48 192 69 70 55 160 43 93 53 181 104 86 178 113 100 58 195 166 66 185 78 7 44 1 2 77 175 146 0,78
PFG_MOEA,488,3,285.8,2514.54,0 64 163 131 106 40 68 128 198 119 196 98 21 115 39 0,119
PFG_MOEA,488,4,285.8,2514.54,0 138 88 183 95 172 94 32 41 169 67 191 92 130 90 168 75 80 140 38 82 161 133 158 102 105 49 147 23 145 174 157 118 170 114 188 81 0,80 92 105
PFG_MOEA,488,5,285.8,2514.54,0 117 50 71 26 8 10 89 27 184 57 187 22 87 15 54 45 190 139 19 63 108 125 103 141 186 152 134 96 79 13 28 121 110 42 29 164 127 73 3 0,54 108
PFG_MOEA,488,6,285.8,2514.54,0 136 20 143 5 61 109 36 11 34 112 180 31 150 35 16 129 83 6 52 177 149 12 153 159 154 165 101 25 148 91 193 122 194 37 72 189 197 76 65 176 84 126 0,11 35 194
PFG_MOEA,489,1,306.31,2495.58,0 136 20 143 5 61 109 11 36 126 34 112 180 182 167 56 9 137 85 17 162 200 142 120 74 62 135 107 156 124 0,11 126
PFG_MOEA,489,2,306.31,2495.58,0 47 123 97 155 111 179 33 14 132 18 46 4 99 60 173 151 116 199 171 144 30 24 59 1 44 7 2 77 0,99
PFG_MOEA,489,3,306.31,2495.58,0 51 48 146 175 78 185 66 166 195 58 100 113 178 86 104 181 53 93 43 160 192 69 70 55 196 119 198 128 98 21 115 39 64 0,93 181
PFG_MOEA,489,4,306.31,2495.58,0 131 163 106 40 68 95 172 94 32 41 169 67 191 92 130 90 168 75 80 140 38 82 161 133 158 102 105 49 147 23 183 88 145 174 157 118 170 114 188 138 81 26 10 8 50 71 0,80 105
PFG_MOEA,489,5,306.31,2495.58,0 152 83 153 12 149 177 52 6 63 159 19 139 103 190 45 54 15 87 22 187 57 184 27 89 28 121 110 42 29 164 127 73 3 0,149 190
PFG_MOEA,489,6,306.31,2495.58,0 117 13 79 96 134 186 141 125 154 165 129 16 108 35 150 31 101 25 148 91 193 122 194 37 72 189 197 76 65 176 84 0,91 141
PFG_MOEA,490,1,528.52,2327.53,0 124 156 107 126 36 109 11 167 182 34 112 180 176 197 76 65 84 74 120 142 200 162 56 9 17 85 137 173 60 99 151 116 199 30 144 171 4 46 18 132 14 33 179 111 155 97 123 47 62 135 77 2 24 59 1 44 7 195 58 100 113 178 86 104 166 66 181 53 93 160 43 185 78 175 146 192 69 70 55 196 119 198 128 98 21 115 48 51 0,126 182
PFG_MOEA,490,2,528.52,2327.53,0 39 0,39
PFG_MOEA,490,3,528.52,2327.53,0 64 0,
PFG_MOEA,490,4,528.52,2327.53,0 81 71 50 0,
PFG_MOEA,490,5,528.52,2327.53,0 131 163 106 40 130 92 133 161 82 38 140 80 75 168 90 158 102 105 49 147 23 183 88 145 174 157 118 170 10 8 26 114 188 138 0,92 168
PFG_MOEA,490,6,528.52,2327.53,0 136 20 143 61 5 16 108 35 150 31 101 25 148 91 193 122 194 37 72 189 190 45 87 22 187 57 184 27 89 41 169 67 191 32 94 68 95 172 15 54 103 139 19 159 63 6 52 177 149 12 153 83 129 165 154 125 141 186 152 134 96 79 13 28 121 110 42 29 164 127 73 3 117 0,91 141 187
PFG_MOEA,491,1,264.18,3010.24,0 117 16 108 35 150 37 72 87 22 187 57 172 95 184 27 89 41 32 94 191 133 161 82 38 140 80 75 168 105 102 158 90 67 169 68 152 0,94 168
PFG_MOEA,491,2,264.18,3010.24,0 3 31 101 25 148 91 6 52 177 149 190 45 122 76 65 193 176 84 151 116 199 171 4 46 18 132 144 30 109 107 156 124 0,122 149
PFG_MOEA,491,3,264.18,3010.24,0 126 36 11 167 182 34 112 180 194 189 197 74 120 142 200 162 17 85 137 173 60 99 9 56 111 179 33 14 155 97 123 47 62 135 77 0,
PFG_MOEA,491,4,264.18,3010.24,0 24 59 2 1 44 7 195 58 100 113 178 86 104 166 66 93 181 53 192 160 43 185 78 175 131 163 183 23 147 49 130 92 40 106 0,
PFG_MOEA,491,5,264.18,3010.24,0 136 20 143 61 69 70 55 196 119 198 98 128 10 8 145 88 174 157 118 170 114 188 138 26 81 71 50 39 0,136
PFG_MOEA,491,6,264.18,3010.24,0 51 48 146 21 115 64 127 73 164 29 42 110 121 28 15 54 13 79 96 134 186 141 103 139 19 159 63 154 125 165 153 12 83 129 5 0,21 96
PFG_MOEA,492,1,274.07,2785.44,0 112 180 182 74 120 142 200 162 56 9 17 85 137 173 60 99 151 116 199 171 4 46 18 132 14 111 144 30 77 175 24 59 2 1 44 7 160 146 48 51 0,4 162 182
PFG_MOEA,492,2,274.07,2785.44,0 167 78 185 66 166 195 58 100 113 178 86 104 181 53 93 43 192 69 70 55 196 119 198 128 98 21 115 0,104
PFG_MOEA,492,3,274.07,2785.44,0 39 50 71 26 8 10 105 102 158 90 168 75 80 140 38 82 161 133 191 41 89 27 184 172 95 94 32 131 88 145 174 157 118 170 114 188 138 81 64 0,80 94
PFG_MOEA,492,4,274.07,2785.44,0 126 20 136 143 5 61 109 36 11 34 84 176 65 76 139 103 87 22 187 57 183 13 79 96 134 186 141 125 16 117 0,
PFG_MOEA,492,5,274.07,2785.44,0 3 73 127 163 23 147 49 130 92 67 169 68 40 106 29 164 42 110 121 28 15 54 45 190 189 72 152 0,
PFG_MOEA,492,6,274.07,2785.44,0 35 108 129 83 6 52 177 149 12 153 165 154 19 159 63 37 194 122 197 193 91 148 25 101 31 150 62 179 33 155 97 123 47 135 107 156 124 0,91 194
PFG_MOEA,493,1,285.8,2514.54,0 124 156 107 135 62 182 167 47 123 97 155 14 132 18 46 4 33 179 111 56 74 120 142 200 162 17 85 137 9 99 60 173 151 116 199 171 144 30 24 59 0,
PFG_MOEA,493,2,285.8,2514.54,0 51 48 192 69 70 55 160 43 93 53 181 104 86 178 113 100 58 195 166 66 185 78 7 44 1 2 77 175 146 0,78
PFG_MOEA,493,3,285.8,2514.54,0 64 163 131 106 40 68 128 198 119 196 98 21 115 39 0,119
PFG_MOEA,493,4,285.8,2514.54,0 138 88 183 95 172 94 32 41 169 67 191 92 130 90 168 75 80 140 38 82 161 133 158 102 105 49 147 23 145 174 157 118 170 114 188 81 0,80 92 105
PFG_MOEA,493,5,285.8,2514.54,0 117 50 71 26 8 10 89 27 184 57 187 22 87 15 54 45 190 139 19 63 108 125 103 141 186 152 134 96 79 13 28 121 110 42 29 164 127 73 3 0,54 108
PFG_MOEA,493,6,285.8,2514.54,0 136 20 143 5 61 109 36 11 34 112 180 31 150 35 16 129 83 6 52 177 149 12 153 159 154 165 101 25 148 91 193 122 194 37 72 189 197 76 65 176 84 126 0,11 35 194
PFG_MOEA,494,1,306.31,2495.58,0 136 20 143 5 61 109 11 36 126 34 112 180 182 167 56 9 137 85 17 162 200 142 120 74 62 135 107 156 124 0,11 126
PFG_MOEA,494,2,306.31,2495.58,0 47 123 97 155 111 179 33 14 132 18 46 4 99 60 173 151 116 199 171 144 30 24 59 1 44 7 2 77 0,99
PFG_MOEA,494,3,306.31,2495.58,0 51 48 146 175 78 185 66 166 195 58 100 113 178 86 104 181 53 93 43 160 192 69 70 55 196 119 198 128 98 21 115 39 64 0,93 181
PFG_MOEA,494,4,306.31,2495.58,0 131 163 106 40 68 95 172 94 32 41 169 67 191 92 130 90 168 75 80 140 38 82 161 133 158 102 105 49 147 23 183 88 145 174 157 118 170 114 188 138 81 26 10 8 50 71 0,80 105
PFG_MOEA,494,5,306.31,2495.58,0 152 83 153 12 149 177 52 6 63 159 19 139 103 190 45 54 15 87 22 187 57 184 27 89 28 121 110 42 29 164 127 73 3 0,149 190
PFG_MOEA,494,6,306.31,2495.58,0 117 13 79 96 134 186 141 125 154 165 129 16 108 35 150 31 101 25 148 91 193 122 194 37 72 189 197 76 65 176 84 0,91 141
PFG_MOEA,495,1,528.52,2327.53,0 124 156 107 126 36 109 11 167 182 34 112 180 176 197 76 65 84 74 120 142 200 162 56 9 17 85 137 173 60 99 151 116 199 30 144 171 4 46 18 132 14 33 179 111 155 97 123 47 62 135 77 2 24 59 1 44 7 195 58 100 113 178 86 104 166 66 181 53 93 160 43 185 78 175 146 192 69 70 55 196 119 198 128 98 21 115 48 51 0,126 182
PFG_MOEA,495,2,528.52,2327.53,0 39 0,39
PFG_MOEA,495,3,528.52,2327.53,0 64 0,
PFG_MOEA,495,4,528.52,2327.53,0 81 71 50 0,
PFG_MOEA,495,5,528.52,2327.53,0 131 163 106 40 130 92 133 161 82 38 140 80 75 168 90 158 102 105 49 147 23 183 88 145 174 157 118 170 10 8 26 114 188 138 0,92 168
PFG_MOEA,495,6,528.52,2327.53,0 136 20 143 61 5 16 108 35 150 31 101 25 148 91 193 122 194 37 72 189 190 45 87 22 187 57 184 27 89 41 169 67 191 32 94 68 95 172 15 54 103 139 19 159 63 6 52 177 149 12 153 83 129 165 154 125 141 186 152 134 96 79 13 28 121 110 42 29 164 127 73 3 117 0,91 141 187
PFG_MOEA,496,1,264.18,3010.24,0 117 16 108 35 150 37 72 87 22 187 57 172 95 184 27 89 41 32 94 191 133 161 82 38 140 80 75 168 105 102 158 90 67 169 68 152 0,94 168
PFG_MOEA,496,2,264.18,3010.24,0 3 31 101 25 148 91 6 52 177 149 190 45 122 76 65 193 176 84 151 116 199 171 4 46 18 132 144 30 109 107 156 124 0,122 149
PFG_MOEA,496,3,264.18,3010.24,0 126 36 11 167 182 34 112 180 194 189 197 74 120 142 200 162 17 85 137 173 60 99 9 56 111 179 33 14 155 97 123 47 62 135 77 0,
PFG_MOEA,496,4,264.18,3010.24,0 24 59 2 1 44 7 195 58 100 113 178 86 104 166 66 93 181 53 192 160 43 185 78 175 131 163 183 23 147 49 130 92 40 106 0,
PFG_MOEA,496,5,264.18,3010.24,0 136 20 143 61 69 70 55 196 119 198 98 128 10 8 145 88 174 157 118 170 114 188 138 26 81 71 50 39 0,136
PFG_MOEA,496,6,264.18,3010.24,0 51 48 146 21 115 64 127 73 164 29 42 110 121 28 15 54 13 79 96 134 186 141 103 139 19 159 63 154 125 165 153 12 83 129 5 0,21 96
PFG_MOEA,497,1,274.07,2785.44,0 112 180 182 74 120 142 200 162 56 9 17 85 137 173 60 99 151 116 199 171 4 46 18 132 14 111 144 30 77 175 24 59 2 1 44 7 160 146 48 51 0,4 162 182
PFG_MOEA,497,2,274.07,2785.44,0 167 78 185 66 166 195 58 100 113 178 86 104 181 53 93 43 192 69 70 55 196 119 198 128 98 21 115 0,104
PFG_MOEA,497,3,274.07,2785.44,0 39 50 71 26 8 10 105 102 158 90 168 75 80 140 38 82 161 133 191 41 89 27 184 172 95 94 32 131 88 145 174 157 118 170 114 188 138 81 64 0,80 94
PFG_MOEA,497,4,274.07,2785.44,0 126 20 136 143 5 61 109 36 11 34 84 176 65 76 139 103 87 22 187 57 183 13 79 96 134 186 141 125 16 117 0,
PFG_MOEA,497,5,274.07,2785.44,0 3 73 127 163 23 147 49 130 92 67 169 68 40 106 29 164 42 110 121 28 15 54 45 190 189 72 152 0,
PFG_MOEA,497,6,274.07,2785.44,0 35 108 129 83 6 52 177 149 12 153 165 154 19 159 63 37 194 122 197 193 91 148 25 101 31 150 62 179 33 155 97 123 47 135 107 156 124 0,91 194
PFG_MOEA,498,1,285.8,2514.54,0 124 156 107 135 62 182 167 47 123 97 155 14 132 18 46 4 33 179 111 56 74 120 142 200 162 17 85 137 9 99 60 173 151 116 199 171 144 30 24 59 0,
PFG_MOEA,498,2,285.8,2514.54,0 51 48 192 69 70 55 160 43 93 53 181 104 86 178 113 100 58 195 166 66 185 78 7 44 1 2 77 175 146 0,78
PFG_MOEA,498,3,285.8,2514.54,0 64 163 131 106 40 68 128 198 119 196 98 21 115 39 0,119
PFG_MOEA,498,4,285.8,2514.54,0 138 88 183 95 172 94 32 41 169 67 191 92 130 90 168 75 80 140 38 82 161 133 158 102 105 49 147 23 145 174 157 118 170 114 188 81 0,80 92 105
PFG_MOEA,498,5,285.8,2514.54,0 117 50 71 26 8 10 89 27 184 57 187 22 87 15 54 45 190 139 19 63 108 125 103 141 186 152 134 96 79 13 28 121 110 42 29 164 127 73 3 0,54 108
PFG_MOEA,498,6,285.8,2514.54,0 136 20 143 5 61 109 36 11 34 112 180 31 150 35 16 129 83 6 52 177 149 12 153 159 154 165 101 25 148 91 193 122 194 37 72 189 197 76 65 176 84 126 0,11 35 194
PFG_MOEA,499,1,306.31,2495.58,0 136 20 143 5 61 109 11 36 126 34 112 180 182 167 56 9 137 85 17 162 200 142 120 74 62 135 107 156 124 0,11 126
PFG_MOEA,499,2,306.31,2495.58,0 47 123 97 155 111 179 33 14 132 18 46 4 99 60 173 151 116 199 171 144 30 24 59 1 44 7 2 77 0,99
PFG_MOEA,499,3,306.31,2495.58,0 51 48 146 175 78 185 66 166 195 58 100 113 178 86 104 181 53 93 43 160 192 69 70 55 196 119 198 128 98 21 115 39 64 0,93 181
PFG_MOEA,499,4,306.31,2495.58,0 131 163 106 40 68 95 172 94 32 41 169 67 191 92 130 90 168 75 80 140 38 82 161 133 158 102 105 49 147 23 183 88 145 174 157 118 170 114 188 138 81 26 10 8 50 71 0,80 105
PFG_MOEA,499,5,306.31,2495.58,0 152 83 153 12 149 177 52 6 63 159 19 139 103 190 45 54 15 87 22 187 57 184 27 89 28 121 110 42 29 164 127 73 3 0,149 190
PFG_MOEA,499,6,306.31,2495.58,0 117 13 79 96 134 186 141 125 154 165 129 16 108 35 150 31 101 25 148 91 193 122 194 37 72 189 197 76 65 176 84 0,91 141
PFG_MOEA,500,1,528.52,2327.53,0 124 156 107 126 36 109 11 167 182 34 112 180 176 197 76 65 84 74 120 142 200 162 56 9 17 85 137 173 60 99 151 116 199 30 144 171 4 46 18 132 14 33 179 111 155 97 123 47 62 135 77 2 24 59 1 44 7 195 58 100 113 178 86 104 166 66 181 53 93 160 43 185 78 175 146 192 69 70 55 196 119 198 128 98 21 115 48 51 0,126 182
PFG_MOEA,500,2,528.52,2327.53,0 39 0,39
PFG_MOEA,500,3,528.52,2327.53,0 64 0,
PFG_MOEA,500,4,528.52,2327.53,0 81 71 50 0,
PFG_MOEA,500,5,528.52,2327.53,0 131 163 106 40 130 92 133 161 82 38 140 80 75 168 90 158 102 105 49 147 23 183 88 145 174 157 118 170 10 8 26 114 188 138 0,92 168
PFG_MOEA,500,6,528.52,2327.53,0 136 20 143 61 5 16 108 35 150 31 101 25 148 91 193 122 194 37 72 189 190 45 87 22 187 57 184 27 89 41 169 67 191 32 94 68 95 172 15 54 103 139 19 159 63 6 52 177 149 12 153 83 129 165 154 125 141 186 152 134 96 79 13 28 121 110 42 29 164 127 73 3 117 0,91 141 187
PFG_MOEA,501,1,264.18,3010.24,0 117 16 108 35 150 37 72 87 22 187 57 172 95 184 27 89 41 32 94 191 133 161 82 38 140 80 75 168 105 102 158 90 67 169 68 152 0,94 168
PFG_MOEA,501,2,264.18,3010.24,0 3 31 101 25 148 91 6 52 177 149 190 45 122 76 65 193 176 84 151 116 199 171 4 46 18 132 144 30 109 107 156 124 0,122 149
PFG_MOEA,501,3,264.18,3010.24,0 126 36 11 167 182 34 112 180 194 189 197 74 120 142 200 162 17 85 137 173 60 99 9 56 111 179 33 14 155 97 123 47 62 135 77 0,
PFG_MOEA,501,4,264.18,3010.24,0 24 59 2 1 44 7 195 58 100 113 178 86 104 166 66 93 181 53 192 160 43 185 78 175 131 163 183 23 147 49 130 92 40 106 0,
PFG_MOEA,501,5,264.18,3010.24,0 136 20 143 61 69 70 55 196 119 198 98 128 10 8 145 88 174 157 118 170 114 188 138 26 81 71 50 39 0,136
PFG_MOEA,501,6,264.18,3010.24,0 51 48 146 21 115 64 127 73 164 29 42 110 121 28 15 54 13 79 96 134 186 141 103 139 19 159 63 154 125 165 153 12 83 129 5 0,21 96
PFG_MOEA,502,1,274.07,2785.44,0 112 180 182 74 120 142 200 162 56 9 17 85 137 173 60 99 151 116 199 171 4 46 18 132 14 111 144 30 77 175 24 59 2 1 44 7 160 146 48 51 0,4 162 182
PFG_MOEA,502,2,274.07,2785.44,0 167 78 185 66 166 195 58 100 113 178 86 104 181 53 93 43 192 69 70 55 196 119 198 128 98 21 115 0,104
PFG_MOEA,502,3,274.07,2785.44,0 39 50 71 26 8 10 105 102 158 90 168 75 80 140 38 82 161 133 191 41 89 27 184 172 95 94 32 131 88 145 174 157 118 170 114 188 138 81 64 0,80 94
PFG_MOEA,502,4,274.07,2785.44,0 126 20 136 143 5 61 109 36 11 34 84 176 65 76 139 103 87 22 187 57 183 13 79 96 134 186 141 125 16 117 0,
PFG_MOEA,502,5,274.07,2785.44,0 3 73 127 163 23 147 49 130 92 67 169 68 40 106 29 164 42 110 121 28 15 54 45 190 189 72 152 0,
PFG_MOEA,502,6,274.07,2785.44,0 35 108 129 83 6 52 177 149 12 153 165 154 19 159 63 37 194 122 197 193 91 148 25 101 31 150 62 179 33 155 97 123 47 135 107 156 124 0,91 194
PFG_MOEA,503,1,285.8,2514.54,0 124 156 107 135 62 182 167 47 123 97 155 14 132 18 46 4 33 179 111 56 74 120 142 200 162 17 85 137 9 99 60 173 151 116 199 171 144 30 24 59 0,
PFG_MOEA,503,2,285.8,2514.54,0 51 48 192 69 70 55 160 43 93 53 181 104 86 178 113 100 58 195 166 66 185 78 7 44 1 2 77 175 146 0,78
PFG_MOEA,503,3,285.8,2514.54,0 64 163 131 106 40 68 128 198 119 196 98 21 115 39 0,119
PFG_MOEA,503,4,285.8,2514.54,0 138 88 183 95 172 94 32 41 169 67 191 92 130 90 168 75 80 140 38 82 161 133 158 102 105 49 147 23 145 174 157 118 170 114 188 81 0,80 92 105
PFG_MOEA,503,5,285.8,2514.54,0 117 50 71 26 8 10 89 27 184 57 187 22 87 15 54 45 190 139 19 63 108 125 103 141 186 152 134 96 79 13 28 121 110 42 29 164 127 73 3 0,54 108
PFG_MOEA,503,6,285.8,2514.54,0 136 20 143 5 61 109 36 11 34 112 180 31 150 35 16 129 83 6 52 177 149 12 153 159 154 165 101 25 148 91 193 122 194 37 72 189 197 76 65 176 84 126 0,11 35 194
PFG_MOEA,504,1,306.31,2495.58,0 136 20 143 5 61 109 11 36 126 34 112 180 182 167 56 9 137 85 17 162 200 142 120 74 62 135 107 156 124 0,11 126
PFG_MOEA,504,2,306.31,2495.58,0 47 123 97 155 111 179 33 14 132 18 46 4 99 60 173 151 116 199 171 144 30 24 59 1 44 7 2 77 0,99
PFG_MOEA,504,3,306.31,2495.58,0 51 48 146 175 78 185 66 166 195 58 100 113 178 86 104 181 53 93 43 160 192 69 70 55 196 119 198 128 98 21 115 39 64 0,93 181
PFG_MOEA,504,4,306.31,2495.58,0 131 163 106 40 68 95 172 94 32 41 169 67 191 92 130 90 168 75 80 140 38 82 161 133 158 102 105 49 147 23 183 88 145 174 157 118 170 114 188 138 81 26 10 8 50 71 0,80 105
PFG_MOEA,504,5,306.31,2495.58,0 152 83 153 12 149 177 52 6 63 159 19 139 103 190 45 54 15 87 22 187 57 184 27 89 28 121 110 42 29 164 127 73 3 0,149 190
PFG_MOEA,504,6,306.31,2495.58,0 117 13 79 96 134 186 141 125 154 165 129 16 108 35 150 31 101 25 148 91 193 122 194 37 72 189 197 76 65 176 84 0,91 141
PFG_MOEA,505,1,528.52,2327.53,0 124 156 107 126 36 109 11 167 182 34 112 180 176 197 76 65 84 74 120 142 200 162 56 9 17 85 137 173 60 99 151 116 199 30 144 171 4 46 18 132 14 33 179 111 155 97 123 47 62 135 77 2 24 59 1 44 7 195 58 100 113 178 86 104 166 66 181 53 93 160 43 185 78 175 146 192 69 70 55 196 119 198 128 98 21 115 48 51 0,126 182
PFG_MOEA,505,2,528.52,2327.53,0 39 0,39
PFG_MOEA,505,3,528.52,2327.53,0 64 0,
PFG_MOEA,505,4,528.52,2327.53,0 81 71 50 0,
PFG_MOEA,505,5,528.52,2327.53,0 131 163 106 40 130 92 133 161 82 38 140 80 75 168 90 158 102 105 49 147 23 183 88 145 174 157 118 170 10 8 26 114 188 138 0,92 168
PFG_MOEA,505,6,528.52,2327.53,0 136 20 143 61 5 16 108 35 150 31 101 25 148 91 193 122 194 37 72 189 190 45 87 22 187 57 184 27 89 41 169 67 191 32 94 68 95 172 15 54 103 139 19 159 63 6 52 177 149 12 153 83 129 165 154 125 141 186 152 134 96 79 13 28 121 110 42 29 164 127 73 3 117 0,91 141 187
PFG_MOEA,506,1,264.18,3010.24,0 117 16 108 35 150 37 72 87 22 187 57 172 95 184 27 89 41 32 94 191 133 161 82 38 140 80 75 168 105 102 158 90 67 169 68 152 0,94 168
PFG_MOEA,506,2,264.18,3010.24,0 3 31 101 25 148 91 6 52 177 149 190 45 122 76 65 193 176 84 151 116 199 171 4 46 18 132 144 30 109 107 156 124 0,122 149
PFG_MOEA,506,3,264.18,3010.24,0 126 36 11 167 182 34 112 180 194 189 197 74 120 142 200 162 17 85 137 173 60 99 9 56 111 179 33 14 155 97 123 47 62 135 77 0,
PFG_MOEA,506,4,264.18,3010.24,0 24 59 2 1 44 7 195 58 100 113 178 86 104 166 66 93 181 53 192 160 43 185 78 175 131 163 183 23 147 49 130 92 40 106 0,
PFG_MOEA,506,5,264.18,3010.24,0 136 20 143 61 69 70 55 196 119 198 98 128 10 8 145 88 174 157 118 170 114 188 138 26 81 71 50 39 0,136
PFG_MOEA,506,6,264.18,3010.24,0 51 48 146 21 115 64 127 73 164 29 42 110 121 28 15 54 13 79 96 134 186 141 103 139 19 159 63 154 125 165 153 12 83 129 5 0,21 96
PFG_MOEA,507,1,274.07,2785.44,0 112 180 182 74 120 142 200 162 56 9 17 85 137 173 60 99 151 116 199 171 4 46 18 132 14 111 144 30 77 175 24 59 2 1 44 7 160 146 48 51 0,4 162 182
PFG_MOEA,507,2,274.07,2785.44,0 167 78 185 66 166 195 58 100 113 178 86 104 181 53 93 43 192 69 70 55 196 119 198 128 98 21 115 0,104
PFG_MOEA,507,3,274.07,2785.44,0 39 50 71 26 8 10 105 102 158 90 168 75 80 140 38 82 161 133 191 41 89 27 184 172 95 94 32 131 88 145 174 157 118 170 114 188 138 81 64 0,80 94
PFG_MOEA,507,4,274.07,2785.44,0 126 20 136 143 5 61 109 36 11 34 84 176 65 76 139 103 87 22 187 57 183 13 79 96 134 186 141 125 16 117 0,
PFG_MOEA,507,5,274.07,2785.44,0 3 73 127 163 23 147 49 130 92 67 169 68 40 106 29 164 42 110 121 28 15 54 45 190 189 72 152 0,
PFG_MOEA,507,6,274.07,2785.44,0 35 108 129 83 6 52 177 149 12 153 165 154 19 159 63 37 194 122 197 193 91 148 25 101 31 150 62 179 33 155 97 123 47 135 107 156 124 0,91 194
PFG_MOEA,508,1,285.8,2514.54,0 124 156 107 135 62 182 167 47 123 97 155 14 132 18 46 4 33 179 111 56 74 120 142 200 162 17 85 137 9 99 60 173 151 116 199 171 144 30 24 59 0,
PFG_MOEA,508,2,285.8,2514.54,0 51 48 192 69 70 55 160 43 93 53 181 104 86 178 113 100 58 195 166 66 185 78 7 44 1 2 77 175 146 0,78
PFG_MOEA,508,3,285.8,2514.54,0 64 163 131 106 40 68 128 198 119 196 98 21 115 39 0,119
PFG_MOEA,508,4,285.8,2514.54,0 138 88 183 95 172 94 32 41 169 67 191 92 130 90 168 75 80 140 38 82 161 133 158 102 105 49 147 23 145 174 157 118 170 114 188 81 0,80 92 105
PFG_MOEA,508,5,285.8,2514.54,0 117 50 71 26 8 10 89 27 184 57 187 22 87 15 54 45 190 139 19 63 108 125 103 141 186 152 134 96 79 13 28 121 110 42 29 164 127 73 3 0,54 108
PFG_MOEA,508,6,285.8,2514.54,0 136 20 143 5 61 109 36 11 34 112 180 31 150 35 16 129 83 6 52 177 149 12 153 159 154 165 101 25 148 91 193 122 194 37 72 189 197 76 65 176 84 126 0,11 35 194
PFG_MOEA,509,1,306.31,2495.58,0 136 20 143 5 61 109 11 36 126 34 112 180 182 167 56 9 137 85 17 162 200 142 120 74 62 135 107 156 124 0,11 126
PFG_MOEA,509,2,306.31,2495.58,0 47 123 97 155 111 179 33 14 132 18 46 4 99 60 173 151 116 199 171 144 30 24 59 1 44 7 2 77 0,99
PFG_MOEA,509,3,306.31,2495.58,0 51 48 146 175 78 185 66 166 195 58 100 113 178 86 104 181 53 93 43 160 192 69 70 55 196 119 198 128 98 21 115 39 64 0,93 181
PFG_MOEA,509,4,306.31,2495.58,0 131 163 106 40 68 95 172 94 32 41 169 67 191 92 130 90 168 75 80 140 38 82 161 133 158 102 105 49 147 23 183 88 145 174 157 118 170 114 188 138 81 26 10 8 50 71 0,80 105
PFG_MOEA,509,5,306.31,2495.58,0 152 83 153 12 149 177 52 6 63 159 19 139 103 190 45 54 15 87 22 187 57 184 27 89 28 121 110 42 29 164 127 73 3 0,149 190
PFG_MOEA,509,6,306.31,2495.58,0 117 13 79 96 134 186 141 125 154 165 129 16 108 35 150 31 101 25 148 91 193 122 194 37 72 189 197 76 65 176 84 0,91 141
PFG_MOEA,510,1,528.52,2327.53,0 124 156 107 126 36 109 11 167 182 34 112 180 176 197 76 65 84 74 120 142 200 162 56 9 17 85 137 173 60 99 151 116 199 30 144 171 4 46 18 132 14 33 179 111 155 97 123 47 62 135 77 2 24 59 1 44 7 195 58 100 113 178 86 104 166 66 181 53 93 160 43 185 78 175 146 192 69 70 55 196 119 198 128 98 21 115 48 51 0,126 182
PFG_MOEA,510,2,528.52,2327.53,0 39 0,39
PFG_MOEA,510,3,528.52,2327.53,0 64 0,
PFG_MOEA,510,4,528.52,2327.53,0 81 71 50 0,
PFG_MOEA,510,5,528.52,2327.53,0 131 163 106 40 130 92 133 161 82 38 140 80 75 168 90 158 102 105 49 147 23 183 88 145 174 157 118 170 10 8 26 114 188 138 0,92 168
PFG_MOEA,510,6,528.52,2327.53,0 136 20 143 61 5 16 108 35 150 31 101 25 148 91 193 122 194 37 72 189 190 45 87 22 187 57 184 27 89 41 169 67 191 32 94 68 95 172 15 54 103 139 19 159 63 6 52 177 149 12 153 83 129 165 154 125 141 186 152 134 96 79 13 28 121 110 42 29 164 127 73 3 117 0,91 141 187
PFG_MOEA,511,1,264.18,3010.24,0 117 16 108 35 150 37 72 87 22 187 57 172 95 184 27 89 41 32 94 191 133 161 82 38 140 80 75 168 105 102 158 90 67 169 68 152 0,94 168
PFG_MOEA,511,2,264.18,3010.24,0 3 31 101 25 148 91 6 52 177 149 190 45 122 76 65 193 176 84 151 116 199 171 4 46 18 132 144 30 109 107 156 124 0,122 149
PFG_MOEA,511,3,264.18,3010.24,0 126 36 11 167 182 34 112 180 194 189 197 74 120 142 200 162 17 85 137 173 60 99 9 56 111 179 33 14 155 97 123 47 62 135 77 0,
PFG_MOEA,511,4,264.18,3010.24,0 24 59 2 1 44 7 195 58 100 113 178 86 104 166 66 93 181 53 192 160 43 185 78 175 131 163 183 23 147 49 130 92 40 106 0,
PFG_MOEA,511,5,264.18,3010.24,0 136 20 143 61 69 70 55 196 119 198 98 128 10 8 145 88 174 157 118 170 114 188 138 26 81 71 50 39 0,136
PFG_MOEA,511,6,264.18,3010.24,0 51 48 146 21 115 64 127 73 164 29 42 110 121 28 15 54 13 79 96 134 186 141 103 139 19 159 63 154 125 165 153 12 83 129 5 0,21 96
PFG_MOEA,512,1,274.07,2785.44,0 112 180 182 74 120 142 200 162 56 9 17 85 137 173 60 99 151 116 199 171 4 46 18 132 14 111 144 30 77 175 24 59 2 1 44 7 160 146 48 51 0,4 162 182
PFG_MOEA,512,2,274.07,2785.44,0 167 78 185 66 166 195 58 100 113 178 86 104 181 53 93 43 192 69 70 55 196 119 198 128 98 21 115 0,104
PFG_MOEA,512,3,274.07,2785.44,0 39 50 71 26 8 10 105 102 158 90 168 75 80 140 38 82 161 133 191 41 89 27 184 172 95 94 32 131 88 145 174 157 118 170 114 188 138 81 64 0,80 94
PFG_MOEA,512,4,274.07,2785.44,0 126 20 136 143 5 61 109 36 11 34 84 176 65 76 139 103 87 22 187 57 183 13 79 96 134 186 141 125 16 117 0,
PFG_MOEA,512,5,274.07,2785.44,0 3 73 127 163 23 147 49 130 92 67 169 68 40 106 29 164 42 110 121 28 15 54 45 190 189 72 152 0,
PFG_MOEA,512,6,274.07,2785.44,0 35 108 129 83 6 52 177 149 12 153 165 154 19 159 63 37 194 122 197 193 91 148 25 101 31 150 62 179 33 155 97 123 47 135 107 156 124 0,91 194
PFG_MOEA,513,1,285.8,2514.54,0 124 156 107 135 62 182 167 47 123 97 155 14 132 18 46 4 33 179 111 56 74 120 142 200 162 17 85 137 9 99 60 173 151 116 199 171 144 30 24 59 0,
PFG_MOEA,513,2,285.8,2514.54,0 51 48 192 69 70 55 160 43 93 53 181 104 86 178 113 100 58 195 166 66 185 78 7 44 1 2 77 175 146 0,78
PFG_MOEA,513,3,285.8,2514.54,0 64 163 131 106 40 68 128 198 119 196 98 21 115 39 0,119
PFG_MOEA,513,4,285.8,2514.54,0 138 88 183 95 172 94 32 41 169 67 191 92 130 90 168 75 80 140 38 82 161 133 158 102 105 49 147 23 145 174 157 118 170 114 188 81 0,80 92 105
PFG_MOEA,513,5,285.8,2514.54,0 117 50 71 26 8 10 89 27 184 57 187 22 87 15 54 45 190 139 19 63 108 125 103 141 186 152 134 96 79 13 28 121 110 42 29 164 127 73 3 0,54 108
PFG_MOEA,513,6,285.8,2514.54,0 136 20 143 5 61 109 36 11 34 112 180 31 150 35 16 129 83 6 52 177 149 12 153 159 154 165 101 25 148 91 193 122 194 37 72 189 197 76 65 176 84 126 0,11 35 194
PFG_MOEA,514,1,306.31,2495.58,0 136 20 143 5 61 109 11 36 126 34 112 180 182 167 56 9 137 85 17 162 200 142 120 74 62 135 107 156 124 0,11 126
PFG_MOEA,514,2,306.31,2495.58,0 47 123 97 155 111 179 33 14 132 18 46 4 99 60 173 151 116 199 171 144 30 24 59 1 44 7 2 77 0,99
PFG_MOEA,514,3,306.31,2495.58,0 51 48 146 175 78 185 66 166 195 58 100 113 178 86 104 181 53 93 43 160 192 69 70 55 196 119 198 128 98 21 115 39 64 0,93 181
PFG_MOEA,514,4,306.31,2495.58,0 131 163 106 40 68 95 172 94 32 41 169 67 191 92 130 90 168 75 80 140 38 82 161 133 158 102 105 49 147 23 183 88 145 174 157 118 170 114 188 138 81 26 10 8 50 71 0,80 105
PFG_MOEA,514,5,306.31,2495.58,0 152 83 153 12 149 177 52 6 63 159 19 139 103 190 45 54 15 87 22 187 57 184 27 89 28 121 110 42 29 164 127 73 3 0,149 190
PFG_MOEA,514,6,306.31,2495.58,0 117 13 79 96 134 186 141 125 154 165 129 16 108 35 150 31 101 25 148 91 193 122 194 37 72 189 197 76 65 176 84 0,91 141
PFG_MOEA,515,1,528.52,2327.53,0 124 156 107 126 36 109 11 167 182 34 112 180 176 197 76 65 84 74 120 142 200 162 56 9 17 85 137 173 60 99 151 116 199 30 144 171 4 46 18 132 14 33 179 111 155 97 123 47 62 135 77 2 24 59 1 44 7 195 58 100 113 178 86 104 166 66 181 53 93 160 43 185 78 175 146 192 69 70 55 196 119 198 128 98 21 115 48 51 0,126 182
PFG_MOEA,515,2,528.52,2327.53,0 39 0,39
PFG_MOEA,515,3,528.52,2327.53,0 64 0,
PFG_MOEA,515,4,528.52,2327.53,0 81 71 50 0,
PFG_MOEA,515,5,528.52,2327.53,0 131 163 106 40 130 92 133 161 82 38 140 80 75 168 90 158 102 105 49 147 23 183 88 145 174 157 118 170 10 8 26 114 188 138 0,92 168
PFG_MOEA,515,6,528.52,2327.53,0 136 20 143 61 5 16 108 35 150 31 101 25 148 91 193 122 194 37 72 189 190 45 87 22 187 57 184 27 89 41 169 67 191 32 94 68 95 172 15 54 103 139 19 159 63 6 52 177 149 12 153 83 129 165 154 125 141 186 152 134 96 79 13 28 121 110 42 29 164 127 73 3 117 0,91 141 187
PFG_MOEA,516,1,264.18,3010.24,0 117 16 108 35 150 37 72 87 22 187 57 172 95 184 27 89 41 32 94 191 133 161 82 38 140 80 75 168 105 102 158 90 67 169 68 152 0,94 168
PFG_MOEA,516,2,264.18,3010.24,0 3 31 101 25 148 91 6 52 177 149 190 45 122 76 65 193 176 84 151 116 199 171 4 46 18 132 144 30 109 107 156 124 0,122 149
PFG_MOEA,516,3,264.18,3010.24,0 126 36 11 167 182 34 112 180 194 189 197 74 120 142 200 162 17 85 137 173 60 99 9 56 111 179 33 14 155 97 123 47 62 135 77 0,
PFG_MOEA,516,4,264.18,3010.24,0 24 59 2 1 44 7 195 58 100 113 178 86 104 166 66 93 181 53 192 160 43 185 78 175 131 163 183 23 147 49 130 92 40 106 0,
PFG_MOEA,516,5,264.18,3010.24,0 136 20 143 61 69 70 55 196 119 198 98 128 10 8 145 88 174 157 118 170 114 188 138 26 81 71 50 39 0,136
PFG_MOEA,516,6,264.18,3010.24,0 51 48 146 21 115 64 127 73 164 29 42 110 121 28 15 54 13 79 96 134 186 141 103 139 19 159 63 154 125 165 153 12 83 129 5 0,21 96
PFG_MOEA,517,1,274.07,2785.44,0 112 180 182 74 120 142 200 162 56 9 17 85 137 173 60 99 151 116 199 171 4 46 18 132 14 111 144 30 77 175 24 59 2 1 44 7 160 146 48 51 0,4 162 182
PFG_MOEA,517,2,274.07,2785.44,0 167 78 185 66 166 195 58 100 113 178 86 104 181 53 93 43 192 69 70 55 196 119 198 128 98 21 115 0,104
PFG_MOEA,517,3,274.07,2785.44,0 39 50 71 26 8 10 105 102 158 90 168 75 80 140 38 82 161 133 191 41 89 27 184 172 95 94 32 131 88 145 174 157 118 170 114 188 138 81 64 0,80 94
PFG_MOEA,517,4,274.07,2785.44,0 126 20 136 143 5 61 109 36 11 34 84 176 65 76 139 103 87 22 187 57 183 13 79 96 134 186 141 125 16 117 0,
PFG_MOEA,517,5,274.07,2785.44,0 3 73 127 163 23 147 49 130 92 67 169 68 40 106 29 164 42 110 121 28 15 54 45 190 189 72 152 0,
PFG_MOEA,517,6,274.07,2785.44,0 35 108 129 83 6 52 177 149 12 153 165 154 19 159 63 37 194 122 197 193 91 148 25 101 31 150 62 179 33 155 97 123 47 135 107 156 124 0,91 194
PFG_MOEA,518,1,285.8,2514.54,0 124 156 107 135 62 182 167 47 123 97 155 14 132 18 46 4 33 179 111 56 74 120 142 200 162 17 85 137 9 99 60 173 151 116 199 171 144 30 24 59 0,
PFG_MOEA,518,2,285.8,2514.54,0 51 48 192 69 70 55 160 43 93 53 181 104 86 178 113 100 58 195 166 66 185 78 7 44 1 2 77 175 146 0,78
PFG_MOEA,518,3,285.8,2514.54,0 64 163 131 106 40 68 128 198 119 196 98 21 115 39 0,119
PFG_MOEA,518,4,285.8,2514.54,0 138 88 183 95 172 94 32 41 169 67 191 92 130 90 168 75 80 140 38 82 161 133 158 102 105 49 147 23 145 174 157 118 170 114 188 81 0,80 92 105
PFG_MOEA,518,5,285.8,2514.54,0 117 50 71 26 8 10 89 27 184 57 187 22 87 15 54 45 190 139 19 63 108 125 103 141 186 152 134 96 79 13 28 121 110 42 29 164 127 73 3 0,54 108
PFG_MOEA,518,6,285.8,2514.54,0 136 20 143 5 61 109 36 11 34 112 180 31 150 35 16 129 83 6 52 177 149 12 153 159 154 165 101 25 148 91 193 122 194 37 72 189 197 76 65 176 84 126 0,11 35 194
PFG_MOEA,519,1,306.31,2495.58,0 136 20 143 5 61 109 11 36 126 34 112 180 182 167 56 9 137 85 17 162 200 142 120 74 62 135 107 156 124 0,11 126
PFG_MOEA,519,2,306.31,2495.58,0 47 123 97 155 111 179 33 14 132 18 46 4 99 60 173 151 116 199 171 144 30 24 59 1 44 7 2 77 0,99
PFG_MOEA,519,3,306.31,2495.58,0 51 48 146 175 78 185 66 166 195 58 100 113 178 86 104 181 53 93 43 160 192 69 70 55 196 119 198 128 98 21 115 39 64 0,93 181
PFG_MOEA,519,4,306.31,2495.58,0 131 163 106 40 68 95 172 94 32 41 169 67 191 92 130 90 168 75 80 140 38 82 161 133 158 102 105 49 147 23 183 88 145 174 157 118 170 114 188 138 81 26 10 8 50 71 0,80 105
PFG_MOEA,519,5,306.31,2495.58,0 152 83 153 12 149 177 52 6 63 159 19 139 103 190 45 54 15 87 22 187 57 184 27 89 28 121 110 42 29 164 127 73 3 0,149 190
PFG_MOEA,519,6,306.31,2495.58,0 117 13 79 96 134 186 141 125 154 165 129 16 108 35 150 31 101 25 148 91 193 122 194 37 72 189 197 76 65 176 84 0,91 141
PFG_MOEA,520,1,528.52,2327.53,0 124 156 107 126 36 109 11 167 182 34 112 180 176 197 76 65 84 74 120 142 200 162 56 9 17 85 137 173 60 99 151 116 199 30 144 171 4 46 18 132 14 33 179 111 155 97 123 47 62 135 77 2 24 59 1 44 7 195 58 100 113 178 86 104 166 66 181 53 93 160 43 185 78 175 146 192 69 70 55 196 119 198 128 98 21 115 48 51 0,126 182
PFG_MOEA,520,2,528.52,2327.53,0 39 0,39
PFG_MOEA,520,3,528.52,2327.53,0 64 0,
PFG_MOEA,520,4,528.52,2327.53,0 81 71 50 0,
PFG_MOEA,520,5,528.52,2327.53,0 131 163 106 40 130 92 133 161 82 38 140 80 75 168 90 158 102 105 49 147 23 183 88 145 174 157 118 170 10 8 26 114 188 138 0,92 168
PFG_MOEA,520,6,528.52,2327.53,0 136 20 143 61 5 16 108 35 150 31 101 25 148 91 193 122 194 37 72 189 190 45 87 22 187 57 184 27 89 41 169 67 191 32 94 68 95 172 15 54 103 139 19 159 63 6 52 177 149 12 153 83 129 165 154 125 141 186 152 134 96 79 13 28 121 110 42 29 164 127 73 3 117 0,91 141 187
PFG_MOEA,521,1,264.18,3010.24,0 117 16 108 35 150 37 72 87 22 187 57 172 95 184 27 89 41 32 94 191 133 161 82 38 140 80 75 168 105 102 158 90 67 169 68 152 0,94 168
PFG_MOEA,521,2,264.18,3010.24,0 3 31 101 25 148 91 6 52 177 149 190 45 122 76 65 193 176 84 151 116 199 171 4 46 18 132 144 30 109 107 156 124 0,122 149
PFG_MOEA,521,3,264.18,3010.24,0 126 36 11 167 182 34 112 180 194 189 197 74 120 142 200 162 17 85 137 173 60 99 9 56 111 179 33 14 155 97 123 47 62 135 77 0,
PFG_MOEA,521,4,264.18,3010.24,0 24 59 2 1 44 7 195 58 100 113 178 86 104 166 66 93 181 53 192 160 43 185 78 175 131 163 183 23 147 49 130 92 40 106 0,
PFG_MOEA,521,5,264.18,3010.24,0 136 20 143 61 69 70 55 196 119 198 98 128 10 8 145 88 174 157 118 170 114 188 138 26 81 71 50 39 0,136
PFG_MOEA,521,6,264.18,3010.24,0 51 48 146 21 115 64 127 73 164 29 42 110 121 28 15 54 13 79 96 134 186 141 103 139 19 159 63 154 125 165 153 12 83 129 5 0,21 96
PFG_MOEA,522,1,274.07,2785.44,0 112 180 182 74 120 142 200 162 56 9 17 85 137 173 60 99 151 116 199 171 4 46 18 132 14 111 144 30 77 175 24 59 2 1 44 7 160 146 48 51 0,4 162 182
PFG_MOEA,522,2,274.07,2785.44,0 167 78 185 66 166 195 58 100 113 178 86 104 181 53 93 43 192 69 70 55 196 119 198 128 98 21 115 0,104
PFG_MOEA,522,3,274.07,2785.44,0 39 50 71 26 8 10 105 102 158 90 168 75 80 140 38 82 161 133 191 41 89 27 184 172 95 94 32 131 88 145 174 157 118 170 114 188 138 81 64 0,80 94
PFG_MOEA,522,4,274.07,2785.44,0 126 20 136 143 5 61 109 36 11 34 84 176 65 76 139 103 87 22 187 57 183 13 79 96 134 186 141 125 16 117 0,
PFG_MOEA,522,5,274.07,2785.44,0 3 73 127 163 23 147 49 130 92 67 169 68 40 106 29 164 42 110 121 28 15 54 45 190 189 72 152 0,
PFG_MOEA,522,6,274.07,2785.44,0 35 108 129 83 6 52 177 149 12 153 165 154 19 159 63 37 194 122 197 193 91 148 25 101 31 150 62 179 33 155 97 123 47 135 107 156 124 0,91 194
PFG_MOEA,523,1,285.8,2514.54,0 124 156 107 135 62 182 167 47 123 97 155 14 132 18 46 4 33 179 111 56 74 120 142 200 162 17 85 137 9 99 60 173 151 116 199 171 144 30 24 59 0,
PFG_MOEA,523,2,285.8,2514.54,0 51 48 192 69 70 55 160 43 93 53 181 104 86 178 113 100 58 195 166 66 185 78 7 44 1 2 77 175 146 0,78
PFG_MOEA,523,3,285.8,2514.54,0 64 163 131 106 40 68 128 198 119 196 98 21 115 39 0,119
PFG_MOEA,523,4,285.8,2514.54,0 138 88 183 95 172 94 32 41 169 67 191 92 130 90 168 75 80 140 38 82 161 133 158 102 105 49 147 23 145 174 157 118 170 114 188 81 0,80 92 105
PFG_MOEA,523,5,285.8,2514.54,0 117 50 71 26 8 10 89 27 184 57 187 22 87 15 54 45 190 139 19 63 108 125 103 141 186 152 134 96 79 13 28 121 110 42 29 164 127 73 3 0,54 108
PFG_MOEA,523,6,285.8,2514.54,0 136 20 143 5 61 109 36 11 34 112 180 31 150 35 16 129 83 6 52 177 149 12 153 159 154 165 101 25 148 91 193 122 194 37 72 189 197 76 65 176 84 126 0,11 35 194
PFG_MOEA,524,1,306.31,2495.58,0 136 20 143 5 61 109 11 36 126 34 112 180 182 167 56 9 137 85 17 162 200 142 120 74 62 135 107 156 124 0,11 126
PFG_MOEA,524,2,306.31,2495.58,0 47 123 97 155 111 179 33 14 132 18 46 4 99 60 173 151 116 199 171 144 30 24 59 1 44 7 2 77 0,99
PFG_MOEA,524,3,306.31,2495.58,0 51 48 146 175 78 185 66 166 195 58 100 113 178 86 104 181 53 93 43 160 192 69 70 55 196 119 198 128 98 21 115 39 64 0,93 181
PFG_MOEA,524,4,306.31,2495.58,0 131 163 106 40 68 95 172 94 32 41 169 67 191 92 130 90 168 75 80 140 38 82 161 133 158 102 105 49 147 23 183 88 145 174 157 118 170 114 188 138 81 26 10 8 50 71 0,80 105
PFG_MOEA,524,5,306.31,2495.58,0 152 83 153 12 149 177 52 6 63 159 19 139 103 190 45 54 15 87 22 187 57 184 27 89 28 121 110 42 29 164 127 73 3 0,149 190
PFG_MOEA,524,6,306.31,2495.58,0 117 13 79 96 134 186 141 125 154 165 129 16 108 35 150 31 101 25 148 91 193 122 194 37 72 189 197 76 65 176 84 0,91 141
PFG_MOEA,525,1,528.52,2327.53,0 124 156 107 126 36 109 11 167 182 34 112 180 176 197 76 65 84 74 120 142 200 162 56 9 17 85 137 173 60 99 151 116 199 30 144 171 4 46 18 132 14 33 179 111 155 97 123 47 62 135 77 2 24 59 1 44 7 195 58 100 113 178 86 104 166 66 181 53 93 160 43 185 78 175 146 192 69 70 55 196 119 198 128 98 21 115 48 51 0,126 182
PFG_MOEA,525,2,528.52,2327.53,0 39 0,39
PFG_MOEA,525,3,528.52,2327.53,0 64 0,
PFG_MOEA,525,4,528.52,2327.53,0 81 71 50 0,
PFG_MOEA,525,5,528.52,2327.53,0 131 163 106 40 130 92 133 161 82 38 140 80 75 168 90 158 102 105 49 147 23 183 88 145 174 157 118 170 10 8 26 114 188 138 0,92 168
PFG_MOEA,525,6,528.52,2327.53,0 136 20 143 61 5 16 108 35 150 31 101 25 148 91 193 122 194 37 72 189 190 45 87 22 187 57 184 27 89 41 169 67 191 32 94 68 95 172 15 54 103 139 19 159 63 6 52 177 149 12 153 83 129 165 154 125 141 186 152 134 96 79 13 28 121 110 42 29 164 127 73 3 117 0,91 141 187
PFG_MOEA,526,1,264.18,3010.24,0 117 16 108 35 150 37 72 87 22 187 57 172 95 184 27 89 41 32 94 191 133 161 82 38 140 80 75 168 105 102 158 90 67 169 68 152 0,94 168
PFG_MOEA,526,2,264.18,3010.24,0 3 31 101 25 148 91 6 52 177 149 190 45 122 76 65 193 176 84 151 116 199 171 4 46 18 132 144 30 109 107 156 124 0,122 149
PFG_MOEA,526,3,264.18,3010.24,0 126 36 11 167 182 34 112 180 194 189 197 74 120 142 200 162 17 85 137 173 60 99 9 56 111 179 33 14 155 97 123 47 62 135 77 0,
PFG_MOEA,526,4,264.18,3010.24,0 24 59 2 1 44 7 195 58 100 113 178 86 104 166 66 93 181 53 192 160 43 185 78 175 131 163 183 23 147 49 130 92 40 106 0,
PFG_MOEA,526,5,264.18,3010.24,0 136 20 143 61 69 70 55 196 119 198 98 128 10 8 145 88 174 157 118 170 114 188 138 26 81 71 50 39 0,136
PFG_MOEA,526,6,264.18,3010.24,0 51 48 146 21 115 64 127 73 164 29 42 110 121 28 15 54 13 79 96 134 186 141 103 139 19 159 63 154 125 165 153 12 83 129 5 0,21 96
PFG_MOEA,527,1,274.07,2785.44,0 112 180 182 74 120 142 200 162 56 9 17 85 137 173 60 99 151 116 199 171 4 46 18 132 14 111 144 30 77 175 24 59 2 1 44 7 160 146 48 51 0,4 162 182
PFG_MOEA,527,2,274.07,2785.44,0 167 78 185 66 166 195 58 100 113 178 86 104 181 53 93 43 192 69 70 55 196 119 198 128 98 21 115 0,104
PFG_MOEA,527,3,274.07,2785.44,0 39 50 71 26 8 10 105 102 158 90 168 75 80 140 38 82 161 133 191 41 89 27 184 172 95 94 32 131 88 145 174 157 118 170 114 188 138 81 64 0,80 94
PFG_MOEA,527,4,274.07,2785.44,0 126 20 136 143 5 61 109 36 11 34 84 176 65 76 139 103 87 22 187 57 183 13 79 96 134 186 141 125 16 117 0,
PFG_MOEA,527,5,274.07,2785.44,0 3 73 127 163 23 147 49 130 92 67 169 68 40 106 29 164 42 110 121 28 15 54 45 190 189 72 152 0,
PFG_MOEA,527,6,274.07,2785.44,0 35 108 129 83 6 52 177 149 12 153 165 154 19 159 63 37 194 122 197 193 91 148 25 101 31 150 62 179 33 155 97 123 47 135 107 156 124 0,91 194
PFG_MOEA,528,1,285.8,2514.54,0 124 156 107 135 62 182 167 47 123 97 155 14 132 18 46 4 33 179 111 56 74 120 142 200 162 17 85 137 9 99 60 173 151 116 199 171 144 30 24 59 0,
PFG_MOEA,528,2,285.8,2514.54,0 51 48 192 69 70 55 160 43 93 53 181 104 86 178 113 100 58 195 166 66 185 78 7 44 1 2 77 175 146 0,78
PFG_MOEA,528,3,285.8,2514.54,0 64 163 131 106 40 68 128 198 119 196 98 21 115 39 0,119
PFG_MOEA,528,4,285.8,2514.54,0 138 88 183 95 172 94 32 41 169 67 191 92 130 90 168 75 80 140 38 82 161 133 158 102 105 49 147 23 145 174 157 118 170 114 188 81 0,80 92 105
PFG_MOEA,528,5,285.8,2514.54,0 117 50 71 26 8 10 89 27 184 57 187 22 87 15 54 45 190 139 19 63 108 125 103 141 186 152 134 96 79 13 28 121 110 42 29 164 127 73 3 0,54 108
PFG_MOEA,528,6,285.8,2514.54,0 136 20 143 5 61 109 36 11 34 112 180 31 150 35 16 129 83 6 52 177 149 12 153 159 154 165 101 25 148 91 193 122 194 37 72 189 197 76 65 176 84 126 0,11 35 194
PFG_MOEA,529,1,306.31,2495.58,0 136 20 143 5 61 109 11 36 126 34 112 180 182 167 56 9 137 85 17 162 200 142 120 74 62 135 107 156 124 0,11 126
PFG_MOEA,529,2,306.31,2495.58,0 47 123 97 155 111 179 33 14 132 18 46 4 99 60 173 151 116 199 171 144 30 24 59 1 44 7 2 77 0,99
PFG_MOEA,529,3,306.31,2495.58,0 51 48 146 175 78 185 66 166 195 58 100 113 178 86 104 181 53 93 43 160 192 69 70 55 196 119 198 128 98 21 115 39 64 0,93 181
PFG_MOEA,529,4,306.31,2495.58,0 131 163 106 40 68 95 172 94 32 41 169 67 191 92 130 90 168 75 80 140 38 82 161 133 158 102 105 49 147 23 183 88 145 174 157 118 170 114 188 138 81 26 10 8 50 71 0,80 105
PFG_MOEA,529,5,306.31,2495.58,0 152 83 153 12 149 177 52 6 63 159 19 139 103 190 45 54 15 87 22 187 57 184 27 89 28 121 110 42 29 164 127 73 3 0,149 190
PFG_MOEA,529,6,306.31,2495.58,0 117 13 79 96 134 186 141 125 154 165 129 16 108 35 150 31 101 25 148 91 193 122 194 37 72 189 197 76 65 176 84 0,91 141
PFG_MOEA,530,1,528.52,2327.53,0 124 156 107 126 36 109 11 167 182 34 112 180 176 197 76 65 84 74 120 142 200 162 56 9 17 85 137 173 60 99 151 116 199 30 144 171 4 46 18 132 14 33 179 111 155 97 123 47 62 135 77 2 24 59 1 44 7 195 58 100 113 178 86 104 166 66 181 53 93 160 43 185 78 175 146 192 69 70 55 196 119 198 128 98 21 115 48 51 0,126 182
PFG_MOEA,530,2,528.52,2327.53,0 39 0,39
PFG_MOEA,530,3,528.52,2327.53,0 64 0,
PFG_MOEA,530,4,528.52,2327.53,0 81 71 50 0,
PFG_MOEA,530,5,528.52,2327.53,0 131 163 106 40 130 92 133 161 82 38 140 80 75 168 90 158 102 105 49 147 23 183 88 145 174 157 118 170 10 8 26 114 188 138 0,92 168
PFG_MOEA,530,6,528.52,2327.53,0 136 20 143 61 5 16 108 35 150 31 101 25 148 91 193 122 194 37 72 189 190 45 87 22 187 57 184 27 89 41 169 67 191 32 94 68 95 172 15 54 103 139 19 159 63 6 52 177 149 12 153 83 129 165 154 125 141 186 152 134 96 79 13 28 121 110 42 29 164 127 73 3 117 0,91 141 187
PFG_MOEA,531,1,264.18,3010.24,0 117 16 108 35 150 37 72 87 22 187 57 172 95 184 27 89 41 32 94 191 133 161 82 38 140 80 75 168 105 102 158 90 67 169 68 152 0,94 168
PFG_MOEA,531,2,264.18,3010.24,0 3 31 101 25 148 91 6 52 177 149 190 45 122 76 65 193 176 84 151 116 199 171 4 46 18 132 144 30 109 107 156 124 0,122 149
PFG_MOEA,531,3,264.18,3010.24,0 126 36 11 167 182 34 112 180 194 189 197 74 120 142 200 162 17 85 137 173 60 99 9 56 111 179 33 14 155 97 123 47 62 135 77 0,
PFG_MOEA,531,4,264.18,3010.24,0 24 59 2 1 44 7 195 58 100 113 178 86 104 166 66 93 181 53 192 160 43 185 78 175 131 163 183 23 147 49 130 92 40 106 0,
PFG_MOEA,531,5,264.18,3010.24,0 136 20 143 61 69 70 55 196 119 198 98 128 10 8 145 88 174 157 118 170 114 188 138 26 81 71 50 39 0,136
PFG_MOEA,531,6,264.18,3010.24,0 51 48 146 21 115 64 127 73 164 29 42 110 121 28 15 54 13 79 96 134 186 141 103 139 19 159 63 154 125 165 153 12 83 129 5 0,21 96
PFG_MOEA,532,1,274.07,2785.44,0 112 180 182 74 120 142 200 162 56 9 17 85 137 173 60 99 151 116 199 171 4 46 18 132 14 111 144 30 77 175 24 59 2 1 44 7 160 146 48 51 0,4 162 182
PFG_MOEA,532,2,274.07,2785.44,0 167 78 185 66 166 195 58 100 113 178 86 104 181 53 93 43 192 69 70 55 196 119 198 128 98 21 115 0,104
PFG_MOEA,532,3,274.07,2785.44,0 39 50 71 26 8 10 105 102 158 90 168 75 80 140 38 82 161 133 191 41 89 27 184 172 95 94 32 131 88 145 174 157 118 170 114 188 138 81 64 0,80 94
PFG_MOEA,532,4,274.07,2785.44,0 126 20 136 143 5 61 109 36 11 34 84 176 65 76 139 103 87 22 187 57 183 13 79 96 134 186 141 125 16 117 0,
PFG_MOEA,532,5,274.07,2785.44,0 3 73 127 163 23 147 49 130 92 67 169 68 40 106 29 164 42 110 121 28 15 54 45 190 189 72 152 0,
PFG_MOEA,532,6,274.07,2785.44,0 35 108 129 83 6 52 177 149 12 153 165 154 19 159 63 37 194 122 197 193 91 148 25 101 31 150 62 179 33 155 97 123 47 135 107 156 124 0,91 194
PFG_MOEA,533,1,285.8,2514.54,0 124 156 107 135 62 182 167 47 123 97 155 14 132 18 46 4 33 179 111 56 74 120 142 200 162 17 85 137 9 99 60 173 151 116 199 171 144 30 24 59 0,
PFG_MOEA,533,2,285.8,2514.54,0 51 48 192 69 70 55 160 43 93 53 181 104 86 178 113 100 58 195 166 66 185 78 7 44 1 2 77 175 146 0,78
PFG_MOEA,533,3,285.8,2514.54,0 64 163 131 106 40 68 128 198 119 196 98 21 115 39 0,119
PFG_MOEA,533,4,285.8,2514.54,0 138 88 183 95 172 94 32 41 169 67 191 92 130 90 168 75 80 140 38 82 161 133 158 102 105 49 147 23 145 174 157 118 170 114 188 81 0,80 92 105
PFG_MOEA,533,5,285.8,2514.54,0 117 50 71 26 8 10 89 27 184 57 187 22 87 15 54 45 190 139 19 63 108 125 103 141 186 152 134 96 79 13 28 121 110 42 29 164 127 73 3 0,54 108
PFG_MOEA,533,6,285.8,2514.54,0 136 20 143 5 61 109 36 11 34 112 180 31 150 35 16 129 83 6 52 177 149 12 153 159 154 165 101 25 148 91 193 122 194 37 72 189 197 76 65 176 84 126 0,11 35 194
PFG_MOEA,534,1,306.31,2495.58,0 136 20 143 5 61 109 11 36 126 34 112 180 182 167 56 9 137 85 17 162 200 142 120 74 62 135 107 156 124 0,11 126
PFG_MOEA,534,2,306.31,2495.58,0 47 123 97 155 111 179 33 14 132 18 46 4 99 60 173 151 116 199 171 144 30 24 59 1 44 7 2 77 0,99
PFG_MOEA,534,3,306.31,2495.58,0 51 48 146 175 78 185 66 166 195 58 100 113 178 86 104 181 53 93 43 160 192 69 70 55 196 119 198 128 98 21 115 39 64 0,93 181
PFG_MOEA,534,4,306.31,2495.58,0 131 163 106 40 68 95 172 94 32 41 169 67 191 92 130 90 168 75 80 140 38 82 161 133 158 102 105 49 147 23 183 88 145 174 157 118 170 114 188 138 81 26 10 8 50 71 0,80 105
PFG_MOEA,534,5,306.31,2495.58,0 152 83 153 12 149 177 52 6 63 159 19 139 103 190 45 54 15 87 22 187 57 184 27 89 28 121 110 42 29 164 127 73 3 0,149 190
PFG_MOEA,534,6,306.31,2495.58,0 117 13 79 96 134 186 141 125 154 165 129 16 108 35 150 31 101 25 148 91 193 122 194 37 72 189 197 76 65 176 84 0,91 141
PFG_MOEA,535,1,528.52,2327.53,0 124 156 107 126 36 109 11 167 182 34 112 180 176 197 76 65 84 74 120 142 200 162 56 9 17 85 137 173 60 99 151 116 199 30 144 171 4 46 18 132 14 33 179 111 155 97 123 47 62 135 77 2 24 59 1 44 7 195 58 100 113 178 86 104 166 66 181 53 93 160 43 185 78 175 146 192 69 70 55 196 119 198 128 98 21 115 48 51 0,126 182
PFG_MOEA,535,2,528.52,2327.53,0 39 0,39
PFG_MOEA,535,3,528.52,2327.53,0 64 0,
PFG_MOEA,535,4,528.52,2327.53,0 81 71 50 0,
PFG_MOEA,535,5,528.52,2327.53,0 131 163 106 40 130 92 133 161 82 38 140 80 75 168 90 158 102 105 49 147 23 183 88 145 174 157 118 170 10 8 26 114 188 138 0,92 168
PFG_MOEA,535,6,528.52,2327.53,0 136 20 143 61 5 16 108 35 150 31 101 25 148 91 193 122 194 37 72 189 190 45 87 22 187 57 184 27 89 41 169 67 191 32 94 68 95 172 15 54 103 139 19 159 63 6 52 177 149 12 153 83 129 165 154 125 141 186 152 134 96 79 13 28 121 110 42 29 164 127 73 3 117 0,91 141 187
PFG_MOEA,536,1,264.18,3010.24,0 117 16 108 35 150 37 72 87 22 187 57 172 95 184 27 89 41 32 94 191 133 161 82 38 140 80 75 168 105 102 158 90 67 169 68 152 0,94 168
PFG_MOEA,536,2,264.18,3010.24,0 3 31 101 25 148 91 6 52 177 149 190 45 122 76 65 193 176 84 151 116 199 171 4 46 18 132 144 30 109 107 156 124 0,122 149
PFG_MOEA,536,3,264.18,3010.24,0 126 36 11 167 182 34 112 180 194 189 197 74 120 142 200 162 17 85 137 173 60 99 9 56 111 179 33 14 155 97 123 47 62 135 77 0,
PFG_MOEA,536,4,264.18,3010.24,0 24 59 2 1 44 7 195 58 100 113 178 86 104 166 66 93 181 53 192 160 43 185 78 175 131 163 183 23 147 49 130 92 40 106 0,
PFG_MOEA,536,5,264.18,3010.24,0 136 20 143 61 69 70 55 196 119 198 98 128 10 8 145 88 174 157 118 170 114 188 138 26 81 71 50 39 0,136
PFG_MOEA,536,6,264.18,3010.24,0 51 48 146 21 115 64 127 73 164 29 42 110 121 28 15 54 13 79 96 134 186 141 103 139 19 159 63 154 125 165 153 12 83 129 5 0,21 96
PFG_MOEA,537,1,274.07,2785.44,0 112 180 182 74 120 142 200 162 56 9 17 85 137 173 60 99 151 116 199 171 4 46 18 132 14 111 144 30 77 175 24 59 2 1 44 7 160 146 48 51 0,4 162 182
PFG_MOEA,537,2,274.07,2785.44,0 167 78 185 66 166 195 58 100 113 178 86 104 181 53 93 43 192 69 70 55 196 119 198 128 98 21 115 0,104
PFG_MOEA,537,3,274.07,2785.44,0 39 50 71 26 8 10 105 102 158 90 168 75 80 140 38 82 161 133 191 41 89 27 184 172 95 94 32 131 88 145 174 157 118 170 114 188 138 81 64 0,80 94
PFG_MOEA,537,4,274.07,2785.44,0 126 20 136 143 5 61 109 36 11 34 84 176 65 76 139 103 87 22 187 57 183 13 79 96 134 186 141 125 16 117 0,
PFG_MOEA,537,5,274.07,2785.44,0 3 73 127 163 23 147 49 130 92 67 169 68 40 106 29 164 42 110 121 28 15 54 45 190 189 72 152 0,
PFG_MOEA,537,6,274.07,2785.44,0 35 108 129 83 6 52 177 149 12 153 165 154 19 159 63 37 194 122 197 193 91 148 25 101 31 150 62 179 33 155 97 123 47 135 107 156 124 0,91 194
PFG_MOEA,538,1,285.8,2514.54,0 124 156 107 135 62 182 167 47 123 97 155 14 132 18 46 4 33 179 111 56 74 120 142 200 162 17 85 137 9 99 60 173 151 116 199 171 144 30 24 59 0,
PFG_MOEA,538,2,285.8,2514.54,0 51 48 192 69 70 55 160 43 93 53 181 104 86 178 113 100 58 195 166 66 185 78 7 44 1 2 77 175 146 0,78
PFG_MOEA,538,3,285.8,2514.54,0 64 163 131 106 40 68 128 198 119 196 98 21 115 39 0,119
PFG_MOEA,538,4,285.8,2514.54,0 138 88 183 95 172 94 32 41 169 67 191 92 130 90 168 75 80 140 38 82 161 133 158 102 105 49 147 23 145 174 157 118 170 114 188 81 0,80 92 105
PFG_MOEA,538,5,285.8,2514.54,0 117 50 71 26 8 10 89 27 184 57 187 22 87 15 54 45 190 139 19 63 108 125 103 141 186 152 134 96 79 13 28 121 110 42 29 164 127 73 3 0,54 108
PFG_MOEA,538,6,285.8,2514.54,0 136 20 143 5 61 109 36 11 34 112 180 31 150 35 16 129 83 6 52 177 149 12 153 159 154 165 101 25 148 91 193 122 194 37 72 189 197 76 65 176 84 126 0,11 35 194
PFG_MOEA,539,1,306.31,2495.58,0 136 20 143 5 61 109 11 36 126 34 112 180 182 167 56 9 137 85 17 162 200 142 120 74 62 135 107 156 124 0,11 126
PFG_MOEA,539,2,306.31,2495.58,0 47 123 97 155 111 179 33 14 132 18 46 4 99 60 173 151 116 199 171 144 30 24 59 1 44 7 2 77 0,99
PFG_MOEA,539,3,306.31,2495.58,0 51 48 146 175 78 185 66 166 195 58 100 113 178 86 104 181 53 93 43 160 192 69 70 55 196 119 198 128 98 21 115 39 64 0,93 181
PFG_MOEA,539,4,306.31,2495.58,0 131 163 106 40 68 95 172 94 32 41 169 67 191 92 130 90 168 75 80 140 38 82 161 133 158 102 105 49 147 23 183 88 145 174 157 118 170 114 188 138 81 26 10 8 50 71 0,80 105
PFG_MOEA,539,5,306.31,2495.58,0 152 83 153 12 149 177 52 6 63 159 19 139 103 190 45 54 15 87 22 187 57 184 27 89 28 121 110 42 29 164 127 73 3 0,149 190
PFG_MOEA,539,6,306.31,2495.58,0 117 13 79 96 134 186 141 125 154 165 129 16 108 35 150 31 101 25 148 91 193 122 194 37 72 189 197 76 65 176 84 0,91 141
PFG_MOEA,540,1,528.52,2327.53,0 124 156 107 126 36 109 11 167 182 34 112 180 176 197 76 65 84 74 120 142 200 162 56 9 17 85 137 173 60 99 151 116 199 30 144 171 4 46 18 132 14 33 179 111 155 97 123 47 62 135 77 2 24 59 1 44 7 195 58 100 113 178 86 104 166 66 181 53 93 160 43 185 78 175 146 192 69 70 55 196 119 198 128 98 21 115 48 51 0,126 182
PFG_MOEA,540,2,528.52,2327.53,0 39 0,39
PFG_MOEA,540,3,528.52,2327.53,0 64 0,
PFG_MOEA,540,4,528.52,2327.53,0 81 71 50 0,
PFG_MOEA,540,5,528.52,2327.53,0 131 163 106 40 130 92 133 161 82 38 140 80 75 168 90 158 102 105 49 147 23 183 88 145 174 157 118 170 10 8 26 114 188 138 0,92 168
PFG_MOEA,540,6,528.52,2327.53,0 136 20 143 61 5 16 108 35 150 31 101 25 148 91 193 122 194 37 72 189 190 45 87 22 187 57 184 27 89 41 169 67 191 32 94 68 95 172 15 54 103 139 19 159 63 6 52 177 149 12 153 83 129 165 154 125 141 186 152 134 96 79 13 28 121 110 42 29 164 127 73 3 117 0,91 141 187
PFG_MOEA,541,1,264.18,3010.24,0 117 16 108 35 150 37 72 87 22 187 57 172 95 184 27 89 41 32 94 191 133 161 82 38 140 80 75 168 105 102 158 90 67 169 68 152 0,94 168
PFG_MOEA,541,2,264.18,3010.24,0 3 31 101 25 148 91 6 52 177 149 190 45 122 76 65 193 176 84 151 116 199 171 4 46 18 132 144 30 109 107 156 124 0,122 149
PFG_MOEA,541,3,264.18,3010.24,0 126 36 11 167 182 34 112 180 194 189 197 74 120 142 200 162 17 85 137 173 60 99 9 56 111 179 33 14 155 97 123 47 62 135 77 0,
PFG_MOEA,541,4,264.18,3010.24,0 24 59 2 1 44 7 195 58 100 113 178 86 104 166 66 93 181 53 192 160 43 185 78 175 131 163 183 23 147 49 130 92 40 106 0,
PFG_MOEA,541,5,264.18,3010.24,0 136 20 143 61 69 70 55 196 119 198 98 128 10 8 145 88 174 157 118 170 114 188 138 26 81 71 50 39 0,136
PFG_MOEA,541,6,264.18,3010.24,0 51 48 146 21 115 64 127 73 164 29 42 110 121 28 15 54 13 79 96 134 186 141 103 139 19 159 63 154 125 165 153 12 83 129 5 0,21 96
PFG_MOEA,542,1,274.07,2785.44,0 112 180 182 74 120 142 200 162 56 9 17 85 137 173 60 99 151 116 199 171 4 46 18 132 14 111 144 30 77 175 24 59 2 1 44 7 160 146 48 51 0,4 162 182
PFG_MOEA,542,2,274.07,2785.44,0 167 78 185 66 166 195 58 100 113 178 86 104 181 53 93 43 192 69 70 55 196 119 198 128 98 21 115 0,104
PFG_MOEA,542,3,274.07,2785.44,0 39 50 71 26 8 10 105 102 158 90 168 75 80 140 38 82 161 133 191 41 89 27 184 172 95 94 32 131 88 145 174 157 118 170 114 188 138 81 64 0,80 94
PFG_MOEA,542,4,274.07,2785.44,0 126 20 136 143 5 61 109 36 11 34 84 176 65 76 139 103 87 22 187 57 183 13 79 96 134 186 141 125 16 117 0,
PFG_MOEA,542,5,274.07,2785.44,0 3 73 127 163 23 147 49 130 92 67 169 68 40 106 29 164 42 110 121 28 15 54 45 190 189 72 152 0,
PFG_MOEA,542,6,274.07,2785.44,0 35 108 129 83 6 52 177 149 12 153 165 154 19 159 63 37 194 122 197 193 91 148 25 101 31 150 62 179 33 155 97 123 47 135 107 156 124 0,91 194
PFG_MOEA,543,1,285.8,2514.54,0 124 156 107 135 62 182 167 47 123 97 155 14 132 18 46 4 33 179 111 56 74 120 142 200 162 17 85 137 9 99 60 173 151 116 199 171 144 30 24 59 0,
PFG_MOEA,543,2,285.8,2514.54,0 51 48 192 69 70 55 160 43 93 53 181 104 86 178 113 100 58 195 166 66 185 78 7 44 1 2 77 175 146 0,78
PFG_MOEA,543,3,285.8,2514.54,0 64 163 131 106 40 68 128 198 119 196 98 21 115 39 0,119
PFG_MOEA,543,4,285.8,2514.54,0 138 88 183 95 172 94 32 41 169 67 191 92 130 90 168 75 80 140 38 82 161 133 158 102 105 49 147 23 145 174 157 118 170 114 188 81 0,80 92 105
PFG_MOEA,543,5,285.8,2514.54,0 117 50 71 26 8 10 89 27 184 57 187 22 87 15 54 45 190 139 19 63 108 125 103 141 186 152 134 96 79 13 28 121 110 42 29 164 127 73 3 0,54 108
PFG_MOEA,543,6,285.8,2514.54,0 136 20 143 5 61 109 36 11 34 112 180 31 150 35 16 129 83 6 52 177 149 12 153 159 154 165 101 25 148 91 193 122 194 37 72 189 197 76 65 176 84 126 0,11 35 194
PFG_MOEA,544,1,306.31,2495.58,0 136 20 143 5 61 109 11 36 126 34 112 180 182 167 56 9 137 85 17 162 200 142 120 74 62 135 107 156 124 0,11 126
PFG_MOEA,544,2,306.31,2495.58,0 47 123 97 155 111 179 33 14 132 18 46 4 99 60 173 151 116 199 171 144 30 24 59 1 44 7 2 77 0,99
PFG_MOEA,544,3,306.31,2495.58,0 51 48 146 175 78 185 66 166 195 58 100 113 178 86 104 181 53 93 43 160 192 69 70 55 196 119 198 128 98 21 115 39 64 0,93 181
PFG_MOEA,544,4,306.31,2495.58,0 131 163 106 40 68 95 172 94 32 41 169 67 191 92 130 90 168 75 80 140 38 82 161 133 158 102 105 49 147 23 183 88 145 174 157 118 170 114 188 138 81 26 10 8 50 71 0,80 105
PFG_MOEA,544,5,306.31,2495.58,0 152 83 153 12 149 177 52 6 63 159 19 139 103 190 45 54 15 87 22 187 57 184 27 89 28 121 110 42 29 164 127 73 3 0,149 190
PFG_MOEA,544,6,306.31,2495.58,0 117 13 79 96 134 186 141 125 154 165 129 16 108 35 150 31 101 25 148 91 193 122 194 37 72 189 197 76 65 176 84 0,91 141
PFG_MOEA,545,1,528.52,2327.53,0 124 156 107 126 36 109 11 167 182 34 112 180 176 197 76 65 84 74 120 142 200 162 56 9 17 85 137 173 60 99 151 116 199 30 144 171 4 46 18 132 14 33 179 111 155 97 123 47 62 135 77 2 24 59 1 44 7 195 58 100 113 178 86 104 166 66 181 53 93 160 43 185 78 175 146 192 69 70 55 196 119 198 128 98 21 115 48 51 0,126 182
PFG_MOEA,545,2,528.52,2327.53,0 39 0,39
PFG_MOEA,545,3,528.52,2327.53,0 64 0,
PFG_MOEA,545,4,528.52,2327.53,0 81 71 50 0,
PFG_MOEA,545,5,528.52,2327.53,0 131 163 106 40 130 92 133 161 82 38 140 80 75 168 90 158 102 105 49 147 23 183 88 145 174 157 118 170 10 8 26 114 188 138 0,92 168
PFG_MOEA,545,6,528.52,2327.53,0 136 20 143 61 5 16 108 35 150 31 101 25 148 91 193 122 194 37 72 189 190 45 87 22 187 57 184 27 89 41 169 67 191 32 94 68 95 172 15 54 103 139 19 159 63 6 52 177 149 12 153 83 129 165 154 125 141 186 152 134 96 79 13 28 121 110 42 29 164 127 73 3 117 0,91 141 187
PFG_MOEA,546,1,264.18,3010.24,0 117 16 108 35 150 37 72 87 22 187 57 172 95 184 27 89 41 32 94 191 133 161 82 38 140 80 75 168 105 102 158 90 67 169 68 152 0,94 168
PFG_MOEA,546,2,264.18,3010.24,0 3 31 101 25 148 91 6 52 177 149 190 45 122 76 65 193 176 84 151 116 199 171 4 46 18 132 144 30 109 107 156 124 0,122 149
PFG_MOEA,546,3,264.18,3010.24,0 126 36 11 167 182 34 112 180 194 189 197 74 120 142 200 162 17 85 137 173 60 99 9 56 111 179 33 14 155 97 123 47 62 135 77 0,
PFG_MOEA,546,4,264.18,3010.24,0 24 59 2 1 44 7 195 58 100 113 178 86 104 166 66 93 181 53 192 160 43 185 78 175 131 163 183 23 147 49 130 92 40 106 0,
PFG_MOEA,546,5,264.18,3010.24,0 136 20 143 61 69 70 55 196 119 198 98 128 10 8 145 88 174 157 118 170 114 188 138 26 81 71 50 39 0,136
PFG_MOEA,546,6,264.18,3010.24,0 51 48 146 21 115 64 127 73 164 29 42 110 121 28 15 54 13 79 96 134 186 141 103 139 19 159 63 154 125 165 153 12 83 129 5 0,21 96
PFG_MOEA,547,1,274.07,2785.44,0 112 180 182 74 120 142 200 162 56 9 17 85 137 173 60 99 151 116 199 171 4 46 18 132 14 111 144 30 77 175 24 59 2 1 44 7 160 146 48 51 0,4 162 182
PFG_MOEA,547,2,274.07,2785.44,0 167 78 185 66 166 195 58 100 113 178 86 104 181 53 93 43 192 69 70 55 196 119 198 128 98 21 115 0,104
PFG_MOEA,547,3,274.07,2785.44,0 39 50 71 26 8 10 105 102 158 90 168 75 80 140 38 82 161 133 191 41 89 27 184 172 95 94 32 131 88 145 174 157 118 170 114 188 138 81 64 0,80 94
PFG_MOEA,547,4,274.07,2785.44,0 126 20 136 143 5 61 109 36 11 34 84 176 65 76 139 103 87 22 187 57 183 13 79 96 134 186 141 125 16 117 0,
PFG_MOEA,547,5,274.07,2785.44,0 3 73 127 163 23 147 49 130 92 67 169 68 40 106 29 164 42 110 121 28 15 54 45 190 189 72 152 0,
PFG_MOEA,547,6,274.07,2785.44,0 35 108 129 83 6 52 177 149 12 153 165 154 19 159 63 37 194 122 197 193 91 148 25 101 31 150 62 179 33 155 97 123 47 135 107 156 124 0,91 194
PFG_MOEA,548,1,285.8,2514.54,0 124 156 107 135 62 182 167 47 123 97 155 14 132 18 46 4 33 179 111 56 74 120 142 200 162 17 85 137 9 99 60 173 151 116 199 171 144 30 24 59 0,
PFG_MOEA,548,2,285.8,2514.54,0 51 48 192 69 70 55 160 43 93 53 181 104 86 178 113 100 58 195 166 66 185 78 7 44 1 2 77 175 146 0,78
PFG_MOEA,548,3,285.8,2514.54,0 64 163 131 106 40 68 128 198 119 196 98 21 115 39 0,119
PFG_MOEA,548,4,285.8,2514.54,0 138 88 183 95 172 94 32 41 169 67 191 92 130 90 168 75 80 140 38 82 161 133 158 102 105 49 147 23 145 174 157 118 170 114 188 81 0,80 92 105
PFG_MOEA,548,5,285.8,2514.54,0 117 50 71 26 8 10 89 27 184 57 187 22 87 15 54 45 190 139 19 63 108 125 103 141 186 152 134 96 79 13 28 121 110 42 29 164 127 73 3 0,54 108
PFG_MOEA,548,6,285.8,2514.54,0 136 20 143 5 61 109 36 11 34 112 180 31 150 35 16 129 83 6 52 177 149 12 153 159 154 165 101 25 148 91 193 122 194 37 72 189 197 76 65 176 84 126 0,11 35 194
PFG_MOEA,549,1,306.31,2495.58,0 136 20 143 5 61 109 11 36 126 34 112 180 182 167 56 9 137 85 17 162 200 142 120 74 62 135 107 156 124 0,11 126
PFG_MOEA,549,2,306.31,2495.58,0 47 123 97 155 111 179 33 14 132 18 46 4 99 60 173 151 116 199 171 144 30 24 59 1 44 7 2 77 0,99
PFG_MOEA,549,3,306.31,2495.58,0 51 48 146 175 78 185 66 166 195 58 100 113 178 86 104 181 53 93 43 160 192 69 70 55 196 119 198 128 98 21 115 39 64 0,93 181
PFG_MOEA,549,4,306.31,2495.58,0 131 163 106 40 68 95 172 94 32 41 169 67 191 92 130 90 168 75 80 140 38 82 161 133 158 102 105 49 147 23 183 88 145 174 157 118 170 114 188 138 81 26 10 8 50 71 0,80 105
PFG_MOEA,549,5,306.31,2495.58,0 152 83 153 12 149 177 52 6 63 159 19 139 103 190 45 54 15 87 22 187 57 184 27 89 28 121 110 42 29 164 127 73 3 0,149 190
PFG_MOEA,549,6,306.31,2495.58,0 117 13 79 96 134 186 141 125 154 165 129 16 108 35 150 31 101 25 148 91 193 122 194 37 72 189 197 76 65 176 84 0,91 141
PFG_MOEA,550,1,528.52,2327.53,0 124 156 107 126 36 109 11 167 182 34 112 180 176 197 76 65 84 74 120 142 200 162 56 9 17 85 137 173 60 99 151 116 199 30 144 171 4 46 18 132 14 33 179 111 155 97 123 47 62 135 77 2 24 59 1 44 7 195 58 100 113 178 86 104 166 66 181 53 93 160 43 185 78 175 146 192 69 70 55 196 119 198 128 98 21 115 48 51 0,126 182
PFG_MOEA,550,2,528.52,2327.53,0 39 0,39
PFG_MOEA,550,3,528.52,2327.53,0 64 0,
PFG_MOEA,550,4,528.52,2327.53,0 81 71 50 0,
PFG_MOEA,550,5,528.52,2327.53,0 131 163 106 40 130 92 133 161 82 38 140 80 75 168 90 158 102 105 49 147 23 183 88 145 174 157 118 170 10 8 26 114 188 138 0,92 168
PFG_MOEA,550,6,528.52,2327.53,0 136 20 143 61 5 16 108 35 150 31 101 25 148 91 193 122 194 37 72 189 190 45 87 22 187 57 184 27 89 41 169 67 191 32 94 68 95 172 15 54 103 139 19 159 63 6 52 177 149 12 153 83 129 165 154 125 141 186 152 134 96 79 13 28 121 110 42 29 164 127 73 3 117 0,91 141 187
PFG_MOEA,551,1,264.18,3010.24,0 117 16 108 35 150 37 72 87 22 187 57 172 95 184 27 89 41 32 94 191 133 161 82 38 140 80 75 168 105 102 158 90 67 169 68 152 0,94 168
PFG_MOEA,551,2,264.18,3010.24,0 3 31 101 25 148 91 6 52 177 149 190 45 122 76 65 193 176 84 151 116 199 171 4 46 18 132 144 30 109 107 156 124 0,122 149
PFG_MOEA,551,3,264.18,3010.24,0 126 36 11 167 182 34 112 180 194 189 197 74 120 142 200 162 17 85 137 173 60 99 9 56 111 179 33 14 155 97 123 47 62 135 77 0,
PFG_MOEA,551,4,264.18,3010.24,0 24 59 2 1 44 7 195 58 100 113 178 86 104 166 66 93 181 53 192 160 43 185 78 175 131 163 183 23 147 49 130 92 40 106 0,
PFG_MOEA,551,5,264.18,3010.24,0 136 20 143 61 69 70 55 196 119 198 98 128 10 8 145 88 174 157 118 170 114 188 138 26 81 71 50 39 0,136
PFG_MOEA,551,6,264.18,3010.24,0 51 48 146 21 115 64 127 73 164 29 42 110 121 28 15 54 13 79 96 134 186 141 103 139 19 159 63 154 125 165 153 12 83 129 5 0,21 96
PFG_MOEA,552,1,274.07,2785.44,0 112 180 182 74 120 142 200 162 56 9 17 85 137 173 60 99 151 116 199 171 4 46 18 132 14 111 144 30 77 175 24 59 2 1 44 7 160 146 48 51 0,4 162 182
PFG_MOEA,552,2,274.07,2785.44,0 167 78 185 66 166 195 58 100 113 178 86 104 181 53 93 43 192 69 70 55 196 119 198 128 98 21 115 0,104
PFG_MOEA,552,3,274.07,2785.44,0 39 50 71 26 8 10 105 102 158 90 168 75 80 140 38 82 161 133 191 41 89 27 184 172 95 94 32 131 88 145 174 157 118 170 114 188 138 81 64 0,80 94
PFG_MOEA,552,4,274.07,2785.44,0 126 20 136 143 5 61 109 36 11 34 84 176 65 76 139 103 87 22 187 57 183 13 79 96 134 186 141 125 16 117 0,
PFG_MOEA,552,5,274.07,2785.44,0 3 73 127 163 23 147 49 130 92 67 169 68 40 106 29 164 42 110 121 28 15 54 45 190 189 72 152 0,
PFG_MOEA,552,6,274.07,2785.44,0 35 108 129 83 6 52 177 149 12 153 165 154 19 159 63 37 194 122 197 193 91 148 25 101 31 150 62 179 33 155 97 123 47 135 107 156 124 0,91 194
PFG_MOEA,553,1,285.8,2514.54,0 124 156 107 135 62 182 167 47 123 97 155 14 132 18 46 4 33 179 111 56 74 120 142 200 162 17 85 137 9 99 60 173 151 116 199 171 144 30 24 59 0,
PFG_MOEA,553,2,285.8,2514.54,0 51 48 192 69 70 55 160 43 93 53 181 104 86 178 113 100 58 195 166 66 185 78 7 44 1 2 77 175 146 0,78
PFG_MOEA,553,3,285.8,2514.54,0 64 163 131 106 40 68 128 198 119 196 98 21 115 39 0,119
PFG_MOEA,553,4,285.8,2514.54,0 138 88 183 95 172 94 32 41 169 67 191 92 130 90 168 75 80 140 38 82 161 133 158 102 105 49 147 23 145 174 157 118 170 114 188 81 0,80 92 105
PFG_MOEA,553,5,285.8,2514.54,0 117 50 71 26 8 10 89 27 184 57 187 22 87 15 54 45 190 139 19 63 108 125 103 141 186 152 134 96 79 13 28 121 110 42 29 164 127 73 3 0,54 108
PFG_MOEA,553,6,285.8,2514.54,0 136 20 143 5 61 109 36 11 34 112 180 31 150 35 16 129 83 6 52 177 149 12 153 159 154 165 101 25 148 91 193 122 194 37 72 189 197 76 65 176 84 126 0,11 35 194
PFG_MOEA,554,1,306.31,2495.58,0 136 20 143 5 61 109 11 36 126 34 112 180 182 167 56 9 137 85 17 162 200 142 120 74 62 135 107 156 124 0,11 126
PFG_MOEA,554,2,306.31,2495.58,0 47 123 97 155 111 179 33 14 132 18 46 4 99 60 173 151 116 199 171 144 30 24 59 1 44 7 2 77 0,99
PFG_MOEA,554,3,306.31,2495.58,0 51 48 146 175 78 185 66 166 195 58 100 113 178 86 104 181 53 93 43 160 192 69 70 55 196 119 198 128 98 21 115 39 64 0,93 181
PFG_MOEA,554,4,306.31,2495.58,0 131 163 106 40 68 95 172 94 32 41 169 67 191 92 130 90 168 75 80 140 38 82 161 133 158 102 105 49 147 23 183 88 145 174 157 118 170 114 188 138 81 26 10 8 50 71 0,80 105
PFG_MOEA,554,5,306.31,2495.58,0 152 83 153 12 149 177 52 6 63 159 19 139 103 190 45 54 15 87 22 187 57 184 27 89 28 121 110 42 29 164 127 73 3 0,149 190
PFG_MOEA,554,6,306.31,2495.58,0 117 13 79 96 134 186 141 125 154 165 129 16 108 35 150 31 101 25 148 91 193 122 194 37 72 189 197 76 65 176 84 0,91 141
PFG_MOEA,555,1,528.52,2327.53,0 124 156 107 126 36 109 11 167 182 34 112 180 176 197 76 65 84 74 120 142 200 162 56 9 17 85 137 173 60 99 151 116 199 30 144 171 4 46 18 132 14 33 179 111 155 97 123 47 62 135 77 2 24 59 1 44 7 195 58 100 113 178 86 104 166 66 181 53 93 160 43 185 78 175 146 192 69 70 55 196 119 198 128 98 21 115 48 51 0,126 182
PFG_MOEA,555,2,528.52,2327.53,0 39 0,39
PFG_MOEA,555,3,528.52,2327.53,0 64 0,
PFG_MOEA,555,4,528.52,2327.53,0 81 71 50 0,
PFG_MOEA,555,5,528.52,2327.53,0 131 163 106 40 130 92 133 161 82 38 140 80 75 168 90 158 102 105 49 147 23 183 88 145 174 157 118 170 10 8 26 114 188 138 0,92 168
PFG_MOEA,555,6,528.52,2327.53,0 136 20 143 61 5 16 108 35 150 31 101 25 148 91 193 122 194 37 72 189 190 45 87 22 187 57 184 27 89 41 169 67 191 32 94 68 95 172 15 54 103 139 19 159 63 6 52 177 149 12 153 83 129 165 154 125 141 186 152 134 96 79 13 28 121 110 42 29 164 127 73 3 117 0,91 141 187
PFG_MOEA,556,1,264.18,3010.24,0 117 16 108 35 150 37 72 87 22 187 57 172 95 184 27 89 41 32 94 191 133 161 82 38 140 80 75 168 105 102 158 90 67 169 68 152 0,94 168
PFG_MOEA,556,2,264.18,3010.24,0 3 31 101 25 148 91 6 52 177 149 190 45 122 76 65 193 176 84 151 116 199 171 4 46 18 132 144 30 109 107 156 124 0,122 149
PFG_MOEA,556,3,264.18,3010.24,0 126 36 11 167 182 34 112 180 194 189 197 74 120 142 200 162 17 85 137 173 60 99 9 56 111 179 33 14 155 97 123 47 62 135 77 0,
PFG_MOEA,556,4,264.18,3010.24,0 24 59 2 1 44 7 195 58 100 113 178 86 104 166 66 93 181 53 192 160 43 185 78 175 131 163 183 23 147 49 130 92 40 106 0,
PFG_MOEA,556,5,264.18,3010.24,0 136 20 143 61 69 70 55 196 119 198 98 128 10 8 145 88 174 157 118 170 114 188 138 26 81 71 50 39 0,136
PFG_MOEA,556,6,264.18,3010.24,0 51 48 146 21 115 64 127 73 164 29 42 110 121 28 15 54 13 79 96 134 186 141 103 139 19 159 63 154 125 165 153 12 83 129 5 0,21 96
PFG_MOEA,557,1,274.07,2785.44,0 112 180 182 74 120 142 200 162 56 9 17 85 137 173 60 99 151 116 199 171 4 46 18 132 14 111 144 30 77 175 24 59 2 1 44 7 160 146 48 51 0,4 162 182
PFG_MOEA,557,2,274.07,2785.44,0 167 78 185 66 166 195 58 100 113 178 86 104 181 53 93 43 192 69 70 55 196 119 198 128 98 21 115 0,104
PFG_MOEA,557,3,274.07,2785.44,0 39 50 71 26 8 10 105 102 158 90 168 75 80 140 38 82 161 133 191 41 89 27 184 172 95 94 32 131 88 145 174 157 118 170 114 188 138 81 64 0,80 94
PFG_MOEA,557,4,274.07,2785.44,0 126 20 136 143 5 61 109 36 11 34 84 176 65 76 139 103 87 22 187 57 183 13 79 96 134 186 141 125 16 117 0,
PFG_MOEA,557,5,274.07,2785.44,0 3 73 127 163 23 147 49 130 92 67 169 68 40 106 29 164 42 110 121 28 15 54 45 190 189 72 152 0,
PFG_MOEA,557,6,274.07,2785.44,0 35 108 129 83 6 52 177 149 12 153 165 154 19 159 63 37 194 122 197 193 91 148 25 101 31 150 62 179 33 155 97 123 47 135 107 156 124 0,91 194
PFG_MOEA,558,1,285.8,2514.54,0 124 156 107 135 62 182 167 47 123 97 155 14 132 18 46 4 33 179 111 56 74 120 142 200 162 17 85 137 9 99 60 173 151 116 199 171 144 30 24 59 0,
PFG_MOEA,558,2,285.8,2514.54,0 51 48 192 69 70 55 160 43 93 53 181 104 86 178 113 100 58 195 166 66 185 78 7 44 1 2 77 175 146 0,78
PFG_MOEA,558,3,285.8,2514.54,0 64 163 131 106 40 68 128 198 119 196 98 21 115 39 0,119
PFG_MOEA,558,4,285.8,2514.54,0 138 88 183 95 172 94 32 41 169 67 191 92 130 90 168 75 80 140 38 82 161 133 158 102 105 49 147 23 145 174 157 118 170 114 188 81 0,80 92 105
PFG_MOEA,558,5,285.8,2514.54,0 117 50 71 26 8 10 89 27 184 57 187 22 87 15 54 45 190 139 19 63 108 125 103 141 186 152 134 96 79 13 28 121 110 42 29 164 127 73 3 0,54 108
PFG_MOEA,558,6,285.8,2514.54,0 136 20 143 5 61 109 36 11 34 112 180 31 150 35 16 129 83 6 52 177 149 12 153 159 154 165 101 25 148 91 193 122 194 37 72 189 197 76 65 176 84 126 0,11 35 194
PFG_MOEA,559,1,306.31,2495.58,0 136 20 143 5 61 109 11 36 126 34 112 180 182 167 56 9 137 85 17 162 200 142 120 74 62 135 107 156 124 0,11 126
PFG_MOEA,559,2,306.31,2495.58,0 47 123 97 155 111 179 33 14 132 18 46 4 99 60 173 151 116 199 171 144 30 24 59 1 44 7 2 77 0,99
PFG_MOEA,559,3,306.31,2495.58,0 51 48 146 175 78 185 66 166 195 58 100 113 178 86 104 181 53 93 43 160 192 69 70 55 196 119 198 128 98 21 115 39 64 0,93 181
PFG_MOEA,559,4,306.31,2495.58,0 131 163 106 40 68 95 172 94 32 41 169 67 191 92 130 90 168 75 80 140 38 82 161 133 158 102 105 49 147 23 183 88 145 174 157 118 170 114 188 138 81 26 10 8 50 71 0,80 105
PFG_MOEA,559,5,306.31,2495.58,0 152 83 153 12 149 177 52 6 63 159 19 139 103 190 45 54 15 87 22 187 57 184 27 89 28 121 110 42 29 164 127 73 3 0,149 190
PFG_MOEA,559,6,306.31,2495.58,0 117 13 79 96 134 186 141 125 154 165 129 16 108 35 150 31 101 25 148 91 193 122 194 37 72 189 197 76 65 176 84 0,91 141
PFG_MOEA,560,1,528.52,2327.53,0 124 156 107 126 36 109 11 167 182 34 112 180 176 197 76 65 84 74 120 142 200 162 56 9 17 85 137 173 60 99 151 116 199 30 144 171 4 46 18 132 14 33 179 111 155 97 123 47 62 135 77 2 24 59 1 44 7 195 58 100 113 178 86 104 166 66 181 53 93 160 43 185 78 175 146 192 69 70 55 196 119 198 128 98 21 115 48 51 0,126 182
PFG_MOEA,560,2,528.52,2327.53,0 39 0,39
PFG_MOEA,560,3,528.52,2327.53,0 64 0,
PFG_MOEA,560,4,528.52,2327.53,0 81 71 50 0,
PFG_MOEA,560,5,528.52,2327.53,0 131 163 106 40 130 92 133 161 82 38 140 80 75 168 90 158 102 105 49 147 23 183 88 145 174 157 118 170 10 8 26 114 188 138 0,92 168
PFG_MOEA,560,6,528.52,2327.53,0 136 20 143 61 5 16 108 35 150 31 101 25 148 91 193 122 194 37 72 189 190 45 87 22 187 57 184 27 89 41 169 67 191 32 94 68 95 172 15 54 103 139 19 159 63 6 52 177 149 12 153 83 129 165 154 125 141 186 152 134 96 79 13 28 121 110 42 29 164 127 73 3 117 0,91 141 187
PFG_MOEA,561,1,264.18,3010.24,0 117 16 108 35 150 37 72 87 22 187 57 172 95 184 27 89 41 32 94 191 133 161 82 38 140 80 75 168 105 102 158 90 67 169 68 152 0,94 168
PFG_MOEA,561,2,264.18,3010.24,0 3 31 101 25 148 91 6 52 177 149 190 45 122 76 65 193 176 84 151 116 199 171 4 46 18 132 144 30 109 107 156 124 0,122 149
PFG_MOEA,561,3,264.18,3010.24,0 126 36 11 167 182 34 112 180 194 189 197 74 120 142 200 162 17 85 137 173 60 99 9 56 111 179 33 14 155 97 123 47 62 135 77 0,
PFG_MOEA,561,4,264.18,3010.24,0 24 59 2 1 44 7 195 58 100 113 178 86 104 166 66 93 181 53 192 160 43 185 78 175 131 163 183 23 147 49 130 92 40 106 0,
PFG_MOEA,561,5,264.18,3010.24,0 136 20 143 61 69 70 55 196 119 198 98 128 10 8 145 88 174 157 118 170 114 188 138 26 81 71 50 39 0,136
PFG_MOEA,561,6,264.18,3010.24,0 51 48 146 21 115 64 127 73 164 29 42 110 121 28 15 54 13 79 96 134 186 141 103 139 19 159 63 154 125 165 153 12 83 129 5 0,21 96
PFG_MOEA,562,1,274.07,2785.44,0 112 180 182 74 120 142 200 162 56 9 17 85 137 173 60 99 151 116 199 171 4 46 18 132 14 111 144 30 77 175 24 59 2 1 44 7 160 146 48 51 0,4 162 182
PFG_MOEA,562,2,274.07,2785.44,0 167 78 185 66 166 195 58 100 113 178 86 104 181 53 93 43 192 69 70 55 196 119 198 128 98 21 115 0,104
PFG_MOEA,562,3,274.07,2785.44,0 39 50 71 26 8 10 105 102 158 90 168 75 80 140 38 82 161 133 191 41 89 27 184 172 95 94 32 131 88 145 174 157 118 170 114 188 138 81 64 0,80 94
PFG_MOEA,562,4,274.07,2785.44,0 126 20 136 143 5 61 109 36 11 34 84 176 65 76 139 103 87 22 187 57 183 13 79 96 134 186 141 125 16 117 0,
PFG_MOEA,562,5,274.07,2785.44,0 3 73 127 163 23 147 49 130 92 67 169 68 40 106 29 164 42 110 121 28 15 54 45 190 189 72 152 0,
PFG_MOEA,562,6,274.07,2785.44,0 35 108 129 83 6 52 177 149 12 153 165 154 19 159 63 37 194 122 197 193 91 148 25 101 31 150 62 179 33 155 97 123 47 135 107 156 124 0,91 194
PFG_MOEA,563,1,285.8,2514.54,0 124 156 107 135 62 182 167 47 123 97 155 14 132 18 46 4 33 179 111 56 74 120 142 200 162 17 85 137 9 99 60 173 151 116 199 171 144 30 24 59 0,
PFG_MOEA,563,2,285.8,2514.54,0 51 48 192 69 70 55 160 43 93 53 181 104 86 178 113 100 58 195 166 66 185 78 7 44 1 2 77 175 146 0,78
PFG_MOEA,563,3,285.8,2514.54,0 64 163 131 106 40 68 128 198 119 196 98 21 115 39 0,119
PFG_MOEA,563,4,285.8,2514.54,0 138 88 183 95 172 94 32 41 169 67 191 92 130 90 168 75 80 140 38 82 161 133 158 102 105 49 147 23 145 174 157 118 170 114 188 81 0,80 92 105
PFG_MOEA,563,5,285.8,2514.54,0 117 50 71 26 8 10 89 27 184 57 187 22 87 15 54 45 190 139 19 63 108 125 103 141 186 152 134 96 79 13 28 121 110 42 29 164 127 73 3 0,54 108
PFG_MOEA,563,6,285.8,2514.54,0 136 20 143 5 61 109 36 11 34 112 180 31 150 35 16 129 83 6 52 177 149 12 153 159 154 165 101 25 148 91 193 122 194 37 72 189 197 76 65 176 84 126 0,11 35 194
PFG_MOEA,564,1,306.31,2495.58,0 136 20 143 5 61 109 11 36 126 34 112 180 182 167 56 9 137 85 17 162 200 142 120 74 62 135 107 156 124 0,11 126
PFG_MOEA,564,2,306.31,2495.58,0 47 123 97 155 111 179 33 14 132 18 46 4 99 60 173 151 116 199 171 144 30 24 59 1 44 7 2 77 0,99
PFG_MOEA,564,3,306.31,2495.58,0 51 48 146 175 78 185 66 166 195 58 100 113 178 86 104 181 53 93 43 160 192 69 70 55 196 119 198 128 98 21 115 39 64 0,93 181
PFG_MOEA,564,4,306.31,2495.58,0 131 163 106 40 68 95 172 94 32 41 169 67 191 92 130 90 168 75 80 140 38 82 161 133 158 102 105 49 147 23 183 88 145 174 157 118 170 114 188 138 81 26 10 8 50 71 0,80 105
PFG_MOEA,564,5,306.31,2495.58,0 152 83 153 12 149 177 52 6 63 159 19 139 103 190 45 54 15 87 22 187 57 184 27 89 28 121 110 42 29 164 127 73 3 0,149 190
PFG_MOEA,564,6,306.31,2495.58,0 117 13 79 96 134 186 141 125 154 165 129 16 108 35 150 31 101 25 148 91 193 122 194 37 72 189 197 76 65 176 84 0,91 141
PFG_MOEA,565,1,528.52,2327.53,0 124 156 107 126 36 109 11 167 182 34 112 180 176 197 76 65 84 74 120 142 200 162 56 9 17 85 137 173 60 99 151 116 199 30 144 171 4 46 18 132 14 33 179 111 155 97 123 47 62 135 77 2 24 59 1 44 7 195 58 100 113 178 86 104 166 66 181 53 93 160 43 185 78 175 146 192 69 70 55 196 119 198 128 98 21 115 48 51 0,126 182
PFG_MOEA,565,2,528.52,2327.53,0 39 0,39
PFG_MOEA,565,3,528.52,2327.53,0 64 0,
PFG_MOEA,565,4,528.52,2327.53,0 81 71 50 0,
PFG_MOEA,565,5,528.52,2327.53,0 131 163 106 40 130 92 133 161 82 38 140 80 75 168 90 158 102 105 49 147 23 183 88 145 174 157 118 170 10 8 26 114 188 138 0,92 168
PFG_MOEA,565,6,528.52,2327.53,0 136 20 143 61 5 16 108 35 150 31 101 25 148 91 193 122 194 37 72 189 190 45 87 22 187 57 184 27 89 41 169 67 191 32 94 68 95 172 15 54 103 139 19 159 63 6 52 177 149 12 153 83 129 165 154 125 141 186 152 134 96 79 13 28 121 110 42 29 164 127 73 3 117 0,91 141 187
PFG_MOEA,566,1,264.18,3010.24,0 117 16 108 35 150 37 72 87 22 187 57 172 95 184 27 89 41 32 94 191 133 161 82 38 140 80 75 168 105 102 158 90 67 169 68 152 0,94 168
PFG_MOEA,566,2,264.18,3010.24,0 3 31 101 25 148 91 6 52 177 149 190 45 122 76 65 193 176 84 151 116 199 171 4 46 18 132 144 30 109 107 156 124 0,122 149
PFG_MOEA,566,3,264.18,3010.24,0 126 36 11 167 182 34 112 180 194 189 197 74 120 142 200 162 17 85 137 173 60 99 9 56 111 179 33 14 155 97 123 47 62 135 77 0,
PFG_MOEA,566,4,264.18,3010.24,0 24 59 2 1 44 7 195 58 100 113 178 86 104 166 66 93 181 53 192 160 43 185 78 175 131 163 183 23 147 49 130 92 40 106 0,
PFG_MOEA,566,5,264.18,3010.24,0 136 20 143 61 69 70 55 196 119 198 98 128 10 8 145 88 174 157 118 170 114 188 138 26 81 71 50 39 0,136
PFG_MOEA,566,6,264.18,3010.24,0 51 48 146 21 115 64 127 73 164 29 42 110 121 28 15 54 13 79 96 134 186 141 103 139 19 159 63 154 125 165 153 12 83 129 5 0,21 96
PFG_MOEA,567,1,274.07,2785.44,0 112 180 182 74 120 142 200 162 56 9 17 85 137 173 60 99 151 116 199 171 4 46 18 132 14 111 144 30 77 175 24 59 2 1 44 7 160 146 48 51 0,4 162 182
PFG_MOEA,567,2,274.07,2785.44,0 167 78 185 66 166 195 58 100 113 178 86 104 181 53 93 43 192 69 70 55 196 119 198 128 98 21 115 0,104
PFG_MOEA,567,3,274.07,2785.44,0 39 50 71 26 8 10 105 102 158 90 168 75 80 140 38 82 161 133 191 41 89 27 184 172 95 94 32 131 88 145 174 157 118 170 114 188 138 81 64 0,80 94
PFG_MOEA,567,4,274.07,2785.44,0 126 20 136 143 5 61 109 36 11 34 84 176 65 76 139 103 87 22 187 57 183 13 79 96 134 186 141 125 16 117 0,
PFG_MOEA,567,5,274.07,2785.44,0 3 73 127 163 23 147 49 130 92 67 169 68 40 106 29 164 42 110 121 28 15 54 45 190 189 72 152 0,
PFG_MOEA,567,6,274.07,2785.44,0 35 108 129 83 6 52 177 149 12 153 165 154 19 159 63 37 194 122 197 193 91 148 25 101 31 150 62 179 33 155 97 123 47 135 107 156 124 0,91 194
PFG_MOEA,568,1,285.8,2514.54,0 124 156 107 135 62 182 167 47 123 97 155 14 132 18 46 4 33 179 111 56 74 120 142 200 162 17 85 137 9 99 60 173 151 116 199 171 144 30 24 59 0,
PFG_MOEA,568,2,285.8,2514.54,0 51 48 192 69 70 55 160 43 93 53 181 104 86 178 113 100 58 195 166 66 185 78 7 44 1 2 77 175 146 0,78
PFG_MOEA,568,3,285.8,2514.54,0 64 163 131 106 40 68 128 198 119 196 98 21 115 39 0,119
PFG_MOEA,568,4,285.8,2514.54,0 138 88 183 95 172 94 32 41 169 67 191 92 130 90 168 75 80 140 38 82 161 133 158 102 105 49 147 23 145 174 157 118 170 114 188 81 0,80 92 105
PFG_MOEA,568,5,285.8,2514.54,0 117 50 71 26 8 10 89 27 184 57 187 22 87 15 54 45 190 139 19 63 108 125 103 141 186 152 134 96 79 13 28 121 110 42 29 164 127 73 3 0,54 108
PFG_MOEA,568,6,285.8,2514.54,0 136 20 143 5 61 109 36 11 34 112 180 31 150 35 16 129 83 6 52 177 149 12 153 159 154 165 101 25 148 91 193 122 194 37 72 189 197 76 65 176 84 126 0,11 35 194
PFG_MOEA,569,1,306.31,2495.58,0 136 20 143 5 61 109 11 36 126 34 112 180 182 167 56 9 137 85 17 162 200 142 120 74 62 135 107 156 124 0,11 126
PFG_MOEA,569,2,306.31,2495.58,0 47 123 97 155 111 179 33 14 132 18 46 4 99 60 173 151 116 199 171 144 30 24 59 1 44 7 2 77 0,99
PFG_MOEA,569,3,306.31,2495.58,0 51 48 146 175 78 185 66 166 195 58 100 113 178 86 104 181 53 93 43 160 192 69 70 55 196 119 198 128 98 21 115 39 64 0,93 181
PFG_MOEA,569,4,306.31,2495.58,0 131 163 106 40 68 95 172 94 32 41 169 67 191 92 130 90 168 75 80 140 38 82 161 133 158 102 105 49 147 23 183 88 145 174 157 118 170 114 188 138 81 26 10 8 50 71 0,80 105
PFG_MOEA,569,5,306.31,2495.58,0 152 83 153 12 149 177 52 6 63 159 19 139 103 190 45 54 15 87 22 187 57 184 27 89 28 121 110 42 29 164 127 73 3 0,149 190
PFG_MOEA,569,6,306.31,2495.58,0 117 13 79 96 134 186 141 125 154 165 129 16 108 35 150 31 101 25 148 91 193 122 194 37 72 189 197 76 65 176 84 0,91 141
PFG_MOEA,570,1,528.52,2327.53,0 124 156 107 126 36 109 11 167 182 34 112 180 176 197 76 65 84 74 120 142 200 162 56 9 17 85 137 173 60 99 151 116 199 30 144 171 4 46 18 132 14 33 179 111 155 97 123 47 62 135 77 2 24 59 1 44 7 195 58 100 113 178 86 104 166 66 181 53 93 160 43 185 78 175 146 192 69 70 55 196 119 198 128 98 21 115 48 51 0,126 182
PFG_MOEA,570,2,528.52,2327.53,0 39 0,39
PFG_MOEA,570,3,528.52,2327.53,0 64 0,
PFG_MOEA,570,4,528.52,2327.53,0 81 71 50 0,
PFG_MOEA,570,5,528.52,2327.53,0 131 163 106 40 130 92 133 161 82 38 140 80 75 168 90 158 102 105 49 147 23 183 88 145 174 157 118 170 10 8 26 114 188 138 0,92 168
PFG_MOEA,570,6,528.52,2327.53,0 136 20 143 61 5 16 108 35 150 31 101 25 148 91 193 122 194 37 72 189 190 45 87 22 187 57 184 27 89 41 169 67 191 32 94 68 95 172 15 54 103 139 19 159 63 6 52 177 149 12 153 83 129 165 154 125 141 186 152 134 96 79 13 28 121 110 42 29 164 127 73 3 117 0,91 141 187
PFG_MOEA,571,1,264.18,3010.24,0 117 16 108 35 150 37 72 87 22 187 57 172 95 184 27 89 41 32 94 191 133 161 82 38 140 80 75 168 105 102 158 90 67 169 68 152 0,94 168
PFG_MOEA,571,2,264.18,3010.24,0 3 31 101 25 148 91 6 52 177 149 190 45 122 76 65 193 176 84 151 116 199 171 4 46 18 132 144 30 109 107 156 124 0,122 149
PFG_MOEA,571,3,264.18,3010.24,0 126 36 11 167 182 34 112 180 194 189 197 74 120 142 200 162 17 85 137 173 60 99 9 56 111 179 33 14 155 97 123 47 62 135 77 0,
PFG_MOEA,571,4,264.18,3010.24,0 24 59 2 1 44 7 195 58 100 113 178 86 104 166 66 93 181 53 192 160 43 185 78 175 131 163 183 23 147 49 130 92 40 106 0,
PFG_MOEA,571,5,264.18,3010.24,0 136 20 143 61 69 70 55 196 119 198 98 128 10 8 145 88 174 157 118 170 114 188 138 26 81 71 50 39 0,136
PFG_MOEA,571,6,264.18,3010.24,0 51 48 146 21 115 64 127 73 164 29 42 110 121 28 15 54 13 79 96 134 186 141 103 139 19 159 63 154 125 165 153 12 83 129 5 0,21 96
PFG_MOEA,572,1,274.07,2785.44,0 112 180 182 74 120 142 200 162 56 9 17 85 137 173 60 99 151 116 199 171 4 46 18 132 14 111 144 30 77 175 24 59 2 1 44 7 160 146 48 51 0,4 162 182
PFG_MOEA,572,2,274.07,2785.44,0 167 78 185 66 166 195 58 100 113 178 86 104 181 53 93 43 192 69 70 55 196 119 198 128 98 21 115 0,104
PFG_MOEA,572,3,274.07,2785.44,0 39 50 71 26 8 10 105 102 158 90 168 75 80 140 38 82 161 133 191 41 89 27 184 172 95 94 32 131 88 145 174 157 118 170 114 188 138 81 64 0,80 94
PFG_MOEA,572,4,274.07,2785.44,0 126 20 136 143 5 61 109 36 11 34 84 176 65 76 139 103 87 22 187 57 183 13 79 96 134 186 141 125 16 117 0,
PFG_MOEA,572,5,274.07,2785.44,0 3 73 127 163 23 147 49 130 92 67 169 68 40 106 29 164 42 110 121 28 15 54 45 190 189 72 152 0,
PFG_MOEA,572,6,274.07,2785.44,0 35 108 129 83 6 52 177 149 12 153 165 154 19 159 63 37 194 122 197 193 91 148 25 101 31 150 62 179 33 155 97 123 47 135 107 156 124 0,91 194
PFG_MOEA,573,1,285.8,2514.54,0 124 156 107 135 62 182 167 47 123 97 155 14 132 18 46 4 33 179 111 56 74 120 142 200 162 17 85 137 9 99 60 173 151 116 199 171 144 30 24 59 0,
PFG_MOEA,573,2,285.8,2514.54,0 51 48 192 69 70 55 160 43 93 53 181 104 86 178 113 100 58 195 166 66 185 78 7 44 1 2 77 175 146 0,78
PFG_MOEA,573,3,285.8,2514.54,0 64 163 131 106 40 68 128 198 119 196 98 21 115 39 0,119
PFG_MOEA,573,4,285.8,2514.54,0 138 88 183 95 172 94 32 41 169 67 191 92 130 90 168 75 80 140 38 82 161 133 158 102 105 49 147 23 145 174 157 118 170 114 188 81 0,80 92 105
PFG_MOEA,573,5,285.8,2514.54,0 117 50 71 26 8 10 89 27 184 57 187 22 87 15 54 45 190 139 19 63 108 125 103 141 186 152 134 96 79 13 28 121 110 42 29 164 127 73 3 0,54 108
PFG_MOEA,573,6,285.8,2514.54,0 136 20 143 5 61 109 36 11 34 112 180 31 150 35 16 129 83 6 52 177 149 12 153 159 154 165 101 25 148 91 193 122 194 37 72 189 197 76 65 176 84 126 0,11 35 194
PFG_MOEA,574,1,306.31,2495.58,0 136 20 143 5 61 109 11 36 126 34 112 180 182 167 56 9 137 85 17 162 200 142 120 74 62 135 107 156 124 0,11 126
PFG_MOEA,574,2,306.31,2495.58,0 47 123 97 155 111 179 33 14 132 18 46 4 99 60 173 151 116 199 171 144 30 24 59 1 44 7 2 77 0,99
PFG_MOEA,574,3,306.31,2495.58,0 51 48 146 175 78 185 66 166 195 58 100 113 178 86 104 181 53 93 43 160 192 69 70 55 196 119 198 128 98 21 115 39 64 0,93 181
PFG_MOEA,574,4,306.31,2495.58,0 131 163 106 40 68 95 172 94 32 41 169 67 191 92 130 90 168 75 80 140 38 82 161 133 158 102 105 49 147 23 183 88 145 174 157 118 170 114 188 138 81 26 10 8 50 71 0,80 105
PFG_MOEA,574,5,306.31,2495.58,0 152 83 153 12 149 177 52 6 63 159 19 139 103 190 45 54 15 87 22 187 57 184 27 89 28 121 110 42 29 164 127 73 3 0,149 190
PFG_MOEA,574,6,306.31,2495.58,0 117 13 79 96 134 186 141 125 154 165 129 16 108 35 150 31 101 25 148 91 193 122 194 37 72 189 197 76 65 176 84 0,91 141
PFG_MOEA,575,1,528.52,2327.53,0 124 156 107 126 36 109 11 167 182 34 112 180 176 197 76 65 84 74 120 142 200 162 56 9 17 85 137 173 60 99 151 116 199 30 144 171 4 46 18 132 14 33 179 111 155 97 123 47 62 135 77 2 24 59 1 44 7 195 58 100 113 178 86 104 166 66 181 53 93 160 43 185 78 175 146 192 69 70 55 196 119 198 128 98 21 115 48 51 0,126 182
PFG_MOEA,575,2,528.52,2327.53,0 39 0,39
PFG_MOEA,575,3,528.52,2327.53,0 64 0,
PFG_MOEA,575,4,528.52,2327.53,0 81 71 50 0,
PFG_MOEA,575,5,528.52,2327.53,0 131 163 106 40 130 92 133 161 82 38 140 80 75 168 90 158 102 105 49 147 23 183 88 145 174 157 118 170 10 8 26 114 188 138 0,92 168
PFG_MOEA,575,6,528.52,2327.53,0 136 20 143 61 5 16 108 35 150 31 101 25 148 91 193 122 194 37 72 189 190 45 87 22 187 57 184 27 89 41 169 67 191 32 94 68 95 172 15 54 103 139 19 159 63 6 52 177 149 12 153 83 129 165 154 125 141 186 152 134 96 79 13 28 121 110 42 29 164 127 73 3 117 0,91 141 187
PFG_MOEA,576,1,264.18,3010.24,0 117 16 108 35 150 37 72 87 22 187 57 172 95 184 27 89 41 32 94 191 133 161 82 38 140 80 75 168 105 102 158 90 67 169 68 152 0,94 168
PFG_MOEA,576,2,264.18,3010.24,0 3 31 101 25 148 91 6 52 177 149 190 45 122 76 65 193 176 84 151 116 199 171 4 46 18 132 144 30 109 107 156 124 0,122 149
PFG_MOEA,576,3,264.18,3010.24,0 126 36 11 167 182 34 112 180 194 189 197 74 120 142 200 162 17 85 137 173 60 99 9 56 111 179 33 14 155 97 123 47 62 135 77 0,
PFG_MOEA,576,4,264.18,3010.24,0 24 59 2 1 44 7 195 58 100 113 178 86 104 166 66 93 181 53 192 160 43 185 78 175 131 163 183 23 147 49 130 92 40 106 0,
PFG_MOEA,576,5,264.18,3010.24,0 136 20 143 61 69 70 55 196 119 198 98 128 10 8 145 88 174 157 118 170 114 188 138 26 81 71 50 39 0,136
PFG_MOEA,576,6,264.18,3010.24,0 51 48 146 21 115 64 127 73 164 29 42 110 121 28 15 54 13 79 96 134 186 141 103 139 19 159 63 154 125 165 153 12 83 129 5 0,21 96
PFG_MOEA,577,1,274.07,2785.44,0 112 180 182 74 120 142 200 162 56 9 17 85 137 173 60 99 151 116 199 171 4 46 18 132 14 111 144 30 77 175 24 59 2 1 44 7 160 146 48 51 0,4 162 182
PFG_MOEA,577,2,274.07,2785.44,0 167 78 185 66 166 195 58 100 113 178 86 104 181 53 93 43 192 69 70 55 196 119 198 128 98 21 115 0,104
PFG_MOEA,577,3,274.07,2785.44,0 39 50 71 26 8 10 105 102 158 90 168 75 80 140 38 82 161 133 191 41 89 27 184 172 95 94 32 131 88 145 174 157 118 170 114 188 138 81 64 0,80 94
PFG_MOEA,577,4,274.07,2785.44,0 126 20 136 143 5 61 109 36 11 34 84 176 65 76 139 103 87 22 187 57 183 13 79 96 134 186 141 125 16 117 0,
PFG_MOEA,577,5,274.07,2785.44,0 3 73 127 163 23 147 49 130 92 67 169 68 40 106 29 164 42 110 121 28 15 54 45 190 189 72 152 0,
PFG_MOEA,577,6,274.07,2785.44,0 35 108 129 83 6 52 177 149 12 153 165 154 19 159 63 37 194 122 197 193 91 148 25 101 31 150 62 179 33 155 97 123 47 135 107 156 124 0,91 194
PFG_MOEA,578,1,285.8,2514.54,0 124 156 107 135 62 182 167 47 123 97 155 14 132 18 46 4 33 179 111 56 74 120 142 200 162 17 85 137 9 99 60 173 151 116 199 171 144 30 24 59 0,
PFG_MOEA,578,2,285.8,2514.54,0 51 48 192 69 70 55 160 43 93 53 181 104 86 178 113 100 58 195 166 66 185 78 7 44 1 2 77 175 146 0,78
PFG_MOEA,578,3,285.8,2514.54,0 64 163 131 106 40 68 128 198 119 196 98 21 115 39 0,119
PFG_MOEA,578,4,285.8,2514.54,0 138 88 183 95 172 94 32 41 169 67 191 92 130 90 168 75 80 140 38 82 161 133 158 102 105 49 147 23 145 174 157 118 170 114 188 81 0,80 92 105
PFG_MOEA,578,5,285.8,2514.54,0 117 50 71 26 8 10 89 27 184 57 187 22 87 15 54 45 190 139 19 63 108 125 103 141 186 152 134 96 79 13 28 121 110 42 29 164 127 73 3 0,54 108
PFG_MOEA,578,6,285.8,2514.54,0 136 20 143 5 61 109 36 11 34 112 180 31 150 35 16 129 83 6 52 177 149 12 153 159 154 165 101 25 148 91 193 122 194 37 72 189 197 76 65 176 84 126 0,11 35 194
PFG_MOEA,579,1,306.31,2495.58,0 136 20 143 5 61 109 11 36 126 34 112 180 182 167 56 9 137 85 17 162 200 142 120 74 62 135 107 156 124 0,11 126
PFG_MOEA,579,2,306.31,2495.58,0 47 123 97 155 111 179 33 14 132 18 46 4 99 60 173 151 116 199 171 144 30 24 59 1 44 7 2 77 0,99
PFG_MOEA,579,3,306.31,2495.58,0 51 48 146 175 78 185 66 166 195 58 100 113 178 86 104 181 53 93 43 160 192 69 70 55 196 119 198 128 98 21 115 39 64 0,93 181
PFG_MOEA,579,4,306.31,2495.58,0 131 163 106 40 68 95 172 94 32 41 169 67 191 92 130 90 168 75 80 140 38 82 161 133 158 102 105 49 147 23 183 88 145 174 157 118 170 114 188 138 81 26 10 8 50 71 0,80 105
PFG_MOEA,579,5,306.31,2495.58,0 152 83 153 12 149 177 52 6 63 159 19 139 103 190 45 54 15 87 22 187 57 184 27 89 28 121 110 42 29 164 127 73 3 0,149 190
PFG_MOEA,579,6,306.31,2495.58,0 117 13 79 96 134 186 141 125 154 165 129 16 108 35 150 31 101 25 148 91 193 122 194 37 72 189 197 76 65 176 84 0,91 141
PFG_MOEA,580,1,528.52,2327.53,0 124 156 107 126 36 109 11 167 182 34 112 180 176 197 76 65 84 74 120 142 200 162 56 9 17 85 137 173 60 99 151 116 199 30 144 171 4 46 18 132 14 33 179 111 155 97 123 47 62 135 77 2 24 59 1 44 7 195 58 100 113 178 86 104 166 66 181 53 93 160 43 185 78 175 146 192 69 70 55 196 119 198 128 98 21 115 48 51 0,126 182
PFG_MOEA,580,2,528.52,2327.53,0 39 0,39
PFG_MOEA,580,3,528.52,2327.53,0 64 0,
PFG_MOEA,580,4,528.52,2327.53,0 81 71 50 0,
PFG_MOEA,580,5,528.52,2327.53,0 131 163 106 40 130 92 133 161 82 38 140 80 75 168 90 158 102 105 49 147 23 183 88 145 174 157 118 170 10 8 26 114 188 138 0,92 168
PFG_MOEA,580,6,528.52,2327.53,0 136 20 143 61 5 16 108 35 150 31 101 25 148 91 193 122 194 37 72 189 190 45 87 22 187 57 184 27 89 41 169 67 191 32 94 68 95 172 15 54 103 139 19 159 63 6 52 177 149 12 153 83 129 165 154 125 141 186 152 134 96 79 13 28 121 110 42 29 164 127 73 3 117 0,91 141 187
PFG_MOEA,581,1,264.18,3010.24,0 117 16 108 35 150 37 72 87 22 187 57 172 95 184 27 89 41 32 94 191 133 161 82 38 140 80 75 168 105 102 158 90 67 169 68 152 0,94 168
PFG_MOEA,581,2,264.18,3010.24,0 3 31 101 25 148 91 6 52 177 149 190 45 122 76 65 193 176 84 151 116 199 171 4 46 18 132 144 30 109 107 156 124 0,122 149
PFG_MOEA,581,3,264.18,3010.24,0 126 36 11 167 182 34 112 180 194 189 197 74 120 142 200 162 17 85 137 173 60 99 9 56 111 179 33 14 155 97 123 47 62 135 77 0,
PFG_MOEA,581,4,264.18,3010.24,0 24 59 2 1 44 7 195 58 100 113 178 86 104 166 66 93 181 53 192 160 43 185 78 175 131 163 183 23 147 49 130 92 40 106 0,
PFG_MOEA,581,5,264.18,3010.24,0 136 20 143 61 69 70 55 196 119 198 98 128 10 8 145 88 174 157 118 170 114 188 138 26 81 71 50 39 0,136
PFG_MOEA,581,6,264.18,3010.24,0 51 48 146 21 115 64 127 73 164 29 42 110 121 28 15 54 13 79 96 134 186 141 103 139 19 159 63 154 125 165 153 12 83 129 5 0,21 96
PFG_MOEA,582,1,274.07,2785.44,0 112 180 182 74 120 142 200 162 56 9 17 85 137 173 60 99 151 116 199 171 4 46 18 132 14 111 144 30 77 175 24 59 2 1 44 7 160 146 48 51 0,4 162 182
PFG_MOEA,582,2,274.07,2785.44,0 167 78 185 66 166 195 58 100 113 178 86 104 181 53 93 43 192 69 70 55 196 119 198 128 98 21 115 0,104
PFG_MOEA,582,3,274.07,2785.44,0 39 50 71 26 8 10 105 102 158 90 168 75 80 140 38 82 161 133 191 41 89 27 184 172 95 94 32 131 88 145 174 157 118 170 114 188 138 81 64 0,80 94
PFG_MOEA,582,4,274.07,2785.44,0 126 20 136 143 5 61 109 36 11 34 84 176 65 76 139 103 87 22 187 57 183 13 79 96 134 186 141 125 16 117 0,
PFG_MOEA,582,5,274.07,2785.44,0 3 73 127 163 23 147 49 130 92 67 169 68 40 106 29 164 42 110 121 28 15 54 45 190 189 72 152 0,
PFG_MOEA,582,6,274.07,2785.44,0 35 108 129 83 6 52 177 149 12 153 165 154 19 159 63 37 194 122 197 193 91 148 25 101 31 150 62 179 33 155 97 123 47 135 107 156 124 0,91 194
PFG_MOEA,583,1,285.8,2514.54,0 124 156 107 135 62 182 167 47 123 97 155 14 132 18 46 4 33 179 111 56 74 120 142 200 162 17 85 137 9 99 60 173 151 116 199 171 144 30 24 59 0,
PFG_MOEA,583,2,285.8,2514.54,0 51 48 192 69 70 55 160 43 93 53 181 104 86 178 113 100 58 195 166 66 185 78 7 44 1 2 77 175 146 0,78
PFG_MOEA,583,3,285.8,2514.54,0 64 163 131 106 40 68 128 198 119 196 98 21 115 39 0,119
PFG_MOEA,583,4,285.8,2514.54,0 138 88 183 95 172 94 32 41 169 67 191 92 130 90 168 75 80 140 38 82 161 133 158 102 105 49 147 23 145 174 157 118 170 114 188 81 0,80 92 105
PFG_MOEA,583,5,285.8,2514.54,0 117 50 71 26 8 10 89 27 184 57 187 22 87 15 54 45 190 139 19 63 108 125 103 141 186 152 134 96 79 13 28 121 110 42 29 164 127 73 3 0,54 108
PFG_MOEA,583,6,285.8,2514.54,0 136 20 143 5 61 109 36 11 34 112 180 31 150 35 16 129 83 6 52 177 149 12 153 159 154 165 101 25 148 91 193 122 194 37 72 189 197 76 65 176 84 126 0,11 35 194
PFG_MOEA,584,1,306.31,2495.58,0 136 20 143 5 61 109 11 36 126 34 112 180 182 167 56 9 137 85 17 162 200 142 120 74 62 135 107 156 124 0,11 126
PFG_MOEA,584,2,306.31,2495.58,0 47 123 97 155 111 179 33 14 132 18 46 4 99 60 173 151 116 199 171 144 30 24 59 1 44 7 2 77 0,99
PFG_MOEA,584,3,306.31,2495.58,0 51 48 146 175 78 185 66 166 195 58 100 113 178 86 104 181 53 93 43 160 192 69 70 55 196 119 198 128 98 21 115 39 64 0,93 181
PFG_MOEA,584,4,306.31,2495.58,0 131 163 106 40 68 95 172 94 32 41 169 67 191 92 130 90 168 75 80 140 38 82 161 133 158 102 105 49 147 23 183 88 145 174 157 118 170 114 188 138 81 26 10 8 50 71 0,80 105
PFG_MOEA,584,5,306.31,2495.58,0 152 83 153 12 149 177 52 6 63 159 19 139 103 190 45 54 15 87 22 187 57 184 27 89 28 121 110 42 29 164 127 73 3 0,149 190
PFG_MOEA,584,6,306.31,2495.58,0 117 13 79 96 134 186 141 125 154 165 129 16 108 35 150 31 101 25 148 91 193 122 194 37 72 189 197 76 65 176 84 0,91 141
PFG_MOEA,585,1,528.52,2327.53,0 124 156 107 126 36 109 11 167 182 34 112 180 176 197 76 65 84 74 120 142 200 162 56 9 17 85 137 173 60 99 151 116 199 30 144 171 4 46 18 132 14 33 179 111 155 97 123 47 62 135 77 2 24 59 1 44 7 195 58 100 113 178 86 104 166 66 181 53 93 160 43 185 78 175 146 192 69 70 55 196 119 198 128 98 21 115 48 51 0,126 182
PFG_MOEA,585,2,528.52,2327.53,0 39 0,39
PFG_MOEA,585,3,528.52,2327.53,0 64 0,
PFG_MOEA,585,4,528.52,2327.53,0 81 71 50 0,
PFG_MOEA,585,5,528.52,2327.53,0 131 163 106 40 130 92 133 161 82 38 140 80 75 168 90 158 102 105 49 147 23 183 88 145 174 157 118 170 10 8 26 114 188 138 0,92 168
PFG_MOEA,585,6,528.52,2327.53,0 136 20 143 61 5 16 108 35 150 31 101 25 148 91 193 122 194 37 72 189 190 45 87 22 187 57 184 27 89 41 169 67 191 32 94 68 95 172 15 54 103 139 19 159 63 6 52 177 149 12 153 83 129 165 154 125 141 186 152 134 96 79 13 28 121 110 42 29 164 127 73 3 117 0,91 141 187
PFG_MOEA,586,1,264.18,3010.24,0 117 16 108 35 150 37 72 87 22 187 57 172 95 184 27 89 41 32 94 191 133 161 82 38 140 80 75 168 105 102 158 90 67 169 68 152 0,94 168
PFG_MOEA,586,2,264.18,3010.24,0 3 31 101 25 148 91 6 52 177 149 190 45 122 76 65 193 176 84 151 116 199 171 4 46 18 132 144 30 109 107 156 124 0,122 149
PFG_MOEA,586,3,264.18,3010.24,0 126 36 11 167 182 34 112 180 194 189 197 74 120 142 200 162 17 85 137 173 60 99 9 56 111 179 33 14 155 97 123 47 62 135 77 0,
PFG_MOEA,586,4,264.18,3010.24,0 24 59 2 1 44 7 195 58 100 113 178 86 104 166 66 93 181 53 192 160 43 185 78 175 131 163 183 23 147 49 130 92 40 106 0,
PFG_MOEA,586,5,264.18,3010.24,0 136 20 143 61 69 70 55 196 119 198 98 128 10 8 145 88 174 157 118 170 114 188 138 26 81 71 50 39 0,136
PFG_MOEA,586,6,264.18,3010.24,0 51 48 146 21 115 64 127 73 164 29 42 110 121 28 15 54 13 79 96 134 186 141 103 139 19 159 63 154 125 165 153 12 83 129 5 0,21 96
PFG_MOEA,587,1,274.07,2785.44,0 112 180 182 74 120 142 200 162 56 9 17 85 137 173 60 99 151 116 199 171 4 46 18 132 14 111 144 30 77 175 24 59 2 1 44 7 160 146 48 51 0,4 162 182
PFG_MOEA,587,2,274.07,2785.44,0 167 78 185 66 166 195 58 100 113 178 86 104 181 53 93 43 192 69 70 55 196 119 198 128 98 21 115 0,104
PFG_MOEA,587,3,274.07,2785.44,0 39 50 71 26 8 10 105 102 158 90 168 75 80 140 38 82 161 133 191 41 89 27 184 172 95 94 32 131 88 145 174 157 118 170 114 188 138 81 64 0,80 94
PFG_MOEA,587,4,274.07,2785.44,0 126 20 136 143 5 61 109 36 11 34 84 176 65 76 139 103 87 22 187 57 183 13 79 96 134 186 141 125 16 117 0,
PFG_MOEA,587,5,274.07,2785.44,0 3 73 127 163 23 147 49 130 92 67 169 68 40 106 29 164 42 110 121 28 15 54 45 190 189 72 152 0,
PFG_MOEA,587,6,274.07,2785.44,0 35 108 129 83 6 52 177 149 12 153 165 154 19 159 63 37 194 122 197 193 91 148 25 101 31 150 62 179 33 155 97 123 47 135 107 156 124 0,91 194
PFG_MOEA,588,1,285.8,2514.54,0 124 156 107 135 62 182 167 47 123 97 155 14 132 18 46 4 33 179 111 56 74 120 142 200 162 17 85 137 9 99 60 173 151 116 199 171 144 30 24 59 0,
PFG_MOEA,588,2,285.8,2514.54,0 51 48 192 69 70 55 160 43 93 53 181 104 86 178 113 100 58 195 166 66 185 78 7 44 1 2 77 175 146 0,78
PFG_MOEA,588,3,285.8,2514.54,0 64 163 131 106 40 68 128 198 119 196 98 21 115 39 0,119
PFG_MOEA,588,4,285.8,2514.54,0 138 88 183 95 172 94 32 41 169 67 191 92 130 90 168 75 80 140 38 82 161 133 158 102 105 49 147 23 145 174 157 118 170 114 188 81 0,80 92 105
PFG_MOEA,588,5,285.8,2514.54,0 117 50 71 26 8 10 89 27 184 57 187 22 87 15 54 45 190 139 19 63 108 125 103 141 186 152 134 96 79 13 28 121 110 42 29 164 127 73 3 0,54 108
PFG_MOEA,588,6,285.8,2514.54,0 136 20 143 5 61 109 36 11 34 112 180 31 150 35 16 129 83 6 52 177 149 12 153 159 154 165 101 25 148 91 193 122 194 37 72 189 197 76 65 176 84 126 0,11 35 194
PFG_MOEA,589,1,306.31,2495.58,0 136 20 143 5 61 109 11 36 126 34 112 180 182 167 56 9 137 85 17 162 200 142 120 74 62 135 107 156 124 0,11 126
PFG_MOEA,589,2,306.31,2495.58,0 47 123 97 155 111 179 33 14 132 18 46 4 99 60 173 151 116 199 171 144 30 24 59 1 44 7 2 77 0,99
PFG_MOEA,589,3,306.31,2495.58,0 51 48 146 175 78 185 66 166 195 58 100 113 178 86 104 181 53 93 43 160 192 69 70 55 196 119 198 128 98 21 115 39 64 0,93 181
PFG_MOEA,589,4,306.31,2495.58,0 131 163 106 40 68 95 172 94 32 41 169 67 191 92 130 90 168 75 80 140 38 82 161 133 158 102 105 49 147 23 183 88 145 174 157 118 170 114 188 138 81 26 10 8 50 71 0,80 105
PFG_MOEA,589,5,306.31,2495.58,0 152 83 153 12 149 177 52 6 63 159 19 139 103 190 45 54 15 87 22 187 57 184 27 89 28 121 110 42 29 164 127 73 3 0,149 190
PFG_MOEA,589,6,306.31,2495.58,0 117 13 79 96 134 186 141 125 154 165 129 16 108 35 150 31 101 25 148 91 193 122 194 37 72 189 197 76 65 176 84 0,91 141
PFG_MOEA,590,1,528.52,2327.53,0 124 156 107 126 36 109 11 167 182 34 112 180 176 197 76 65 84 74 120 142 200 162 56 9 17 85 137 173 60 99 151 116 199 30 144 171 4 46 18 132 14 33 179 111 155 97 123 47 62 135 77 2 24 59 1 44 7 195 58 100 113 178 86 104 166 66 181 53 93 160 43 185 78 175 146 192 69 70 55 196 119 198 128 98 21 115 48 51 0,126 182
PFG_MOEA,590,2,528.52,2327.53,0 39 0,39
PFG_MOEA,590,3,528.52,2327.53,0 64 0,
PFG_MOEA,590,4,528.52,2327.53,0 81 71 50 0,
PFG_MOEA,590,5,528.52,2327.53,0 131 163 106 40 130 92 133 161 82 38 140 80 75 168 90 158 102 105 49 147 23 183 88 145 174 157 118 170 10 8 26 114 188 138 0,92 168
PFG_MOEA,590,6,528.52,2327.53,0 136 20 143 61 5 16 108 35 150 31 101 25 148 91 193 122 194 37 72 189 190 45 87 22 187 57 184 27 89 41 169 67 191 32 94 68 95 172 15 54 103 139 19 159 63 6 52 177 149 12 153 83 129 165 154 125 141 186 152 134 96 79 13 28 121 110 42 29 164 127 73 3 117 0,91 141 187
PFG_MOEA,591,1,264.18,3010.24,0 117 16 108 35 150 37 72 87 22 187 57 172 95 184 27 89 41 32 94 191 133 161 82 38 140 80 75 168 105 102 158 90 67 169 68 152 0,94 168
PFG_MOEA,591,2,264.18,3010.24,0 3 31 101 25 148 91 6 52 177 149 190 45 122 76 65 193 176 84 151 116 199 171 4 46 18 132 144 30 109 107 156 124 0,122 149
PFG_MOEA,591,3,264.18,3010.24,0 126 36 11 167 182 34 112 180 194 189 197 74 120 142 200 162 17 85 137 173 60 99 9 56 111 179 33 14 155 97 123 47 62 135 77 0,
PFG_MOEA,591,4,264.18,3010.24,0 24 59 2 1 44 7 195 58 100 113 178 86 104 166 66 93 181 53 192 160 43 185 78 175 131 163 183 23 147 49 130 92 40 106 0,
PFG_MOEA,591,5,264.18,3010.24,0 136 20 143 61 69 70 55 196 119 198 98 128 10 8 145 88 174 157 118 170 114 188 138 26 81 71 50 39 0,136
PFG_MOEA,591,6,264.18,3010.24,0 51 48 146 21 115 64 127 73 164 29 42 110 121 28 15 54 13 79 96 134 186 141 103 139 19 159 63 154 125 165 153 12 83 129 5 0,21 96
PFG_MOEA,592,1,274.07,2785.44,0 112 180 182 74 120 142 200 162 56 9 17 85 137 173 60 99 151 116 199 171 4 46 18 132 14 111 144 30 77 175 24 59 2 1 44 7 160 146 48 51 0,4 162 182
PFG_MOEA,592,2,274.07,2785.44,0 167 78 185 66 166 195 58 100 113 178 86 104 181 53 93 43 192 69 70 55 196 119 198 128 98 21 115 0,104
PFG_MOEA,592,3,274.07,2785.44,0 39 50 71 26 8 10 105 102 158 90 168 75 80 140 38 82 161 133 191 41 89 27 184 172 95 94 32 131 88 145 174 157 118 170 114 188 138 81 64 0,80 94
PFG_MOEA,592,4,274.07,2785.44,0 126 20 136 143 5 61 109 36 11 34 84 176 65 76 139 103 87 22 187 57 183 13 79 96 134 186 141 125 16 117 0,
PFG_MOEA,592,5,274.07,2785.44,0 3 73 127 163 23 147 49 130 92 67 169 68 40 106 29 164 42 110 121 28 15 54 45 190 189 72 152 0,
PFG_MOEA,592,6,274.07,2785.44,0 35 108 129 83 6 52 177 149 12 153 165 154 19 159 63 37 194 122 197 193 91 148 25 101 31 150 62 179 33 155 97 123 47 135 107 156 124 0,91 194
PFG_MOEA,593,1,285.8,2514.54,0 124 156 107 135 62 182 167 47 123 97 155 14 132 18 46 4 33 179 111 56 74 120 142 200 162 17 85 137 9 99 60 173 151 116 199 171 144 30 24 59 0,
PFG_MOEA,593,2,285.8,2514.54,0 51 48 192 69 70 55 160 43 93 53 181 104 86 178 113 100 58 195 166 66 185 78 7 44 1 2 77 175 146 0,78
PFG_MOEA,593,3,285.8,2514.54,0 64 163 131 106 40 68 128 198 119 196 98 21 115 39 0,119
PFG_MOEA,593,4,285.8,2514.54,0 138 88 183 95 172 94 32 41 169 67 191 92 130 90 168 75 80 140 38 82 161 133 158 102 105 49 147 23 145 174 157 118 170 114 188 81 0,80 92 105
PFG_MOEA,593,5,285.8,2514.54,0 117 50 71 26 8 10 89 27 184 57 187 22 87 15 54 45 190 139 19 63 108 125 103 141 186 152 134 96 79 13 28 121 110 42 29 164 127 73 3 0,54 108
PFG_MOEA,593,6,285.8,2514.54,0 136 20 143 5 61 109 36 11 34 112 180 31 150 35 16 129 83 6 52 177 149 12 153 159 154 165 101 25 148 91 193 122 194 37 72 189 197 76 65 176 84 126 0,11 35 194
PFG_MOEA,594,1,306.31,2495.58,0 136 20 143 5 61 109 11 36 126 34 112 180 182 167 56 9 137 85 17 162 200 142 120 74 62 135 107 156 124 0,11 126
PFG_MOEA,594,2,306.31,2495.58,0 47 123 97 155 111 179 33 14 132 18 46 4 99 60 173 151 116 199 171 144 30 24 59 1 44 7 2 77 0,99
PFG_MOEA,594,3,306.31,2495.58,0 51 48 146 175 78 185 66 166 195 58 100 113 178 86 104 181 53 93 43 160 192 69 70 55 196 119 198 128 98 21 115 39 64 0,93 181
PFG_MOEA,594,4,306.31,2495.58,0 131 163 106 40 68 95 172 94 32 41 169 67 191 92 130 90 168 75 80 140 38 82 161 133 158 102 105 49 147 23 183 88 145 174 157 118 170 114 188 138 81 26 10 8 50 71 0,80 105
PFG_MOEA,594,5,306.31,2495.58,0 152 83 153 12 149 177 52 6 63 159 19 139 103 190 45 54 15 87 22 187 57 184 27 89 28 121 110 42 29 164 127 73 3 0,149 190
PFG_MOEA,594,6,306.31,2495.58,0 117 13 79 96 134 186 141 125 154 165 129 16 108 35 150 31 101 25 148 91 193 122 194 37 72 189 197 76 65 176 84 0,91 141
PFG_MOEA,595,1,528.52,2327.53,0 124 156 107 126 36 109 11 167 182 34 112 180 176 197 76 65 84 74 120 142 200 162 56 9 17 85 137 173 60 99 151 116 199 30 144 171 4 46 18 132 14 33 179 111 155 97 123 47 62 135 77 2 24 59 1 44 7 195 58 100 113 178 86 104 166 66 181 53 93 160 43 185 78 175 146 192 69 70 55 196 119 198 128 98 21 115 48 51 0,126 182
PFG_MOEA,595,2,528.52,2327.53,0 39 0,39
PFG_MOEA,595,3,528.52,2327.53,0 64 0,
PFG_MOEA,595,4,528.52,2327.53,0 81 71 50 0,
PFG_MOEA,595,5,528.52,2327.53,0 131 163 106 40 130 92 133 161 82 38 140 80 75 168 90 158 102 105 49 147 23 183 88 145 174 157 118 170 10 8 26 114 188 138 0,92 168
PFG_MOEA,595,6,528.52,2327.53,0 136 20 143 61 5 16 108 35 150 31 101 25 148 91 193 122 194 37 72 189 190 45 87 22 187 57 184 27 89 41 169 67 191 32 94 68 95 172 15 54 103 139 19 159 63 6 52 177 149 12 153 83 129 165 154 125 141 186 152 134 96 79 13 28 121 110 42 29 164 127 73 3 117 0,91 141 187
PFG_MOEA,596,1,264.18,3010.24,0 117 16 108 35 150 37 72 87 22 187 57 172 95 184 27 89 41 32 94 191 133 161 82 38 140 80 75 168 105 102 158 90 67 169 68 152 0,94 168
PFG_MOEA,596,2,264.18,3010.24,0 3 31 101 25 148 91 6 52 177 149 190 45 122 76 65 193 176 84 151 116 199 171 4 46 18 132 144 30 109 107 156 124 0,122 149
PFG_MOEA,596,3,264.18,3010.24,0 126 36 11 167 182 34 112 180 194 189 197 74 120 142 200 162 17 85 137 173 60 99 9 56 111 179 33 14 155 97 123 47 62 135 77 0,
PFG_MOEA,596,4,264.18,3010.24,0 24 59 2 1 44 7 195 58 100 113 178 86 104 166 66 93 181 53 192 160 43 185 78 175 131 163 183 23 147 49 130 92 40 106 0,
PFG_MOEA,596,5,264.18,3010.24,0 136 20 143 61 69 70 55 196 119 198 98 128 10 8 145 88 174 157 118 170 114 188 138 26 81 71 50 39 0,136
PFG_MOEA,596,6,264.18,3010.24,0 51 48 146 21 115 64 127 73 164 29 42 110 121 28 15 54 13 79 96 134 186 141 103 139 19 159 63 154 125 165 153 12 83 129 5 0,21 96
PFG_MOEA,597,1,274.07,2785.44,0 112 180 182 74 120 142 200 162 56 9 17 85 137 173 60 99 151 116 199 171 4 46 18 132 14 111 144 30 77 175 24 59 2 1 44 7 160 146 48 51 0,4 162 182
PFG_MOEA,597,2,274.07,2785.44,0 167 78 185 66 166 195 58 100 113 178 86 104 181 53 93 43 192 69 70 55 196 119 198 128 98 21 115 0,104
PFG_MOEA,597,3,274.07,2785.44,0 39 50 71 26 8 10 105 102 158 90 168 75 80 140 38 82 161 133 191 41 89 27 184 172 95 94 32 131 88 145 174 157 118 170 114 188 138 81 64 0,80 94
PFG_MOEA,597,4,274.07,2785.44,0 126 20 136 143 5 61 109 36 11 34 84 176 65 76 139 103 87 22 187 57 183 13 79 96 134 186 141 125 16 117 0,
PFG_MOEA,597,5,274.07,2785.44,0 3 73 127 163 23 147 49 130 92 67 169 68 40 106 29 164 42 110 121 28 15 54 45 190 189 72 152 0,
PFG_MOEA,597,6,274.07,2785.44,0 35 108 129 83 6 52 177 149 12 153 165 154 19 159 63 37 194 122 197 193 91 148 25 101 31 150 62 179 33 155 97 123 47 135 107 156 124 0,91 194
PFG_MOEA,598,1,285.8,2514.54,0 124 156 107 135 62 182 167 47 123 97 155 14 132 18 46 4 33 179 111 56 74 120 142 200 162 17 85 137 9 99 60 173 151 116 199 171 144 30 24 59 0,
PFG_MOEA,598,2,285.8,2514.54,0 51 48 192 69 70 55 160 43 93 53 181 104 86 178 113 100 58 195 166 66 185 78 7 44 1 2 77 175 146 0,78
PFG_MOEA,598,3,285.8,2514.54,0 64 163 131 106 40 68 128 198 119 196 98 21 115 39 0,119
PFG_MOEA,598,4,285.8,2514.54,0 138 88 183 95 172 94 32 41 169 67 191 92 130 90 168 75 80 140 38 82 161 133 158 102 105 49 147 23 145 174 157 118 170 114 188 81 0,80 92 105
PFG_MOEA,598,5,285.8,2514.54,0 117 50 71 26 8 10 89 27 184 57 187 22 87 15 54 45 190 139 19 63 108 125 103 141 186 152 134 96 79 13 28 121 110 42 29 164 127 73 3 0,54 108
PFG_MOEA,598,6,285.8,2514.54,0 136 20 143 5 61 109 36 11 34 112 180 31 150 35 16 129 83 6 52 177 149 12 153 159 154 165 101 25 148 91 193 122 194 37 72 189 197 76 65 176 84 126 0,11 35 194
PFG_MOEA,599,1,279.47,2703.52,0 64 163 131 106 40 68 95 172 94 32 41 67 169 183 88 145 114 188 138 81 26 10 8 50 128 98 198 119 196 55 70 69 192 160 181 53 93 43 21 115 39 0,94 119
PFG_MOEA,599,2,279.47,2703.52,0 117 71 89 27 184 57 187 22 87 15 54 45 190 83 153 12 149 177 52 6 63 159 19 139 103 13 79 96 134 152 28 121 110 42 29 164 127 73 3 0,149
PFG_MOEA,599,3,279.47,2703.52,0 84 176 65 76 197 189 72 37 194 122 193 91 148 25 101 31 150 35 108 16 129 165 154 125 141 186 174 0,91 108
PFG_MOEA,599,4,279.47,2703.52,0 157 130 92 191 133 161 82 38 140 80 75 168 90 158 102 105 49 147 23 170 118 0,92 105 147
PFG_MOEA,599,5,279.47,2703.52,0 124 156 107 135 62 47 123 97 155 111 179 33 14 9 137 85 17 162 200 142 120 74 56 167 182 180 112 34 126 36 11 109 61 5 143 20 136 0,109
PFG_MOEA,599,6,279.47,2703.52,0 51 48 185 66 166 195 58 100 113 178 86 104 78 175 24 59 7 44 1 2 199 116 151 173 60 99 4 46 18 132 171 144 30 77 146 0,78
PFG_MOEA,600,1,306.31,2495.58,0 136 20 143 5 61 109 11 36 126 34 112 180 182 167 56 9 137 85 17 162 200 142 120 74 62 135 107 156 124 0,11 126
PFG_MOEA,600,2,306.31,2495.58,0 47 123 97 155 111 179 33 14 132 18 46 4 99 60 173 151 116 199 171 144 30 24 59 1 44 7 2 77 0,99
PFG_MOEA,600,3,306.31,2495.58,0 51 48 146 175 78 185 66 166 195 58 100 113 178 86 104 181 53 93 43 160 192 69 70 55 196 119 198 128 98 21 115 39 64 0,93 181
PFG_MOEA,600,4,306.31,2495.58,0 131 163 106 40 68 95 172 94 32 41 169 67 191 92 130 90 168 75 80 140 38 82 161 133 158 102 105 49 147 23 183 88 145 174 157 118 170 114 188 138 81 26 10 8 50 71 0,80 105
PFG_MOEA,600,5,306.31,2495.58,0 152 83 153 12 149 177 52 6 63 159 19 139 103 190 45 54 15 87 22 187 57 184 27 89 28 121 110 42 29 164 127 73 3 0,149 190
PFG_MOEA,600,6,306.31,2495.58,0 117 13 79 96 134 186 141 125 154 165 129 16 108 35 150 31 101 25 148 91 193 122 194 37 72 189 197 76 65 176 84 0,91 141
PFG_MOEA,601,1,528.52,2327.53,0 124 156 107 126 36 109 11 167 182 34 112 180 176 197 76 65 84 74 120 142 200 162 56 9 17 85 137 173 60 99 151 116 199 30 144 171 4 46 18 132 14 33 179 111 155 97 123 47 62 135 77 2 24 59 1 44 7 195 58 100 113 178 86 104 166 66 181 53 93 160 43 185 78 175 146 192 69 70 55 196 119 198 128 98 21 115 48 51 0,126 182
PFG_MOEA,601,2,528.52,2327.53,0 39 0,39
PFG_MOEA,601,3,528.52,2327.53,0 64 0,
PFG_MOEA,601,4,528.52,2327.53,0 81 71 50 0,
PFG_MOEA,601,5,528.52,2327.53,0 131 163 106 40 130 92 133 161 82 38 140 80 75 168 90 158 102 105 49 147 23 183 88 145 174 157 118 170 10 8 26 114 188 138 0,92 168
PFG_MOEA,601,6,528.52,2327.53,0 136 20 143 61 5 16 108 35 150 31 101 25 148 91 193 122 194 37 72 189 190 45 87 22 187 57 184 27 89 41 169 67 191 32 94 68 95 172 15 54 103 139 19 159 63 6 52 177 149 12 153 83 129 165 154 125 141 186 152 134 96 79 13 28 121 110 42 29 164 127 73 3 117 0,91 141 187
PFG_MOEA,602,1,264.18,3010.24,0 117 16 108 35 150 37 72 87 22 187 57 172 95 184 27 89 41 32 94 191 133 161 82 38 140 80 75 168 105 102 158 90 67 169 68 152 0,94 168
PFG_MOEA,602,2,264.18,3010.24,0 3 31 101 25 148 91 6 52 177 149 190 45 122 76 65 193 176 84 151 116 199 171 4 46 18 132 144 30 109 107 156 124 0,122 149
PFG_MOEA,602,3,264.18,3010.24,0 126 36 11 167 182 34 112 180 194 189 197 74 120 142 200 162 17 85 137 173 60 99 9 56 111 179 33 14 155 97 123 47 62 135 77 0,
PFG_MOEA,602,4,264.18,3010.24,0 24 59 2 1 44 7 195 58 100 113 178 86 104 166 66 93 181 53 192 160 43 185 78 175 131 163 183 23 147 49 130 92 40 106 0,
PFG_MOEA,602,5,264.18,3010.24,0 136 20 143 61 69 70 55 196 119 198 98 128 10 8 145 88 174 157 118 170 114 188 138 26 81 71 50 39 0,136
PFG_MOEA,602,6,264.18,3010.24,0 51 48 146 21 115 64 127 73 164 29 42 110 121 28 15 54 13 79 96 134 186 141 103 139 19 159 63 154 125 165 153 12 83 129 5 0,21 96
PFG_MOEA,603,1,274.07,2785.44,0 112 180 182 74 120 142 200 162 56 9 17 85 137 173 60 99 151 116 199 171 4 46 18 132 14 111 144 30 77 175 24 59 2 1 44 7 160 146 48 51 0,4 162 182
PFG_MOEA,603,2,274.07,2785.44,0 167 78 185 66 166 195 58 100 113 178 86 104 181 53 93 43 192 69 70 55 196 119 198 128 98 21 115 0,104
PFG_MOEA,603,3,274.07,2785.44,0 39 50 71 26 8 10 105 102 158 90 168 75 80 140 38 82 161 133 191 41 89 27 184 172 95 94 32 131 88 145 174 157 118 170 114 188 138 81 64 0,80 94
PFG_MOEA,603,4,274.07,2785.44,0 126 20 136 143 5 61 109 36 11 34 84 176 65 76 139 103 87 22 187 57 183 13 79 96 134 186 141 125 16 117 0,
PFG_MOEA,603,5,274.07,2785.44,0 3 73 127 163 23 147 49 130 92 67 169 68 40 106 29 164 42 110 121 28 15 54 45 190 189 72 152 0,
PFG_MOEA,603,6,274.07,2785.44,0 35 108 129 83 6 52 177 149 12 153 165 154 19 159 63 37 194 122 197 193 91 148 25 101 31 150 62 179 33 155 97 123 47 135 107 156 124 0,91 194
PFG_MOEA,604,1,285.8,2514.54,0 124 156 107 135 62 182 167 47 123 97 155 14 132 18 46 4 33 179 111 56 74 120 142 200 162 17 85 137 9 99 60 173 151 116 199 171 144 30 24 59 0,
PFG_MOEA,604,2,285.8,2514.54,0 51 48 192 69 70 55 160 43 93 53 181 104 86 178 113 100 58 195 166 66 185 78 7 44 1 2 77 175 146 0,78
PFG_MOEA,604,3,285.8,2514.54,0 64 163 131 106 40 68 128 198 119 196 98 21 115 39 0,119
PFG_MOEA,604,4,285.8,2514.54,0 138 88 183 95 172 94 32 41 169 67 191 92 130 90 168 75 80 140 38 82 161 133 158 102 105 49 147 23 145 174 157 118 170 114 188 81 0,80 92 105
PFG_MOEA,604,5,285.8,2514.54,0 117 50 71 26 8 10 89 27 184 57 187 22 87 15 54 45 190 139 19 63 108 125 103 141 186 152 134 96 79 13 28 121 110 42 29 164 127 73 3 0,54 108
PFG_MOEA,604,6,285.8,2514.54,0 136 20 143 5 61 109 36 11 34 112 180 31 150 35 16 129 83 6 52 177 149 12 153 159 154 165 101 25 148 91 193 122 194 37 72 189 197 76 65 176 84 126 0,11 35 194
PFG_MOEA,605,1,279.47,2703.52,0 64 163 131 106 40 68 95 172 94 32 41 67 169 183 88 145 114 188 138 81 26 10 8 50 128 98 198 119 196 55 70 69 192 160 181 53 93 43 21 115 39 0,94 119
PFG_MOEA,605,2,279.47,2703.52,0 117 71 89 27 184 57 187 22 87 15 54 45 190 83 153 12 149 177 52 6 63 159 19 139 103 13 79 96 134 152 28 121 110 42 29 164 127 73 3 0,149
PFG_MOEA,605,3,279.47,2703.52,0 84 176 65 76 197 189 72 37 194 122 193 91 148 25 101 31 150 35 108 16 129 165 154 125 141 186 174 0,91 108
PFG_MOEA,605,4,279.47,2703.52,0 157 130 92 191 133 161 82 38 140 80 75 168 90 158 102 105 49 147 23 170 118 0,92 105 147
PFG_MOEA,605,5,279.47,2703.52,0 124 156 107 135 62 47 123 97 155 111 179 33 14 9 137 85 17 162 200 142 120 74 56 167 182 180 112 34 126 36 11 109 61 5 143 20 136 0,109
PFG_MOEA,605,6,279.47,2703.52,0 51 48 185 66 166 195 58 100 113 178 86 104 78 175 24 59 7 44 1 2 199 116 151 173 60 99 4 46 18 132 171 144 30 77 146 0,78
PFG_MOEA,606,1,306.31,2495.58,0 136 20 143 5 61 109 11 36 126 34 112 180 182 167 56 9 137 85 17 162 200 142 120 74 62 135 107 156 124 0,11 126
PFG_MOEA,606,2,306.31,2495.58,0 47 123 97 155 111 179 33 14 132 18 46 4 99 60 173 151 116 199 171 144 30 24 59 1 44 7 2 77 0,99
PFG_MOEA,606,3,306.31,2495.58,0 51 48 146 175 78 185 66 166 195 58 100 113 178 86 104 181 53 93 43 160 192 69 70 55 196 119 198 128 98 21 115 39 64 0,93 181
PFG_MOEA,606,4,306.31,2495.58,0 131 163 106 40 68 95 172 94 32 41 169 67 191 92 130 90 168 75 80 140 38 82 161 133 158 102 105 49 147 23 183 88 145 174 157 118 170 114 188 138 81 26 10 8 50 71 0,80 105
PFG_MOEA,606,5,306.31,2495.58,0 152 83 153 12 149 177 52 6 63 159 19 139 103 190 45 54 15 87 22 187 57 184 27 89 28 121 110 42 29 164 127 73 3 0,149 190
PFG_MOEA,606,6,306.31,2495.58,0 117 13 79 96 134 186 141 125 154 165 129 16 108 35 150 31 101 25 148 91 193 122 194 37 72 189 197 76 65 176 84 0,91 141
PFG_MOEA,607,1,528.52,2327.53,0 124 156 107 126 36 109 11 167 182 34 112 180 176 197 76 65 84 74 120 142 200 162 56 9 17 85 137 173 60 99 151 116 199 30 144 171 4 46 18 132 14 33 179 111 155 97 123 47 62 135 77 2 24 59 1 44 7 195 58 100 113 178 86 104 166 66 181 53 93 160 43 185 78 175 146 192 69 70 55 196 119 198 128 98 21 115 48 51 0,126 182
PFG_MOEA,607,2,528.52,2327.53,0 39 0,39
PFG_MOEA,607,3,528.52,2327.53,0 64 0,
PFG_MOEA,607,4,528.52,2327.53,0 81 71 50 0,
PFG_MOEA,607,5,528.52,2327.53,0 131 163 106 40 130 92 133 161 82 38 140 80 75 168 90 158 102 105 49 147 23 183 88 145 174 157 118 170 10 8 26 114 188 138 0,92 168
PFG_MOEA,607,6,528.52,2327.53,0 136 20 143 61 5 16 108 35 150 31 101 25 148 91 193 122 194 37 72 189 190 45 87 22 187 57 184 27 89 41 169 67 191 32 94 68 95 172 15 54 103 139 19 159 63 6 52 177 149 12 153 83 129 165 154 125 141 186 152 134 96 79 13 28 121 110 42 29 164 127 73 3 117 0,91 141 187
PFG_MOEA,608,1,264.18,3010.24,0 117 16 108 35 150 37 72 87 22 187 57 172 95 184 27 89 41 32 94 191 133 161 82 38 140 80 75 168 105 102 158 90 67 169 68 152 0,94 168
PFG_MOEA,608,2,264.18,3010.24,0 3 31 101 25 148 91 6 52 177 149 190 45 122 76 65 193 176 84 151 116 199 171 4 46 18 132 144 30 109 107 156 124 0,122 149
PFG_MOEA,608,3,264.18,3010.24,0 126 36 11 167 182 34 112 180 194 189 197 74 120 142 200 162 17 85 137 173 60 99 9 56 111 179 33 14 155 97 123 47 62 135 77 0,
PFG_MOEA,608,4,264.18,3010.24,0 24 59 2 1 44 7 195 58 100 113 178 86 104 166 66 93 181 53 192 160 43 185 78 175 131 163 183 23 147 49 130 92 40 106 0,
PFG_MOEA,608,5,264.18,3010.24,0 136 20 143 61 69 70 55 196 119 198 98 128 10 8 145 88 174 157 118 170 114 188 138 26 81 71 50 39 0,136
PFG_MOEA,608,6,264.18,3010.24,0 51 48 146 21 115 64 127 73 164 29 42 110 121 28 15 54 13 79 96 134 186 141 103 139 19 159 63 154 125 165 153 12 83 129 5 0,21 96
PFG_MOEA,609,1,274.07,2785.44,0 112 180 182 74 120 142 200 162 56 9 17 85 137 173 60 99 151 116 199 171 4 46 18 132 14 111 144 30 77 175 24 59 2 1 44 7 160 146 48 51 0,4 162 182
PFG_MOEA,609,2,274.07,2785.44,0 167 78 185 66 166 195 58 100 113 178 86 104 181 53 93 43 192 69 70 55 196 119 198 128 98 21 115 0,104
PFG_MOEA,609,3,274.07,2785.44,0 39 50 71 26 8 10 105 102 158 90 168 75 80 140 38 82 161 133 191 41 89 27 184 172 95 94 32 131 88 145 174 157 118 170 114 188 138 81 64 0,80 94
PFG_MOEA,609,4,274.07,2785.44,0 126 20 136 143 5 61 109 36 11 34 84 176 65 76 139 103 87 22 187 57 183 13 79 96 134 186 141 125 16 117 0,
PFG_MOEA,609,5,274.07,2785.44,0 3 73 127 163 23 147 49 130 92 67 169 68 40 106 29 164 42 110 121 28 15 54 45 190 189 72 152 0,
PFG_MOEA,609,6,274.07,2785.44,0 35 108 129 83 6 52 177 149 12 153 165 154 19 159 63 37 194 122 197 193 91 148 25 101 31 150 62 179 33 155 97 123 47 135 107 156 124 0,91 194
PFG_MOEA,610,1,285.8,2514.54,0 124 156 107 135 62 182 167 47 123 97 155 14 132 18 46 4 33 179 111 56 74 120 142 200 162 17 85 137 9 99 60 173 151 116 199 171 144 30 24 59 0,
PFG_MOEA,610,2,285.8,2514.54,0 51 48 192 69 70 55 160 43 93 53 181 104 86 178 113 100 58 195 166 66 185 78 7 44 1 2 77 175 146 0,78
PFG_MOEA,610,3,285.8,2514.54,0 64 163 131 106 40 68 128 198 119 196 98 21 115 39 0,119
PFG_MOEA,610,4,285.8,2514.54,0 138 88 183 95 172 94 32 41 169 67 191 92 130 90 168 75 80 140 38 82 161 133 158 102 105 49 147 23 145 174 157 118 170 114 188 81 0,80 92 105
PFG_MOEA,610,5,285.8,2514.54,0 117 50 71 26 8 10 89 27 184 57 187 22 87 15 54 45 190 139 19 63 108 125 103 141 186 152 134 96 79 13 28 121 110 42 29 164 127 73 3 0,54 108
PFG_MOEA,610,6,285.8,2514.54,0 136 20 143 5 61 109 36 11 34 112 180 31 150 35 16 129 83 6 52 177 149 12 153 159 154 165 101 25 148 91 193 122 194 37 72 189 197 76 65 176 84 126 0,11 35 194
PFG_MOEA,611,1,279.47,2703.52,0 64 163 131 106 40 68 95 172 94 32 41 67 169 183 88 145 114 188 138 81 26 10 8 50 128 98 198 119 196 55 70 69 192 160 181 53 93 43 21 115 39 0,94 119
PFG_MOEA,611,2,279.47,2703.52,0 117 71 89 27 184 57 187 22 87 15 54 45 190 83 153 12 149 177 52 6 63 159 19 139 103 13 79 96 134 152 28 121 110 42 29 164 127 73 3 0,149
PFG_MOEA,611,3,279.47,2703.52,0 84 176 65 76 197 189 72 37 194 122 193 91 148 25 101 31 150 35 108 16 129 165 154 125 141 186 174 0,91 108
PFG_MOEA,611,4,279.47,2703.52,0 157 130 92 191 133 161 82 38 140 80 75 168 90 158 102 105 49 147 23 170 118 0,92 105 147
PFG_MOEA,611,5,279.47,2703.52,0 124 156 107 135 62 47 123 97 155 111 179 33 14 9 137 85 17 162 200 142 120 74 56 167 182 180 112 34 126 36 11 109 61 5 143 20 136 0,109
PFG_MOEA,611,6,279.47,2703.52,0 51 48 185 66 166 195 58 100 113 178 86 104 78 175 24 59 7 44 1 2 199 116 151 173 60 99 4 46 18 132 171 144 30 77 146 0,78
PFG_MOEA,612,1,306.31,2495.58,0 136 20 143 5 61 109 11 36 126 34 112 180 182 167 56 9 137 85 17 162 200 142 120 74 62 135 107 156 124 0,11 126
PFG_MOEA,612,2,306.31,2495.58,0 47 123 97 155 111 179 33 14 132 18 46 4 99 60 173 151 116 199 171 144 30 24 59 1 44 7 2 77 0,99
PFG_MOEA,612,3,306.31,2495.58,0 51 48 146 175 78 185 66 166 195 58 100 113 178 86 104 181 53 93 43 160 192 69 70 55 196 119 198 128 98 21 115 39 64 0,93 181
PFG_MOEA,612,4,306.31,2495.58,0 131 163 106 40 68 95 172 94 32 41 169 67 191 92 130 90 168 75 80 140 38 82 161 133 158 102 105 49 147 23 183 88 145 174 157 118 170 114 188 138 81 26 10 8 50 71 0,80 105
PFG_MOEA,612,5,306.31,2495.58,0 152 83 153 12 149 177 52 6 63 159 19 139 103 190 45 54 15 87 22 187 57 184 27 89 28 121 110 42 29 164 127 73 3 0,149 190
PFG_MOEA,612,6,306.31,2495.58,0 117 13 79 96 134 186 141 125 154 165 129 16 108 35 150 31 101 25 148 91 193 122 194 37 72 189 197 76 65 176 84 0,91 141
PFG_MOEA,613,1,528.52,2327.53,0 124 156 107 126 36 109 11 167 182 34 112 180 176 197 76 65 84 74 120 142 200 162 56 9 17 85 137 173 60 99 151 116 199 30 144 171 4 46 18 132 14 33 179 111 155 97 123 47 62 135 77 2 24 59 1 44 7 195 58 100 113 178 86 104 166 66 181 53 93 160 43 185 78 175 146 192 69 70 55 196 119 198 128 98 21 115 48 51 0,126 182
PFG_MOEA,613,2,528.52,2327.53,0 39 0,39
PFG_MOEA,613,3,528.52,2327.53,0 64 0,
PFG_MOEA,613,4,528.52,2327.53,0 81 71 50 0,
PFG_MOEA,613,5,528.52,2327.53,0 131 163 106 40 130 92 133 161 82 38 140 80 75 168 90 158 102 105 49 147 23 183 88 145 174 157 118 170 10 8 26 114 188 138 0,92 168
PFG_MOEA,613,6,528.52,2327.53,0 136 20 143 61 5 16 108 35 150 31 101 25 148 91 193 122 194 37 72 189 190 45 87 22 187 57 184 27 89 41 169 67 191 32 94 68 95 172 15 54 103 139 19 159 63 6 52 177 149 12 153 83 129 165 154 125 141 186 152 134 96 79 13 28 121 110 42 29 164 127 73 3 117 0,91 141 187
PFG_MOEA,614,1,264.18,3010.24,0 117 16 108 35 150 37 72 87 22 187 57 172 95 184 27 89 41 32 94 191 133 161 82 38 140 80 75 168 105 102 158 90 67 169 68 152 0,94 168
PFG_MOEA,614,2,264.18,3010.24,0 3 31 101 25 148 91 6 52 177 149 190 45 122 76 65 193 176 84 151 116 199 171 4 46 18 132 144 30 109 107 156 124 0,122 149
PFG_MOEA,614,3,264.18,3010.24,0 126 36 11 167 182 34 112 180 194 189 197 74 120 142 200 162 17 85 137 173 60 99 9 56 111 179 33 14 155 97 123 47 62 135 77 0,
PFG_MOEA,614,4,264.18,3010.24,0 24 59 2 1 44 7 195 58 100 113 178 86 104 166 66 93 181 53 192 160 43 185 78 175 131 163 183 23 147 49 130 92 40 106 0,
PFG_MOEA,614,5,264.18,3010.24,0 136 20 143 61 69 70 55 196 119 198 98 128 10 8 145 88 174 157 118 170 114 188 138 26 81 71 50 39 0,136
PFG_MOEA,614,6,264.18,3010.24,0 51 48 146 21 115 64 127 73 164 29 42 110 121 28 15 54 13 79 96 134 186 141 103 139 19 159 63 154 125 165 153 12 83 129 5 0,21 96
PFG_MOEA,615,1,274.07,2785.44,0 112 180 182 74 120 142 200 162 56 9 17 85 137 173 60 99 151 116 199 171 4 46 18 132 14 111 144 30 77 175 24 59 2 1 44 7 160 146 48 51 0,4 162 182
PFG_MOEA,615,2,274.07,2785.44,0 167 78 185 66 166 195 58 100 113 178 86 104 181 53 93 43 192 69 70 55 196 119 198 128 98 21 115 0,104
PFG_MOEA,615,3,274.07,2785.44,0 39 50 71 26 8 10 105 102 158 90 168 75 80 140 38 82 161 133 191 41 89 27 184 172 95 94 32 131 88 145 174 157 118 170 114 188 138 81 64 0,80 94
PFG_MOEA,615,4,274.07,2785.44,0 126 20 136 143 5 61 109 36 11 34 84 176 65 76 139 103 87 22 187 57 183 13 79 96 134 186 141 125 16 117 0,
PFG_MOEA,615,5,274.07,2785.44,0 3 73 127 163 23 147 49 130 92 67 169 68 40 106 29 164 42 110 121 28 15 54 45 190 189 72 152 0,
PFG_MOEA,615,6,274.07,2785.44,0 35 108 129 83 6 52 177 149 12 153 165 154 19 159 63 37 194 122 197 193 91 148 25 101 31 150 62 179 33 155 97 123 47 135 107 156 124 0,91 194
PFG_MOEA,616,1,285.8,2514.54,0 124 156 107 135 62 182 167 47 123 97 155 14 132 18 46 4 33 179 111 56 74 120 142 200 162 17 85 137 9 99 60 173 151 116 199 171 144 30 24 59 0,
PFG_MOEA,616,2,285.8,2514.54,0 51 48 192 69 70 55 160 43 93 53 181 104 86 178 113 100 58 195 166 66 185 78 7 44 1 2 77 175 146 0,78
PFG_MOEA,616,3,285.8,2514.54,0 64 163 131 106 40 68 128 198 119 196 98 21 115 39 0,119
PFG_MOEA,616,4,285.8,2514.54,0 138 88 183 95 172 94 32 41 169 67 191 92 130 90 168 75 80 140 38 82 161 133 158 102 105 49 147 23 145 174 157 118 170 114 188 81 0,80 92 105
PFG_MOEA,616,5,285.8,2514.54,0 117 50 71 26 8 10 89 27 184 57 187 22 87 15 54 45 190 139 19 63 108 125 103 141 186 152 134 96 79 13 28 121 110 42 29 164 127 73 3 0,54 108
PFG_MOEA,616,6,285.8,2514.54,0 136 20 143 5 61 109 36 11 34 112 180 31 150 35 16 129 83 6 52 177 149 12 153 159 154 165 101 25 148 91 193 122 194 37 72 189 197 76 65 176 84 126 0,11 35 194
PFG_MOEA,617,1,279.47,2703.52,0 64 163 131 106 40 68 95 172 94 32 41 67 169 183 88 145 114 188 138 81 26 10 8 50 128 98 198 119 196 55 70 69 192 160 181 53 93 43 21 115 39 0,94 119
PFG_MOEA,617,2,279.47,2703.52,0 117 71 89 27 184 57 187 22 87 15 54 45 190 83 153 12 149 177 52 6 63 159 19 139 103 13 79 96 134 152 28 121 110 42 29 164 127 73 3 0,149
PFG_MOEA,617,3,279.47,2703.52,0 84 176 65 76 197 189 72 37 194 122 193 91 148 25 101 31 150 35 108 16 129 165 154 125 141 186 174 0,91 108
PFG_MOEA,617,4,279.47,2703.52,0 157 130 92 191 133 161 82 38 140 80 75 168 90 158 102 105 49 147 23 170 118 0,92 105 147
PFG_MOEA,617,5,279.47,2703.52,0 124 156 107 135 62 47 123 97 155 111 179 33 14 9 137 85 17 162 200 142 120 74 56 167 182 180 112 34 126 36 11 109 61 5 143 20 136 0,109
PFG_MOEA,617,6,279.47,2703.52,0 51 48 185 66 166 195 58 100 113 178 86 104 78 175 24 59 7 44 1 2 199 116 151 173 60 99 4 46 18 132 171 144 30 77 146 0,78
PFG_MOEA,618,1,306.31,2495.58,0 136 20 143 5 61 109 11 36 126 34 112 180 182 167 56 9 137 85 17 162 200 142 120 74 62 135 107 156 124 0,11 126
PFG_MOEA,618,2,306.31,2495.58,0 47 123 97 155 111 179 33 14 132 18 46 4 99 60 173 151 116 199 171 144 30 24 59 1 44 7 2 77 0,99
PFG_MOEA,618,3,306.31,2495.58,0 51 48 146 175 78 185 66 166 195 58 100 113 178 86 104 181 53 93 43 160 192 69 70 55 196 119 198 128 98 21 115 39 64 0,93 181
PFG_MOEA,618,4,306.31,2495.58,0 131 163 106 40 68 95 172 94 32 41 169 67 191 92 130 90 168 75 80 140 38 82 161 133 158 102 105 49 147 23 183 88 145 174 157 118 170 114 188 138 81 26 10 8 50 71 0,80 105
PFG_MOEA,618,5,306.31,2495.58,0 152 83 153 12 149 177 52 6 63 159 19 139 103 190 45 54 15 87 22 187 57 184 27 89 28 121 110 42 29 164 127 73 3 0,149 190
PFG_MOEA,618,6,306.31,2495.58,0 117 13 79 96 134 186 141 125 154 165 129 16 108 35 150 31 101 25 148 91 193 122 194 37 72 189 197 76 65 176 84 0,91 141
PFG_MOEA,619,1,528.52,2327.53,0 124 156 107 126 36 109 11 167 182 34 112 180 176 197 76 65 84 74 120 142 200 162 56 9 17 85 137 173 60 99 151 116 199 30 144 171 4 46 18 132 14 33 179 111 155 97 123 47 62 135 77 2 24 59 1 44 7 195 58 100 113 178 86 104 166 66 181 53 93 160 43 185 78 175 146 192 69 70 55 196 119 198 128 98 21 115 48 51 0,126 182
PFG_MOEA,619,2,528.52,2327.53,0 39 0,39
PFG_MOEA,619,3,528.52,2327.53,0 64 0,
PFG_MOEA,619,4,528.52,2327.53,0 81 71 50 0,
PFG_MOEA,619,5,528.52,2327.53,0 131 163 106 40 130 92 133 161 82 38 140 80 75 168 90 158 102 105 49 147 23 183 88 145 174 157 118 170 10 8 26 114 188 138 0,92 168
PFG_MOEA,619,6,528.52,2327.53,0 136 20 143 61 5 16 108 35 150 31 101 25 148 91 193 122 194 37 72 189 190 45 87 22 187 57 184 27 89 41 169 67 191 32 94 68 95 172 15 54 103 139 19 159 63 6 52 177 149 12 153 83 129 165 154 125 141 186 152 134 96 79 13 28 121 110 42 29 164 127 73 3 117 0,91 141 187
PFG_MOEA,620,1,264.18,3010.24,0 117 16 108 35 150 37 72 87 22 187 57 172 95 184 27 89 41 32 94 191 133 161 82 38 140 80 75 168 105 102 158 90 67 169 68 152 0,94 168
PFG_MOEA,620,2,264.18,3010.24,0 3 31 101 25 148 91 6 52 177 149 190 45 122 76 65 193 176 84 151 116 199 171 4 46 18 132 144 30 109 107 156 124 0,122 149
PFG_MOEA,620,3,264.18,3010.24,0 126 36 11 167 182 34 112 180 194 189 197 74 120 142 200 162 17 85 137 173 60 99 9 56 111 179 33 14 155 97 123 47 62 135 77 0,
PFG_MOEA,620,4,264.18,3010.24,0 24 59 2 1 44 7 195 58 100 113 178 86 104 166 66 93 181 53 192 160 43 185 78 175 131 163 183 23 147 49 130 92 40 106 0,
PFG_MOEA,620,5,264.18,3010.24,0 136 20 143 61 69 70 55 196 119 198 98 128 10 8 145 88 174 157 118 170 114 188 138 26 81 71 50 39 0,136
PFG_MOEA,620,6,264.18,3010.24,0 51 48 146 21 115 64 127 73 164 29 42 110 121 28 15 54 13 79 96 134 186 141 103 139 19 159 63 154 125 165 153 12 83 129 5 0,21 96
PFG_MOEA,621,1,274.07,2785.44,0 112 180 182 74 120 142 200 162 56 9 17 85 137 173 60 99 151 116 199 171 4 46 18 132 14 111 144 30 77 175 24 59 2 1 44 7 160 146 48 51 0,4 162 182
PFG_MOEA,621,2,274.07,2785.44,0 167 78 185 66 166 195 58 100 113 178 86 104 181 53 93 43 192 69 70 55 196 119 198 128 98 21 115 0,104
PFG_MOEA,621,3,274.07,2785.44,0 39 50 71 26 8 10 105 102 158 90 168 75 80 140 38 82 161 133 191 41 89 27 184 172 95 94 32 131 88 145 174 157 118 170 114 188 138 81 64 0,80 94
PFG_MOEA,621,4,274.07,2785.44,0 126 20 136 143 5 61 109 36 11 34 84 176 65 76 139 103 87 22 187 57 183 13 79 96 134 186 141 125 16 117 0,
PFG_MOEA,621,5,274.07,2785.44,0 3 73 127 163 23 147 49 130 92 67 169 68 40 106 29 164 42 110 121 28 15 54 45 190 189 72 152 0,
PFG_MOEA,621,6,274.07,2785.44,0 35 108 129 83 6 52 177 149 12 153 165 154 19 159 63 37 194 122 197 193 91 148 25 101 31 150 62 179 33 155 97 123 47 135 107 156 124 0,91 194
PFG_MOEA,622,1,285.8,2514.54,0 124 156 107 135 62 182 167 47 123 97 155 14 132 18 46 4 33 179 111 56 74 120 142 200 162 17 85 137 9 99 60 173 151 116 199 171 144 30 24 59 0,
PFG_MOEA,622,2,285.8,2514.54,0 51 48 192 69 70 55 160 43 93 53 181 104 86 178 113 100 58 195 166 66 185 78 7 44 1 2 77 175 146 0,78
PFG_MOEA,622,3,285.8,2514.54,0 64 163 131 106 40 68 128 198 119 196 98 21 115 39 0,119
PFG_MOEA,622,4,285.8,2514.54,0 138 88 183 95 172 94 32 41 169 67 191 92 130 90 168 75 80 140 38 82 161 133 158 102 105 49 147 23 145 174 157 118 170 114 188 81 0,80 92 105
PFG_MOEA,622,5,285.8,2514.54,0 117 50 71 26 8 10 89 27 184 57 187 22 87 15 54 45 190 139 19 63 108 125 103 141 186 152 134 96 79 13 28 121 110 42 29 164 127 73 3 0,54 108
PFG_MOEA,622,6,285.8,2514.54,0 136 20 143 5 61 109 36 11 34 112 180 31 150 35 16 129 83 6 52 177 149 12 153 159 154 165 101 25 148 91 193 122 194 37 72 189 197 76 65 176 84 126 0,11 35 194
PFG_MOEA,623,1,279.47,2703.52,0 64 163 131 106 40 68 95 172 94 32 41 67 169 183 88 145 114 188 138 81 26 10 8 50 128 98 198 119 196 55 70 69 192 160 181 53 93 43 21 115 39 0,94 119
PFG_MOEA,623,2,279.47,2703.52,0 117 71 89 27 184 57 187 22 87 15 54 45 190 83 153 12 149 177 52 6 63 159 19 139 103 13 79 96 134 152 28 121 110 42 29 164 127 73 3 0,149
PFG_MOEA,623,3,279.47,2703.52,0 84 176 65 76 197 189 72 37 194 122 193 91 148 25 101 31 150 35 108 16 129 165 154 125 141 186 174 0,91 108
PFG_MOEA,623,4,279.47,2703.52,0 157 130 92 191 133 161 82 38 140 80 75 168 90 158 102 105 49 147 23 170 118 0,92 105 147
PFG_MOEA,623,5,279.47,2703.52,0 124 156 107 135 62 47 123 97 155 111 179 33 14 9 137 85 17 162 200 142 120 74 56 167 182 180 112 34 126 36 11 109 61 5 143 20 136 0,109
PFG_MOEA,623,6,279.47,2703.52,0 51 48 185 66 166 195 58 100 113 178 86 104 78 175 24 59 7 44 1 2 199 116 151 173 60 99 4 46 18 132 171 144 30 77 146 0,78
PFG_MOEA,624,1,325.52,2455.62,0 136 143 61 109 5 182 167 193 176 84 56 111 179 33 14 132 18 46 4 171 144 30 155 97 123 47 135 62 11 36 20 0,
PFG_MOEA,624,2,325.52,2455.62,0 117 124 156 107 77 74 120 142 200 162 9 17 85 137 173 60 99 151 116 199 2 24 59 1 44 7 195 58 100 113 178 86 53 93 181 104 166 66 185 43 78 175 146 48 51 0,78
PFG_MOEA,624,3,325.52,2455.62,0 115 21 160 192 69 70 55 196 119 198 98 128 10 81 188 114 145 88 183 138 39 0,
PFG_MOEA,624,4,325.52,2455.62,0 64 26 174 157 23 147 49 105 102 158 133 161 82 38 140 80 75 168 90 130 92 191 67 169 94 32 41 89 27 184 57 172 95 68 118 170 8 50 71 0,
PFG_MOEA,624,5,325.52,2455.62,0 3 73 127 131 163 106 40 187 22 87 29 164 42 152 186 134 96 79 13 110 121 28 15 54 45 190 189 72 37 194 122 197 65 76 63 159 19 139 103 177 52 6 149 12 153 165 154 125 141 126 0,6 190
PFG_MOEA,624,6,325.52,2455.62,0 34 112 180 31 101 25 148 91 83 129 150 35 108 16 0,34
PFG_MOEA,625,1,306.31,2495.58,0 136 20 143 5 61 109 11 36 126 34 112 180 182 167 56 9 137 85 17 162 200 142 120 74 62 135 107 156 124 0,11 126
PFG_MOEA,625,2,306.31,2495.58,0 47 123 97 155 111 179 33 14 132 18 46 4 99 60 173 151 116 199 171 144 30 24 59 1 44 7 2 77 0,99
PFG_MOEA,625,3,306.31,2495.58,0 51 48 146 175 78 185 66 166 195 58 100 113 178 86 104 181 53 93 43 160 192 69 70 55 196 119 198 128 98 21 115 39 64 0,93 181
PFG_MOEA,625,4,306.31,2495.58,0 131 163 106 40 68 95 172 94 32 41 169 67 191 92 130 90 168 75 80 140 38 82 161 133 158 102 105 49 147 23 183 88 145 174 157 118 170 114 188 138 81 26 10 8 50 71 0,80 105
PFG_MOEA,625,5,306.31,2495.58,0 152 83 153 12 149 177 52 6 63 159 19 139 103 190 45 54 15 87 22 187 57 184 27 89 28 121 110 42 29 164 127 73 3 0,149 190
PFG_MOEA,625,6,306.31,2495.58,0 117 13 79 96 134 186 141 125 154 165 129 16 108 35 150 31 101 25 148 91 193 122 194 37 72 189 197 76 65 176 84 0,91 141
PFG_MOEA,626,1,528.52,2327.53,0 124 156 107 126 36 109 11 167 182 34 112 180 176 197 76 65 84 74 120 142 200 162 56 9 17 85 137 173 60 99 151 116 199 30 144 171 4 46 18 132 14 33 179 111 155 97 123 47 62 135 77 2 24 59 1 44 7 195 58 100 113 178 86 104 166 66 181 53 93 160 43 185 78 175 146 192 69 70 55 196 119 198 128 98 21 115 48 51 0,126 182
PFG_MOEA,626,2,528.52,2327.53,0 39 0,39
PFG_MOEA,626,3,528.52,2327.53,0 64 0,
PFG_MOEA,626,4,528.52,2327.53,0 81 71 50 0,
PFG_MOEA,626,5,528.52,2327.53,0 131 163 106 40 130 92 133 161 82 38 140 80 75 168 90 158 102 105 49 147 23 183 88 145 174 157 118 170 10 8 26 114 188 138 0,92 168
PFG_MOEA,626,6,528.52,2327.53,0 136 20 143 61 5 16 108 35 150 31 101 25 148 91 193 122 194 37 72 189 190 45 87 22 187 57 184 27 89 41 169 67 191 32 94 68 95 172 15 54 103 139 19 159 63 6 52 177 149 12 153 83 129 165 154 125 141 186 152 134 96 79 13 28 121 110 42 29 164 127 73 3 117 0,91 141 187
PFG_MOEA,627,1,264.18,3010.24,0 117 16 108 35 150 37 72 87 22 187 57 172 95 184 27 89 41 32 94 191 133 161 82 38 140 80 75 168 105 102 158 90 67 169 68 152 0,94 168
PFG_MOEA,627,2,264.18,3010.24,0 3 31 101 25 148 91 6 52 177 149 190 45 122 76 65 193 176 84 151 116 199 171 4 46 18 132 144 30 109 107 156 124 0,122 149
PFG_MOEA,627,3,264.18,3010.24,0 126 36 11 167 182 34 112 180 194 189 197 74 120 142 200 162 17 85 137 173 60 99 9 56 111 179 33 14 155 97 123 47 62 135 77 0,
PFG_MOEA,627,4,264.18,3010.24,0 24 59 2 1 44 7 195 58 100 113 178 86 104 166 66 93 181 53 192 160 43 185 78 175 131 163 183 23 147 49 130 92 40 106 0,
PFG_MOEA,627,5,264.18,3010.24,0 136 20 143 61 69 70 55 196 119 198 98 128 10 8 145 88 174 157 118 170 114 188 138 26 81 71 50 39 0,136
PFG_MOEA,627,6,264.18,3010.24,0 51 48 146 21 115 64 127 73 164 29 42 110 121 28 15 54 13 79 96 134 186 141 103 139 19 159 63 154 125 165 153 12 83 129 5 0,21 96
PFG_MOEA,628,1,274.07,2785.44,0 112 180 182 74 120 142 200 162 56 9 17 85 137 173 60 99 151 116 199 171 4 46 18 132 14 111 144 30 77 175 24 59 2 1 44 7 160 146 48 51 0,4 162 182
PFG_MOEA,628,2,274.07,2785.44,0 167 78 185 66 166 195 58 100 113 178 86 104 181 53 93 43 192 69 70 55 196 119 198 128 98 21 115 0,104
PFG_MOEA,628,3,274.07,2785.44,0 39 50 71 26 8 10 105 102 158 90 168 75 80 140 38 82 161 133 191 41 89 27 184 172 95 94 32 131 88 145 174 157 118 170 114 188 138 81 64 0,80 94
PFG_MOEA,628,4,274.07,2785.44,0 126 20 136 143 5 61 109 36 11 34 84 176 65 76 139 103 87 22 187 57 183 13 79 96 134 186 141 125 16 117 0,
PFG_MOEA,628,5,274.07,2785.44,0 3 73 127 163 23 147 49 130 92 67 169 68 40 106 29 164 42 110 121 28 15 54 45 190 189 72 152 0,
PFG_MOEA,628,6,274.07,2785.44,0 35 108 129 83 6 52 177 149 12 153 165 154 19 159 63 37 194 122 197 193 91 148 25 101 31 150 62 179 33 155 97 123 47 135 107 156 124 0,91 194
PFG_MOEA,629,1,285.8,2514.54,0 124 156 107 135 62 182 167 47 123 97 155 14 132 18 46 4 33 179 111 56 74 120 142 200 162 17 85 137 9 99 60 173 151 116 199 171 144 30 24 59 0,
PFG_MOEA,629,2,285.8,2514.54,0 51 48 192 69 70 55 160 43 93 53 181 104 86 178 113 100 58 195 166 66 185 78 7 44 1 2 77 175 146 0,78
PFG_MOEA,629,3,285.8,2514.54,0 64 163 131 106 40 68 128 198 119 196 98 21 115 39 0,119
PFG_MOEA,629,4,285.8,2514.54,0 138 88 183 95 172 94 32 41 169 67 191 92 130 90 168 75 80 140 38 82 161 133 158 102 105 49 147 23 145 174 157 118 170 114 188 81 0,80 92 105
PFG_MOEA,629,5,285.8,2514.54,0 117 50 71 26 8 10 89 27 184 57 187 22 87 15 54 45 190 139 19 63 108 125 103 141 186 152 134 96 79 13 28 121 110 42 29 164 127 73 3 0,54 108
PFG_MOEA,629,6,285.8,2514.54,0 136 20 143 5 61 109 36 11 34 112 180 31 150 35 16 129 83 6 52 177 149 12 153 159 154 165 101 25 148 91 193 122 194 37 72 189 197 76 65 176 84 126 0,11 35 194
PFG_MOEA,630,1,279.47,2703.52,0 64 163 131 106 40 68 95 172 94 32 41 67 169 183 88 145 114 188 138 81 26 10 8 50 128 98 198 119 196 55 70 69 192 160 181 53 93 43 21 115 39 0,94 119
PFG_MOEA,630,2,279.47,2703.52,0 117 71 89 27 184 57 187 22 87 15 54 45 190 83 153 12 149 177 52 6 63 159 19 139 103 13 79 96 134 152 28 121 110 42 29 164 127 73 3 0,149
PFG_MOEA,630,3,279.47,2703.52,0 84 176 65 76 197 189 72 37 194 122 193 91 148 25 101 31 150 35 108 16 129 165 154 125 141 186 174 0,91 108
PFG_MOEA,630,4,279.47,2703.52,0 157 130 92 191 133 161 82 38 140 80 75 168 90 158 102 105 49 147 23 170 118 0,92 105 147
PFG_MOEA,630,5,279.47,2703.52,0 124 156 107 135 62 47 123 97 155 111 179 33 14 9 137 85 17 162 200 142 120 74 56 167 182 180 112 34 126 36 11 109 61 5 143 20 136 0,109
PFG_MOEA,630,6,279.47,2703.52,0 51 48 185 66 166 195 58 100 113 178 86 104 78 175 24 59 7 44 1 2 199 116 151 173 60 99 4 46 18 132 171 144 30 77 146 0,78
PFG_MOEA,631,1,325.52,2455.62,0 136 143 61 109 5 182 167 193 176 84 56 111 179 33 14 132 18 46 4 171 144 30 155 97 123 47 135 62 11 36 20 0,
PFG_MOEA,631,2,325.52,2455.62,0 117 124 156 107 77 74 120 142 200 162 9 17 85 137 173 60 99 151 116 199 2 24 59 1 44 7 195 58 100 113 178 86 53 93 181 104 166 66 185 43 78 175 146 48 51 0,78
PFG_MOEA,631,3,325.52,2455.62,0 115 21 160 192 69 70 55 196 119 198 98 128 10 81 188 114 145 88 183 138 39 0,
PFG_MOEA,631,4,325.52,2455.62,0 64 26 174 157 23 147 49 105 102 158 133 161 82 38 140 80 75 168 90 130 92 191 67 169 94 32 41 89 27 184 57 172 95 68 118 170 8 50 71 0,
PFG_MOEA,631,5,325.52,2455.62,0 3 73 127 131 163 106 40 187 22 87 29 164 42 152 186 134 96 79 13 110 121 28 15 54 45 190 189 72 37 194 122 197 65 76 63 159 19 139 103 177 52 6 149 12 153 165 154 125 141 126 0,6 190
PFG_MOEA,631,6,325.52,2455.62,0 34 112 180 31 101 25 148 91 83 129 150 35 108 16 0,34
PFG_MOEA,632,1,306.31,2495.58,0 136 20 143 5 61 109 11 36 126 34 112 180 182 167 56 9 137 85 17 162 200 142 120 74 62 135 107 156 124 0,11 126
PFG_MOEA,632,2,306.31,2495.58,0 47 123 97 155 111 179 33 14 132 18 46 4 99 60 173 151 116 199 171 144 30 24 59 1 44 7 2 77 0,99
PFG_MOEA,632,3,306.31,2495.58,0 51 48 146 175 78 185 66 166 195 58 100 113 178 86 104 181 53 93 43 160 192 69 70 55 196 119 198 128 98 21 115 39 64 0,93 181
PFG_MOEA,632,4,306.31,2495.58,0 131 163 106 40 68 95 172 94 32 41 169 67 191 92 130 90 168 75 80 140 38 82 161 133 158 102 105 49 147 23 183 88 145 174 157 118 170 114 188 138 81 26 10 8 50 71 0,80 105
PFG_MOEA,632,5,306.31,2495.58,0 152 83 153 12 149 177 52 6 63 159 19 139 103 190 45 54 15 87 22 187 57 184 27 89 28 121 110 42 29 164 127 73 3 0,149 190
PFG_MOEA,632,6,306.31,2495.58,0 117 13 79 96 134 186 141 125 154 165 129 16 108 35 150 31 101 25 148 91 193 122 194 37 72 189 197 76 65 176 84 0,91 141
PFG_MOEA,633,1,528.52,2327.53,0 124 156 107 126 36 109 11 167 182 34 112 180 176 197 76 65 84 74 120 142 200 162 56 9 17 85 137 173 60 99 151 116 199 30 144 171 4 46 18 132 14 33 179 111 155 97 123 47 62 135 77 2 24 59 1 44 7 195 58 100 113 178 86 104 166 66 181 53 93 160 43 185 78 175 146 192 69 70 55 196 119 198 128 98 21 115 48 51 0,126 182
PFG_MOEA,633,2,528.52,2327.53,0 39 0,39
PFG_MOEA,633,3,528.52,2327.53,0 64 0,
PFG_MOEA,633,4,528.52,2327.53,0 81 71 50 0,
PFG_MOEA,633,5,528.52,2327.53,0 131 163 106 40 130 92 133 161 82 38 140 80 75 168 90 158 102 105 49 147 23 183 88 145 174 157 118 170 10 8 26 114 188 138 0,92 168
PFG_MOEA,633,6,528.52,2327.53,0 136 20 143 61 5 16 108 35 150 31 101 25 148 91 193 122 194 37 72 189 190 45 87 22 187 57 184 27 89 41 169 67 191 32 94 68 95 172 15 54 103 139 19 159 63 6 52 177 149 12 153 83 129 165 154 125 141 186 152 134 96 79 13 28 121 110 42 29 164 127 73 3 117 0,91 141 187
PFG_MOEA,634,1,264.18,3010.24,0 117 16 108 35 150 37 72 87 22 187 57 172 95 184 27 89 41 32 94 191 133 161 82 38 140 80 75 168 105 102 158 90 67 169 68 152 0,94 168
PFG_MOEA,634,2,264.18,3010.24,0 3 31 101 25 148 91 6 52 177 149 190 45 122 76 65 193 176 84 151 116 199 171 4 46 18 132 144 30 109 107 156 124 0,122 149
PFG_MOEA,634,3,264.18,3010.24,0 126 36 11 167 182 34 112 180 194 189 197 74 120 142 200 162 17 85 137 173 60 99 9 56 111 179 33 14 155 97 123 47 62 135 77 0,
PFG_MOEA,634,4,264.18,3010.24,0 24 59 2 1 44 7 195 58 100 113 178 86 104 166 66 93 181 53 192 160 43 185 78 175 131 163 183 23 147 49 130 92 40 106 0,
PFG_MOEA,634,5,264.18,3010.24,0 136 20 143 61 69 70 55 196 119 198 98 128 10 8 145 88 174 157 118 170 114 188 138 26 81 71 50 39 0,136
PFG_MOEA,634,6,264.18,3010.24,0 51 48 146 21 115 64 127 73 164 29 42 110 121 28 15 54 13 79 96 134 186 141 103 139 19 159 63 154 125 165 153 12 83 129 5 0,21 96
PFG_MOEA,635,1,274.07,2785.44,0 112 180 182 74 120 142 200 162 56 9 17 85 137 173 60 99 151 116 199 171 4 46 18 132 14 111 144 30 77 175 24 59 2 1 44 7 160 146 48 51 0,4 162 182
PFG_MOEA,635,2,274.07,2785.44,0 167 78 185 66 166 195 58 100 113 178 86 104 181 53 93 43 192 69 70 55 196 119 198 128 98 21 115 0,104
PFG_MOEA,635,3,274.07,2785.44,0 39 50 71 26 8 10 105 102 158 90 168 75 80 140 38 82 161 133 191 41 89 27 184 172 95 94 32 131 88 145 174 157 118 170 114 188 138 81 64 0,80 94
PFG_MOEA,635,4,274.07,2785.44,0 126 20 136 143 5 61 109 36 11 34 84 176 65 76 139 103 87 22 187 57 183 13 79 96 134 186 141 125 16 117 0,
PFG_MOEA,635,5,274.07,2785.44,0 3 73 127 163 23 147 49 130 92 67 169 68 40 106 29 164 42 110 121 28 15 54 45 190 189 72 152 0,
PFG_MOEA,635,6,274.07,2785.44,0 35 108 129 83 6 52 177 149 12 153 165 154 19 159 63 37 194 122 197 193 91 148 25 101 31 150 62 179 33 155 97 123 47 135 107 156 124 0,91 194
PFG_MOEA,636,1,285.8,2514.54,0 124 156 107 135 62 182 167 47 123 97 155 14 132 18 46 4 33 179 111 56 74 120 142 200 162 17 85 137 9 99 60 173 151 116 199 171 144 30 24 59 0,
PFG_MOEA,636,2,285.8,2514.54,0 51 48 192 69 70 55 160 43 93 53 181 104 86 178 113 100 58 195 166 66 185 78 7 44 1 2 77 175 146 0,78
PFG_MOEA,636,3,285.8,2514.54,0 64 163 131 106 40 68 128 198 119 196 98 21 115 39 0,119
PFG_MOEA,636,4,285.8,2514.54,0 138 88 183 95 172 94 32 41 169 67 191 92 130 90 168 75 80 140 38 82 161 133 158 102 105 49 147 23 145 174 157 118 170 114 188 81 0,80 92 105
PFG_MOEA,636,5,285.8,2514.54,0 117 50 71 26 8 10 89 27 184 57 187 22 87 15 54 45 190 139 19 63 108 125 103 141 186 152 134 96 79 13 28 121 110 42 29 164 127 73 3 0,54 108
PFG_MOEA,636,6,285.8,2514.54,0 136 20 143 5 61 109 36 11 34 112 180 31 150 35 16 129 83 6 52 177 149 12 153 159 154 165 101 25 148 91 193 122 194 37 72 189 197 76 65 176 84 126 0,11 35 194
PFG_MOEA,637,1,279.47,2703.52,0 64 163 131 106 40 68 95 172 94 32 41 67 169 183 88 145 114 188 138 81 26 10 8 50 128 98 198 119 196 55 70 69 192 160 181 53 93 43 21 115 39 0,94 119
PFG_MOEA,637,2,279.47,2703.52,0 117 71 89 27 184 57 187 22 87 15 54 45 190 83 153 12 149 177 52 6 63 159 19 139 103 13 79 96 134 152 28 121 110 42 29 164 127 73 3 0,149
PFG_MOEA,637,3,279.47,2703.52,0 84 176 65 76 197 189 72 37 194 122 193 91 148 25 101 31 150 35 108 16 129 165 154 125 141 186 174 0,91 108
PFG_MOEA,637,4,279.47,2703.52,0 157 130 92 191 133 161 82 38 140 80 75 168 90 158 102 105 49 147 23 170 118 0,92 105 147
PFG_MOEA,637,5,279.47,2703.52,0 124 156 107 135 62 47 123 97 155 111 179 33 14 9 137 85 17 162 200 142 120 74 56 167 182 180 112 34 126 36 11 109 61 5 143 20 136 0,109
PFG_MOEA,637,6,279.47,2703.52,0 51 48 185 66 166 195 58 100 113 178 86 104 78 175 24 59 7 44 1 2 199 116 151 173 60 99 4 46 18 132 171 144 30 77 146 0,78
PFG_MOEA,638,1,325.52,2455.62,0 136 143 61 109 5 182 167 193 176 84 56 111 179 33 14 132 18 46 4 171 144 30 155 97 123 47 135 62 11 36 20 0,
PFG_MOEA,638,2,325.52,2455.62,0 117 124 156 107 77 74 120 142 200 162 9 17 85 137 173 60 99 151 116 199 2 24 59 1 44 7 195 58 100 113 178 86 53 93 181 104 166 66 185 43 78 175 146 48 51 0,78
PFG_MOEA,638,3,325.52,2455.62,0 115 21 160 192 69 70 55 196 119 198 98 128 10 81 188 114 145 88 183 138 39 0,
PFG_MOEA,638,4,325.52,2455.62,0 64 26 174 157 23 147 49 105 102 158 133 161 82 38 140 80 75 168 90 130 92 191 67 169 94 32 41 89 27 184 57 172 95 68 118 170 8 50 71 0,
PFG_MOEA,638,5,325.52,2455.62,0 3 73 127 131 163 106 40 187 22 87 29 164 42 152 186 134 96 79 13 110 121 28 15 54 45 190 189 72 37 194 122 197 65 76 63 159 19 139 103 177 52 6 149 12 153 165 154 125 141 126 0,6 190
PFG_MOEA,638,6,325.52,2455.62,0 34 112 180 31 101 25 148 91 83 129 150 35 108 16 0,34
PFG_MOEA,639,1,306.31,2495.58,0 136 20 143 5 61 109 11 36 126 34 112 180 182 167 56 9 137 85 17 162 200 142 120 74 62 135 107 156 124 0,11 126
PFG_MOEA,639,2,306.31,2495.58,0 47 123 97 155 111 179 33 14 132 18 46 4 99 60 173 151 116 199 171 144 30 24 59 1 44 7 2 77 0,99
PFG_MOEA,639,3,306.31,2495.58,0 51 48 146 175 78 185 66 166 195 58 100 113 178 86 104 181 53 93 43 160 192 69 70 55 196 119 198 128 98 21 115 39 64 0,93 181
PFG_MOEA,639,4,306.31,2495.58,0 131 163 106 40 68 95 172 94 32 41 169 67 191 92 130 90 168 75 80 140 38 82 161 133 158 102 105 49 147 23 183 88 145 174 157 118 170 114 188 138 81 26 10 8 50 71 0,80 105
PFG_MOEA,639,5,306.31,2495.58,0 152 83 153 12 149 177 52 6 63 159 19 139 103 190 45 54 15 87 22 187 57 184 27 89 28 121 110 42 29 164 127 73 3 0,149 190
PFG_MOEA,639,6,306.31,2495.58,0 117 13 79 96 134 186 141 125 154 165 129 16 108 35 150 31 101 25 148 91 193 122 194 37 72 189 197 76 65 176 84 0,91 141
PFG_MOEA,640,1,528.52,2327.53,0 124 156 107 126 36 109 11 167 182 34 112 180 176 197 76 65 84 74 120 142 200 162 56 9 17 85 137 173 60 99 151 116 199 30 144 171 4 46 18 132 14 33 179 111 155 97 123 47 62 135 77 2 24 59 1 44 7 195 58 100 113 178 86 104 166 66 181 53 93 160 43 185 78 175 146 192 69 70 55 196 119 198 128 98 21 115 48 51 0,126 182
PFG_MOEA,640,2,528.52,2327.53,0 39 0,39
PFG_MOEA,640,3,528.52,2327.53,0 64 0,
PFG_MOEA,640,4,528.52,2327.53,0 81 71 50 0,
PFG_MOEA,640,5,528.52,2327.53,0 131 163 106 40 130 92 133 161 82 38 140 80 75 168 90 158 102 105 49 147 23 183 88 145 174 157 118 170 10 8 26 114 188 138 0,92 168
PFG_MOEA,640,6,528.52,2327.53,0 136 20 143 61 5 16 108 35 150 31 101 25 148 91 193 122 194 37 72 189 190 45 87 22 187 57 184 27 89 41 169 67 191 32 94 68 95 172 15 54 103 139 19 159 63 6 52 177 149 12 153 83 129 165 154 125 141 186 152 134 96 79 13 28 121 110 42 29 164 127 73 3 117 0,91 141 187
PFG_MOEA,641,1,264.18,3010.24,0 117 16 108 35 150 37 72 87 22 187 57 172 95 184 27 89 41 32 94 191 133 161 82 38 140 80 75 168 105 102 158 90 67 169 68 152 0,94 168
PFG_MOEA,641,2,264.18,3010.24,0 3 31 101 25 148 91 6 52 177 149 190 45 122 76 65 193 176 84 151 116 199 171 4 46 18 132 144 30 109 107 156 124 0,122 149
PFG_MOEA,641,3,264.18,3010.24,0 126 36 11 167 182 34 112 180 194 189 197 74 120 142 200 162 17 85 137 173 60 99 9 56 111 179 33 14 155 97 123 47 62 135 77 0,
PFG_MOEA,641,4,264.18,3010.24,0 24 59 2 1 44 7 195 58 100 113 178 86 104 166 66 93 181 53 192 160 43 185 78 175 131 163 183 23 147 49 130 92 40 106 0,
PFG_MOEA,641,5,264.18,3010.24,0 136 20 143 61 69 70 55 196 119 198 98 128 10 8 145 88 174 157 118 170 114 188 138 26 81 71 50 39 0,136
PFG_MOEA,641,6,264.18,3010.24,0 51 48 146 21 115 64 127 73 164 29 42 110 121 28 15 54 13 79 96 134 186 141 103 139 19 159 63 154 125 165 153 12 83 129 5 0,21 96
PFG_MOEA,642,1,274.07,2785.44,0 112 180 182 74 120 142 200 162 56 9 17 85 137 173 60 99 151 116 199 171 4 46 18 132 14 111 144 30 77 175 24 59 2 1 44 7 160 146 48 51 0,4 162 182
PFG_MOEA,642,2,274.07,2785.44,0 167 78 185 66 166 195 58 100 113 178 86 104 181 53 93 43 192 69 70 55 196 119 198 128 98 21 115 0,104
PFG_MOEA,642,3,274.07,2785.44,0 39 50 71 26 8 10 105 102 158 90 168 75 80 140 38 82 161 133 191 41 89 27 184 172 95 94 32 131 88 145 174 157 118 170 114 188 138 81 64 0,80 94
PFG_MOEA,642,4,274.07,2785.44,0 126 20 136 143 5 61 109 36 11 34 84 176 65 76 139 103 87 22 187 57 183 13 79 96 134 186 141 125 16 117 0,
PFG_MOEA,642,5,274.07,2785.44,0 3 73 127 163 23 147 49 130 92 67 169 68 40 106 29 164 42 110 121 28 15 54 45 190 189 72 152 0,
PFG_MOEA,642,6,274.07,2785.44,0 35 108 129 83 6 52 177 149 12 153 165 154 19 159 63 37 194 122 197 193 91 148 25 101 31 150 62 179 33 155 97 123 47 135 107 156 124 0,91 194
PFG_MOEA,643,1,285.8,2514.54,0 124 156 107 135 62 182 167 47 123 97 155 14 132 18 46 4 33 179 111 56 74 120 142 200 162 17 85 137 9 99 60 173 151 116 199 171 144 30 24 59 0,
PFG_MOEA,643,2,285.8,2514.54,0 51 48 192 69 70 55 160 43 93 53 181 104 86 178 113 100 58 195 166 66 185 78 7 44 1 2 77 175 146 0,78
PFG_MOEA,643,3,285.8,2514.54,0 64 163 131 106 40 68 128 198 119 196 98 21 115 39 0,119
PFG_MOEA,643,4,285.8,2514.54,0 138 88 183 95 172 94 32 41 169 67 191 92 130 90 168 75 80 140 38 82 161 133 158 102 105 49 147 23 145 174 157 118 170 114 188 81 0,80 92 105
PFG_MOEA,643,5,285.8,2514.54,0 117 50 71 26 8 10 89 27 184 57 187 22 87 15 54 45 190 139 19 63 108 125 103 141 186 152 134 96 79 13 28 121 110 42 29 164 127 73 3 0,54 108
PFG_MOEA,643,6,285.8,2514.54,0 136 20 143 5 61 109 36 11 34 112 180 31 150 35 16 129 83 6 52 177 149 12 153 159 154 165 101 25 148 91 193 122 194 37 72 189 197 76 65 176 84 126 0,11 35 194
PFG_MOEA,644,1,279.47,2703.52,0 64 163 131 106 40 68 95 172 94 32 41 67 169 183 88 145 114 188 138 81 26 10 8 50 128 98 198 119 196 55 70 69 192 160 181 53 93 43 21 115 39 0,94 119
PFG_MOEA,644,2,279.47,2703.52,0 117 71 89 27 184 57 187 22 87 15 54 45 190 83 153 12 149 177 52 6 63 159 19 139 103 13 79 96 134 152 28 121 110 42 29 164 127 73 3 0,149
PFG_MOEA,644,3,279.47,2703.52,0 84 176 65 76 197 189 72 37 194 122 193 91 148 25 101 31 150 35 108 16 129 165 154 125 141 186 174 0,91 108
PFG_MOEA,644,4,279.47,2703.52,0 157 130 92 191 133 161 82 38 140 80 75 168 90 158 102 105 49 147 23 170 118 0,92 105 147
PFG_MOEA,644,5,279.47,2703.52,0 124 156 107 135 62 47 123 97 155 111 179 33 14 9 137 85 17 162 200 142 120 74 56 167 182 180 112 34 126 36 11 109 61 5 143 20 136 0,109
PFG_MOEA,644,6,279.47,2703.52,0 51 48 185 66 166 195 58 100 113 178 86 104 78 175 24 59 7 44 1 2 199 116 151 173 60 99 4 46 18 132 171 144 30 77 146 0,78
PFG_MOEA,645,1,325.52,2455.62,0 136 143 61 109 5 182 167 193 176 84 56 111 179 33 14 132 18 46 4 171 144 30 155 97 123 47 135 62 11 36 20 0,
PFG_MOEA,645,2,325.52,2455.62,0 117 124 156 107 77 74 120 142 200 162 9 17 85 137 173 60 99 151 116 199 2 24 59 1 44 7 195 58 100 113 178 86 53 93 181 104 166 66 185 43 78 175 146 48 51 0,78
PFG_MOEA,645,3,325.52,2455.62,0 115 21 160 192 69 70 55 196 119 198 98 128 10 81 188 114 145 88 183 138 39 0,
PFG_MOEA,645,4,325.52,2455.62,0 64 26 174 157 23 147 49 105 102 158 133 161 82 38 140 80 75 168 90 130 92 191 67 169 94 32 41 89 27 184 57 172 95 68 118 170 8 50 71 0,
PFG_MOEA,645,5,325.52,2455.62,0 3 73 127 131 163 106 40 187 22 87 29 164 42 152 186 134 96 79 13 110 121 28 15 54 45 190 189 72 37 194 122 197 65 76 63 159 19 139 103 177 52 6 149 12 153 165 154 125 141 126 0,6 190
PFG_MOEA,645,6,325.52,2455.62,0 34 112 180 31 101 25 148 91 83 129 150 35 108 16 0,34
PFG_MOEA,646,1,395.13,2342.24,0 136 143 20 0,
PFG_MOEA,646,2,395.13,2342.24,0 124 156 107 61 109 135 62 47 123 97 111 155 179 9 137 85 17 162 200 142 120 74 56 167 182 180 112 34 11 36 5 126 0,
PFG_MOEA,646,3,395.13,2342.24,0 51 48 21 98 128 198 119 196 55 70 69 192 160 43 185 66 166 104 181 93 53 86 178 113 100 58 195 7 44 1 59 24 2 199 116 151 173 60 99 4 46 18 132 14 33 171 144 30 77 84 176 35 108 16 117 0,53 181
PFG_MOEA,646,4,395.13,2342.24,0 175 78 146 115 39 64 81 71 50 8 10 26 188 138 114 170 118 157 174 145 23 147 49 105 102 158 133 161 82 38 140 80 75 168 90 130 92 191 67 169 68 95 172 94 32 41 89 27 184 57 187 22 87 106 40 183 88 163 131 164 42 29 127 73 3 0,40 78 87 105
PFG_MOEA,646,5,395.13,2342.24,0 152 186 0,
PFG_MOEA,646,6,395.13,2342.24,0 134 96 79 13 110 121 28 15 54 45 190 189 72 37 194 122 159 19 139 103 141 125 154 165 153 12 149 177 52 6 63 197 76 65 193 91 148 25 101 83 129 31 150 0,141
PFG_MOEA,647,1,306.31,2495.58,0 136 20 143 5 61 109 11 36 126 34 112 180 182 167 56 9 137 85 17 162 200 142 120 74 62 135 107 156 124 0,11 126
PFG_MOEA,647,2,306.31,2495.58,0 47 123 97 155 111 179 33 14 132 18 46 4 99 60 173 151 116 199 171 144 30 24 59 1 44 7 2 77 0,99
PFG_MOEA,647,3,306.31,2495.58,0 51 48 146 175 78 185 66 166 195 58 100 113 178 86 104 181 53 93 43 160 192 69 70 55 196 119 198 128 98 21 115 39 64 0,93 181
PFG_MOEA,647,4,306.31,2495.58,0 131 163 106 40 68 95 172 94 32 41 169 67 191 92 130 90 168 75 80 140 38 82 161 133 158 102 105 49 147 23 183 88 145 174 157 118 170 114 188 138 81 26 10 8 50 71 0,80 105
PFG_MOEA,647,5,306.31,2495.58,0 152 83 153 12 149 177 52 6 63 159 19 139 103 190 45 54 15 87 22 187 57 184 27 89 28 121 110 42 29 164 127 73 3 0,149 190
PFG_MOEA,647,6,306.31,2495.58,0 117 13 79 96 134 186 141 125 154 165 129 16 108 35 150 31 101 25 148 91 193 122 194 37 72 189 197 76 65 176 84 0,91 141
PFG_MOEA,648,1,528.52,2327.53,0 124 156 107 126 36 109 11 167 182 34 112 180 176 197 76 65 84 74 120 142 200 162 56 9 17 85 137 173 60 99 151 116 199 30 144 171 4 46 18 132 14 33 179 111 155 97 123 47 62 135 77 2 24 59 1 44 7 195 58 100 113 178 86 104 166 66 181 53 93 160 43 185 78 175 146 192 69 70 55 196 119 198 128 98 21 115 48 51 0,126 182
PFG_MOEA,648,2,528.52,2327.53,0 39 0,39
PFG_MOEA,648,3,528.52,2327.53,0 64 0,
PFG_MOEA,648,4,528.52,2327.53,0 81 71 50 0,
PFG_MOEA,648,5,528.52,2327.53,0 131 163 106 40 130 92 133 161 82 38 140 80 75 168 90 158 102 105 49 147 23 183 88 145 174 157 118 170 10 8 26 114 188 138 0,92 168
PFG_MOEA,648,6,528.52,2327.53,0 136 20 143 61 5 16 108 35 150 31 101 25 148 91 193 122 194 37 72 189 190 45 87 22 187 57 184 27 89 41 169 67 191 32 94 68 95 172 15 54 103 139 19 159 63 6 52 177 149 12 153 83 129 165 154 125 141 186 152 134 96 79 13 28 121 110 42 29 164 127 73 3 117 0,91 141 187
PFG_MOEA,649,1,264.18,3010.24,0 117 16 108 35 150 37 72 87 22 187 57 172 95 184 27 89 41 32 94 191 133 161 82 38 140 80 75 168 105 102 158 90 67 169 68 152 0,94 168
PFG_MOEA,649,2,264.18,3010.24,0 3 31 101 25 148 91 6 52 177 149 190 45 122 76 65 193 176 84 151 116 199 171 4 46 18 132 144 30 109 107 156 124 0,122 149
PFG_MOEA,649,3,264.18,3010.24,0 126 36 11 167 182 34 112 180 194 189 197 74 120 142 200 162 17 85 137 173 60 99 9 56 111 179 33 14 155 97 123 47 62 135 77 0,
PFG_MOEA,649,4,264.18,3010.24,0 24 59 2 1 44 7 195 58 100 113 178 86 104 166 66 93 181 53 192 160 43 185 78 175 131 163 183 23 147 49 130 92 40 106 0,
PFG_MOEA,649,5,264.18,3010.24,0 136 20 143 61 69 70 55 196 119 198 98 128 10 8 145 88 174 157 118 170 114 188 138 26 81 71 50 39 0,136
PFG_MOEA,649,6,264.18,3010.24,0 51 48 146 21 115 64 127 73 164 29 42 110 121 28 15 54 13 79 96 134 186 141 103 139 19 159 63 154 125 165 153 12 83 129 5 0,21 96
PFG_MOEA,650,1,274.07,2785.44,0 112 180 182 74 120 142 200 162 56 9 17 85 137 173 60 99 151 116 199 171 4 46 18 132 14 111 144 30 77 175 24 59 2 1 44 7 160 146 48 51 0,4 162 182
PFG_MOEA,650,2,274.07,2785.44,0 167 78 185 66 166 195 58 100 113 178 86 104 181 53 93 43 192 69 70 55 196 119 198 128 98 21 115 0,104
PFG_MOEA,650,3,274.07,2785.44,0 39 50 71 26 8 10 105 102 158 90 168 75 80 140 38 82 161 133 191 41 89 27 184 172 95 94 32 131 88 145 174 157 118 170 114 188 138 81 64 0,80 94
PFG_MOEA,650,4,274.07,2785.44,0 126 20 136 143 5 61 109 36 11 34 84 176 65 76 139 103 87 22 187 57 183 13 79 96 134 186 141 125 16 117 0,
PFG_MOEA,650,5,274.07,2785.44,0 3 73 127 163 23 147 49 130 92 67 169 68 40 106 29 164 42 110 121 28 15 54 45 190 189 72 152 0,
PFG_MOEA,650,6,274.07,2785.44,0 35 108 129 83 6 52 177 149 12 153 165 154 19 159 63 37 194 122 197 193 91 148 25 101 31 150 62 179 33 155 97 123 47 135 107 156 124 0,91 194
PFG_MOEA,651,1,285.8,2514.54,0 124 156 107 135 62 182 167 47 123 97 155 14 132 18 46 4 33 179 111 56 74 120 142 200 162 17 85 137 9 99 60 173 151 116 199 171 144 30 24 59 0,
PFG_MOEA,651,2,285.8,2514.54,0 51 48 192 69 70 55 160 43 93 53 181 104 86 178 113 100 58 195 166 66 185 78 7 44 1 2 77 175 146 0,78
PFG_MOEA,651,3,285.8,2514.54,0 64 163 131 106 40 68 128 198 119 196 98 21 115 39 0,119
PFG_MOEA,651,4,285.8,2514.54,0 138 88 183 95 172 94 32 41 169 67 191 92 130 90 168 75 80 140 38 82 161 133 158 102 105 49 147 23 145 174 157 118 170 114 188 81 0,80 92 105
PFG_MOEA,651,5,285.8,2514.54,0 117 50 71 26 8 10 89 27 184 57 187 22 87 15 54 45 190 139 19 63 108 125 103 141 186 152 134 96 79 13 28 121 110 42 29 164 127 73 3 0,54 108
PFG_MOEA,651,6,285.8,2514.54,0 136 20 143 5 61 109 36 11 34 112 180 31 150 35 16 129 83 6 52 177 149 12 153 159 154 165 101 25 148 91 193 122 194 37 72 189 197 76 65 176 84 126 0,11 35 194
PFG_MOEA,652,1,279.47,2703.52,0 64 163 131 106 40 68 95 172 94 32 41 67 169 183 88 145 114 188 138 81 26 10 8 50 128 98 198 119 196 55 70 69 192 160 181 53 93 43 21 115 39 0,94 119
PFG_MOEA,652,2,279.47,2703.52,0 117 71 89 27 184 57 187 22 87 15 54 45 190 83 153 12 149 177 52 6 63 159 19 139 103 13 79 96 134 152 28 121 110 42 29 164 127 73 3 0,149
PFG_MOEA,652,3,279.47,2703.52,0 84 176 65 76 197 189 72 37 194 122 193 91 148 25 101 31 150 35 108 16 129 165 154 125 141 186 174 0,91 108
PFG_MOEA,652,4,279.47,2703.52,0 157 130 92 191 133 161 82 38 140 80 75 168 90 158 102 105 49 147 23 170 118 0,92 105 147
PFG_MOEA,652,5,279.47,2703.52,0 124 156 107 135 62 47 123 97 155 111 179 33 14 9 137 85 17 162 200 142 120 74 56 167 182 180 112 34 126 36 11 109 61 5 143 20 136 0,109
PFG_MOEA,652,6,279.47,2703.52,0 51 48 185 66 166 195 58 100 113 178 86 104 78 175 24 59 7 44 1 2 199 116 151 173 60 99 4 46 18 132 171 144 30 77 146 0,78
PFG_MOEA,653,1,325.52,2455.62,0 136 143 61 109 5 182 167 193 176 84 56 111 179 33 14 132 18 46 4 171 144 30 155 97 123 47 135 62 11 36 20 0,
PFG_MOEA,653,2,325.52,2455.62,0 117 124 156 107 77 74 120 142 200 162 9 17 85 137 173 60 99 151 116 199 2 24 59 1 44 7 195 58 100 113 178 86 53 93 181 104 166 66 185 43 78 175 146 48 51 0,78
PFG_MOEA,653,3,325.52,2455.62,0 115 21 160 192 69 70 55 196 119 198 98 128 10 81 188 114 145 88 183 138 39 0,
PFG_MOEA,653,4,325.52,2455.62,0 64 26 174 157 23 147 49 105 102 158 133 161 82 38 140 80 75 168 90 130 92 191 67 169 94 32 41 89 27 184 57 172 95 68 118 170 8 50 71 0,
PFG_MOEA,653,5,325.52,2455.62,0 3 73 127 131 163 106 40 187 22 87 29 164 42 152 186 134 96 79 13 110 121 28 15 54 45 190 189 72 37 194 122 197 65 76 63 159 19 139 103 177 52 6 149 12 153 165 154 125 141 126 0,6 190
PFG_MOEA,653,6,325.52,2455.62,0 34 112 180 31 101 25 148 91 83 129 150 35 108 16 0,34
PFG_MOEA,654,1,395.13,2342.24,0 136 143 20 0,
PFG_MOEA,654,2,395.13,2342.24,0 124 156 107 61 109 135 62 47 123 97 111 155 179 9 137 85 17 162 200 142 120 74 56 167 182 180 112 34 11 36 5 126 0,
PFG_MOEA,654,3,395.13,2342.24,0 51 48 21 98 128 198 119 196 55 70 69 192 160 43 185 66 166 104 181 93 53 86 178 113 100 58 195 7 44 1 59 24 2 199 116 151 173 60 99 4 46 18 132 14 33 171 144 30 77 84 176 35 108 16 117 0,53 181
PFG_MOEA,654,4,395.13,2342.24,0 175 78 146 115 39 64 81 71 50 8 10 26 188 138 114 170 118 157 174 145 23 147 49 105 102 158 133 161 82 38 140 80 75 168 90 130 92 191 67 169 68 95 172 94 32 41 89 27 184 57 187 22 87 106 40 183 88 163 131 164 42 29 127 73 3 0,40 78 87 105
PFG_MOEA,654,5,395.13,2342.24,0 152 186 0,
PFG_MOEA,654,6,395.13,2342.24,0 134 96 79 13 110 121 28 15 54 45 190 189 72 37 194 122 159 19 139 103 141 125 154 165 153 12 149 177 52 6 63 197 76 65 193 91 148 25 101 83 129 31 150 0,141
PFG_MOEA,655,1,306.31,2495.58,0 136 20 143 5 61 109 11 36 126 34 112 180 182 167 56 9 137 85 17 162 200 142 120 74 62 135 107 156 124 0,11 126
PFG_MOEA,655,2,306.31,2495.58,0 47 123 97 155 111 179 33 14 132 18 46 4 99 60 173 151 116 199 171 144 30 24 59 1 44 7 2 77 0,99
PFG_MOEA,655,3,306.31,2495.58,0 51 48 146 175 78 185 66 166 195 58 100 113 178 86 104 181 53 93 43 160 192 69 70 55 196 119 198 128 98 21 115 39 64 0,93 181
PFG_MOEA,655,4,306.31,2495.58,0 131 163 106 40 68 95 172 94 32 41 169 67 191 92 130 90 168 75 80 140 38 82 161 133 158 102 105 49 147 23 183 88 145 174 157 118 170 114 188 138 81 26 10 8 50 71 0,80 105
PFG_MOEA,655,5,306.31,2495.58,0 152 83 153 12 149 177 52 6 63 159 19 139 103 190 45 54 15 87 22 187 57 184 27 89 28 121 110 42 29 164 127 73 3 0,149 190
PFG_MOEA,655,6,306.31,2495.58,0 117 13 79 96 134 186 141 125 154 165 129 16 108 35 150 31 101 25 148 91 193 122 194 37 72 189 197 76 65 176 84 0,91 141
PFG_MOEA,656,1,528.52,2327.53,0 124 156 107 126 36 109 11 167 182 34 112 180 176 197 76 65 84 74 120 142 200 162 56 9 17 85 137 173 60 99 151 116 199 30 144 171 4 46 18 132 14 33 179 111 155 97 123 47 62 135 77 2 24 59 1 44 7 195 58 100 113 178 86 104 166 66 181 53 93 160 43 185 78 175 146 192 69 70 55 196 119 198 128 98 21 115 48 51 0,126 182
PFG_MOEA,656,2,528.52,2327.53,0 39 0,39
PFG_MOEA,656,3,528.52,2327.53,0 64 0,
PFG_MOEA,656,4,528.52,2327.53,0 81 71 50 0,
PFG_MOEA,656,5,528.52,2327.53,0 131 163 106 40 130 92 133 161 82 38 140 80 75 168 90 158 102 105 49 147 23 183 88 145 174 157 118 170 10 8 26 114 188 138 0,92 168
PFG_MOEA,656,6,528.52,2327.53,0 136 20 143 61 5 16 108 35 150 31 101 25 148 91 193 122 194 37 72 189 190 45 87 22 187 57 184 27 89 41 169 67 191 32 94 68 95 172 15 54 103 139 19 159 63 6 52 177 149 12 153 83 129 165 154 125 141 186 152 134 96 79 13 28 121 110 42 29 164 127 73 3 117 0,91 141 187
PFG_MOEA,657,1,264.18,3010.24,0 117 16 108 35 150 37 72 87 22 187 57 172 95 184 27 89 41 32 94 191 133 161 82 38 140 80 75 168 105 102 158 90 67 169 68 152 0,94 168
PFG_MOEA,657,2,264.18,3010.24,0 3 31 101 25 148 91 6 52 177 149 190 45 122 76 65 193 176 84 151 116 199 171 4 46 18 132 144 30 109 107 156 124 0,122 149
PFG_MOEA,657,3,264.18,3010.24,0 126 36 11 167 182 34 112 180 194 189 197 74 120 142 200 162 17 85 137 173 60 99 9 56 111 179 33 14 155 97 123 47 62 135 77 0,
PFG_MOEA,657,4,264.18,3010.24,0 24 59 2 1 44 7 195 58 100 113 178 86 104 166 66 93 181 53 192 160 43 185 78 175 131 163 183 23 147 49 130 92 40 106 0,
PFG_MOEA,657,5,264.18,3010.24,0 136 20 143 61 69 70 55 196 119 198 98 128 10 8 145 88 174 157 118 170 114 188 138 26 81 71 50 39 0,136
PFG_MOEA,657,6,264.18,3010.24,0 51 48 146 21 115 64 127 73 164 29 42 110 121 28 15 54 13 79 96 134 186 141 103 139 19 159 63 154 125 165 153 12 83 129 5 0,21 96
PFG_MOEA,658,1,274.07,2785.44,0 112 180 182 74 120 142 200 162 56 9 17 85 137 173 60 99 151 116 199 171 4 46 18 132 14 111 144 30 77 175 24 59 2 1 44 7 160 146 48 51 0,4 162 182
PFG_MOEA,658,2,274.07,2785.44,0 167 78 185 66 166 195 58 100 113 178 86 104 181 53 93 43 192 69 70 55 196 119 198 128 98 21 115 0,104
PFG_MOEA,658,3,274.07,2785.44,0 39 50 71 26 8 10 105 102 158 90 168 75 80 140 38 82 161 133 191 41 89 27 184 172 95 94 32 131 88 145 174 157 118 170 114 188 138 81 64 0,80 94
PFG_MOEA,658,4,274.07,2785.44,0 126 20 136 143 5 61 109 36 11 34 84 176 65 76 139 103 87 22 187 57 183 13 79 96 134 186 141 125 16 117 0,
PFG_MOEA,658,5,274.07,2785.44,0 3 73 127 163 23 147 49 130 92 67 169 68 40 106 29 164 42 110 121 28 15 54 45 190 189 72 152 0,
PFG_MOEA,658,6,274.07,2785.44,0 35 108 129 83 6 52 177 149 12 153 165 154 19 159 63 37 194 122 197 193 91 148 25 101 31 150 62 179 33 155 97 123 47 135 107 156 124 0,91 194
PFG_MOEA,659,1,285.8,2514.54,0 124 156 107 135 62 182 167 47 123 97 155 14 132 18 46 4 33 179 111 56 74 120 142 200 162 17 85 137 9 99 60 173 151 116 199 171 144 30 24 59 0,
PFG_MOEA,659,2,285.8,2514.54,0 51 48 192 69 70 55 160 43 93 53 181 104 86 178 113 100 58 195 166 66 185 78 7 44 1 2 77 175 146 0,78
PFG_MOEA,659,3,285.8,2514.54,0 64 163 131 106 40 68 128 198 119 196 98 21 115 39 0,119
PFG_MOEA,659,4,285.8,2514.54,0 138 88 183 95 172 94 32 41 169 67 191 92 130 90 168 75 80 140 38 82 161 133 158 102 105 49 147 23 145 174 157 118 170 114 188 81 0,80 92 105
PFG_MOEA,659,5,285.8,2514.54,0 117 50 71 26 8 10 89 27 184 57 187 22 87 15 54 45 190 139 19 63 108 125 103 141 186 152 134 96 79 13 28 121 110 42 29 164 127 73 3 0,54 108
PFG_MOEA,659,6,285.8,2514.54,0 136 20 143 5 61 109 36 11 34 112 180 31 150 35 16 129 83 6 52 177 149 12 153 159 154 165 101 25 148 91 193 122 194 37 72 189 197 76 65 176 84 126 0,11 35 194
PFG_MOEA,660,1,279.47,2703.52,0 64 163 131 106 40 68 95 172 94 32 41 67 169 183 88 145 114 188 138 81 26 10 8 50 128 98 198 119 196 55 70 69 192 160 181 53 93 43 21 115 39 0,94 119
PFG_MOEA,660,2,279.47,2703.52,0 117 71 89 27 184 57 187 22 87 15 54 45 190 83 153 12 149 177 52 6 63 159 19 139 103 13 79 96 134 152 28 121 110 42 29 164 127 73 3 0,149
PFG_MOEA,660,3,279.47,2703.52,0 84 176 65 76 197 189 72 37 194 122 193 91 148 25 101 31 150 35 108 16 129 165 154 125 141 186 174 0,91 108
PFG_MOEA,660,4,279.47,2703.52,0 157 130 92 191 133 161 82 38 140 80 75 168 90 158 102 105 49 147 23 170 118 0,92 105 147
PFG_MOEA,660,5,279.47,2703.52,0 124 156 107 135 62 47 123 97 155 111 179 33 14 9 137 85 17 162 200 142 120 74 56 167 182 180 112 34 126 36 11 109 61 5 143 20 136 0,109
PFG_MOEA,660,6,279.47,2703.52,0 51 48 185 66 166 195 58 100 113 178 86 104 78 175 24 59 7 44 1 2 199 116 151 173 60 99 4 46 18 132 171 144 30 77 146 0,78
PFG_MOEA,661,1,325.52,2455.62,0 136 143 61 109 5 182 167 193 176 84 56 111 179 33 14 132 18 46 4 171 144 30 155 97 123 47 135 62 11 36 20 0,
PFG_MOEA,661,2,325.52,2455.62,0 117 124 156 107 77 74 120 142 200 162 9 17 85 137 173 60 99 151 116 199 2 24 59 1 44 7 195 58 100 113 178 86 53 93 181 104 166 66 185 43 78 175 146 48 51 0,78
PFG_MOEA,661,3,325.52,2455.62,0 115 21 160 192 69 70 55 196 119 198 98 128 10 81 188 114 145 88 183 138 39 0,
PFG_MOEA,661,4,325.52,2455.62,0 64 26 174 157 23 147 49 105 102 158 133 161 82 38 140 80 75 168 90 130 92 191 67 169 94 32 41 89 27 184 57 172 95 68 118 170 8 50 71 0,
PFG_MOEA,661,5,325.52,2455.62,0 3 73 127 131 163 106 40 187 22 87 29 164 42 152 186 134 96 79 13 110 121 28 15 54 45 190 189 72 37 194 122 197 65 76 63 159 19 139 103 177 52 6 149 12 153 165 154 125 141 126 0,6 190
PFG_MOEA,661,6,325.52,2455.62,0 34 112 180 31 101 25 148 91 83 129 150 35 108 16 0,34
PFG_MOEA,662,1,395.13,2342.24,0 136 143 20 0,
PFG_MOEA,662,2,395.13,2342.24,0 124 156 107 61 109 135 62 47 123 97 111 155 179 9 137 85 17 162 200 142 120 74 56 167 182 180 112 34 11 36 5 126 0,
PFG_MOEA,662,3,395.13,2342.24,0 51 48 21 98 128 198 119 196 55 70 69 192 160 43 185 66 166 104 181 93 53 86 178 113 100 58 195 7 44 1 59 24 2 199 116 151 173 60 99 4 46 18 132 14 33 171 144 30 77 84 176 35 108 16 117 0,53 181
PFG_MOEA,662,4,395.13,2342.24,0 175 78 146 115 39 64 81 71 50 8 10 26 188 138 114 170 118 157 174 145 23 147 49 105 102 158 133 161 82 38 140 80 75 168 90 130 92 191 67 169 68 95 172 94 32 41 89 27 184 57 187 22 87 106 40 183 88 163 131 164 42 29 127 73 3 0,40 78 87 105
PFG_MOEA,662,5,395.13,2342.24,0 152 186 0,
PFG_MOEA,662,6,395.13,2342.24,0 134 96 79 13 110 121 28 15 54 45 190 189 72 37 194 122 159 19 139 103 141 125 154 165 153 12 149 177 52 6 63 197 76 65 193 91 148 25 101 83 129 31 150 0,141
PFG_MOEA,663,1,306.31,2495.58,0 136 20 143 5 61 109 11 36 126 34 112 180 182 167 56 9 137 85 17 162 200 142 120 74 62 135 107 156 124 0,11 126
PFG_MOEA,663,2,306.31,2495.58,0 47 123 97 155 111 179 33 14 132 18 46 4 99 60 173 151 116 199 171 144 30 24 59 1 44 7 2 77 0,99
PFG_MOEA,663,3,306.31,2495.58,0 51 48 146 175 78 185 66 166 195 58 100 113 178 86 104 181 53 93 43 160 192 69 70 55 196 119 198 128 98 21 115 39 64 0,93 181
PFG_MOEA,663,4,306.31,2495.58,0 131 163 106 40 68 95 172 94 32 41 169 67 191 92 130 90 168 75 80 140 38 82 161 133 158 102 105 49 147 23 183 88 145 174 157 118 170 114 188 138 81 26 10 8 50 71 0,80 105
PFG_MOEA,663,5,306.31,2495.58,0 152 83 153 12 149 177 52 6 63 159 19 139 103 190 45 54 15 87 22 187 57 184 27 89 28 121 110 42 29 164 127 73 3 0,149 190
PFG_MOEA,663,6,306.31,2495.58,0 117 13 79 96 134 186 141 125 154 165 129 16 108 35 150 31 101 25 148 91 193 122 194 37 72 189 197 76 65 176 84 0,91 141
PFG_MOEA,664,1,528.52,2327.53,0 124 156 107 126 36 109 11 167 182 34 112 180 176 197 76 65 84 74 120 142 200 162 56 9 17 85 137 173 60 99 151 116 199 30 144 171 4 46 18 132 14 33 179 111 155 97 123 47 62 135 77 2 24 59 1 44 7 195 58 100 113 178 86 104 166 66 181 53 93 160 43 185 78 175 146 192 69 70 55 196 119 198 128 98 21 115 48 51 0,126 182
PFG_MOEA,664,2,528.52,2327.53,0 39 0,39
PFG_MOEA,664,3,528.52,2327.53,0 64 0,
PFG_MOEA,664,4,528.52,2327.53,0 81 71 50 0,
PFG_MOEA,664,5,528.52,2327.53,0 131 163 106 40 130 92 133 161 82 38 140 80 75 168 90 158 102 105 49 147 23 183 88 145 174 157 118 170 10 8 26 114 188 138 0,92 168
PFG_MOEA,664,6,528.52,2327.53,0 136 20 143 61 5 16 108 35 150 31 101 25 148 91 193 122 194 37 72 189 190 45 87 22 187 57 184 27 89 41 169 67 191 32 94 68 95 172 15 54 103 139 19 159 63 6 52 177 149 12 153 83 129 165 154 125 141 186 152 134 96 79 13 28 121 110 42 29 164 127 73 3 117 0,91 141 187
PFG_MOEA,665,1,264.18,3010.24,0 117 16 108 35 150 37 72 87 22 187 57 172 95 184 27 89 41 32 94 191 133 161 82 38 140 80 75 168 105 102 158 90 67 169 68 152 0,94 168
PFG_MOEA,665,2,264.18,3010.24,0 3 31 101 25 148 91 6 52 177 149 190 45 122 76 65 193 176 84 151 116 199 171 4 46 18 132 144 30 109 107 156 124 0,122 149
PFG_MOEA,665,3,264.18,3010.24,0 126 36 11 167 182 34 112 180 194 189 197 74 120 142 200 162 17 85 137 173 60 99 9 56 111 179 33 14 155 97 123 47 62 135 77 0,
PFG_MOEA,665,4,264.18,3010.24,0 24 59 2 1 44 7 195 58 100 113 178 86 104 166 66 93 181 53 192 160 43 185 78 175 131 163 183 23 147 49 130 92 40 106 0,
PFG_MOEA,665,5,264.18,3010.24,0 136 20 143 61 69 70 55 196 119 198 98 128 10 8 145 88 174 157 118 170 114 188 138 26 81 71 50 39 0,136
PFG_MOEA,665,6,264.18,3010.24,0 51 48 146 21 115 64 127 73 164 29 42 110 121 28 15 54 13 79 96 134 186 141 103 139 19 159 63 154 125 165 153 12 83 129 5 0,21 96
PFG_MOEA,666,1,274.07,2785.44,0 112 180 182 74 120 142 200 162 56 9 17 85 137 173 60 99 151 116 199 171 4 46 18 132 14 111 144 30 77 175 24 59 2 1 44 7 160 146 48 51 0,4 162 182
PFG_MOEA,666,2,274.07,2785.44,0 167 78 185 66 166 195 58 100 113 178 86 104 181 53 93 43 192 69 70 55 196 119 198 128 98 21 115 0,104
PFG_MOEA,666,3,274.07,2785.44,0 39 50 71 26 8 10 105 102 158 90 168 75 80 140 38 82 161 133 191 41 89 27 184 172 95 94 32 131 88 145 174 157 118 170 114 188 138 81 64 0,80 94
PFG_MOEA,666,4,274.07,2785.44,0 126 20 136 143 5 61 109 36 11 34 84 176 65 76 139 103 87 22 187 57 183 13 79 96 134 186 141 125 16 117 0,
PFG_MOEA,666,5,274.07,2785.44,0 3 73 127 163 23 147 49 130 92 67 169 68 40 106 29 164 42 110 121 28 15 54 45 190 189 72 152 0,
PFG_MOEA,666,6,274.07,2785.44,0 35 108 129 83 6 52 177 149 12 153 165 154 19 159 63 37 194 122 197 193 91 148 25 101 31 150 62 179 33 155 97 123 47 135 107 156 124 0,91 194
PFG_MOEA,667,1,285.8,2514.54,0 124 156 107 135 62 182 167 47 123 97 155 14 132 18 46 4 33 179 111 56 74 120 142 200 162 17 85 137 9 99 60 173 151 116 199 171 144 30 24 59 0,
PFG_MOEA,667,2,285.8,2514.54,0 51 48 192 69 70 55 160 43 93 53 181 104 86 178 113 100 58 195 166 66 185 78 7 44 1 2 77 175 146 0,78
PFG_MOEA,667,3,285.8,2514.54,0 64 163 131 106 40 68 128 198 119 196 98 21 115 39 0,119
PFG_MOEA,667,4,285.8,2514.54,0 138 88 183 95 172 94 32 41 169 67 191 92 130 90 168 75 80 140 38 82 161 133 158 102 105 49 147 23 145 174 157 118 170 114 188 81 0,80 92 105
PFG_MOEA,667,5,285.8,2514.54,0 117 50 71 26 8 10 89 27 184 57 187 22 87 15 54 45 190 139 19 63 108 125 103 141 186 152 134 96 79 13 28 121 110 42 29 164 127 73 3 0,54 108
PFG_MOEA,667,6,285.8,2514.54,0 136 20 143 5 61 109 36 11 34 112 180 31 150 35 16 129 83 6 52 177 149 12 153 159 154 165 101 25 148 91 193 122 194 37 72 189 197 76 65 176 84 126 0,11 35 194
PFG_MOEA,668,1,279.47,2703.52,0 64 163 131 106 40 68 95 172 94 32 41 67 169 183 88 145 114 188 138 81 26 10 8 50 128 98 198 119 196 55 70 69 192 160 181 53 93 43 21 115 39 0,94 119
PFG_MOEA,668,2,279.47,2703.52,0 117 71 89 27 184 57 187 22 87 15 54 45 190 83 153 12 149 177 52 6 63 159 19 139 103 13 79 96 134 152 28 121 110 42 29 164 127 73 3 0,149
PFG_MOEA,668,3,279.47,2703.52,0 84 176 65 76 197 189 72 37 194 122 193 91 148 25 101 31 150 35 108 16 129 165 154 125 141 186 174 0,91 108
PFG_MOEA,668,4,279.47,2703.52,0 157 130 92 191 133 161 82 38 140 80 75 168 90 158 102 105 49 147 23 170 118 0,92 105 147
PFG_MOEA,668,5,279.47,2703.52,0 124 156 107 135 62 47 123 97 155 111 179 33 14 9 137 85 17 162 200 142 120 74 56 167 182 180 112 34 126 36 11 109 61 5 143 20 136 0,109
PFG_MOEA,668,6,279.47,2703.52,0 51 48 185 66 166 195 58 100 113 178 86 104 78 175 24 59 7 44 1 2 199 116 151 173 60 99 4 46 18 132 171 144 30 77 146 0,78
PFG_MOEA,669,1,325.52,2455.62,0 136 143 61 109 5 182 167 193 176 84 56 111 179 33 14 132 18 46 4 171 144 30 155 97 123 47 135 62 11 36 20 0,
PFG_MOEA,669,2,325.52,2455.62,0 117 124 156 107 77 74 120 142 200 162 9 17 85 137 173 60 99 151 116 199 2 24 59 1 44 7 195 58 100 113 178 86 53 93 181 104 166 66 185 43 78 175 146 48 51 0,78
PFG_MOEA,669,3,325.52,2455.62,0 115 21 160 192 69 70 55 196 119 198 98 128 10 81 188 114 145 88 183 138 39 0,
PFG_MOEA,669,4,325.52,2455.62,0 64 26 174 157 23 147 49 105 102 158 133 161 82 38 140 80 75 168 90 130 92 191 67 169 94 32 41 89 27 184 57 172 95 68 118 170 8 50 71 0,
PFG_MOEA,669,5,325.52,2455.62,0 3 73 127 131 163 106 40 187 22 87 29 164 42 152 186 134 96 79 13 110 121 28 15 54 45 190 189 72 37 194 122 197 65 76 63 159 19 139 103 177 52 6 149 12 153 165 154 125 141 126 0,6 190
PFG_MOEA,669,6,325.52,2455.62,0 34 112 180 31 101 25 148 91 83 129 150 35 108 16 0,34
PFG_MOEA,670,1,395.13,2342.24,0 136 143 20 0,
PFG_MOEA,670,2,395.13,2342.24,0 124 156 107 61 109 135 62 47 123 97 111 155 179 9 137 85 17 162 200 142 120 74 56 167 182 180 112 34 11 36 5 126 0,
PFG_MOEA,670,3,395.13,2342.24,0 51 48 21 98 128 198 119 196 55 70 69 192 160 43 185 66 166 104 181 93 53 86 178 113 100 58 195 7 44 1 59 24 2 199 116 151 173 60 99 4 46 18 132 14 33 171 144 30 77 84 176 35 108 16 117 0,53 181
PFG_MOEA,670,4,395.13,2342.24,0 175 78 146 115 39 64 81 71 50 8 10 26 188 138 114 170 118 157 174 145 23 147 49 105 102 158 133 161 82 38 140 80 75 168 90 130 92 191 67 169 68 95 172 94 32 41 89 27 184 57 187 22 87 106 40 183 88 163 131 164 42 29 127 73 3 0,40 78 87 105
PFG_MOEA,670,5,395.13,2342.24,0 152 186 0,
PFG_MOEA,670,6,395.13,2342.24,0 134 96 79 13 110 121 28 15 54 45 190 189 72 37 194 122 159 19 139 103 141 125 154 165 153 12 149 177 52 6 63 197 76 65 193 91 148 25 101 83 129 31 150 0,141
PFG_MOEA,671,1,306.31,2495.58,0 136 20 143 5 61 109 11 36 126 34 112 180 182 167 56 9 137 85 17 162 200 142 120 74 62 135 107 156 124 0,11 126
PFG_MOEA,671,2,306.31,2495.58,0 47 123 97 155 111 179 33 14 132 18 46 4 99 60 173 151 116 199 171 144 30 24 59 1 44 7 2 77 0,99
PFG_MOEA,671,3,306.31,2495.58,0 51 48 146 175 78 185 66 166 195 58 100 113 178 86 104 181 53 93 43 160 192 69 70 55 196 119 198 128 98 21 115 39 64 0,93 181
PFG_MOEA,671,4,306.31,2495.58,0 131 163 106 40 68 95 172 94 32 41 169 67 191 92 130 90 168 75 80 140 38 82 161 133 158 102 105 49 147 23 183 88 145 174 157 118 170 114 188 138 81 26 10 8 50 71 0,80 105
PFG_MOEA,671,5,306.31,2495.58,0 152 83 153 12 149 177 52 6 63 159 19 139 103 190 45 54 15 87 22 187 57 184 27 89 28 121 110 42 29 164 127 73 3 0,149 190
PFG_MOEA,671,6,306.31,2495.58,0 117 13 79 96 134 186 141 125 154 165 129 16 108 35 150 31 101 25 148 91 193 122 194 37 72 189 197 76 65 176 84 0,91 141
PFG_MOEA,672,1,528.52,2327.53,0 124 156 107 126 36 109 11 167 182 34 112 180 176 197 76 65 84 74 120 142 200 162 56 9 17 85 137 173 60 99 151 116 199 30 144 171 4 46 18 132 14 33 179 111 155 97 123 47 62 135 77 2 24 59 1 44 7 195 58 100 113 178 86 104 166 66 181 53 93 160 43 185 78 175 146 192 69 70 55 196 119 198 128 98 21 115 48 51 0,126 182
PFG_MOEA,672,2,528.52,2327.53,0 39 0,39
PFG_MOEA,672,3,528.52,2327.53,0 64 0,
PFG_MOEA,672,4,528.52,2327.53,0 81 71 50 0,
PFG_MOEA,672,5,528.52,2327.53,0 131 163 106 40 130 92 133 161 82 38 140 80 75 168 90 158 102 105 49 147 23 183 88 145 174 157 118 170 10 8 26 114 188 138 0,92 168
PFG_MOEA,672,6,528.52,2327.53,0 136 20 143 61 5 16 108 35 150 31 101 25 148 91 193 122 194 37 72 189 190 45 87 22 187 57 184 27 89 41 169 67 191 32 94 68 95 172 15 54 103 139 19 159 63 6 52 177 149 12 153 83 129 165 154 125 141 186 152 134 96 79 13 28 121 110 42 29 164 127 73 3 117 0,91 141 187
PFG_MOEA,673,1,264.18,3010.24,0 117 16 108 35 150 37 72 87 22 187 57 172 95 184 27 89 41 32 94 191 133 161 82 38 140 80 75 168 105 102 158 90 67 169 68 152 0,94 168
PFG_MOEA,673,2,264.18,3010.24,0 3 31 101 25 148 91 6 52 177 149 190 45 122 76 65 193 176 84 151 116 199 171 4 46 18 132 144 30 109 107 156 124 0,122 149
PFG_MOEA,673,3,264.18,3010.24,0 126 36 11 167 182 34 112 180 194 189 197 74 120 142 200 162 17 85 137 173 60 99 9 56 111 179 33 14 155 97 123 47 62 135 77 0,
PFG_MOEA,673,4,264.18,3010.24,0 24 59 2 1 44 7 195 58 100 113 178 86 104 166 66 93 181 53 192 160 43 185 78 175 131 163 183 23 147 49 130 92 40 106 0,
PFG_MOEA,673,5,264.18,3010.24,0 136 20 143 61 69 70 55 196 119 198 98 128 10 8 145 88 174 157 118 170 114 188 138 26 81 71 50 39 0,136
PFG_MOEA,673,6,264.18,3010.24,0 51 48 146 21 115 64 127 73 164 29 42 110 121 28 15 54 13 79 96 134 186 141 103 139 19 159 63 154 125 165 153 12 83 129 5 0,21 96
PFG_MOEA,674,1,274.07,2785.44,0 112 180 182 74 120 142 200 162 56 9 17 85 137 173 60 99 151 116 199 171 4 46 18 132 14 111 144 30 77 175 24 59 2 1 44 7 160 146 48 51 0,4 162 182
PFG_MOEA,674,2,274.07,2785.44,0 167 78 185 66 166 195 58 100 113 178 86 104 181 53 93 43 192 69 70 55 196 119 198 128 98 21 115 0,104
PFG_MOEA,674,3,274.07,2785.44,0 39 50 71 26 8 10 105 102 158 90 168 75 80 140 38 82 161 133 191 41 89 27 184 172 95 94 32 131 88 145 174 157 118 170 114 188 138 81 64 0,80 94
PFG_MOEA,674,4,274.07,2785.44,0 126 20 136 143 5 61 109 36 11 34 84 176 65 76 139 103 87 22 187 57 183 13 79 96 134 186 141 125 16 117 0,
PFG_MOEA,674,5,274.07,2785.44,0 3 73 127 163 23 147 49 130 92 67 169 68 40 106 29 164 42 110 121 28 15 54 45 190 189 72 152 0,
PFG_MOEA,674,6,274.07,2785.44,0 35 108 129 83 6 52 177 149 12 153 165 154 19 159 63 37 194 122 197 193 91 148 25 101 31 150 62 179 33 155 97 123 47 135 107 156 124 0,91 194
PFG_MOEA,675,1,285.8,2514.54,0 124 156 107 135 62 182 167 47 123 97 155 14 132 18 46 4 33 179 111 56 74 120 142 200 162 17 85 137 9 99 60 173 151 116 199 171 144 30 24 59 0,
PFG_MOEA,675,2,285.8,2514.54,0 51 48 192 69 70 55 160 43 93 53 181 104 86 178 113 100 58 195 166 66 185 78 7 44 1 2 77 175 146 0,78
PFG_MOEA,675,3,285.8,2514.54,0 64 163 131 106 40 68 128 198 119 196 98 21 115 39 0,119
PFG_MOEA,675,4,285.8,2514.54,0 138 88 183 95 172 94 32 41 169 67 191 92 130 90 168 75 80 140 38 82 161 133 158 102 105 49 147 23 145 174 157 118 170 114 188 81 0,80 92 105
PFG_MOEA,675,5,285.8,2514.54,0 117 50 71 26 8 10 89 27 184 57 187 22 87 15 54 45 190 139 19 63 108 125 103 141 186 152 134 96 79 13 28 121 110 42 29 164 127 73 3 0,54 108
PFG_MOEA,675,6,285.8,2514.54,0 136 20 143 5 61 109 36 11 34 112 180 31 150 35 16 129 83 6 52 177 149 12 153 159 154 165 101 25 148 91 193 122 194 37 72 189 197 76 65 176 84 126 0,11 35 194
PFG_MOEA,676,1,279.47,2703.52,0 64 163 131 106 40 68 95 172 94 32 41 67 169 183 88 145 114 188 138 81 26 10 8 50 128 98 198 119 196 55 70 69 192 160 181 53 93 43 21 115 39 0,94 119
PFG_MOEA,676,2,279.47,2703.52,0 117 71 89 27 184 57 187 22 87 15 54 45 190 83 153 12 149 177 52 6 63 159 19 139 103 13 79 96 134 152 28 121 110 42 29 164 127 73 3 0,149
PFG_MOEA,676,3,279.47,2703.52,0 84 176 65 76 197 189 72 37 194 122 193 91 148 25 101 31 150 35 108 16 129 165 154 125 141 186 174 0,91 108
PFG_MOEA,676,4,279.47,2703.52,0 157 130 92 191 133 161 82 38 140 80 75 168 90 158 102 105 49 147 23 170 118 0,92 105 147
PFG_MOEA,676,5,279.47,2703.52,0 124 156 107 135 62 47 123 97 155 111 179 33 14 9 137 85 17 162 200 142 120 74 56 167 182 180 112 34 126 36 11 109 61 5 143 20 136 0,109
PFG_MOEA,676,6,279.47,2703.52,0 51 48 185 66 166 195 58 100 113 178 86 104 78 175 24 59 7 44 1 2 199 116 151 173 60 99 4 46 18 132 171 144 30 77 146 0,78
PFG_MOEA,677,1,325.52,2455.62,0 136 143 61 109 5 182 167 193 176 84 56 111 179 33 14 132 18 46 4 171 144 30 155 97 123 47 135 62 11 36 20 0,
PFG_MOEA,677,2,325.52,2455.62,0 117 124 156 107 77 74 120 142 200 162 9 17 85 137 173 60 99 151 116 199 2 24 59 1 44 7 195 58 100 113 178 86 53 93 181 104 166 66 185 43 78 175 146 48 51 0,78
PFG_MOEA,677,3,325.52,2455.62,0 115 21 160 192 69 70 55 196 119 198 98 128 10 81 188 114 145 88 183 138 39 0,
PFG_MOEA,677,4,325.52,2455.62,0 64 26 174 157 23 147 49 105 102 158 133 161 82 38 140 80 75 168 90 130 92 191 67 169 94 32 41 89 27 184 57 172 95 68 118 170 8 50 71 0,
PFG_MOEA,677,5,325.52,2455.62,0 3 73 127 131 163 106 40 187 22 87 29 164 42 152 186 134 96 79 13 110 121 28 15 54 45 190 189 72 37 194 122 197 65 76 63 159 19 139 103 177 52 6 149 12 153 165 154 125 141 126 0,6 190
PFG_MOEA,677,6,325.52,2455.62,0 34 112 180 31 101 25 148 91 83 129 150 35 108 16 0,34
PFG_MOEA,678,1,395.13,2342.24,0 136 143 20 0,
PFG_MOEA,678,2,395.13,2342.24,0 124 156 107 61 109 135 62 47 123 97 111 155 179 9 137 85 17 162 200 142 120 74 56 167 182 180 112 34 11 36 5 126 0,
PFG_MOEA,678,3,395.13,2342.24,0 51 48 21 98 128 198 119 196 55 70 69 192 160 43 185 66 166 104 181 93 53 86 178 113 100 58 195 7 44 1 59 24 2 199 116 151 173 60 99 4 46 18 132 14 33 171 144 30 77 84 176 35 108 16 117 0,53 181
PFG_MOEA,678,4,395.13,2342.24,0 175 78 146 115 39 64 81 71 50 8 10 26 188 138 114 170 118 157 174 145 23 147 49 105 102 158 133 161 82 38 140 80 75 168 90 130 92 191 67 169 68 95 172 94 32 41 89 27 184 57 187 22 87 106 40 183 88 163 131 164 42 29 127 73 3 0,40 78 87 105
PFG_MOEA,678,5,395.13,2342.24,0 152 186 0,
PFG_MOEA,678,6,395.13,2342.24,0 134 96 79 13 110 121 28 15 54 45 190 189 72 37 194 122 159 19 139 103 141 125 154 165 153 12 149 177 52 6 63 197 76 65 193 91 148 25 101 83 129 31 150 0,141
PFG_MOEA,679,1,306.31,2495.58,0 136 20 143 5 61 109 11 36 126 34 112 180 182 167 56 9 137 85 17 162 200 142 120 74 62 135 107 156 124 0,11 126
PFG_MOEA,679,2,306.31,2495.58,0 47 123 97 155 111 179 33 14 132 18 46 4 99 60 173 151 116 199 171 144 30 24 59 1 44 7 2 77 0,99
PFG_MOEA,679,3,306.31,2495.58,0 51 48 146 175 78 185 66 166 195 58 100 113 178 86 104 181 53 93 43 160 192 69 70 55 196 119 198 128 98 21 115 39 64 0,93 181
PFG_MOEA,679,4,306.31,2495.58,0 131 163 106 40 68 95 172 94 32 41 169 67 191 92 130 90 168 75 80 140 38 82 161 133 158 102 105 49 147 23 183 88 145 174 157 118 170 114 188 138 81 26 10 8 50 71 0,80 105
PFG_MOEA,679,5,306.31,2495.58,0 152 83 153 12 149 177 52 6 63 159 19 139 103 190 45 54 15 87 22 187 57 184 27 89 28 121 110 42 29 164 127 73 3 0,149 190
PFG_MOEA,679,6,306.31,2495.58,0 117 13 79 96 134 186 141 125 154 165 129 16 108 35 150 31 101 25 148 91 193 122 194 37 72 189 197 76 65 176 84 0,91 141
PFG_MOEA,680,1,528.52,2327.53,0 124 156 107 126 36 109 11 167 182 34 112 180 176 197 76 65 84 74 120 142 200 162 56 9 17 85 137 173 60 99 151 116 199 30 144 171 4 46 18 132 14 33 179 111 155 97 123 47 62 135 77 2 24 59 1 44 7 195 58 100 113 178 86 104 166 66 181 53 93 160 43 185 78 175 146 192 69 70 55 196 119 198 128 98 21 115 48 51 0,126 182
PFG_MOEA,680,2,528.52,2327.53,0 39 0,39
PFG_MOEA,680,3,528.52,2327.53,0 64 0,
PFG_MOEA,680,4,528.52,2327.53,0 81 71 50 0,
PFG_MOEA,680,5,528.52,2327.53,0 131 163 106 40 130 92 133 161 82 38 140 80 75 168 90 158 102 105 49 147 23 183 88 145 174 157 118 170 10 8 26 114 188 138 0,92 168
PFG_MOEA,680,6,528.52,2327.53,0 136 20 143 61 5 16 108 35 150 31 101 25 148 91 193 122 194 37 72 189 190 45 87 22 187 57 184 27 89 41 169 67 191 32 94 68 95 172 15 54 103 139 19 159 63 6 52 177 149 12 153 83 129 165 154 125 141 186 152 134 96 79 13 28 121 110 42 29 164 127 73 3 117 0,91 141 187
PFG_MOEA,681,1,264.18,3010.24,0 117 16 108 35 150 37 72 87 22 187 57 172 95 184 27 89 41 32 94 191 133 161 82 38 140 80 75 168 105 102 158 90 67 169 68 152 0,94 168
PFG_MOEA,681,2,264.18,3010.24,0 3 31 101 25 148 91 6 52 177 149 190 45 122 76 65 193 176 84 151 116 199 171 4 46 18 132 144 30 109 107 156 124 0,122 149
PFG_MOEA,681,3,264.18,3010.24,0 126 36 11 167 182 34 112 180 194 189 197 74 120 142 200 162 17 85 137 173 60 99 9 56 111 179 33 14 155 97 123 47 62 135 77 0,
PFG_MOEA,681,4,264.18,3010.24,0 24 59 2 1 44 7 195 58 100 113 178 86 104 166 66 93 181 53 192 160 43 185 78 175 131 163 183 23 147 49 130 92 40 106 0,
PFG_MOEA,681,5,264.18,3010.24,0 136 20 143 61 69 70 55 196 119 198 98 128 10 8 145 88 174 157 118 170 114 188 138 26 81 71 50 39 0,136
PFG_MOEA,681,6,264.18,3010.24,0 51 48 146 21 115 64 127 73 164 29 42 110 121 28 15 54 13 79 96 134 186 141 103 139 19 159 63 154 125 165 153 12 83 129 5 0,21 96
PFG_MOEA,682,1,274.07,2785.44,0 112 180 182 74 120 142 200 162 56 9 17 85 137 173 60 99 151 116 199 171 4 46 18 132 14 111 144 30 77 175 24 59 2 1 44 7 160 146 48 51 0,4 162 182
PFG_MOEA,682,2,274.07,2785.44,0 167 78 185 66 166 195 58 100 113 178 86 104 181 53 93 43 192 69 70 55 196 119 198 128 98 21 115 0,104
PFG_MOEA,682,3,274.07,2785.44,0 39 50 71 26 8 10 105 102 158 90 168 75 80 140 38 82 161 133 191 41 89 27 184 172 95 94 32 131 88 145 174 157 118 170 114 188 138 81 64 0,80 94
PFG_MOEA,682,4,274.07,2785.44,0 126 20 136 143 5 61 109 36 11 34 84 176 65 76 139 103 87 22 187 57 183 13 79 96 134 186 141 125 16 117 0,
PFG_MOEA,682,5,274.07,2785.44,0 3 73 127 163 23 147 49 130 92 67 169 68 40 106 29 164 42 110 121 28 15 54 45 190 189 72 152 0,
PFG_MOEA,682,6,274.07,2785.44,0 35 108 129 83 6 52 177 149 12 153 165 154 19 159 63 37 194 122 197 193 91 148 25 101 31 150 62 179 33 155 97 123 47 135 107 156 124 0,91 194
PFG_MOEA,683,1,285.8,2514.54,0 124 156 107 135 62 182 167 47 123 97 155 14 132 18 46 4 33 179 111 56 74 120 142 200 162 17 85 137 9 99 60 173 151 116 199 171 144 30 24 59 0,
PFG_MOEA,683,2,285.8,2514.54,0 51 48 192 69 70 55 160 43 93 53 181 104 86 178 113 100 58 195 166 66 185 78 7 44 1 2 77 175 146 0,78
PFG_MOEA,683,3,285.8,2514.54,0 64 163 131 106 40 68 128 198 119 196 98 21 115 39 0,119
PFG_MOEA,683,4,285.8,2514.54,0 138 88 183 95 172 94 32 41 169 67 191 92 130 90 168 75 80 140 38 82 161 133 158 102 105 49 147 23 145 174 157 118 170 114 188 81 0,80 92 105
PFG_MOEA,683,5,285.8,2514.54,0 117 50 71 26 8 10 89 27 184 57 187 22 87 15 54 45 190 139 19 63 108 125 103 141 186 152 134 96 79 13 28 121 110 42 29 164 127 73 3 0,54 108
PFG_MOEA,683,6,285.8,2514.54,0 136 20 143 5 61 109 36 11 34 112 180 31 150 35 16 129 83 6 52 177 149 12 153 159 154 165 101 25 148 91 193 122 194 37 72 189 197 76 65 176 84 126 0,11 35 194
PFG_MOEA,684,1,279.47,2703.52,0 64 163 131 106 40 68 95 172 94 32 41 67 169 183 88 145 114 188 138 81 26 10 8 50 128 98 198 119 196 55 70 69 192 160 181 53 93 43 21 115 39 0,94 119
PFG_MOEA,684,2,279.47,2703.52,0 117 71 89 27 184 57 187 22 87 15 54 45 190 83 153 12 149 177 52 6 63 159 19 139 103 13 79 96 134 152 28 121 110 42 29 164 127 73 3 0,149
PFG_MOEA,684,3,279.47,2703.52,0 84 176 65 76 197 189 72 37 194 122 193 91 148 25 101 31 150 35 108 16 129 165 154 125 141 186 174 0,91 108
PFG_MOEA,684,4,279.47,2703.52,0 157 130 92 191 133 161 82 38 140 80 75 168 90 158 102 105 49 147 23 170 118 0,92 105 147
PFG_MOEA,684,5,279.47,2703.52,0 124 156 107 135 62 47 123 97 155 111 179 33 14 9 137 85 17 162 200 142 120 74 56 167 182 180 112 34 126 36 11 109 61 5 143 20 136 0,109
PFG_MOEA,684,6,279.47,2703.52,0 51 48 185 66 166 195 58 100 113 178 86 104 78 175 24 59 7 44 1 2 199 116 151 173 60 99 4 46 18 132 171 144 30 77 146 0,78
PFG_MOEA,685,1,325.52,2455.62,0 136 143 61 109 5 182 167 193 176 84 56 111 179 33 14 132 18 46 4 171 144 30 155 97 123 47 135 62 11 36 20 0,
PFG_MOEA,685,2,325.52,2455.62,0 117 124 156 107 77 74 120 142 200 162 9 17 85 137 173 60 99 151 116 199 2 24 59 1 44 7 195 58 100 113 178 86 53 93 181 104 166 66 185 43 78 175 146 48 51 0,78
PFG_MOEA,685,3,325.52,2455.62,0 115 21 160 192 69 70 55 196 119 198 98 128 10 81 188 114 145 88 183 138 39 0,
PFG_MOEA,685,4,325.52,2455.62,0 64 26 174 157 23 147 49 105 102 158 133 161 82 38 140 80 75 168 90 130 92 191 67 169 94 32 41 89 27 184 57 172 95 68 118 170 8 50 71 0,
PFG_MOEA,685,5,325.52,2455.62,0 3 73 127 131 163 106 40 187 22 87 29 164 42 152 186 134 96 79 13 110 121 28 15 54 45 190 189 72 37 194 122 197 65 76 63 159 19 139 103 177 52 6 149 12 153 165 154 125 141 126 0,6 190
PFG_MOEA,685,6,325.52,2455.62,0 34 112 180 31 101 25 148 91 83 129 150 35 108 16 0,34
PFG_MOEA,686,1,395.13,2342.24,0 136 143 20 0,
PFG_MOEA,686,2,395.13,2342.24,0 124 156 107 61 109 135 62 47 123 97 111 155 179 9 137 85 17 162 200 142 120 74 56 167 182 180 112 34 11 36 5 126 0,
PFG_MOEA,686,3,395.13,2342.24,0 51 48 21 98 128 198 119 196 55 70 69 192 160 43 185 66 166 104 181 93 53 86 178 113 100 58 195 7 44 1 59 24 2 199 116 151 173 60 99 4 46 18 132 14 33 171 144 30 77 84 176 35 108 16 117 0,53 181
PFG_MOEA,686,4,395.13,2342.24,0 175 78 146 115 39 64 81 71 50 8 10 26 188 138 114 170 118 157 174 145 23 147 49 105 102 158 133 161 82 38 140 80 75 168 90 130 92 191 67 169 68 95 172 94 32 41 89 27 184 57 187 22 87 106 40 183 88 163 131 164 42 29 127 73 3 0,40 78 87 105
PFG_MOEA,686,5,395.13,2342.24,0 152 186 0,
PFG_MOEA,686,6,395.13,2342.24,0 134 96 79 13 110 121 28 15 54 45 190 189 72 37 194 122 159 19 139 103 141 125 154 165 153 12 149 177 52 6 63 197 76 65 193 91 148 25 101 83 129 31 150 0,141
PFG_MOEA,687,1,306.31,2495.58,0 136 20 143 5 61 109 11 36 126 34 112 180 182 167 56 9 137 85 17 162 200 142 120 74 62 135 107 156 124 0,11 126
PFG_MOEA,687,2,306.31,2495.58,0 47 123 97 155 111 179 33 14 132 18 46 4 99 60 173 151 116 199 171 144 30 24 59 1 44 7 2 77 0,99
PFG_MOEA,687,3,306.31,2495.58,0 51 48 146 175 78 185 66 166 195 58 100 113 178 86 104 181 53 93 43 160 192 69 70 55 196 119 198 128 98 21 115 39 64 0,93 181
PFG_MOEA,687,4,306.31,2495.58,0 131 163 106 40 68 95 172 94 32 41 169 67 191 92 130 90 168 75 80 140 38 82 161 133 158 102 105 49 147 23 183 88 145 174 157 118 170 114 188 138 81 26 10 8 50 71 0,80 105
PFG_MOEA,687,5,306.31,2495.58,0 152 83 153 12 149 177 52 6 63 159 19 139 103 190 45 54 15 87 22 187 57 184 27 89 28 121 110 42 29 164 127 73 3 0,149 190
PFG_MOEA,687,6,306.31,2495.58,0 117 13 79 96 134 186 141 125 154 165 129 16 108 35 150 31 101 25 148 91 193 122 194 37 72 189 197 76 65 176 84 0,91 141
PFG_MOEA,688,1,528.52,2327.53,0 124 156 107 126 36 109 11 167 182 34 112 180 176 197 76 65 84 74 120 142 200 162 56 9 17 85 137 173 60 99 151 116 199 30 144 171 4 46 18 132 14 33 179 111 155 97 123 47 62 135 77 2 24 59 1 44 7 195 58 100 113 178 86 104 166 66 181 53 93 160 43 185 78 175 146 192 69 70 55 196 119 198 128 98 21 115 48 51 0,126 182
PFG_MOEA,688,2,528.52,2327.53,0 39 0,39
PFG_MOEA,688,3,528.52,2327.53,0 64 0,
PFG_MOEA,688,4,528.52,2327.53,0 81 71 50 0,
PFG_MOEA,688,5,528.52,2327.53,0 131 163 106 40 130 92 133 161 82 38 140 80 75 168 90 158 102 105 49 147 23 183 88 145 174 157 118 170 10 8 26 114 188 138 0,92 168
PFG_MOEA,688,6,528.52,2327.53,0 136 20 143 61 5 16 108 35 150 31 101 25 148 91 193 122 194 37 72 189 190 45 87 22 187 57 184 27 89 41 169 67 191 32 94 68 95 172 15 54 103 139 19 159 63 6 52 177 149 12 153 83 129 165 154 125 141 186 152 134 96 79 13 28 121 110 42 29 164 127 73 3 117 0,91 141 187
PFG_MOEA,689,1,264.18,3010.24,0 117 16 108 35 150 37 72 87 22 187 57 172 95 184 27 89 41 32 94 191 133 161 82 38 140 80 75 168 105 102 158 90 67 169 68 152 0,94 168
PFG_MOEA,689,2,264.18,3010.24,0 3 31 101 25 148 91 6 52 177 149 190 45 122 76 65 193 176 84 151 116 199 171 4 46 18 132 144 30 109 107 156 124 0,122 149
PFG_MOEA,689,3,264.18,3010.24,0 126 36 11 167 182 34 112 180 194 189 197 74 120 142 200 162 17 85 137 173 60 99 9 56 111 179 33 14 155 97 123 47 62 135 77 0,
PFG_MOEA,689,4,264.18,3010.24,0 24 59 2 1 44 7 195 58 100 113 178 86 104 166 66 93 181 53 192 160 43 185 78 175 131 163 183 23 147 49 130 92 40 106 0,
PFG_MOEA,689,5,264.18,3010.24,0 136 20 143 61 69 70 55 196 119 198 98 128 10 8 145 88 174 157 118 170 114 188 138 26 81 71 50 39 0,136
PFG_MOEA,689,6,264.18,3010.24,0 51 48 146 21 115 64 127 73 164 29 42 110 121 28 15 54 13 79 96 134 186 141 103 139 19 159 63 154 125 165 153 12 83 129 5 0,21 96
PFG_MOEA,690,1,274.07,2785.44,0 112 180 182 74 120 142 200 162 56 9 17 85 137 173 60 99 151 116 199 171 4 46 18 132 14 111 144 30 77 175 24 59 2 1 44 7 160 146 48 51 0,4 162 182
PFG_MOEA,690,2,274.07,2785.44,0 167 78 185 66 166 195 58 100 113 178 86 104 181 53 93 43 192 69 70 55 196 119 198 128 98 21 115 0,104
PFG_MOEA,690,3,274.07,2785.44,0 39 50 71 26 8 10 105 102 158 90 168 75 80 140 38 82 161 133 191 41 89 27 184 172 95 94 32 131 88 145 174 157 118 170 114 188 138 81 64 0,80 94
PFG_MOEA,690,4,274.07,2785.44,0 126 20 136 143 5 61 109 36 11 34 84 176 65 76 139 103 87 22 187 57 183 13 79 96 134 186 141 125 16 117 0,
PFG_MOEA,690,5,274.07,2785.44,0 3 73 127 163 23 147 49 130 92 67 169 68 40 106 29 164 42 110 121 28 15 54 45 190 189 72 152 0,
PFG_MOEA,690,6,274.07,2785.44,0 35 108 129 83 6 52 177 149 12 153 165 154 19 159 63 37 194 122 197 193 91 148 25 101 31 150 62 179 33 155 97 123 47 135 107 156 124 0,91 194
PFG_MOEA,691,1,285.8,2514.54,0 124 156 107 135 62 182 167 47 123 97 155 14 132 18 46 4 33 179 111 56 74 120 142 200 162 17 85 137 9 99 60 173 151 116 199 171 144 30 24 59 0,
PFG_MOEA,691,2,285.8,2514.54,0 51 48 192 69 70 55 160 43 93 53 181 104 86 178 113 100 58 195 166 66 185 78 7 44 1 2 77 175 146 0,78
PFG_MOEA,691,3,285.8,2514.54,0 64 163 131 106 40 68 128 198 119 196 98 21 115 39 0,119
PFG_MOEA,691,4,285.8,2514.54,0 138 88 183 95 172 94 32 41 169 67 191 92 130 90 168 75 80 140 38 82 161 133 158 102 105 49 147 23 145 174 157 118 170 114 188 81 0,80 92 105
PFG_MOEA,691,5,285.8,2514.54,0 117 50 71 26 8 10 89 27 184 57 187 22 87 15 54 45 190 139 19 63 108 125 103 141 186 152 134 96 79 13 28 121 110 42 29 164 127 73 3 0,54 108
PFG_MOEA,691,6,285.8,2514.54,0 136 20 143 5 61 109 36 11 34 112 180 31 150 35 16 129 83 6 52 177 149 12 153 159 154 165 101 25 148 91 193 122 194 37 72 189 197 76 65 176 84 126 0,11 35 194
PFG_MOEA,692,1,279.47,2703.52,0 64 163 131 106 40 68 95 172 94 32 41 67 169 183 88 145 114 188 138 81 26 10 8 50 128 98 198 119 196 55 70 69 192 160 181 53 93 43 21 115 39 0,94 119
PFG_MOEA,692,2,279.47,2703.52,0 117 71 89 27 184 57 187 22 87 15 54 45 190 83 153 12 149 177 52 6 63 159 19 139 103 13 79 96 134 152 28 121 110 42 29 164 127 73 3 0,149
PFG_MOEA,692,3,279.47,2703.52,0 84 176 65 76 197 189 72 37 194 122 193 91 148 25 101 31 150 35 108 16 129 165 154 125 141 186 174 0,91 108
PFG_MOEA,692,4,279.47,2703.52,0 157 130 92 191 133 161 82 38 140 80 75 168 90 158 102 105 49 147 23 170 118 0,92 105 147
PFG_MOEA,692,5,279.47,2703.52,0 124 156 107 135 62 47 123 97 155 111 179 33 14 9 137 85 17 162 200 142 120 74 56 167 182 180 112 34 126 36 11 109 61 5 143 20 136 0,109
PFG_MOEA,692,6,279.47,2703.52,0 51 48 185 66 166 195 58 100 113 178 86 104 78 175 24 59 7 44 1 2 199 116 151 173 60 99 4 46 18 132 171 144 30 77 146 0,78
PFG_MOEA,693,1,325.52,2455.62,0 136 143 61 109 5 182 167 193 176 84 56 111 179 33 14 132 18 46 4 171 144 30 155 97 123 47 135 62 11 36 20 0,
PFG_MOEA,693,2,325.52,2455.62,0 117 124 156 107 77 74 120 142 200 162 9 17 85 137 173 60 99 151 116 199 2 24 59 1 44 7 195 58 100 113 178 86 53 93 181 104 166 66 185 43 78 175 146 48 51 0,78
PFG_MOEA,693,3,325.52,2455.62,0 115 21 160 192 69 70 55 196 119 198 98 128 10 81 188 114 145 88 183 138 39 0,
PFG_MOEA,693,4,325.52,2455.62,0 64 26 174 157 23 147 49 105 102 158 133 161 82 38 140 80 75 168 90 130 92 191 67 169 94 32 41 89 27 184 57 172 95 68 118 170 8 50 71 0,
PFG_MOEA,693,5,325.52,2455.62,0 3 73 127 131 163 106 40 187 22 87 29 164 42 152 186 134 96 79 13 110 121 28 15 54 45 190 189 72 37 194 122 197 65 76 63 159 19 139 103 177 52 6 149 12 153 165 154 125 141 126 0,6 190
PFG_MOEA,693,6,325.52,2455.62,0 34 112 180 31 101 25 148 91 83 129 150 35 108 16 0,34
PFG_MOEA,694,1,395.13,2342.24,0 136 143 20 0,
PFG_MOEA,694,2,395.13,2342.24,0 124 156 107 61 109 135 62 47 123 97 111 155 179 9 137 85 17 162 200 142 120 74 56 167 182 180 112 34 11 36 5 126 0,
PFG_MOEA,694,3,395.13,2342.24,0 51 48 21 98 128 198 119 196 55 70 69 192 160 43 185 66 166 104 181 93 53 86 178 113 100 58 195 7 44 1 59 24 2 199 116 151 173 60 99 4 46 18 132 14 33 171 144 30 77 84 176 35 108 16 117 0,53 181
PFG_MOEA,694,4,395.13,2342.24,0 175 78 146 115 39 64 81 71 50 8 10 26 188 138 114 170 118 157 174 145 23 147 49 105 102 158 133 161 82 38 140 80 75 168 90 130 92 191 67 169 68 95 172 94 32 41 89 27 184 57 187 22 87 106 40 183 88 163 131 164 42 29 127 73 3 0,40 78 87 105
PFG_MOEA,694,5,395.13,2342.24,0 152 186 0,
PFG_MOEA,694,6,395.13,2342.24,0 134 96 79 13 110 121 28 15 54 45 190 189 72 37 194 122 159 19 139 103 141 125 154 165 153 12 149 177 52 6 63 197 76 65 193 91 148 25 101 83 129 31 150 0,141
PFG_MOEA,695,1,338.66,2384.29,0 51 48 146 78 185 66 7 44 1 59 24 175 77 2 30 144 171 199 116 151 99 60 173 137 85 17 9 162 200 142 120 74 56 111 179 33 4 46 18 132 14 155 97 123 47 62 135 107 156 124 0,
PFG_MOEA,695,2,338.66,2384.29,0 115 43 93 53 86 178 113 100 58 195 166 104 181 160 192 69 70 55 196 119 198 128 98 21 39 0,115 119
PFG_MOEA,695,3,338.66,2384.29,0 64 138 188 114 26 81 10 170 118 157 174 145 88 183 23 147 49 105 102 158 133 161 82 38 140 80 75 168 90 130 92 191 67 169 41 32 94 172 95 68 40 106 163 131 0,147
PFG_MOEA,695,4,338.66,2384.29,0 71 50 8 89 27 184 57 187 22 87 15 54 45 190 103 139 19 159 63 6 52 177 149 12 153 83 152 28 121 110 0,
PFG_MOEA,695,5,338.66,2384.29,0 117 186 134 96 79 13 42 29 164 127 73 3 0,
PFG_MOEA,695,6,338.66,2384.29,0 141 125 154 165 129 180 112 16 108 35 150 31 101 25 148 91 193 122 194 37 72 189 197 76 65 176 84 167 182 34 11 36 109 61 5 143 136 20 126 0,91 108 141
PFG_MOEA,696,1,306.31,2495.58,0 136 20 143 5 61 109 11 36 126 34 112 180 182 167 56 9 137 85 17 162 200 142 120 74 62 135 107 156 124 0,11 126
PFG_MOEA,696,2,306.31,2495.58,0 47 123 97 155 111 179 33 14 132 18 46 4 99 60 173 151 116 199 171 144 30 24 59 1 44 7 2 77 0,99
PFG_MOEA,696,3,306.31,2495.58,0 51 48 146 175 78 185 66 166 195 58 100 113 178 86 104 181 53 93 43 160 192 69 70 55 196 119 198 128 98 21 115 39 64 0,93 181
PFG_MOEA,696,4,306.31,2495.58,0 131 163 106 40 68 95 172 94 32 41 169 67 191 92 130 90 168 75 80 140 38 82 161 133 158 102 105 49 147 23 183 88 145 174 157 118 170 114 188 138 81 26 10 8 50 71 0,80 105
PFG_MOEA,696,5,306.31,2495.58,0 152 83 153 12 149 177 52 6 63 159 19 139 103 190 45 54 15 87 22 187 57 184 27 89 28 121 110 42 29 164 127 73 3 0,149 190
PFG_MOEA,696,6,306.31,2495.58,0 117 13 79 96 134 186 141 125 154 165 129 16 108 35 150 31 101 25 148 91 193 122 194 37 72 189 197 76 65 176 84 0,91 141
PFG_MOEA,697,1,528.52,2327.53,0 124 156 107 126 36 109 11 167 182 34 112 180 176 197 76 65 84 74 120 142 200 162 56 9 17 85 137 173 60 99 151 116 199 30 144 171 4 46 18 132 14 33 179 111 155 97 123 47 62 135 77 2 24 59 1 44 7 195 58 100 113 178 86 104 166 66 181 53 93 160 43 185 78 175 146 192 69 70 55 196 119 198 128 98 21 115 48 51 0,126 182
PFG_MOEA,697,2,528.52,2327.53,0 39 0,39
PFG_MOEA,697,3,528.52,2327.53,0 64 0,
PFG_MOEA,697,4,528.52,2327.53,0 81 71 50 0,
PFG_MOEA,697,5,528.52,2327.53,0 131 163 106 40 130 92 133 161 82 38 140 80 75 168 90 158 102 105 49 147 23 183 88 145 174 157 118 170 10 8 26 114 188 138 0,92 168
PFG_MOEA,697,6,528.52,2327.53,0 136 20 143 61 5 16 108 35 150 31 101 25 148 91 193 122 194 37 72 189 190 45 87 22 187 57 184 27 89 41 169 67 191 32 94 68 95 172 15 54 103 139 19 159 63 6 52 177 149 12 153 83 129 165 154 125 141 186 152 134 96 79 13 28 121 110 42 29 164 127 73 3 117 0,91 141 187
PFG_MOEA,698,1,264.18,3010.24,0 117 16 108 35 150 37 72 87 22 187 57 172 95 184 27 89 41 32 94 191 133 161 82 38 140 80 75 168 105 102 158 90 67 169 68 152 0,94 168
PFG_MOEA,698,2,264.18,3010.24,0 3 31 101 25 148 91 6 52 177 149 190 45 122 76 65 193 176 84 151 116 199 171 4 46 18 132 144 30 109 107 156 124 0,122 149
PFG_MOEA,698,3,264.18,3010.24,0 126 36 11 167 182 34 112 180 194 189 197 74 120 142 200 162 17 85 137 173 60 99 9 56 111 179 33 14 155 97 123 47 62 135 77 0,
PFG_MOEA,698,4,264.18,3010.24,0 24 59 2 1 44 7 195 58 100 113 178 86 104 166 66 93 181 53 192 160 43 185 78 175 131 163 183 23 147 49 130 92 40 106 0,
PFG_MOEA,698,5,264.18,3010.24,0 136 20 143 61 69 70 55 196 119 198 98 128 10 8 145 88 174 157 118 170 114 188 138 26 81 71 50 39 0,136
PFG_MOEA,698,6,264.18,3010.24,0 51 48 146 21 115 64 127 73 164 29 42 110 121 28 15 54 13 79 96 134 186 141 103 139 19 159 63 154 125 165 153 12 83 129 5 0,21 96
PFG_MOEA,699,1,274.07,2785.44,0 112 180 182 74 120 142 200 162 56 9 17 85 137 173 60 99 151 116 199 171 4 46 18 132 14 111 144 30 77 175 24 59 2 1 44 7 160 146 48 51 0,4 162 182
PFG_MOEA,699,2,274.07,2785.44,0 167 78 185 66 166 195 58 100 113 178 86 104 181 53 93 43 192 69 70 55 196 119 198 128 98 21 115 0,104
PFG_MOEA,699,3,274.07,2785.44,0 39 50 71 26 8 10 105 102 158 90 168 75 80 140 38 82 161 133 191 41 89 27 184 172 95 94 32 131 88 145 174 157 118 170 114 188 138 81 64 0,80 94
PFG_MOEA,699,4,274.07,2785.44,0 126 20 136 143 5 61 109 36 11 34 84 176 65 76 139 103 87 22 187 57 183 13 79 96 134 186 141 125 16 117 0,
PFG_MOEA,699,5,274.07,2785.44,0 3 73 127 163 23 147 49 130 92 67 169 68 40 106 29 164 42 110 121 28 15 54 45 190 189 72 152 0,
PFG_MOEA,699,6,274.07,2785.44,0 35 108 129 83 6 52 177 149 12 153 165 154 19 159 63 37 194 122 197 193 91 148 25 101 31 150 62 179 33 155 97 123 47 135 107 156 124 0,91 194
PFG_MOEA,700,1,285.8,2514.54,0 124 156 107 135 62 182 167 47 123 97 155 14 132 18 46 4 33 179 111 56 74 120 142 200 162 17 85 137 9 99 60 173 151 116 199 171 144 30 24 59 0,
PFG_MOEA,700,2,285.8,2514.54,0 51 48 192 69 70 55 160 43 93 53 181 104 86 178 113 100 58 195 166 66 185 78 7 44 1 2 77 175 146 0,78
PFG_MOEA,700,3,285.8,2514.54,0 64 163 131 106 40 68 128 198 119 196 98 21 115 39 0,119
PFG_MOEA,700,4,285.8,2514.54,0 138 88 183 95 172 94 32 41 169 67 191 92 130 90 168 75 80 140 38 82 161 133 158 102 105 49 147 23 145 174 157 118 170 114 188 81 0,80 92 105
PFG_MOEA,700,5,285.8,2514.54,0 117 50 71 26 8 10 89 27 184 57 187 22 87 15 54 45 190 139 19 63 108 125 103 141 186 152 134 96 79 13 28 121 110 42 29 164 127 73 3 0,54 108
PFG_MOEA,700,6,285.8,2514.54,0 136 20 143 5 61 109 36 11 34 112 180 31 150 35 16 129 83 6 52 177 149 12 153 159 154 165 101 25 148 91 193 122 194 37 72 189 197 76 65 176 84 126 0,11 35 194
PFG_MOEA,701,1,279.47,2703.52,0 64 163 131 106 40 68 95 172 94 32 41 67 169 183 88 145 114 188 138 81 26 10 8 50 128 98 198 119 196 55 70 69 192 160 181 53 93 43 21 115 39 0,94 119
PFG_MOEA,701,2,279.47,2703.52,0 117 71 89 27 184 57 187 22 87 15 54 45 190 83 153 12 149 177 52 6 63 159 19 139 103 13 79 96 134 152 28 121 110 42 29 164 127 73 3 0,149
PFG_MOEA,701,3,279.47,2703.52,0 84 176 65 76 197 189 72 37 194 122 193 91 148 25 101 31 150 35 108 16 129 165 154 125 141 186 174 0,91 108
PFG_MOEA,701,4,279.47,2703.52,0 157 130 92 191 133 161 82 38 140 80 75 168 90 158 102 105 49 147 23 170 118 0,92 105 147
PFG_MOEA,701,5,279.47,2703.52,0 124 156 107 135 62 47 123 97 155 111 179 33 14 9 137 85 17 162 200 142 120 74 56 167 182 180 112 34 126 36 11 109 61 5 143 20 136 0,109
PFG_MOEA,701,6,279.47,2703.52,0 51 48 185 66 166 195 58 100 113 178 86 104 78 175 24 59 7 44 1 2 199 116 151 173 60 99 4 46 18 132 171 144 30 77 146 0,78
PFG_MOEA,702,1,325.52,2455.62,0 136 143 61 109 5 182 167 193 176 84 56 111 179 33 14 132 18 46 4 171 144 30 155 97 123 47 135 62 11 36 20 0,
PFG_MOEA,702,2,325.52,2455.62,0 117 124 156 107 77 74 120 142 200 162 9 17 85 137 173 60 99 151 116 199 2 24 59 1 44 7 195 58 100 113 178 86 53 93 181 104 166 66 185 43 78 175 146 48 51 0,78
PFG_MOEA,702,3,325.52,2455.62,0 115 21 160 192 69 70 55 196 119 198 98 128 10 81 188 114 145 88 183 138 39 0,
PFG_MOEA,702,4,325.52,2455.62,0 64 26 174 157 23 147 49 105 102 158 133 161 82 38 140 80 75 168 90 130 92 191 67 169 94 32 41 89 27 184 57 172 95 68 118 170 8 50 71 0,
PFG_MOEA,702,5,325.52,2455.62,0 3 73 127 131 163 106 40 187 22 87 29 164 42 152 186 134 96 79 13 110 121 28 15 54 45 190 189 72 37 194 122 197 65 76 63 159 19 139 103 177 52 6 149 12 153 165 154 125 141 126 0,6 190
PFG_MOEA,702,6,325.52,2455.62,0 34 112 180 31 101 25 148 91 83 129 150 35 108 16 0,34
PFG_MOEA,703,1,395.13,2342.24,0 136 143 20 0,
PFG_MOEA,703,2,395.13,2342.24,0 124 156 107 61 109 135 62 47 123 97 111 155 179 9 137 85 17 162 200 142 120 74 56 167 182 180 112 34 11 36 5 126 0,
PFG_MOEA,703,3,395.13,2342.24,0 51 48 21 98 128 198 119 196 55 70 69 192 160 43 185 66 166 104 181 93 53 86 178 113 100 58 195 7 44 1 59 24 2 199 116 151 173 60 99 4 46 18 132 14 33 171 144 30 77 84 176 35 108 16 117 0,53 181
PFG_MOEA,703,4,395.13,2342.24,0 175 78 146 115 39 64 81 71 50 8 10 26 188 138 114 170 118 157 174 145 23 147 49 105 102 158 133 161 82 38 140 80 75 168 90 130 92 191 67 169 68 95 172 94 32 41 89 27 184 57 187 22 87 106 40 183 88 163 131 164 42 29 127 73 3 0,40 78 87 105
PFG_MOEA,703,5,395.13,2342.24,0 152 186 0,
PFG_MOEA,703,6,395.13,2342.24,0 134 96 79 13 110 121 28 15 54 45 190 189 72 37 194 122 159 19 139 103 141 125 154 165 153 12 149 177 52 6 63 197 76 65 193 91 148 25 101 83 129 31 150 0,141
PFG_MOEA,704,1,338.66,2384.29,0 51 48 146 78 185 66 7 44 1 59 24 175 77 2 30 144 171 199 116 151 99 60 173 137 85 17 9 162 200 142 120 74 56 111 179 33 4 46 18 132 14 155 97 123 47 62 135 107 156 124 0,
PFG_MOEA,704,2,338.66,2384.29,0 115 43 93 53 86 178 113 100 58 195 166 104 181 160 192 69 70 55 196 119 198 128 98 21 39 0,115 119
PFG_MOEA,704,3,338.66,2384.29,0 64 138 188 114 26 81 10 170 118 157 174 145 88 183 23 147 49 105 102 158 133 161 82 38 140 80 75 168 90 130 92 191 67 169 41 32 94 172 95 68 40 106 163 131 0,147
PFG_MOEA,704,4,338.66,2384.29,0 71 50 8 89 27 184 57 187 22 87 15 54 45 190 103 139 19 159 63 6 52 177 149 12 153 83 152 28 121 110 0,
PFG_MOEA,704,5,338.66,2384.29,0 117 186 134 96 79 13 42 29 164 127 73 3 0,
PFG_MOEA,704,6,338.66,2384.29,0 141 125 154 165 129 180 112 16 108 35 150 31 101 25 148 91 193 122 194 37 72 189 197 76 65 176 84 167 182 34 11 36 109 61 5 143 136 20 126 0,91 108 141
PFG_MOEA,705,1,306.31,2495.58,0 136 20 143 5 61 109 11 36 126 34 112 180 182 167 56 9 137 85 17 162 200 142 120 74 62 135 107 156 124 0,11 126
PFG_MOEA,705,2,306.31,2495.58,0 47 123 97 155 111 179 33 14 132 18 46 4 99 60 173 151 116 199 171 144 30 24 59 1 44 7 2 77 0,99
PFG_MOEA,705,3,306.31,2495.58,0 51 48 146 175 78 185 66 166 195 58 100 113 178 86 104 181 53 93 43 160 192 69 70 55 196 119 198 128 98 21 115 39 64 0,93 181
PFG_MOEA,705,4,306.31,2495.58,0 131 163 106 40 68 95 172 94 32 41 169 67 191 92 130 90 168 75 80 140 38 82 161 133 158 102 105 49 147 23 183 88 145 174 157 118 170 114 188 138 81 26 10 8 50 71 0,80 105
PFG_MOEA,705,5,306.31,2495.58,0 152 83 153 12 149 177 52 6 63 159 19 139 103 190 45 54 15 87 22 187 57 184 27 89 28 121 110 42 29 164 127 73 3 0,149 190
PFG_MOEA,705,6,306.31,2495.58,0 117 13 79 96 134 186 141 125 154 165 129 16 108 35 150 31 101 25 148 91 193 122 194 37 72 189 197 76 65 176 84 0,91 141
PFG_MOEA,706,1,528.52,2327.53,0 124 156 107 126 36 109 11 167 182 34 112 180 176 197 76 65 84 74 120 142 200 162 56 9 17 85 137 173 60 99 151 116 199 30 144 171 4 46 18 132 14 33 179 111 155 97 123 47 62 135 77 2 24 59 1 44 7 195 58 100 113 178 86 104 166 66 181 53 93 160 43 185 78 175 146 192 69 70 55 196 119 198 128 98 21 115 48 51 0,126 182
PFG_MOEA,706,2,528.52,2327.53,0 39 0,39
PFG_MOEA,706,3,528.52,2327.53,0 64 0,
PFG_MOEA,706,4,528.52,2327.53,0 81 71 50 0,
PFG_MOEA,706,5,528.52,2327.53,0 131 163 106 40 130 92 133 161 82 38 140 80 75 168 90 158 102 105 49 147 23 183 88 145 174 157 118 170 10 8 26 114 188 138 0,92 168
PFG_MOEA,706,6,528.52,2327.53,0 136 20 143 61 5 16 108 35 150 31 101 25 148 91 193 122 194 37 72 189 190 45 87 22 187 57 184 27 89 41 169 67 191 32 94 68 95 172 15 54 103 139 19 159 63 6 52 177 149 12 153 83 129 165 154 125 141 186 152 134 96 79 13 28 121 110 42 29 164 127 73 3 117 0,91 141 187
PFG_MOEA,707,1,264.18,3010.24,0 117 16 108 35 150 37 72 87 22 187 57 172 95 184 27 89 41 32 94 191 133 161 82 38 140 80 75 168 105 102 158 90 67 169 68 152 0,94 168
PFG_MOEA,707,2,264.18,3010.24,0 3 31 101 25 148 91 6 52 177 149 190 45 122 76 65 193 176 84 151 116 199 171 4 46 18 132 144 30 109 107 156 124 0,122 149
PFG_MOEA,707,3,264.18,3010.24,0 126 36 11 167 182 34 112 180 194 189 197 74 120 142 200 162 17 85 137 173 60 99 9 56 111 179 33 14 155 97 123 47 62 135 77 0,
PFG_MOEA,707,4,264.18,3010.24,0 24 59 2 1 44 7 195 58 100 113 178 86 104 166 66 93 181 53 192 160 43 185 78 175 131 163 183 23 147 49 130 92 40 106 0,
PFG_MOEA,707,5,264.18,3010.24,0 136 20 143 61 69 70 55 196 119 198 98 128 10 8 145 88 174 157 118 170 114 188 138 26 81 71 50 39 0,136
PFG_MOEA,707,6,264.18,3010.24,0 51 48 146 21 115 64 127 73 164 29 42 110 121 28 15 54 13 79 96 134 186 141 103 139 19 159 63 154 125 165 153 12 83 129 5 0,21 96
PFG_MOEA,708,1,274.07,2785.44,0 112 180 182 74 120 142 200 162 56 9 17 85 137 173 60 99 151 116 199 171 4 46 18 132 14 111 144 30 77 175 24 59 2 1 44 7 160 146 48 51 0,4 162 182
PFG_MOEA,708,2,274.07,2785.44,0 167 78 185 66 166 195 58 100 113 178 86 104 181 53 93 43 192 69 70 55 196 119 198 128 98 21 115 0,104
PFG_MOEA,708,3,274.07,2785.44,0 39 50 71 26 8 10 105 102 158 90 168 75 80 140 38 82 161 133 191 41 89 27 184 172 95 94 32 131 88 145 174 157 118 170 114 188 138 81 64 0,80 94
PFG_MOEA,708,4,274.07,2785.44,0 126 20 136 143 5 61 109 36 11 34 84 176 65 76 139 103 87 22 187 57 183 13 79 96 134 186 141 125 16 117 0,
PFG_MOEA,708,5,274.07,2785.44,0 3 73 127 163 23 147 49 130 92 67 169 68 40 106 29 164 42 110 121 28 15 54 45 190 189 72 152 0,
PFG_MOEA,708,6,274.07,2785.44,0 35 108 129 83 6 52 177 149 12 153 165 154 19 159 63 37 194 122 197 193 91 148 25 101 31 150 62 179 33 155 97 123 47 135 107 156 124 0,91 194
PFG_MOEA,709,1,285.8,2514.54,0 124 156 107 135 62 182 167 47 123 97 155 14 132 18 46 4 33 179 111 56 74 120 142 200 162 17 85 137 9 99 60 173 151 116 199 171 144 30 24 59 0,
PFG_MOEA,709,2,285.8,2514.54,0 51 48 192 69 70 55 160 43 93 53 181 104 86 178 113 100 58 195 166 66 185 78 7 44 1 2 77 175 146 0,78
PFG_MOEA,709,3,285.8,2514.54,0 64 163 131 106 40 68 128 198 119 196 98 21 115 39 0,119
PFG_MOEA,709,4,285.8,2514.54,0 138 88 183 95 172 94 32 41 169 67 191 92 130 90 168 75 80 140 38 82 161 133 158 102 105 49 147 23 145 174 157 118 170 114 188 81 0,80 92 105
PFG_MOEA,709,5,285.8,2514.54,0 117 50 71 26 8 10 89 27 184 57 187 22 87 15 54 45 190 139 19 63 108 125 103 141 186 152 134 96 79 13 28 121 110 42 29 164 127 73 3 0,54 108
PFG_MOEA,709,6,285.8,2514.54,0 136 20 143 5 61 109 36 11 34 112 180 31 150 35 16 129 83 6 52 177 149 12 153 159 154 165 101 25 148 91 193 122 194 37 72 189 197 76 65 176 84 126 0,11 35 194
PFG_MOEA,710,1,279.47,2703.52,0 64 163 131 106 40 68 95 172 94 32 41 67 169 183 88 145 114 188 138 81 26 10 8 50 128 98 198 119 196 55 70 69 192 160 181 53 93 43 21 115 39 0,94 119
PFG_MOEA,710,2,279.47,2703.52,0 117 71 89 27 184 57 187 22 87 15 54 45 190 83 153 12 149 177 52 6 63 159 19 139 103 13 79 96 134 152 28 121 110 42 29 164 127 73 3 0,149
PFG_MOEA,710,3,279.47,2703.52,0 84 176 65 76 197 189 72 37 194 122 193 91 148 25 101 31 150 35 108 16 129 165 154 125 141 186 174 0,91 108
PFG_MOEA,710,4,279.47,2703.52,0 157 130 92 191 133 161 82 38 140 80 75 168 90 158 102 105 49 147 23 170 118 0,92 105 147
PFG_MOEA,710,5,279.47,2703.52,0 124 156 107 135 62 47 123 97 155 111 179 33 14 9 137 85 17 162 200 142 120 74 56 167 182 180 112 34 126 36 11 109 61 5 143 20 136 0,109
PFG_MOEA,710,6,279.47,2703.52,0 51 48 185 66 166 195 58 100 113 178 86 104 78 175 24 59 7 44 1 2 199 116 151 173 60 99 4 46 18 132 171 144 30 77 146 0,78
PFG_MOEA,711,1,325.52,2455.62,0 136 143 61 109 5 182 167 193 176 84 56 111 179 33 14 132 18 46 4 171 144 30 155 97 123 47 135 62 11 36 20 0,
PFG_MOEA,711,2,325.52,2455.62,0 117 124 156 107 77 74 120 142 200 162 9 17 85 137 173 60 99 151 116 199 2 24 59 1 44 7 195 58 100 113 178 86 53 93 181 104 166 66 185 43 78 175 146 48 51 0,78
PFG_MOEA,711,3,325.52,2455.62,0 115 21 160 192 69 70 55 196 119 198 98 128 10 81 188 114 145 88 183 138 39 0,
PFG_MOEA,711,4,325.52,2455.62,0 64 26 174 157 23 147 49 105 102 158 133 161 82 38 140 80 75 168 90 130 92 191 67 169 94 32 41 89 27 184 57 172 95 68 118 170 8 50 71 0,
PFG_MOEA,711,5,325.52,2455.62,0 3 73 127 131 163 106 40 187 22 87 29 164 42 152 186 134 96 79 13 110 121 28 15 54 45 190 189 72 37 194 122 197 65 76 63 159 19 139 103 177 52 6 149 12 153 165 154 125 141 126 0,6 190
PFG_MOEA,711,6,325.52,2455.62,0 34 112 180 31 101 25 148 91 83 129 150 35 108 16 0,34
PFG_MOEA,712,1,395.13,2342.24,0 136 143 20 0,
PFG_MOEA,712,2,395.13,2342.24,0 124 156 107 61 109 135 62 47 123 97 111 155 179 9 137 85 17 162 200 142 120 74 56 167 182 180 112 34 11 36 5 126 0,
PFG_MOEA,712,3,395.13,2342.24,0 51 48 21 98 128 198 119 196 55 70 69 192 160 43 185 66 166 104 181 93 53 86 178 113 100 58 195 7 44 1 59 24 2 199 116 151 173 60 99 4 46 18 132 14 33 171 144 30 77 84 176 35 108 16 117 0,53 181
PFG_MOEA,712,4,395.13,2342.24,0 175 78 146 115 39 64 81 71 50 8 10 26 188 138 114 170 118 157 174 145 23 147 49 105 102 158 133 161 82 38 140 80 75 168 90 130 92 191 67 169 68 95 172 94 32 41 89 27 184 57 187 22 87 106 40 183 88 163 131 164 42 29 127 73 3 0,40 78 87 105
PFG_MOEA,712,5,395.13,2342.24,0 152 186 0,
PFG_MOEA,712,6,395.13,2342.24,0 134 96 79 13 110 121 28 15 54 45 190 189 72 37 194 122 159 19 139 103 141 125 154 165 153 12 149 177 52 6 63 197 76 65 193 91 148 25 101 83 129 31 150 0,141
PFG_MOEA,713,1,338.66,2384.29,0 51 48 146 78 185 66 7 44 1 59 24 175 77 2 30 144 171 199 116 151 99 60 173 137 85 17 9 162 200 142 120 74 56 111 179 33 4 46 18 132 14 155 97 123 47 62 135 107 156 124 0,
PFG_MOEA,713,2,338.66,2384.29,0 115 43 93 53 86 178 113 100 58 195 166 104 181 160 192 69 70 55 196 119 198 128 98 21 39 0,115 119
PFG_MOEA,713,3,338.66,2384.29,0 64 138 188 114 26 81 10 170 118 157 174 145 88 183 23 147 49 105 102 158 133 161 82 38 140 80 75 168 90 130 92 191 67 169 41 32 94 172 95 68 40 106 163 131 0,147
PFG_MOEA,713,4,338.66,2384.29,0 71 50 8 89 27 184 57 187 22 87 15 54 45 190 103 139 19 159 63 6 52 177 149 12 153 83 152 28 121 110 0,
PFG_MOEA,713,5,338.66,2384.29,0 117 186 134 96 79 13 42 29 164 127 73 3 0,
PFG_MOEA,713,6,338.66,2384.29,0 141 125 154 165 129 180 112 16 108 35 150 31 101 25 148 91 193 122 194 37 72 189 197 76 65 176 84 167 182 34 11 36 109 61 5 143 136 20 126 0,91 108 141
PFG_MOEA,714,1,306.31,2495.58,0 136 20 143 5 61 109 11 36 126 34 112 180 182 167 56 9 137 85 17 162 200 142 120 74 62 135 107 156 124 0,11 126
PFG_MOEA,714,2,306.31,2495.58,0 47 123 97 155 111 179 33 14 132 18 46 4 99 60 173 151 116 199 171 144 30 24 59 1 44 7 2 77 0,99
PFG_MOEA,714,3,306.31,2495.58,0 51 48 146 175 78 185 66 166 195 58 100 113 178 86 104 181 53 93 43 160 192 69 70 55 196 119 198 128 98 21 115 39 64 0,93 181
PFG_MOEA,714,4,306.31,2495.58,0 131 163 106 40 68 95 172 94 32 41 169 67 191 92 130 90 168 75 80 140 38 82 161 133 158 102 105 49 147 23 183 88 145 174 157 118 170 114 188 138 81 26 10 8 50 71 0,80 105
PFG_MOEA,714,5,306.31,2495.58,0 152 83 153 12 149 177 52 6 63 159 19 139 103 190 45 54 15 87 22 187 57 184 27 89 28 121 110 42 29 164 127 73 3 0,149 190
PFG_MOEA,714,6,306.31,2495.58,0 117 13 79 96 134 186 141 125 154 165 129 16 108 35 150 31 101 25 148 91 193 122 194 37 72 189 197 76 65 176 84 0,91 141
PFG_MOEA,715,1,528.52,2327.53,0 124 156 107 126 36 109 11 167 182 34 112 180 176 197 76 65 84 74 120 142 200 162 56 9 17 85 137 173 60 99 151 116 199 30 144 171 4 46 18 132 14 33 179 111 155 97 123 47 62 135 77 2 24 59 1 44 7 195 58 100 113 178 86 104 166 66 181 53 93 160 43 185 78 175 146 192 69 70 55 196 119 198 128 98 21 115 48 51 0,126 182
PFG_MOEA,715,2,528.52,2327.53,0 39 0,39
PFG_MOEA,715,3,528.52,2327.53,0 64 0,
PFG_MOEA,715,4,528.52,2327.53,0 81 71 50 0,
PFG_MOEA,715,5,528.52,2327.53,0 131 163 106 40 130 92 133 161 82 38 140 80 75 168 90 158 102 105 49 147 23 183 88 145 174 157 118 170 10 8 26 114 188 138 0,92 168
PFG_MOEA,715,6,528.52,2327.53,0 136 20 143 61 5 16 108 35 150 31 101 25 148 91 193 122 194 37 72 189 190 45 87 22 187 57 184 27 89 41 169 67 191 32 94 68 95 172 15 54 103 139 19 159 63 6 52 177 149 12 153 83 129 165 154 125 141 186 152 134 96 79 13 28 121 110 42 29 164 127 73 3 117 0,91 141 187
PFG_MOEA,716,1,264.18,3010.24,0 117 16 108 35 150 37 72 87 22 187 57 172 95 184 27 89 41 32 94 191 133 161 82 38 140 80 75 168 105 102 158 90 67 169 68 152 0,94 168
PFG_MOEA,716,2,264.18,3010.24,0 3 31 101 25 148 91 6 52 177 149 190 45 122 76 65 193 176 84 151 116 199 171 4 46 18 132 144 30 109 107 156 124 0,122 149
PFG_MOEA,716,3,264.18,3010.24,0 126 36 11 167 182 34 112 180 194 189 197 74 120 142 200 162 17 85 137 173 60 99 9 56 111 179 33 14 155 97 123 47 62 135 77 0,
PFG_MOEA,716,4,264.18,3010.24,0 24 59 2 1 44 7 195 58 100 113 178 86 104 166 66 93 181 53 192 160 43 185 78 175 131 163 183 23 147 49 130 92 40 106 0,
PFG_MOEA,716,5,264.18,3010.24,0 136 20 143 61 69 70 55 196 119 198 98 128 10 8 145 88 174 157 118 170 114 188 138 26 81 71 50 39 0,136
PFG_MOEA,716,6,264.18,3010.24,0 51 48 146 21 115 64 127 73 164 29 42 110 121 28 15 54 13 79 96 134 186 141 103 139 19 159 63 154 125 165 153 12 83 129 5 0,21 96
PFG_MOEA,717,1,274.07,2785.44,0 112 180 182 74 120 142 200 162 56 9 17 85 137 173 60 99 151 116 199 171 4 46 18 132 14 111 144 30 77 175 24 59 2 1 44 7 160 146 48 51 0,4 162 182
PFG_MOEA,717,2,274.07,2785.44,0 167 78 185 66 166 195 58 100 113 178 86 104 181 53 93 43 192 69 70 55 196 119 198 128 98 21 115 0,104
PFG_MOEA,717,3,274.07,2785.44,0 39 50 71 26 8 10 105 102 158 90 168 75 80 140 38 82 161 133 191 41 89 27 184 172 95 94 32 131 88 145 174 157 118 170 114 188 138 81 64 0,80 94
PFG_MOEA,717,4,274.07,2785.44,0 126 20 136 143 5 61 109 36 11 34 84 176 65 76 139 103 87 22 187 57 183 13 79 96 134 186 141 125 16 117 0,
PFG_MOEA,717,5,274.07,2785.44,0 3 73 127 163 23 147 49 130 92 67 169 68 40 106 29 164 42 110 121 28 15 54 45 190 189 72 152 0,
PFG_MOEA,717,6,274.07,2785.44,0 35 108 129 83 6 52 177 149 12 153 165 154 19 159 63 37 194 122 197 193 91 148 25 101 31 150 62 179 33 155 97 123 47 135 107 156 124 0,91 194
PFG_MOEA,718,1,285.8,2514.54,0 124 156 107 135 62 182 167 47 123 97 155 14 132 18 46 4 33 179 111 56 74 120 142 200 162 17 85 137 9 99 60 173 151 116 199 171 144 30 24 59 0,
PFG_MOEA,718,2,285.8,2514.54,0 51 48 192 69 70 55 160 43 93 53 181 104 86 178 113 100 58 195 166 66 185 78 7 44 1 2 77 175 146 0,78
PFG_MOEA,718,3,285.8,2514.54,0 64 163 131 106 40 68 128 198 119 196 98 21 115 39 0,119
PFG_MOEA,718,4,285.8,2514.54,0 138 88 183 95 172 94 32 41 169 67 191 92 130 90 168 75 80 140 38 82 161 133 158 102 105 49 147 23 145 174 157 118 170 114 188 81 0,80 92 105
PFG_MOEA,718,5,285.8,2514.54,0 117 50 71 26 8 10 89 27 184 57 187 22 87 15 54 45 190 139 19 63 108 125 103 141 186 152 134 96 79 13 28 121 110 42 29 164 127 73 3 0,54 108
PFG_MOEA,718,6,285.8,2514.54,0 136 20 143 5 61 109 36 11 34 112 180 31 150 35 16 129 83 6 52 177 149 12 153 159 154 165 101 25 148 91 193 122 194 37 72 189 197 76 65 176 84 126 0,11 35 194
PFG_MOEA,719,1,279.47,2703.52,0 64 163 131 106 40 68 95 172 94 32 41 67 169 183 88 145 114 188 138 81 26 10 8 50 128 98 198 119 196 55 70 69 192 160 181 53 93 43 21 115 39 0,94 119
PFG_MOEA,719,2,279.47,2703.52,0 117 71 89 27 184 57 187 22 87 15 54 45 190 83 153 12 149 177 52 6 63 159 19 139 103 13 79 96 134 152 28 121 110 42 29 164 127 73 3 0,149
PFG_MOEA,719,3,279.47,2703.52,0 84 176 65 76 197 189 72 37 194 122 193 91 148 25 101 31 150 35 108 16 129 165 154 125 141 186 174 0,91 108
PFG_MOEA,719,4,279.47,2703.52,0 157 130 92 191 133 161 82 38 140 80 75 168 90 158 102 105 49 147 23 170 118 0,92 105 147
PFG_MOEA,719,5,279.47,2703.52,0 124 156 107 135 62 47 123 97 155 111 179 33 14 9 137 85 17 162 200 142 120 74 56 167 182 180 112 34 126 36 11 109 61 5 143 20 136 0,109
PFG_MOEA,719,6,279.47,2703.52,0 51 48 185 66 166 195 58 100 113 178 86 104 78 175 24 59 7 44 1 2 199 116 151 173 60 99 4 46 18 132 171 144 30 77 146 0,78
PFG_MOEA,720,1,325.52,2455.62,0 136 143 61 109 5 182 167 193 176 84 56 111 179 33 14 132 18 46 4 171 144 30 155 97 123 47 135 62 11 36 20 0,
PFG_MOEA,720,2,325.52,2455.62,0 117 124 156 107 77 74 120 142 200 162 9 17 85 137 173 60 99 151 116 199 2 24 59 1 44 7 195 58 100 113 178 86 53 93 181 104 166 66 185 43 78 175 146 48 51 0,78
PFG_MOEA,720,3,325.52,2455.62,0 115 21 160 192 69 70 55 196 119 198 98 128 10 81 188 114 145 88 183 138 39 0,
PFG_MOEA,720,4,325.52,2455.62,0 64 26 174 157 23 147 49 105 102 158 133 161 82 38 140 80 75 168 90 130 92 191 67 169 94 32 41 89 27 184 57 172 95 68 118 170 8 50 71 0,
PFG_MOEA,720,5,325.52,2455.62,0 3 73 127 131 163 106 40 187 22 87 29 164 42 152 186 134 96 79 13 110 121 28 15 54 45 190 189 72 37 194 122 197 65 76 63 159 19 139 103 177 52 6 149 12 153 165 154 125 141 126 0,6 190
PFG_MOEA,720,6,325.52,2455.62,0 34 112 180 31 101 25 148 91 83 129 150 35 108 16 0,34
PFG_MOEA,721,1,395.13,2342.24,0 136 143 20 0,
PFG_MOEA,721,2,395.13,2342.24,0 124 156 107 61 109 135 62 47 123 97 111 155 179 9 137 85 17 162 200 142 120 74 56 167 182 180 112 34 11 36 5 126 0,
PFG_MOEA,721,3,395.13,2342.24,0 51 48 21 98 128 198 119 196 55 70 69 192 160 43 185 66 166 104 181 93 53 86 178 113 100 58 195 7 44 1 59 24 2 199 116 151 173 60 99 4 46 18 132 14 33 171 144 30 77 84 176 35 108 16 117 0,53 181
PFG_MOEA,721,4,395.13,2342.24,0 175 78 146 115 39 64 81 71 50 8 10 26 188 138 114 170 118 157 174 145 23 147 49 105 102 158 133 161 82 38 140 80 75 168 90 130 92 191 67 169 68 95 172 94 32 41 89 27 184 57 187 22 87 106 40 183 88 163 131 164 42 29 127 73 3 0,40 78 87 105
PFG_MOEA,721,5,395.13,2342.24,0 152 186 0,
PFG_MOEA,721,6,395.13,2342.24,0 134 96 79 13 110 121 28 15 54 45 190 189 72 37 194 122 159 19 139 103 141 125 154 165 153 12 149 177 52 6 63 197 76 65 193 91 148 25 101 83 129 31 150 0,141
PFG_MOEA,722,1,338.66,2384.29,0 51 48 146 78 185 66 7 44 1 59 24 175 77 2 30 144 171 199 116 151 99 60 173 137 85 17 9 162 200 142 120 74 56 111 179 33 4 46 18 132 14 155 97 123 47 62 135 107 156 124 0,
PFG_MOEA,722,2,338.66,2384.29,0 115 43 93 53 86 178 113 100 58 195 166 104 181 160 192 69 70 55 196 119 198 128 98 21 39 0,115 119
PFG_MOEA,722,3,338.66,2384.29,0 64 138 188 114 26 81 10 170 118 157 174 145 88 183 23 147 49 105 102 158 133 161 82 38 140 80 75 168 90 130 92 191 67 169 41 32 94 172 95 68 40 106 163 131 0,147
PFG_MOEA,722,4,338.66,2384.29,0 71 50 8 89 27 184 57 187 22 87 15 54 45 190 103 139 19 159 63 6 52 177 149 12 153 83 152 28 121 110 0,
PFG_MOEA,722,5,338.66,2384.29,0 117 186 134 96 79 13 42 29 164 127 73 3 0,
PFG_MOEA,722,6,338.66,2384.29,0 141 125 154 165 129 180 112 16 108 35 150 31 101 25 148 91 193 122 194 37 72 189 197 76 65 176 84 167 182 34 11 36 109 61 5 143 136 20 126 0,91 108 141
PFG_MOEA,723,1,306.31,2495.58,0 136 20 143 5 61 109 11 36 126 34 112 180 182 167 56 9 137 85 17 162 200 142 120 74 62 135 107 156 124 0,11 126
PFG_MOEA,723,2,306.31,2495.58,0 47 123 97 155 111 179 33 14 132 18 46 4 99 60 173 151 116 199 171 144 30 24 59 1 44 7 2 77 0,99
PFG_MOEA,723,3,306.31,2495.58,0 51 48 146 175 78 185 66 166 195 58 100 113 178 86 104 181 53 93 43 160 192 69 70 55 196 119 198 128 98 21 115 39 64 0,93 181
PFG_MOEA,723,4,306.31,2495.58,0 131 163 106 40 68 95 172 94 32 41 169 67 191 92 130 90 168 75 80 140 38 82 161 133 158 102 105 49 147 23 183 88 145 174 157 118 170 114 188 138 81 26 10 8 50 71 0,80 105
PFG_MOEA,723,5,306.31,2495.58,0 152 83 153 12 149 177 52 6 63 159 19 139 103 190 45 54 15 87 22 187 57 184 27 89 28 121 110 42 29 164 127 73 3 0,149 190
PFG_MOEA,723,6,306.31,2495.58,0 117 13 79 96 134 186 141 125 154 165 129 16 108 35 150 31 101 25 148 91 193 122 194 37 72 189 197 76 65 176 84 0,91 141
PFG_MOEA,724,1,528.52,2327.53,0 124 156 107 126 36 109 11 167 182 34 112 180 176 197 76 65 84 74 120 142 200 162 56 9 17 85 137 173 60 99 151 116 199 30 144 171 4 46 18 132 14 33 179 111 155 97 123 47 62 135 77 2 24 59 1 44 7 195 58 100 113 178 86 104 166 66 181 53 93 160 43 185 78 175 146 192 69 70 55 196 119 198 128 98 21 115 48 51 0,126 182
PFG_MOEA,724,2,528.52,2327.53,0 39 0,39
PFG_MOEA,724,3,528.52,2327.53,0 64 0,
PFG_MOEA,724,4,528.52,2327.53,0 81 71 50 0,
PFG_MOEA,724,5,528.52,2327.53,0 131 163 106 40 130 92 133 161 82 38 140 80 75 168 90 158 102 105 49 147 23 183 88 145 174 157 118 170 10 8 26 114 188 138 0,92 168
PFG_MOEA,724,6,528.52,2327.53,0 136 20 143 61 5 16 108 35 150 31 101 25 148 91 193 122 194 37 72 189 190 45 87 22 187 57 184 27 89 41 169 67 191 32 94 68 95 172 15 54 103 139 19 159 63 6 52 177 149 12 153 83 129 165 154 125 141 186 152 134 96 79 13 28 121 110 42 29 164 127 73 3 117 0,91 141 187
PFG_MOEA,725,1,264.18,3010.24,0 117 16 108 35 150 37 72 87 22 187 57 172 95 184 27 89 41 32 94 191 133 161 82 38 140 80 75 168 105 102 158 90 67 169 68 152 0,94 168
PFG_MOEA,725,2,264.18,3010.24,0 3 31 101 25 148 91 6 52 177 149 190 45 122 76 65 193 176 84 151 116 199 171 4 46 18 132 144 30 109 107 156 124 0,122 149
PFG_MOEA,725,3,264.18,3010.24,0 126 36 11 167 182 34 112 180 194 189 197 74 120 142 200 162 17 85 137 173 60 99 9 56 111 179 33 14 155 97 123 47 62 135 77 0,
PFG_MOEA,725,4,264.18,3010.24,0 24 59 2 1 44 7 195 58 100 113 178 86 104 166 66 93 181 53 192 160 43 185 78 175 131 163 183 23 147 49 130 92 40 106 0,
PFG_MOEA,725,5,264.18,3010.24,0 136 20 143 61 69 70 55 196 119 198 98 128 10 8 145 88 174 157 118 170 114 188 138 26 81 71 50 39 0,136
PFG_MOEA,725,6,264.18,3010.24,0 51 48 146 21 115 64 127 73 164 29 42 110 121 28 15 54 13 79 96 134 186 141 103 139 19 159 63 154 125 165 153 12 83 129 5 0,21 96
PFG_MOEA,726,1,274.07,2785.44,0 112 180 182 74 120 142 200 162 56 9 17 85 137 173 60 99 151 116 199 171 4 46 18 132 14 111 144 30 77 175 24 59 2 1 44 7 160 146 48 51 0,4 162 182
PFG_MOEA,726,2,274.07,2785.44,0 167 78 185 66 166 195 58 100 113 178 86 104 181 53 93 43 192 69 70 55 196 119 198 128 98 21 115 0,104
PFG_MOEA,726,3,274.07,2785.44,0 39 50 71 26 8 10 105 102 158 90 168 75 80 140 38 82 161 133 191 41 89 27 184 172 95 94 32 131 88 145 174 157 118 170 114 188 138 81 64 0,80 94
PFG_MOEA,726,4,274.07,2785.44,0 126 20 136 143 5 61 109 36 11 34 84 176 65 76 139 103 87 22 187 57 183 13 79 96 134 186 141 125 16 117 0,
PFG_MOEA,726,5,274.07,2785.44,0 3 73 127 163 23 147 49 130 92 67 169 68 40 106 29 164 42 110 121 28 15 54 45 190 189 72 152 0,
PFG_MOEA,726,6,274.07,2785.44,0 35 108 129 83 6 52 177 149 12 153 165 154 19 159 63 37 194 122 197 193 91 148 25 101 31 150 62 179 33 155 97 123 47 135 107 156 124 0,91 194
PFG_MOEA,727,1,285.8,2514.54,0 124 156 107 135 62 182 167 47 123 97 155 14 132 18 46 4 33 179 111 56 74 120 142 200 162 17 85 137 9 99 60 173 151 116 199 171 144 30 24 59 0,
PFG_MOEA,727,2,285.8,2514.54,0 51 48 192 69 70 55 160 43 93 53 181 104 86 178 113 100 58 195 166 66 185 78 7 44 1 2 77 175 146 0,78
PFG_MOEA,727,3,285.8,2514.54,0 64 163 131 106 40 68 128 198 119 196 98 21 115 39 0,119
PFG_MOEA,727,4,285.8,2514.54,0 138 88 183 95 172 94 32 41 169 67 191 92 130 90 168 75 80 140 38 82 161 133 158 102 105 49 147 23 145 174 157 118 170 114 188 81 0,80 92 105
PFG_MOEA,727,5,285.8,2514.54,0 117 50 71 26 8 10 89 27 184 57 187 22 87 15 54 45 190 139 19 63 108 125 103 141 186 152 134 96 79 13 28 121 110 42 29 164 127 73 3 0,54 108
PFG_MOEA,727,6,285.8,2514.54,0 136 20 143 5 61 109 36 11 34 112 180 31 150 35 16 129 83 6 52 177 149 12 153 159 154 165 101 25 148 91 193 122 194 37 72 189 197 76 65 176 84 126 0,11 35 194
PFG_MOEA,728,1,279.47,2703.52,0 64 163 131 106 40 68 95 172 94 32 41 67 169 183 88 145 114 188 138 81 26 10 8 50 128 98 198 119 196 55 70 69 192 160 181 53 93 43 21 115 39 0,94 119
PFG_MOEA,728,2,279.47,2703.52,0 117 71 89 27 184 57 187 22 87 15 54 45 190 83 153 12 149 177 52 6 63 159 19 139 103 13 79 96 134 152 28 121 110 42 29 164 127 73 3 0,149
PFG_MOEA,728,3,279.47,2703.52,0 84 176 65 76 197 189 72 37 194 122 193 91 148 25 101 31 150 35 108 16 129 165 154 125 141 186 174 0,91 108
PFG_MOEA,728,4,279.47,2703.52,0 157 130 92 191 133 161 82 38 140 80 75 168 90 158 102 105 49 147 23 170 118 0,92 105 147
PFG_MOEA,728,5,279.47,2703.52,0 124 156 107 135 62 47 123 97 155 111 179 33 14 9 137 85 17 162 200 142 120 74 56 167 182 180 112 34 126 36 11 109 61 5 143 20 136 0,109
PFG_MOEA,728,6,279.47,2703.52,0 51 48 185 66 166 195 58 100 113 178 86 104 78 175 24 59 7 44 1 2 199 116 151 173 60 99 4 46 18 132 171 144 30 77 146 0,78
PFG_MOEA,729,1,325.52,2455.62,0 136 143 61 109 5 182 167 193 176 84 56 111 179 33 14 132 18 46 4 171 144 30 155 97 123 47 135 62 11 36 20 0,
PFG_MOEA,729,2,325.52,2455.62,0 117 124 156 107 77 74 120 142 200 162 9 17 85 137 173 60 99 151 116 199 2 24 59 1 44 7 195 58 100 113 178 86 53 93 181 104 166 66 185 43 78 175 146 48 51 0,78
PFG_MOEA,729,3,325.52,2455.62,0 115 21 160 192 69 70 55 196 119 198 98 128 10 81 188 114 145 88 183 138 39 0,
PFG_MOEA,729,4,325.52,2455.62,0 64 26 174 157 23 147 49 105 102 158 133 161 82 38 140 80 75 168 90 130 92 191 67 169 94 32 41 89 27 184 57 172 95 68 118 170 8 50 71 0,
PFG_MOEA,729,5,325.52,2455.62,0 3 73 127 131 163 106 40 187 22 87 29 164 42 152 186 134 96 79 13 110 121 28 15 54 45 190 189 72 37 194 122 197 65 76 63 159 19 139 103 177 52 6 149 12 153 165 154 125 141 126 0,6 190
PFG_MOEA,729,6,325.52,2455.62,0 34 112 180 31 101 25 148 91 83 129 150 35 108 16 0,34
PFG_MOEA,730,1,395.13,2342.24,0 136 143 20 0,
PFG_MOEA,730,2,395.13,2342.24,0 124 156 107 61 109 135 62 47 123 97 111 155 179 9 137 85 17 162 200 142 120 74 56 167 182 180 112 34 11 36 5 126 0,
PFG_MOEA,730,3,395.13,2342.24,0 51 48 21 98 128 198 119 196 55 70 69 192 160 43 185 66 166 104 181 93 53 86 178 113 100 58 195 7 44 1 59 24 2 199 116 151 173 60 99 4 46 18 132 14 33 171 144 30 77 84 176 35 108 16 117 0,53 181
PFG_MOEA,730,4,395.13,2342.24,0 175 78 146 115 39 64 81 71 50 8 10 26 188 138 114 170 118 157 174 145 23 147 49 105 102 158 133 161 82 38 140 80 75 168 90 130 92 191 67 169 68 95 172 94 32 41 89 27 184 57 187 22 87 106 40 183 88 163 131 164 42 29 127 73 3 0,40 78 87 105
PFG_MOEA,730,5,395.13,2342.24,0 152 186 0,
PFG_MOEA,730,6,395.13,2342.24,0 134 96 79 13 110 121 28 15 54 45 190 189 72 37 194 122 159 19 139 103 141 125 154 165 153 12 149 177 52 6 63 197 76 65 193 91 148 25 101 83 129 31 150 0,141
PFG_MOEA,731,1,338.66,2384.29,0 51 48 146 78 185 66 7 44 1 59 24 175 77 2 30 144 171 199 116 151 99 60 173 137 85 17 9 162 200 142 120 74 56 111 179 33 4 46 18 132 14 155 97 123 47 62 135 107 156 124 0,
PFG_MOEA,731,2,338.66,2384.29,0 115 43 93 53 86 178 113 100 58 195 166 104 181 160 192 69 70 55 196 119 198 128 98 21 39 0,115 119
PFG_MOEA,731,3,338.66,2384.29,0 64 138 188 114 26 81 10 170 118 157 174 145 88 183 23 147 49 105 102 158 133 161 82 38 140 80 75 168 90 130 92 191 67 169 41 32 94 172 95 68 40 106 163 131 0,147
PFG_MOEA,731,4,338.66,2384.29,0 71 50 8 89 27 184 57 187 22 87 15 54 45 190 103 139 19 159 63 6 52 177 149 12 153 83 152 28 121 110 0,
PFG_MOEA,731,5,338.66,2384.29,0 117 186 134 96 79 13 42 29 164 127 73 3 0,
PFG_MOEA,731,6,338.66,2384.29,0 141 125 154 165 129 180 112 16 108 35 150 31 101 25 148 91 193 122 194 37 72 189 197 76 65 176 84 167 182 34 11 36 109 61 5 143 136 20 126 0,91 108 141
PFG_MOEA,732,1,306.31,2495.58,0 136 20 143 5 61 109 11 36 126 34 112 180 182 167 56 9 137 85 17 162 200 142 120 74 62 135 107 156 124 0,11 126
PFG_MOEA,732,2,306.31,2495.58,0 47 123 97 155 111 179 33 14 132 18 46 4 99 60 173 151 116 199 171 144 30 24 59 1 44 7 2 77 0,99
PFG_MOEA,732,3,306.31,2495.58,0 51 48 146 175 78 185 66 166 195 58 100 113 178 86 104 181 53 93 43 160 192 69 70 55 196 119 198 128 98 21 115 39 64 0,93 181
PFG_MOEA,732,4,306.31,2495.58,0 131 163 106 40 68 95 172 94 32 41 169 67 191 92 130 90 168 75 80 140 38 82 161 133 158 102 105 49 147 23 183 88 145 174 157 118 170 114 188 138 81 26 10 8 50 71 0,80 105
PFG_MOEA,732,5,306.31,2495.58,0 152 83 153 12 149 177 52 6 63 159 19 139 103 190 45 54 15 87 22 187 57 184 27 89 28 121 110 42 29 164 127 73 3 0,149 190
PFG_MOEA,732,6,306.31,2495.58,0 117 13 79 96 134 186 141 125 154 165 129 16 108 35 150 31 101 25 148 91 193 122 194 37 72 189 197 76 65 176 84 0,91 141
PFG_MOEA,733,1,528.52,2327.53,0 124 156 107 126 36 109 11 167 182 34 112 180 176 197 76 65 84 74 120 142 200 162 56 9 17 85 137 173 60 99 151 116 199 30 144 171 4 46 18 132 14 33 179 111 155 97 123 47 62 135 77 2 24 59 1 44 7 195 58 100 113 178 86 104 166 66 181 53 93 160 43 185 78 175 146 192 69 70 55 196 119 198 128 98 21 115 48 51 0,126 182
PFG_MOEA,733,2,528.52,2327.53,0 39 0,39
PFG_MOEA,733,3,528.52,2327.53,0 64 0,
PFG_MOEA,733,4,528.52,2327.53,0 81 71 50 0,
PFG_MOEA,733,5,528.52,2327.53,0 131 163 106 40 130 92 133 161 82 38 140 80 75 168 90 158 102 105 49 147 23 183 88 145 174 157 118 170 10 8 26 114 188 138 0,92 168
PFG_MOEA,733,6,528.52,2327.53,0 136 20 143 61 5 16 108 35 150 31 101 25 148 91 193 122 194 37 72 189 190 45 87 22 187 57 184 27 89 41 169 67 191 32 94 68 95 172 15 54 103 139 19 159 63 6 52 177 149 12 153 83 129 165 154 125 141 186 152 134 96 79 13 28 121 110 42 29 164 127 73 3 117 0,91 141 187
PFG_MOEA,734,1,264.18,3010.24,0 117 16 108 35 150 37 72 87 22 187 57 172 95 184 27 89 41 32 94 191 133 161 82 38 140 80 75 168 105 102 158 90 67 169 68 152 0,94 168
PFG_MOEA,734,2,264.18,3010.24,0 3 31 101 25 148 91 6 52 177 149 190 45 122 76 65 193 176 84 151 116 199 171 4 46 18 132 144 30 109 107 156 124 0,122 149
PFG_MOEA,734,3,264.18,3010.24,0 126 36 11 167 182 34 112 180 194 189 197 74 120 142 200 162 17 85 137 173 60 99 9 56 111 179 33 14 155 97 123 47 62 135 77 0,
PFG_MOEA,734,4,264.18,3010.24,0 24 59 2 1 44 7 195 58 100 113 178 86 104 166 66 93 181 53 192 160 43 185 78 175 131 163 183 23 147 49 130 92 40 106 0,
PFG_MOEA,734,5,264.18,3010.24,0 136 20 143 61 69 70 55 196 119 198 98 128 10 8 145 88 174 157 118 170 114 188 138 26 81 71 50 39 0,136
PFG_MOEA,734,6,264.18,3010.24,0 51 48 146 21 115 64 127 73 164 29 42 110 121 28 15 54 13 79 96 134 186 141 103 139 19 159 63 154 125 165 153 12 83 129 5 0,21 96
PFG_MOEA,735,1,274.07,2785.44,0 112 180 182 74 120 142 200 162 56 9 17 85 137 173 60 99 151 116 199 171 4 46 18 132 14 111 144 30 77 175 24 59 2 1 44 7 160 146 48 51 0,4 162 182
PFG_MOEA,735,2,274.07,2785.44,0 167 78 185 66 166 195 58 100 113 178 86 104 181 53 93 43 192 69 70 55 196 119 198 128 98 21 115 0,104
PFG_MOEA,735,3,274.07,2785.44,0 39 50 71 26 8 10 105 102 158 90 168 75 80 140 38 82 161 133 191 41 89 27 184 172 95 94 32 131 88 145 174 157 118 170 114 188 138 81 64 0,80 94
PFG_MOEA,735,4,274.07,2785.44,0 126 20 136 143 5 61 109 36 11 34 84 176 65 76 139 103 87 22 187 57 183 13 79 96 134 186 141 125 16 117 0,
PFG_MOEA,735,5,274.07,2785.44,0 3 73 127 163 23 147 49 130 92 67 169 68 40 106 29 164 42 110 121 28 15 54 45 190 189 72 152 0,
PFG_MOEA,735,6,274.07,2785.44,0 35 108 129 83 6 52 177 149 12 153 165 154 19 159 63 37 194 122 197 193 91 148 25 101 31 150 62 179 33 155 97 123 47 135 107 156 124 0,91 194
PFG_MOEA,736,1,285.8,2514.54,0 124 156 107 135 62 182 167 47 123 97 155 14 132 18 46 4 33 179 111 56 74 120 142 200 162 17 85 137 9 99 60 173 151 116 199 171 144 30 24 59 0,
PFG_MOEA,736,2,285.8,2514.54,0 51 48 192 69 70 55 160 43 93 53 181 104 86 178 113 100 58 195 166 66 185 78 7 44 1 2 77 175 146 0,78
PFG_MOEA,736,3,285.8,2514.54,0 64 163 131 106 40 68 128 198 119 196 98 21 115 39 0,119
PFG_MOEA,736,4,285.8,2514.54,0 138 88 183 95 172 94 32 41 169 67 191 92 130 90 168 75 80 140 38 82 161 133 158 102 105 49 147 23 145 174 157 118 170 114 188 81 0,80 92 105
PFG_MOEA,736,5,285.8,2514.54,0 117 50 71 26 8 10 89 27 184 57 187 22 87 15 54 45 190 139 19 63 108 125 103 141 186 152 134 96 79 13 28 121 110 42 29 164 127 73 3 0,54 108
PFG_MOEA,736,6,285.8,2514.54,0 136 20 143 5 61 109 36 11 34 112 180 31 150 35 16 129 83 6 52 177 149 12 153 159 154 165 101 25 148 91 193 122 194 37 72 189 197 76 65 176 84 126 0,11 35 194
PFG_MOEA,737,1,279.47,2703.52,0 64 163 131 106 40 68 95 172 94 32 41 67 169 183 88 145 114 188 138 81 26 10 8 50 128 98 198 119 196 55 70 69 192 160 181 53 93 43 21 115 39 0,94 119
PFG_MOEA,737,2,279.47,2703.52,0 117 71 89 27 184 57 187 22 87 15 54 45 190 83 153 12 149 177 52 6 63 159 19 139 103 13 79 96 134 152 28 121 110 42 29 164 127 73 3 0,149
PFG_MOEA,737,3,279.47,2703.52,0 84 176 65 76 197 189 72 37 194 122 193 91 148 25 101 31 150 35 108 16 129 165 154 125 141 186 174 0,91 108
PFG_MOEA,737,4,279.47,2703.52,0 157 130 92 191 133 161 82 38 140 80 75 168 90 158 102 105 49 147 23 170 118 0,92 105 147
PFG_MOEA,737,5,279.47,2703.52,0 124 156 107 135 62 47 123 97 155 111 179 33 14 9 137 85 17 162 200 142 120 74 56 167 182 180 112 34 126 36 11 109 61 5 143 20 136 0,109
PFG_MOEA,737,6,279.47,2703.52,0 51 48 185 66 166 195 58 100 113 178 86 104 78 175 24 59 7 44 1 2 199 116 151 173 60 99 4 46 18 132 171 144 30 77 146 0,78
PFG_MOEA,738,1,325.52,2455.62,0 136 143 61 109 5 182 167 193 176 84 56 111 179 33 14 132 18 46 4 171 144 30 155 97 123 47 135 62 11 36 20 0,
PFG_MOEA,738,2,325.52,2455.62,0 117 124 156 107 77 74 120 142 200 162 9 17 85 137 173 60 99 151 116 199 2 24 59 1 44 7 195 58 100 113 178 86 53 93 181 104 166 66 185 43 78 175 146 48 51 0,78
PFG_MOEA,738,3,325.52,2455.62,0 115 21 160 192 69 70 55 196 119 198 98 128 10 81 188 114 145 88 183 138 39 0,
PFG_MOEA,738,4,325.52,2455.62,0 64 26 174 157 23 147 49 105 102 158 133 161 82 38 140 80 75 168 90 130 92 191 67 169 94 32 41 89 27 184 57 172 95 68 118 170 8 50 71 0,
PFG_MOEA,738,5,325.52,2455.62,0 3 73 127 131 163 106 40 187 22 87 29 164 42 152 186 134 96 79 13 110 121 28 15 54 45 190 189 72 37 194 122 197 65 76 63 159 19 139 103 177 52 6 149 12 153 165 154 125 141 126 0,6 190
PFG_MOEA,738,6,325.52,2455.62,0 34 112 180 31 101 25 148 91 83 129 150 35 108 16 0,34
PFG_MOEA,739,1,395.13,2342.24,0 136 143 20 0,
PFG_MOEA,739,2,395.13,2342.24,0 124 156 107 61 109 135 62 47 123 97 111 155 179 9 137 85 17 162 200 142 120 74 56 167 182 180 112 34 11 36 5 126 0,
PFG_MOEA,739,3,395.13,2342.24,0 51 48 21 98 128 198 119 196 55 70 69 192 160 43 185 66 166 104 181 93 53 86 178 113 100 58 195 7 44 1 59 24 2 199 116 151 173 60 99 4 46 18 132 14 33 171 144 30 77 84 176 35 108 16 117 0,53 181
PFG_MOEA,739,4,395.13,2342.24,0 175 78 146 115 39 64 81 71 50 8 10 26 188 138 114 170 118 157 174 145 23 147 49 105 102 158 133 161 82 38 140 80 75 168 90 130 92 191 67 169 68 95 172 94 32 41 89 27 184 57 187 22 87 106 40 183 88 163 131 164 42 29 127 73 3 0,40 78 87 105
PFG_MOEA,739,5,395.13,2342.24,0 152 186 0,
PFG_MOEA,739,6,395.13,2342.24,0 134 96 79 13 110 121 28 15 54 45 190 189 72 37 194 122 159 19 139 103 141 125 154 165 153 12 149 177 52 6 63 197 76 65 193 91 148 25 101 83 129 31 150 0,141
PFG_MOEA,740,1,338.66,2384.29,0 51 48 146 78 185 66 7 44 1 59 24 175 77 2 30 144 171 199 116 151 99 60 173 137 85 17 9 162 200 142 120 74 56 111 179 33 4 46 18 132 14 155 97 123 47 62 135 107 156 124 0,
PFG_MOEA,740,2,338.66,2384.29,0 115 43 93 53 86 178 113 100 58 195 166 104 181 160 192 69 70 55 196 119 198 128 98 21 39 0,115 119
PFG_MOEA,740,3,338.66,2384.29,0 64 138 188 114 26 81 10 170 118 157 174 145 88 183 23 147 49 105 102 158 133 161 82 38 140 80 75 168 90 130 92 191 67 169 41 32 94 172 95 68 40 106 163 131 0,147
PFG_MOEA,740,4,338.66,2384.29,0 71 50 8 89 27 184 57 187 22 87 15 54 45 190 103 139 19 159 63 6 52 177 149 12 153 83 152 28 121 110 0,
PFG_MOEA,740,5,338.66,2384.29,0 117 186 134 96 79 13 42 29 164 127 73 3 0,
PFG_MOEA,740,6,338.66,2384.29,0 141 125 154 165 129 180 112 16 108 35 150 31 101 25 148 91 193 122 194 37 72 189 197 76 65 176 84 167 182 34 11 36 109 61 5 143 136 20 126 0,91 108 141
PFG_MOEA,741,1,306.31,2495.58,0 136 20 143 5 61 109 11 36 126 34 112 180 182 167 56 9 137 85 17 162 200 142 120 74 62 135 107 156 124 0,11 126
PFG_MOEA,741,2,306.31,2495.58,0 47 123 97 155 111 179 33 14 132 18 46 4 99 60 173 151 116 199 171 144 30 24 59 1 44 7 2 77 0,99
PFG_MOEA,741,3,306.31,2495.58,0 51 48 146 175 78 185 66 166 195 58 100 113 178 86 104 181 53 93 43 160 192 69 70 55 196 119 198 128 98 21 115 39 64 0,93 181
PFG_MOEA,741,4,306.31,2495.58,0 131 163 106 40 68 95 172 94 32 41 169 67 191 92 130 90 168 75 80 140 38 82 161 133 158 102 105 49 147 23 183 88 145 174 157 118 170 114 188 138 81 26 10 8 50 71 0,80 105
PFG_MOEA,741,5,306.31,2495.58,0 152 83 153 12 149 177 52 6 63 159 19 139 103 190 45 54 15 87 22 187 57 184 27 89 28 121 110 42 29 164 127 73 3 0,149 190
PFG_MOEA,741,6,306.31,2495.58,0 117 13 79 96 134 186 141 125 154 165 129 16 108 35 150 31 101 25 148 91 193 122 194 37 72 189 197 76 65 176 84 0,91 141
PFG_MOEA,742,1,528.52,2327.53,0 124 156 107 126 36 109 11 167 182 34 112 180 176 197 76 65 84 74 120 142 200 162 56 9 17 85 137 173 60 99 151 116 199 30 144 171 4 46 18 132 14 33 179 111 155 97 123 47 62 135 77 2 24 59 1 44 7 195 58 100 113 178 86 104 166 66 181 53 93 160 43 185 78 175 146 192 69 70 55 196 119 198 128 98 21 115 48 51 0,126 182
PFG_MOEA,742,2,528.52,2327.53,0 39 0,39
PFG_MOEA,742,3,528.52,2327.53,0 64 0,
PFG_MOEA,742,4,528.52,2327.53,0 81 71 50 0,
PFG_MOEA,742,5,528.52,2327.53,0 131 163 106 40 130 92 133 161 82 38 140 80 75 168 90 158 102 105 49 147 23 183 88 145 174 157 118 170 10 8 26 114 188 138 0,92 168
PFG_MOEA,742,6,528.52,2327.53,0 136 20 143 61 5 16 108 35 150 31 101 25 148 91 193 122 194 37 72 189 190 45 87 22 187 57 184 27 89 41 169 67 191 32 94 68 95 172 15 54 103 139 19 159 63 6 52 177 149 12 153 83 129 165 154 125 141 186 152 134 96 79 13 28 121 110 42 29 164 127 73 3 117 0,91 141 187
PFG_MOEA,743,1,264.18,3010.24,0 117 16 108 35 150 37 72 87 22 187 57 172 95 184 27 89 41 32 94 191 133 161 82 38 140 80 75 168 105 102 158 90 67 169 68 152 0,94 168
PFG_MOEA,743,2,264.18,3010.24,0 3 31 101 25 148 91 6 52 177 149 190 45 122 76 65 193 176 84 151 116 199 171 4 46 18 132 144 30 109 107 156 124 0,122 149
PFG_MOEA,743,3,264.18,3010.24,0 126 36 11 167 182 34 112 180 194 189 197 74 120 142 200 162 17 85 137 173 60 99 9 56 111 179 33 14 155 97 123 47 62 135 77 0,
PFG_MOEA,743,4,264.18,3010.24,0 24 59 2 1 44 7 195 58 100 113 178 86 104 166 66 93 181 53 192 160 43 185 78 175 131 163 183 23 147 49 130 92 40 106 0,
PFG_MOEA,743,5,264.18,3010.24,0 136 20 143 61 69 70 55 196 119 198 98 128 10 8 145 88 174 157 118 170 114 188 138 26 81 71 50 39 0,136
PFG_MOEA,743,6,264.18,3010.24,0 51 48 146 21 115 64 127 73 164 29 42 110 121 28 15 54 13 79 96 134 186 141 103 139 19 159 63 154 125 165 153 12 83 129 5 0,21 96
PFG_MOEA,744,1,274.07,2785.44,0 112 180 182 74 120 142 200 162 56 9 17 85 137 173 60 99 151 116 199 171 4 46 18 132 14 111 144 30 77 175 24 59 2 1 44 7 160 146 48 51 0,4 162 182
PFG_MOEA,744,2,274.07,2785.44,0 167 78 185 66 166 195 58 100 113 178 86 104 181 53 93 43 192 69 70 55 196 119 198 128 98 21 115 0,104
PFG_MOEA,744,3,274.07,2785.44,0 39 50 71 26 8 10 105 102 158 90 168 75 80 140 38 82 161 133 191 41 89 27 184 172 95 94 32 131 88 145 174 157 118 170 114 188 138 81 64 0,80 94
PFG_MOEA,744,4,274.07,2785.44,0 126 20 136 143 5 61 109 36 11 34 84 176 65 76 139 103 87 22 187 57 183 13 79 96 134 186 141 125 16 117 0,
PFG_MOEA,744,5,274.07,2785.44,0 3 73 127 163 23 147 49 130 92 67 169 68 40 106 29 164 42 110 121 28 15 54 45 190 189 72 152 0,
PFG_MOEA,744,6,274.07,2785.44,0 35 108 129 83 6 52 177 149 12 153 165 154 19 159 63 37 194 122 197 193 91 148 25 101 31 150 62 179 33 155 97 123 47 135 107 156 124 0,91 194
PFG_MOEA,745,1,285.8,2514.54,0 124 156 107 135 62 182 167 47 123 97 155 14 132 18 46 4 33 179 111 56 74 120 142 200 162 17 85 137 9 99 60 173 151 116 199 171 144 30 24 59 0,
PFG_MOEA,745,2,285.8,2514.54,0 51 48 192 69 70 55 160 43 93 53 181 104 86 178 113 100 58 195 166 66 185 78 7 44 1 2 77 175 146 0,78
PFG_MOEA,745,3,285.8,2514.54,0 64 163 131 106 40 68 128 198 119 196 98 21 115 39 0,119
PFG_MOEA,745,4,285.8,2514.54,0 138 88 183 95 172 94 32 41 169 67 191 92 130 90 168 75 80 140 38 82 161 133 158 102 105 49 147 23 145 174 157 118 170 114 188 81 0,80 92 105
PFG_MOEA,745,5,285.8,2514.54,0 117 50 71 26 8 10 89 27 184 57 187 22 87 15 54 45 190 139 19 63 108 125 103 141 186 152 134 96 79 13 28 121 110 42 29 164 127 73 3 0,54 108
PFG_MOEA,745,6,285.8,2514.54,0 136 20 143 5 61 109 36 11 34 112 180 31 150 35 16 129 83 6 52 177 149 12 153 159 154 165 101 25 148 91 193 122 194 37 72 189 197 76 65 176 84 126 0,11 35 194
PFG_MOEA,746,1,279.47,2703.52,0 64 163 131 106 40 68 95 172 94 32 41 67 169 183 88 145 114 188 138 81 26 10 8 50 128 98 198 119 196 55 70 69 192 160 181 53 93 43 21 115 39 0,94 119
PFG_MOEA,746,2,279.47,2703.52,0 117 71 89 27 184 57 187 22 87 15 54 45 190 83 153 12 149 177 52 6 63 159 19 139 103 13 79 96 134 152 28 121 110 42 29 164 127 73 3 0,149
PFG_MOEA,746,3,279.47,2703.52,0 84 176 65 76 197 189 72 37 194 122 193 91 148 25 101 31 150 35 108 16 129 165 154 125 141 186 174 0,91 108
PFG_MOEA,746,4,279.47,2703.52,0 157 130 92 191 133 161 82 38 140 80 75 168 90 158 102 105 49 147 23 170 118 0,92 105 147
PFG_MOEA,746,5,279.47,2703.52,0 124 156 107 135 62 47 123 97 155 111 179 33 14 9 137 85 17 162 200 142 120 74 56 167 182 180 112 34 126 36 11 109 61 5 143 20 136 0,109
PFG_MOEA,746,6,279.47,2703.52,0 51 48 185 66 166 195 58 100 113 178 86 104 78 175 24 59 7 44 1 2 199 116 151 173 60 99 4 46 18 132 171 144 30 77 146 0,78
PFG_MOEA,747,1,325.52,2455.62,0 136 143 61 109 5 182 167 193 176 84 56 111 179 33 14 132 18 46 4 171 144 30 155 97 123 47 135 62 11 36 20 0,
PFG_MOEA,747,2,325.52,2455.62,0 117 124 156 107 77 74 120 142 200 162 9 17 85 137 173 60 99 151 116 199 2 24 59 1 44 7 195 58 100 113 178 86 53 93 181 104 166 66 185 43 78 175 146 48 51 0,78
PFG_MOEA,747,3,325.52,2455.62,0 115 21 160 192 69 70 55 196 119 198 98 128 10 81 188 114 145 88 183 138 39 0,
PFG_MOEA,747,4,325.52,2455.62,0 64 26 174 157 23 147 49 105 102 158 133 161 82 38 140 80 75 168 90 130 92 191 67 169 94 32 41 89 27 184 57 172 95 68 118 170 8 50 71 0,
PFG_MOEA,747,5,325.52,2455.62,0 3 73 127 131 163 106 40 187 22 87 29 164 42 152 186 134 96 79 13 110 121 28 15 54 45 190 189 72 37 194 122 197 65 76 63 159 19 139 103 177 52 6 149 12 153 165 154 125 141 126 0,6 190
PFG_MOEA,747,6,325.52,2455.62,0 34 112 180 31 101 25 148 91 83 129 150 35 108 16 0,34
PFG_MOEA,748,1,395.13,2342.24,0 136 143 20 0,
PFG_MOEA,748,2,395.13,2342.24,0 124 156 107 61 109 135 62 47 123 97 111 155 179 9 137 85 17 162 200 142 120 74 56 167 182 180 112 34 11 36 5 126 0,
PFG_MOEA,748,3,395.13,2342.24,0 51 48 21 98 128 198 119 196 55 70 69 192 160 43 185 66 166 104 181 93 53 86 178 113 100 58 195 7 44 1 59 24 2 199 116 151 173 60 99 4 46 18 132 14 33 171 144 30 77 84 176 35 108 16 117 0,53 181
PFG_MOEA,748,4,395.13,2342.24,0 175 78 146 115 39 64 81 71 50 8 10 26 188 138 114 170 118 157 174 145 23 147 49 105 102 158 133 161 82 38 140 80 75 168 90 130 92 191 67 169 68 95 172 94 32 41 89 27 184 57 187 22 87 106 40 183 88 163 131 164 42 29 127 73 3 0,40 78 87 105
PFG_MOEA,748,5,395.13,2342.24,0 152 186 0,
PFG_MOEA,748,6,395.13,2342.24,0 134 96 79 13 110 121 28 15 54 45 190 189 72 37 194 122 159 19 139 103 141 125 154 165 153 12 149 177 52 6 63 197 76 65 193 91 148 25 101 83 129 31 150 0,141
PFG_MOEA,749,1,338.66,2384.29,0 51 48 146 78 185 66 7 44 1 59 24 175 77 2 30 144 171 199 116 151 99 60 173 137 85 17 9 162 200 142 120 74 56 111 179 33 4 46 18 132 14 155 97 123 47 62 135 107 156 124 0,
PFG_MOEA,749,2,338.66,2384.29,0 115 43 93 53 86 178 113 100 58 195 166 104 181 160 192 69 70 55 196 119 198 128 98 21 39 0,115 119
PFG_MOEA,749,3,338.66,2384.29,0 64 138 188 114 26 81 10 170 118 157 174 145 88 183 23 147 49 105 102 158 133 161 82 38 140 80 75 168 90 130 92 191 67 169 41 32 94 172 95 68 40 106 163 131 0,147
PFG_MOEA,749,4,338.66,2384.29,0 71 50 8 89 27 184 57 187 22 87 15 54 45 190 103 139 19 159 63 6 52 177 149 12 153 83 152 28 121 110 0,
PFG_MOEA,749,5,338.66,2384.29,0 117 186 134 96 79 13 42 29 164 127 73 3 0,
PFG_MOEA,749,6,338.66,2384.29,0 141 125 154 165 129 180 112 16 108 35 150 31 101 25 148 91 193 122 194 37 72 189 197 76 65 176 84 167 182 34 11 36 109 61 5 143 136 20 126 0,91 108 141
PFG_MOEA,750,1,306.31,2495.58,0 136 20 143 5 61 109 11 36 126 34 112 180 182 167 56 9 137 85 17 162 200 142 120 74 62 135 107 156 124 0,11 126
PFG_MOEA,750,2,306.31,2495.58,0 47 123 97 155 111 179 33 14 132 18 46 4 99 60 173 151 116 199 171 144 30 24 59 1 44 7 2 77 0,99
PFG_MOEA,750,3,306.31,2495.58,0 51 48 146 175 78 185 66 166 195 58 100 113 178 86 104 181 53 93 43 160 192 69 70 55 196 119 198 128 98 21 115 39 64 0,93 181
PFG_MOEA,750,4,306.31,2495.58,0 131 163 106 40 68 95 172 94 32 41 169 67 191 92 130 90 168 75 80 140 38 82 161 133 158 102 105 49 147 23 183 88 145 174 157 118 170 114 188 138 81 26 10 8 50 71 0,80 105
PFG_MOEA,750,5,306.31,2495.58,0 152 83 153 12 149 177 52 6 63 159 19 139 103 190 45 54 15 87 22 187 57 184 27 89 28 121 110 42 29 164 127 73 3 0,149 190
PFG_MOEA,750,6,306.31,2495.58,0 117 13 79 96 134 186 141 125 154 165 129 16 108 35 150 31 101 25 148 91 193 122 194 37 72 189 197 76 65 176 84 0,91 141
PFG_MOEA,751,1,528.52,2327.53,0 124 156 107 126 36 109 11 167 182 34 112 180 176 197 76 65 84 74 120 142 200 162 56 9 17 85 137 173 60 99 151 116 199 30 144 171 4 46 18 132 14 33 179 111 155 97 123 47 62 135 77 2 24 59 1 44 7 195 58 100 113 178 86 104 166 66 181 53 93 160 43 185 78 175 146 192 69 70 55 196 119 198 128 98 21 115 48 51 0,126 182
PFG_MOEA,751,2,528.52,2327.53,0 39 0,39
PFG_MOEA,751,3,528.52,2327.53,0 64 0,
PFG_MOEA,751,4,528.52,2327.53,0 81 71 50 0,
PFG_MOEA,751,5,528.52,2327.53,0 131 163 106 40 130 92 133 161 82 38 140 80 75 168 90 158 102 105 49 147 23 183 88 145 174 157 118 170 10 8 26 114 188 138 0,92 168
PFG_MOEA,751,6,528.52,2327.53,0 136 20 143 61 5 16 108 35 150 31 101 25 148 91 193 122 194 37 72 189 190 45 87 22 187 57 184 27 89 41 169 67 191 32 94 68 95 172 15 54 103 139 19 159 63 6 52 177 149 12 153 83 129 165 154 125 141 186 152 134 96 79 13 28 121 110 42 29 164 127 73 3 117 0,91 141 187
PFG_MOEA,752,1,264.18,3010.24,0 117 16 108 35 150 37 72 87 22 187 57 172 95 184 27 89 41 32 94 191 133 161 82 38 140 80 75 168 105 102 158 90 67 169 68 152 0,94 168
PFG_MOEA,752,2,264.18,3010.24,0 3 31 101 25 148 91 6 52 177 149 190 45 122 76 65 193 176 84 151 116 199 171 4 46 18 132 144 30 109 107 156 124 0,122 149
PFG_MOEA,752,3,264.18,3010.24,0 126 36 11 167 182 34 112 180 194 189 197 74 120 142 200 162 17 85 137 173 60 99 9 56 111 179 33 14 155 97 123 47 62 135 77 0,
PFG_MOEA,752,4,264.18,3010.24,0 24 59 2 1 44 7 195 58 100 113 178 86 104 166 66 93 181 53 192 160 43 185 78 175 131 163 183 23 147 49 130 92 40 106 0,
PFG_MOEA,752,5,264.18,3010.24,0 136 20 143 61 69 70 55 196 119 198 98 128 10 8 145 88 174 157 118 170 114 188 138 26 81 71 50 39 0,136
PFG_MOEA,752,6,264.18,3010.24,0 51 48 146 21 115 64 127 73 164 29 42 110 121 28 15 54 13 79 96 134 186 141 103 139 19 159 63 154 125 165 153 12 83 129 5 0,21 96
PFG_MOEA,753,1,274.07,2785.44,0 112 180 182 74 120 142 200 162 56 9 17 85 137 173 60 99 151 116 199 171 4 46 18 132 14 111 144 30 77 175 24 59 2 1 44 7 160 146 48 51 0,4 162 182
PFG_MOEA,753,2,274.07,2785.44,0 167 78 185 66 166 195 58 100 113 178 86 104 181 53 93 43 192 69 70 55 196 119 198 128 98 21 115 0,104
PFG_MOEA,753,3,274.07,2785.44,0 39 50 71 26 8 10 105 102 158 90 168 75 80 140 38 82 161 133 191 41 89 27 184 172 95 94 32 131 88 145 174 157 118 170 114 188 138 81 64 0,80 94
PFG_MOEA,753,4,274.07,2785.44,0 126 20 136 143 5 61 109 36 11 34 84 176 65 76 139 103 87 22 187 57 183 13 79 96 134 186 141 125 16 117 0,
PFG_MOEA,753,5,274.07,2785.44,0 3 73 127 163 23 147 49 130 92 67 169 68 40 106 29 164 42 110 121 28 15 54 45 190 189 72 152 0,
PFG_MOEA,753,6,274.07,2785.44,0 35 108 129 83 6 52 177 149 12 153 165 154 19 159 63 37 194 122 197 193 91 148 25 101 31 150 62 179 33 155 97 123 47 135 107 156 124 0,91 194
PFG_MOEA,754,1,285.8,2514.54,0 124 156 107 135 62 182 167 47 123 97 155 14 132 18 46 4 33 179 111 56 74 120 142 200 162 17 85 137 9 99 60 173 151 116 199 171 144 30 24 59 0,
PFG_MOEA,754,2,285.8,2514.54,0 51 48 192 69 70 55 160 43 93 53 181 104 86 178 113 100 58 195 166 66 185 78 7 44 1 2 77 175 146 0,78
PFG_MOEA,754,3,285.8,2514.54,0 64 163 131 106 40 68 128 198 119 196 98 21 115 39 0,119
PFG_MOEA,754,4,285.8,2514.54,0 138 88 183 95 172 94 32 41 169 67 191 92 130 90 168 75 80 140 38 82 161 133 158 102 105 49 147 23 145 174 157 118 170 114 188 81 0,80 92 105
PFG_MOEA,754,5,285.8,2514.54,0 117 50 71 26 8 10 89 27 184 57 187 22 87 15 54 45 190 139 19 63 108 125 103 141 186 152 134 96 79 13 28 121 110 42 29 164 127 73 3 0,54 108
PFG_MOEA,754,6,285.8,2514.54,0 136 20 143 5 61 109 36 11 34 112 180 31 150 35 16 129 83 6 52 177 149 12 153 159 154 165 101 25 148 91 193 122 194 37 72 189 197 76 65 176 84 126 0,11 35 194
PFG_MOEA,755,1,279.47,2703.52,0 64 163 131 106 40 68 95 172 94 32 41 67 169 183 88 145 114 188 138 81 26 10 8 50 128 98 198 119 196 55 70 69 192 160 181 53 93 43 21 115 39 0,94 119
PFG_MOEA,755,2,279.47,2703.52,0 117 71 89 27 184 57 187 22 87 15 54 45 190 83 153 12 149 177 52 6 63 159 19 139 103 13 79 96 134 152 28 121 110 42 29 164 127 73 3 0,149
PFG_MOEA,755,3,279.47,2703.52,0 84 176 65 76 197 189 72 37 194 122 193 91 148 25 101 31 150 35 108 16 129 165 154 125 141 186 174 0,91 108
PFG_MOEA,755,4,279.47,2703.52,0 157 130 92 191 133 161 82 38 140 80 75 168 90 158 102 105 49 147 23 170 118 0,92 105 147
PFG_MOEA,755,5,279.47,2703.52,0 124 156 107 135 62 47 123 97 155 111 179 33 14 9 137 85 17 162 200 142 120 74 56 167 182 180 112 34 126 36 11 109 61 5 143 20 136 0,109
PFG_MOEA,755,6,279.47,2703.52,0 51 48 185 66 166 195 58 100 113 178 86 104 78 175 24 59 7 44 1 2 199 116 151 173 60 99 4 46 18 132 171 144 30 77 146 0,78
PFG_MOEA,756,1,325.52,2455.62,0 136 143 61 109 5 182 167 193 176 84 56 111 179 33 14 132 18 46 4 171 144 30 155 97 123 47 135 62 11 36 20 0,
PFG_MOEA,756,2,325.52,2455.62,0 117 124 156 107 77 74 120 142 200 162 9 17 85 137 173 60 99 151 116 199 2 24 59 1 44 7 195 58 100 113 178 86 53 93 181 104 166 66 185 43 78 175 146 48 51 0,78
PFG_MOEA,756,3,325.52,2455.62,0 115 21 160 192 69 70 55 196 119 198 98 128 10 81 188 114 145 88 183 138 39 0,
PFG_MOEA,756,4,325.52,2455.62,0 64 26 174 157 23 147 49 105 102 158 133 161 82 38 140 80 75 168 90 130 92 191 67 169 94 32 41 89 27 184 57 172 95 68 118 170 8 50 71 0,
PFG_MOEA,756,5,325.52,2455.62,0 3 73 127 131 163 106 40 187 22 87 29 164 42 152 186 134 96 79 13 110 121 28 15 54 45 190 189 72 37 194 122 197 65 76 63 159 19 139 103 177 52 6 149 12 153 165 154 125 141 126 0,6 190
PFG_MOEA,756,6,325.52,2455.62,0 34 112 180 31 101 25 148 91 83 129 150 35 108 16 0,34
PFG_MOEA,757,1,395.13,2342.24,0 136 143 20 0,
PFG_MOEA,757,2,395.13,2342.24,0 124 156 107 61 109 135 62 47 123 97 111 155 179 9 137 85 17 162 200 142 120 74 56 167 182 180 112 34 11 36 5 126 0,
PFG_MOEA,757,3,395.13,2342.24,0 51 48 21 98 128 198 119 196 55 70 69 192 160 43 185 66 166 104 181 93 53 86 178 113 100 58 195 7 44 1 59 24 2 199 116 151 173 60 99 4 46 18 132 14 33 171 144 30 77 84 176 35 108 16 117 0,53 181
PFG_MOEA,757,4,395.13,2342.24,0 175 78 146 115 39 64 81 71 50 8 10 26 188 138 114 170 118 157 174 145 23 147 49 105 102 158 133 161 82 38 140 80 75 168 90 130 92 191 67 169 68 95 172 94 32 41 89 27 184 57 187 22 87 106 40 183 88 163 131 164 42 29 127 73 3 0,40 78 87 105
PFG_MOEA,757,5,395.13,2342.24,0 152 186 0,
PFG_MOEA,757,6,395.13,2342.24,0 134 96 79 13 110 121 28 15 54 45 190 189 72 37 194 122 159 19 139 103 141 125 154 165 153 12 149 177 52 6 63 197 76 65 193 91 148 25 101 83 129 31 150 0,141
PFG_MOEA,758,1,338.66,2384.29,0 51 48 146 78 185 66 7 44 1 59 24 175 77 2 30 144 171 199 116 151 99 60 173 137 85 17 9 162 200 142 120 74 56 111 179 33 4 46 18 132 14 155 97 123 47 62 135 107 156 124 0,
PFG_MOEA,758,2,338.66,2384.29,0 115 43 93 53 86 178 113 100 58 195 166 104 181 160 192 69 70 55 196 119 198 128 98 21 39 0,115 119
PFG_MOEA,758,3,338.66,2384.29,0 64 138 188 114 26 81 10 170 118 157 174 145 88 183 23 147 49 105 102 158 133 161 82 38 140 80 75 168 90 130 92 191 67 169 41 32 94 172 95 68 40 106 163 131 0,147
PFG_MOEA,758,4,338.66,2384.29,0 71 50 8 89 27 184 57 187 22 87 15 54 45 190 103 139 19 159 63 6 52 177 149 12 153 83 152 28 121 110 0,
PFG_MOEA,758,5,338.66,2384.29,0 117 186 134 96 79 13 42 29 164 127 73 3 0,
PFG_MOEA,758,6,338.66,2384.29,0 141 125 154 165 129 180 112 16 108 35 150 31 101 25 148 91 193 122 194 37 72 189 197 76 65 176 84 167 182 34 11 36 109 61 5 143 136 20 126 0,91 108 141
PFG_MOEA,759,1,306.31,2495.58,0 136 20 143 5 61 109 11 36 126 34 112 180 182 167 56 9 137 85 17 162 200 142 120 74 62 135 107 156 124 0,11 126
PFG_MOEA,759,2,306.31,2495.58,0 47 123 97 155 111 179 33 14 132 18 46 4 99 60 173 151 116 199 171 144 30 24 59 1 44 7 2 77 0,99
PFG_MOEA,759,3,306.31,2495.58,0 51 48 146 175 78 185 66 166 195 58 100 113 178 86 104 181 53 93 43 160 192 69 70 55 196 119 198 128 98 21 115 39 64 0,93 181
PFG_MOEA,759,4,306.31,2495.58,0 131 163 106 40 68 95 172 94 32 41 169 67 191 92 130 90 168 75 80 140 38 82 161 133 158 102 105 49 147 23 183 88 145 174 157 118 170 114 188 138 81 26 10 8 50 71 0,80 105
PFG_MOEA,759,5,306.31,2495.58,0 152 83 153 12 149 177 52 6 63 159 19 139 103 190 45 54 15 87 22 187 57 184 27 89 28 121 110 42 29 164 127 73 3 0,149 190
PFG_MOEA,759,6,306.31,2495.58,0 117 13 79 96 134 186 141 125 154 165 129 16 108 35 150 31 101 25 148 91 193 122 194 37 72 189 197 76 65 176 84 0,91 141
PFG_MOEA,760,1,528.52,2327.53,0 124 156 107 126 36 109 11 167 182 34 112 180 176 197 76 65 84 74 120 142 200 162 56 9 17 85 137 173 60 99 151 116 199 30 144 171 4 46 18 132 14 33 179 111 155 97 123 47 62 135 77 2 24 59 1 44 7 195 58 100 113 178 86 104 166 66 181 53 93 160 43 185 78 175 146 192 69 70 55 196 119 198 128 98 21 115 48 51 0,126 182
PFG_MOEA,760,2,528.52,2327.53,0 39 0,39
PFG_MOEA,760,3,528.52,2327.53,0 64 0,
PFG_MOEA,760,4,528.52,2327.53,0 81 71 50 0,
PFG_MOEA,760,5,528.52,2327.53,0 131 163 106 40 130 92 133 161 82 38 140 80 75 168 90 158 102 105 49 147 23 183 88 145 174 157 118 170 10 8 26 114 188 138 0,92 168
PFG_MOEA,760,6,528.52,2327.53,0 136 20 143 61 5 16 108 35 150 31 101 25 148 91 193 122 194 37 72 189 190 45 87 22 187 57 184 27 89 41 169 67 191 32 94 68 95 172 15 54 103 139 19 159 63 6 52 177 149 12 153 83 129 165 154 125 141 186 152 134 96 79 13 28 121 110 42 29 164 127 73 3 117 0,91 141 187
PFG_MOEA,761,1,264.18,3010.24,0 117 16 108 35 150 37 72 87 22 187 57 172 95 184 27 89 41 32 94 191 133 161 82 38 140 80 75 168 105 102 158 90 67 169 68 152 0,94 168
PFG_MOEA,761,2,264.18,3010.24,0 3 31 101 25 148 91 6 52 177 149 190 45 122 76 65 193 176 84 151 116 199 171 4 46 18 132 144 30 109 107 156 124 0,122 149
PFG_MOEA,761,3,264.18,3010.24,0 126 36 11 167 182 34 112 180 194 189 197 74 120 142 200 162 17 85 137 173 60 99 9 56 111 179 33 14 155 97 123 47 62 135 77 0,
PFG_MOEA,761,4,264.18,3010.24,0 24 59 2 1 44 7 195 58 100 113 178 86 104 166 66 93 181 53 192 160 43 185 78 175 131 163 183 23 147 49 130 92 40 106 0,
PFG_MOEA,761,5,264.18,3010.24,0 136 20 143 61 69 70 55 196 119 198 98 128 10 8 145 88 174 157 118 170 114 188 138 26 81 71 50 39 0,136
PFG_MOEA,761,6,264.18,3010.24,0 51 48 146 21 115 64 127 73 164 29 42 110 121 28 15 54 13 79 96 134 186 141 103 139 19 159 63 154 125 165 153 12 83 129 5 0,21 96
PFG_MOEA,762,1,274.07,2785.44,0 112 180 182 74 120 142 200 162 56 9 17 85 137 173 60 99 151 116 199 171 4 46 18 132 14 111 144 30 77 175 24 59 2 1 44 7 160 146 48 51 0,4 162 182
PFG_MOEA,762,2,274.07,2785.44,0 167 78 185 66 166 195 58 100 113 178 86 104 181 53 93 43 192 69 70 55 196 119 198 128 98 21 115 0,104
PFG_MOEA,762,3,274.07,2785.44,0 39 50 71 26 8 10 105 102 158 90 168 75 80 140 38 82 161 133 191 41 89 27 184 172 95 94 32 131 88 145 174 157 118 170 114 188 138 81 64 0,80 94
PFG_MOEA,762,4,274.07,2785.44,0 126 20 136 143 5 61 109 36 11 34 84 176 65 76 139 103 87 22 187 57 183 13 79 96 134 186 141 125 16 117 0,
PFG_MOEA,762,5,274.07,2785.44,0 3 73 127 163 23 147 49 130 92 67 169 68 40 106 29 164 42 110 121 28 15 54 45 190 189 72 152 0,
PFG_MOEA,762,6,274.07,2785.44,0 35 108 129 83 6 52 177 149 12 153 165 154 19 159 63 37 194 122 197 193 91 148 25 101 31 150 62 179 33 155 97 123 47 135 107 156 124 0,91 194
PFG_MOEA,763,1,285.8,2514.54,0 124 156 107 135 62 182 167 47 123 97 155 14 132 18 46 4 33 179 111 56 74 120 142 200 162 17 85 137 9 99 60 173 151 116 199 171 144 30 24 59 0,
PFG_MOEA,763,2,285.8,2514.54,0 51 48 192 69 70 55 160 43 93 53 181 104 86 178 113 100 58 195 166 66 185 78 7 44 1 2 77 175 146 0,78
PFG_MOEA,763,3,285.8,2514.54,0 64 163 131 106 40 68 128 198 119 196 98 21 115 39 0,119
PFG_MOEA,763,4,285.8,2514.54,0 138 88 183 95 172 94 32 41 169 67 191 92 130 90 168 75 80 140 38 82 161 133 158 102 105 49 147 23 145 174 157 118 170 114 188 81 0,80 92 105
PFG_MOEA,763,5,285.8,2514.54,0 117 50 71 26 8 10 89 27 184 57 187 22 87 15 54 45 190 139 19 63 108 125 103 141 186 152 134 96 79 13 28 121 110 42 29 164 127 73 3 0,54 108
PFG_MOEA,763,6,285.8,2514.54,0 136 20 143 5 61 109 36 11 34 112 180 31 150 35 16 129 83 6 52 177 149 12 153 159 154 165 101 25 148 91 193 122 194 37 72 189 197 76 65 176 84 126 0,11 35 194
PFG_MOEA,764,1,279.47,2703.52,0 64 163 131 106 40 68 95 172 94 32 41 67 169 183 88 145 114 188 138 81 26 10 8 50 128 98 198 119 196 55 70 69 192 160 181 53 93 43 21 115 39 0,94 119
PFG_MOEA,764,2,279.47,2703.52,0 117 71 89 27 184 57 187 22 87 15 54 45 190 83 153 12 149 177 52 6 63 159 19 139 103 13 79 96 134 152 28 121 110 42 29 164 127 73 3 0,149
PFG_MOEA,764,3,279.47,2703.52,0 84 176 65 76 197 189 72 37 194 122 193 91 148 25 101 31 150 35 108 16 129 165 154 125 141 186 174 0,91 108
PFG_MOEA,764,4,279.47,2703.52,0 157 130 92 191 133 161 82 38 140 80 75 168 90 158 102 105 49 147 23 170 118 0,92 105 147
PFG_MOEA,764,5,279.47,2703.52,0 124 156 107 135 62 47 123 97 155 111 179 33 14 9 137 85 17 162 200 142 120 74 56 167 182 180 112 34 126 36 11 109 61 5 143 20 136 0,109
PFG_MOEA,764,6,279.47,2703.52,0 51 48 185 66 166 195 58 100 113 178 86 104 78 175 24 59 7 44 1 2 199 116 151 173 60 99 4 46 18 132 171 144 30 77 146 0,78
PFG_MOEA,765,1,325.52,2455.62,0 136 143 61 109 5 182 167 193 176 84 56 111 179 33 14 132 18 46 4 171 144 30 155 97 123 47 135 62 11 36 20 0,
PFG_MOEA,765,2,325.52,2455.62,0 117 124 156 107 77 74 120 142 200 162 9 17 85 137 173 60 99 151 116 199 2 24 59 1 44 7 195 58 100 113 178 86 53 93 181 104 166 66 185 43 78 175 146 48 51 0,78
PFG_MOEA,765,3,325.52,2455.62,0 115 21 160 192 69 70 55 196 119 198 98 128 10 81 188 114 145 88 183 138 39 0,
PFG_MOEA,765,4,325.52,2455.62,0 64 26 174 157 23 147 49 105 102 158 133 161 82 38 140 80 75 168 90 130 92 191 67 169 94 32 41 89 27 184 57 172 95 68 118 170 8 50 71 0,
PFG_MOEA,765,5,325.52,2455.62,0 3 73 127 131 163 106 40 187 22 87 29 164 42 152 186 134 96 79 13 110 121 28 15 54 45 190 189 72 37 194 122 197 65 76 63 159 19 139 103 177 52 6 149 12 153 165 154 125 141 126 0,6 190
PFG_MOEA,765,6,325.52,2455.62,0 34 112 180 31 101 25 148 91 83 129 150 35 108 16 0,34
PFG_MOEA,766,1,395.13,2342.24,0 136 143 20 0,
PFG_MOEA,766,2,395.13,2342.24,0 124 156 107 61 109 135 62 47 123 97 111 155 179 9 137 85 17 162 200 142 120 74 56 167 182 180 112 34 11 36 5 126 0,
PFG_MOEA,766,3,395.13,2342.24,0 51 48 21 98 128 198 119 196 55 70 69 192 160 43 185 66 166 104 181 93 53 86 178 113 100 58 195 7 44 1 59 24 2 199 116 151 173 60 99 4 46 18 132 14 33 171 144 30 77 84 176 35 108 16 117 0,53 181
PFG_MOEA,766,4,395.13,2342.24,0 175 78 146 115 39 64 81 71 50 8 10 26 188 138 114 170 118 157 174 145 23 147 49 105 102 158 133 161 82 38 140 80 75 168 90 130 92 191 67 169 68 95 172 94 32 41 89 27 184 57 187 22 87 106 40 183 88 163 131 164 42 29 127 73 3 0,40 78 87 105
PFG_MOEA,766,5,395.13,2342.24,0 152 186 0,
PFG_MOEA,766,6,395.13,2342.24,0 134 96 79 13 110 121 28 15 54 45 190 189 72 37 194 122 159 19 139 103 141 125 154 165 153 12 149 177 52 6 63 197 76 65 193 91 148 25 101 83 129 31 150 0,141
PFG_MOEA,767,1,338.66,2384.29,0 51 48 146 78 185 66 7 44 1 59 24 175 77 2 30 144 171 199 116 151 99 60 173 137 85 17 9 162 200 142 120 74 56 111 179 33 4 46 18 132 14 155 97 123 47 62 135 107 156 124 0,
PFG_MOEA,767,2,338.66,2384.29,0 115 43 93 53 86 178 113 100 58 195 166 104 181 160 192 69 70 55 196 119 198 128 98 21 39 0,115 119
PFG_MOEA,767,3,338.66,2384.29,0 64 138 188 114 26 81 10 170 118 157 174 145 88 183 23 147 49 105 102 158 133 161 82 38 140 80 75 168 90 130 92 191 67 169 41 32 94 172 95 68 40 106 163 131 0,147
PFG_MOEA,767,4,338.66,2384.29,0 71 50 8 89 27 184 57 187 22 87 15 54 45 190 103 139 19 159 63 6 52 177 149 12 153 83 152 28 121 110 0,
PFG_MOEA,767,5,338.66,2384.29,0 117 186 134 96 79 13 42 29 164 127 73 3 0,
PFG_MOEA,767,6,338.66,2384.29,0 141 125 154 165 129 180 112 16 108 35 150 31 101 25 148 91 193 122 194 37 72 189 197 76 65 176 84 167 182 34 11 36 109 61 5 143 136 20 126 0,91 108 141
PFG_MOEA,768,1,306.31,2495.58,0 136 20 143 5 61 109 11 36 126 34 112 180 182 167 56 9 137 85 17 162 200 142 120 74 62 135 107 156 124 0,11 126
PFG_MOEA,768,2,306.31,2495.58,0 47 123 97 155 111 179 33 14 132 18 46 4 99 60 173 151 116 199 171 144 30 24 59 1 44 7 2 77 0,99
PFG_MOEA,768,3,306.31,2495.58,0 51 48 146 175 78 185 66 166 195 58 100 113 178 86 104 181 53 93 43 160 192 69 70 55 196 119 198 128 98 21 115 39 64 0,93 181
PFG_MOEA,768,4,306.31,2495.58,0 131 163 106 40 68 95 172 94 32 41 169 67 191 92 130 90 168 75 80 140 38 82 161 133 158 102 105 49 147 23 183 88 145 174 157 118 170 114 188 138 81 26 10 8 50 71 0,80 105
PFG_MOEA,768,5,306.31,2495.58,0 152 83 153 12 149 177 52 6 63 159 19 139 103 190 45 54 15 87 22 187 57 184 27 89 28 121 110 42 29 164 127 73 3 0,149 190
PFG_MOEA,768,6,306.31,2495.58,0 117 13 79 96 134 186 141 125 154 165 129 16 108 35 150 31 101 25 148 91 193 122 194 37 72 189 197 76 65 176 84 0,91 141
PFG_MOEA,769,1,528.52,2327.53,0 124 156 107 126 36 109 11 167 182 34 112 180 176 197 76 65 84 74 120 142 200 162 56 9 17 85 137 173 60 99 151 116 199 30 144 171 4 46 18 132 14 33 179 111 155 97 123 47 62 135 77 2 24 59 1 44 7 195 58 100 113 178 86 104 166 66 181 53 93 160 43 185 78 175 146 192 69 70 55 196 119 198 128 98 21 115 48 51 0,126 182
PFG_MOEA,769,2,528.52,2327.53,0 39 0,39
PFG_MOEA,769,3,528.52,2327.53,0 64 0,
PFG_MOEA,769,4,528.52,2327.53,0 81 71 50 0,
PFG_MOEA,769,5,528.52,2327.53,0 131 163 106 40 130 92 133 161 82 38 140 80 75 168 90 158 102 105 49 147 23 183 88 145 174 157 118 170 10 8 26 114 188 138 0,92 168
PFG_MOEA,769,6,528.52,2327.53,0 136 20 143 61 5 16 108 35 150 31 101 25 148 91 193 122 194 37 72 189 190 45 87 22 187 57 184 27 89 41 169 67 191 32 94 68 95 172 15 54 103 139 19 159 63 6 52 177 149 12 153 83 129 165 154 125 141 186 152 134 96 79 13 28 121 110 42 29 164 127 73 3 117 0,91 141 187
PFG_MOEA,770,1,264.18,3010.24,0 117 16 108 35 150 37 72 87 22 187 57 172 95 184 27 89 41 32 94 191 133 161 82 38 140 80 75 168 105 102 158 90 67 169 68 152 0,94 168
PFG_MOEA,770,2,264.18,3010.24,0 3 31 101 25 148 91 6 52 177 149 190 45 122 76 65 193 176 84 151 116 199 171 4 46 18 132 144 30 109 107 156 124 0,122 149
PFG_MOEA,770,3,264.18,3010.24,0 126 36 11 167 182 34 112 180 194 189 197 74 120 142 200 162 17 85 137 173 60 99 9 56 111 179 33 14 155 97 123 47 62 135 77 0,
PFG_MOEA,770,4,264.18,3010.24,0 24 59 2 1 44 7 195 58 100 113 178 86 104 166 66 93 181 53 192 160 43 185 78 175 131 163 183 23 147 49 130 92 40 106 0,
PFG_MOEA,770,5,264.18,3010.24,0 136 20 143 61 69 70 55 196 119 198 98 128 10 8 145 88 174 157 118 170 114 188 138 26 81 71 50 39 0,136
PFG_MOEA,770,6,264.18,3010.24,0 51 48 146 21 115 64 127 73 164 29 42 110 121 28 15 54 13 79 96 134 186 141 103 139 19 159 63 154 125 165 153 12 83 129 5 0,21 96
PFG_MOEA,771,1,274.07,2785.44,0 112 180 182 74 120 142 200 162 56 9 17 85 137 173 60 99 151 116 199 171 4 46 18 132 14 111 144 30 77 175 24 59 2 1 44 7 160 146 48 51 0,4 162 182
PFG_MOEA,771,2,274.07,2785.44,0 167 78 185 66 166 195 58 100 113 178 86 104 181 53 93 43 192 69 70 55 196 119 198 128 98 21 115 0,104
PFG_MOEA,771,3,274.07,2785.44,0 39 50 71 26 8 10 105 102 158 90 168 75 80 140 38 82 161 133 191 41 89 27 184 172 95 94 32 131 88 145 174 157 118 170 114 188 138 81 64 0,80 94
PFG_MOEA,771,4,274.07,2785.44,0 126 20 136 143 5 61 109 36 11 34 84 176 65 76 139 103 87 22 187 57 183 13 79 96 134 186 141 125 16 117 0,
PFG_MOEA,771,5,274.07,2785.44,0 3 73 127 163 23 147 49 130 92 67 169 68 40 106 29 164 42 110 121 28 15 54 45 190 189 72 152 0,
PFG_MOEA,771,6,274.07,2785.44,0 35 108 129 83 6 52 177 149 12 153 165 154 19 159 63 37 194 122 197 193 91 148 25 101 31 150 62 179 33 155 97 123 47 135 107 156 124 0,91 194
PFG_MOEA,772,1,285.8,2514.54,0 124 156 107 135 62 182 167 47 123 97 155 14 132 18 46 4 33 179 111 56 74 120 142 200 162 17 85 137 9 99 60 173 151 116 199 171 144 30 24 59 0,
PFG_MOEA,772,2,285.8,2514.54,0 51 48 192 69 70 55 160 43 93 53 181 104 86 178 113 100 58 195 166 66 185 78 7 44 1 2 77 175 146 0,78
PFG_MOEA,772,3,285.8,2514.54,0 64 163 131 106 40 68 128 198 119 196 98 21 115 39 0,119
PFG_MOEA,772,4,285.8,2514.54,0 138 88 183 95 172 94 32 41 169 67 191 92 130 90 168 75 80 140 38 82 161 133 158 102 105 49 147 23 145 174 157 118 170 114 188 81 0,80 92 105
PFG_MOEA,772,5,285.8,2514.54,0 117 50 71 26 8 10 89 27 184 57 187 22 87 15 54 45 190 139 19 63 108 125 103 141 186 152 134 96 79 13 28 121 110 42 29 164 127 73 3 0,54 108
PFG_MOEA,772,6,285.8,2514.54,0 136 20 143 5 61 109 36 11 34 112 180 31 150 35 16 129 83 6 52 177 149 12 153 159 154 165 101 25 148 91 193 122 194 37 72 189 197 76 65 176 84 126 0,11 35 194
PFG_MOEA,773,1,279.47,2703.52,0 64 163 131 106 40 68 95 172 94 32 41 67 169 183 88 145 114 188 138 81 26 10 8 50 128 98 198 119 196 55 70 69 192 160 181 53 93 43 21 115 39 0,94 119
PFG_MOEA,773,2,279.47,2703.52,0 117 71 89 27 184 57 187 22 87 15 54 45 190 83 153 12 149 177 52 6 63 159 19 139 103 13 79 96 134 152 28 121 110 42 29 164 127 73 3 0,149
PFG_MOEA,773,3,279.47,2703.52,0 84 176 65 76 197 189 72 37 194 122 193 91 148 25 101 31 150 35 108 16 129 165 154 125 141 186 174 0,91 108
PFG_MOEA,773,4,279.47,2703.52,0 157 130 92 191 133 161 82 38 140 80 75 168 90 158 102 105 49 147 23 170 118 0,92 105 147
PFG_MOEA,773,5,279.47,2703.52,0 124 156 107 135 62 47 123 97 155 111 179 33 14 9 137 85 17 162 200 142 120 74 56 167 182 180 112 34 126 36 11 109 61 5 143 20 136 0,109
PFG_MOEA,773,6,279.47,2703.52,0 51 48 185 66 166 195 58 100 113 178 86 104 78 175 24 59 7 44 1 2 199 116 151 173 60 99 4 46 18 132 171 144 30 77 146 0,78
PFG_MOEA,774,1,325.52,2455.62,0 136 143 61 109 5 182 167 193 176 84 56 111 179 33 14 132 18 46 4 171 144 30 155 97 123 47 135 62 11 36 20 0,
PFG_MOEA,774,2,325.52,2455.62,0 117 124 156 107 77 74 120 142 200 162 9 17 85 137 173 60 99 151 116 199 2 24 59 1 44 7 195 58 100 113 178 86 53 93 181 104 166 66 185 43 78 175 146 48 51 0,78
PFG_MOEA,774,3,325.52,2455.62,0 115 21 160 192 69 70 55 196 119 198 98 128 10 81 188 114 145 88 183 138 39 0,
PFG_MOEA,774,4,325.52,2455.62,0 64 26 174 157 23 147 49 105 102 158 133 161 82 38 140 80 75 168 90 130 92 191 67 169 94 32 41 89 27 184 57 172 95 68 118 170 8 50 71 0,
PFG_MOEA,774,5,325.52,2455.62,0 3 73 127 131 163 106 40 187 22 87 29 164 42 152 186 134 96 79 13 110 121 28 15 54 45 190 189 72 37 194 122 197 65 76 63 159 19 139 103 177 52 6 149 12 153 165 154 125 141 126 0,6 190
PFG_MOEA,774,6,325.52,2455.62,0 34 112 180 31 101 25 148 91 83 129 150 35 108 16 0,34
PFG_MOEA,775,1,395.13,2342.24,0 136 143 20 0,
PFG_MOEA,775,2,395.13,2342.24,0 124 156 107 61 109 135 62 47 123 97 111 155 179 9 137 85 17 162 200 142 120 74 56 167 182 180 112 34 11 36 5 126 0,
PFG_MOEA,775,3,395.13,2342.24,0 51 48 21 98 128 198 119 196 55 70 69 192 160 43 185 66 166 104 181 93 53 86 178 113 100 58 195 7 44 1 59 24 2 199 116 151 173 60 99 4 46 18 132 14 33 171 144 30 77 84 176 35 108 16 117 0,53 181
PFG_MOEA,775,4,395.13,2342.24,0 175 78 146 115 39 64 81 71 50 8 10 26 188 138 114 170 118 157 174 145 23 147 49 105 102 158 133 161 82 38 140 80 75 168 90 130 92 191 67 169 68 95 172 94 32 41 89 27 184 57 187 22 87 106 40 183 88 163 131 164 42 29 127 73 3 0,40 78 87 105
PFG_MOEA,775,5,395.13,2342.24,0 152 186 0,
PFG_MOEA,775,6,395.13,2342.24,0 134 96 79 13 110 121 28 15 54 45 190 189 72 37 194 122 159 19 139 103 141 125 154 165 153 12 149 177 52 6 63 197 76 65 193 91 148 25 101 83 129 31 150 0,141
PFG_MOEA,776,1,338.66,2384.29,0 51 48 146 78 185 66 7 44 1 59 24 175 77 2 30 144 171 199 116 151 99 60 173 137 85 17 9 162 200 142 120 74 56 111 179 33 4 46 18 132 14 155 97 123 47 62 135 107 156 124 0,
PFG_MOEA,776,2,338.66,2384.29,0 115 43 93 53 86 178 113 100 58 195 166 104 181 160 192 69 70 55 196 119 198 128 98 21 39 0,115 119
PFG_MOEA,776,3,338.66,2384.29,0 64 138 188 114 26 81 10 170 118 157 174 145 88 183 23 147 49 105 102 158 133 161 82 38 140 80 75 168 90 130 92 191 67 169 41 32 94 172 95 68 40 106 163 131 0,147
PFG_MOEA,776,4,338.66,2384.29,0 71 50 8 89 27 184 57 187 22 87 15 54 45 190 103 139 19 159 63 6 52 177 149 12 153 83 152 28 121 110 0,
PFG_MOEA,776,5,338.66,2384.29,0 117 186 134 96 79 13 42 29 164 127 73 3 0,
PFG_MOEA,776,6,338.66,2384.29,0 141 125 154 165 129 180 112 16 108 35 150 31 101 25 148 91 193 122 194 37 72 189 197 76 65 176 84 167 182 34 11 36 109 61 5 143 136 20 126 0,91 108 141
PFG_MOEA,777,1,306.31,2495.58,0 136 20 143 5 61 109 11 36 126 34 112 180 182 167 56 9 137 85 17 162 200 142 120 74 62 135 107 156 124 0,11 126
PFG_MOEA,777,2,306.31,2495.58,0 47 123 97 155 111 179 33 14 132 18 46 4 99 60 173 151 116 199 171 144 30 24 59 1 44 7 2 77 0,99
PFG_MOEA,777,3,306.31,2495.58,0 51 48 146 175 78 185 66 166 195 58 100 113 178 86 104 181 53 93 43 160 192 69 70 55 196 119 198 128 98 21 115 39 64 0,93 181
PFG_MOEA,777,4,306.31,2495.58,0 131 163 106 40 68 95 172 94 32 41 169 67 191 92 130 90 168 75 80 140 38 82 161 133 158 102 105 49 147 23 183 88 145 174 157 118 170 114 188 138 81 26 10 8 50 71 0,80 105
PFG_MOEA,777,5,306.31,2495.58,0 152 83 153 12 149 177 52 6 63 159 19 139 103 190 45 54 15 87 22 187 57 184 27 89 28 121 110 42 29 164 127 73 3 0,149 190
PFG_MOEA,777,6,306.31,2495.58,0 117 13 79 96 134 186 141 125 154 165 129 16 108 35 150 31 101 25 148 91 193 122 194 37 72 189 197 76 65 176 84 0,91 141
PFG_MOEA,778,1,528.52,2327.53,0 124 156 107 126 36 109 11 167 182 34 112 180 176 197 76 65 84 74 120 142 200 162 56 9 17 85 137 173 60 99 151 116 199 30 144 171 4 46 18 132 14 33 179 111 155 97 123 47 62 135 77 2 24 59 1 44 7 195 58 100 113 178 86 104 166 66 181 53 93 160 43 185 78 175 146 192 69 70 55 196 119 198 128 98 21 115 48 51 0,126 182
PFG_MOEA,778,2,528.52,2327.53,0 39 0,39
PFG_MOEA,778,3,528.52,2327.53,0 64 0,
PFG_MOEA,778,4,528.52,2327.53,0 81 71 50 0,
PFG_MOEA,778,5,528.52,2327.53,0 131 163 106 40 130 92 133 161 82 38 140 80 75 168 90 158 102 105 49 147 23 183 88 145 174 157 118 170 10 8 26 114 188 138 0,92 168
PFG_MOEA,778,6,528.52,2327.53,0 136 20 143 61 5 16 108 35 150 31 101 25 148 91 193 122 194 37 72 189 190 45 87 22 187 57 184 27 89 41 169 67 191 32 94 68 95 172 15 54 103 139 19 159 63 6 52 177 149 12 153 83 129 165 154 125 141 186 152 134 96 79 13 28 121 110 42 29 164 127 73 3 117 0,91 141 187
PFG_MOEA,779,1,264.18,3010.24,0 117 16 108 35 150 37 72 87 22 187 57 172 95 184 27 89 41 32 94 191 133 161 82 38 140 80 75 168 105 102 158 90 67 169 68 152 0,94 168
PFG_MOEA,779,2,264.18,3010.24,0 3 31 101 25 148 91 6 52 177 149 190 45 122 76 65 193 176 84 151 116 199 171 4 46 18 132 144 30 109 107 156 124 0,122 149
PFG_MOEA,779,3,264.18,3010.24,0 126 36 11 167 182 34 112 180 194 189 197 74 120 142 200 162 17 85 137 173 60 99 9 56 111 179 33 14 155 97 123 47 62 135 77 0,
PFG_MOEA,779,4,264.18,3010.24,0 24 59 2 1 44 7 195 58 100 113 178 86 104 166 66 93 181 53 192 160 43 185 78 175 131 163 183 23 147 49 130 92 40 106 0,
PFG_MOEA,779,5,264.18,3010.24,0 136 20 143 61 69 70 55 196 119 198 98 128 10 8 145 88 174 157 118 170 114 188 138 26 81 71 50 39 0,136
PFG_MOEA,779,6,264.18,3010.24,0 51 48 146 21 115 64 127 73 164 29 42 110 121 28 15 54 13 79 96 134 186 141 103 139 19 159 63 154 125 165 153 12 83 129 5 0,21 96
PFG_MOEA,780,1,274.07,2785.44,0 112 180 182 74 120 142 200 162 56 9 17 85 137 173 60 99 151 116 199 171 4 46 18 132 14 111 144 30 77 175 24 59 2 1 44 7 160 146 48 51 0,4 162 182
PFG_MOEA,780,2,274.07,2785.44,0 167 78 185 66 166 195 58 100 113 178 86 104 181 53 93 43 192 69 70 55 196 119 198 128 98 21 115 0,104
PFG_MOEA,780,3,274.07,2785.44,0 39 50 71 26 8 10 105 102 158 90 168 75 80 140 38 82 161 133 191 41 89 27 184 172 95 94 32 131 88 145 174 157 118 170 114 188 138 81 64 0,80 94
PFG_MOEA,780,4,274.07,2785.44,0 126 20 136 143 5 61 109 36 11 34 84 176 65 76 139 103 87 22 187 57 183 13 79 96 134 186 141 125 16 117 0,
PFG_MOEA,780,5,274.07,2785.44,0 3 73 127 163 23 147 49 130 92 67 169 68 40 106 29 164 42 110 121 28 15 54 45 190 189 72 152 0,
PFG_MOEA,780,6,274.07,2785.44,0 35 108 129 83 6 52 177 149 12 153 165 154 19 159 63 37 194 122 197 193 91 148 25 101 31 150 62 179 33 155 97 123 47 135 107 156 124 0,91 194
PFG_MOEA,781,1,285.8,2514.54,0 124 156 107 135 62 182 167 47 123 97 155 14 132 18 46 4 33 179 111 56 74 120 142 200 162 17 85 137 9 99 60 173 151 116 199 171 144 30 24 59 0,
PFG_MOEA,781,2,285.8,2514.54,0 51 48 192 69 70 55 160 43 93 53 181 104 86 178 113 100 58 195 166 66 185 78 7 44 1 2 77 175 146 0,78
PFG_MOEA,781,3,285.8,2514.54,0 64 163 131 106 40 68 128 198 119 196 98 21 115 39 0,119
PFG_MOEA,781,4,285.8,2514.54,0 138 88 183 95 172 94 32 41 169 67 191 92 130 90 168 75 80 140 38 82 161 133 158 102 105 49 147 23 145 174 157 118 170 114 188 81 0,80 92 105
PFG_MOEA,781,5,285.8,2514.54,0 117 50 71 26 8 10 89 27 184 57 187 22 87 15 54 45 190 139 19 63 108 125 103 141 186 152 134 96 79 13 28 121 110 42 29 164 127 73 3 0,54 108
PFG_MOEA,781,6,285.8,2514.54,0 136 20 143 5 61 109 36 11 34 112 180 31 150 35 16 129 83 6 52 177 149 12 153 159 154 165 101 25 148 91 193 122 194 37 72 189 197 76 65 176 84 126 0,11 35 194
PFG_MOEA,782,1,279.47,2703.52,0 64 163 131 106 40 68 95 172 94 32 41 67 169 183 88 145 114 188 138 81 26 10 8 50 128 98 198 119 196 55 70 69 192 160 181 53 93 43 21 115 39 0,94 119
PFG_MOEA,782,2,279.47,2703.52,0 117 71 89 27 184 57 187 22 87 15 54 45 190 83 153 12 149 177 52 6 63 159 19 139 103 13 79 96 134 152 28 121 110 42 29 164 127 73 3 0,149
PFG_MOEA,782,3,279.47,2703.52,0 84 176 65 76 197 189 72 37 194 122 193 91 148 25 101 31 150 35 108 16 129 165 154 125 141 186 174 0,91 108
PFG_MOEA,782,4,279.47,2703.52,0 157 130 92 191 133 161 82 38 140 80 75 168 90 158 102 105 49 147 23 170 118 0,92 105 147
PFG_MOEA,782,5,279.47,2703.52,0 124 156 107 135 62 47 123 97 155 111 179 33 14 9 137 85 17 162 200 142 120 74 56 167 182 180 112 34 126 36 11 109 61 5 143 20 136 0,109
PFG_MOEA,782,6,279.47,2703.52,0 51 48 185 66 166 195 58 100 113 178 86 104 78 175 24 59 7 44 1 2 199 116 151 173 60 99 4 46 18 132 171 144 30 77 146 0,78
PFG_MOEA,783,1,325.52,2455.62,0 136 143 61 109 5 182 167 193 176 84 56 111 179 33 14 132 18 46 4 171 144 30 155 97 123 47 135 62 11 36 20 0,
PFG_MOEA,783,2,325.52,2455.62,0 117 124 156 107 77 74 120 142 200 162 9 17 85 137 173 60 99 151 116 199 2 24 59 1 44 7 195 58 100 113 178 86 53 93 181 104 166 66 185 43 78 175 146 48 51 0,78
PFG_MOEA,783,3,325.52,2455.62,0 115 21 160 192 69 70 55 196 119 198 98 128 10 81 188 114 145 88 183 138 39 0,
PFG_MOEA,783,4,325.52,2455.62,0 64 26 174 157 23 147 49 105 102 158 133 161 82 38 140 80 75 168 90 130 92 191 67 169 94 32 41 89 27 184 57 172 95 68 118 170 8 50 71 0,
PFG_MOEA,783,5,325.52,2455.62,0 3 73 127 131 163 106 40 187 22 87 29 164 42 152 186 134 96 79 13 110 121 28 15 54 45 190 189 72 37 194 122 197 65 76 63 159 19 139 103 177 52 6 149 12 153 165 154 125 141 126 0,6 190
PFG_MOEA,783,6,325.52,2455.62,0 34 112 180 31 101 25 148 91 83 129 150 35 108 16 0,34
PFG_MOEA,784,1,395.13,2342.24,0 136 143 20 0,
PFG_MOEA,784,2,395.13,2342.24,0 124 156 107 61 109 135 62 47 123 97 111 155 179 9 137 85 17 162 200 142 120 74 56 167 182 180 112 34 11 36 5 126 0,
PFG_MOEA,784,3,395.13,2342.24,0 51 48 21 98 128 198 119 196 55 70 69 192 160 43 185 66 166 104 181 93 53 86 178 113 100 58 195 7 44 1 59 24 2 199 116 151 173 60 99 4 46 18 132 14 33 171 144 30 77 84 176 35 108 16 117 0,53 181
PFG_MOEA,784,4,395.13,2342.24,0 175 78 146 115 39 64 81 71 50 8 10 26 188 138 114 170 118 157 174 145 23 147 49 105 102 158 133 161 82 38 140 80 75 168 90 130 92 191 67 169 68 95 172 94 32 41 89 27 184 57 187 22 87 106 40 183 88 163 131 164 42 29 127 73 3 0,40 78 87 105
PFG_MOEA,784,5,395.13,2342.24,0 152 186 0,
PFG_MOEA,784,6,395.13,2342.24,0 134 96 79 13 110 121 28 15 54 45 190 189 72 37 194 122 159 19 139 103 141 125 154 165 153 12 149 177 52 6 63 197 76 65 193 91 148 25 101 83 129 31 150 0,141
PFG_MOEA,785,1,338.66,2384.29,0 51 48 146 78 185 66 7 44 1 59 24 175 77 2 30 144 171 199 116 151 99 60 173 137 85 17 9 162 200 142 120 74 56 111 179 33 4 46 18 132 14 155 97 123 47 62 135 107 156 124 0,
PFG_MOEA,785,2,338.66,2384.29,0 115 43 93 53 86 178 113 100 58 195 166 104 181 160 192 69 70 55 196 119 198 128 98 21 39 0,115 119
PFG_MOEA,785,3,338.66,2384.29,0 64 138 188 114 26 81 10 170 118 157 174 145 88 183 23 147 49 105 102 158 133 161 82 38 140 80 75 168 90 130 92 191 67 169 41 32 94 172 95 68 40 106 163 131 0,147
PFG_MOEA,785,4,338.66,2384.29,0 71 50 8 89 27 184 57 187 22 87 15 54 45 190 103 139 19 159 63 6 52 177 149 12 153 83 152 28 121 110 0,
PFG_MOEA,785,5,338.66,2384.29,0 117 186 134 96 79 13 42 29 164 127 73 3 0,
PFG_MOEA,785,6,338.66,2384.29,0 141 125 154 165 129 180 112 16 108 35 150 31 101 25 148 91 193 122 194 37 72 189 197 76 65 176 84 167 182 34 11 36 109 61 5 143 136 20 126 0,91 108 141
PFG_MOEA,786,1,306.31,2495.58,0 136 20 143 5 61 109 11 36 126 34 112 180 182 167 56 9 137 85 17 162 200 142 120 74 62 135 107 156 124 0,11 126
PFG_MOEA,786,2,306.31,2495.58,0 47 123 97 155 111 179 33 14 132 18 46 4 99 60 173 151 116 199 171 144 30 24 59 1 44 7 2 77 0,99
PFG_MOEA,786,3,306.31,2495.58,0 51 48 146 175 78 185 66 166 195 58 100 113 178 86 104 181 53 93 43 160 192 69 70 55 196 119 198 128 98 21 115 39 64 0,93 181
PFG_MOEA,786,4,306.31,2495.58,0 131 163 106 40 68 95 172 94 32 41 169 67 191 92 130 90 168 75 80 140 38 82 161 133 158 102 105 49 147 23 183 88 145 174 157 118 170 114 188 138 81 26 10 8 50 71 0,80 105
PFG_MOEA,786,5,306.31,2495.58,0 152 83 153 12 149 177 52 6 63 159 19 139 103 190 45 54 15 87 22 187 57 184 27 89 28 121 110 42 29 164 127 73 3 0,149 190
PFG_MOEA,786,6,306.31,2495.58,0 117 13 79 96 134 186 141 125 154 165 129 16 108 35 150 31 101 25 148 91 193 122 194 37 72 189 197 76 65 176 84 0,91 141
PFG_MOEA,787,1,528.52,2327.53,0 124 156 107 126 36 109 11 167 182 34 112 180 176 197 76 65 84 74 120 142 200 162 56 9 17 85 137 173 60 99 151 116 199 30 144 171 4 46 18 132 14 33 179 111 155 97 123 47 62 135 77 2 24 59 1 44 7 195 58 100 113 178 86 104 166 66 181 53 93 160 43 185 78 175 146 192 69 70 55 196 119 198 128 98 21 115 48 51 0,126 182
PFG_MOEA,787,2,528.52,2327.53,0 39 0,39
PFG_MOEA,787,3,528.52,2327.53,0 64 0,
PFG_MOEA,787,4,528.52,2327.53,0 81 71 50 0,
PFG_MOEA,787,5,528.52,2327.53,0 131 163 106 40 130 92 133 161 82 38 140 80 75 168 90 158 102 105 49 147 23 183 88 145 174 157 118 170 10 8 26 114 188 138 0,92 168
PFG_MOEA,787,6,528.52,2327.53,0 136 20 143 61 5 16 108 35 150 31 101 25 148 91 193 122 194 37 72 189 190 45 87 22 187 57 184 27 89 41 169 67 191 32 94 68 95 172 15 54 103 139 19 159 63 6 52 177 149 12 153 83 129 165 154 125 141 186 152 134 96 79 13 28 121 110 42 29 164 127 73 3 117 0,91 141 187
PFG_MOEA,788,1,264.18,3010.24,0 117 16 108 35 150 37 72 87 22 187 57 172 95 184 27 89 41 32 94 191 133 161 82 38 140 80 75 168 105 102 158 90 67 169 68 152 0,94 168
PFG_MOEA,788,2,264.18,3010.24,0 3 31 101 25 148 91 6 52 177 149 190 45 122 76 65 193 176 84 151 116 199 171 4 46 18 132 144 30 109 107 156 124 0,122 149
PFG_MOEA,788,3,264.18,3010.24,0 126 36 11 167 182 34 112 180 194 189 197 74 120 142 200 162 17 85 137 173 60 99 9 56 111 179 33 14 155 97 123 47 62 135 77 0,
PFG_MOEA,788,4,264.18,3010.24,0 24 59 2 1 44 7 195 58 100 113 178 86 104 166 66 93 181 53 192 160 43 185 78 175 131 163 183 23 147 49 130 92 40 106 0,
PFG_MOEA,788,5,264.18,3010.24,0 136 20 143 61 69 70 55 196 119 198 98 128 10 8 145 88 174 157 118 170 114 188 138 26 81 71 50 39 0,136
PFG_MOEA,788,6,264.18,3010.24,0 51 48 146 21 115 64 127 73 164 29 42 110 121 28 15 54 13 79 96 134 186 141 103 139 19 159 63 154 125 165 153 12 83 129 5 0,21 96
PFG_MOEA,789,1,274.07,2785.44,0 112 180 182 74 120 142 200 162 56 9 17 85 137 173 60 99 151 116 199 171 4 46 18 132 14 111 144 30 77 175 24 59 2 1 44 7 160 146 48 51 0,4 162 182
PFG_MOEA,789,2,274.07,2785.44,0 167 78 185 66 166 195 58 100 113 178 86 104 181 53 93 43 192 69 70 55 196 119 198 128 98 21 115 0,104
PFG_MOEA,789,3,274.07,2785.44,0 39 50 71 26 8 10 105 102 158 90 168 75 80 140 38 82 161 133 191 41 89 27 184 172 95 94 32 131 88 145 174 157 118 170 114 188 138 81 64 0,80 94
PFG_MOEA,789,4,274.07,2785.44,0 126 20 136 143 5 61 109 36 11 34 84 176 65 76 139 103 87 22 187 57 183 13 79 96 134 186 141 125 16 117 0,
PFG_MOEA,789,5,274.07,2785.44,0 3 73 127 163 23 147 49 130 92 67 169 68 40 106 29 164 42 110 121 28 15 54 45 190 189 72 152 0,
PFG_MOEA,789,6,274.07,2785.44,0 35 108 129 83 6 52 177 149 12 153 165 154 19 159 63 37 194 122 197 193 91 148 25 101 31 150 62 179 33 155 97 123 47 135 107 156 124 0,91 194
PFG_MOEA,790,1,285.8,2514.54,0 124 156 107 135 62 182 167 47 123 97 155 14 132 18 46 4 33 179 111 56 74 120 142 200 162 17 85 137 9 99 60 173 151 116 199 171 144 30 24 59 0,
PFG_MOEA,790,2,285.8,2514.54,0 51 48 192 69 70 55 160 43 93 53 181 104 86 178 113 100 58 195 166 66 185 78 7 44 1 2 77 175 146 0,78
PFG_MOEA,790,3,285.8,2514.54,0 64 163 131 106 40 68 128 198 119 196 98 21 115 39 0,119
PFG_MOEA,790,4,285.8,2514.54,0 138 88 183 95 172 94 32 41 169 67 191 92 130 90 168 75 80 140 38 82 161 133 158 102 105 49 147 23 145 174 157 118 170 114 188 81 0,80 92 105
PFG_MOEA,790,5,285.8,2514.54,0 117 50 71 26 8 10 89 27 184 57 187 22 87 15 54 45 190 139 19 63 108 125 103 141 186 152 134 96 79 13 28 121 110 42 29 164 127 73 3 0,54 108
PFG_MOEA,790,6,285.8,2514.54,0 136 20 143 5 61 109 36 11 34 112 180 31 150 35 16 129 83 6 52 177 149 12 153 159 154 165 101 25 148 91 193 122 194 37 72 189 197 76 65 176 84 126 0,11 35 194
PFG_MOEA,791,1,279.47,2703.52,0 64 163 131 106 40 68 95 172 94 32 41 67 169 183 88 145 114 188 138 81 26 10 8 50 128 98 198 119 196 55 70 69 192 160 181 53 93 43 21 115 39 0,94 119
PFG_MOEA,791,2,279.47,2703.52,0 117 71 89 27 184 57 187 22 87 15 54 45 190 83 153 12 149 177 52 6 63 159 19 139 103 13 79 96 134 152 28 121 110 42 29 164 127 73 3 0,149
PFG_MOEA,791,3,279.47,2703.52,0 84 176 65 76 197 189 72 37 194 122 193 91 148 25 101 31 150 35 108 16 129 165 154 125 141 186 174 0,91 108
PFG_MOEA,791,4,279.47,2703.52,0 157 130 92 191 133 161 82 38 140 80 75 168 90 158 102 105 49 147 23 170 118 0,92 105 147
PFG_MOEA,791,5,279.47,2703.52,0 124 156 107 135 62 47 123 97 155 111 179 33 14 9 137 85 17 162 200 142 120 74 56 167 182 180 112 34 126 36 11 109 61 5 143 20 136 0,109
PFG_MOEA,791,6,279.47,2703.52,0 51 48 185 66 166 195 58 100 113 178 86 104 78 175 24 59 7 44 1 2 199 116 151 173 60 99 4 46 18 132 171 144 30 77 146 0,78
PFG_MOEA,792,1,325.52,2455.62,0 136 143 61 109 5 182 167 193 176 84 56 111 179 33 14 132 18 46 4 171 144 30 155 97 123 47 135 62 11 36 20 0,
PFG_MOEA,792,2,325.52,2455.62,0 117 124 156 107 77 74 120 142 200 162 9 17 85 137 173 60 99 151 116 199 2 24 59 1 44 7 195 58 100 113 178 86 53 93 181 104 166 66 185 43 78 175 146 48 51 0,78
PFG_MOEA,792,3,325.52,2455.62,0 115 21 160 192 69 70 55 196 119 198 98 128 10 81 188 114 145 88 183 138 39 0,
PFG_MOEA,792,4,325.52,2455.62,0 64 26 174 157 23 147 49 105 102 158 133 161 82 38 140 80 75 168 90 130 92 191 67 169 94 32 41 89 27 184 57 172 95 68 118 170 8 50 71 0,
PFG_MOEA,792,5,325.52,2455.62,0 3 73 127 131 163 106 40 187 22 87 29 164 42 152 186 134 96 79 13 110 121 28 15 54 45 190 189 72 37 194 122 197 65 76 63 159 19 139 103 177 52 6 149 12 153 165 154 125 141 126 0,6 190
PFG_MOEA,792,6,325.52,2455.62,0 34 112 180 31 101 25 148 91 83 129 150 35 108 16 0,34
PFG_MOEA,793,1,395.13,2342.24,0 136 143 20 0,
PFG_MOEA,793,2,395.13,2342.24,0 124 156 107 61 109 135 62 47 123 97 111 155 179 9 137 85 17 162 200 142 120 74 56 167 182 180 112 34 11 36 5 126 0,
PFG_MOEA,793,3,395.13,2342.24,0 51 48 21 98 128 198 119 196 55 70 69 192 160 43 185 66 166 104 181 93 53 86 178 113 100 58 195 7 44 1 59 24 2 199 116 151 173 60 99 4 46 18 132 14 33 171 144 30 77 84 176 35 108 16 117 0,53 181
PFG_MOEA,793,4,395.13,2342.24,0 175 78 146 115 39 64 81 71 50 8 10 26 188 138 114 170 118 157 174 145 23 147 49 105 102 158 133 161 82 38 140 80 75 168 90 130 92 191 67 169 68 95 172 94 32 41 89 27 184 57 187 22 87 106 40 183 88 163 131 164 42 29 127 73 3 0,40 78 87 105
PFG_MOEA,793,5,395.13,2342.24,0 152 186 0,
PFG_MOEA,793,6,395.13,2342.24,0 134 96 79 13 110 121 28 15 54 45 190 189 72 37 194 122 159 19 139 103 141 125 154 165 153 12 149 177 52 6 63 197 76 65 193 91 148 25 101 83 129 31 150 0,141
PFG_MOEA,794,1,338.66,2384.29,0 51 48 146 78 185 66 7 44 1 59 24 175 77 2 30 144 171 199 116 151 99 60 173 137 85 17 9 162 200 142 120 74 56 111 179 33 4 46 18 132 14 155 97 123 47 62 135 107 156 124 0,
PFG_MOEA,794,2,338.66,2384.29,0 115 43 93 53 86 178 113 100 58 195 166 104 181 160 192 69 70 55 196 119 198 128 98 21 39 0,115 119
PFG_MOEA,794,3,338.66,2384.29,0 64 138 188 114 26 81 10 170 118 157 174 145 88 183 23 147 49 105 102 158 133 161 82 38 140 80 75 168 90 130 92 191 67 169 41 32 94 172 95 68 40 106 163 131 0,147
PFG_MOEA,794,4,338.66,2384.29,0 71 50 8 89 27 184 57 187 22 87 15 54 45 190 103 139 19 159 63 6 52 177 149 12 153 83 152 28 121 110 0,
PFG_MOEA,794,5,338.66,2384.29,0 117 186 134 96 79 13 42 29 164 127 73 3 0,
PFG_MOEA,794,6,338.66,2384.29,0 141 125 154 165 129 180 112 16 108 35 150 31 101 25 148 91 193 122 194 37 72 189 197 76 65 176 84 167 182 34 11 36 109 61 5 143 136 20 126 0,91 108 141
PFG_MOEA,795,1,306.31,2495.58,0 136 20 143 5 61 109 11 36 126 34 112 180 182 167 56 9 137 85 17 162 200 142 120 74 62 135 107 156 124 0,11 126
PFG_MOEA,795,2,306.31,2495.58,0 47 123 97 155 111 179 33 14 132 18 46 4 99 60 173 151 116 199 171 144 30 24 59 1 44 7 2 77 0,99
PFG_MOEA,795,3,306.31,2495.58,0 51 48 146 175 78 185 66 166 195 58 100 113 178 86 104 181 53 93 43 160 192 69 70 55 196 119 198 128 98 21 115 39 64 0,93 181
PFG_MOEA,795,4,306.31,2495.58,0 131 163 106 40 68 95 172 94 32 41 169 67 191 92 130 90 168 75 80 140 38 82 161 133 158 102 105 49 147 23 183 88 145 174 157 118 170 114 188 138 81 26 10 8 50 71 0,80 105
PFG_MOEA,795,5,306.31,2495.58,0 152 83 153 12 149 177 52 6 63 159 19 139 103 190 45 54 15 87 22 187 57 184 27 89 28 121 110 42 29 164 127 73 3 0,149 190
PFG_MOEA,795,6,306.31,2495.58,0 117 13 79 96 134 186 141 125 154 165 129 16 108 35 150 31 101 25 148 91 193 122 194 37 72 189 197 76 65 176 84 0,91 141
PFG_MOEA,796,1,528.52,2327.53,0 124 156 107 126 36 109 11 167 182 34 112 180 176 197 76 65 84 74 120 142 200 162 56 9 17 85 137 173 60 99 151 116 199 30 144 171 4 46 18 132 14 33 179 111 155 97 123 47 62 135 77 2 24 59 1 44 7 195 58 100 113 178 86 104 166 66 181 53 93 160 43 185 78 175 146 192 69 70 55 196 119 198 128 98 21 115 48 51 0,126 182
PFG_MOEA,796,2,528.52,2327.53,0 39 0,39
PFG_MOEA,796,3,528.52,2327.53,0 64 0,
PFG_MOEA,796,4,528.52,2327.53,0 81 71 50 0,
PFG_MOEA,796,5,528.52,2327.53,0 131 163 106 40 130 92 133 161 82 38 140 80 75 168 90 158 102 105 49 147 23 183 88 145 174 157 118 170 10 8 26 114 188 138 0,92 168
PFG_MOEA,796,6,528.52,2327.53,0 136 20 143 61 5 16 108 35 150 31 101 25 148 91 193 122 194 37 72 189 190 45 87 22 187 57 184 27 89 41 169 67 191 32 94 68 95 172 15 54 103 139 19 159 63 6 52 177 149 12 153 83 129 165 154 125 141 186 152 134 96 79 13 28 121 110 42 29 164 127 73 3 117 0,91 141 187
PFG_MOEA,797,1,264.18,3010.24,0 117 16 108 35 150 37 72 87 22 187 57 172 95 184 27 89 41 32 94 191 133 161 82 38 140 80 75 168 105 102 158 90 67 169 68 152 0,94 168
PFG_MOEA,797,2,264.18,3010.24,0 3 31 101 25 148 91 6 52 177 149 190 45 122 76 65 193 176 84 151 116 199 171 4 46 18 132 144 30 109 107 156 124 0,122 149
PFG_MOEA,797,3,264.18,3010.24,0 126 36 11 167 182 34 112 180 194 189 197 74 120 142 200 162 17 85 137 173 60 99 9 56 111 179 33 14 155 97 123 47 62 135 77 0,
PFG_MOEA,797,4,264.18,3010.24,0 24 59 2 1 44 7 195 58 100 113 178 86 104 166 66 93 181 53 192 160 43 185 78 175 131 163 183 23 147 49 130 92 40 106 0,
PFG_MOEA,797,5,264.18,3010.24,0 136 20 143 61 69 70 55 196 119 198 98 128 10 8 145 88 174 157 118 170 114 188 138 26 81 71 50 39 0,136
PFG_MOEA,797,6,264.18,3010.24,0 51 48 146 21 115 64 127 73 164 29 42 110 121 28 15 54 13 79 96 134 186 141 103 139 19 159 63 154 125 165 153 12 83 129 5 0,21 96
PFG_MOEA,798,1,274.07,2785.44,0 112 180 182 74 120 142 200 162 56 9 17 85 137 173 60 99 151 116 199 171 4 46 18 132 14 111 144 30 77 175 24 59 2 1 44 7 160 146 48 51 0,4 162 182
PFG_MOEA,798,2,274.07,2785.44,0 167 78 185 66 166 195 58 100 113 178 86 104 181 53 93 43 192 69 70 55 196 119 198 128 98 21 115 0,104
PFG_MOEA,798,3,274.07,2785.44,0 39 50 71 26 8 10 105 102 158 90 168 75 80 140 38 82 161 133 191 41 89 27 184 172 95 94 32 131 88 145 174 157 118 170 114 188 138 81 64 0,80 94
PFG_MOEA,798,4,274.07,2785.44,0 126 20 136 143 5 61 109 36 11 34 84 176 65 76 139 103 87 22 187 57 183 13 79 96 134 186 141 125 16 117 0,
PFG_MOEA,798,5,274.07,2785.44,0 3 73 127 163 23 147 49 130 92 67 169 68 40 106 29 164 42 110 121 28 15 54 45 190 189 72 152 0,
PFG_MOEA,798,6,274.07,2785.44,0 35 108 129 83 6 52 177 149 12 153 165 154 19 159 63 37 194 122 197 193 91 148 25 101 31 150 62 179 33 155 97 123 47 135 107 156 124 0,91 194
PFG_MOEA,799,1,285.8,2514.54,0 124 156 107 135 62 182 167 47 123 97 155 14 132 18 46 4 33 179 111 56 74 120 142 200 162 17 85 137 9 99 60 173 151 116 199 171 144 30 24 59 0,
PFG_MOEA,799,2,285.8,2514.54,0 51 48 192 69 70 55 160 43 93 53 181 104 86 178 113 100 58 195 166 66 185 78 7 44 1 2 77 175 146 0,78
PFG_MOEA,799,3,285.8,2514.54,0 64 163 131 106 40 68 128 198 119 196 98 21 115 39 0,119
PFG_MOEA,799,4,285.8,2514.54,0 138 88 183 95 172 94 32 41 169 67 191 92 130 90 168 75 80 140 38 82 161 133 158 102 105 49 147 23 145 174 157 118 170 114 188 81 0,80 92 105
PFG_MOEA,799,5,285.8,2514.54,0 117 50 71 26 8 10 89 27 184 57 187 22 87 15 54 45 190 139 19 63 108 125 103 141 186 152 134 96 79 13 28 121 110 42 29 164 127 73 3 0,54 108
PFG_MOEA,799,6,285.8,2514.54,0 136 20 143 5 61 109 36 11 34 112 180 31 150 35 16 129 83 6 52 177 149 12 153 159 154 165 101 25 148 91 193 122 194 37 72 189 197 76 65 176 84 126 0,11 35 194
PFG_MOEA,800,1,279.47,2703.52,0 64 163 131 106 40 68 95 172 94 32 41 67 169 183 88 145 114 188 138 81 26 10 8 50 128 98 198 119 196 55 70 69 192 160 181 53 93 43 21 115 39 0,94 119
PFG_MOEA,800,2,279.47,2703.52,0 117 71 89 27 184 57 187 22 87 15 54 45 190 83 153 12 149 177 52 6 63 159 19 139 103 13 79 96 134 152 28 121 110 42 29 164 127 73 3 0,149
PFG_MOEA,800,3,279.47,2703.52,0 84 176 65 76 197 189 72 37 194 122 193 91 148 25 101 31 150 35 108 16 129 165 154 125 141 186 174 0,91 108
PFG_MOEA,800,4,279.47,2703.52,0 157 130 92 191 133 161 82 38 140 80 75 168 90 158 102 105 49 147 23 170 118 0,92 105 147
PFG_MOEA,800,5,279.47,2703.52,0 124 156 107 135 62 47 123 97 155 111 179 33 14 9 137 85 17 162 200 142 120 74 56 167 182 180 112 34 126 36 11 109 61 5 143 20 136 0,109
PFG_MOEA,800,6,279.47,2703.52,0 51 48 185 66 166 195 58 100 113 178 86 104 78 175 24 59 7 44 1 2 199 116 151 173 60 99 4 46 18 132 171 144 30 77 146 0,78
PFG_MOEA,801,1,325.52,2455.62,0 136 143 61 109 5 182 167 193 176 84 56 111 179 33 14 132 18 46 4 171 144 30 155 97 123 47 135 62 11 36 20 0,
PFG_MOEA,801,2,325.52,2455.62,0 117 124 156 107 77 74 120 142 200 162 9 17 85 137 173 60 99 151 116 199 2 24 59 1 44 7 195 58 100 113 178 86 53 93 181 104 166 66 185 43 78 175 146 48 51 0,78
PFG_MOEA,801,3,325.52,2455.62,0 115 21 160 192 69 70 55 196 119 198 98 128 10 81 188 114 145 88 183 138 39 0,
PFG_MOEA,801,4,325.52,2455.62,0 64 26 174 157 23 147 49 105 102 158 133 161 82 38 140 80 75 168 90 130 92 191 67 169 94 32 41 89 27 184 57 172 95 68 118 170 8 50 71 0,
PFG_MOEA,801,5,325.52,2455.62,0 3 73 127 131 163 106 40 187 22 87 29 164 42 152 186 134 96 79 13 110 121 28 15 54 45 190 189 72 37 194 122 197 65 76 63 159 19 139 103 177 52 6 149 12 153 165 154 125 141 126 0,6 190
PFG_MOEA,801,6,325.52,2455.62,0 34 112 180 31 101 25 148 91 83 129 150 35 108 16 0,34
PFG_MOEA,802,1,395.13,2342.24,0 136 143 20 0,
PFG_MOEA,802,2,395.13,2342.24,0 124 156 107 61 109 135 62 47 123 97 111 155 179 9 137 85 17 162 200 142 120 74 56 167 182 180 112 34 11 36 5 126 0,
PFG_MOEA,802,3,395.13,2342.24,0 51 48 21 98 128 198 119 196 55 70 69 192 160 43 185 66 166 104 181 93 53 86 178 113 100 58 195 7 44 1 59 24 2 199 116 151 173 60 99 4 46 18 132 14 33 171 144 30 77 84 176 35 108 16 117 0,53 181
PFG_MOEA,802,4,395.13,2342.24,0 175 78 146 115 39 64 81 71 50 8 10 26 188 138 114 170 118 157 174 145 23 147 49 105 102 158 133 161 82 38 140 80 75 168 90 130 92 191 67 169 68 95 172 94 32 41 89 27 184 57 187 22 87 106 40 183 88 163 131 164 42 29 127 73 3 0,40 78 87 105
PFG_MOEA,802,5,395.13,2342.24,0 152 186 0,
PFG_MOEA,802,6,395.13,2342.24,0 134 96 79 13 110 121 28 15 54 45 190 189 72 37 194 122 159 19 139 103 141 125 154 165 153 12 149 177 52 6 63 197 76 65 193 91 148 25 101 83 129 31 150 0,141
PFG_MOEA,803,1,338.66,2384.29,0 51 48 146 78 185 66 7 44 1 59 24 175 77 2 30 144 171 199 116 151 99 60 173 137 85 17 9 162 200 142 120 74 56 111 179 33 4 46 18 132 14 155 97 123 47 62 135 107 156 124 0,
PFG_MOEA,803,2,338.66,2384.29,0 115 43 93 53 86 178 113 100 58 195 166 104 181 160 192 69 70 55 196 119 198 128 98 21 39 0,115 119
PFG_MOEA,803,3,338.66,2384.29,0 64 138 188 114 26 81 10 170 118 157 174 145 88 183 23 147 49 105 102 158 133 161 82 38 140 80 75 168 90 130 92 191 67 169 41 32 94 172 95 68 40 106 163 131 0,147
PFG_MOEA,803,4,338.66,2384.29,0 71 50 8 89 27 184 57 187 22 87 15 54 45 190 103 139 19 159 63 6 52 177 149 12 153 83 152 28 121 110 0,
PFG_MOEA,803,5,338.66,2384.29,0 117 186 134 96 79 13 42 29 164 127 73 3 0,
PFG_MOEA,803,6,338.66,2384.29,0 141 125 154 165 129 180 112 16 108 35 150 31 101 25 148 91 193 122 194 37 72 189 197 76 65 176 84 167 182 34 11 36 109 61 5 143 136 20 126 0,91 108 141
PFG_MOEA,804,1,306.31,2495.58,0 136 20 143 5 61 109 11 36 126 34 112 180 182 167 56 9 137 85 17 162 200 142 120 74 62 135 107 156 124 0,11 126
PFG_MOEA,804,2,306.31,2495.58,0 47 123 97 155 111 179 33 14 132 18 46 4 99 60 173 151 116 199 171 144 30 24 59 1 44 7 2 77 0,99
PFG_MOEA,804,3,306.31,2495.58,0 51 48 146 175 78 185 66 166 195 58 100 113 178 86 104 181 53 93 43 160 192 69 70 55 196 119 198 128 98 21 115 39 64 0,93 181
PFG_MOEA,804,4,306.31,2495.58,0 131 163 106 40 68 95 172 94 32 41 169 67 191 92 130 90 168 75 80 140 38 82 161 133 158 102 105 49 147 23 183 88 145 174 157 118 170 114 188 138 81 26 10 8 50 71 0,80 105
PFG_MOEA,804,5,306.31,2495.58,0 152 83 153 12 149 177 52 6 63 159 19 139 103 190 45 54 15 87 22 187 57 184 27 89 28 121 110 42 29 164 127 73 3 0,149 190
PFG_MOEA,804,6,306.31,2495.58,0 117 13 79 96 134 186 141 125 154 165 129 16 108 35 150 31 101 25 148 91 193 122 194 37 72 189 197 76 65 176 84 0,91 141
PFG_MOEA,805,1,528.52,2327.53,0 124 156 107 126 36 109 11 167 182 34 112 180 176 197 76 65 84 74 120 142 200 162 56 9 17 85 137 173 60 99 151 116 199 30 144 171 4 46 18 132 14 33 179 111 155 97 123 47 62 135 77 2 24 59 1 44 7 195 58 100 113 178 86 104 166 66 181 53 93 160 43 185 78 175 146 192 69 70 55 196 119 198 128 98 21 115 48 51 0,126 182
PFG_MOEA,805,2,528.52,2327.53,0 39 0,39
PFG_MOEA,805,3,528.52,2327.53,0 64 0,
PFG_MOEA,805,4,528.52,2327.53,0 81 71 50 0,
PFG_MOEA,805,5,528.52,2327.53,0 131 163 106 40 130 92 133 161 82 38 140 80 75 168 90 158 102 105 49 147 23 183 88 145 174 157 118 170 10 8 26 114 188 138 0,92 168
PFG_MOEA,805,6,528.52,2327.53,0 136 20 143 61 5 16 108 35 150 31 101 25 148 91 193 122 194 37 72 189 190 45 87 22 187 57 184 27 89 41 169 67 191 32 94 68 95 172 15 54 103 139 19 159 63 6 52 177 149 12 153 83 129 165 154 125 141 186 152 134 96 79 13 28 121 110 42 29 164 127 73 3 117 0,91 141 187
PFG_MOEA,806,1,264.18,3010.24,0 117 16 108 35 150 37 72 87 22 187 57 172 95 184 27 89 41 32 94 191 133 161 82 38 140 80 75 168 105 102 158 90 67 169 68 152 0,94 168
PFG_MOEA,806,2,264.18,3010.24,0 3 31 101 25 148 91 6 52 177 149 190 45 122 76 65 193 176 84 151 116 199 171 4 46 18 132 144 30 109 107 156 124 0,122 149
PFG_MOEA,806,3,264.18,3010.24,0 126 36 11 167 182 34 112 180 194 189 197 74 120 142 200 162 17 85 137 173 60 99 9 56 111 179 33 14 155 97 123 47 62 135 77 0,
PFG_MOEA,806,4,264.18,3010.24,0 24 59 2 1 44 7 195 58 100 113 178 86 104 166 66 93 181 53 192 160 43 185 78 175 131 163 183 23 147 49 130 92 40 106 0,
PFG_MOEA,806,5,264.18,3010.24,0 136 20 143 61 69 70 55 196 119 198 98 128 10 8 145 88 174 157 118 170 114 188 138 26 81 71 50 39 0,136
PFG_MOEA,806,6,264.18,3010.24,0 51 48 146 21 115 64 127 73 164 29 42 110 121 28 15 54 13 79 96 134 186 141 103 139 19 159 63 154 125 165 153 12 83 129 5 0,21 96
PFG_MOEA,807,1,274.07,2785.44,0 112 180 182 74 120 142 200 162 56 9 17 85 137 173 60 99 151 116 199 171 4 46 18 132 14 111 144 30 77 175 24 59 2 1 44 7 160 146 48 51 0,4 162 182
PFG_MOEA,807,2,274.07,2785.44,0 167 78 185 66 166 195 58 100 113 178 86 104 181 53 93 43 192 69 70 55 196 119 198 128 98 21 115 0,104
PFG_MOEA,807,3,274.07,2785.44,0 39 50 71 26 8 10 105 102 158 90 168 75 80 140 38 82 161 133 191 41 89 27 184 172 95 94 32 131 88 145 174 157 118 170 114 188 138 81 64 0,80 94
PFG_MOEA,807,4,274.07,2785.44,0 126 20 136 143 5 61 109 36 11 34 84 176 65 76 139 103 87 22 187 57 183 13 79 96 134 186 141 125 16 117 0,
PFG_MOEA,807,5,274.07,2785.44,0 3 73 127 163 23 147 49 130 92 67 169 68 40 106 29 164 42 110 121 28 15 54 45 190 189 72 152 0,
PFG_MOEA,807,6,274.07,2785.44,0 35 108 129 83 6 52 177 149 12 153 165 154 19 159 63 37 194 122 197 193 91 148 25 101 31 150 62 179 33 155 97 123 47 135 107 156 124 0,91 194
PFG_MOEA,808,1,285.8,2514.54,0 124 156 107 135 62 182 167 47 123 97 155 14 132 18 46 4 33 179 111 56 74 120 142 200 162 17 85 137 9 99 60 173 151 116 199 171 144 30 24 59 0,
PFG_MOEA,808,2,285.8,2514.54,0 51 48 192 69 70 55 160 43 93 53 181 104 86 178 113 100 58 195 166 66 185 78 7 44 1 2 77 175 146 0,78
PFG_MOEA,808,3,285.8,2514.54,0 64 163 131 106 40 68 128 198 119 196 98 21 115 39 0,119
PFG_MOEA,808,4,285.8,2514.54,0 138 88 183 95 172 94 32 41 169 67 191 92 130 90 168 75 80 140 38 82 161 133 158 102 105 49 147 23 145 174 157 118 170 114 188 81 0,80 92 105
PFG_MOEA,808,5,285.8,2514.54,0 117 50 71 26 8 10 89 27 184 57 187 22 87 15 54 45 190 139 19 63 108 125 103 141 186 152 134 96 79 13 28 121 110 42 29 164 127 73 3 0,54 108
PFG_MOEA,808,6,285.8,2514.54,0 136 20 143 5 61 109 36 11 34 112 180 31 150 35 16 129 83 6 52 177 149 12 153 159 154 165 101 25 148 91 193 122 194 37 72 189 197 76 65 176 84 126 0,11 35 194
PFG_MOEA,809,1,279.47,2703.52,0 64 163 131 106 40 68 95 172 94 32 41 67 169 183 88 145 114 188 138 81 26 10 8 50 128 98 198 119 196 55 70 69 192 160 181 53 93 43 21 115 39 0,94 119
PFG_MOEA,809,2,279.47,2703.52,0 117 71 89 27 184 57 187 22 87 15 54 45 190 83 153 12 149 177 52 6 63 159 19 139 103 13 79 96 134 152 28 121 110 42 29 164 127 73 3 0,149
PFG_MOEA,809,3,279.47,2703.52,0 84 176 65 76 197 189 72 37 194 122 193 91 148 25 101 31 150 35 108 16 129 165 154 125 141 186 174 0,91 108
PFG_MOEA,809,4,279.47,2703.52,0 157 130 92 191 133 161 82 38 140 80 75 168 90 158 102 105 49 147 23 170 118 0,92 105 147
PFG_MOEA,809,5,279.47,2703.52,0 124 156 107 135 62 47 123 97 155 111 179 33 14 9 137 85 17 162 200 142 120 74 56 167 182 180 112 34 126 36 11 109 61 5 143 20 136 0,109
PFG_MOEA,809,6,279.47,2703.52,0 51 48 185 66 166 195 58 100 113 178 86 104 78 175 24 59 7 44 1 2 199 116 151 173 60 99 4 46 18 132 171 144 30 77 146 0,78
PFG_MOEA,810,1,325.52,2455.62,0 136 143 61 109 5 182 167 193 176 84 56 111 179 33 14 132 18 46 4 171 144 30 155 97 123 47 135 62 11 36 20 0,
PFG_MOEA,810,2,325.52,2455.62,0 117 124 156 107 77 74 120 142 200 162 9 17 85 137 173 60 99 151 116 199 2 24 59 1 44 7 195 58 100 113 178 86 53 93 181 104 166 66 185 43 78 175 146 48 51 0,78
PFG_MOEA,810,3,325.52,2455.62,0 115 21 160 192 69 70 55 196 119 198 98 128 10 81 188 114 145 88 183 138 39 0,
PFG_MOEA,810,4,325.52,2455.62,0 64 26 174 157 23 147 49 105 102 158 133 161 82 38 140 80 75 168 90 130 92 191 67 169 94 32 41 89 27 184 57 172 95 68 118 170 8 50 71 0,
PFG_MOEA,810,5,325.52,2455.62,0 3 73 127 131 163 106 40 187 22 87 29 164 42 152 186 134 96 79 13 110 121 28 15 54 45 190 189 72 37 194 122 197 65 76 63 159 19 139 103 177 52 6 149 12 153 165 154 125 141 126 0,6 190
PFG_MOEA,810,6,325.52,2455.62,0 34 112 180 31 101 25 148 91 83 129 150 35 108 16 0,34
PFG_MOEA,811,1,395.13,2342.24,0 136 143 20 0,
PFG_MOEA,811,2,395.13,2342.24,0 124 156 107 61 109 135 62 47 123 97 111 155 179 9 137 85 17 162 200 142 120 74 56 167 182 180 112 34 11 36 5 126 0,
PFG_MOEA,811,3,395.13,2342.24,0 51 48 21 98 128 198 119 196 55 70 69 192 160 43 185 66 166 104 181 93 53 86 178 113 100 58 195 7 44 1 59 24 2 199 116 151 173 60 99 4 46 18 132 14 33 171 144 30 77 84 176 35 108 16 117 0,53 181
PFG_MOEA,811,4,395.13,2342.24,0 175 78 146 115 39 64 81 71 50 8 10 26 188 138 114 170 118 157 174 145 23 147 49 105 102 158 133 161 82 38 140 80 75 168 90 130 92 191 67 169 68 95 172 94 32 41 89 27 184 57 187 22 87 106 40 183 88 163 131 164 42 29 127 73 3 0,40 78 87 105
PFG_MOEA,811,5,395.13,2342.24,0 152 186 0,
PFG_MOEA,811,6,395.13,2342.24,0 134 96 79 13 110 121 28 15 54 45 190 189 72 37 194 122 159 19 139 103 141 125 154 165 153 12 149 177 52 6 63 197 76 65 193 91 148 25 101 83 129 31 150 0,141
PFG_MOEA,812,1,338.66,2384.29,0 51 48 146 78 185 66 7 44 1 59 24 175 77 2 30 144 171 199 116 151 99 60 173 137 85 17 9 162 200 142 120 74 56 111 179 33 4 46 18 132 14 155 97 123 47 62 135 107 156 124 0,
PFG_MOEA,812,2,338.66,2384.29,0 115 43 93 53 86 178 113 100 58 195 166 104 181 160 192 69 70 55 196 119 198 128 98 21 39 0,115 119
PFG_MOEA,812,3,338.66,2384.29,0 64 138 188 114 26 81 10 170 118 157 174 145 88 183 23 147 49 105 102 158 133 161 82 38 140 80 75 168 90 130 92 191 67 169 41 32 94 172 95 68 40 106 163 131 0,147
PFG_MOEA,812,4,338.66,2384.29,0 71 50 8 89 27 184 57 187 22 87 15 54 45 190 103 139 19 159 63 6 52 177 149 12 153 83 152 28 121 110 0,
PFG_MOEA,812,5,338.66,2384.29,0 117 186 134 96 79 13 42 29 164 127 73 3 0,
PFG_MOEA,812,6,338.66,2384.29,0 141 125 154 165 129 180 112 16 108 35 150 31 101 25 148 91 193 122 194 37 72 189 197 76 65 176 84 167 182 34 11 36 109 61 5 143 136 20 126 0,91 108 141
